domain,date_collected,domain_length,shannon_entropy,digit_ratio,hyphen_count,vowel_consonant_ratio,ngram_score,tld_risk_category,typosquatting_similarity,longest_consonant_run,unique_char_ratio,resolves_flag,rcode,num_a_records,min_ttl,mx_count,num_ns,has_spf,cname_present,num_aaaa_records,asn,geo_country,ptr_present,registrar,domain_age_days,registration_duration_days,privacy_protection_flag,abuseipdb_score,spamhaus_zen_listed,spamhaus_dbl_listed,mx_spamhaus_zen_listed,label,label_reason
artcrafttrove.com,2026-07-26,17,2.8150724101159437,0.0,0,0.4444444444444444,-7.094978260869564,low,0.5,4,0.6153846153846154,True,NOERROR,2,300,0,2,False,False,2,13335,US,False,"Gransy, s.r.o.",4,365,False,0,False,False,,benign,no_adverse_signal
scarletjam.info,2026-07-26,15,3.121928094887362,0.0,0,0.42857142857142855,-7.217082352941176,medium,0.5263,2,0.9,True,NOERROR,2,300,0,2,False,False,0,13335,US,False,,,,,0,False,False,,benign,no_adverse_signal
headaistarlab.org,2026-07-26,17,3.085055102756477,0.0,0,0.8571428571428571,-6.399269565217391,low,0.56,2,0.7692307692307693,True,NOERROR,2,30,0,4,False,False,0,,US,False,Porkbun LLC,382,730,False,3,False,False,,benign,no_adverse_signal
llibre.ru,2026-07-26,9,2.2516291673878226,0.0,0,0.5,-6.628633333333333,low,0.6,2,0.8333333333333334,True,NOERROR,1,600,2,6,True,False,0,198610,RU,True,DOMAINSHOP-RU,4,365,False,0,False,False,False,benign,no_adverse_signal
bt222gate.com,2026-07-26,13,2.4193819456463714,0.23076923076923078,0,0.5,-9.25986,low,0.4444,2,0.6666666666666666,True,NOERROR,2,300,0,2,False,False,2,13335,US,False,Dynadot Inc,4,365,False,0,False,False,,benign,no_adverse_signal
themindroguesociety.com,2026-07-26,23,3.6818808028034016,0.0,0,0.7272727272727273,-6.8688142857142855,low,0.5,3,0.7368421052631579,True,NOERROR,2,600,0,2,False,False,0,16509,US,True,"GoDaddy.com, LLC",4,365,True,34,False,False,,benign,no_adverse_signal
zucbf500wgzuc25162qrjtj.com.cn,2026-07-26,30,3.914866303883101,0.26666666666666666,0,0.15384615384615385,-11.363644186046512,low,0.2759,5,0.6956521739130435,True,NOERROR,1,300,0,2,False,False,0,132839,HK,False,北京新网数码信息技术有限公司,5,365,False,0,False,False,,benign,no_adverse_signal
link152top.live,2026-07-26,15,3.321928094887362,0.2,0,0.4,-8.88699411764706,low,0.625,2,1.0,True,NOERROR,2,300,0,2,False,False,2,13335,US,False,,,,False,0,False,False,,benign,no_adverse_signal
catbaloo.com,2026-07-26,12,2.5,0.0,0,1.0,-6.670176923076923,low,0.5714,2,0.75,True,NOERROR,1,14400,3,2,True,False,0,22612,US,True,NAMECHEAP INC,4,365,True,0,False,False,False,benign,no_adverse_signal
565541.com,2026-07-26,10,1.7924812503605778,0.6,0,0.0,-10.999833333333335,low,0.2667,0,0.6666666666666666,True,NOERROR,1,300,0,2,False,False,0,54801,HK,False,Realtime Register B.V.,4,365,False,0,False,True,,malicious,spamhaus_dbl
myislamlove.com,2026-07-26,15,3.0957952550009344,0.0,0,0.5714285714285714,-7.539326315789474,low,0.5,2,0.8181818181818182,True,NOERROR,1,3600,2,2,True,False,0,34619,TR,True,Nics Telekomunikasyon A.S.,4,365,True,0,False,False,False,benign,no_adverse_signal
chare-gonghai710.com.cn,2026-07-26,23,3.625,0.13043478260869565,1,0.7142857142857143,-7.996941379310345,low,0.4615,3,0.8125,True,NOERROR,1,600,0,2,False,False,0,58658,BR,False,北京新网数码信息技术有限公司,8,365,False,0,False,False,,benign,no_adverse_signal
open-weightai.com,2026-07-26,17,3.3927474104487847,0.0,1,1.0,-7.338660869565217,low,0.6316,3,0.8461538461538461,True,NOERROR,1,300,0,2,False,False,0,396982,US,True,UnstoppableUS4 LLC,4,365,False,0,False,False,,benign,no_adverse_signal
orbitdaily.news,2026-07-26,15,3.121928094887362,0.0,0,0.6666666666666666,-7.130382352941176,low,0.5,2,0.9,True,NOERROR,1,3600,0,2,False,False,0,397273,US,False,,,,,25,False,False,,benign,no_adverse_signal
shelfstock.in,2026-07-26,13,3.121928094887362,0.0,0,0.25,-7.144905882352941,low,0.5556,4,0.9,True,NOERROR,2,600,0,2,False,False,0,16509,US,True,"GoDaddy.com, LLC",8,365,False,46,False,False,,benign,no_adverse_signal
101.football,2026-07-26,12,0.9182958340544896,0.25,0,0.0,-8.668833333333334,low,0.3333,0,0.6666666666666666,True,NOERROR,2,1800,0,2,False,False,0,16509,US,False,,,,,0,False,False,,benign,no_adverse_signal
alakalyanam832.help,2026-07-26,19,2.835237745312118,0.15789473684210525,0,0.8333333333333334,-8.068328000000001,low,0.4444,2,0.6428571428571429,False,NXDOMAIN,0,,0,0,False,False,0,,,,"GMO Internet, Inc.",4,365,True,,,False,,benign,no_adverse_signal
reddaro.de,2026-07-26,10,2.2359263506290326,0.0,0,0.75,-6.7727,low,0.6154,2,0.7142857142857143,True,NOERROR,1,3600,2,4,True,False,0,24940,DE,True,,,,False,0,False,False,False,benign,no_adverse_signal
sb24login.app,2026-07-26,13,3.169925001442312,0.15384615384615385,0,0.4,-8.876633333333332,low,0.5,2,1.0,True,NOERROR,2,300,0,2,False,False,2,13335,US,False,,,,False,0,False,False,,benign,no_adverse_signal
tes.live,2026-07-26,8,1.584962500721156,0.0,0,0.5,-5.485033333333334,low,0.6667,1,1.0,True,NOERROR,2,600,0,2,False,False,0,16509,US,True,,,,False,34,False,False,,benign,no_adverse_signal
nalaritma.my.id,2026-07-26,15,2.6416041678685933,0.0,0,0.8,-6.324693333333333,low,0.625,2,0.7777777777777778,True,NOERROR,1,3600,1,3,True,False,0,139456,ID,True,,,,False,0,True,False,True,malicious,spamhaus_zen
garggarmentstore.shop,2026-07-26,21,3.0306390622295662,0.0,0,0.45454545454545453,-6.641755172413792,low,0.4828,4,0.5625,True,NOERROR,1,1800,0,2,False,False,1,47583,IN,False,,,,False,1,False,False,,benign,no_adverse_signal
denemebonuslaritv.com,2026-07-26,21,3.690116517593666,0.0,0,0.7,-6.832235483870967,low,0.4667,2,0.8235294117647058,True,NOERROR,1,1799,5,2,True,False,0,58087,DE,True,NAMECHEAP INC,4,365,True,0,False,False,False,benign,no_adverse_signal
vipluck-casino-deutschland.com,2026-07-26,30,3.902174814211728,0.0,2,0.5,-7.151134693877551,low,0.4,5,0.6153846153846154,True,NOERROR,2,300,0,2,False,False,2,13335,US,False,"Spaceship, Inc.",4,365,False,0,False,False,,benign,no_adverse_signal
123567.club,2026-07-26,11,2.584962500721156,0.5454545454545454,0,0.0,-10.237733333333333,low,0.4444,0,1.0,True,NOERROR,2,3600,0,2,False,False,0,16509,US,True,"GoDaddy.com, LLC",4,365,True,18,False,False,,benign,no_adverse_signal
legacytexastitleclosing.homes,2026-07-26,29,3.4685766296878655,0.0,0,0.5333333333333333,-6.8423209302325585,low,0.4706,3,0.5217391304347826,True,NOERROR,1,1800,3,2,True,False,0,22612,US,False,NAMECHEAP INC,4,365,True,0,False,False,False,benign,no_adverse_signal
tadaprintables.com,2026-07-26,18,3.3248629576173574,0.0,0,0.5555555555555556,-6.36956,low,0.5217,2,0.7857142857142857,False,NXDOMAIN,0,,0,0,False,False,0,,,,,,,,,,False,,benign,no_adverse_signal
wp-debab.com,2026-07-26,12,2.75,0.0,1,0.4,-7.990761538461538,low,0.5714,2,0.875,True,NOERROR,4,60,0,4,False,False,8,16509,US,True,"Gabia, Inc.",3,365,False,0,False,False,,benign,no_adverse_signal
codiyoutsu.de,2026-07-26,13,2.9219280948873623,0.0,0,1.0,-7.334470588235294,low,0.6667,2,0.8,True,NOERROR,4,30,0,2,False,False,8,213230,US,True,,,,False,0,False,False,,benign,no_adverse_signal
dispatcher.do,2026-07-26,13,3.321928094887362,0.0,0,0.42857142857142855,-6.3933294117647055,low,0.6316,3,1.0,True,NOERROR,2,300,0,2,False,False,2,13335,US,False,Registrar NIC .DO (midominio.do),4,365,True,0,False,False,,benign,no_adverse_signal
variete-de-saveurs.fr,2026-07-26,21,3.169925001442312,0.0,2,1.0,-7.17599393939394,low,0.5333,2,0.5555555555555556,True,NOERROR,1,3600,4,2,True,False,0,16276,FR,True,OVH,3,1095,False,15,False,False,False,benign,no_adverse_signal
ladoci.com,2026-07-26,10,2.584962500721156,0.0,0,1.0,-6.691811111111111,low,0.6667,1,1.0,True,NOERROR,1,600,0,2,False,False,0,13335,US,False,Alibaba Cloud Computing Ltd. d/b/a HiChina (www.net.cn),4,365,False,0,False,False,,benign,no_adverse_signal
bjie.tech,2026-07-26,9,2.0,0.0,0,1.0,-9.21546,low,0.5714,2,1.0,True,NOERROR,2,300,0,2,False,False,2,13335,US,False,Dynadot Inc,4,365,False,0,False,False,,benign,no_adverse_signal
moveway.co,2026-07-26,10,2.807354922057604,0.0,0,0.75,-7.005645454545455,low,0.5455,1,1.0,True,NOERROR,2,300,1,2,True,False,2,13335,US,False,NAMECHEAP INC,8,365,True,0,False,False,False,benign,no_adverse_signal
schoolff.org,2026-07-26,12,2.5,0.0,0,0.3333333333333333,-7.34633076923077,low,0.5333,3,0.75,True,NOERROR,4,14400,0,4,True,False,0,53831,US,False,Squarespace Domains LLC,4,365,True,30,False,False,,benign,no_adverse_signal
hexalionia.website,2026-07-26,18,2.9219280948873623,0.0,0,1.5,-6.832417647058824,low,0.5333,1,0.8,True,NOERROR,2,300,0,2,False,False,2,13335,US,False,NAMECHEAP INC,4,365,True,0,False,False,,benign,no_adverse_signal
kf74.xyz,2026-07-26,8,2.0,0.25,0,0.0,-11.659020000000002,high,0.2857,2,1.0,False,timeout,0,,0,0,False,False,0,,,,"Name.com, Inc.",4,365,True,,,False,,benign,no_adverse_signal
hrxx.net,2026-07-26,8,1.5,0.0,0,0.0,-9.94516,low,0.4444,4,0.75,False,NXDOMAIN,0,,0,0,False,False,0,,,,,,,,,,False,,benign,no_adverse_signal
cetin52.xyz,2026-07-26,11,2.807354922057604,0.18181818181818182,0,0.6666666666666666,-8.249836363636364,high,0.5,1,1.0,True,NOERROR,2,6,0,4,False,False,0,,US,False,Porkbun LLC,382,730,False,3,False,False,,benign,no_adverse_signal
andyspizza.org,2026-07-26,14,2.9219280948873623,0.0,0,0.42857142857142855,-7.6512,low,0.5333,5,0.8,True,NOERROR,4,14400,1,4,True,False,0,53831,US,False,Squarespace Domains II LLC,4,365,True,30,False,False,False,benign,no_adverse_signal
alchimistesduverbe.com,2026-07-26,22,3.6835423624332306,0.0,0,0.6363636363636364,-7.094260606060606,low,0.5,3,0.7777777777777778,True,NOERROR,2,10800,2,2,True,False,2,14618,US,True,DropCatch.com 841 LLC,4,365,True,0,False,False,False,benign,no_adverse_signal
liftmove.in,2026-07-26,11,3.0,0.0,0,0.6,-7.1941,low,0.6667,3,1.0,True,NOERROR,2,3600,0,2,False,False,0,16509,US,True,"GoDaddy.com, LLC",6,1096,False,21,False,False,,benign,no_adverse_signal
studio-legale-avv.com,2026-07-26,21,3.4992275471326932,0.0,2,0.875,-7.447435483870968,low,0.4444,2,0.7058823529411765,True,NOERROR,1,3600,1,3,True,False,0,396982,NL,True,Hosting Concepts B.V. d/b/a Registrar.eu,4,365,True,0,False,False,False,benign,no_adverse_signal
test-theofad.it,2026-07-26,15,3.0220552088742,0.0,1,0.5714285714285714,-7.210466666666667,low,0.48,2,0.75,True,NOERROR,1,3600,3,2,True,False,0,16276,FR,True,OVH,5,364,True,0,False,False,False,benign,no_adverse_signal
wdmzbyp.top,2026-07-26,11,2.807354922057604,0.0,0,0.0,-10.435672727272728,high,0.4615,7,1.0,False,NOERROR,0,,0,2,False,False,0,,,,"GoDaddy.com, LLC",4,365,True,,,False,,benign,no_adverse_signal
techdizayn.net,2026-07-26,14,3.321928094887362,0.0,0,0.42857142857142855,-7.668176470588236,low,0.5714,3,1.0,True,NOERROR,1,14400,1,4,False,False,0,42846,TR,True,ODTU Gelistirme Vakfi Bilgi Teknolojileri Sanayi Ve Ticaret Anonim Sirketi,5,365,True,2,False,False,False,benign,no_adverse_signal
199910aaa.com,2026-07-26,13,1.8910611120726526,0.46153846153846156,0,3.0,-9.936786666666668,low,0.4,0,0.4444444444444444,True,NOERROR,8,7,0,2,False,False,0,7536,TW,False,"GoDaddy.com, LLC",4,365,True,0,False,False,,benign,no_adverse_signal
levoitapparel.shop,2026-07-26,18,3.085055102756477,0.0,0,0.8571428571428571,-6.698065217391304,low,0.5217,2,0.6923076923076923,False,timeout,0,,0,0,False,False,0,,,,,,,False,,,False,,benign,no_adverse_signal
betterfuturesdogrescue.org,2026-07-26,26,3.1924178467769684,0.0,0,0.6923076923076923,-6.872787804878048,low,0.4571,2,0.5,True,NOERROR,1,300,0,4,False,False,0,33724,US,True,Porkbun LLC,3,365,False,0,False,False,,benign,no_adverse_signal
selfcompassionateprofessor.org,2026-07-26,30,3.4556501805795428,0.0,0,0.625,-6.7956040816326535,low,0.4571,3,0.5,True,NOERROR,1,7200,0,2,False,False,0,40034,VG,False,"Network Solutions, LLC",4,365,True,0,False,False,,benign,no_adverse_signal
mezhdunarodnyevoditelskieprava.ru,2026-07-26,33,3.9898980954642873,0.0,0,0.6666666666666666,-7.616114035087719,low,0.3721,3,0.6,True,NOERROR,1,3600,1,0,False,False,0,48287,RU,True,RU-CENTER-RU,5,365,False,0,False,False,False,benign,no_adverse_signal
ppelx.website,2026-07-26,13,1.9219280948873623,0.0,0,0.25,-7.972500000000001,low,0.6,2,0.8,True,NOERROR,2,15,0,4,False,False,0,,US,False,Porkbun LLC,381,730,False,3,False,False,,benign,no_adverse_signal
remotescriptvault.my.id,2026-07-26,23,3.572469458770136,0.0,0,0.5454545454545454,-7.0704806451612905,low,0.5,3,0.7647058823529411,False,NOERROR,0,,0,2,False,False,0,,,,,,,False,,,False,,benign,no_adverse_signal
peptera.net,2026-07-26,11,2.2359263506290326,0.0,0,0.75,-6.654581818181819,low,0.6667,2,0.7142857142857143,True,NOERROR,1,21600,0,2,False,False,0,16509,US,True,"TUCOWS.COM, CO.",374,730,True,0,False,False,,benign,no_adverse_signal
b81mrgpt.cfd,2026-07-26,12,3.0,0.16666666666666666,0,0.0,-10.913484615384617,low,0.5,5,1.0,False,NOERROR,0,,0,2,False,False,0,,,,"GMO Internet, Inc.",4,365,True,,,False,,benign,no_adverse_signal
gramiva.in,2026-07-26,10,2.5216406363433186,0.0,0,0.75,-6.896581818181819,low,0.6667,2,0.8571428571428571,True,NOERROR,2,3600,0,2,False,False,0,16509,US,True,"GoDaddy.com, LLC",4,1096,False,18,False,False,,benign,no_adverse_signal
vinhosubstantivofeminino.com.br,2026-07-26,31,3.4701755214643453,0.0,0,0.7142857142857143,-6.8280199999999995,low,0.4444,3,0.5416666666666666,True,NOERROR,2,60,2,2,True,False,2,47583,DE,False,,6,731,False,2,False,False,False,benign,no_adverse_signal
aicitations.shop,2026-07-26,16,2.663532754804255,0.0,0,1.2,-6.100957894736842,low,0.6364,2,0.6363636363636364,True,NOERROR,2,600,0,2,False,False,0,16509,US,True,,,,False,46,False,False,,benign,no_adverse_signal
radarpresse.com,2026-07-26,15,2.481714572986073,0.0,0,0.5714285714285714,-6.389426315789474,low,0.7,3,0.5454545454545454,True,NOERROR,2,300,2,2,True,False,2,13335,US,False,"HOSTINGER operations, UAB",4,365,False,0,False,False,False,benign,no_adverse_signal
paxcontracts.com,2026-07-26,16,3.084962500721156,0.0,0,0.3333333333333333,-6.831714285714286,low,0.5217,3,0.75,True,NOERROR,1,1800,5,2,True,False,0,22612,US,False,NAMECHEAP INC,4,365,True,0,False,False,False,benign,no_adverse_signal
getnorcoaircrew.com,2026-07-26,19,3.189898095464287,0.0,0,0.6666666666666666,-7.218966666666667,low,0.4516,3,0.6666666666666666,True,NOERROR,1,3600,1,4,True,False,0,14618,US,True,PDR Ltd. d/b/a PublicDomainRegistry.com,4,365,True,0,False,False,False,benign,no_adverse_signal
co44.tech,2026-07-26,9,1.5,0.2222222222222222,0,1.0,-10.70396,low,0.4444,1,0.75,True,NOERROR,2,300,0,2,False,False,2,13335,US,False,Dynadot Inc,4,365,False,0,False,False,,benign,no_adverse_signal
hrc-cn.top,2026-07-26,10,2.2516291673878226,0.0,1,0.0,-8.483511111111111,high,0.625,3,0.8333333333333334,True,NOERROR,1,600,0,2,False,False,0,45102,SG,False,Alibaba Cloud Computing Ltd. d/b/a HiChina (www.net.cn),6,365,True,0,True,False,,malicious,spamhaus_zen
6020025.cc,2026-07-26,10,1.8423709931771084,0.7,0,0.0,-10.033763636363636,low,0.4,0,0.5714285714285714,True,NOERROR,3,600,0,2,False,True,0,8075,HK,False,Dynadot Inc,5,365,False,0,True,False,,malicious,spamhaus_zen
mexilo.shop,2026-07-26,11,2.584962500721156,0.0,0,1.0,-7.292311111111112,low,0.6,1,1.0,True,NOERROR,1,1800,0,2,False,False,0,13335,CA,True,,,,False,0,False,False,,benign,no_adverse_signal
safepowerdenver.com,2026-07-26,19,3.2402239289418517,0.0,0,0.6666666666666666,-6.895851851851852,low,0.5926,2,0.7333333333333333,True,NOERROR,4,14400,0,4,True,False,0,53831,US,False,Squarespace Domains LLC,3,365,True,41,False,False,,benign,no_adverse_signal
tunuevoleadstudio.info,2026-07-26,22,3.3371753411230776,0.0,0,1.125,-7.083848387096774,medium,0.5517,3,0.6470588235294118,True,NOERROR,1,3600,2,4,True,False,1,8560,DE,True,,,,,0,False,False,False,benign,no_adverse_signal
clearroadinsurance.com,2026-07-26,22,3.30827083453526,0.0,0,0.8,-6.465481818181818,low,0.4828,2,0.6111111111111112,True,NOERROR,1,600,1,2,False,False,0,396982,US,True,NAMECHEAP INC,4,365,True,0,False,False,,benign,no_adverse_signal
holoa-brand.store,2026-07-26,17,3.0957952550009344,0.0,1,0.6666666666666666,-7.2906894736842105,low,0.5556,2,0.8181818181818182,True,NOERROR,1,600,2,3,True,False,0,202108,DE,False,,,,False,0,False,False,False,benign,no_adverse_signal
saniscabin.com,2026-07-26,14,2.521928094887362,0.0,0,0.6666666666666666,-6.569605882352941,low,0.5556,2,0.6,False,timeout,0,,0,0,False,False,0,,,,CV. Rumahweb Indonesia,4,365,False,,,False,,benign,no_adverse_signal
hometonest.com,2026-07-26,14,2.721928094887362,0.0,0,0.6666666666666666,-5.951388235294118,low,0.6,2,0.7,True,NOERROR,2,600,0,2,False,False,0,16509,US,True,"GoDaddy.com, LLC",4,365,True,34,False,False,,benign,no_adverse_signal
pappaspulse.com,2026-07-26,15,2.3685225277282065,0.0,0,0.5714285714285714,-7.120473684210526,low,0.625,2,0.5454545454545454,True,NOERROR,1,1800,0,0,False,False,0,58182,US,True,Wix.com Ltd.,1104,1461,True,0,False,False,,benign,no_adverse_signal
x4lfrrrf.top,2026-07-26,12,2.1556390622295662,0.08333333333333333,0,0.0,-10.504992307692307,high,0.4286,6,0.625,True,NOERROR,3,60,0,2,False,True,0,138995,US,False,Dominet (HK) Limited,4,365,True,0,True,True,,malicious,spamhaus_zen
yazhoujingpin3816512.xyz,2026-07-26,24,4.021928094887362,0.2916666666666667,0,0.625,-8.940900000000001,high,0.3529,3,0.85,True,NOERROR,2,300,0,2,False,False,2,13335,US,False,"NameSilo, LLC",4,365,True,0,False,False,,benign,no_adverse_signal
npkf53.cc,2026-07-26,9,2.584962500721156,0.2222222222222222,0,0.0,-11.184955555555556,low,0.4444,4,1.0,True,NOERROR,8,300,0,2,False,False,0,201106,US,False,"NameSilo, LLC",4,365,True,0,False,False,,benign,no_adverse_signal
unendingmusic.com,2026-07-26,17,3.0269868333592873,0.0,0,0.625,-6.6934956521739135,low,0.5217,3,0.6923076923076923,True,NOERROR,1,3600,2,2,True,False,0,174,CA,True,PDR Ltd. d/b/a PublicDomainRegistry.com,4,365,False,0,False,False,False,benign,no_adverse_signal
zgjgcgwgbfzhib.com.cn,2026-07-26,21,2.950212064914747,0.0,0,0.07692307692307693,-10.397196,low,0.3333,12,0.6428571428571429,True,NOERROR,1,300,0,2,False,False,0,132839,HK,False,北京新网数码信息技术有限公司,5,365,False,0,False,False,,benign,no_adverse_signal
agilecloudlink.my.id,2026-07-26,20,3.3248629576173574,0.0,0,0.75,-6.6723,low,0.6,2,0.7857142857142857,False,NOERROR,0,,0,2,False,False,0,,,,,,,False,,,False,,benign,no_adverse_signal
1ganamos.co,2026-07-26,11,2.75,0.09090909090909091,0,0.75,-7.139084615384615,low,0.5,1,0.875,True,NOERROR,2,300,0,2,False,False,2,13335,US,False,Dynadot Inc,5,365,False,0,False,False,,benign,no_adverse_signal
aeropath.uk,2026-07-26,11,2.75,0.0,0,1.0,-6.714884615384615,low,0.7143,2,0.875,True,NOERROR,1,14400,2,4,True,False,0,12488,GB,True,Krystal Hosting Ltd [Tag = KRYSTAL],5,1096,False,0,False,False,False,benign,no_adverse_signal
rbelite.com,2026-07-26,11,2.5216406363433186,0.0,0,0.75,-6.423872727272727,low,0.6154,2,0.8571428571428571,True,NOERROR,1,3600,2,4,True,False,1,8560,DE,True,IONOS SE,4,365,True,0,False,False,False,benign,no_adverse_signal
auto-robot.online,2026-07-26,17,2.6464393446710157,0.0,1,1.25,-7.361547058823529,medium,0.5,1,0.7,False,NOERROR,0,,0,2,False,False,0,,,,Alibaba Cloud Computing Ltd. d/b/a HiChina (www.net.cn),4,365,False,,,False,,benign,no_adverse_signal
ameww.top,2026-07-26,9,1.9219280948873623,0.0,0,0.6666666666666666,-7.470042857142857,high,0.6667,2,0.8,True,NOERROR,1,3603,0,3,False,False,0,149440,MY,False,"NameSilo, LLC",4,365,True,0,False,False,,benign,no_adverse_signal
sunnystitchftw.com,2026-07-26,18,3.182005814760214,0.0,0,0.16666666666666666,-7.630968,low,0.5,6,0.7142857142857143,True,NOERROR,2,3600,0,2,False,False,0,16509,US,True,"GoDaddy.com, LLC",4,365,True,21,False,False,,benign,no_adverse_signal
rpseguro.com,2026-07-26,12,2.75,0.0,0,0.6,-7.48856923076923,low,0.5714,3,0.875,True,NOERROR,4,14400,1,4,True,False,0,53831,US,False,Squarespace Domains II LLC,4,365,True,41,False,False,False,benign,no_adverse_signal
dg222.tech,2026-07-26,10,1.3709505944546687,0.3,0,0.0,-10.359842857142857,low,0.4444,2,0.6,True,NOERROR,2,300,0,2,False,False,2,13335,US,False,Dynadot Inc,4,365,False,0,False,False,,benign,no_adverse_signal
pgya2m7.cc,2026-07-26,10,2.807354922057604,0.2,0,0.25,-10.913172727272727,low,0.5,3,1.0,True,NOERROR,1,60,0,2,False,False,0,219502,NL,False,"NameSilo, LLC",5,365,False,14,True,True,,malicious,spamhaus_zen
hbtzn.com,2026-07-26,9,2.321928094887362,0.0,0,0.0,-10.455628571428573,low,0.5,5,1.0,True,NOERROR,2,300,0,2,False,False,2,13335,US,False,July Name Limited,4,365,True,0,False,False,,benign,no_adverse_signal
inoge.tech,2026-07-26,10,2.321928094887362,0.0,0,1.5,-6.634728571428572,low,0.6667,1,1.0,True,NOERROR,2,300,0,2,False,False,2,13335,US,False,Namify Domains Inc,4,365,False,0,False,False,,benign,no_adverse_signal
4kzgames.com,2026-07-26,12,3.0,0.08333333333333333,0,0.4,-8.198769230769232,low,0.625,3,1.0,True,NOERROR,1,3600,0,2,False,False,0,206834,CA,False,Key-Systems GmbH,399,730,True,11,False,False,,benign,no_adverse_signal
romabetapps.icu,2026-07-26,15,3.095795255000934,0.0,0,0.5714285714285714,-6.561173684210527,low,0.5263,3,0.8181818181818182,True,NOERROR,2,300,0,2,False,False,2,13335,US,False,"NICENIC INTERNATIONAL GROUP CO., LIMITED",4,365,False,0,False,True,,malicious,spamhaus_dbl
jgczuqutjycfxzuixn.com.cn,2026-07-26,25,3.4613201402110083,0.0,0,0.2857142857142857,-10.488124242424242,low,0.3684,7,0.6666666666666666,True,NOERROR,1,300,0,2,False,False,0,132839,HK,False,北京新网数码信息技术有限公司,5,365,False,0,False,False,,benign,no_adverse_signal
maxrrru.com,2026-07-26,11,2.128085278891394,0.0,0,0.4,-9.032827272727273,low,0.5,4,0.7142857142857143,True,NOERROR,1,300,0,2,False,False,0,207713,RU,False,Dominet (HK) Limited,4,365,False,0,True,False,,malicious,spamhaus_zen
55548.tw,2026-07-26,8,1.3709505944546687,0.625,0,0.0,-10.560828571428571,low,0.2222,0,0.6,True,NOERROR,1,60,0,2,False,False,0,209242,US,False,Dynadot LLC,4,365,True,0,False,False,,benign,no_adverse_signal
quikcomeexpress.com,2026-07-26,19,3.456564762130954,0.0,0,0.6666666666666666,-7.158137037037037,low,0.64,3,0.8,True,NOERROR,4,14400,1,4,True,False,0,53831,US,False,Squarespace Domains II LLC,4,365,True,30,False,False,False,benign,no_adverse_signal
shotinheaven.online,2026-07-26,19,3.084962500721156,0.0,0,0.7142857142857143,-6.613342857142857,medium,0.5556,2,0.75,True,NOERROR,1,21600,0,2,False,False,0,16509,US,True,"TUCOWS.COM, CO.",373,730,True,0,False,False,,benign,no_adverse_signal
djilq.com,2026-07-26,9,2.321928094887362,0.0,0,0.25,-9.415542857142857,low,0.5,2,1.0,True,NOERROR,2,300,0,2,False,False,2,13335,US,False,Realtime Register B.V.,4,365,False,0,False,False,,benign,no_adverse_signal
dhw92fz3.yachts,2026-07-26,15,3.0,0.2,0,0.0,-12.339884615384616,low,0.3636,3,1.0,False,NOERROR,0,,0,2,False,False,0,,,,"GMO Internet, Inc.",4,365,True,,,False,,benign,no_adverse_signal
getbeastworld.com,2026-07-26,17,3.3927474104487847,0.0,0,0.4444444444444444,-6.790417391304348,low,0.5517,3,0.8461538461538461,True,NOERROR,2,600,0,2,False,False,0,16509,US,True,"GoDaddy.com, LLC",3,1096,True,34,False,False,,benign,no_adverse_signal
lanqujgcdxafshnmeyisi.com.cn,2026-07-26,28,4.011365041826378,0.0,0,0.4,-9.130615384615384,low,0.4242,5,0.8095238095238095,True,NOERROR,1,300,0,2,False,False,0,132839,HK,False,北京新网数码信息技术有限公司,5,365,False,0,False,False,,benign,no_adverse_signal
firstcoastadjusters.com,2026-07-26,23,3.3660913291191914,0.0,0,0.46153846153846156,-6.817614285714286,low,0.4615,4,0.631578947368421,True,NOERROR,2,3600,2,2,True,False,0,16509,US,True,"GoDaddy.com, LLC",4,365,True,21,False,False,False,benign,no_adverse_signal
loopxpay.ai,2026-07-26,11,2.5,0.0,0,0.6,-7.911330769230769,low,0.5333,3,0.75,True,NOERROR,1,10800,0,2,False,False,0,16509,US,True,Dynadot Inc,4,731,True,24,False,False,,benign,no_adverse_signal
31bwfqe3.yachts,2026-07-26,15,2.75,0.2,0,0.25,-11.913907692307692,low,0.3529,4,0.875,False,NOERROR,0,,0,2,False,False,0,,,,"GMO Internet, Inc.",4,365,True,,,False,,benign,no_adverse_signal
nventr.info,2026-07-26,11,2.2516291673878226,0.0,0,0.2,-6.259588888888889,medium,0.7273,3,0.8333333333333334,True,NOERROR,1,600,0,2,False,False,0,54113,US,False,,,,,0,False,False,,benign,no_adverse_signal
prosoundny.com,2026-07-26,14,2.9219280948873623,0.0,0,0.42857142857142855,-6.876135294117647,low,0.5556,4,0.8,True,NOERROR,3,3600,0,2,False,False,0,58182,US,True,Wix.com Ltd.,3,1096,True,21,False,False,,benign,no_adverse_signal
moldremediationserviceanzaca.shop,2026-07-26,33,3.637537511266052,0.0,0,0.8666666666666667,-6.576058490566037,low,0.4545,3,0.5,True,NOERROR,1,60,0,0,False,False,0,,,False,,,,False,0,False,False,,benign,no_adverse_signal
texassolarshinesolutions.com,2026-07-26,28,3.4031071683628116,0.0,0,0.7142857142857143,-6.520888888888889,low,0.5,3,0.5,True,NOERROR,4,14400,1,4,True,False,0,53831,US,False,Squarespace Domains II LLC,3,365,True,15,False,False,False,benign,no_adverse_signal
papayaearwig.autos,2026-07-26,18,2.751629167387823,0.0,0,1.0,-7.588128571428571,low,0.48,2,0.6666666666666666,True,NOERROR,2,300,0,2,False,False,2,13335,US,False,NAMECHEAP INC,4,365,True,0,False,False,,benign,no_adverse_signal
jgczuqubfzhibxnlang2ft.com.cn,2026-07-26,29,3.9139770731827506,0.034482758620689655,0,0.23529411764705882,-9.758587804878049,low,0.4,4,0.7272727272727273,True,NOERROR,1,300,0,2,False,False,0,132839,HK,False,北京新网数码信息技术有限公司,5,365,False,0,False,False,,benign,no_adverse_signal
novationdesignstudio.com,2026-07-26,24,3.3086949695628416,0.0,0,0.8181818181818182,-6.561951351351351,low,0.5,4,0.55,False,NXDOMAIN,0,,0,0,False,False,0,,,,,,,,,,False,,benign,no_adverse_signal
polocompany.com.br,2026-07-26,18,2.845350936622437,0.0,0,0.5714285714285714,-6.555326315789475,low,0.5,2,0.7272727272727273,True,NOERROR,3,3600,0,2,False,False,0,58182,US,True,,5,1096,False,22,False,False,,benign,no_adverse_signal
91jichang.xyz,2026-07-26,13,3.169925001442312,0.15384615384615385,0,0.4,-8.056966666666666,high,0.5,2,1.0,True,NOERROR,2,300,0,2,False,False,2,13335,US,False,Dynadot Inc,4,365,False,0,False,False,,benign,no_adverse_signal
pn-114.team,2026-07-26,11,2.251629167387823,0.2727272727272727,1,0.0,-9.421711111111112,low,0.4,2,0.8333333333333334,True,NOERROR,2,300,0,2,False,False,2,13335,US,False,,,,,0,False,False,,benign,no_adverse_signal
thevauclusegrant.com,2026-07-26,20,3.5,0.0,0,0.6,-6.9428241379310345,low,0.5833,2,0.75,False,NOERROR,0,,2,2,True,False,0,,,,"Spaceship, Inc.",4,731,False,,,False,False,benign,no_adverse_signal
arashfarahmand.com,2026-07-26,18,2.692380602454975,0.0,0,0.5555555555555556,-7.017892000000001,low,0.4762,3,0.5714285714285714,True,NOERROR,1,14400,1,2,True,False,0,204213,IR,True,CSL Computer Service Langenbach GmbH d/b/a joker.com,4,365,False,0,False,False,False,benign,no_adverse_signal
theproblemofhighschool.com,2026-07-26,26,3.550340709546387,0.0,0,0.4666666666666667,-7.244402439024389,low,0.4118,5,0.6363636363636364,True,NOERROR,2,3600,2,2,True,False,0,16509,US,True,"GoDaddy.com, LLC",4,1096,True,21,False,False,False,benign,no_adverse_signal
megawins8.click,2026-07-26,15,3.169925001442312,0.06666666666666667,0,0.6,-7.333873333333333,medium,0.5882,2,1.0,True,NOERROR,2,300,0,2,False,False,2,13335,US,False,"Key-Systems, LLC",4,365,False,0,False,False,,benign,no_adverse_signal
horecapro.shop,2026-07-26,14,2.725480556997868,0.0,0,0.8,-6.26312,low,0.5333,2,0.7777777777777778,True,NOERROR,2,300,0,2,False,False,2,13335,US,False,,,,False,0,False,False,,benign,no_adverse_signal
historische-schiene.de,2026-07-26,22,3.14163540772496,0.0,1,0.6363636363636364,-6.529511428571428,low,0.4615,3,0.5263157894736842,True,NOERROR,1,150,1,2,False,False,0,51167,FR,True,,,,False,0,False,False,False,benign,no_adverse_signal
alphainvestpro.com,2026-07-26,18,3.521640636343319,0.0,0,0.5555555555555556,-6.797128,low,0.5217,4,0.8571428571428571,True,NOERROR,1,14400,1,2,True,False,0,28753,DE,True,TuringSign Inc. d/b/a Cosmotown,390,730,False,0,False,False,False,benign,no_adverse_signal
emdvlacinc.vu,2026-07-26,13,3.1219280948873624,0.0,0,0.42857142857142855,-7.924647058823529,low,0.5,4,0.9,True,NOERROR,2,300,0,2,False,False,2,13335,US,False,Dynadot Inc,5,365,True,0,False,False,,benign,no_adverse_signal
okayquiz.com,2026-07-26,12,3.0,0.0,0,1.0,-8.492953846153846,low,0.5,2,1.0,True,NOERROR,1,300,0,2,False,False,0,206834,DE,False,"Gransy, s.r.o.",4,365,False,24,False,False,,benign,no_adverse_signal
ticretodido.quest,2026-07-26,17,2.7321588913645702,0.0,0,0.8333333333333334,-6.6584473684210534,low,0.5,2,0.6363636363636364,True,NOERROR,1,1800,1,2,True,False,0,,,False,NAMECHEAP INC,4,365,False,0,False,False,False,benign,no_adverse_signal
12026tigrinaave.com,2026-07-26,19,3.5068905956085183,0.2631578947368421,0,1.0,-8.351292592592593,low,0.4615,2,0.8,True,NOERROR,2,300,0,2,False,False,2,13335,US,False,"ENOM, INC.",4,365,True,0,False,False,,benign,no_adverse_signal
fjdk679v.top,2026-07-26,12,3.0,0.25,0,0.0,-12.17573076923077,high,0.375,4,1.0,True,NOERROR,3,60,0,2,False,True,0,138995,US,False,Dominet (HK) Limited,4,365,True,0,True,True,,malicious,spamhaus_zen
studyanalyzer.com,2026-07-26,17,3.3927474104487847,0.0,0,0.4444444444444444,-7.2943173913043475,low,0.5,3,0.8461538461538461,True,NOERROR,1,300,0,2,False,False,0,206834,DE,False,"Gransy, s.r.o.",4,365,False,24,False,False,,benign,no_adverse_signal
thewaywaybackchannel.com,2026-07-26,24,3.321928094887362,0.0,0,0.42857142857142855,-7.123972972972973,low,0.4242,4,0.55,True,NOERROR,1,676,0,2,False,False,0,14618,US,True,Dominet (HK) Limited,4,365,False,0,False,False,,benign,no_adverse_signal
deadmanos.live,2026-07-26,14,2.725480556997868,0.0,0,0.8,-6.60458,low,0.5882,2,0.7777777777777778,True,NOERROR,1,1799,5,2,True,False,0,16509,US,False,,,,False,0,False,False,False,benign,no_adverse_signal
26slon.ru,2026-07-26,9,2.584962500721156,0.2222222222222222,0,0.3333333333333333,-8.991977777777779,low,0.4615,2,1.0,True,NOERROR,1,300,0,2,False,False,0,211381,NL,True,REGRU-RU,3,365,False,0,False,False,,benign,no_adverse_signal
studiovetere.com,2026-07-26,16,3.0220552088742,0.0,0,1.0,-6.4967,low,0.5882,2,0.75,True,NOERROR,2,30,0,2,True,False,2,14618,US,True,DropCatch.com 1181 LLC,4,365,False,0,False,False,,benign,no_adverse_signal
finchpebble.com.de,2026-07-26,18,1.584962500721156,0.0,0,0.5,-5.649566666666666,low,0.6,1,1.0,True,NOERROR,2,300,0,2,False,False,2,13335,US,False,,,,False,0,False,False,,benign,no_adverse_signal
intellbroker.info,2026-07-26,17,3.084962500721156,0.0,0,0.5,-6.564257142857143,medium,0.5882,4,0.75,True,NOERROR,2,45,0,4,False,False,0,,US,False,,,,,3,False,False,,benign,no_adverse_signal
o3tzcz5k.cfd,2026-07-26,12,2.75,0.16666666666666666,0,0.2,-11.97293076923077,low,0.4286,4,0.875,False,NOERROR,0,,0,2,False,False,0,,,,"GMO Internet, Inc.",4,365,True,,,False,,benign,no_adverse_signal
oferta39231.cfd,2026-07-26,15,3.277613436819116,0.3333333333333333,0,1.0,-9.010673684210525,low,0.5,2,0.9090909090909091,False,NOERROR,0,,0,2,False,False,0,,,,Global Domain Group LLC,4,365,False,,,True,,malicious,spamhaus_dbl
fastqualifi.com,2026-07-26,15,2.9139770731827523,0.0,0,0.8333333333333334,-7.349094736842106,low,0.5882,3,0.7272727272727273,True,NOERROR,2,300,1,2,True,False,2,13335,US,False,UnstoppableUS3 LLC,4,365,True,0,False,False,False,benign,no_adverse_signal
megawins99.win,2026-07-26,14,3.1219280948873624,0.14285714285714285,0,0.6,-7.699847058823529,low,0.5556,2,0.9,True,NOERROR,2,600,0,2,False,False,0,16509,US,True,"GoDaddy.com, LLC",4,731,True,34,False,False,,benign,no_adverse_signal
y4xxn87i.yachts,2026-07-26,15,2.75,0.2,0,0.25,-11.727638461538463,low,0.375,3,0.875,False,NOERROR,0,,0,2,False,False,0,,,,"GMO Internet, Inc.",4,365,True,,,False,,benign,no_adverse_signal
marmeto.co,2026-07-26,10,2.5216406363433186,0.0,0,0.75,-6.26519090909091,low,0.5882,2,0.8571428571428571,True,NOERROR,1,10800,0,2,False,False,0,16509,US,True,Dynadot Inc,6,365,False,24,False,False,,benign,no_adverse_signal
ndcnews1.org,2026-07-26,12,2.75,0.08333333333333333,0,0.16666666666666666,-7.640376923076923,low,0.5333,4,0.875,True,NOERROR,2,300,0,2,False,False,2,13335,US,False,Dynadot Inc,4,365,False,0,False,False,,benign,no_adverse_signal
xv450.top,2026-07-26,9,2.321928094887362,0.3333333333333333,0,0.0,-11.50752857142857,high,0.4,2,1.0,True,NOERROR,2,300,0,2,False,False,2,13335,US,False,"NameSilo, LLC",4,365,False,0,False,False,,benign,no_adverse_signal
abc89.online,2026-07-26,12,2.321928094887362,0.16666666666666666,0,0.5,-10.045242857142856,medium,0.5,2,1.0,True,NOERROR,2,60,0,2,False,False,2,47583,DE,False,"HOSTINGER operations, UAB",4,365,False,0,False,False,,benign,no_adverse_signal
petpool.site,2026-07-26,12,2.2359263506290326,0.0,0,0.75,-7.006245454545455,medium,0.5714,2,0.7142857142857143,True,NOERROR,1,3600,1,5,True,False,0,131965,JP,True,"GMO Internet, Inc.",4,365,True,0,False,False,False,benign,no_adverse_signal
zeus222link1.com,2026-07-26,16,3.188721875540867,0.25,0,0.6,-8.871890476190476,low,0.5263,2,0.8333333333333334,True,NOERROR,2,300,0,2,False,False,2,13335,US,False,"GoDaddy.com, LLC",4,365,True,0,False,False,,benign,no_adverse_signal
brandone.ch,2026-07-26,11,2.75,0.0,0,0.6,-5.980684615384616,low,0.6316,2,0.875,True,NOERROR,1,900,1,4,True,False,0,25563,CH,True,,,,False,0,False,False,False,benign,no_adverse_signal
dysunshineservices.com,2026-07-26,22,3.2390979179887864,0.0,0,0.5,-6.490733333333333,low,0.6452,3,0.6111111111111112,True,NOERROR,2,50,1,4,True,False,0,,US,False,Porkbun LLC,4,365,False,0,False,False,False,benign,no_adverse_signal
wikilink.vip,2026-07-26,12,2.1556390622295662,0.0,0,0.6,-6.558999999999999,low,0.5882,2,0.625,False,NOERROR,0,,0,2,False,False,0,,,,Alibaba Cloud Computing Ltd. d/b/a HiChina (www.net.cn),4,365,True,,,False,,benign,no_adverse_signal
turbootp.id,2026-07-26,11,2.5,0.0,0,0.6,-7.073753846153846,low,0.5714,2,0.75,True,NOERROR,2,300,5,2,True,False,2,13335,US,False,,,,False,0,False,False,False,benign,no_adverse_signal
rajabuaya89c.com,2026-07-26,16,2.9182958340544896,0.125,0,1.0,-8.783109523809523,low,0.4211,1,0.75,True,NOERROR,2,300,0,2,False,False,2,13335,US,False,West263 International Limited,4,365,True,0,False,False,,benign,no_adverse_signal
polarbearevents.com,2026-07-26,19,3.3232314287976203,0.0,0,0.6666666666666666,-6.3974,low,0.5333,3,0.7333333333333333,True,NOERROR,2,600,0,2,False,False,0,16509,US,True,"GoDaddy.com, LLC",4,365,True,46,False,False,,benign,no_adverse_signal
lacasadelosflanes.com,2026-07-26,21,2.939829017466402,0.0,0,0.7,-6.647790322580645,low,0.5185,3,0.5294117647058824,True,NOERROR,3,3600,0,2,False,False,0,58182,US,True,Wix.com Ltd.,3,365,False,24,False,False,,benign,no_adverse_signal
wbadmin.ru,2026-07-26,10,2.807354922057604,0.0,0,0.4,-7.334436363636363,low,0.5455,2,1.0,True,NOERROR,1,3600,2,2,True,False,0,210976,NL,False,REGRU-RU,5,365,False,0,False,False,False,benign,no_adverse_signal
elevatedeverydayhq.com,2026-07-26,22,3.080500530640267,0.0,0,0.6363636363636364,-7.148748484848485,low,0.4324,3,0.5555555555555556,True,NOERROR,2,3600,1,2,True,False,0,16509,US,True,"GoDaddy.com, LLC",3,365,True,18,False,False,False,benign,no_adverse_signal
runetsk.dev,2026-07-26,11,2.807354922057604,0.0,0,0.4,-6.7239272727272725,low,0.6,3,1.0,False,NOERROR,0,,0,2,False,False,0,,,,,,,False,,,False,,benign,no_adverse_signal
bullteckgroup.nl,2026-07-26,16,3.3927474104487847,0.0,0,0.4444444444444444,-7.322182608695653,low,0.4444,4,0.8461538461538461,True,NOERROR,1,600,1,3,True,False,1,206281,NL,True,ZXCS,53,,False,0,False,False,False,benign,no_adverse_signal
l2aawpb6.cfd,2026-07-26,12,2.75,0.16666666666666666,0,0.5,-10.660992307692307,low,0.4286,3,0.875,False,NOERROR,0,,0,2,False,False,0,,,,"GMO Internet, Inc.",4,365,True,,,False,,benign,no_adverse_signal
mcivorestate.net,2026-07-26,16,3.251629167387823,0.0,0,0.7142857142857143,-6.514866666666666,low,0.5714,2,0.8333333333333334,True,NOERROR,2,60,0,2,False,False,2,47583,DE,False,"HOSTINGER operations, UAB",4,365,False,2,False,False,,benign,no_adverse_signal
ccbcq.com,2026-07-26,9,1.3709505944546687,0.0,0,0.0,-9.918385714285716,low,0.6667,5,0.6,False,NOERROR,0,,1,2,False,False,0,,,,"GoDaddy.com, LLC",4,365,True,,,False,False,benign,no_adverse_signal
pre00finance.app,2026-07-26,16,3.084962500721156,0.125,0,0.6666666666666666,-8.014714285714286,low,0.5263,2,0.75,True,NOERROR,3,3600,0,2,False,False,0,63949,US,True,,,,False,0,False,False,,benign,no_adverse_signal
eicsapty.com,2026-07-26,12,3.0,0.0,0,0.6,-7.487184615384615,low,0.5714,3,1.0,True,NOERROR,2,3600,0,2,False,False,0,16509,US,True,"GoDaddy.com, LLC",4,1096,True,21,False,False,,benign,no_adverse_signal
sealtechksa.com,2026-07-26,15,2.9139770731827523,0.0,0,0.5714285714285714,-7.042231578947368,low,0.5882,4,0.7272727272727273,True,NOERROR,4,14400,1,4,True,False,0,53831,US,False,Squarespace Domains II LLC,4,365,True,30,False,False,False,benign,no_adverse_signal
zongxiangeduqwef.top,2026-07-26,20,3.625,0.0,0,0.6,-7.973903448275862,high,0.4167,3,0.8125,False,NOERROR,0,,2,2,False,False,0,,,,XinNet Technology Corporation,4,365,True,,,False,True,benign,no_adverse_signal
kanlio.wiki,2026-07-26,11,2.584962500721156,0.0,0,1.0,-6.640544444444444,low,0.6,2,1.0,True,NOERROR,1,1,0,2,False,True,0,40065,US,False,"NameSilo, LLC",4,365,True,0,False,False,,benign,no_adverse_signal
fujidigitalforge.org,2026-07-26,20,3.452819531114783,0.0,0,0.7777777777777778,-7.256768965517241,low,0.4615,2,0.75,True,NOERROR,4,14400,1,4,True,False,0,53831,US,False,Squarespace Domains II LLC,4,365,True,41,False,False,False,benign,no_adverse_signal
755502ss.com,2026-07-26,12,2.1556390622295662,0.5,0,0.0,-10.870315384615385,low,0.3333,2,0.625,True,NOERROR,8,60,0,2,False,False,0,36002,HK,False,"GoDaddy.com, LLC",4,365,True,0,False,False,,benign,no_adverse_signal
scopbazar.com,2026-07-26,13,2.94770277922009,0.0,0,0.5,-7.433073333333334,low,0.5,2,0.8888888888888888,True,NOERROR,1,21600,0,4,False,False,1,13335,CA,True,"TUCOWS.COM, CO.",4,365,True,0,False,False,,benign,no_adverse_signal
owlsec.uz,2026-07-26,9,2.584962500721156,0.0,0,0.5,-7.647488888888889,low,0.5455,3,1.0,True,NOERROR,2,1800,0,2,False,False,0,16509,US,False,ООО «AIRNET»,19,365,False,0,False,False,,benign,no_adverse_signal
ranan.shop,2026-07-26,10,1.5219280948873621,0.0,0,0.6666666666666666,-5.7233285714285715,low,0.6,1,0.6,True,NOERROR,2,300,0,2,False,False,2,13335,US,False,,,,False,0,False,False,,benign,no_adverse_signal
carriepape.com,2026-07-26,14,2.5219280948873624,0.0,0,1.0,-6.8544,low,0.5263,2,0.6,True,NOERROR,14,1800,1,2,True,False,0,13335,US,False,"GoDaddy.com, LLC",4,365,True,0,False,False,False,benign,no_adverse_signal
easypconline.shop,2026-07-26,17,3.2516291673878226,0.0,0,0.7142857142857143,-6.690338095238094,low,0.6087,4,0.8333333333333334,True,NOERROR,1,300,0,2,False,False,0,199242,GE,False,,,,False,0,False,False,,benign,no_adverse_signal
semutwin.site,2026-07-26,13,3.0,0.0,0,0.6,-7.4176153846153845,medium,0.6154,2,1.0,True,NOERROR,2,300,0,2,False,False,2,13335,US,False,NAMECHEAP INC,4,365,True,0,False,False,,benign,no_adverse_signal
dyzhld.com,2026-07-26,10,2.2516291673878226,0.0,0,0.0,-10.033077777777779,low,0.5,6,0.8333333333333334,True,NOERROR,1,1,0,2,False,False,0,967,HK,False,July Name Limited,4,365,True,0,False,False,,benign,no_adverse_signal
stategridhuanbao.com,2026-07-26,20,3.577819531114783,0.0,0,0.7777777777777778,-7.1428551724137925,low,0.5,2,0.8125,True,NOERROR,2,300,0,2,False,False,2,13335,US,False,Realtime Register B.V.,4,365,False,0,False,False,,benign,no_adverse_signal
lanorex7.com,2026-07-26,12,3.0,0.08333333333333333,0,0.75,-7.298184615384615,low,0.5714,1,1.0,False,NOERROR,0,,0,2,False,False,0,,,,Realtime Register B.V.,4,365,False,,,False,,benign,no_adverse_signal
555winc.net,2026-07-26,11,2.1280852788913944,0.2727272727272727,0,0.3333333333333333,-8.790181818181818,low,0.4615,2,0.7142857142857143,True,NOERROR,2,300,0,2,False,False,2,13335,US,False,Dynadot Inc,5,365,False,0,False,False,,benign,no_adverse_signal
fpfactbio.com,2026-07-26,13,2.94770277922009,0.0,0,0.5,-8.156166666666667,low,0.5882,3,0.8888888888888888,True,NOERROR,2,300,0,2,False,False,2,13335,US,False,"Spaceship, Inc.",4,365,False,0,False,False,,benign,no_adverse_signal
kynexquo.com,2026-07-26,12,3.0,0.0,0,0.6,-8.75323076923077,low,0.5714,3,1.0,False,NOERROR,0,,1,2,False,False,0,,,,"CSC Corporate Domains, Inc.",4,365,False,,,False,False,benign,no_adverse_signal
beauglow.shop,2026-07-26,13,3.0,0.0,0,1.0,-7.359800000000001,low,0.5,2,1.0,True,NOERROR,2,300,0,2,False,False,2,13335,US,False,,,,False,0,False,False,,benign,no_adverse_signal
westernmischief.com,2026-07-26,19,3.323231428797621,0.0,0,0.5,-6.765592592592593,low,0.5217,3,0.7333333333333333,True,NOERROR,1,3600,0,2,False,False,0,13335,CA,True,"GoDaddy.com, LLC",4,365,True,0,False,False,,benign,no_adverse_signal
jakovbrkic.com,2026-07-26,14,3.121928094887362,0.0,0,0.42857142857142855,-8.48034705882353,low,0.4444,4,0.9,True,NOERROR,1,14400,1,2,True,False,0,24940,DE,True,Key-Systems GmbH,4,365,True,0,False,False,False,benign,no_adverse_signal
dafawin.click,2026-07-26,13,2.5216406363433186,0.0,0,0.75,-7.442445454545455,medium,0.5333,1,0.8571428571428571,True,NOERROR,2,300,0,2,False,False,2,13335,US,False,"Dynadot, LLC",4,365,False,0,False,False,,benign,no_adverse_signal
talu.work,2026-07-26,9,2.0,0.0,0,1.0,-6.20942,low,0.6,1,1.0,False,NXDOMAIN,0,,0,0,False,False,0,,,,Xin Net Technology Corporation,4,3653,True,,,False,,benign,no_adverse_signal
msbeckykirk.com,2026-07-26,15,3.027169118440619,0.0,0,0.2222222222222222,-8.143568421052631,low,0.4706,4,0.8181818181818182,True,NOERROR,1,1800,0,0,False,False,0,58182,US,True,Wix.com Ltd.,1104,1461,True,0,False,False,,benign,no_adverse_signal
bhmcapital-eportal.biz.id,2026-07-26,25,3.5724312513221195,0.0,1,0.5454545454545454,-7.28700909090909,low,0.5946,4,0.7222222222222222,True,NOERROR,1,14400,1,4,True,False,0,21859,AE,True,,,,False,0,False,True,False,malicious,spamhaus_dbl
threadbendluxuryboutique.com,2026-07-26,28,3.7201755214643457,0.0,0,0.7142857142857143,-7.602444444444445,low,0.4118,3,0.625,True,NOERROR,2,600,0,2,False,False,0,16509,US,True,"GoDaddy.com, LLC",4,365,True,46,False,False,,benign,no_adverse_signal
yanshengwei.com,2026-07-26,15,3.095795255000934,0.0,0,0.5714285714285714,-7.0881842105263155,low,0.5,3,0.8181818181818182,False,NOERROR,0,,0,2,False,False,0,,,,Alibaba Cloud Computing Ltd. d/b/a HiChina (www.net.cn),4,365,False,,,False,,benign,no_adverse_signal
knowledgees.com,2026-07-26,15,3.027169118440619,0.0,0,0.5714285714285714,-7.408684210526315,low,0.5556,2,0.8181818181818182,True,NOERROR,1,1800,3,2,True,False,0,22612,US,False,NAMECHEAP INC,4,365,True,0,False,False,False,benign,no_adverse_signal
verticalhomes.group,2026-07-26,19,3.5465935642949384,0.0,0,0.625,-6.331517391304348,low,0.6364,2,0.9230769230769231,True,NOERROR,1,300,0,2,False,False,0,13335,US,False,,,,False,0,False,False,,benign,no_adverse_signal
3ysm.shop,2026-07-26,9,2.0,0.1111111111111111,0,0.0,-10.24704,low,0.4444,3,1.0,True,NOERROR,6,60,0,2,False,True,0,8075,KR,False,,,,False,0,False,True,,malicious,spamhaus_dbl
hogolink.jp,2026-07-26,11,2.75,0.0,0,0.6,-6.548892307692308,low,0.6667,2,0.875,True,NOERROR,1,3600,0,3,False,False,0,16509,US,False,,11,379,False,0,False,False,,benign,no_adverse_signal
vortexathletics.store,2026-07-26,21,3.456564762130953,0.0,0,0.5,-6.916677777777778,low,0.6154,3,0.8,True,NOERROR,1,21600,0,4,False,False,1,13335,CA,True,,,,False,0,False,False,,benign,no_adverse_signal
j7nja.pro,2026-07-26,9,1.9219280948873623,0.1111111111111111,0,0.3333333333333333,-11.081242857142858,low,0.4444,2,0.8,True,NOERROR,2,300,0,2,False,False,2,13335,US,False,,,,,0,False,False,,benign,no_adverse_signal
hba09g7m.beer,2026-07-26,13,3.0,0.23076923076923078,0,0.25,-11.501076923076925,low,0.4,2,1.0,True,NOERROR,1,600,0,2,False,True,0,979,HK,True,Dynadot Inc,4,365,True,0,False,False,,benign,no_adverse_signal
partnerwithmoshlife.com,2026-07-26,23,3.7216117239699,0.0,0,0.46153846153846156,-7.220231428571428,low,0.4375,3,0.7368421052631579,True,NOERROR,1,1799,5,2,True,False,0,22612,US,False,NAMECHEAP INC,4,365,True,0,False,False,False,benign,no_adverse_signal
attainintelligence.com,2026-07-26,22,2.8910611120726526,0.0,0,0.8,-6.22699696969697,low,0.4348,2,0.4444444444444444,True,NOERROR,3,3600,0,2,False,False,0,63949,US,True,"Sav.com, LLC - 34",4,365,False,2,False,False,,benign,no_adverse_signal
trustinstituteafrica.org,2026-07-26,24,3.1037016960573482,0.0,0,0.6666666666666666,-6.50941081081081,low,0.4828,3,0.5,True,NOERROR,1,1799,5,2,True,False,0,13335,DE,True,NAMECHEAP INC,4,365,True,63,False,False,False,malicious,abuseipdb
crossnaviglobal.com,2026-07-26,19,3.373557262275185,0.0,0,0.5,-6.994244444444444,low,0.64,3,0.7333333333333333,True,NOERROR,2,600,0,2,False,False,0,13335,US,False,"DNSPod, Inc.",5,731,False,0,False,False,,benign,no_adverse_signal
zavtro.com,2026-07-26,10,2.584962500721156,0.0,0,0.5,-7.835655555555555,low,0.6154,3,1.0,True,NOERROR,4,14400,1,4,True,False,0,53831,US,False,Squarespace Domains II LLC,4,365,True,30,False,False,False,benign,no_adverse_signal
gotfischermediaconsulting.net,2026-07-26,29,3.8936606896881845,0.0,0,0.5625,-6.6081765957446805,low,0.4762,3,0.64,True,NOERROR,2,300,1,2,True,False,2,13335,US,False,NAMECHEAP INC,4,365,True,0,False,False,False,benign,no_adverse_signal
1iac58y4.yachts,2026-07-26,15,3.0,0.26666666666666666,0,1.0,-11.118346153846154,low,0.4,1,1.0,False,NOERROR,0,,0,2,False,False,0,,,,"GMO Internet, Inc.",4,365,True,,,False,,benign,no_adverse_signal
portal-web-usuario.com,2026-07-26,22,3.6143694458867563,0.0,2,1.0,-7.365148484848485,low,0.4444,2,0.7222222222222222,True,NOERROR,2,300,0,2,False,False,2,13335,US,False,"NICENIC INTERNATIONAL GROUP CO., LIMITED",4,365,False,0,False,True,,malicious,spamhaus_dbl
gorockstarchq.com,2026-07-26,17,3.238901256602631,0.0,0,0.3,-7.024278260869566,low,0.5455,4,0.7692307692307693,True,NOERROR,1,3600,1,4,True,False,0,16509,US,True,PDR Ltd. d/b/a PublicDomainRegistry.com,4,365,True,0,False,False,False,benign,no_adverse_signal
0880326.com,2026-07-26,11,2.2359263506290326,0.6363636363636364,0,0.0,-11.546581818181819,low,0.25,0,0.7142857142857143,True,NOERROR,2,300,0,2,False,False,2,13335,US,False,"Spaceship, Inc.",4,365,False,0,False,False,,benign,no_adverse_signal
xx444.tech,2026-07-26,10,0.9709505944546686,0.3,0,0.0,-10.602785714285714,low,0.3077,2,0.4,True,NOERROR,2,300,0,2,False,False,2,13335,US,False,Dynadot Inc,4,365,False,0,False,False,,benign,no_adverse_signal
916426.uk,2026-07-26,9,2.2516291673878226,0.6666666666666666,0,0.0,-11.23688888888889,low,0.4444,0,0.8333333333333334,True,NOERROR,8,60,0,2,False,True,0,152194,JP,False,"Dynadot, LLC t/a Dynadot [Tag = DYNADOT]",5,365,False,0,True,True,,malicious,spamhaus_zen
pajaktotoq.com,2026-07-26,14,2.7219280948873625,0.0,0,0.6666666666666666,-7.863041176470587,low,0.5385,2,0.7,True,NOERROR,2,300,0,2,False,False,2,13335,US,False,Dominet (HK) Limited,4,365,False,0,False,False,,benign,no_adverse_signal
vorvex.store,2026-07-26,12,2.2516291673878226,0.0,0,0.5,-7.364266666666667,low,0.5455,2,0.8333333333333334,True,NOERROR,1,150,1,2,False,False,1,8560,DE,True,,,,False,0,False,False,False,benign,no_adverse_signal
wyethvibe.shop,2026-07-26,14,2.94770277922009,0.0,0,0.5,-8.165393333333332,low,0.625,3,0.8888888888888888,True,NOERROR,1,300,0,2,False,False,0,,GE,False,,,,False,0,False,False,,benign,no_adverse_signal
keco.app,2026-07-26,8,2.0,0.0,0,1.0,-6.6417,low,0.5,1,1.0,True,NOERROR,1,1800,2,2,True,False,0,22612,US,False,,,,False,0,False,False,False,benign,no_adverse_signal
cembaloneyo.click,2026-07-26,17,3.0957952550009344,0.0,0,0.8333333333333334,-6.8579842105263165,medium,0.5455,2,0.8181818181818182,True,NOERROR,2,300,0,2,False,False,0,16509,US,True,"Spaceship, Inc.",4,365,False,15,False,False,,benign,no_adverse_signal
wxzhdz.xin,2026-07-26,10,2.2516291673878226,0.0,0,0.0,-10.53371111111111,low,0.4444,6,0.8333333333333334,False,NOERROR,0,,0,2,False,False,0,,,,Alibaba Cloud Computing Ltd. d/b/a HiChina (www.net.cn),5,731,False,,,False,,benign,no_adverse_signal
x888111.net,2026-07-26,11,1.4488156357251847,0.5454545454545454,0,0.0,-9.704481818181819,low,0.2,1,0.42857142857142855,True,NOERROR,2,300,0,2,False,False,2,13335,US,False,Dynadot Inc,5,365,False,0,False,False,,benign,no_adverse_signal
ocnvfjusxz.site,2026-07-26,15,3.321928094887362,0.0,0,0.25,-9.874217647058822,medium,0.4762,5,1.0,True,NOERROR,2,300,0,2,False,False,2,13335,US,False,NAMECHEAP INC,4,365,False,0,False,False,,benign,no_adverse_signal
atlantatrackclubrace.shop,2026-07-26,25,3.065957320949175,0.0,0,0.5384615384615384,-6.650483783783784,low,0.4828,4,0.5,True,NOERROR,1,300,0,2,False,False,0,,GE,False,,,,False,0,False,False,,benign,no_adverse_signal
xn--11kg-j93c2kx76pmwwcrcrg83ddnmtkj.jp,2026-07-26,39,4.218128820706466,0.23076923076923078,3,0.0,-10.868502898550725,low,0.24,9,0.5555555555555556,True,NOERROR,1,3600,1,3,True,False,0,131965,JP,True,,4,372,False,0,False,False,False,benign,no_adverse_signal
yusufhtp.xyz,2026-07-26,12,2.75,0.0,0,0.3333333333333333,-9.069153846153846,high,0.4615,4,0.875,True,NOERROR,2,4,0,4,False,False,0,,US,False,Porkbun LLC,381,730,False,3,False,False,,benign,no_adverse_signal
zuqu310jgctj.com.cn,2026-07-26,19,3.2516291673878226,0.15789473684210525,0,0.2857142857142857,-10.950966666666668,low,0.3333,5,0.8333333333333334,True,NOERROR,1,300,0,2,False,False,0,132839,HK,False,北京新网数码信息技术有限公司,5,365,False,0,False,False,,benign,no_adverse_signal
workwithsouleykabo.net,2026-07-26,22,3.6835423624332306,0.0,0,0.6363636363636364,-7.729454545454545,low,0.4348,3,0.7777777777777778,True,NOERROR,2,300,5,2,True,False,2,13335,US,False,NAMECHEAP INC,4,365,True,0,False,False,False,benign,no_adverse_signal
borderlessdatagramshift.top,2026-07-26,27,3.6424896731661263,0.0,0,0.4375,-6.802448837209302,high,0.4571,3,0.6086956521739131,False,NOERROR,0,,0,2,False,False,0,,,,"NameSilo, LLC",4,365,True,,,False,,benign,no_adverse_signal
wzxfdk.cc,2026-07-26,9,2.584962500721156,0.0,0,0.0,-11.385222222222222,low,0.4615,6,1.0,True,NOERROR,1,1,0,2,False,True,0,40065,US,False,"NameSilo, LLC",5,365,True,0,False,False,,benign,no_adverse_signal
zucjgcgwggoup.com.cn,2026-07-26,20,2.7773627950641693,0.0,0,0.3,-9.936569565217392,low,0.4348,8,0.6153846153846154,True,NOERROR,1,300,0,2,False,False,0,132839,HK,False,北京新网数码信息技术有限公司,5,365,False,0,False,False,,benign,no_adverse_signal
silverminegalleria.com,2026-07-26,22,3.155221528859512,0.0,0,0.8,-6.535730303030303,low,0.4516,2,0.5555555555555556,True,NOERROR,1,21600,0,2,False,False,0,16509,US,True,"TUCOWS.COM, CO.",373,730,True,0,False,False,,benign,no_adverse_signal
bl-thwj.com.cn,2026-07-26,14,2.807354922057604,0.0,1,0.0,-9.29639090909091,low,0.4615,4,1.0,True,NOERROR,1,599,0,2,False,False,0,142286,HK,False,北京新网数码信息技术有限公司,4,365,False,0,False,False,,benign,no_adverse_signal
woyf557z.yachts,2026-07-26,15,2.75,0.2,0,0.25,-10.907076923076923,low,0.4,2,0.875,False,NOERROR,0,,0,2,False,False,0,,,,"GMO Internet, Inc.",4,365,True,,,False,,benign,no_adverse_signal
8qrok.com,2026-07-26,9,2.321928094887362,0.1111111111111111,0,0.3333333333333333,-10.489685714285715,low,0.6667,2,1.0,True,NOERROR,2,300,0,2,False,False,2,13335,US,False,Dominet (HK) Limited,4,365,False,0,False,False,,benign,no_adverse_signal
tymartoolworks.com,2026-07-26,18,3.182005814760214,0.0,0,0.4,-7.036236,low,0.5926,3,0.7142857142857143,False,NXDOMAIN,0,,0,0,False,False,0,,,,"GMO Internet, Inc.",4,365,True,,,False,,benign,no_adverse_signal
lanetjw.com,2026-07-26,11,2.807354922057604,0.0,0,0.4,-7.310954545454546,low,0.5455,3,1.0,True,NOERROR,4,14400,0,4,True,False,0,53831,US,False,Squarespace Domains LLC,4,1096,True,41,False,False,,benign,no_adverse_signal
aobiom.com,2026-07-26,10,2.2516291673878226,0.0,0,2.0,-7.467333333333333,low,0.6667,1,0.8333333333333334,True,NOERROR,1,1800,0,0,False,False,0,58182,US,True,Wix.com Ltd.,1469,1826,False,0,False,False,,benign,no_adverse_signal
hyqqzkt9.motorcycles,2026-07-26,20,2.75,0.05,0,0.0,-11.914676923076923,low,0.375,7,0.875,False,NOERROR,0,,0,2,False,False,0,,,,"GMO Internet, Inc.",4,365,True,,,False,,benign,no_adverse_signal
olm1nqs37z.vip,2026-07-26,14,3.321928094887362,0.21428571428571427,0,0.16666666666666666,-11.220829411764706,low,0.4706,3,1.0,False,timeout,0,,0,0,False,False,0,,,,Dynadot Inc,4,365,True,,,False,,benign,no_adverse_signal
bauvp.ch,2026-07-26,8,2.321928094887362,0.0,0,0.6666666666666666,-8.807128571428573,low,0.6,2,1.0,True,NOERROR,1,300,1,2,True,False,1,29222,CH,True,,,,False,0,False,False,False,benign,no_adverse_signal
mbpikrc.online,2026-07-26,14,2.807354922057604,0.0,0,0.16666666666666666,-9.115163636363636,medium,0.5333,3,1.0,False,NOERROR,0,,0,2,False,False,0,,,,NAMECHEAP INC,4,365,True,,,False,,benign,no_adverse_signal
rouastanja.ch,2026-07-26,13,2.8464393446710154,0.0,0,1.0,-6.953805882352941,low,0.4762,2,0.8,True,NOERROR,1,3600,0,2,True,False,0,13335,CA,True,,,,False,0,False,False,,benign,no_adverse_signal
minobrnauki-notify.online,2026-07-26,25,3.530493056757482,0.0,1,0.7,-7.591981818181819,medium,0.4615,3,0.7222222222222222,True,NOERROR,1,21600,0,2,False,False,0,197695,RU,False,Registrar of Domain Names REG.RU LLC,4,365,False,2,False,False,,benign,no_adverse_signal
kaileetea.com,2026-07-26,13,2.4193819456463714,0.0,0,2.0,-6.514880000000001,low,0.5263,1,0.6666666666666666,True,NOERROR,2,1800,0,2,False,False,0,16509,US,False,"Name.com, Inc.",4,365,True,0,False,False,,benign,no_adverse_signal
flyingsmartmx.com,2026-07-26,17,3.546593564294939,0.0,0,0.18181818181818182,-7.328378260869565,low,0.5,4,0.9230769230769231,True,NOERROR,2,300,0,2,False,False,2,13335,US,False,"GoDaddy.com, LLC",4,1096,True,0,False,False,,benign,no_adverse_signal
webcams-xl.com,2026-07-26,14,3.321928094887362,0.0,1,0.2857142857142857,-8.299717647058824,low,0.5333,2,1.0,True,NOERROR,4,30,0,2,False,False,8,213230,US,True,Domain Science Kutatasi Szolgaltato,5,365,True,0,False,False,,benign,no_adverse_signal
mzayad.com,2026-07-26,10,2.2516291673878226,0.0,0,0.5,-8.348033333333333,low,0.5,2,0.8333333333333334,True,NOERROR,1,300,0,2,False,False,0,206834,DE,False,Dynadot Inc,4,365,False,24,False,False,,benign,no_adverse_signal
instinctivechin.info,2026-07-26,20,2.789898095464287,0.0,0,0.5,-6.245151851851852,medium,0.5926,3,0.5333333333333333,True,NOERROR,2,300,0,2,False,False,0,13335,US,False,,,,,0,False,False,,benign,no_adverse_signal
treefrog-llc.com,2026-07-26,16,3.084962500721156,0.0,1,0.375,-7.762509523809523,low,0.4545,3,0.75,True,NOERROR,2,600,0,2,False,False,0,16509,US,True,"GoDaddy.com, LLC",4,365,True,34,False,False,,benign,no_adverse_signal
valtonhome.com,2026-07-26,14,3.121928094887362,0.0,0,0.6666666666666666,-6.760870588235294,low,0.5263,2,0.9,True,NOERROR,1,50,0,2,False,False,0,47583,CY,False,"HOSTINGER operations, UAB",4,365,False,32,False,False,,benign,no_adverse_signal
sot365.onl,2026-07-26,10,2.584962500721156,0.3,0,0.5,-8.50061111111111,low,0.5333,1,1.0,True,NOERROR,2,300,0,2,False,False,2,13335,US,False,,,,,0,False,False,,benign,no_adverse_signal
rotvkale.online,2026-07-26,15,3.0,0.0,0,0.6,-7.7196,medium,0.5714,3,1.0,True,NOERROR,1,21600,0,2,False,False,0,197695,RU,False,Registrar of Domain Names REG.RU LLC,4,365,False,2,False,False,,benign,no_adverse_signal
rfkplatform.cloud,2026-07-26,17,3.0957952550009344,0.0,0,0.2222222222222222,-7.927852631578947,low,0.5,5,0.8181818181818182,False,NOERROR,0,,0,4,False,False,0,,,,"Amazon Registrar, Inc.",4,365,True,,,False,,benign,no_adverse_signal
gbpllayy.top,2026-07-26,12,2.5,0.0,0,0.14285714285714285,-8.752753846153846,high,0.5,5,0.75,True,NOERROR,1,300,0,2,False,False,0,60068,BR,True,"NameSilo, LLC",4,365,True,0,False,False,,benign,no_adverse_signal
536772.lat,2026-07-26,10,2.251629167387823,0.6,0,0.0,-10.427733333333332,low,0.4444,0,0.8333333333333334,True,NOERROR,2,300,0,2,False,False,2,13335,US,False,Global Domain Group LLC,4,365,False,0,False,False,,benign,no_adverse_signal
myhesabu.com,2026-07-26,12,3.0,0.0,0,0.6,-7.392638461538462,low,0.4762,3,1.0,False,NOERROR,0,,0,2,False,False,0,,,,"Cloudflare, Inc.",4,365,True,,,False,,benign,no_adverse_signal
bewokwinvex.site,2026-07-26,16,3.0957952550009344,0.0,0,0.5714285714285714,-7.917615789473683,medium,0.5556,2,0.8181818181818182,True,NOERROR,2,300,0,2,False,False,2,13335,US,False,NAMECHEAP INC,4,365,True,0,False,False,,benign,no_adverse_signal
bulevar213.shop,2026-07-26,15,3.321928094887362,0.2,0,0.75,-8.26704705882353,low,0.4706,1,1.0,True,NOERROR,2,300,0,3,False,False,0,2635,US,False,,,,False,13,False,False,,benign,no_adverse_signal
pharmadoc.pro,2026-07-26,13,2.94770277922009,0.0,0,0.5,-6.651213333333334,low,0.625,2,0.8888888888888888,True,NOERROR,1,2623,1,2,True,False,0,133618,US,True,,,,,0,False,False,False,benign,no_adverse_signal
jitonetwork.online,2026-07-26,18,3.095795255000934,0.0,0,0.5714285714285714,-6.490057894736842,medium,0.6667,2,0.8181818181818182,True,NOERROR,2,31,0,4,False,False,0,,US,False,Porkbun LLC,381,730,False,3,False,False,,benign,no_adverse_signal
waxcalm221.help,2026-07-26,15,2.9219280948873623,0.2,0,0.4,-9.047358823529413,low,0.5714,2,0.8,False,NXDOMAIN,0,,0,0,False,False,0,,,,"GMO Internet, Inc.",4,365,True,,,False,,benign,no_adverse_signal
xsiexni.top,2026-07-26,11,2.2359263506290326,0.0,0,0.75,-8.368236363636363,high,0.6154,2,0.7142857142857143,False,NOERROR,0,,0,2,False,False,0,,,,"Todaynic.com, Inc.",4,365,True,,,False,,benign,no_adverse_signal
surveystask.com,2026-07-26,15,3.027169118440619,0.0,0,0.375,-6.902089473684211,low,0.6316,3,0.8181818181818182,True,NOERROR,1,134,1,2,True,False,0,133618,AU,True,"Domainnovations, LLC",4,365,True,0,False,False,False,benign,no_adverse_signal
reviewmydebt.com,2026-07-26,16,3.188721875540867,0.0,0,0.5,-7.8020000000000005,low,0.5,4,0.8333333333333334,True,NOERROR,2,300,0,2,False,False,2,13335,US,False,"Cloudflare, Inc.",4,365,True,0,False,False,,benign,no_adverse_signal
tooshinydetail.com,2026-07-26,18,3.3787834934861767,0.0,0,0.75,-6.896115999999999,low,0.4762,3,0.7857142857142857,True,NOERROR,3,3600,0,2,False,False,0,58182,US,True,Wix.com Ltd.,4,365,True,21,False,False,,benign,no_adverse_signal
apepoker.xyz,2026-07-26,12,2.5,0.0,0,1.0,-6.740023076923077,high,0.5882,1,0.75,True,NOERROR,2,39,0,4,False,False,0,,US,False,Porkbun LLC,382,730,False,3,False,False,,benign,no_adverse_signal
gooing.cc,2026-07-26,9,1.9182958340544893,0.0,0,1.0,-6.591144444444444,low,0.7692,2,0.6666666666666666,True,NOERROR,1,1800,0,2,False,False,0,2914,HK,False,"Spaceship, Inc.",4,365,False,0,False,False,,benign,no_adverse_signal
216627.vip,2026-07-26,10,1.9182958340544893,0.6,0,0.0,-10.627677777777778,low,0.4444,0,0.6666666666666666,False,NOERROR,0,,0,2,False,False,0,,,,Gname.com Pte. Ltd.,4,365,True,,,False,,benign,no_adverse_signal
jgczuquzhib5001ea.com.cn,2026-07-26,24,3.734521664779752,0.16666666666666666,0,0.625,-10.414525806451612,low,0.3478,4,0.8235294117647058,True,NOERROR,1,300,0,2,False,False,0,132839,HK,False,北京新网数码信息技术有限公司,5,365,False,0,False,False,,benign,no_adverse_signal
dryzhina.lat,2026-07-26,12,3.0,0.0,0,0.3333333333333333,-8.31113076923077,low,0.5333,5,1.0,False,NOERROR,0,,2,2,True,False,0,,,,"Spaceship, Inc.",4,365,False,,,False,False,benign,no_adverse_signal
allgamestricks.com,2026-07-26,18,3.3787834934861767,0.0,0,0.4,-6.382024,low,0.5926,3,0.7857142857142857,False,NOERROR,0,,3,2,True,False,0,,,,"Wild West Domains, LLC",4,365,False,,,False,False,benign,no_adverse_signal
modrhomes.com,2026-07-26,13,2.725480556997868,0.0,0,0.5,-7.096093333333333,low,0.6154,3,0.7777777777777778,True,NOERROR,1,7200,1,2,True,False,0,19871,US,True,"Network Solutions, LLC",4,1826,True,0,False,False,False,benign,no_adverse_signal
zhgj78.cc,2026-07-26,9,2.584962500721156,0.2222222222222222,0,0.0,-11.6849,low,0.3333,4,1.0,True,NOERROR,2,300,0,2,False,False,2,13335,US,False,"Spaceship, Inc.",4,365,False,0,False,False,,benign,no_adverse_signal
udanplay.best,2026-07-26,13,2.75,0.0,0,0.6,-6.844176923076923,low,0.625,3,0.875,True,NOERROR,2,300,0,2,False,False,0,13335,US,False,NAMECHEAP INC,4,365,True,0,False,False,,benign,no_adverse_signal
quasi.cloud,2026-07-26,11,2.321928094887362,0.0,0,1.5,-7.065414285714285,low,0.6,1,1.0,True,NOERROR,2,3600,1,2,True,False,0,16509,US,True,"Dynadot, LLC",4,365,False,31,False,False,,benign,no_adverse_signal
10selcuk10.xyz,2026-07-26,14,2.9219280948873623,0.2857142857142857,0,0.5,-9.347764705882353,high,0.5333,2,0.8,True,NOERROR,2,31,0,4,False,False,0,,US,False,Porkbun LLC,382,730,False,3,False,False,,benign,no_adverse_signal
moneyhub-mefovaripej.sbs,2026-07-26,24,3.884183719779189,0.0,1,0.7272727272727273,-7.702921621621622,low,0.4848,2,0.8,True,NOERROR,1,300,0,2,False,False,0,206834,DE,False,Dynadot Inc,4,365,False,24,False,False,,benign,no_adverse_signal
track-the-traff.com,2026-07-26,19,3.056564762130954,0.0,2,0.3,-7.159874074074074,low,0.5,2,0.6,True,NOERROR,2,300,0,2,False,False,2,13335,US,False,NAMECHEAP INC,4,365,False,0,False,False,,benign,no_adverse_signal
aepannupa.org,2026-07-26,13,2.197159723424149,0.0,0,1.25,-7.525013333333334,low,0.5333,2,0.5555555555555556,False,NXDOMAIN,0,,0,0,False,False,0,,,,"GMO Internet Group, Inc. d/b/a Onamae.com",4,365,False,,,False,,benign,no_adverse_signal
hyckups.com,2026-07-26,11,2.807354922057604,0.0,0,0.16666666666666666,-8.491145454545455,low,0.4706,4,1.0,True,NOERROR,1,1,0,2,False,False,0,967,HK,False,July Name Limited,4,365,True,0,False,False,,benign,no_adverse_signal
quiverworkshop.com.de,2026-07-26,21,1.584962500721156,0.0,0,0.5,-5.649566666666666,low,0.6,1,1.0,True,NOERROR,2,300,0,2,False,False,2,13335,US,False,,,,False,0,False,False,,benign,no_adverse_signal
tamam1234567.xyz,2026-07-26,16,3.2516291673878226,0.4375,0,0.6666666666666666,-8.902590476190475,high,0.381,1,0.8333333333333334,True,NOERROR,2,37,0,4,False,False,0,,US,False,Porkbun LLC,382,730,False,3,False,False,,benign,no_adverse_signal
fireexchange.co.uk,2026-07-26,18,3.188721875540867,0.0,0,0.7142857142857143,-6.562095238095238,low,0.5833,3,0.8333333333333334,True,NOERROR,1,50,0,2,False,False,0,47583,CY,False,Realtime Register BV t/a Axidomains [Tag = AXIDOMAINS],4,731,False,32,False,False,,benign,no_adverse_signal
foodqualityadvisor.online,2026-07-26,25,3.572431251322119,0.0,0,0.8,-7.384657575757576,medium,0.4706,2,0.7222222222222222,True,NOERROR,2,300,0,2,False,False,2,13335,US,False,Porkbun LLC,4,365,False,0,False,False,,benign,no_adverse_signal
palmcoasttoprated.com,2026-07-26,21,3.292770193936991,0.0,0,0.5454545454545454,-6.966406451612903,low,0.6667,3,0.6470588235294118,True,NOERROR,2,300,3,2,True,False,2,13335,US,False,Squarespace Domains LLC,4,365,True,0,False,False,False,benign,no_adverse_signal
marginal.fyi,2026-07-26,12,2.75,0.0,0,0.6,-6.333692307692308,low,0.6667,2,0.875,True,NOERROR,1,14400,1,2,True,False,0,32475,NL,True,,,,,0,False,False,False,benign,no_adverse_signal
tuyixttg.top,2026-07-26,12,2.4056390622295662,0.0,0,0.3333333333333333,-8.97936923076923,high,0.5714,4,0.75,True,NOERROR,1,600,0,2,False,False,0,152194,SG,False,"NameSilo, LLC",4,365,True,0,True,False,,malicious,spamhaus_zen
vne-kampusa.top,2026-07-26,15,3.277613436819116,0.0,1,0.6666666666666666,-7.711205263157895,high,0.5333,2,0.9090909090909091,True,NOERROR,1,300,0,2,False,False,0,211381,DE,True,"Spaceship, Inc.",4,365,True,0,False,False,,benign,no_adverse_signal
affordabletuition.net,2026-07-26,21,3.4992275471326932,0.0,0,0.8888888888888888,-6.874058064516129,low,0.5,2,0.7058823529411765,True,NOERROR,2,11,0,4,False,False,0,,US,False,Porkbun LLC,383,730,False,3,False,False,,benign,no_adverse_signal
nccdataplus.com,2026-07-26,15,3.0957952550009344,0.0,0,0.375,-7.105657894736842,low,0.6,4,0.8181818181818182,True,NOERROR,1,3600,4,2,True,False,0,14337,US,False,"Spaceship, Inc.",4,365,False,0,False,False,False,benign,no_adverse_signal
ysnerdem.xyz,2026-07-26,12,2.75,0.0,0,0.3333333333333333,-7.055069230769231,high,0.5714,3,0.875,True,NOERROR,2,3,0,4,False,False,0,,US,False,Porkbun LLC,382,730,False,3,False,False,,benign,no_adverse_signal
levieirafit.com,2026-07-26,15,2.845350936622437,0.0,0,1.2,-7.118515789473684,low,0.5714,1,0.7272727272727273,True,NOERROR,2,120,0,4,False,False,0,16509,DE,True,"HOSTINGER operations, UAB",4,365,False,21,False,False,,benign,no_adverse_signal
vb08pxsv.motorcycles,2026-07-26,20,2.75,0.1,0,0.0,-11.981276923076923,low,0.3636,4,0.875,False,NOERROR,0,,0,2,False,False,0,,,,"GMO Internet, Inc.",4,365,True,,,False,,benign,no_adverse_signal
milanosportsweek.com,2026-07-26,20,3.625,0.0,0,0.6,-6.688086206896552,low,0.5,4,0.8125,True,NOERROR,2,3600,0,2,False,False,0,16509,US,True,"GoDaddy.com, LLC",4,365,True,21,False,False,,benign,no_adverse_signal
c7890id.com,2026-07-26,11,2.807354922057604,0.36363636363636365,0,0.5,-11.305254545454545,low,0.4615,1,1.0,True,NOERROR,2,300,0,2,False,False,2,13335,US,False,Dominet (HK) Limited,4,365,False,0,False,False,,benign,no_adverse_signal
comepamplona.com,2026-07-26,16,2.918295834054489,0.0,0,0.7142857142857143,-6.630952380952381,low,0.5263,3,0.6666666666666666,True,NOERROR,1,21600,0,2,False,False,0,16509,US,True,"TUCOWS.COM, CO.",373,730,True,0,False,False,,benign,no_adverse_signal
azimi.tech,2026-07-26,10,1.9219280948873623,0.0,0,1.5,-7.511885714285715,low,0.5455,1,0.8,False,NOERROR,0,,0,4,False,False,0,,,,Namify Domains Inc,4,365,False,,,False,,benign,no_adverse_signal
klyhost.com,2026-07-26,11,2.807354922057604,0.0,0,0.16666666666666666,-7.244581818181818,low,0.5333,4,1.0,True,NOERROR,1,600,2,2,True,False,0,8560,US,True,"GoDaddy.com, LLC",4,365,True,0,False,False,False,benign,no_adverse_signal
kapficher.de,2026-07-26,12,3.169925001442312,0.0,0,0.5,-6.996606666666667,low,0.6667,2,1.0,True,NOERROR,1,21600,0,0,False,False,0,14061,DE,False,,,,False,0,False,False,,benign,no_adverse_signal
puentereal.cam,2026-07-26,14,2.8464393446710154,0.0,0,1.0,-6.174970588235294,low,0.6316,2,0.8,False,NOERROR,0,,0,2,False,False,0,,,,Dynadot Inc,4,365,False,,,False,,benign,no_adverse_signal
7pmn.shop,2026-07-26,9,2.0,0.1111111111111111,0,0.0,-10.86072,low,0.5714,3,1.0,True,NOERROR,6,60,0,2,False,True,0,8075,KR,False,,,,False,0,False,True,,malicious,spamhaus_dbl
nichelaunchappts.com,2026-07-26,20,3.375,0.0,0,0.45454545454545453,-6.7917689655172415,low,0.56,4,0.6875,True,NOERROR,2,300,1,2,True,False,2,13335,US,False,"GoDaddy.com, LLC",4,365,True,0,False,False,False,benign,no_adverse_signal
676betqa.com,2026-07-26,12,2.75,0.25,0,0.6666666666666666,-10.114992307692308,low,0.4615,2,0.875,True,NOERROR,2,300,0,2,False,False,2,13335,US,False,Dominet (HK) Limited,4,365,False,0,False,False,,benign,no_adverse_signal
getdexorium.com,2026-07-26,15,3.2776134368191165,0.0,0,0.8333333333333334,-7.453315789473685,low,0.5882,2,0.9090909090909091,False,NOERROR,0,,0,2,False,False,0,,,,"Cloudflare, Inc.",4,365,True,,,False,,benign,no_adverse_signal
tapiaarti.org,2026-07-26,13,2.197159723424149,0.0,0,1.25,-6.77964,low,0.5333,2,0.5555555555555556,True,NOERROR,2,3600,0,2,False,False,0,16509,US,True,"GoDaddy.com, LLC",4,365,False,18,False,False,,benign,no_adverse_signal
gushituji.com,2026-07-26,13,2.725480556997868,0.0,0,0.8,-7.581646666666667,low,0.5333,2,0.7777777777777778,True,NOERROR,1,1,0,2,False,False,0,967,HK,False,July Name Limited,4,365,True,0,False,False,,benign,no_adverse_signal
laiyibio.com,2026-07-26,12,2.4056390622295662,0.0,0,1.6666666666666667,-8.182261538461539,low,0.5556,1,0.75,True,NOERROR,9,1,0,2,False,False,0,134175,HK,False,Gname 321 Inc,4,365,False,0,False,False,,benign,no_adverse_signal
flagranti.be,2026-07-26,12,2.94770277922009,0.0,0,0.5,-6.417846666666667,low,0.5714,2,0.8888888888888888,True,NOERROR,1,900,1,5,True,False,0,15685,CZ,True,,6,,False,0,False,False,False,benign,no_adverse_signal
xingyaozhiboc.com.cn,2026-07-26,20,3.3927474104487847,0.0,0,0.625,-8.063873913043478,low,0.5263,3,0.8461538461538461,True,NOERROR,1,300,0,2,False,False,0,132839,SC,False,北京新网数码信息技术有限公司,13,365,False,0,False,False,,benign,no_adverse_signal
ft-bewerbermanagement.de,2026-07-26,24,3.26804882875796,0.0,1,0.5384615384615384,-6.873002564102564,low,0.5,2,0.5238095238095238,False,NOERROR,0,,6,4,True,False,0,,,,,,,False,,,False,False,benign,no_adverse_signal
hadiiya-uchun.uz,2026-07-26,16,3.085055102756477,0.0,1,1.0,-8.40355652173913,low,0.5263,2,0.6923076923076923,True,NOERROR,1,14400,1,3,True,False,0,61106,UZ,False,SUVAN NET,6,365,False,0,False,False,False,benign,no_adverse_signal
delphivoices.org,2026-07-26,16,3.2516291673878226,0.0,0,0.7142857142857143,-7.051319047619048,low,0.5714,3,0.8333333333333334,True,NOERROR,2,300,5,2,True,False,2,13335,US,False,Global Domain Group LLC,3,365,False,0,False,False,False,benign,no_adverse_signal
ctgfun.shop,2026-07-26,11,2.584962500721156,0.0,0,0.2,-8.690477777777778,low,0.4706,4,1.0,True,NOERROR,1,300,0,2,False,False,0,199242,GE,False,,,,False,0,False,False,,benign,no_adverse_signal
mr-bet.co.nz,2026-07-26,12,2.584962500721156,0.0,1,0.25,-8.025533333333334,low,0.5,2,1.0,True,NOERROR,2,300,3,2,True,False,2,13335,US,False,Dynadot Inc,5,,False,0,False,False,False,benign,no_adverse_signal
pentakil.com,2026-07-26,12,3.0,0.0,0,0.6,-6.546961538461539,low,0.7143,2,1.0,True,NOERROR,2,300,0,2,False,False,2,13335,US,False,Dynadot Inc,4,365,False,0,False,False,,benign,no_adverse_signal
serenitygardensresidence.homes,2026-07-26,30,3.1776942711037672,0.0,0,0.6,-6.518108888888889,low,0.5366,3,0.4583333333333333,True,NOERROR,2,45,0,4,False,False,0,,US,False,Porkbun LLC,382,730,False,3,False,False,,benign,no_adverse_signal
5889gm7u.cfd,2026-07-26,12,2.75,0.4166666666666667,0,0.5,-11.564692307692308,low,0.3636,2,0.875,False,NOERROR,0,,0,2,False,False,0,,,,"GMO Internet, Inc.",4,365,True,,,False,,benign,no_adverse_signal
gregavery.net,2026-07-26,13,2.5032583347756456,0.0,0,0.5,-6.7221,low,0.5882,2,0.6666666666666666,True,NOERROR,2,1800,0,2,False,False,0,16509,US,False,Dynadot Inc,5,365,False,0,False,False,,benign,no_adverse_signal
1xbet-ziez.top,2026-07-26,14,2.9219280948873623,0.07142857142857142,1,0.6,-8.671870588235294,high,0.4444,2,0.8,True,NOERROR,1,7200,0,3,False,False,0,57724,RU,True,"NameSilo, LLC",4,365,True,0,False,False,,benign,no_adverse_signal
uosajishoji.com,2026-07-26,15,2.7321588913645702,0.0,0,1.2,-8.007242105263158,low,0.5263,2,0.6363636363636364,True,NOERROR,1,3600,1,2,True,False,0,7506,JP,True,"GMO Internet, Inc.",4,365,True,0,False,False,False,benign,no_adverse_signal
laredorevive.com,2026-07-26,16,2.8553885422075336,0.0,0,1.0,-6.336499999999999,low,0.5263,1,0.6666666666666666,True,NOERROR,3,300,1,2,False,False,1,135905,VN,False,iNET SOFTWARE COMPANY LIMITED,4,365,False,0,True,False,False,malicious,spamhaus_zen
cqdky6a2.cfd,2026-07-26,12,3.0,0.16666666666666666,0,0.2,-12.155553846153847,low,0.4615,5,1.0,False,NOERROR,0,,0,2,False,False,0,,,,"GMO Internet, Inc.",4,365,True,,,False,,benign,no_adverse_signal
nikasilproffsen.se,2026-07-26,18,3.373557262275185,0.0,0,0.5,-7.266918518518518,low,0.5,3,0.7333333333333333,True,NOERROR,2,300,0,2,False,False,0,24940,DE,True,eDomains,4,365,False,0,False,False,,benign,no_adverse_signal
trydockandbay.com,2026-07-26,17,3.238901256602631,0.0,0,0.3,-7.222804347826087,low,0.4762,4,0.7692307692307693,True,NOERROR,2,600,5,2,True,False,0,16509,US,True,"GoDaddy.com, LLC",4,1096,True,34,False,False,False,benign,no_adverse_signal
viphomeimprovements.com,2026-07-26,23,3.326360407952693,0.0,0,0.5833333333333334,-6.7765571428571425,low,0.5294,3,0.5789473684210527,True,NOERROR,2,3600,1,2,True,False,0,16509,US,True,"Sav.com, LLC",4,365,False,56,False,False,,malicious,abuseipdb
majesticvideopath.sbs,2026-07-26,21,3.6168746059562227,0.0,0,0.7,-7.0036129032258065,low,0.5,2,0.7647058823529411,True,NOERROR,2,300,0,2,False,False,2,13335,US,False,Dynadot Inc,4,365,False,0,False,False,,benign,no_adverse_signal
mariolueddemann.net,2026-07-26,19,3.2402239289418526,0.0,0,0.875,-6.773751851851852,low,0.56,2,0.6666666666666666,True,NOERROR,2,300,0,2,False,False,2,13335,US,False,Dynadot Inc,4,365,False,0,False,False,,benign,no_adverse_signal
dobleyou-sorties.com,2026-07-26,20,3.452819531114783,0.0,1,0.875,-7.242344827586207,low,0.5185,2,0.75,True,NOERROR,1,3600,3,2,True,False,0,16509,US,True,"OVH, SAS",4,365,True,24,False,False,False,benign,no_adverse_signal
houstonbigriglawoffices.pro,2026-07-26,27,3.8492239123906256,0.0,0,0.6428571428571429,-7.083067441860464,low,0.4615,2,0.6956521739130435,True,NOERROR,1,1800,5,2,True,False,0,22612,US,False,,,,,0,False,False,False,benign,no_adverse_signal
cleanverge.company,2026-07-26,18,2.8464393446710154,0.0,0,0.6666666666666666,-6.63264705882353,low,0.5333,2,0.8,True,NOERROR,2,300,0,2,False,False,2,13335,US,False,,,,,0,False,False,,benign,no_adverse_signal
agentinterfacestack.com,2026-07-26,23,3.286629486786195,0.0,0,0.5833333333333334,-6.1059399999999995,low,0.5714,2,0.5789473684210527,True,NOERROR,2,300,1,2,True,False,2,13335,US,False,Dominet (HK) Limited,4,365,False,0,False,False,False,benign,no_adverse_signal
iceslip.shop,2026-07-26,12,2.5216406363433186,0.0,0,0.75,-6.6347000000000005,low,0.5455,2,0.8571428571428571,False,NOERROR,0,,0,2,False,False,0,,,,,,,False,,,False,,benign,no_adverse_signal
netfly.digital,2026-07-26,14,2.584962500721156,0.0,0,0.2,-7.0399666666666665,low,0.7692,4,1.0,True,NOERROR,2,300,0,2,False,False,2,13335,US,False,,,,,0,False,False,,benign,no_adverse_signal
qnailslasheshouston.com,2026-07-26,23,3.3005590923909534,0.0,0,0.5833333333333334,-6.8418971428571425,low,0.4667,3,0.5789473684210527,True,NOERROR,2,300,0,2,False,False,2,13335,US,False,"GoDaddy.com, LLC",3,365,True,0,False,False,,benign,no_adverse_signal
jiwuzhi.com,2026-07-26,11,2.5216406363433186,0.0,0,0.75,-9.531790909090908,low,0.5455,2,0.8571428571428571,False,NOERROR,0,,0,2,False,False,0,,,,Xin Net Technology Corporation,4,365,True,,,False,,benign,no_adverse_signal
communitybooking.io,2026-07-26,19,3.327819531114783,0.0,0,0.6,-6.730655172413793,low,0.6087,3,0.6875,False,NOERROR,0,,1,4,True,False,0,,,,Squarespace Domains LLC,5,365,True,,,True,False,malicious,spamhaus_dbl
199632.com,2026-07-26,10,2.2516291673878226,0.6,0,0.0,-11.214255555555557,low,0.6667,0,0.8333333333333334,True,NOERROR,2,300,0,2,False,False,2,13335,US,False,Dynadot Inc,4,365,False,0,False,False,,benign,no_adverse_signal
teamteedup.com,2026-07-26,14,2.6464393446710153,0.0,0,1.0,-7.134570588235294,low,0.6364,2,0.7,True,NOERROR,1,3600,2,4,False,False,0,13335,CA,True,IONOS SE,33,365,True,0,False,False,False,benign,no_adverse_signal
risingphoenixcontracting.com,2026-07-26,28,3.501629167387823,0.0,0,0.5,-6.683513333333334,low,0.4444,4,0.5416666666666666,True,NOERROR,1,14400,5,4,False,False,0,27647,US,True,"Register.com, Inc.",4,365,True,0,False,False,False,benign,no_adverse_signal
ddkh3qp.garden,2026-07-26,14,2.5216406363433186,0.07142857142857142,0,0.0,-11.745,low,0.5,4,0.8571428571428571,True,NOERROR,1,28,0,2,False,False,0,64013,SG,False,Dynadot Inc,4,365,True,1,False,False,,benign,no_adverse_signal
eduquizht.com,2026-07-26,13,2.94770277922009,0.0,0,0.8,-8.8726,low,0.5556,3,0.8888888888888888,True,NOERROR,1,300,0,2,False,False,0,47583,US,True,"HOSTINGER operations, UAB",3,1096,False,0,False,False,,benign,no_adverse_signal
ggship.cc,2026-07-26,9,2.2516291673878226,0.0,0,0.2,-7.624188888888889,low,0.5714,4,0.8333333333333334,True,NOERROR,1,1,0,2,False,True,0,40065,US,False,"NameSilo, LLC",4,365,True,0,False,False,,benign,no_adverse_signal
satyampay.co.in,2026-07-26,15,2.4193819456463714,0.0,0,0.5,-7.143986666666667,low,0.5882,2,0.6666666666666666,True,NOERROR,1,14400,1,2,True,False,0,24940,DE,True,"GoDaddy.com, LLC",5,365,False,0,False,False,False,benign,no_adverse_signal
ilovefemboys.org,2026-07-26,16,3.2516291673878226,0.0,0,0.7142857142857143,-7.519100000000001,low,0.4706,2,0.8333333333333334,True,NOERROR,1,1800,5,2,True,False,0,22612,US,False,NAMECHEAP INC,4,365,True,1,False,False,False,benign,no_adverse_signal
maneuveralpha.com,2026-07-26,17,3.180832987205441,0.0,0,0.8571428571428571,-6.88554347826087,low,0.5,3,0.7692307692307693,True,NOERROR,2,300,0,2,True,False,2,13335,US,False,Squarespace Domains LLC,4,1096,True,0,False,False,,benign,no_adverse_signal
benquin.cloud,2026-07-26,13,2.5216406363433186,0.0,0,0.75,-7.63969090909091,low,0.5455,2,0.8571428571428571,True,NOERROR,1,14400,0,2,False,False,0,47583,MY,True,"HOSTINGER operations, UAB",4,365,False,0,False,False,,benign,no_adverse_signal
projecttenacity.store,2026-07-26,21,3.3232314287976203,0.0,0,0.5,-6.834203703703703,low,0.56,3,0.7333333333333333,True,NOERROR,1,21600,0,2,False,False,0,16509,US,True,,,,False,0,False,False,,benign,no_adverse_signal
proshoptalkexperience.com,2026-07-26,25,3.5944656369614516,0.0,0,0.6153846153846154,-6.74677435897436,low,0.4516,2,0.6666666666666666,False,NXDOMAIN,0,,0,2,False,True,0,,,,Global Domain Group LLC,4,365,False,,,False,,benign,no_adverse_signal
cancivilo.xyz,2026-07-26,13,2.725480556997868,0.0,0,0.8,-6.767593333333334,high,0.5714,2,0.7777777777777778,True,NOERROR,2,59,0,4,False,False,0,,US,False,Porkbun LLC,382,730,False,3,False,False,,benign,no_adverse_signal
chrongrid.world,2026-07-26,15,2.94770277922009,0.0,0,0.2857142857142857,-6.82554,low,0.5333,3,0.8888888888888888,False,NOERROR,0,,0,2,False,False,0,,,,,,,,,,False,,benign,no_adverse_signal
rs9.org.uk,2026-07-26,10,1.584962500721156,0.1,0,0.0,-9.903366666666665,low,0.5,2,1.0,True,NOERROR,1,10800,0,2,False,False,0,398101,US,True,"GoDaddy.com, LLC. [Tag = GODADDY]",4,365,False,0,False,False,,benign,no_adverse_signal
vyvorm.com,2026-07-26,10,2.2516291673878226,0.0,0,0.2,-8.56088888888889,low,0.5455,3,0.8333333333333334,True,NOERROR,1,21600,0,4,False,False,1,13335,CA,True,"TUCOWS.COM, CO.",4,365,True,0,False,False,,benign,no_adverse_signal
johnnyswebsitedesign.com,2026-07-26,24,3.5086949695628418,0.0,0,0.42857142857142855,-7.3790486486486495,low,0.4848,6,0.65,True,NOERROR,1,1800,5,2,True,False,0,22612,US,False,NAMECHEAP INC,4,365,True,0,False,False,False,benign,no_adverse_signal
pafipemkomedan.site,2026-07-26,19,3.2359263506290334,0.0,0,0.75,-7.611924,medium,0.5217,2,0.7142857142857143,True,NOERROR,1,14400,3,2,True,False,0,22612,SG,True,NAMECHEAP INC,4,365,True,0,False,False,False,benign,no_adverse_signal
holywin4d.com,2026-07-26,13,3.169925001442312,0.07692307692307693,0,0.3333333333333333,-8.159453333333333,low,0.5556,3,1.0,True,NOERROR,1,14400,1,2,True,False,0,26496,US,True,"NameSilo, LLC",4,365,True,0,False,False,False,benign,no_adverse_signal
jw88bd.net,2026-07-26,10,2.2516291673878226,0.2,0,0.0,-10.96818888888889,low,0.4,2,0.8333333333333334,True,NOERROR,2,300,0,2,False,False,0,13335,US,False,NAMECHEAP INC,5,365,True,0,False,False,,benign,no_adverse_signal
alevardo.ru,2026-07-26,11,2.75,0.0,0,1.0,-6.781199999999999,low,0.6667,2,0.875,True,NOERROR,1,21600,0,2,False,False,0,50512,RU,True,REGRU-RU,5,365,False,0,True,False,,malicious,spamhaus_zen
moneyhub-ivajigerifu.sbs,2026-07-26,24,3.8841837197791893,0.0,1,0.9,-7.800175675675675,low,0.5,2,0.8,True,NOERROR,1,300,0,2,False,False,0,206834,DE,False,Dynadot Inc,4,365,False,24,False,False,,benign,no_adverse_signal
glassboxadvisory.com,2026-07-26,20,3.452819531114783,0.0,0,0.45454545454545453,-7.256827586206897,low,0.4615,3,0.75,True,NOERROR,2,300,5,2,False,False,2,13335,US,False,"Name.com, Inc.",4,365,True,0,False,False,False,benign,no_adverse_signal
dahedz8.com,2026-07-26,11,2.5216406363433186,0.09090909090909091,0,0.5,-8.903136363636364,low,0.4615,2,0.8571428571428571,False,NOERROR,0,,0,2,False,False,0,,,,West263 International Limited,4,365,True,,,False,,benign,no_adverse_signal
myndfulcaretec.com,2026-07-26,18,3.521640636343319,0.0,0,0.4,-7.204675999999999,low,0.5217,5,0.8571428571428571,True,NOERROR,1,900,1,2,False,False,0,15348,CA,False,"TUCOWS.COM, CO.",4,365,True,0,False,False,False,benign,no_adverse_signal
jyetgl69.vip,2026-07-26,12,3.0,0.16666666666666666,0,0.2,-9.8391,low,0.4706,3,1.0,True,NOERROR,13,10,0,2,False,True,0,64013,HK,False,Dynadot Inc,4,365,True,0,False,True,,malicious,spamhaus_dbl
impactbharat.org,2026-07-26,16,3.0220552088742005,0.0,0,0.5,-7.0596523809523815,low,0.5455,4,0.75,True,NOERROR,2,600,0,2,False,False,0,16509,US,True,"GoDaddy.com, LLC",4,731,False,46,False,False,,benign,no_adverse_signal
o2aks1h.cc,2026-07-26,10,2.807354922057604,0.2,0,0.6666666666666666,-10.83170909090909,low,0.4615,2,1.0,True,NOERROR,1,60,0,2,False,False,0,219502,NL,False,"NameSilo, LLC",5,365,False,14,True,True,,malicious,spamhaus_zen
iblcuakp.yachts,2026-07-26,15,3.0,0.0,0,0.6,-8.452584615384616,low,0.4706,3,1.0,False,NOERROR,0,,0,2,False,False,0,,,,"GMO Internet, Inc.",4,365,True,,,False,,benign,no_adverse_signal
246b.buzz,2026-07-26,9,2.0,0.3333333333333333,0,0.0,-11.22718,high,0.2857,1,1.0,True,NOERROR,2,300,0,2,False,False,2,13335,US,False,"Spaceship, Inc.",4,365,False,0,False,False,,benign,no_adverse_signal
thermolinepainting.ca,2026-07-26,21,3.4193819456463714,0.0,0,0.6363636363636364,-6.180581818181818,low,0.5,2,0.6666666666666666,True,NOERROR,2,3600,0,2,False,False,0,16509,US,True,"Go Daddy Domains Canada, Inc",4,3653,True,21,False,False,,benign,no_adverse_signal
casanyra.com,2026-07-26,12,2.4056390622295662,0.0,0,0.6,-7.100215384615385,low,0.5263,3,0.75,True,NOERROR,1,21600,0,4,False,False,1,13335,CA,True,"TUCOWS.COM, CO.",3,365,True,0,False,False,,benign,no_adverse_signal
undux.org,2026-07-26,9,1.9219280948873623,0.0,0,0.6666666666666666,-7.7943,low,0.5455,2,0.8,True,NOERROR,2,300,0,2,False,False,2,13335,US,False,"HOSTINGER operations, UAB",4,365,False,0,False,False,,benign,no_adverse_signal
omnimedia7058.shop,2026-07-26,18,3.3927474104487847,0.2222222222222222,0,1.25,-8.53074347826087,low,0.5556,2,0.8461538461538461,False,NOERROR,0,,1,2,False,False,0,,,,,,,False,,,False,False,benign,no_adverse_signal
alinasae.ru,2026-07-26,11,2.4056390622295662,0.0,0,1.6666666666666667,-6.426384615384616,low,0.7143,1,0.75,False,NOERROR,0,,1,2,True,False,0,,,,REGRU-RU,5,365,False,,,False,False,benign,no_adverse_signal
maglin.app,2026-07-26,10,2.584962500721156,0.0,0,0.5,-6.402633333333333,low,0.6667,2,1.0,True,NOERROR,1,300,0,4,False,False,0,47846,DE,False,,,,False,9,False,False,,benign,no_adverse_signal
kyoueikougyo0412.com,2026-07-26,20,3.327819531114783,0.2,0,1.4,-9.35965172413793,low,0.381,2,0.6875,True,NOERROR,1,1,1,3,True,False,0,4694,JP,True,"XServer, Inc.",4,365,False,0,False,False,False,benign,no_adverse_signal
hassantabar.net,2026-07-26,15,2.5503407095463886,0.0,0,0.5714285714285714,-6.413752631578947,low,0.5263,2,0.6363636363636364,False,NXDOMAIN,0,,0,0,False,False,0,,,,,,,,,,False,,benign,no_adverse_signal
zipzapja.cloud,2026-07-26,14,2.25,0.0,0,0.6,-9.060492307692307,low,0.5714,2,0.625,True,NOERROR,1,50,0,2,False,False,0,47583,CY,False,"HOSTINGER operations, UAB",4,365,False,32,False,False,,benign,no_adverse_signal
powerhousewrestlingacademy.com,2026-07-26,30,4.008132025833399,0.0,0,0.625,-6.860877551020408,low,0.3721,3,0.6923076923076923,True,NOERROR,3,3600,0,2,False,False,0,58182,US,True,Wix.com Ltd.,3,1096,False,22,False,False,,benign,no_adverse_signal
talvenzo-bewerbungen.com,2026-07-26,24,3.5841837197791886,0.0,1,0.5833333333333334,-7.451764864864865,low,0.4375,2,0.7,False,NOERROR,0,,2,2,True,False,0,,,,Dynadot Inc,4,365,False,,,False,False,benign,no_adverse_signal
deltacercle.com,2026-07-26,15,2.663532754804255,0.0,0,0.5714285714285714,-6.611005263157895,low,0.625,3,0.6363636363636364,False,NOERROR,0,,0,3,False,False,0,,,,"Ascio Technologies, Inc",4,365,False,,,False,,benign,no_adverse_signal
sow-fine.shop,2026-07-26,13,3.0,0.0,1,0.75,-7.75666923076923,low,0.5714,1,1.0,True,NOERROR,1,600,5,2,True,False,0,24940,DE,True,,,,False,0,False,False,False,benign,no_adverse_signal
boogiewoogiekids.com,2026-07-26,20,2.952819531114783,0.0,0,1.2857142857142858,-7.32471724137931,low,0.4615,2,0.5625,True,NOERROR,1,50,0,2,False,False,0,47583,CY,False,"HOSTINGER operations, UAB",4,365,False,32,False,False,,benign,no_adverse_signal
geekstotherescue.co.uk,2026-07-26,22,3.024397470347699,0.0,0,0.7777777777777778,-6.7794275862068964,low,0.4375,3,0.625,False,NOERROR,0,,3,2,True,False,0,,,,"Cloudflare, Inc. [Tag = CLOUDFLARE]",5,365,False,,,False,False,benign,no_adverse_signal
wiktorsobolak.com,2026-07-26,17,3.180832987205441,0.0,0,0.625,-7.089821739130435,low,0.5263,2,0.7692307692307693,True,NOERROR,2,300,0,2,False,False,0,16509,US,True,"Spaceship, Inc.",4,365,False,9,False,False,,benign,no_adverse_signal
insidevesi.com,2026-07-26,14,2.4464393446710155,0.0,0,1.0,-6.349188235294117,low,0.625,2,0.6,True,NOERROR,2,600,0,2,False,False,0,16509,US,True,"GoDaddy.com, LLC",4,731,True,46,False,False,,benign,no_adverse_signal
lesjardinsdesylphane.com,2026-07-26,24,3.446439344671015,0.0,0,0.42857142857142855,-7.382529729729729,low,0.5333,5,0.6,True,NOERROR,1,3600,2,4,True,False,1,8560,DE,True,IONOS SE,4,365,True,0,False,False,False,benign,no_adverse_signal
uawxsk543.vip,2026-07-26,13,3.169925001442312,0.23076923076923078,0,0.5,-10.687193333333333,low,0.5,4,1.0,True,NOERROR,13,10,0,2,False,True,0,64013,HK,False,Dynadot Inc,4,365,True,23,False,True,,malicious,spamhaus_dbl
92e029.com,2026-07-26,10,1.9182958340544893,0.5,0,1.0,-12.167666666666667,low,0.3636,0,0.6666666666666666,True,NOERROR,2,300,0,2,False,False,0,13335,US,False,Dynadot Inc,4,365,False,0,False,False,,benign,no_adverse_signal
vibarrrio.com,2026-07-26,13,2.4193819456463714,0.0,0,0.8,-7.3401000000000005,low,0.5,3,0.6666666666666666,True,NOERROR,1,1800,0,0,False,False,0,58182,US,True,Wix.com Ltd.,373,730,True,0,False,False,,benign,no_adverse_signal
flowerapi.org,2026-07-26,13,3.169925001442312,0.0,0,0.8,-6.560313333333334,low,0.625,2,1.0,False,NOERROR,0,,0,2,False,False,0,,,,"Spaceship, Inc.",4,365,False,,,False,,benign,no_adverse_signal
migeozerha.com,2026-07-26,14,3.121928094887362,0.0,0,1.0,-7.855394117647059,low,0.5333,2,0.9,False,NOERROR,0,,0,2,False,False,0,,,,"Sav.com, LLC",4,365,False,,,False,,benign,no_adverse_signal
welbet98.com,2026-07-26,12,2.75,0.16666666666666666,0,0.5,-8.054246153846154,low,0.6154,2,0.875,True,NOERROR,2,300,0,2,False,False,2,13335,US,False,"Gransy, s.r.o.",4,365,False,0,False,False,,benign,no_adverse_signal
gogoquip.app,2026-07-26,12,2.5,0.0,0,1.0,-8.085984615384616,low,0.5455,1,0.75,True,NOERROR,2,600,0,2,False,False,0,16509,US,True,,,,False,34,False,False,,benign,no_adverse_signal
d6kjccqw.cfd,2026-07-26,12,2.75,0.08333333333333333,0,0.0,-11.373923076923075,low,0.3636,6,0.875,True,NOERROR,1,300,0,2,False,False,0,13335,SG,False,"GMO Internet, Inc.",4,365,True,0,False,False,,benign,no_adverse_signal
pusulatur.org,2026-07-26,13,2.6416041678685933,0.0,0,0.8,-6.967426666666666,low,0.5333,1,0.7777777777777778,True,NOERROR,3,3600,0,2,False,False,0,58182,US,True,"TUCOWS.COM, CO.",4,365,True,22,False,False,,benign,no_adverse_signal
kf99.tech,2026-07-26,9,1.5,0.2222222222222222,0,0.0,-11.2911,low,0.2857,2,0.75,True,NOERROR,2,300,0,2,False,False,2,13335,US,False,Dynadot Inc,4,365,False,0,False,False,,benign,no_adverse_signal
lgtvsp019.top,2026-07-26,13,3.169925001442312,0.23076923076923078,0,0.0,-9.790166666666666,high,0.4706,6,1.0,True,NOERROR,2,300,0,2,False,False,2,13335,US,False,Chengdu west dimension digital,4,365,True,0,False,False,,benign,no_adverse_signal
moldremediationservicedeserthotspringsca.shop,2026-07-26,45,3.7775671571169283,0.0,0,0.6,-6.41915974025974,low,0.3929,4,0.4,True,NOERROR,1,60,0,0,False,False,0,,,False,,,,False,0,False,False,,benign,no_adverse_signal
oneahuedu.com,2026-07-26,13,2.725480556997868,0.0,0,2.0,-7.375313333333334,low,0.5714,1,0.7777777777777778,False,NOERROR,0,,3,2,True,False,0,,,,"DNSPod, Inc.",4,365,False,,,False,False,benign,no_adverse_signal
jd1p.pro,2026-07-26,8,2.0,0.125,0,0.0,-11.40706,low,0.4,2,1.0,True,NOERROR,2,300,0,2,False,False,2,13335,US,False,,,,,0,False,False,,benign,no_adverse_signal
slatespin.com,2026-07-26,13,2.94770277922009,0.0,0,0.5,-6.2722,low,0.6316,2,0.8888888888888888,False,NOERROR,0,,3,2,True,False,0,,,,"Cloudflare, Inc.",4,365,True,,,False,False,benign,no_adverse_signal
arcanumwiki.net,2026-07-26,15,3.0957952550009344,0.0,0,0.8333333333333334,-7.440410526315789,low,0.5,2,0.8181818181818182,False,NOERROR,0,,0,2,False,False,0,,,,"Cloudflare, Inc.",4,365,True,,,False,,benign,no_adverse_signal
nightreach.shop,2026-07-26,15,3.121928094887362,0.0,0,0.42857142857142855,-6.7164117647058825,low,0.5263,4,0.9,True,NOERROR,2,300,0,2,False,False,2,13335,US,False,,,,False,0,False,False,,benign,no_adverse_signal
organicpetpharmacy.de,2026-07-26,21,3.5724312513221195,0.0,0,0.5,-7.09030303030303,low,0.4667,3,0.7222222222222222,True,NOERROR,4,30,0,2,False,False,8,213230,US,True,,,,False,0,False,False,,benign,no_adverse_signal
jago138.site,2026-07-26,12,2.807354922057604,0.25,0,1.0,-8.893081818181818,medium,0.4,1,1.0,False,NOERROR,0,,0,2,False,False,0,,,,NAMECHEAP INC,4,365,True,,,False,,benign,no_adverse_signal
rossanaaguirre.com,2026-07-26,18,2.9852281360342525,0.0,0,1.0,-7.187236,low,0.5,2,0.6428571428571429,True,NOERROR,1,14400,1,3,True,False,0,17378,US,True,Neubox Internet S.A. de C.V.,4,365,True,0,False,False,False,benign,no_adverse_signal
marylandporches.com,2026-07-26,19,3.640223928941851,0.0,0,0.36363636363636365,-6.6858814814814815,low,0.5217,3,0.8666666666666667,True,NOERROR,1,300,0,2,False,False,0,60068,US,True,Dynadot Inc,4,365,False,13,False,False,,benign,no_adverse_signal
yataksleep.com,2026-07-26,14,2.9219280948873623,0.0,0,0.6666666666666666,-7.36975294117647,low,0.5263,3,0.8,False,timeout,0,,0,0,False,False,0,,,,"NameSilo, LLC",3,365,True,,,False,,benign,no_adverse_signal
sekaidevec.com,2026-07-26,14,2.8464393446710154,0.0,0,1.0,-6.9952764705882355,low,0.5455,1,0.8,True,NOERROR,2,300,0,2,False,False,2,13335,US,False,NOMINALIA INTERNET S.L.,3,365,True,0,False,False,,benign,no_adverse_signal
argonipe.shop,2026-07-26,13,3.0,0.0,0,1.0,-6.935407692307693,low,0.625,2,1.0,True,NOERROR,1,1800,0,2,False,False,0,132203,US,False,,,,False,0,True,False,,malicious,spamhaus_zen
macstore-ld.help,2026-07-26,16,3.459431618637298,0.0,1,0.42857142857142855,-7.136068421052631,low,0.5833,3,1.0,True,NOERROR,1,14400,1,2,True,False,0,209373,AE,False,"Sav.com, LLC",4,365,False,0,True,True,True,malicious,spamhaus_zen
silpharma.pl,2026-07-26,12,2.94770277922009,0.0,0,0.5,-6.992206666666666,low,0.5263,3,0.8888888888888888,True,NOERROR,1,3600,1,2,True,False,0,24940,DE,True,Aftermarket.pl Limited,5,365,False,0,False,False,False,benign,no_adverse_signal
wispoq.com,2026-07-26,10,2.584962500721156,0.0,0,0.5,-7.550222222222222,low,0.5714,2,1.0,True,NOERROR,2,600,0,2,False,False,0,16509,US,True,"GoDaddy.com, LLC",4,365,True,46,False,False,,benign,no_adverse_signal
shopwithtomika.com,2026-07-26,18,3.2359263506290334,0.0,0,0.5555555555555556,-7.403008,low,0.4762,3,0.7142857142857143,True,NOERROR,2,3600,0,2,False,False,0,16509,US,True,"GoDaddy.com, LLC",4,365,True,16,False,False,,benign,no_adverse_signal
33bdd.tech,2026-07-26,10,1.5219280948873621,0.2,0,0.0,-10.609157142857143,low,0.5455,3,0.6,True,NOERROR,2,300,0,2,False,False,2,13335,US,False,Dynadot Inc,4,365,False,0,False,False,,benign,no_adverse_signal
männie.com,2026-07-26,10,2.2516291673878226,0.0,0,0.5,-10.93608888888889,low,0.5333,4,0.8333333333333334,True,NOERROR,1,600,2,3,True,False,0,202108,DE,False,united domains AG,4,365,False,0,False,False,False,benign,no_adverse_signal
honareu12.online,2026-07-26,16,3.169925001442312,0.125,0,1.3333333333333333,-7.50998,medium,0.5333,1,1.0,False,NOERROR,0,,0,2,False,False,0,,,,NAMECHEAP INC,4,365,False,,,False,,benign,no_adverse_signal
collectiva.plus,2026-07-26,15,2.9219280948873623,0.0,0,0.6666666666666666,-6.449782352941177,low,0.5,2,0.8,True,NOERROR,1,50,0,2,False,False,0,47583,CY,False,,,,,32,False,False,,benign,no_adverse_signal
zoxehebe.sbs,2026-07-26,12,2.4056390622295662,0.0,0,1.0,-8.7681,low,0.4762,1,0.75,True,NOERROR,2,300,0,2,False,False,2,13335,US,False,Dynadot Inc,4,365,False,0,False,False,,benign,no_adverse_signal
eveningside.in,2026-07-26,14,2.663532754804255,0.0,0,0.8333333333333334,-6.487631578947369,low,0.5714,3,0.6363636363636364,True,NOERROR,2,60,2,2,True,False,2,47583,DE,False,"GoDaddy.com, LLC",5,365,False,0,False,False,False,benign,no_adverse_signal
bd989.tech,2026-07-26,10,1.9219280948873623,0.3,0,0.0,-11.146185714285716,low,0.4,2,0.8,True,NOERROR,2,300,0,2,False,False,2,13335,US,False,Dynadot Inc,4,365,False,0,False,False,,benign,no_adverse_signal
sakongabadi.com,2026-07-26,15,3.027169118440619,0.0,0,0.8333333333333334,-6.943063157894738,low,0.5882,2,0.8181818181818182,True,NOERROR,1,1800,5,2,True,False,0,22612,US,False,NAMECHEAP INC,4,365,True,0,False,False,False,benign,no_adverse_signal
medbaski.xyz,2026-07-26,12,3.0,0.0,0,0.6,-7.004238461538462,high,0.7143,2,1.0,True,NOERROR,1,3600,0,2,True,False,0,34619,TR,True,Nics Telekomunikasyon A.S.,4,365,True,0,False,False,,benign,no_adverse_signal
ahmetkoylu.com,2026-07-26,14,3.321928094887362,0.0,0,0.6666666666666666,-8.445741176470587,low,0.4444,2,1.0,True,NOERROR,1,1,0,2,False,False,0,134175,HK,False,TuringSign Inc. d/b/a Cosmotown,4,365,False,0,False,False,,benign,no_adverse_signal
yukado.nl,2026-07-26,9,2.584962500721156,0.0,0,1.0,-7.668722222222223,low,0.5455,1,1.0,True,NOERROR,1,3600,1,2,True,False,1,20847,NL,True,Antagonist B.V.,4,,False,0,False,False,False,benign,no_adverse_signal
keypathra.org,2026-07-26,13,2.94770277922009,0.0,0,0.5,-7.364493333333333,low,0.625,3,0.8888888888888888,True,NOERROR,2,300,0,2,False,False,2,13335,US,False,"NameSilo, LLC",4,365,False,0,False,False,,benign,no_adverse_signal
firedamagerestorationmaplevalleywa.shop,2026-07-26,39,3.774839591747672,0.0,0,0.7894736842105263,-6.520036923076923,low,0.4151,2,0.5,True,NOERROR,1,60,0,0,False,False,0,,,False,,,,False,0,False,False,,benign,no_adverse_signal
vexorio.store,2026-07-26,13,2.521640636343318,0.0,0,1.3333333333333333,-7.341845454545455,low,0.5,1,0.8571428571428571,True,NOERROR,1,1800,5,2,True,False,0,22612,US,False,,,,False,0,False,False,False,benign,no_adverse_signal
nk333.tech,2026-07-26,10,1.3709505944546687,0.3,0,0.0,-9.868085714285714,low,0.3636,2,0.6,True,NOERROR,2,300,0,2,False,False,2,13335,US,False,Dynadot Inc,4,365,False,0,False,False,,benign,no_adverse_signal
lunabarber.store,2026-07-26,16,2.721928094887362,0.0,0,0.6666666666666666,-6.861041176470588,low,0.5333,2,0.7,True,NOERROR,2,300,0,2,False,False,2,13335,US,False,,,,False,0,False,False,,benign,no_adverse_signal
fraud-investigation.click,2026-07-26,25,3.681880802803402,0.0,1,0.8,-6.8128,medium,0.5333,2,0.7368421052631579,True,NOERROR,1,3600,1,5,True,False,0,131965,JP,True,"GMO Internet, Inc.",4,365,True,0,False,False,False,benign,no_adverse_signal
l626dc.org,2026-07-26,10,2.2516291673878226,0.3,0,0.0,-11.6855,low,0.4444,2,0.8333333333333334,True,NOERROR,1,1799,2,2,True,False,0,16509,US,True,NAMECHEAP INC,4,365,True,24,False,False,False,benign,no_adverse_signal
pcospades.com,2026-07-26,13,2.725480556997868,0.0,0,0.5,-6.696946666666666,low,0.5714,2,0.7777777777777778,True,NOERROR,4,60,0,4,False,False,0,16509,US,True,"Amazon Registrar, Inc.",4,365,True,0,False,False,,benign,no_adverse_signal
gongphoenix.shop,2026-07-26,16,2.9139770731827523,0.0,0,0.5714285714285714,-7.41731052631579,low,0.7059,4,0.7272727272727273,True,NOERROR,1,21600,3,2,True,False,0,15169,US,True,,,,False,0,False,False,False,benign,no_adverse_signal
pnwforestcollaborativesnetwork.org,2026-07-26,34,3.8314018453921714,0.0,0,0.5,-6.777973684210526,low,0.4898,4,0.5333333333333333,True,NOERROR,1,1800,5,2,True,False,0,22612,US,False,NAMECHEAP INC,4,365,True,0,False,False,False,benign,no_adverse_signal
qusin.rest,2026-07-26,10,2.321928094887362,0.0,0,0.6666666666666666,-6.898328571428571,low,0.6667,1,1.0,False,NOERROR,0,,0,2,False,False,0,,,,"Spaceship, Inc.",4,365,False,,,False,,benign,no_adverse_signal
planyourtravel.online,2026-07-26,21,3.378783493486176,0.0,0,0.5555555555555556,-6.601296,medium,0.5185,3,0.7857142857142857,True,NOERROR,1,300,0,4,False,False,1,208414,CZ,True,"WEDOS Internet, a.s.",4,365,False,0,False,False,,benign,no_adverse_signal
stetra.top,2026-07-26,10,2.2516291673878226,0.0,0,0.5,-5.929255555555556,high,0.6667,2,0.8333333333333334,True,NOERROR,2,300,0,2,False,False,2,13335,US,False,PDR Ltd,4,365,False,0,False,False,,benign,no_adverse_signal
53e70.com,2026-07-26,9,2.321928094887362,0.4444444444444444,0,1.0,-12.132971428571429,low,0.5,0,1.0,True,NOERROR,2,300,0,2,False,False,2,13335,US,False,Dominet (HK) Limited,4,365,False,0,False,False,,benign,no_adverse_signal
khkhfm.xyz,2026-07-26,10,1.9182958340544893,0.0,0,0.0,-10.990588888888889,high,0.4615,6,0.6666666666666666,False,NOERROR,0,,0,2,False,False,0,,,,Dynadot Inc,4,365,False,,,False,,benign,no_adverse_signal
denkenhunt.lat,2026-07-26,14,2.6464393446710153,0.0,0,0.42857142857142855,-7.089835294117647,low,0.4706,2,0.7,True,NOERROR,1,300,0,2,False,False,0,14061,US,False,Dynadot Inc,4,365,False,0,False,False,,benign,no_adverse_signal
rrh784hy98.cc,2026-07-26,13,2.721928094887362,0.38461538461538464,0,0.0,-11.647358823529412,low,0.2857,3,0.7,False,NOERROR,0,,0,2,False,False,0,,,,"NameSilo, LLC",4,365,False,,,False,,benign,no_adverse_signal
ebirds.net,2026-07-26,10,2.584962500721156,0.0,0,0.5,-7.263188888888889,low,0.5455,3,1.0,False,NXDOMAIN,0,,0,0,False,False,0,,,,,,,,,,False,,benign,no_adverse_signal
thewicklist.net,2026-07-26,15,3.0957952550009344,0.0,0,0.375,-6.7816210526315786,low,0.5714,3,0.8181818181818182,True,NOERROR,2,600,0,2,False,False,0,16509,US,True,"GoDaddy.com, LLC",4,365,True,46,False,False,,benign,no_adverse_signal
np-x.net,2026-07-26,8,2.0,0.0,1,0.0,-9.962219999999999,low,0.5714,2,1.0,True,NOERROR,1,3600,1,2,True,False,0,7684,JP,True,"GMO Internet, Inc.",4,365,True,0,False,False,False,benign,no_adverse_signal
synthgroove.com,2026-07-26,15,3.277613436819116,0.0,0,0.375,-7.589452631578948,low,0.5,7,0.9090909090909091,True,NOERROR,1,1800,0,0,False,False,0,58182,US,True,Wix.com Ltd.,738,1095,True,0,False,False,,benign,no_adverse_signal
bambinosaplomb.com,2026-07-26,18,3.039148671903071,0.0,0,0.5555555555555556,-7.029064,low,0.4762,2,0.6428571428571429,True,NOERROR,1,50,0,2,False,False,0,47583,CY,False,"HOSTINGER operations, UAB",4,1096,False,32,False,False,,benign,no_adverse_signal
fidgetcore.shop,2026-07-26,15,3.121928094887362,0.0,0,0.6666666666666666,-6.700941176470588,low,0.5333,2,0.9,True,NOERROR,1,3600,0,2,False,False,1,13335,CA,True,,,,False,0,False,False,,benign,no_adverse_signal
lh2bensi.cfd,2026-07-26,12,3.0,0.08333333333333333,0,0.4,-8.775453846153846,low,0.4706,2,1.0,False,NOERROR,0,,0,2,False,False,0,,,,"GMO Internet, Inc.",4,365,True,,,False,,benign,no_adverse_signal
xn--hy1b72le3ar3k8wf.com,2026-07-26,24,4.1219280948873624,0.25,2,0.2,-11.276835135135135,low,0.3226,2,0.9,True,NOERROR,1,600,0,2,False,False,0,3786,KR,False,"Gabia, Inc.",742,1095,False,0,False,False,,benign,no_adverse_signal
7631046.xyz,2026-07-26,11,2.5216406363433186,0.6363636363636364,0,0.0,-10.756581818181818,high,0.4,0,0.8571428571428571,False,NOERROR,0,,0,2,False,False,0,,,,"Cloudflare, Inc.",4,365,True,,,False,,benign,no_adverse_signal
easeheaven.com,2026-07-26,14,2.321928094887362,0.0,0,1.5,-6.792388235294118,low,0.5714,1,0.6,True,NOERROR,1,21600,0,4,False,False,1,13335,CA,True,"TUCOWS.COM, CO.",4,365,True,0,False,False,,benign,no_adverse_signal
q5nn.com,2026-07-26,8,1.5,0.125,0,0.0,-11.83076,low,0.5714,2,0.75,True,NOERROR,1,60,0,2,False,False,0,40065,US,False,"NameSilo, LLC",4,365,True,0,False,False,,benign,no_adverse_signal
zoeyo.in,2026-07-26,8,1.9219280948873623,0.0,0,1.5,-8.73772857142857,low,0.6667,1,0.8,True,NOERROR,2,60,0,2,False,False,2,47583,DE,False,"HOSTINGER operations, UAB",5,365,False,1,False,False,,benign,no_adverse_signal
rauschoase.info,2026-07-26,15,2.9219280948873623,0.0,0,1.0,-6.936758823529411,medium,0.5455,3,0.8,True,NOERROR,1,150,1,2,False,False,0,8560,FR,False,,,,,0,False,False,False,benign,no_adverse_signal
foodreadyadvisor.online,2026-07-26,23,3.1556390622295662,0.0,0,0.7777777777777778,-7.096265517241379,medium,0.64,2,0.625,True,NOERROR,2,300,5,2,True,False,2,13335,US,False,Porkbun LLC,4,365,False,0,False,False,False,benign,no_adverse_signal
li-yilei.com,2026-07-26,12,2.1556390622295662,0.0,1,1.3333333333333333,-8.617269230769232,low,0.625,1,0.625,True,NOERROR,2,43,0,2,False,False,0,14618,US,True,"ENOM, INC.",4,365,True,0,False,False,,benign,no_adverse_signal
anticnjo.cfd,2026-07-26,12,2.75,0.0,0,0.6,-7.2231000000000005,low,0.5714,3,0.875,False,NOERROR,0,,0,2,False,False,0,,,,Porkbun LLC,4,365,False,,,False,,benign,no_adverse_signal
swimiresearch.org,2026-07-26,17,3.0850551027564768,0.0,0,0.625,-6.6224,low,0.64,3,0.6923076923076923,False,NOERROR,0,,0,2,False,False,0,,,,"Cloudflare, Inc.",4,365,False,,,False,,benign,no_adverse_signal
ionihash.site,2026-07-26,13,2.5,0.0,0,1.0,-6.8769846153846155,medium,0.5556,2,0.75,True,NOERROR,2,300,0,2,False,False,2,13335,US,False,NAMECHEAP INC,4,365,False,0,False,False,,benign,no_adverse_signal
22bet-danmark.dk,2026-07-26,16,3.3927474104487847,0.125,1,0.42857142857142855,-7.515047826086957,low,0.4762,2,0.8461538461538461,True,NOERROR,2,300,0,2,False,False,2,13335,US,False,Realtime Register B.V.,5,364,True,0,False,False,,benign,no_adverse_signal
cryptopics.online,2026-07-26,17,2.9219280948873623,0.0,0,0.25,-7.287952941176471,medium,0.6667,5,0.8,True,NOERROR,1,300,0,2,False,False,0,38719,AU,True,Dreamscape Networks International Pte Ltd,4,365,False,0,False,False,,benign,no_adverse_signal
92e024.com,2026-07-26,10,2.2516291673878226,0.5,0,1.0,-11.435355555555555,low,0.4,0,0.8333333333333334,True,NOERROR,2,300,0,2,False,False,0,13335,US,False,Dynadot Inc,4,365,False,0,False,False,,benign,no_adverse_signal
ifwt6y1tbe.top,2026-07-26,14,3.121928094887362,0.14285714285714285,0,0.3333333333333333,-10.990617647058823,high,0.4706,3,0.9,True,NOERROR,1,300,0,2,False,False,0,134175,HK,False,Porkbun LLC,4,365,False,0,False,False,,benign,no_adverse_signal
wdbos50juta.shop,2026-07-26,16,3.459431618637298,0.125,0,0.5,-9.705215789473684,low,0.5,3,1.0,True,NOERROR,2,60,2,2,True,False,2,47583,DE,False,,,,False,0,False,False,False,benign,no_adverse_signal
recruitanker-jobanfragen.com,2026-07-26,28,3.6572682296173897,0.0,1,0.6428571428571429,-7.032937777777777,low,0.4,3,0.625,False,NOERROR,0,,2,2,True,False,0,,,,Dynadot Inc,4,365,False,,,False,False,benign,no_adverse_signal
abracubabrix.store,2026-07-26,18,2.625814583693911,0.0,0,0.7142857142857143,-7.195828571428572,low,0.5,2,0.5833333333333334,True,NOERROR,1,3600,2,4,True,False,1,8560,DE,True,,,,False,0,False,False,False,benign,no_adverse_signal
chalicecollectiblesmarket.shop,2026-07-26,30,3.4438561897747233,0.0,0,0.5625,-6.431510638297873,low,0.4,2,0.52,True,NOERROR,1,300,0,2,False,False,0,,GE,False,,,,False,0,False,False,,benign,no_adverse_signal
weo-cube.com,2026-07-26,12,2.75,0.0,1,1.3333333333333333,-8.112169230769231,low,0.6154,1,0.875,True,NOERROR,2,600,0,2,False,False,0,16509,US,True,"GoDaddy.com, LLC",4,1096,True,34,False,False,,benign,no_adverse_signal
czwy.asia,2026-07-26,9,2.0,0.0,0,0.0,-11.304820000000001,low,0.4444,4,1.0,False,NOERROR,0,,0,2,False,False,0,,,,"DNSPod, Inc.",4,365,True,,,False,,benign,no_adverse_signal
zfvtectch.cfd,2026-07-26,13,2.725480556997868,0.0,0,0.125,-8.28258,low,0.5333,4,0.7777777777777778,False,NOERROR,0,,0,2,False,False,0,,,,"Spaceship, Inc.",4,365,False,,,False,,benign,no_adverse_signal
thesunset.cafe,2026-07-26,14,2.5032583347756456,0.0,0,0.5,-6.507926666666666,low,0.5455,2,0.6666666666666666,True,NOERROR,2,120,0,4,False,False,0,16509,DE,True,,,,,21,False,False,,benign,no_adverse_signal
blackrockk.biz,2026-07-26,14,2.6464393446710153,0.0,0,0.25,-7.356688235294118,low,0.5333,3,0.7,True,NOERROR,2,300,0,2,False,False,2,13335,US,False,Dynadot Inc,4,,True,0,False,False,,benign,no_adverse_signal
prucamed.com,2026-07-26,12,3.0,0.0,0,0.6,-6.725969230769231,low,0.5882,2,1.0,True,NOERROR,2,3600,0,2,False,False,0,16509,US,True,"GoDaddy.com, LLC",4,365,True,18,False,False,,benign,no_adverse_signal
veranda-landgraaf.nl,2026-07-26,20,3.051601636871704,0.0,1,0.6,-6.998051612903226,low,0.4138,4,0.5882352941176471,True,NOERROR,1,600,1,3,True,False,1,206281,NL,True,ZXCS,63,,False,1,False,False,False,benign,no_adverse_signal
cpc567.app,2026-07-26,10,2.2516291673878226,0.3,0,0.0,-10.6475,low,0.5,3,0.8333333333333334,True,NOERROR,2,300,0,2,False,False,2,13335,US,False,,,,False,0,False,False,,benign,no_adverse_signal
benianpro.com,2026-07-26,13,2.94770277922009,0.0,0,0.8,-6.62134,low,0.7143,3,0.8888888888888888,True,NOERROR,2,300,1,2,True,False,2,13335,US,False,"Spaceship, Inc.",4,365,False,0,False,False,False,benign,no_adverse_signal
estekhdomi.shop,2026-07-26,15,3.121928094887362,0.0,0,0.6666666666666666,-7.254317647058823,low,0.5882,3,0.9,False,NXDOMAIN,0,,0,0,False,False,0,,,,,,,False,,,False,,benign,no_adverse_signal
appbaua.com,2026-07-26,11,1.8423709931771088,0.0,0,1.3333333333333333,-7.903727272727273,low,0.5714,3,0.5714285714285714,True,NOERROR,2,300,1,2,True,False,2,13335,US,False,RegistryGate GmbH,4,365,True,0,False,False,False,benign,no_adverse_signal
worldbusinessfinder.com,2026-07-26,23,3.4713544870139295,0.0,0,0.46153846153846156,-6.634611428571429,low,0.7647,4,0.631578947368421,True,NOERROR,2,27,0,4,False,False,0,,US,False,Porkbun LLC,382,730,False,3,False,False,,benign,no_adverse_signal
lnupjec.shop,2026-07-26,12,2.807354922057604,0.0,0,0.4,-8.893754545454545,low,0.5455,2,1.0,False,NOERROR,0,,0,2,False,False,0,,,,,,,False,,,False,,benign,no_adverse_signal
sfc14c24072qfxtj.com.cn,2026-07-26,23,3.5,0.30434782608695654,0,0.0,-11.514903448275863,low,0.3226,5,0.75,True,NOERROR,1,300,0,2,False,False,0,132839,HK,False,北京新网数码信息技术有限公司,5,365,False,0,False,False,,benign,no_adverse_signal
cornerstonepolicy.org,2026-07-26,21,3.3371753411230776,0.0,0,0.5454545454545454,-6.2997516129032265,low,0.5,3,0.6470588235294118,True,NOERROR,4,14400,1,4,True,False,0,53831,US,False,Squarespace Domains II LLC,4,365,True,30,False,False,False,benign,no_adverse_signal
novacompraline.com.br,2026-07-26,21,3.3787834934861767,0.0,0,0.75,-6.4036360000000005,low,0.5217,3,0.7857142857142857,True,NOERROR,3,3600,0,2,False,False,0,58182,US,True,,5,365,False,24,False,False,,benign,no_adverse_signal
sefvzn.cfd,2026-07-26,10,2.584962500721156,0.0,0,0.2,-10.634922222222222,low,0.5455,4,1.0,True,NOERROR,2,300,0,2,False,False,2,13335,US,False,"NameSilo, LLC",4,365,True,0,False,False,,benign,no_adverse_signal
rsjdevs.com,2026-07-26,11,2.5216406363433186,0.0,0,0.16666666666666666,-9.06399090909091,low,0.6667,4,0.8571428571428571,True,NOERROR,1,14400,3,2,True,False,0,22612,US,True,NAMECHEAP INC,4,365,True,0,False,False,False,benign,no_adverse_signal
playheatwave.com,2026-07-26,16,3.0220552088742005,0.0,0,0.7142857142857143,-7.084571428571429,low,0.5217,2,0.75,True,NOERROR,1,1800,0,2,False,False,0,16509,US,False,"Spaceship, Inc.",3,365,False,0,False,False,,benign,no_adverse_signal
lovelifedaily.ca,2026-07-26,16,3.0269868333592873,0.0,0,0.8571428571428571,-6.711447826086957,low,0.48,2,0.6923076923076923,True,NOERROR,1,600,0,2,False,False,0,396982,US,True,"Go Daddy Domains Canada, Inc",5,1096,True,36,False,False,,benign,no_adverse_signal
ledrentaldisplay.com,2026-07-26,20,3.327819531114783,0.0,0,0.45454545454545453,-6.483465517241379,low,0.48,3,0.6875,False,NOERROR,0,,0,2,True,False,0,,,,"GoDaddy.com, LLC",4,365,True,,,False,,benign,no_adverse_signal
netinfortech.com,2026-07-26,16,3.084962500721156,0.0,0,0.5,-5.99364761904762,low,0.5556,2,0.75,False,NOERROR,0,,0,2,False,False,0,,,,July Name Limited,4,365,True,,,False,,benign,no_adverse_signal
039h.buzz,2026-07-26,9,2.0,0.3333333333333333,0,0.0,-11.843039999999998,high,0.2857,1,1.0,True,NOERROR,2,300,0,2,False,False,2,13335,US,False,"Spaceship, Inc.",4,365,False,0,False,False,,benign,no_adverse_signal
blueprintsavings.com,2026-07-26,20,3.625,0.0,0,0.45454545454545453,-6.7193137931034475,low,0.5161,3,0.8125,True,NOERROR,3,3600,0,2,False,False,0,58182,US,True,Wix.com Ltd.,4,365,True,22,False,False,,benign,no_adverse_signal
rocket-perps.org,2026-07-26,16,3.084962500721156,0.0,1,0.375,-7.065495238095239,low,0.6364,3,0.75,True,NOERROR,1,600,0,2,False,False,0,59692,AE,True,Fewmoretaps OU d/b/a Trustname.com,4,365,True,0,False,False,,benign,no_adverse_signal
biij12.com,2026-07-26,10,2.2516291673878226,0.2,0,1.0,-10.186222222222222,low,0.4444,1,0.8333333333333334,False,NOERROR,0,,0,2,False,False,0,,,,Realtime Register B.V.,4,365,False,,,False,,benign,no_adverse_signal
getsendtask.com,2026-07-26,15,2.9139770731827523,0.0,0,0.375,-6.767636842105264,low,0.5556,3,0.7272727272727273,False,NOERROR,0,,3,2,True,False,0,,,,"Amazon Registrar, Inc.",4,365,True,,,False,False,benign,no_adverse_signal
juxinghuizhi.top,2026-07-26,16,2.8553885422075336,0.0,0,0.7142857142857143,-8.134438095238094,high,0.4444,3,0.6666666666666666,True,NOERROR,1,1,0,2,False,False,0,59371,HK,False,Gname.com Pte. Ltd.,4,365,True,0,False,False,,benign,no_adverse_signal
tlgorigin.com,2026-07-26,13,2.725480556997868,0.0,0,0.5,-7.195226666666667,low,0.5,3,0.7777777777777778,True,NOERROR,2,3600,0,2,False,False,0,16509,US,True,"GoDaddy.com, LLC",4,3653,True,18,False,False,,benign,no_adverse_signal
grindonsolana.com,2026-07-26,17,3.0269868333592873,0.0,0,0.625,-6.277560869565218,low,0.5263,2,0.6923076923076923,True,NOERROR,1,21600,0,2,False,False,0,16509,US,True,"TUCOWS.COM, CO.",738,1095,True,0,False,False,,benign,no_adverse_signal
kujpcqk1953.cc,2026-07-26,14,3.2776134368191165,0.2857142857142857,0,0.16666666666666666,-11.367231578947369,low,0.381,5,0.9090909090909091,False,NXDOMAIN,0,,0,0,False,False,0,,,,,,,False,,,True,,malicious,spamhaus_dbl
s7vgs5v1.cfd,2026-07-26,12,2.5,0.25,0,0.0,-12.148553846153845,low,0.4615,3,0.75,True,NOERROR,1,300,0,2,False,False,0,13335,SG,False,"GMO Internet, Inc.",4,365,True,0,False,False,,benign,no_adverse_signal
99centvault.com,2026-07-26,15,3.0957952550009344,0.13333333333333333,0,0.5,-8.142068421052631,low,0.5,3,0.8181818181818182,True,NOERROR,1,1800,5,2,True,False,0,22612,US,False,NAMECHEAP INC,4,365,True,0,False,False,False,benign,no_adverse_signal
mdt001.ru,2026-07-26,9,2.251629167387823,0.3333333333333333,0,0.0,-10.4228,low,0.4444,3,0.8333333333333334,True,NOERROR,1,3600,2,2,True,False,0,29182,RU,True,ARDIS-RU,5,365,False,0,False,False,False,benign,no_adverse_signal
jinwo789.com,2026-07-26,12,3.0,0.25,0,0.6666666666666666,-9.317615384615385,low,0.4286,2,1.0,False,NOERROR,0,,0,2,False,False,0,,,,"GMO Internet, Inc.",4,365,True,,,False,,benign,no_adverse_signal
jetbet2111.com,2026-07-26,14,2.4464393446710155,0.2857142857142857,0,0.5,-8.370823529411766,low,0.4,2,0.6,False,NXDOMAIN,0,,0,0,False,False,0,,,,Dynadot Inc,4,365,False,,,False,,benign,no_adverse_signal
ourkitchen.us,2026-07-26,13,3.321928094887362,0.0,0,0.6666666666666666,-6.716841176470588,low,0.5333,3,1.0,True,NOERROR,1,3600,0,2,False,False,0,16509,US,False,"GoDaddy.com, LLC",4,365,False,0,False,False,,benign,no_adverse_signal
nq613m48.top,2026-07-26,12,3.0,0.4166666666666667,0,0.0,-12.337107692307693,high,0.3636,2,1.0,True,NOERROR,3,60,0,2,False,True,0,138995,US,False,Dominet (HK) Limited,4,365,True,0,True,True,,malicious,spamhaus_zen
chanpinpeixun.com,2026-07-26,17,3.0269868333592873,0.0,0,0.625,-7.612430434782609,low,0.4762,2,0.6923076923076923,True,NOERROR,1,1,0,2,False,False,0,967,HK,False,July Name Limited,4,365,True,0,False,False,,benign,no_adverse_signal
ringgoou-co.cyou,2026-07-26,16,2.8453509366224368,0.0,1,1.0,-7.41088947368421,low,0.48,3,0.7272727272727273,False,NOERROR,0,,0,2,False,False,0,,,,Alibaba Cloud Computing Ltd. d/b/a HiChina (www.net.cn),4,365,False,,,False,,benign,no_adverse_signal
marcanomedia.com,2026-07-26,16,3.0220552088742,0.0,0,1.0,-6.181880952380952,low,0.8182,2,0.75,True,NOERROR,4,14400,1,4,True,False,0,53831,US,False,Squarespace Domains II LLC,3,365,True,30,False,False,False,benign,no_adverse_signal
tlvhome.com,2026-07-26,11,2.807354922057604,0.0,0,0.4,-8.251100000000001,low,0.5714,4,1.0,True,NOERROR,1,300,0,2,False,False,0,206834,DE,False,"Gransy, s.r.o.",4,365,False,24,False,False,,benign,no_adverse_signal
gunitehawaii.com,2026-07-26,16,3.0220552088742005,0.0,0,1.4,-7.278038095238095,low,0.4762,1,0.75,False,NOERROR,0,,1,4,True,False,0,,,,NAMECHEAP INC,4,365,True,,,False,False,benign,no_adverse_signal
feedrop.io,2026-07-26,10,2.5216406363433186,0.0,0,0.75,-6.978036363636363,low,0.6154,2,0.8571428571428571,True,NOERROR,1,300,5,2,True,False,0,13335,DE,True,NAMECHEAP INC,5,365,True,63,False,False,False,malicious,abuseipdb
tnhascensionlegacy.org,2026-07-26,22,3.4613201402110083,0.0,0,0.5,-7.0396363636363635,low,0.4615,3,0.6666666666666666,True,NOERROR,1,300,0,2,False,False,0,40034,VG,False,"Network Solutions, LLC",4,365,True,21,False,False,,benign,no_adverse_signal
0vfhxt.top,2026-07-26,10,2.584962500721156,0.1,0,0.0,-12.267555555555555,high,0.4444,5,1.0,False,NOERROR,0,,0,2,False,False,0,,,,"Todaynic.com, Inc.",4,365,True,,,True,,malicious,spamhaus_dbl
togout.online,2026-07-26,13,1.9182958340544893,0.0,0,1.0,-6.967455555555556,medium,0.5714,1,0.6666666666666666,True,NOERROR,1,1800,0,3,False,False,0,24806,CZ,True,"TUCOWS.COM, CO.",4,365,False,0,False,False,,benign,no_adverse_signal
aerobicureceipt.cyou,2026-07-26,20,3.1898980954642875,0.0,0,1.1428571428571428,-7.145659259259259,low,0.5517,2,0.6666666666666666,False,NOERROR,0,,0,2,False,False,0,,,,Porkbun LLC,4,365,False,,,False,,benign,no_adverse_signal
mxiaobei.com,2026-07-26,12,2.75,0.0,0,1.6666666666666667,-8.451976923076923,low,0.7143,2,0.875,True,NOERROR,2,300,0,2,False,False,2,13335,US,False,Gname 335 Inc,4,365,False,0,False,False,,benign,no_adverse_signal
l89v.tech,2026-07-26,9,2.0,0.2222222222222222,0,0.0,-11.366620000000001,low,0.5,1,1.0,True,NOERROR,2,300,0,2,False,False,2,13335,US,False,Dynadot Inc,4,365,False,0,False,False,,benign,no_adverse_signal
avoliworld.shop,2026-07-26,15,2.9219280948873623,0.0,0,0.6666666666666666,-7.2971,low,0.5556,3,0.8,True,NOERROR,1,300,0,2,False,False,0,199242,GE,False,,,,False,0,True,False,,malicious,spamhaus_zen
salinaguarantor.help,2026-07-26,20,3.106890595608519,0.0,0,0.875,-6.260077777777777,low,0.5143,2,0.6666666666666666,False,SERVFAIL,0,,0,0,False,False,0,,,,Porkbun LLC,4,365,False,,,False,,benign,no_adverse_signal
zapchat.homes,2026-07-26,13,2.5216406363433186,0.0,0,0.4,-7.104309090909092,low,0.8,3,0.8571428571428571,True,NOERROR,2,1,0,4,False,False,0,,US,False,Porkbun LLC,382,730,False,3,False,False,,benign,no_adverse_signal
a0q1f2qe.cfd,2026-07-26,12,2.75,0.25,0,0.6666666666666666,-12.950076923076923,low,0.4286,1,0.875,True,NOERROR,1,300,0,2,False,False,0,45102,HK,False,"GMO Internet, Inc.",4,365,True,0,False,False,,benign,no_adverse_signal
mihenkmermer.com,2026-07-26,16,2.6258145836939115,0.0,0,0.5,-7.2003095238095245,low,0.48,3,0.5833333333333334,True,NOERROR,1,50,0,2,False,False,0,47583,CY,False,"HOSTINGER operations, UAB",4,365,False,32,False,False,,benign,no_adverse_signal
widesell.com,2026-07-26,12,2.5,0.0,0,0.6,-6.386638461538462,low,0.6667,2,0.75,True,NOERROR,2,27,0,4,False,False,0,,US,False,Porkbun LLC,381,730,False,3,False,False,,benign,no_adverse_signal
arlavia.com,2026-07-26,11,2.1280852788913944,0.0,0,1.3333333333333333,-6.9044727272727275,low,0.625,2,0.7142857142857143,True,NOERROR,1,21600,1,4,True,False,1,13335,CA,True,"TUCOWS.COM, CO.",4,365,True,0,False,False,False,benign,no_adverse_signal
longtailf.com,2026-07-26,13,2.94770277922009,0.0,0,0.5,-6.95152,low,0.5714,3,0.8888888888888888,True,NOERROR,4,14400,1,4,True,False,0,53831,US,False,Squarespace Domains II LLC,4,365,True,41,False,False,False,benign,no_adverse_signal
lefauxtegraphe.com,2026-07-26,18,3.3248629576173574,0.0,0,0.75,-7.579772,low,0.48,2,0.7857142857142857,True,NOERROR,1,50,2,2,True,False,0,47583,CY,False,"HOSTINGER operations, UAB",4,365,False,32,False,False,False,benign,no_adverse_signal
brazenheadfoundry.com,2026-07-26,21,3.4992275471326932,0.0,0,0.5454545454545454,-7.223116129032258,low,0.4348,4,0.7058823529411765,True,NOERROR,1,14400,1,2,True,False,0,13335,US,True,"Network Solutions, LLC",4,365,True,0,False,False,False,benign,no_adverse_signal
mectify.com,2026-07-26,11,2.807354922057604,0.0,0,0.4,-6.876063636363637,low,0.5714,2,1.0,True,NOERROR,2,300,0,2,False,False,2,13335,US,False,"Gransy, s.r.o.",4,365,False,0,False,False,,benign,no_adverse_signal
sendcosmos.com,2026-07-26,14,2.6464393446710157,0.0,0,0.42857142857142855,-6.890664705882353,low,0.5,3,0.7,True,NOERROR,1,300,1,2,True,False,0,14618,US,True,Porkbun LLC,4,365,False,0,False,False,False,benign,no_adverse_signal
urunkontrol.com,2026-07-26,15,2.7321588913645702,0.0,0,0.5714285714285714,-6.800142105263157,low,0.5833,3,0.6363636363636364,True,NOERROR,1,3600,1,2,True,False,0,133618,US,True,"CloudNineDomain, LLC",4,365,True,0,False,False,False,benign,no_adverse_signal
casamunaycounseling.com,2026-07-26,23,3.4316235658474294,0.0,0,0.7272727272727273,-6.63126,low,0.5161,2,0.631578947368421,True,NOERROR,2,42,2,4,True,False,0,,US,False,Porkbun LLC,4,365,False,0,False,False,False,benign,no_adverse_signal
utwzf.com,2026-07-26,9,2.321928094887362,0.0,0,0.25,-10.431828571428571,low,0.4444,4,1.0,True,NOERROR,1,1,0,2,False,False,0,967,HK,False,July Name Limited,4,365,True,0,False,False,,benign,no_adverse_signal
ahowaiwater.org,2026-07-26,15,2.8453509366224368,0.0,0,1.2,-7.042573684210526,low,0.5556,1,0.7272727272727273,True,NOERROR,1,3600,0,2,False,False,0,56030,NZ,False,"eNom, LLC",4,365,False,0,False,False,,benign,no_adverse_signal
zhongsheyigou.com,2026-07-26,17,3.238901256602631,0.0,0,0.625,-7.7318999999999996,low,0.4444,4,0.7692307692307693,True,NOERROR,1,300,0,2,False,False,0,59371,HK,False,"Cloudflare, Inc.",4,365,True,0,False,False,,benign,no_adverse_signal
haxiokpb.com,2026-07-26,12,3.0,0.0,0,0.6,-8.707,low,0.4615,3,1.0,False,NOERROR,0,,0,2,False,False,0,,,,"GoDaddy.com, LLC",4,365,True,,,False,,benign,no_adverse_signal
putneydentalcentre.com,2026-07-26,22,3.197159723424149,0.0,0,0.5,-6.802293939393939,low,0.4516,3,0.6111111111111112,True,NOERROR,1,21600,0,2,False,False,0,16509,US,True,"TUCOWS.COM, CO.",1104,1461,True,0,False,False,,benign,no_adverse_signal
cardenceweb3.io,2026-07-26,15,3.0220552088742,0.06666666666666667,0,0.5714285714285714,-6.940661904761904,low,0.48,2,0.75,True,NOERROR,2,300,0,2,False,False,2,13335,US,False,NAMECHEAP INC,5,365,True,0,False,False,,benign,no_adverse_signal
cocoonly.net,2026-07-26,12,2.1556390622295662,0.0,0,0.6,-6.814076923076923,low,0.5333,3,0.625,True,NOERROR,1,21600,0,4,False,False,1,13335,CA,True,"TUCOWS.COM, CO.",4,365,True,0,False,False,,benign,no_adverse_signal
eshvq.com,2026-07-26,9,2.321928094887362,0.0,0,0.25,-9.346885714285715,low,0.5,4,1.0,True,NOERROR,2,600,0,2,False,False,0,16509,US,True,"GoDaddy.com, LLC",4,365,True,46,False,False,,benign,no_adverse_signal
iiefd4n3.cfd,2026-07-26,12,2.75,0.16666666666666666,0,1.0,-10.748323076923079,low,0.5,2,0.875,False,NOERROR,0,,0,2,False,False,0,,,,"GMO Internet, Inc.",4,365,True,,,False,,benign,no_adverse_signal
ohalidev.sbs,2026-07-26,12,3.0,0.0,0,1.0,-6.772961538461539,low,0.5882,1,1.0,True,NOERROR,2,300,0,2,False,False,2,13335,US,False,Dynadot Inc,4,365,False,0,False,False,,benign,no_adverse_signal
escortbukarest.com,2026-07-26,18,3.2359263506290334,0.0,0,0.5555555555555556,-6.617952,low,0.5185,3,0.7142857142857143,True,NOERROR,1,50,0,2,False,False,0,47583,CY,False,"HOSTINGER operations, UAB",4,365,False,32,False,False,,benign,no_adverse_signal
xn--oi2b00a.com,2026-07-26,15,3.095795255000934,0.2,2,1.0,-10.9472,low,0.375,2,0.8181818181818182,True,NOERROR,2,300,0,2,False,False,2,13335,US,False,"Megazone Corp., dba HOSTING.KR",5,365,False,0,False,False,,benign,no_adverse_signal
01001.space,2026-07-26,11,0.9709505944546686,0.45454545454545453,0,0.0,-8.850728571428572,low,0.25,0,0.4,True,NOERROR,1,3600,2,2,True,False,0,205090,AE,True,Registrar of Domain Names REG.RU LLC,4,365,False,0,False,False,False,benign,no_adverse_signal
apponaugconsulting.com,2026-07-26,22,3.350209029099897,0.0,0,0.6363636363636364,-6.840272727272728,low,0.4615,2,0.6111111111111112,True,NOERROR,2,600,2,4,True,False,0,2635,US,True,Porkbun LLC,3,365,False,0,False,False,False,benign,no_adverse_signal
sintafluoresko.world,2026-07-26,20,3.521640636343319,0.0,0,0.75,-7.028976,low,0.5455,2,0.8571428571428571,True,NOERROR,2,300,0,2,False,False,2,13335,US,False,,,,,0,False,False,,benign,no_adverse_signal
rochasolucoesparasuacasa.com.br,2026-07-26,31,3.0424812503605785,0.0,0,1.0,-6.893697777777779,low,0.3529,2,0.4166666666666667,True,NOERROR,1,300,1,3,True,False,0,31898,DE,False,,38,731,False,0,False,False,False,benign,no_adverse_signal
doslunasksa.com,2026-07-26,15,2.8453509366224368,0.0,0,0.5714285714285714,-7.51732105263158,low,0.5333,3,0.7272727272727273,True,NOERROR,2,60,2,2,True,False,2,47583,DE,False,"GoDaddy.com, LLC",4,1096,True,1,False,False,False,benign,no_adverse_signal
bdnjsuanq500znmeybule.com.cn,2026-07-26,28,3.7849418274376423,0.10714285714285714,0,0.38461538461538464,-9.569458974358975,low,0.375,5,0.7142857142857143,True,NOERROR,1,300,0,2,False,False,0,132839,HK,False,北京新网数码信息技术有限公司,5,365,False,0,False,False,,benign,no_adverse_signal
grandpashabetgirisadres.vip,2026-07-26,27,3.414441303694973,0.0,0,0.5333333333333333,-6.84333488372093,low,0.4242,3,0.5217391304347826,True,NOERROR,2,300,0,2,False,False,2,13335,US,False,Dynadot Inc,4,365,True,0,False,False,,benign,no_adverse_signal
itripi.ai,2026-07-26,9,1.7924812503605778,0.0,0,1.0,-6.683322222222222,low,0.6667,2,0.6666666666666666,True,NOERROR,1,50,0,2,False,False,0,47583,CY,False,"HOSTINGER operations, UAB",5,731,True,32,False,False,,benign,no_adverse_signal
pttbesagne.qpon,2026-07-26,15,2.9219280948873623,0.0,0,0.42857142857142855,-7.616205882352942,low,0.5882,4,0.8,True,NOERROR,22,60,0,0,False,False,0,7979,NL,False,URL SOLUTIONS INC.,4,365,True,0,False,True,,malicious,spamhaus_dbl
lunashearssalon.com,2026-07-26,19,3.006238928653389,0.0,0,0.6666666666666666,-6.6300740740740745,low,0.5185,3,0.6,True,NOERROR,2,5,0,4,False,False,0,,US,False,Porkbun LLC,745,1095,False,3,False,False,,benign,no_adverse_signal
copticmedical.co.uk,2026-07-26,19,3.180832987205441,0.0,0,0.625,-6.711847826086957,low,0.6087,2,0.7692307692307693,True,NOERROR,2,3600,0,2,False,False,0,16509,US,True,123-Reg Limited t/a 123-reg [Tag = 123-REG],5,365,False,22,False,False,,benign,no_adverse_signal
waterdamagerestorationglendaleca.shop,2026-07-26,37,3.542837797403416,0.0,0,0.7777777777777778,-6.151203278688525,low,0.4186,3,0.4375,True,NOERROR,1,60,0,0,False,False,0,,,False,,,,False,0,False,False,,benign,no_adverse_signal
goldrajaq.com,2026-07-26,13,2.94770277922009,0.0,0,0.5,-7.995893333333333,low,0.5556,3,0.8888888888888888,True,NOERROR,2,300,0,2,False,False,2,13335,US,False,Dominet (HK) Limited,4,365,False,0,False,False,,benign,no_adverse_signal
riversedgestudio.co,2026-07-26,19,3.202819531114783,0.0,0,0.7777777777777778,-6.417227586206897,low,0.5714,2,0.625,True,NOERROR,4,14400,1,4,True,False,0,53831,US,False,Key-Systems GmbH,5,365,True,30,False,False,False,benign,no_adverse_signal
comidasegypt.com,2026-07-26,16,3.584962500721156,0.0,0,0.5,-7.237038095238096,low,0.6316,4,1.0,False,NOERROR,0,,2,2,True,False,0,,,,"Spaceship, Inc.",3,731,False,,,False,False,benign,no_adverse_signal
cordellchamber.com,2026-07-26,18,3.2359263506290334,0.0,0,0.4,-6.673996,low,0.5714,4,0.7142857142857143,True,NOERROR,1,600,0,2,False,False,0,27647,US,True,"GoDaddy.com, LLC",4,1096,True,0,False,False,,benign,no_adverse_signal
salsa47.xyz,2026-07-26,11,2.2359263506290326,0.18181818181818182,0,0.6666666666666666,-8.27190909090909,high,0.5333,2,0.7142857142857143,True,NOERROR,2,27,0,4,False,False,0,,US,False,Porkbun LLC,382,730,False,3,False,False,,benign,no_adverse_signal
tecnoaudiodiadema.com.br,2026-07-26,24,3.175123135113461,0.0,0,1.4285714285714286,-7.040129032258064,low,0.4667,2,0.5882352941176471,True,NOERROR,2,60,0,2,False,False,2,47583,DE,False,,5,365,False,1,False,False,,benign,no_adverse_signal
stlstockfish.com,2026-07-26,16,3.0220552088742,0.0,0,0.2,-7.2984285714285715,low,0.4706,5,0.75,True,NOERROR,1,60,2,3,True,False,0,26347,US,True,DREAMHOST,4,365,True,0,False,False,False,benign,no_adverse_signal
pqjoiq4.beer,2026-07-26,12,2.5216406363433186,0.08333333333333333,0,0.5,-11.07329090909091,low,0.4286,3,0.8571428571428571,True,NOERROR,1,25,0,2,False,False,0,64013,SG,False,Dynadot Inc,4,365,True,1,False,False,,benign,no_adverse_signal
francerxtop.online,2026-07-26,18,3.2776134368191165,0.0,0,0.375,-7.0545947368421045,medium,0.5263,3,0.9090909090909091,True,NOERROR,2,300,0,2,False,False,2,13335,US,False,Hosting Concepts B.V. d/b/a Registrar.eu,4,365,False,0,False,False,,benign,no_adverse_signal
lordtalyajr.online,2026-07-26,18,2.9139770731827523,0.0,0,0.375,-7.814078947368421,medium,0.5,3,0.7272727272727273,True,NOERROR,1,21600,0,2,False,False,0,57724,RU,False,Registrar of Domain Names REG.RU LLC,4,365,False,0,False,False,,benign,no_adverse_signal
englishformybaby.ru,2026-07-26,19,3.75,0.0,0,0.3333333333333333,-7.3957,low,0.4348,4,0.875,True,NOERROR,1,21600,0,2,False,False,0,197695,RU,False,REGRU-RU,5,365,False,2,False,False,,benign,no_adverse_signal
win338kra.site,2026-07-26,14,2.94770277922009,0.21428571428571427,0,0.5,-9.691566666666667,medium,0.5333,2,0.8888888888888888,True,NOERROR,2,300,0,2,False,False,2,13335,US,False,NAMECHEAP INC,4,365,True,0,False,False,,benign,no_adverse_signal
concordantreadiness.com,2026-07-26,23,3.2608281712244556,0.0,0,0.5833333333333334,-6.143934285714286,low,0.5714,3,0.5263157894736842,True,NOERROR,4,14400,0,4,True,False,0,53831,US,False,Squarespace Domains LLC,4,731,True,30,False,False,,benign,no_adverse_signal
6gkh.com,2026-07-26,8,2.0,0.125,0,0.0,-11.98584,low,0.4444,3,1.0,False,NOERROR,0,,0,2,False,False,0,,,,"NameSilo, LLC",4,365,True,,,False,,benign,no_adverse_signal
turfin.net,2026-07-26,10,2.584962500721156,0.0,0,0.5,-6.943844444444444,low,0.6,2,1.0,True,NOERROR,2,600,0,2,False,False,0,16509,US,True,"GoDaddy.com, LLC",4,365,True,46,False,False,,benign,no_adverse_signal
e48872744.top,2026-07-26,13,2.197159723424149,0.6153846153846154,0,1.0,-11.747513333333334,high,0.3077,0,0.5555555555555556,False,NOERROR,0,,0,2,False,False,0,,,,Dynadot LLC,4,365,True,,,True,,malicious,spamhaus_dbl
bluechip-os.app,2026-07-26,15,3.459431618637298,0.0,1,0.6666666666666666,-7.496168421052632,low,0.5,2,1.0,True,NOERROR,2,3600,0,2,False,False,0,16509,US,True,,,,False,21,False,False,,benign,no_adverse_signal
jvrecruitments.com,2026-07-26,18,3.378783493486176,0.0,0,0.4,-7.4935599999999996,low,0.5,3,0.7857142857142857,False,NOERROR,0,,1,4,True,False,0,,,,PDR Ltd. d/b/a PublicDomainRegistry.com,4,365,True,,,False,False,benign,no_adverse_signal
3u5qikgm.autos,2026-07-26,14,3.0,0.14285714285714285,0,0.5,-11.4649,low,0.4,3,1.0,False,NOERROR,0,,0,2,False,False,0,,,,"GMO Internet, Inc.",4,365,True,,,False,,benign,no_adverse_signal
eyjautotuning.com,2026-07-26,17,3.238901256602631,0.0,0,0.8571428571428571,-7.265,low,0.4762,2,0.7692307692307693,True,NOERROR,1,3600,0,2,False,False,0,16509,US,False,"GoDaddy.com, LLC",4,1096,False,0,False,False,,benign,no_adverse_signal
yuwei-cn.com,2026-07-26,12,3.0,0.0,1,0.75,-8.829476923076923,low,0.5714,2,1.0,True,NOERROR,2,300,0,2,False,False,2,13335,US,False,"GMO Internet, Inc.",4,365,True,0,False,False,,benign,no_adverse_signal
downtogether.org,2026-07-26,16,3.084962500721156,0.0,0,0.5,-6.839361904761905,low,0.6316,3,0.75,True,NOERROR,4,1799,5,2,True,False,0,54113,US,True,NAMECHEAP INC,4,365,True,43,False,False,False,benign,no_adverse_signal
rtprupiahslot88sawo.xyz,2026-07-26,23,3.5110854081804272,0.08695652173913043,0,0.5454545454545454,-8.421842857142858,high,0.4828,4,0.631578947368421,True,NOERROR,2,300,0,2,False,False,2,13335,US,False,NAMECHEAP INC,4,365,True,0,False,False,,benign,no_adverse_signal
88xbetweb.com,2026-07-26,13,2.5032583347756456,0.15384615384615385,0,0.4,-8.54386,low,0.4286,2,0.6666666666666666,True,NOERROR,1,1800,5,2,True,False,0,22612,US,False,NAMECHEAP INC,4,365,True,0,False,False,False,benign,no_adverse_signal
rajalangite.com,2026-07-26,15,3.027169118440619,0.0,0,0.8333333333333334,-6.60892105263158,low,0.5714,2,0.8181818181818182,True,NOERROR,2,300,0,2,False,False,2,13335,US,False,West263 International Limited,4,365,True,0,False,False,,benign,no_adverse_signal
melbet-2bj.top,2026-07-26,14,2.9219280948873623,0.07142857142857142,1,0.3333333333333333,-8.537911764705882,high,0.4444,2,0.8,True,NOERROR,1,3600,0,2,True,False,0,59692,AE,True,PDR Ltd,4,365,False,0,False,False,,benign,no_adverse_signal
jgczucfxyczhnjayc.com.cn,2026-07-26,24,3.2639334294856344,0.0,0,0.13333333333333333,-9.937609677419355,low,0.3333,9,0.6470588235294118,True,NOERROR,1,300,0,2,False,False,0,132839,HK,False,北京新网数码信息技术有限公司,5,365,False,0,False,False,,benign,no_adverse_signal
mix-brain.com,2026-07-26,13,2.94770277922009,0.0,1,0.6,-7.47596,low,0.5333,2,0.8888888888888888,True,NOERROR,1,300,1,4,False,False,0,31034,IT,True,"TUCOWS.COM, CO.",4,365,True,0,False,False,False,benign,no_adverse_signal
betzio.net,2026-07-26,10,2.584962500721156,0.0,0,1.0,-7.720299999999999,low,0.5455,2,1.0,True,NOERROR,2,300,0,2,False,False,2,13335,US,False,NETIM,20,365,True,0,False,False,,benign,no_adverse_signal
myphonecity.store,2026-07-26,17,3.2776134368191165,0.0,0,0.375,-6.896563157894736,low,0.6,4,0.9090909090909091,False,NOERROR,0,,0,2,False,False,0,,,,,,,False,,,False,,benign,no_adverse_signal
emceevents.com,2026-07-26,14,2.5219280948873624,0.0,0,0.6666666666666666,-7.1211705882352945,low,0.5,3,0.7,True,NOERROR,2,3600,1,2,True,False,0,16509,US,True,"GoDaddy.com, LLC",4,731,True,18,False,False,False,benign,no_adverse_signal
6yv51g6g.cfd,2026-07-26,12,2.5,0.3333333333333333,0,0.0,-12.666838461538463,low,0.3333,2,0.75,False,NOERROR,0,,0,2,False,False,0,,,,"GMO Internet, Inc.",4,365,True,,,False,,benign,no_adverse_signal
shopclicks999.sbs,2026-07-26,17,3.0269868333592873,0.17647058823529413,0,0.25,-7.71831304347826,low,0.5,3,0.6923076923076923,True,NOERROR,2,300,0,2,False,False,2,13335,US,False,Dynadot Inc,4,365,False,0,False,False,,benign,no_adverse_signal
velorawallpaper.online,2026-07-26,22,2.872905595320056,0.0,0,0.6666666666666666,-6.646203703703703,medium,0.4762,3,0.5333333333333333,True,NOERROR,1,21600,0,4,False,False,1,13335,CA,True,"TUCOWS.COM, CO.",4,365,True,0,False,False,,benign,no_adverse_signal
yokut-gas-station.com,2026-07-26,21,3.337175341123077,0.0,2,0.6666666666666666,-7.128209677419355,low,0.5714,2,0.6470588235294118,True,NOERROR,1,300,0,2,False,False,0,206834,DE,False,Dynadot Inc,4,365,False,24,False,False,,benign,no_adverse_signal
jgckaijjegzucbf.com.cn,2026-07-26,22,3.32323142879762,0.0,0,0.36363636363636365,-9.815344444444444,low,0.4,4,0.7333333333333333,True,NOERROR,1,300,0,2,False,False,0,132839,HK,False,北京新网数码信息技术有限公司,5,365,False,0,False,False,,benign,no_adverse_signal
anchoredhopeproperties.com,2026-07-26,26,3.3564924137968237,0.0,0,0.6923076923076923,-6.559863414634147,low,0.4865,3,0.5454545454545454,True,NOERROR,1,3600,0,2,False,False,0,16509,US,True,"GoDaddy.com, LLC",3,1096,True,0,False,False,,benign,no_adverse_signal
clag-kaiwanqipai.com.cn,2026-07-26,23,3.202819531114783,0.0,1,0.875,-8.140720689655172,low,0.4545,2,0.6875,True,NOERROR,1,599,0,2,False,False,0,58658,BR,False,北京新网数码信息技术有限公司,8,365,False,0,False,False,,benign,no_adverse_signal
bolatangkas138.vip,2026-07-26,18,3.4677201004745006,0.16666666666666666,0,0.5714285714285714,-7.5469159999999995,low,0.4348,3,0.8571428571428571,True,NOERROR,1,300,0,2,False,False,0,206834,DE,False,Dynadot Inc,4,365,True,24,False,False,,benign,no_adverse_signal
creaane.com,2026-07-26,11,2.2359263506290326,0.0,0,1.3333333333333333,-6.811172727272727,low,0.6154,2,0.7142857142857143,True,NOERROR,1,1800,5,2,True,False,0,22612,US,False,NAMECHEAP INC,4,365,True,0,False,False,False,benign,no_adverse_signal
situationshipdetox.store,2026-07-26,24,3.4193819456463714,0.0,0,0.8,-6.929060606060606,low,0.5385,3,0.6666666666666666,True,NOERROR,2,300,0,2,False,False,2,13335,US,False,,,,False,0,False,False,,benign,no_adverse_signal
орловы.рус,2026-07-26,10,2.2516291673878226,0.0,0,0.0,-15.7595,low,0.0,6,0.8333333333333334,True,NOERROR,1,300,1,2,True,False,1,210079,RU,True,,,,,0,False,False,,benign,no_adverse_signal
drsamara32.xyz,2026-07-26,14,2.6464393446710157,0.14285714285714285,0,0.6,-7.601364705882353,high,0.4762,3,0.7,True,NOERROR,2,30,0,4,False,False,0,,US,False,Porkbun LLC,383,730,False,3,False,False,,benign,no_adverse_signal
wtanvmo.com,2026-07-26,11,2.807354922057604,0.0,0,0.4,-8.2059,low,0.5333,3,1.0,True,NOERROR,1,1,0,2,False,False,0,967,HK,False,July Name Limited,4,365,True,0,False,False,,benign,no_adverse_signal
ringgooa-co.shop,2026-07-26,16,2.8453509366224368,0.0,1,1.0,-7.586557894736842,low,0.4286,3,0.7272727272727273,False,NOERROR,0,,0,2,False,False,0,,,,,,,False,,,False,,benign,no_adverse_signal
shenyiyi.com,2026-07-26,12,2.5,0.0,0,0.6,-8.2143,low,0.6154,2,0.75,True,NOERROR,9,3600,1,2,False,False,0,60592,CZ,False,"Gransy, s.r.o.",4,365,False,0,True,False,False,malicious,spamhaus_zen
philmut.com,2026-07-26,11,2.807354922057604,0.0,0,0.4,-7.547045454545454,low,0.5714,2,1.0,True,NOERROR,2,1200,0,2,False,False,0,16509,US,True,Gname 367 Inc,4,365,False,2,False,False,,benign,no_adverse_signal
solvrise.com,2026-07-26,12,2.75,0.0,0,0.6,-7.5641,low,0.5714,3,0.875,True,NOERROR,2,10800,0,2,True,False,2,14618,US,True,DropCatch.com 1218 LLC,4,365,False,3,False,False,,benign,no_adverse_signal
themortonacademy.com,2026-07-26,20,3.375,0.0,0,0.6,-6.517489655172414,low,0.4545,2,0.6875,True,NOERROR,4,14400,0,4,True,False,0,53831,US,False,Squarespace Domains LLC,4,365,True,30,False,False,,benign,no_adverse_signal
adpositionknapsack.com,2026-07-26,22,3.239097917988786,0.0,0,0.6363636363636364,-7.06090303030303,low,0.4444,3,0.5555555555555556,True,NOERROR,1,1800,5,2,True,False,0,22612,US,False,NAMECHEAP INC,4,365,True,0,False,False,False,benign,no_adverse_signal
thelumecare.com,2026-07-26,15,3.027169118440619,0.0,0,0.8333333333333334,-6.493526315789474,low,0.5556,2,0.8181818181818182,True,NOERROR,2,3600,0,2,False,False,0,16509,US,True,"GoDaddy.com, LLC",4,365,True,18,False,False,,benign,no_adverse_signal
reginastore.net,2026-07-26,15,3.0957952550009344,0.0,0,0.8333333333333334,-6.0913315789473685,low,0.5714,2,0.8181818181818182,True,NOERROR,2,300,0,2,False,False,2,13335,US,False,DropCatch.com 1515 LLC,5,365,False,0,False,False,,benign,no_adverse_signal
ggyys.net,2026-07-26,9,1.5219280948873621,0.0,0,0.0,-9.76752857142857,low,0.4444,5,0.6,True,NOERROR,1,1,0,2,False,True,0,40065,US,False,"NameSilo, LLC",4,365,True,0,False,False,,benign,no_adverse_signal
dennymathgames.online,2026-07-26,21,3.2359263506290334,0.0,0,0.4,-6.9523,medium,0.5714,4,0.7142857142857143,True,NOERROR,2,120,0,4,False,False,0,16509,DE,True,NAMECHEAP INC,4,365,True,21,False,False,,benign,no_adverse_signal
bkhokia.com,2026-07-26,11,2.5216406363433186,0.0,0,0.75,-8.3085,low,0.5714,3,0.8571428571428571,True,NOERROR,2,300,0,2,False,False,2,13335,US,False,West263 International Limited,4,365,True,0,False,False,,benign,no_adverse_signal
vunyomaz.com,2026-07-26,12,3.0,0.0,0,0.6,-7.931792307692307,low,0.4615,2,1.0,False,NOERROR,0,,0,2,False,False,0,,,,NAMECHEAP INC,4,365,True,,,False,,benign,no_adverse_signal
hüseyintorun.com,2026-07-26,16,3.4182958340544896,0.0,0,0.5,-8.627538095238096,low,0.5556,3,0.9166666666666666,True,NOERROR,1,7200,1,2,True,False,0,34788,DE,True,RegistryGate GmbH,4,365,True,0,False,False,False,benign,no_adverse_signal
vip-flughafentransfer-antalya.de,2026-07-26,32,3.7848977027564086,0.0,2,0.5,-7.268389090909091,low,0.3902,3,0.5517241379310345,True,NOERROR,2,300,0,2,False,False,2,13335,US,False,,,,False,0,False,False,,benign,no_adverse_signal
unifins-netherlands.com,2026-07-26,23,3.511085408180426,0.0,1,0.5,-6.5267228571428575,low,0.4828,3,0.6842105263157895,True,NOERROR,2,300,0,2,False,False,2,13335,US,False,"Gransy, s.r.o.",4,365,False,0,False,False,,benign,no_adverse_signal
alendustri.com,2026-07-26,14,3.321928094887362,0.0,0,0.6666666666666666,-6.3014882352941175,low,0.5882,3,1.0,True,NOERROR,1,3600,2,2,True,False,0,34619,TR,True,Nics Telekomunikasyon A.S.,4,365,True,0,False,False,False,benign,no_adverse_signal
ftpwrtxi.cfd,2026-07-26,12,2.75,0.0,0,0.14285714285714285,-9.587323076923077,low,0.5,7,0.875,True,NOERROR,1,300,0,2,False,False,0,45102,HK,False,"GMO Internet, Inc.",4,365,True,0,False,False,,benign,no_adverse_signal
lordserialyjs.vu,2026-07-26,16,3.238901256602631,0.0,0,0.4444444444444444,-7.207860869565217,low,0.5,4,0.7692307692307693,True,NOERROR,1,300,0,2,False,False,0,211381,NL,True,Dynadot Inc,5,365,True,0,False,False,,benign,no_adverse_signal
mccordservice.com,2026-07-26,17,3.0269868333592873,0.0,0,0.4444444444444444,-6.698452173913044,low,0.6207,3,0.6923076923076923,True,NOERROR,1,300,0,3,False,False,0,209242,AU,False,"TUCOWS.COM, CO.",4,365,True,7,False,False,,benign,no_adverse_signal
clownessence.fr,2026-07-26,15,2.688721875540867,0.0,0,0.5,-6.5174714285714295,low,0.5263,2,0.5833333333333334,True,NOERROR,1,3600,0,2,False,False,0,16276,FR,True,BLOOM'UP,3,364,False,0,False,False,,benign,no_adverse_signal
whiteknightroofingltd.store,2026-07-26,27,3.5585186130489057,0.0,0,0.4,-7.328948717948718,low,0.4516,5,0.6190476190476191,True,NOERROR,1,3600,2,4,True,False,1,8560,DE,True,,,,False,0,False,False,False,benign,no_adverse_signal
cr7sipentry.shop,2026-07-26,16,3.2776134368191165,0.0625,0,0.25,-8.239084210526315,low,0.7059,4,0.9090909090909091,True,NOERROR,2,300,0,2,False,False,2,13335,US,False,,,,False,0,False,False,,benign,no_adverse_signal
maqaed.com,2026-07-26,10,2.2516291673878226,0.0,0,1.0,-9.551455555555556,low,0.5455,1,0.8333333333333334,False,NOERROR,0,,0,2,False,False,0,,,,"Cloudflare, Inc.",4,365,True,,,False,,benign,no_adverse_signal
sefikcaan.xyz,2026-07-26,13,2.9477027792200903,0.0,0,0.8,-8.000373333333334,high,0.5714,2,0.8888888888888888,True,NOERROR,2,31,0,4,False,False,0,,US,False,Porkbun LLC,381,730,False,3,False,False,,benign,no_adverse_signal
jgczuqusaigkaijsj1dh.com.cn,2026-07-26,27,3.5841837197791886,0.037037037037037035,0,0.46153846153846156,-9.907402702702703,low,0.3571,4,0.65,True,NOERROR,1,300,0,2,False,False,0,132839,HK,False,北京新网数码信息技术有限公司,5,365,False,0,False,False,,benign,no_adverse_signal
skinanordicbridge.se,2026-07-26,20,3.4548223999466066,0.0,0,0.5454545454545454,-6.897122580645162,low,0.48,3,0.7058823529411765,True,NOERROR,1,3600,2,2,True,False,1,39570,SE,True,Loopia AB,4,365,False,6,False,False,False,benign,no_adverse_signal
brightnexterareach.com,2026-07-26,22,3.30827083453526,0.0,0,0.5,-6.679515151515152,low,0.48,4,0.6111111111111112,True,NOERROR,1,3600,1,4,True,False,0,16509,US,True,PDR Ltd. d/b/a PublicDomainRegistry.com,4,365,True,0,False,False,False,benign,no_adverse_signal
royal055.com,2026-07-26,12,2.75,0.25,0,0.6666666666666666,-9.34273076923077,low,0.4286,1,0.875,True,NOERROR,2,300,0,2,False,False,2,13335,US,False,Realtime Register B.V.,4,365,False,0,False,False,,benign,no_adverse_signal
allthegearnoidea.org,2026-07-26,20,3.2806390622295662,0.0,0,1.0,-6.821848275862068,low,0.5185,4,0.6875,False,NXDOMAIN,0,,0,0,False,False,0,,,,"GMO Internet Group, Inc. d/b/a Onamae.com",4,365,False,,,False,,benign,no_adverse_signal
mineralbankuk.com,2026-07-26,17,3.238901256602631,0.0,0,0.625,-6.662108695652174,low,0.5714,2,0.7692307692307693,True,NOERROR,1,14400,2,2,True,False,0,13335,US,True,"Network Solutions, LLC",4,731,True,0,False,False,False,benign,no_adverse_signal
sparkdeskhq.com,2026-07-26,15,3.0957952550009344,0.0,0,0.2222222222222222,-7.614042105263158,low,0.5263,4,0.8181818181818182,True,NOERROR,1,1800,5,2,True,False,0,22612,US,False,NAMECHEAP INC,4,365,True,0,False,False,False,benign,no_adverse_signal
mpark.su,2026-07-26,8,2.321928094887362,0.0,0,0.25,-6.365600000000001,low,0.5455,2,1.0,True,NOERROR,1,600,2,6,True,False,0,198610,RU,True,BEGET-SU,5,365,False,0,False,False,False,benign,no_adverse_signal
aditra120.my.id,2026-07-26,15,2.94770277922009,0.2,0,1.0,-7.664926666666667,low,0.5,2,0.8888888888888888,True,NOERROR,1,14400,1,2,True,False,0,214882,ID,False,,,,False,0,False,False,False,benign,no_adverse_signal
catenoidmarine.com,2026-07-26,18,3.2359263506290334,0.0,0,1.0,-6.452644,low,0.5,2,0.7142857142857143,True,NOERROR,1,900,1,2,True,False,0,39729,IT,True,REGISTER S.P.A.,4,365,True,0,False,False,False,benign,no_adverse_signal
zidisha.coach,2026-07-26,13,2.5216406363433186,0.0,0,0.75,-6.988690909090909,low,0.6154,2,0.8571428571428571,True,NOERROR,4,14400,0,4,True,False,0,53831,US,False,,,,,41,False,False,,benign,no_adverse_signal
curious-gpt.com,2026-07-26,15,3.2776134368191165,0.0,1,0.6666666666666666,-7.692936842105262,low,0.5333,3,0.9090909090909091,True,NOERROR,2,300,2,2,True,False,2,13335,US,False,"HOSTINGER operations, UAB",4,365,False,0,False,False,False,benign,no_adverse_signal
directsummerprogrammes.com,2026-07-26,26,3.425118550357139,0.0,0,0.4666666666666667,-6.775531707317073,low,0.4516,3,0.5909090909090909,True,NOERROR,2,600,0,2,False,False,0,16509,US,True,"GoDaddy.com, LLC",4,1096,True,34,False,False,,benign,no_adverse_signal
pozemnova.online,2026-07-26,16,2.94770277922009,0.0,0,0.8,-8.153253333333334,medium,0.5333,2,0.8888888888888888,True,NOERROR,1,21600,0,2,False,False,0,197695,RU,False,Registrar of Domain Names REG.RU LLC,4,365,False,2,False,False,,benign,no_adverse_signal
hi2666.app,2026-07-26,10,1.792481250360578,0.4,0,1.0,-10.533855555555554,low,0.3636,1,0.6666666666666666,True,NOERROR,2,300,0,2,False,False,2,13335,US,False,,,,False,0,False,False,,benign,no_adverse_signal
escueladelideres.com.co,2026-07-26,23,2.899397470347699,0.0,0,1.0,-6.504458620689655,low,0.5385,2,0.5625,True,NOERROR,2,300,0,2,False,False,2,13335,US,False,"GoDaddy.com, LLC",5,365,True,0,False,False,,benign,no_adverse_signal
lotter-lab.com,2026-07-26,14,2.9219280948873623,0.0,1,0.5,-6.858988235294118,low,0.5333,2,0.8,False,NOERROR,0,,0,2,False,False,0,,,,"Cloudflare, Inc.",4,365,True,,,False,,benign,no_adverse_signal
strom-management.com,2026-07-26,20,3.202819531114783,0.0,1,0.5,-6.5640931034482755,low,0.6667,3,0.625,True,NOERROR,4,14400,1,4,True,False,0,53831,US,False,Squarespace Domains II LLC,4,365,True,41,False,False,False,benign,no_adverse_signal
fethiyeroute.online,2026-07-26,19,3.0220552088742,0.0,0,1.0,-7.09794761904762,medium,0.5263,2,0.75,True,NOERROR,1,3600,0,2,True,False,0,34619,TR,True,Nics Telekomunikasyon A.S.,4,365,True,0,False,False,,benign,no_adverse_signal
scmsolucoes.com.br,2026-07-26,18,2.663532754804255,0.0,0,0.5714285714285714,-7.646610526315789,low,0.5455,4,0.6363636363636364,True,NOERROR,1,3600,0,2,False,False,0,16509,US,False,,7,365,False,0,False,False,,benign,no_adverse_signal
fprpqo.shop,2026-07-26,11,2.2516291673878226,0.0,0,0.2,-10.7547,low,0.4615,5,0.8333333333333334,False,NOERROR,0,,0,2,False,False,0,,,,,,,False,,,False,,benign,no_adverse_signal
84842.bid,2026-07-26,9,1.5219280948873621,0.5555555555555556,0,0.0,-11.385771428571429,low,0.25,0,0.6,True,NOERROR,7,60,0,2,False,True,0,152194,JP,False,,,,False,0,True,True,,malicious,spamhaus_zen
shootwithsoleil.com,2026-07-26,19,2.923231428797621,0.0,0,0.6666666666666666,-7.216859259259259,low,0.4762,3,0.5333333333333333,True,NOERROR,3,3600,0,2,False,False,0,58182,US,True,Wix.com Ltd.,3,365,True,22,False,False,,benign,no_adverse_signal
d2819ckz.cfd,2026-07-26,12,3.0,0.3333333333333333,0,0.0,-11.405092307692307,low,0.4286,3,1.0,True,NOERROR,1,300,0,2,False,False,0,13335,SG,False,"GMO Internet, Inc.",4,365,True,0,False,False,,benign,no_adverse_signal
sheeshh.com,2026-07-26,11,1.5566567074628228,0.0,0,0.4,-7.313463636363636,low,0.5,3,0.42857142857142855,True,NOERROR,1,60,0,0,False,False,0,,,False,BigRock Solutions Ltd,4,365,False,0,False,False,,benign,no_adverse_signal
marimbaphoenix.shop,2026-07-26,19,3.3787834934861767,0.0,0,0.75,-7.0629480000000004,low,0.5,2,0.7857142857142857,True,NOERROR,1,60,0,2,False,False,0,13335,CA,True,,,,False,0,False,False,,benign,no_adverse_signal
nm48d9kj.motorcycles,2026-07-26,20,3.0,0.15,0,0.0,-12.253684615384616,low,0.4,2,1.0,False,NOERROR,0,,0,2,False,False,0,,,,"GMO Internet, Inc.",4,365,True,,,False,,benign,no_adverse_signal
64e7gc1h.cfd,2026-07-26,12,3.0,0.3333333333333333,0,0.3333333333333333,-12.404523076923077,low,0.4286,2,1.0,False,NOERROR,0,,0,2,False,False,0,,,,"GMO Internet, Inc.",4,365,True,,,False,,benign,no_adverse_signal
ksiem.net,2026-07-26,9,2.321928094887362,0.0,0,0.6666666666666666,-7.547542857142857,low,0.5455,2,1.0,True,NOERROR,1,120,0,5,True,False,0,63949,IT,True,REGISTER S.P.A.,5,365,True,0,False,False,,benign,no_adverse_signal
rbnvynb.cc,2026-07-26,10,2.2359263506290326,0.0,0,0.0,-9.640500000000001,low,0.4615,7,0.7142857142857143,True,NOERROR,1,1,0,2,False,True,0,40065,US,False,"NameSilo, LLC",5,365,True,0,False,False,,benign,no_adverse_signal
redressip.com,2026-07-26,13,2.5032583347756456,0.0,0,0.5,-6.49096,low,0.6667,2,0.6666666666666666,True,NOERROR,2,300,3,2,True,False,2,13335,US,False,NAMECHEAP INC,4,365,True,0,False,False,False,benign,no_adverse_signal
cdnwebmanga.xyz,2026-07-26,15,3.095795255000934,0.0,0,0.375,-7.071136842105263,high,0.5882,4,0.8181818181818182,True,NOERROR,2,31,0,4,False,False,0,,US,False,Porkbun LLC,382,730,False,3,False,False,,benign,no_adverse_signal
dent-society.com,2026-07-26,16,3.2516291673878226,0.0,1,0.5714285714285714,-6.979928571428571,low,0.5,2,0.8333333333333334,True,NOERROR,1,300,0,2,False,False,0,13335,US,False,"Cloudflare, Inc.",4,365,True,0,False,False,,benign,no_adverse_signal
fogokiradio.com,2026-07-26,15,2.8453509366224368,0.0,0,1.2,-7.069552631578948,low,0.5,1,0.7272727272727273,True,NOERROR,2,300,0,2,False,False,2,13335,US,False,NAMECHEAP INC,4,365,True,0,False,False,,benign,no_adverse_signal
laptopzone.africa,2026-07-26,17,2.9219280948873623,0.0,0,0.6666666666666666,-7.452723529411764,low,0.5714,2,0.8,True,NOERROR,1,7200,1,4,True,False,0,37153,ZA,True,OpenSRS,4,365,False,0,False,False,False,benign,no_adverse_signal
powroregon.org,2026-07-26,14,2.6464393446710153,0.0,0,0.6666666666666666,-7.146029411764706,low,0.5882,2,0.7,True,NOERROR,1,300,0,2,False,False,0,40034,VG,False,"Network Solutions, LLC",4,365,True,21,False,False,,benign,no_adverse_signal
haltegroup.com,2026-07-26,14,3.321928094887362,0.0,0,0.6666666666666666,-6.722811764705883,low,0.5882,2,1.0,True,NOERROR,1,14400,1,2,False,False,0,133800,ID,True,PT Biznet GIO Nusantara,4,365,True,0,False,False,False,benign,no_adverse_signal
killcheap.com,2026-07-26,13,2.94770277922009,0.0,0,0.5,-6.9313400000000005,low,0.5,4,0.8888888888888888,True,NOERROR,2,30,0,2,True,False,2,14618,US,True,DropCatch.com 645 LLC,4,365,False,0,False,False,,benign,no_adverse_signal
peertransport.net,2026-07-26,17,2.873140679513133,0.0,0,0.4444444444444444,-6.189960869565217,low,0.5217,3,0.6153846153846154,True,NOERROR,1,3600,1,3,True,False,0,396982,NL,True,Hosting Concepts B.V. d/b/a Registrar.eu,4,365,True,0,False,False,False,benign,no_adverse_signal
333bmwapp.bet,2026-07-26,13,2.4193819456463714,0.23076923076923078,0,0.2,-8.99868,low,0.4706,3,0.6666666666666666,True,NOERROR,2,300,0,2,False,False,2,13335,US,False,,,,,0,False,False,,benign,no_adverse_signal
60pg0401.cc,2026-07-26,11,2.4056390622295662,0.5454545454545454,0,0.0,-11.203846153846154,low,0.3636,2,0.75,False,NOERROR,0,,0,2,False,False,0,,,,Gname.com Pte. Ltd.,5,365,True,,,False,,benign,no_adverse_signal
lesdelicesdememelolle.fr,2026-07-26,24,2.6179781404530442,0.0,0,0.75,-6.6098923076923075,low,0.4324,2,0.38095238095238093,True,NOERROR,2,300,0,2,False,False,0,24940,DE,True,Virtualia LLC,3,364,False,0,False,False,,benign,no_adverse_signal
platinumdollzgc.com,2026-07-26,19,3.589898095464287,0.0,0,0.36363636363636365,-7.853559259259259,low,0.4615,5,0.8666666666666667,True,NOERROR,1,1799,5,2,True,False,0,22612,US,False,NAMECHEAP INC,4,365,True,0,False,False,False,benign,no_adverse_signal
hainebune.com,2026-07-26,13,2.725480556997868,0.0,0,1.25,-6.560926666666666,low,0.5333,1,0.7777777777777778,False,SERVFAIL,0,,0,0,False,False,0,,,,"TUCOWS.COM, CO.",4,365,True,,,False,,benign,no_adverse_signal
moneyhub-irorubeyoge.sbs,2026-07-26,24,3.446439344671015,0.0,1,0.9,-7.683651351351351,low,0.4242,2,0.6,True,NOERROR,1,300,0,2,False,False,0,206834,DE,False,Dynadot Inc,4,365,False,24,False,False,,benign,no_adverse_signal
raiss.site,2026-07-26,10,1.9219280948873623,0.0,0,0.6666666666666666,-6.4703857142857135,medium,0.6,2,0.8,False,NOERROR,0,,0,2,False,False,0,,,,NAMECHEAP INC,4,365,True,,,False,,benign,no_adverse_signal
rs3tab4ucy.surf,2026-07-26,15,3.321928094887362,0.13333333333333333,0,0.3333333333333333,-9.806047058823529,low,0.5,2,1.0,False,NOERROR,0,,0,2,False,False,0,,,,"NameSilo, LLC",4,365,True,,,False,,benign,no_adverse_signal
miturno.com.do,2026-07-26,14,2.807354922057604,0.0,0,0.75,-6.742954545454546,low,0.6,2,1.0,True,NOERROR,1,300,0,2,False,False,0,23352,US,True,Registrar NIC .DO (midominio.do),1837,2191,True,0,False,False,,benign,no_adverse_signal
sumachvexa.click,2026-07-26,16,3.121928094887362,0.0,0,0.6666666666666666,-7.664911764705882,medium,0.5882,3,0.9,True,NOERROR,2,300,0,2,False,False,0,16509,US,True,"Spaceship, Inc.",4,365,False,9,False,False,,benign,no_adverse_signal
jennaris.com,2026-07-26,12,2.75,0.0,0,0.6,-6.854361538461538,low,0.5714,2,0.875,True,NOERROR,1,300,3,3,True,False,0,15348,CA,True,"TUCOWS.COM, CO.",4,365,True,8,False,False,False,benign,no_adverse_signal
reservdd.com,2026-07-26,12,2.25,0.0,0,0.3333333333333333,-7.358730769230769,low,0.5714,4,0.625,True,NOERROR,2,600,0,2,False,False,0,16509,US,True,"GoDaddy.com, LLC",4,365,True,46,False,False,,benign,no_adverse_signal
lindyhq.com,2026-07-26,11,2.807354922057604,0.0,0,0.16666666666666666,-7.603418181818181,low,0.5455,5,1.0,False,NOERROR,0,,0,2,False,False,0,,,,NAMECHEAP INC,4,365,True,,,False,,benign,no_adverse_signal
collectivesolutionsagency.com,2026-07-26,29,3.5630741894285687,0.0,0,0.6666666666666666,-6.504802127659575,low,0.5,3,0.52,True,NOERROR,1,1400,1,2,True,False,0,38880,AU,False,Synergy Wholesale Accreditations Pty Ltd,4,365,True,0,False,False,False,benign,no_adverse_signal
thestratavc.co,2026-07-26,14,2.8453509366224368,0.0,0,0.375,-6.431131578947369,low,0.5882,3,0.7272727272727273,False,NOERROR,0,,1,4,True,False,0,,,,"Spaceship, Inc.",5,365,False,,,False,False,benign,no_adverse_signal
xiaowgpt.top,2026-07-26,12,3.0,0.0,0,0.6,-8.800961538461538,high,0.5714,4,1.0,False,NOERROR,0,,0,2,False,False,0,,,,"DNSPod, Inc.",4,365,True,,,False,,benign,no_adverse_signal
sapuridisicilia.com,2026-07-26,19,2.8662478973127308,0.0,0,1.1428571428571428,-6.8189370370370375,low,0.4348,1,0.6,True,NOERROR,1,21600,0,2,False,False,0,16509,US,True,"TUCOWS.COM, CO.",373,730,True,0,False,False,,benign,no_adverse_signal
icunote.com,2026-07-26,11,2.807354922057604,0.0,0,1.3333333333333333,-7.048381818181818,low,0.6667,1,1.0,True,NOERROR,2,300,0,2,False,False,2,13335,US,False,"Cloudflare, Inc.",4,365,True,0,False,False,,benign,no_adverse_signal
nadimtogel55.com,2026-07-26,16,3.4182958340544896,0.125,0,0.6666666666666666,-7.948347619047619,low,0.5,2,0.9166666666666666,True,NOERROR,2,300,0,2,False,False,2,13335,US,False,NAMECHEAP INC,4,365,True,0,False,False,,benign,no_adverse_signal
gddssw.com,2026-07-26,10,1.9182958340544893,0.0,0,0.0,-8.445122222222222,low,0.5333,6,0.6666666666666666,False,NOERROR,0,,0,2,False,False,0,,,,TuringSign Inc. d/b/a Cosmotown,4,365,False,,,False,,benign,no_adverse_signal
puritybeauty.store,2026-07-26,18,3.084962500721156,0.0,0,0.7142857142857143,-7.094080952380952,low,0.4444,3,0.75,True,NOERROR,1,21600,0,2,False,False,0,16509,US,True,,,,False,0,False,False,,benign,no_adverse_signal
6mgd.shop,2026-07-26,9,2.0,0.1111111111111111,0,0.0,-11.06968,low,0.5,3,1.0,True,NOERROR,6,60,0,2,False,True,0,8075,KR,False,,,,False,0,False,True,,malicious,spamhaus_dbl
fbrp88w.com,2026-07-26,11,2.521640636343318,0.18181818181818182,0,0.0,-10.457381818181817,low,0.3636,4,0.8571428571428571,True,NOERROR,2,300,0,2,False,False,2,13335,US,False,Dominet (HK) Limited,4,365,False,0,False,False,,benign,no_adverse_signal
linouli.com,2026-07-26,11,2.2359263506290326,0.0,0,1.3333333333333333,-6.542790909090908,low,0.6154,1,0.7142857142857143,False,NOERROR,0,,0,2,False,False,0,,,,"DNSPod, Inc.",4,731,False,,,False,,benign,no_adverse_signal
sanhrong.app,2026-07-26,12,2.75,0.0,0,0.3333333333333333,-7.065776923076924,low,0.5333,3,0.875,True,NOERROR,2,300,0,2,False,False,2,13335,US,False,,,,False,0,False,False,,benign,no_adverse_signal
herbariumofficial.com,2026-07-26,21,3.4548223999466066,0.0,0,0.8888888888888888,-6.943012903225806,low,0.4848,2,0.7058823529411765,True,NOERROR,2,600,0,2,False,False,0,16509,US,True,"GoDaddy.com, LLC",4,365,True,46,False,False,,benign,no_adverse_signal
tomer-ram.com,2026-07-26,13,2.725480556997868,0.0,1,0.6,-6.8454266666666665,low,0.5882,1,0.7777777777777778,True,NOERROR,1,21600,3,2,True,False,0,43515,NL,True,NAMECHEAP INC,4,365,True,0,False,False,False,benign,no_adverse_signal
etherealsocialclub.com,2026-07-26,22,3.419381945646371,0.0,0,0.8,-6.652396969696969,low,0.4138,3,0.6666666666666666,False,timeout,0,,0,0,False,False,0,,,,Wix.com Ltd.,373,730,True,,,False,,benign,no_adverse_signal
talenthohe-ansprache.com,2026-07-26,24,3.408694969562842,0.0,1,0.5833333333333334,-6.729648648648649,low,0.4615,4,0.6,True,NOERROR,1,300,0,2,False,False,0,206834,DE,False,Dynadot Inc,4,365,False,24,False,False,,benign,no_adverse_signal
5rtslot.com,2026-07-26,11,2.5216406363433186,0.09090909090909091,0,0.2,-8.019136363636363,low,0.5882,4,0.8571428571428571,True,NOERROR,2,300,0,2,False,False,2,13335,US,False,Dominet (HK) Limited,4,365,False,0,False,False,,benign,no_adverse_signal
bogglebang.club,2026-07-26,15,2.6464393446710153,0.0,0,0.42857142857142855,-7.079141176470588,low,0.6,3,0.7,True,NOERROR,1,7200,0,2,False,False,0,29873,US,True,"Network Solutions, LLC",4,365,True,0,False,False,,benign,no_adverse_signal
randolphusagoods.shop,2026-07-26,21,3.327819531114783,0.0,0,0.6,-7.0717965517241375,low,0.4348,3,0.6875,True,NOERROR,1,300,0,2,False,False,0,,GE,False,,,,False,0,True,False,,malicious,spamhaus_zen
pureretentionjet.com,2026-07-26,20,2.952819531114783,0.0,0,0.7777777777777778,-6.584444827586207,low,0.4667,2,0.5625,True,NOERROR,2,300,1,2,True,False,2,13335,US,False,"Gransy, s.r.o.",4,365,False,0,False,False,False,benign,no_adverse_signal
wkanr.xyz,2026-07-26,9,2.321928094887362,0.0,0,0.25,-8.23322857142857,high,0.5455,2,1.0,True,NOERROR,1,14400,0,2,False,False,0,211401,TR,False,Atak Domain Bilgi Teknolojileri A.Ş.,4,365,False,0,False,True,,malicious,spamhaus_dbl
frpwjk.top,2026-07-26,10,2.584962500721156,0.0,0,0.0,-11.092444444444446,high,0.4444,6,1.0,False,NOERROR,0,,0,2,False,False,0,,,,"Todaynic.com, Inc.",4,365,True,,,False,,benign,no_adverse_signal
northamptongaming.com,2026-07-26,21,3.219528282299548,0.0,0,0.4166666666666667,-6.448806451612904,low,0.4444,3,0.5882352941176471,False,NOERROR,0,,0,2,False,False,0,,,,URL SOLUTIONS INC.,4,365,True,,,True,,malicious,spamhaus_dbl
fluencercm.com,2026-07-26,14,2.9219280948873623,0.0,0,0.42857142857142855,-7.106994117647059,low,0.6667,3,0.8,True,NOERROR,1,60,0,0,False,False,0,,,False,PDR Ltd. d/b/a PublicDomainRegistry.com,4,365,True,0,False,False,,benign,no_adverse_signal
kairostechsolutions.net,2026-07-26,23,3.5368867237421666,0.0,0,0.7272727272727273,-6.524462857142857,low,0.5128,3,0.6842105263157895,False,NXDOMAIN,0,,0,0,False,False,0,,,,"GMO Internet, Inc.",4,365,True,,,False,,benign,no_adverse_signal
vouchedlocal.com,2026-07-26,16,3.084962500721156,0.0,0,0.7142857142857143,-7.191933333333333,low,0.5455,2,0.75,True,NOERROR,1,3600,0,2,False,False,0,13335,DE,True,"Cloudflare, Inc.",4,365,True,63,False,False,,malicious,abuseipdb
elomova.com,2026-07-26,11,2.5216406363433186,0.0,0,1.3333333333333333,-6.8082,low,0.5714,1,0.8571428571428571,True,NOERROR,1,50,0,2,False,False,0,47583,CY,False,"HOSTINGER operations, UAB",4,365,False,32,False,False,,benign,no_adverse_signal
casinozer-frr.casino,2026-07-26,20,3.334679141051595,0.0,1,0.5,-7.431386956521739,low,0.4762,3,0.8461538461538461,True,NOERROR,1,1800,5,2,True,False,0,22612,US,False,,,,,0,False,False,False,benign,no_adverse_signal
thesciencenet.org,2026-07-26,17,2.6235166412180155,0.0,0,0.625,-6.2607478260869565,low,0.6923,2,0.5384615384615384,True,NOERROR,2,300,0,3,False,False,0,2635,US,False,Automattic Inc.,4,365,True,13,False,,,benign,no_adverse_signal
cardetailer.mom,2026-07-26,15,2.9139770731827523,0.0,0,0.8333333333333334,-6.2075894736842105,low,0.5556,2,0.7272727272727273,True,NOERROR,2,300,0,2,False,False,2,13335,US,False,Dynadot Inc,4,365,False,0,False,False,,benign,no_adverse_signal
xiangyirenjian.com,2026-07-26,18,2.9852281360342525,0.0,0,0.75,-7.482036000000001,low,0.5,3,0.6428571428571429,True,NOERROR,1,600,0,2,False,False,0,400619,HK,False,Gname.com Pte. Ltd.,4545,5113,True,0,True,False,,malicious,spamhaus_zen
maldonlogistics.com,2026-07-26,19,3.3735572622751855,0.0,0,0.5,-6.512477777777779,low,0.4762,2,0.7333333333333333,True,NOERROR,4,14400,5,4,False,False,0,53831,US,False,Squarespace Domains LLC,4,365,True,30,False,False,False,benign,no_adverse_signal
checkthatphonehq.com,2026-07-26,20,3.125,0.0,0,0.3333333333333333,-7.3471413793103455,low,0.5,4,0.625,True,NOERROR,2,300,1,2,True,False,2,13335,US,False,Porkbun LLC,3,365,False,0,False,False,False,benign,no_adverse_signal
xoundlab.com,2026-07-26,12,3.0,0.0,0,0.6,-7.679923076923076,low,0.5556,3,1.0,True,NOERROR,1,60,0,2,False,False,0,13335,US,False,Global Domain Group LLC,4,365,False,0,False,False,,benign,no_adverse_signal
hacen-power.com,2026-07-26,15,3.277613436819116,0.0,1,0.6666666666666666,-6.980215789473684,low,0.5217,1,0.9090909090909091,True,NOERROR,2,300,0,2,False,False,2,13335,US,False,Gname 030 Inc,4,365,False,0,False,False,,benign,no_adverse_signal
luxurylinger.com,2026-07-26,16,3.0849625007211556,0.0,0,0.5,-7.248685714285714,low,0.6,3,0.75,True,NOERROR,1,120,1,2,True,False,0,16509,IN,True,"GMO Internet, Inc.",4,365,False,0,False,False,True,benign,no_adverse_signal
hoadonsan.com,2026-07-26,13,2.5032583347756456,0.0,0,0.8,-6.63276,low,0.5714,2,0.6666666666666666,True,NOERROR,1,1800,0,2,False,False,0,56150,VN,True,"Spaceship, Inc.",4,365,False,0,False,False,,benign,no_adverse_signal
fessardguillaume.fr,2026-07-26,19,3.375,0.0,0,0.7777777777777778,-7.180893103448276,low,0.5,3,0.6875,True,NOERROR,1,60,3,2,True,False,0,3215,FR,True,OVH,3,1095,False,0,True,False,False,malicious,spamhaus_zen
bidmodels.info,2026-07-26,14,2.94770277922009,0.0,0,0.5,-7.053286666666667,medium,0.5333,2,0.8888888888888888,False,NOERROR,0,,1,2,True,False,0,,,,,,,,,,False,False,benign,no_adverse_signal
idminecraft.com,2026-07-26,15,3.2776134368191165,0.0,0,0.5714285714285714,-6.837642105263158,low,0.6,2,0.9090909090909091,True,NOERROR,1,300,0,2,False,False,0,56153,VN,False,INET CORPORATION,4,365,True,0,True,False,,malicious,spamhaus_zen
r3jmtjnh.cfd,2026-07-26,12,2.75,0.08333333333333333,0,0.0,-11.721715384615386,low,0.4,6,0.875,True,NOERROR,1,300,0,2,False,False,0,13335,SG,False,"GMO Internet, Inc.",4,365,True,0,False,False,,benign,no_adverse_signal
21946.vip,2026-07-26,9,2.321928094887362,0.5555555555555556,0,0.0,-10.954685714285715,low,0.5,0,1.0,True,NOERROR,1,1,0,2,False,True,0,4907,JP,False,Dynadot Inc,4,365,True,0,True,False,,malicious,spamhaus_zen
historycite.com,2026-07-26,15,3.0957952550009344,0.0,0,0.5714285714285714,-6.6448210526315785,low,0.5882,3,0.8181818181818182,True,NOERROR,1,3600,2,4,True,False,1,8560,DE,True,IONOS SE,4,365,True,0,False,False,False,benign,no_adverse_signal
concretesprosreadymix.com,2026-07-26,25,3.653756708287,0.0,0,0.5,-6.929087179487179,low,0.4286,3,0.6666666666666666,False,NOERROR,0,,3,4,True,False,0,,,,"Wild West Domains, LLC",3,365,True,,,False,False,benign,no_adverse_signal
auraofdistinction.com,2026-07-26,21,3.337175341123077,0.0,0,0.8888888888888888,-6.968777419354839,low,0.5,3,0.6470588235294118,False,NOERROR,0,,3,2,True,False,0,,,,"Amazon Registrar, Inc.",4,365,True,,,False,False,benign,no_adverse_signal
sj9yrgxh.cfd,2026-07-26,12,3.0,0.08333333333333333,0,0.0,-12.046492307692308,low,0.5333,5,1.0,False,NOERROR,0,,0,2,False,False,0,,,,"GMO Internet, Inc.",4,365,True,,,False,,benign,no_adverse_signal
rovalishealthcares.net,2026-07-26,22,3.350209029099897,0.0,0,0.6363636363636364,-6.526557575757575,low,0.5517,4,0.6111111111111112,False,NOERROR,0,,1,2,True,False,0,,,,"Cloudflare, Inc.",4,365,True,,,False,False,benign,no_adverse_signal
yk2u.com,2026-07-26,8,2.0,0.125,0,0.5,-11.65002,low,0.5,2,1.0,False,NOERROR,0,,0,2,False,False,0,,,,"NameSilo, LLC",4,365,True,,,False,,benign,no_adverse_signal
beckdam.xyz,2026-07-26,11,2.807354922057604,0.0,0,0.4,-7.4996090909090904,high,0.5455,3,1.0,True,NOERROR,1,1800,5,2,True,False,0,22612,US,False,NAMECHEAP INC,4,365,True,0,False,False,False,benign,no_adverse_signal
helato.cc,2026-07-26,9,2.584962500721156,0.0,0,1.0,-6.184822222222222,low,0.6667,1,1.0,True,NOERROR,1,300,1,2,True,False,0,6698,UA,True,NAMECHEAP INC,5,365,True,0,True,True,True,malicious,spamhaus_zen
nfhomeservices.com,2026-07-26,18,3.3248629576173574,0.0,0,0.5555555555555556,-6.650708,low,0.8148,3,0.7857142857142857,True,NOERROR,1,600,0,2,False,False,0,26496,US,True,"GoDaddy.com, LLC",2237,2556,True,0,False,False,,benign,no_adverse_signal
tolkfit.app,2026-07-26,11,2.5216406363433186,0.0,0,0.4,-8.012745454545454,low,0.5333,3,0.8571428571428571,False,NOERROR,0,,0,2,False,False,0,,,,,,,False,,,False,,benign,no_adverse_signal
conexresearch.com,2026-07-26,17,3.0269868333592873,0.0,0,0.625,-6.5934608695652175,low,0.7333,3,0.6923076923076923,False,NOERROR,0,,0,2,False,False,0,,,,OldWorldAliases.com LLC,4,365,True,,,False,,benign,no_adverse_signal
tamanoirsafe.org,2026-07-26,16,3.188721875540867,0.0,0,1.0,-6.911147619047618,low,0.5217,2,0.8333333333333334,True,NOERROR,1,3600,3,2,True,False,1,16276,FR,True,OVH sas,4,365,False,2,False,False,False,benign,no_adverse_signal
happyingame12.life,2026-07-26,18,3.3927474104487847,0.1111111111111111,0,0.5714285714285714,-7.383134782608695,low,0.5455,3,0.8461538461538461,True,NOERROR,4,30,0,2,False,False,8,213230,US,True,,,,False,0,False,False,,benign,no_adverse_signal
menidepot.com,2026-07-26,13,2.94770277922009,0.0,0,0.8,-6.546233333333333,low,0.6,1,0.8888888888888888,True,NOERROR,1,21600,0,4,False,False,1,13335,CA,True,"TUCOWS.COM, CO.",4,365,True,0,False,False,,benign,no_adverse_signal
pallchain.com,2026-07-26,13,2.725480556997868,0.0,0,0.5,-6.636726666666666,low,0.5882,4,0.7777777777777778,True,NOERROR,1,14400,0,2,False,False,0,16509,US,False,"HOSTINGER operations, UAB",4,365,False,0,False,False,,benign,no_adverse_signal
kxrpojrs.autos,2026-07-26,14,2.75,0.0,0,0.14285714285714285,-10.042607692307692,low,0.5,4,0.875,False,NOERROR,0,,0,2,False,False,0,,,,"GMO Internet, Inc.",4,365,True,,,False,,benign,no_adverse_signal
ballantynethreads.com,2026-07-26,21,3.3371753411230776,0.0,0,0.4166666666666667,-6.608590322580645,low,0.5455,4,0.6470588235294118,True,NOERROR,2,54,2,4,True,False,0,,US,False,Porkbun LLC,4,365,False,0,False,False,False,benign,no_adverse_signal
jgczuqubsaizhibgwg.com.cn,2026-07-26,25,3.4613201402110083,0.0,0,0.38461538461538464,-9.550972727272727,low,0.3226,4,0.6666666666666666,True,NOERROR,1,300,0,2,False,False,0,132839,HK,False,北京新网数码信息技术有限公司,5,365,False,0,False,False,,benign,no_adverse_signal
1xbet-a1nh.top,2026-07-26,14,3.121928094887362,0.14285714285714285,1,0.4,-9.588035294117647,high,0.5333,2,0.9,True,NOERROR,1,300,2,2,True,False,0,57724,RU,True,"Spaceship, Inc.",4,365,True,0,False,False,False,benign,no_adverse_signal
lettra.studio,2026-07-26,13,2.2516291673878226,0.0,0,0.5,-6.312366666666667,low,0.5714,3,0.8333333333333334,True,NOERROR,1,3600,1,2,True,False,1,13335,CA,True,,,,False,0,False,False,False,benign,no_adverse_signal
omoroviczaselect.shop,2026-07-26,21,3.452819531114783,0.0,0,0.7777777777777778,-6.997037931034482,low,0.5217,2,0.75,True,NOERROR,1,300,0,2,False,False,0,199242,US,False,,,,False,0,False,False,,benign,no_adverse_signal
tmexp.net,2026-07-26,9,2.321928094887362,0.0,0,0.25,-7.250885714285714,low,0.6667,2,1.0,True,NOERROR,2,3600,1,2,True,False,0,16509,US,True,"GoDaddy.com, LLC",4,1096,True,21,False,False,False,benign,no_adverse_signal
jvnob.sbs,2026-07-26,9,2.321928094887362,0.0,0,0.25,-9.048128571428572,low,0.5455,3,1.0,True,NOERROR,1,300,0,2,False,False,0,201501,MH,False,Dynadot Inc,4,365,False,0,True,True,,malicious,spamhaus_zen
eddyworkplace.com,2026-07-26,17,3.3927474104487847,0.0,0,0.4444444444444444,-7.450934782608695,low,0.5455,4,0.8461538461538461,True,NOERROR,4,60,0,4,False,False,0,16509,US,True,"Amazon Registrar, Inc.",4,365,True,0,False,False,,benign,no_adverse_signal
2s86tsyq.boats,2026-07-26,14,2.75,0.21428571428571427,0,0.0,-11.274376923076924,low,0.5,4,0.875,False,NOERROR,0,,0,2,False,False,0,,,,"GMO Internet, Inc.",4,365,True,,,False,,benign,no_adverse_signal
remillroost.shop,2026-07-26,16,2.9139770731827523,0.0,0,0.5714285714285714,-6.877715789473685,low,0.6,3,0.7272727272727273,True,NOERROR,2,300,0,2,False,False,2,13335,US,False,,,,False,0,False,False,,benign,no_adverse_signal
gm-cat-tw-wkse.shop,2026-07-26,19,3.182005814760214,0.0,3,0.2222222222222222,-8.952408,low,0.4,3,0.7142857142857143,True,NOERROR,1,600,0,2,False,False,0,132203,SG,False,,,,False,0,True,False,,malicious,spamhaus_zen
jgctjlanquycfxyc.com.cn,2026-07-26,23,3.452819531114783,0.0,0,0.14285714285714285,-9.754886206896552,low,0.375,6,0.75,True,NOERROR,1,300,0,2,False,False,0,132839,HK,False,北京新网数码信息技术有限公司,5,365,False,0,False,False,,benign,no_adverse_signal
racingline.tech,2026-07-26,15,2.921928094887362,0.0,0,0.6666666666666666,-6.0574,low,0.6667,3,0.8,True,NOERROR,2,300,0,2,False,False,2,13335,US,False,"Spaceship, Inc.",4,365,False,0,False,False,,benign,no_adverse_signal
kapten66slot.com,2026-07-26,16,3.2516291673878226,0.125,0,0.42857142857142855,-8.584757142857143,low,0.4762,2,0.8333333333333334,True,NOERROR,1,300,0,2,True,False,0,22612,US,True,NAMECHEAP INC,4,365,True,0,False,False,,benign,no_adverse_signal
parmelioiddwe.info,2026-07-26,18,3.238901256602631,0.0,0,0.8571428571428571,-7.526221739130436,medium,0.5,3,0.7692307692307693,True,NOERROR,2,300,0,2,False,False,2,13335,US,False,,,,,0,False,False,,benign,no_adverse_signal
casino6xyi.team,2026-07-26,15,3.121928094887362,0.06666666666666667,0,0.8,-8.57075294117647,low,0.5,2,0.9,True,NOERROR,1,3600,0,2,True,False,0,216071,NL,True,,,,,0,False,False,,benign,no_adverse_signal
gtmobile68.com,2026-07-26,14,3.321928094887362,0.14285714285714285,0,0.6,-8.4212,low,0.7778,3,1.0,True,NOERROR,1,300,0,0,False,False,0,58182,US,True,Wix.com Ltd.,373,730,True,0,False,False,,benign,no_adverse_signal
realcures.online,2026-07-26,16,2.725480556997868,0.0,0,0.8,-6.405146666666667,medium,0.625,2,0.7777777777777778,True,NOERROR,1,300,0,2,False,False,0,40034,VG,False,"NETWORK SOLUTIONS, LLC.",4,365,False,21,False,False,,benign,no_adverse_signal
68phmystic.xyz,2026-07-26,14,3.321928094887362,0.14285714285714285,0,0.14285714285714285,-8.66464705882353,high,0.5556,6,1.0,True,NOERROR,2,300,0,2,False,False,2,13335,US,False,Dynadot Inc,4,365,False,0,False,False,,benign,no_adverse_signal
usaroofcompany.com,2026-07-26,18,3.3248629576173574,0.0,0,0.75,-7.0238760000000005,low,0.5455,2,0.7857142857142857,True,NOERROR,2,600,0,2,False,False,0,16509,US,True,"Wild West Domains, LLC",4,365,True,2,False,False,,benign,no_adverse_signal
skirz.com,2026-07-26,9,2.321928094887362,0.0,0,0.25,-8.2539,low,0.5,2,1.0,True,NOERROR,2,1200,0,2,False,False,0,16509,US,True,"Spaceship, Inc.",4,365,False,2,False,False,,benign,no_adverse_signal
bored.today,2026-07-26,11,2.321928094887362,0.0,0,0.6666666666666666,-6.151171428571429,low,0.6,1,1.0,True,NOERROR,2,11,0,4,False,False,0,,US,False,,,,,3,False,False,,benign,no_adverse_signal
tempdomain.shop,2026-07-26,15,3.121928094887362,0.0,0,0.6666666666666666,-6.895523529411765,low,0.6667,3,0.9,False,NOERROR,0,,0,2,False,False,0,,,,,,,False,,,False,,benign,no_adverse_signal
sonerabeauty.de,2026-07-26,15,3.2516291673878226,0.0,0,1.0,-6.517390476190475,low,0.5,2,0.8333333333333334,True,NOERROR,1,3600,0,2,True,False,0,13335,CA,True,,,,False,0,False,False,,benign,no_adverse_signal
ts83m9es.motorcycles,2026-07-26,20,2.75,0.15,0,0.25,-11.845446153846154,low,0.5333,2,0.875,False,NOERROR,0,,0,2,False,False,0,,,,"GMO Internet, Inc.",4,365,True,,,False,,benign,no_adverse_signal
picpracticetest.com,2026-07-26,19,2.872905595320056,0.0,0,0.5,-6.505485185185186,low,0.5385,3,0.5333333333333333,True,NOERROR,1,3600,0,3,False,False,0,54113,US,False,"NameSilo, LLC",4,365,True,0,False,False,,benign,no_adverse_signal
aiadvantagesolutions.shop,2026-07-26,25,3.4219280948873623,0.0,0,1.0,-6.639591891891891,low,0.5,2,0.6,True,NOERROR,2,300,0,2,False,False,2,13335,US,False,,,,False,0,False,False,,benign,no_adverse_signal
uncielopienodibolle.com,2026-07-26,23,3.14163540772496,0.0,0,1.1111111111111112,-6.946714285714285,low,0.4444,2,0.5263157894736842,True,NOERROR,1,900,1,2,True,False,0,39729,IT,True,REGISTER S.P.A.,4,365,True,0,False,False,False,benign,no_adverse_signal
akastech.com,2026-07-26,12,2.75,0.0,0,0.6,-6.225615384615385,low,0.7778,2,0.875,True,NOERROR,1,3600,2,4,True,False,1,8560,US,True,IONOS SE,4,365,True,0,False,False,False,benign,no_adverse_signal
healthyprostaticnour.info,2026-07-26,25,3.6841837197791887,0.0,0,0.5384615384615384,-6.670543243243244,medium,0.5517,6,0.7,True,NOERROR,2,300,0,2,False,False,2,13335,US,False,,,,,0,False,False,,benign,no_adverse_signal
id6926.click,2026-07-26,12,2.2516291673878226,0.3333333333333333,0,1.0,-10.973066666666666,medium,0.4,1,0.8333333333333334,False,NXDOMAIN,0,,0,0,False,False,0,,,,Global Domain Group LLC,4,365,False,,,True,,malicious,spamhaus_dbl
voomi.app.br,2026-07-26,12,1.9219280948873623,0.0,0,1.5,-7.039214285714286,low,0.6667,1,0.8,True,NOERROR,1,14400,2,2,True,False,0,47583,BR,True,,5,365,False,0,False,False,False,benign,no_adverse_signal
oov3fchv.motorcycles,2026-07-26,20,2.5,0.05,0,0.4,-9.966330769230769,low,0.4286,4,0.75,False,NOERROR,0,,0,2,False,False,0,,,,"GMO Internet, Inc.",4,365,True,,,False,,benign,no_adverse_signal
parchmentetrist.cfd,2026-07-26,19,3.323231428797621,0.0,0,0.36363636363636365,-6.359314814814815,low,0.5833,4,0.7333333333333333,False,NOERROR,0,,0,2,False,False,0,,,,Porkbun LLC,4,365,False,,,False,,benign,no_adverse_signal
sar0l44.cc,2026-07-26,10,2.521640636343318,0.3,0,0.3333333333333333,-10.981154545454546,low,0.4,1,0.8571428571428571,True,NOERROR,1,60,0,2,False,False,0,219502,NL,False,"NameSilo, LLC",5,365,False,14,True,True,,malicious,spamhaus_zen
fciengineering.com,2026-07-26,18,2.6455933144511468,0.0,0,0.75,-6.520712,low,0.5185,2,0.5,False,NXDOMAIN,0,,0,0,False,False,0,,,,"GMO Internet, Inc.",3,365,True,,,False,,benign,no_adverse_signal
ascendagencymarketing.co,2026-07-26,24,3.522571589136359,0.0,0,0.5,-6.595899999999999,low,0.4706,4,0.6190476190476191,False,NOERROR,0,,1,4,True,False,0,,,,Dynadot Inc,6,365,False,,,False,False,benign,no_adverse_signal
uh5oovin.cfd,2026-07-26,12,2.75,0.08333333333333333,0,1.3333333333333333,-9.638738461538463,low,0.5333,1,0.875,True,NOERROR,1,300,0,2,False,False,0,13335,SG,False,"GMO Internet, Inc.",4,365,True,0,False,False,,benign,no_adverse_signal
pacificabeautyhome.shop,2026-07-26,23,3.5724312513221195,0.0,0,1.0,-7.070060606060607,low,0.48,3,0.7222222222222222,True,NOERROR,1,300,0,2,False,False,0,199242,GE,True,,,,False,0,False,False,,benign,no_adverse_signal
gegos.top,2026-07-26,9,1.9219280948873623,0.0,0,0.6666666666666666,-7.269757142857143,high,0.6,1,0.8,False,NOERROR,0,,0,2,False,False,0,,,,Dynadot LLC,4,365,True,,,False,,benign,no_adverse_signal
helphand.design,2026-07-26,15,2.75,0.0,0,0.3333333333333333,-6.700961538461538,low,0.5714,3,0.875,True,NOERROR,2,13,0,4,False,False,0,,US,False,www.porkbun.com,745,730,True,3,False,False,,benign,no_adverse_signal
tlmsolutions.be,2026-07-26,15,2.918295834054489,0.0,0,0.5,-7.023542857142858,low,0.6087,4,0.6666666666666666,True,NOERROR,1,21600,3,2,True,False,0,43515,NL,True,,4,,False,0,False,False,False,benign,no_adverse_signal
chare-yuanyouqipai.com.cn,2026-07-26,25,3.5724312513221195,0.0,1,1.125,-7.8984303030303025,low,0.3871,2,0.7222222222222222,True,NOERROR,1,599,0,2,False,False,0,58658,US,False,北京新网数码信息技术有限公司,8,365,False,0,False,False,,benign,no_adverse_signal
acactivityofficial.com,2026-07-26,22,2.974937501201927,0.0,0,0.8,-6.897969696969697,low,0.4737,2,0.5,True,NOERROR,4,14400,1,4,True,False,0,53831,US,False,Squarespace Domains II LLC,3,365,True,30,False,False,False,benign,no_adverse_signal
kapixgames.com,2026-07-26,14,3.121928094887362,0.0,0,0.6666666666666666,-7.147111764705882,low,0.7368,2,0.9,True,NOERROR,1,50,0,2,False,False,0,47583,CY,False,"HOSTINGER operations, UAB",4,365,False,32,False,False,,benign,no_adverse_signal
staticnamecustom.space,2026-07-26,22,3.202819531114783,0.0,0,0.6,-6.396368965517241,low,0.5833,2,0.625,True,NOERROR,1,21600,0,2,False,False,0,208677,RU,False,Registrar of Domain Names REG.RU LLC,4,365,False,0,False,False,,benign,no_adverse_signal
nkdoy.shop,2026-07-26,10,2.321928094887362,0.0,0,0.25,-8.549971428571428,low,0.5455,3,1.0,False,NOERROR,0,,0,2,False,False,0,,,,,,,False,,,False,,benign,no_adverse_signal
shopdontaskwhy.com,2026-07-26,18,3.3787834934861767,0.0,0,0.2727272727272727,-7.570584,low,0.4762,5,0.7857142857142857,True,NOERROR,2,300,0,3,False,False,0,16509,US,True,"TUCOWS.COM, CO.",4,365,True,0,False,False,,benign,no_adverse_signal
0149lh.cc,2026-07-26,9,2.584962500721156,0.4444444444444444,0,0.0,-11.645177777777779,low,0.3333,2,1.0,True,NOERROR,1,600,0,2,False,False,0,140869,HK,False,Gname.com Pte. Ltd.,24,365,True,0,False,False,,benign,no_adverse_signal
elfliqliquid.de,2026-07-26,15,2.6258145836939115,0.0,0,0.7142857142857143,-8.2467,low,0.4211,3,0.5833333333333334,True,NOERROR,1,7200,1,2,True,False,0,24940,DE,True,,,,False,0,False,False,False,benign,no_adverse_signal
lumastudiosyyc.com,2026-07-26,18,3.378783493486176,0.0,0,0.5555555555555556,-7.404932,low,0.5455,4,0.7857142857142857,True,NOERROR,4,14400,1,4,True,False,0,53831,US,False,Squarespace Domains II LLC,4,365,True,41,False,False,False,benign,no_adverse_signal
businessproof.in,2026-07-26,16,3.180832987205441,0.0,0,0.625,-6.432573913043478,low,0.6429,4,0.7692307692307693,True,NOERROR,1,300,0,2,False,False,0,47583,IN,True,"HOSTINGER operations, UAB",5,365,False,0,False,False,,benign,no_adverse_signal
leasingspoleczny.pl,2026-07-26,19,3.5,0.0,0,0.45454545454545453,-7.232224137931034,low,0.4667,4,0.75,True,NOERROR,1,21600,1,2,True,False,0,48707,PL,False,Aftermarket.pl Limited,5,365,False,0,False,False,False,benign,no_adverse_signal
goviralfusion.com,2026-07-26,17,3.3927474104487847,0.0,0,0.8571428571428571,-6.859360869565217,low,0.56,2,0.8461538461538461,True,NOERROR,2,600,0,2,False,False,0,16509,US,True,"GoDaddy.com, LLC",4,365,True,34,False,False,,benign,no_adverse_signal
saintemesse.com,2026-07-26,15,2.5949066182439395,0.0,0,0.8333333333333334,-6.089310526315789,low,0.6,2,0.6363636363636364,True,NOERROR,2,300,3,2,True,False,2,13335,US,False,NAMECHEAP INC,4,365,True,0,False,False,False,benign,no_adverse_signal
atlasnex.my,2026-07-26,11,2.75,0.0,0,0.6,-6.907230769230769,low,0.7059,2,0.875,True,NOERROR,1,50,0,2,False,False,0,47583,CY,False,"HOSTINGER operations, UAB",5,365,True,32,False,False,,benign,no_adverse_signal
orilliajackpot.com,2026-07-26,18,3.2359263506290334,0.0,0,0.75,-7.092175999999999,low,0.48,3,0.7142857142857143,False,NOERROR,0,,0,2,False,False,0,,,,URL SOLUTIONS INC.,4,365,True,,,True,,malicious,spamhaus_dbl
sffuturestars.com,2026-07-26,17,2.7192945256669794,0.0,0,0.4444444444444444,-6.9663260869565224,low,0.6154,3,0.5384615384615384,True,NOERROR,4,14400,0,4,True,False,0,53831,US,False,Squarespace Domains LLC,4,731,True,41,False,False,,benign,no_adverse_signal
rcbp-pub.fr,2026-07-26,11,2.5,0.0,1,0.16666666666666666,-9.012930769230769,low,0.4286,4,0.75,True,NOERROR,2,60,2,2,True,False,2,47583,DE,False,Hostinger operations UAB,3,364,False,1,False,False,False,benign,no_adverse_signal
forbiddenhealingsecrets.com,2026-07-26,27,3.7409532604048397,0.0,0,0.5333333333333333,-6.7447302325581395,low,0.4444,3,0.6521739130434783,True,NOERROR,1,21600,0,2,False,False,0,16509,US,True,"TUCOWS.COM, CO.",1834,2191,True,0,False,False,,benign,no_adverse_signal
beloved-companion.in,2026-07-26,20,3.572469458770136,0.0,1,0.7777777777777778,-6.753954838709678,low,0.5161,2,0.7647058823529411,True,NOERROR,1,50,0,2,False,False,0,47583,CY,False,"HOSTINGER operations, UAB",4,365,False,32,False,False,,benign,no_adverse_signal
digiischolarships.com,2026-07-26,21,3.2195282822995477,0.0,0,0.5454545454545454,-6.9897451612903225,low,0.5,3,0.6470588235294118,True,NOERROR,1,600,0,2,False,False,0,153494,HK,False,"GMO Internet, Inc.",4,365,True,0,False,False,,benign,no_adverse_signal
kampungapp.net,2026-07-26,14,2.6464393446710157,0.0,0,0.42857142857142855,-6.963694117647059,low,0.5882,2,0.7,False,NOERROR,0,,0,2,False,False,0,,,,"Cloudflare, Inc.",4,365,True,,,False,,benign,no_adverse_signal
1cgp.shop,2026-07-26,9,2.0,0.1111111111111111,0,0.0,-10.00806,low,0.5455,3,1.0,True,NOERROR,6,60,0,2,False,True,0,8075,KR,False,,,,False,0,True,True,,malicious,spamhaus_zen
wikirace.day,2026-07-26,12,2.75,0.0,0,1.0,-6.7441615384615385,low,0.6154,1,0.875,True,NOERROR,2,300,0,2,False,False,2,13335,US,False,,,,,0,False,False,,benign,no_adverse_signal
glorivabet.com,2026-07-26,14,3.321928094887362,0.0,0,0.6666666666666666,-6.748235294117647,low,0.5714,2,1.0,False,NOERROR,0,,0,4,False,False,0,,,,"Amazon Registrar, Inc.",4,365,True,,,False,,benign,no_adverse_signal
uplandhearth.com.de,2026-07-26,19,1.584962500721156,0.0,0,0.5,-5.649566666666666,low,0.6,1,1.0,True,NOERROR,2,300,0,2,False,False,2,13335,US,False,,,,False,0,False,False,,benign,no_adverse_signal
tyjgczuqugwg1lh.com.cn,2026-07-26,22,3.4565647621309536,0.045454545454545456,0,0.16666666666666666,-11.074329629629629,low,0.3636,6,0.8,True,NOERROR,1,300,0,2,False,False,0,132839,HK,False,北京新网数码信息技术有限公司,5,365,False,0,False,False,,benign,no_adverse_signal
kojicraft.ru,2026-07-26,12,3.169925001442312,0.0,0,0.5,-7.894446666666666,low,0.5556,2,1.0,True,NOERROR,1,3600,2,2,True,False,1,197695,RU,True,REGRU-RU,5,365,False,0,False,False,False,benign,no_adverse_signal
siouxcityphysicaltherapy.com,2026-07-26,28,3.6887218755408675,0.0,0,0.5,-7.289117777777777,low,0.4375,6,0.5833333333333334,True,NOERROR,2,3600,1,2,True,False,0,16509,US,True,Squarespace Domains II LLC,4,365,True,56,False,False,,malicious,abuseipdb
widefocuspo.org,2026-07-26,15,3.277613436819116,0.0,0,0.8333333333333334,-7.136231578947369,low,0.5556,2,0.9090909090909091,True,NOERROR,2,300,0,2,False,False,2,13335,US,False,"NameSilo, LLC",4,365,False,0,False,False,,benign,no_adverse_signal
xn--sheva-eg1b.com,2026-07-26,18,3.3248629576173574,0.05555555555555555,3,0.42857142857142855,-9.015072,low,0.4444,2,0.7857142857142857,True,NOERROR,2,600,0,2,False,False,0,16509,US,True,"GoDaddy.com, LLC",5,1096,True,34,False,False,,benign,no_adverse_signal
komfort-zone-jesberg.com,2026-07-26,24,3.6464393446710153,0.0,2,0.5,-7.660105405405406,low,0.4615,2,0.7,True,NOERROR,1,14400,0,4,False,False,0,13335,US,False,PDR Ltd. d/b/a PublicDomainRegistry.com,4,365,True,0,False,False,,benign,no_adverse_signal
pep200.com,2026-07-26,10,1.9182958340544896,0.3,0,0.5,-9.079233333333333,low,0.4444,1,0.6666666666666666,True,NOERROR,1,50,2,2,True,False,0,47583,CY,False,"HOSTINGER operations, UAB",4,365,False,32,False,False,False,benign,no_adverse_signal
sanixoldtbilisi.com,2026-07-26,19,3.1068905956085184,0.0,0,0.6666666666666666,-7.489611111111111,low,0.4615,4,0.6666666666666666,True,NOERROR,2,3600,0,2,False,False,0,16509,US,True,"GoDaddy.com, LLC",4,365,True,21,False,False,,benign,no_adverse_signal
wc3qofx1.yachts,2026-07-26,15,3.0,0.13333333333333333,0,0.2,-11.615253846153847,low,0.375,2,1.0,False,NOERROR,0,,0,2,False,False,0,,,,"GMO Internet, Inc.",4,365,True,,,False,,benign,no_adverse_signal
15999x.com,2026-07-26,10,1.7924812503605778,0.5,0,0.0,-10.4123,low,0.2222,1,0.6666666666666666,False,timeout,0,,0,0,False,False,0,,,,Eranet International Limited,4,365,True,,,False,,benign,no_adverse_signal
goderichheatingcooling.ca,2026-07-26,25,3.447401504705915,0.0,0,0.6923076923076923,-6.509348780487805,low,0.4865,3,0.5454545454545454,True,NOERROR,4,600,0,4,False,False,0,54113,US,True,CENTRALNIC CANADA INC,6,365,False,43,False,False,,benign,no_adverse_signal
icontrackstudio.com,2026-07-26,19,3.3735572622751846,0.0,0,0.6666666666666666,-6.377348148148148,low,0.5926,4,0.7333333333333333,True,NOERROR,2,7,1,4,True,False,0,,US,False,Porkbun LLC,4,365,False,0,False,False,False,benign,no_adverse_signal
winons.quest,2026-07-26,12,2.2516291673878226,0.0,0,0.5,-6.148033333333334,low,0.7692,2,0.8333333333333334,True,NOERROR,1,1800,1,2,True,False,0,,,False,NAMECHEAP INC,4,365,False,0,False,False,False,benign,no_adverse_signal
ownadripbar.ca,2026-07-26,14,3.095795255000934,0.0,0,0.5714285714285714,-7.502294736842106,low,0.5556,2,0.8181818181818182,True,NOERROR,2,600,0,2,False,False,0,209242,US,False,"Go Daddy Domains Canada, Inc",5,731,True,48,False,False,,benign,no_adverse_signal
oqqpwdm.cc,2026-07-26,10,2.5216406363433186,0.0,0,0.16666666666666666,-11.243681818181818,low,0.4286,6,0.8571428571428571,True,NOERROR,1,1,0,2,False,True,0,40065,US,False,"NameSilo, LLC",4,365,True,0,False,False,,benign,no_adverse_signal
bosjp89.net,2026-07-26,11,2.807354922057604,0.18181818181818182,0,0.25,-10.031981818181817,low,0.5333,3,1.0,True,NOERROR,1,14400,1,2,True,False,0,26496,US,True,"NameSilo, LLC",4,365,True,0,False,False,False,benign,no_adverse_signal
rgzss51t.cfd,2026-07-26,12,2.75,0.16666666666666666,0,0.0,-10.818792307692307,low,0.4,5,0.875,True,NOERROR,1,300,0,2,False,False,0,45102,HK,False,"GMO Internet, Inc.",4,365,True,0,False,False,,benign,no_adverse_signal
wearesafezone.com,2026-07-26,17,2.9312089489103235,0.0,0,1.1666666666666667,-6.823456521739131,low,0.5556,1,0.6923076923076923,True,NOERROR,1,14400,1,3,True,False,0,17378,US,True,Neubox Internet S.A. de C.V.,3,365,False,0,False,False,False,benign,no_adverse_signal
รุ่งทวี.com,2026-07-26,11,2.807354922057604,0.0,0,0.0,-15.758045454545455,low,0.0,3,1.0,True,NOERROR,2,600,0,2,False,False,0,16509,US,True,"GoDaddy.com, LLC",4,365,True,46,False,False,,benign,no_adverse_signal
thevoicesofvariables.store,2026-07-26,26,3.5841837197791886,0.0,0,0.8181818181818182,-7.186921621621621,low,0.4516,2,0.65,True,NOERROR,1,3600,2,4,True,False,1,8560,US,True,,,,False,0,False,False,False,benign,no_adverse_signal
fk6fi8hd.top,2026-07-26,12,2.75,0.16666666666666666,0,0.2,-12.506076923076924,high,0.5,2,0.875,True,NOERROR,3,60,0,2,False,True,0,138995,US,False,Dominet (HK) Limited,4,365,True,0,True,True,,malicious,spamhaus_zen
arsslanoglugir.xyz,2026-07-26,18,3.09306920777189,0.0,0,0.5555555555555556,-7.307772,high,0.5217,4,0.6428571428571429,True,NOERROR,2,41,0,4,False,False,0,,US,False,Porkbun LLC,382,730,False,3,False,False,,benign,no_adverse_signal
xbinsulationpipe.com,2026-07-26,20,3.452819531114783,0.0,0,0.7777777777777778,-6.9159999999999995,low,0.5,2,0.75,False,NXDOMAIN,0,,0,0,False,False,0,,,,Xin Net Technology Corporation,4,365,True,,,False,,benign,no_adverse_signal
123printen.store,2026-07-26,16,3.1219280948873624,0.1875,0,0.4,-7.271241176470588,low,0.5556,2,0.9,False,NOERROR,0,,0,2,False,False,0,,,,,,,False,,,False,,benign,no_adverse_signal
datasprintpod.com,2026-07-26,17,3.0850551027564768,0.0,0,0.4444444444444444,-6.562182608695653,low,0.5455,3,0.6923076923076923,False,NOERROR,0,,0,2,False,False,0,,,,NAMECHEAP INC,4,365,True,,,False,,benign,no_adverse_signal
vasnika.com,2026-07-26,11,2.5216406363433186,0.0,0,0.75,-7.430018181818181,low,0.5455,2,0.8571428571428571,True,NOERROR,2,600,0,2,False,False,0,16509,US,True,"GoDaddy.com, LLC",4,365,False,46,False,False,,benign,no_adverse_signal
oinpscore.ca,2026-07-26,12,2.94770277922009,0.0,0,0.8,-6.852106666666667,low,0.625,4,0.8888888888888888,True,NOERROR,2,3600,0,2,False,False,0,16509,US,True,"Go Daddy Domains Canada, Inc",5,365,True,18,False,False,,benign,no_adverse_signal
y440.buzz,2026-07-26,9,1.5,0.3333333333333333,0,0.0,-10.71668,high,0.5,1,0.75,True,NOERROR,2,300,0,2,False,False,2,13335,US,False,"Spaceship, Inc.",4,365,False,0,False,False,,benign,no_adverse_signal
jgujv2gg.top,2026-07-26,12,2.1556390622295662,0.08333333333333333,0,0.16666666666666666,-11.422646153846156,high,0.5,2,0.625,True,NOERROR,3,60,0,2,False,True,0,138995,US,False,Dominet (HK) Limited,4,365,True,0,True,True,,malicious,spamhaus_zen
39w9ggf5wg98wlic6er8u24.cfd,2026-07-26,27,3.8164027166443875,0.37037037037037035,0,0.3,-11.678079069767442,low,0.3448,3,0.6956521739130435,False,NOERROR,0,,0,0,False,False,0,,,,URL SOLUTIONS INC.,4,365,True,,,True,,malicious,spamhaus_dbl
jaynesaustin565.help,2026-07-26,20,3.373557262275185,0.15,0,0.7142857142857143,-7.719185185185186,low,0.4667,2,0.7333333333333333,False,NXDOMAIN,0,,0,0,False,False,0,,,,"GMO Internet, Inc.",4,365,True,,,False,,benign,no_adverse_signal
jgczuqukaijjeg2fy.com.cn,2026-07-26,24,3.5724694587701364,0.041666666666666664,0,0.45454545454545453,-10.429993548387095,low,0.4348,4,0.7647058823529411,True,NOERROR,1,300,0,2,False,False,0,132839,HK,False,北京新网数码信息技术有限公司,5,365,False,0,False,False,,benign,no_adverse_signal
almahairspa.com,2026-07-26,15,2.7321588913645707,0.0,0,0.8333333333333334,-6.994452631578947,low,0.5556,3,0.7272727272727273,True,NOERROR,2,3600,0,4,False,False,0,16509,US,True,"Name.com, Inc.",4,365,False,0,False,False,,benign,no_adverse_signal
e8k7m2qn.top,2026-07-26,12,3.0,0.25,0,0.25,-12.836284615384615,high,0.4,2,1.0,False,NOERROR,0,,0,2,False,False,0,,,,Porkbun LLC,4,365,False,,,False,,benign,no_adverse_signal
playputting.com,2026-07-26,15,3.0957952550009344,0.0,0,0.375,-6.8429789473684215,low,0.7273,2,0.8181818181818182,True,NOERROR,3,3600,0,2,False,False,0,58182,US,True,Wix.com Ltd.,4,731,True,21,False,False,,benign,no_adverse_signal
manulscore.com,2026-07-26,14,3.321928094887362,0.0,0,0.6666666666666666,-6.730311764705882,low,0.6,3,1.0,False,NOERROR,0,,0,2,False,False,0,,,,"Cloudflare, Inc.",3,365,True,,,False,,benign,no_adverse_signal
ip-tveurope.store,2026-07-26,17,3.0957952550009344,0.0,1,1.0,-7.65008947368421,low,0.5882,2,0.8181818181818182,True,NOERROR,1,60,1,2,True,False,0,,DE,True,,,,False,0,False,False,False,benign,no_adverse_signal
photizoconference.online,2026-07-26,24,3.2927701939369904,0.0,0,0.7,-6.944590322580645,medium,0.4348,2,0.6470588235294118,True,NOERROR,1,1800,5,2,True,False,0,22612,US,False,NAMECHEAP INC,4,365,True,0,False,False,False,benign,no_adverse_signal
eniaqlabs.com,2026-07-26,13,2.94770277922009,0.0,0,0.8,-8.03328,low,0.5556,2,0.8888888888888888,True,NOERROR,4,14400,0,4,True,False,0,53831,US,False,Squarespace Domains LLC,4,365,True,30,False,False,,benign,no_adverse_signal
ampelior.com,2026-07-26,12,3.0,0.0,0,1.0,-6.813223076923077,low,0.5882,2,1.0,True,NOERROR,2,60,0,2,False,False,2,47583,DE,False,"HOSTINGER operations, UAB",4,365,False,0,False,False,,benign,no_adverse_signal
kaiyun-zybf.com.cn,2026-07-26,18,3.277613436819116,0.0,1,0.42857142857142855,-9.305447368421051,low,0.5882,4,0.9090909090909091,True,NOERROR,1,300,0,2,False,False,0,132839,SC,False,Web Commerce Communications Limited,57,365,False,0,False,True,,malicious,spamhaus_dbl
cityofsnacks678.help,2026-07-26,20,3.6402239289418516,0.15,0,0.3333333333333333,-8.338766666666666,low,0.4,3,0.8666666666666667,False,NXDOMAIN,0,,0,0,False,False,0,,,,"GMO Internet, Inc.",4,365,True,,,False,,benign,no_adverse_signal
r3t3zg04.motorcycles,2026-07-26,20,2.75,0.2,0,0.0,-12.380115384615383,low,0.4,2,0.875,False,NOERROR,0,,0,2,False,False,0,,,,"GMO Internet, Inc.",4,365,True,,,False,,benign,no_adverse_signal
bluegod.top,2026-07-26,11,2.807354922057604,0.0,0,0.75,-7.394254545454545,high,0.5333,2,1.0,False,NOERROR,0,,0,2,False,False,0,,,,Gname.com Pte. Ltd.,4,365,True,,,False,,benign,no_adverse_signal
wildauraexotics.org,2026-07-26,19,3.640223928941851,0.0,0,0.875,-7.3804185185185185,low,0.5385,2,0.8666666666666667,True,NOERROR,1,21600,0,2,False,False,0,16509,US,True,"TUCOWS.COM, CO.",373,730,True,0,False,False,,benign,no_adverse_signal
abstracttestprep.uk,2026-07-26,19,2.875,0.0,0,0.3333333333333333,-6.593355172413793,low,0.5161,4,0.5,True,NOERROR,3,3603,0,3,False,False,0,63949,US,True,NameSilo LLC [Tag = NAMESILO],7,365,False,1,False,False,,benign,no_adverse_signal
kissdream.shop,2026-07-26,14,2.94770277922009,0.0,0,0.5,-6.966399999999999,low,0.5556,4,0.8888888888888888,False,NXDOMAIN,0,,0,0,False,False,0,,,,,,,False,,,False,,benign,no_adverse_signal
alisonkiely.cv,2026-07-26,14,3.0957952550009344,0.0,0,0.8333333333333334,-6.778763157894737,low,0.5333,2,0.8181818181818182,True,NOERROR,1,300,0,2,False,False,0,16509,US,False,apitestregistrar,5,365,False,0,False,False,,benign,no_adverse_signal
9rpq.top,2026-07-26,8,2.0,0.125,0,0.0,-11.799380000000001,high,0.5,3,1.0,True,NOERROR,6,600,0,2,False,True,0,8075,JP,False,"Spaceship, Inc.",4,365,True,0,True,True,,malicious,spamhaus_zen
lanqujgcjassaibfsuandxafm.com.cn,2026-07-26,32,3.6692750707107127,0.0,0,0.47058823529411764,-8.828302127659574,low,0.4118,4,0.6,True,NOERROR,1,300,0,2,False,False,0,132839,HK,False,北京新网数码信息技术有限公司,5,365,False,0,False,False,,benign,no_adverse_signal
badgup.com.br,2026-07-26,13,2.584962500721156,0.0,0,0.5,-7.957566666666667,low,0.7273,2,1.0,True,NOERROR,1,60,0,2,False,False,0,16509,US,False,,5,365,False,0,False,False,,benign,no_adverse_signal
7g0gb57u.autos,2026-07-26,14,2.5,0.2857142857142857,0,0.3333333333333333,-12.700784615384615,low,0.3636,2,0.75,False,NOERROR,0,,0,2,False,False,0,,,,"GMO Internet, Inc.",4,365,True,,,False,,benign,no_adverse_signal
iconresultshooks.com,2026-07-26,20,3.4056390622295662,0.0,0,0.6,-6.864779310344828,low,0.5217,4,0.75,True,NOERROR,2,36,1,4,True,False,0,,US,False,Porkbun LLC,4,365,False,0,False,False,False,benign,no_adverse_signal
idexxhr.nl,2026-07-26,10,2.521640636343318,0.0,0,0.4,-8.131136363636363,low,0.5882,4,0.8571428571428571,True,NOERROR,4,14400,1,4,True,False,0,53831,US,False,Key-Systems GmbH,5,,False,30,False,True,False,malicious,spamhaus_dbl
ticketfaster.shop,2026-07-26,17,3.0220552088742,0.0,0,0.5,-6.292847619047619,low,0.6316,2,0.75,True,NOERROR,2,26,0,4,False,False,0,,US,False,,,,False,3,False,False,,benign,no_adverse_signal
man.doctor,2026-07-26,10,1.584962500721156,0.0,0,0.5,-5.239633333333334,low,0.6667,1,1.0,False,NXDOMAIN,0,,0,0,False,False,0,,,,,,,,,,False,,benign,no_adverse_signal
ishqrecords.com,2026-07-26,15,3.0957952550009344,0.0,0,0.375,-7.565152631578947,low,0.6667,4,0.8181818181818182,True,NOERROR,2,300,0,2,False,False,2,13335,US,False,"Cloudflare, Inc.",4,365,True,0,False,False,,benign,no_adverse_signal
uzvwb2tx.autos,2026-07-26,14,3.0,0.07142857142857142,0,0.16666666666666666,-11.689423076923077,low,0.5,4,1.0,False,NOERROR,0,,0,2,False,False,0,,,,"GMO Internet, Inc.",4,365,True,,,False,,benign,no_adverse_signal
yiyuanhuzhu.com,2026-07-26,15,2.663532754804255,0.0,0,0.8333333333333334,-8.768847368421053,low,0.4706,2,0.6363636363636364,True,NOERROR,1,1,0,2,False,False,0,967,HK,False,July Name Limited,4,365,True,0,False,False,,benign,no_adverse_signal
achat-terroirs.org,2026-07-26,18,3.182005814760214,0.0,1,0.625,-7.0090639999999995,low,0.4762,2,0.7142857142857143,True,NOERROR,1,3600,3,2,True,False,0,16276,FR,True,OVH sas,411,730,False,15,False,False,False,benign,no_adverse_signal
rutivio.app,2026-07-26,11,2.521640636343318,0.0,0,1.3333333333333333,-6.985863636363636,low,0.6,1,0.8571428571428571,True,NOERROR,1,300,0,4,False,False,0,13335,DE,True,,,,False,63,False,False,,malicious,abuseipdb
gonorcoairbids.com,2026-07-26,18,3.182005814760214,0.0,0,0.75,-7.1466520000000004,low,0.6087,2,0.7142857142857143,True,NOERROR,1,3600,1,4,True,False,0,14618,US,True,PDR Ltd. d/b/a PublicDomainRegistry.com,4,365,True,0,False,False,False,benign,no_adverse_signal
azrsn.ch,2026-07-26,8,2.321928094887362,0.0,0,0.25,-9.136128571428571,low,0.6667,4,1.0,True,NOERROR,1,1,0,2,False,True,0,4907,JP,False,,,,False,0,True,True,,malicious,spamhaus_zen
ratsystems.uk,2026-07-26,13,2.6464393446710157,0.0,0,0.25,-6.741388235294117,low,0.56,5,0.7,False,NOERROR,0,,0,2,False,False,0,,,,"Cloudflare, Inc. [Tag = CLOUDFLARE]",5,365,False,,,False,,benign,no_adverse_signal
orbitreportingsolutions.com,2026-07-26,27,3.381620107948735,0.0,0,0.6428571428571429,-6.452620930232558,low,0.4651,3,0.5217391304347826,True,NOERROR,2,300,1,2,True,False,2,13335,US,False,"GoDaddy.com, LLC",4,365,False,0,False,False,False,benign,no_adverse_signal
fixplay6660.com,2026-07-26,15,3.027169118440619,0.26666666666666666,0,0.4,-8.728373684210526,low,0.4444,3,0.8181818181818182,True,NOERROR,2,300,0,2,False,False,2,13335,US,False,Dominet (HK) Limited,4,365,False,0,False,False,,benign,no_adverse_signal
jimothytheracoonseattle.co,2026-07-26,26,3.5883543471732335,0.0,0,0.6428571428571429,-6.873820930232558,low,0.4737,5,0.6086956521739131,True,NOERROR,3,3600,0,2,False,False,0,58182,US,True,Tucows Domains Inc.,4,365,False,22,False,False,,benign,no_adverse_signal
astn-amp788.site,2026-07-26,16,3.0957952550009344,0.1875,1,0.4,-8.798547368421053,medium,0.4348,3,0.8181818181818182,True,NOERROR,1,3600,1,2,True,False,0,31898,IN,True,NAMECHEAP INC,4,365,True,0,False,False,False,benign,no_adverse_signal
hartford.rentals,2026-07-26,16,2.75,0.0,0,0.3333333333333333,-6.5857769230769225,low,0.6667,3,0.875,True,NOERROR,1,1800,5,2,True,False,0,22612,US,False,,,,,0,False,False,False,benign,no_adverse_signal
easyodysseytravel.com,2026-07-26,21,3.1307179879273748,0.0,0,0.5454545454545454,-7.392393548387097,low,0.5,4,0.5882352941176471,True,NOERROR,2,60,0,2,False,False,2,47583,DE,False,"HOSTINGER operations, UAB",4,365,False,10,False,False,,benign,no_adverse_signal
mercy4dbiru.lol,2026-07-26,15,3.277613436819116,0.06666666666666667,0,0.42857142857142855,-8.772773684210527,low,0.5882,3,0.9090909090909091,True,NOERROR,2,300,0,2,False,False,2,13335,US,False,Dynadot Inc,4,365,False,0,False,False,,benign,no_adverse_signal
urs-gerber.ch,2026-07-26,13,2.6464393446710157,0.0,1,0.5,-7.171235294117647,low,0.5217,2,0.7,False,NOERROR,0,,0,2,True,False,0,,,,,,,False,,,False,,benign,no_adverse_signal
castleandkeylife.shop,2026-07-26,21,3.452819531114783,0.0,0,0.6,-7.126151724137931,low,0.5833,3,0.75,True,NOERROR,1,300,0,2,False,False,0,199242,GE,False,,,,False,0,True,False,,malicious,spamhaus_zen
swiftriverhq.com,2026-07-26,16,3.2516291673878226,0.0,0,0.3333333333333333,-7.31697619047619,low,0.5556,3,0.8333333333333334,True,NOERROR,2,600,1,2,True,False,0,16509,US,True,"GoDaddy.com, LLC",4,365,True,46,False,False,False,benign,no_adverse_signal
gameviral.biz.id,2026-07-26,16,2.94770277922009,0.0,0,0.8,-6.481466666666667,low,0.5882,1,0.8888888888888888,True,NOERROR,2,300,0,2,False,False,2,13335,US,False,,,,False,0,False,False,,benign,no_adverse_signal
magmaheat.com,2026-07-26,13,2.4193819456463714,0.0,0,0.8,-7.027159999999999,low,0.5333,2,0.6666666666666666,True,NOERROR,2,22,0,4,False,False,0,,US,False,Porkbun LLC,381,730,False,3,False,False,,benign,no_adverse_signal
6nbm.top,2026-07-26,8,2.0,0.125,0,0.0,-11.13428,high,0.5714,3,1.0,True,NOERROR,6,60,0,2,False,True,0,8075,KR,False,"Spaceship, Inc.",4,365,True,0,True,True,,malicious,spamhaus_zen
pa-toto.com,2026-07-26,11,2.235926350629032,0.0,1,1.0,-7.475936363636364,low,0.5714,1,0.7142857142857143,False,NOERROR,0,,1,2,True,False,0,,,,NAMECHEAP INC,4,365,True,,,False,False,benign,no_adverse_signal
jog541.com,2026-07-26,10,2.584962500721156,0.3,0,0.5,-10.813844444444445,low,0.4,1,1.0,True,NOERROR,4,60,0,4,False,False,0,16509,US,True,NAMECHEAP INC,4,365,True,0,False,False,,benign,no_adverse_signal
qzlegal.com,2026-07-26,11,2.5216406363433186,0.0,0,0.4,-8.136018181818182,low,0.5333,3,0.8571428571428571,True,NOERROR,2,300,1,2,False,False,2,13335,US,False,"HOSTINGER operations, UAB",4,731,False,0,False,False,False,benign,no_adverse_signal
quotable.info,2026-07-26,13,3.0,0.0,0,1.0,-7.127569230769231,medium,0.6154,2,1.0,True,NOERROR,2,3600,1,2,True,False,0,16509,US,True,,,,,31,False,False,,benign,no_adverse_signal
brigittekoch.fr,2026-07-26,15,3.2516291673878226,0.0,0,0.5,-7.063971428571429,low,0.5556,2,0.8333333333333334,True,NOERROR,2,300,0,2,False,False,2,13335,US,False,Hosting Concepts B.V. d/b/a Openprovider,3,364,False,0,False,False,,benign,no_adverse_signal
payment-pfcusa.com,2026-07-26,18,3.521640636343319,0.0,1,0.4444444444444444,-7.713655999999999,low,0.5,3,0.8571428571428571,False,NOERROR,0,,0,2,False,False,0,,,,"Cloudflare, Inc.",4,365,True,,,False,,benign,no_adverse_signal
dialectsofdhol.com,2026-07-26,18,3.378783493486176,0.0,0,0.5555555555555556,-7.192416,low,0.4828,3,0.7857142857142857,True,NOERROR,2,50,2,4,True,False,0,,US,False,Porkbun LLC,4,365,False,0,False,False,False,benign,no_adverse_signal
weartradeout.com,2026-07-26,16,2.918295834054489,0.0,0,1.0,-6.459257142857142,low,0.5263,3,0.6666666666666666,True,NOERROR,1,21600,0,2,False,False,0,16509,US,True,"TUCOWS.COM, CO.",373,730,True,0,False,False,,benign,no_adverse_signal
keovn.net,2026-07-26,9,2.321928094887362,0.0,0,0.6666666666666666,-8.492957142857142,low,0.5,2,1.0,True,NOERROR,2,300,0,2,False,False,2,13335,US,False,Dynadot Inc,5,365,False,0,False,False,,benign,no_adverse_signal
tokastoraki.com,2026-07-26,15,2.7321588913645702,0.0,0,0.8333333333333334,-6.542736842105263,low,0.5,2,0.6363636363636364,True,NOERROR,1,900,1,2,True,False,0,39729,IT,True,REGISTER S.P.A.,4,365,True,0,False,False,False,benign,no_adverse_signal
sqdppx.com,2026-07-26,10,2.251629167387823,0.0,0,0.0,-10.461411111111111,low,0.4615,6,0.8333333333333334,False,NOERROR,0,,0,2,False,False,0,,,,"Spaceship, Inc.",4,365,False,,,False,,benign,no_adverse_signal
donotwatchjuiced.com,2026-07-26,20,3.5,0.0,0,0.6,-7.454062068965517,low,0.48,4,0.75,True,NOERROR,2,600,0,2,False,False,0,16509,US,True,"GoDaddy.com, LLC",4,365,True,34,False,False,,benign,no_adverse_signal
preadymixllc.com,2026-07-26,16,3.4182958340544896,0.0,0,0.3333333333333333,-7.830366666666667,low,0.5455,4,0.9166666666666666,False,NOERROR,0,,1,3,True,False,0,,,,"TUCOWS.COM, CO.",4,365,True,,,False,False,benign,no_adverse_signal
everminesbirthday.com,2026-07-26,21,3.5724694587701364,0.0,0,0.5454545454545454,-6.915490322580645,low,0.4444,4,0.7647058823529411,True,NOERROR,1,300,0,4,False,False,0,47846,DE,False,"Name.com, Inc.",4,365,False,9,False,False,,benign,no_adverse_signal
la-boussole.digital,2026-07-26,19,2.9139770731827523,0.0,1,1.0,-7.263531578947369,low,0.4706,2,0.7272727272727273,True,NOERROR,1,3600,3,2,True,False,0,16276,FR,True,,,,,15,False,False,False,benign,no_adverse_signal
gyzj6jf9.cfd,2026-07-26,12,2.75,0.16666666666666666,0,0.0,-12.453484615384614,low,0.3333,4,0.875,False,NOERROR,0,,0,2,False,False,0,,,,"GMO Internet, Inc.",4,365,True,,,False,,benign,no_adverse_signal
transit.do,2026-07-26,10,2.5216406363433186,0.0,0,0.4,-5.89509090909091,low,0.5882,2,0.8571428571428571,False,NOERROR,0,,0,4,False,False,0,,,,Registrar NIC .DO (midominio.do),4,365,True,,,False,,benign,no_adverse_signal
aadinathhospital.org,2026-07-26,20,3.125,0.0,0,0.7777777777777778,-6.805786206896551,low,0.4667,3,0.625,False,NOERROR,0,,2,4,True,False,0,,,,PDR Ltd. d/b/a PublicDomainRegistry.com,4,365,False,,,False,False,benign,no_adverse_signal
themobileclassroom.co.uk,2026-07-26,24,3.461320140211008,0.0,0,0.6363636363636364,-6.685342424242424,low,0.5385,3,0.6666666666666666,True,NOERROR,2,3600,0,2,False,False,0,16509,US,True,123-Reg Limited t/a 123-reg [Tag = 123-REG],5,365,False,22,False,False,,benign,no_adverse_signal
0880028.com,2026-07-26,11,1.4488156357251847,0.6363636363636364,0,0.0,-10.21110909090909,low,0.2,0,0.42857142857142855,True,NOERROR,2,300,0,2,False,False,2,13335,US,False,"Spaceship, Inc.",4,365,False,0,False,False,,benign,no_adverse_signal
evavalefans.com,2026-07-26,15,2.663532754804255,0.0,0,0.8333333333333334,-7.045584210526315,low,0.5263,2,0.6363636363636364,True,NOERROR,2,300,0,2,False,False,2,13335,US,False,"NameSilo, LLC",3,365,True,0,False,False,,benign,no_adverse_signal
phoblog.site,2026-07-26,12,2.5216406363433186,0.0,0,0.4,-6.912327272727273,medium,0.6154,2,0.8571428571428571,True,NOERROR,1,600,0,2,False,False,0,132203,HK,False,"DNSPod, Inc.",4,365,False,0,True,False,,malicious,spamhaus_zen
7oy96lrv.autos,2026-07-26,14,3.0,0.21428571428571427,0,0.25,-12.12016153846154,low,0.4,3,1.0,False,NOERROR,0,,0,2,False,False,0,,,,"GMO Internet, Inc.",4,365,True,,,False,,benign,no_adverse_signal
parzivalgiris.xyz,2026-07-26,17,3.0269868333592873,0.0,0,0.625,-7.552652173913044,high,0.5,2,0.6923076923076923,True,NOERROR,2,54,0,4,False,False,0,,US,False,Porkbun LLC,382,730,False,3,False,False,,benign,no_adverse_signal
getclipwarden.com,2026-07-26,17,3.5465935642949384,0.0,0,0.4444444444444444,-6.989291304347827,low,0.5263,3,0.9230769230769231,True,NOERROR,1,3600,2,4,True,False,1,8560,DE,True,IONOS SE,3,365,True,0,False,False,False,benign,no_adverse_signal
facilityexpertprofessionalsindia.com,2026-07-26,36,3.7539280318460246,0.0,0,0.6842105263157895,-6.756524590163935,low,0.4762,4,0.46875,True,NOERROR,2,300,0,2,False,False,2,47583,CY,False,"HOSTINGER operations, UAB",4,365,False,0,False,False,,benign,no_adverse_signal
pasarjp.website,2026-07-26,15,2.2359263506290326,0.0,0,0.4,-7.782154545454546,low,0.5455,3,0.7142857142857143,True,NOERROR,3,3603,0,3,False,False,0,63949,US,True,"NameSilo, LLC",4,365,True,14,False,False,,benign,no_adverse_signal
richhersociety.com,2026-07-26,18,3.09306920777189,0.0,0,0.5555555555555556,-7.039664,low,0.5217,3,0.6428571428571429,True,NOERROR,2,300,2,2,True,False,2,47583,LT,False,NAMECHEAP INC,4,365,True,0,False,False,False,benign,no_adverse_signal
ofitovera.com,2026-07-26,13,2.94770277922009,0.0,0,1.25,-6.542013333333333,low,0.6,1,0.8888888888888888,True,NOERROR,2,300,2,2,True,False,2,13335,US,False,"Cloudflare, Inc.",4,365,True,0,False,False,True,benign,no_adverse_signal
duansungroupnghean.com,2026-07-26,22,3.239097917988786,0.0,0,0.6363636363636364,-7.13229696969697,low,0.4667,4,0.6111111111111112,False,NOERROR,0,,0,2,False,False,0,,,,MAT BAO CORPORATION,4,365,False,,,False,,benign,no_adverse_signal
hopeja.org,2026-07-26,10,2.584962500721156,0.0,0,1.0,-7.717655555555556,low,0.7273,1,1.0,True,NOERROR,1,600,1,2,False,False,0,47846,DE,False,IONOS SE,369,730,False,0,False,False,False,benign,no_adverse_signal
mostbet-cs1.xyz,2026-07-26,15,3.095795255000934,0.06666666666666667,1,0.2857142857142857,-7.5362947368421045,high,0.5263,3,0.8181818181818182,True,NOERROR,1,1,0,0,False,False,1,36692,US,True,Dynadot Inc,4,365,False,0,False,False,,benign,no_adverse_signal
smallpartsstudio.com,2026-07-26,20,3.327819531114783,0.0,0,0.45454545454545453,-6.7105482758620685,low,0.6429,5,0.6875,True,NOERROR,2,300,5,2,True,False,2,13335,US,False,NAMECHEAP INC,3,365,True,0,False,False,False,benign,no_adverse_signal
zzsll.cc,2026-07-26,8,1.5219280948873621,0.0,0,0.0,-9.293442857142859,low,0.5,5,0.6,True,NOERROR,1,1,0,2,False,True,0,40065,US,False,"NameSilo, LLC",5,365,True,0,False,False,,benign,no_adverse_signal
wlbrpay.com,2026-07-26,11,2.807354922057604,0.0,0,0.16666666666666666,-8.355681818181818,low,0.5455,5,1.0,True,NOERROR,1,3600,0,2,False,False,0,16509,US,False,"GoDaddy.com, LLC",4,365,True,0,False,False,,benign,no_adverse_signal
gitforme.online,2026-07-26,15,3.0,0.0,0,0.6,-6.949399999999999,medium,0.6154,2,1.0,True,NOERROR,1,21600,0,2,False,False,0,197695,RU,False,Registrar of Domain Names REG.RU LLC,4,365,False,2,False,False,,benign,no_adverse_signal
6rb7pv03.cfd,2026-07-26,12,3.0,0.3333333333333333,0,0.0,-12.619115384615386,low,0.3636,2,1.0,False,NOERROR,0,,0,2,False,False,0,,,,"GMO Internet, Inc.",4,365,True,,,False,,benign,no_adverse_signal
milanocoffeequynhon.io.vn,2026-07-26,25,3.5368867237421666,0.0,0,0.7272727272727273,-7.788225714285714,low,0.4375,3,0.6842105263157895,True,NOERROR,1,3600,0,2,False,False,0,150895,VN,False,,,,,0,True,False,,malicious,spamhaus_zen
wemowyourstreet.com,2026-07-26,19,3.056564762130954,0.0,0,0.6666666666666666,-7.108577777777778,low,0.4545,4,0.6,True,NOERROR,1,900,1,2,False,False,0,15348,CA,False,"TUCOWS.COM, CO.",4,365,True,0,False,False,False,benign,no_adverse_signal
bet-winner-eg.com,2026-07-26,17,3.0269868333592873,0.0,2,0.5714285714285714,-7.37544347826087,low,0.56,2,0.6923076923076923,True,NOERROR,2,300,0,2,False,False,2,13335,US,False,URL SOLUTIONS INC.,4,365,True,0,False,False,,benign,no_adverse_signal
go-smart.trade,2026-07-26,14,3.0,0.0,1,0.4,-7.062507692307692,low,0.5333,2,1.0,False,NOERROR,0,,0,2,False,False,0,,,,"Cloudflare, Inc.",4,365,True,,,False,,benign,no_adverse_signal
cropitmedia.com,2026-07-26,15,3.277613436819116,0.0,0,0.8333333333333334,-6.689731578947368,low,0.7619,2,0.9090909090909091,True,NOERROR,1,7200,1,4,True,False,0,209341,DE,False,"Spaceship, Inc.",4,365,False,0,False,False,False,benign,no_adverse_signal
bb-xingkongtiyu.com.cn,2026-07-26,22,3.3735572622751846,0.0,1,0.4,-8.289974074074074,low,0.4348,3,0.7333333333333333,True,NOERROR,1,600,0,2,False,False,0,132839,HK,False,北京新网数码信息技术有限公司,5,365,False,0,False,False,,benign,no_adverse_signal
silhouettechic.com,2026-07-26,18,3.0930692077718898,0.0,0,0.75,-7.013712000000001,low,0.5,2,0.6428571428571429,True,NOERROR,1,60,2,2,True,False,0,13335,CA,True,"HOSTINGER operations, UAB",4,365,False,0,False,False,False,benign,no_adverse_signal
zebrix.icu,2026-07-26,10,2.584962500721156,0.0,0,0.5,-7.414577777777778,low,0.5455,2,1.0,True,NOERROR,1,600,1,2,True,False,0,45102,DE,False,Alibaba Cloud Computing Ltd. d/b/a HiChina (www.net.cn),4,365,False,0,False,False,False,benign,no_adverse_signal
littlehugz.org,2026-07-26,14,2.9219280948873623,0.0,0,0.42857142857142855,-7.917564705882353,low,0.5,3,0.8,True,NOERROR,1,3600,2,4,True,False,1,8560,US,True,IONOS SE,4,365,False,0,False,False,False,benign,no_adverse_signal
loo0qh3e.com,2026-07-26,12,2.75,0.16666666666666666,0,1.0,-11.207915384615385,low,0.4706,2,0.875,True,NOERROR,2,300,0,2,False,True,2,13335,US,False,"GMO Internet, Inc.",4,365,True,0,False,False,,benign,no_adverse_signal
65825.bid,2026-07-26,9,1.9219280948873623,0.5555555555555556,0,0.0,-11.050714285714287,low,0.2857,0,0.8,True,NOERROR,1,600,0,2,False,True,0,,HK,False,,,,False,0,False,False,,benign,no_adverse_signal
sirat.academy,2026-07-26,13,2.321928094887362,0.0,0,0.6666666666666666,-6.454585714285714,low,0.6667,1,1.0,False,NOERROR,0,,0,2,False,False,0,,,,,,,,,,False,,benign,no_adverse_signal
cargo-town.company,2026-07-26,18,3.121928094887362,0.0,1,0.5,-7.514141176470589,low,0.48,2,0.9,True,NOERROR,1,300,0,4,False,False,0,47846,DE,False,,,,,9,False,False,,benign,no_adverse_signal
insightfulguidancepro.digital,2026-07-26,29,3.880179922675737,0.0,0,0.6153846153846154,-7.204658974358974,low,0.4667,4,0.7619047619047619,True,NOERROR,2,300,0,2,False,False,2,13335,US,False,,,,,0,False,False,,benign,no_adverse_signal
pilatesintegralchile.cl,2026-07-26,23,3.408694969562842,0.0,0,0.6666666666666666,-6.442981081081081,low,0.4828,3,0.6,True,NOERROR,1,14400,1,4,True,False,0,63410,US,True,NIC Chile,6,365,False,0,False,False,False,benign,no_adverse_signal
alpinevapor.online,2026-07-26,18,3.0957952550009344,0.0,0,0.8333333333333334,-6.776615789473683,medium,0.5714,2,0.8181818181818182,True,NOERROR,1,50,0,2,False,False,0,47583,CY,False,"HOSTINGER operations, UAB",4,1096,False,32,False,False,,benign,no_adverse_signal
meetpromomovement.com,2026-07-26,21,2.74894004700543,0.0,0,0.7,-6.658351612903226,low,0.5,3,0.47058823529411764,True,NOERROR,2,43,0,4,False,False,0,,US,False,Porkbun LLC,381,730,False,3,False,False,,benign,no_adverse_signal
farefox.uk,2026-07-26,10,2.5216406363433186,0.0,0,0.75,-6.850909090909091,low,0.8571,1,0.8571428571428571,True,NOERROR,2,300,0,2,False,False,2,13335,US,False,"Cloudflare, Inc. [Tag = CLOUDFLARE]",5,365,False,0,False,False,,benign,no_adverse_signal
nettotoakunhub.website,2026-07-26,22,3.039148671903071,0.0,0,0.75,-7.22112,low,0.4348,2,0.6428571428571429,False,NXDOMAIN,0,,0,0,False,False,0,,,,Dynadot Inc,4,365,False,,,False,,benign,no_adverse_signal
castmax-fun.com,2026-07-26,15,3.2776134368191165,0.0,1,0.42857142857142855,-7.541857894736842,low,0.4706,3,0.9090909090909091,True,NOERROR,1,600,0,2,False,False,0,153250,IN,False,"GoDaddy.com, LLC",4,365,True,0,False,False,,benign,no_adverse_signal
thekinkypromise.us,2026-07-26,18,3.506890595608518,0.0,0,0.5,-6.958359259259259,low,0.5217,5,0.8,True,NOERROR,2,600,0,2,False,False,0,16509,US,True,"GoDaddy.com, LLC",5,365,False,34,False,False,,benign,no_adverse_signal
clockifa.com,2026-07-26,12,2.75,0.0,0,0.6,-7.03163076923077,low,0.5882,2,0.875,False,SERVFAIL,0,,0,0,False,False,0,,,,CSL Computer Service Langenbach GmbH d/b/a joker.com,4,365,False,,,False,,benign,no_adverse_signal
astroratan.online,2026-07-26,17,2.446439344671015,0.0,0,0.6666666666666666,-5.997952941176471,medium,0.5882,3,0.6,True,NOERROR,2,300,1,2,True,False,2,13335,US,False,"GoDaddy.com, LLC",4,365,False,0,False,False,False,benign,no_adverse_signal
liechtenstern.com,2026-07-26,17,3.0269868333592873,0.0,0,0.4444444444444444,-6.401343478260869,low,0.5,3,0.6923076923076923,False,NXDOMAIN,0,,0,0,False,False,0,,,,"GMO Internet, Inc.",4,365,True,,,False,,benign,no_adverse_signal
mgm208.com,2026-07-26,10,2.2516291673878226,0.3,0,0.0,-10.428177777777778,low,0.4,3,0.8333333333333334,True,NOERROR,1,300,0,2,False,False,0,206834,DE,False,Dynadot Inc,4,365,False,24,False,False,,benign,no_adverse_signal
koersnaargroei.nl,2026-07-26,17,3.039148671903071,0.0,0,1.0,-7.661508,low,0.5,3,0.6428571428571429,True,NOERROR,1,3600,1,3,True,False,0,396982,NL,True,Registrar.eu,12,,False,0,False,False,False,benign,no_adverse_signal
walletinsightshub.com,2026-07-26,21,3.4992275471326932,0.0,0,0.4166666666666667,-6.6238677419354834,low,0.5714,5,0.7058823529411765,True,NOERROR,2,600,0,2,False,False,0,16509,US,True,"GoDaddy.com, LLC",4,365,False,46,False,False,,benign,no_adverse_signal
snipermydomaincom.pics,2026-07-26,22,3.4548223999466066,0.0,0,0.5454545454545454,-6.896932258064516,low,0.5333,4,0.7058823529411765,True,NOERROR,2,54,0,4,False,False,0,,US,False,Porkbun LLC,381,730,False,3,False,False,,benign,no_adverse_signal
uxkgkvrew.cfd,2026-07-26,13,2.94770277922009,0.0,0,0.2857142857142857,-10.313006666666666,low,0.4286,6,0.8888888888888888,False,NOERROR,0,,0,2,False,False,0,,,,"Spaceship, Inc.",4,365,False,,,False,,benign,no_adverse_signal
rj42.com,2026-07-26,8,2.0,0.25,0,0.0,-12.29358,low,0.2857,2,1.0,True,NOERROR,1,300,0,2,False,False,0,40065,US,False,"NameSilo, LLC",4,365,True,0,False,False,,benign,no_adverse_signal
lumenbus.com,2026-07-26,12,2.75,0.0,0,0.6,-7.123538461538461,low,0.5333,2,0.875,True,NOERROR,1,60,0,2,False,False,0,14061,US,True,"Cloudflare, Inc.",4,365,True,0,False,False,,benign,no_adverse_signal
rbmassagega.com,2026-07-26,15,2.6635327548042547,0.0,0,0.5714285714285714,-7.311399999999999,low,0.48,3,0.6363636363636364,True,NOERROR,1,60,1,2,True,False,0,394456,US,True,DomainRegistry.com LLC,4,365,False,0,False,False,False,benign,no_adverse_signal
thedivinationgames.com,2026-07-26,22,3.4613201402110083,0.0,0,0.8,-6.144030303030304,low,0.5714,2,0.6666666666666666,True,NOERROR,4,14400,0,4,True,False,0,53831,US,False,Squarespace Domains LLC,3,365,True,30,False,False,,benign,no_adverse_signal
oc5c2wo.surf,2026-07-26,12,2.2359263506290326,0.16666666666666666,0,0.6666666666666666,-11.619136363636365,low,0.4,1,0.7142857142857143,True,NOERROR,1,30,0,2,False,False,0,138415,US,False,Dynadot Inc,4,365,True,0,False,False,,benign,no_adverse_signal
5gvcj5r6.autos,2026-07-26,14,2.75,0.21428571428571427,0,0.0,-12.36196153846154,low,0.375,4,0.875,False,NOERROR,0,,0,2,False,False,0,,,,"GMO Internet, Inc.",4,365,True,,,False,,benign,no_adverse_signal
blil009.shop,2026-07-26,12,2.2359263506290326,0.25,0,0.3333333333333333,-9.194018181818182,low,0.5333,2,0.7142857142857143,False,NOERROR,0,,0,4,False,False,0,,,,,,,False,,,False,,benign,no_adverse_signal
importedsnow.com,2026-07-26,16,3.418295834054489,0.0,0,0.5,-6.8655380952380956,low,0.5455,3,0.9166666666666666,True,NOERROR,2,300,0,2,False,False,0,13335,US,False,"Sav.com, LLC",4,365,False,0,False,False,,benign,no_adverse_signal
ampwellconsulting.com,2026-07-26,21,3.6901165175936654,0.0,0,0.4166666666666667,-6.916725806451613,low,0.5,3,0.8235294117647058,True,NOERROR,1,600,1,2,True,False,0,13335,DE,True,"GoDaddy.com, LLC",4,365,True,63,False,False,False,malicious,abuseipdb
auravit.sbs,2026-07-26,11,2.5216406363433186,0.0,0,1.3333333333333333,-6.716127272727272,low,0.5714,1,0.8571428571428571,True,NOERROR,2,300,0,2,False,False,2,13335,US,False,Dynadot Inc,4,365,False,0,False,False,,benign,no_adverse_signal
pin-up-casino-svzd3.top,2026-07-26,23,3.576617644908665,0.043478260869565216,3,0.5,-8.360465714285715,high,0.3902,4,0.6842105263157895,True,NOERROR,1,3603,0,3,False,False,0,216071,NL,True,"NameSilo, LLC",4,365,True,0,False,False,,benign,no_adverse_signal
bh9097.top,2026-07-26,10,2.2516291673878226,0.4,0,0.0,-11.918177777777778,high,0.3077,2,0.8333333333333334,True,NOERROR,7,300,0,2,False,False,0,40065,US,False,"GoDaddy.com, LLC",4,365,True,0,False,False,,benign,no_adverse_signal
southernbridgetrade.com,2026-07-26,23,3.5368867237421666,0.0,0,0.5833333333333334,-6.662614285714286,low,0.4667,4,0.6842105263157895,True,NOERROR,1,600,1,2,True,False,0,11042,US,True,"GoDaddy.com, LLC",4,365,True,0,False,False,False,benign,no_adverse_signal
main-gate-738b.shop,2026-07-26,19,3.521640636343319,0.15789473684210525,2,0.8,-8.478060000000001,low,0.5,1,0.8571428571428571,True,NOERROR,1,1800,0,2,False,False,0,16509,US,False,,,,False,0,False,False,,benign,no_adverse_signal
nyccitystoreinc.shop,2026-07-26,20,3.0565647621309533,0.0,0,0.36363636363636365,-6.936662962962963,low,0.4286,4,0.6,True,NOERROR,1,300,0,2,False,False,0,199242,US,False,,,,False,0,False,False,,benign,no_adverse_signal
bh99.tech,2026-07-26,9,1.5,0.2222222222222222,0,0.0,-10.76262,low,0.3636,2,0.75,True,NOERROR,2,300,0,2,False,False,2,13335,US,False,Dynadot Inc,4,365,False,0,False,False,,benign,no_adverse_signal
tech21shop.shop,2026-07-26,15,3.121928094887362,0.13333333333333333,0,0.3333333333333333,-8.288994117647059,low,0.4706,2,0.9,True,NOERROR,1,300,0,2,False,False,0,,GE,False,,,,False,0,False,False,,benign,no_adverse_signal
kisssoftwaresolutions.com,2026-07-26,25,3.422577995321603,0.0,0,0.6153846153846154,-6.689661538461538,low,0.5366,3,0.6190476190476191,True,NOERROR,2,3600,2,2,True,False,0,16509,US,True,"GoDaddy.com, LLC",4,1096,True,18,False,False,False,benign,no_adverse_signal
headaiflowgo.org,2026-07-26,16,3.2516291673878226,0.0,0,1.0,-7.445966666666666,low,0.5217,2,0.8333333333333334,True,NOERROR,2,50,0,4,False,False,0,,US,False,Porkbun LLC,382,730,False,3,False,False,,benign,no_adverse_signal
0ye6e.sbs,2026-07-26,9,1.9219280948873623,0.2222222222222222,0,2.0,-12.250485714285714,low,0.4615,1,0.8,True,NOERROR,2,300,0,2,False,False,2,13335,US,False,"NameSilo, LLC",4,365,True,0,False,False,,benign,no_adverse_signal
life-wellinsured.com,2026-07-26,20,3.2806390622295662,0.0,1,0.6666666666666666,-6.863075862068966,low,0.4615,2,0.6875,True,NOERROR,2,60,2,2,True,False,2,47583,DE,False,"HOSTINGER operations, UAB",4,365,False,0,False,False,False,benign,no_adverse_signal
mrzmstudio.com,2026-07-26,14,3.121928094887362,0.0,0,0.42857142857142855,-8.486523529411766,low,0.5556,6,0.9,True,NOERROR,1,1800,3,2,True,False,0,22612,US,False,"NameCheap, Inc.",4,365,False,0,False,False,False,benign,no_adverse_signal
shad.lat,2026-07-26,8,2.0,0.0,0,0.3333333333333333,-6.636100000000001,low,0.5455,2,1.0,True,NOERROR,2,49,0,4,False,False,0,,US,False,Porkbun LLC,382,730,False,3,False,False,,benign,no_adverse_signal
tubali.ai,2026-07-26,9,2.584962500721156,0.0,0,1.0,-6.5293222222222225,low,0.6667,1,1.0,True,NOERROR,2,300,0,2,False,False,0,16509,US,False,"Cloudflare, Inc",13,731,True,0,False,False,,benign,no_adverse_signal
weboptimize-studio.ru,2026-07-26,21,3.5724312513221195,0.0,1,0.8888888888888888,-7.200481818181818,low,0.4667,2,0.7222222222222222,True,NOERROR,2,300,1,2,True,False,2,13335,US,False,REGRU-RU,5,365,False,0,False,False,False,benign,no_adverse_signal
boaragency.com,2026-07-26,14,3.121928094887362,0.0,0,0.6666666666666666,-6.732641176470588,low,0.5333,3,0.9,True,NOERROR,2,300,0,2,False,False,2,13335,US,False,NAMECHEAP INC,4,365,True,0,False,False,,benign,no_adverse_signal
deanmiddletxn.com,2026-07-26,17,3.0269868333592873,0.0,0,0.4444444444444444,-7.835091304347826,low,0.6316,3,0.6923076923076923,True,NOERROR,1,1800,5,2,True,False,0,22612,US,False,NAMECHEAP INC,3,365,True,0,False,False,False,benign,no_adverse_signal
r4afxxx2.motorcycles,2026-07-26,20,2.4056390622295662,0.1,0,0.2,-10.238915384615384,low,0.4,4,0.75,False,NOERROR,0,,0,2,False,False,0,,,,"GMO Internet, Inc.",4,365,True,,,False,,benign,no_adverse_signal
codlive.vip,2026-07-26,11,2.807354922057604,0.0,0,0.75,-6.832181818181818,low,0.7273,2,1.0,True,NOERROR,1,1800,5,2,True,False,0,22612,US,False,NAMECHEAP INC,4,1096,True,0,False,False,False,benign,no_adverse_signal
auquxc.com,2026-07-26,10,2.2516291673878226,0.0,0,1.0,-9.94291111111111,low,0.4286,2,0.8333333333333334,True,NOERROR,2,300,0,2,False,False,2,13335,US,False,NAMECHEAP INC,4,365,True,0,False,False,,benign,no_adverse_signal
topoci.life,2026-07-26,11,2.2516291673878226,0.0,0,1.0,-6.8810111111111105,low,0.5,1,0.8333333333333334,True,NOERROR,1,1800,5,2,True,False,0,22612,US,False,,,,False,0,False,False,False,benign,no_adverse_signal
sequoia-financial-sfei.com,2026-07-26,26,3.4251185503571397,0.0,2,1.2222222222222223,-7.7770121951219515,low,0.375,2,0.5454545454545454,True,NOERROR,2,600,0,2,False,False,0,16509,US,True,"GoDaddy.com, LLC",4,1096,True,46,False,False,,benign,no_adverse_signal
zgjgcwggwgshouyepcban.com.cn,2026-07-26,28,3.64900120971034,0.0,0,0.23529411764705882,-9.266910256410256,low,0.3448,12,0.7142857142857143,True,NOERROR,1,300,0,2,False,False,0,132839,HK,False,北京新网数码信息技术有限公司,5,365,False,0,False,False,,benign,no_adverse_signal
nexomia.net,2026-07-26,11,2.807354922057604,0.0,0,1.3333333333333333,-7.3822363636363635,low,0.6154,1,1.0,True,NOERROR,1,1799,5,2,True,False,0,20473,US,True,"NameCheap, Inc.",5,365,False,0,False,False,False,benign,no_adverse_signal
fluxsmolde.forum,2026-07-26,16,3.121928094887362,0.0,0,0.42857142857142855,-7.903476470588236,low,0.625,3,0.9,False,NOERROR,0,,0,2,False,False,0,,,,Porkbun LLC,4,365,False,,,False,,benign,no_adverse_signal
yourcuphere.com,2026-07-26,15,2.913977073182752,0.0,0,0.8333333333333334,-7.096826315789474,low,0.6364,2,0.7272727272727273,True,NOERROR,2,43,2,4,True,False,0,,US,False,Porkbun LLC,4,365,False,0,False,False,False,benign,no_adverse_signal
sz4kl4h7.yachts,2026-07-26,15,2.75,0.2,0,0.0,-12.22973076923077,low,0.4,2,0.875,False,NOERROR,0,,0,2,False,False,0,,,,"GMO Internet, Inc.",4,365,True,,,False,,benign,no_adverse_signal
yashintasekarwangi.com,2026-07-26,22,3.3921472236645345,0.0,0,0.6363636363636364,-6.794560606060606,low,0.4375,2,0.6666666666666666,True,NOERROR,1,1800,5,2,True,False,0,22612,US,False,"NameCheap, Inc.",4,365,False,0,False,False,False,benign,no_adverse_signal
banderaplatetops.shop,2026-07-26,21,3.327819531114783,0.0,0,0.6,-6.26628275862069,low,0.4828,2,0.6875,False,NOERROR,0,,0,2,False,False,0,,,,,,,False,,,False,,benign,no_adverse_signal
labuburaves.com,2026-07-26,15,2.9139770731827523,0.0,0,0.8333333333333334,-6.977205263157895,low,0.625,1,0.7272727272727273,True,NOERROR,2,55,0,4,False,False,0,,US,False,Porkbun LLC,380,730,False,3,False,False,,benign,no_adverse_signal
newwesttrenchless.ca,2026-07-26,20,2.984234164652489,0.0,0,0.3076923076923077,-6.946174193548387,low,0.4667,4,0.5294117647058824,True,NOERROR,1,600,0,4,False,False,0,16509,US,False,CENTRALNIC CANADA INC,5,365,True,0,False,False,,benign,no_adverse_signal
kurasuke.net,2026-07-26,12,2.5,0.0,0,1.0,-7.240892307692308,low,0.4762,1,0.75,False,NOERROR,0,,0,2,False,False,0,,,,"GMO Internet, Inc.",5,365,True,,,False,,benign,no_adverse_signal
tabbyroom.com,2026-07-26,13,2.725480556997868,0.0,0,0.5,-7.630333333333334,low,0.625,4,0.7777777777777778,True,NOERROR,1,3600,1,5,True,False,0,131965,JP,True,"XServer, Inc.",4,365,False,0,False,False,False,benign,no_adverse_signal
purchasesoundcloud.cyou,2026-07-26,23,3.4613201402110083,0.0,0,0.6363636363636364,-6.694375757575758,low,0.7143,4,0.6666666666666666,True,NOERROR,2,300,0,2,False,False,2,13335,US,False,GLOBAL ASSET DOMAINS INC,4,365,True,0,False,False,,benign,no_adverse_signal
calid-dashenqipai.com.cn,2026-07-26,24,3.4104172527605203,0.0,1,0.7777777777777778,-7.4855322580645165,low,0.4444,2,0.7058823529411765,True,NOERROR,1,599,0,2,False,False,0,58658,BR,False,北京新网数码信息技术有限公司,8,365,False,0,False,False,,benign,no_adverse_signal
md88start.com,2026-07-26,13,2.725480556997868,0.15384615384615385,0,0.16666666666666666,-8.339766666666666,low,0.5882,2,0.7777777777777778,True,NOERROR,2,300,0,2,False,False,2,13335,US,False,"NameCheap, Inc.",4,365,False,0,False,False,,benign,no_adverse_signal
calid-xucaiwang.com.cn,2026-07-26,22,3.32323142879762,0.0,1,0.75,-7.983077777777778,low,0.4762,2,0.7333333333333333,True,NOERROR,1,599,0,2,False,False,0,58658,US,False,北京新网数码信息技术有限公司,8,365,False,0,False,False,,benign,no_adverse_signal
c2bdryc9.boats,2026-07-26,14,2.75,0.14285714285714285,0,0.0,-10.082007692307693,low,0.5455,5,0.875,False,NOERROR,0,,0,2,False,False,0,,,,"GMO Internet, Inc.",4,365,True,,,False,,benign,no_adverse_signal
tga111.xyz,2026-07-26,10,1.792481250360578,0.3,0,0.5,-8.893977777777778,high,0.4286,2,0.6666666666666666,True,NOERROR,2,300,0,2,False,False,2,13335,US,False,"Name.com, Inc.",4,365,True,0,False,False,,benign,no_adverse_signal
pmstack.cloud,2026-07-26,13,2.807354922057604,0.0,0,0.16666666666666666,-6.8768090909090915,low,0.6667,4,1.0,True,NOERROR,1,300,0,2,False,False,0,24940,DE,True,"HOSTINGER operations, UAB",4,365,False,0,False,False,,benign,no_adverse_signal
boscianetworking.com,2026-07-26,20,3.625,0.0,0,0.6,-6.443196551724138,low,0.6207,2,0.8125,True,NOERROR,2,300,5,2,True,False,2,13335,US,False,PDR Ltd. d/b/a PublicDomainRegistry.com,4,365,True,0,False,False,False,benign,no_adverse_signal
filosapiens.com,2026-07-26,15,3.0957952550009344,0.0,0,0.8333333333333334,-6.701184210526316,low,0.5556,2,0.8181818181818182,True,NOERROR,1,3600,3,2,True,False,1,16276,FR,True,"OVH, SAS",90,365,True,21,False,False,False,benign,no_adverse_signal
yerbabuenalawpartners.business,2026-07-26,30,3.368042422572715,0.0,0,0.6153846153846154,-6.993376923076923,low,0.4324,3,0.5714285714285714,True,NOERROR,1,1800,5,2,True,False,0,22612,US,False,,,,,0,False,False,False,benign,no_adverse_signal
fitnessclubco.com,2026-07-26,17,3.3927474104487847,0.0,0,0.4444444444444444,-7.151108695652175,low,0.4615,4,0.8461538461538461,False,NXDOMAIN,0,,0,0,False,False,0,,,,,,,,,,False,,benign,no_adverse_signal
robertstartplayer.com,2026-07-26,21,3.1018812234760182,0.0,0,0.4166666666666667,-6.5365290322580645,low,0.4828,4,0.5882352941176471,True,NOERROR,2,228,2,4,True,False,0,16509,US,True,Porkbun LLC,4,365,False,0,False,False,False,benign,no_adverse_signal
rifadianqi.com,2026-07-26,14,2.6464393446710153,0.0,0,1.0,-7.516776470588235,low,0.5714,2,0.7,True,NOERROR,1,1,0,2,False,False,0,967,HK,False,July Name Limited,4,365,True,0,False,False,,benign,no_adverse_signal
ybpddjj.cc,2026-07-26,10,2.235926350629032,0.0,0,0.0,-10.298545454545454,low,0.4,7,0.7142857142857143,True,NOERROR,1,50,0,2,False,False,0,219502,NL,False,"NameSilo, LLC",5,365,False,14,True,True,,malicious,spamhaus_zen
l3q9b7x.com,2026-07-26,11,2.807354922057604,0.2727272727272727,0,0.0,-13.066827272727274,low,0.3636,1,1.0,False,NXDOMAIN,0,,0,0,False,False,0,,,,,,,,,,False,,benign,no_adverse_signal
udeamy.com,2026-07-26,10,2.584962500721156,0.0,0,1.0,-6.948677777777778,low,0.6,2,1.0,True,NOERROR,1,300,0,2,False,False,0,396982,US,True,"AppCroNix Infotech Private Limited, d/b/a VEBONIX",4,365,False,0,False,False,,benign,no_adverse_signal
moneyhub-ifomizekobe.sbs,2026-07-26,24,3.546439344671015,0.0,1,0.9,-7.950137837837838,low,0.3704,2,0.65,True,NOERROR,1,300,0,2,False,False,0,206834,DE,False,Dynadot Inc,4,365,False,24,False,False,,benign,no_adverse_signal
chiang-cruise.com,2026-07-26,17,3.3927474104487847,0.0,1,0.7142857142857143,-7.174052173913043,low,0.5,2,0.8461538461538461,False,NOERROR,0,,0,2,False,False,0,,,,"GMO Internet, Inc.",4,365,True,,,False,,benign,no_adverse_signal
gregpratte.store,2026-07-26,16,2.5219280948873624,0.0,0,0.42857142857142855,-7.070776470588235,low,0.5455,3,0.6,True,NOERROR,2,600,0,2,False,False,0,16509,US,True,,,,False,46,False,False,,benign,no_adverse_signal
uge2fmqj.top,2026-07-26,12,3.0,0.08333333333333333,0,0.4,-10.899023076923076,high,0.4286,4,1.0,True,NOERROR,3,60,0,2,False,True,0,138995,US,False,Dominet (HK) Limited,4,365,True,0,True,True,,malicious,spamhaus_zen
japnasjakarta.org,2026-07-26,17,2.6535442970305683,0.0,0,0.625,-7.614369565217392,low,0.4706,2,0.6153846153846154,True,NOERROR,2,3600,1,2,True,False,0,16509,US,True,"GoDaddy.com, LLC",4,365,False,1,False,False,,benign,no_adverse_signal
irvineheloc.com,2026-07-26,15,3.0957952550009344,0.0,0,0.8333333333333334,-6.811342105263158,low,0.5,2,0.8181818181818182,True,NOERROR,1,1800,5,2,True,False,0,22612,US,False,"NameCheap, Inc.",4,365,False,0,False,False,False,benign,no_adverse_signal
theorycampus.co.uk,2026-07-26,18,3.584962500721156,0.0,0,0.5,-7.118919047619047,low,0.5,3,1.0,True,NOERROR,1,600,0,2,False,False,0,8560,GB,True,123-Reg Limited t/a 123-reg [Tag = 123-REG],5,1096,False,0,False,False,,benign,no_adverse_signal
pintoagroup.com,2026-07-26,15,3.0957952550009344,0.0,0,0.8333333333333334,-6.848942105263157,low,0.6,2,0.8181818181818182,True,NOERROR,1,7200,1,4,True,False,0,14670,US,True,"TUCOWS.COM, CO.",3295,3652,True,0,False,False,False,benign,no_adverse_signal
gomarrakech.pro,2026-07-26,15,3.095795255000934,0.0,0,0.5714285714285714,-6.77598947368421,low,0.5,2,0.8181818181818182,True,NOERROR,2,60,0,2,False,False,2,47583,DE,False,,,,,0,False,False,,benign,no_adverse_signal
