domain,date_collected,domain_length,shannon_entropy,digit_ratio,hyphen_count,vowel_consonant_ratio,ngram_score,tld_risk_category,typosquatting_similarity,longest_consonant_run,unique_char_ratio,resolves_flag,rcode,num_a_records,min_ttl,mx_count,num_ns,has_spf,cname_present,num_aaaa_records,asn,geo_country,ptr_present,registrar,domain_age_days,registration_duration_days,privacy_protection_flag,abuseipdb_score,spamhaus_zen_listed,spamhaus_dbl_listed,mx_spamhaus_zen_listed,label,label_reason
sarpat.lol,2026-07-06,10,2.2516291673878226,0.0,0,0.5,-6.894955555555556,low,0.7143,2,0.8333333333333334,False,NOERROR,0,,0,2,False,False,0,,,,Dynadot Inc,2,365,False,,,False,,benign,no_adverse_signal
flukegaming.io,2026-07-06,14,3.277613436819116,0.0,0,0.5714285714285714,-6.982326315789473,low,0.5263,2,0.9090909090909091,True,NOERROR,2,600,0,2,False,False,0,16509,US,True,"GoDaddy.com, LLC",14,365,True,37,False,False,,benign,no_adverse_signal
westcenter.uk,2026-07-06,13,2.6464393446710153,0.0,0,0.42857142857142855,-6.128588235294118,low,0.625,3,0.7,True,NOERROR,2,300,0,2,False,False,2,13335,US,False,"Dynadot, LLC t/a Dynadot [Tag = DYNADOT]",5,365,False,0,False,False,,benign,no_adverse_signal
evergreenlab.store,2026-07-06,18,2.751629167387823,0.0,0,0.7142857142857143,-6.748852380952381,low,0.5263,3,0.6666666666666666,True,NOERROR,1,300,0,2,False,False,0,14061,SG,False,,,,False,0,True,False,,malicious,spamhaus_zen
usa-visa.org,2026-07-06,12,2.5,0.0,1,1.3333333333333333,-7.59946923076923,low,0.625,1,0.75,True,NOERROR,1,600,2,3,True,False,0,202108,DE,False,united-domains GmbH,2,365,False,0,False,False,False,benign,no_adverse_signal
privateapibook.xyz,2026-07-06,18,3.2359263506290334,0.0,0,1.0,-6.76544,high,0.5455,2,0.7142857142857143,True,NOERROR,2,3600,1,2,True,False,0,16509,US,True,"GMO Internet, Inc.",2,365,True,29,False,False,,benign,no_adverse_signal
chinabet.fun,2026-07-06,12,3.0,0.0,0,0.6,-6.313492307692308,low,0.6667,2,1.0,True,NOERROR,2,300,0,2,False,False,2,13335,US,False,"HOSTINGER operations, UAB",2,365,False,0,False,False,,benign,no_adverse_signal
casefilelayer.xyz,2026-07-06,17,3.0269868333592873,0.0,0,0.8571428571428571,-6.709352173913044,high,0.6364,1,0.6923076923076923,True,NOERROR,2,3600,1,2,True,False,0,16509,US,True,"GMO Internet, Inc.",1,365,True,69,False,False,,malicious,abuseipdb
dxb-realty.com,2026-07-06,14,3.321928094887362,0.0,1,0.2857142857142857,-8.18409411764706,low,0.5,3,1.0,True,NOERROR,2,600,0,2,False,False,0,16509,US,True,"GoDaddy.com, LLC",1,365,True,30,False,False,,benign,no_adverse_signal
adalines3dprints.com,2026-07-06,20,3.375,0.05,0,0.5,-6.924706896551724,low,0.5833,3,0.6875,True,NOERROR,4,10800,1,4,True,False,0,53831,US,False,Squarespace Domains II LLC,2,365,True,23,False,False,False,benign,no_adverse_signal
crier-ayxtiyu.com.cn,2026-07-06,20,3.238901256602631,0.0,1,0.7142857142857143,-8.268960869565218,low,0.56,3,0.7692307692307693,True,NOERROR,1,600,0,2,False,False,0,134548,HK,False,商中在线科技股份有限公司,5,365,False,0,False,False,,benign,no_adverse_signal
inowns.xyz,2026-07-06,10,2.2516291673878226,0.0,0,0.5,-6.940755555555556,high,0.7692,3,0.8333333333333334,True,NOERROR,2,3600,1,2,True,False,0,16509,US,True,"GMO Internet, Inc.",1,365,True,29,False,False,,benign,no_adverse_signal
enyakinotolastikci.com,2026-07-06,22,3.350209029099897,0.0,0,0.8,-7.009942424242425,low,0.4516,2,0.6111111111111112,True,NOERROR,1,10800,1,2,True,False,0,219450,TR,True,Squarespace Domains LLC,368,730,True,0,False,False,False,benign,no_adverse_signal
4flyer.fr,2026-07-06,9,2.584962500721156,0.1111111111111111,0,0.25,-8.6128,low,0.6667,3,1.0,True,NOERROR,1,1800,2,2,True,False,1,47583,FR,False,Hostinger operations UAB,1,364,False,0,False,False,False,benign,no_adverse_signal
groupeapexms.ca,2026-07-06,15,3.2516291673878226,0.0,0,0.7142857142857143,-7.3423,low,0.5455,3,0.8333333333333334,True,NOERROR,1,10800,1,2,True,False,0,36666,CA,True,WHC Online Solutions Inc.,14,365,True,0,False,False,False,benign,no_adverse_signal
4shhs.top,2026-07-06,9,1.5219280948873621,0.1111111111111111,0,0.0,-9.610114285714285,high,0.5,4,0.6,True,NOERROR,3,60,0,2,False,True,0,209242,US,False,"Spaceship, Inc.",2,365,True,0,False,True,,malicious,spamhaus_dbl
fastingtreasuretrove.com,2026-07-06,24,3.408694969562842,0.0,0,0.6666666666666666,-6.381832432432432,low,0.5455,4,0.6,True,NOERROR,1,1800,5,2,True,False,0,22612,US,False,NAMECHEAP INC,1,365,True,0,False,False,False,benign,no_adverse_signal
bayingli.tech,2026-07-06,13,2.75,0.0,0,0.6,-6.888923076923077,low,0.6667,3,0.875,True,NOERROR,1,1,0,2,False,False,0,59371,HK,False,"Hefei Juming Network Technology Co., Ltd",2,365,False,0,False,False,,benign,no_adverse_signal
pier16md.com,2026-07-06,12,3.0,0.16666666666666666,0,0.5,-9.423184615384615,low,0.5,2,1.0,True,NOERROR,4,10800,1,4,True,False,0,53831,US,False,Squarespace Domains II LLC,1,365,True,30,False,False,False,benign,no_adverse_signal
dight-yabosports.com.cn,2026-07-06,23,3.625,0.0,1,0.36363636363636365,-7.4056999999999995,low,0.5217,3,0.8125,True,NOERROR,1,600,0,2,False,False,0,134548,HK,False,商中在线科技股份有限公司,4,365,False,0,False,False,,benign,no_adverse_signal
gstalcos.store,2026-07-06,14,2.75,0.0,0,0.3333333333333333,-6.588069230769231,low,0.6667,3,0.875,False,NXDOMAIN,0,,0,0,False,False,0,,,,,,,False,,,True,,malicious,spamhaus_dbl
promo-jnhsports.com.cn,2026-07-06,22,3.189898095464287,0.0,1,0.2727272727272727,-7.888137037037037,low,0.5185,5,0.6666666666666666,True,NOERROR,1,600,0,2,False,False,0,132839,HK,False,长春市智绘网络科技有限公司,10,365,False,0,False,True,,malicious,spamhaus_dbl
backeraxones.shop,2026-07-06,17,3.2516291673878226,0.0,0,0.7142857142857143,-6.7581380952380945,low,0.5556,2,0.8333333333333334,False,NOERROR,0,,0,0,False,False,0,,,,,,,False,,,True,,malicious,spamhaus_dbl
savaan.fr,2026-07-06,9,1.7924812503605778,0.0,0,1.0,-7.5140666666666664,low,0.5714,1,0.6666666666666666,True,NOERROR,1,3600,3,2,True,False,0,16276,FR,True,OVH,1,1095,False,0,False,False,False,benign,no_adverse_signal
fbc.bio,2026-07-06,7,1.584962500721156,0.0,0,0.0,-9.683300000000001,low,0.75,3,1.0,False,NOERROR,0,,0,2,False,False,0,,,,,,,,,,False,,benign,no_adverse_signal
bixiecut.co.uk,2026-07-06,14,2.75,0.0,0,1.0,-7.748207692307692,low,0.5455,1,0.875,True,NOERROR,2,3600,1,2,True,False,0,16509,US,True,"Namecheap, Inc. [Tag = NAMECHEAP-INC]",6,365,False,29,False,False,,benign,no_adverse_signal
groupuniservices.com,2026-07-06,20,3.375,0.0,0,0.7777777777777778,-6.516620689655173,low,0.625,2,0.6875,True,NOERROR,1,1800,2,2,True,False,0,47583,DE,False,"HOSTINGER operations, UAB",1,365,False,0,False,False,False,benign,no_adverse_signal
7vxf.com,2026-07-06,8,2.0,0.125,0,0.0,-12.53152,low,0.3077,3,1.0,False,NOERROR,0,,0,2,False,False,0,,,,"NameSilo, LLC",2,365,True,,,False,,benign,no_adverse_signal
sinar123yajp.site,2026-07-06,17,3.418295834054489,0.17647058823529413,0,0.5,-8.990066666666667,medium,0.5,2,0.9166666666666666,True,NOERROR,2,300,0,2,False,False,2,13335,US,False,"NameCheap, Inc.",1,365,False,0,False,False,,benign,no_adverse_signal
les-jolies-tetes.store,2026-07-06,22,2.827819531114783,0.0,2,0.75,-7.202551724137931,low,0.4828,1,0.5,True,NOERROR,1,3600,2,4,True,False,1,8560,DE,True,,,,False,0,False,False,False,benign,no_adverse_signal
bigfatjerky.net,2026-07-06,15,3.459431618637298,0.0,0,0.375,-8.442,low,0.5263,3,1.0,True,NOERROR,2,600,0,2,False,False,0,16509,US,True,"GoDaddy.com, LLC",3,365,True,30,False,False,,benign,no_adverse_signal
palolivolaxitemisanokaronovi.digital,2026-07-06,36,3.508621780036165,0.0,0,1.0,-6.855443396226415,low,0.4091,1,0.5,True,NOERROR,1,1800,5,2,True,False,0,22612,US,False,,,,,0,False,False,False,benign,no_adverse_signal
efayguvenlik.site,2026-07-06,17,3.418295834054489,0.0,0,0.7142857142857143,-7.857842857142858,medium,0.4762,2,0.9166666666666666,True,NOERROR,1,3600,0,3,False,False,0,197720,TR,True,Turkticaret.net Yazılım Hizmetleri Sanayi ve Ticaret A.Ş.,2,365,False,0,False,False,,benign,no_adverse_signal
kitchendogs.xyz,2026-07-06,15,3.459431618637298,0.0,0,0.375,-6.744300000000001,high,0.5556,3,1.0,True,NOERROR,2,3600,1,2,True,False,0,16509,US,True,"GMO Internet, Inc.",2,365,True,29,False,False,,benign,no_adverse_signal
flexdionara.ru,2026-07-06,14,3.277613436819116,0.0,0,0.8333333333333334,-6.970905263157896,low,0.5263,2,0.9090909090909091,True,NOERROR,1,10800,0,2,False,False,0,197695,RU,True,REGRU-RU,2,365,False,0,False,False,,benign,no_adverse_signal
sanitycloud.xyz,2026-07-06,15,3.459431618637298,0.0,0,0.5714285714285714,-6.49008947368421,high,0.7059,4,1.0,True,NOERROR,2,3600,1,2,True,False,0,16509,US,True,"GMO Internet, Inc.",2,365,True,29,False,False,,benign,no_adverse_signal
biaisearch.xyz,2026-07-06,14,2.9219280948873623,0.0,0,1.0,-6.6179,high,0.5455,3,0.8,True,NOERROR,2,3600,1,2,True,False,0,16509,US,True,"GMO Internet, Inc.",2,365,True,69,False,False,,malicious,abuseipdb
calendarrunclub.com,2026-07-06,19,3.106890595608519,0.0,0,0.5,-6.800344444444444,low,0.6087,3,0.6,True,NOERROR,2,3600,0,2,False,False,0,16509,US,True,"GoDaddy.com, LLC",2,1096,True,18,False,False,,benign,no_adverse_signal
situation.business,2026-07-06,18,2.725480556997868,0.0,0,1.25,-6.421473333333333,low,0.7,1,0.7777777777777778,True,NOERROR,4,30,0,2,False,False,7,212317,US,True,,,,,0,False,False,,benign,no_adverse_signal
fw666.online,2026-07-06,12,1.3709505944546687,0.25,0,0.0,-11.032814285714284,medium,0.3333,2,0.6,True,NOERROR,1,1800,5,2,True,False,0,22612,US,False,NAMECHEAP INC,2,365,True,0,False,,False,benign,no_adverse_signal
galaemeklilik.com,2026-07-06,17,2.7192945256669794,0.0,0,0.8571428571428571,-7.299695652173913,low,0.5,2,0.5384615384615384,False,SERVFAIL,0,,0,0,False,False,0,,,,ODTU Gelistirme Vakfi Bilgi Teknolojileri Sanayi Ve Ticaret Anonim Sirketi,1,365,True,,,False,,benign,no_adverse_signal
baiyabio.com,2026-07-06,12,2.25,0.0,0,1.6666666666666667,-7.815523076923077,low,0.5882,1,0.625,True,NOERROR,2,30,0,2,True,False,2,14618,US,True,DropCatch.com 669 LLC,1,365,False,0,False,False,,benign,no_adverse_signal
netlea.shop,2026-07-06,11,2.2516291673878226,0.0,0,1.0,-6.375677777777778,low,0.7692,2,0.8333333333333334,True,NOERROR,1,1799,5,2,True,False,0,22612,US,False,,,,False,0,False,False,False,benign,no_adverse_signal
wer66.cn,2026-07-06,8,1.9219280948873623,0.25,0,0.5,-8.875242857142856,low,0.5,1,0.8,True,NOERROR,2,10,0,2,False,True,0,16509,US,True,Web Commerce Communications Limited,2,365,False,0,False,False,,benign,no_adverse_signal
primrosequarryaisle.shop,2026-07-06,24,3.40582225028569,0.0,0,0.7272727272727273,-7.489622857142857,low,0.4516,3,0.631578947368421,True,NOERROR,1,10800,3,2,True,False,0,15169,US,True,,,,False,0,False,False,False,benign,no_adverse_signal
m3s9mmywhu.cfd,2026-07-06,14,2.8464393446710154,0.14285714285714285,0,0.14285714285714285,-10.55149411764706,low,0.4286,5,0.8,False,NOERROR,0,,0,2,False,False,0,,,,"Spaceship, Inc.",1,365,False,,,False,,benign,no_adverse_signal
bagus65.net,2026-07-06,11,2.807354922057604,0.18181818181818182,0,0.6666666666666666,-9.003490909090909,low,0.5,1,1.0,True,NOERROR,3,3603,0,3,False,False,0,63949,US,True,"NameSilo, LLC",3,365,True,1,False,False,,benign,no_adverse_signal
74mbaa-fifa.cyou,2026-07-06,16,2.8453509366224368,0.125,1,1.0,-9.223031578947367,low,0.4,2,0.7272727272727273,True,NOERROR,1,900,0,2,False,False,0,132839,HK,False,"Chengdu west dimension digital technology Co., LTD",2,365,True,0,False,False,,benign,no_adverse_signal
brokerdataroom.xyz,2026-07-06,18,2.9852281360342516,0.0,0,0.75,-6.56168,high,0.5263,2,0.6428571428571429,True,NOERROR,2,3600,1,2,True,False,0,16509,US,True,"GMO Internet, Inc.",2,365,True,69,False,False,,malicious,abuseipdb
51hliaoq.cc,2026-07-06,11,3.0,0.18181818181818182,0,1.0,-9.657684615384614,low,0.4444,2,1.0,True,NOERROR,1,1,0,2,False,True,0,40065,US,False,"NameSilo, LLC",2,365,True,0,False,False,,benign,no_adverse_signal
featedchain.xyz,2026-07-06,15,3.0957952550009344,0.0,0,0.8333333333333334,-6.673278947368421,high,0.5263,3,0.8181818181818182,True,NOERROR,2,3600,1,2,True,False,0,16509,US,True,"GMO Internet, Inc.",2,365,True,29,False,False,,benign,no_adverse_signal
izonil-vertrieb.de,2026-07-06,18,3.3232314287976212,0.0,1,0.75,-7.3116814814814814,low,0.5714,3,0.7333333333333333,True,NOERROR,1,600,1,4,True,False,0,34788,DE,True,,,,False,0,False,,False,benign,no_adverse_signal
faithstoken.xyz,2026-07-06,15,3.277613436819116,0.0,0,0.5714285714285714,-6.973463157894737,high,0.5,4,0.9090909090909091,True,NOERROR,2,3600,1,2,True,False,0,16509,US,True,"GMO Internet, Inc.",2,365,True,69,False,False,,malicious,abuseipdb
csok9.com,2026-07-06,9,2.321928094887362,0.1111111111111111,0,0.3333333333333333,-9.041971428571427,low,0.6,2,1.0,True,NOERROR,1,10800,1,4,True,False,1,210403,FR,False,LWS dba Ligne Web Services,2,365,False,0,False,False,False,benign,no_adverse_signal
micropaybooks.xyz,2026-07-06,17,3.334679141051595,0.0,0,0.625,-6.995230434782608,high,0.5455,2,0.8461538461538461,True,NOERROR,2,3600,1,2,True,False,0,16509,US,True,"GMO Internet, Inc.",2,365,True,29,False,False,,benign,no_adverse_signal
visibilite-clients.fr,2026-07-06,21,3.080500530640267,0.0,1,0.7,-6.677060606060606,low,0.4615,3,0.5555555555555556,True,NOERROR,1,3600,2,4,True,False,1,8560,DE,True,IONOS SE,1,364,False,0,False,False,False,benign,no_adverse_signal
kavehfayyazi.com,2026-07-06,16,3.0220552088742005,0.0,0,0.7142857142857143,-8.81242380952381,low,0.4444,2,0.75,True,NOERROR,2,60,0,4,False,False,0,16509,US,True,Porkbun LLC,379,730,False,0,False,False,,benign,no_adverse_signal
click2cali.store,2026-07-06,16,2.4464393446710155,0.0625,0,0.5,-7.425111764705882,low,0.5,2,0.6,True,NOERROR,1,10800,0,2,False,False,0,16509,US,True,,,,False,0,False,False,,benign,no_adverse_signal
declinealtcoin.xyz,2026-07-06,18,3.09306920777189,0.0,0,0.75,-6.513235999999999,high,0.5455,3,0.6428571428571429,True,NOERROR,2,3600,1,2,True,False,0,16509,US,True,"GMO Internet, Inc.",1,365,True,29,False,False,,benign,no_adverse_signal
juragan99a.org,2026-07-06,14,2.6464393446710157,0.14285714285714285,0,1.0,-8.35970588235294,low,0.4444,1,0.7,True,NOERROR,2,300,0,2,False,False,2,13335,US,False,Dynadot Inc,2,365,False,0,False,False,,benign,no_adverse_signal
payfloatbureau.xyz,2026-07-06,18,3.3248629576173574,0.0,0,1.0,-7.229888,high,0.5185,3,0.7857142857142857,True,NOERROR,2,3600,1,2,True,False,0,16509,US,True,"GMO Internet, Inc.",2,365,True,29,False,False,,benign,no_adverse_signal
yibanban.top,2026-07-06,12,2.25,0.0,0,0.6,-7.210684615384616,high,0.6667,2,0.625,True,NOERROR,2,300,0,2,False,True,0,16509,US,False,Alibaba Cloud Computing Ltd. d/b/a HiChina (www.net.cn),2,365,True,0,False,False,,benign,no_adverse_signal
bailiffdata.xyz,2026-07-06,15,2.663532754804255,0.0,0,0.8333333333333334,-7.234989473684211,high,0.5,3,0.6363636363636364,True,NOERROR,2,3600,1,2,True,False,0,16509,US,True,"GMO Internet, Inc.",2,365,True,29,False,False,,benign,no_adverse_signal
gallere.co.uk,2026-07-06,13,2.2359263506290326,0.0,0,0.75,-6.027172727272728,low,0.5882,2,0.7142857142857143,True,NOERROR,1,3600,0,2,False,False,0,14618,US,True,"Namecheap, Inc. t/a Spaceship [Tag = SPACESHIP]",3,365,False,0,False,False,,benign,no_adverse_signal
samepot.com,2026-07-06,11,2.807354922057604,0.0,0,0.75,-6.537245454545455,low,0.7059,1,1.0,True,NOERROR,2,1800,0,2,False,False,0,16509,US,False,"Name.com, Inc.",2,365,True,0,False,False,,benign,no_adverse_signal
oradeaturism.com,2026-07-06,16,3.2516291673878226,0.0,0,1.0,-6.421133333333333,low,0.5263,2,0.8333333333333334,False,SERVFAIL,0,,0,0,False,False,0,,,,Hosting Concepts B.V. d/b/a Registrar.eu,2,365,True,,,False,,benign,no_adverse_signal
menschnetz.ch,2026-07-06,13,2.9219280948873623,0.0,0,0.25,-6.792105882352941,low,0.5,5,0.8,True,NOERROR,1,10800,1,2,False,False,0,51167,FR,False,,,,False,0,False,False,False,benign,no_adverse_signal
tabata.sbs,2026-07-06,10,1.4591479170272448,0.0,0,1.0,-6.401555555555556,low,0.6667,1,0.5,True,NOERROR,1,50,0,2,False,False,0,47583,CY,False,"HOSTINGER operations, UAB",2,365,False,33,False,False,,benign,no_adverse_signal
novikaropiranarikentosanokirapexi.digital,2026-07-06,41,3.3482071965997537,0.0,0,0.9411764705882353,-6.807666666666666,low,0.3333,2,0.36363636363636365,True,NOERROR,1,300,5,2,True,False,0,207461,DE,False,,,,,0,False,False,False,benign,no_adverse_signal
xa0-kaiyun.icu,2026-07-06,14,3.121928094887362,0.07142857142857142,1,1.0,-9.891570588235295,low,0.625,1,0.9,False,NOERROR,0,,0,2,False,False,0,,,,"Zhengzhou Century Connect Electronic Technology Development Co., Ltd",2,365,False,,,False,,benign,no_adverse_signal
bhy38yr3.top,2026-07-06,12,2.5,0.25,0,0.0,-11.753207692307692,high,0.3333,3,0.75,False,NOERROR,0,,5,2,True,False,0,,,,NAMECHEAP INC,2,365,True,,,False,False,benign,no_adverse_signal
re-premier.top,2026-07-06,14,2.3709505944546687,0.0,1,0.8,-6.890264705882353,high,0.5556,2,0.6,True,NOERROR,1,3600,0,3,False,False,0,138915,US,False,"NameSilo, LLC",2,365,True,0,True,True,,malicious,spamhaus_zen
q8pr.com,2026-07-06,8,2.0,0.125,0,0.0,-11.92044,low,0.5714,2,1.0,False,NOERROR,0,,0,2,False,False,0,,,,"NameSilo, LLC",2,365,True,,,False,,benign,no_adverse_signal
mmwhgm-tw.asia,2026-07-06,14,2.4193819456463714,0.0,1,0.0,-10.452306666666667,low,0.375,6,0.6666666666666666,False,NOERROR,0,,1,2,True,False,0,,,,"DNSPod, Inc.",2,365,True,,,False,False,benign,no_adverse_signal
saimpaints.com,2026-07-06,14,2.721928094887362,0.0,0,0.6666666666666666,-6.6581117647058825,low,0.6,3,0.7,False,SERVFAIL,0,,0,0,False,False,0,,,,"HOSTINGER operations, UAB",2,1096,False,,,True,,malicious,spamhaus_dbl
freedappai.xyz,2026-07-06,14,2.7219280948873625,0.0,0,1.0,-6.7126,high,0.5,2,0.7,True,NOERROR,2,3600,1,2,True,False,0,16509,US,True,"GMO Internet, Inc.",2,365,True,69,False,False,,malicious,abuseipdb
emcloyholdings.com,2026-07-06,18,3.521640636343319,0.0,0,0.4,-7.320816,low,0.5714,3,0.8571428571428571,True,NOERROR,1,60,1,2,True,False,0,394456,US,True,DomainRegistry.com LLC,1,365,False,0,False,False,False,benign,no_adverse_signal
huskygpt.com,2026-07-06,12,3.0,0.0,0,0.14285714285714285,-8.787807692307693,low,0.6667,6,1.0,True,NOERROR,2,10800,0,2,True,False,2,14618,US,True,DropCatch.com 1149 LLC,1,365,False,0,False,False,,benign,no_adverse_signal
mrtphotodesign.com,2026-07-06,18,3.521640636343319,0.0,0,0.4,-7.112372000000001,low,0.48,5,0.8571428571428571,True,NOERROR,1,600,1,2,False,False,0,47846,DE,False,IONOS SE,37,365,True,0,False,False,False,benign,no_adverse_signal
oscillating-experience.com,2026-07-06,26,3.6069367321753205,0.0,1,0.75,-6.690919512195122,low,0.4571,2,0.6363636363636364,True,NOERROR,2,18,0,4,False,False,0,16509,US,True,Porkbun LLC,378,730,False,2,False,False,,benign,no_adverse_signal
exappslabs.xyz,2026-07-06,14,2.721928094887362,0.0,0,0.42857142857142855,-7.342294117647059,high,0.6316,4,0.7,True,NOERROR,2,3600,1,2,True,False,0,16509,US,True,"GMO Internet, Inc.",2,365,True,69,False,False,,malicious,abuseipdb
stateagentic.net,2026-07-06,16,2.8553885422075336,0.0,0,0.7142857142857143,-5.962171428571429,low,0.6667,2,0.6666666666666666,True,NOERROR,2,600,0,2,False,False,0,16509,US,True,"GoDaddy.com, LLC",3,365,True,37,False,False,,benign,no_adverse_signal
74qgvl-fifa.cyou,2026-07-06,16,3.277613436819116,0.125,1,0.3333333333333333,-10.661484210526316,low,0.4,4,0.9090909090909091,True,NOERROR,1,900,0,2,False,False,0,132839,CL,False,"Chengdu west dimension digital technology Co., LTD",2,365,True,0,False,False,,benign,no_adverse_signal
natbet975.com,2026-07-06,13,2.94770277922009,0.23076923076923078,0,0.5,-8.637353333333333,low,0.5333,2,0.8888888888888888,True,NOERROR,1,3603,0,3,False,False,0,205759,US,False,"NameSilo, LLC",2,365,True,35,True,True,,malicious,spamhaus_zen
swisscomfort.fr,2026-07-06,15,3.0220552088742,0.0,0,0.3333333333333333,-6.9492,low,0.5263,3,0.75,True,NOERROR,1,3600,3,2,True,False,0,16276,FR,True,OVH,3,1095,False,0,False,False,False,benign,no_adverse_signal
thereallmissvee.de,2026-07-06,18,3.106890595608519,0.0,0,0.6666666666666666,-6.863877777777778,low,0.5,3,0.6666666666666666,True,NOERROR,4,30,0,2,False,False,7,16509,US,True,,,,False,0,False,False,,benign,no_adverse_signal
ok8br.com,2026-07-06,9,2.321928094887362,0.1111111111111111,0,0.3333333333333333,-11.185728571428571,low,0.5455,2,1.0,True,NOERROR,2,300,0,2,False,False,2,13335,US,False,Dominet (HK) Limited,2,365,False,0,False,False,,benign,no_adverse_signal
lesyllon.fr,2026-07-06,11,2.4056390622295662,0.0,0,0.3333333333333333,-7.275607692307692,low,0.5,4,0.75,True,NOERROR,1,3600,3,2,True,False,0,16276,FR,True,OVH,0,1095,False,0,False,False,False,benign,no_adverse_signal
horizongroupprojects.dev,2026-07-06,24,3.5841837197791886,0.0,0,0.5384615384615384,-6.984799999999999,low,0.6471,3,0.7,True,NOERROR,2,600,0,2,False,False,0,16509,US,True,,,,False,30,False,False,,benign,no_adverse_signal
raterio.com,2026-07-06,11,2.5216406363433186,0.0,0,1.3333333333333333,-5.782509090909091,low,0.6667,1,0.8571428571428571,True,NOERROR,1,10800,0,4,True,False,0,13335,DE,True,Squarespace Domains LLC,1,365,True,38,False,False,,benign,no_adverse_signal
nikode.dk,2026-07-06,9,2.584962500721156,0.0,0,1.0,-7.177222222222222,low,0.6,1,1.0,True,NOERROR,1,3600,1,3,True,False,0,48854,DK,True,Simply.com A/S,5,364,True,0,False,False,False,benign,no_adverse_signal
areseyewear.com,2026-07-06,15,2.368522527728207,0.0,0,1.2,-6.819331578947367,low,0.5217,1,0.5454545454545454,True,NOERROR,1,50,0,2,False,False,0,47583,CY,False,"HOSTINGER operations, UAB",1,365,False,33,False,False,,benign,no_adverse_signal
biabet885.com,2026-07-06,13,2.725480556997868,0.23076923076923078,0,1.0,-8.156626666666666,low,0.5,1,0.7777777777777778,True,NOERROR,1,1800,5,2,True,False,0,22612,US,False,NAMECHEAP INC,2,365,True,0,,False,False,benign,no_adverse_signal
raythread.shop,2026-07-06,14,2.725480556997868,0.0,0,0.5,-7.059386666666667,low,0.5333,4,0.7777777777777778,True,NOERROR,1,300,0,2,False,False,0,199242,GE,False,,,,False,0,False,False,,benign,no_adverse_signal
megahitpower.nl,2026-07-06,15,3.418295834054489,0.0,0,0.7142857142857143,-7.194519047619048,low,0.5,2,0.9166666666666666,True,NOERROR,1,150,1,2,False,False,1,8560,DE,True,Domain Robot,3,,False,2,False,False,False,benign,no_adverse_signal
in3.buzz,2026-07-06,8,1.584962500721156,0.125,0,1.0,-8.377366666666667,high,0.5714,1,1.0,True,NOERROR,2,300,0,2,False,False,2,13335,US,False,"Spaceship, Inc.",2,365,False,0,False,False,,benign,no_adverse_signal
hjleadgen.com,2026-07-06,13,2.94770277922009,0.0,0,0.5,-7.7627,low,0.625,3,0.8888888888888888,True,NOERROR,1,600,0,2,False,False,0,134548,HK,False,"GMO Internet, Inc.",2,365,True,0,False,False,,benign,no_adverse_signal
cbcmo.com,2026-07-06,9,1.9219280948873623,0.0,0,0.25,-8.831728571428572,low,0.6667,4,0.8,True,NOERROR,2,10800,0,2,True,False,2,14618,US,True,DropCatch.com 417 LLC,1,365,False,0,False,False,,benign,no_adverse_signal
regulatetoeducate.co.uk,2026-07-06,23,3.1018812234760182,0.0,0,1.125,-6.934635483870968,low,0.48,1,0.5882352941176471,True,NOERROR,2,600,0,2,False,False,0,16509,US,True,123-Reg Limited t/a 123-reg [Tag = 123-REG],5,1096,False,18,False,False,,benign,no_adverse_signal
faintschain.xyz,2026-07-06,15,2.9139770731827523,0.0,0,0.5714285714285714,-6.364526315789473,high,0.5263,5,0.7272727272727273,True,NOERROR,2,3600,1,2,True,False,0,16509,US,True,"GMO Internet, Inc.",2,365,True,29,False,False,,benign,no_adverse_signal
guochan-site.com.cn,2026-07-06,19,3.584962500721156,0.0,1,0.8333333333333334,-7.188795238095238,low,0.5263,2,1.0,True,NOERROR,1,600,0,2,False,False,0,134548,HK,False,Web Commerce Communications Limited,2,365,False,0,True,True,,malicious,spamhaus_zen
playlistenup.co.uk,2026-07-06,18,3.2516291673878226,0.0,0,0.5,-6.701709523809525,low,0.6087,2,0.8333333333333334,True,NOERROR,2,3600,0,2,False,False,0,16509,US,True,"GoDaddy.com, LLC. [Tag = GODADDY]",3,731,False,18,False,False,,benign,no_adverse_signal
juliangniubi.com,2026-07-06,16,2.8553885422075336,0.0,0,1.0,-7.416042857142857,low,0.5,3,0.6666666666666666,True,NOERROR,1,3600,0,2,False,False,0,149440,US,False,"GoDaddy.com, LLC",2,365,True,0,False,False,,benign,no_adverse_signal
smart-91.com.cn,2026-07-06,15,3.0,0.13333333333333333,1,0.25,-8.451230769230769,low,0.5333,2,1.0,True,NOERROR,1,600,0,2,False,False,0,132839,HK,False,Web Commerce Communications Limited,2,365,False,0,False,True,,malicious,spamhaus_dbl
hardfoundation.ca,2026-07-06,17,3.2359263506290334,0.0,0,0.75,-6.47686,low,0.56,3,0.7142857142857143,True,NOERROR,2,300,1,2,True,False,2,13335,US,False,CENTRALNIC CANADA INC,6,365,True,0,False,False,False,benign,no_adverse_signal
promptlets.xyz,2026-07-06,14,2.9219280948873623,0.0,0,0.25,-6.9921235294117645,high,0.5333,4,0.8,True,NOERROR,2,3600,1,2,True,False,0,16509,US,True,"GMO Internet, Inc.",2,365,True,69,False,False,,malicious,abuseipdb
miraxapulse.net,2026-07-06,15,3.277613436819116,0.0,0,0.8333333333333334,-7.657552631578948,low,0.5556,2,0.9090909090909091,True,NOERROR,9,3600,1,2,False,False,0,60592,CZ,False,MainReg Inc.,367,730,False,0,True,True,False,malicious,spamhaus_zen
promptandy.xyz,2026-07-06,14,3.121928094887362,0.0,0,0.25,-6.841576470588235,high,0.5,3,0.9,True,NOERROR,2,3600,1,2,True,False,0,16509,US,True,"GMO Internet, Inc.",2,365,True,29,False,False,,benign,no_adverse_signal
atis-avocats.fr,2026-07-06,15,2.8553885422075336,0.0,1,0.8333333333333334,-7.135909523809524,low,0.5,2,0.6666666666666666,True,NOERROR,4,10800,1,4,True,False,0,53831,US,False,KEY-SYSTEMS GmbH,1,364,False,31,False,False,False,benign,no_adverse_signal
steelcitybrandclothing.shop,2026-07-06,27,3.788754913993502,0.0,0,0.375,-6.752319512195122,low,0.4286,4,0.6818181818181818,True,NOERROR,2,300,0,2,False,False,2,13335,US,False,,,,False,0,False,False,,benign,no_adverse_signal
hh-5555.com,2026-07-06,11,1.3787834934861753,0.36363636363636365,1,0.0,-10.334645454545454,low,0.3077,2,0.42857142857142855,True,NOERROR,2,300,0,2,False,False,2,13335,US,False,Dynadot Inc,2,365,False,0,False,False,,benign,no_adverse_signal
venetacucinetassin-la-demi-lune.fr,2026-07-06,34,3.538896214227932,0.0,3,0.8666666666666667,-7.079383050847458,low,0.4348,2,0.41935483870967744,True,NOERROR,1,900,1,2,True,False,0,39729,IT,True,AMEN / Agence des Médias Numériques,3,364,False,0,False,False,False,benign,no_adverse_signal
tzj.homes,2026-07-06,9,1.584962500721156,0.0,0,0.0,-10.525333333333334,low,0.4,3,1.0,True,NOERROR,1,360,5,2,True,False,0,396982,US,True,NAMECHEAP INC,2,365,False,0,False,False,False,benign,no_adverse_signal
qarebook.com,2026-07-06,12,2.75,0.0,0,1.0,-7.068523076923077,low,0.75,1,0.875,True,NOERROR,2,300,0,2,False,False,2,13335,US,False,"HOSTINGER operations, UAB",2,365,False,0,False,False,,benign,no_adverse_signal
anbotiyuapp-app.com.cn,2026-07-06,22,3.056564762130954,0.0,1,0.75,-7.758166666666666,low,0.4762,2,0.6666666666666666,True,NOERROR,1,600,0,2,False,False,0,132839,CL,False,Web Commerce Communications Limited,21,365,False,0,False,False,,benign,no_adverse_signal
agentssight.xyz,2026-07-06,15,2.9139770731827523,0.0,0,0.375,-6.6194263157894735,high,0.5517,4,0.7272727272727273,True,NOERROR,2,3600,1,2,True,False,0,16509,US,True,"GMO Internet, Inc.",2,365,True,69,False,False,,malicious,abuseipdb
agentshuttle.xyz,2026-07-06,16,3.0220552088742,0.0,0,0.5,-6.895666666666666,high,0.4706,4,0.75,True,NOERROR,2,3600,1,2,True,False,0,16509,US,True,"GMO Internet, Inc.",1,365,True,69,False,False,,malicious,abuseipdb
bmyqc0lf.top,2026-07-06,12,3.0,0.08333333333333333,0,0.0,-11.725315384615385,high,0.625,5,1.0,False,NOERROR,0,,0,2,False,False,0,,,,Dominet (HK) Limited,2,365,True,,,False,,benign,no_adverse_signal
bitcoinmymana.xyz,2026-07-06,17,3.085055102756477,0.0,0,0.625,-7.066769565217391,high,0.5,4,0.6923076923076923,True,NOERROR,2,3600,1,2,True,False,0,16509,US,True,"GMO Internet, Inc.",2,365,True,29,False,,,benign,no_adverse_signal
gading22gasjp.site,2026-07-06,18,3.0269868333592873,0.1111111111111111,0,0.375,-8.599308695652173,medium,0.5714,3,0.6923076923076923,True,NOERROR,2,300,0,2,False,False,2,13335,US,False,NAMECHEAP INC,1,365,True,0,False,False,,benign,no_adverse_signal
coastguardcoin.us,2026-07-06,17,3.3787834934861767,0.0,0,0.75,-7.236140000000001,low,0.64,3,0.7857142857142857,True,NOERROR,2,600,0,2,False,False,0,16509,US,True,"GoDaddy.com, LLC",2,365,False,37,False,False,,benign,no_adverse_signal
86815114.xyz,2026-07-06,12,2.1556390622295662,0.6666666666666666,0,0.0,-10.680015384615386,high,0.2353,0,0.625,False,timeout,0,,0,0,False,False,0,,,,NAMECHEAP INC,2,365,True,,,False,,benign,no_adverse_signal
51balv.cc,2026-07-06,9,2.584962500721156,0.2222222222222222,0,0.3333333333333333,-8.977777777777778,low,0.5455,2,1.0,True,NOERROR,1,1,0,2,False,True,0,40065,US,False,"NameSilo, LLC",2,365,True,0,False,False,,benign,no_adverse_signal
benamedical.net,2026-07-06,15,3.0957952550009344,0.0,0,0.8333333333333334,-6.145678947368421,low,0.625,1,0.8181818181818182,False,NOERROR,0,,0,2,False,False,0,,,,Internet Domain Service BS Corp.,3,365,True,,,False,,benign,no_adverse_signal
proofsoclab.xyz,2026-07-06,15,3.027169118440619,0.0,0,0.5714285714285714,-7.249700000000001,high,0.48,2,0.8181818181818182,True,NOERROR,2,3600,1,2,True,False,0,16509,US,True,"GMO Internet, Inc.",2,365,True,69,False,False,,malicious,abuseipdb
logistik4you.net,2026-07-06,16,3.2516291673878226,0.0625,0,0.8333333333333334,-8.014119047619047,low,0.5,2,0.8333333333333334,True,NOERROR,1,7200,1,2,True,False,0,34788,DE,True,RegistryGate GmbH,3,365,True,0,False,False,False,benign,no_adverse_signal
6abt.com,2026-07-06,8,2.0,0.125,0,0.5,-9.6896,low,0.5714,2,1.0,False,NOERROR,0,,0,2,False,False,0,,,,"NameSilo, LLC",2,365,True,,,False,,benign,no_adverse_signal
ynjvqn414.vip,2026-07-06,13,2.725480556997868,0.23076923076923078,0,0.0,-11.717386666666666,low,0.3529,6,0.7777777777777778,True,NOERROR,1,10,0,2,False,True,0,209242,US,True,Dynadot Inc,2,365,True,0,False,True,,malicious,spamhaus_dbl
tokekwinhoki252jp.live,2026-07-06,22,3.4548223999466066,0.13636363636363635,0,0.5555555555555556,-9.107474193548388,low,0.4167,2,0.7058823529411765,True,NOERROR,2,300,0,2,False,False,2,13335,US,False,,,,False,0,False,False,,benign,no_adverse_signal
swiftfindsdeals.com,2026-07-06,19,3.189898095464287,0.0,0,0.36363636363636365,-7.2475407407407415,low,0.5,4,0.6666666666666666,True,NOERROR,1,3600,0,2,False,False,0,13335,CA,True,"GoDaddy.com, LLC",1,365,True,0,False,False,,benign,no_adverse_signal
airkum.online,2026-07-06,13,2.584962500721156,0.0,0,1.0,-7.627488888888889,medium,0.6,2,1.0,True,NOERROR,2,300,8,2,True,False,2,13335,US,False,NAMECHEAP INC,2,365,True,0,False,False,False,benign,no_adverse_signal
hashvalue.biz,2026-07-06,13,2.725480556997868,0.0,0,0.8,-7.531306666666667,low,0.5,3,0.7777777777777778,True,NOERROR,3,60,0,2,False,False,0,63949,US,True,"OwnRegistrar, Inc.",368,365,True,0,False,False,,benign,no_adverse_signal
codingrecords.xyz,2026-07-06,17,3.085055102756477,0.0,0,0.4444444444444444,-6.433730434782609,high,0.6,3,0.6923076923076923,True,NOERROR,2,3600,1,2,True,False,0,16509,US,True,"GMO Internet, Inc.",2,365,True,29,False,False,,benign,no_adverse_signal
docville.pro,2026-07-06,12,2.75,0.0,0,0.6,-7.4254999999999995,low,0.5714,2,0.875,True,NOERROR,2,18,0,4,False,False,0,16509,US,True,,,,,0,False,False,,benign,no_adverse_signal
xrverseai.xyz,2026-07-06,13,2.725480556997868,0.0,0,0.8,-7.04788,high,0.6,3,0.7777777777777778,True,NOERROR,2,3600,1,2,True,False,0,16509,US,True,"GMO Internet, Inc.",2,365,True,69,False,False,,malicious,abuseipdb
xiaobuyier.top,2026-07-06,14,3.121928094887362,0.0,0,1.5,-7.923070588235295,high,0.625,1,0.9,False,NOERROR,0,,0,2,False,False,0,,,,Alibaba Cloud Computing Ltd. d/b/a HiChina (www.net.cn),2,365,True,,,False,,benign,no_adverse_signal
bluegateshealthcare.com,2026-07-06,23,3.260828171224455,0.0,0,0.7272727272727273,-6.658245714285714,low,0.4828,4,0.5789473684210527,True,NOERROR,1,10800,1,4,True,False,0,215286,FR,True,"Ultahost, Inc.",1,365,True,14,False,False,False,benign,no_adverse_signal
hzwxbz3.online,2026-07-06,14,2.5216406363433186,0.07142857142857142,0,0.0,-11.681118181818182,medium,0.3636,6,0.8571428571428571,False,NOERROR,0,,0,2,False,False,0,,,,"Spaceship, Inc.",2,365,False,,,False,,benign,no_adverse_signal
zmw44145992a22.shop,2026-07-06,19,2.9852281360342516,0.5263157894736842,0,0.3333333333333333,-11.826252,low,0.2353,3,0.6428571428571429,False,NOERROR,0,,0,2,False,False,0,,,,,,,False,,,,,unknown,no_reputation_coverage
keyguarddaemon.xyz,2026-07-06,18,3.378783493486176,0.0,0,0.75,-7.658712,high,0.64,3,0.7857142857142857,True,NOERROR,2,3600,1,2,True,False,0,16509,US,True,"GMO Internet, Inc.",2,365,True,69,False,False,,malicious,abuseipdb
caseflowcore.xyz,2026-07-06,16,3.084962500721156,0.0,0,0.7142857142857143,-7.009895238095238,high,0.5455,2,0.75,True,NOERROR,2,3600,1,2,True,False,0,16509,US,True,"GMO Internet, Inc.",2,365,True,29,False,False,,benign,no_adverse_signal
concurringbots.xyz,2026-07-06,18,3.2359263506290334,0.0,0,0.4,-6.889836,high,0.5625,3,0.7142857142857143,True,NOERROR,2,3600,1,2,True,False,0,16509,US,True,"GMO Internet, Inc.",2,365,True,29,False,,,benign,no_adverse_signal
marketsiris.xyz,2026-07-06,15,2.913977073182752,0.0,0,0.5714285714285714,-6.501005263157895,high,0.5,2,0.7272727272727273,True,NOERROR,2,3600,1,2,True,False,0,16509,US,True,"GMO Internet, Inc.",2,365,True,29,False,False,,benign,no_adverse_signal
dockethub.xyz,2026-07-06,13,3.169925001442312,0.0,0,0.5,-6.703426666666667,high,0.6667,2,1.0,True,NOERROR,2,3600,1,2,True,False,0,16509,US,True,"GMO Internet, Inc.",2,365,True,69,False,False,,malicious,abuseipdb
megasyssas.com,2026-07-06,14,2.321928094887362,0.0,0,0.42857142857142855,-7.082294117647059,low,0.5556,4,0.6,True,NOERROR,4,10800,1,4,True,False,0,53831,US,False,Squarespace Domains II LLC,1,365,True,30,False,False,False,benign,no_adverse_signal
pronoyaconcepts.com,2026-07-06,19,3.189898095464287,0.0,0,0.5,-6.997244444444444,low,0.5,3,0.6666666666666666,True,NOERROR,1,150,1,2,False,False,1,8560,DE,True,InterNetX GmbH,1,365,True,2,False,False,False,benign,no_adverse_signal
rocktagonfights.net,2026-07-06,19,3.5068905956085183,0.0,0,0.36363636363636365,-7.154940740740741,low,0.48,4,0.8,True,NOERROR,2,600,0,2,False,False,0,16509,US,True,"GoDaddy.com, LLC",3,365,True,37,False,False,,benign,no_adverse_signal
safekeepalerts.xyz,2026-07-06,18,2.950212064914747,0.0,0,0.75,-6.969636,high,0.5455,3,0.6428571428571429,True,NOERROR,2,3600,1,2,True,False,0,16509,US,True,"GMO Internet, Inc.",1,365,True,69,False,False,,malicious,abuseipdb
wiresafe.xyz,2026-07-06,12,2.75,0.0,0,1.0,-6.6714769230769235,high,0.6154,1,0.875,True,NOERROR,2,300,0,2,False,False,2,13335,US,False,NAMECHEAP INC,2,365,True,0,False,False,,benign,no_adverse_signal
scapwillxljpojem.com,2026-07-06,20,3.452819531114783,0.0,0,0.3333333333333333,-8.819468965517242,low,0.4615,6,0.75,True,NOERROR,2,300,0,2,False,False,2,13335,US,False,DEVEXPANSE LTD d/b/a Regery.com,2,365,True,0,False,False,,benign,no_adverse_signal
latexdominatrixx.com,2026-07-06,20,3.327819531114783,0.0,0,0.6,-6.8819,low,0.4828,2,0.6875,True,NOERROR,1,1799,5,2,True,False,0,22612,US,False,NAMECHEAP INC,2,365,True,0,,False,False,benign,no_adverse_signal
crumbz.co.nz,2026-07-06,12,2.584962500721156,0.0,0,0.2,-8.260444444444444,low,0.5,3,1.0,True,NOERROR,2,600,0,2,False,False,0,16509,US,True,Key-Systems GmbH,3,,False,37,False,False,,benign,no_adverse_signal
vempirehub.com,2026-07-06,14,3.121928094887362,0.0,0,0.6666666666666666,-7.199282352941176,low,0.5556,2,0.9,True,NOERROR,1,10800,1,2,True,False,0,13335,US,True,"Network Solutions, LLC",2,365,False,1,False,False,False,benign,no_adverse_signal
cresi.shop,2026-07-06,10,2.321928094887362,0.0,0,0.6666666666666666,-6.076271428571429,low,0.5455,2,1.0,True,NOERROR,1,10800,3,2,True,False,0,15169,US,True,,,,False,0,False,False,False,benign,no_adverse_signal
moderation-manager.online,2026-07-06,25,3.350209029099897,0.0,1,0.8888888888888888,-6.292230303030303,medium,0.625,1,0.6111111111111112,True,NOERROR,1,10800,0,2,False,False,0,197695,RU,False,Registrar of Domain Names REG.RU LLC,2,365,False,0,False,,,benign,no_adverse_signal
programmarkets.xyz,2026-07-06,18,3.182005814760214,0.0,0,0.4,-6.548896,high,0.5217,2,0.7142857142857143,True,NOERROR,2,3600,1,2,True,False,0,16509,US,True,"GMO Internet, Inc.",1,365,True,69,False,False,,malicious,abuseipdb
dataexfilwatch.xyz,2026-07-06,18,3.3248629576173574,0.0,0,0.5555555555555556,-7.532508,high,0.5,3,0.7857142857142857,True,NOERROR,2,3600,1,2,True,False,0,16509,US,True,"GMO Internet, Inc.",2,365,True,29,False,False,,benign,no_adverse_signal
birdiessimstore.com,2026-07-06,19,3.006238928653389,0.0,0,0.6666666666666666,-6.618633333333333,low,0.5333,3,0.6,True,NOERROR,4,10800,0,4,True,False,0,53831,US,False,Squarespace Domains LLC,1,365,True,30,False,False,,benign,no_adverse_signal
smart-tv-setup.com,2026-07-06,18,3.182005814760214,0.0,2,0.3333333333333333,-7.485399999999999,low,0.5185,2,0.7142857142857143,True,NOERROR,2,300,1,2,True,False,2,13335,US,False,"Spaceship, Inc.",2,365,False,0,False,False,False,benign,no_adverse_signal
supreity.com,2026-07-06,12,3.0,0.0,0,0.6,-6.846407692307692,low,0.625,2,1.0,True,NOERROR,1,50,0,2,False,False,0,47583,CY,False,"HOSTINGER operations, UAB",1,731,False,33,False,False,,benign,no_adverse_signal
emabie.store,2026-07-06,12,2.2516291673878226,0.0,0,2.0,-7.035822222222222,low,0.6,1,0.8333333333333334,True,NOERROR,1,10800,0,2,False,False,0,16509,US,True,,,,False,0,False,False,,benign,no_adverse_signal
getpuririnse.com,2026-07-06,16,3.084962500721156,0.0,0,0.7142857142857143,-6.827971428571429,low,0.5385,2,0.75,True,NOERROR,1,1800,0,2,False,False,1,47583,US,False,"HOSTINGER operations, UAB",2,365,False,0,False,,,benign,no_adverse_signal
luckyhills-ca.net,2026-07-06,17,3.180832987205441,0.0,1,0.3333333333333333,-7.614056521739131,low,0.4545,4,0.7692307692307693,True,NOERROR,1,1800,0,4,False,False,0,206834,DE,False,DEVEXPANSE LTD d/b/a Regery.com,3,365,True,0,False,False,,benign,no_adverse_signal
touroku-aomori.com,2026-07-06,18,2.950212064914747,0.0,1,1.6,-7.579464000000001,low,0.4545,1,0.6428571428571429,True,NOERROR,1,3600,1,2,False,False,0,9371,JP,True,"Japan Registry Services Co.,Ltd.(JPRS)",2,365,False,0,False,False,False,benign,no_adverse_signal
lidpuller.com,2026-07-06,13,2.6416041678685933,0.0,0,0.5,-7.183986666666667,low,0.5263,2,0.7777777777777778,True,NOERROR,2,600,0,2,False,False,0,16509,US,True,"GoDaddy.com, LLC",2,1096,True,30,False,False,,benign,no_adverse_signal
passingaltcoin.xyz,2026-07-06,18,3.2359263506290334,0.0,0,0.5555555555555556,-6.546204,high,0.5714,3,0.7142857142857143,True,NOERROR,2,3600,1,2,True,False,0,16509,US,True,"GMO Internet, Inc.",1,365,True,29,False,False,,benign,no_adverse_signal
chainagnize.xyz,2026-07-06,15,2.913977073182752,0.0,0,0.8333333333333334,-6.967594736842105,high,0.5556,2,0.7272727272727273,True,NOERROR,2,3600,1,2,True,False,0,16509,US,True,"GMO Internet, Inc.",2,365,True,69,False,False,,malicious,abuseipdb
jslawncare.online,2026-07-06,17,3.121928094887362,0.0,0,0.42857142857142855,-7.525935294117647,medium,0.5455,3,0.9,True,NOERROR,4,30,0,2,False,False,7,213230,US,True,VIRTUA DRUG Kutatási Szolgáltató Korlátolt Felelősségű Társaság,2,365,False,0,False,False,,benign,no_adverse_signal
essencxcom.com,2026-07-06,14,2.721928094887362,0.0,0,0.42857142857142855,-7.298594117647059,low,0.4706,4,0.7,True,NOERROR,4,10800,1,4,True,False,0,53831,US,False,Squarespace Domains II LLC,1,365,True,31,False,False,False,benign,no_adverse_signal
autormaterial.xyz,2026-07-06,17,3.0269868333592873,0.0,0,1.1666666666666667,-6.072547826086956,high,0.5263,2,0.6923076923076923,True,NOERROR,2,300,0,2,False,False,2,13335,US,False,"Cloudflare, Inc.",2,365,True,0,False,False,,benign,no_adverse_signal
cismda.co.uk,2026-07-06,12,2.584962500721156,0.0,0,0.5,-7.950322222222222,low,0.6,3,1.0,True,NOERROR,1,3600,0,2,False,False,0,14618,US,True,"Namecheap, Inc. t/a Spaceship [Tag = SPACESHIP]",3,365,False,0,False,False,,benign,no_adverse_signal
zucaishengfucai14changtouzhu.com.cn,2026-07-06,35,3.7264741182543752,0.05714285714285714,0,0.7333333333333333,-8.00352075471698,low,0.4103,3,0.5357142857142857,True,NOERROR,1,300,0,2,False,False,0,132839,CL,False,商中在线科技股份有限公司,4,365,False,0,False,False,,benign,no_adverse_signal
guadagnoestate.online,2026-07-06,21,3.039148671903071,0.0,0,1.0,-6.982564,medium,0.48,2,0.6428571428571429,True,NOERROR,1,50,0,2,False,False,0,47583,CY,False,"HOSTINGER operations, UAB",2,731,False,33,False,False,,benign,no_adverse_signal
grooveboxrecordings.com,2026-07-06,23,3.366091329119191,0.0,0,0.5833333333333334,-6.987354285714286,low,0.5,3,0.631578947368421,True,NOERROR,4,10800,0,4,True,False,0,53831,US,False,Squarespace Domains LLC,2,365,True,31,False,False,,benign,no_adverse_signal
weekendbeekeeper-course.net,2026-07-06,27,3.109243477231761,0.0,1,1.0,-7.106627906976744,low,0.3889,3,0.5652173913043478,True,NOERROR,2,600,0,2,False,False,0,16509,US,True,"GoDaddy.com, LLC",2,365,True,30,False,False,,benign,no_adverse_signal
stylinix.tech,2026-07-06,13,2.75,0.0,0,0.3333333333333333,-6.779161538461539,low,0.5333,4,0.875,False,NOERROR,0,,0,4,False,False,0,,,,Namify Domains Inc,2,365,False,,,False,,benign,no_adverse_signal
yieldcoalition.xyz,2026-07-06,18,3.182005814760214,0.0,0,1.0,-6.963916,high,0.5161,3,0.7142857142857143,True,NOERROR,2,3600,1,2,True,False,0,16509,US,True,"GMO Internet, Inc.",1,365,True,69,False,False,,malicious,abuseipdb
fortlite.info,2026-07-06,13,2.75,0.0,0,0.6,-6.305823076923077,medium,0.7143,3,0.875,True,NOERROR,2,3600,0,2,False,False,0,16509,US,True,,,,,18,False,False,,benign,no_adverse_signal
hellofundingbestchoice.com,2026-07-06,26,3.697845823084412,0.0,0,0.5714285714285714,-6.787431707317073,low,0.4516,4,0.6363636363636364,True,NOERROR,2,600,0,2,False,False,0,16509,US,True,"GoDaddy.com, LLC",2,365,True,37,False,False,,benign,no_adverse_signal
hoovu5.top,2026-07-06,10,2.2516291673878226,0.1,0,1.5,-9.119344444444444,high,0.5455,1,0.8333333333333334,False,NOERROR,0,,0,2,False,False,0,,,,"Todaynic.com, Inc.",2,365,True,,,False,,benign,no_adverse_signal
frustream.com,2026-07-06,13,2.94770277922009,0.0,0,0.5,-6.342286666666666,low,0.5556,3,0.8888888888888888,True,NOERROR,2,1800,0,2,False,False,0,16509,US,False,"Name.com, Inc.",2,365,True,0,False,False,,benign,no_adverse_signal
vip8051.com,2026-07-06,11,2.807354922057604,0.36363636363636365,0,0.5,-10.393127272727272,low,0.4,1,1.0,True,NOERROR,2,300,0,2,False,False,2,13335,US,False,Dominet (HK) Limited,2,365,False,0,False,False,,benign,no_adverse_signal
accountcashin.xyz,2026-07-06,17,3.0269868333592873,0.0,0,0.625,-6.568191304347826,high,0.5455,3,0.6923076923076923,True,NOERROR,2,3600,1,2,True,False,0,16509,US,True,"GMO Internet, Inc.",2,365,True,69,False,False,,malicious,abuseipdb
sanvalentines.com,2026-07-06,17,2.8731406795131336,0.0,0,0.625,-6.281278260869565,low,0.5217,2,0.6153846153846154,True,NOERROR,2,10800,0,2,True,False,2,14618,US,True,NameSay LLC,1,365,False,0,False,False,,benign,no_adverse_signal
hubbi-sal.uno,2026-07-06,13,2.94770277922009,0.0,1,0.6,-7.821693333333333,low,0.5,2,0.8888888888888888,True,NOERROR,2,300,0,2,False,False,2,13335,US,False,"HOSTINGER operations, UAB",1,365,False,0,False,False,,benign,no_adverse_signal
theleftfieldgroup.co,2026-07-06,20,3.4548223999466066,0.0,0,0.5454545454545454,-7.321793548387096,low,0.5,4,0.7058823529411765,True,NOERROR,2,600,1,2,True,False,0,16509,US,True,"GoDaddy.com, LLC",2,365,True,30,False,False,False,benign,no_adverse_signal
the-covenant-tv.store,2026-07-06,21,3.056564762130954,0.0,2,0.4444444444444444,-7.019992592592593,low,0.48,2,0.6,True,NOERROR,2,600,0,2,False,False,0,16509,US,True,,,,False,37,False,False,,benign,no_adverse_signal
goodoldagnosticads.com,2026-07-06,22,3.1279868068776753,0.0,0,0.6363636363636364,-6.817209090909091,low,0.5882,2,0.5555555555555556,True,NOERROR,2,300,0,2,False,False,0,16509,US,True,"Spaceship, Inc.",2,1096,False,1,False,False,,benign,no_adverse_signal
new-av-checker.com,2026-07-06,18,3.182005814760214,0.0,2,0.5,-7.660236,low,0.5263,2,0.7142857142857143,True,NOERROR,2,300,0,2,False,False,2,13335,US,False,"Cloudflare, Inc.",2,365,True,0,False,False,,benign,no_adverse_signal
wxysjs.com,2026-07-06,10,2.251629167387823,0.0,0,0.0,-9.886322222222223,low,0.6667,6,0.8333333333333334,True,NOERROR,1,300,0,2,False,True,0,13335,US,False,Gname 214 Inc,1,365,False,0,False,False,,benign,no_adverse_signal
iyghealth.com,2026-07-06,13,2.94770277922009,0.0,0,0.5,-7.849586666666667,low,0.8,3,0.8888888888888888,True,NOERROR,2,300,1,2,True,False,2,13335,US,False,NAMECHEAP INC,1,365,True,0,False,False,False,benign,no_adverse_signal
mgafsd-tw.asia,2026-07-06,14,3.169925001442312,0.0,1,0.14285714285714285,-9.088420000000001,low,0.5,3,1.0,False,NOERROR,0,,1,2,True,False,0,,,,"Spaceship, Inc.",2,365,True,,,False,False,benign,no_adverse_signal
magnasaudeweb.com.br,2026-07-06,20,3.180832987205441,0.0,0,0.8571428571428571,-7.060586956521739,low,0.4706,2,0.7692307692307693,True,NOERROR,1,1800,2,2,True,False,1,47583,BR,False,,3,365,False,0,False,False,False,benign,no_adverse_signal
hercirclechi.com,2026-07-06,16,2.5220552088742005,0.0,0,0.5,-6.737652380952381,low,0.5263,3,0.5,True,NOERROR,3,3600,0,2,False,False,0,58182,US,True,Wix.com Ltd.,2,365,False,9,False,False,,benign,no_adverse_signal
elitegoltv.co,2026-07-06,13,2.721928094887362,0.0,0,0.6666666666666666,-6.8964823529411765,low,0.5556,3,0.7,True,NOERROR,1,300,0,2,False,False,0,48090,BG,False,Dynadot Inc,3,365,False,0,True,False,,malicious,spamhaus_zen
cmntzy.com,2026-07-06,10,2.584962500721156,0.0,0,0.0,-9.492877777777778,low,0.5,6,1.0,False,NOERROR,0,,0,2,False,False,0,,,,"GMO Internet, Inc.",1,365,True,,,False,,benign,no_adverse_signal
bridgedkit.xyz,2026-07-06,14,2.9219280948873623,0.0,0,0.42857142857142855,-7.462370588235294,high,0.625,2,0.8,True,NOERROR,2,3600,1,2,True,False,0,16509,US,True,"GMO Internet, Inc.",2,365,True,29,False,False,,benign,no_adverse_signal
onchainjim.xyz,2026-07-06,14,2.9219280948873623,0.0,0,0.6666666666666666,-7.0477823529411765,high,0.5,3,0.8,True,NOERROR,2,3600,1,2,True,False,0,16509,US,True,"GMO Internet, Inc.",2,365,True,29,False,False,,benign,no_adverse_signal
exterioresnodus.com,2026-07-06,19,3.1898980954642875,0.0,0,0.875,-6.80784074074074,low,0.48,2,0.6666666666666666,True,NOERROR,1,60,1,2,True,False,0,57910,ES,True,DonDominio (SCIP),2,365,True,0,True,False,False,malicious,spamhaus_zen
raijinslot88.com,2026-07-06,16,3.2516291673878226,0.125,0,0.6666666666666666,-7.712871428571429,low,0.4545,3,0.8333333333333334,True,NOERROR,2,300,0,2,False,False,2,13335,US,False,"Spaceship, Inc.",2,365,False,0,False,False,,benign,no_adverse_signal
rbf3.com,2026-07-06,8,2.0,0.125,0,0.0,-10.857380000000001,low,0.4444,3,1.0,False,NOERROR,0,,0,2,False,False,0,,,,"NameSilo, LLC",2,365,True,,,False,,benign,no_adverse_signal
wontchain.xyz,2026-07-06,13,2.94770277922009,0.0,0,0.5,-6.521746666666667,high,0.5333,4,0.8888888888888888,True,NOERROR,2,3600,1,2,True,False,0,16509,US,True,"GMO Internet, Inc.",2,365,True,69,False,False,,malicious,abuseipdb
hjrdw.cc,2026-07-06,8,2.321928094887362,0.0,0,0.0,-10.387671428571428,low,0.5,5,1.0,True,NOERROR,1,1,0,2,False,True,0,40065,US,False,"NameSilo, LLC",2,365,True,0,False,False,,benign,no_adverse_signal
compareaffiliate.cloud,2026-07-06,22,3.327819531114783,0.0,0,1.0,-6.490644827586207,low,0.5625,2,0.6875,True,NOERROR,1,3600,1,2,True,False,0,52030,IT,True,Porkbun LLC,2,365,False,0,False,False,False,benign,no_adverse_signal
holocards.cz,2026-07-06,12,2.94770277922009,0.0,0,0.5,-6.484473333333333,low,0.5556,3,0.8888888888888888,True,NOERROR,1,1800,0,3,False,False,0,24806,CZ,True,REG-MOJEID,3,364,False,0,False,False,,benign,no_adverse_signal
mmfdatasource.xyz,2026-07-06,17,3.3927474104487847,0.0,0,0.625,-7.600391304347826,high,0.5455,4,0.8461538461538461,True,NOERROR,2,3600,1,2,True,False,0,16509,US,True,"GMO Internet, Inc.",2,365,True,69,False,False,,malicious,abuseipdb
modevantagroup.online,2026-07-06,21,3.521640636343319,0.0,0,0.75,-6.629612,medium,0.6667,2,0.8571428571428571,True,NOERROR,3,3603,0,3,False,False,0,63949,US,True,"NameSilo, LLC",2,365,False,1,False,False,,benign,no_adverse_signal
abbythebroker.com,2026-07-06,17,3.0269868333592873,0.0,0,0.4444444444444444,-7.190513043478261,low,0.5833,5,0.6923076923076923,True,NOERROR,2,3600,0,2,False,False,0,16509,US,True,"GoDaddy.com, LLC",1,1096,True,24,False,False,,benign,no_adverse_signal
joshbrayphotography.com,2026-07-06,23,3.326360407952694,0.0,0,0.35714285714285715,-7.450991428571428,low,0.4667,4,0.5789473684210527,True,NOERROR,3,3600,0,2,False,False,0,58182,US,True,Wix.com Ltd.,1,365,False,16,False,False,,benign,no_adverse_signal
botssamurai.xyz,2026-07-06,15,3.095795255000934,0.0,0,0.8333333333333334,-6.983810526315789,high,0.5,3,0.8181818181818182,True,NOERROR,2,3600,1,2,True,False,0,16509,US,True,"GMO Internet, Inc.",2,365,True,29,False,False,,benign,no_adverse_signal
tnnhunter.com,2026-07-06,13,2.4193819456463714,0.0,0,0.2857142857142857,-7.251566666666666,low,0.5,4,0.6666666666666666,True,NOERROR,2,30,0,2,True,False,2,14618,US,True,DropCatch.com 1304 LLC,1,365,False,0,False,False,,benign,no_adverse_signal
paymentquantum.xyz,2026-07-06,18,3.09306920777189,0.0,0,0.5555555555555556,-7.313608,high,0.48,3,0.6428571428571429,True,NOERROR,2,3600,1,2,True,False,0,16509,US,True,"GMO Internet, Inc.",2,365,True,29,False,False,,benign,no_adverse_signal
bykhariessex.com,2026-07-06,16,3.251629167387823,0.0,0,0.5,-7.331609523809523,low,0.48,4,0.8333333333333334,True,NOERROR,1,10800,0,2,False,False,0,16509,US,True,"TUCOWS.COM, CO.",371,730,True,0,False,False,,benign,no_adverse_signal
refpawuetc.top,2026-07-06,14,3.121928094887362,0.0,0,0.6666666666666666,-8.283052941176472,high,0.5263,2,0.9,True,NOERROR,2,60,0,4,False,False,0,16509,US,True,Porkbun LLC,380,730,True,0,False,,,benign,no_adverse_signal
apibotlink.xyz,2026-07-06,14,3.121928094887362,0.0,0,0.6666666666666666,-6.9196470588235295,high,0.5882,2,0.9,True,NOERROR,2,3600,1,2,True,False,0,16509,US,True,"GMO Internet, Inc.",2,365,True,69,False,False,,malicious,abuseipdb
fearbook.vip,2026-07-06,12,2.75,0.0,0,1.0,-6.861784615384615,low,0.75,2,0.875,True,NOERROR,2,57,0,4,False,False,0,16509,US,True,Porkbun,380,365,True,2,False,False,,benign,no_adverse_signal
cg8-kaiyun.icu,2026-07-06,14,3.321928094887362,0.07142857142857142,1,0.6,-9.561017647058822,low,0.625,2,1.0,True,NOERROR,1,600,0,2,False,False,0,132839,ZA,False,"Zhengzhou Century Connect Electronic Technology Development Co., Ltd",2,365,False,0,False,False,,benign,no_adverse_signal
veriframe.nl,2026-07-06,12,2.725480556997868,0.0,0,0.8,-6.40874,low,0.5714,2,0.7777777777777778,True,NOERROR,1,3600,3,3,True,False,1,24940,DE,True,team.blue nl B.V.,3,,False,0,False,False,False,benign,no_adverse_signal
yourviralai.rest,2026-07-06,16,2.913977073182752,0.0,0,1.2,-6.6402947368421055,low,0.4706,2,0.7272727272727273,False,NOERROR,0,,0,2,False,False,0,,,,"Dynadot, LLC",2,365,False,,,False,,benign,no_adverse_signal
kotomi-kensetsu.online,2026-07-06,22,3.240223928941852,0.0,1,0.75,-7.1652962962962965,medium,0.48,2,0.6666666666666666,False,timeout,0,,0,2,True,False,0,,,,"GMO Internet, Inc.",2,365,True,,,False,,benign,no_adverse_signal
pasaplan.com,2026-07-06,12,2.1556390622295662,0.0,0,0.6,-6.4198615384615385,low,0.5714,2,0.625,True,NOERROR,1,600,0,2,False,False,0,3786,KR,False,"Gabia, Inc.",1106,1461,False,0,False,False,,benign,no_adverse_signal
yunfu.cyou,2026-07-06,10,1.9219280948873623,0.0,0,0.6666666666666666,-8.121157142857143,low,0.6,2,0.8,False,NOERROR,0,,0,2,False,False,0,,,,"Spaceship, Inc.",2,365,False,,,False,,benign,no_adverse_signal
casamentojuliasavio.com.br,2026-07-06,26,3.511085408180427,0.0,0,1.1111111111111112,-6.91624,low,0.5333,2,0.6842105263157895,True,NOERROR,1,0,0,4,False,False,0,16509,US,False,,3,365,False,0,False,False,,benign,no_adverse_signal
ailistapp.xyz,2026-07-06,13,2.503258334775646,0.0,0,0.8,-6.101673333333333,high,0.5882,2,0.6666666666666666,True,NOERROR,2,3600,1,2,True,False,0,16509,US,True,"GMO Internet, Inc.",2,365,True,69,False,False,,malicious,abuseipdb
iccwin.bet,2026-07-06,10,1.9182958340544893,0.0,0,0.5,-7.837633333333334,low,0.6154,3,0.6666666666666666,True,NOERROR,1,300,0,2,False,False,0,206834,DE,False,,,,,11,False,False,,benign,no_adverse_signal
ambitionxre.agency,2026-07-06,18,3.277613436819116,0.0,0,0.8333333333333334,-7.4527947368421055,low,0.5455,3,0.9090909090909091,True,NOERROR,2,600,0,2,False,False,0,16509,US,True,,,,,37,False,False,,benign,no_adverse_signal
770087.xyz,2026-07-06,10,1.4591479170272448,0.6,0,0.0,-10.419711111111111,high,0.3636,0,0.5,False,NOERROR,0,,0,2,False,False,0,,,,"Spaceship, Inc.",2,365,False,,,False,,benign,no_adverse_signal
pureafricaexpeditions.com,2026-07-06,25,3.653756708287,0.0,0,0.9090909090909091,-6.7998615384615375,low,0.4571,2,0.6666666666666666,True,NOERROR,1,10800,1,2,True,False,0,32475,US,True,"ENOM, INC.",2,365,True,0,False,,False,benign,no_adverse_signal
cer57n.top,2026-07-06,10,2.584962500721156,0.2,0,0.3333333333333333,-10.26972222222222,high,0.5,1,1.0,False,NOERROR,0,,0,2,False,False,0,,,,NameMart Pte. Ltd.,2,365,False,,,False,,benign,no_adverse_signal
supra789.cc,2026-07-06,11,3.0,0.2727272727272727,0,0.6666666666666666,-8.700884615384616,low,0.5,2,1.0,True,NOERROR,2,300,0,2,False,False,2,13335,US,False,Dynadot Inc,3,365,False,0,False,False,,benign,no_adverse_signal
chezbarrie.biz,2026-07-06,14,2.9219280948873623,0.0,0,0.6666666666666666,-7.574470588235293,low,0.5,2,0.8,True,NOERROR,1,10800,0,2,False,False,0,16509,US,True,"TUCOWS.COM, CO.",1467,1461,True,0,False,False,,benign,no_adverse_signal
inviae.shop,2026-07-06,11,2.2516291673878226,0.0,0,2.0,-7.3510888888888894,low,0.6667,2,0.8333333333333334,False,NOERROR,0,,0,2,False,False,0,,,,,,,False,,,False,,benign,no_adverse_signal
gala-bet-guncel44.icu,2026-07-06,21,3.381580488309164,0.09523809523809523,2,0.625,-7.838341935483871,low,0.4242,2,0.6470588235294118,True,NOERROR,2,300,0,2,False,False,2,13335,US,False,"NICENIC INTERNATIONAL GROUP CO., LIMITED",1,365,False,0,False,True,,malicious,spamhaus_dbl
md999.win,2026-07-06,9,1.3709505944546687,0.3333333333333333,0,0.0,-10.028757142857144,low,0.4444,2,0.6,True,NOERROR,2,300,0,2,False,False,2,13335,US,False,Dynadot Inc,2,365,True,0,False,False,,benign,no_adverse_signal
dolorchain.xyz,2026-07-06,14,3.121928094887362,0.0,0,0.6666666666666666,-6.480105882352941,high,0.5556,3,0.9,True,NOERROR,2,3600,1,2,True,False,0,16509,US,True,"GMO Internet, Inc.",2,365,True,69,False,False,,malicious,abuseipdb
convertstakes.xyz,2026-07-06,17,3.238901256602631,0.0,0,0.4444444444444444,-6.403717391304348,high,0.5455,4,0.7692307692307693,True,NOERROR,2,3600,1,2,True,False,0,16509,US,True,"GMO Internet, Inc.",2,365,True,29,False,False,,benign,no_adverse_signal
khudulichamtien.com,2026-07-06,19,3.506890595608518,0.0,0,0.6666666666666666,-7.41161111111111,low,0.48,2,0.8,True,NOERROR,1,1800,5,2,True,False,0,22612,US,False,NAMECHEAP INC,2,365,True,0,False,False,False,benign,no_adverse_signal
aaaroofingpacoima.com,2026-07-06,21,3.0071964896856174,0.0,0,1.4285714285714286,-7.119732258064516,low,0.4167,3,0.5882352941176471,True,NOERROR,2,300,1,2,False,False,2,13335,US,False,NAMECHEAP INC,2,365,True,0,False,False,False,benign,no_adverse_signal
kieferland.dev,2026-07-06,14,3.121928094887362,0.0,0,0.6666666666666666,-6.8159294117647065,low,0.5263,2,0.9,True,NOERROR,1,1800,5,2,True,False,0,22612,US,False,,,,False,0,False,False,False,benign,no_adverse_signal
stakeinscribe.xyz,2026-07-06,17,3.238901256602631,0.0,0,0.625,-6.735073913043478,high,0.5263,4,0.7692307692307693,True,NOERROR,2,3600,1,2,True,False,0,16509,US,True,"GMO Internet, Inc.",2,365,True,29,False,False,,benign,no_adverse_signal
unsugared.in,2026-07-06,12,2.94770277922009,0.0,0,0.8,-6.868993333333333,low,0.5333,2,0.8888888888888888,True,NOERROR,1,10800,1,4,False,False,0,13335,CA,True,Endurance International Group India Private Limited,10,365,False,0,False,False,False,benign,no_adverse_signal
inspectorseye.com,2026-07-06,17,3.180832987205441,0.0,0,0.625,-6.727678260869566,low,0.5455,3,0.7692307692307693,True,NOERROR,1,1800,5,2,True,False,0,22612,US,False,NAMECHEAP INC,1,365,True,0,False,False,False,benign,no_adverse_signal
acuitybuild.com,2026-07-06,15,3.095795255000934,0.0,0,0.8333333333333334,-7.644531578947369,low,0.6316,3,0.8181818181818182,True,NOERROR,2,600,0,2,False,False,0,16509,US,True,123-Reg Limited,2,1096,True,0,False,False,,benign,no_adverse_signal
sweetwarmside.website,2026-07-06,21,3.0269868333592873,0.0,0,0.625,-7.026643478260869,low,0.5217,3,0.6923076923076923,True,NOERROR,1,300,5,2,True,False,0,53667,US,True,NAMECHEAP INC,2,365,True,0,False,False,False,benign,no_adverse_signal
bvwijzer.nl,2026-07-06,11,3.0,0.0,0,0.3333333333333333,-10.262676923076924,low,0.5333,3,1.0,True,NOERROR,1,10800,0,3,False,False,0,16509,US,False,team.blue nl B.V.,4,,False,0,False,False,,benign,no_adverse_signal
ssi-india.org,2026-07-06,13,2.4193819456463714,0.0,1,1.0,-7.04012,low,0.6154,2,0.6666666666666666,True,NOERROR,3,3600,0,2,False,False,0,58182,US,True,"TUCOWS.COM, CO.",1101,2192,True,19,False,False,,benign,no_adverse_signal
canjevo.com,2026-07-06,11,2.807354922057604,0.0,0,0.75,-7.87599090909091,low,0.6667,2,1.0,True,NOERROR,1,300,0,2,False,False,0,14061,US,False,"HOSTINGER operations, UAB",1,365,False,0,False,False,,benign,no_adverse_signal
aliciaraewilder.com,2026-07-06,19,2.8729055953200557,0.0,0,1.1428571428571428,-6.8516814814814815,low,0.4828,2,0.5333333333333333,True,NOERROR,1,300,0,4,False,False,0,47846,DE,False,"Name.com, Inc.",1,365,True,7,False,False,,benign,no_adverse_signal
g999price.com,2026-07-06,13,2.6416041678685933,0.23076923076923078,0,0.5,-8.756266666666667,low,0.4706,2,0.7777777777777778,True,NOERROR,2,300,0,2,False,False,2,13335,US,False,Dynadot Inc,2,365,False,0,False,False,,benign,no_adverse_signal
jiujdman.cc,2026-07-06,11,2.75,0.0,0,0.6,-8.951707692307691,low,0.4615,3,0.875,True,NOERROR,1,1,0,2,False,True,0,40065,US,False,"NameSilo, LLC",2,365,True,0,False,False,,benign,no_adverse_signal
sanjayfilms.com,2026-07-06,15,3.0957952550009344,0.0,0,0.375,-7.632752631578947,low,0.4444,3,0.8181818181818182,True,NOERROR,2,600,0,2,False,False,0,16509,US,True,"GoDaddy.com, LLC",2,731,True,37,False,False,,benign,no_adverse_signal
manageddomain.com,2026-07-06,17,2.873140679513133,0.0,0,0.8571428571428571,-6.504821739130436,low,0.6154,2,0.6153846153846154,False,SERVFAIL,0,,0,0,False,False,0,,,,"GoDaddy.com, LLC",8809,9131,True,,,False,,benign,no_adverse_signal
nomeva.net,2026-07-06,10,2.584962500721156,0.0,0,1.0,-7.033677777777778,low,0.6,1,1.0,True,NOERROR,2,300,0,2,False,False,2,13335,US,False,"Chengdu west dimension digital technology Co., LTD",2,365,True,0,False,False,,benign,no_adverse_signal
co777.app,2026-07-06,9,1.3709505944546687,0.3333333333333333,0,1.0,-9.522528571428571,low,0.6,1,0.6,True,NOERROR,2,300,0,2,False,False,2,13335,US,False,,,,False,0,False,,,benign,no_adverse_signal
pg327g6mu4.cfd,2026-07-06,14,3.121928094887362,0.35714285714285715,0,0.25,-12.526464705882352,low,0.3158,2,0.9,False,NOERROR,0,,0,2,False,False,0,,,,"Spaceship, Inc.",1,365,False,,,False,,benign,no_adverse_signal
兆.net,2026-07-06,5,0.0,0.0,0,0.0,,low,,1,1.0,True,NOERROR,1,10800,0,0,False,False,0,14618,US,True,"GoDaddy.com, LLC",3,365,True,0,False,False,,benign,no_adverse_signal
leads305.com,2026-07-06,12,3.0,0.25,0,0.6666666666666666,-8.52516153846154,low,0.4706,2,1.0,True,NOERROR,4,10800,0,4,True,False,0,53831,US,False,Squarespace Domains LLC,1,365,True,31,False,,,benign,no_adverse_signal
rhinoplastyy.org,2026-07-06,16,3.4182958340544896,0.0,0,0.3333333333333333,-7.242542857142857,low,0.5385,4,0.9166666666666666,True,NOERROR,2,300,0,2,False,False,2,13335,US,False,NAMECHEAP INC,1,365,True,0,False,False,,benign,no_adverse_signal
unobuilder.com,2026-07-06,14,3.121928094887362,0.0,0,1.0,-7.1059882352941175,low,0.6667,2,0.9,True,NOERROR,1,1800,5,2,True,False,0,22612,US,False,NAMECHEAP INC,1,365,True,0,False,,False,benign,no_adverse_signal
lotberi.online,2026-07-06,14,2.807354922057604,0.0,0,0.75,-6.541763636363637,medium,0.625,2,1.0,True,NOERROR,1,3600,2,2,True,False,1,197695,RU,True,Registrar of Domain Names REG.RU LLC,2,365,False,0,False,False,False,benign,no_adverse_signal
theslowsmokery.com,2026-07-06,18,3.3787834934861767,0.0,0,0.4,-7.033715999999999,low,0.4762,3,0.7857142857142857,True,NOERROR,1,600,1,2,False,False,0,47846,DE,False,IONOS SE,1099,1461,True,0,False,False,False,benign,no_adverse_signal
primegamesworks.uk,2026-07-06,18,3.373557262275185,0.0,0,0.5,-6.605644444444444,low,0.5833,3,0.7333333333333333,True,NOERROR,2,300,0,2,False,False,2,13335,US,False,"Dynadot, LLC t/a Dynadot [Tag = DYNADOT]",5,365,False,0,False,False,,benign,no_adverse_signal
mesbahpress.org,2026-07-06,15,2.845350936622437,0.0,0,0.375,-7.248131578947368,low,0.5714,3,0.7272727272727273,True,NOERROR,2,1800,1,2,False,False,0,16509,US,False,"Name.com, Inc.",2,365,False,0,False,False,False,benign,no_adverse_signal
smartsupernetwork.uk,2026-07-06,20,3.4548223999466066,0.0,0,0.4166666666666667,-6.4054290322580645,low,0.6667,3,0.7058823529411765,True,NOERROR,2,300,0,2,False,False,2,13335,US,False,"Dynadot, LLC t/a Dynadot [Tag = DYNADOT]",5,365,False,0,False,False,,benign,no_adverse_signal
threewordsapp.com,2026-07-06,17,3.238901256602631,0.0,0,0.4444444444444444,-7.065952173913043,low,0.5,3,0.7692307692307693,True,NOERROR,4,10800,1,4,True,False,0,54113,US,True,Squarespace Domains II LLC,2,365,True,24,False,False,False,benign,no_adverse_signal
smartstationery.shop,2026-07-06,20,3.1898980954642866,0.0,0,0.5,-5.966211111111112,low,0.6154,4,0.6666666666666666,True,NOERROR,2,600,0,2,False,False,0,16509,US,True,,,,False,37,False,False,,benign,no_adverse_signal
imagentra.com,2026-07-06,13,2.94770277922009,0.0,0,0.8,-5.972273333333334,low,0.5556,3,0.8888888888888888,False,SERVFAIL,0,,0,0,False,False,0,,,,"ENOM, INC.",1,365,True,,,False,,benign,no_adverse_signal
sixquasar.shop,2026-07-06,14,2.725480556997868,0.0,0,0.8,-8.198046666666666,low,0.5263,2,0.7777777777777778,True,NOERROR,1,50,2,2,True,False,0,47583,CY,False,,,,False,33,False,False,False,benign,no_adverse_signal
coderelations.xyz,2026-07-06,17,3.3927474104487847,0.0,0,0.8571428571428571,-6.024039130434782,high,0.6429,2,0.8461538461538461,True,NOERROR,2,3600,1,2,True,False,0,16509,US,True,"GMO Internet, Inc.",1,365,True,69,False,False,,malicious,abuseipdb
bezuidenhout.email,2026-07-06,18,3.2516291673878226,0.0,0,1.0,-7.532509523809525,low,0.4706,2,0.8333333333333334,True,NOERROR,1,10800,0,2,False,False,0,16509,US,True,,,,,0,False,False,,benign,no_adverse_signal
agentshackle.xyz,2026-07-06,16,3.2516291673878226,0.0,0,0.5,-6.608271428571428,high,0.5263,4,0.8333333333333334,True,NOERROR,2,3600,1,2,True,False,0,16509,US,True,"GMO Internet, Inc.",1,365,True,29,False,False,,benign,no_adverse_signal
seeingformyself.com,2026-07-06,19,3.3232314287976203,0.0,0,0.5,-7.249907407407408,low,0.5,4,0.7333333333333333,True,NOERROR,1,1800,5,2,True,False,0,22612,US,False,NAMECHEAP INC,2,365,True,0,False,False,False,benign,no_adverse_signal
zuiderzeehof22.nl,2026-07-06,17,3.182005814760214,0.11764705882352941,0,1.0,-8.520992,low,0.4348,2,0.7142857142857143,True,NOERROR,1,1800,0,3,False,False,1,20857,NL,True,team.blue nl B.V.,3,,False,0,False,False,,benign,no_adverse_signal
magicbyte.online,2026-07-06,16,3.169925001442312,0.0,0,0.5,-7.671133333333334,medium,0.5882,4,1.0,False,NOERROR,0,,0,2,False,False,0,,,,"DNSPod, Inc.",2,365,False,,,False,,benign,no_adverse_signal
linggaoyi.top,2026-07-06,13,2.725480556997868,0.0,0,0.8,-7.618406666666667,high,0.5882,3,0.7777777777777778,False,NOERROR,0,,0,2,False,False,0,,,,Alibaba Cloud Computing Ltd. d/b/a HiChina (www.net.cn),2,365,True,,,False,,benign,no_adverse_signal
aizero.studio,2026-07-06,13,2.584962500721156,0.0,0,2.0,-6.985366666666667,low,0.6154,1,1.0,True,NOERROR,2,300,0,2,False,False,2,13335,US,False,,,,False,0,False,False,,benign,no_adverse_signal
swapaabstract.xyz,2026-07-06,17,2.7773627950641693,0.0,0,0.4444444444444444,-7.030486956521739,high,0.5714,4,0.6153846153846154,True,NOERROR,2,3600,1,2,True,False,0,16509,US,True,"GMO Internet, Inc.",2,365,True,69,False,False,,malicious,abuseipdb
visionplace.uk,2026-07-06,14,3.2776134368191165,0.0,0,0.8333333333333334,-6.521836842105263,low,0.5333,3,0.9090909090909091,True,NOERROR,2,300,0,2,False,False,2,13335,US,False,"Dynadot, LLC t/a Dynadot [Tag = DYNADOT]",5,365,False,0,False,False,,benign,no_adverse_signal
tuikv.cc,2026-07-06,8,2.321928094887362,0.0,0,0.6666666666666666,-8.8193,low,0.6667,2,1.0,True,NOERROR,1,1,0,2,False,True,0,40065,US,False,"NameSilo, LLC",2,365,True,0,False,False,,benign,no_adverse_signal
zuqiufenxiruanjiannagezhunqueshuaigao.com.cn,2026-07-06,44,3.601779218186679,0.0,0,1.0555555555555556,-8.21496338028169,low,0.2807,2,0.40540540540540543,True,NOERROR,1,300,0,2,False,False,0,132839,CL,False,商中在线科技股份有限公司,4,365,False,0,False,False,,benign,no_adverse_signal
shoreres.com,2026-07-06,12,2.25,0.0,0,0.6,-6.017169230769231,low,0.6667,2,0.625,True,NOERROR,2,600,0,2,False,False,0,16509,US,True,"GoDaddy.com, LLC",2,365,True,37,False,False,,benign,no_adverse_signal
huaweidisney.xyz,2026-07-06,16,3.2516291673878226,0.0,0,1.0,-7.400304761904762,high,0.6667,2,0.8333333333333334,True,NOERROR,1,10800,0,2,False,False,0,24940,FI,True,"NicNames, Inc",2,365,True,0,False,False,,benign,no_adverse_signal
noospacesolutions.com,2026-07-06,21,3.2195282822995477,0.0,0,0.8888888888888888,-6.537335483870968,low,0.5405,2,0.6470588235294118,True,NOERROR,2,57,2,4,True,False,0,16509,US,True,Porkbun LLC,2,365,False,7,False,False,False,benign,no_adverse_signal
fleetszero.com,2026-07-06,14,2.8464393446710154,0.0,0,0.6666666666666666,-7.325288235294117,low,0.5,3,0.8,True,NOERROR,2,600,0,2,False,False,0,16509,US,True,"GoDaddy.com, LLC",1,365,True,30,False,False,,benign,no_adverse_signal
z4ohii.top,2026-07-06,10,2.2516291673878226,0.1,0,1.5,-10.774744444444444,high,0.4615,1,0.8333333333333334,False,NOERROR,0,,0,2,False,False,0,,,,NameMart Pte. Ltd.,2,365,False,,,False,,benign,no_adverse_signal
agentssami.xyz,2026-07-06,14,2.9219280948873623,0.0,0,0.6666666666666666,-6.4836294117647055,high,0.5333,4,0.8,True,NOERROR,2,3600,1,2,True,False,0,16509,US,True,"GMO Internet, Inc.",2,365,True,69,False,False,,malicious,abuseipdb
sonrisablanca.online,2026-07-06,20,3.0269868333592873,0.0,0,0.625,-6.756852173913043,medium,0.4762,2,0.6923076923076923,True,NOERROR,1,60,0,2,False,False,0,13335,CA,True,"HOSTINGER operations, UAB",1,365,False,0,False,False,,benign,no_adverse_signal
t80i.top,2026-07-06,8,2.0,0.25,0,1.0,-11.90554,high,0.5,1,1.0,False,SERVFAIL,0,,0,0,False,False,0,,,,NameMart Pte. Ltd.,2,365,False,,,False,,benign,no_adverse_signal
crspwl.cc,2026-07-06,9,2.584962500721156,0.0,0,0.0,-9.23311111111111,low,0.6,6,1.0,True,NOERROR,1,1,0,2,False,True,0,40065,US,False,"NameSilo, LLC",3,365,True,0,False,False,,benign,no_adverse_signal
wrightanalytics.org,2026-07-06,19,3.5068905956085183,0.0,0,0.36363636363636365,-6.889585185185185,low,0.6452,3,0.8,True,NOERROR,4,10800,0,4,True,False,0,53831,US,False,Squarespace Domains LLC,1,365,True,23,False,False,,benign,no_adverse_signal
sainewsu.net,2026-07-06,12,2.75,0.0,0,1.0,-6.5002,low,0.5455,2,0.875,True,NOERROR,1,600,0,2,False,False,0,399077,SC,False,Gname.com Pte. Ltd.,3,365,True,0,False,False,,benign,no_adverse_signal
agentscasca.xyz,2026-07-06,15,2.6635327548042547,0.0,0,0.5714285714285714,-6.3333,high,0.5333,4,0.6363636363636364,True,NOERROR,2,3600,1,2,True,False,0,16509,US,True,"GMO Internet, Inc.",2,365,True,29,False,False,,benign,no_adverse_signal
aidlesscoin.xyz,2026-07-06,15,3.0957952550009344,0.0,0,0.8333333333333334,-6.826157894736842,high,0.6,3,0.8181818181818182,True,NOERROR,2,3600,1,2,True,False,0,16509,US,True,"GMO Internet, Inc.",2,365,True,29,False,False,,benign,no_adverse_signal
44r444.org,2026-07-06,10,0.6500224216483541,0.5,0,0.0,-11.350022222222222,low,0.2222,1,0.3333333333333333,True,NOERROR,2,300,0,2,False,False,2,13335,US,False,Dynadot Inc,2,365,False,0,False,False,,benign,no_adverse_signal
westgroup.uk,2026-07-06,12,3.169925001442312,0.0,0,0.5,-6.813053333333333,low,0.5333,4,1.0,True,NOERROR,2,300,0,2,False,False,2,13335,US,False,"Dynadot, LLC t/a Dynadot [Tag = DYNADOT]",5,365,False,0,False,False,,benign,no_adverse_signal
ownyourvacationfl.com,2026-07-06,21,3.5724694587701364,0.0,0,0.7,-7.148277419354838,low,0.4706,3,0.7647058823529411,False,SERVFAIL,0,,0,0,False,False,0,,,,Wix.com Ltd.,371,730,True,,,False,,benign,no_adverse_signal
notjustbiz.com,2026-07-06,14,3.121928094887362,0.0,0,0.42857142857142855,-7.756064705882354,low,0.5,3,0.9,True,NOERROR,1,300,0,2,False,False,0,206834,DE,False,Dynadot Inc,1,365,False,11,False,False,,benign,no_adverse_signal
pr26.com.br,2026-07-06,11,2.0,0.18181818181818182,0,0.0,-11.19268,low,0.5714,2,1.0,True,NOERROR,1,300,1,2,True,False,0,47583,BR,True,,3,1826,False,0,False,False,,benign,no_adverse_signal
monkeyshoulder.rsvp,2026-07-06,19,3.521640636343319,0.0,0,0.5555555555555556,-7.086792,low,0.4545,3,0.8571428571428571,True,NOERROR,2,300,0,2,False,False,2,13335,US,False,,,,,0,False,False,,benign,no_adverse_signal
promptheir.xyz,2026-07-06,14,2.9219280948873623,0.0,0,0.42857142857142855,-7.080070588235294,high,0.5263,4,0.8,True,NOERROR,2,3600,1,2,True,False,0,16509,US,True,"GMO Internet, Inc.",2,365,True,69,False,False,,malicious,abuseipdb
pin69a.com,2026-07-06,10,2.584962500721156,0.2,0,1.0,-9.67831111111111,low,0.6,1,1.0,True,NOERROR,1,10800,1,2,True,False,0,59253,SG,True,NAMECHEAP INC,2,365,True,0,False,False,False,benign,no_adverse_signal
tzitzu.com,2026-07-06,10,1.9182958340544893,0.0,0,0.5,-9.195611111111111,low,0.5,2,0.6666666666666666,True,NOERROR,2,3600,0,2,False,False,0,16509,US,True,"GoDaddy.com, LLC",2,365,True,18,False,,,benign,no_adverse_signal
gaggiland.com,2026-07-06,13,2.4193819456463714,0.0,0,0.5,-7.019466666666667,low,0.5714,2,0.6666666666666666,True,NOERROR,2,3600,0,2,False,False,0,16509,US,True,"GoDaddy.com, LLC",1,1096,True,18,False,False,,benign,no_adverse_signal
smartbrave.net,2026-07-06,14,2.9219280948873623,0.0,0,0.42857142857142855,-6.578217647058824,low,0.6957,4,0.8,True,NOERROR,2,600,0,2,False,False,0,16509,US,True,"GoDaddy.com, LLC",3,365,True,37,False,False,,benign,no_adverse_signal
itech96.shop,2026-07-06,12,2.807354922057604,0.16666666666666666,0,0.6666666666666666,-7.7854090909090905,low,0.6154,2,1.0,True,NOERROR,2,300,0,2,False,False,0,16509,US,True,,,,False,1,False,False,,benign,no_adverse_signal
bayaguana.net,2026-07-06,13,2.2810361125534233,0.0,0,1.25,-7.1803333333333335,low,0.5333,1,0.6666666666666666,True,NOERROR,2,300,0,2,False,False,2,13335,US,False,"ENOM, INC.",2,365,True,0,,False,,benign,no_adverse_signal
i41-kaiyun.icu,2026-07-06,14,3.121928094887362,0.14285714285714285,1,1.3333333333333333,-9.716488235294118,low,0.625,1,0.9,True,NOERROR,1,600,0,2,False,False,0,132839,ZA,False,"Zhengzhou Century Connect Electronic Technology Development Co., Ltd",2,365,False,0,False,False,,benign,no_adverse_signal
contactoprincipedosperfumes.com,2026-07-06,31,3.680089353694807,0.0,0,0.5882352941176471,-6.733576470588235,low,0.4,2,0.5185185185185185,True,NOERROR,4,10800,1,4,True,False,0,53831,US,False,Squarespace Domains II LLC,2,365,True,23,False,False,False,benign,no_adverse_signal
guochan-news.com.cn,2026-07-06,19,3.4182958340544896,0.0,1,0.5714285714285714,-7.283223809523809,low,0.6,2,0.9166666666666666,True,NOERROR,1,600,0,2,False,False,0,134175,HK,False,Web Commerce Communications Limited,2,365,False,0,True,True,,malicious,spamhaus_zen
untoppables.top,2026-07-06,15,3.277613436819116,0.0,0,0.5714285714285714,-6.803284210526315,high,0.5263,2,0.9090909090909091,True,NOERROR,1,3600,1,2,True,False,0,133618,AU,True,Dynadot LLC,1098,1461,True,0,False,False,False,benign,no_adverse_signal
menuisia-fenetres.fr,2026-07-06,20,3.2639334294856344,0.0,1,1.0,-6.99931935483871,low,0.4667,2,0.6470588235294118,True,NOERROR,1,10800,1,2,True,False,0,50474,FR,True,SCALEWAY,3,364,False,0,False,False,False,benign,no_adverse_signal
n5gnrcm.top,2026-07-06,11,2.5216406363433186,0.09090909090909091,0,0.0,-10.648963636363636,high,0.5,5,0.8571428571428571,False,NOERROR,0,,0,2,False,False,0,,,,"Todaynic.com, Inc.",2,365,True,,,False,,benign,no_adverse_signal
isl.bio,2026-07-06,7,1.584962500721156,0.0,0,0.5,-6.9941666666666675,low,0.5714,2,1.0,False,NOERROR,0,,0,2,False,False,0,,,,,,,,,,False,,benign,no_adverse_signal
instituteoftherapeuticmassage.com,2026-07-06,33,3.620936064750772,0.0,0,0.8125,-6.791229090909091,low,0.4651,3,0.5172413793103449,True,NOERROR,4,10800,0,4,True,False,0,53831,US,False,Squarespace Domains LLC,2,365,True,23,False,False,,benign,no_adverse_signal
kavikirasanonexolivo.digital,2026-07-06,28,3.3086949695628416,0.0,0,1.0,-7.04761081081081,low,0.4242,1,0.55,True,NOERROR,1,1800,5,2,True,False,0,22612,US,False,,,,,0,False,False,False,benign,no_adverse_signal
multiculturalschool.org,2026-07-06,23,3.2608281712244547,0.0,0,0.5833333333333334,-6.867902857142857,low,0.4,4,0.5789473684210527,True,NOERROR,1,1800,0,2,False,False,0,22612,US,False,NAMECHEAP INC,2,365,True,0,False,False,,benign,no_adverse_signal
anamalaya.org,2026-07-06,13,1.8799649487271108,0.0,0,1.25,-6.260566666666667,low,0.5333,1,0.5555555555555556,True,NOERROR,2,600,0,2,False,False,0,16509,US,True,"GoDaddy.com, LLC",1,365,False,30,False,False,,benign,no_adverse_signal
786bb.net,2026-07-06,9,1.9219280948873623,0.3333333333333333,0,0.0,-11.19502857142857,low,0.5,2,0.8,True,NOERROR,2,300,0,2,False,False,2,13335,US,False,Dynadot Inc,3,365,False,0,False,False,,benign,no_adverse_signal
birdboxsim.com,2026-07-06,14,2.9219280948873623,0.0,0,0.42857142857142855,-7.755058823529413,low,0.4706,3,0.8,True,NOERROR,4,10800,0,4,True,False,0,53831,US,False,Squarespace Domains LLC,1,365,True,23,False,False,,benign,no_adverse_signal
vbwok.vip,2026-07-06,9,2.321928094887362,0.0,0,0.25,-10.161685714285714,low,0.5,3,1.0,True,NOERROR,5,600,0,2,False,True,0,18186,US,False,Dynadot Inc,2,365,True,0,False,False,,benign,no_adverse_signal
miaviajando.com,2026-07-06,15,2.845350936622437,0.0,0,1.2,-7.20621052631579,low,0.5455,2,0.7272727272727273,True,NOERROR,1,1800,5,2,True,False,0,22612,US,False,NAMECHEAP INC,2,365,True,0,False,False,False,benign,no_adverse_signal
lshhxy.tech,2026-07-06,11,2.2516291673878226,0.0,0,0.0,-9.496277777777777,low,0.4615,6,0.8333333333333334,True,NOERROR,1,1,0,2,False,False,0,59371,HK,False,"Hefei Juming Network Technology Co., Ltd",1,365,False,0,False,False,,benign,no_adverse_signal
lapaceimoveis.com.br,2026-07-06,20,3.238901256602631,0.0,0,1.1666666666666667,-6.958252173913044,low,0.5263,1,0.7692307692307693,True,NOERROR,1,50,0,2,False,False,0,47583,CY,False,,3,365,False,33,False,False,,benign,no_adverse_signal
tiredcreekco.com,2026-07-06,16,2.8553885422075336,0.0,0,0.7142857142857143,-7.236338095238095,low,0.6364,3,0.6666666666666666,True,NOERROR,3,3600,0,2,False,False,0,58182,US,True,Wix.com Ltd.,2,1096,True,9,False,False,,benign,no_adverse_signal
cion-kaiyuntiyu.com.cn,2026-07-06,22,3.189898095464288,0.0,1,1.0,-7.826085185185185,low,0.4762,2,0.6666666666666666,True,NOERROR,1,600,0,2,False,False,0,134548,HK,False,商中在线科技股份有限公司,4,365,False,0,False,False,,benign,no_adverse_signal
audiokitchen.xyz,2026-07-06,16,3.418295834054489,0.0,0,1.0,-6.8521857142857145,high,0.5455,3,0.9166666666666666,True,NOERROR,2,3600,1,2,True,False,0,16509,US,True,"GMO Internet, Inc.",2,365,True,69,False,False,,malicious,abuseipdb
xzyouyang.com,2026-07-06,13,2.94770277922009,0.0,0,0.5,-8.322,low,0.4615,3,0.8888888888888888,False,NOERROR,0,,0,2,False,False,0,,,,"GMO Internet, Inc.",1,365,True,,,False,,benign,no_adverse_signal
devicesports.xyz,2026-07-06,16,3.2516291673878226,0.0,0,0.5,-6.224233333333333,high,0.6,3,0.8333333333333334,True,NOERROR,2,3600,1,2,True,False,0,16509,US,True,"GMO Internet, Inc.",2,365,True,69,False,False,,malicious,abuseipdb
etn-art.com,2026-07-06,11,2.5216406363433186,0.0,1,0.5,-7.620881818181818,low,0.5882,2,0.8571428571428571,True,NOERROR,1,10800,0,2,False,False,0,16509,US,True,"TUCOWS.COM, CO.",5485,5844,True,0,False,False,,benign,no_adverse_signal
thephoenixpathways.com,2026-07-06,22,3.4613201402110083,0.0,0,0.5,-7.356869696969697,low,0.48,3,0.6666666666666666,False,timeout,0,,0,0,False,False,0,,,,"GoDaddy.com, LLC",2,365,True,,,False,,benign,no_adverse_signal
isgta6onpcyet.com,2026-07-06,17,3.5465935642949384,0.058823529411764705,0,0.5,-9.4228,low,0.5185,4,0.9230769230769231,True,NOERROR,2,300,0,2,False,False,2,13335,US,False,"GoDaddy.com, LLC",1,365,True,0,False,False,,benign,no_adverse_signal
gameflowlens.xyz,2026-07-06,16,3.2516291673878226,0.0,0,0.5,-6.999904761904761,high,0.5,2,0.8333333333333334,True,NOERROR,2,3600,1,2,True,False,0,16509,US,True,"GMO Internet, Inc.",2,365,True,69,False,False,,malicious,abuseipdb
optiverse-studio.com,2026-07-06,20,3.375,0.0,1,0.875,-6.703793103448276,low,0.5714,2,0.6875,False,NOERROR,0,,0,2,False,False,0,,,,"Cloudflare, Inc.",2,365,True,,,False,,benign,no_adverse_signal
happyrich2026.com,2026-07-06,17,3.238901256602631,0.23529411764705882,0,0.2857142857142857,-8.28683043478261,low,0.4545,4,0.7692307692307693,True,NOERROR,4,600,0,3,False,False,0,15169,US,True,"Gabia, Inc.",2,1096,False,0,False,,,benign,no_adverse_signal
engconcepts.net,2026-07-06,15,2.9139770731827523,0.0,0,0.375,-6.989447368421052,low,0.5,3,0.7272727272727273,True,NOERROR,2,30,0,2,True,False,2,14618,US,True,DropCatch.com 825 LLC,2,365,False,0,False,False,,benign,no_adverse_signal
membershippilot.com,2026-07-06,19,3.3735572622751855,0.0,0,0.5,-6.922714814814815,low,0.56,3,0.7333333333333333,False,SERVFAIL,0,,0,0,False,False,0,,,,"TUCOWS.COM, CO.",2,365,True,,,False,,benign,no_adverse_signal
agentsagenor.xyz,2026-07-06,16,2.9182958340544896,0.0,0,0.7142857142857143,-6.411309523809523,high,0.4706,3,0.6666666666666666,False,timeout,0,,0,0,False,False,0,,,,"GMO Internet, Inc.",1,365,True,,,False,,benign,no_adverse_signal
boostveevoy.com,2026-07-06,15,2.6635327548042547,0.0,0,0.8333333333333334,-7.350742105263158,low,0.4545,3,0.6363636363636364,True,NOERROR,2,300,1,2,True,False,2,13335,US,False,Dynadot Inc,2,365,False,0,False,False,False,benign,no_adverse_signal
nemobets.com,2026-07-06,12,2.75,0.0,0,0.6,-6.519907692307693,low,0.5882,2,0.875,True,NOERROR,1,60,0,2,False,False,0,13335,US,False,Global Domain Group LLC,2,365,False,0,False,False,,benign,no_adverse_signal
cognitium.in,2026-07-06,12,2.94770277922009,0.0,0,0.8,-7.415360000000001,low,0.5333,2,0.8888888888888888,True,NOERROR,1,600,0,2,False,False,0,16509,US,False,"GoDaddy.com, LLC",4,365,False,0,False,False,,benign,no_adverse_signal
tibiachallenge.com,2026-07-06,18,3.2359263506290326,0.0,0,0.75,-6.6142840000000005,low,0.5714,2,0.7142857142857143,True,NOERROR,1,3600,1,2,True,False,0,8560,ES,True,"Arsys Internet, S.L. dba NICLINE.COM",2,365,True,0,False,False,False,benign,no_adverse_signal
zh-brand-kaiyun.com.cn,2026-07-06,22,3.5068905956085183,0.0,2,0.4444444444444444,-8.317925925925927,low,0.4762,2,0.8,True,NOERROR,1,600,0,2,False,False,0,400619,HK,False,Web Commerce Communications Limited,3,365,False,0,False,True,,malicious,spamhaus_dbl
bx83uxsa.top,2026-07-06,12,2.75,0.16666666666666666,0,0.5,-11.117007692307691,high,0.4,2,0.875,False,NOERROR,0,,0,2,False,False,0,,,,Dominet (HK) Limited,2,365,True,,,False,,benign,no_adverse_signal
agentsblowed.xyz,2026-07-06,16,3.418295834054489,0.0,0,0.5,-6.790152380952381,high,0.48,5,0.9166666666666666,True,NOERROR,2,3600,1,2,True,False,0,16509,US,True,"GMO Internet, Inc.",1,365,True,69,False,False,,malicious,abuseipdb
fangyutiyu.com,2026-07-06,14,2.9219280948873623,0.0,0,0.6666666666666666,-7.900070588235294,low,0.5333,3,0.8,False,NOERROR,0,,0,2,False,False,0,,,,Alibaba Cloud Computing Ltd. d/b/a HiChina (www.net.cn),2,365,False,,,False,,benign,no_adverse_signal
11tbet19d.top,2026-07-06,13,2.4193819456463714,0.3076923076923077,0,0.25,-9.63086,high,0.4,2,0.6666666666666666,True,NOERROR,2,300,0,2,False,False,2,13335,US,False,"Spaceship, Inc.",2,365,True,0,False,False,,benign,no_adverse_signal
y0ymx3.beer,2026-07-06,11,2.2516291673878226,0.18181818181818182,0,0.0,-12.196833333333334,low,0.3636,3,0.8333333333333334,True,NOERROR,5,30,0,2,False,False,0,138415,HK,False,Dynadot Inc,1,365,True,0,False,False,,benign,no_adverse_signal
harivital.in,2026-07-06,12,2.725480556997868,0.0,0,0.8,-6.225193333333333,low,0.625,1,0.7777777777777778,True,NOERROR,1,1800,2,2,True,False,0,47583,IN,False,"HOSTINGER operations, UAB",2,365,False,0,False,False,False,benign,no_adverse_signal
gethub.vip,2026-07-06,10,2.584962500721156,0.0,0,0.5,-6.737522222222222,low,0.8333,2,1.0,True,NOERROR,1,10800,1,2,True,False,0,59210,SG,True,NAMECHEAP INC,1,365,True,0,False,False,False,benign,no_adverse_signal
chatamaimon.xyz,2026-07-06,15,2.8453509366224368,0.0,0,0.8333333333333334,-6.286284210526316,high,0.5882,2,0.7272727272727273,True,NOERROR,2,3600,1,2,True,False,0,16509,US,True,"GMO Internet, Inc.",2,365,True,69,False,False,,malicious,abuseipdb
supertherapist.xyz,2026-07-06,18,3.09306920777189,0.0,0,0.5555555555555556,-6.27184,high,0.6364,3,0.6428571428571429,True,NOERROR,2,3600,1,2,True,False,0,16509,US,True,"GMO Internet, Inc.",2,365,True,69,False,False,,malicious,abuseipdb
techsol.sc,2026-07-06,10,2.807354922057604,0.0,0,0.4,-6.805436363636364,low,0.5333,3,1.0,True,NOERROR,1,3600,1,5,True,False,0,131965,JP,True,"GMO Internet, Inc.",2,365,True,0,False,False,False,benign,no_adverse_signal
safari-life-africa.com,2026-07-06,22,2.974937501201927,0.0,2,1.0,-7.472609090909091,low,0.4667,2,0.5,False,NXDOMAIN,0,,0,0,False,False,0,,,,,,,,,,False,,benign,no_adverse_signal
abstractyield.xyz,2026-07-06,17,3.3927474104487847,0.0,0,0.4444444444444444,-7.141434782608696,high,0.5455,4,0.8461538461538461,True,NOERROR,2,3600,1,2,True,False,0,16509,US,False,"GMO Internet, Inc.",2,365,True,29,False,False,,benign,no_adverse_signal
operatorotcoin.xyz,2026-07-06,18,2.950212064914747,0.0,0,1.0,-6.401956,high,0.5263,2,0.6428571428571429,True,NOERROR,2,3600,1,2,True,False,0,16509,US,True,"GMO Internet, Inc.",1,365,True,29,False,False,,benign,no_adverse_signal
nothingnaughtyshop.shop,2026-07-06,23,3.3082708345352603,0.0,0,0.38461538461538464,-7.203384848484848,low,0.4286,6,0.6111111111111112,True,NOERROR,1,300,0,2,False,False,0,199242,US,False,,,,False,0,False,False,,benign,no_adverse_signal
movies4adults.com,2026-07-06,17,3.5465935642949384,0.058823529411764705,0,0.7142857142857143,-7.758317391304348,low,0.4545,3,0.9230769230769231,True,NOERROR,2,30,0,2,True,False,2,14618,US,True,DropCatch.com 1529 LLC,1,365,False,0,False,False,,benign,no_adverse_signal
bigmsg.xyz,2026-07-06,10,2.2516291673878226,0.0,0,0.2,-8.229388888888888,high,0.6,4,0.8333333333333334,True,NOERROR,1,1800,5,2,True,False,0,22612,US,False,NAMECHEAP INC,2,365,True,0,False,False,False,benign,no_adverse_signal
evaltracehub.xyz,2026-07-06,16,3.2516291673878226,0.0,0,0.7142857142857143,-6.900428571428571,high,0.6,3,0.8333333333333334,True,NOERROR,2,3600,1,2,True,False,0,16509,US,True,"GMO Internet, Inc.",2,365,True,69,False,False,,malicious,abuseipdb
karoavr.org,2026-07-06,11,2.2359263506290326,0.0,0,0.75,-7.7009727272727275,low,0.6154,2,0.7142857142857143,True,NOERROR,2,600,0,2,False,False,0,16509,US,True,"GoDaddy.com, LLC",2,365,False,37,False,False,,benign,no_adverse_signal
smansabatauga.sch.id,2026-07-06,20,2.6535442970305683,0.0,0,0.8571428571428571,-6.845013043478262,low,0.5455,2,0.6153846153846154,True,NOERROR,1,300,1,3,True,False,0,55688,ID,True,,,,False,0,False,False,False,benign,no_adverse_signal
7777jilicomlogin.com,2026-07-06,20,2.952819531114783,0.2,0,0.7142857142857143,-7.8250034482758615,low,0.4348,2,0.5625,True,NOERROR,1,300,0,2,False,False,0,206834,DE,False,Dynadot Inc,2,365,False,11,False,False,,benign,no_adverse_signal
createwithkatie.org,2026-07-06,19,3.0062389286533895,0.0,0,0.875,-6.962907407407408,low,0.5455,3,0.6,True,NOERROR,1,300,0,4,False,False,0,396982,US,True,"Name.com, Inc.",2,365,False,0,True,False,,malicious,spamhaus_zen
redactedpls.app,2026-07-06,15,3.0957952550009344,0.0,0,0.375,-7.182663157894736,low,0.5556,4,0.8181818181818182,True,NOERROR,1,50,0,2,False,False,0,47583,CY,False,,,,False,33,False,False,,benign,no_adverse_signal
44053793.xyz,2026-07-06,12,2.5,0.6666666666666666,0,0.0,-11.378276923076923,high,0.1818,0,0.75,True,NOERROR,2,300,0,2,False,False,2,13335,US,False,NAMECHEAP INC,2,365,True,0,False,False,,benign,no_adverse_signal
joinp2telecom.co,2026-07-06,16,3.3927474104487847,0.0625,0,0.7142857142857143,-7.8596956521739125,low,0.6,2,0.8461538461538461,True,NOERROR,2,3600,0,2,False,False,0,16509,US,True,"GoDaddy.com, LLC",3,365,True,28,False,False,,benign,no_adverse_signal
jiprenq.cc,2026-07-06,10,2.807354922057604,0.0,0,0.4,-7.673845454545455,low,0.5714,2,1.0,True,NOERROR,1,1,0,2,False,True,0,40065,US,False,"NameSilo, LLC",2,365,True,0,False,False,,benign,no_adverse_signal
vetenskapsdekor.se,2026-07-06,18,3.3232314287976203,0.0,0,0.5,-7.1670740740740735,low,0.4545,3,0.7333333333333333,True,NOERROR,1,3600,1,2,True,False,0,51167,FR,True,Registrar.eu,2,365,False,0,False,False,False,benign,no_adverse_signal
kkslot777rdxjp.live,2026-07-06,19,3.3248629576173574,0.15789473684210525,0,0.1,-9.901488,low,0.4,5,0.7857142857142857,True,NOERROR,2,300,0,2,False,False,2,13335,US,False,,,,False,0,False,False,,benign,no_adverse_signal
vote-4-elder-nov-2026.site,2026-07-06,26,3.4992275417233563,0.19230769230769232,4,0.7142857142857143,-8.647579487179488,medium,0.3871,2,0.6190476190476191,True,NOERROR,2,1800,0,2,False,False,0,16509,US,False,"Name.com, Inc.",1,365,False,0,False,,,benign,no_adverse_signal
deepaiapp.xyz,2026-07-06,13,2.197159723424149,0.0,0,1.25,-7.000240000000001,high,0.5333,2,0.5555555555555556,True,NOERROR,2,3600,1,2,True,False,0,16509,US,True,"GMO Internet, Inc.",2,365,True,69,False,False,,malicious,abuseipdb
omincast.dev,2026-07-06,12,3.0,0.0,0,0.6,-6.123984615384615,low,0.8,2,1.0,True,NOERROR,1,10800,0,2,False,False,0,16509,US,True,,,,False,0,False,False,,benign,no_adverse_signal
vibedate.lol,2026-07-06,12,2.75,0.0,0,1.0,-6.665823076923076,low,0.625,1,0.875,True,NOERROR,2,14,0,4,False,False,0,16509,US,True,Porkbun LLC,380,730,False,0,False,,,benign,no_adverse_signal
biteboxmarkets.com,2026-07-06,18,3.3787834934861767,0.0,0,0.5555555555555556,-6.821204,low,0.5217,2,0.7857142857142857,True,NOERROR,4,10800,1,4,True,False,0,53831,US,False,Squarespace Domains II LLC,2,365,True,23,False,False,False,benign,no_adverse_signal
agintegratedtech.com,2026-07-06,20,3.1556390622295662,0.0,0,0.6,-6.487941379310345,low,0.48,2,0.625,True,NOERROR,1,10800,0,2,False,False,0,16509,US,True,"TUCOWS.COM, CO.",1831,2191,True,0,False,False,,benign,no_adverse_signal
cuponfood.com.br,2026-07-06,16,2.6416041678685933,0.0,0,0.8,-7.042746666666667,low,0.4706,2,0.7777777777777778,False,NOERROR,0,,3,2,True,False,0,,,,,35,365,False,,,False,False,benign,no_adverse_signal
craftzenudyog.in,2026-07-06,16,3.7004397181410926,0.0,0,0.4444444444444444,-8.011217391304347,low,0.5714,3,1.0,True,NOERROR,1,1800,2,2,True,False,0,47583,DE,False,"HOSTINGER operations, UAB",3,365,False,0,False,,False,benign,no_adverse_signal
snackorabd.com,2026-07-06,14,3.121928094887362,0.0,0,0.42857142857142855,-7.121176470588235,low,0.625,2,0.9,True,NOERROR,1,1800,5,2,True,False,0,22612,US,False,NAMECHEAP INC,2,365,True,0,False,False,False,benign,no_adverse_signal
zentafx.com,2026-07-06,11,2.807354922057604,0.0,0,0.4,-7.368036363636364,low,0.5714,2,1.0,False,timeout,0,,0,0,False,False,0,,,,"Cloudflare, Inc.",1,365,True,,,False,,benign,no_adverse_signal
superskillai.com,2026-07-06,16,3.084962500721156,0.0,0,0.7142857142857143,-6.777628571428571,low,0.6667,3,0.75,True,NOERROR,1,1800,5,2,True,False,0,22612,US,False,NAMECHEAP INC,1,365,True,0,False,False,False,benign,no_adverse_signal
lentokavitavorinoravo.click,2026-07-06,27,3.1775662320965252,0.0,0,0.9090909090909091,-6.763,medium,0.3871,2,0.47619047619047616,True,NOERROR,1,1800,5,2,True,False,0,22612,US,False,NAMECHEAP INC,2,365,True,0,False,False,False,benign,no_adverse_signal
otzarhasofer.net,2026-07-06,16,3.0849625007211556,0.0,0,0.7142857142857143,-7.695509523809524,low,0.5,2,0.75,True,NOERROR,2,300,0,2,False,False,2,13335,US,False,"Cloudflare, Inc.",2,365,True,0,False,False,,benign,no_adverse_signal
woodwardhughes.co.uk,2026-07-06,20,3.2359263506290334,0.0,0,0.5555555555555556,-7.669348,low,0.5217,3,0.7142857142857143,True,NOERROR,4,10800,0,4,True,False,0,53831,US,False,Squarespace Domains LLC t/a SQUARESPACE DOMAINS [Tag = SQUARESPACE],3,365,False,23,False,False,,benign,no_adverse_signal
49zz78049380g0j10.sbs,2026-07-06,21,3.1462863706621045,0.6190476190476191,0,0.0,-12.108609677419354,low,0.2609,2,0.5882352941176471,False,NOERROR,0,,0,2,False,False,0,,,,"Spaceship, Inc.",2,365,False,,,False,,benign,no_adverse_signal
mentarikepri.art,2026-07-06,16,3.084962500721156,0.0,0,0.7142857142857143,-6.378519047619048,low,0.5455,2,0.75,False,NOERROR,0,,0,2,False,False,0,,,,NAMECHEAP INC,2,365,True,,,False,,benign,no_adverse_signal
paylinkfabric.xyz,2026-07-06,17,3.3927474104487847,0.0,0,0.4444444444444444,-7.154404347826087,high,0.5263,3,0.8461538461538461,True,NOERROR,2,3600,1,2,True,False,0,16509,US,True,"GMO Internet, Inc.",2,365,True,69,False,False,,malicious,abuseipdb
aiadaptive.xyz,2026-07-06,14,2.6464393446710153,0.0,0,1.5,-6.8936117647058825,high,0.5882,2,0.7,True,NOERROR,2,3600,1,2,True,False,0,16509,US,True,"GMO Internet, Inc.",2,365,True,69,False,False,,malicious,abuseipdb
jsxzt148voh.top,2026-07-06,15,3.459431618637298,0.2,0,0.14285714285714285,-11.129357894736842,high,0.4,5,1.0,False,NOERROR,0,,0,2,False,False,0,,,,"GoDaddy.com, LLC",1,365,True,,,False,,benign,no_adverse_signal
codewhisperer.blog,2026-07-06,18,3.180832987205441,0.0,0,0.625,-6.8576565217391305,low,0.5556,2,0.7692307692307693,True,NOERROR,1,3600,0,2,False,False,0,803,CA,True,Network Solutions LLC,2,365,True,0,False,False,,benign,no_adverse_signal
1mfs16.top,2026-07-06,10,2.2516291673878226,0.3,0,0.0,-11.161066666666667,high,0.4444,3,0.8333333333333334,False,NOERROR,0,,0,2,False,False,0,,,,NameMart Pte. Ltd.,2,365,False,,,False,,benign,no_adverse_signal
electricblue.us,2026-07-06,15,2.8553885422075336,0.0,0,0.7142857142857143,-6.903495238095238,low,0.6,3,0.6666666666666666,False,SERVFAIL,0,,0,0,False,False,0,,,,"Sav.com, LLC - 4",3,365,True,,,False,,benign,no_adverse_signal
alaiafashion.store,2026-07-06,18,2.751629167387823,0.0,0,1.4,-6.768585714285714,low,0.5714,2,0.6666666666666666,True,NOERROR,1,10800,0,2,False,False,0,16509,US,True,,,,False,0,False,False,,benign,no_adverse_signal
givezakat.app,2026-07-06,13,2.94770277922009,0.0,0,0.8,-7.615106666666667,low,0.5556,1,0.8888888888888888,True,NOERROR,1,300,0,4,False,False,0,13335,DE,True,,,,False,38,False,False,,benign,no_adverse_signal
cypressbackpainrelief.com,2026-07-06,25,3.5944656369614516,0.0,0,0.5,-7.126151282051282,low,0.4516,4,0.6190476190476191,True,NOERROR,2,300,0,2,False,False,2,13335,US,False,Porkbun LLC,1,365,False,0,False,False,,benign,no_adverse_signal
yagfiltre.online,2026-07-06,16,3.169925001442312,0.0,0,0.5,-7.578553333333334,medium,0.5556,3,1.0,True,NOERROR,1,3600,0,3,False,False,0,197720,TR,True,Turkticaret.net Yazılım Hizmetleri Sanayi ve Ticaret A.Ş.,2,365,False,0,False,,,benign,no_adverse_signal
slimvpnai.xyz,2026-07-06,13,2.94770277922009,0.0,0,0.5,-8.127653333333333,high,0.6154,4,0.8888888888888888,True,NOERROR,2,3600,1,2,True,False,0,16509,US,True,"GMO Internet, Inc.",2,365,True,69,False,False,,malicious,abuseipdb
parentdapp.xyz,2026-07-06,14,2.6464393446710153,0.0,0,0.42857142857142855,-6.484229411764706,high,0.5882,3,0.7,True,NOERROR,2,3600,1,2,True,False,0,16509,US,True,"GMO Internet, Inc.",2,365,True,69,False,False,,malicious,abuseipdb
nexusairva.org,2026-07-06,14,3.121928094887362,0.0,0,1.0,-7.426029411764706,low,0.5263,2,0.9,True,NOERROR,1,1800,5,2,True,False,0,22612,US,False,NAMECHEAP INC,2,365,True,0,False,False,False,benign,no_adverse_signal
tcjcoaching.com,2026-07-06,15,3.027169118440619,0.0,0,0.375,-7.830726315789473,low,0.5556,4,0.8181818181818182,True,NOERROR,2,28,0,4,False,False,0,16509,US,True,Porkbun LLC,1109,1461,False,2,False,False,,benign,no_adverse_signal
weknowmemphis.com,2026-07-06,17,3.238901256602631,0.0,0,0.4444444444444444,-7.861026086956521,low,0.5,3,0.7692307692307693,True,NOERROR,2,600,0,2,False,False,0,16509,US,True,"GoDaddy.com, LLC",1,365,True,37,False,False,,benign,no_adverse_signal
xeafv.top,2026-07-06,9,2.321928094887362,0.0,0,0.6666666666666666,-9.783657142857143,high,0.4444,2,1.0,False,NOERROR,0,,0,2,False,False,0,,,,Dynadot LLC,2,365,True,,,False,,benign,no_adverse_signal
branchesthreads.com,2026-07-06,19,3.240223928941852,0.0,0,0.36363636363636365,-6.4761444444444445,low,0.5455,4,0.6666666666666666,True,NOERROR,2,300,0,2,False,False,2,13335,US,False,"Cloudflare, Inc.",1,365,True,0,False,False,,benign,no_adverse_signal
cryptichorizonx.shop,2026-07-06,20,3.373557262275185,0.0,0,0.36363636363636365,-7.21747037037037,low,0.5333,5,0.7333333333333333,True,NOERROR,2,300,0,2,False,False,2,13335,US,False,,,,False,0,False,False,,benign,no_adverse_signal
lumasentoxarizento.digital,2026-07-06,26,3.6143694458867563,0.0,0,0.8,-6.825372727272727,low,0.4375,2,0.7222222222222222,True,NOERROR,1,300,5,2,True,False,1,207461,DE,False,,,,,0,False,False,False,benign,no_adverse_signal
5bsxb.top,2026-07-06,9,1.9219280948873623,0.1111111111111111,0,0.0,-11.0779,high,0.5,4,0.8,True,NOERROR,3,60,0,2,False,True,0,209242,US,False,"Spaceship, Inc.",2,365,True,0,,True,,malicious,spamhaus_dbl
readiness360.io,2026-07-06,15,3.2516291673878226,0.2,0,0.8,-6.963028571428572,low,0.5217,2,0.8333333333333334,True,NOERROR,2,3600,2,2,True,False,0,16509,US,True,"GoDaddy.com, LLC",3,1096,True,18,False,False,False,benign,no_adverse_signal
apptaskroom.xyz,2026-07-06,15,2.9139770731827523,0.0,0,0.5714285714285714,-7.258642105263157,high,0.5385,3,0.7272727272727273,True,NOERROR,2,3600,1,2,True,False,0,16509,US,True,"GMO Internet, Inc.",2,365,True,29,False,False,,benign,no_adverse_signal
cinemay.vision,2026-07-06,14,2.807354922057604,0.0,0,0.75,-6.4199636363636365,low,0.5714,1,1.0,True,NOERROR,2,300,0,2,False,False,2,13335,US,False,,,,,0,False,False,,benign,no_adverse_signal
danzheagro.com,2026-07-06,14,3.121928094887362,0.0,0,0.6666666666666666,-7.327588235294118,low,0.5,3,0.9,False,SERVFAIL,0,,0,0,False,False,0,,,,CSL Computer Service Langenbach GmbH d/b/a joker.com,2,365,False,,,False,,benign,no_adverse_signal
delinecor.app,2026-07-06,13,2.94770277922009,0.0,0,0.8,-5.80044,low,0.625,1,0.8888888888888888,True,NOERROR,2,600,0,2,False,False,0,16509,US,True,,,,False,37,False,False,,benign,no_adverse_signal
ajsport.net,2026-07-06,11,2.807354922057604,0.0,0,0.4,-7.22479090909091,low,0.5714,3,1.0,True,NOERROR,1,10800,1,2,True,False,0,26496,SG,True,"NameSilo, LLC",3,365,True,0,False,False,False,benign,no_adverse_signal
zhcn-hans-okooo.com,2026-07-06,19,2.973557262275185,0.0,2,0.625,-8.043207407407406,low,0.3636,4,0.6,True,NOERROR,2,600,0,2,False,False,0,16509,US,True,"GoDaddy.com, LLC",2,365,True,37,False,False,,benign,no_adverse_signal
hinduweddingsus.com,2026-07-06,19,3.0565647621309537,0.0,0,0.5,-7.281377777777777,low,0.5217,3,0.6,True,NOERROR,2,600,0,2,False,False,0,16509,US,True,"GoDaddy.com, LLC",2,365,True,30,False,False,,benign,no_adverse_signal
cashsaathi.com,2026-07-06,14,2.446439344671015,0.0,0,0.6666666666666666,-7.106688235294118,low,0.5,3,0.6,True,NOERROR,1,10800,1,2,True,False,0,31898,IN,True,"Gransy, s.r.o.",2,365,False,0,False,True,False,malicious,spamhaus_dbl
capi-lang.dev,2026-07-06,13,2.94770277922009,0.0,1,0.6,-7.02242,low,0.5333,2,0.8888888888888888,True,NOERROR,1,3600,0,2,False,False,0,46475,US,True,,,,False,0,False,False,,benign,no_adverse_signal
agentssurely.xyz,2026-07-06,16,3.2516291673878226,0.0,0,0.5,-6.658219047619047,high,0.5556,4,0.8333333333333334,True,NOERROR,2,3600,1,2,True,False,0,16509,US,True,"GMO Internet, Inc.",1,365,True,69,False,False,,malicious,abuseipdb
scrubprompts.xyz,2026-07-06,16,3.084962500721156,0.0,0,0.2,-7.576966666666666,high,0.5385,4,0.75,True,NOERROR,2,3600,1,2,True,False,0,16509,US,True,"GMO Internet, Inc.",2,365,True,29,False,False,,benign,no_adverse_signal
nvysp.fun,2026-07-06,9,2.321928094887362,0.0,0,0.0,-9.059671428571429,low,0.5455,5,1.0,True,NOERROR,1,300,0,2,False,False,0,16509,US,True,"Spaceship, Inc.",1,365,False,0,False,False,,benign,no_adverse_signal
lakewillowstore.shop,2026-07-06,20,3.189898095464287,0.0,0,0.6666666666666666,-6.833892592592592,low,0.5,3,0.6666666666666666,True,NOERROR,1,10800,3,2,True,False,0,15169,US,True,,,,False,0,False,False,False,benign,no_adverse_signal
ronilstattoos.com,2026-07-06,17,2.8150724101159437,0.0,0,0.625,-6.596817391304348,low,0.5455,3,0.6153846153846154,True,NOERROR,2,1800,0,2,False,False,0,16509,US,False,"Name.com, Inc.",2,365,True,0,False,False,,benign,no_adverse_signal
primefortunesolutions.uk,2026-07-06,24,3.499227541723357,0.0,0,0.75,-6.506182051282051,low,0.5366,2,0.5714285714285714,True,NOERROR,2,300,0,2,False,False,2,13335,US,False,"Dynadot, LLC t/a Dynadot [Tag = DYNADOT]",5,365,False,0,False,False,,benign,no_adverse_signal
visitbetterhealth.com,2026-07-06,21,3.1018812234760182,0.0,0,0.5454545454545454,-6.626951612903225,low,0.5217,3,0.5882352941176471,True,NOERROR,2,3600,0,2,False,False,0,16509,US,True,"GoDaddy.com, LLC",1,1096,True,18,False,,,benign,no_adverse_signal
assetriskkit.xyz,2026-07-06,16,2.688721875540867,0.0,0,0.5,-7.004566666666666,high,0.5714,3,0.5833333333333334,True,NOERROR,2,3600,1,2,True,False,0,16509,US,True,"GMO Internet, Inc.",2,365,True,29,False,False,,benign,no_adverse_signal
marcoantoniov.com,2026-07-06,17,3.0269868333592873,0.0,0,0.8571428571428571,-6.702573913043478,low,0.5385,2,0.6923076923076923,True,NOERROR,1,3600,2,4,True,False,1,8560,DE,True,IONOS SE,2,365,True,0,False,False,False,benign,no_adverse_signal
ux-ui-matters.org,2026-07-06,17,3.238901256602631,0.0,2,0.8333333333333334,-7.786386956521739,low,0.5,2,0.7692307692307693,True,NOERROR,1,300,0,2,False,False,0,206834,DE,False,Dynadot Inc,1,365,False,11,False,False,,benign,no_adverse_signal
harborandriver.shop,2026-07-06,19,3.09306920777189,0.0,0,0.5555555555555556,-6.353748,low,0.6667,3,0.7142857142857143,True,NOERROR,2,300,0,2,False,False,2,13335,US,False,,,,False,0,False,False,,benign,no_adverse_signal
stadriemblem.tech,2026-07-06,17,3.251629167387823,0.0,0,0.5,-6.848828571428571,low,0.5556,3,0.8333333333333334,True,NOERROR,2,300,2,2,True,False,2,13335,US,False,Vautron Rechenzentrum AG,1,365,True,0,False,True,True,malicious,spamhaus_dbl
calculsite.com,2026-07-06,14,2.9219280948873623,0.0,0,0.6666666666666666,-6.978635294117646,low,0.625,2,0.8,False,NOERROR,0,,0,2,False,False,0,,,,Alibaba Cloud Computing Ltd. d/b/a HiChina (www.net.cn),2,365,False,,,False,,benign,no_adverse_signal
rezekigakemana.lol,2026-07-06,18,2.9852281360342516,0.0,0,1.0,-7.334712,low,0.4615,1,0.6428571428571429,True,NOERROR,2,300,0,2,False,False,2,13335,US,False,Dynadot Inc,1,365,False,0,False,False,,benign,no_adverse_signal
jojobeterisimgirisi.com,2026-07-06,23,3.110578014789016,0.0,0,0.9,-6.954851428571429,low,0.4444,2,0.5263157894736842,True,NOERROR,2,300,0,2,False,False,2,13335,US,False,"NICENIC INTERNATIONAL GROUP CO., LIMITED",2,365,False,0,False,True,,malicious,spamhaus_dbl
bigfootbigshoe.uk,2026-07-06,17,3.039148671903071,0.0,0,0.75,-7.669824,low,0.5,3,0.6428571428571429,True,NOERROR,2,600,0,2,False,False,0,16509,US,True,123-Reg Limited t/a 123-reg [Tag = 123-REG],5,365,False,18,False,False,,benign,no_adverse_signal
mountpearlrealestate.ca,2026-07-06,23,3.246439344671015,0.0,0,0.8181818181818182,-6.615905405405405,low,0.4828,3,0.55,True,NOERROR,2,3600,0,2,False,False,0,16509,US,True,"Go Daddy Domains Canada, Inc",3,365,True,18,False,False,,benign,no_adverse_signal
farmerless.com,2026-07-06,14,2.7219280948873625,0.0,0,0.42857142857142855,-6.5399529411764705,low,0.5556,2,0.7,True,NOERROR,1,10800,0,2,False,False,0,16509,US,True,"Gransy, s.r.o.",2,365,False,22,False,False,,benign,no_adverse_signal
lehr-zeit.de,2026-07-06,12,2.94770277922009,0.0,1,0.6,-8.43952,low,0.5263,2,0.8888888888888888,True,NOERROR,1,10800,1,4,True,False,1,5539,DE,True,,,,False,0,False,False,False,benign,no_adverse_signal
julianaplantsoen198.nl,2026-07-06,22,3.642149881636903,0.13636363636363635,0,0.7777777777777778,-7.5668171428571425,low,0.4444,3,0.7368421052631579,False,NOERROR,0,,0,4,False,False,0,,,,Registrar.eu,3,,False,,,False,,benign,no_adverse_signal
usa-vitalcoolingbreeze.website,2026-07-06,30,3.879664004902593,0.0,1,0.9090909090909091,-7.098131707317073,low,0.4242,4,0.7272727272727273,True,NOERROR,1,1800,0,2,False,False,1,47583,BR,False,"HOSTINGER operations, UAB",2,365,False,0,False,False,,benign,no_adverse_signal
cryptoponke.xyz,2026-07-06,15,3.095795255000934,0.0,0,0.375,-7.310326315789474,high,0.5333,5,0.8181818181818182,True,NOERROR,2,3600,1,2,True,False,0,16509,US,True,"GMO Internet, Inc.",2,365,True,69,False,False,,malicious,abuseipdb
baristaontour.com,2026-07-06,17,3.085055102756477,0.0,0,0.8571428571428571,-6.415434782608696,low,0.5455,2,0.6923076923076923,False,timeout,0,,0,0,False,False,0,,,,"GoDaddy.com, LLC",2966,3287,True,,,False,,benign,no_adverse_signal
halfbrainresearch.com,2026-07-06,21,3.292770193936991,0.0,0,0.5454545454545454,-6.953632258064516,low,0.5882,4,0.6470588235294118,True,NOERROR,4,10800,1,4,True,False,0,53831,US,False,Squarespace Domains II LLC,2,365,True,31,False,False,False,benign,no_adverse_signal
khadga2026.com.np,2026-07-06,17,2.9219280948873623,0.23529411764705882,0,0.5,-8.922958823529413,low,0.4,2,0.8,True,NOERROR,1,10800,1,2,True,False,0,141767,NP,True,,,,,0,False,False,False,benign,no_adverse_signal
qirisi.live,2026-07-06,11,1.7924812503605778,0.0,0,1.0,-7.468655555555555,low,0.4706,1,0.6666666666666666,False,NOERROR,0,,0,2,False,False,0,,,,,,,False,,,True,,malicious,spamhaus_dbl
luma-agence.fr,2026-07-06,14,3.095795255000934,0.0,1,1.0,-7.036152631578948,low,0.5455,2,0.8181818181818182,True,NOERROR,1,50,2,2,True,False,0,47583,CY,False,Hostinger operations UAB,3,364,False,33,False,False,False,benign,no_adverse_signal
agentsdrying.xyz,2026-07-06,16,3.2516291673878226,0.0,0,0.3333333333333333,-7.033209523809525,high,0.5556,6,0.8333333333333334,True,NOERROR,2,3600,1,2,True,False,0,16509,US,True,"GMO Internet, Inc.",1,365,True,29,False,False,,benign,no_adverse_signal
dkdesigns4you.com,2026-07-06,17,3.3927474104487847,0.058823529411764705,0,0.5,-8.43884347826087,low,0.5,3,0.8461538461538461,False,timeout,0,,0,0,False,False,0,,,,Wix.com Ltd.,1831,2191,True,,,False,,benign,no_adverse_signal
fjqsfsq.com,2026-07-06,11,1.9502120649147465,0.0,0,0.0,-11.719790909090909,low,0.4,7,0.5714285714285714,True,NOERROR,1,1,1,2,True,True,0,135377,SG,False,Xin Net Technology Corporation,2,365,True,0,True,False,False,malicious,spamhaus_zen
medonxpharmacy.com,2026-07-06,18,3.521640636343319,0.0,0,0.4,-7.29036,low,0.5217,4,0.8571428571428571,True,NOERROR,4,10800,0,4,True,False,0,53831,US,False,Squarespace Domains LLC,2,1096,True,23,False,False,,benign,no_adverse_signal
beaumonttrader.xyz,2026-07-06,18,3.2359263506290326,0.0,0,0.75,-6.659572000000001,high,0.4828,4,0.7142857142857143,True,NOERROR,2,3600,1,2,True,False,0,16509,US,True,"GMO Internet, Inc.",1,365,True,29,False,False,,benign,no_adverse_signal
wg079.com,2026-07-06,9,2.321928094887362,0.3333333333333333,0,0.0,-11.8042,low,0.2667,2,1.0,True,NOERROR,1,600,0,2,False,False,0,138415,HK,False,Dominet (HK) Limited,2,365,False,0,False,False,,benign,no_adverse_signal
5cm9vple.top,2026-07-06,12,3.0,0.16666666666666666,0,0.2,-10.593584615384616,high,0.5333,3,1.0,False,NOERROR,0,,0,2,False,False,0,,,,Dominet (HK) Limited,2,365,True,,,False,,benign,no_adverse_signal
bd35bet.net,2026-07-06,11,2.5216406363433186,0.18181818181818182,0,0.25,-10.193263636363637,low,0.5333,2,0.8571428571428571,True,NOERROR,1,300,0,2,False,False,0,206834,DE,False,Dynadot Inc,3,365,False,11,False,,,benign,no_adverse_signal
agentsbbc.xyz,2026-07-06,13,2.9477027792200903,0.0,0,0.2857142857142857,-7.232793333333333,high,0.5714,6,0.8888888888888888,True,NOERROR,2,3600,1,2,True,False,0,16509,US,True,"GMO Internet, Inc.",2,365,True,69,False,False,,malicious,abuseipdb
unblockgraph.xyz,2026-07-06,16,3.584962500721156,0.0,0,0.3333333333333333,-7.403657142857143,high,0.5263,4,1.0,True,NOERROR,2,3600,1,2,True,False,0,16509,US,True,"GMO Internet, Inc.",2,365,True,29,False,False,,benign,no_adverse_signal
foodnoms.net,2026-07-06,12,2.4056390622295662,0.0,0,0.6,-7.112138461538462,low,0.6667,2,0.75,True,NOERROR,2,300,1,2,False,False,2,13335,US,False,Dynadot Inc,2,365,False,0,False,False,False,benign,no_adverse_signal
polymarketchain.net,2026-07-06,19,3.7735572622751845,0.0,0,0.5,-6.612044444444445,low,0.48,3,0.9333333333333333,True,NOERROR,2,1200,0,2,False,False,0,16509,US,True,DREAMHOST,2,365,True,0,False,False,,benign,no_adverse_signal
batak.company,2026-07-06,13,1.9219280948873623,0.0,0,0.6666666666666666,-6.560885714285715,low,0.6154,1,0.8,True,NOERROR,1,300,0,4,False,False,0,13335,DE,True,,,,,38,False,False,,benign,no_adverse_signal
qdpmrm.com,2026-07-06,10,2.251629167387823,0.0,0,0.0,-10.032844444444445,low,0.4444,6,0.8333333333333334,False,NOERROR,0,,0,4,False,False,0,,,,"Amazon Registrar, Inc.",2,365,True,,,False,,benign,no_adverse_signal
luxurydogs.site,2026-07-06,15,3.121928094887362,0.0,0,0.42857142857142855,-8.243941176470587,medium,0.4706,3,0.9,True,NOERROR,2,12,0,4,False,False,0,16509,US,True,Porkbun LLC,379,730,False,2,False,False,,benign,no_adverse_signal
dmkkurangu.com,2026-07-06,14,2.9219280948873623,0.0,0,0.42857142857142855,-8.039411764705882,low,0.4706,4,0.8,False,SERVFAIL,0,,0,0,False,False,0,,,,"Gransy, s.r.o.",2,365,False,,,False,,benign,no_adverse_signal
devicedesign.xyz,2026-07-06,16,2.8553885422075336,0.0,0,0.7142857142857143,-6.6168,high,0.5,2,0.6666666666666666,True,NOERROR,2,3600,1,2,True,False,0,16509,US,True,"GMO Internet, Inc.",2,365,True,69,False,False,,malicious,abuseipdb
vcconsenthub.xyz,2026-07-06,16,3.2516291673878226,0.0,0,0.3333333333333333,-6.803952380952381,high,0.5385,3,0.8333333333333334,False,timeout,0,,0,0,False,False,0,,,,"GMO Internet, Inc.",1,365,True,,,False,,benign,no_adverse_signal
seearch.online,2026-07-06,14,2.5216406363433186,0.0,0,0.75,-6.573845454545454,medium,0.6316,3,0.8571428571428571,True,NOERROR,2,300,0,2,False,False,0,16509,US,True,"Spaceship, Inc.",2,365,False,1,False,False,,benign,no_adverse_signal
bioesilaclama.com,2026-07-06,17,3.0269868333592873,0.0,0,1.1666666666666667,-6.879030434782609,low,0.5,2,0.6923076923076923,True,NOERROR,1,10800,1,4,True,False,0,42846,TR,True,Atak Domain,63,365,False,0,False,False,False,benign,no_adverse_signal
agentsact.xyz,2026-07-06,13,2.725480556997868,0.0,0,0.5,-6.470833333333333,high,0.5714,3,0.7777777777777778,True,NOERROR,2,3600,1,2,True,False,0,16509,US,True,"GMO Internet, Inc.",2,365,True,69,False,,,malicious,abuseipdb
deco155.nl,2026-07-06,10,2.521640636343318,0.3,0,1.0,-8.947990909090908,low,0.4286,1,0.8571428571428571,False,NOERROR,0,,0,2,False,False,0,,,,Dynadot LLC,3,,False,,,False,,benign,no_adverse_signal
flitfire.com,2026-07-06,12,2.5,0.0,0,0.6,-6.980430769230769,low,0.5714,2,0.75,True,NOERROR,2,300,0,2,False,False,2,13335,US,False,"Cloudflare, Inc.",1,365,True,0,False,False,,benign,no_adverse_signal
bmhospital.co.in,2026-07-06,16,3.321928094887362,0.0,0,0.42857142857142855,-7.138047058823529,low,0.5556,3,1.0,True,NOERROR,1,3600,0,2,False,False,0,209242,US,True,"GoDaddy.com, LLC",3,1826,False,0,False,False,,benign,no_adverse_signal
habituation.ai,2026-07-06,14,2.9139770731827523,0.0,0,1.2,-6.630826315789474,low,0.6364,1,0.7272727272727273,True,NOERROR,2,3600,1,2,True,False,0,16509,US,True,"GoDaddy.com, LLC",14,731,True,69,False,False,,malicious,abuseipdb
rmmsurveys.co.uk,2026-07-06,16,2.721928094887362,0.0,0,0.25,-7.64354705882353,low,0.5455,4,0.7,True,NOERROR,3,3600,0,2,False,False,0,58182,US,True,Tucows Inc t/a Tucows [Tag = TUCOWS-CA],3,365,False,16,False,False,,benign,no_adverse_signal
yadavroshan.pro,2026-07-06,15,3.027169118440619,0.0,0,0.5714285714285714,-7.169194736842105,low,0.5263,2,0.8181818181818182,True,NOERROR,1,300,0,4,False,False,0,47846,DE,False,,,,,7,False,False,,benign,no_adverse_signal
828051.vip,2026-07-06,10,2.2516291673878226,0.6,0,0.0,-10.807166666666667,low,0.3636,0,0.8333333333333334,True,NOERROR,8,60,0,2,False,True,0,152194,JP,False,Dynadot Inc,2,365,True,0,True,True,,malicious,spamhaus_zen
bema-ljtiyu.com.cn,2026-07-06,18,3.459431618637298,0.0,1,0.6666666666666666,-8.86838947368421,low,0.5882,3,1.0,True,NOERROR,1,600,0,2,False,False,0,134548,HK,False,商中在线科技股份有限公司,5,365,False,0,False,False,,benign,no_adverse_signal
xn--gnry30axvcj4c5v4cxx0a.com,2026-07-06,29,3.653660689688186,0.20689655172413793,2,0.13333333333333333,-11.440121276595745,low,0.303,4,0.56,False,NOERROR,0,,0,2,False,False,0,,,,"eName Technology Co.,Ltd.",3,365,False,,,False,,benign,no_adverse_signal
commuter-connection.org,2026-07-06,23,3.181366328891458,0.0,1,0.6363636363636364,-6.5674028571428575,low,0.5455,2,0.5263157894736842,False,NOERROR,0,,0,2,False,False,0,,,,Fewmoretaps OU d/b/a Trustname.com,2,365,True,,,False,,benign,no_adverse_signal
pr4.buzz,2026-07-06,8,1.584962500721156,0.125,0,0.0,-10.5163,high,0.6667,2,1.0,True,NOERROR,2,300,0,2,False,False,2,13335,US,False,"Spaceship, Inc.",2,365,False,0,False,False,,benign,no_adverse_signal
boneheadnation.com,2026-07-06,18,3.039148671903071,0.0,0,1.0,-6.478944,low,0.5161,2,0.6428571428571429,True,NOERROR,1,10800,0,2,False,False,0,16509,US,True,"TUCOWS.COM, CO.",6579,6939,True,0,False,False,,benign,no_adverse_signal
ducolam.com,2026-07-06,11,2.807354922057604,0.0,0,0.75,-6.857681818181818,low,0.6,1,1.0,True,NOERROR,2,9,0,4,False,False,0,16509,US,True,Porkbun LLC,380,730,False,2,False,False,,benign,no_adverse_signal
manimozhi.site,2026-07-06,14,2.725480556997868,0.0,0,0.8,-7.2169,medium,0.5333,2,0.7777777777777778,True,NOERROR,2,3600,0,2,False,False,0,16509,US,True,"GoDaddy.com, LLC",2,365,True,24,False,False,,benign,no_adverse_signal
assistingrobot.xyz,2026-07-06,18,3.039148671903071,0.0,0,0.5555555555555556,-6.37514,high,0.5714,3,0.6428571428571429,True,NOERROR,2,3600,1,2,True,False,0,16509,US,True,"GMO Internet, Inc.",2,365,True,29,False,False,,benign,no_adverse_signal
aadarshparikalpana.in,2026-07-06,21,2.855953642864355,0.0,0,0.8,-7.009730303030303,low,0.4828,4,0.5555555555555556,True,NOERROR,1,10800,0,2,False,False,0,26496,SG,True,"GoDaddy.com, LLC",2,365,False,0,False,False,,benign,no_adverse_signal
358668.vip,2026-07-06,10,1.9182958340544896,0.6,0,0.0,-10.58,low,0.4444,0,0.6666666666666666,False,NOERROR,0,,0,2,False,False,0,,,,Gname.com Pte. Ltd.,2,365,True,,,False,,benign,no_adverse_signal
elyserv.online,2026-07-06,14,2.5216406363433186,0.0,0,0.4,-6.712890909090908,medium,0.5556,3,0.8571428571428571,True,NOERROR,1,10800,1,2,False,False,0,46606,US,True,PDR Ltd. d/b/a PublicDomainRegistry.com,2,365,False,0,False,False,False,benign,no_adverse_signal
quickeasyfinancing.com,2026-07-06,22,3.4193819456463714,0.0,0,0.6363636363636364,-6.820636363636363,low,0.4667,3,0.6666666666666666,False,NOERROR,0,,0,2,False,False,0,,,,"Spaceship, Inc.",2,365,False,,,False,,benign,no_adverse_signal
coble-kaiyuntiyu.com.cn,2026-07-06,23,3.625,0.0,1,0.875,-7.878986206896552,low,0.5,2,0.8125,True,NOERROR,1,600,0,2,False,False,0,134548,HK,False,商中在线科技股份有限公司,5,365,False,0,False,False,,benign,no_adverse_signal
splatpbpark.com,2026-07-06,15,2.8453509366224368,0.0,0,0.2222222222222222,-7.445231578947369,low,0.5,4,0.7272727272727273,True,NOERROR,1,10800,0,4,False,False,1,13335,CA,True,"TUCOWS.COM, CO.",370,730,True,0,False,False,,benign,no_adverse_signal
iyghealthbenefits.com,2026-07-06,21,3.4548223999466066,0.0,0,0.5454545454545454,-7.61858064516129,low,0.5217,4,0.7058823529411765,True,NOERROR,2,300,1,2,True,False,2,13335,US,False,NAMECHEAP INC,1,365,True,0,False,False,False,benign,no_adverse_signal
canadianlearningco.com,2026-07-06,22,3.0588138903312014,0.0,0,0.8,-6.4845303030303025,low,0.4828,3,0.5555555555555556,True,NOERROR,2,300,0,2,False,False,2,13335,US,False,NAMECHEAP INC,2,365,True,0,False,False,,benign,no_adverse_signal
bold-income.com,2026-07-06,15,3.2776134368191165,0.0,1,0.6666666666666666,-7.036121052631579,low,0.5333,2,0.9090909090909091,True,NOERROR,2,56,0,4,False,False,0,16509,US,True,Porkbun LLC,378,730,False,0,False,False,,benign,no_adverse_signal
forgewellpeptide.com,2026-07-06,20,3.25,0.0,0,0.6,-7.139986206896551,low,0.4444,3,0.6875,True,NOERROR,1,1800,5,2,True,False,0,22612,US,False,NAMECHEAP INC,1,365,True,0,False,False,False,benign,no_adverse_signal
sapitoto144.org,2026-07-06,15,2.913977073182752,0.2,0,1.0,-7.9363631578947365,low,0.4762,1,0.7272727272727273,True,NOERROR,2,300,0,2,False,False,2,13335,US,False,"GoDaddy.com, LLC",2,365,False,0,False,False,,benign,no_adverse_signal
payablebillpay.xyz,2026-07-06,18,2.699513850319966,0.0,0,0.5555555555555556,-7.031052,high,0.5,3,0.5,True,NOERROR,2,3600,1,2,True,False,0,16509,US,True,"GMO Internet, Inc.",2,365,True,69,False,False,,malicious,abuseipdb
agentsdelves.xyz,2026-07-06,16,3.0220552088742005,0.0,0,0.5,-6.782257142857143,high,0.56,4,0.75,True,NOERROR,2,3600,1,2,True,False,0,16509,US,True,"GMO Internet, Inc.",1,365,True,69,False,False,,malicious,abuseipdb
handsoffhandle.com,2026-07-06,18,3.09306920777189,0.0,0,0.4,-7.166268,low,0.56,3,0.6428571428571429,False,NXDOMAIN,0,,0,0,False,False,0,,,,,,,,,,False,,benign,no_adverse_signal
fartcointensor.xyz,2026-07-06,18,3.2359263506290334,0.0,0,0.5555555555555556,-6.422712000000001,high,0.5517,3,0.7142857142857143,True,NOERROR,2,3600,1,2,True,False,0,16509,US,True,"GMO Internet, Inc.",1,365,True,29,False,False,,benign,no_adverse_signal
trasury.lol,2026-07-06,11,2.5216406363433186,0.0,0,0.4,-6.6213999999999995,low,0.5455,2,0.8571428571428571,True,NOERROR,2,300,0,2,False,False,2,13335,US,False,Dynadot Inc,2,365,False,0,False,False,,benign,no_adverse_signal
logistatus.net,2026-07-06,14,2.9219280948873623,0.0,0,0.6666666666666666,-6.353988235294118,low,0.5882,2,0.8,True,NOERROR,1,300,0,4,False,False,0,47846,DE,False,"Name.com, Inc.",3,365,True,7,False,False,,benign,no_adverse_signal
beyonddrycleaners.com,2026-07-06,21,3.3371753411230776,0.0,0,0.4166666666666667,-7.135309677419355,low,0.5,7,0.6470588235294118,True,NOERROR,2,300,0,2,False,False,2,13335,US,False,NAMECHEAP INC,2,365,True,0,False,False,,benign,no_adverse_signal
preis.icu,2026-07-06,9,2.321928094887362,0.0,0,0.6666666666666666,-6.631100000000001,low,0.6,2,1.0,True,NOERROR,1,3600,2,4,True,False,1,8560,DE,True,IONOS SE,1,365,True,2,False,,False,benign,no_adverse_signal
edmontoncouplestherapy.org,2026-07-06,26,3.754441845713344,0.0,0,0.5714285714285714,-6.604173170731707,low,0.4706,3,0.6818181818181818,True,NOERROR,2,55,0,4,False,False,0,16509,US,True,Porkbun LLC,1,365,False,2,False,False,,benign,no_adverse_signal
hypevault70.shop,2026-07-06,16,3.459431618637298,0.125,0,0.5,-8.9279,low,0.5882,3,1.0,True,NOERROR,2,300,0,2,False,False,0,16509,US,True,,,,False,1,False,False,,benign,no_adverse_signal
spotlessfinancial.com,2026-07-06,21,3.337175341123077,0.0,0,0.5454545454545454,-6.6954032258064515,low,0.5385,3,0.6470588235294118,True,NOERROR,2,37,2,4,True,False,0,16509,US,True,Porkbun LLC,1,365,False,0,False,False,False,benign,no_adverse_signal
x4g0wahkc5.cfd,2026-07-06,14,3.321928094887362,0.21428571428571427,0,0.16666666666666666,-11.541282352941176,low,0.3529,3,1.0,False,NOERROR,0,,0,2,False,False,0,,,,"Spaceship, Inc.",1,365,False,,,False,,benign,no_adverse_signal
networkersantimatrix.com,2026-07-06,24,3.446439344671015,0.0,0,0.5384615384615384,-6.347175675675675,low,0.5185,2,0.6,True,NOERROR,2,34,2,4,True,False,0,16509,US,True,Porkbun LLC,1,365,False,0,False,False,False,benign,no_adverse_signal
dezhong.xyz,2026-07-06,11,2.807354922057604,0.0,0,0.4,-7.611618181818182,high,0.5455,2,1.0,False,NOERROR,0,,0,2,False,False,0,,,,Alibaba Cloud Computing Ltd. d/b/a HiChina (www.net.cn),2,365,False,,,False,,benign,no_adverse_signal
deliverypost.sbs,2026-07-06,16,3.418295834054489,0.0,0,0.5,-6.368185714285714,low,0.6667,3,0.9166666666666666,True,NOERROR,2,300,0,2,False,False,2,13335,US,False,"NameSilo, LLC",2,365,True,0,False,False,,benign,no_adverse_signal
chilabilatunisie.com,2026-07-06,20,3.25,0.0,0,1.0,-6.676762068965518,low,0.4667,2,0.6875,True,NOERROR,1,3600,0,3,False,False,0,396982,FR,True,NETIM,2,365,True,0,False,False,,benign,no_adverse_signal
bobatoto198ind.site,2026-07-06,19,3.182005814760214,0.15789473684210525,0,0.8333333333333334,-8.203652,medium,0.4762,2,0.7142857142857143,True,NOERROR,2,300,0,2,False,False,2,13335,US,False,NAMECHEAP INC,2,365,True,0,False,False,,benign,no_adverse_signal
exhibitionbot.xyz,2026-07-06,17,2.8731406795131336,0.0,0,0.8571428571428571,-7.223147826086956,high,0.5185,2,0.6153846153846154,True,NOERROR,2,3600,1,2,True,False,0,16509,US,True,"GMO Internet, Inc.",2,365,True,29,False,False,,benign,no_adverse_signal
londonluckyfocus.uk,2026-07-06,19,3.202819531114783,0.0,0,0.45454545454545453,-7.309662068965517,low,0.4348,4,0.625,True,NOERROR,2,300,0,2,False,False,2,13335,US,False,"Dynadot, LLC t/a Dynadot [Tag = DYNADOT]",5,365,False,0,False,False,,benign,no_adverse_signal
knowledgegravityengine.com,2026-07-06,26,3.572623663895163,0.0,0,0.5714285714285714,-7.118678048780487,low,0.4737,2,0.6363636363636364,True,NOERROR,1,50,0,2,False,False,0,47583,CY,False,"HOSTINGER operations, UAB",2,365,False,33,False,False,,benign,no_adverse_signal
ansemlet.xyz,2026-07-06,12,2.75,0.0,0,0.6,-6.982946153846154,high,0.625,2,0.875,True,NOERROR,1,1799,5,2,True,False,0,16509,US,False,NAMECHEAP INC,1,365,True,0,False,False,False,benign,no_adverse_signal
ucv7c4.top,2026-07-06,10,2.2516291673878226,0.2,0,0.3333333333333333,-11.926422222222222,high,0.4444,2,0.8333333333333334,False,NOERROR,0,,0,2,False,False,0,,,,NameMart Pte. Ltd.,2,365,False,,,False,,benign,no_adverse_signal
leafcopilot.xyz,2026-07-06,15,3.0957952550009344,0.0,0,0.8333333333333334,-7.311784210526316,high,0.48,2,0.8181818181818182,True,NOERROR,2,3600,1,2,True,False,0,16509,US,True,"GMO Internet, Inc.",2,365,True,69,False,False,,malicious,abuseipdb
agentsplunge.xyz,2026-07-06,16,3.0849625007211556,0.0,0,0.5,-6.566661904761905,high,0.5455,5,0.75,True,NOERROR,2,3600,1,2,True,False,0,16509,US,True,"GMO Internet, Inc.",1,365,True,69,False,False,,malicious,abuseipdb
grantagents.org,2026-07-06,15,2.7321588913645702,0.0,0,0.375,-6.070142105263158,low,0.5263,3,0.6363636363636364,True,NOERROR,1,300,0,2,False,False,0,24940,DE,True,"Cloudflare, Inc.",2,365,False,0,False,False,,benign,no_adverse_signal
87726r51uuy.space,2026-07-06,17,3.0957952550009344,0.4117647058823529,0,1.0,-12.169852631578948,low,0.2857,1,0.8181818181818182,False,timeout,0,,0,0,False,False,0,,,,"Todaynic.com, Inc.",2,365,False,,,False,,benign,no_adverse_signal
citedataset.xyz,2026-07-06,15,2.6635327548042547,0.0,0,0.8333333333333334,-6.255978947368422,high,0.72,1,0.6363636363636364,True,NOERROR,2,3600,1,2,True,False,0,16509,US,True,"GMO Internet, Inc.",2,365,True,29,False,False,,benign,no_adverse_signal
dnfcvb.com,2026-07-06,10,2.584962500721156,0.0,0,0.0,-9.566066666666666,low,0.4615,6,1.0,False,NOERROR,0,,1,2,True,False,0,,,,Realtime Register B.V.,2,365,False,,,False,False,benign,no_adverse_signal
trendferry.com,2026-07-06,14,2.6464393446710153,0.0,0,0.25,-6.958182352941177,low,0.6,3,0.7,True,NOERROR,2,60,2,2,True,False,2,47583,DE,False,NAMECHEAP INC,2,365,True,0,False,False,False,benign,no_adverse_signal
florisinfra.app,2026-07-06,15,2.9139770731827523,0.0,0,0.5714285714285714,-6.531526315789474,low,0.5333,3,0.7272727272727273,False,NOERROR,0,,0,3,False,False,0,,,,,,,False,,,False,,benign,no_adverse_signal
feedlabel.xyz,2026-07-06,13,2.4193819456463714,0.0,0,0.8,-7.11796,high,0.5,2,0.6666666666666666,True,NOERROR,2,3600,1,2,True,False,0,16509,US,True,"GMO Internet, Inc.",2,365,True,69,False,False,,malicious,abuseipdb
thetaresources.com,2026-07-06,18,3.039148671903071,0.0,0,0.75,-6.264932,low,0.5833,2,0.6428571428571429,True,NOERROR,2,600,0,2,False,False,0,16509,US,True,123-Reg Limited,2,1096,True,0,False,False,,benign,no_adverse_signal
valoras.store,2026-07-06,13,2.5216406363433186,0.0,0,0.75,-6.340981818181818,low,0.5333,1,0.8571428571428571,True,NOERROR,3,3600,0,2,False,False,0,58182,US,True,,,,False,9,False,False,,benign,no_adverse_signal
ihahr-tolerance.org,2026-07-06,19,3.373557262275185,0.0,1,0.75,-7.3142148148148145,low,0.5217,2,0.7333333333333333,True,NOERROR,1,300,0,2,False,False,0,40034,VG,False,"Network Solutions, LLC",4427,4748,False,32,False,False,,benign,no_adverse_signal
redtraces.de,2026-07-06,12,2.725480556997868,0.0,0,0.5,-6.47936,low,0.6667,3,0.7777777777777778,True,NOERROR,2,300,0,2,False,False,2,13335,US,False,,,,False,0,False,False,,benign,no_adverse_signal
aag.life,2026-07-06,8,0.9182958340544896,0.0,0,2.0,-7.742966666666668,low,0.75,1,0.6666666666666666,True,NOERROR,1,10800,1,2,True,False,0,47846,DE,False,,,,False,25,False,False,False,benign,no_adverse_signal
motivationbots.xyz,2026-07-06,18,2.9852281360342516,0.0,0,0.75,-6.640776,high,0.48,2,0.6428571428571429,True,NOERROR,2,3600,1,2,True,False,0,16509,US,True,"GMO Internet, Inc.",2,365,True,29,False,,,benign,no_adverse_signal
promptbind.xyz,2026-07-06,14,3.121928094887362,0.0,0,0.25,-7.099029411764706,high,0.5,4,0.9,True,NOERROR,2,3600,1,2,True,False,0,16509,US,True,"GMO Internet, Inc.",2,365,True,29,False,,,benign,no_adverse_signal
agentspoem.xyz,2026-07-06,14,3.121928094887362,0.0,0,0.6666666666666666,-6.765105882352941,high,0.5333,4,0.9,True,NOERROR,2,3600,1,2,True,False,0,16509,US,True,"GMO Internet, Inc.",2,365,True,69,False,False,,malicious,abuseipdb
aliexpress.hot,2026-07-06,14,2.9219280948873623,0.0,0,0.6666666666666666,-6.545535294117648,low,1.0,3,0.8,True,NOERROR,1,10800,0,2,False,False,0,16509,US,True,,,,,22,False,False,,benign,no_adverse_signal
davnarok.com,2026-07-06,12,2.75,0.0,0,0.6,-7.5755,low,0.5556,2,0.875,False,NOERROR,0,,1,2,True,False,0,,,,"Cloudflare, Inc.",2,731,True,,,False,False,benign,no_adverse_signal
oser-la-transe.fr,2026-07-06,17,3.09306920777189,0.0,2,0.7142857142857143,-6.99056,low,0.5,2,0.6428571428571429,True,NOERROR,1,3600,3,2,True,False,0,16276,FR,True,OVH,3,364,False,0,False,False,False,benign,no_adverse_signal
newreleasess.com,2026-07-06,16,2.5220552088742005,0.0,0,0.7142857142857143,-6.653785714285714,low,0.6316,2,0.5833333333333334,True,NOERROR,2,60,0,2,False,False,2,47583,DE,False,"HOSTINGER operations, UAB",2,365,False,0,False,False,,benign,no_adverse_signal
backto1980s.net,2026-07-06,15,3.459431618637298,0.26666666666666666,0,0.4,-9.162773684210526,low,0.4211,3,1.0,True,NOERROR,2,300,0,2,False,False,2,13335,US,False,NAMECHEAP INC,3,365,True,0,False,False,,benign,no_adverse_signal
dhlkellanova.xyz,2026-07-06,16,3.0220552088742005,0.0,0,0.5,-7.586914285714285,high,0.5,4,0.75,True,NOERROR,1,10800,0,2,False,False,0,24940,FI,True,"NicNames, Inc",2,365,True,0,False,True,,malicious,spamhaus_dbl
sonderstretch.com,2026-07-06,17,3.085055102756477,0.0,0,0.3,-6.155913043478262,low,0.5217,4,0.6923076923076923,True,NOERROR,2,3600,1,2,True,False,0,16509,US,True,"GoDaddy.com, LLC",2,365,True,18,False,False,False,benign,no_adverse_signal
qjkbkymwhnyn.monster,2026-07-06,20,3.084962500721156,0.0,0,0.0,-10.548171428571427,low,0.4,12,0.75,True,NOERROR,2,300,0,2,False,False,2,13335,US,False,"GoDaddy.com, LLC",1,365,True,0,False,False,,benign,no_adverse_signal
handmadehquk.com,2026-07-06,16,3.0849625007211556,0.0,0,0.5,-7.6604190476190475,low,0.4762,3,0.75,True,NOERROR,1,300,0,3,False,False,0,209242,AU,False,"TUCOWS.COM, CO.",2,365,True,12,False,False,,benign,no_adverse_signal
3dprintler.com,2026-07-06,14,3.121928094887362,0.07142857142857142,0,0.2857142857142857,-7.002835294117647,low,0.6667,3,0.9,True,NOERROR,1,3600,0,2,False,False,0,206834,CA,False,Gname 081 Inc,1,365,False,0,False,False,,benign,no_adverse_signal
g7886.com,2026-07-06,9,1.9219280948873623,0.4444444444444444,0,0.0,-10.560385714285713,low,0.25,1,0.8,True,NOERROR,1,600,0,2,False,False,0,132839,CL,False,"GMO Internet, Inc.",2,365,True,0,False,,,benign,no_adverse_signal
cleverbagshop.com,2026-07-06,17,3.5465935642949384,0.0,0,0.4444444444444444,-6.952591304347827,low,0.48,3,0.9230769230769231,True,NOERROR,1,10800,0,2,False,False,0,16509,US,True,"TUCOWS.COM, CO.",371,730,True,0,False,False,,benign,no_adverse_signal
mh97.top,2026-07-06,8,2.0,0.25,0,0.0,-12.276720000000001,high,0.3333,2,1.0,True,NOERROR,1,30,0,2,False,True,0,4134,CN,False,Dynadot LLC,2,365,True,0,True,False,,malicious,spamhaus_zen
jamesmp3.com,2026-07-06,12,2.75,0.08333333333333333,0,0.4,-7.387592307692308,low,0.5,3,0.875,False,NOERROR,0,,0,2,False,False,0,,,,"Cloudflare, Inc.",2,365,True,,,False,,benign,no_adverse_signal
cartes-postales-1900.fr,2026-07-06,23,3.5841837197791886,0.17391304347826086,2,0.5555555555555556,-7.1155351351351355,low,0.4615,2,0.65,True,NOERROR,1,3600,3,2,True,False,0,16276,FR,True,OVH,3,364,False,0,False,False,False,benign,no_adverse_signal
speed-business-loan.com,2026-07-06,23,3.3660913291191914,0.0,2,0.7,-7.10856,low,0.5294,2,0.631578947368421,False,timeout,0,,0,4,False,False,0,,,,Porkbun LLC,378,730,False,,,False,,benign,no_adverse_signal
trading-ishu.com,2026-07-06,16,3.418295834054489,0.0,1,0.5714285714285714,-6.823995238095238,low,0.6957,2,0.9166666666666666,True,NOERROR,1,1800,0,2,False,False,0,,US,False,"GoDaddy.com, LLC",2,365,True,0,False,False,,benign,no_adverse_signal
miaoad.com,2026-07-06,10,2.2516291673878226,0.0,0,2.0,-7.519688888888889,low,0.5455,1,0.8333333333333334,False,NOERROR,0,,0,2,False,False,0,,,,"GMO Internet, Inc.",2,365,True,,,False,,benign,no_adverse_signal
juarawin88.org,2026-07-06,14,2.9219280948873623,0.14285714285714285,0,1.0,-7.704,low,0.5,1,0.8,True,NOERROR,2,300,0,2,False,False,2,13335,US,False,"NameSilo, LLC",2,365,False,0,False,,,benign,no_adverse_signal
promptupon.xyz,2026-07-06,14,2.6464393446710153,0.0,0,0.42857142857142855,-7.110941176470588,high,0.4706,3,0.7,True,NOERROR,2,3600,1,2,True,False,0,16509,US,True,"GMO Internet, Inc.",2,365,True,29,False,False,,benign,no_adverse_signal
halalsource.site,2026-07-06,16,3.0957952550009344,0.0,0,0.8333333333333334,-6.7190315789473685,medium,0.6667,2,0.8181818181818182,False,timeout,0,,0,2,True,False,0,,,,"GMO Internet, Inc.",2,365,True,,,,,unknown,no_reputation_coverage
idpconsulting.io,2026-07-06,16,3.3927474104487847,0.0,0,0.4444444444444444,-6.894117391304348,low,0.5714,3,0.8461538461538461,True,NOERROR,2,300,0,2,False,False,2,13335,US,False,"Cloudflare, Inc",2,365,True,0,False,False,,benign,no_adverse_signal
22house.com,2026-07-06,11,2.5216406363433186,0.18181818181818182,0,1.5,-8.301345454545455,low,0.4615,1,0.8571428571428571,True,NOERROR,1,600,0,2,False,False,0,54600,US,False,Eranet International Limited,1,365,True,0,False,False,,benign,no_adverse_signal
fabricdatamart.xyz,2026-07-06,18,2.950212064914747,0.0,0,0.5555555555555556,-6.614096,high,0.4762,2,0.6428571428571429,True,NOERROR,2,3600,1,2,True,False,0,16509,US,True,"GMO Internet, Inc.",2,365,True,29,False,False,,benign,no_adverse_signal
tabogalifestyle.com,2026-07-06,19,3.373557262275185,0.0,0,0.6666666666666666,-6.919685185185186,low,0.4615,4,0.7333333333333333,True,NOERROR,1,10800,1,2,False,False,0,13335,CA,True,PDR Ltd. d/b/a PublicDomainRegistry.com,2,365,False,0,False,False,False,benign,no_adverse_signal
meaningstrader.xyz,2026-07-06,18,3.2359263506290334,0.0,0,0.5555555555555556,-6.1342,high,0.5385,5,0.7142857142857143,True,NOERROR,2,3600,1,2,True,False,0,16509,US,True,"GMO Internet, Inc.",1,365,True,69,False,False,,malicious,abuseipdb
idyllwildranchcarniceria.com,2026-07-06,28,3.292481250360578,0.0,0,0.5,-7.157975555555556,low,0.4,5,0.4583333333333333,True,NOERROR,2,600,0,2,False,False,0,16509,US,True,"GoDaddy.com, LLC",1,365,True,37,False,False,,benign,no_adverse_signal
xap.one,2026-07-06,7,1.584962500721156,0.0,0,0.5,-7.9369000000000005,low,0.6,1,1.0,False,NOERROR,0,,2,2,True,False,0,,,,"Spaceship, Inc.",2,365,True,,,False,False,benign,no_adverse_signal
超自申诉记录.com,2026-07-06,10,2.584962500721156,0.0,0,0.0,-15.758455555555555,low,0.0,6,1.0,False,NOERROR,0,,0,2,False,False,0,,,,"Spaceship, Inc.",2,365,False,,,True,,malicious,spamhaus_dbl
cmehawaiiweb.net,2026-07-06,16,2.9182958340544896,0.0,0,1.0,-7.993157142857143,low,0.4545,2,0.6666666666666666,True,NOERROR,1,10800,1,2,True,False,0,46606,US,False,"GoDaddy.com, LLC",2,365,True,0,False,False,False,benign,no_adverse_signal
anc.bio,2026-07-06,7,1.584962500721156,0.0,0,0.5,-5.731133333333333,low,0.6667,2,1.0,False,NOERROR,0,,0,2,False,False,0,,,,,,,,,,False,,benign,no_adverse_signal
gbioxcomm.org,2026-07-06,13,2.725480556997868,0.0,0,0.5,-7.858486666666667,low,0.5,2,0.7777777777777778,False,SERVFAIL,0,,0,0,False,False,0,,,,"Gabia, Inc.",2,365,False,,,False,,benign,no_adverse_signal
swissfinsec.com,2026-07-06,15,2.5503407095463886,0.0,0,0.375,-6.972378947368421,low,0.6154,3,0.6363636363636364,False,SERVFAIL,0,,0,0,False,False,0,,,,"Gransy, s.r.o.",2,365,False,,,False,,benign,no_adverse_signal
xsjguk220.vip,2026-07-06,13,2.9477027792200903,0.23076923076923078,0,0.2,-10.276466666666666,low,0.3529,4,0.8888888888888888,True,NOERROR,1,60,0,2,False,True,0,38186,HK,True,Dynadot Inc,1,365,True,0,True,True,,malicious,spamhaus_zen
meinbuero.app,2026-07-06,13,2.94770277922009,0.0,0,1.25,-7.203813333333333,low,0.5714,2,0.8888888888888888,True,NOERROR,1,3600,2,4,True,False,1,8560,DE,True,,,,False,0,False,False,False,benign,no_adverse_signal
amilajeepsafari.com,2026-07-06,19,3.1068905956085184,0.0,0,1.1428571428571428,-7.316222222222223,low,0.4348,2,0.6666666666666666,True,NOERROR,1,10800,3,2,True,False,0,22612,US,True,NAMECHEAP INC,2,365,True,0,False,False,False,benign,no_adverse_signal
pixellogichost.com,2026-07-06,18,3.3787834934861767,0.0,0,0.5555555555555556,-6.707956,low,0.4545,2,0.7857142857142857,True,NOERROR,1,10800,1,2,True,False,0,24940,FI,True,TuringSign Inc. d/b/a Cosmotown,2,365,False,0,False,False,False,benign,no_adverse_signal
alynox.xyz,2026-07-06,10,2.584962500721156,0.0,0,0.5,-7.5947,high,0.6667,3,1.0,True,NOERROR,1,10800,1,7,False,False,0,34119,GB,False,Porkbun LLC,1,365,False,0,False,False,False,benign,no_adverse_signal
abogadosmaryland.link,2026-07-06,21,3.25,0.0,0,0.6,-6.926120689655172,medium,0.5217,3,0.6875,False,SERVFAIL,0,,0,0,False,False,0,,,,Unstoppable Domains Inc.,317,365,True,,,False,,benign,no_adverse_signal
ccmcnco.com,2026-07-06,11,1.6644977792004614,0.0,0,0.16666666666666666,-8.2699,low,0.5455,6,0.5714285714285714,True,NOERROR,2,3600,1,2,True,False,0,16509,US,True,"GoDaddy.com, LLC",2,365,True,24,False,False,False,benign,no_adverse_signal
260398.cc,2026-07-06,9,2.584962500721156,0.6666666666666666,0,0.0,-11.15381111111111,low,0.4444,0,1.0,True,NOERROR,1,300,0,2,False,False,0,201501,MH,False,Dynadot Inc,3,365,False,0,True,True,,malicious,spamhaus_zen
iddoe.icu,2026-07-06,9,1.9219280948873623,0.0,0,1.5,-7.972371428571429,low,0.6,2,0.8,True,NOERROR,9,3600,1,2,False,False,0,60592,CZ,False,"Gransy, s.r.o.",1,365,False,0,True,False,False,malicious,spamhaus_zen
lonelyzclubz.com,2026-07-06,16,3.0220552088742005,0.0,0,0.3333333333333333,-7.923566666666667,low,0.5263,5,0.75,True,NOERROR,1,10800,0,2,False,False,0,16509,US,True,"TUCOWS.COM, CO.",370,730,True,0,False,False,,benign,no_adverse_signal
loadstar.energy,2026-07-06,15,2.75,0.0,0,0.6,-6.3894,low,0.5882,3,0.875,True,NOERROR,2,300,5,2,True,False,2,13335,US,False,,,,,0,False,False,False,benign,no_adverse_signal
chosenculture.com.br,2026-07-06,20,3.238901256602631,0.0,0,0.625,-6.671926086956521,low,0.5263,2,0.7692307692307693,True,NOERROR,1,10800,1,2,True,False,0,31898,BR,True,,3,365,False,0,False,False,False,benign,no_adverse_signal
offrivoli.com,2026-07-06,13,2.5032583347756456,0.0,0,0.8,-7.242426666666666,low,0.5333,3,0.6666666666666666,True,NOERROR,2,600,0,2,False,False,0,16509,US,True,"GoDaddy.com, LLC",2,731,True,37,False,False,,benign,no_adverse_signal
nalsbakery.co.uk,2026-07-06,16,3.121928094887362,0.0,0,0.42857142857142855,-6.994623529411765,low,0.5714,3,0.9,True,NOERROR,2,600,0,2,False,False,0,16509,US,True,123-Reg Limited t/a 123-reg [Tag = 123-REG],5,365,False,18,False,,,benign,no_adverse_signal
thebrandengineers.com,2026-07-06,21,3.2195282822995477,0.0,0,0.5454545454545454,-6.2939483870967745,low,0.5714,2,0.6470588235294118,True,NOERROR,2,3600,0,2,False,False,0,16509,US,False,"GoDaddy.com, LLC",2,365,True,18,False,False,,benign,no_adverse_signal
5xkcc.top,2026-07-06,9,1.9219280948873623,0.1111111111111111,0,0.0,-10.969914285714285,high,0.5,4,0.8,True,NOERROR,3,60,0,2,False,True,0,209242,US,False,"Spaceship, Inc.",2,365,True,0,False,True,,malicious,spamhaus_dbl
proptis.co.uk,2026-07-06,13,2.5216406363433186,0.0,0,0.4,-6.64190909090909,low,0.5714,2,0.8571428571428571,True,NOERROR,2,600,0,2,False,False,0,16509,US,True,"GoDaddy.com, LLC. [Tag = GODADDY]",4,365,False,30,False,False,,benign,no_adverse_signal
hanxiucao.online,2026-07-06,16,2.94770277922009,0.0,0,1.25,-8.020186666666667,medium,0.5333,2,0.8888888888888888,True,NOERROR,1,60,0,2,False,False,0,134548,HK,False,"Spaceship, Inc.",2,365,False,0,False,False,,benign,no_adverse_signal
agentscades.xyz,2026-07-06,15,2.9139770731827523,0.0,0,0.5714285714285714,-6.270126315789474,high,0.5556,4,0.7272727272727273,True,NOERROR,2,3600,1,2,True,False,0,16509,US,True,"GMO Internet, Inc.",2,365,True,29,False,False,,benign,no_adverse_signal
info-pingbo.com,2026-07-06,15,2.9139770731827523,0.0,1,0.6666666666666666,-7.3667842105263155,low,0.5455,3,0.7272727272727273,True,NOERROR,2,600,0,2,False,False,0,16509,US,True,"GoDaddy.com, LLC",2,365,True,37,False,False,,benign,no_adverse_signal
29513946.xyz,2026-07-06,12,2.75,0.6666666666666666,0,0.0,-11.530907692307693,high,0.3636,0,0.875,True,NOERROR,2,300,0,2,False,False,2,13335,US,False,NAMECHEAP INC,2,365,True,0,False,False,,benign,no_adverse_signal
vismritstudios.com,2026-07-06,18,2.9852281360342516,0.0,0,0.5555555555555556,-7.005388,low,0.6923,3,0.6428571428571429,True,NOERROR,1,50,0,2,False,False,0,47583,CY,False,"HOSTINGER operations, UAB",1,1096,False,33,False,False,,benign,no_adverse_signal
searchmicro.xyz,2026-07-06,15,3.095795255000934,0.0,0,0.5714285714285714,-6.847300000000001,high,0.5714,4,0.8181818181818182,True,NOERROR,2,3600,1,2,True,False,0,16509,US,True,"GMO Internet, Inc.",2,365,True,69,False,False,,malicious,abuseipdb
domkiadamiewa.pl,2026-07-06,16,2.873140679513133,0.0,0,1.1666666666666667,-7.45655652173913,low,0.48,2,0.6153846153846154,True,NOERROR,1,10800,1,2,True,False,0,48707,PL,False,Aftermarket.pl Limited,1,365,False,0,False,False,False,benign,no_adverse_signal
atelisatdubai.com,2026-07-06,17,3.0269868333592873,0.0,0,1.1666666666666667,-6.979156521739131,low,0.5,2,0.6923076923076923,True,NOERROR,2,300,0,2,False,False,2,13335,US,False,"HOSTINGER operations, UAB",176,365,False,0,False,False,,benign,no_adverse_signal
aveelondon.online,2026-07-06,17,2.7219280948873625,0.0,0,1.0,-6.580811764705882,medium,0.5,2,0.7,True,NOERROR,2,600,0,2,False,False,0,16509,US,True,"GoDaddy.com, LLC",2,365,False,30,False,False,,benign,no_adverse_signal
tryrodtep.app,2026-07-06,13,2.725480556997868,0.0,0,0.2857142857142857,-7.684853333333334,low,0.4706,4,0.7777777777777778,True,NOERROR,2,300,3,2,True,False,2,13335,US,False,,,,False,0,False,False,False,benign,no_adverse_signal
maisonburg.com,2026-07-06,14,3.321928094887362,0.0,0,0.6666666666666666,-7.006194117647059,low,0.5217,2,1.0,True,NOERROR,1,232,0,2,False,True,0,13335,US,False,Gname 344 Inc,1,365,False,0,False,False,,benign,no_adverse_signal
proxi-car.fr,2026-07-06,12,2.94770277922009,0.0,1,0.6,-7.354733333333333,low,0.4706,2,0.8888888888888888,True,NOERROR,1,3600,3,2,True,False,0,16276,FR,True,OVH,3,364,True,0,False,False,False,benign,no_adverse_signal
autohardmarket.xyz,2026-07-06,18,3.182005814760214,0.0,0,0.75,-6.860616,high,0.5455,3,0.7142857142857143,True,NOERROR,2,3600,1,2,True,False,0,16509,US,True,"GMO Internet, Inc.",1,365,True,29,False,False,,benign,no_adverse_signal
tdvdqg.xyz,2026-07-06,10,2.2516291673878226,0.0,0,0.0,-11.07628888888889,high,0.4,6,0.8333333333333334,False,NOERROR,0,,0,4,False,False,0,,,,"GMO Internet, Inc.",2,365,True,,,True,,malicious,spamhaus_dbl
agentscarnal.xyz,2026-07-06,16,3.0220552088742,0.0,0,0.5,-6.269561904761905,high,0.5,4,0.75,True,NOERROR,2,3600,1,2,True,False,0,16509,US,True,"GMO Internet, Inc.",1,365,True,29,False,False,,benign,no_adverse_signal
777casinoapplogin.net,2026-07-06,21,3.219528282299548,0.14285714285714285,0,0.75,-7.215209677419355,low,0.56,3,0.5882352941176471,True,NOERROR,2,300,0,2,False,False,2,13335,US,False,"Spaceship, Inc.",3,365,False,0,False,False,,benign,no_adverse_signal
dataledgermint.xyz,2026-07-06,18,3.2359263506290334,0.0,0,0.5555555555555556,-6.335612,high,0.56,2,0.7142857142857143,True,NOERROR,2,3600,1,2,True,False,0,16509,US,True,"GMO Internet, Inc.",2,365,True,69,False,False,,malicious,abuseipdb
bpbdsumbabaratdaya.com,2026-07-06,22,2.969389419529156,0.0,0,0.5,-7.656245454545455,low,0.4615,5,0.5555555555555556,True,NOERROR,2,300,0,2,False,False,2,13335,US,False,NAMECHEAP INC,2,365,True,0,False,False,,benign,no_adverse_signal
b0878-vip.store,2026-07-06,15,2.94770277922009,0.26666666666666666,1,0.3333333333333333,-10.576186666666667,low,0.3333,1,0.8888888888888888,True,NOERROR,1,1800,5,2,True,False,0,22612,US,False,,,,False,0,False,False,False,benign,no_adverse_signal
voltbotdevelopment.nl,2026-07-06,21,3.1552215288595122,0.0,0,0.5,-7.2000787878787875,low,0.4,3,0.5555555555555556,True,NOERROR,1,3600,1,2,True,False,0,211750,NL,True,The Registrar Company B.V.,3,,False,0,False,False,False,benign,no_adverse_signal
operationyield.xyz,2026-07-06,18,3.378783493486176,0.0,0,1.0,-6.6399040000000005,high,0.5263,2,0.7857142857142857,True,NOERROR,2,3600,1,2,True,False,0,16509,US,True,"GMO Internet, Inc.",1,365,True,29,False,False,,benign,no_adverse_signal
pyusdmarket.xyz,2026-07-06,15,3.459431618637298,0.0,0,0.375,-7.566342105263158,high,0.5263,3,1.0,True,NOERROR,2,3600,1,2,True,False,0,16509,US,True,"GMO Internet, Inc.",2,365,True,69,False,False,,malicious,abuseipdb
dataproofkeys.xyz,2026-07-06,17,3.3927474104487847,0.0,0,0.625,-7.4477,high,0.4762,2,0.8461538461538461,True,NOERROR,2,3600,1,2,True,False,0,16509,US,True,"GMO Internet, Inc.",2,365,True,29,False,False,,benign,no_adverse_signal
sevenstems.net,2026-07-06,14,2.3709505944546687,0.0,0,0.42857142857142855,-6.478405882352941,low,0.6,3,0.6,True,NOERROR,1,1799,5,2,True,False,0,22612,US,False,NAMECHEAP INC,3,365,True,0,False,False,False,benign,no_adverse_signal
assertioncode.xyz,2026-07-06,17,3.238901256602631,0.0,0,0.8571428571428571,-6.203739130434783,high,0.5385,2,0.7692307692307693,True,NOERROR,2,3600,1,2,True,False,0,16509,US,True,"GMO Internet, Inc.",1,365,True,29,False,False,,benign,no_adverse_signal
pdgikendal.org,2026-07-06,14,3.121928094887362,0.0,0,0.42857142857142855,-7.441341176470589,low,0.5263,3,0.9,True,NOERROR,1,1800,5,2,True,False,0,22612,US,False,NAMECHEAP INC,2,365,True,0,False,False,False,benign,no_adverse_signal
pgslot88cirebon.com,2026-07-06,19,3.640223928941851,0.10526315789473684,0,0.4444444444444444,-8.220644444444444,low,0.5455,4,0.8666666666666667,True,NOERROR,2,300,0,2,False,False,2,13335,US,False,NAMECHEAP INC,2,365,True,0,False,False,,benign,no_adverse_signal
newgulfpetroleum.com,2026-07-06,20,3.452819531114783,0.0,0,0.6,-7.840175862068965,low,0.4167,3,0.75,False,NOERROR,0,,0,2,False,False,0,,,,"HOSTINGER operations, UAB",2296,2922,False,,,False,,benign,no_adverse_signal
conferences-annual-2026.com,2026-07-06,27,3.6211755429194716,0.14814814814814814,2,0.7,-7.651165116279069,low,0.4,2,0.6086956521739131,True,NOERROR,1,10800,0,2,False,False,0,398101,US,True,"GoDaddy.com, LLC",1,365,True,0,False,False,,benign,no_adverse_signal
ceptetur.net,2026-07-06,12,2.5,0.0,0,0.6,-7.132353846153847,low,0.5333,2,0.75,True,NOERROR,1,10800,1,4,False,False,0,42846,TR,True,ODTU Gelistirme Vakfi Bilgi Teknolojileri Sanayi Ve Ticaret Anonim Sirketi,3,365,True,0,False,False,False,benign,no_adverse_signal
pebblehearthpantry.shop,2026-07-06,23,3.239097917988786,0.0,0,0.38461538461538464,-7.111542424242424,low,0.4286,4,0.5555555555555556,True,NOERROR,1,10800,3,2,True,False,0,15169,US,True,,,,False,0,False,False,False,benign,no_adverse_signal
paybookskeeper.xyz,2026-07-06,18,3.039148671903071,0.0,0,0.75,-7.174919999999999,high,0.4545,3,0.6428571428571429,True,NOERROR,2,3600,1,2,True,False,0,16509,US,True,"GMO Internet, Inc.",2,365,True,29,False,False,,benign,no_adverse_signal
pslz02.xyz,2026-07-06,10,2.584962500721156,0.2,0,0.0,-10.928766666666668,high,0.4,4,1.0,True,NOERROR,1,300,0,2,False,False,0,16509,US,True,"Spaceship, Inc.",1,365,False,0,False,False,,benign,no_adverse_signal
meyvechi.com,2026-07-06,12,2.75,0.0,0,0.6,-7.523199999999999,low,0.5333,2,0.875,True,NOERROR,1,3600,0,2,False,False,0,16509,US,True,"GoDaddy.com, LLC",2,365,True,28,False,False,,benign,no_adverse_signal
wilsonfordurham.com,2026-07-06,19,3.6402239289418516,0.0,0,0.5,-7.279125925925926,low,0.5217,2,0.8666666666666667,True,NOERROR,2,300,0,2,False,False,2,13335,US,False,NAMECHEAP INC,1,365,True,0,False,False,,benign,no_adverse_signal
foxhearthgrocer.shop,2026-07-06,20,3.189898095464287,0.0,0,0.5,-7.288714814814814,low,0.5714,5,0.6666666666666666,True,NOERROR,1,10800,3,2,True,False,0,15169,US,True,,,,False,0,True,False,False,malicious,spamhaus_zen
chartve.com,2026-07-06,11,2.807354922057604,0.0,0,0.4,-6.614136363636363,low,0.6154,3,1.0,True,NOERROR,1,1800,5,2,True,False,0,22612,US,False,NAMECHEAP INC,2,365,True,0,False,False,False,benign,no_adverse_signal
caswino.eu.com,2026-07-06,14,1.0,0.0,0,2.0,,low,,0,1.0,True,NOERROR,2,300,0,2,False,False,2,13335,US,False,,,,,0,False,False,,benign,no_adverse_signal
ogv-valve.com,2026-07-06,13,2.6416041678685933,0.0,1,0.6,-9.056866666666668,low,0.5333,2,0.7777777777777778,False,NOERROR,0,,0,4,False,False,0,,,,"Chengdu west dimension digital technology Co., LTD",2,731,True,,,False,,benign,no_adverse_signal
giashub.club,2026-07-06,12,2.807354922057604,0.0,0,0.75,-6.8754454545454555,low,0.7692,2,1.0,True,NOERROR,2,600,0,2,False,False,0,16509,US,True,"GoDaddy.com, LLC",2,365,True,30,False,False,,benign,no_adverse_signal
azradiantcenter.com,2026-07-06,19,3.0565647621309546,0.0,0,0.6666666666666666,-6.682392592592593,low,0.4828,3,0.6,True,NOERROR,4,10800,0,4,True,False,0,53831,US,False,Squarespace Domains LLC,1,731,True,30,False,False,,benign,no_adverse_signal
ratingfresh.my,2026-07-06,14,3.2776134368191165,0.0,0,0.375,-6.421110526315789,low,0.5455,4,0.9090909090909091,False,NOERROR,0,,6,2,True,False,0,,,,Porkbun LLC,4,365,True,,,,False,unknown,no_reputation_coverage
thehorizonhotelisb.online,2026-07-06,25,3.3082708345352603,0.0,0,0.6363636363636364,-6.876175757575758,medium,0.4348,2,0.6111111111111112,True,NOERROR,1,50,0,2,False,False,0,47583,CY,False,"HOSTINGER operations, UAB",2,365,False,33,False,False,,benign,no_adverse_signal
luxcar.ch,2026-07-06,9,2.584962500721156,0.0,0,0.5,-7.654033333333334,low,0.6,2,1.0,False,SERVFAIL,0,,0,0,False,False,0,,,,,,,False,,,False,,benign,no_adverse_signal
ntuthjynl.com,2026-07-06,13,2.725480556997868,0.0,0,0.125,-8.95156,low,0.5333,6,0.7777777777777778,True,NOERROR,1,900,0,4,False,False,0,9002,DE,False,URL SOLUTIONS INC.,2,365,True,0,False,False,,benign,no_adverse_signal
5aten.top,2026-07-06,9,2.321928094887362,0.1111111111111111,0,1.0,-7.329771428571428,high,0.6667,1,1.0,True,NOERROR,3,60,0,2,False,True,0,209242,US,False,"Spaceship, Inc.",2,365,True,0,False,True,,malicious,spamhaus_dbl
gorillafoodtruck.com,2026-07-06,20,3.452819531114783,0.0,0,0.6,-7.1311793103448275,low,0.4348,3,0.75,True,NOERROR,2,10800,0,2,True,False,2,14618,US,True,DropCatch.com 867 LLC,1,365,False,0,False,False,,benign,no_adverse_signal
brux-huanlebuyu.com.cn,2026-07-06,22,3.2402239289418517,0.0,1,0.75,-8.279907407407407,low,0.4545,2,0.7333333333333333,True,NOERROR,1,600,0,2,False,False,0,134548,HK,False,商中在线科技股份有限公司,4,365,False,0,False,False,,benign,no_adverse_signal
koppler.ai,2026-07-06,10,2.5216406363433186,0.0,0,0.4,-6.885227272727272,low,0.6667,3,0.8571428571428571,True,NOERROR,2,3600,0,2,False,False,0,16509,US,True,"GoDaddy.com, LLC",2,731,True,24,False,False,,benign,no_adverse_signal
analeovydev.com,2026-07-06,15,2.9139770731827523,0.0,0,0.8333333333333334,-7.560815789473684,low,0.4762,3,0.7272727272727273,True,NOERROR,1,300,2,2,True,False,0,22612,US,True,"Spaceship, Inc.",1,365,False,0,False,False,False,benign,no_adverse_signal
northwellingtonsite.ca,2026-07-06,22,3.326360407952694,0.0,0,0.46153846153846156,-6.508488571428572,low,0.5455,4,0.5789473684210527,True,NOERROR,2,600,0,2,False,False,0,16509,US,True,"Go Daddy Domains Canada, Inc",5,365,True,30,False,False,,benign,no_adverse_signal
aqd139.xyz,2026-07-06,10,2.584962500721156,0.3,0,0.5,-11.302622222222222,high,0.4444,2,1.0,True,NOERROR,2,300,0,2,False,False,0,16509,US,True,"Spaceship, Inc.",1,365,False,1,False,False,,benign,no_adverse_signal
beenneete.icu,2026-07-06,13,1.6577427265048887,0.0,0,1.25,-6.615446666666667,low,0.5263,2,0.4444444444444444,True,NOERROR,2,300,0,2,False,False,0,13335,US,False,PDR Ltd. d/b/a PublicDomainRegistry.com,2,365,True,0,False,False,,benign,no_adverse_signal
costlyzk.xyz,2026-07-06,12,3.0,0.0,0,0.14285714285714285,-8.15263076923077,high,0.5714,6,1.0,True,NOERROR,2,3600,1,2,True,False,0,16509,US,True,"GMO Internet, Inc.",2,365,True,69,False,False,,malicious,abuseipdb
v2t0mhro.top,2026-07-06,12,3.0,0.16666666666666666,0,0.2,-11.270730769230768,high,0.4615,3,1.0,False,NOERROR,0,,0,2,False,False,0,,,,Dominet (HK) Limited,2,365,True,,,True,,malicious,spamhaus_dbl
ambitionistamedia.com,2026-07-06,21,3.1018812234760182,0.0,0,1.125,-6.195290322580645,low,0.5714,2,0.5882352941176471,True,NOERROR,1,1800,5,2,True,False,0,22612,US,False,NAMECHEAP INC,2,365,True,0,False,False,False,benign,no_adverse_signal
novitunolentoravonilozavovexozento.digital,2026-07-06,42,3.2898329742278767,0.0,0,0.8888888888888888,-7.228684615384616,low,0.3182,2,0.35294117647058826,True,NOERROR,1,1800,5,2,True,False,0,22612,US,False,,,,,0,False,False,False,benign,no_adverse_signal
arianagrande.team,2026-07-06,17,2.584962500721156,0.0,0,1.0,-6.138880952380953,low,0.5714,2,0.5833333333333334,True,NOERROR,2,300,0,2,False,False,2,13335,US,False,,,,,0,False,False,,benign,no_adverse_signal
akee-bdtiyu.com.cn,2026-07-06,18,3.277613436819116,0.0,1,1.0,-8.441452631578947,low,0.4706,3,0.9090909090909091,True,NOERROR,1,600,0,2,False,False,0,134548,HK,False,商中在线科技股份有限公司,5,365,False,0,False,False,,benign,no_adverse_signal
mlxdev.com,2026-07-06,10,2.584962500721156,0.0,0,0.2,-9.343366666666666,low,0.5333,4,1.0,True,NOERROR,1,7200,1,3,True,False,1,24940,DE,True,Hetzner Online GmbH,2,365,True,0,False,False,False,benign,no_adverse_signal
mailwebomed.online,2026-07-06,18,3.0957952550009344,0.0,0,0.8333333333333334,-6.861926315789473,medium,0.5714,2,0.8181818181818182,False,NOERROR,0,,1,2,True,False,0,,,,Registrar of Domain Names REG.RU LLC,2,365,False,,,False,False,benign,no_adverse_signal
皇梦淘.site,2026-07-06,8,1.584962500721156,0.0,0,0.0,-15.774466666666667,medium,0.0,3,1.0,True,NOERROR,1,1,0,2,False,True,0,979,US,True,West263 International Limited,2,365,False,0,False,False,,benign,no_adverse_signal
winwins.bio,2026-07-06,11,1.950212064914747,0.0,0,0.4,-6.836281818181818,low,0.7143,2,0.5714285714285714,True,NOERROR,1,3600,1,2,True,False,0,133618,AU,True,,,,,0,False,False,False,benign,no_adverse_signal
hellofundingcustomerfirst.com,2026-07-06,29,3.843856189774724,0.0,0,0.47058823529411764,-6.806478723404255,low,0.4242,3,0.6,True,NOERROR,2,600,0,2,False,False,0,16509,US,True,"GoDaddy.com, LLC",2,365,True,37,False,,,benign,no_adverse_signal
froship.com,2026-07-06,11,2.807354922057604,0.0,0,0.4,-6.813118181818182,low,0.5455,2,1.0,True,NOERROR,1,10800,0,2,False,False,0,16509,US,True,"TUCOWS.COM, CO.",370,730,True,0,False,False,,benign,no_adverse_signal
zucaijingcaizuixinjieguo.com.cn,2026-07-06,31,3.2406015629507228,0.0,0,1.1818181818181819,-8.132171111111111,low,0.359,3,0.4583333333333333,True,NOERROR,1,300,0,2,False,False,0,132839,CL,False,商中在线科技股份有限公司,4,365,False,0,False,False,,benign,no_adverse_signal
orm-mkt.online,2026-07-06,14,2.5216406363433186,0.0,1,0.2,-8.793445454545456,medium,0.5455,3,0.8571428571428571,True,NOERROR,1,1800,0,2,False,False,1,47583,ID,False,"HOSTINGER operations, UAB",2,365,False,0,False,False,,benign,no_adverse_signal
gbolounsafejourney.com,2026-07-06,22,3.572431251322119,0.0,0,0.8,-7.328415151515152,low,0.4167,2,0.7222222222222222,True,NOERROR,1,3600,0,2,False,False,0,14618,US,True,"Gransy, s.r.o.",2,365,False,0,False,False,,benign,no_adverse_signal
residence-prayelle.fr,2026-07-06,21,3.3027227528624894,0.0,1,0.7,-6.717409090909091,low,0.5161,2,0.6666666666666666,False,timeout,0,,0,0,True,False,0,,,,NAMEBAY,3,364,False,,,False,,benign,no_adverse_signal
chishahao.top,2026-07-06,13,2.4193819456463714,0.0,0,0.8,-7.065593333333334,high,0.5714,2,0.6666666666666666,True,NOERROR,1,600,0,2,False,False,0,45090,CN,False,"DNSPod, Inc.",2,365,True,0,False,False,,benign,no_adverse_signal
redbiopacifico.com,2026-07-06,18,3.182005814760214,0.0,0,1.0,-7.121808,low,0.5,2,0.7142857142857143,False,timeout,0,,0,0,False,False,0,,,,"GoDaddy.com, LLC",2,365,True,,,False,,benign,no_adverse_signal
xiaoyuting.xyz,2026-07-06,14,3.121928094887362,0.0,0,1.0,-7.372982352941176,high,0.625,2,0.9,True,NOERROR,1,600,0,2,False,False,0,37963,CN,False,Alibaba Cloud Computing Ltd. d/b/a HiChina (www.net.cn),2,365,False,0,False,False,,benign,no_adverse_signal
misseemo.space,2026-07-06,14,2.25,0.0,0,1.0,-6.8152,low,0.5714,2,0.625,True,NOERROR,2,300,0,2,False,False,0,13335,US,False,NAMECHEAP INC,2,365,True,0,False,False,,benign,no_adverse_signal
teeguardaccess.xyz,2026-07-06,18,3.039148671903071,0.0,0,0.75,-7.030792,high,0.64,2,0.6428571428571429,True,NOERROR,2,3600,1,2,True,False,0,16509,US,True,"GMO Internet, Inc.",2,365,True,69,False,False,,malicious,abuseipdb
norabahisc.icu,2026-07-06,14,3.121928094887362,0.0,0,0.6666666666666666,-6.880829411764705,low,0.5,2,0.9,True,NOERROR,2,300,0,2,False,False,2,13335,US,False,Dynadot Inc,2,365,False,0,False,False,,benign,no_adverse_signal
agentsjacket.xyz,2026-07-06,16,3.0849625007211556,0.0,0,0.5,-6.878947619047619,high,0.5714,4,0.75,True,NOERROR,2,3600,1,2,True,False,0,16509,US,True,"GMO Internet, Inc.",1,365,True,29,False,False,,benign,no_adverse_signal
valdesarmaslongevity.com,2026-07-06,24,3.684183719779189,0.0,0,0.5384615384615384,-6.763718918918919,low,0.4667,2,0.7,True,NOERROR,4,600,0,2,False,False,0,54113,US,True,"GoDaddy.com, LLC",1,365,True,13,False,False,,benign,no_adverse_signal
carrierslab.xyz,2026-07-06,15,2.845350936622437,0.0,0,0.5714285714285714,-6.690184210526316,high,0.56,3,0.7272727272727273,True,NOERROR,2,3600,1,2,True,False,0,16509,US,True,"GMO Internet, Inc.",2,365,True,29,False,False,,benign,no_adverse_signal
zjdxb.st,2026-07-06,8,2.321928094887362,0.0,0,0.0,-11.022057142857141,low,0.4444,5,1.0,True,NOERROR,1,1,0,2,False,True,0,138415,US,False,Gname,2,365,False,0,False,False,,benign,no_adverse_signal
velourshop.pk,2026-07-06,13,3.121928094887362,0.0,0,0.6666666666666666,-6.4552,low,0.625,3,0.9,True,NOERROR,1,3600,0,2,False,False,0,13335,CA,True,,2,731,False,0,False,False,,benign,no_adverse_signal
blumeplus.ch,2026-07-06,12,2.725480556997868,0.0,0,0.5,-7.0548,low,0.4706,2,0.7777777777777778,True,NOERROR,1,7200,1,2,True,False,0,34788,DE,True,,,,False,0,False,False,False,benign,no_adverse_signal
takarawellness.com,2026-07-06,18,3.039148671903071,0.0,0,0.5555555555555556,-6.840427999999999,low,0.5,3,0.6428571428571429,True,NOERROR,2,10800,0,2,True,False,2,14618,US,True,DropCatch.com 881 LLC,1,365,False,0,False,,,benign,no_adverse_signal
9mepay.com,2026-07-06,10,2.584962500721156,0.1,0,0.6666666666666666,-7.9064000000000005,low,0.6,1,1.0,False,NOERROR,0,,0,2,False,False,0,,,,"Spaceship, Inc.",2,365,False,,,False,,benign,no_adverse_signal
paykitbase.xyz,2026-07-06,14,3.121928094887362,0.0,0,0.6666666666666666,-7.365670588235294,high,0.5833,2,0.9,True,NOERROR,2,3600,1,2,True,False,0,16509,US,True,"GMO Internet, Inc.",2,365,True,29,False,False,,benign,no_adverse_signal
agentsrid.xyz,2026-07-06,13,3.169925001442312,0.0,0,0.5,-6.7458,high,0.625,4,1.0,True,NOERROR,2,3600,1,2,True,False,0,16509,US,True,"GMO Internet, Inc.",2,365,True,69,False,False,,malicious,abuseipdb
promptclef.xyz,2026-07-06,14,3.121928094887362,0.0,0,0.25,-7.135170588235294,high,0.5333,5,0.9,True,NOERROR,2,3600,1,2,True,False,0,16509,US,True,"GMO Internet, Inc.",2,365,True,29,False,False,,benign,no_adverse_signal
agentscrying.xyz,2026-07-06,16,3.2516291673878226,0.0,0,0.3333333333333333,-6.764238095238095,high,0.5556,6,0.8333333333333334,True,NOERROR,2,3600,1,2,True,False,0,16509,US,True,"GMO Internet, Inc.",1,365,True,69,False,False,,malicious,abuseipdb
limitlessradio.live,2026-07-06,19,3.182005814760214,0.0,0,0.75,-6.809031999999999,low,0.5,3,0.7142857142857143,True,NOERROR,1,1800,5,2,True,False,0,22612,US,False,,,,False,0,False,False,False,benign,no_adverse_signal
leoacessospro.shop,2026-07-06,18,2.8150724101159437,0.0,0,0.8571428571428571,-6.868995652173913,low,0.5385,3,0.6153846153846154,True,NOERROR,2,1800,0,2,False,False,0,16509,US,False,,,,False,0,False,False,,benign,no_adverse_signal
eulinkei.com,2026-07-06,12,2.5,0.0,0,1.6666666666666667,-7.081838461538462,low,0.75,2,0.75,True,NOERROR,1,300,0,4,False,False,0,13335,DE,True,"Name.com, Inc.",1,365,True,38,False,False,,benign,no_adverse_signal
biblestudyonderock.com,2026-07-06,22,3.7254805569978675,0.0,0,0.5,-6.737357575757575,low,0.4848,2,0.7777777777777778,True,NOERROR,4,10800,1,4,True,False,0,53831,US,False,Squarespace Domains II LLC,1,365,True,31,False,False,False,benign,no_adverse_signal
dappcolombia.xyz,2026-07-06,16,3.0849625007211556,0.0,0,0.7142857142857143,-7.128419047619047,high,0.6,3,0.75,True,NOERROR,2,3600,1,2,True,False,0,16509,US,True,"GMO Internet, Inc.",2,365,True,69,False,False,,malicious,abuseipdb
trainscoutie.fr,2026-07-06,15,3.2516291673878226,0.0,0,1.0,-6.293276190476191,low,0.6087,3,0.8333333333333334,True,NOERROR,1,3600,2,4,True,False,0,8560,DE,True,IONOS SE,0,364,False,0,False,False,False,benign,no_adverse_signal
newsspix.com,2026-07-06,12,2.75,0.0,0,0.3333333333333333,-6.962353846153846,low,0.5714,4,0.875,True,NOERROR,1,600,0,2,False,False,0,134548,HK,False,"GMO Internet, Inc.",2,365,True,0,False,False,,benign,no_adverse_signal
academicstake.xyz,2026-07-06,17,3.0269868333592873,0.0,0,0.8571428571428571,-6.593165217391304,high,0.5,3,0.6923076923076923,True,NOERROR,2,3600,1,2,True,False,0,16509,US,True,"GMO Internet, Inc.",2,365,True,69,False,False,,malicious,abuseipdb
leoparddapp.xyz,2026-07-06,15,2.6635327548042547,0.0,0,0.5714285714285714,-7.067921052631579,high,0.48,3,0.6363636363636364,True,NOERROR,2,3600,1,2,True,False,0,16509,US,True,"GMO Internet, Inc.",2,365,True,29,False,False,,benign,no_adverse_signal
clairnets.com,2026-07-06,13,3.169925001442312,0.0,0,0.5,-6.614726666666667,low,0.625,2,1.0,True,NOERROR,2,300,3,2,True,False,2,13335,US,False,NAMECHEAP INC,2,365,True,0,False,False,False,benign,no_adverse_signal
dieselronline.shop,2026-07-06,18,2.8731406795131336,0.0,0,0.8571428571428571,-6.464295652173913,low,0.5833,2,0.6153846153846154,True,NOERROR,1,300,0,2,False,False,0,199242,US,False,,,,False,0,False,False,,benign,no_adverse_signal
4vn5.com,2026-07-06,8,2.0,0.25,0,0.0,-12.356399999999999,low,0.4444,2,1.0,False,NOERROR,0,,0,2,False,False,0,,,,"NameSilo, LLC",2,365,True,,,False,,benign,no_adverse_signal
n-teq-berlin.de,2026-07-06,15,3.0849625007211556,0.0,2,0.42857142857142855,-8.05087619047619,low,0.5263,2,0.75,True,NOERROR,1,150,1,2,False,False,1,8560,DE,True,,,,False,0,False,False,False,benign,no_adverse_signal
efszxw.top,2026-07-06,10,2.584962500721156,0.0,0,0.2,-10.507522222222223,high,0.4615,5,1.0,False,NOERROR,0,,0,2,False,False,0,,,,"Todaynic.com, Inc.",2,365,True,,,False,,benign,no_adverse_signal
7jprjh.xyz,2026-07-06,10,2.2516291673878226,0.1,0,0.0,-11.324844444444444,high,0.4444,5,0.8333333333333334,False,NOERROR,0,,0,4,False,False,0,,,,"GMO Internet, Inc.",2,365,True,,,True,,malicious,spamhaus_dbl
sangilham2.store,2026-07-06,16,3.121928094887362,0.0625,0,0.5,-7.541611764705883,low,0.5263,2,0.9,True,NOERROR,2,300,0,2,False,False,2,13335,US,False,,,,False,0,False,,,benign,no_adverse_signal
23844372.xyz,2026-07-06,12,2.25,0.6666666666666666,0,0.0,-10.85436923076923,high,0.1818,0,0.625,True,NOERROR,2,300,0,2,False,False,2,13335,US,False,NAMECHEAP INC,2,365,True,0,False,False,,benign,no_adverse_signal
scannerdapp.xyz,2026-07-06,15,2.913977073182752,0.0,0,0.375,-6.5134,high,0.5556,2,0.7272727272727273,True,NOERROR,2,3600,1,2,True,False,0,16509,US,True,"GMO Internet, Inc.",2,365,True,29,False,False,,benign,no_adverse_signal
funl01okey.net,2026-07-06,14,3.321928094887362,0.14285714285714285,0,0.6,-9.151141176470588,low,0.5,2,1.0,False,NOERROR,0,,0,2,False,False,0,,,,"DNSPod, Inc.",3,365,False,,,False,,benign,no_adverse_signal
boostmintpro.com,2026-07-06,16,3.0220552088742,0.0,0,0.5,-6.631366666666667,low,0.56,4,0.75,False,NOERROR,0,,1,2,True,False,0,,,,NAMECHEAP INC,2,365,True,,,False,False,benign,no_adverse_signal
thetealbookmark.com,2026-07-06,19,3.240223928941852,0.0,0,0.6666666666666666,-6.6981222222222225,low,0.5455,2,0.6666666666666666,True,NOERROR,4,10800,0,4,True,False,0,53831,US,False,Squarespace Domains LLC,2,731,True,23,False,False,,benign,no_adverse_signal
audoid.xyz,2026-07-06,10,2.2516291673878226,0.0,0,2.0,-7.491066666666667,high,0.7692,1,0.8333333333333334,True,NOERROR,2,3600,1,2,True,False,0,16509,US,True,"GMO Internet, Inc.",1,365,True,29,False,False,,benign,no_adverse_signal
pursuepeacetraining.com,2026-07-06,23,3.366091329119192,0.0,0,0.9,-6.73492,low,0.4615,2,0.5789473684210527,True,NOERROR,1,300,2,4,True,False,0,397273,US,False,IONOS SE,2,365,True,15,False,False,False,benign,no_adverse_signal
radar22.com,2026-07-06,11,1.9502120649147465,0.18181818181818182,0,0.6666666666666666,-7.986272727272728,low,0.5333,1,0.5714285714285714,True,NOERROR,3,3603,0,3,False,False,0,63949,US,True,"NameSilo, LLC",2,365,True,0,False,,,benign,no_adverse_signal
reif6.top,2026-07-06,9,2.321928094887362,0.1111111111111111,0,1.0,-9.113442857142857,high,0.6,1,1.0,True,NOERROR,2,300,0,2,False,False,2,13335,US,False,"Spaceship, Inc.",1,365,True,0,False,False,,benign,no_adverse_signal
villaamaralafortuna.com,2026-07-06,23,3.0761031709967206,0.0,0,0.9,-6.664057142857143,low,0.4516,2,0.5789473684210527,False,timeout,0,,0,2,False,False,0,,,,"Spaceship, Inc.",2,365,False,,,False,,benign,no_adverse_signal
idb360.online,2026-07-06,13,2.584962500721156,0.23076923076923078,0,0.5,-9.320144444444445,medium,0.6667,2,1.0,False,NOERROR,0,,0,3,False,False,0,,,,"ENOM, INC.",2,365,True,,,False,,benign,no_adverse_signal
turinfy.com,2026-07-06,11,2.807354922057604,0.0,0,0.4,-7.129663636363636,low,0.5714,3,1.0,True,NOERROR,2,3600,0,2,False,False,0,16509,US,True,"GoDaddy.com, LLC",1,365,True,18,False,False,,benign,no_adverse_signal
lalosantwerp.be,2026-07-06,15,3.2516291673878226,0.0,0,0.5,-6.862357142857142,low,0.5714,3,0.8333333333333334,True,NOERROR,2,120,2,2,True,False,2,16509,DE,True,,5,,False,16,False,False,False,benign,no_adverse_signal
neurapay.fr,2026-07-06,11,2.75,0.0,0,1.0,-6.694538461538461,low,0.7143,1,0.875,True,NOERROR,1,300,2,3,True,False,1,29097,CH,True,ASCIO TECHNOLOGIES Inc.,0,364,False,0,False,False,False,benign,no_adverse_signal
moviepayments.xyz,2026-07-06,17,3.3927474104487847,0.0,0,0.625,-6.735826086956522,high,0.5455,3,0.8461538461538461,True,NOERROR,2,3600,1,2,True,False,0,16509,US,True,"GMO Internet, Inc.",2,365,True,29,False,False,,benign,no_adverse_signal
xn--dfv294g0da13y.online,2026-07-06,24,3.8521687236032816,0.25,2,0.125,-10.866458064516129,medium,0.3333,3,0.8823529411764706,False,NOERROR,0,,0,2,False,False,0,,,,"DNSPod, Inc.",3,365,False,,,False,,benign,no_adverse_signal
lource.com,2026-07-06,10,2.584962500721156,0.0,0,1.0,-6.397944444444445,low,0.625,2,1.0,True,NOERROR,2,3600,0,2,False,False,0,16509,US,True,"GoDaddy.com, LLC",2,365,True,24,False,False,,benign,no_adverse_signal
orxbkni8u3fkx46g.cyou,2026-07-06,21,3.75,0.19047619047619047,0,0.3333333333333333,-11.783417241379311,low,0.3478,5,0.875,False,NOERROR,0,,0,0,False,False,0,,,,URL SOLUTIONS INC.,2,365,True,,,True,,malicious,spamhaus_dbl
322kmp2.cyou,2026-07-06,12,2.1280852788913944,0.3333333333333333,0,0.0,-11.33309090909091,low,0.3636,3,0.7142857142857143,False,NOERROR,0,,0,2,False,False,0,,,,"Spaceship, Inc.",1,365,False,,,False,,benign,no_adverse_signal
raarc.com,2026-07-06,9,1.5219280948873621,0.0,0,0.6666666666666666,-7.0794,low,0.6154,2,0.6,False,SERVFAIL,0,,0,0,False,False,0,,,,UnstoppableUS1 LLC,1,365,True,,,False,,benign,no_adverse_signal
kyria-cs.org,2026-07-06,12,3.0,0.0,1,0.4,-8.14743076923077,low,0.4706,3,1.0,True,NOERROR,2,3600,2,2,True,False,0,16276,FR,True,OVH sas,2561,2922,False,0,False,False,False,benign,no_adverse_signal
jb-plastering.com,2026-07-06,17,3.7004397181410926,0.0,1,0.3333333333333333,-6.903213043478261,low,0.5833,2,1.0,True,NOERROR,2,3600,1,2,True,False,0,16509,US,True,"GoDaddy.com, LLC",1,365,True,18,False,False,False,benign,no_adverse_signal
sdbvitrine.online,2026-07-06,17,3.121928094887362,0.0,0,0.42857142857142855,-7.3723,medium,0.625,4,0.9,True,NOERROR,2,300,0,2,False,False,2,13335,US,False,NAMECHEAP INC,2,365,True,0,False,False,,benign,no_adverse_signal
eleganciasjegabishop.com,2026-07-06,24,3.546439344671015,0.0,0,0.8181818181818182,-7.132013513513513,low,0.3889,2,0.65,True,NOERROR,1,10800,0,4,False,False,1,13335,CA,True,"TUCOWS.COM, CO.",1,365,True,0,False,False,,benign,no_adverse_signal
astronomyvn.site,2026-07-06,16,3.095795255000934,0.0,0,0.375,-7.177078947368421,medium,0.5556,4,0.8181818181818182,True,NOERROR,2,300,5,2,True,False,2,13335,US,False,NAMECHEAP INC,2,365,True,0,False,False,False,benign,no_adverse_signal
celtic-hellriser.net,2026-07-06,20,3.0306390622295662,0.0,1,0.5,-7.141193103448276,low,0.4444,3,0.5625,True,NOERROR,1,300,2,2,True,False,0,25394,DE,True,"Ascio Technologies, Inc",3,365,False,0,False,False,False,benign,no_adverse_signal
zucaishisichangzuixinjishibifen7.com.cn,2026-07-06,39,3.5542292966721747,0.02564102564102564,0,0.7222222222222222,-7.638647540983606,low,0.3478,3,0.46875,True,NOERROR,1,300,0,2,False,False,0,132839,CL,False,商中在线科技股份有限公司,4,365,False,0,False,False,,benign,no_adverse_signal
lesedi.online,2026-07-06,13,2.2516291673878226,0.0,0,1.0,-6.1129,medium,0.5882,1,0.8333333333333334,True,NOERROR,2,1800,1,2,True,False,0,16509,US,False,Diamatrix C.C.,1,365,False,0,False,False,False,benign,no_adverse_signal
leagueofledges.de,2026-07-06,17,2.950212064914747,0.0,0,1.0,-7.312572,low,0.5455,2,0.6428571428571429,True,NOERROR,1,7200,1,2,True,False,0,34788,DE,True,,,,False,0,False,False,False,benign,no_adverse_signal
clach-leyutiyu.com.cn,2026-07-06,21,3.2359263506290326,0.0,1,0.625,-8.010212000000001,low,0.5217,2,0.7142857142857143,True,NOERROR,1,600,0,2,False,False,0,134548,HK,False,商中在线科技股份有限公司,5,365,False,0,False,False,,benign,no_adverse_signal
www112bb.com,2026-07-06,12,1.9056390622295665,0.25,0,0.0,-10.370192307692308,low,0.5455,3,0.5,True,NOERROR,2,300,0,2,False,False,2,13335,US,False,Dominet (HK) Limited,2,365,False,0,False,False,,benign,no_adverse_signal
passporttrader.xyz,2026-07-06,18,2.8962915290459277,0.0,0,0.4,-6.309156000000001,high,0.5185,4,0.5714285714285714,True,NOERROR,2,3600,1,2,True,False,0,16509,US,True,"GMO Internet, Inc.",1,365,True,29,False,False,,benign,no_adverse_signal
urbanslotsdirect.uk,2026-07-06,19,3.625,0.0,0,0.45454545454545453,-6.799372413793104,low,0.5,3,0.8125,True,NOERROR,2,300,0,2,False,False,2,13335,US,False,"Dynadot, LLC t/a Dynadot [Tag = DYNADOT]",5,365,False,0,False,False,,benign,no_adverse_signal
hotstepper.app,2026-07-06,14,2.7219280948873625,0.0,0,0.42857142857142855,-6.615247058823529,low,0.5556,3,0.7,True,NOERROR,1,300,5,2,True,False,0,14061,US,False,,,,False,0,False,False,False,benign,no_adverse_signal
bharatsmm.info,2026-07-06,14,2.725480556997868,0.0,0,0.2857142857142857,-7.17566,medium,0.5,4,0.7777777777777778,True,NOERROR,2,300,0,3,False,False,0,2635,US,False,,,,,0,False,False,,benign,no_adverse_signal
nahla.live,2026-07-06,10,1.9219280948873623,0.0,0,0.6666666666666666,-7.894585714285713,low,0.6667,2,0.8,True,NOERROR,4,10800,0,4,True,False,0,54113,US,True,,,,False,13,False,False,,benign,no_adverse_signal
mekitchen.xyz,2026-07-06,13,2.94770277922009,0.0,0,0.5,-6.812773333333333,high,0.5333,3,0.8888888888888888,True,NOERROR,2,3600,1,2,True,False,0,16509,US,True,"GMO Internet, Inc.",2,365,True,69,False,False,,malicious,abuseipdb
nine2supply.com,2026-07-06,15,3.0957952550009344,0.06666666666666667,0,0.42857142857142855,-7.874642105263158,low,0.5,4,0.8181818181818182,True,NOERROR,1,150,1,2,False,False,1,6724,DE,True,InterNetX GmbH,2,365,True,0,False,False,False,benign,no_adverse_signal
ariki-wukongtiyu.com.cn,2026-07-06,23,3.452819531114783,0.0,1,0.875,-8.166441379310344,low,0.4444,3,0.75,True,NOERROR,1,600,0,2,False,False,0,134548,HK,False,商中在线科技股份有限公司,5,365,False,0,False,False,,benign,no_adverse_signal
zoceio.xyz,2026-07-06,10,2.2516291673878226,0.0,0,2.0,-8.004911111111111,high,0.6,1,0.8333333333333334,False,NOERROR,0,,0,2,False,False,0,,,,"Spaceship, Inc.",2,365,False,,,False,,benign,no_adverse_signal
ownerkitchen.xyz,2026-07-06,16,3.2516291673878226,0.0,0,0.5,-6.8329047619047625,high,0.5556,3,0.8333333333333334,True,NOERROR,2,3600,1,2,True,False,0,16509,US,True,"GMO Internet, Inc.",2,365,True,29,False,False,,benign,no_adverse_signal
roshan.today,2026-07-06,12,2.584962500721156,0.0,0,0.5,-6.2816777777777775,low,0.5455,2,1.0,True,NOERROR,1,300,0,4,False,False,0,47846,DE,False,,,,,7,False,False,,benign,no_adverse_signal
j88.space,2026-07-06,9,0.9182958340544896,0.2222222222222222,0,0.0,-10.738666666666667,low,0.3333,1,0.6666666666666666,True,NOERROR,2,300,0,2,False,False,2,13335,US,False,NAMECHEAP INC,2,365,True,0,False,False,,benign,no_adverse_signal
playgroungsocialsync.info,2026-07-06,25,3.521928094887362,0.0,0,0.42857142857142855,-7.108405405405406,medium,0.5,5,0.6,True,NOERROR,1,3600,2,4,True,False,1,8560,DE,True,,,,,0,False,False,False,benign,no_adverse_signal
jollyfishpiano.ca,2026-07-06,17,3.3787834934861767,0.0,0,0.5555555555555556,-7.468176,low,0.4545,4,0.7857142857142857,True,NOERROR,3,3600,0,2,False,False,0,58182,US,True,Tucows.com Co.,2,731,True,9,False,,,benign,no_adverse_signal
81mpvs.top,2026-07-06,10,2.584962500721156,0.2,0,0.0,-11.128833333333334,high,0.4444,4,1.0,True,NOERROR,2,300,0,2,False,False,2,13335,US,False,"Spaceship, Inc.",2,365,True,0,False,False,,benign,no_adverse_signal
dappanything.xyz,2026-07-06,16,3.0849625007211556,0.0,0,0.3333333333333333,-6.7832904761904755,high,0.5217,4,0.75,True,NOERROR,2,3600,1,2,True,False,0,16509,US,True,"GMO Internet, Inc.",2,365,True,29,False,False,,benign,no_adverse_signal
cloudfusioniq.digital,2026-07-06,21,3.238901256602631,0.0,0,0.8571428571428571,-6.960008695652173,low,0.6957,2,0.7692307692307693,True,NOERROR,1,300,0,2,False,False,0,206834,DE,False,,,,,11,False,,,benign,no_adverse_signal
royaltieslab.xyz,2026-07-06,16,3.2516291673878226,0.0,0,0.7142857142857143,-6.920657142857142,high,0.5263,2,0.8333333333333334,True,NOERROR,2,3600,1,2,True,False,0,16509,US,True,"GMO Internet, Inc.",2,365,True,29,False,False,,benign,no_adverse_signal
kdy-kaiyun.icu,2026-07-06,14,2.9219280948873623,0.0,1,0.5,-9.039682352941176,low,0.625,3,0.8,True,NOERROR,1,600,0,2,False,False,0,132839,ZA,False,"Zhengzhou Century Connect Electronic Technology Development Co., Ltd",2,365,False,0,False,False,,benign,no_adverse_signal
ninetycloud.xyz,2026-07-06,15,3.2776134368191165,0.0,0,0.5714285714285714,-6.387005263157895,high,0.7059,4,0.9090909090909091,True,NOERROR,2,3600,1,2,True,False,0,16509,US,True,"GMO Internet, Inc.",2,365,True,69,False,False,,malicious,abuseipdb
chambersfinancial.ca,2026-07-06,20,3.4548223999466066,0.0,0,0.5454545454545454,-6.656048387096774,low,0.48,3,0.7058823529411765,True,NOERROR,2,600,0,2,False,False,0,16509,US,True,"Go Daddy Domains Canada, Inc",4,1096,True,37,False,False,,benign,no_adverse_signal
hbmm.fr,2026-07-06,7,1.5,0.0,0,0.0,-9.642700000000001,low,0.5714,4,0.75,True,NOERROR,2,300,0,2,False,False,2,13335,US,False,OVH,3,1095,False,0,False,False,,benign,no_adverse_signal
virpre.org,2026-07-06,10,2.2516291673878226,0.0,0,0.5,-6.926222222222222,low,0.5455,3,0.8333333333333334,True,NOERROR,2,300,0,2,False,False,2,13335,US,False,"HOSTINGER operations, UAB",1,365,False,0,False,False,,benign,no_adverse_signal
parlay101ok.lat,2026-07-06,15,3.0957952550009344,0.2,0,0.6,-8.440747368421052,low,0.4545,2,0.8181818181818182,True,NOERROR,2,300,1,2,False,False,2,13335,US,False,"GoDaddy.com, LLC",2,365,True,0,False,False,False,benign,no_adverse_signal
banitime.com,2026-07-06,12,2.75,0.0,0,1.0,-6.079338461538462,low,0.6667,1,0.875,False,NOERROR,0,,3,2,True,False,0,,,,Alibaba Cloud Computing Ltd. d/b/a HiChina (www.net.cn),2,365,False,,,False,False,benign,no_adverse_signal
gomgle.xyz,2026-07-06,10,2.2516291673878226,0.0,0,0.5,-7.718766666666667,high,0.8333,3,0.8333333333333334,False,NOERROR,0,,0,4,False,False,0,,,,"GMO Internet, Inc.",2,365,True,,,False,,benign,no_adverse_signal
youtujrn.top,2026-07-06,12,2.75,0.0,0,0.6,-8.453561538461539,high,0.7692,3,0.875,True,NOERROR,2,300,0,2,False,False,2,13335,US,False,"NameSilo, LLC",1,365,True,0,False,False,,benign,no_adverse_signal
thenoivastudio.store,2026-07-06,20,3.3787834934861767,0.0,0,1.0,-6.863508,low,0.6154,2,0.7857142857142857,True,NOERROR,1,3600,2,4,True,False,1,8560,DE,True,,,,False,2,False,False,False,benign,no_adverse_signal
promptrude.xyz,2026-07-06,14,2.9219280948873623,0.0,0,0.42857142857142855,-7.0586,high,0.6316,4,0.8,True,NOERROR,2,3600,1,2,True,False,0,16509,US,True,"GMO Internet, Inc.",2,365,True,29,False,False,,benign,no_adverse_signal
unstinkypet.info,2026-07-06,16,3.0957952550009344,0.0,0,0.375,-6.867042105263159,medium,0.625,4,0.8181818181818182,True,NOERROR,2,600,0,2,False,False,0,16509,US,False,,,,,30,False,,,benign,no_adverse_signal
musang178qx.site,2026-07-06,16,3.459431618637298,0.1875,0,0.3333333333333333,-9.206452631578946,medium,0.4762,2,1.0,True,NOERROR,2,300,0,2,False,False,2,13335,US,False,NAMECHEAP INC,2,365,True,0,False,False,,benign,no_adverse_signal
zuqiugendanruanjiantuijian.com.cn,2026-07-06,33,3.2539150845089067,0.0,0,1.0,-7.954718367346939,low,0.3889,2,0.46153846153846156,True,NOERROR,1,300,0,2,False,False,0,132839,CL,False,商中在线科技股份有限公司,4,365,False,0,False,False,,benign,no_adverse_signal
steelcraftliving.com,2026-07-06,20,3.5,0.0,0,0.45454545454545453,-6.931768965517241,low,0.4667,3,0.75,True,NOERROR,1,1800,5,2,True,False,0,22612,US,False,NAMECHEAP INC,2,365,True,0,False,,False,benign,no_adverse_signal
danonekia.xyz,2026-07-06,13,2.725480556997868,0.0,0,1.25,-6.875746666666667,high,0.5,1,0.7777777777777778,True,NOERROR,1,10800,0,2,False,False,0,24940,FI,True,"NicNames, Inc",2,365,True,0,False,,,benign,no_adverse_signal
safernow.io,2026-07-06,11,3.0,0.0,0,0.6,-6.865561538461539,low,0.625,2,1.0,True,NOERROR,2,3600,0,2,False,False,0,16509,US,True,"GoDaddy.com, LLC",3,365,True,24,False,False,,benign,no_adverse_signal
ywfpne217a.vip,2026-07-06,14,3.321928094887362,0.21428571428571427,0,0.4,-10.175758823529412,low,0.4211,5,1.0,True,NOERROR,1,10,0,2,False,True,0,209242,US,True,Dynadot Inc,1,365,True,0,False,True,,malicious,spamhaus_dbl
fabiopaiva.com,2026-07-06,14,2.6464393446710153,0.0,0,1.5,-7.381894117647058,low,0.5,1,0.7,False,NOERROR,0,,3,2,True,False,0,,,,"TUCOWS.COM, CO.",1,365,True,,,False,False,benign,no_adverse_signal
agentslogin.xyz,2026-07-06,15,3.0957952550009344,0.0,0,0.5714285714285714,-6.493894736842106,high,0.5263,4,0.8181818181818182,True,NOERROR,2,3600,1,2,True,False,0,16509,US,True,"GMO Internet, Inc.",2,365,True,29,False,True,,malicious,spamhaus_dbl
artesacra.online,2026-07-06,16,2.4193819456463714,0.0,0,0.8,-6.479640000000001,medium,0.5333,2,0.6666666666666666,True,NOERROR,2,3600,0,2,False,False,0,16509,US,True,"GoDaddy.com, LLC",1,365,False,24,False,False,,benign,no_adverse_signal
kieselit.com,2026-07-06,12,2.5,0.0,0,1.0,-6.3920076923076925,low,0.5333,1,0.75,True,NOERROR,2,300,0,2,True,False,2,14618,US,True,DropCatch.com 433 LLC,1,365,False,0,False,False,,benign,no_adverse_signal
findfampics.win,2026-07-06,15,3.0957952550009344,0.0,0,0.375,-6.976373684210526,low,0.5714,3,0.8181818181818182,False,NOERROR,0,,0,2,False,False,0,,,,"Cloudflare, Inc.",2,731,True,,,False,,benign,no_adverse_signal
csgolog.com,2026-07-06,11,2.2359263506290326,0.0,0,0.4,-7.260872727272727,low,0.6154,3,0.7142857142857143,True,NOERROR,1,10800,2,3,True,False,0,20473,SE,True,Gandi SAS,2,365,True,0,False,False,False,benign,no_adverse_signal
shibalebitcoin.xyz,2026-07-06,18,3.3248629576173574,0.0,0,0.75,-6.809152,high,0.5833,2,0.7857142857142857,True,NOERROR,2,3600,1,2,True,False,0,16509,US,True,"GMO Internet, Inc.",1,365,True,69,False,False,,malicious,abuseipdb
cinecreatorstudio.com,2026-07-06,21,3.381580488309164,0.0,0,0.8888888888888888,-6.348738709677419,low,0.5517,3,0.6470588235294118,True,NOERROR,1,1800,5,2,True,False,0,22612,US,False,NAMECHEAP INC,1,365,True,0,False,False,False,benign,no_adverse_signal
ptswakaryaraya.com,2026-07-06,18,2.692380602454975,0.0,0,0.5555555555555556,-7.3957999999999995,low,0.4,4,0.5714285714285714,True,NOERROR,2,60,2,2,True,False,2,47583,DE,False,"HOSTINGER operations, UAB",2,365,False,4,False,False,False,benign,no_adverse_signal
njosv.org,2026-07-06,9,2.321928094887362,0.0,0,0.25,-8.476114285714287,low,0.5,2,1.0,True,NOERROR,1,1,0,2,False,True,0,138415,US,False,Dynadot Inc,2,365,False,0,False,False,,benign,no_adverse_signal
lordserialtundra.lol,2026-07-06,20,3.327819531114783,0.0,0,0.6,-6.599689655172414,low,0.4615,3,0.6875,True,NOERROR,1,300,0,2,False,False,0,198610,RU,False,Dynadot Inc,2,365,False,0,False,False,,benign,no_adverse_signal
dight-xingkongsports.com.cn,2026-07-06,27,3.5841837197791886,0.0,1,0.26666666666666666,-7.273786486486487,low,0.5294,4,0.65,True,NOERROR,1,600,0,2,False,False,0,134548,HK,False,商中在线科技股份有限公司,4,365,False,0,False,False,,benign,no_adverse_signal
offroadicys.com,2026-07-06,15,3.0957952550009344,0.0,0,0.5714285714285714,-7.501063157894737,low,0.5882,3,0.8181818181818182,True,NOERROR,2,3600,1,2,True,False,0,16509,US,True,"GoDaddy.com, LLC",2,731,True,24,False,False,False,benign,no_adverse_signal
sindorim.net,2026-07-06,12,2.75,0.0,0,0.6,-6.205607692307693,low,0.5714,2,0.875,False,timeout,0,,0,0,False,False,0,,,,"Inames Co., Ltd.",3,365,False,,,False,,benign,no_adverse_signal
wegin2.surf,2026-07-06,11,2.584962500721156,0.09090909090909091,0,0.6666666666666666,-7.634955555555556,low,0.5455,1,1.0,True,NOERROR,5,30,0,2,False,False,0,138415,HK,False,Dynadot Inc,2,365,True,0,False,False,,benign,no_adverse_signal
yesft.in,2026-07-06,8,2.321928094887362,0.0,0,0.25,-8.063657142857142,low,0.5,3,1.0,False,NXDOMAIN,0,,0,0,False,False,0,,,,"GoDaddy.com, LLC",3,365,False,,,False,,benign,no_adverse_signal
luminaconstrucoes.shop,2026-07-06,22,3.4992275471326932,0.0,0,0.7,-6.706774193548387,low,0.6,4,0.7058823529411765,True,NOERROR,1,50,0,2,False,False,0,47583,CY,False,,,,False,33,False,False,,benign,no_adverse_signal
stellar-brace.com,2026-07-06,17,3.0850551027564768,0.0,1,0.5,-6.6712173913043475,low,0.5385,2,0.6923076923076923,True,NOERROR,2,12,0,4,False,False,0,16509,US,True,Porkbun LLC,378,730,False,0,False,False,,benign,no_adverse_signal
aceshiddeneats.com,2026-07-06,18,3.039148671903071,0.0,0,0.75,-6.701572,low,0.5,2,0.6428571428571429,True,NOERROR,2,3600,2,2,True,False,0,16509,US,True,"GoDaddy.com, LLC",1,365,True,24,False,False,False,benign,no_adverse_signal
auftragsrausch.de,2026-07-06,17,3.039148671903071,0.0,0,0.5555555555555556,-7.5935760000000005,low,0.4545,3,0.6428571428571429,True,NOERROR,1,3600,1,4,False,False,1,8560,DE,True,,,,False,2,False,False,False,benign,no_adverse_signal
netappdao.xyz,2026-07-06,13,2.725480556997868,0.0,0,0.8,-7.031893333333333,high,0.5882,3,0.7777777777777778,True,NOERROR,2,3600,1,2,True,False,0,16509,US,True,"GMO Internet, Inc.",2,365,True,69,False,False,,malicious,abuseipdb
surreywindowtint.ca,2026-07-06,19,3.375,0.0,0,0.45454545454545453,-7.158979310344828,low,0.5385,2,0.6875,True,NOERROR,2,3600,1,2,True,False,0,16509,US,True,Tucows.com Co.,5,365,True,29,False,,,benign,no_adverse_signal
ultralightcoffees.com,2026-07-06,21,3.6168746059562227,0.0,0,0.5454545454545454,-6.999796774193548,low,0.4571,4,0.7647058823529411,True,NOERROR,2,600,0,2,False,False,0,16509,US,True,"GoDaddy.com, LLC",1,365,True,37,False,False,,benign,no_adverse_signal
aoa-sportscn.com,2026-07-06,16,3.0849625007211556,0.0,1,0.5714285714285714,-7.574680952380952,low,0.5,5,0.75,True,NOERROR,1,600,0,2,False,False,0,135097,HK,False,Realtime Register B.V.,2,365,False,0,False,True,,malicious,spamhaus_dbl
decarbonizeapi.xyz,2026-07-06,18,3.378783493486176,0.0,0,1.0,-6.9117999999999995,high,0.4848,2,0.7857142857142857,True,NOERROR,2,3600,1,2,True,False,0,16509,US,True,"GMO Internet, Inc.",2,365,True,69,False,False,,malicious,abuseipdb
chefpulseai.com,2026-07-06,15,3.277613436819116,0.0,0,0.8333333333333334,-7.694105263157894,low,0.5556,2,0.9090909090909091,True,NOERROR,1,1800,5,2,True,False,0,22612,US,False,NAMECHEAP INC,1,365,True,0,False,False,False,benign,no_adverse_signal
iv4u.one,2026-07-06,8,2.0,0.125,0,2.0,-10.63936,low,0.5714,1,1.0,True,NOERROR,1,300,0,2,False,False,0,202412,NL,False,"NameSilo, LLC",2,365,True,0,True,False,,malicious,spamhaus_zen
solenis-sigmamktg.cloud,2026-07-06,23,3.4548223999466066,0.0,1,0.45454545454545453,-7.592080645161291,low,0.5,4,0.7058823529411765,True,NOERROR,2,300,5,2,True,False,2,13335,US,False,NAMECHEAP INC,1,365,True,0,False,False,False,benign,no_adverse_signal
cinetrack.com.br,2026-07-06,16,2.94770277922009,0.0,0,0.5,-5.871486666666667,low,0.5714,2,0.8888888888888888,True,NOERROR,2,1800,0,2,False,False,0,16509,US,False,,3,365,False,0,False,False,,benign,no_adverse_signal
decibelcorporate.nl,2026-07-06,19,3.327819531114783,0.0,0,0.7777777777777778,-6.70286551724138,low,0.5,2,0.6875,True,NOERROR,2,300,0,2,False,False,2,13335,US,False,GoDaddy.com,4,,False,0,False,False,,benign,no_adverse_signal
xn--2ssq96bbgj.xn--io0a7i,2026-07-06,25,3.378783493486176,0.2,4,0.0,-10.795556,low,0.3478,4,0.7857142857142857,False,SERVFAIL,0,,0,0,False,False,0,,,,,,,,,,False,,benign,no_adverse_signal
8754paeerym.store,2026-07-06,17,3.277613436819116,0.23529411764705882,0,0.75,-9.718163157894738,low,0.4348,3,0.9090909090909091,False,timeout,0,,0,0,False,False,0,,,,,,,False,,,False,,benign,no_adverse_signal
cruhospitalityadvisors.com,2026-07-06,26,3.663532754804254,0.0,0,0.5714285714285714,-6.9659658536585365,low,0.5161,2,0.6363636363636364,True,NOERROR,4,10800,5,4,False,False,0,53831,US,False,Squarespace Domains LLC,1,1096,True,30,False,False,False,benign,no_adverse_signal
smartprocesslab.cloud,2026-07-06,21,3.32323142879762,0.0,0,0.36363636363636365,-6.650799999999999,low,0.5,4,0.7333333333333333,True,NOERROR,1,10800,1,2,False,False,1,47583,DE,True,"HOSTINGER operations, UAB",2,365,False,0,False,False,False,benign,no_adverse_signal
miraentech.kr,2026-07-06,13,3.121928094887362,0.0,0,0.6666666666666666,-6.48324705882353,low,0.6,2,0.9,True,NOERROR,1,600,0,3,False,False,0,20473,KR,True,"Gabia, Inc.(http://www.gabia.co.kr)",4,365,False,0,False,False,,benign,no_adverse_signal
all-ears.app,2026-07-06,12,2.5,0.0,1,0.75,-7.254730769230769,low,0.625,2,0.75,True,NOERROR,1,50,0,2,False,False,0,47583,CY,False,,,,False,33,False,False,,benign,no_adverse_signal
blackframemarketing.com,2026-07-06,23,3.5766176449086653,0.0,0,0.46153846153846156,-6.538351428571429,low,0.48,4,0.6842105263157895,True,NOERROR,4,10800,1,4,True,False,0,53831,US,False,Squarespace Domains II LLC,2,365,True,31,False,False,False,benign,no_adverse_signal
fermenteriatr.com,2026-07-06,17,2.8150724101159437,0.0,0,0.625,-6.2076086956521745,low,0.6087,2,0.6153846153846154,True,NOERROR,2,300,0,2,False,False,2,13335,US,False,"Cloudflare, Inc.",2,365,True,0,False,False,,benign,no_adverse_signal
ouol.surf,2026-07-06,9,1.5,0.0,0,3.0,-8.16276,low,0.8571,1,0.75,False,NOERROR,0,,0,2,False,False,0,,,,"Spaceship, Inc.",1,365,True,,,False,,benign,no_adverse_signal
gabriel0721.top,2026-07-06,15,3.459431618637298,0.26666666666666666,0,0.75,-9.072131578947369,high,0.5,2,1.0,True,NOERROR,2,300,3,2,True,False,2,13335,US,False,"Spaceship, Inc.",2,365,True,0,False,,False,benign,no_adverse_signal
fmh.dating,2026-07-06,10,1.584962500721156,0.0,0,0.0,-9.724966666666667,low,0.5,3,1.0,True,NOERROR,1,1800,5,2,True,False,0,22612,US,False,,,,,0,False,,False,benign,no_adverse_signal
xn--jrww85b.xn--vuq861b,2026-07-06,23,3.095795255000934,0.21739130434782608,4,0.0,-11.219736842105263,low,0.3333,4,0.8181818181818182,False,SERVFAIL,0,,0,0,False,False,0,,,,,,,,,,False,,benign,no_adverse_signal
md555.net,2026-07-06,9,1.3709505944546687,0.3333333333333333,0,0.0,-10.478285714285715,low,0.4444,2,0.6,True,NOERROR,2,300,0,2,False,False,2,13335,US,False,Dynadot Inc,3,365,False,0,False,False,,benign,no_adverse_signal
91-sports.com.cn,2026-07-06,16,2.94770277922009,0.125,1,0.2,-7.7254933333333335,low,0.5882,3,0.8888888888888888,True,NOERROR,1,600,0,2,False,False,0,134548,US,False,Web Commerce Communications Limited,2,365,False,0,,True,,malicious,spamhaus_dbl
willowmere.xyz,2026-07-06,14,2.7219280948873625,0.0,0,0.6666666666666666,-6.948,high,0.5714,2,0.7,True,NOERROR,2,60,0,2,False,False,0,47583,DE,False,"HOSTINGER operations, UAB",1,365,False,3,False,False,,benign,no_adverse_signal
lowfieldlabs.com,2026-07-06,16,3.188721875540867,0.0,0,0.5,-7.642761904761905,low,0.5385,3,0.8333333333333334,False,NOERROR,0,,0,2,False,False,0,,,,"Cloudflare, Inc.",2,365,True,,,False,,benign,no_adverse_signal
sakura188resmi.com,2026-07-06,18,3.2359263506290334,0.16666666666666666,0,0.8333333333333334,-8.203216,low,0.5,2,0.7142857142857143,True,NOERROR,1,3600,1,2,True,False,0,133618,AU,True,"Domain Esta Aqui, LLC",1,365,True,0,False,False,False,benign,no_adverse_signal
p1n8w5ad.top,2026-07-06,12,3.0,0.25,0,0.25,-12.51293076923077,high,0.4286,1,1.0,False,NOERROR,0,,0,2,False,False,0,,,,Dominet (HK) Limited,2,365,True,,,True,,malicious,spamhaus_dbl
dugnapsw.xyz,2026-07-06,12,3.0,0.0,0,0.3333333333333333,-8.181553846153845,high,0.5714,3,1.0,True,NOERROR,2,300,0,2,False,False,0,16509,US,True,"Spaceship, Inc.",1,365,False,1,False,False,,benign,no_adverse_signal
daytonheritagedays.com,2026-07-06,22,3.4613201402110083,0.0,0,0.6363636363636364,-6.794503030303031,low,0.5185,2,0.6666666666666666,True,NOERROR,2,3600,0,2,False,False,0,16509,US,True,"GoDaddy.com, LLC",2,365,True,24,False,False,,benign,no_adverse_signal
getnutrivo.com,2026-07-06,14,3.121928094887362,0.0,0,0.6666666666666666,-7.255023529411765,low,0.5,2,0.9,True,NOERROR,1,3600,0,2,False,False,0,16509,US,False,"GoDaddy.com, LLC",2,365,True,0,False,False,,benign,no_adverse_signal
layerscatalyst.xyz,2026-07-06,18,2.8962915290459277,0.0,0,0.4,-6.564724,high,0.5,4,0.5714285714285714,True,NOERROR,2,3600,1,2,True,False,0,16509,US,True,"GMO Internet, Inc.",1,365,True,69,False,False,,malicious,abuseipdb
baggedbykb.com,2026-07-06,14,2.6464393446710153,0.0,0,0.25,-8.646876470588236,low,0.4706,5,0.7,True,NOERROR,2,600,0,2,False,False,0,16509,US,True,"GoDaddy.com, LLC",2,365,True,37,False,False,,benign,no_adverse_signal
unibet-baji.com,2026-07-06,15,3.095795255000934,0.0,1,1.0,-7.477010526315789,low,0.4706,1,0.8181818181818182,True,NOERROR,1,300,0,2,False,False,0,206834,DE,False,Dynadot Inc,2,365,False,11,False,False,,benign,no_adverse_signal
bidiodesign.com,2026-07-06,15,2.845350936622437,0.0,0,0.8333333333333334,-6.778926315789474,low,0.4762,2,0.7272727272727273,True,NOERROR,1,1800,2,2,True,False,1,47583,US,False,"HOSTINGER operations, UAB",2,365,False,0,False,False,False,benign,no_adverse_signal
haywinchinhhang.club,2026-07-06,20,2.789898095464287,0.0,0,0.36363636363636365,-7.227122222222222,low,0.6364,3,0.5333333333333333,True,NOERROR,2,300,0,2,False,False,0,16509,US,True,"Spaceship, Inc.",2,365,True,1,False,False,,benign,no_adverse_signal
macs.network,2026-07-06,12,2.0,0.0,0,0.3333333333333333,-6.87518,low,0.5714,2,1.0,False,NOERROR,0,,0,2,False,False,0,,,,,,,,,,False,,benign,no_adverse_signal
helvary.com,2026-07-06,11,2.807354922057604,0.0,0,0.4,-7.372890909090909,low,0.5714,2,1.0,True,NOERROR,1,1799,2,2,True,False,0,13335,CA,True,NAMECHEAP INC,1,365,True,0,False,False,False,benign,no_adverse_signal
updateinfomyxy.com,2026-07-06,18,3.6644977792004623,0.0,0,0.5555555555555556,-7.632016,low,0.4762,4,0.9285714285714286,False,NOERROR,0,,0,2,False,False,0,,,,CV. Rumahweb Indonesia,2,365,False,,,False,,benign,no_adverse_signal
19437231.xyz,2026-07-06,12,2.5,0.6666666666666666,0,0.0,-11.037369230769231,high,0.3636,0,0.75,False,NOERROR,0,,0,2,False,False,0,,,,"NameSilo, LLC",2,365,True,,,False,,benign,no_adverse_signal
8745jvmhd1g.icu,2026-07-06,15,3.459431618637298,0.3333333333333333,0,0.0,-11.77427894736842,low,0.3636,5,1.0,False,timeout,0,,0,0,False,False,0,,,,"Todaynic.com, Inc.",2,365,True,,,False,,benign,no_adverse_signal
imgcourse.com,2026-07-06,13,3.169925001442312,0.0,0,0.8,-7.2383,low,0.5714,3,1.0,True,NOERROR,2,600,0,2,False,False,0,16509,US,True,"GoDaddy.com, LLC",2,365,True,37,False,False,,benign,no_adverse_signal
magnumindustrialsteel.com,2026-07-06,25,3.535174565635903,0.0,0,0.6153846153846154,-6.749125641025641,low,0.4737,3,0.5714285714285714,True,NOERROR,2,300,1,2,True,False,2,13335,US,False,"Spaceship, Inc.",2,365,False,0,False,False,False,benign,no_adverse_signal
estuwa.top,2026-07-06,10,2.584962500721156,0.0,0,1.0,-7.406666666666666,high,0.5,2,1.0,False,NOERROR,0,,0,2,False,False,0,,,,"Hefei Juming Network Technology Co., Ltd.",2,365,True,,,False,,benign,no_adverse_signal
serviceprosadvisor.com,2026-07-06,22,3.1971597234241487,0.0,0,0.6363636363636364,-6.593509090909091,low,0.5161,2,0.5555555555555556,True,NOERROR,2,53,0,4,False,False,0,16509,US,True,Porkbun LLC,379,730,False,0,False,False,,benign,no_adverse_signal
nvade.me,2026-07-06,8,2.321928094887362,0.0,0,0.6666666666666666,-7.230371428571429,low,0.6667,2,1.0,True,NOERROR,2,600,0,2,False,False,0,16509,US,True,"GoDaddy.com, LLC",2,365,True,37,False,False,,benign,no_adverse_signal
okdivisionfencing.org,2026-07-06,21,3.2195282822995477,0.0,0,0.7,-6.983774193548387,low,0.4167,2,0.6470588235294118,True,NOERROR,1,1800,5,2,True,False,0,22612,US,False,NAMECHEAP INC,2,365,True,0,False,False,False,benign,no_adverse_signal
stablecache.online,2026-07-06,18,2.913977073182752,0.0,0,0.5714285714285714,-6.323494736842105,medium,0.7778,2,0.7272727272727273,True,NOERROR,1,1800,5,2,True,False,0,22612,US,False,NAMECHEAP INC,2,365,True,0,,False,False,benign,no_adverse_signal
nexy.software,2026-07-06,13,2.0,0.0,0,0.3333333333333333,-7.38826,low,0.6,2,1.0,True,NOERROR,1,10800,0,3,False,False,0,45638,AU,True,,,,,0,False,False,,benign,no_adverse_signal
fairerapp.xyz,2026-07-06,13,2.503258334775646,0.0,0,0.8,-6.431873333333333,high,0.5333,2,0.6666666666666666,True,NOERROR,2,3600,1,2,True,False,0,16509,US,True,"GMO Internet, Inc.",2,365,True,29,False,False,,benign,no_adverse_signal
agentsunions.xyz,2026-07-06,16,3.0220552088742005,0.0,0,0.7142857142857143,-6.255738095238095,high,0.5,3,0.75,True,NOERROR,2,3600,1,2,True,False,0,16509,US,True,"GMO Internet, Inc.",1,365,True,29,False,False,,benign,no_adverse_signal
link262top.live,2026-07-06,15,3.121928094887362,0.2,0,0.4,-9.237511764705882,low,0.625,2,0.9,True,NOERROR,2,300,0,2,False,False,2,13335,US,False,,,,False,0,False,False,,benign,no_adverse_signal
marrymeinindia.com,2026-07-06,18,2.8962915290459277,0.0,0,0.75,-6.661408,low,0.6667,4,0.5714285714285714,True,NOERROR,2,3600,0,2,False,False,0,16509,US,True,"GoDaddy.com, LLC",1,365,True,24,False,False,,benign,no_adverse_signal
gruntcrew.com,2026-07-06,13,2.94770277922009,0.0,0,0.2857142857142857,-7.157126666666667,low,0.5,4,0.8888888888888888,True,NOERROR,1,1800,0,0,False,False,0,58182,US,True,Wix.com Ltd.,370,730,False,0,False,False,,benign,no_adverse_signal
drivecarparts.com,2026-07-06,17,3.180832987205441,0.0,0,0.4444444444444444,-6.524647826086957,low,0.6,3,0.7692307692307693,True,NOERROR,2,300,3,2,True,False,2,13335,US,False,TuringSign Inc. d/b/a Cosmotown,2,365,False,0,False,False,False,benign,no_adverse_signal
calvarytemple.church,2026-07-06,20,3.238901256602631,0.0,0,0.4444444444444444,-7.119704347826087,low,0.5,3,0.7692307692307693,True,NOERROR,2,3600,1,2,True,False,0,16509,US,True,,,,,29,False,False,,benign,no_adverse_signal
brickmatch.ch,2026-07-06,13,3.121928094887362,0.0,0,0.25,-6.725941176470589,low,0.6316,3,0.9,True,NOERROR,1,300,2,3,True,False,1,29097,CH,True,,,,False,0,False,False,False,benign,no_adverse_signal
basementfinishingindiana.com,2026-07-06,28,3.2527054819279444,0.0,0,0.7142857142857143,-6.355504444444445,low,0.4615,3,0.5,True,NOERROR,1,10800,0,2,False,False,0,16509,US,True,"TUCOWS.COM, CO.",4754,5113,True,0,False,False,,benign,no_adverse_signal
xn--mayaigvenlii-ilb90cw4a.com,2026-07-06,30,3.8731406795131322,0.1,3,0.6666666666666666,-9.398371428571428,low,0.3333,2,0.6538461538461539,True,NOERROR,1,3600,0,3,False,False,0,197720,TR,True,Turkticaret.net Yazılım Hizmetleri Sanayi ve Ticaret A.Ş.,3,365,False,0,False,False,,benign,no_adverse_signal
popravki.net,2026-07-06,12,2.75,0.0,0,0.6,-7.734838461538461,low,0.6154,2,0.875,True,NOERROR,2,300,0,2,False,False,0,16509,US,False,"Cloudflare, Inc.",2,365,True,0,False,False,,benign,no_adverse_signal
baupromatch.at,2026-07-06,14,3.2776134368191165,0.0,0,0.5714285714285714,-6.806815789473684,low,0.6,3,0.9090909090909091,True,NOERROR,1,50,0,2,False,False,0,47583,CY,False,OpusDNS GmbH ( https://nic.at/registrar/757 ),,,False,33,False,,,benign,no_adverse_signal
mu-eb.com,2026-07-06,9,2.321928094887362,0.0,1,1.0,-9.525728571428571,low,0.4444,1,1.0,True,NOERROR,2,300,0,2,False,False,2,13335,US,False,"Cloudflare, Inc.",2,365,True,0,False,False,,benign,no_adverse_signal
abgiindore.com,2026-07-06,14,3.121928094887362,0.0,0,1.0,-7.446111764705883,low,0.5333,2,0.9,True,NOERROR,2,1800,0,2,False,False,0,16509,US,False,"GoDaddy.com, LLC",2,365,True,0,False,False,,benign,no_adverse_signal
plan12os.org,2026-07-06,12,3.0,0.16666666666666666,0,0.5,-8.447061538461538,low,0.625,2,1.0,True,NOERROR,1,10800,0,3,False,False,0,399898,US,True,"TUCOWS.COM, CO.",2,365,True,0,False,True,,malicious,spamhaus_dbl
mlungu.me,2026-07-06,9,2.2516291673878226,0.0,0,0.5,-7.766122222222222,low,0.6154,2,0.8333333333333334,True,NOERROR,2,3600,0,2,False,False,0,16509,US,True,"GoDaddy.com, LLC",3,365,True,18,False,False,,benign,no_adverse_signal
8772twx5qc7.top,2026-07-06,15,3.027169118440619,0.4,0,0.0,-11.85163157894737,high,0.3529,3,0.8181818181818182,False,timeout,0,,0,0,False,False,0,,,,"Todaynic.com, Inc.",2,365,True,,,False,,benign,no_adverse_signal
ogntraining.com,2026-07-06,15,2.663532754804255,0.0,0,0.5714285714285714,-6.472078947368421,low,0.5455,4,0.6363636363636364,True,NOERROR,1,10800,1,3,True,False,0,8622,GB,True,REGISTER S.P.A.,2,365,True,0,False,False,False,benign,no_adverse_signal
jjnetapps.com,2026-07-06,13,2.725480556997868,0.0,0,0.2857142857142857,-7.6530000000000005,low,0.625,3,0.7777777777777778,True,NOERROR,1,10800,3,2,True,False,0,22612,US,True,NAMECHEAP INC,1,365,True,0,False,False,False,benign,no_adverse_signal
ctlgs80x.top,2026-07-06,12,3.0,0.16666666666666666,0,0.0,-10.341330769230769,high,0.4,5,1.0,False,NOERROR,0,,0,2,False,False,0,,,,Dominet (HK) Limited,2,365,True,,,False,,benign,no_adverse_signal
northstarstudiodesign.com,2026-07-06,25,3.4632805178108104,0.0,0,0.5,-6.639917948717948,low,0.4848,5,0.5714285714285714,True,NOERROR,4,10800,1,4,True,False,0,53831,US,False,Squarespace Domains II LLC,1,365,True,23,False,False,False,benign,no_adverse_signal
aiclapper.xyz,2026-07-06,13,2.725480556997868,0.0,0,0.8,-6.606926666666666,high,0.5714,2,0.7777777777777778,True,NOERROR,2,3600,1,2,True,False,0,16509,US,True,"GMO Internet, Inc.",2,365,True,69,False,False,,malicious,abuseipdb
gamingvault.id,2026-07-06,14,3.0957952550009344,0.0,0,0.5714285714285714,-7.136626315789473,low,0.5263,3,0.8181818181818182,True,NOERROR,2,300,0,2,False,False,2,13335,US,False,,,,False,0,False,False,,benign,no_adverse_signal
4ne6.com,2026-07-06,8,2.0,0.25,0,1.0,-10.28668,low,0.5714,1,1.0,False,NOERROR,0,,0,2,False,False,0,,,,"NameSilo, LLC",2,365,True,,,False,,benign,no_adverse_signal
giftoutlet88.shop,2026-07-06,17,3.0220552088742005,0.11764705882352941,0,0.6666666666666666,-7.691309523809524,low,0.4615,2,0.75,True,NOERROR,2,300,0,2,False,False,0,16509,US,True,,,,False,1,False,,,benign,no_adverse_signal
4a828afeb63cf016c509406fa1a751fd.org,2026-07-06,36,3.8042292966721747,0.5277777777777778,0,0.625,-11.352596721311476,low,0.2553,2,0.5,True,NOERROR,1,120,0,2,False,False,0,50340,RU,False,"Cloudflare, Inc.",2,365,False,0,False,False,,benign,no_adverse_signal
ay369.com,2026-07-06,9,2.321928094887362,0.3333333333333333,0,1.0,-9.700514285714286,low,0.5,1,1.0,False,SERVFAIL,0,,0,0,False,False,0,,,,Eranet International Limited,1,365,True,,,False,,benign,no_adverse_signal
tutorialdev.xyz,2026-07-06,15,3.2776134368191165,0.0,0,0.8333333333333334,-6.575768421052632,high,0.5882,2,0.9090909090909091,True,NOERROR,2,3600,1,2,True,False,0,16509,US,True,"GMO Internet, Inc.",2,365,True,29,False,False,,benign,no_adverse_signal
chainimpose.xyz,2026-07-06,15,3.277613436819116,0.0,0,0.8333333333333334,-6.491778947368421,high,0.5263,2,0.9090909090909091,True,NOERROR,2,3600,1,2,True,False,0,16509,US,True,"GMO Internet, Inc.",2,365,True,29,False,False,,benign,no_adverse_signal
sozanconstruction.com,2026-07-06,21,3.1751231351134614,0.0,0,0.5454545454545454,-6.7121129032258064,low,0.6,4,0.5882352941176471,True,NOERROR,1,1799,5,2,True,False,0,16509,US,True,NAMECHEAP INC,2,365,True,28,False,False,False,benign,no_adverse_signal
agentswest.xyz,2026-07-06,14,2.7219280948873625,0.0,0,0.42857142857142855,-6.494664705882353,high,0.5333,4,0.7,True,NOERROR,2,3600,1,2,True,False,0,16509,US,True,"GMO Internet, Inc.",2,365,True,29,False,False,,benign,no_adverse_signal
avqorki.cfd,2026-07-06,11,2.807354922057604,0.0,0,0.75,-9.203654545454546,low,0.5,2,1.0,True,NOERROR,2,300,0,2,False,False,2,13335,US,False,Dynadot Inc,2,365,False,0,,False,,benign,no_adverse_signal
agentshugo.xyz,2026-07-06,14,3.121928094887362,0.0,0,0.6666666666666666,-6.946911764705882,high,0.5333,4,0.9,True,NOERROR,2,3600,1,2,True,False,0,16509,US,True,"GMO Internet, Inc.",2,365,True,69,False,False,,malicious,abuseipdb
imperiacase.com,2026-07-06,15,2.9139770731827523,0.0,0,1.2,-6.448631578947368,low,0.5263,2,0.7272727272727273,True,NOERROR,1,10800,0,2,False,False,0,16509,US,True,"TUCOWS.COM, CO.",4024,4383,True,0,False,False,,benign,no_adverse_signal
shuike.com,2026-07-06,10,2.584962500721156,0.0,0,1.0,-7.803866666666668,low,0.6667,2,1.0,False,timeout,0,,0,0,False,False,0,,,,Xin Net Technology Corporation,7677,8035,False,,,False,,benign,no_adverse_signal
quellidellelica.com,2026-07-06,19,2.6825887305018328,0.0,0,0.875,-6.491596296296296,low,0.4615,2,0.5333333333333333,True,NOERROR,2,300,1,2,True,False,2,13335,US,False,"TUCOWS.COM, CO.",8770,9131,True,0,,False,False,benign,no_adverse_signal
sc-huya.com.cn,2026-07-06,14,2.807354922057604,0.0,1,0.5,-8.8615,low,0.5455,2,1.0,True,NOERROR,1,600,0,2,False,False,0,134175,HK,False,Web Commerce Communications Limited,2,365,False,0,False,False,,benign,no_adverse_signal
voidkyun.com,2026-07-06,12,3.0,0.0,0,0.6,-8.470538461538462,low,0.5714,3,1.0,False,NOERROR,0,,0,4,False,False,0,,,,"Amazon Registrar, Inc.",1,365,True,,,False,,benign,no_adverse_signal
agentsstarts.xyz,2026-07-06,16,2.6258145836939115,0.0,0,0.3333333333333333,-6.234023809523809,high,0.5455,5,0.5833333333333334,True,NOERROR,2,3600,1,2,True,False,0,16509,US,True,"GMO Internet, Inc.",1,365,True,69,False,False,,malicious,abuseipdb
sexescopilot.xyz,2026-07-06,16,3.0849625007211556,0.0,0,0.7142857142857143,-7.050109523809524,high,0.5455,2,0.75,True,NOERROR,2,3600,1,2,True,False,0,16509,US,True,"GMO Internet, Inc.",2,365,True,29,False,False,,benign,no_adverse_signal
thysense.com,2026-07-06,12,2.5,0.0,0,0.3333333333333333,-7.054192307692308,low,0.4615,4,0.75,True,NOERROR,2,300,0,2,False,False,0,16509,US,True,"Spaceship, Inc.",1,365,False,1,False,False,,benign,no_adverse_signal
mikebukosky.com,2026-07-06,15,3.027169118440619,0.0,0,0.5714285714285714,-7.8831842105263155,low,0.5333,3,0.8181818181818182,False,NOERROR,0,,0,2,False,False,0,,,,"Cloudflare, Inc.",2,731,True,,,False,,benign,no_adverse_signal
kristalbet.top,2026-07-06,14,3.121928094887362,0.0,0,0.42857142857142855,-6.518335294117647,high,0.5,2,0.9,False,NOERROR,0,,0,2,False,False,0,,,,NAMECHEAP INC,2,365,True,,,False,,benign,no_adverse_signal
yonghi1403.top,2026-07-06,14,3.321928094887362,0.2857142857142857,0,0.5,-9.080764705882352,high,0.4,3,1.0,True,NOERROR,2,300,0,2,False,False,2,13335,US,False,"Spaceship, Inc.",2,365,True,0,False,False,,benign,no_adverse_signal
blueia.cloud,2026-07-06,12,2.584962500721156,0.0,0,2.0,-7.633755555555556,low,0.7273,2,1.0,True,NOERROR,2,300,1,2,False,False,2,13335,US,False,"HOSTINGER operations, UAB",1,365,False,0,False,False,False,benign,no_adverse_signal
m30s.top,2026-07-06,8,2.0,0.25,0,0.0,-11.24648,high,0.5714,1,1.0,False,SERVFAIL,0,,0,0,False,False,0,,,,NameMart Pte. Ltd.,2,365,False,,,True,,malicious,spamhaus_dbl
agentsblanks.xyz,2026-07-06,16,3.084962500721156,0.0,0,0.3333333333333333,-6.684328571428572,high,0.5,5,0.75,False,timeout,0,,0,2,True,False,0,,,,"GMO Internet, Inc.",1,365,True,,,False,,benign,no_adverse_signal
bumi.store,2026-07-06,10,2.0,0.0,0,1.0,-7.533199999999999,low,0.5714,1,1.0,True,NOERROR,2,3600,1,2,True,False,0,16509,US,True,,,,False,69,False,False,,malicious,abuseipdb
chainspinal.xyz,2026-07-06,15,2.913977073182752,0.0,0,0.5714285714285714,-6.206057894736841,high,0.5556,3,0.7272727272727273,True,NOERROR,2,3600,1,2,True,False,0,16509,US,True,"GMO Internet, Inc.",2,365,True,69,False,False,,malicious,abuseipdb
studiolagueritabeauty.com,2026-07-06,25,3.52257158913636,0.0,0,1.1,-6.862707692307692,low,0.4286,2,0.6190476190476191,True,NOERROR,1,3600,1,3,True,False,0,396982,NL,True,Hosting Concepts B.V. d/b/a Registrar.eu,1,365,True,7,False,False,False,benign,no_adverse_signal
zhz-zhizhuzhibo.com.cn,2026-07-06,22,2.4662478973127313,0.0,1,0.4,-9.563881481481483,low,0.381,3,0.4666666666666667,True,NOERROR,1,600,0,2,False,False,0,134175,HK,False,Web Commerce Communications Limited,2,365,False,0,False,False,,benign,no_adverse_signal
pague-x.com.br,2026-07-06,14,2.807354922057604,0.0,1,1.0,-8.135545454545454,low,0.6667,1,1.0,True,NOERROR,1,50,0,2,False,False,0,47583,CY,False,,3,365,False,33,False,False,,benign,no_adverse_signal
fourseasonscomfortinc.com,2026-07-06,25,3.403989446485262,0.0,0,0.6153846153846154,-6.58301282051282,low,0.4706,3,0.5714285714285714,False,SERVFAIL,0,,0,0,False,False,0,,,,NAMECHEAP INC,1,365,True,,,False,,benign,no_adverse_signal
chentechfss.com,2026-07-06,15,2.7321588913645702,0.0,0,0.2222222222222222,-7.007000000000001,low,0.4762,5,0.6363636363636364,True,NOERROR,4,10800,1,4,True,False,0,53831,US,False,Squarespace Domains II LLC,2,365,True,30,False,False,False,benign,no_adverse_signal
pg64ldy0140.cc,2026-07-06,14,3.095795255000934,0.42857142857142855,0,0.0,-11.400905263157895,low,0.4211,3,0.8181818181818182,False,NOERROR,0,,0,2,False,False,0,,,,Gname.com Pte. Ltd.,2,365,True,,,False,,benign,no_adverse_signal
valleydapp.xyz,2026-07-06,14,2.7219280948873625,0.0,0,0.42857142857142855,-7.118747058823529,high,0.4762,2,0.7,True,NOERROR,2,3600,1,2,True,False,0,16509,US,True,"GMO Internet, Inc.",2,365,True,29,False,False,,benign,no_adverse_signal
betwoongir3.click,2026-07-06,17,3.277613436819116,0.058823529411764705,0,0.6666666666666666,-7.219315789473685,medium,0.5556,2,0.9090909090909091,False,NOERROR,0,,0,2,False,False,0,,,,NAMECHEAP INC,2,365,True,,,False,,benign,no_adverse_signal
almevia.online,2026-07-06,14,2.5216406363433186,0.0,0,1.3333333333333333,-7.0980727272727275,medium,0.6667,2,0.8571428571428571,False,NOERROR,0,,1,2,True,False,0,,,,Infomaniak Network SA,2,365,False,,,False,False,benign,no_adverse_signal
ggarza.com,2026-07-06,10,1.9182958340544893,0.0,0,0.5,-7.980322222222223,low,0.4706,2,0.6666666666666666,True,NOERROR,1,1,0,2,False,False,0,134175,HK,False,TuringSign Inc. d/b/a Cosmotown,2,365,False,0,False,False,,benign,no_adverse_signal
perdosnisubulussalam.org,2026-07-06,24,3.4841837197791885,0.0,0,0.6666666666666666,-7.0831027027027025,low,0.4375,2,0.65,True,NOERROR,2,300,1,2,False,False,2,13335,US,False,NAMECHEAP INC,2,365,True,0,False,False,False,benign,no_adverse_signal
miargentina.org,2026-07-06,15,2.9139770731827523,0.0,0,0.8333333333333334,-6.338842105263158,low,0.5556,2,0.7272727272727273,True,NOERROR,2,600,0,2,False,False,0,16509,US,True,"GoDaddy.com, LLC",2,365,False,37,False,False,,benign,no_adverse_signal
fiorajewellers.shop,2026-07-06,19,3.182005814760214,0.0,0,0.75,-6.996892,low,0.5,2,0.7142857142857143,True,NOERROR,1,1800,2,2,True,False,1,47583,IN,False,,,,False,0,False,False,False,benign,no_adverse_signal
brasskeylocksmith.us,2026-07-06,20,3.6901165175936654,0.0,0,0.3076923076923077,-7.236700000000001,low,0.4615,4,0.8235294117647058,True,NOERROR,2,300,0,2,False,False,2,13335,US,False,Dynadot Inc,2,365,False,0,False,False,,benign,no_adverse_signal
nzumc.org,2026-07-06,9,2.321928094887362,0.0,0,0.25,-8.853842857142856,low,0.5,2,1.0,True,NOERROR,1,10800,0,2,False,False,0,16509,US,True,"TUCOWS.COM, CO.",3293,3652,True,0,False,False,,benign,no_adverse_signal
j117a.vip,2026-07-06,9,1.9219280948873623,0.3333333333333333,0,1.0,-11.32077142857143,low,0.25,1,0.8,False,SERVFAIL,0,,0,0,False,False,0,,,,NameMart Pte. Ltd.,2,365,True,,,True,,malicious,spamhaus_dbl
payinterminal.xyz,2026-07-06,17,3.238901256602631,0.0,0,0.625,-6.343326086956522,high,0.5556,2,0.7692307692307693,True,NOERROR,2,3600,1,2,True,False,0,16509,US,True,"GMO Internet, Inc.",2,365,True,69,False,False,,malicious,abuseipdb
c10-collagen.ch,2026-07-06,15,3.2516291673878226,0.13333333333333333,1,0.5,-7.910080952380953,low,0.4615,2,0.8333333333333334,True,NOERROR,1,10800,1,3,True,False,0,53589,FR,True,,,,False,1,False,False,,benign,no_adverse_signal
acecorporategroup.com,2026-07-06,21,3.0574760762899316,0.0,0,0.8888888888888888,-6.471096774193549,low,0.4444,2,0.5294117647058824,False,NOERROR,0,,0,2,False,False,0,,,,"Cloudflare, Inc.",1,365,True,,,False,,benign,no_adverse_signal
subdomains-get.space,2026-07-06,20,3.6644977792004623,0.0,1,0.625,-7.038168,low,0.5185,2,0.9285714285714286,True,NOERROR,1,600,1,4,True,False,0,213520,DE,True,PDR Ltd. d/b/a PublicDomainRegistry.com,2,365,False,0,False,False,False,benign,no_adverse_signal
cellrated.com,2026-07-06,13,2.725480556997868,0.0,0,0.5,-6.81926,low,0.5333,3,0.7777777777777778,True,NOERROR,2,300,0,2,False,False,2,13335,US,False,IONOS SE,1,365,True,0,False,False,,benign,no_adverse_signal
breadhoney635.com,2026-07-06,17,3.5465935642949384,0.17647058823529413,0,0.6666666666666666,-8.346160869565217,low,0.5,2,0.9230769230769231,True,NOERROR,1,10800,0,2,False,False,0,16509,US,True,"TUCOWS.COM, CO.",371,730,True,0,False,False,,benign,no_adverse_signal
gamingfinder.uk,2026-07-06,15,3.0849625007211556,0.0,0,0.5,-6.353561904761905,low,0.5217,3,0.75,True,NOERROR,2,300,0,2,False,False,2,13335,US,False,"Dynadot, LLC t/a Dynadot [Tag = DYNADOT]",5,365,False,0,False,,,benign,no_adverse_signal
myfertilitycompanion.com,2026-07-06,24,3.5841837197791886,0.0,0,0.5384615384615384,-6.755389189189189,low,0.4571,3,0.65,True,NOERROR,4,10800,0,4,True,False,0,53831,US,False,Squarespace Domains LLC,1,365,True,23,False,False,,benign,no_adverse_signal
kdenterprise.co,2026-07-06,15,3.0220552088742005,0.0,0,0.5,-6.426190476190476,low,0.5882,3,0.75,True,NOERROR,1,50,3,2,True,False,0,47583,CY,False,Hosting Concepts B.V. d/b/a Registrar.eu,3,365,False,33,False,False,False,benign,no_adverse_signal
threadsandcraft.in,2026-07-06,18,3.189898095464287,0.0,0,0.36363636363636365,-7.002914814814814,low,0.56,4,0.6666666666666666,False,NXDOMAIN,0,,0,0,False,False,0,,,,"GoDaddy.com, LLC",2,365,False,,,False,,benign,no_adverse_signal
p9131.top,2026-07-06,9,1.9219280948873623,0.4444444444444444,0,0.0,-11.223228571428573,high,0.5,1,0.8,True,NOERROR,1,60,0,2,False,True,0,59371,HK,False,Dynadot LLC,2,365,True,0,False,True,,malicious,spamhaus_dbl
94888tt.tv,2026-07-06,10,1.8423709931771084,0.5,0,0.0,-10.719309090909091,low,0.3333,2,0.5714285714285714,True,NOERROR,1,10,0,2,False,True,0,16276,CA,True,Dynadot Inc,3,365,True,0,False,False,,benign,no_adverse_signal
kaisho-labo.jp,2026-07-06,14,3.0957952550009344,0.0,1,1.0,-7.2883,low,0.5714,2,0.8181818181818182,True,NOERROR,1,3600,1,4,False,False,0,16509,US,True,,3,393,True,28,False,False,False,benign,no_adverse_signal
festivaldorio.com,2026-07-06,17,3.3927474104487847,0.0,0,0.8571428571428571,-6.629221739130435,low,0.4762,2,0.8461538461538461,True,NOERROR,2,300,0,2,True,False,2,14618,US,True,DropCatch.com 1430 LLC,2,365,False,0,False,False,,benign,no_adverse_signal
mau-kaiyun.icu,2026-07-06,14,2.9219280948873623,0.0,1,1.25,-8.453158823529412,low,0.625,1,0.8,False,NOERROR,0,,0,2,False,False,0,,,,"Zhengzhou Century Connect Electronic Technology Development Co., Ltd",2,365,False,,,False,,benign,no_adverse_signal
no404.tr,2026-07-06,8,1.9219280948873623,0.375,0,1.0,-10.265942857142857,low,0.4,1,0.8,True,NOERROR,1,3600,0,2,False,False,0,24940,DE,True,,3,364,True,0,False,False,,benign,no_adverse_signal
jjwmlayzjqeza.top,2026-07-06,17,3.0269868333592873,0.0,0,0.3,-10.476908695652174,high,0.3636,5,0.6923076923076923,False,NOERROR,0,,0,0,False,False,0,,,,URL Solutions Inc.,2,365,True,,,True,,malicious,spamhaus_dbl
londonmegagroup.uk,2026-07-06,18,3.3232314287976203,0.0,0,0.6666666666666666,-6.794181481481481,low,0.5,2,0.7333333333333333,True,NOERROR,2,300,0,2,False,False,2,13335,US,False,"Dynadot, LLC t/a Dynadot [Tag = DYNADOT]",5,365,False,0,,False,,benign,no_adverse_signal
totes2geaux.store,2026-07-06,17,3.0957952550009344,0.058823529411764705,0,1.0,-8.003815789473684,low,0.4706,1,0.8181818181818182,True,NOERROR,2,600,0,2,False,False,0,16509,US,True,,,,False,37,False,False,,benign,no_adverse_signal
washingtondata.xyz,2026-07-06,18,3.182005814760214,0.0,0,0.5555555555555556,-6.419435999999999,high,0.7857,3,0.7142857142857143,True,NOERROR,2,3600,1,2,True,False,0,16509,US,True,"GMO Internet, Inc.",2,365,True,69,False,False,,malicious,abuseipdb
chainechoes.xyz,2026-07-06,15,2.9139770731827523,0.0,0,0.8333333333333334,-6.383910526315789,high,0.5385,2,0.7272727272727273,True,NOERROR,2,3600,1,2,True,False,0,16509,US,True,"GMO Internet, Inc.",2,365,True,69,False,False,,malicious,abuseipdb
meminstallermarketplace.info,2026-07-06,28,3.3816201079487347,0.0,0,0.5333333333333333,-6.3150767441860465,medium,0.4375,3,0.5217391304347826,True,NOERROR,1,3600,2,4,True,False,1,8560,DE,True,,,,,0,False,,False,benign,no_adverse_signal
bmw770wd.site,2026-07-06,13,2.5,0.23076923076923078,0,0.0,-11.749092307692308,medium,0.3636,3,0.75,True,NOERROR,2,300,0,2,False,False,2,13335,US,False,NAMECHEAP INC,2,365,True,0,False,False,,benign,no_adverse_signal
walletopsrules.xyz,2026-07-06,18,3.182005814760214,0.0,0,0.5555555555555556,-6.9630920000000005,high,0.5833,3,0.7142857142857143,True,NOERROR,2,3600,1,2,True,False,0,16509,US,True,"GMO Internet, Inc.",2,365,True,69,False,False,,malicious,abuseipdb
stellawoodstore.com,2026-07-06,19,3.0565647621309537,0.0,0,0.6666666666666666,-6.4565777777777775,low,0.5385,3,0.6,True,NOERROR,1,1799,5,2,True,False,0,13335,CA,True,NAMECHEAP INC,2,365,True,0,False,False,False,benign,no_adverse_signal
insightstakes.xyz,2026-07-06,17,3.0269868333592873,0.0,0,0.4444444444444444,-6.625665217391304,high,0.5217,5,0.6923076923076923,True,NOERROR,2,3600,1,2,True,False,0,16509,US,True,"GMO Internet, Inc.",2,365,True,69,False,False,,malicious,abuseipdb
wettingdynamics.com,2026-07-06,19,3.506890595608518,0.0,0,0.36363636363636365,-7.000314814814815,low,0.5,5,0.8,True,NOERROR,2,3600,0,2,False,False,0,16509,US,True,"GoDaddy.com, LLC",2,365,True,18,False,False,,benign,no_adverse_signal
meritking97415.com,2026-07-06,18,3.6644977792004623,0.2777777777777778,0,0.5,-8.723236,low,0.5,2,0.9285714285714286,True,NOERROR,2,300,0,2,False,False,2,13335,US,False,"NICENIC INTERNATIONAL GROUP CO., LIMITED",2,365,False,0,False,True,,malicious,spamhaus_dbl
chainantres.xyz,2026-07-06,15,3.095795255000934,0.0,0,0.5714285714285714,-5.983347368421053,high,0.6,3,0.8181818181818182,True,NOERROR,2,3600,1,2,True,False,0,16509,US,True,"GMO Internet, Inc.",2,365,True,69,False,False,,malicious,abuseipdb
87456lhu0j4.fun,2026-07-06,15,3.277613436819116,0.4666666666666667,0,0.3333333333333333,-11.901315789473685,low,0.2857,2,0.9090909090909091,False,timeout,0,,0,0,False,False,0,,,,"Todaynic.com, Inc.",2,365,False,,,False,,benign,no_adverse_signal
u-w-5-m.com,2026-07-06,11,2.1280852788913944,0.09090909090909091,3,0.5,-11.417245454545453,low,0.4,1,0.7142857142857143,False,NOERROR,0,,0,0,False,False,0,,,,"Cloudflare, Inc.",2,1826,True,,,False,,benign,no_adverse_signal
h-merirking2.com,2026-07-06,16,3.2516291673878226,0.0625,1,0.42857142857142855,-7.389461904761904,low,0.5556,2,0.8333333333333334,True,NOERROR,2,300,0,2,False,False,2,13335,US,False,Dynadot Inc,2,365,False,0,False,False,,benign,no_adverse_signal
embracementbot.xyz,2026-07-06,18,3.039148671903071,0.0,0,0.5555555555555556,-6.788956000000001,high,0.5,3,0.6428571428571429,False,timeout,0,,0,0,False,False,0,,,,"GMO Internet, Inc.",2,365,True,,,False,,benign,no_adverse_signal
jz-ev.com,2026-07-06,9,2.321928094887362,0.0,1,0.3333333333333333,-10.944528571428572,low,0.4615,2,1.0,True,NOERROR,2,300,0,2,True,False,2,14618,US,True,DropCatch.com 1474 LLC,2,365,False,0,False,False,,benign,no_adverse_signal
51vipg.com,2026-07-06,10,2.584962500721156,0.2,0,0.3333333333333333,-9.739733333333334,low,0.4615,2,1.0,True,NOERROR,1,1,1,2,True,True,0,135377,HK,False,"Chengdu west dimension digital technology Co., LTD",2,365,True,0,True,False,False,malicious,spamhaus_zen
twsfoundation.com,2026-07-06,17,3.238901256602631,0.0,0,0.625,-6.830582608695652,low,0.5333,4,0.7692307692307693,True,NOERROR,4,10800,1,4,True,False,0,53831,US,False,Squarespace Domains II LLC,2,365,True,30,False,False,False,benign,no_adverse_signal
sensordid.xyz,2026-07-06,13,2.725480556997868,0.0,0,0.5,-6.595766666666666,high,0.5882,2,0.7777777777777778,True,NOERROR,2,3600,1,2,True,False,0,16509,US,True,"GMO Internet, Inc.",2,365,True,29,False,False,,benign,no_adverse_signal
weknowouray.com,2026-07-06,15,3.0957952550009344,0.0,0,0.8333333333333334,-7.651636842105264,low,0.5,2,0.8181818181818182,True,NOERROR,2,600,0,2,False,False,0,16509,US,True,"GoDaddy.com, LLC",1,365,True,37,False,False,,benign,no_adverse_signal
scealoblatdaurat.fr,2026-07-06,19,3.25,0.0,0,0.7777777777777778,-6.975241379310345,low,0.5,2,0.6875,True,NOERROR,1,10800,1,2,True,False,0,8362,FR,True,NORDNET,1,364,False,0,False,False,False,benign,no_adverse_signal
ventasmentality.com,2026-07-06,19,3.1898980954642866,0.0,0,0.5,-6.151722222222222,low,0.5161,2,0.6666666666666666,True,NOERROR,1,50,2,2,True,False,0,47583,CY,False,"HOSTINGER operations, UAB",2,365,False,33,False,False,False,benign,no_adverse_signal
kapital-experiment.de,2026-07-06,21,3.4613201402110083,0.0,1,0.7,-6.7376424242424235,low,0.5185,2,0.6666666666666666,True,NOERROR,1,7200,1,2,True,False,0,34788,DE,False,,,,False,0,False,False,False,benign,no_adverse_signal
errordid.xyz,2026-07-06,12,2.1556390622295662,0.0,0,0.6,-6.8981,high,0.5333,2,0.625,True,NOERROR,2,3600,1,2,True,False,0,16509,US,True,"GMO Internet, Inc.",2,365,True,69,False,False,,malicious,abuseipdb
suedshop.net,2026-07-06,12,2.75,0.0,0,0.6,-7.235769230769231,low,0.5333,3,0.875,True,NOERROR,1,10800,2,4,True,False,0,15456,DE,True,InterNetX GmbH,2,365,True,0,False,False,False,benign,no_adverse_signal
c4p-kaiyun.icu,2026-07-06,14,3.321928094887362,0.07142857142857142,1,0.6,-9.324888235294118,low,0.625,1,1.0,False,NOERROR,0,,0,2,False,False,0,,,,"Zhengzhou Century Connect Electronic Technology Development Co., Ltd",2,365,False,,,False,,benign,no_adverse_signal
xn--qwt423l.top,2026-07-06,15,3.277613436819116,0.2,2,0.0,-11.371431578947368,high,0.375,3,0.9090909090909091,True,NOERROR,3,60,0,2,False,True,0,209242,US,False,"Spaceship, Inc.",2,365,True,0,,True,,malicious,spamhaus_dbl
frozen-balance.com,2026-07-06,18,3.3787834934861767,0.0,1,0.625,-7.076324,low,0.4762,2,0.7857142857142857,True,NOERROR,2,33,0,4,False,False,0,16509,US,True,Porkbun LLC,378,730,False,2,False,False,,benign,no_adverse_signal
dight-baiyingsports.com.cn,2026-07-06,26,3.6818808028034016,0.0,1,0.38461538461538464,-7.238277142857143,low,0.4615,4,0.7368421052631579,True,NOERROR,1,600,0,2,False,False,0,134548,HK,False,商中在线科技股份有限公司,4,365,False,0,False,False,,benign,no_adverse_signal
agentstrash.xyz,2026-07-06,15,2.9139770731827523,0.0,0,0.375,-6.096957894736843,high,0.5263,5,0.7272727272727273,True,NOERROR,2,3600,1,2,True,False,0,16509,US,True,"GMO Internet, Inc.",2,365,True,69,False,False,,malicious,abuseipdb
trustapply.xyz,2026-07-06,14,2.9219280948873623,0.0,0,0.25,-6.51955294117647,high,0.7,4,0.8,True,NOERROR,2,3600,1,2,True,False,0,16509,US,True,"GMO Internet, Inc.",2,365,True,69,False,False,,malicious,abuseipdb
12elite-basketspot.shop,2026-07-06,23,3.530493056757482,0.08695652173913043,1,0.6666666666666666,-7.3178363636363635,low,0.5185,3,0.7222222222222222,True,NOERROR,1,300,0,2,False,False,0,14618,US,True,,,,False,0,False,False,,benign,no_adverse_signal
rakhoizm.cc,2026-07-06,11,3.0,0.0,0,0.6,-8.339115384615384,low,0.5714,2,1.0,True,NOERROR,2,300,0,2,False,False,2,13335,US,False,"GoDaddy.com, LLC",5,365,False,0,False,False,,benign,no_adverse_signal
scalefixly.com,2026-07-06,14,3.121928094887362,0.0,0,0.42857142857142855,-7.535329411764705,low,0.6667,3,0.9,True,NOERROR,2,10800,0,2,True,False,2,14618,US,True,DropCatch.com 1114 LLC,1,365,False,0,False,False,,benign,no_adverse_signal
zucaijintiantuijian.com.cn,2026-07-06,26,2.820589856666546,0.0,0,1.1111111111111112,-7.380654285714286,low,0.4,2,0.42105263157894735,True,NOERROR,1,300,0,2,False,False,0,132839,CL,False,商中在线科技股份有限公司,4,365,False,0,False,False,,benign,no_adverse_signal
3dk.consulting,2026-07-06,14,1.584962500721156,0.07142857142857142,0,0.0,-11.080033333333333,low,0.4444,2,1.0,True,NOERROR,1,50,0,2,False,False,0,47583,CY,False,,,,,33,False,False,,benign,no_adverse_signal
athdip.tech,2026-07-06,11,2.584962500721156,0.0,0,0.5,-7.538844444444444,low,0.5455,3,1.0,True,NOERROR,2,300,0,2,False,False,2,13335,US,False,"GMO Internet, Inc.",62,365,False,0,False,False,,benign,no_adverse_signal
pnu4.com,2026-07-06,8,2.0,0.125,0,0.5,-10.62706,low,0.5714,2,1.0,False,NOERROR,0,,0,2,False,False,0,,,,"NameSilo, LLC",2,365,True,,,False,,benign,no_adverse_signal
chainnn.com,2026-07-06,11,2.128085278891394,0.0,0,0.4,-6.914727272727273,low,0.6,3,0.7142857142857143,True,NOERROR,2,10800,0,2,True,False,2,14618,US,True,DropCatch.com 568 LLC,2,365,False,0,False,False,,benign,no_adverse_signal
okcommatiger.com,2026-07-06,16,3.2516291673878226,0.0,0,0.7142857142857143,-6.885133333333333,low,0.5455,2,0.8333333333333334,True,NOERROR,1,7200,1,2,True,False,0,34788,DE,True,RegistryGate GmbH,2,365,True,0,False,False,False,benign,no_adverse_signal
asteria-ofcl.kr,2026-07-06,15,3.418295834054489,0.0,1,0.8333333333333334,-7.088261904761905,low,0.6,3,0.9166666666666666,True,NOERROR,2,300,0,2,False,False,2,13335,US,False,"Gabia, Inc.(http://www.gabia.co.kr)",2,365,True,0,False,False,,benign,no_adverse_signal
nacionalcredacm.com.br,2026-07-06,22,3.1395722619867223,0.0,0,0.6666666666666666,-6.878611111111111,low,0.5385,3,0.6666666666666666,True,NOERROR,1,1800,2,2,True,False,1,47583,BR,False,,4,731,False,0,False,False,False,benign,no_adverse_signal
sdmedia.tech,2026-07-06,12,2.5216406363433186,0.0,0,0.75,-6.938854545454546,low,0.8333,3,0.8571428571428571,False,NOERROR,0,,0,2,False,False,0,,,,PDR Ltd. d/b/a PublicDomainRegistry.com,2,365,False,,,False,,benign,no_adverse_signal
refugioconsolodivino.org,2026-07-06,24,3.403701696057348,0.0,0,1.0,-7.066886486486487,low,0.4286,2,0.65,True,NOERROR,2,60,2,2,True,False,2,47583,DE,False,"HOSTINGER operations, UAB",2,365,False,4,False,False,False,benign,no_adverse_signal
mmocoursedownload.com,2026-07-06,21,3.381580488309164,0.0,0,0.7,-7.1089032258064515,low,0.4615,3,0.7058823529411765,False,NOERROR,0,,0,3,False,False,0,,,,"TUCOWS.COM, CO.",2,365,True,,,False,,benign,no_adverse_signal
58zz.shop,2026-07-06,9,1.5,0.2222222222222222,0,0.0,-12.077259999999999,low,0.4,2,0.75,True,NOERROR,2,600,0,2,False,True,0,152194,US,False,,,,False,0,True,True,,malicious,spamhaus_zen
thecentreforleadership.org,2026-07-06,26,3.533771256064556,0.0,0,0.5714285714285714,-6.44880243902439,low,0.4571,3,0.6363636363636364,True,NOERROR,1,50,0,2,False,False,0,47583,CY,False,"HOSTINGER operations, UAB",2,365,False,33,False,False,,benign,no_adverse_signal
skin-bucks.com,2026-07-06,14,2.9219280948873623,0.0,1,0.2857142857142857,-7.548429411764707,low,0.4706,3,0.8,True,NOERROR,2,300,2,2,True,False,2,13335,US,False,"GoDaddy.com, LLC",428,730,True,0,False,False,False,benign,no_adverse_signal
htk009.com,2026-07-06,10,2.251629167387823,0.3,0,0.0,-11.24848888888889,low,0.3636,3,0.8333333333333334,False,NOERROR,0,,0,2,False,False,0,,,,"GMO Internet, Inc.",1,365,True,,,False,,benign,no_adverse_signal
autopreneurinsights.com,2026-07-06,23,3.5110854081804277,0.0,0,0.7272727272727273,-6.610254285714286,low,0.5946,4,0.631578947368421,True,NOERROR,2,1800,0,2,False,False,0,16509,US,False,"Name.com, Inc.",2,365,True,0,False,,,benign,no_adverse_signal
inkypages.com,2026-07-06,13,3.169925001442312,0.0,0,0.5,-7.066133333333334,low,0.7143,4,1.0,True,NOERROR,2,10800,0,2,True,False,2,14618,US,True,DropCatch.com 1138 LLC,2,365,False,0,False,False,,benign,no_adverse_signal
eh37to8suz.cfd,2026-07-06,14,3.321928094887362,0.21428571428571427,0,0.75,-11.442858823529413,low,0.4286,1,1.0,False,NOERROR,0,,0,2,False,False,0,,,,"Spaceship, Inc.",1,365,False,,,False,,benign,no_adverse_signal
comite-fetes-ste-genevieve.fr,2026-07-06,29,3.1808329872054406,0.0,3,0.9166666666666666,-7.035234693877551,low,0.3684,2,0.46153846153846156,False,NOERROR,0,,3,2,True,False,0,,,,GANDI,3,364,False,,,False,False,benign,no_adverse_signal
rqcj6r.beauty,2026-07-06,13,2.2516291673878226,0.07692307692307693,0,0.0,-12.014866666666666,low,0.375,4,0.8333333333333334,False,NOERROR,0,,0,2,False,False,0,,,,"NameSilo, LLC",2,365,True,,,False,,benign,no_adverse_signal
tianyao272.top,2026-07-06,14,2.9219280948873623,0.21428571428571427,0,1.3333333333333333,-8.939976470588235,high,0.4706,2,0.8,False,NOERROR,0,,0,2,False,False,0,,,,Chengdu west dimension digital,2,365,True,,,False,,benign,no_adverse_signal
ajaibwin88.com,2026-07-06,14,2.7219280948873625,0.14285714285714285,0,1.0,-8.437511764705883,low,0.4444,2,0.7,True,NOERROR,2,300,0,2,False,False,2,13335,US,False,Dynadot Inc,2,365,False,0,False,False,,benign,no_adverse_signal
vailnotary.com,2026-07-06,14,3.121928094887362,0.0,0,0.6666666666666666,-7.182670588235294,low,0.6,2,0.9,True,NOERROR,1,10800,0,2,False,False,0,16509,US,True,"TUCOWS.COM, CO.",5485,5844,True,0,False,False,,benign,no_adverse_signal
owedcopilot.xyz,2026-07-06,15,3.027169118440619,0.0,0,0.8333333333333334,-7.1647842105263155,high,0.4762,2,0.8181818181818182,True,NOERROR,2,3600,1,2,True,False,0,16509,US,True,"GMO Internet, Inc.",2,365,True,29,False,False,,benign,no_adverse_signal
g8aq.com,2026-07-06,8,2.0,0.125,0,0.5,-12.143080000000001,low,0.4444,1,1.0,False,NOERROR,0,,0,2,False,False,0,,,,"NameSilo, LLC",2,365,True,,,False,,benign,no_adverse_signal
httphorizon-assistance.fr,2026-07-06,25,3.5726236638951634,0.0,1,0.5,-7.001090243902438,low,0.4865,5,0.5909090909090909,True,NOERROR,1,3600,3,2,True,False,0,16276,FR,True,OVH,2,364,False,0,False,False,False,benign,no_adverse_signal
rivanolabs.com,2026-07-06,14,3.121928094887362,0.0,0,0.6666666666666666,-6.742070588235294,low,0.5882,2,0.9,True,NOERROR,4,10800,0,4,True,False,0,53831,US,False,Squarespace Domains LLC,1,365,True,23,False,False,,benign,no_adverse_signal
premiumskit.xyz,2026-07-06,15,3.095795255000934,0.0,0,0.5714285714285714,-7.232626315789474,high,0.5333,3,0.8181818181818182,True,NOERROR,2,3600,1,0,True,False,0,16509,US,True,"GMO Internet, Inc.",2,365,True,69,False,False,,malicious,abuseipdb
07440.hk,2026-07-06,8,1.5219280948873621,0.625,0,0.0,-10.911814285714286,low,0.25,0,0.6,True,NOERROR,1,1,0,2,False,True,0,4907,JP,False,Web Commerce Communications Limited,15,365,False,0,True,True,,malicious,spamhaus_zen
vuadoithe.com,2026-07-06,13,3.169925001442312,0.0,0,1.25,-7.776126666666667,low,0.5714,2,1.0,True,NOERROR,1,3600,0,2,False,False,0,20473,SG,True,"GoDaddy.com, LLC",2,365,True,0,False,False,,benign,no_adverse_signal
theamberapp.com,2026-07-06,15,2.913977073182752,0.0,0,0.5714285714285714,-6.3590526315789475,low,0.5455,2,0.7272727272727273,True,NOERROR,1,1799,0,2,False,False,0,16509,US,False,NAMECHEAP INC,2,365,True,0,False,False,,benign,no_adverse_signal
msgping.help,2026-07-06,12,2.5216406363433186,0.0,0,0.16666666666666666,-7.5754090909090905,low,0.6667,4,0.8571428571428571,True,NOERROR,1,1800,2,2,True,False,0,22612,US,False,NAMECHEAP INC,2,365,True,0,False,False,False,benign,no_adverse_signal
aboutsmr.com,2026-07-06,12,3.0,0.0,0,0.6,-7.4404,low,0.5,4,1.0,True,NOERROR,1,300,0,2,False,False,0,20473,KR,True,"Gabia, Inc.",2,365,False,0,False,False,,benign,no_adverse_signal
sixsencejourney.space,2026-07-06,21,3.32323142879762,0.0,0,0.6666666666666666,-7.324714814814815,low,0.5714,2,0.7333333333333333,False,NXDOMAIN,0,,0,0,False,False,0,,,,NAMECHEAP INC,1,365,True,,,False,,benign,no_adverse_signal
kongqizhan.com,2026-07-06,14,3.121928094887362,0.0,0,0.42857142857142855,-8.099282352941177,low,0.5333,3,0.9,True,NOERROR,1,600,0,2,False,False,0,23764,HK,False,"Guizhou Zhongyu Zhike Network Technology Co., Ltd.",2,365,False,0,False,False,,benign,no_adverse_signal
6pjdjo.top,2026-07-06,10,2.2516291673878226,0.1,0,0.25,-10.804844444444445,high,0.4444,4,0.8333333333333334,False,NOERROR,0,,0,2,False,False,0,,,,NameMart Pte. Ltd.,2,365,False,,,False,,benign,no_adverse_signal
wonghongwei.com,2026-07-06,15,2.7321588913645702,0.0,0,0.5714285714285714,-7.349147368421053,low,0.4706,3,0.6363636363636364,True,NOERROR,2,300,5,2,True,False,2,13335,US,False,NAMECHEAP INC,1,365,True,0,False,False,False,benign,no_adverse_signal
everxexchange.trade,2026-07-06,19,2.9312089489103235,0.0,0,0.625,-7.184073913043478,low,0.56,3,0.6923076923076923,True,NOERROR,2,300,2,3,True,False,0,2635,US,False,Automattic Inc.,2,365,True,4,False,False,False,benign,no_adverse_signal
mentionflow.org,2026-07-06,15,3.095795255000934,0.0,0,0.5714285714285714,-6.4179894736842105,low,0.4706,3,0.8181818181818182,True,NOERROR,2,29,0,4,False,False,0,16509,US,True,Porkbun LLC,1,365,False,0,False,False,,benign,no_adverse_signal
q7229.com,2026-07-06,9,1.9219280948873623,0.4444444444444444,0,0.0,-12.028514285714285,low,0.25,1,0.8,False,NOERROR,0,,0,0,False,False,0,,,,Dynadot Inc,2,365,False,,,False,,benign,no_adverse_signal
kinema.agency,2026-07-06,13,2.584962500721156,0.0,0,1.0,-6.004277777777777,low,0.6,1,1.0,True,NOERROR,2,3600,0,2,False,False,0,16509,US,True,,,,,24,False,False,,benign,no_adverse_signal
nyprocess.com,2026-07-06,13,2.9477027792200903,0.0,0,0.2857142857142857,-6.903506666666667,low,0.5556,4,0.8888888888888888,True,NOERROR,1,300,0,2,False,True,0,13335,US,False,"GMO Internet, Inc.",2,365,True,0,,,,benign,no_adverse_signal
yaxim686.net,2026-07-06,12,2.75,0.25,0,0.6666666666666666,-10.035053846153847,low,0.4615,1,0.875,False,SERVFAIL,0,,0,2,False,False,0,,,,SGADDRESS PTE. LTD,3,365,False,,,,,unknown,no_reputation_coverage
sandiegomoveconsultants.com,2026-07-06,27,3.6424896731661263,0.0,0,0.6428571428571429,-6.62986511627907,low,0.5,3,0.6086956521739131,False,SERVFAIL,0,,1,4,True,False,0,,,,Squarespace Domains II LLC,27,365,True,,,False,False,benign,no_adverse_signal
paymentsframe.xyz,2026-07-06,17,3.238901256602631,0.0,0,0.4444444444444444,-6.8100565217391305,high,0.5455,5,0.7692307692307693,True,NOERROR,2,3600,1,2,True,False,0,16509,US,True,"GMO Internet, Inc.",2,365,True,69,False,False,,malicious,abuseipdb
thecivicagencyproject.org,2026-07-06,25,3.5944656369614516,0.0,0,0.5,-6.992648717948718,low,0.5714,5,0.6666666666666666,True,NOERROR,2,600,0,2,False,False,0,16509,US,True,"GoDaddy.com, LLC",2,365,False,30,False,False,,benign,no_adverse_signal
church-of-the-pacific.org,2026-07-06,25,3.368042422572715,0.0,3,0.5,-7.7503,low,0.3871,3,0.5714285714285714,True,NOERROR,1,10800,3,2,True,False,0,22612,US,True,NAMECHEAP INC,1,365,True,0,False,False,False,benign,no_adverse_signal
aminoerapeptides.us,2026-07-06,19,3.327819531114783,0.0,0,1.0,-6.742755172413792,low,0.5714,2,0.6875,False,timeout,0,,0,0,False,False,0,,,,Porkbun,3,365,False,,,False,,benign,no_adverse_signal
sterbik.cz,2026-07-06,10,2.807354922057604,0.0,0,0.4,-6.497718181818183,low,0.6667,2,1.0,False,NOERROR,0,,0,2,False,False,0,,,,REG-INTERNET-CZ,2,364,False,,,False,,benign,no_adverse_signal
chefcorner.site,2026-07-06,15,2.7219280948873625,0.0,0,0.42857142857142855,-6.824347058823529,medium,0.625,2,0.7,True,NOERROR,1,10800,3,2,True,False,0,22612,US,True,NAMECHEAP INC,1,365,True,0,False,False,False,benign,no_adverse_signal
green-info.net,2026-07-06,14,2.9219280948873623,0.0,1,0.8,-6.9287117647058825,low,0.5,2,0.8,True,NOERROR,1,3600,3,2,True,False,0,16276,FR,True,"OVH, SAS",1,365,True,0,False,False,False,benign,no_adverse_signal
musiedate.com,2026-07-06,13,2.94770277922009,0.0,0,1.25,-6.6314,low,0.7059,1,0.8888888888888888,True,NOERROR,2,300,0,2,False,False,2,13335,US,False,"Spaceship, Inc.",2,365,False,0,False,True,,malicious,spamhaus_dbl
xn--ei0bl79a9la90grtvp5b.com,2026-07-06,28,3.9701755214643453,0.25,2,0.36363636363636365,-11.036297777777778,low,0.2778,5,0.7083333333333334,False,SERVFAIL,0,,0,0,False,False,0,,,,VIAWEB Inc.,1714,1826,False,,,False,,benign,no_adverse_signal
84283614.xyz,2026-07-06,12,2.5,0.6666666666666666,0,0.0,-11.308023076923076,high,0.3636,0,0.75,False,NOERROR,0,,0,2,False,False,0,,,,"NameSilo, LLC",2,365,True,,,False,,benign,no_adverse_signal
inkberry.store,2026-07-06,14,2.75,0.0,0,0.3333333333333333,-7.236023076923077,low,0.5714,3,0.875,True,NOERROR,1,10800,0,2,False,False,0,16509,US,False,,,,False,0,False,False,,benign,no_adverse_signal
parvani.co.in,2026-07-06,13,2.5216406363433186,0.0,0,0.75,-6.642427272727272,low,0.5714,2,0.8571428571428571,False,timeout,0,,0,0,False,False,0,,,,GoDaddy,4,365,False,,,False,,benign,no_adverse_signal
omnirights.com,2026-07-06,14,3.121928094887362,0.0,0,0.42857142857142855,-7.331394117647059,low,0.6087,4,0.9,True,NOERROR,1,10800,1,2,True,False,0,16276,FR,True,NAMECHEAP INC,2,365,True,0,False,False,False,benign,no_adverse_signal
h7305.top,2026-07-06,9,2.321928094887362,0.4444444444444444,0,0.0,-11.3911,high,0.5,1,1.0,True,NOERROR,1,60,0,2,False,True,0,59371,HK,False,Dynadot LLC,2,365,True,0,False,True,,malicious,spamhaus_dbl
benefactorsbot.xyz,2026-07-06,18,3.2359263506290326,0.0,0,0.5555555555555556,-6.917108,high,0.5185,3,0.7142857142857143,True,NOERROR,2,3600,1,2,True,False,0,16509,US,True,"GMO Internet, Inc.",2,365,True,69,False,False,,malicious,abuseipdb
fieldamigo.app,2026-07-06,14,3.121928094887362,0.0,0,1.0,-7.098276470588235,low,0.5,2,0.9,True,NOERROR,1,1800,5,2,True,False,0,22612,US,False,,,,False,0,False,False,False,benign,no_adverse_signal
wgo77.org,2026-07-06,9,1.9219280948873623,0.2222222222222222,0,0.5,-9.791228571428572,low,0.5,2,0.8,True,NOERROR,2,300,0,2,False,False,2,13335,US,False,NAMECHEAP INC,2,365,True,0,False,,,benign,no_adverse_signal
hilut.app,2026-07-06,9,2.321928094887362,0.0,0,0.6666666666666666,-7.2185,low,0.5455,1,1.0,True,NOERROR,1,300,1,2,True,False,0,54113,US,False,,,,False,0,False,False,False,benign,no_adverse_signal
mgi-kaiyun.icu,2026-07-06,14,3.121928094887362,0.0,1,0.8,-8.537076470588236,low,0.625,2,0.9,False,NOERROR,0,,0,2,False,False,0,,,,"Zhengzhou Century Connect Electronic Technology Development Co., Ltd",2,365,False,,,False,,benign,no_adverse_signal
loveluxuryonline.shop,2026-07-06,21,3.202819531114783,0.0,0,0.7777777777777778,-7.0773241379310345,low,0.5,2,0.625,True,NOERROR,1,300,0,2,False,False,0,199242,US,False,,,,False,0,False,False,,benign,no_adverse_signal
yourcarsucks.app,2026-07-06,16,2.918295834054489,0.0,0,0.5,-7.013990476190476,low,0.4828,3,0.6666666666666666,True,NOERROR,2,43,0,4,False,False,0,16509,US,True,,,,False,2,False,False,,benign,no_adverse_signal
dw-ventures.online,2026-07-06,18,3.277613436819116,0.0,1,0.42857142857142855,-7.395268421052632,medium,0.5882,2,0.9090909090909091,True,NOERROR,1,50,0,2,False,False,0,47583,CY,False,"HOSTINGER operations, UAB",2,365,False,33,False,False,,benign,no_adverse_signal
