domain,date_collected,domain_length,shannon_entropy,digit_ratio,hyphen_count,vowel_consonant_ratio,ngram_score,tld_risk_category,typosquatting_similarity,longest_consonant_run,unique_char_ratio,resolves_flag,rcode,num_a_records,min_ttl,mx_count,num_ns,has_spf,cname_present,num_aaaa_records,asn,geo_country,ptr_present,registrar,domain_age_days,registration_duration_days,privacy_protection_flag,abuseipdb_score,spamhaus_zen_listed,spamhaus_dbl_listed,mx_spamhaus_zen_listed,label,label_reason
692757.cyou,2026-07-24,11,2.251629167387823,0.5454545454545454,0,0.0,-11.267488888888888,low,0.3636,0,0.8333333333333334,False,NOERROR,0,,0,2,False,False,0,,,,Gname.com Pte. Ltd.,2,365,True,,,False,,benign,no_adverse_signal
zgtiyucaipiaojingcaizuqiuguanwang.asia,2026-07-24,38,3.4724455441788407,0.0,0,0.9411764705882353,-8.28852380952381,low,0.3265,3,0.42424242424242425,True,NOERROR,1,300,0,2,False,False,0,132839,HK,False,Eranet International Limited,2,365,True,0,False,False,,benign,no_adverse_signal
getwss.shop,2026-07-24,11,2.2516291673878226,0.0,0,0.2,-7.434744444444444,low,0.6,4,0.8333333333333334,True,NOERROR,1,300,0,2,False,False,0,,GE,False,,,,False,0,True,False,,malicious,spamhaus_zen
squeezohs.com,2026-07-24,13,2.725480556997868,0.0,0,0.8,-8.38086,low,0.4706,2,0.7777777777777778,True,NOERROR,2,600,0,2,False,False,0,16509,US,True,"GoDaddy.com, LLC",2,365,False,32,False,False,,benign,no_adverse_signal
nlpl198.top,2026-07-24,11,2.5216406363433186,0.2727272727272727,0,0.0,-10.105963636363636,high,0.4286,4,0.8571428571428571,True,NOERROR,3,60,0,2,False,True,0,40065,US,False,Gname.com Pte. Ltd.,2,365,True,0,False,False,,benign,no_adverse_signal
deepanshi.xyz,2026-07-24,13,2.94770277922009,0.0,0,0.8,-6.607033333333334,high,0.5333,3,0.8888888888888888,True,NOERROR,2,3600,1,2,True,False,0,16509,US,True,"GMO Internet, Inc.",2,365,True,27,False,False,,benign,no_adverse_signal
apish-yameisports.com.cn,2026-07-24,24,3.4548223999466066,0.0,1,0.6,-7.225109677419355,low,0.5185,3,0.7058823529411765,True,NOERROR,1,600,0,2,False,False,0,134175,HK,False,北京新网数码信息技术有限公司,4,365,False,0,False,False,,benign,no_adverse_signal
tryingenia.biz,2026-07-24,14,2.921928094887362,0.0,0,0.6666666666666666,-6.765741176470589,low,0.625,3,0.8,True,NOERROR,2,300,1,2,True,False,2,13335,US,False,DYNADOT LLC,2,365,True,0,False,False,False,benign,no_adverse_signal
thebreadoflifemission.org,2026-07-24,25,3.6537567082870015,0.0,0,0.75,-6.817674358974359,low,0.4516,2,0.6666666666666666,True,NOERROR,2,300,2,2,True,False,2,13335,US,False,"GoDaddy.com, LLC",2,365,False,0,False,False,False,benign,no_adverse_signal
exploretubudd.com,2026-07-24,17,3.238901256602631,0.0,0,0.625,-7.144073913043479,low,0.5185,3,0.7692307692307693,True,NOERROR,2,300,5,2,True,False,2,13335,US,False,"Network Solutions, LLC",2,365,False,0,False,False,False,benign,no_adverse_signal
narukivexira.com,2026-07-24,16,3.084962500721156,0.0,0,1.0,-7.46215238095238,low,0.6316,1,0.75,False,NXDOMAIN,0,,0,0,False,False,0,,,,"GMO Internet, Inc.",2,365,True,,,False,,benign,no_adverse_signal
disruptive-x.ai,2026-07-24,15,3.418295834054489,0.0,1,0.5714285714285714,-7.706761904761906,low,0.5263,2,0.9166666666666666,True,NOERROR,2,300,1,2,False,False,2,13335,US,False,NAMECHEAP INC,23,731,True,0,False,False,False,benign,no_adverse_signal
dewa4dku2.com,2026-07-24,13,2.94770277922009,0.15384615384615385,0,0.75,-9.643013333333332,low,0.4444,2,0.8888888888888888,True,NOERROR,2,300,0,2,False,False,2,13335,US,False,PDR Ltd. d/b/a PublicDomainRegistry.com,2,365,False,0,False,False,,benign,no_adverse_signal
globichub.xyz,2026-07-24,13,2.94770277922009,0.0,0,0.5,-6.880786666666666,high,0.6667,2,0.8888888888888888,True,NOERROR,2,3600,1,2,True,False,0,16509,US,True,"GMO Internet, Inc.",2,365,True,27,False,False,,benign,no_adverse_signal
towncommunicator.com,2026-07-24,20,3.202819531114783,0.0,0,0.6,-6.7562310344827585,low,0.6,3,0.625,True,NOERROR,1,3600,1,4,True,False,0,8075,US,False,PDR Ltd. d/b/a PublicDomainRegistry.com,2,365,False,0,True,False,False,malicious,spamhaus_zen
daelanoproduction.com,2026-07-24,21,3.4548223999466066,0.0,0,0.8888888888888888,-6.847319354838709,low,0.5714,2,0.7058823529411765,True,NOERROR,2,300,2,2,True,False,2,13335,US,False,"HOSTINGER operations, UAB",2,365,False,0,False,False,False,benign,no_adverse_signal
mmmxa.asia,2026-07-24,10,1.3709505944546687,0.0,0,0.25,-10.369514285714287,low,0.4444,4,0.6,False,NOERROR,0,,0,2,False,False,0,,,,Alibaba Cloud Computing Ltd. d/b/a HiChina (www.net.cn),2,365,True,,,False,,benign,no_adverse_signal
jlauryn.com,2026-07-24,11,2.807354922057604,0.0,0,0.4,-8.142636363636363,low,0.6154,3,1.0,False,NXDOMAIN,0,,0,0,False,False,0,,,,"Network Solutions, LLC",2,365,False,,,False,,benign,no_adverse_signal
gestureharvestlady.makeup,2026-07-24,25,3.4613201402110083,0.0,0,0.5,-6.703542424242425,low,0.5161,3,0.6666666666666666,True,NOERROR,2,300,0,2,False,False,2,13335,US,False,"NameSilo, LLC",2,365,True,0,False,False,,benign,no_adverse_signal
golfballtestdrive.com,2026-07-24,21,3.572469458770136,0.0,0,0.4166666666666667,-7.178396774193549,low,0.5,4,0.7647058823529411,True,NOERROR,2,3600,0,2,False,False,0,16509,US,True,"GoDaddy.com, LLC",1,365,False,22,False,False,,benign,no_adverse_signal
xxz77.com,2026-07-24,9,1.5219280948873621,0.2222222222222222,0,0.0,-10.888942857142856,low,0.4,3,0.6,True,NOERROR,2,3600,0,2,False,False,0,16509,US,True,"GoDaddy.com, LLC",2,365,False,16,False,False,,benign,no_adverse_signal
themanifest3d.com,2026-07-24,17,3.3927474104487847,0.058823529411764705,0,0.5,-7.437439130434783,low,0.5,2,0.8461538461538461,False,NOERROR,0,,0,2,False,False,0,,,,"Cloudflare, Inc.",2,365,True,,,False,,benign,no_adverse_signal
swissgearco.shop,2026-07-24,16,3.027169118440619,0.0,0,0.5714285714285714,-7.1406,low,0.5263,3,0.8181818181818182,True,NOERROR,1,300,0,2,False,False,0,199242,GE,False,,,,False,0,True,False,,malicious,spamhaus_zen
palmettoclearancesales.shop,2026-07-24,27,3.243300368538957,0.0,0,0.6923076923076923,-6.4363219512195124,low,0.4571,2,0.5,True,NOERROR,1,3244,1,2,True,False,0,133618,US,True,,,,False,0,False,False,False,benign,no_adverse_signal
emrdigitals.com,2026-07-24,15,3.277613436819116,0.0,0,0.5714285714285714,-7.038647368421052,low,0.5333,3,0.9090909090909091,True,NOERROR,2,600,0,2,False,False,0,16509,US,True,"GoDaddy.com, LLC",2,365,False,32,False,False,,benign,no_adverse_signal
yulume.com,2026-07-24,10,2.2516291673878226,0.0,0,1.0,-7.787277777777778,low,0.6154,1,0.8333333333333334,False,NOERROR,0,,3,2,True,False,0,,,,Alibaba Cloud Computing Ltd. d/b/a HiChina (www.net.cn),1,365,False,,,False,False,benign,no_adverse_signal
hydrojukg.shop,2026-07-24,14,3.169925001442312,0.0,0,0.2857142857142857,-8.753293333333334,low,0.4615,4,1.0,True,NOERROR,1,60,3,2,True,False,0,13335,CA,True,,,,False,0,False,False,False,benign,no_adverse_signal
3fdwo.com,2026-07-24,9,2.321928094887362,0.1111111111111111,0,0.3333333333333333,-10.795028571428572,low,0.5455,3,1.0,False,NOERROR,0,,0,2,False,False,0,,,,Realtime Register B.V.,2,365,False,,,False,,benign,no_adverse_signal
absurfacetechnologies.com,2026-07-24,25,3.7849418274376423,0.0,0,0.75,-6.976446153846153,low,0.4667,3,0.7142857142857143,True,NOERROR,1,1800,0,2,False,False,1,47583,IN,False,"HOSTINGER operations, UAB",2,1096,False,0,False,False,,benign,no_adverse_signal
g25r0.com,2026-07-24,9,2.321928094887362,0.3333333333333333,0,0.0,-12.304014285714286,low,0.4444,1,1.0,True,NOERROR,2,300,0,2,False,True,2,13335,US,False,Realtime Register B.V.,2,365,False,0,False,False,,benign,no_adverse_signal
96i9.com,2026-07-24,8,1.5,0.375,0,1.0,-13.14958,low,0.3333,0,0.75,True,NOERROR,2,600,0,2,False,False,0,16509,NL,True,Alibaba Cloud Computing Ltd. d/b/a HiChina (www.net.cn),3,365,False,9,False,False,,benign,no_adverse_signal
bioenergeticsblog.com,2026-07-24,21,3.337175341123077,0.0,0,0.7,-6.847709677419354,low,0.4667,4,0.6470588235294118,True,NOERROR,2,600,0,2,False,False,0,16509,US,True,"GoDaddy.com, LLC",1,1096,False,32,False,False,,benign,no_adverse_signal
quanyhuilanquzhibozainlkandedao.com.cn,2026-07-24,38,3.627763553007399,0.0,0,0.8235294117647058,-7.868020338983051,low,0.3182,3,0.45161290322580644,True,NOERROR,1,300,0,2,False,False,0,132839,SC,False,北京新网数码信息技术有限公司,4,365,False,0,False,False,,benign,no_adverse_signal
newkingco.online,2026-07-24,16,2.94770277922009,0.0,0,0.5,-7.377893333333334,medium,0.5,3,0.8888888888888888,True,NOERROR,1,7200,0,2,False,False,0,40676,VG,False,"NETWORK SOLUTIONS, LLC.",2,365,False,0,False,False,,benign,no_adverse_signal
alvioni.com,2026-07-24,11,2.521640636343318,0.0,0,1.3333333333333333,-6.9800272727272725,low,0.6667,2,0.8571428571428571,True,NOERROR,2,300,0,2,False,False,2,13335,US,False,"Spaceship, Inc.",2,365,False,0,False,False,,benign,no_adverse_signal
ssfelg.shop,2026-07-24,11,2.2516291673878226,0.0,0,0.2,-8.062566666666667,low,0.5333,3,0.8333333333333334,True,NOERROR,1,3459,1,2,True,False,0,133618,AU,True,,,,False,0,False,False,False,benign,no_adverse_signal
neovex.shop,2026-07-24,11,2.2516291673878226,0.0,0,1.0,-7.259322222222222,low,0.5455,1,0.8333333333333334,True,NOERROR,1,86400,0,2,False,False,0,16509,US,True,,,,False,0,False,False,,benign,no_adverse_signal
upzxmtmps.cc,2026-07-24,12,2.725480556997868,0.0,0,0.125,-9.949333333333334,low,0.5882,8,0.7777777777777778,False,NOERROR,0,,0,2,False,False,0,,,,"NameSilo, LLC",2,365,False,,,False,,benign,no_adverse_signal
agape-medjugorje.com,2026-07-24,20,3.327819531114783,0.0,1,0.875,-8.055444827586207,low,0.56,2,0.6875,True,NOERROR,1,1799,5,2,True,False,0,16509,US,False,NAMECHEAP INC,2,365,True,0,False,False,False,benign,no_adverse_signal
texasig.com,2026-07-24,11,2.807354922057604,0.0,0,0.75,-6.921118181818182,low,0.5714,1,1.0,True,NOERROR,4,14400,0,4,True,False,0,53831,US,False,Squarespace Domains LLC,1,365,True,15,False,False,,benign,no_adverse_signal
jackpotzonespot.casa,2026-07-24,20,3.3232314287976203,0.0,0,0.5,-7.053425925925926,low,0.4615,3,0.7333333333333333,True,NOERROR,1,3600,1,2,True,False,0,44901,CY,False,PDR Ltd. d/b/a PublicDomainRegistry.com,2,365,True,0,False,False,False,benign,no_adverse_signal
thenordsellagency.com,2026-07-24,21,3.572469458770136,0.0,0,0.4166666666666667,-6.625567741935485,low,0.5,3,0.7647058823529411,True,NOERROR,2,3600,1,2,True,False,0,16509,US,True,"GoDaddy.com, LLC",2,1096,False,22,False,False,False,benign,no_adverse_signal
speechlanguagereading.com,2026-07-24,25,3.463280517810811,0.0,0,0.75,-6.639664102564104,low,0.5,3,0.6190476190476191,True,NOERROR,4,14400,1,4,True,False,0,53831,US,False,Squarespace Domains II LLC,1,365,True,15,False,False,False,benign,no_adverse_signal
homerix.us,2026-07-24,10,2.807354922057604,0.0,0,0.75,-6.282572727272727,low,0.6154,1,1.0,True,NOERROR,2,300,0,2,False,False,2,13335,US,False,"Cloudflare, Inc.",2,731,False,0,False,False,,benign,no_adverse_signal
play4tune.com.co,2026-07-24,16,3.169925001442312,0.0625,0,0.6,-8.371506666666667,low,0.6,2,1.0,True,NOERROR,2,300,0,2,False,False,2,13335,US,False,"Cloudflare, Inc.",3,365,True,0,False,False,,benign,no_adverse_signal
solaraestates.com,2026-07-24,17,2.66122625626979,0.0,0,0.8571428571428571,-6.260060869565217,low,0.5385,2,0.5384615384615384,True,NOERROR,1,1800,0,0,False,False,0,58182,US,True,Wix.com Ltd.,735,1095,True,0,False,False,,benign,no_adverse_signal
moriwin-zxy29.top,2026-07-24,17,3.5465935642949384,0.11764705882352941,1,0.42857142857142855,-8.996334782608695,high,0.4348,3,0.9230769230769231,True,NOERROR,3,60,0,2,False,False,0,211381,NL,True,Dynadot LLC,2,365,True,0,False,False,,benign,no_adverse_signal
cartdm.shop,2026-07-24,11,2.584962500721156,0.0,0,0.2,-7.294911111111111,low,0.6154,4,1.0,True,NOERROR,2,300,3,2,True,False,2,13335,US,False,,,,False,0,False,False,False,benign,no_adverse_signal
myra.tax,2026-07-24,8,2.0,0.0,0,0.3333333333333333,-7.79872,low,0.6,3,1.0,True,NOERROR,2,60,0,4,True,False,0,16509,AU,True,,,,,0,False,False,,benign,no_adverse_signal
scsxwj.com,2026-07-24,10,2.2516291673878226,0.0,0,0.0,-10.409344444444445,low,0.5455,6,0.8333333333333334,True,NOERROR,1,1,0,2,False,False,0,62468,CN,False,TuringSign Inc. d/b/a Cosmotown,2,365,False,0,True,False,,malicious,spamhaus_zen
westmountain.co,2026-07-24,15,3.2516291673878226,0.0,0,0.7142857142857143,-6.48472380952381,low,0.5385,3,0.8333333333333334,True,NOERROR,2,3600,1,2,True,False,0,16509,US,True,UM DOMAINS PTE. LTD.,4,365,True,58,False,False,,malicious,abuseipdb
cullenparknyucd.com,2026-07-24,19,3.3735572622751846,0.0,0,0.36363636363636365,-7.632040740740741,low,0.4762,4,0.7333333333333333,True,NOERROR,4,14400,1,4,True,False,0,53831,US,False,Squarespace Domains II LLC,1,365,True,15,False,False,False,benign,no_adverse_signal
vividinksco.com,2026-07-24,15,2.845350936622437,0.0,0,0.5714285714285714,-6.824968421052631,low,0.5556,4,0.7272727272727273,True,NOERROR,2,300,1,2,True,False,2,13335,US,False,NAMECHEAP INC,2,365,True,0,False,False,False,benign,no_adverse_signal
sweepcleansolutions.com,2026-07-24,23,3.4316235658474303,0.0,0,0.7272727272727273,-6.7801857142857145,low,0.5641,3,0.631578947368421,True,NOERROR,1,86400,0,4,False,False,1,13335,CA,True,"TUCOWS.COM, CO.",2,365,True,0,False,False,,benign,no_adverse_signal
daniellealexanderward2.ca,2026-07-24,25,3.118078209349709,0.04,0,0.75,-6.8837073170731715,low,0.4242,2,0.45454545454545453,True,NOERROR,3,3600,0,2,False,False,0,58182,US,True,Tucows.com Co.,2,1096,False,19,False,False,,benign,no_adverse_signal
taimyo.de,2026-07-24,9,2.584962500721156,0.0,0,1.0,-7.459433333333333,low,0.6,2,1.0,True,NOERROR,4,30,0,2,False,False,8,24940,FI,True,,,,False,0,False,False,,benign,no_adverse_signal
chantillac.fr,2026-07-24,13,2.7219280948873625,0.0,0,0.42857142857142855,-6.230905882352941,low,0.5333,2,0.7,True,NOERROR,1,900,0,2,False,False,0,197033,FR,True,REGIE AUTONOME DE NUMERIAN,1,364,False,0,False,False,,benign,no_adverse_signal
yonghigp34b.top,2026-07-24,15,3.277613436819116,0.13333333333333333,0,0.2857142857142857,-9.0589,high,0.4444,3,0.9090909090909091,False,NOERROR,0,,0,2,False,False,0,,,,GoDaddy.com,2,365,True,,,False,,benign,no_adverse_signal
thebenchmarkgroup.online,2026-07-24,24,3.734521664779752,0.0,0,0.4166666666666667,-7.05441935483871,medium,0.4444,4,0.8235294117647058,True,NOERROR,2,120,0,4,False,False,2,16509,DE,True,Mesh Digital Limited,2,365,False,15,False,False,,benign,no_adverse_signal
sktanahhitam.com,2026-07-24,16,2.8553885422075336,0.0,0,0.5,-7.498942857142858,low,0.6,3,0.6666666666666666,True,NOERROR,1,60,5,2,True,False,0,53087,BR,True,NAMECHEAP INC,2,365,True,0,False,False,False,benign,no_adverse_signal
myxs.xyz,2026-07-24,8,2.0,0.0,0,0.0,-9.58872,high,0.6667,4,1.0,True,NOERROR,2,3600,1,2,True,False,0,16509,US,True,"GMO Internet, Inc.",2,365,True,27,False,False,,benign,no_adverse_signal
qt888.io,2026-07-24,8,1.3709505944546687,0.375,0,0.0,-9.952142857142858,low,0.25,2,0.6,True,NOERROR,2,300,0,2,False,False,2,13335,US,False,DYNADOT LLC,3,365,True,0,False,False,,benign,no_adverse_signal
edpsunshine.bond,2026-07-24,16,2.9139770731827523,0.0,0,0.5714285714285714,-7.048868421052631,low,0.6,3,0.7272727272727273,True,NOERROR,2,300,0,2,False,False,2,13335,US,False,Gname.com Pte. Ltd.,2,365,True,0,False,False,,benign,no_adverse_signal
routinamade.com,2026-07-24,15,3.277613436819116,0.0,0,1.2,-6.17701052631579,low,0.5333,1,0.9090909090909091,True,NOERROR,2,600,1,2,True,False,0,16509,US,True,"GoDaddy.com, LLC",1,365,False,32,False,False,False,benign,no_adverse_signal
tracktime.co,2026-07-24,12,2.94770277922009,0.0,0,0.5,-6.477180000000001,low,0.6154,3,0.8888888888888888,True,NOERROR,2,3600,1,2,True,False,0,16509,US,True,UM DOMAINS PTE. LTD.,4,365,True,58,False,False,,malicious,abuseipdb
mittelstand.app,2026-07-24,15,3.027169118440619,0.0,0,0.375,-6.317736842105264,low,0.5263,3,0.8181818181818182,True,NOERROR,2,1200,0,2,False,False,0,16509,US,True,,,,False,2,False,False,,benign,no_adverse_signal
stone-center-pse.com,2026-07-24,20,3.0,0.0,2,0.5555555555555556,-6.783344827586207,low,0.5217,2,0.5625,True,NOERROR,1,300,0,2,True,False,1,29222,CH,True,Infomaniak Network SA,2,365,False,0,False,False,,benign,no_adverse_signal
rxfvb.asia,2026-07-24,10,2.321928094887362,0.0,0,0.0,-11.577914285714286,low,0.6,5,1.0,False,NOERROR,0,,0,2,False,False,0,,,,Alibaba Cloud Computing Ltd. d/b/a HiChina (www.net.cn),2,365,True,,,False,,benign,no_adverse_signal
glamlinxki.net,2026-07-24,14,2.9219280948873623,0.0,0,0.42857142857142855,-8.003482352941177,low,0.5556,3,0.8,True,NOERROR,2,300,0,2,False,False,2,13335,US,False,"NameSilo, LLC",2,365,True,0,False,False,,benign,no_adverse_signal
fishermanbrasilwear.com.br,2026-07-24,26,3.43162356584743,0.0,0,0.5833333333333334,-6.834551428571429,low,0.4667,3,0.631578947368421,True,NOERROR,1,21600,4,2,True,False,0,46606,US,True,,11,365,False,0,False,False,False,benign,no_adverse_signal
jovelletrading.shop,2026-07-24,19,3.521640636343319,0.0,0,0.5555555555555556,-6.326272,low,0.56,2,0.8571428571428571,True,NOERROR,2,300,0,2,False,False,2,13335,US,False,,,,False,0,False,False,,benign,no_adverse_signal
alww168.com,2026-07-24,11,2.5216406363433186,0.2727272727272727,0,0.3333333333333333,-9.885990909090909,low,0.4615,3,0.8571428571428571,False,NOERROR,0,,0,4,False,False,0,,,,Cloud Yuqu LLC,679,730,True,,,,,unknown,no_reputation_coverage
cenfd-shop.shop,2026-07-24,15,3.321928094887362,0.0,1,0.2857142857142857,-7.737670588235295,low,0.5,3,1.0,True,NOERROR,1,900,1,3,True,False,0,200000,UA,True,,,,False,0,False,False,False,benign,no_adverse_signal
buylan.shop,2026-07-24,11,2.584962500721156,0.0,0,0.5,-8.039633333333335,low,0.5455,2,1.0,True,NOERROR,2,300,3,2,True,False,2,13335,US,False,,,,False,0,False,False,False,benign,no_adverse_signal
steennilet.store,2026-07-24,16,2.446439344671015,0.0,0,0.6666666666666666,-6.556529411764706,low,0.5217,2,0.6,True,NOERROR,1,1800,1,2,True,False,0,,,False,,,,False,0,False,False,False,benign,no_adverse_signal
zqwhug-tw.asia,2026-07-24,14,2.94770277922009,0.0,1,0.14285714285714285,-10.2523,low,0.4,4,0.8888888888888888,False,NOERROR,0,,0,2,False,False,0,,,,"Spaceship, Inc.",2,365,True,,,False,,benign,no_adverse_signal
mostbet-wjp6.cfd,2026-07-24,16,3.418295834054489,0.0625,1,0.25,-8.617719047619048,low,0.4211,3,0.9166666666666666,True,NOERROR,1,3603,0,3,False,False,0,216071,NL,True,"NameSilo, LLC",2,365,True,0,False,False,,benign,no_adverse_signal
crabtrapsdirect.com,2026-07-24,19,3.1898980954642866,0.0,0,0.36363636363636365,-7.042051851851852,low,0.5,3,0.6666666666666666,True,NOERROR,2,3600,1,2,True,False,0,16509,US,True,"GoDaddy.com, LLC",2,731,False,22,False,False,False,benign,no_adverse_signal
autospotter-app.nl,2026-07-24,18,3.006238928653389,0.0,1,0.75,-6.718025925925925,low,0.5455,2,0.6,True,NOERROR,2,300,0,2,False,False,2,13335,US,False,team.blue nl B.V.,3,,False,0,False,False,,benign,no_adverse_signal
city-wander.com,2026-07-24,15,3.459431618637298,0.0,1,0.42857142857142855,-7.020936842105263,low,0.5882,2,1.0,True,NOERROR,1,3600,1,2,True,False,0,209242,US,True,"GoDaddy.com, LLC",2,365,False,0,False,False,False,benign,no_adverse_signal
alderfortlife.store,2026-07-24,19,3.0850551027564768,0.0,0,0.625,-6.7682913043478266,low,0.6087,3,0.6923076923076923,True,NOERROR,2,600,0,2,False,False,0,16509,US,True,,,,False,32,False,False,,benign,no_adverse_signal
nightmind.online,2026-07-24,16,2.725480556997868,0.0,0,0.2857142857142857,-6.95656,medium,0.5714,4,0.7777777777777778,True,NOERROR,1,3600,1,2,True,False,0,133618,AU,True,"GoDaddy.com, LLC",2,365,False,0,False,False,False,benign,no_adverse_signal
mbf.watch,2026-07-24,9,1.584962500721156,0.0,0,0.0,-9.399266666666668,low,0.5714,3,1.0,True,NOERROR,2,600,0,2,False,False,0,16509,US,True,,,,,32,False,False,,benign,no_adverse_signal
solpawn.shop,2026-07-24,12,2.807354922057604,0.0,0,0.4,-7.7904909090909085,low,0.5455,2,1.0,True,NOERROR,1,60,0,2,False,False,0,16509,US,False,,,,False,0,False,False,,benign,no_adverse_signal
registrydocsonline.com,2026-07-24,22,3.503258334775645,0.0,0,0.5,-6.703875757575758,low,0.5517,5,0.6666666666666666,True,NOERROR,1,86400,0,2,False,False,0,16509,US,True,"TUCOWS.COM, CO.",3293,3652,True,0,False,False,,benign,no_adverse_signal
my-security-lab-test.in,2026-07-24,23,3.5464393446710156,0.0,3,0.4166666666666667,-7.332108108108108,low,0.5294,2,0.65,True,NOERROR,2,600,0,2,False,False,0,16509,US,True,GoDaddy,3,365,False,32,False,False,,benign,no_adverse_signal
spigenespana.com,2026-07-24,16,2.7516291673878226,0.0,0,0.7142857142857143,-6.445057142857143,low,0.5,2,0.5833333333333334,True,NOERROR,2,300,0,2,False,False,2,13335,US,False,TuringSign Inc. d/b/a Cosmotown,2,365,False,0,False,False,,benign,no_adverse_signal
tvkm4zgy.lol,2026-07-24,12,3.0,0.08333333333333333,0,0.0,-11.766146153846154,low,0.4615,4,1.0,False,NOERROR,0,,0,2,False,False,0,,,,"GMO Internet, Inc.",2,365,True,,,False,,benign,no_adverse_signal
robovehicle.store,2026-07-24,17,3.0957952550009344,0.0,0,0.8333333333333334,-7.188536842105263,low,0.5556,2,0.8181818181818182,True,NOERROR,2,600,0,2,False,False,0,16509,US,True,,,,False,32,False,False,,benign,no_adverse_signal
kubsub.icu,2026-07-24,10,1.9182958340544893,0.0,0,0.5,-7.839711111111111,low,0.5,2,0.6666666666666666,True,NOERROR,1,3600,2,4,True,False,1,8560,US,True,IONOS SE,2,365,True,0,False,False,False,benign,no_adverse_signal
023un.com,2026-07-24,9,2.321928094887362,0.3333333333333333,0,1.0,-11.258457142857143,low,0.5,1,1.0,False,NOERROR,0,,0,0,False,False,0,,,,"Megazone Corp., dba HOSTING.KR",2,365,False,,,False,,benign,no_adverse_signal
traken-motors.online,2026-07-24,20,3.238901256602631,0.0,1,0.5,-6.753100000000001,medium,0.5217,2,0.7692307692307693,True,NOERROR,1,3600,2,2,True,False,1,197695,RU,True,Registrar of Domain Names REG.RU LLC,2,365,False,0,False,False,False,benign,no_adverse_signal
rectifier.icu,2026-07-24,13,2.5032583347756456,0.0,0,0.8,-6.580846666666667,low,0.625,2,0.6666666666666666,False,NOERROR,0,,0,2,False,False,0,,,,"DNSPod, Inc.",2,365,False,,,False,,benign,no_adverse_signal
rutster.ru,2026-07-24,10,2.2359263506290326,0.0,0,0.4,-6.3989545454545445,low,0.7143,3,0.7142857142857143,True,NOERROR,1,86400,0,2,False,False,0,33993,RU,True,REGRU-RU,3,365,False,0,False,False,,benign,no_adverse_signal
ipfwit13.com,2026-07-24,12,2.75,0.16666666666666666,0,0.5,-9.384723076923077,low,0.5,3,0.875,True,NOERROR,2,300,0,2,False,True,2,13335,US,False,"GMO Internet, Inc.",2,365,True,0,False,False,,benign,no_adverse_signal
qeuika.shop,2026-07-24,11,2.584962500721156,0.0,0,2.0,-9.428166666666666,low,0.5455,1,1.0,True,NOERROR,1,14400,1,2,True,False,0,24940,DE,True,,,,False,0,False,False,False,benign,no_adverse_signal
liciditecur.net,2026-07-24,15,2.845350936622437,0.0,0,0.8333333333333334,-6.529268421052632,low,0.5,1,0.7272727272727273,True,NOERROR,2,300,0,2,False,False,2,13335,US,False,DYNADOT LLC,2,365,True,0,False,False,,benign,no_adverse_signal
rinoravexila.com,2026-07-24,16,3.0849625007211556,0.0,0,1.0,-6.745380952380952,low,0.5,1,0.75,False,NXDOMAIN,0,,0,0,False,False,0,,,,"GMO Internet, Inc.",2,365,True,,,False,,benign,no_adverse_signal
valueaiinsights.digital,2026-07-24,23,3.323231428797621,0.0,0,0.875,-7.247203703703703,low,0.6061,4,0.7333333333333333,True,NOERROR,2,300,0,2,False,False,2,13335,US,False,,,,,0,False,False,,benign,no_adverse_signal
reachwavelink.pro,2026-07-24,17,3.3927474104487847,0.0,0,0.625,-6.626673913043478,low,0.56,3,0.8461538461538461,True,NOERROR,2,300,1,2,True,False,2,13335,US,False,,,,,0,False,False,False,benign,no_adverse_signal
revleadsstudio.com,2026-07-24,18,3.378783493486176,0.0,0,0.75,-7.167483999999999,low,0.6154,4,0.7857142857142857,True,NOERROR,1,3600,0,3,False,False,0,8560,GB,True,IONOS SE,2,731,True,0,False,False,,benign,no_adverse_signal
firoujokndv.xyz,2026-07-24,15,3.277613436819116,0.0,0,0.5714285714285714,-8.169331578947368,high,0.4706,4,0.9090909090909091,True,NOERROR,2,3600,1,2,True,False,0,16509,US,True,"GMO Internet, Inc.",2,365,True,27,False,False,,benign,no_adverse_signal
burgeradmiparty.com,2026-07-24,19,3.456564762130953,0.0,0,0.5,-6.866037037037038,low,0.48,3,0.8,True,NOERROR,2,300,0,2,False,False,0,16509,US,True,"Spaceship, Inc.",2,365,False,9,False,False,,benign,no_adverse_signal
stookhoutkopen.com,2026-07-24,18,2.950212064914747,0.0,0,0.75,-7.265488,low,0.4444,2,0.6428571428571429,False,timeout,0,,0,0,False,False,0,,,,,,,,,,False,,benign,no_adverse_signal
maltbahis-vipbul.cam,2026-07-24,20,3.5,0.0,1,0.5,-7.770996551724138,low,0.4348,3,0.75,True,NOERROR,2,300,0,2,False,False,2,13335,US,False,NAMECHEAP INC,1,365,True,0,False,False,,benign,no_adverse_signal
xn--xhq9mnb763ce1v.xn--io0a7i,2026-07-24,29,3.836591668108979,0.2413793103448276,4,0.1,-11.07160606060606,low,0.3077,3,0.8333333333333334,False,NOERROR,0,,0,2,False,False,0,,,,,,,,,,False,,benign,no_adverse_signal
xn--6kr3mp30czkf.xn--kput3i,2026-07-24,27,3.625,0.18518518518518517,4,0.0,-10.945613793103448,low,0.2759,4,0.8125,False,NXDOMAIN,0,,0,0,False,False,0,,,,,,,,,,False,,benign,no_adverse_signal
tervyo.com,2026-07-24,10,2.584962500721156,0.0,0,0.5,-7.672022222222221,low,0.6,3,1.0,True,NOERROR,1,600,1,2,True,False,0,24940,DE,True,"GoDaddy.com, LLC",2,365,False,0,False,False,False,benign,no_adverse_signal
medical-world.shop,2026-07-24,18,3.3927474104487847,0.0,1,0.5,-6.905278260869566,low,0.6,3,0.8461538461538461,True,NOERROR,1,3600,4,2,True,False,0,25577,GB,True,,,,False,0,False,False,False,benign,no_adverse_signal
onthemovetransportation.com,2026-07-24,27,3.36030597770208,0.0,0,0.6428571428571429,-6.116206976744186,low,0.4706,3,0.5217391304347826,True,NOERROR,1,1800,0,0,False,False,0,58182,US,True,Wix.com Ltd.,736,1095,True,0,False,False,,benign,no_adverse_signal
2407casino.buzz,2026-07-24,15,3.321928094887362,0.26666666666666666,0,1.0,-8.242735294117647,high,0.4286,1,1.0,True,NOERROR,1,3600,0,2,True,False,0,200019,NL,True,"Spaceship, Inc.",2,365,False,0,False,False,,benign,no_adverse_signal
washingmachinerepairservicenearme.com,2026-07-24,37,3.460616467646623,0.0,0,0.7368421052631579,-6.402209523809524,low,0.4783,3,0.3939393939393939,True,NOERROR,2,60,2,2,True,False,2,47583,CY,False,"GoDaddy.com, LLC",2,365,False,0,False,False,False,benign,no_adverse_signal
karczma-misoni.pl,2026-07-24,17,3.378783493486176,0.0,1,0.625,-7.82014,low,0.5,4,0.7857142857142857,True,NOERROR,1,21600,1,2,True,False,0,48707,PL,False,Aftermarket.pl Limited,3,365,False,0,False,False,False,benign,no_adverse_signal
spincity-99-slot.net,2026-07-24,20,3.375,0.1,2,0.3333333333333333,-8.374803448275863,low,0.48,2,0.6875,True,NOERROR,1,1800,5,2,True,False,0,22612,US,False,NAMECHEAP INC,2,365,True,0,False,False,False,benign,no_adverse_signal
kuangmengmou.com,2026-07-24,16,2.918295834054489,0.0,0,0.7142857142857143,-7.218542857142857,low,0.4444,3,0.6666666666666666,False,timeout,0,,0,0,False,False,0,,,,Xin Net Technology Corporation,371,730,False,,,False,,benign,no_adverse_signal
proudmarycoffeehq.shop,2026-07-24,22,3.6168746059562227,0.0,0,0.5454545454545454,-7.437848387096774,low,0.4444,3,0.7647058823529411,True,NOERROR,1,300,0,2,False,False,0,199242,US,False,,,,False,0,False,False,,benign,no_adverse_signal
fidelitap.blog,2026-07-24,14,2.94770277922009,0.0,0,0.8,-6.381946666666666,low,0.5333,1,0.8888888888888888,True,NOERROR,1,3600,3,2,True,False,1,16276,FR,True,OVH,2,365,True,12,False,False,False,benign,no_adverse_signal
alate-tuyoubuyu.com.cn,2026-07-24,22,2.973557262275185,0.0,1,1.3333333333333333,-7.661348148148148,low,0.4516,1,0.6,True,NOERROR,1,600,0,2,False,False,0,58658,BR,False,北京新网数码信息技术有限公司,4,365,False,0,False,False,,benign,no_adverse_signal
toolkitplan.com,2026-07-24,15,2.9139770731827523,0.0,0,0.5714285714285714,-6.9618789473684215,low,0.6,3,0.7272727272727273,False,NOERROR,0,,0,4,False,False,0,,,,BigRock Solutions Ltd.,2,365,True,,,False,,benign,no_adverse_signal
monsupport-td.com,2026-07-24,17,3.238901256602631,0.0,1,0.3333333333333333,-7.136378260869565,low,0.5263,2,0.7692307692307693,True,NOERROR,1,600,0,3,False,False,0,198550,FI,False,Fewmoretaps OU d/b/a Trustname.com,1,365,False,0,False,True,,malicious,spamhaus_dbl
rjyzxxuk.de,2026-07-24,11,2.75,0.0,0,0.14285714285714285,-11.216523076923076,low,0.3636,6,0.875,True,NOERROR,9,3600,1,2,False,False,0,60592,CZ,False,,,,False,0,True,False,False,malicious,spamhaus_zen
rmidillo.biz,2026-07-24,12,2.5,0.0,0,0.6,-7.029861538461538,low,0.5333,2,0.75,True,NOERROR,2,600,0,2,False,False,0,16509,US,True,"GoDaddy.com, LLC",2,,True,32,False,False,,benign,no_adverse_signal
stopersshop.com,2026-07-24,15,2.663532754804255,0.0,0,0.375,-6.4565,low,0.5263,4,0.6363636363636364,True,NOERROR,1,86400,3,4,True,False,1,13335,CA,True,"TUCOWS.COM, CO.",2,365,True,0,False,False,False,benign,no_adverse_signal
headervpn.com,2026-07-24,13,2.94770277922009,0.0,0,0.5,-6.894606666666666,low,0.5333,4,0.8888888888888888,False,NOERROR,0,,0,2,False,False,0,,,,"Cloudflare, Inc.",2,365,True,,,False,,benign,no_adverse_signal
topanisme.my.id,2026-07-24,15,3.169925001442312,0.0,0,0.8,-6.57386,low,0.6154,2,1.0,True,NOERROR,2,300,0,2,True,False,2,13335,US,False,,,,False,0,False,False,,benign,no_adverse_signal
cavepancakelidhobby.skin,2026-07-24,24,3.681880802803402,0.0,0,0.5833333333333334,-7.3476799999999995,low,0.48,3,0.7368421052631579,True,NOERROR,2,300,0,2,False,False,2,13335,US,False,"NameSilo, LLC",2,365,True,0,False,False,,benign,no_adverse_signal
safeticket.com.ar,2026-07-24,17,2.921928094887362,0.0,0,0.6666666666666666,-6.573270588235294,low,0.625,2,0.8,True,NOERROR,2,300,0,2,False,False,0,16509,US,False,nicar,4721,5083,False,0,False,False,,benign,no_adverse_signal
4t-studio.com,2026-07-24,13,2.94770277922009,0.07692307692307693,1,0.75,-7.743386666666667,low,0.5714,2,0.8888888888888888,True,NOERROR,1,3600,3,2,True,False,1,16276,FR,True,"OVH, SAS",2,365,True,9,False,False,False,benign,no_adverse_signal
craftartemporium.com,2026-07-24,20,3.327819531114783,0.0,0,0.6,-6.806386206896551,low,0.48,2,0.6875,True,NOERROR,1,86400,0,2,False,False,0,16509,US,True,"TUCOWS.COM, CO.",736,1095,True,0,False,False,,benign,no_adverse_signal
454643.vip,2026-07-24,10,1.7924812503605778,0.6,0,0.0,-11.125322222222222,low,0.4444,0,0.6666666666666666,True,NOERROR,1,1,0,2,False,True,0,64013,SG,False,DYNADOT LLC,2,365,True,0,False,True,,malicious,spamhaus_dbl
loko.travel,2026-07-24,11,1.5,0.0,0,1.0,-7.3605599999999995,low,0.6667,1,0.75,True,NOERROR,2,300,1,2,False,False,2,13335,US,False,,,,,0,False,False,False,benign,no_adverse_signal
lse0986.quest,2026-07-24,13,2.807354922057604,0.3076923076923077,0,0.5,-10.38400909090909,low,0.3636,2,1.0,False,NOERROR,0,,0,2,False,False,0,,,,"NameSilo, LLC",2,365,True,,,False,,benign,no_adverse_signal
metodopratic.com.br,2026-07-24,19,3.2516291673878226,0.0,0,0.7142857142857143,-6.490347619047619,low,0.6,2,0.8333333333333334,True,NOERROR,1,3600,0,2,False,False,0,16509,US,False,,3,731,False,0,False,False,,benign,no_adverse_signal
sigrhold.net,2026-07-24,12,3.0,0.0,0,0.3333333333333333,-7.7687,low,0.5333,3,1.0,False,NOERROR,0,,0,2,False,False,0,,,,"Cloudflare, Inc.",2,365,True,,,False,,benign,no_adverse_signal
f6ayvv3.beer,2026-07-24,12,2.521640636343318,0.16666666666666666,0,0.25,-11.5889,low,0.4615,3,0.8571428571428571,True,NOERROR,1,30,0,2,False,False,0,209242,US,True,DYNADOT LLC,2,365,True,0,False,False,,benign,no_adverse_signal
rs4cgzb.sbs,2026-07-24,11,2.807354922057604,0.09090909090909091,0,0.0,-11.3509,low,0.5,4,1.0,True,NOERROR,3,60,0,2,False,False,0,138995,SC,False,"Spaceship, Inc.",2,365,False,0,False,False,,benign,no_adverse_signal
jysk.mom,2026-07-24,8,2.0,0.0,0,0.0,-8.438419999999999,low,0.5,4,1.0,True,NOERROR,2,300,0,2,False,False,2,13335,US,False,DYNADOT LLC,2,365,True,0,False,False,,benign,no_adverse_signal
glowhuidtherapie.nl,2026-07-24,19,3.625,0.0,0,0.7777777777777778,-7.213410344827586,low,0.5217,3,0.8125,True,NOERROR,1,3600,1,3,True,False,0,396982,NL,True,Registrar.eu,3,,False,0,False,False,False,benign,no_adverse_signal
hibrydo.com,2026-07-24,11,2.807354922057604,0.0,0,0.4,-7.932072727272726,low,0.5,4,1.0,True,NOERROR,2,60,2,2,True,False,2,47583,LT,True,"HOSTINGER operations, UAB",2,365,False,0,False,False,False,benign,no_adverse_signal
zjlynh.com,2026-07-24,10,2.584962500721156,0.0,0,0.0,-10.108411111111112,low,0.5,6,1.0,True,NOERROR,2,30,0,2,True,False,2,14618,US,True,DropCatch.com 755 LLC,2,365,False,0,False,False,,benign,no_adverse_signal
getloopbooth.com,2026-07-24,16,2.7516291673878226,0.0,0,0.7142857142857143,-7.132233333333334,low,0.5882,2,0.6666666666666666,False,NOERROR,0,,3,2,True,False,0,,,,"Amazon Registrar, Inc.",2,365,True,,,False,False,benign,no_adverse_signal
arcticairsupply.online,2026-07-24,22,3.2402239289418517,0.0,0,0.5,-6.970559259259259,medium,0.4516,4,0.6666666666666666,True,NOERROR,1,300,0,2,False,False,0,40034,VG,False,"NETWORK SOLUTIONS, LLC.",2,365,True,22,False,False,,benign,no_adverse_signal
medmarijuana.store,2026-07-24,18,3.0220552088742,0.0,0,1.0,-7.172828571428572,low,0.5217,2,0.75,True,NOERROR,2,600,0,2,False,False,0,16509,US,True,,,,False,32,False,False,,benign,no_adverse_signal
spaces.company,2026-07-24,14,2.2516291673878226,0.0,0,0.5,-6.264233333333333,low,0.7273,2,0.8333333333333334,False,NOERROR,0,,0,4,False,False,0,,,,,,,,,,False,,benign,no_adverse_signal
mapo-pushnews.com,2026-07-24,17,3.3927474104487847,0.0,1,0.5,-7.440617391304348,low,0.5455,3,0.8461538461538461,True,NOERROR,1,3600,2,4,True,False,1,8560,DE,True,IONOS SE,2,365,True,7,False,False,False,benign,no_adverse_signal
vuaqatrjua.digital,2026-07-24,18,2.6464393446710153,0.0,0,1.0,-9.72644705882353,low,0.4762,3,0.7,True,NOERROR,1,1800,5,2,True,False,0,22612,US,False,,,,,0,False,False,False,benign,no_adverse_signal
t49wv.top,2026-07-24,9,2.321928094887362,0.2222222222222222,0,0.0,-12.570642857142857,high,0.4,2,1.0,True,NOERROR,3,15,0,0,False,True,0,54801,SC,False,GoDaddy.com,2,365,True,0,False,False,,benign,no_adverse_signal
sihir177.co,2026-07-24,11,2.5,0.2727272727272727,0,0.6666666666666666,-9.366907692307693,low,0.4444,1,0.75,True,NOERROR,2,300,0,2,False,False,2,13335,US,False,DYNADOT LLC,3,365,True,0,False,False,,benign,no_adverse_signal
timerevive.online,2026-07-24,17,2.446439344671016,0.0,0,1.0,-6.273788235294117,medium,0.5714,1,0.6,True,NOERROR,1,3600,1,3,True,False,1,20857,NL,True,Key-Systems LLC,2,365,False,0,False,False,False,benign,no_adverse_signal
camioya.online,2026-07-24,14,2.5216406363433186,0.0,0,1.3333333333333333,-7.479745454545454,medium,0.5714,1,0.8571428571428571,False,timeout,0,,0,0,False,False,0,,,,Dattatec Corp,2,365,False,,,False,,benign,no_adverse_signal
cincinnatibatcontrolllc.com,2026-07-24,27,3.0337940209922127,0.0,0,0.4375,-6.739862790697674,low,0.5,4,0.391304347826087,True,NOERROR,1,14400,3,2,True,False,0,22612,US,True,NAMECHEAP INC,2,365,True,0,False,False,False,benign,no_adverse_signal
skylinefitnessclub.in,2026-07-24,21,3.4613201402110083,0.0,0,0.38461538461538464,-6.9905333333333335,low,0.4615,4,0.6666666666666666,True,NOERROR,1,60,0,2,False,False,0,16509,US,True,"HOSTINGER operations, UAB",2,365,False,29,False,False,,benign,no_adverse_signal
avanblanc.com,2026-07-24,13,2.4193819456463714,0.0,0,0.5,-6.836433333333333,low,0.5,3,0.6666666666666666,True,NOERROR,2,30,0,2,True,False,2,14618,US,True,DropCatch.com 1499 LLC,2,365,False,0,False,False,,benign,no_adverse_signal
iwmziy.com,2026-07-24,10,2.2516291673878226,0.0,0,0.5,-10.242444444444445,low,0.5,3,0.8333333333333334,True,NOERROR,2,300,0,2,False,False,2,13335,US,False,NAMECHEAP INC,2,365,True,0,False,False,,benign,no_adverse_signal
theavilaproject.com,2026-07-24,19,3.506890595608518,0.0,0,0.6666666666666666,-6.885488888888888,low,0.64,2,0.8,True,NOERROR,3,3600,0,2,False,False,0,58182,US,True,Wix.com Ltd.,2,365,True,17,False,False,,benign,no_adverse_signal
fkp-sport.icu,2026-07-24,13,2.94770277922009,0.0,1,0.14285714285714285,-8.29564,low,0.5333,3,0.8888888888888888,False,NOERROR,0,,0,2,False,False,0,,,,"Zhengzhou Century Connect Electronic Technology Development Co., Ltd",2,365,False,,,False,,benign,no_adverse_signal
cocoryuae.me,2026-07-24,12,2.725480556997868,0.0,0,1.25,-7.621813333333334,low,0.5333,2,0.7777777777777778,True,NOERROR,2,600,0,2,False,False,0,16509,US,True,"GoDaddy.com, LLC",7,365,True,32,False,False,,benign,no_adverse_signal
fisioatlaxis.com,2026-07-24,16,2.8553885422075336,0.0,0,1.0,-7.382552380952381,low,0.5455,2,0.6666666666666666,True,NOERROR,1,14400,1,3,True,False,0,56958,ES,True,"Tecnocratica Centro de Datos, S.L.",5740,5844,True,0,False,False,False,benign,no_adverse_signal
grandsirac.com,2026-07-24,14,2.9219280948873623,0.0,0,0.42857142857142855,-6.505511764705882,low,0.6667,3,0.8,True,NOERROR,1,3600,3,2,True,False,1,16276,FR,True,"OVH, SAS",2,365,True,9,False,False,False,benign,no_adverse_signal
geschichtenatelier.store,2026-07-24,24,3.2810361125534233,0.0,0,0.6363636363636364,-6.437642424242425,low,0.48,3,0.6111111111111112,True,NOERROR,1,3600,2,4,True,False,1,8560,DE,True,,,,False,0,False,False,False,benign,no_adverse_signal
agearquitetura.com,2026-07-24,18,2.8962915290459277,0.0,0,1.3333333333333333,-7.014303999999999,low,0.5217,2,0.5714285714285714,True,NOERROR,1,14400,5,4,True,False,0,53831,US,False,Squarespace Domains II LLC,1122,1461,True,31,False,False,False,benign,no_adverse_signal
solvd-ads.agency,2026-07-24,16,2.725480556997868,0.0,1,0.3333333333333333,-8.373126666666668,low,0.5556,3,0.7777777777777778,True,NOERROR,2,600,0,2,False,False,0,16509,US,False,,,,,0,False,False,,benign,no_adverse_signal
xn----8sbahhb3ayqmp.xn--p1ai,2026-07-24,28,3.511085408180427,0.10714285714285714,6,0.18181818181818182,-10.331882857142858,low,0.3571,4,0.6842105263157895,True,NOERROR,1,86400,0,2,False,False,0,197695,RU,False,,,,,1,False,False,,benign,no_adverse_signal
guidinglight-ae.com,2026-07-24,19,3.2729055953200556,0.0,1,0.75,-7.3600259259259255,low,0.4848,3,0.7333333333333333,True,NOERROR,4,14400,0,4,True,False,0,53831,US,False,Squarespace Domains LLC,2,365,True,15,False,False,,benign,no_adverse_signal
pressionsociale.fr,2026-07-24,18,3.189898095464287,0.0,0,0.875,-6.296655555555556,low,0.5333,2,0.6666666666666666,True,NOERROR,1,86400,1,2,True,False,0,8362,FR,True,NORDNET,1,364,False,0,False,False,False,benign,no_adverse_signal
rocknconceptspoolremodeling.com,2026-07-24,31,3.5743577621291283,0.0,0,0.5,-6.975645098039216,low,0.4,4,0.5185185185185185,True,NOERROR,1,300,0,2,False,False,0,206834,DE,False,"Gransy, s.r.o.",2,365,False,22,False,False,,benign,no_adverse_signal
newsuperheros.com,2026-07-24,17,3.0269868333592873,0.0,0,0.625,-6.707069565217391,low,0.5714,2,0.6923076923076923,True,NOERROR,2,3600,0,2,False,False,0,16509,US,True,"GoDaddy.com, LLC",2,365,False,22,False,False,,benign,no_adverse_signal
7erx.shop,2026-07-24,9,2.0,0.1111111111111111,0,0.5,-10.05376,low,0.5,2,1.0,True,NOERROR,6,60,0,2,False,True,0,8075,KR,False,,,,False,0,False,False,,benign,no_adverse_signal
kuomokago.com,2026-07-24,13,2.4193819456463714,0.0,0,1.25,-7.867813333333333,low,0.5263,1,0.6666666666666666,True,NOERROR,1,10800,1,3,True,False,1,207143,CH,True,Key-Systems GmbH,2,365,True,0,False,False,False,benign,no_adverse_signal
bobr.lol,2026-07-24,8,1.5,0.0,0,0.3333333333333333,-7.4747,low,0.6154,2,0.75,True,NOERROR,1,3600,1,2,True,False,0,133618,AU,True,DYNADOT LLC,2,365,True,0,False,False,False,benign,no_adverse_signal
8imj7ywo.lol,2026-07-24,12,3.0,0.16666666666666666,0,0.5,-11.069907692307691,low,0.4615,2,1.0,False,NOERROR,0,,0,2,False,False,0,,,,"GMO Internet, Inc.",2,365,True,,,False,,benign,no_adverse_signal
szbapi88.com,2026-07-24,12,2.75,0.16666666666666666,0,0.5,-9.359861538461539,low,0.5333,3,0.875,False,NOERROR,0,,0,2,False,False,0,,,,"GMO Internet, Inc.",2,365,True,,,False,,benign,no_adverse_signal
gotblueoceancopy.com,2026-07-24,20,3.452819531114783,0.0,0,0.7777777777777778,-7.382465517241379,low,0.4828,3,0.75,True,NOERROR,2,300,5,2,True,False,2,13335,US,False,PDR Ltd. d/b/a PublicDomainRegistry.com,2,365,True,0,False,False,False,benign,no_adverse_signal
abvcalc.net,2026-07-24,11,2.2359263506290326,0.0,0,0.4,-8.248336363636364,low,0.5714,3,0.7142857142857143,False,NOERROR,0,,0,2,False,False,0,,,,"Cloudflare, Inc.",2,365,True,,,False,,benign,no_adverse_signal
x777free200.click,2026-07-24,17,2.6635327548042547,0.35294117647058826,0,0.6666666666666666,-9.299957894736842,medium,0.3529,2,0.6363636363636364,False,NOERROR,0,,0,2,False,False,0,,,,DYNADOT LLC,2,365,True,,,False,,benign,no_adverse_signal
km01ps.com,2026-07-24,10,2.584962500721156,0.2,0,0.0,-11.5988,low,0.4444,2,1.0,True,NOERROR,1,3600,0,4,False,False,0,135354,KR,False,Whois Corp.,2,365,False,0,False,False,,benign,no_adverse_signal
finanztip.shop,2026-07-24,14,2.725480556997868,0.0,0,0.5,-7.49038,low,0.5333,3,0.7777777777777778,False,NOERROR,0,,0,3,False,False,0,,,,,,,False,,,False,,benign,no_adverse_signal
burlapandbarreoffers.com,2026-07-24,24,3.3841837197791884,0.0,0,0.5384615384615384,-7.017548648648648,low,0.4516,3,0.6,False,NOERROR,0,,0,2,False,False,0,,,,West263 International Limited,2,365,True,,,False,,benign,no_adverse_signal
nurture-app.com,2026-07-24,15,2.9139770731827523,0.0,1,0.6666666666666666,-7.094194736842105,low,0.5882,2,0.7272727272727273,False,NOERROR,0,,0,2,False,False,0,,,,"Cloudflare, Inc.",2,365,True,,,False,,benign,no_adverse_signal
p11global.com,2026-07-24,13,2.725480556997868,0.15384615384615385,0,0.4,-8.326446666666666,low,0.6316,2,0.7777777777777778,True,NOERROR,2,300,1,2,True,False,2,13335,US,False,PDR Ltd. d/b/a PublicDomainRegistry.com,1,365,True,0,False,False,False,benign,no_adverse_signal
strayengineer.com,2026-07-24,17,3.0269868333592873,0.0,0,0.625,-6.474286956521739,low,0.5833,3,0.6923076923076923,True,NOERROR,1,600,0,2,True,False,0,16509,US,True,Metaregistrar BV,2,365,False,29,False,False,,benign,no_adverse_signal
vietnamartisans.com,2026-07-24,19,3.0565647621309537,0.0,0,0.6666666666666666,-6.463122222222222,low,0.5217,2,0.6,True,NOERROR,2,41,2,4,True,False,0,,US,False,Porkbun LLC,2,365,False,0,False,False,False,benign,no_adverse_signal
lqd44.com,2026-07-24,9,1.9219280948873623,0.2222222222222222,0,0.0,-11.741828571428572,low,0.4,3,0.8,True,NOERROR,4,14400,1,4,True,False,0,53831,US,False,Squarespace Domains II LLC,2,365,False,15,False,False,False,benign,no_adverse_signal
gobahis1126.com,2026-07-24,15,3.277613436819116,0.26666666666666666,0,0.75,-8.51188947368421,low,0.5,1,0.9090909090909091,False,NOERROR,0,,0,2,False,False,0,,,,Fewmoretaps OU d/b/a Trustname.com,2,365,False,,,False,,benign,no_adverse_signal
jinfo.cab,2026-07-24,9,2.321928094887362,0.0,0,0.6666666666666666,-6.853057142857144,low,0.5455,2,1.0,True,NOERROR,1,3600,3,2,True,False,0,16509,US,False,,,,,0,False,False,False,benign,no_adverse_signal
s8qtx9n5.lol,2026-07-24,12,3.0,0.25,0,0.0,-12.845092307692308,low,0.375,3,1.0,False,NOERROR,0,,0,2,False,False,0,,,,"GMO Internet, Inc.",2,365,True,,,False,,benign,no_adverse_signal
estralearn.com,2026-07-24,14,2.721928094887362,0.0,0,0.6666666666666666,-5.9165294117647065,low,0.5185,3,0.7,True,NOERROR,1,14400,1,4,True,False,0,24940,FI,True,"Gransy, s.r.o.",2,365,False,100,False,False,False,malicious,abuseipdb
h92-sport.icu,2026-07-24,13,3.169925001442312,0.15384615384615385,1,0.2,-8.47844,low,0.625,2,1.0,True,NOERROR,1,600,0,2,False,False,0,132839,ZA,False,"Zhengzhou Century Connect Electronic Technology Development Co., Ltd",2,365,False,0,False,False,,benign,no_adverse_signal
4awk.net,2026-07-24,8,2.0,0.125,0,0.5,-9.81954,low,0.5714,2,1.0,True,NOERROR,1,600,0,2,False,False,0,,,False,Gname.com Pte. Ltd.,3,365,True,0,False,False,,benign,no_adverse_signal
bayunur.com,2026-07-24,11,2.521640636343318,0.0,0,0.75,-7.795772727272728,low,0.6154,1,0.8571428571428571,True,NOERROR,1,14400,0,4,False,False,0,16509,US,False,CV. Rumahweb Indonesia,2,365,False,0,False,False,,benign,no_adverse_signal
fusionartscomplex.com,2026-07-24,21,3.8521687236032816,0.0,0,0.5454545454545454,-6.51301935483871,low,0.4348,4,0.8823529411764706,True,NOERROR,4,14400,1,4,True,False,0,53831,US,False,Squarespace Domains II LLC,2,365,True,15,False,False,False,benign,no_adverse_signal
jivboqi.org,2026-07-24,11,2.5216406363433186,0.0,0,0.75,-9.600436363636364,low,0.6,2,0.8571428571428571,False,NOERROR,0,,0,3,False,False,0,,,,Stichting Registrar of Last Resort Foundation,2,365,False,,,False,,benign,no_adverse_signal
xoffsec.com,2026-07-24,11,2.5216406363433186,0.0,0,0.4,-8.098345454545454,low,0.6154,3,0.8571428571428571,True,NOERROR,2,300,3,2,True,False,2,13335,US,False,"NameCheap, Inc.",1,365,False,0,False,False,False,benign,no_adverse_signal
putlockersgo.site,2026-07-24,17,3.418295834054489,0.0,0,0.5,-7.131085714285715,medium,0.5556,3,0.9166666666666666,True,NOERROR,1,3600,1,2,True,False,0,133618,US,True,NAMECHEAP INC,2,365,True,1,False,False,False,benign,no_adverse_signal
culturaldigitalinsight.nz,2026-07-24,25,3.3908054820769813,0.0,0,0.5714285714285714,-6.576829268292682,low,0.55,3,0.5454545454545454,True,NOERROR,1,3600,1,4,False,False,0,16509,US,False,Sitetech Solutions Ltd T/A SiteName,3,,False,0,False,False,False,benign,no_adverse_signal
qiutanjingcaizhishuzenmemeiyouliao.asia,2026-07-24,39,3.836600340868551,0.0,0,1.0,-7.7434323076923075,low,0.3556,3,0.5,True,NOERROR,1,300,0,2,False,False,0,132839,SC,False,Eranet International Limited,2,365,True,0,False,False,,benign,no_adverse_signal
sj22th.com,2026-07-24,10,2.2516291673878226,0.2,0,0.0,-11.383022222222221,low,0.4444,2,0.8333333333333334,True,NOERROR,2,300,0,2,False,False,2,13335,US,False,Realtime Register B.V.,2,365,False,0,False,False,,benign,no_adverse_signal
tippedoutgolfco.com,2026-07-24,19,3.32323142879762,0.0,0,0.6666666666666666,-7.545177777777777,low,0.4545,3,0.7333333333333333,True,NOERROR,2,86400,0,4,False,False,0,399522,US,False,"DNC Holdings, Inc",2,1826,True,0,False,False,,benign,no_adverse_signal
pp72d.cfd,2026-07-24,9,1.9219280948873623,0.2222222222222222,0,0.0,-10.998957142857142,low,0.5,2,0.8,True,NOERROR,2,300,0,2,False,False,2,13335,US,False,"NameSilo, LLC",2,365,True,0,False,False,,benign,no_adverse_signal
jolècandle.com,2026-07-24,14,3.121928094887362,0.0,0,0.42857142857142855,-9.45294705882353,low,0.5556,3,0.9,True,NOERROR,4,14400,1,4,True,False,0,53831,US,False,Squarespace Domains II LLC,2,365,False,15,False,False,False,benign,no_adverse_signal
techbutter.store,2026-07-24,16,2.6464393446710153,0.0,0,0.42857142857142855,-6.941223529411765,low,0.5882,3,0.7,False,timeout,0,,0,2,True,False,0,,,,,,,False,,,False,,benign,no_adverse_signal
angelmuse.site,2026-07-24,14,2.94770277922009,0.0,0,0.8,-6.8006866666666665,medium,0.6667,2,0.8888888888888888,True,NOERROR,1,14400,0,3,False,False,0,45638,AU,True,Synergy Wholesale Accreditations Pty Ltd,1,365,True,0,False,False,,benign,no_adverse_signal
englishgoldenretrievers.com,2026-07-24,27,3.3772781309874356,0.0,0,0.5333333333333333,-6.8689418604651165,low,0.55,3,0.5217391304347826,True,NOERROR,1,86400,0,2,False,False,0,16509,US,True,"TUCOWS.COM, CO.",7676,8035,True,0,False,False,,benign,no_adverse_signal
bridebook-member.com,2026-07-24,20,3.0306390622295662,0.0,1,0.6666666666666666,-7.114441379310345,low,0.56,2,0.5625,True,NOERROR,1,86400,0,2,False,False,0,16509,US,True,"TUCOWS.COM, CO.",371,730,True,0,False,False,,benign,no_adverse_signal
maplewood-studios.com,2026-07-24,21,3.572469458770136,0.0,1,0.7777777777777778,-7.1314935483870965,low,0.5517,2,0.7647058823529411,True,NOERROR,4,14400,0,4,True,False,0,53831,US,False,Squarespace Domains LLC,1,1096,True,15,False,False,,benign,no_adverse_signal
me8oulav.lol,2026-07-24,12,3.0,0.08333333333333333,0,1.3333333333333333,-9.018576923076923,low,0.5333,1,1.0,False,NOERROR,0,,0,2,False,False,0,,,,"GMO Internet, Inc.",2,365,True,,,False,,benign,no_adverse_signal
visiflow.health,2026-07-24,15,2.75,0.0,0,0.6,-7.110661538461538,low,0.5,2,0.875,True,NOERROR,1,1800,5,2,True,False,0,22612,US,False,,,,,0,False,False,False,benign,no_adverse_signal
dealr.com.ar,2026-07-24,12,2.321928094887362,0.0,0,0.6666666666666666,-6.8506285714285715,low,0.6667,2,1.0,True,NOERROR,1,14400,0,2,False,False,0,16509,US,False,,,,False,0,False,False,,benign,no_adverse_signal
aetheronengine.com,2026-07-24,18,2.8962915290459277,0.0,0,1.0,-6.332224,low,0.5455,2,0.6428571428571429,False,NOERROR,0,,0,2,False,False,0,,,,"Cloudflare, Inc.",2,365,True,,,False,,benign,no_adverse_signal
mcstuketim.com,2026-07-24,14,2.9219280948873623,0.0,0,0.42857142857142855,-7.251876470588236,low,0.5556,4,0.8,True,NOERROR,2,300,1,2,True,False,2,13335,US,False,Nics Telekomunikasyon A.S.,2,365,True,0,False,False,False,benign,no_adverse_signal
esokerowe.store,2026-07-24,15,2.4193819456463714,0.0,0,1.25,-6.724073333333333,low,0.5714,1,0.6666666666666666,True,NOERROR,2,300,0,2,False,False,2,13335,US,False,,,,False,0,False,False,,benign,no_adverse_signal
lylartravelgrp.com,2026-07-24,18,2.9852281360342525,0.0,0,0.2727272727272727,-7.218375999999999,low,0.5217,4,0.6428571428571429,True,NOERROR,1,50,2,2,True,False,0,47583,CY,False,"HOSTINGER operations, UAB",2,1096,False,31,False,False,False,benign,no_adverse_signal
deefi.fr,2026-07-24,8,1.9219280948873623,0.0,0,1.5,-7.261414285714285,low,0.6,1,0.8,True,NOERROR,1,3600,0,2,False,False,0,24940,DE,True,DomainProfi GmbH,0,364,False,0,False,False,,benign,no_adverse_signal
aeckcy.top,2026-07-24,10,2.2516291673878226,0.0,0,0.5,-8.470155555555555,high,0.5455,4,0.8333333333333334,False,NOERROR,0,,0,2,False,False,0,,,,"Todaynic.com, Inc.",2,365,True,,,True,,malicious,spamhaus_dbl
afiliado-oficial.com,2026-07-24,20,2.827819531114783,0.0,1,1.5,-7.146475862068966,low,0.4615,1,0.5,True,NOERROR,1,86400,0,2,False,False,0,16509,US,True,"TUCOWS.COM, CO.",371,730,True,0,False,False,,benign,no_adverse_signal
gugocue.xyz,2026-07-24,11,2.2359263506290326,0.0,0,1.3333333333333333,-8.138536363636364,high,0.4615,1,0.7142857142857143,False,timeout,0,,0,2,False,False,2,,,,NAMECHEAP INC,2,365,True,,,False,,benign,no_adverse_signal
milarabeautyacademy.com,2026-07-24,23,3.3211043305784895,0.0,0,0.9,-6.916957142857143,low,0.4375,2,0.631578947368421,True,NOERROR,1,86400,0,4,False,False,1,13335,CA,True,"TUCOWS.COM, CO.",1,365,True,0,False,False,,benign,no_adverse_signal
zuqiu14changfenxishengfu.asia,2026-07-24,29,3.7720552088742005,0.06896551724137931,0,0.5714285714285714,-8.616564444444444,low,0.359,3,0.625,True,NOERROR,1,300,0,2,False,False,0,132839,SC,False,Eranet International Limited,2,365,True,0,True,False,,malicious,spamhaus_zen
thebabyjoint.com,2026-07-24,16,3.2516291673878226,0.0,0,0.5,-7.454009523809524,low,0.5455,3,0.8333333333333334,True,NOERROR,1,600,0,2,False,False,0,55933,CN,False,"GMO Internet, Inc.",2,365,True,0,True,True,,malicious,spamhaus_zen
hidrosiembrapy.com,2026-07-24,18,3.521640636343319,0.0,0,0.5555555555555556,-7.355012,low,0.4762,3,0.8571428571428571,True,NOERROR,1,14400,1,2,False,False,0,46606,US,True,PDR Ltd. d/b/a PublicDomainRegistry.com,2,365,False,7,False,False,False,benign,no_adverse_signal
shawnesicolbeautyandhair.store,2026-07-24,30,3.8349625007211565,0.0,0,0.7142857142857143,-7.130135555555556,low,0.4865,3,0.6666666666666666,True,NOERROR,1,300,5,2,True,False,0,13335,DE,True,,,,False,67,False,False,False,malicious,abuseipdb
istanbulvapeshopcum.com,2026-07-24,23,3.8268748818646365,0.0,0,0.5833333333333334,-7.295348571428572,low,0.4828,2,0.7894736842105263,True,NOERROR,2,300,0,2,False,False,2,13335,US,False,"Spaceship, Inc.",2,365,False,0,False,False,,benign,no_adverse_signal
hkt-sport.icu,2026-07-24,13,2.94770277922009,0.0,1,0.14285714285714285,-7.4508600000000005,low,0.625,3,0.8888888888888888,False,NOERROR,0,,0,2,False,False,0,,,,"Zhengzhou Century Connect Electronic Technology Development Co., Ltd",2,365,False,,,False,,benign,no_adverse_signal
lepistotomax.biz,2026-07-24,16,3.2516291673878226,0.0,0,0.7142857142857143,-6.555319047619047,low,0.5217,2,0.8333333333333334,True,NOERROR,2,300,0,2,False,False,0,13335,GB,False,NAMECHEAP INC,2,365,True,1,False,False,,benign,no_adverse_signal
8000120.com,2026-07-24,11,1.6644977792004614,0.6363636363636364,0,0.0,-9.32230909090909,low,0.3333,0,0.5714285714285714,True,NOERROR,2,300,0,2,False,False,2,13335,US,False,July Name Limited,2,365,True,0,False,False,,benign,no_adverse_signal
jmbike.pl,2026-07-24,9,2.584962500721156,0.0,0,0.5,-8.178811111111111,low,0.5714,3,1.0,False,NOERROR,0,,0,2,False,False,0,,,,Aftermarket.pl Limited,3,365,False,,,False,,benign,no_adverse_signal
aubergedemauroul-34.fr,2026-07-24,22,3.5368867237421666,0.09090909090909091,1,1.2857142857142858,-7.639214285714286,low,0.375,2,0.6842105263157895,True,NOERROR,9,3600,1,2,False,False,0,60592,CZ,False,GRANSY s.r.o.,1,364,False,0,True,False,False,malicious,spamhaus_zen
mfvenmocompa.sbs,2026-07-24,16,3.0220552088742005,0.0,0,0.5,-7.776042857142857,low,0.4545,3,0.75,True,NOERROR,2,300,0,2,False,False,2,13335,US,False,"HOSTINGER operations, UAB",1,365,False,0,False,False,,benign,no_adverse_signal
luuckybuy.xyz,2026-07-24,13,2.4193819456463714,0.0,0,0.5,-8.661853333333333,high,0.4762,4,0.6666666666666666,True,NOERROR,2,3600,1,2,True,False,0,16509,US,True,"GMO Internet, Inc.",2,365,True,27,False,False,,benign,no_adverse_signal
gabrielaalbuquerque.com,2026-07-24,23,3.0761031709967224,0.0,0,1.1111111111111112,-7.9186685714285705,low,0.3871,2,0.47368421052631576,True,NOERROR,2,600,0,2,False,False,0,16509,US,True,"GoDaddy.com, LLC",2,1096,False,32,False,False,,benign,no_adverse_signal
thesolfit.com,2026-07-24,13,2.94770277922009,0.0,0,0.5,-6.88178,low,0.5263,2,0.8888888888888888,True,NOERROR,1,3600,2,4,True,False,1,8560,US,True,IONOS SE,1,365,True,0,False,False,False,benign,no_adverse_signal
unitedrv.shop,2026-07-24,13,3.0,0.0,0,0.6,-6.808592307692308,low,0.6667,3,1.0,True,NOERROR,1,3600,1,2,True,False,0,133618,US,True,,,,False,0,False,False,False,benign,no_adverse_signal
highwaypace.com,2026-07-24,15,3.0957952550009344,0.0,0,0.5714285714285714,-7.421984210526316,low,0.5882,3,0.8181818181818182,True,NOERROR,1,7200,0,2,False,False,0,40676,VG,False,"Network Solutions, LLC",2,365,True,0,False,False,,benign,no_adverse_signal
myersseptics.com,2026-07-24,16,3.0220552088742,0.0,0,0.3333333333333333,-7.062557142857143,low,0.56,3,0.75,True,NOERROR,1,300,0,2,False,False,0,13335,CA,True,"HOSTINGER operations, UAB",2,365,False,0,False,False,,benign,no_adverse_signal
prplpet.com,2026-07-24,11,2.1280852788913944,0.0,0,0.16666666666666666,-8.0777,low,0.6667,5,0.7142857142857143,True,NOERROR,1,900,1,2,True,False,0,39729,IT,True,REGISTER S.P.A.,2,365,True,0,False,False,False,benign,no_adverse_signal
themediaarchaeologist.com,2026-07-24,25,3.5585186130489057,0.0,0,0.9090909090909091,-6.7634461538461546,low,0.4848,3,0.6190476190476191,True,NOERROR,1,3600,1,3,True,False,1,20857,NL,True,REGISTER S.P.A.,2,365,True,0,False,False,False,benign,no_adverse_signal
ubws797w.lol,2026-07-24,12,2.5,0.25,0,0.25,-11.001276923076924,low,0.4286,3,0.75,False,NOERROR,0,,0,2,False,False,0,,,,"GMO Internet, Inc.",2,365,True,,,False,,benign,no_adverse_signal
liviquestays.com,2026-07-24,16,3.2516291673878226,0.0,0,0.7142857142857143,-7.093766666666666,low,0.5,2,0.8333333333333334,True,NOERROR,2,600,0,2,False,False,0,16509,US,True,"GoDaddy.com, LLC",2,365,False,32,False,False,,benign,no_adverse_signal
xd11.onl,2026-07-24,8,1.5,0.25,0,0.0,-11.00908,low,0.4,2,0.75,True,NOERROR,2,300,0,2,False,False,2,13335,US,False,,,,,0,False,False,,benign,no_adverse_signal
bristolbusinessfunding.com,2026-07-24,26,3.481714572986072,0.0,0,0.4666666666666667,-6.63060243902439,low,0.5405,3,0.5909090909090909,True,NOERROR,1,86400,1,3,True,False,0,20738,GB,True,"ENOM, INC.",2,731,True,0,False,False,False,benign,no_adverse_signal
newstandard-s.com,2026-07-24,17,3.085055102756477,0.0,1,0.3333333333333333,-6.646269565217392,low,0.5714,3,0.6923076923076923,True,NOERROR,2,300,1,2,True,False,2,13335,US,False,PDR Ltd. d/b/a PublicDomainRegistry.com,2,365,True,0,False,False,False,benign,no_adverse_signal
caracalfusion.digital,2026-07-24,21,3.180832987205441,0.0,0,0.8571428571428571,-6.584952173913043,low,0.4828,2,0.7692307692307693,True,NOERROR,2,300,0,2,False,False,2,13335,US,False,,,,,0,False,False,,benign,no_adverse_signal
koyinos.com,2026-07-24,11,2.5216406363433186,0.0,0,0.75,-7.712154545454545,low,0.5714,1,0.8571428571428571,True,NOERROR,1,21600,1,4,True,False,1,210403,FR,False,LWS dba Ligne Web Services,2,365,False,0,False,False,False,benign,no_adverse_signal
raseruk.icu,2026-07-24,11,2.5216406363433186,0.0,0,0.75,-6.687181818181818,low,0.625,1,0.8571428571428571,True,NOERROR,2,300,0,2,False,False,2,13335,US,False,NAMECHEAP INC,2,365,True,0,False,False,,benign,no_adverse_signal
mydepthchartiq.com,2026-07-24,18,3.521640636343319,0.0,0,0.2727272727272727,-7.427432,low,0.5,5,0.8571428571428571,True,NOERROR,2,600,0,2,False,False,0,16509,US,True,"GoDaddy.com, LLC",2,731,False,32,False,False,,benign,no_adverse_signal
bhaibhaidyeing.com,2026-07-24,18,3.039148671903071,0.0,0,0.75,-7.8186040000000006,low,0.5455,2,0.6428571428571429,True,NOERROR,1,1800,0,2,True,False,0,22612,US,False,NAMECHEAP INC,2,365,True,0,False,False,,benign,no_adverse_signal
banghieu.biz,2026-07-24,12,3.0,0.0,0,1.0,-7.1133461538461535,low,0.6154,3,1.0,True,NOERROR,2,300,0,2,False,False,2,13335,US,False,Global Domain Group LLC,2,,True,0,False,False,,benign,no_adverse_signal
berralcare.com,2026-07-24,14,2.446439344671015,0.0,0,0.6666666666666666,-6.452576470588235,low,0.5882,2,0.6,True,NOERROR,4,14400,1,4,True,False,0,53831,US,False,Squarespace Domains II LLC,1,365,True,15,False,False,False,benign,no_adverse_signal
fnd-sport.icu,2026-07-24,13,3.169925001442312,0.0,1,0.14285714285714285,-7.303979999999999,low,0.5333,3,1.0,True,NOERROR,1,600,0,2,False,False,0,132839,ZA,False,"Zhengzhou Century Connect Electronic Technology Development Co., Ltd",2,365,False,0,False,False,,benign,no_adverse_signal
sekedung.live,2026-07-24,13,2.75,0.0,0,0.6,-7.2308615384615385,low,0.5333,2,0.875,True,NOERROR,2,300,1,2,False,False,2,13335,US,False,,,,False,0,False,False,False,benign,no_adverse_signal
seallround.nl,2026-07-24,13,3.121928094887362,0.0,0,0.6666666666666666,-6.723700000000001,low,0.5556,3,0.9,True,NOERROR,1,3600,1,3,True,False,0,396982,NL,True,Registrar.eu,3,,False,0,False,False,False,benign,no_adverse_signal
greenelectroheating.com,2026-07-24,23,3.2158411726837524,0.0,0,0.7272727272727273,-6.354508571428572,low,0.4444,3,0.5789473684210527,True,NOERROR,2,300,0,2,False,False,0,16509,US,True,"Spaceship, Inc.",2,365,False,9,False,False,,benign,no_adverse_signal
zqp7tgrk.cc,2026-07-24,11,3.0,0.09090909090909091,0,0.0,-11.235307692307693,low,0.4211,4,1.0,False,NOERROR,0,,0,2,False,False,0,,,,"NameSilo, LLC",3,365,False,,,False,,benign,no_adverse_signal
casibom-girss.com,2026-07-24,17,3.180832987205441,0.0,1,0.5,-7.636043478260869,low,0.4348,3,0.7692307692307693,False,NOERROR,0,,0,2,False,False,0,,,,"NICENIC INTERNATIONAL GROUP CO., LIMITED",2,365,False,,,True,,malicious,spamhaus_dbl
notional-finance.work,2026-07-24,21,3.125,0.0,1,0.875,-6.572486206896552,low,0.5833,2,0.625,True,NOERROR,1,1680,1,2,True,False,0,133618,US,True,"GoDaddy.com, LLC",2,365,True,1,False,False,False,benign,no_adverse_signal
theolvdrcvag.shop,2026-07-24,17,3.418295834054489,0.0,0,0.3333333333333333,-8.500866666666667,low,0.5217,6,0.9166666666666666,True,NOERROR,1,60,2,2,True,False,0,13335,CA,True,,,,False,0,False,False,False,benign,no_adverse_signal
jinshubaozhuang.com,2026-07-24,19,3.373557262275185,0.0,0,0.6666666666666666,-7.559707407407408,low,0.4167,3,0.7333333333333333,False,NOERROR,0,,0,2,False,False,0,,,,Gname.com Pte. Ltd.,5542,6210,True,,,False,,benign,no_adverse_signal
asustotoresminet.xyz,2026-07-24,20,3.1556390622295662,0.0,0,0.7777777777777778,-6.1797517241379305,high,0.5161,2,0.625,True,NOERROR,1,1800,5,2,True,False,0,22612,US,False,NAMECHEAP INC,2,365,True,1,False,False,False,benign,no_adverse_signal
jm67h8ra.com,2026-07-24,12,3.0,0.25,0,0.25,-11.952253846153846,low,0.4286,2,1.0,True,NOERROR,2,300,0,2,False,False,2,13335,US,False,DYNADOT LLC,2,365,True,0,False,False,,benign,no_adverse_signal
rdinnovationsllc.com,2026-07-24,20,3.327819531114783,0.0,0,0.45454545454545453,-6.904379310344828,low,0.5185,5,0.6875,True,NOERROR,4,14400,0,4,True,False,0,53831,US,False,Squarespace Domains LLC,1,365,True,15,False,False,,benign,no_adverse_signal
swflaccidenthelp.com,2026-07-24,20,3.625,0.0,0,0.3333333333333333,-7.1906275862068965,low,0.5385,4,0.8125,True,NOERROR,2,3600,0,2,False,False,0,16509,US,True,"GoDaddy.com, LLC",1,1096,False,22,False,False,,benign,no_adverse_signal
700play.net,2026-07-24,11,2.5216406363433186,0.2727272727272727,0,0.3333333333333333,-8.603290909090909,low,0.4615,2,0.8571428571428571,True,NOERROR,2,300,0,2,False,False,2,13335,US,False,DYNADOT LLC,3,365,True,0,False,False,,benign,no_adverse_signal
msakpsi.com,2026-07-24,11,2.5216406363433186,0.0,0,0.4,-8.608227272727273,low,0.6154,3,0.8571428571428571,False,NOERROR,0,,0,2,False,False,0,,,,TuringSign Inc. d/b/a Cosmotown,2,365,False,,,False,,benign,no_adverse_signal
sleepapneamontreal.com,2026-07-24,22,3.127986806877675,0.0,0,0.8,-6.688421212121212,low,0.4667,3,0.5555555555555556,True,NOERROR,1,14400,1,2,True,False,0,54641,US,True,"GoDaddy.com, LLC",2,365,False,0,False,False,False,benign,no_adverse_signal
ร้านเครื่องเทศ.com,2026-07-24,18,3.521640636343319,0.0,0,0.0,-15.754380000000001,low,0.0,5,0.8571428571428571,False,timeout,0,,0,2,False,False,0,,,,"TUCOWS.COM, CO.",370,2191,True,,,False,,benign,no_adverse_signal
7iq3s5rm.lol,2026-07-24,12,3.0,0.25,0,0.25,-12.46796923076923,low,0.4706,2,1.0,False,NOERROR,0,,0,2,False,False,0,,,,"GMO Internet, Inc.",2,365,True,,,False,,benign,no_adverse_signal
nextaisolutions.digital,2026-07-24,23,3.240223928941852,0.0,0,0.875,-6.624981481481482,low,0.5385,2,0.6666666666666666,True,NOERROR,2,300,0,2,False,False,2,13335,US,False,,,,,0,False,False,,benign,no_adverse_signal
dlxxwl006.com,2026-07-24,13,2.5032583347756456,0.23076923076923078,0,0.0,-10.806593333333332,low,0.4615,6,0.6666666666666666,True,NOERROR,1,600,0,2,False,False,0,133199,HK,False,Realtime Register B.V.,2,365,False,0,False,False,,benign,no_adverse_signal
tvsync.app,2026-07-24,10,2.584962500721156,0.0,0,0.0,-8.311211111111112,low,0.6,6,1.0,True,NOERROR,2,1800,0,2,False,False,0,16509,US,False,,,,False,0,False,False,,benign,no_adverse_signal
alphaclasses.online,2026-07-24,19,2.6258145836939115,0.0,0,0.5,-6.7981380952380945,medium,0.56,3,0.5833333333333334,True,NOERROR,2,120,0,4,True,False,0,16509,DE,True,"HOSTINGER operations, UAB",2,365,False,20,False,False,,benign,no_adverse_signal
xpanddigitalmarketing.com,2026-07-24,25,3.5585186130489057,0.0,0,0.5,-6.522784615384615,low,0.4571,3,0.6190476190476191,True,NOERROR,2,300,1,2,True,False,2,13335,US,False,PDR Ltd. d/b/a PublicDomainRegistry.com,2,365,True,0,False,False,False,benign,no_adverse_signal
123b-vietnam.com,2026-07-24,16,3.584962500721156,0.1875,1,0.6,-8.511523809523808,low,0.4762,2,1.0,True,NOERROR,2,300,0,2,False,False,2,13335,US,False,NAMECHEAP INC,2,365,True,0,False,False,,benign,no_adverse_signal
minimalistmiles.my.id,2026-07-24,21,2.789898095464287,0.0,0,0.6666666666666666,-6.370322222222223,low,0.48,3,0.5333333333333333,False,NOERROR,0,,0,2,False,False,0,,,,,,,False,,,False,,benign,no_adverse_signal
pf81fekj.lol,2026-07-24,12,2.75,0.16666666666666666,0,0.2,-11.3898,low,0.4615,2,0.875,False,NOERROR,0,,0,2,False,False,0,,,,"GMO Internet, Inc.",2,365,True,,,False,,benign,no_adverse_signal
cabinettn.com,2026-07-24,13,2.725480556997868,0.0,0,0.5,-6.702626666666666,low,0.5333,3,0.7777777777777778,True,NOERROR,1,21600,1,4,True,False,1,210403,FR,False,LWS dba Ligne Web Services,742,1095,False,0,False,False,False,benign,no_adverse_signal
crataxdeclarations.com,2026-07-24,22,3.3921472236645345,0.0,0,0.6363636363636364,-6.636521212121212,low,0.5455,2,0.6666666666666666,True,NOERROR,1,86400,0,2,False,False,0,16509,US,True,"TUCOWS.COM, CO.",371,730,True,0,False,False,,benign,no_adverse_signal
groomstack.io,2026-07-24,13,3.121928094887362,0.0,0,0.42857142857142855,-6.558723529411765,low,0.5882,3,0.9,False,NOERROR,0,,0,2,False,False,0,,,,"Cloudflare, Inc",3,365,True,,,False,,benign,no_adverse_signal
awardownerframe.quest,2026-07-24,21,3.0062389286533895,0.0,0,0.6666666666666666,-6.883637037037038,low,0.4615,3,0.6,True,NOERROR,2,300,3,2,True,False,2,13335,US,False,"NameSilo, LLC",2,365,True,0,False,False,False,benign,no_adverse_signal
clairobscure.ch,2026-07-24,15,3.2516291673878226,0.0,0,0.7142857142857143,-6.9840809523809515,low,0.5556,3,0.8333333333333334,True,NOERROR,2,600,1,2,True,False,0,16509,US,True,,,,False,32,False,False,False,benign,no_adverse_signal
7c3hobz.sbs,2026-07-24,11,2.807354922057604,0.18181818181818182,0,0.25,-10.83530909090909,low,0.4,2,1.0,False,NOERROR,0,,0,2,False,False,0,,,,"Spaceship, Inc.",2,365,False,,,False,,benign,no_adverse_signal
9gfjr46d.lol,2026-07-24,12,3.0,0.25,0,0.0,-12.27996923076923,low,0.375,4,1.0,False,NOERROR,0,,0,2,False,False,0,,,,"GMO Internet, Inc.",2,365,True,,,False,,benign,no_adverse_signal
bk33.plus,2026-07-24,9,1.5,0.2222222222222222,0,0.0,-10.58082,low,0.5,2,0.75,True,NOERROR,2,300,0,2,False,False,2,13335,US,False,,,,,0,False,False,,benign,no_adverse_signal
ciphercryptoaudit.com,2026-07-24,21,3.4992275471326932,0.0,0,0.5454545454545454,-7.475590322580645,low,0.4667,6,0.7058823529411765,True,NOERROR,1,300,0,4,False,False,0,396982,US,True,"Name.com, Inc.",2,365,True,37,False,False,,benign,no_adverse_signal
pf95ewyr24qqtgx2zn1r67n8u7hju5l44.cyou,2026-07-24,38,4.476064195050471,0.34210526315789475,0,0.17647058823529413,-12.153542857142858,low,0.2,5,0.7272727272727273,False,NOERROR,0,,0,0,False,False,0,,,,URL SOLUTIONS INC.,2,365,True,,,True,,malicious,spamhaus_dbl
masafun.media,2026-07-24,13,2.5216406363433186,0.0,0,0.75,-7.0792909090909095,low,0.6154,1,0.8571428571428571,True,NOERROR,2,300,3,2,True,False,2,13335,US,False,,,,,0,False,False,False,benign,no_adverse_signal
mattvincentteam.com,2026-07-24,19,2.8402239289418523,0.0,0,0.5,-6.583666666666666,low,0.5,3,0.5333333333333333,False,NXDOMAIN,0,,0,0,False,False,0,,,,"GMO Internet, Inc.",2,365,True,,,False,,benign,no_adverse_signal
afritale.site,2026-07-24,13,2.75,0.0,0,1.0,-6.426415384615385,medium,0.5714,2,0.875,True,NOERROR,2,60,5,2,True,False,0,16509,US,True,NAMECHEAP INC,2,365,True,7,False,False,False,benign,no_adverse_signal
monarch-hairco.com,2026-07-24,18,3.09306920777189,0.0,1,0.625,-7.079416,low,0.4762,3,0.6428571428571429,True,NOERROR,2,3600,1,2,True,False,0,16509,US,True,"GoDaddy.com, LLC",1,1096,False,22,False,False,False,benign,no_adverse_signal
ribens1.com,2026-07-24,11,2.807354922057604,0.09090909090909091,0,0.5,-7.103718181818182,low,0.6154,2,1.0,True,NOERROR,1,1,0,2,False,True,0,40065,US,False,"NameSilo, LLC",2,365,True,0,False,False,,benign,no_adverse_signal
szcbsite.com,2026-07-24,12,2.75,0.0,0,0.3333333333333333,-8.230723076923077,low,0.5714,5,0.875,True,NOERROR,2,300,0,2,True,False,2,14618,US,True,DropCatch.com 1411 LLC,2,365,False,0,False,False,,benign,no_adverse_signal
13osx9er.lol,2026-07-24,12,3.0,0.25,0,0.6666666666666666,-11.3307,low,0.4615,2,1.0,False,NOERROR,0,,0,2,False,False,0,,,,"GMO Internet, Inc.",2,365,True,,,False,,benign,no_adverse_signal
pplanetcare.shop,2026-07-24,16,2.9139770731827523,0.0,0,0.5714285714285714,-6.149257894736842,low,0.5833,3,0.7272727272727273,True,NOERROR,1,300,0,2,False,False,0,199242,GE,False,,,,False,0,True,False,,malicious,spamhaus_zen
heyfloor.nl,2026-07-24,11,2.75,0.0,0,0.6,-7.4703923076923076,low,0.5,3,0.875,True,NOERROR,1,86400,3,2,True,False,0,43515,NL,True,team.blue nl B.V.,4,,False,0,False,False,False,benign,no_adverse_signal
easystudy.com.tw,2026-07-24,16,2.725480556997868,0.0,0,0.5,-7.019453333333333,low,0.4762,4,0.7777777777777778,True,NOERROR,1,3600,0,2,False,False,0,396982,TW,True,GoDaddy,24,731,True,0,False,False,,benign,no_adverse_signal
dentalimplantgrantssearch.site,2026-07-24,30,3.6234651896016463,0.0,0,0.3888888888888889,-6.3966659574468085,medium,0.4737,4,0.56,True,NOERROR,1,3600,1,2,True,False,0,133618,AU,True,NAMECHEAP INC,2,365,True,0,False,False,False,benign,no_adverse_signal
alcook24songdo.shop,2026-07-24,19,3.2359263506290334,0.10526315789473684,0,0.7142857142857143,-7.8999,low,0.4762,3,0.7857142857142857,True,NOERROR,1,600,0,3,False,False,0,9318,KR,False,,,,False,0,False,False,,benign,no_adverse_signal
lawnscapesofnewbern.com,2026-07-24,23,3.4316235658474303,0.0,0,0.46153846153846156,-7.4254371428571435,low,0.4286,4,0.631578947368421,True,NOERROR,1,300,0,3,False,False,0,209242,AU,False,"TUCOWS.COM, CO.",1,365,True,7,False,False,,benign,no_adverse_signal
arcadoza.com,2026-07-24,12,2.4056390622295662,0.0,0,1.0,-7.2541153846153845,low,0.5333,2,0.75,True,NOERROR,1,14400,2,2,True,False,0,13335,CA,True,"HOSTINGER operations, UAB",2,365,False,0,False,False,False,benign,no_adverse_signal
cmsrescueteam.com,2026-07-24,17,2.873140679513133,0.0,0,0.625,-7.208321739130435,low,0.5,4,0.6153846153846154,True,NOERROR,1,600,0,2,False,False,0,14061,US,False,"Wild West Domains, LLC",2,3653,False,0,False,False,,benign,no_adverse_signal
web-support.help,2026-07-24,16,3.277613436819116,0.0,1,0.42857142857142855,-7.200978947368421,low,0.5556,2,0.9090909090909091,True,NOERROR,2,300,0,3,False,False,0,2635,US,False,Automattic Inc.,2,365,True,0,False,False,,benign,no_adverse_signal
pagonaporta.site,2026-07-24,16,2.663532754804255,0.0,0,0.8333333333333334,-6.362231578947369,medium,0.56,2,0.6363636363636364,True,NOERROR,1,3600,1,2,True,False,0,40021,US,True,"GoDaddy.com, LLC",2,365,False,0,False,False,False,benign,no_adverse_signal
bpnorthrand.site,2026-07-24,16,3.095795255000934,0.0,0,0.2222222222222222,-7.196431578947369,medium,0.4706,4,0.8181818181818182,True,NOERROR,1,14400,4,4,True,False,0,36943,ZA,False,Hosting Concepts B.V. d/b/a Registrar.eu,2,365,True,0,False,False,False,benign,no_adverse_signal
letsgetcruisey.com,2026-07-24,18,3.182005814760214,0.0,0,0.5555555555555556,-7.3117160000000005,low,0.5217,3,0.7142857142857143,True,NOERROR,2,600,0,2,False,False,0,16509,US,True,"GoDaddy.com, LLC",2,365,False,32,False,False,,benign,no_adverse_signal
fscvehiclerepair.com,2026-07-24,20,3.327819531114783,0.0,0,0.6,-7.354475862068965,low,0.4615,4,0.6875,True,NOERROR,3,3600,0,2,False,False,0,58182,US,True,Wix.com Ltd.,2,365,False,17,False,False,,benign,no_adverse_signal
curatepartnerships.com,2026-07-24,22,3.350209029099897,0.0,0,0.5,-6.574121212121212,low,0.4828,3,0.6111111111111112,True,NOERROR,2,300,1,2,True,False,2,13335,US,False,PDR Ltd. d/b/a PublicDomainRegistry.com,1,365,True,0,False,False,False,benign,no_adverse_signal
beaconandbeech.com,2026-07-24,18,2.8962915290459277,0.0,0,0.75,-6.626536,low,0.4762,3,0.5714285714285714,True,NOERROR,2,300,0,2,False,False,0,16509,US,True,"Spaceship, Inc.",2,365,False,9,False,False,,benign,no_adverse_signal
amandaelorenzo.com.br,2026-07-24,21,3.039148671903071,0.0,0,1.0,-6.766368,low,0.5,2,0.6428571428571429,True,NOERROR,3,3600,1,2,True,False,0,58182,US,True,,4,365,False,17,False,False,,benign,no_adverse_signal
samuelbarbas.com,2026-07-24,16,2.8553885422075336,0.0,0,0.7142857142857143,-7.254452380952381,low,0.6364,2,0.6666666666666666,True,NOERROR,1,1800,0,0,False,False,0,58182,US,True,Wix.com Ltd.,736,1095,True,0,False,False,,benign,no_adverse_signal
beltrionva.pro,2026-07-24,14,3.321928094887362,0.0,0,0.6666666666666666,-6.821194117647059,low,0.5333,3,1.0,True,NOERROR,1,60,0,2,False,False,0,43350,NL,False,,,,,56,False,False,,malicious,abuseipdb
dxhhospital.top,2026-07-24,15,3.277613436819116,0.0,0,0.375,-7.7807473684210535,high,0.5,4,0.9090909090909091,False,NOERROR,0,,2,2,False,False,0,,,,XinNet Technology Corporation,2,365,True,,,False,True,benign,no_adverse_signal
1xbet-forum1.top,2026-07-24,16,3.418295834054489,0.125,1,0.5,-7.983657142857143,high,0.4706,2,0.9166666666666666,True,NOERROR,1,3600,0,2,True,False,0,59692,AE,True,PDR Ltd. d/b/a PublicDomainRegistry.com,2,365,True,0,False,False,,benign,no_adverse_signal
isigest.immo,2026-07-24,12,2.2359263506290326,0.0,0,0.75,-6.333018181818182,low,0.5714,2,0.7142857142857143,True,NOERROR,1,3600,3,2,True,False,0,16276,FR,True,,,,False,16,False,False,False,benign,no_adverse_signal
spinelift.com,2026-07-24,13,2.94770277922009,0.0,0,0.5,-6.426273333333333,low,0.5882,2,0.8888888888888888,False,NOERROR,0,,0,4,False,False,0,,,,Squarespace Domains II LLC,3661,4017,True,,,False,,benign,no_adverse_signal
colouroforange.com,2026-07-24,18,3.09306920777189,0.0,0,1.0,-6.317948,low,0.64,2,0.7142857142857143,True,NOERROR,3,3600,0,2,False,False,0,58182,US,True,Wix.com Ltd.,2,1096,False,17,False,False,,benign,no_adverse_signal
t17ew.top,2026-07-24,9,2.321928094887362,0.2222222222222222,0,0.5,-11.027528571428572,high,0.4444,1,1.0,True,NOERROR,3,15,0,0,False,True,0,133199,HK,False,GoDaddy.com,2,365,True,4,False,False,,benign,no_adverse_signal
vhidoyt5.top,2026-07-24,12,3.0,0.08333333333333333,0,0.4,-9.16516923076923,high,0.4706,2,1.0,True,NOERROR,3,60,0,2,False,True,0,138995,US,False,Dominet (HK) Limited,2,365,True,0,True,True,,malicious,spamhaus_zen
irongsecurity.com,2026-07-24,17,3.3927474104487847,0.0,0,0.625,-6.655852173913043,low,0.5263,3,0.8461538461538461,False,timeout,0,,0,0,False,False,0,,,,"TUCOWS.COM, CO.",2,365,True,,,False,,benign,no_adverse_signal
essenceofaesthetics.com,2026-07-24,23,3.005314856894279,0.0,0,0.7272727272727273,-6.867102857142857,low,0.4375,3,0.5263157894736842,True,NOERROR,2,10800,0,2,True,False,2,14618,US,True,DropCatch.com 790 LLC,2,365,False,0,False,False,,benign,no_adverse_signal
the-queen-of-hearts.jp,2026-07-24,22,3.366091329119191,0.0,3,0.7777777777777778,-7.832054285714285,low,0.4,3,0.631578947368421,True,NOERROR,1,300,1,4,False,False,0,54113,US,False,,81,392,True,0,False,False,False,benign,no_adverse_signal
7fun7-api.online,2026-07-24,16,2.94770277922009,0.125,1,1.0,-9.35272,medium,0.5333,1,0.8888888888888888,False,NOERROR,0,,0,2,False,False,0,,,,"HOSTINGER operations, UAB",134,365,False,,,False,,benign,no_adverse_signal
westforgehome.com,2026-07-24,17,3.180832987205441,0.0,0,0.625,-6.886995652173914,low,0.5217,3,0.7692307692307693,True,NOERROR,1,1800,5,2,True,False,0,22612,US,False,NAMECHEAP INC,2,365,True,0,False,False,False,benign,no_adverse_signal
persistdeep.xyz,2026-07-24,15,2.663532754804255,0.0,0,0.5714285714285714,-6.700484210526316,high,0.5,3,0.6363636363636364,True,NOERROR,2,3600,1,2,True,False,0,16509,US,True,"GMO Internet, Inc.",2,365,True,27,False,False,,benign,no_adverse_signal
tzyh3243.com,2026-07-24,12,2.75,0.3333333333333333,0,0.0,-11.046361538461538,low,0.4,4,0.875,True,NOERROR,1,300,3,2,True,False,0,16509,US,False,"Cloudflare, Inc.",2,731,True,0,False,False,False,benign,no_adverse_signal
notificator.xyz,2026-07-24,15,2.9139770731827523,0.0,0,0.8333333333333334,-6.420405263157895,high,0.6,1,0.7272727272727273,True,NOERROR,1,600,1,4,True,False,1,24940,DE,True,Porkbun LLC,2,365,False,0,False,False,False,benign,no_adverse_signal
manometricmatrix.shop,2026-07-24,21,3.202819531114783,0.0,0,0.6,-6.522506896551724,low,0.5385,2,0.625,True,NOERROR,1,1800,5,2,True,False,0,22612,US,False,,,,False,0,False,False,False,benign,no_adverse_signal
apartment-rental-51-us.today,2026-07-24,28,3.5383105956150054,0.07142857142857142,3,0.5454545454545454,-7.575246341463415,low,0.4324,3,0.5909090909090909,True,NOERROR,1,3170,1,2,True,False,0,133618,US,True,,,,,1,False,False,False,benign,no_adverse_signal
innerguidepodcast.com,2026-07-24,21,3.6168746059562227,0.0,0,0.7,-6.83721935483871,low,0.5385,2,0.7647058823529411,False,NOERROR,0,,1,2,False,False,0,,,,NAMECHEAP INC,2,365,True,,,False,False,benign,no_adverse_signal
arixo.world,2026-07-24,11,2.321928094887362,0.0,0,1.5,-7.337285714285715,low,0.6,1,1.0,True,NOERROR,2,300,0,2,False,False,2,13335,US,False,,,,,0,False,False,,benign,no_adverse_signal
aaslegal.com,2026-07-24,12,2.1556390622295662,0.0,0,1.0,-7.078207692307692,low,0.5333,2,0.625,True,NOERROR,2,3600,1,2,True,False,0,16509,US,True,Dynadot3 LLC,2,365,True,58,False,False,,malicious,abuseipdb
cescchartercourse.co.uk,2026-07-24,23,2.939829017466402,0.0,0,0.5454545454545454,-6.516293548387097,low,0.5,4,0.5294117647058824,True,NOERROR,2,3600,5,2,True,False,0,16509,US,True,"GoDaddy.com, LLC. [Tag = GODADDY]",2,365,False,16,False,False,False,benign,no_adverse_signal
singpostgt.sbs,2026-07-24,14,2.7219280948873625,0.0,0,0.25,-7.006288235294117,low,0.6667,4,0.7,False,NXDOMAIN,0,,0,0,False,False,0,,,,GLOBAL ASSET DOMAINS INC,1,365,True,,,True,,malicious,spamhaus_dbl
workteams.live,2026-07-24,14,3.169925001442312,0.0,0,0.5,-6.823106666666666,low,0.75,3,1.0,True,NOERROR,1,1800,1,2,True,False,0,26832,CA,True,,,,False,0,False,False,False,benign,no_adverse_signal
finwel.com,2026-07-24,10,2.584962500721156,0.0,0,0.5,-7.152822222222222,low,0.7273,2,1.0,True,NOERROR,2,3600,0,0,True,False,0,14061,US,False,"GoDaddy.com, LLC",7130,7670,False,0,False,False,,benign,no_adverse_signal
fam-core.com,2026-07-24,12,3.0,0.0,1,0.75,-7.041861538461538,low,0.5714,1,1.0,True,NOERROR,2,300,0,2,False,False,2,13335,US,False,"Cloudflare, Inc.",2,365,True,0,False,False,,benign,no_adverse_signal
mafiafrance-fr.com,2026-07-24,18,2.9852281360342525,0.0,1,0.625,-7.339144,low,0.4444,2,0.6428571428571429,True,NOERROR,2,300,0,2,False,False,2,13335,US,False,"Gransy, s.r.o.",2,365,False,0,False,True,,malicious,spamhaus_dbl
j5599.bet,2026-07-24,9,1.5219280948873621,0.4444444444444444,0,0.0,-11.334757142857143,low,0.25,1,0.6,True,NOERROR,2,300,0,2,False,False,2,13335,US,False,,,,,0,False,False,,benign,no_adverse_signal
vulcanictensor.click,2026-07-24,20,3.521640636343319,0.0,0,0.5555555555555556,-6.948968,medium,0.5,2,0.8571428571428571,True,NOERROR,2,300,0,2,False,False,0,16509,US,True,"Spaceship, Inc.",2,365,False,9,False,False,,benign,no_adverse_signal
moilesbyt.shop,2026-07-24,14,3.169925001442312,0.0,0,0.5,-7.52262,low,0.5882,4,1.0,True,NOERROR,1,2965,1,2,True,False,0,133618,US,True,,,,False,0,False,False,False,benign,no_adverse_signal
tanyamoran.com,2026-07-24,14,2.6464393446710153,0.0,0,0.6666666666666666,-6.553,low,0.5556,2,0.7,True,NOERROR,1,3600,0,2,False,False,0,14061,DE,False,"GoDaddy.com, LLC",2,1096,False,0,False,False,,benign,no_adverse_signal
football-pass.com,2026-07-24,17,3.085055102756477,0.0,1,0.5,-7.085604347826086,low,0.48,2,0.6923076923076923,True,NOERROR,2,3600,0,2,False,False,0,16509,US,True,"GoDaddy.com, LLC",2,1096,False,22,False,False,,benign,no_adverse_signal
stockpanchang.com,2026-07-24,17,3.238901256602631,0.0,0,0.3,-6.496265217391304,low,0.5,3,0.7692307692307693,True,NOERROR,1,1800,5,2,True,False,0,22612,US,False,NAMECHEAP INC,2,365,True,1,False,False,False,benign,no_adverse_signal
methodbrew.co.uk,2026-07-24,16,3.121928094887362,0.0,0,0.42857142857142855,-7.1763941176470585,low,0.5,3,0.9,True,NOERROR,3,3600,0,2,False,False,0,58182,US,True,Tucows Inc t/a Tucows [Tag = TUCOWS-CA],3,365,False,17,False,False,,benign,no_adverse_signal
kingspeed26.top,2026-07-24,15,3.277613436819116,0.13333333333333333,0,0.5,-7.5198368421052635,high,0.5882,4,0.9090909090909091,True,NOERROR,2,300,0,2,False,False,2,13335,US,False,Alibaba Cloud Computing Ltd. d/b/a HiChina (www.net.cn),2,365,True,0,False,False,,benign,no_adverse_signal
87592coinbase.com,2026-07-24,17,3.7004397181410926,0.29411764705882354,0,1.0,-8.941678260869566,low,0.5185,2,1.0,True,NOERROR,1,300,0,2,False,False,0,215540,HR,True,"NICENIC INTERNATIONAL GROUP CO., LIMITED",2,365,False,0,False,True,,malicious,spamhaus_dbl
brailux.com,2026-07-24,11,2.807354922057604,0.0,0,0.75,-7.1336,low,0.6667,2,1.0,True,NOERROR,2,42,2,4,True,False,0,,US,False,Porkbun LLC,2,365,False,0,False,False,False,benign,no_adverse_signal
acb79.net,2026-07-24,9,2.321928094887362,0.2222222222222222,0,0.5,-10.625242857142856,low,0.4615,2,1.0,True,NOERROR,2,300,0,2,False,False,2,13335,US,False,DYNADOT LLC,3,365,True,0,False,False,,benign,no_adverse_signal
809025.xyz,2026-07-24,10,2.2516291673878226,0.6,0,0.0,-10.579055555555556,high,0.2222,0,0.8333333333333334,False,NOERROR,0,,0,2,False,False,0,,,,NAMECHEAP INC,373,1096,True,,,False,,benign,no_adverse_signal
intsys.co,2026-07-24,9,2.251629167387823,0.0,0,0.2,-6.736933333333333,low,0.6,5,0.8333333333333334,True,NOERROR,2,3600,1,2,True,False,0,16509,US,True,Above.com Pty Ltd.,4,365,False,58,False,False,,malicious,abuseipdb
amadaplantillas.com,2026-07-24,19,2.815922063835166,0.0,0,0.6666666666666666,-6.348811111111111,low,0.5,2,0.6,True,NOERROR,2,29,2,4,True,False,0,,US,False,Porkbun LLC,2,1096,False,0,False,False,False,benign,no_adverse_signal
zuqiutongpeizhishuapp.cn,2026-07-24,24,3.52257158913636,0.0,0,0.75,-8.100689743589744,low,0.3636,3,0.6190476190476191,True,NOERROR,1,300,0,2,False,False,0,132839,SC,False,北京新网数码信息技术有限公司,6,365,False,0,False,False,,benign,no_adverse_signal
dpp.pub,2026-07-24,7,0.9182958340544896,0.0,0,0.0,-8.857333333333333,low,0.6667,3,0.6666666666666666,False,NOERROR,0,,0,2,False,False,0,,,,,,,,,,False,,benign,no_adverse_signal
fqxevk.com,2026-07-24,10,2.584962500721156,0.0,0,0.2,-10.9043,low,0.4615,3,1.0,True,NOERROR,2,300,0,2,False,False,2,13335,US,False,NAMECHEAP INC,2,365,True,0,False,False,,benign,no_adverse_signal
viketohelp.online,2026-07-24,17,3.121928094887362,0.0,0,0.6666666666666666,-7.183011764705882,medium,0.5333,2,0.9,True,NOERROR,1,3600,1,2,True,False,0,133618,US,True,"GoDaddy.com, LLC",2,365,False,0,False,False,False,benign,no_adverse_signal
goldspiremine.org,2026-07-24,17,3.392747410448785,0.0,0,0.625,-6.634878260869566,low,0.5714,4,0.8461538461538461,True,NOERROR,2,600,0,2,False,False,0,16509,US,True,"GoDaddy.com, LLC",2,3653,False,32,False,False,,benign,no_adverse_signal
kdmqyw.icu,2026-07-24,10,2.584962500721156,0.0,0,0.0,-11.620455555555557,low,0.4,6,1.0,True,NOERROR,9,3600,1,2,False,False,0,60592,CZ,False,"Gransy, s.r.o.",1,365,False,0,True,False,False,malicious,spamhaus_zen
optimbids.com,2026-07-24,13,2.94770277922009,0.0,0,0.5,-7.200653333333333,low,0.5,2,0.8888888888888888,True,NOERROR,2,57,2,4,True,False,0,,US,False,Porkbun LLC,2,365,False,0,False,False,False,benign,no_adverse_signal
cm8879.onl,2026-07-24,10,2.2516291673878226,0.4,0,0.0,-10.430644444444445,low,0.3636,2,0.8333333333333334,True,NOERROR,2,300,0,2,False,False,2,13335,US,False,,,,,0,False,False,,benign,no_adverse_signal
bachezong.com,2026-07-24,13,3.169925001442312,0.0,0,0.5,-6.946653333333333,low,0.625,2,1.0,False,NOERROR,0,,0,2,False,False,0,,,,TuringSign Inc. d/b/a Cosmotown,2,365,False,,,False,,benign,no_adverse_signal
customerpick.com,2026-07-24,16,3.418295834054489,0.0,0,0.5,-6.540442857142857,low,0.6316,2,0.9166666666666666,True,NOERROR,2,10800,0,2,True,False,2,14618,US,True,DropCatch.com 907 LLC,2,365,False,0,False,False,,benign,no_adverse_signal
gogotourcanaries.de,2026-07-24,19,3.327819531114783,0.0,0,1.0,-6.590206896551725,low,0.5,2,0.6875,True,NOERROR,4,30,0,2,False,False,8,213230,US,True,,,,False,0,False,False,,benign,no_adverse_signal
in-gout-yg-ok.live,2026-07-24,18,3.0269868333592873,0.0,3,0.6666666666666666,-9.050347826086957,low,0.5,2,0.6923076923076923,True,NOERROR,1,3600,1,2,True,False,0,133618,US,True,,,,False,1,False,False,False,benign,no_adverse_signal
perrysbaggage.org,2026-07-24,17,2.873140679513133,0.0,0,0.4444444444444444,-7.512686956521739,low,0.4444,5,0.6153846153846154,True,NOERROR,2,3600,0,2,False,False,0,16509,US,True,"GoDaddy.com, LLC",2,365,False,16,False,False,,benign,no_adverse_signal
admin-share3.online,2026-07-24,19,3.418295834054489,0.05263157894736842,1,0.6666666666666666,-7.1707857142857145,medium,0.5455,2,0.9166666666666666,True,NOERROR,1,3410,1,2,True,False,0,133618,AU,True,"GoDaddy.com, LLC",2,365,False,0,False,False,False,benign,no_adverse_signal
brayjeswobosglerieo.click,2026-07-24,25,3.4316235658474303,0.0,0,0.7272727272727273,-7.736688571428572,medium,0.5333,3,0.631578947368421,True,NOERROR,1,1800,5,2,True,False,0,22612,US,False,NAMECHEAP INC,2,365,True,0,False,False,False,benign,no_adverse_signal
stg-epoch-sco2-api.com,2026-07-24,22,3.4613201402110083,0.045454545454545456,3,0.5555555555555556,-8.433272727272728,low,0.4167,3,0.6666666666666666,True,NOERROR,1,300,0,4,False,False,0,396982,US,True,Squarespace Domains II LLC,2,365,True,0,False,False,,benign,no_adverse_signal
ferpen.com,2026-07-24,10,2.2516291673878226,0.0,0,0.5,-6.832544444444444,low,0.6,2,0.8333333333333334,True,NOERROR,1,1800,5,2,True,False,0,22612,US,False,NAMECHEAP INC,2,365,True,0,False,False,False,benign,no_adverse_signal
t7t8d21.surf,2026-07-24,12,2.5216406363433186,0.3333333333333333,0,0.0,-12.001645454545455,low,0.6154,1,0.8571428571428571,True,NOERROR,1,30,0,2,False,False,0,64013,SG,False,DYNADOT LLC,2,365,True,1,False,False,,benign,no_adverse_signal
theianacademy.com,2026-07-24,17,3.180832987205441,0.0,0,0.8571428571428571,-6.726634782608696,low,0.5263,2,0.7692307692307693,True,NOERROR,2,300,3,2,True,False,2,13335,US,False,"Cloudflare, Inc.",2,731,True,0,False,False,False,benign,no_adverse_signal
luchitaz.com,2026-07-24,12,3.0,0.0,0,0.6,-6.9863307692307695,low,0.5882,2,1.0,False,NOERROR,0,,0,2,False,False,0,,,,"TUCOWS.COM, CO.",2,365,True,,,False,,benign,no_adverse_signal
farrancesupports.online,2026-07-24,23,3.327819531114783,0.0,0,0.45454545454545453,-6.524837931034483,medium,0.5517,3,0.6875,True,NOERROR,1,14400,0,3,False,False,0,45638,AU,True,Synergy Wholesale Accreditations Pty Ltd,2,365,False,0,False,False,,benign,no_adverse_signal
bigpremium7.world,2026-07-24,17,3.0957952550009344,0.058823529411764705,0,0.6666666666666666,-7.92197894736842,low,0.4706,3,0.8181818181818182,False,NOERROR,0,,0,2,False,False,0,,,,,,,,,,False,,benign,no_adverse_signal
selfety.com,2026-07-24,11,2.5216406363433186,0.0,0,0.4,-7.477318181818182,low,0.6667,2,0.8571428571428571,False,NOERROR,0,,0,2,False,False,0,,,,Gname 475 Inc,2,365,False,,,False,,benign,no_adverse_signal
007zuqiubifenwangzuixinban1ue.asia,2026-07-24,34,3.6855672020241244,0.11764705882352941,0,0.9230769230769231,-9.052418181818181,low,0.2927,3,0.5172413793103449,True,NOERROR,1,300,0,2,False,False,0,132839,HK,False,Eranet International Limited,2,365,True,0,False,False,,benign,no_adverse_signal
taripexinoviteli.digital,2026-07-24,24,3.25,0.0,0,1.0,-6.5235724137931035,low,0.5185,1,0.6875,True,NOERROR,1,1800,5,2,True,False,0,22612,US,False,,,,,0,False,False,False,benign,no_adverse_signal
cedarstonebridge.site,2026-07-24,21,3.452819531114783,0.0,0,0.6,-6.650572413793103,medium,0.5185,3,0.75,True,NOERROR,1,600,2,4,True,False,0,9123,RU,True,PDR Ltd. d/b/a PublicDomainRegistry.com,2,365,False,2,False,False,False,benign,no_adverse_signal
ezzecosmetics.com,2026-07-24,17,2.873140679513133,0.0,0,0.625,-7.1732,low,0.5,2,0.6153846153846154,True,NOERROR,1,900,1,2,True,False,0,39729,IT,True,REGISTER S.P.A.,2,365,True,0,False,False,False,benign,no_adverse_signal
meridianrealty.co,2026-07-24,17,3.2359263506290334,0.0,0,0.75,-6.537672,low,0.5455,3,0.7142857142857143,True,NOERROR,2,600,0,2,False,False,0,16509,US,True,"GoDaddy.com, LLC",3,365,False,32,False,False,,benign,no_adverse_signal
smfcyy.com,2026-07-24,10,2.2516291673878226,0.0,0,0.0,-10.230533333333334,low,0.4615,6,0.8333333333333334,False,NOERROR,0,,0,2,False,False,0,,,,"DNSPod, Inc.",2,365,False,,,False,,benign,no_adverse_signal
ekosvetstroy.ru,2026-07-24,15,2.918295834054489,0.0,0,0.5,-7.1852238095238095,low,0.5,4,0.6666666666666666,True,NOERROR,1,86400,0,2,False,False,0,57724,RU,False,REGRU-RU,3,365,False,0,False,False,,benign,no_adverse_signal
labofpdf.com,2026-07-24,12,2.75,0.0,0,0.3333333333333333,-8.236246153846155,low,0.4706,4,0.875,True,NOERROR,1,300,0,2,False,False,0,14061,US,False,"Cloudflare, Inc.",2,365,True,0,False,False,,benign,no_adverse_signal
tweedtowing.com,2026-07-24,15,2.9139770731827523,0.0,0,0.5714285714285714,-7.096278947368421,low,0.5263,2,0.7272727272727273,False,NOERROR,0,,0,2,False,False,0,,,,"Cloudflare, Inc.",2,365,True,,,False,,benign,no_adverse_signal
rentaprop.co.in,2026-07-24,15,2.725480556997868,0.0,0,0.5,-6.126566666666666,low,0.5333,2,0.7777777777777778,True,NOERROR,2,600,0,2,False,False,0,16509,US,True,GoDaddy,3,1096,False,32,False,False,,benign,no_adverse_signal
ignitondirect.com,2026-07-24,17,3.0269868333592873,0.0,0,0.625,-6.5171782608695645,low,0.6154,2,0.6923076923076923,True,NOERROR,2,300,0,2,False,False,2,13335,US,False,"Cloudflare, Inc.",1,365,True,0,False,False,,benign,no_adverse_signal
acne-studios.fr,2026-07-24,15,3.418295834054489,0.0,1,0.8333333333333334,-7.114852380952381,low,0.5833,2,0.9166666666666666,True,NOERROR,2,300,0,2,False,False,2,13335,US,False,Hosting Concepts B.V. d/b/a Openprovider,1,364,False,0,False,False,,benign,no_adverse_signal
leospainting.biz,2026-07-24,16,3.251629167387823,0.0,0,0.7142857142857143,-6.27704761904762,low,0.5217,2,0.8333333333333334,True,NOERROR,2,300,0,2,False,False,2,13335,US,False,Global Domain Group LLC,2,,True,0,False,False,,benign,no_adverse_signal
vishani.com,2026-07-24,11,2.5216406363433186,0.0,0,0.75,-6.202281818181818,low,0.5263,2,0.8571428571428571,True,NOERROR,1,14400,1,2,True,False,0,46606,US,True,Gandi SAS,4062,4383,True,0,False,False,False,benign,no_adverse_signal
nalewave.click,2026-07-24,14,2.5,0.0,0,1.0,-6.757930769230769,medium,0.6154,1,0.75,True,NOERROR,2,300,0,2,False,False,0,16509,US,True,"Spaceship, Inc.",2,365,False,9,False,False,,benign,no_adverse_signal
t81eu.top,2026-07-24,9,2.321928094887362,0.2222222222222222,0,2.0,-11.683728571428572,high,0.6667,1,1.0,True,NOERROR,3,15,0,0,False,True,0,133199,HK,False,GoDaddy.com,2,365,True,4,False,False,,benign,no_adverse_signal
avp-sport.icu,2026-07-24,13,2.94770277922009,0.0,1,0.3333333333333333,-7.695753333333333,low,0.5714,2,0.8888888888888888,False,NOERROR,0,,0,2,False,False,0,,,,"Zhengzhou Century Connect Electronic Technology Development Co., Ltd",2,365,False,,,False,,benign,no_adverse_signal
judehdesign.com,2026-07-24,15,3.095795255000934,0.0,0,0.5714285714285714,-7.53968947368421,low,0.4706,2,0.8181818181818182,True,NOERROR,4,14400,0,4,True,False,0,53831,US,False,Squarespace Domains LLC,2,365,True,15,False,False,,benign,no_adverse_signal
pioneer-medicine.net,2026-07-24,20,3.077819531114783,0.0,1,1.1428571428571428,-6.602741379310345,low,0.5385,1,0.625,True,NOERROR,1,3600,0,4,False,False,0,58010,DE,True,InterNetX GmbH,3,365,True,1,False,False,,benign,no_adverse_signal
sceneme.net,2026-07-24,11,2.1280852788913944,0.0,0,0.75,-6.436490909090909,low,0.6,2,0.7142857142857143,True,NOERROR,1,1800,5,2,True,False,0,22612,US,False,NAMECHEAP INC,3,365,True,0,False,False,False,benign,no_adverse_signal
coinbridge.shop,2026-07-24,15,3.121928094887362,0.0,0,0.6666666666666666,-7.126911764705882,low,0.5556,3,0.9,True,NOERROR,1,300,0,2,False,False,0,206834,DE,False,,,,False,22,False,False,,benign,no_adverse_signal
domesidesign.com,2026-07-24,16,2.918295834054489,0.0,0,0.7142857142857143,-6.412142857142857,low,0.48,2,0.6666666666666666,True,NOERROR,1,86400,0,2,False,False,0,16509,US,True,"TUCOWS.COM, CO.",5485,5844,True,0,False,False,,benign,no_adverse_signal
mrvewnsun.shop,2026-07-24,14,2.94770277922009,0.0,0,0.2857142857142857,-7.9272,low,0.5263,3,0.8888888888888888,True,NOERROR,2,300,0,2,False,False,2,13335,US,False,,,,False,0,False,False,,benign,no_adverse_signal
amanahhomesco.com,2026-07-24,17,2.873140679513133,0.0,0,0.8571428571428571,-6.791004347826086,low,0.5455,2,0.6153846153846154,True,NOERROR,4,14400,1,4,True,False,0,53831,US,False,Squarespace Domains II LLC,2,365,True,15,False,False,False,benign,no_adverse_signal
aki-navi.jp,2026-07-24,11,2.5,0.0,1,1.3333333333333333,-7.691138461538461,low,0.5455,1,0.75,True,NOERROR,2,300,3,2,True,False,2,13335,US,False,,3,375,True,0,False,False,False,benign,no_adverse_signal
ainterview.club,2026-07-24,15,2.9219280948873623,0.0,0,1.0,-6.026217647058823,low,0.6667,2,0.8,True,NOERROR,2,3600,0,2,False,False,0,16509,US,True,"GoDaddy.com, LLC",2,365,True,22,False,False,,benign,no_adverse_signal
trustedpathmedicalcourier.com,2026-07-24,29,3.6732696895151076,0.0,0,0.6666666666666666,-6.666617021276596,low,0.4615,3,0.56,True,NOERROR,1,300,1,3,True,False,0,14618,US,True,"TUCOWS.COM, CO.",1,365,True,2,False,False,False,benign,no_adverse_signal
aoi88.pro,2026-07-24,9,1.9219280948873623,0.2222222222222222,0,3.0,-10.165828571428571,low,0.5455,0,0.8,True,NOERROR,2,300,0,2,False,False,2,13335,US,False,,,,,0,False,False,,benign,no_adverse_signal
awardwinningcandy.com,2026-07-24,21,2.984234164652489,0.0,0,0.4166666666666667,-6.927435483870967,low,0.48,3,0.5294117647058824,True,NOERROR,2,600,0,2,False,False,0,16509,US,True,"GoDaddy.com, LLC",1,365,False,32,False,False,,benign,no_adverse_signal
texnology.help,2026-07-24,14,2.94770277922009,0.0,0,0.5,-7.311973333333333,low,0.4706,2,0.8888888888888888,False,NXDOMAIN,0,,0,0,False,False,0,,,,"GMO Internet, Inc.",2,365,True,,,False,,benign,no_adverse_signal
fabricsonline.biz,2026-07-24,17,3.3927474104487847,0.0,0,0.625,-6.470639130434783,low,0.6429,2,0.8461538461538461,True,NOERROR,1,3600,1,2,True,False,0,133618,US,True,DYNADOT LLC,2,365,True,0,False,False,False,benign,no_adverse_signal
internationaldigitalpassport.info,2026-07-24,33,3.423251796980338,0.0,0,0.6470588235294118,-6.235956603773585,medium,0.383,3,0.42857142857142855,True,NOERROR,1,86400,0,2,False,False,0,16509,US,True,,,,,0,False,False,,benign,no_adverse_signal
beidanzongjinqiushuspzhijisuan.asia,2026-07-24,35,3.6695767463163933,0.0,0,0.6666666666666666,-8.119378947368421,low,0.3182,4,0.5,True,NOERROR,1,300,0,2,False,False,0,132839,SC,False,Eranet International Limited,2,365,True,0,False,False,,benign,no_adverse_signal
my-lifeos.site,2026-07-24,14,3.169925001442312,0.0,1,0.6,-7.806953333333333,medium,0.4706,2,1.0,True,NOERROR,1,1800,5,2,True,False,0,22612,US,False,NAMECHEAP INC,2,731,True,0,False,False,False,benign,no_adverse_signal
cosdin.com,2026-07-24,10,2.584962500721156,0.0,0,0.5,-6.890911111111111,low,0.6,2,1.0,False,NOERROR,0,,3,2,True,False,0,,,,Alibaba Cloud Computing Ltd. d/b/a HiChina (www.net.cn),2,1096,False,,,False,False,benign,no_adverse_signal
aspengrovesolutions.site,2026-07-24,24,3.5368867237421666,0.0,0,0.7272727272727273,-6.518717142857143,medium,0.6667,3,0.6842105263157895,True,NOERROR,1,86400,0,2,False,False,0,16509,US,True,"TUCOWS.COM, CO.",370,730,True,0,False,False,,benign,no_adverse_signal
aomenshishipeilvchaxun.asia,2026-07-24,27,3.6635327548042538,0.0,0,0.6923076923076923,-7.551982926829268,low,0.3871,4,0.6363636363636364,True,NOERROR,1,300,0,2,False,False,0,132839,HK,False,Eranet International Limited,2,365,True,0,False,False,,benign,no_adverse_signal
liotndy.cyou,2026-07-24,12,2.807354922057604,0.0,0,0.4,-7.778481818181818,low,0.5714,4,1.0,True,NOERROR,2,300,0,2,False,False,2,13335,US,False,DYNADOT LLC,2,365,True,0,False,False,,benign,no_adverse_signal
caladefoundry.click,2026-07-24,19,3.3927474104487847,0.0,0,0.625,-6.820160869565217,medium,0.6667,4,0.8461538461538461,True,NOERROR,2,300,0,2,False,False,2,13335,US,False,"Spaceship, Inc.",2,365,False,0,False,False,,benign,no_adverse_signal
markettehniki.online,2026-07-24,20,3.085055102756477,0.0,0,0.625,-6.98944347826087,medium,0.4762,2,0.6923076923076923,True,NOERROR,1,86400,0,2,False,False,0,197695,RU,False,Registrar of Domain Names REG.RU LLC,2,365,False,1,False,False,,benign,no_adverse_signal
gywvvwg.com,2026-07-24,11,1.9502120649147465,0.0,0,0.0,-10.997754545454546,low,0.4,7,0.5714285714285714,True,NOERROR,2,300,0,2,False,False,2,13335,US,False,"Spaceship, Inc.",2,365,False,0,False,False,,benign,no_adverse_signal
osyncdesk.wiki,2026-07-24,14,2.94770277922009,0.0,0,0.2857142857142857,-7.4222,low,0.625,5,0.8888888888888888,False,NOERROR,0,,0,2,False,False,0,,,,"Spaceship, Inc.",2,365,True,,,False,,benign,no_adverse_signal
bloomeraliving.com,2026-07-24,18,3.378783493486176,0.0,0,0.75,-6.146584000000001,low,0.6957,2,0.7857142857142857,True,NOERROR,1,50,0,2,False,False,0,47583,CY,False,"HOSTINGER operations, UAB",2,365,False,31,False,False,,benign,no_adverse_signal
affinitybykate.co.uk,2026-07-24,20,3.09306920777189,0.0,0,0.5555555555555556,-7.431083999999999,low,0.5,5,0.6428571428571429,True,NOERROR,2,600,0,2,False,False,0,16509,US,True,123-Reg Limited t/a 123-reg [Tag = 123-REG],4,1096,False,14,False,False,,benign,no_adverse_signal
aquinodigital.com,2026-07-24,17,3.180832987205441,0.0,0,1.1666666666666667,-6.840347826086957,low,0.48,1,0.7692307692307693,True,NOERROR,2,60,2,2,True,False,2,47583,LT,True,"HOSTINGER operations, UAB",2,365,False,31,False,False,False,benign,no_adverse_signal
helpdeskhq.net,2026-07-24,14,2.9219280948873623,0.0,0,0.25,-8.057835294117648,low,0.5882,4,0.8,True,NOERROR,1,300,1,3,True,False,0,51167,FR,True,InterNetX GmbH,3,365,True,0,False,False,False,benign,no_adverse_signal
polonavtorf.ru,2026-07-24,14,3.027169118440619,0.0,0,0.5714285714285714,-6.987973684210527,low,0.5185,2,0.8181818181818182,True,NOERROR,1,3600,2,2,True,False,1,197695,RU,True,REGRU-RU,3,365,False,0,False,False,False,benign,no_adverse_signal
twtholders.com,2026-07-24,14,3.121928094887362,0.0,0,0.25,-7.1832529411764705,low,0.5882,4,0.9,True,NOERROR,1,1800,2,2,True,False,0,22612,US,False,NAMECHEAP INC,2,365,True,0,False,False,False,benign,no_adverse_signal
crisalidapps.net,2026-07-24,16,2.918295834054489,0.0,0,0.5,-6.660509523809524,low,0.5556,3,0.6666666666666666,True,NOERROR,1,10800,0,3,False,False,0,41653,FR,True,Gandi SAS,5848,6209,True,0,False,False,,benign,no_adverse_signal
datingcozye.online,2026-07-24,18,3.459431618637298,0.0,0,0.5714285714285714,-7.324736842105264,medium,0.5263,3,1.0,True,NOERROR,1,1436,1,2,True,False,0,133618,US,True,"GoDaddy.com, LLC",2,365,False,0,False,False,False,benign,no_adverse_signal
klorisu.top,2026-07-24,11,2.807354922057604,0.0,0,0.75,-6.919509090909091,high,0.5,2,1.0,False,NOERROR,0,,0,2,False,False,0,,,,Alibaba Cloud Computing Ltd. d/b/a HiChina (www.net.cn),2,365,True,,,False,,benign,no_adverse_signal
961889.vip,2026-07-24,10,1.9182958340544896,0.6,0,0.0,-10.553733333333334,low,0.2222,0,0.6666666666666666,True,NOERROR,5,1,0,2,False,True,0,209242,US,False,DYNADOT LLC,2,365,True,0,False,False,,benign,no_adverse_signal
appshufflecasino.com,2026-07-24,20,3.5,0.0,0,0.6,-6.966610344827586,low,0.5714,4,0.75,True,NOERROR,2,300,0,2,False,False,2,13335,US,False,"GoDaddy.com, LLC",2,365,False,0,False,False,,benign,no_adverse_signal
darveille.app,2026-07-24,13,2.725480556997868,0.0,0,0.8,-6.818006666666666,low,0.6154,2,0.7777777777777778,True,NOERROR,1,3600,3,2,True,False,0,16276,FR,True,,,,False,16,False,False,False,benign,no_adverse_signal
bc69r7.homes,2026-07-24,12,2.584962500721156,0.25,0,0.0,-11.981133333333334,low,0.4444,2,1.0,False,NXDOMAIN,0,,0,0,False,False,0,,,,NAMECHEAP INC,2,365,False,,,False,,benign,no_adverse_signal
horemenangvip.icu,2026-07-24,17,3.3927474104487847,0.0,0,0.625,-6.730791304347826,low,0.5714,3,0.8461538461538461,False,NOERROR,0,,0,2,False,False,0,,,,NAMECHEAP INC,2,365,True,,,False,,benign,no_adverse_signal
t49eg.top,2026-07-24,9,2.321928094887362,0.2222222222222222,0,0.5,-11.60197142857143,high,0.5,1,1.0,True,NOERROR,3,15,0,0,False,True,0,54801,SC,False,GoDaddy.com,2,365,True,0,False,False,,benign,no_adverse_signal
maxryde.co,2026-07-24,10,2.807354922057604,0.0,0,0.4,-8.622972727272726,low,0.5,4,1.0,True,NOERROR,1,600,0,2,False,False,0,13335,CA,True,"GoDaddy.com, LLC",3,365,False,0,False,False,,benign,no_adverse_signal
wtvrn13v.lol,2026-07-24,12,2.75,0.16666666666666666,0,0.0,-10.254007692307692,low,0.4615,5,0.875,False,NOERROR,0,,0,2,False,False,0,,,,"GMO Internet, Inc.",2,365,True,,,False,,benign,no_adverse_signal
xn--m8t522hydg.xn--kput3i,2026-07-24,25,3.521640636343319,0.2,4,0.0,-10.857672,low,0.4348,4,0.8571428571428571,False,NXDOMAIN,0,,0,0,False,False,0,,,,,,,,,,False,,benign,no_adverse_signal
navysystem.pro,2026-07-24,14,2.921928094887362,0.0,0,0.25,-7.59315294117647,low,0.64,6,0.8,True,NOERROR,4,14400,0,4,True,False,0,53831,US,False,,,,,15,False,False,,benign,no_adverse_signal
reachwavebdr.org,2026-07-24,16,3.084962500721156,0.0,0,0.5,-7.426376190476191,low,0.5833,3,0.75,True,NOERROR,2,300,1,2,True,False,2,13335,US,False,Porkbun LLC,2,365,False,0,False,False,False,benign,no_adverse_signal
permittrail.online,2026-07-24,18,2.913977073182752,0.0,0,0.5714285714285714,-6.583589473684211,medium,0.5333,3,0.7272727272727273,True,NOERROR,1,3600,2,2,True,False,0,31898,DE,True,NAMECHEAP INC,2,365,True,0,False,False,False,benign,no_adverse_signal
bunttours.com,2026-07-24,13,2.725480556997868,0.0,0,0.5,-6.884593333333333,low,0.6667,3,0.7777777777777778,True,NOERROR,2,300,0,2,False,False,2,13335,US,False,"Spaceship, Inc.",1,365,False,0,False,False,,benign,no_adverse_signal
mnbcarstens.com,2026-07-24,15,3.0957952550009344,0.0,0,0.2222222222222222,-6.955636842105262,low,0.5556,4,0.8181818181818182,True,NOERROR,2,300,2,2,True,False,2,13335,US,False,"Cloudflare, Inc.",2,365,True,0,False,False,True,benign,no_adverse_signal
alate-longtengqipai.com.cn,2026-07-24,26,3.3660913291191923,0.0,1,0.8,-7.320691428571428,low,0.4,3,0.5789473684210527,True,NOERROR,1,600,0,2,False,False,0,58658,BR,False,北京新网数码信息技术有限公司,4,365,False,0,False,False,,benign,no_adverse_signal
artisanelite-associates.com,2026-07-24,27,3.207707064470474,0.0,1,1.0,-6.533581395348838,low,0.5,2,0.4782608695652174,True,NOERROR,2,3600,0,2,False,False,0,16509,US,True,"GoDaddy.com, LLC",2,365,False,16,False,False,,benign,no_adverse_signal
ctko.space,2026-07-24,10,2.0,0.0,0,0.3333333333333333,-8.79288,low,0.6,3,1.0,True,NOERROR,2,1800,0,2,False,False,0,16509,US,False,"Name.com, Inc.",2,365,False,0,False,False,,benign,no_adverse_signal
jlsylw.com,2026-07-24,10,2.2516291673878226,0.0,0,0.0,-9.896522222222222,low,0.4,6,0.8333333333333334,True,NOERROR,2,30,0,2,True,False,2,14618,US,True,DropCatch.com 696 LLC,2,365,False,2,False,False,,benign,no_adverse_signal
mkglabshub.com,2026-07-24,14,3.121928094887362,0.0,0,0.25,-7.960535294117648,low,0.5,4,0.9,True,NOERROR,2,300,1,2,True,False,2,13335,US,False,"GoDaddy.com, LLC",2,365,False,0,False,False,False,benign,no_adverse_signal
sunrise-online.com,2026-07-24,18,3.039148671903071,0.0,1,0.8571428571428571,-6.789676000000001,low,0.6364,2,0.6428571428571429,False,NOERROR,0,,2,4,True,False,0,,,,PDR Ltd. d/b/a PublicDomainRegistry.com,2,365,False,,,False,False,benign,no_adverse_signal
myrline.ru,2026-07-24,10,2.807354922057604,0.0,0,0.4,-7.092672727272728,low,0.7273,4,1.0,True,NOERROR,1,3600,2,2,True,False,1,197695,RU,True,REGRU-RU,3,365,False,0,False,False,False,benign,no_adverse_signal
zkeio.top,2026-07-24,9,2.321928094887362,0.0,0,1.5,-8.67702857142857,high,0.6,2,1.0,False,NOERROR,0,,0,2,False,False,0,,,,Dynadot LLC,2,365,True,,,False,,benign,no_adverse_signal
habitatnccgrants.org,2026-07-24,20,3.1556390622295662,0.0,0,0.3333333333333333,-7.190544827586207,low,0.48,6,0.625,True,NOERROR,2,300,0,2,False,False,2,13335,US,False,"NameCheap, Inc.",2,365,False,0,False,False,,benign,no_adverse_signal
nerfwatch.dev,2026-07-24,13,3.169925001442312,0.0,0,0.2857142857142857,-7.415466666666666,low,0.5556,3,1.0,True,NOERROR,1,900,1,2,False,False,0,15348,CA,False,,,,False,0,False,False,False,benign,no_adverse_signal
tjalk18.nl,2026-07-24,10,2.807354922057604,0.2,0,0.25,-9.336300000000001,low,0.4286,2,1.0,True,NOERROR,1,1800,0,3,False,False,1,20857,NL,True,team.blue nl B.V.,3,,False,0,False,False,,benign,no_adverse_signal
mimi999.io,2026-07-24,10,1.5566567074628228,0.3,0,1.0,-8.831136363636363,low,0.5455,1,0.42857142857142855,True,NOERROR,2,600,0,2,False,False,0,16509,US,True,"GoDaddy.com, LLC",4,365,True,32,False,False,,benign,no_adverse_signal
2026niannbadongxibupaihangbang.com.cn,2026-07-24,37,3.460754662766713,0.10810810810810811,0,0.625,-7.921270175438597,low,0.3415,3,0.4666666666666667,True,NOERROR,1,300,0,2,False,False,0,132839,SC,False,北京新网数码信息技术有限公司,4,365,False,0,False,False,,benign,no_adverse_signal
c9oaq.vip,2026-07-24,9,2.321928094887362,0.1111111111111111,0,1.0,-11.829542857142856,low,0.5,1,1.0,True,NOERROR,1,300,0,2,False,False,0,54801,HK,False,DYNADOT LLC,2,365,True,0,False,False,,benign,no_adverse_signal
pacta-nutrition.com,2026-07-24,19,3.1898980954642875,0.0,1,0.75,-6.980722222222222,low,0.6154,2,0.6666666666666666,True,NOERROR,1,3600,3,2,True,False,1,16276,FR,True,"OVH, SAS",2,365,True,24,False,False,False,benign,no_adverse_signal
43438.io,2026-07-24,8,1.5219280948873621,0.625,0,0.0,-11.059985714285714,low,0.25,0,0.6,True,NOERROR,4,60,0,2,False,True,0,138415,HK,False,DYNADOT LLC,3,365,True,0,False,False,,benign,no_adverse_signal
marcelmunro.com,2026-07-24,15,3.0957952550009344,0.0,0,0.5714285714285714,-7.174821052631579,low,0.5,2,0.8181818181818182,True,NOERROR,2,300,0,3,False,False,0,2635,US,False,Automattic Inc.,1,365,True,0,False,False,,benign,no_adverse_signal
lgatxtcmyq1vir8jx.lol,2026-07-24,21,3.8521687236032816,0.09523809523809523,0,0.15384615384615385,-10.294383870967742,low,0.3333,7,0.8823529411764706,False,NOERROR,0,,0,4,False,False,0,,,,"Name.com, Inc.",2,365,True,,,False,,benign,no_adverse_signal
medmttc.com,2026-07-24,11,2.2359263506290326,0.0,0,0.16666666666666666,-8.135927272727272,low,0.6154,5,0.7142857142857143,True,NOERROR,2,300,0,2,False,False,2,13335,US,False,"Cloudflare, Inc.",2,365,True,0,False,False,,benign,no_adverse_signal
rozabronze.ru,2026-07-24,13,2.721928094887362,0.0,0,0.6666666666666666,-7.771552941176471,low,0.6667,2,0.7,True,NOERROR,2,300,0,2,False,False,0,13335,US,False,WEBNAMES-RU,2,365,False,0,False,False,,benign,no_adverse_signal
shop221.shop,2026-07-24,12,2.521640636343318,0.25,0,0.3333333333333333,-8.8125,low,0.5714,2,0.8571428571428571,True,NOERROR,1,86400,0,4,False,False,1,13335,CA,True,,,,False,0,False,False,,benign,no_adverse_signal
xiazaizgjingcaiwangguanwang.asia,2026-07-24,32,3.00972396591296,0.0,0,0.6875,-7.808521568627451,low,0.3158,3,0.37037037037037035,True,NOERROR,1,300,0,2,False,False,0,132839,HK,False,Eranet International Limited,2,365,True,0,False,False,,benign,no_adverse_signal
getetv.net,2026-07-24,10,1.9182958340544893,0.0,0,0.5,-6.6661777777777775,low,0.5455,2,0.6666666666666666,True,NOERROR,2,120,2,2,False,False,0,14618,US,True,"TUCOWS.COM, CO.",3,365,True,0,False,False,False,benign,no_adverse_signal
tricaja.com,2026-07-24,11,2.521640636343318,0.0,0,0.75,-6.9099818181818184,low,0.5714,2,0.8571428571428571,True,NOERROR,1,900,1,2,True,False,0,39729,IT,True,NOMINALIA INTERNET S.L.,2,365,True,0,False,False,False,benign,no_adverse_signal
plumber-buena.site,2026-07-24,18,3.238901256602631,0.0,1,0.7142857142857143,-7.452991304347826,medium,0.4762,2,0.7692307692307693,True,NOERROR,2,300,0,2,False,False,2,13335,US,False,NAMECHEAP INC,2,365,True,0,False,False,,benign,no_adverse_signal
puri333.net,2026-07-24,11,2.128085278891394,0.2727272727272727,0,1.0,-8.850518181818181,low,0.4286,1,0.7142857142857143,True,NOERROR,1,14400,1,2,True,False,0,26496,US,True,"NameSilo, LLC",2,365,True,0,False,False,False,benign,no_adverse_signal
t70wq.top,2026-07-24,9,2.321928094887362,0.2222222222222222,0,0.0,-12.802771428571429,high,0.4,2,1.0,True,NOERROR,3,15,0,0,False,True,0,54801,SC,False,GoDaddy.com,2,365,True,3,False,False,,benign,no_adverse_signal
bigtreebb.mobi,2026-07-24,14,2.4193819456463714,0.0,0,0.5,-7.514986666666667,low,0.5,3,0.6666666666666666,True,NOERROR,1,300,0,2,False,False,0,50131,US,False,,,,,1,False,False,,benign,no_adverse_signal
12k12.cc,2026-07-24,8,1.5219280948873621,0.5,0,0.0,-11.191057142857144,low,0.25,1,0.6,True,NOERROR,1,10800,0,2,False,False,0,16509,US,True,DYNADOT LLC,3,365,True,22,False,False,,benign,no_adverse_signal
laylaonetwork.com,2026-07-24,17,3.238901256602631,0.0,0,0.625,-6.835652173913044,low,0.7586,2,0.7692307692307693,True,NOERROR,2,300,1,2,True,False,2,13335,US,False,"Cloudflare, Inc.",2,365,True,0,False,False,False,benign,no_adverse_signal
impresspartybar.com,2026-07-24,19,3.1898980954642875,0.0,0,0.36363636363636365,-6.698625925925926,low,0.48,4,0.6666666666666666,True,NOERROR,4,14400,1,4,True,False,0,53831,US,False,Squarespace Domains II LLC,2,365,True,15,False,False,False,benign,no_adverse_signal
keyboardtest.xyz,2026-07-24,16,3.2516291673878226,0.0,0,0.5,-7.1546666666666665,high,0.4762,3,0.8333333333333334,True,NOERROR,1,1270,1,2,True,False,0,133618,US,True,"GoDaddy.com, LLC",2,365,False,0,False,False,False,benign,no_adverse_signal
30-horas.com,2026-07-24,12,3.0,0.16666666666666666,1,0.6666666666666666,-8.574323076923077,low,0.4706,1,1.0,True,NOERROR,1,300,0,2,False,False,0,265919,BR,True,DYNADOT LLC,2,365,True,0,False,False,,benign,no_adverse_signal
888477.vip,2026-07-24,10,1.4591479170272446,0.6,0,0.0,-10.231155555555555,low,0.3636,0,0.5,True,NOERROR,1,300,0,2,False,False,0,201501,MH,False,DYNADOT LLC,2,365,True,0,True,False,,malicious,spamhaus_zen
avabliss.xyz,2026-07-24,12,2.5,0.0,0,0.6,-6.956053846153846,high,0.6154,2,0.75,True,NOERROR,2,300,0,2,False,False,2,13335,US,False,"NameCheap, Inc.",2,365,False,0,False,False,,benign,no_adverse_signal
freebirdceramics.live,2026-07-24,21,3.1556390622295662,0.0,0,0.6,-6.921513793103448,low,0.4828,3,0.625,True,NOERROR,2,300,0,2,False,False,2,13335,US,False,,,,False,0,False,False,,benign,no_adverse_signal
gudflavors.com,2026-07-24,14,3.321928094887362,0.0,0,0.42857142857142855,-7.630329411764706,low,0.6,3,1.0,False,NOERROR,0,,0,2,False,False,0,,,,"Cloudflare, Inc.",2,365,True,,,False,,benign,no_adverse_signal
bymevea.org,2026-07-24,11,2.521640636343318,0.0,0,0.75,-7.745709090909091,low,0.6667,3,0.8571428571428571,True,NOERROR,2,300,1,2,False,False,2,13335,US,False,DYNADOT LLC,2,365,True,0,False,False,False,benign,no_adverse_signal
onlinecasinosider.dk,2026-07-24,20,3.1751231351134614,0.0,0,0.8888888888888888,-6.037051612903225,low,0.6875,2,0.5882352941176471,True,NOERROR,2,3600,0,2,False,False,0,16509,US,True,1API GmbH,15,364,True,16,False,False,,benign,no_adverse_signal
spacebot.info,2026-07-24,13,3.0,0.0,0,0.6,-6.727553846153847,medium,0.625,2,1.0,True,NOERROR,2,300,0,2,False,False,2,13335,US,False,,,,,0,False,False,,benign,no_adverse_signal
zazaluxury.com,2026-07-24,14,2.721928094887362,0.0,0,0.6666666666666666,-8.142305882352941,low,0.5333,2,0.7,True,NOERROR,2,59,2,4,True,False,0,,US,False,Porkbun LLC,2,365,False,0,False,False,False,benign,no_adverse_signal
multipowerchile.com,2026-07-24,19,3.5068905956085183,0.0,0,0.6666666666666666,-6.825455555555555,low,0.5185,3,0.8,True,NOERROR,2,60,0,2,False,False,2,47583,CY,False,"HOSTINGER operations, UAB",1,365,False,0,False,False,,benign,no_adverse_signal
ipos.bet,2026-07-24,8,2.0,0.0,0,1.0,-6.6642399999999995,low,0.6667,1,1.0,False,timeout,0,,0,0,False,False,0,,,,,,,,,,False,,benign,no_adverse_signal
sevenworld.buzz,2026-07-24,15,3.121928094887362,0.0,0,0.42857142857142855,-7.007141176470588,high,0.5556,3,0.9,True,NOERROR,2,300,0,2,False,False,2,13335,US,False,"GoDaddy.com, LLC",2,365,False,0,False,False,,benign,no_adverse_signal
augustrushbway.com,2026-07-24,18,3.182005814760214,0.0,0,0.5555555555555556,-7.593063999999999,low,0.4545,4,0.7142857142857143,True,NOERROR,2,600,0,2,False,False,0,16509,US,True,"GoDaddy.com, LLC",1,365,False,32,False,False,,benign,no_adverse_signal
creativecopy.dev,2026-07-24,16,3.2516291673878226,0.0,0,0.7142857142857143,-6.602428571428572,low,0.7407,2,0.8333333333333334,True,NOERROR,1,300,0,4,False,False,0,13335,DE,True,,,,False,67,False,False,,malicious,abuseipdb
sarahzabel.info,2026-07-24,15,2.8464393446710154,0.0,0,0.6666666666666666,-7.799488235294117,medium,0.5,2,0.8,True,NOERROR,4,14400,1,4,True,False,0,53831,US,False,,,,,15,False,False,False,benign,no_adverse_signal
pornond.biz,2026-07-24,11,2.2359263506290326,0.0,0,0.4,-6.270290909090909,low,0.5714,2,0.7142857142857143,True,NOERROR,1,2402,1,2,True,False,0,133618,AU,True,Dynadot Inc,2,,True,0,False,False,False,benign,no_adverse_signal
fvckyou.tech,2026-07-24,12,2.807354922057604,0.0,0,0.4,-9.031136363636364,low,0.5,5,1.0,False,NOERROR,0,,3,2,True,False,0,,,,Namify Domains Inc,2,365,False,,,False,False,benign,no_adverse_signal
tryxelvera.com,2026-07-24,14,2.9219280948873623,0.0,0,0.42857142857142855,-7.677282352941177,low,0.6667,4,0.8,True,NOERROR,2,300,0,2,False,False,2,13335,US,False,"NameCheap, Inc.",2,365,False,0,False,False,,benign,no_adverse_signal
flywussiteltd.cyou,2026-07-24,18,3.238901256602631,0.0,0,0.3,-7.582021739130435,low,0.5714,4,0.7692307692307693,False,NXDOMAIN,0,,0,0,False,False,0,,,,,,,False,,,False,,benign,no_adverse_signal
mqnwah.com,2026-07-24,10,2.584962500721156,0.0,0,0.2,-10.038333333333334,low,0.4615,4,1.0,True,NOERROR,2,300,0,2,False,False,2,13335,US,False,"NameCheap, Inc.",2,365,False,0,False,False,,benign,no_adverse_signal
minttdelta.info,2026-07-24,15,2.8464393446710154,0.0,0,0.42857142857142855,-6.944864705882353,medium,0.6667,4,0.8,True,NOERROR,2,300,0,2,False,False,2,13335,US,False,,,,,0,False,False,,benign,no_adverse_signal
ajpumpmbet.site,2026-07-24,15,2.9219280948873623,0.0,0,0.42857142857142855,-8.5213,medium,0.5333,4,0.8,True,NOERROR,1,3600,1,2,True,False,0,133618,AU,True,"NameCheap, Inc.",2,365,False,0,False,False,False,benign,no_adverse_signal
zgjingcaiguanfangzhuye.asia,2026-07-24,27,3.3908054820769813,0.0,0,0.5714285714285714,-8.00748780487805,low,0.4737,4,0.5454545454545454,True,NOERROR,1,300,0,2,False,False,0,132839,HK,False,Eranet International Limited,2,365,True,0,False,False,,benign,no_adverse_signal
mijirok.com,2026-07-24,11,2.5216406363433186,0.0,0,0.75,-7.998763636363637,low,0.6667,1,0.8571428571428571,True,NOERROR,2,600,0,3,False,False,0,13335,US,False,"Gabia, Inc.",2,365,False,0,False,False,,benign,no_adverse_signal
6az4o9w6.lol,2026-07-24,12,2.75,0.3333333333333333,0,1.0,-12.844553846153845,low,0.4706,1,0.875,False,NOERROR,0,,0,2,False,False,0,,,,"GMO Internet, Inc.",2,365,True,,,False,,benign,no_adverse_signal
taylorindtools.de,2026-07-24,17,3.182005814760214,0.0,0,0.5555555555555556,-6.988024,low,0.5,3,0.7142857142857143,True,NOERROR,4,30,0,2,False,False,8,24940,DE,True,,,,False,0,False,False,,benign,no_adverse_signal
boostforreaders.com,2026-07-24,19,3.0062389286533895,0.0,0,0.6666666666666666,-6.469459259259259,low,0.5833,3,0.6,False,NOERROR,0,,0,2,False,False,0,,,,"Register.com, Inc.",9175,9496,False,,,False,,benign,no_adverse_signal
ecommerceinsights.my.id,2026-07-24,23,3.3371753411230776,0.0,0,0.5454545454545454,-6.645677419354838,low,0.6857,4,0.6470588235294118,False,NOERROR,0,,0,2,False,False,0,,,,,,,False,,,False,,benign,no_adverse_signal
g6rm.com,2026-07-24,8,2.0,0.125,0,0.0,-12.14132,low,0.5,2,1.0,True,NOERROR,2,300,0,2,False,False,2,13335,US,False,"Spaceship, Inc.",2,365,False,0,False,False,,benign,no_adverse_signal
greatlakesnewscast.blog,2026-07-24,23,3.266332639970623,0.0,0,0.5,-6.739024242424242,low,0.4516,3,0.6111111111111112,True,NOERROR,1,3600,1,2,True,False,0,133618,AU,True,Dynadot LLC,2,365,True,0,False,False,False,benign,no_adverse_signal
dedalerdames.nl,2026-07-24,15,2.625814583693911,0.0,0,0.7142857142857143,-6.468452380952381,low,0.6,2,0.5833333333333334,True,NOERROR,1,3600,1,3,True,False,1,12859,NL,True,Realtime Register,39,,False,3,False,False,False,benign,no_adverse_signal
mvmxc.asia,2026-07-24,10,1.9219280948873623,0.0,0,0.0,-10.288628571428571,low,0.5,5,0.8,False,NOERROR,0,,0,2,False,False,0,,,,Alibaba Cloud Computing Ltd. d/b/a HiChina (www.net.cn),2,365,True,,,False,,benign,no_adverse_signal
v123.fun,2026-07-24,8,2.0,0.375,0,0.0,-9.2521,low,0.5714,1,1.0,True,NOERROR,2,300,0,2,False,False,2,13335,US,False,Dynadot Inc,2,365,False,0,False,False,,benign,no_adverse_signal
viability.pro,2026-07-24,13,2.6416041678685933,0.0,0,0.8,-6.681226666666666,low,0.5333,2,0.7777777777777778,True,NOERROR,1,3600,0,2,False,False,0,206834,CA,False,,,,,3,False,False,,benign,no_adverse_signal
piersonjewelry.com,2026-07-24,18,3.3248629576173574,0.0,0,0.5555555555555556,-7.5323400000000005,low,0.4545,3,0.7857142857142857,True,NOERROR,1,600,2,2,True,False,0,13335,CA,True,"GoDaddy.com, LLC",2,1096,False,0,False,False,False,benign,no_adverse_signal
estheroconnor.com,2026-07-24,17,2.8731406795131336,0.0,0,0.625,-6.3085956521739135,low,0.5333,3,0.6153846153846154,True,NOERROR,2,600,0,2,False,False,0,16509,US,True,"GoDaddy.com, LLC",2,1096,False,32,False,False,,benign,no_adverse_signal
thetaoofeverything.com,2026-07-24,22,3.4193819456463714,0.0,0,0.6363636363636364,-7.096351515151515,low,0.4828,4,0.6666666666666666,True,NOERROR,4,14400,0,4,True,False,0,53831,US,False,Squarespace Domains LLC,2,365,True,15,False,False,,benign,no_adverse_signal
farpets.store,2026-07-24,13,2.807354922057604,0.0,0,0.4,-6.980063636363636,low,0.6154,2,1.0,True,NOERROR,1,7200,0,4,False,False,1,13335,CA,True,,,,False,0,False,False,,benign,no_adverse_signal
kawanuatech.id,2026-07-24,14,3.027169118440619,0.0,0,0.8333333333333334,-6.9628000000000005,low,0.6667,2,0.8181818181818182,True,NOERROR,2,300,3,2,True,False,2,13335,US,False,,,,False,0,False,False,False,benign,no_adverse_signal
pureskinstudio.icu,2026-07-24,18,3.378783493486176,0.0,0,0.75,-6.527612,low,0.5385,3,0.7857142857142857,True,NOERROR,2,300,0,2,False,False,2,13335,US,False,PDR Ltd. d/b/a PublicDomainRegistry.com,2,365,False,0,False,False,,benign,no_adverse_signal
tonmirqaro.com,2026-07-24,14,2.9219280948873623,0.0,0,0.6666666666666666,-8.226405882352942,low,0.6,2,0.8,True,NOERROR,1,60,0,2,False,False,0,59692,AE,True,URL SOLUTIONS INC.,2,365,True,0,False,False,,benign,no_adverse_signal
comedyspotter.com,2026-07-24,17,3.238901256602631,0.0,0,0.4444444444444444,-6.6199391304347825,low,0.5,4,0.7692307692307693,True,NOERROR,1,1800,5,2,True,False,0,22612,US,False,NAMECHEAP INC,2,365,True,0,False,False,False,benign,no_adverse_signal
philuxe.com,2026-07-24,11,2.807354922057604,0.0,0,0.75,-8.0182,low,0.5714,2,1.0,True,NOERROR,2,10800,0,2,True,False,2,14618,US,True,DropCatch.com 908 LLC,2,365,False,0,False,False,,benign,no_adverse_signal
eqledger.com,2026-07-24,12,2.4056390622295662,0.0,0,0.6,-8.033630769230768,low,0.625,2,0.75,False,NOERROR,0,,0,4,False,False,0,,,,EuroDNS S.A.,2,365,False,,,False,,benign,no_adverse_signal
alphaagrobiomass.com,2026-07-24,20,3.25,0.0,0,0.7777777777777778,-7.09183448275862,low,0.4615,3,0.6875,True,NOERROR,1,14400,1,2,True,False,0,45324,ID,True,Web Commerce Communications Limited dba WebNic.cc,2,365,False,0,False,False,False,benign,no_adverse_signal
kenzo188o.com,2026-07-24,13,2.725480556997868,0.23076923076923078,0,1.0,-9.3086,low,0.4615,2,0.7777777777777778,True,NOERROR,2,300,0,2,False,False,2,13335,US,False,Dominet (HK) Limited,2,365,False,0,False,False,,benign,no_adverse_signal
probookmorehq.com,2026-07-24,17,2.931208948910323,0.0,0,0.625,-7.217273913043478,low,0.4545,2,0.6923076923076923,True,NOERROR,2,300,1,2,True,False,2,13335,US,False,"Spaceship, Inc.",2,365,False,0,False,False,False,benign,no_adverse_signal
lbriffaut-avocat.fr,2026-07-24,19,3.452819531114783,0.0,1,0.6666666666666666,-7.737479310344828,low,0.4444,3,0.75,True,NOERROR,1,3600,2,4,True,False,1,8560,DE,True,IONOS SE,1,364,False,0,False,False,False,benign,no_adverse_signal
sajeed.site,2026-07-24,11,2.251629167387823,0.0,0,1.0,-7.7517555555555555,medium,0.5882,1,0.8333333333333334,True,NOERROR,2,3600,1,2,True,False,0,16509,US,True,"GoDaddy.com, LLC",2,365,False,22,False,False,False,benign,no_adverse_signal
koridavidson.com,2026-07-24,16,3.0849625007211556,0.0,0,0.7142857142857143,-6.798019047619047,low,0.4762,2,0.75,True,NOERROR,3,3600,0,2,False,False,0,58182,US,True,Wix.com Ltd.,2,365,True,17,False,False,,benign,no_adverse_signal
big86.fun,2026-07-24,9,2.321928094887362,0.2222222222222222,0,0.5,-9.9578,low,0.6667,1,1.0,True,NOERROR,2,300,0,2,False,False,2,13335,US,False,Dynadot Inc,2,365,False,0,False,False,,benign,no_adverse_signal
nyankunde.club,2026-07-24,14,2.6416041678685933,0.0,0,0.5,-7.025946666666667,low,0.6667,2,0.7777777777777778,True,NOERROR,2,300,0,2,False,False,2,13335,US,False,"NameCheap, Inc.",2,365,True,0,False,False,,benign,no_adverse_signal
newsdigital.co,2026-07-24,14,3.277613436819116,0.0,0,0.5714285714285714,-6.427152631578947,low,0.5263,3,0.9090909090909091,True,NOERROR,2,3600,1,2,True,False,0,16509,US,True,Above.com Pty Ltd.,4,365,False,27,False,False,,benign,no_adverse_signal
new-shuoqiudi-mgtv.com,2026-07-24,22,3.8365916681089787,0.0,2,0.6,-8.830915151515152,low,0.3871,4,0.8333333333333334,True,NOERROR,2,300,0,2,False,False,2,13335,US,False,"GMO Internet, Inc.",2,365,True,0,False,False,,benign,no_adverse_signal
ha7so.org,2026-07-24,9,2.321928094887362,0.1111111111111111,0,1.0,-10.102571428571428,low,0.5,1,1.0,True,NOERROR,1,300,0,4,False,False,0,47846,DE,False,"Name.com, Inc.",2,1096,False,9,False,False,,benign,no_adverse_signal
sevensrental.com,2026-07-24,16,2.8553885422075336,0.0,0,0.5,-6.4452380952380945,low,0.5455,3,0.6666666666666666,True,NOERROR,1,86400,0,4,False,False,1,13335,CA,True,"TUCOWS.COM, CO.",2,365,True,0,False,False,,benign,no_adverse_signal
kamalzineb.com,2026-07-24,14,3.121928094887362,0.0,0,0.6666666666666666,-7.147229411764705,low,0.6316,2,0.9,True,NOERROR,1,1799,5,2,True,False,0,16509,US,True,"NameCheap, Inc.",2,365,False,29,False,False,False,benign,no_adverse_signal
lakewaistpyramid.makeup,2026-07-24,23,3.577819531114783,0.0,0,0.6,-7.506303448275862,low,0.5,5,0.8125,True,NOERROR,2,300,0,2,False,False,2,13335,US,False,"NameSilo, LLC",2,365,True,0,False,False,,benign,no_adverse_signal
dunari.shop,2026-07-24,11,2.584962500721156,0.0,0,1.0,-6.656555555555555,low,0.5882,1,1.0,True,NOERROR,1,86400,0,2,False,False,0,16509,US,True,,,,False,0,False,False,,benign,no_adverse_signal
zurichcapitalfirst.com,2026-07-24,22,3.4613201402110083,0.0,0,0.5,-6.961851515151515,low,0.4615,3,0.6666666666666666,True,NOERROR,1,14400,3,2,True,False,0,22612,US,True,NAMECHEAP INC,107,365,True,0,False,False,False,benign,no_adverse_signal
nestwellt.club,2026-07-24,14,2.503258334775646,0.0,0,0.2857142857142857,-6.732693333333333,low,0.5714,3,0.6666666666666666,True,NOERROR,2,300,0,2,False,False,2,13335,US,False,Dynadot Inc,2,365,True,0,False,False,,benign,no_adverse_signal
jolimade.com,2026-07-24,12,3.0,0.0,0,1.0,-6.728015384615385,low,0.5714,1,1.0,True,NOERROR,4,14400,5,8,True,False,0,53831,US,False,"NameCheap, Inc.",1,365,False,31,False,False,False,benign,no_adverse_signal
1fd-sport.icu,2026-07-24,13,3.169925001442312,0.07692307692307693,1,0.16666666666666666,-8.034906666666666,low,0.5333,2,1.0,False,NOERROR,0,,0,2,False,False,0,,,,"Zhengzhou Century Connect Electronic Technology Development Co., Ltd",2,365,False,,,False,,benign,no_adverse_signal
holisclub.online,2026-07-24,16,2.94770277922009,0.0,0,0.5,-6.74766,medium,0.625,3,0.8888888888888888,True,NOERROR,1,3600,1,2,True,False,0,133618,AU,True,"GoDaddy.com, LLC",2,365,False,0,False,False,False,benign,no_adverse_signal
macao-3309.com,2026-07-24,14,2.9219280948873623,0.2857142857142857,1,1.5,-9.216970588235295,low,0.4,1,0.8,True,NOERROR,2,300,0,2,False,False,2,13335,US,False,NAMECHEAP INC,2,365,True,0,False,False,,benign,no_adverse_signal
memstarter.net,2026-07-24,14,2.5219280948873624,0.0,0,0.42857142857142855,-6.189782352941176,low,0.5556,3,0.6,True,NOERROR,1,3600,1,4,True,False,0,14618,US,True,CNOBIN INFORMATION TECHNOLOGY LIMITED,375,730,False,0,False,False,False,benign,no_adverse_signal
onestation.online,2026-07-24,17,2.721928094887362,0.0,0,1.0,-5.578258823529412,medium,0.6667,2,0.7,True,NOERROR,1,1754,1,2,True,False,0,133618,AU,True,"GoDaddy.com, LLC",2,365,False,1,False,False,False,benign,no_adverse_signal
fierceautodetail.com,2026-07-24,20,3.327819531114783,0.0,0,1.2857142857142858,-6.633255172413793,low,0.5,2,0.6875,True,NOERROR,4,14400,1,4,True,False,0,53831,US,False,Squarespace Domains II LLC,2,365,True,15,False,False,False,benign,no_adverse_signal
ccaiobm.com,2026-07-24,11,2.5216406363433186,0.0,0,0.75,-8.068145454545455,low,0.6,2,0.8571428571428571,True,NOERROR,2,300,0,2,False,False,2,13335,US,False,"HOSTINGER operations, UAB",2,365,False,0,False,False,,benign,no_adverse_signal
aktorel.com,2026-07-24,11,2.807354922057604,0.0,0,0.75,-6.558318181818183,low,0.6154,2,1.0,True,NOERROR,1,3600,2,2,True,False,0,13335,CA,True,Nics Telekomunikasyon A.S.,2,365,True,0,False,False,False,benign,no_adverse_signal
t29ed.top,2026-07-24,9,2.321928094887362,0.2222222222222222,0,0.5,-10.958042857142857,high,0.5,1,1.0,True,NOERROR,3,15,0,0,False,True,0,54801,SC,False,GoDaddy.com,2,365,True,0,False,False,,benign,no_adverse_signal
niaykky.website,2026-07-24,15,2.235926350629032,0.0,0,0.4,-8.791136363636364,low,0.4615,4,0.7142857142857143,False,NXDOMAIN,0,,0,0,False,False,0,,,,"NameCheap, Inc.",2,365,False,,,False,,benign,no_adverse_signal
betonteam.sk,2026-07-24,12,2.725480556997868,0.0,0,0.8,-6.054493333333334,low,0.5556,2,0.7777777777777778,True,NOERROR,2,300,0,2,False,False,2,13335,US,False,NETIM,1,365,False,0,False,False,,benign,no_adverse_signal
8zdn.shop,2026-07-24,9,2.0,0.1111111111111111,0,0.0,-10.46128,low,0.5714,3,1.0,True,NOERROR,6,60,0,2,False,True,0,8075,KR,False,,,,False,0,True,True,,malicious,spamhaus_zen
aaczlkx.shop,2026-07-24,12,2.5216406363433186,0.0,0,0.4,-10.47019090909091,low,0.5556,5,0.8571428571428571,False,NOERROR,0,,0,2,False,False,0,,,,,,,False,,,False,,benign,no_adverse_signal
othermatrix.net,2026-07-24,15,3.0957952550009344,0.0,0,0.5714285714285714,-6.4083421052631575,low,0.5833,2,0.8181818181818182,True,NOERROR,2,300,0,2,False,False,0,16509,US,True,"Spaceship, Inc.",2,365,False,9,False,False,,benign,no_adverse_signal
outdoor-select.com,2026-07-24,18,3.182005814760214,0.0,1,0.8571428571428571,-7.08028,low,0.5455,2,0.7142857142857143,True,NOERROR,1,3600,1,5,True,False,0,131965,JP,True,"XServer, Inc.",2,365,False,0,False,False,False,benign,no_adverse_signal
aunveldr0k.ch,2026-07-24,13,3.321928094887362,0.07692307692307693,0,0.5,-8.881605882352941,low,0.5333,3,1.0,True,NOERROR,2,300,0,2,False,False,2,13335,US,False,,,,False,0,False,False,,benign,no_adverse_signal
oldrpg.online,2026-07-24,13,2.584962500721156,0.0,0,0.2,-8.148922222222222,medium,0.4615,5,1.0,True,NOERROR,1,828,1,2,True,False,0,133618,US,True,"GoDaddy.com, LLC",2,365,False,0,False,False,False,benign,no_adverse_signal
patisserie-melilot.com,2026-07-24,22,3.30827083453526,0.0,1,0.8888888888888888,-6.707351515151515,low,0.5,2,0.6111111111111112,True,NOERROR,1,1800,5,2,False,False,0,22612,US,False,NAMECHEAP INC,2,365,True,0,False,False,False,benign,no_adverse_signal
revivalmotorwerks.store,2026-07-24,23,3.454822399946607,0.0,0,0.5454545454545454,-6.997690322580645,low,0.5455,3,0.7058823529411765,True,NOERROR,2,600,0,2,False,False,0,16509,US,True,,,,False,32,False,False,,benign,no_adverse_signal
spinanea.click,2026-07-24,14,2.5,0.0,0,1.0,-6.2393230769230765,medium,0.6667,2,0.75,True,NOERROR,2,300,0,2,False,False,2,13335,US,False,"Name.com, Inc.",2,365,False,0,False,False,,benign,no_adverse_signal
thribegroups.org,2026-07-24,16,3.418295834054489,0.0,0,0.5,-7.186985714285715,low,0.4545,3,0.9166666666666666,True,NOERROR,2,600,0,2,False,False,0,16509,US,True,"GoDaddy.com, LLC",2,365,False,32,False,False,,benign,no_adverse_signal
r5p2t.com,2026-07-24,9,2.321928094887362,0.2222222222222222,0,0.0,-12.258785714285713,low,0.6667,1,1.0,True,NOERROR,2,300,0,2,False,False,2,13335,US,False,"NameSilo, LLC",2,365,True,0,False,False,,benign,no_adverse_signal
hvl88.io,2026-07-24,8,1.9219280948873623,0.25,0,0.0,-10.820785714285714,low,0.3636,3,0.8,True,NOERROR,2,300,0,2,False,False,2,13335,US,False,Dynadot Inc,3,365,True,0,False,False,,benign,no_adverse_signal
latest-news.tech,2026-07-24,16,2.913977073182752,0.0,1,0.42857142857142855,-6.511378947368421,low,0.5455,2,0.7272727272727273,False,NOERROR,0,,0,2,True,False,0,,,,Infomaniak Network SA,2,365,False,,,False,,benign,no_adverse_signal
futurestrategy.nl,2026-07-24,17,3.039148671903072,0.0,0,0.5555555555555556,-6.463676,low,0.5385,3,0.6428571428571429,True,NOERROR,1,1800,1,3,True,False,1,,GB,False,Metaregistrar B.V.,3,,False,0,False,False,,benign,no_adverse_signal
18totomembermobile.shop,2026-07-24,23,3.155221528859512,0.08695652173913043,0,0.7777777777777778,-7.220578787878788,low,0.5385,2,0.5555555555555556,True,NOERROR,1,1800,5,2,True,False,0,22612,US,False,,,,False,0,False,False,False,benign,no_adverse_signal
9ycr.shop,2026-07-24,9,2.0,0.1111111111111111,0,0.0,-10.2225,low,0.5,3,1.0,True,NOERROR,6,60,0,2,False,True,0,8075,KR,False,,,,False,0,True,False,,malicious,spamhaus_zen
hayeswood.uk,2026-07-24,12,2.9477027792200903,0.0,0,0.8,-7.46824,low,0.4762,2,0.8888888888888888,True,NOERROR,3,3600,1,2,False,False,0,58182,US,True,Team Blue Internet Services UK Limited t/a Team Blue Internet Services Limited t/a LCN [Tag = LCN],8,365,True,19,False,False,False,benign,no_adverse_signal
geotreasure.ru,2026-07-24,14,2.8453509366224368,0.0,0,1.2,-6.61678947368421,low,0.6667,2,0.7272727272727273,True,NOERROR,1,86400,0,2,False,False,0,35278,RU,False,REGRU-RU,3,365,False,0,False,False,,benign,no_adverse_signal
daecaferlu.blog,2026-07-24,15,2.9219280948873623,0.0,0,1.0,-7.504735294117647,low,0.5333,2,0.8,True,NOERROR,2,300,0,2,False,False,2,13335,US,False,"Spaceship, Inc.",2,365,True,0,False,False,,benign,no_adverse_signal
therawpanel.tech,2026-07-24,16,3.095795255000934,0.0,0,0.5714285714285714,-6.6701421052631575,low,0.5882,2,0.8181818181818182,True,NOERROR,1,600,0,4,False,False,0,24940,FI,True,Porkbun LLC,2,365,False,0,False,False,,benign,no_adverse_signal
contentcloud.work,2026-07-24,17,2.9182958340544896,0.0,0,0.5,-6.081204761904762,low,0.72,4,0.6666666666666666,True,NOERROR,1,1551,1,2,True,False,0,133618,AU,True,"GoDaddy.com, LLC",2,365,True,0,False,False,False,benign,no_adverse_signal
xiangziyanglao.com,2026-07-24,18,3.039148671903072,0.0,0,0.75,-7.65782,low,0.4211,3,0.6428571428571429,False,NOERROR,0,,0,2,False,False,0,,,,Alibaba Cloud Computing Ltd. d/b/a HiChina (www.net.cn),7,365,False,,,False,,benign,no_adverse_signal
lvcewaivr.xyz,2026-07-24,13,2.94770277922009,0.0,0,0.5,-8.519879999999999,high,0.5,3,0.8888888888888888,True,NOERROR,1,3600,1,2,True,False,0,133618,AU,True,"GoDaddy.com, LLC",2,365,False,0,False,False,False,benign,no_adverse_signal
cek189fruit.site,2026-07-24,16,3.459431618637298,0.1875,0,0.6,-9.492915789473685,medium,0.4762,2,1.0,True,NOERROR,2,300,0,2,False,False,2,13335,US,False,NAMECHEAP INC,2,365,True,0,False,False,,benign,no_adverse_signal
portugal-em-luta.org,2026-07-24,20,3.375,0.0,2,0.75,-7.766944827586207,low,0.4545,2,0.6875,True,NOERROR,1,14400,3,2,True,False,0,22612,US,True,"NameCheap, Inc.",2,731,False,0,False,False,False,benign,no_adverse_signal
midinsurancecheck.website,2026-07-24,25,3.4548223999466066,0.0,0,0.5454545454545454,-6.480693548387097,low,0.48,2,0.7058823529411765,True,NOERROR,1,1800,5,2,True,False,0,20473,GB,True,NAMECHEAP INC,2,365,True,0,False,False,False,benign,no_adverse_signal
tepleweswage.digital,2026-07-24,20,2.751629167387823,0.0,0,0.7142857142857143,-7.137428571428571,low,0.5,2,0.6666666666666666,True,NOERROR,1,1800,5,2,True,False,0,22612,US,False,,,,,0,False,False,False,benign,no_adverse_signal
darkpalzy.bond,2026-07-24,14,2.94770277922009,0.0,0,0.2857142857142857,-7.93638,low,0.5714,3,0.8888888888888888,True,NOERROR,2,300,1,2,False,False,2,13335,US,False,"NicNames, Inc",2,365,True,0,False,False,False,benign,no_adverse_signal
mapid-apple.com,2026-07-24,15,2.845350936622437,0.0,1,0.6666666666666666,-7.193747368421052,low,0.7,3,0.7272727272727273,True,NOERROR,2,300,0,2,False,False,2,13335,US,False,Dynadot Inc,1,365,False,0,False,False,,benign,no_adverse_signal
starlitgrovestudio.com,2026-07-24,22,3.4613201402110083,0.0,0,0.6363636363636364,-6.62859696969697,low,0.6,3,0.6666666666666666,True,NOERROR,2,600,0,2,False,False,0,16509,US,True,"GoDaddy.com, LLC",2,1096,False,32,False,False,,benign,no_adverse_signal
nvxfh.cn,2026-07-24,8,2.321928094887362,0.0,0,0.0,-11.486085714285716,low,0.5,5,1.0,False,NOERROR,0,,0,3,False,False,0,,,,Web Commerce Communications Limited,4,365,False,,,True,,malicious,spamhaus_dbl
destabusimessgroup.com,2026-07-24,22,3.5032583347756456,0.0,0,0.6363636363636364,-6.543981818181819,low,0.4848,4,0.7222222222222222,True,NOERROR,1,14400,3,2,True,False,0,22612,US,True,"NameCheap, Inc.",2,365,False,0,False,False,False,benign,no_adverse_signal
solvely.ca,2026-07-24,10,2.5216406363433186,0.0,0,0.4,-7.181327272727273,low,0.5455,2,0.8571428571428571,False,NOERROR,0,,0,2,False,False,0,,,,CENTRALNIC CANADA INC,2,731,True,,,False,,benign,no_adverse_signal
dragonsshadowtea.com,2026-07-24,20,3.327819531114783,0.0,0,0.6,-7.097737931034482,low,0.5185,4,0.6875,True,NOERROR,4,14400,1,4,True,False,0,53831,US,False,Squarespace Domains II LLC,2,365,True,15,False,False,False,benign,no_adverse_signal
hennessyporscheofnorthatlantavip.com,2026-07-24,36,3.7334585933443494,0.0,0,0.45454545454545453,-6.9436081967213115,low,0.3182,4,0.46875,True,NOERROR,1,3600,1,4,True,False,0,13649,US,True,TLDS LLC. d/b/a SRSPlus,2,365,False,0,False,False,False,benign,no_adverse_signal
gruposk.srv.br,2026-07-24,14,2.807354922057604,0.0,0,0.4,-7.375936363636364,low,0.5333,2,1.0,False,NOERROR,0,,3,2,True,False,0,,,,,74,1461,False,,,False,False,benign,no_adverse_signal
dgcoinx.site,2026-07-24,12,2.807354922057604,0.0,0,0.4,-8.044645454545455,medium,0.6667,3,1.0,True,NOERROR,1,1796,1,2,True,False,0,133618,AU,True,"NameCheap, Inc.",2,365,False,0,False,False,False,benign,no_adverse_signal
jacketstonenaturematch.beer,2026-07-24,27,3.4817145729860717,0.0,0,0.5714285714285714,-6.386109756097562,low,0.5,3,0.5909090909090909,True,NOERROR,2,300,0,2,False,False,2,13335,US,False,Dynadot Inc,2,365,True,0,False,False,,benign,no_adverse_signal
viraldock.wiki,2026-07-24,14,3.169925001442312,0.0,0,0.5,-6.719213333333333,low,0.5714,2,1.0,False,NOERROR,0,,0,2,False,False,0,,,,"Spaceship, Inc.",2,365,True,,,False,,benign,no_adverse_signal
eccoworks.co.uk,2026-07-24,15,2.725480556997868,0.0,0,0.5,-7.245466666666667,low,0.625,3,0.7777777777777778,True,NOERROR,2,3600,1,2,True,False,0,16509,US,True,"GoDaddy.com, LLC. [Tag = GODADDY]",3,365,False,22,False,False,False,benign,no_adverse_signal
velstaseoul.net,2026-07-24,15,2.9139770731827523,0.0,0,0.8333333333333334,-6.801573684210526,low,0.5556,3,0.7272727272727273,True,NOERROR,1,1800,5,2,True,False,0,22612,US,False,"NameCheap, Inc.",3,3653,False,0,False,False,False,benign,no_adverse_signal
cauyejandmanemdaer.ca,2026-07-24,21,3.127986806877675,0.0,0,0.8,-7.917133333333333,low,0.5,3,0.5555555555555556,True,NOERROR,2,300,1,2,True,False,2,13335,US,False,Domain Robot Enterprises Inc.,3,365,True,0,False,False,False,benign,no_adverse_signal
pendikesc.xyz,2026-07-24,13,2.94770277922009,0.0,0,0.5,-6.692173333333333,high,0.625,2,0.8888888888888888,True,NOERROR,2,3600,1,2,True,False,0,16509,US,True,"GMO Internet, Inc.",2,365,True,27,False,False,,benign,no_adverse_signal
captcha-desktop-ver-1-121.buzz,2026-07-24,30,3.7336606896881848,0.13333333333333333,4,0.4166666666666667,-8.095612765957448,high,0.4242,4,0.6,True,NOERROR,1,3600,1,2,True,False,0,133618,AU,True,"GoDaddy.com, LLC",2,365,False,1,False,False,False,benign,no_adverse_signal
midiax.online,2026-07-24,13,2.2516291673878226,0.0,0,1.0,-7.234677777777778,medium,0.7273,1,0.8333333333333334,True,NOERROR,4,14400,0,2,False,False,4,15169,US,True,"HOSTINGER operations, UAB",2,365,False,0,False,False,,benign,no_adverse_signal
brasilescrow.com,2026-07-24,16,3.2516291673878226,0.0,0,0.5,-6.525228571428571,low,0.4706,3,0.8333333333333334,False,NOERROR,0,,0,2,False,False,0,,,,"Cloudflare, Inc.",2,365,True,,,False,,benign,no_adverse_signal
e2betaz.com,2026-07-24,11,2.5216406363433186,0.09090909090909091,0,1.0,-7.965181818181819,low,0.5455,1,0.8571428571428571,True,NOERROR,2,300,0,2,False,False,2,13335,US,False,"NameCheap, Inc.",2,365,False,0,False,False,,benign,no_adverse_signal
exmri.com,2026-07-24,9,2.321928094887362,0.0,0,0.6666666666666666,-8.721157142857143,low,0.5455,3,1.0,True,NOERROR,2,3600,1,2,True,False,0,16509,US,True,"GoDaddy.com, LLC",2,365,False,58,False,False,,malicious,abuseipdb
xn----8sbafpniuh4a3b8esa.xn--p1ai,2026-07-24,33,3.7201755214643457,0.15151515151515152,6,0.6,-10.076973333333333,low,0.3243,3,0.625,True,NOERROR,1,86400,0,2,False,False,0,198610,RU,True,,,,,0,False,False,,benign,no_adverse_signal
berkahselalu4577.my.id,2026-07-24,22,3.5,0.18181818181818182,0,0.7142857142857143,-8.547679310344828,low,0.4444,2,0.75,True,NOERROR,1,3600,1,3,True,False,0,139456,ID,True,,,,False,0,True,False,True,malicious,spamhaus_zen
zgjingcaiappxiazai.asia,2026-07-24,23,2.9477027792200903,0.0,0,0.8,-8.093966666666667,low,0.3704,3,0.5,True,NOERROR,1,300,0,2,False,False,0,132839,HK,False,Eranet International Limited,2,365,True,0,False,False,,benign,no_adverse_signal
flowsendfoundry.pro,2026-07-24,19,3.3735572622751855,0.0,0,0.36363636363636365,-7.097955555555556,low,0.48,4,0.7333333333333333,True,NOERROR,2,300,5,2,True,False,2,13335,US,False,,,,,0,False,False,False,benign,no_adverse_signal
25712.uk,2026-07-24,8,1.9219280948873623,0.625,0,0.0,-10.741657142857141,low,0.25,0,0.8,True,NOERROR,1,1,0,2,False,True,0,4907,MY,False,"Dynadot, LLC t/a Dynadot [Tag = DYNADOT]",3,365,False,0,False,False,,benign,no_adverse_signal
elvarenis.cl,2026-07-24,12,2.94770277922009,0.0,0,0.8,-6.8569466666666665,low,0.5263,2,0.8888888888888888,True,NOERROR,2,300,0,2,False,False,2,13335,US,False,NIC Chile,19,365,False,0,False,False,,benign,no_adverse_signal
runikaarn.no,2026-07-24,12,2.503258334775646,0.0,0,0.8,-7.172666666666667,low,0.5,2,0.6666666666666666,True,NOERROR,1,14400,1,3,True,False,0,34989,NO,True,,3,,False,0,False,False,False,benign,no_adverse_signal
31294.vip,2026-07-24,9,2.321928094887362,0.5555555555555556,0,0.0,-10.206142857142856,low,0.25,0,1.0,True,NOERROR,1,300,0,2,False,False,0,54801,HK,False,Dynadot Inc,2,365,True,0,False,True,,malicious,spamhaus_dbl
ardentekstil.xyz,2026-07-24,16,3.2516291673878226,0.0,0,0.5,-6.503038095238096,high,0.5263,3,0.8333333333333334,True,NOERROR,2,3600,1,2,True,False,0,16509,US,True,"GMO Internet, Inc.",2,365,True,27,False,False,,benign,no_adverse_signal
kupnerex.christmas,2026-07-24,18,2.75,0.0,0,0.6,-7.258184615384615,low,0.5882,2,0.875,False,NOERROR,0,,0,2,False,False,0,,,,"Spaceship, Inc.",2,365,False,,,False,,benign,no_adverse_signal
parabelhealth.com,2026-07-24,17,2.8731406795131336,0.0,0,0.625,-6.7066869565217395,low,0.6316,3,0.6153846153846154,True,NOERROR,2,3600,0,2,False,False,0,16509,US,True,"GoDaddy.com, LLC",2,365,False,22,False,False,,benign,no_adverse_signal
engdiary.com,2026-07-24,12,3.0,0.0,0,0.6,-6.906930769230769,low,0.6154,3,1.0,True,NOERROR,2,1800,0,2,False,False,0,16509,US,False,"Name.com, Inc.",1,365,True,0,False,False,,benign,no_adverse_signal
sikapbonebol.xyz,2026-07-24,16,3.2516291673878226,0.0,0,0.7142857142857143,-7.242214285714286,high,0.5263,2,0.8333333333333334,True,NOERROR,2,3600,1,2,True,False,0,16509,US,True,"GMO Internet, Inc.",2,365,True,27,False,False,,benign,no_adverse_signal
pentagrove.ru,2026-07-24,13,3.121928094887362,0.0,0,0.6666666666666666,-6.403905882352941,low,0.5333,2,0.9,True,NOERROR,1,600,2,4,True,False,0,9123,RU,True,TIMEWEB-RU,3,365,False,0,False,False,False,benign,no_adverse_signal
ninetofive.pk,2026-07-24,13,2.721928094887362,0.0,0,1.0,-6.448564705882354,low,0.6364,1,0.7,True,NOERROR,1,86400,0,0,False,False,0,13335,CA,True,,63,731,False,0,False,False,,benign,no_adverse_signal
jackpot-azores.casino,2026-07-24,21,3.521640636343319,0.0,1,0.625,-7.317112,low,0.5,3,0.8571428571428571,True,NOERROR,2,300,0,2,False,False,2,13335,US,False,,,,,0,False,False,,benign,no_adverse_signal
eu79.app,2026-07-24,8,2.0,0.25,0,2.0,-11.51106,low,0.5,0,1.0,True,NOERROR,2,300,0,2,False,False,2,13335,US,False,,,,False,0,False,False,,benign,no_adverse_signal
kenevirdokumaevi.com,2026-07-24,20,3.327819531114783,0.0,0,1.0,-7.382272413793104,low,0.5333,2,0.6875,True,NOERROR,1,3600,2,2,True,False,0,209242,US,True,"GoDaddy.com, LLC",2,365,False,0,False,False,False,benign,no_adverse_signal
allyonogame.live,2026-07-24,16,2.9139770731827523,0.0,0,0.8333333333333334,-6.72308947368421,low,0.5333,3,0.7272727272727273,False,NOERROR,0,,0,2,False,False,0,,,,,,,False,,,False,,benign,no_adverse_signal
jotpack.app,2026-07-24,11,2.807354922057604,0.0,0,0.4,-7.28009090909091,low,0.5455,2,1.0,True,NOERROR,2,1800,0,2,False,False,0,13335,US,False,,,,False,0,False,False,,benign,no_adverse_signal
2p7n2.xyz,2026-07-24,9,1.9219280948873623,0.3333333333333333,0,0.0,-12.174800000000001,high,0.4444,1,0.8,False,NOERROR,0,,0,2,False,False,0,,,,Alibaba Cloud Computing Ltd. d/b/a HiChina (www.net.cn),2,365,False,,,False,,benign,no_adverse_signal
seabreezes.life,2026-07-24,15,2.321928094887362,0.0,0,1.0,-7.283594117647059,low,0.5263,2,0.6,True,NOERROR,2,300,0,2,False,False,2,13335,US,False,,,,False,0,False,False,,benign,no_adverse_signal
dkigawa.net,2026-07-24,11,2.521640636343318,0.0,0,0.75,-8.0013,low,0.5455,2,0.8571428571428571,False,NOERROR,0,,0,2,False,False,0,,,,"Cloudflare, Inc.",2,365,True,,,False,,benign,no_adverse_signal
myempire-5869.com,2026-07-24,17,3.3927474104487847,0.23529411764705882,1,0.6,-8.773039130434782,low,0.4545,2,0.8461538461538461,True,NOERROR,1,300,0,2,False,False,0,213846,MH,False,URL SOLUTIONS INC.,2,365,True,0,False,False,,benign,no_adverse_signal
avren.tech,2026-07-24,10,2.321928094887362,0.0,0,0.6666666666666666,-7.3867714285714285,low,0.6667,2,1.0,True,NOERROR,2,6,0,4,False,False,0,,US,False,Porkbun LLC,2,365,False,0,False,False,,benign,no_adverse_signal
hmservicesfairhope.com,2026-07-24,22,3.4613201402110083,0.0,0,0.6363636363636364,-7.072239393939395,low,0.5806,3,0.6666666666666666,True,NOERROR,2,300,0,2,False,False,2,13335,US,False,"Cloudflare, Inc.",1,365,True,0,False,False,,benign,no_adverse_signal
urgesku.com,2026-07-24,11,2.5216406363433186,0.0,0,0.75,-7.2904,low,0.5455,2,0.8571428571428571,True,NOERROR,4,300,0,2,False,False,0,54113,US,True,"Cloudflare, Inc.",2,365,True,38,False,False,,benign,no_adverse_signal
festival-graviere.online,2026-07-24,24,3.337175341123077,0.0,1,0.7777777777777778,-6.812690322580645,medium,0.5,2,0.6470588235294118,False,NOERROR,0,,0,2,True,False,0,,,,Infomaniak Network SA,2,365,False,,,False,,benign,no_adverse_signal
craftanddwelling.my.id,2026-07-24,22,3.5,0.0,0,0.3333333333333333,-7.034513793103448,low,0.5217,4,0.75,False,NOERROR,0,,0,2,False,False,0,,,,,,,False,,,False,,benign,no_adverse_signal
neelamfoodlandmumbaipantry.shop,2026-07-24,31,3.7192945256669785,0.0,0,0.625,-7.187216326530613,low,0.45,4,0.5769230769230769,True,NOERROR,1,300,0,2,False,False,0,199242,GE,False,,,,False,0,False,False,,benign,no_adverse_signal
garbimregister.company,2026-07-24,22,3.039148671903071,0.0,0,0.5555555555555556,-6.91528,low,0.5714,2,0.6428571428571429,True,NOERROR,1,300,0,4,False,False,0,13335,DE,True,,,,,67,False,False,,malicious,abuseipdb
weexclub.com,2026-07-24,12,2.75,0.0,0,0.6,-7.4092153846153845,low,0.6154,3,0.875,True,NOERROR,2,300,0,2,False,False,2,13335,US,False,Realtime Register B.V.,2,365,False,0,False,False,,benign,no_adverse_signal
yourguidonfoundation.com,2026-07-24,24,3.246439344671015,0.0,0,1.0,-6.719554054054054,low,0.4324,2,0.55,True,NOERROR,2,3600,0,2,False,False,0,16509,US,True,"GoDaddy.com, LLC",2,365,False,16,False,False,,benign,no_adverse_signal
t99wq.top,2026-07-24,9,1.9219280948873623,0.2222222222222222,0,0.0,-11.497971428571429,high,0.4,2,0.8,True,NOERROR,3,15,0,0,False,True,0,54801,SC,False,GoDaddy.com,2,365,True,0,False,False,,benign,no_adverse_signal
366sqw2.cyou,2026-07-24,12,2.5216406363433186,0.3333333333333333,0,0.0,-11.945645454545456,low,0.4,3,0.8571428571428571,False,NOERROR,0,,0,0,False,False,0,,,,"Spaceship, Inc.",2,365,False,,,False,,benign,no_adverse_signal
comprarasteralabs.com,2026-07-24,21,3.2195282822995472,0.0,0,0.5454545454545454,-6.229277419354839,low,0.5161,3,0.6470588235294118,False,NOERROR,0,,0,2,False,False,0,,,,"Cloudflare, Inc.",2,365,True,,,False,,benign,no_adverse_signal
swiftrepobids.com,2026-07-24,17,3.3927474104487847,0.0,0,0.4444444444444444,-7.263865217391304,low,0.5556,3,0.8461538461538461,True,NOERROR,2,300,0,2,False,False,2,13335,US,False,"NICENIC INTERNATIONAL GROUP CO., LIMITED",2,365,False,0,False,True,,malicious,spamhaus_dbl
presslinery.info,2026-07-24,16,2.9139770731827523,0.0,0,0.375,-6.124942105263158,medium,0.6316,3,0.7272727272727273,True,NOERROR,2,300,0,2,False,False,2,13335,US,False,,,,,0,False,False,,benign,no_adverse_signal
glidetaxconsultants.com,2026-07-24,23,3.5766176449086653,0.0,0,0.46153846153846156,-6.808817142857143,low,0.5,3,0.6842105263157895,True,NOERROR,1,300,3,3,True,False,0,15348,CA,True,"TUCOWS.COM, CO.",2,365,True,13,False,False,False,benign,no_adverse_signal
merakienchantments.com,2026-07-24,22,3.3082708345352603,0.0,0,0.5,-6.449172727272727,low,0.5,3,0.6111111111111112,True,NOERROR,2,3600,0,2,False,False,0,16509,US,True,"GoDaddy.com, LLC",2,1826,False,22,False,False,,benign,no_adverse_signal
sort1g.store,2026-07-24,12,2.584962500721156,0.08333333333333333,0,0.25,-8.60771111111111,low,0.5,2,1.0,True,NOERROR,1,1799,5,2,True,False,0,212484,GE,False,,,,False,0,False,False,False,benign,no_adverse_signal
aimmh.cc,2026-07-24,8,1.9219280948873623,0.0,0,0.6666666666666666,-8.123228571428571,low,0.5455,3,0.8,True,NOERROR,1,1,0,2,False,True,0,40065,US,False,"NameSilo, LLC",2,365,True,0,False,False,,benign,no_adverse_signal
simplyvaluations.com,2026-07-24,20,3.5,0.0,0,0.6,-7.1149862068965515,low,0.5926,5,0.75,True,NOERROR,1,14400,0,3,False,False,0,45638,AU,True,Synergy Wholesale Accreditations Pty Ltd,1,365,True,0,False,False,,benign,no_adverse_signal
d4q4xnh4.lol,2026-07-24,12,2.4056390622295662,0.25,0,0.0,-12.345453846153847,low,0.3636,3,0.75,False,NOERROR,0,,0,2,False,False,0,,,,"GMO Internet, Inc.",2,365,True,,,False,,benign,no_adverse_signal
viniciustaxiexecutivo.com,2026-07-24,25,3.26804882875796,0.0,0,1.1,-7.224664102564102,low,0.4242,2,0.5238095238095238,True,NOERROR,3,3600,0,2,False,False,0,58182,US,True,Wix.com Ltd.,1,365,True,19,False,False,,benign,no_adverse_signal
apexlensphotography.com,2026-07-24,23,3.5766176449086653,0.0,0,0.46153846153846156,-7.204017142857143,low,0.4444,4,0.6842105263157895,True,NOERROR,4,14400,1,4,True,False,0,53831,US,False,Squarespace Domains II LLC,2,365,True,15,False,False,False,benign,no_adverse_signal
xylsdl8j.lol,2026-07-24,12,2.75,0.08333333333333333,0,0.0,-10.340823076923076,low,0.5333,6,0.875,False,NOERROR,0,,0,2,False,False,0,,,,"GMO Internet, Inc.",2,365,True,,,False,,benign,no_adverse_signal
cleanvix.ru,2026-07-24,11,3.0,0.0,0,0.6,-7.067576923076923,low,0.6154,2,1.0,True,NOERROR,1,3600,2,2,True,False,1,197695,RU,True,REGRU-RU,3,365,False,0,False,False,False,benign,no_adverse_signal
fitnessandthebump.com,2026-07-24,21,3.6168746059562227,0.0,0,0.4166666666666667,-7.014825806451613,low,0.5,4,0.7647058823529411,True,NOERROR,2,300,0,2,False,False,2,13335,US,False,"NameCheap, Inc.",2,365,False,0,False,False,,benign,no_adverse_signal
oczki.club,2026-07-24,10,2.321928094887362,0.0,0,0.6666666666666666,-9.52847142857143,low,0.5455,3,1.0,True,NOERROR,1,10800,2,3,True,False,0,29169,FR,True,Gandi SAS,2,365,True,0,False,False,False,benign,no_adverse_signal
zierly.shop,2026-07-24,11,2.584962500721156,0.0,0,0.5,-7.428077777777777,low,0.5455,3,1.0,True,NOERROR,1,300,0,2,False,False,0,199242,US,False,,,,False,0,False,False,,benign,no_adverse_signal
offer-tested-now.click,2026-07-24,22,3.202819531114783,0.0,2,0.5555555555555556,-7.193758620689655,medium,0.5161,2,0.625,True,NOERROR,2,300,0,2,False,False,2,13335,US,False,"Spaceship, Inc.",2,365,False,0,False,False,,benign,no_adverse_signal
tc777l.net,2026-07-24,10,1.7924812503605778,0.3,0,0.0,-10.235433333333333,low,0.5455,2,0.6666666666666666,True,NOERROR,2,300,1,2,False,False,2,13335,US,False,Dynadot Inc,2,365,False,0,False,False,False,benign,no_adverse_signal
jarusalempost.com,2026-07-24,17,3.3927474104487847,0.0,0,0.625,-6.679408695652174,low,0.5217,2,0.8461538461538461,True,NOERROR,2,300,0,2,False,False,2,13335,US,False,"Spaceship, Inc.",2,365,False,0,False,False,,benign,no_adverse_signal
devlincreativeco.com,2026-07-24,20,3.327819531114783,0.0,0,0.7777777777777778,-6.684520689655172,low,0.6452,3,0.6875,True,NOERROR,4,14400,1,4,True,False,0,53831,US,False,Squarespace Domains II LLC,2,365,True,15,False,False,False,benign,no_adverse_signal
rukco.xyz,2026-07-24,9,2.321928094887362,0.0,0,0.6666666666666666,-8.350342857142858,high,0.6154,2,1.0,True,NOERROR,1,3600,0,2,True,False,0,34619,TR,True,Nics Telekomunikasyon A.S.,2,365,True,1,False,False,,benign,no_adverse_signal
mybiovn.site,2026-07-24,12,2.807354922057604,0.0,0,0.4,-8.23090909090909,medium,0.5455,3,1.0,True,NOERROR,1,600,0,3,False,False,0,135918,VN,False,"GMO Internet, Inc.",2,365,False,0,False,False,,benign,no_adverse_signal
bh7799.pro,2026-07-24,10,1.9182958340544896,0.4,0,0.0,-10.648855555555555,low,0.3636,2,0.6666666666666666,True,NOERROR,2,300,0,2,False,False,2,13335,US,False,,,,,0,False,False,,benign,no_adverse_signal
sensejet.ai,2026-07-24,11,2.1556390622295662,0.0,0,0.6,-7.222769230769231,low,0.5714,2,0.625,True,NOERROR,1,1799,5,2,True,False,0,14618,US,True,"NameCheap, Inc.",6,731,True,0,False,False,False,benign,no_adverse_signal
mimpaku.com,2026-07-24,11,2.5216406363433186,0.0,0,0.75,-7.343018181818182,low,0.5455,2,0.8571428571428571,True,NOERROR,2,300,0,2,False,False,2,13335,US,False,"Megazone Corp., dba HOSTING.KR",2,365,False,0,False,False,,benign,no_adverse_signal
beadgimp.shop,2026-07-24,13,3.0,0.0,0,0.6,-7.3508538461538455,low,0.5714,2,1.0,True,NOERROR,1,1800,0,2,False,False,0,132203,US,False,,,,False,0,True,False,,malicious,spamhaus_zen
jzcollectivehope.com,2026-07-24,20,3.327819531114783,0.0,0,0.6,-7.2423758620689656,low,0.4516,3,0.6875,True,NOERROR,1,1800,5,2,True,False,0,22612,US,False,"NameCheap, Inc.",1,365,False,0,False,False,False,benign,no_adverse_signal
tongrmz.cc,2026-07-24,10,2.807354922057604,0.0,0,0.16666666666666666,-7.5228363636363635,low,0.5333,5,1.0,True,NOERROR,1,1,0,2,False,True,0,40065,US,False,"NameSilo, LLC",2,365,True,0,False,False,,benign,no_adverse_signal
dz63r.top,2026-07-24,9,2.321928094887362,0.2222222222222222,0,0.0,-12.193628571428572,high,0.5,2,1.0,True,NOERROR,3,15,0,0,False,True,0,133199,HK,False,GoDaddy.com,2,365,True,4,False,False,,benign,no_adverse_signal
thraxios.com,2026-07-24,12,3.0,0.0,0,0.6,-7.675807692307692,low,0.5,3,1.0,True,NOERROR,1,1800,5,2,True,False,0,22612,US,False,"NameCheap, Inc.",2,365,False,1,False,False,False,benign,no_adverse_signal
anchoredwild.com,2026-07-24,16,3.4182958340544896,0.0,0,0.5,-6.785519047619048,low,0.5455,3,0.9166666666666666,True,NOERROR,1,14400,5,4,False,False,0,27647,US,True,"Register.com, Inc.",1,365,True,0,False,False,False,benign,no_adverse_signal
gj5k1w.top,2026-07-24,10,2.584962500721156,0.2,0,0.0,-12.338322222222223,high,0.4,2,1.0,False,NOERROR,0,,0,2,False,False,0,,,,Gname.com Pte. Ltd.,2,365,True,,,False,,benign,no_adverse_signal
yougotmoneyletsgetit.com,2026-07-24,24,3.246439344671016,0.0,0,0.6666666666666666,-7.162100000000001,low,0.4444,3,0.55,True,NOERROR,1,3600,1,2,True,False,0,54641,US,True,"GoDaddy.com, LLC",2,1826,False,0,False,False,False,benign,no_adverse_signal
bqeq.shop,2026-07-24,9,1.5,0.0,0,0.3333333333333333,-12.123380000000001,low,0.4444,2,0.75,True,NOERROR,1,600,0,2,False,True,0,152194,HK,False,,,,False,0,True,True,,malicious,spamhaus_zen
ihsangazibayen.xyz,2026-07-24,18,3.182005814760214,0.0,0,0.75,-7.445864,high,0.5,2,0.7142857142857143,True,NOERROR,2,300,0,2,False,False,2,13335,US,False,Dynadot Inc,2,365,False,0,False,False,,benign,no_adverse_signal
unityro.de,2026-07-24,10,2.807354922057604,0.0,0,0.75,-6.9781818181818185,low,0.7143,3,1.0,True,NOERROR,9,3600,1,2,False,False,0,60592,CZ,False,,,,False,0,True,False,False,malicious,spamhaus_zen
77win2.io,2026-07-24,9,2.2516291673878226,0.3333333333333333,0,0.5,-8.757222222222222,low,0.4615,1,0.8333333333333334,True,NOERROR,2,300,0,2,False,False,2,13335,US,False,Dynadot Inc,4,365,True,0,False,False,,benign,no_adverse_signal
desirableai.xyz,2026-07-24,15,2.9139770731827523,0.0,0,1.2,-6.629331578947369,high,0.5,2,0.7272727272727273,True,NOERROR,2,3600,1,2,True,False,0,16509,US,True,"GMO Internet, Inc.",2,365,True,27,False,False,,benign,no_adverse_signal
powergoldplus.com,2026-07-24,17,3.238901256602631,0.0,0,0.4444444444444444,-7.148034782608695,low,0.48,4,0.7692307692307693,True,NOERROR,4,30,0,2,False,False,8,213230,US,True,Domain Science Kutatasi Szolgaltato,3,365,True,0,False,False,,benign,no_adverse_signal
studiozilte.be,2026-07-24,14,3.0957952550009344,0.0,0,0.8333333333333334,-7.380047368421053,low,0.5263,2,0.8181818181818182,True,NOERROR,2,300,2,2,True,False,2,13335,US,False,,28,,False,0,False,False,False,benign,no_adverse_signal
intunepackager.com,2026-07-24,18,3.378783493486176,0.0,0,0.75,-6.684012,low,0.5385,2,0.7857142857142857,True,NOERROR,2,300,0,2,False,False,2,13335,US,False,"Cloudflare, Inc.",2,365,True,0,False,False,,benign,no_adverse_signal
steepley.com,2026-07-24,12,2.4056390622295662,0.0,0,0.6,-6.6991000000000005,low,0.5714,2,0.75,True,NOERROR,1,300,1,4,False,False,0,16509,US,True,"Amazon Registrar, Inc.",2,365,True,29,False,False,False,benign,no_adverse_signal
nextdara.com,2026-07-24,12,2.75,0.0,0,0.6,-7.074992307692308,low,0.5882,3,0.875,True,NOERROR,2,3600,2,2,True,False,0,16509,US,True,"GoDaddy.com, LLC",2,365,False,22,False,False,False,benign,no_adverse_signal
spam-jetzt-melden.de,2026-07-24,20,3.4548223999466066,0.0,2,0.36363636363636365,-8.287645161290323,low,0.5185,3,0.7058823529411765,True,NOERROR,1,300,1,2,False,False,0,24940,DE,True,,,,False,0,False,False,False,benign,no_adverse_signal
sellin85254.com,2026-07-24,15,3.095795255000934,0.3333333333333333,0,0.5,-8.751984210526317,low,0.5,2,0.8181818181818182,True,NOERROR,2,600,0,2,False,False,0,16509,US,True,"GoDaddy.com, LLC",2,365,False,32,False,False,,benign,no_adverse_signal
theatticapp.com,2026-07-24,15,2.6635327548042547,0.0,0,0.5714285714285714,-6.302173684210526,low,0.6316,2,0.6363636363636364,False,NOERROR,0,,0,2,False,False,0,,,,"Cloudflare, Inc.",2,3653,True,,,False,,benign,no_adverse_signal
nawarunika.com,2026-07-24,14,2.6464393446710153,0.0,0,1.0,-7.014758823529412,low,0.4615,1,0.7,True,NOERROR,1,1800,0,2,False,False,1,47583,ID,False,"HOSTINGER operations, UAB",2,365,False,0,False,False,,benign,no_adverse_signal
19o-sport.icu,2026-07-24,13,2.94770277922009,0.15384615384615385,1,0.5,-8.265773333333334,low,0.5882,2,0.8888888888888888,False,NOERROR,0,,0,2,False,False,0,,,,"Zhengzhou Century Connect Electronic Technology Development Co., Ltd",2,365,False,,,False,,benign,no_adverse_signal
allstatecooling.com,2026-07-24,19,3.189898095464287,0.0,0,0.6666666666666666,-6.037237037037038,low,0.5385,4,0.6666666666666666,True,NOERROR,1,86400,0,2,False,False,0,16509,US,True,"TUCOWS.COM, CO.",2196,2556,True,0,False,False,,benign,no_adverse_signal
pawsandpurity.com,2026-07-24,17,3.3927474104487847,0.0,0,0.4444444444444444,-7.050121739130435,low,0.5,3,0.8461538461538461,True,NOERROR,1,86400,0,4,False,False,1,13335,CA,True,"TUCOWS.COM, CO.",2,365,True,0,False,False,,benign,no_adverse_signal
hrtx.fyi,2026-07-24,8,2.0,0.0,0,0.0,-8.925839999999999,low,0.5,4,1.0,True,NOERROR,1,1308,1,2,True,False,0,133618,US,True,,,,,0,False,False,False,benign,no_adverse_signal
salavandrakros.digital,2026-07-24,22,2.950212064914747,0.0,0,0.5555555555555556,-6.919556,low,0.5455,3,0.6428571428571429,True,NOERROR,2,300,0,2,False,False,2,13335,US,False,,,,,0,False,False,,benign,no_adverse_signal
gg8860.org,2026-07-24,10,1.9182958340544893,0.4,0,0.0,-9.983377777777777,low,0.4444,2,0.6666666666666666,True,NOERROR,2,300,0,2,False,False,2,13335,US,False,Dynadot Inc,2,365,False,0,False,False,,benign,no_adverse_signal
8ddatx.asia,2026-07-24,11,2.2516291673878226,0.09090909090909091,0,0.25,-9.227488888888889,low,0.5,2,0.8333333333333334,False,NOERROR,0,,0,2,False,False,0,,,,Eranet International Limited,2,365,True,,,False,,benign,no_adverse_signal
warhammeronline.biz,2026-07-24,19,3.2402239289418517,0.0,0,0.6666666666666666,-6.486555555555555,low,0.5385,2,0.6666666666666666,True,NOERROR,2,300,0,2,False,False,2,13335,US,False,Global Domain Group LLC,2,,True,0,False,False,,benign,no_adverse_signal
wfiq3gr.surf,2026-07-24,12,2.807354922057604,0.08333333333333333,0,0.2,-10.902227272727274,low,0.5,2,1.0,True,NOERROR,1,19,0,2,False,False,0,209242,US,True,Dynadot Inc,2,365,True,0,False,False,,benign,no_adverse_signal
delecolle.com,2026-07-24,13,2.113283334294875,0.0,0,0.8,-6.209406666666666,low,0.6154,2,0.5555555555555556,True,NOERROR,1,300,1,2,True,False,0,7506,JP,False,"GMO Internet, Inc.",99,365,True,0,False,False,,benign,no_adverse_signal
wemall360.com,2026-07-24,13,2.94770277922009,0.23076923076923078,0,0.5,-7.892366666666667,low,0.5,2,0.8888888888888888,True,NOERROR,2,300,0,2,False,False,2,13335,US,False,"GMO Internet, Inc.",2,365,True,0,False,False,,benign,no_adverse_signal
practicefundamentals.com,2026-07-24,24,3.6841837197791887,0.0,0,0.5384615384615384,-6.4419162162162165,low,0.5,2,0.7,True,NOERROR,2,3600,0,2,False,False,0,16509,US,True,"GoDaddy.com, LLC",2,1096,False,22,False,False,,benign,no_adverse_signal
studiofuru.no,2026-07-24,13,2.8464393446710154,0.0,0,1.0,-7.245105882352941,low,0.5455,2,0.8,True,NOERROR,2,60,1,2,True,False,2,47583,LT,False,,37,,False,0,False,False,False,benign,no_adverse_signal
taraburnsrealtor.com,2026-07-24,20,3.077819531114783,0.0,0,0.6,-6.690179310344828,low,0.5517,4,0.625,True,NOERROR,2,600,0,2,False,False,0,16509,US,True,"GoDaddy.com, LLC",2,365,False,32,False,False,,benign,no_adverse_signal
rainer-kummeth.com,2026-07-24,18,3.378783493486176,0.0,1,0.625,-7.0977120000000005,low,0.5217,2,0.7857142857142857,True,NOERROR,1,86400,3,2,True,False,0,396982,FR,True,"Gransy, s.r.o.",2,365,False,0,False,False,False,benign,no_adverse_signal
grupoalb.online,2026-07-24,15,3.0,0.0,0,0.6,-7.718123076923077,medium,0.5455,2,1.0,False,timeout,0,,0,0,False,False,0,,,,"TUCOWS.COM, CO.",2,365,False,,,False,,benign,no_adverse_signal
2lg-sport.icu,2026-07-24,13,3.169925001442312,0.07692307692307693,1,0.16666666666666666,-8.322826666666666,low,0.7059,2,1.0,False,NOERROR,0,,0,2,False,False,0,,,,"Zhengzhou Century Connect Electronic Technology Development Co., Ltd",2,365,False,,,False,,benign,no_adverse_signal
samu168.asia,2026-07-24,12,2.807354922057604,0.25,0,1.0,-8.796454545454544,low,0.5714,1,1.0,True,NOERROR,2,300,0,2,False,False,2,13335,US,False,"Spaceship, Inc.",2,365,True,0,False,False,,benign,no_adverse_signal
ccsu.club,2026-07-24,9,1.5,0.0,0,0.3333333333333333,-7.9306,low,0.6,3,0.75,True,NOERROR,1,3600,1,2,True,False,0,133618,US,True,"GoDaddy.com, LLC",2,365,True,0,False,False,False,benign,no_adverse_signal
fillreddit.com,2026-07-24,14,2.7219280948873625,0.0,0,0.42857142857142855,-7.113605882352941,low,0.75,3,0.7,True,NOERROR,2,120,0,4,False,False,0,16509,DE,True,"NameCheap, Inc.",1,365,False,15,False,False,,benign,no_adverse_signal
digiconhouse.com,2026-07-24,16,3.2516291673878226,0.0,0,1.0,-6.661157142857142,low,0.6,2,0.8333333333333334,True,NOERROR,1,14400,1,2,True,False,0,46606,US,True,"Gransy, s.r.o.",2,365,False,0,False,False,False,benign,no_adverse_signal
usence.cn,2026-07-24,9,2.2516291673878226,0.0,0,1.0,-6.147955555555556,low,0.6154,2,0.8333333333333334,False,NOERROR,0,,0,2,False,False,0,,,,山西凯利晶信网络科技有限公司,21,365,False,,,False,,benign,no_adverse_signal
1tamilblasters.net,2026-07-24,18,3.2359263506290334,0.05555555555555555,0,0.4444444444444444,-6.779400000000001,low,0.5455,3,0.7142857142857143,True,NOERROR,2,30,0,2,True,False,2,14618,US,True,DropCatch.com 1131 LLC,3,365,False,0,False,False,,benign,no_adverse_signal
accentsteel.com,2026-07-24,15,2.663532754804255,0.0,0,0.5714285714285714,-6.455415789473684,low,0.5,4,0.6363636363636364,True,NOERROR,1,14400,1,2,True,False,0,46606,US,True,"Gransy, s.r.o.",2,365,False,0,False,False,False,benign,no_adverse_signal
cedec.co,2026-07-24,8,1.5219280948873621,0.0,0,0.6666666666666666,-6.658728571428571,low,0.75,1,0.6,True,NOERROR,2,3600,1,2,True,False,0,16509,US,True,UM DOMAINS PTE. LTD.,4,365,True,58,False,False,,malicious,abuseipdb
wsvel.site,2026-07-24,10,2.321928094887362,0.0,0,0.25,-7.543185714285714,medium,0.6,3,1.0,True,NOERROR,2,300,0,2,False,False,2,13335,US,False,CSL Computer Service Langenbach GmbH d/b/a joker.com,2,365,False,0,False,False,,benign,no_adverse_signal
cindycantrell.online,2026-07-24,20,3.238901256602631,0.0,0,0.3,-6.606439130434783,medium,0.5556,4,0.7692307692307693,True,NOERROR,1,900,1,2,False,False,0,15348,CA,False,"TUCOWS.COM, CO.",2,365,True,0,False,False,False,benign,no_adverse_signal
dafang56.com,2026-07-24,12,2.75,0.16666666666666666,0,0.5,-8.280123076923077,low,0.4706,2,0.875,False,NOERROR,0,,0,2,False,False,0,,,,Alibaba Cloud Computing Ltd. d/b/a HiChina (www.net.cn),1,365,False,,,False,,benign,no_adverse_signal
kxpc463.top,2026-07-24,11,2.807354922057604,0.2727272727272727,0,0.0,-12.101654545454545,high,0.4,4,1.0,False,NOERROR,0,,0,2,False,False,0,,,,Alibaba Cloud Computing Ltd. d/b/a HiChina (www.net.cn),2,365,True,,,False,,benign,no_adverse_signal
tianta1.com,2026-07-24,11,2.2359263506290326,0.09090909090909091,0,1.0,-6.72409090909091,low,0.5882,2,0.7142857142857143,True,NOERROR,1,1,0,2,False,True,0,40065,US,False,"NameSilo, LLC",2,365,True,0,False,False,,benign,no_adverse_signal
luckyxwin.work,2026-07-24,14,3.169925001442312,0.0,0,0.2857142857142857,-8.609533333333333,low,0.5,5,1.0,True,NOERROR,1,1800,5,2,True,False,0,22612,US,False,NAMECHEAP INC,2,365,True,0,False,False,False,benign,no_adverse_signal
tekizai.work,2026-07-24,12,2.521640636343318,0.0,0,1.3333333333333333,-7.786336363636363,low,0.5455,1,0.8571428571428571,True,NOERROR,1,600,1,2,True,False,0,58791,JP,True,"GMO Internet, Inc.",1,365,True,0,False,False,False,benign,no_adverse_signal
secondvinewine.shop,2026-07-24,19,2.9852281360342516,0.0,0,0.75,-6.364236,low,0.4828,3,0.6428571428571429,True,NOERROR,1,3339,1,2,True,False,0,133618,AU,True,,,,False,0,False,False,False,benign,no_adverse_signal
bqfg9v1l.top,2026-07-24,12,3.0,0.16666666666666666,0,0.0,-12.426030769230769,high,0.5,4,1.0,True,NOERROR,3,60,0,2,False,True,0,138995,US,False,Dominet (HK) Limited,2,365,True,0,True,True,,malicious,spamhaus_zen
syntherarobotics.in,2026-07-24,19,3.5,0.0,0,0.45454545454545453,-6.6856448275862075,low,0.5455,5,0.75,True,NOERROR,1,600,2,2,True,False,0,16509,US,False,GoDaddy,12,365,False,0,False,False,False,benign,no_adverse_signal
cdnimages2999.shop,2026-07-24,18,3.334679141051595,0.2222222222222222,0,0.5,-7.799021739130435,low,0.5,3,0.8461538461538461,True,NOERROR,2,300,0,2,False,False,2,13335,US,False,,,,False,0,False,False,,benign,no_adverse_signal
getreachfast.xyz,2026-07-24,16,3.0849625007211556,0.0,0,0.5,-6.695133333333334,high,0.5833,3,0.75,True,NOERROR,2,3600,1,2,True,False,0,16509,US,True,"GMO Internet, Inc.",2,365,True,27,False,False,,benign,no_adverse_signal
privateaircx.com,2026-07-24,16,3.0849625007211556,0.0,0,0.7142857142857143,-7.286095238095238,low,0.6,3,0.75,True,NOERROR,2,1800,0,2,False,False,0,16509,US,False,"Name.com, Inc.",2,365,True,0,False,False,,benign,no_adverse_signal
𓄷.com,2026-07-24,5,0.0,0.0,0,0.0,,low,,1,1.0,True,NOERROR,2,600,0,2,False,False,0,16509,US,True,"GoDaddy.com, LLC",2,365,False,32,False,False,,benign,no_adverse_signal
clozguard.info,2026-07-24,14,3.169925001442312,0.0,0,0.5,-7.974633333333333,medium,0.7143,2,1.0,True,NOERROR,1,3600,0,3,False,False,0,197720,TR,True,,,,,0,False,False,,benign,no_adverse_signal
fmtrademax.com,2026-07-24,14,2.9219280948873623,0.0,0,0.42857142857142855,-7.032129411764706,low,0.5,4,0.8,False,NOERROR,0,,0,2,False,False,0,,,,Realtime Register B.V.,2,365,False,,,False,,benign,no_adverse_signal
rozoexport.com,2026-07-24,14,2.6464393446710153,0.0,0,0.6666666666666666,-7.506188235294117,low,0.5333,2,0.7,True,NOERROR,4,14400,1,4,True,False,0,53831,US,False,Squarespace Domains II LLC,2,365,True,15,False,False,False,benign,no_adverse_signal
thenewproject.online,2026-07-24,20,3.180832987205441,0.0,0,0.4444444444444444,-6.971982608695653,medium,0.6087,3,0.7692307692307693,True,NOERROR,1,86400,0,2,False,False,0,197695,RU,False,Registrar of Domain Names REG.RU LLC,2,365,False,1,False,False,,benign,no_adverse_signal
jimmygifts.online,2026-07-24,17,2.9219280948873623,0.0,0,0.25,-8.134364705882353,medium,0.4706,4,0.8,True,NOERROR,1,3600,1,2,True,False,0,133618,US,True,"GoDaddy.com, LLC",2,365,False,0,False,False,False,benign,no_adverse_signal
albafence.hu,2026-07-24,12,2.725480556997868,0.0,0,0.8,-7.1102333333333325,low,0.5882,2,0.7777777777777778,True,NOERROR,1,300,2,2,True,False,0,62214,HU,True,,9,,False,14,False,False,False,benign,no_adverse_signal
vidno-ai.online,2026-07-24,15,2.75,0.0,1,1.3333333333333333,-7.556761538461538,medium,0.5714,2,0.875,True,NOERROR,1,3600,0,3,False,False,0,48287,RU,False,"Regional Network Information Center, JSC dba RU-CENTER",2,365,False,0,False,False,,benign,no_adverse_signal
helixflix.com,2026-07-24,13,2.5032583347756456,0.0,0,0.5,-7.5294066666666675,low,0.625,3,0.6666666666666666,True,NOERROR,2,300,0,2,False,False,2,13335,US,False,"NameSilo, LLC",2,365,True,0,False,False,,benign,no_adverse_signal
halejourney.online,2026-07-24,18,3.277613436819116,0.0,0,0.8333333333333334,-7.055263157894737,medium,0.5714,2,0.9090909090909091,True,NOERROR,2,600,0,2,False,False,0,16509,US,True,"GoDaddy.com, LLC",2,365,False,32,False,False,,benign,no_adverse_signal
bajwaengineering.pk,2026-07-24,19,3.0306390622295662,0.0,0,0.7777777777777778,-7.163737931034483,low,0.4828,2,0.5625,True,NOERROR,1,86400,0,0,False,False,0,47583,US,False,,9,731,False,0,False,False,,benign,no_adverse_signal
umunotapay.com,2026-07-24,14,2.9219280948873623,0.0,0,1.0,-6.973235294117647,low,0.5263,1,0.8,False,NOERROR,0,,0,2,False,False,0,,,,"Spaceship, Inc.",2,365,False,,,False,,benign,no_adverse_signal
parcelovencountry.lifestyle,2026-07-24,27,3.4992275471326932,0.0,0,0.5454545454545454,-6.4965,low,0.4828,4,0.7058823529411765,True,NOERROR,1,1800,5,2,True,False,0,22612,US,False,NAMECHEAP INC,2,365,True,0,False,False,False,benign,no_adverse_signal
spainbyfootball.com,2026-07-24,19,3.3735572622751855,0.0,0,0.5,-7.24702962962963,low,0.48,4,0.7333333333333333,True,NOERROR,2,900,1,2,False,False,0,13335,US,False,"TUCOWS.COM, CO.",1,365,True,0,False,False,False,benign,no_adverse_signal
amandacfarrow.com,2026-07-24,17,2.9312089489103235,0.0,0,0.625,-6.959917391304348,low,0.5455,2,0.6923076923076923,True,NOERROR,2,50,2,4,True,False,0,,US,False,Porkbun LLC,2,365,False,0,False,False,False,benign,no_adverse_signal
fuetashomamailmagazine0017.site,2026-07-24,31,3.8402655651949265,0.12903225806451613,0,1.0,-7.301261224489796,medium,0.4,2,0.6538461538461539,True,NOERROR,1,600,1,2,True,False,0,7506,JP,True,"GMO Internet, Inc.",2,365,True,0,False,False,False,benign,no_adverse_signal
9jqvv.top,2026-07-24,9,1.9219280948873623,0.1111111111111111,0,0.0,-12.705928571428572,high,0.3636,4,0.8,False,NOERROR,0,,0,2,False,False,0,,,,Dynadot LLC,2,365,True,,,False,,benign,no_adverse_signal
zunshang.ws,2026-07-24,11,2.75,0.0,0,0.3333333333333333,-6.889592307692308,low,0.5263,3,0.875,True,NOERROR,1,7200,0,4,False,False,0,133199,HK,False,,,,False,0,False,False,,benign,no_adverse_signal
rthfg.shop,2026-07-24,10,2.321928094887362,0.0,0,0.0,-9.054528571428571,low,0.5,5,1.0,False,NOERROR,0,,0,2,False,False,0,,,,,,,False,,,False,,benign,no_adverse_signal
kobayasi-kairo.com,2026-07-24,18,3.039148671903071,0.0,1,1.1666666666666667,-7.5233479999999995,low,0.5455,1,0.6428571428571429,True,NOERROR,1,3600,1,5,True,False,0,131965,JP,True,"XServer, Inc.",2,365,False,0,False,False,False,benign,no_adverse_signal
857pv9jv.lol,2026-07-24,12,2.75,0.3333333333333333,0,0.0,-12.134776923076924,low,0.2857,2,0.875,False,NOERROR,0,,0,2,False,False,0,,,,"GMO Internet, Inc.",2,365,True,,,False,,benign,no_adverse_signal
fg2l.com,2026-07-24,8,2.0,0.125,0,0.0,-11.32312,low,0.5,2,1.0,True,NOERROR,1,60,0,2,False,True,0,4907,JP,False,BF Internet Limited,2,365,False,0,True,True,,malicious,spamhaus_zen
telegrafzhurnal.run,2026-07-24,19,3.3735572622751846,0.0,0,0.5,-7.398011111111111,low,0.6087,3,0.7333333333333333,True,NOERROR,1,60,0,2,False,True,1,210756,RU,False,,,,,0,False,False,,benign,no_adverse_signal
zgzucaiwangbifenwang.asia,2026-07-24,25,3.3086949695628416,0.0,0,0.5384615384615384,-7.918859459459459,low,0.4516,3,0.55,True,NOERROR,1,300,0,2,False,False,0,132839,SC,False,Eranet International Limited,2,365,True,0,True,False,,malicious,spamhaus_zen
kiaod.com,2026-07-24,9,2.321928094887362,0.0,0,1.5,-7.694171428571429,low,0.5455,1,1.0,False,NOERROR,0,,0,2,False,False,0,,,,"Cloudflare, Inc.",2,365,True,,,False,,benign,no_adverse_signal
isiwell.org,2026-07-24,11,2.2359263506290326,0.0,0,0.75,-7.401736363636363,low,0.5714,2,0.7142857142857143,True,NOERROR,2,3600,0,2,False,False,0,16509,US,True,"GoDaddy.com, LLC",2,365,False,16,False,False,,benign,no_adverse_signal
raspadinhadobigode.com,2026-07-24,22,3.419381945646371,0.0,0,0.8,-6.884133333333334,low,0.4828,2,0.6666666666666666,False,NXDOMAIN,0,,0,0,False,False,0,,,,"HOSTINGER operations, UAB",345,365,False,,,False,,benign,no_adverse_signal
pclzforecast.cloud,2026-07-24,18,3.418295834054489,0.0,0,0.3333333333333333,-7.648485714285714,low,0.6316,5,0.9166666666666666,True,NOERROR,2,300,1,2,True,False,2,13335,US,False,Porkbun LLC,2,365,False,0,False,False,False,benign,no_adverse_signal
peptid-krym.ru,2026-07-24,14,3.2776134368191165,0.0,1,0.25,-8.579315789473684,low,0.4706,4,0.9090909090909091,False,NOERROR,0,,0,2,False,False,0,,,,REGRU-RU,3,365,False,,,False,,benign,no_adverse_signal
bitfort.site,2026-07-24,12,2.5216406363433186,0.0,0,0.4,-6.724454545454545,medium,0.6154,2,0.8571428571428571,False,SERVFAIL,0,,0,0,False,False,0,,,,Reliable Software,2,365,False,,,False,,benign,no_adverse_signal
suaap.net,2026-07-24,9,1.9219280948873623,0.0,0,1.5,-8.0573,low,0.5,1,0.8,True,NOERROR,1,300,0,4,False,False,0,396982,US,True,"Name.com, Inc.",2,365,True,37,False,False,,benign,no_adverse_signal
miroli.hu,2026-07-24,9,2.2516291673878226,0.0,0,1.0,-6.603422222222222,low,0.7143,1,0.8333333333333334,True,NOERROR,1,3600,2,2,False,False,0,51013,HU,True,,26,,False,0,False,False,False,benign,no_adverse_signal
ordcruv.click,2026-07-24,13,2.5216406363433186,0.0,0,0.4,-7.826309090909091,medium,0.6154,4,0.8571428571428571,True,NOERROR,2,300,0,2,False,False,2,13335,US,False,"Dynadot, LLC",2,365,False,0,False,False,,benign,no_adverse_signal
aaooffical.com,2026-07-24,14,2.4464393446710155,0.0,0,1.5,-7.471829411764706,low,0.625,2,0.6,True,NOERROR,1,50,0,2,False,False,0,47583,CY,False,"HOSTINGER operations, UAB",2,1096,False,31,False,False,,benign,no_adverse_signal
realtyadvanced.ai,2026-07-24,17,3.182005814760214,0.0,0,0.5555555555555556,-6.940951999999999,low,0.5185,3,0.7142857142857143,True,NOERROR,2,600,0,2,False,False,0,16509,US,True,"GoDaddy.com, LLC",8,731,True,32,False,False,,benign,no_adverse_signal
foto4.fun,2026-07-24,9,1.9219280948873623,0.1111111111111111,0,1.0,-8.00527142857143,low,0.5455,1,0.8,True,NOERROR,1,14400,1,2,False,False,0,46606,US,True,PDR Ltd. d/b/a PublicDomainRegistry.com,2,365,False,7,False,False,False,benign,no_adverse_signal
travelaners.com,2026-07-24,15,2.9139770731827523,0.0,0,0.5714285714285714,-6.019557894736842,low,0.56,2,0.7272727272727273,True,NOERROR,2,300,5,3,True,False,0,2635,US,False,Automattic Inc.,2,365,True,12,False,False,False,benign,no_adverse_signal
sadlersalesgroup.com,2026-07-24,20,3.202819531114783,0.0,0,0.6,-6.825113793103449,low,0.4828,3,0.625,True,NOERROR,1,300,1,2,True,False,0,16509,US,False,"NameSilo, LLC",2,365,True,0,False,False,False,benign,no_adverse_signal
miracley.app,2026-07-24,12,3.0,0.0,0,0.6,-6.796784615384615,low,0.7143,2,1.0,True,NOERROR,2,10,0,4,False,False,0,,US,False,,,,False,0,False,False,,benign,no_adverse_signal
solunarafestival.online,2026-07-24,23,3.452819531114783,0.0,0,0.7777777777777778,-6.661641379310345,medium,0.4444,2,0.75,True,NOERROR,1,14400,0,3,False,False,0,45638,AU,True,Synergy Wholesale Accreditations Pty Ltd,2,365,False,0,False,False,,benign,no_adverse_signal
avrahamandmushka.com,2026-07-24,20,3.024397470347699,0.0,0,0.6,-7.378555172413792,low,0.4444,3,0.625,True,NOERROR,1,3600,2,2,True,False,0,54113,US,False,"GoDaddy.com, LLC",2,365,False,0,False,False,False,benign,no_adverse_signal
vcatq.top,2026-07-24,9,2.321928094887362,0.0,0,0.25,-8.519771428571428,high,0.6,2,1.0,False,NOERROR,0,,0,2,False,False,0,,,,Dominet (HK) Limited,2,365,True,,,False,,benign,no_adverse_signal
jingcaibifenjishizuqiubifenwang.asia,2026-07-24,36,3.61060003766419,0.0,0,0.7222222222222222,-7.919728813559322,low,0.2927,3,0.4838709677419355,True,NOERROR,1,300,0,2,False,False,0,132839,SC,False,Eranet International Limited,2,365,True,0,True,False,,malicious,spamhaus_zen
theverifacter.com,2026-07-24,17,3.0269868333592873,0.0,0,0.625,-6.59004347826087,low,0.6087,2,0.6923076923076923,True,NOERROR,1,1800,5,2,True,False,0,22612,US,False,NAMECHEAP INC,2,365,True,0,False,False,False,benign,no_adverse_signal
lendingdeep.xyz,2026-07-24,15,2.663532754804255,0.0,0,0.5714285714285714,-6.625278947368422,high,0.5882,3,0.6363636363636364,True,NOERROR,2,3600,1,2,True,False,0,16509,US,True,"GMO Internet, Inc.",2,365,True,27,False,False,,benign,no_adverse_signal
coverade.info,2026-07-24,13,2.75,0.0,0,1.0,-6.093576923076923,medium,0.6154,1,0.875,True,NOERROR,1,300,0,2,False,False,0,396982,US,True,,,,,0,False,False,,benign,no_adverse_signal
deathdeal.shop,2026-07-24,14,2.5032583347756456,0.0,0,0.8,-6.845913333333333,low,0.625,3,0.6666666666666666,True,NOERROR,1,300,0,2,False,False,0,13335,DE,True,,,,False,67,False,False,,malicious,abuseipdb
puzzlewire.app,2026-07-24,14,2.9219280948873623,0.0,0,0.6666666666666666,-7.803558823529412,low,0.5333,3,0.8,True,NOERROR,1,1800,5,2,True,False,0,22612,US,False,,,,False,0,False,False,False,benign,no_adverse_signal
dagonmedicareweb.info,2026-07-24,21,3.452819531114783,0.0,0,0.7777777777777778,-6.624348275862069,medium,0.5385,2,0.75,True,NOERROR,4,14400,1,4,True,False,0,53831,US,False,,,,,15,False,False,False,benign,no_adverse_signal
ash-tee.com,2026-07-24,11,2.521640636343318,0.0,1,1.0,-7.537090909090909,low,0.5556,2,0.8571428571428571,True,NOERROR,1,14400,1,2,True,False,0,13335,CA,True,Promo People Inc.,2,365,True,0,False,False,False,benign,no_adverse_signal
rowmos.com,2026-07-24,10,2.2516291673878226,0.0,0,0.5,-7.735155555555555,low,0.6154,2,0.8333333333333334,True,NOERROR,1,14400,1,4,False,False,0,42846,TR,True,Atak Domain,2,365,False,2,False,False,False,benign,no_adverse_signal
metodolucrativo.cloud,2026-07-24,21,3.4565647621309536,0.0,0,0.875,-6.880433333333333,low,0.5143,2,0.8,True,NOERROR,1,50,0,2,False,False,0,47583,CY,False,"HOSTINGER operations, UAB",2,365,False,31,False,False,,benign,no_adverse_signal
ahumacademy.com,2026-07-24,15,2.8453509366224368,0.0,0,0.8333333333333334,-7.049463157894737,low,0.5385,2,0.7272727272727273,True,NOERROR,2,60,2,2,True,False,2,47583,LT,False,"HOSTINGER operations, UAB",2,365,False,0,False,False,False,benign,no_adverse_signal
tavolivodavozentosano.digital,2026-07-24,29,3.1961547809328668,0.0,0,0.9090909090909091,-7.102182051282051,low,0.4444,2,0.5238095238095238,True,NOERROR,1,1800,5,2,True,False,0,22612,US,False,,,,,0,False,False,False,benign,no_adverse_signal
westernwaukeshaconcretepros.com,2026-07-24,31,3.5282424844314786,0.0,0,0.5882352941176471,-6.8161000000000005,low,0.4091,3,0.48148148148148145,True,NOERROR,1,600,0,2,False,False,0,14061,US,True,"GoDaddy.com, LLC",2,365,False,11,False,False,,benign,no_adverse_signal
abirpathania.com,2026-07-24,16,2.751629167387823,0.0,0,1.0,-6.808352380952381,low,0.5,2,0.6666666666666666,True,NOERROR,1,14400,0,4,True,False,0,16509,US,False,Squarespace Domains LLC,2,365,True,0,False,False,,benign,no_adverse_signal
kailongliu.com,2026-07-24,14,2.9219280948873623,0.0,0,1.0,-6.931264705882353,low,0.5,3,0.8,True,NOERROR,1,3600,2,4,True,False,1,8560,DE,True,IONOS SE,2,365,True,0,False,False,False,benign,no_adverse_signal
mint4politics.com,2026-07-24,17,3.180832987205441,0.058823529411764705,0,0.5,-7.287934782608696,low,0.5263,2,0.7692307692307693,True,NOERROR,1,150,1,2,False,False,1,8560,DE,True,InterNetX GmbH,2,365,True,0,False,False,False,benign,no_adverse_signal
t15eu.top,2026-07-24,9,2.321928094887362,0.2222222222222222,0,2.0,-11.193371428571428,high,0.6667,1,1.0,True,NOERROR,3,15,0,0,False,True,0,133199,HK,False,GoDaddy.com,2,365,True,4,False,False,,benign,no_adverse_signal
simphonia.org,2026-07-24,13,2.94770277922009,0.0,0,0.8,-6.872653333333333,low,0.6154,3,0.8888888888888888,True,NOERROR,1,3600,1,4,True,False,0,31034,IT,True,"TUCOWS.COM, CO.",2,365,True,0,False,False,False,benign,no_adverse_signal
theagnesschool.co.ke,2026-07-24,20,3.2359263506290326,0.0,0,0.5555555555555556,-6.673827999999999,low,0.4762,4,0.7142857142857143,True,NOERROR,1,3600,1,2,True,False,0,28753,DE,False,HostPinnacle Cloud Limited,6,365,False,0,False,False,False,benign,no_adverse_signal
jingcairuanjianshidapaiming.asia,2026-07-24,32,3.306020262209257,0.0,0,0.8,-7.040684313725491,low,0.3529,3,0.48148148148148145,True,NOERROR,1,300,0,2,False,False,0,132839,SC,False,Eranet International Limited,2,365,True,0,True,False,,malicious,spamhaus_zen
geozhuanye.com,2026-07-24,14,3.121928094887362,0.0,0,1.0,-8.249758823529412,low,0.5882,2,0.9,False,NOERROR,0,,0,2,False,False,0,,,,Alibaba Cloud Computing Ltd. d/b/a HiChina (www.net.cn),2,731,False,,,False,,benign,no_adverse_signal
resmigirislerimiz-tr.com,2026-07-24,24,3.041446071165522,0.0,1,0.5833333333333334,-7.2750216216216215,low,0.4865,2,0.5,True,NOERROR,2,300,0,2,False,False,2,13335,US,False,Dynadot Inc,1,365,False,0,False,False,,benign,no_adverse_signal
familychimera.shop,2026-07-24,18,3.238901256602631,0.0,0,0.625,-6.689665217391305,low,0.5,4,0.7692307692307693,True,NOERROR,2,300,0,2,False,False,2,13335,US,False,,,,False,0,False,False,,benign,no_adverse_signal
xn--2y1bt3g9xmziaq6dl5zmke.com,2026-07-24,30,4.392747410448783,0.2,2,0.2,-11.50060612244898,low,0.303,3,0.8461538461538461,True,NOERROR,1,600,0,3,False,False,0,3786,KR,False,"Gabia, Inc.",3,365,False,0,False,False,,benign,no_adverse_signal
yogafortheview.co.uk,2026-07-24,20,3.521640636343319,0.0,0,0.75,-7.022988000000001,low,0.5,3,0.8571428571428571,True,NOERROR,3,3600,0,2,False,False,0,58182,US,True,Tucows Inc t/a Tucows [Tag = TUCOWS-CA],2,1096,False,17,False,False,,benign,no_adverse_signal
spinstopia.org,2026-07-24,14,2.721928094887362,0.0,0,0.6666666666666666,-6.434564705882353,low,0.5714,3,0.7,True,NOERROR,1,1800,5,2,True,False,0,22612,US,False,NAMECHEAP INC,2,365,True,0,False,False,False,benign,no_adverse_signal
cctv5zhibozgnanlanq.com.cn,2026-07-24,26,3.681880802803402,0.038461538461538464,0,0.2857142857142857,-8.931165714285715,low,0.4,4,0.7368421052631579,True,NOERROR,1,300,0,2,False,False,0,132839,SC,False,北京新网数码信息技术有限公司,4,365,False,0,False,False,,benign,no_adverse_signal
wanhao-logistics.com,2026-07-24,20,3.5,0.0,1,0.6666666666666666,-7.14411724137931,low,0.5185,2,0.75,False,NOERROR,0,,2,2,True,False,0,,,,"Chengdu west dimension digital technology Co., LTD",2,365,True,,,False,False,benign,no_adverse_signal
taxitoursmorocco.com,2026-07-24,20,3.125,0.0,0,0.7777777777777778,-7.151210344827586,low,0.4286,3,0.625,True,NOERROR,1,14400,1,2,True,False,0,50474,FR,True,"OVH, SAS",1844,2191,True,0,False,False,False,benign,no_adverse_signal
copyprune.com,2026-07-24,13,2.94770277922009,0.0,0,0.5,-7.638540000000001,low,0.625,4,0.8888888888888888,True,NOERROR,2,3600,0,2,False,False,0,13335,US,False,"GoDaddy.com, LLC",1,365,False,0,False,False,,benign,no_adverse_signal
theemeraldonorchard.com,2026-07-24,23,3.3263604079526936,0.0,0,0.5833333333333334,-6.473708571428571,low,0.4516,3,0.5789473684210527,True,NOERROR,2,33,2,4,True,False,0,,US,False,Porkbun LLC,2,365,False,0,False,False,False,benign,no_adverse_signal
saquka.company,2026-07-24,14,2.2516291673878226,0.0,0,1.0,-8.913722222222223,low,0.6,1,0.8333333333333334,True,NOERROR,2,300,0,2,False,False,2,13335,US,False,,,,,0,False,False,,benign,no_adverse_signal
8qu-sport.icu,2026-07-24,13,3.169925001442312,0.07692307692307693,1,0.4,-8.216706666666667,low,0.625,2,1.0,False,NOERROR,0,,0,2,False,False,0,,,,"Zhengzhou Century Connect Electronic Technology Development Co., Ltd",2,365,False,,,False,,benign,no_adverse_signal
su100.net,2026-07-24,9,1.9219280948873623,0.3333333333333333,0,1.0,-9.447928571428573,low,0.4444,1,0.8,True,NOERROR,2,300,0,2,False,False,2,13335,US,False,Dynadot Inc,3,365,False,0,False,False,,benign,no_adverse_signal
xn--289aoa226r.com,2026-07-24,18,3.182005814760214,0.3333333333333333,2,1.0,-10.458908,low,0.381,2,0.7142857142857143,False,timeout,0,,0,0,False,False,0,,,,"Gabia, Inc.",3,365,False,,,False,,benign,no_adverse_signal
xhubb.fit,2026-07-24,9,1.9219280948873623,0.0,0,0.25,-8.293771428571429,low,0.5455,2,0.8,True,NOERROR,1,300,0,2,False,False,0,400940,US,False,NAMECHEAP INC,2,365,True,0,False,False,,benign,no_adverse_signal
waltersstrategygroup.com,2026-07-24,24,3.446439344671015,0.0,0,0.42857142857142855,-6.801116216216216,low,0.4,5,0.6,True,NOERROR,4,14400,0,4,True,False,0,53831,US,False,Squarespace Domains LLC,2,365,True,15,False,False,,benign,no_adverse_signal
sacredseasons.online,2026-07-24,20,2.7773627950641693,0.0,0,0.625,-6.658960869565218,medium,0.5333,2,0.6153846153846154,True,NOERROR,2,300,0,2,False,False,2,13335,US,False,"WEDOS Internet, a.s.",2,365,False,0,False,False,,benign,no_adverse_signal
damafixsurfacerepairs.com,2026-07-24,25,3.4039894464852614,0.0,0,0.75,-7.209494871794872,low,0.4444,2,0.5714285714285714,True,NOERROR,1,3600,2,4,True,False,0,13335,US,False,IONOS SE,2,365,True,0,False,False,False,benign,no_adverse_signal
nh1-sport.icu,2026-07-24,13,3.169925001442312,0.07692307692307693,1,0.16666666666666666,-8.041553333333333,low,0.625,2,1.0,False,NOERROR,0,,0,2,False,False,0,,,,"Zhengzhou Century Connect Electronic Technology Development Co., Ltd",2,365,False,,,False,,benign,no_adverse_signal
kaizenstudio.shop,2026-07-24,17,3.418295834054489,0.0,0,1.0,-6.8980523809523815,low,0.5833,3,0.9166666666666666,True,NOERROR,1,86400,0,4,False,False,1,13335,CA,True,,,,False,0,False,False,,benign,no_adverse_signal
cryptzointernational.com,2026-07-24,24,3.4464393446710155,0.0,0,0.5384615384615384,-6.839510810810811,low,0.4828,6,0.6,True,NOERROR,2,600,0,2,False,False,0,16509,US,True,"GoDaddy.com, LLC",2,3653,False,32,False,False,,benign,no_adverse_signal
brightandsaltybook.com,2026-07-24,22,3.7254805569978675,0.0,0,0.38461538461538464,-7.007439393939394,low,0.5161,4,0.7777777777777778,True,NOERROR,2,3600,0,4,False,False,0,16509,US,True,"Name.com, Inc.",2,365,False,0,False,False,,benign,no_adverse_signal
blocklegallawyerformulario.com,2026-07-24,30,3.628351141951583,0.0,0,0.625,-7.016016326530613,low,0.381,3,0.5769230769230769,False,NXDOMAIN,0,,0,0,False,False,0,,,,,,,,,,False,,benign,no_adverse_signal
beesmartadvisor.com,2026-07-24,19,3.3735572622751846,0.0,0,0.6666666666666666,-6.684077777777778,low,0.6429,2,0.7333333333333333,True,NOERROR,4,14400,1,4,True,False,0,53831,US,False,Squarespace Domains II LLC,2,365,True,15,False,False,False,benign,no_adverse_signal
goalxbet.com,2026-07-24,12,3.0,0.0,0,0.6,-8.0353,low,0.5882,3,1.0,True,NOERROR,2,3600,1,2,True,False,0,16509,US,True,UnstoppableUS4 LLC,1,365,True,58,False,False,,malicious,abuseipdb
t-scooter.shop,2026-07-24,14,2.725480556997868,0.0,1,0.6,-6.629433333333334,low,0.5333,2,0.7777777777777778,True,NOERROR,1,1630,1,2,True,False,0,133618,US,True,,,,False,0,False,False,False,benign,no_adverse_signal
potmate.online,2026-07-24,14,2.5216406363433186,0.0,0,0.75,-6.504781818181818,medium,0.625,2,0.8571428571428571,True,NOERROR,1,3600,1,2,True,False,0,133618,US,True,"GoDaddy.com, LLC",2,365,False,0,False,False,False,benign,no_adverse_signal
ygxzzx.com,2026-07-24,10,1.9182958340544896,0.0,0,0.0,-10.89161111111111,low,0.3636,6,0.6666666666666666,False,NOERROR,0,,0,0,False,False,0,,,,"Megazone Corp., dba HOSTING.KR",2,365,False,,,False,,benign,no_adverse_signal
lidarline.shop,2026-07-24,14,2.725480556997868,0.0,0,0.8,-6.26966,low,0.6316,2,0.7777777777777778,True,NOERROR,1,1800,5,2,True,False,0,22612,US,False,,,,False,0,False,False,False,benign,no_adverse_signal
showroominfini.com,2026-07-24,18,2.9852281360342516,0.0,0,0.75,-6.855155999999999,low,0.4762,2,0.6428571428571429,False,NOERROR,0,,0,2,False,False,0,,,,"Cloudflare, Inc.",2,365,True,,,False,,benign,no_adverse_signal
bloom-barrelmercantile.com,2026-07-24,26,3.4474015047059146,0.0,1,0.6153846153846154,-6.868041463414634,low,0.5161,2,0.5454545454545454,True,NOERROR,4,14400,1,4,True,False,0,53831,US,False,Squarespace Domains II LLC,2,365,True,15,False,False,False,benign,no_adverse_signal
ochronaimprezmasowych.store,2026-07-24,27,3.6897037321995465,0.0,0,0.5,-7.5803179487179495,low,0.4,4,0.6666666666666666,False,SERVFAIL,0,,0,0,False,False,0,,,,,,,False,,,False,,benign,no_adverse_signal
safetycriticalworkerhealthassessment.co.uk,2026-07-24,42,3.7261981000246145,0.0,0,0.5,-6.826742028985508,low,0.4082,4,0.4444444444444444,True,NOERROR,2,300,0,2,False,False,2,13335,US,False,Alpha Digital Group Limited [Tag = ALPHADIGITAL],2,731,False,0,False,False,,benign,no_adverse_signal
serfclick-muara777.monster,2026-07-24,26,3.5724312513221195,0.11538461538461539,1,0.5555555555555556,-7.807824242424243,low,0.5,4,0.7222222222222222,True,NOERROR,1,14400,3,2,True,False,0,22612,US,True,NAMECHEAP INC,2,365,True,0,False,False,False,benign,no_adverse_signal
aurapawvitality.com,2026-07-24,19,3.106890595608519,0.0,0,0.875,-7.073492592592593,low,0.5806,2,0.6666666666666666,True,NOERROR,1,86400,0,4,False,False,1,13335,CA,True,"TUCOWS.COM, CO.",1,365,True,0,False,False,,benign,no_adverse_signal
naanstopdeals.ai,2026-07-24,16,3.0269868333592873,0.0,0,0.625,-6.917604347826086,low,0.5714,3,0.6923076923076923,True,NOERROR,2,600,1,2,True,False,0,16509,US,True,"GoDaddy.com, LLC",6,731,True,32,False,False,False,benign,no_adverse_signal
ramatogell.com,2026-07-24,14,2.9219280948873623,0.0,0,0.6666666666666666,-6.412194117647059,low,0.5217,2,0.8,True,NOERROR,2,300,0,2,False,False,2,13335,US,False,Dominet (HK) Limited,2,365,False,0,False,False,,benign,no_adverse_signal
datasol.co,2026-07-24,10,2.5216406363433186,0.0,0,0.75,-6.341190909090909,low,0.625,1,0.8571428571428571,False,timeout,0,,0,0,False,False,0,,,,Above.com Pty Ltd.,4,365,False,,,False,,benign,no_adverse_signal
prizmcoolplus.com,2026-07-24,17,3.238901256602631,0.0,0,0.4444444444444444,-7.601782608695652,low,0.4545,3,0.7692307692307693,True,NOERROR,1,658,0,2,False,False,0,14618,US,True,Dominet (HK) Limited,2,365,False,0,False,False,,benign,no_adverse_signal
yizeauto.com,2026-07-24,12,3.0,0.0,0,1.6666666666666667,-7.639238461538462,low,0.5,1,1.0,True,NOERROR,1,600,0,2,False,False,0,16509,US,True,Alibaba Cloud Computing Ltd. d/b/a HiChina (www.net.cn),4,365,False,29,False,False,,benign,no_adverse_signal
useproofpilot.com,2026-07-24,17,3.180832987205441,0.0,0,0.8571428571428571,-7.2702608695652176,low,0.6087,2,0.7692307692307693,True,NOERROR,2,600,2,4,True,False,0,13335,US,False,Porkbun LLC,2,365,False,0,False,False,False,benign,no_adverse_signal
88kanquappgwrukout.com.cn,2026-07-24,25,3.4613201402110083,0.08,0,0.6,-8.90348484848485,low,0.4286,5,0.6666666666666666,True,NOERROR,1,300,0,2,False,False,0,132839,SC,False,北京新网数码信息技术有限公司,9,365,False,0,False,False,,benign,no_adverse_signal
sambhuga.com,2026-07-24,12,2.75,0.0,0,0.6,-8.256423076923078,low,0.6667,3,0.875,False,SERVFAIL,0,,0,0,False,False,0,,,,Webcentral Group Ltd,2,365,True,,,False,,benign,no_adverse_signal
pawbloompets.com,2026-07-24,16,3.2516291673878226,0.0,0,0.5,-7.347790476190475,low,0.5714,3,0.8333333333333334,True,NOERROR,1,3600,0,2,False,False,0,13335,CA,True,"GoDaddy.com, LLC",2,1096,False,0,False,False,,benign,no_adverse_signal
televoo.uk,2026-07-24,10,2.2359263506290326,0.0,0,1.3333333333333333,-6.7676727272727275,low,0.7143,1,0.7142857142857143,True,NOERROR,2,60,0,2,False,False,2,47583,CY,False,Realtime Register BV t/a Axidomains [Tag = AXIDOMAINS],3,731,False,0,False,False,,benign,no_adverse_signal
rmgparts.cl,2026-07-24,11,2.75,0.0,0,0.14285714285714285,-7.484369230769231,low,0.5455,4,0.875,True,NOERROR,1,300,0,2,False,False,0,397273,US,False,NIC Chile,18,365,False,26,False,False,,benign,no_adverse_signal
kalendernorge.com,2026-07-24,17,3.0269868333592873,0.0,0,0.625,-6.462882608695652,low,0.5217,2,0.6923076923076923,True,NOERROR,2,300,0,2,False,False,2,13335,US,False,"Spaceship, Inc.",2,365,False,0,False,False,,benign,no_adverse_signal
escarpsaola.pro,2026-07-24,15,2.845350936622437,0.0,0,0.8333333333333334,-7.224042105263158,low,0.5455,3,0.7272727272727273,True,NOERROR,2,300,0,2,False,False,2,13335,US,False,,,,,0,False,False,,benign,no_adverse_signal
pureoflow.wiki,2026-07-24,14,2.94770277922009,0.0,0,0.8,-7.22326,low,0.5333,2,0.8888888888888888,False,NOERROR,0,,0,2,False,False,0,,,,"Spaceship, Inc.",2,365,True,,,False,,benign,no_adverse_signal
colongemax.site,2026-07-24,15,3.121928094887362,0.0,0,0.6666666666666666,-6.512300000000001,medium,0.5,2,0.9,True,NOERROR,1,3600,1,2,True,False,0,133618,US,True,NAMECHEAP INC,2,365,True,0,False,False,False,benign,no_adverse_signal
elektra-nova.ch,2026-07-24,15,3.2516291673878226,0.0,1,0.8333333333333334,-7.379171428571429,low,0.5263,3,0.8333333333333334,True,NOERROR,1,300,2,3,True,False,1,29097,CH,True,,,,False,0,False,False,False,benign,no_adverse_signal
slinkyavo.digital,2026-07-24,17,3.169925001442312,0.0,0,0.5,-7.4288533333333335,low,0.6154,3,1.0,True,NOERROR,2,300,0,2,False,False,0,16509,US,True,,,,,9,False,False,,benign,no_adverse_signal
maomuyou.com,2026-07-24,12,2.25,0.0,0,1.6666666666666667,-8.145938461538462,low,0.5,1,0.625,False,NOERROR,0,,0,2,False,False,0,,,,"22net, Inc.",1,365,False,,,False,,benign,no_adverse_signal
dappbrowser.xyz,2026-07-24,15,3.095795255000934,0.0,0,0.375,-7.154436842105263,high,0.6,4,0.8181818181818182,True,NOERROR,2,3600,1,2,True,False,0,16509,US,True,"GMO Internet, Inc.",2,365,True,27,False,False,,benign,no_adverse_signal
60p-sport.icu,2026-07-24,13,2.94770277922009,0.15384615384615385,1,0.2,-8.060393333333334,low,0.5,2,0.8888888888888888,False,NOERROR,0,,0,2,False,False,0,,,,"Zhengzhou Century Connect Electronic Technology Development Co., Ltd",2,365,False,,,False,,benign,no_adverse_signal
spaceneedleseattle.shop,2026-07-24,23,2.8638263900908156,0.0,0,0.8,-6.674193939393939,low,0.4615,3,0.5,True,NOERROR,1,600,0,2,False,False,0,214351,DE,False,,,,False,0,True,True,,malicious,spamhaus_zen
sldcommodlties.com,2026-07-24,18,3.09306920777189,0.0,0,0.4,-7.488624,low,0.4762,4,0.6428571428571429,True,NOERROR,4,14400,1,4,True,False,0,53831,US,False,Squarespace Domains II LLC,1,365,True,15,False,False,False,benign,no_adverse_signal
jcojewellerrush.com,2026-07-24,19,3.1898980954642875,0.0,0,0.5,-7.507544444444444,low,0.4615,2,0.6666666666666666,True,NOERROR,2,300,0,2,False,False,2,13335,US,False,West263 International Limited,2,365,True,0,False,False,,benign,no_adverse_signal
kuaiflix.net,2026-07-24,12,2.75,0.0,0,1.0,-7.832538461538462,low,0.5556,2,0.875,True,NOERROR,2,300,0,2,False,False,0,16509,US,True,"Spaceship, Inc.",3,365,False,9,False,False,,benign,no_adverse_signal
xx56448.com,2026-07-24,11,2.2359263506290326,0.45454545454545453,0,0.0,-11.757136363636363,low,0.2667,2,0.7142857142857143,False,NOERROR,0,,0,2,False,False,0,,,,Realtime Register B.V.,2,365,False,,,False,,benign,no_adverse_signal
shoelab.fr,2026-07-24,10,2.807354922057604,0.0,0,0.75,-6.8986909090909085,low,0.5714,2,1.0,False,NOERROR,0,,0,2,False,False,0,,,,EURODNS S.A.,1,364,False,,,False,,benign,no_adverse_signal
starrynight.com.my,2026-07-24,18,3.0957952550009344,0.0,0,0.2222222222222222,-7.114963157894738,low,0.5556,4,0.8181818181818182,True,NOERROR,1,14400,1,2,True,False,0,133113,MY,True,Webplus Digital Sdn Bhd.,3,365,True,13,False,False,False,benign,no_adverse_signal
probable.ninja,2026-07-24,14,2.75,0.0,0,0.6,-6.600784615384615,low,0.5714,2,0.875,True,NOERROR,1,1800,5,2,True,False,0,22612,US,False,,,,,0,False,False,False,benign,no_adverse_signal
domusarqengenharia.com,2026-07-24,22,3.5724312513221195,0.0,0,0.8,-7.25909090909091,low,0.4667,2,0.7222222222222222,True,NOERROR,4,14400,1,4,True,False,0,53831,US,False,Squarespace Domains II LLC,2,365,True,15,False,False,False,benign,no_adverse_signal
shzanm.com,2026-07-24,10,2.584962500721156,0.0,0,0.2,-8.644655555555556,low,0.5455,3,1.0,True,NOERROR,1,1,0,2,False,False,0,62468,CN,False,TuringSign Inc. d/b/a Cosmotown,2,365,False,0,True,False,,malicious,spamhaus_zen
smpsicologia.app,2026-07-24,16,3.084962500721156,0.0,0,0.7142857142857143,-7.023247619047619,low,0.5,4,0.75,True,NOERROR,1,300,0,4,False,False,0,13335,DE,True,,,,False,67,False,False,,malicious,abuseipdb
wml-sport.icu,2026-07-24,13,3.169925001442312,0.0,1,0.14285714285714285,-7.716633333333333,low,0.5882,3,1.0,False,NOERROR,0,,0,2,False,False,0,,,,"Zhengzhou Century Connect Electronic Technology Development Co., Ltd",2,365,False,,,False,,benign,no_adverse_signal
opone88.net,2026-07-24,11,2.2359263506290326,0.18181818181818182,0,1.5,-7.960918181818181,low,0.6,1,0.7142857142857143,True,NOERROR,2,300,0,2,False,False,2,13335,US,False,Dynadot Inc,3,365,False,0,False,False,,benign,no_adverse_signal
gardenknome.co.uk,2026-07-24,17,3.095795255000934,0.0,0,0.5714285714285714,-6.891005263157895,low,0.4762,3,0.8181818181818182,True,NOERROR,2,300,3,2,True,False,2,13335,US,False,Team Blue Internet Services UK Limited t/a Team Blue Internet Services Limited t/a names.co.uk [Tag = NAMESCO],71,365,False,0,False,False,False,benign,no_adverse_signal
roadwarriorsllc.com,2026-07-24,19,2.973557262275185,0.0,0,0.5,-7.45225925925926,low,0.4545,5,0.6,True,NOERROR,4,14400,1,4,True,False,0,53831,US,False,Squarespace Domains II LLC,2,365,True,15,False,False,False,benign,no_adverse_signal
junelith.com,2026-07-24,12,3.0,0.0,0,0.6,-6.680153846153846,low,0.5714,2,1.0,True,NOERROR,2,300,1,2,True,False,2,13335,US,False,NAMECHEAP INC,2,365,True,0,False,False,False,benign,no_adverse_signal
dragonballsuperepisode.xyz,2026-07-24,26,3.6069367321753214,0.0,0,0.6923076923076923,-6.869948780487804,high,0.4762,3,0.5909090909090909,True,NOERROR,1,3600,1,2,True,False,0,133618,AU,True,"GoDaddy.com, LLC",2,365,False,0,False,False,False,benign,no_adverse_signal
asshza.com,2026-07-24,10,1.9182958340544893,0.0,0,0.5,-8.363811111111112,low,0.6,4,0.6666666666666666,True,NOERROR,2,60,2,2,True,False,2,47583,LT,True,"HOSTINGER operations, UAB",2,365,False,0,False,False,False,benign,no_adverse_signal
queenant.io,2026-07-24,11,2.5,0.0,0,1.0,-6.665607692307693,low,0.5714,2,0.75,True,NOERROR,1,1799,1,2,False,True,0,16509,US,True,NAMECHEAP INC,3,365,True,0,False,False,False,benign,no_adverse_signal
399kmp2.cyou,2026-07-24,12,2.5216406363433186,0.3333333333333333,0,0.0,-11.050254545454546,low,0.3636,3,0.8571428571428571,False,NOERROR,0,,0,0,False,False,0,,,,"Spaceship, Inc.",2,365,False,,,False,,benign,no_adverse_signal
clientesuporte.pro,2026-07-24,18,3.3248629576173574,0.0,0,0.75,-6.247532,low,0.5217,2,0.7857142857142857,True,NOERROR,1,300,0,2,False,False,0,268581,BR,False,,,,,1,False,False,,benign,no_adverse_signal
peplabguide.org,2026-07-24,15,3.0957952550009344,0.0,0,0.8333333333333334,-7.330215789473685,low,0.5882,2,0.8181818181818182,True,NOERROR,1,1800,5,2,True,False,0,22612,US,False,NAMECHEAP INC,2,365,True,0,False,False,False,benign,no_adverse_signal
prosdont.bond,2026-07-24,13,2.75,0.0,0,0.3333333333333333,-6.63566923076923,low,0.5882,2,0.875,True,NOERROR,1,1800,0,2,False,False,1,47583,CY,False,"HOSTINGER operations, UAB",2,365,False,31,False,False,,benign,no_adverse_signal
tjkconsultingltd.com,2026-07-24,20,3.452819531114783,0.0,0,0.23076923076923078,-7.574489655172414,low,0.5,5,0.75,True,NOERROR,4,14400,1,4,True,False,0,53831,US,False,Squarespace Domains II LLC,2,365,True,15,False,False,False,benign,no_adverse_signal
flwps.online,2026-07-24,12,2.321928094887362,0.0,0,0.0,-9.896342857142857,medium,0.5455,5,1.0,True,NOERROR,1,86400,0,2,False,False,0,48282,RU,True,Registrar of Domain Names REG.RU LLC,2,365,False,0,False,False,,benign,no_adverse_signal
3xf811.sbs,2026-07-24,10,2.2516291673878226,0.4,0,0.0,-11.922777777777778,low,0.2222,2,0.8333333333333334,True,NOERROR,2,300,0,2,False,False,2,13335,US,False,"NameSilo, LLC",2,365,True,0,False,False,,benign,no_adverse_signal
mcptoolgate.pro,2026-07-24,15,3.095795255000934,0.0,0,0.5714285714285714,-7.498468421052632,low,0.5556,4,0.8181818181818182,True,NOERROR,2,300,0,2,False,False,2,13335,US,False,,,,,0,False,False,,benign,no_adverse_signal
mars-anesthesia.com,2026-07-24,19,3.139572261986723,0.0,1,0.75,-6.537066666666667,low,0.48,3,0.6666666666666666,True,NOERROR,2,3600,0,2,False,False,0,16509,US,True,"GoDaddy.com, LLC",2,1096,False,22,False,False,,benign,no_adverse_signal
basstotaloutdooradventures.com,2026-07-24,30,3.4116022179746714,0.0,0,0.7333333333333333,-6.554614285714286,low,0.4103,3,0.46153846153846156,True,NOERROR,1,86400,0,4,False,False,1,13335,CA,True,"TUCOWS.COM, CO.",2,365,True,0,False,False,,benign,no_adverse_signal
lanqiujingcaibifenyuce.asia,2026-07-24,27,3.5160276412662297,0.0,0,0.8333333333333334,-7.947551219512196,low,0.375,3,0.5909090909090909,True,NOERROR,1,300,0,2,False,False,0,132839,HK,False,Eranet International Limited,2,365,True,0,False,False,,benign,no_adverse_signal
smartfitlife.me,2026-07-24,15,3.084962500721156,0.0,0,0.5,-6.98107619047619,low,0.5,3,0.75,True,NOERROR,2,60,0,2,False,False,2,47583,LT,True,"HOSTINGER operations, UAB",2,365,True,0,False,False,,benign,no_adverse_signal
greenlab-ai.com,2026-07-24,15,3.095795255000934,0.0,1,1.0,-7.395184210526316,low,0.4762,2,0.8181818181818182,False,NOERROR,0,,2,4,True,False,0,,,,PDR Ltd. d/b/a PublicDomainRegistry.com,2,365,True,,,False,False,benign,no_adverse_signal
m33q.top,2026-07-24,8,1.5,0.25,0,0.0,-11.51396,high,0.4444,1,0.75,False,timeout,0,,0,0,False,False,0,,,,NameMart Pte. Ltd.,2,365,False,,,True,,malicious,spamhaus_dbl
factura-digital.ru,2026-07-24,18,3.323231428797621,0.0,1,0.75,-6.8814,low,0.5385,2,0.7333333333333333,True,NOERROR,1,86400,0,2,False,False,0,57724,RU,False,REGRU-RU,3,365,False,0,False,False,,benign,no_adverse_signal
asarcikbayen.xyz,2026-07-24,16,3.188721875540867,0.0,0,0.7142857142857143,-7.4996238095238095,high,0.5263,2,0.8333333333333334,True,NOERROR,2,300,0,2,False,False,2,13335,US,False,Dynadot Inc,2,365,False,0,False,False,,benign,no_adverse_signal
provinceclothingco.com,2026-07-24,22,3.419381945646371,0.0,0,0.5,-6.566427272727273,low,0.4615,3,0.6666666666666666,True,NOERROR,1,86400,0,4,False,False,1,13335,CA,True,"TUCOWS.COM, CO.",2,365,True,0,False,False,,benign,no_adverse_signal
xghys.homes,2026-07-24,11,2.321928094887362,0.0,0,0.0,-9.574814285714284,low,0.5,5,1.0,True,NOERROR,1,360,5,2,True,False,0,396982,US,True,NAMECHEAP INC,2,365,False,0,False,False,False,benign,no_adverse_signal
unibet-taka.com,2026-07-24,15,3.095795255000934,0.0,1,1.0,-7.190536842105264,low,0.5263,1,0.8181818181818182,True,NOERROR,2,300,0,2,False,False,2,13335,US,False,Dynadot Inc,2,365,False,0,False,False,,benign,no_adverse_signal
9f4-sport.icu,2026-07-24,13,3.169925001442312,0.15384615384615385,1,0.2,-8.671433333333333,low,0.5333,2,1.0,False,NOERROR,0,,0,2,False,False,0,,,,"Zhengzhou Century Connect Electronic Technology Development Co., Ltd",2,365,False,,,False,,benign,no_adverse_signal
pathfinder-sts.com,2026-07-24,18,3.521640636343319,0.0,1,0.3,-6.944048,low,0.6087,3,0.8571428571428571,True,NOERROR,3,3600,0,2,False,False,0,58182,US,True,Wix.com Ltd.,2,365,True,17,False,False,,benign,no_adverse_signal
pisangbet123oo.site,2026-07-24,19,3.6644977792004623,0.15789473684210525,0,0.8333333333333334,-8.326076,medium,0.5,3,0.9285714285714286,True,NOERROR,2,300,0,2,False,False,2,13335,US,False,NAMECHEAP INC,2,365,True,0,False,False,,benign,no_adverse_signal
mrdsgp.cc,2026-07-24,9,2.584962500721156,0.0,0,0.0,-8.797233333333333,low,0.5,6,1.0,True,NOERROR,1,1,0,2,False,True,0,40065,US,False,"NameSilo, LLC",3,365,True,0,False,False,,benign,no_adverse_signal
noodle-glacier.xyz,2026-07-24,18,3.3787834934861767,0.0,1,0.8571428571428571,-7.296168,high,0.5385,2,0.7857142857142857,True,NOERROR,2,3600,1,2,True,False,0,16509,US,True,"GMO Internet, Inc.",2,365,True,27,False,False,,benign,no_adverse_signal
merriweatherhousellc.com,2026-07-24,24,3.4841837197791885,0.0,0,0.6666666666666666,-6.911464864864865,low,0.5185,3,0.65,True,NOERROR,1,60,1,2,True,False,0,394456,US,True,DomainRegistry.com LLC,2,365,False,0,False,False,False,benign,no_adverse_signal
bv06a1oh.com,2026-07-24,12,3.0,0.25,0,0.6666666666666666,-12.24726153846154,low,0.4286,2,1.0,True,NOERROR,2,300,0,2,False,False,2,13335,US,False,Dynadot Inc,2,365,False,0,False,False,,benign,no_adverse_signal
elevatethrive.net,2026-07-24,17,2.7773627950641693,0.0,0,0.8571428571428571,-6.755165217391304,low,0.5,3,0.6153846153846154,True,NOERROR,1,1800,0,0,False,False,0,58182,US,True,Wix.com Ltd.,737,1095,False,0,False,False,,benign,no_adverse_signal
athirafeeds.com,2026-07-24,15,3.0957952550009344,0.0,0,0.8333333333333334,-6.904252631578948,low,0.5,2,0.8181818181818182,True,NOERROR,2,3600,0,2,False,False,0,16509,US,True,"GoDaddy.com, LLC",2,1096,False,22,False,False,,benign,no_adverse_signal
dentalstudiovalfleuri.com,2026-07-24,25,3.5944656369614516,0.0,0,0.75,-6.918907692307692,low,0.4848,3,0.6190476190476191,True,NOERROR,1,14400,1,2,True,False,0,60781,NL,True,CV. Jogjacamp,93,365,False,0,False,False,False,benign,no_adverse_signal
rezenvora.com,2026-07-24,13,2.725480556997868,0.0,0,0.8,-7.3301,low,0.5,2,0.7777777777777778,True,NOERROR,2,60,2,2,True,False,2,47583,LT,False,"HOSTINGER operations, UAB",2,365,False,0,False,False,False,benign,no_adverse_signal
mailadder.com,2026-07-24,13,2.725480556997868,0.0,0,0.8,-6.57088,low,0.6154,2,0.7777777777777778,True,NOERROR,1,1800,5,2,True,False,0,22612,US,False,NAMECHEAP INC,1,365,True,0,False,False,False,benign,no_adverse_signal
webelavata.org,2026-07-24,14,2.6464393446710153,0.0,0,1.0,-6.678929411764706,low,0.5556,1,0.7,True,NOERROR,2,300,5,2,True,False,2,13335,US,False,Global Domain Group LLC,2,365,False,0,False,False,False,benign,no_adverse_signal
smilinlifestyle.com,2026-07-24,19,3.0062389286533895,0.0,0,0.5,-6.7696000000000005,low,0.48,4,0.6,True,NOERROR,1,3600,3,2,True,False,0,16276,FR,True,"OVH, SAS",2,365,True,16,False,False,False,benign,no_adverse_signal
beekman1802z.shop,2026-07-24,17,3.418295834054489,0.23529411764705882,0,0.6,-9.2559,low,0.4706,2,0.9166666666666666,True,NOERROR,1,1310,1,2,True,False,0,133618,US,True,,,,False,7,False,False,False,benign,no_adverse_signal
gooddoggies.online,2026-07-24,18,2.413088436425758,0.0,0,0.8333333333333334,-7.395226315789474,medium,0.6,2,0.5454545454545454,True,NOERROR,1,3600,1,2,True,False,0,133618,US,True,"GoDaddy.com, LLC",2,365,False,7,False,False,False,benign,no_adverse_signal
i2gt0r.asia,2026-07-24,11,2.584962500721156,0.18181818181818182,0,0.3333333333333333,-11.981666666666666,low,0.5,2,1.0,False,NOERROR,0,,0,2,False,False,0,,,,Eranet International Limited,2,365,True,,,False,,benign,no_adverse_signal
otocast.website,2026-07-24,15,2.2359263506290326,0.0,0,0.75,-6.158209090909091,low,0.7143,2,0.7142857142857143,True,NOERROR,2,300,0,2,False,False,2,13335,US,False,NAMECHEAP INC,2,731,True,0,False,False,,benign,no_adverse_signal
codebygwen.xyz,2026-07-24,14,3.121928094887362,0.0,0,0.42857142857142855,-7.981323529411765,high,0.5,4,0.9,True,NOERROR,2,3600,1,2,True,False,0,16509,US,True,"GMO Internet, Inc.",2,365,True,27,False,False,,benign,no_adverse_signal
jrdmwf.site,2026-07-24,11,2.584962500721156,0.0,0,0.0,-10.235911111111111,medium,0.4,6,1.0,True,NOERROR,2,1800,0,2,False,False,0,16509,US,False,NAMECHEAP INC,2,365,True,0,False,False,,benign,no_adverse_signal
tumtq.rest,2026-07-24,10,1.9219280948873623,0.0,0,0.25,-9.407942857142856,low,0.5455,3,0.8,True,NOERROR,1,360,5,2,True,False,0,396982,US,True,NAMECHEAP INC,2,365,False,0,False,False,False,benign,no_adverse_signal
bresan-transport.com,2026-07-24,20,3.202819531114783,0.0,1,0.36363636363636365,-6.447,low,0.5385,3,0.625,True,NOERROR,3,3603,5,3,True,False,0,63949,US,True,"NameSilo, LLC",2,365,True,14,False,False,False,benign,no_adverse_signal
jamesloon.club,2026-07-24,14,2.9477027792200903,0.0,0,0.8,-6.602946666666667,low,0.5333,2,0.8888888888888888,True,NOERROR,1,1242,1,2,True,False,0,133618,US,True,"GoDaddy.com, LLC",2,365,True,7,False,False,False,benign,no_adverse_signal
lukeandfirebooks.com,2026-07-24,20,3.625,0.0,0,0.7777777777777778,-7.152972413793103,low,0.5,3,0.8125,True,NOERROR,2,14,2,4,True,False,0,,US,False,Porkbun LLC,2,365,False,0,False,False,False,benign,no_adverse_signal
014929.cn,2026-07-24,9,2.251629167387823,0.6666666666666666,0,0.0,-10.918666666666667,low,0.2222,0,0.8333333333333334,True,NOERROR,1,600,0,2,False,False,0,140869,HK,False,广东时代互联科技有限公司,63,365,False,0,False,False,,benign,no_adverse_signal
navigateaiseo.com,2026-07-24,17,3.0269868333592873,0.0,0,1.6,-6.870391304347827,low,0.6,1,0.6923076923076923,True,NOERROR,2,600,0,2,False,False,0,16509,US,True,"GoDaddy.com, LLC",2,365,False,32,False,False,,benign,no_adverse_signal
aoko7q3.beer,2026-07-24,12,2.5216406363433186,0.16666666666666666,0,1.5,-11.13,low,0.5,1,0.8571428571428571,True,NOERROR,1,24,0,2,False,False,0,64013,SG,False,Dynadot Inc,2,365,True,1,False,False,,benign,no_adverse_signal
flintparcel.digital,2026-07-24,19,3.2776134368191165,0.0,0,0.375,-6.468894736842105,low,0.625,3,0.9090909090909091,True,NOERROR,2,300,0,2,False,False,2,13335,US,False,,,,,0,False,False,,benign,no_adverse_signal
commongroundmethod.com,2026-07-24,22,3.239097917988786,0.0,0,0.5,-6.750439393939394,low,0.4375,3,0.6111111111111112,True,NOERROR,2,3600,2,2,True,False,0,16509,US,True,"GoDaddy.com, LLC",2,365,False,22,False,False,False,benign,no_adverse_signal
wtuk780.top,2026-07-24,11,2.807354922057604,0.2727272727272727,0,0.3333333333333333,-11.155909090909091,high,0.3636,2,1.0,True,NOERROR,2,300,0,2,False,False,0,16509,US,True,"Spaceship, Inc.",2,365,True,9,False,False,,benign,no_adverse_signal
ravencombe.com,2026-07-24,14,3.121928094887362,0.0,0,0.6666666666666666,-6.550482352941176,low,0.56,2,0.9,True,NOERROR,1,14400,3,2,True,False,0,22612,US,True,NAMECHEAP INC,2,365,True,0,False,False,False,benign,no_adverse_signal
lovnuvrrefr.sbs,2026-07-24,15,2.8453509366224368,0.0,0,0.375,-8.542794736842104,low,0.5455,3,0.7272727272727273,True,NOERROR,2,300,0,2,False,False,2,13335,US,False,Global Domain Group LLC,2,365,False,0,False,False,,benign,no_adverse_signal
onkokids.net,2026-07-24,12,2.5,0.0,0,0.6,-7.382961538461538,low,0.5455,2,0.75,False,NOERROR,0,,0,4,False,False,0,,,,InterNetX GmbH,3,365,False,,,False,,benign,no_adverse_signal
od-nowa.bio,2026-07-24,11,2.5216406363433186,0.0,1,1.0,-7.936463636363637,low,0.6154,1,0.8571428571428571,True,NOERROR,1,3600,3,2,True,False,0,16276,FR,True,,,,,16,False,,False,benign,no_adverse_signal
vigobuyspreadsheet.boats,2026-07-24,24,3.794653473544342,0.0,0,0.6363636363636364,-7.181993939393939,low,0.5185,4,0.8333333333333334,True,NOERROR,1,60,0,2,False,False,0,16509,US,True,"Spaceship, Inc.",2,365,False,0,False,False,,benign,no_adverse_signal
lgcytrading.com,2026-07-24,15,3.2776134368191165,0.0,0,0.2222222222222222,-7.380605263157896,low,0.6364,6,0.9090909090909091,True,NOERROR,2,3600,2,2,True,False,0,16509,US,True,"GoDaddy.com, LLC",1,1096,False,22,False,False,False,benign,no_adverse_signal
amgtmail.com,2026-07-24,12,2.5,0.0,0,0.6,-7.445953846153846,low,0.7692,4,0.75,False,NOERROR,0,,0,2,False,False,0,,,,NAMECHEAP INC,2,365,True,,,False,,benign,no_adverse_signal
7sinsentertainment.com,2026-07-24,22,2.974937501201927,0.045454545454545456,0,0.5454545454545454,-6.361703030303031,low,0.5333,2,0.5,True,NOERROR,2,3600,3,2,True,False,0,16509,US,True,"GoDaddy.com, LLC",2,365,False,22,False,False,False,benign,no_adverse_signal
lanqiujingcaiwangguanwangjieg.asia,2026-07-24,34,3.1742250839789365,0.0,0,0.7058823529411765,-7.848483636363636,low,0.3182,3,0.3793103448275862,True,NOERROR,1,300,0,2,False,False,0,132839,HK,False,Eranet International Limited,2,365,True,0,False,False,,benign,no_adverse_signal
123bzz.net,2026-07-24,10,2.2516291673878226,0.3,0,0.0,-10.315144444444444,low,0.4444,3,0.8333333333333334,True,NOERROR,2,300,0,2,False,False,2,13335,US,False,Dynadot Inc,3,365,False,0,False,False,,benign,no_adverse_signal
kilat77xfkz.site,2026-07-24,16,3.0957952550009344,0.125,0,0.2857142857142857,-9.841105263157894,medium,0.4211,4,0.8181818181818182,True,NOERROR,2,300,0,2,False,False,2,13335,US,False,"GoDaddy.com, LLC",2,365,False,0,False,False,,benign,no_adverse_signal
veyraassets.com,2026-07-24,15,2.663532754804255,0.0,0,0.5714285714285714,-7.291547368421052,low,0.6667,2,0.6363636363636364,True,NOERROR,1,3600,2,4,True,False,1,8560,DE,True,IONOS SE,2,365,True,11,False,False,False,benign,no_adverse_signal
cetilaq.com,2026-07-24,11,2.807354922057604,0.0,0,0.75,-7.288345454545455,low,0.5,1,1.0,False,NOERROR,0,,0,2,False,False,0,,,,Dynadot Inc,1,365,False,,,False,,benign,no_adverse_signal
aehayes.com,2026-07-24,11,2.2359263506290326,0.0,0,1.3333333333333333,-7.923690909090909,low,0.5714,1,0.7142857142857143,False,NOERROR,0,,0,2,False,False,0,,,,TuringSign Inc. d/b/a Cosmotown,2,365,False,,,False,,benign,no_adverse_signal
promo-watch-now.click,2026-07-24,21,3.32323142879762,0.0,2,0.4444444444444444,-7.636570370370371,medium,0.5,3,0.7333333333333333,True,NOERROR,2,300,0,2,False,False,2,13335,US,False,"Spaceship, Inc.",2,365,False,0,False,False,,benign,no_adverse_signal
beyond45.de,2026-07-24,11,3.0,0.18181818181818182,0,0.5,-8.728684615384616,low,0.5,2,1.0,True,NOERROR,1,150,1,2,False,False,1,8560,DE,True,,,,False,0,False,False,False,benign,no_adverse_signal
world.guru,2026-07-24,10,2.321928094887362,0.0,0,0.25,-6.568528571428572,low,0.7692,3,1.0,True,NOERROR,1,3600,1,4,True,False,0,3561,US,True,,,,,0,False,False,False,benign,no_adverse_signal
pakyok168x.click,2026-07-24,16,3.121928094887362,0.1875,0,0.4,-9.484129411764705,medium,0.381,2,0.9,True,NOERROR,2,300,5,2,True,False,2,13335,US,False,NAMECHEAP INC,2,365,True,0,False,False,False,benign,no_adverse_signal
anglicarefamilyservices.com,2026-07-24,27,3.555533151426996,0.0,0,0.6428571428571429,-6.479369767441861,low,0.6111,3,0.5652173913043478,False,SERVFAIL,0,,0,0,False,False,0,,,,Webcentral Group Ltd,1,365,True,,,False,,benign,no_adverse_signal
engineeringfabric.com,2026-07-24,21,3.0130709291038453,0.0,0,0.7,-6.694545161290323,low,0.4667,3,0.5294117647058824,True,NOERROR,2,120,0,4,False,False,0,16509,DE,True,"GoDaddy.com, LLC",2,1096,False,15,False,False,,benign,no_adverse_signal
pikaslotindu.pro,2026-07-24,16,3.418295834054489,0.0,0,0.7142857142857143,-6.841052380952381,low,0.5217,2,0.9166666666666666,True,NOERROR,2,300,0,2,False,False,2,13335,US,False,,,,,0,False,False,,benign,no_adverse_signal
keshariexch.com,2026-07-24,15,3.0957952550009344,0.0,0,0.5714285714285714,-6.771857894736843,low,0.5714,3,0.8181818181818182,True,NOERROR,1,1799,5,2,True,False,0,14618,US,True,NAMECHEAP INC,2,365,True,0,False,False,False,benign,no_adverse_signal
stockstaple.com,2026-07-24,15,3.0957952550009344,0.0,0,0.375,-6.524615789473684,low,0.5333,4,0.8181818181818182,True,NOERROR,2,600,0,2,False,False,0,16509,US,True,"GoDaddy.com, LLC",2,731,False,32,False,False,,benign,no_adverse_signal
blackswalnut.tv,2026-07-24,15,3.2516291673878226,0.0,0,0.3333333333333333,-7.428914285714287,low,0.4762,4,0.8333333333333334,True,NOERROR,1,50,2,2,True,False,0,47583,CY,False,Hosting Concepts B.V. d/b/a Registrar.eu,3,365,True,31,False,False,False,benign,no_adverse_signal
jetbet1244.com,2026-07-24,14,2.7219280948873625,0.2857142857142857,0,0.5,-8.608929411764706,low,0.4286,2,0.7,False,NOERROR,0,,0,2,False,False,0,,,,Fewmoretaps OU d/b/a Trustname.com,2,365,False,,,True,,malicious,spamhaus_dbl
capital-iztj.cyou,2026-07-24,17,3.0849625007211556,0.0,1,0.5714285714285714,-8.11715238095238,low,0.5714,3,0.75,True,NOERROR,2,300,0,2,False,False,2,13335,US,False,NAMECHEAP INC,1,365,True,0,False,False,,benign,no_adverse_signal
str82thecut.com,2026-07-24,15,3.027169118440619,0.13333333333333333,0,0.2857142857142857,-8.720615789473683,low,0.4706,3,0.8181818181818182,True,NOERROR,1,14400,1,2,True,False,0,18447,US,False,"DomainPeople, Inc.",2,365,True,0,False,False,False,benign,no_adverse_signal
kinqgirisurlthera.com,2026-07-24,21,3.5280643115840493,0.0,0,0.5454545454545454,-7.579180645161291,low,0.4167,4,0.7647058823529411,True,NOERROR,2,300,0,2,False,False,2,13335,US,False,Dynadot Inc,2,365,False,0,False,False,,benign,no_adverse_signal
kwckwpopenhouse.com,2026-07-24,19,3.2402239289418513,0.0,0,0.5,-8.019825925925927,low,0.4545,6,0.6666666666666666,True,NOERROR,2,3600,2,2,True,False,0,16509,US,True,"GoDaddy.com, LLC",2,1096,False,16,False,False,False,benign,no_adverse_signal
moxie-labs.io,2026-07-24,13,3.321928094887362,0.0,1,0.8,-7.831741176470588,low,0.7059,2,1.0,True,NOERROR,2,3600,0,2,False,False,0,16509,US,True,"GoDaddy.com, LLC",2,1096,True,22,False,False,,benign,no_adverse_signal
kurtkoyeskort15.lol,2026-07-24,19,3.1898980954642866,0.10526315789473684,0,0.4444444444444444,-8.244844444444444,low,0.5217,3,0.6666666666666666,True,NOERROR,2,300,0,2,False,False,2,13335,US,False,Porkbun LLC,2,365,False,0,False,False,,benign,no_adverse_signal
centerglad.click,2026-07-24,16,3.121928094887362,0.0,0,0.42857142857142855,-6.385470588235294,medium,0.5333,3,0.9,True,NOERROR,2,300,0,2,False,False,2,13335,US,False,"Sav.com, LLC",2,365,False,0,False,False,,benign,no_adverse_signal
dirtybomber.net,2026-07-24,15,3.095795255000934,0.0,0,0.375,-7.212747368421053,low,0.6,4,0.8181818181818182,True,NOERROR,2,600,0,2,False,False,0,16509,US,True,"GoDaddy.com, LLC",3,365,False,32,False,False,,benign,no_adverse_signal
planedecree.xyz,2026-07-24,15,2.7321588913645702,0.0,0,0.8333333333333334,-6.351057894736843,high,0.5,2,0.7272727272727273,True,NOERROR,2,3600,1,2,True,False,0,16509,US,True,"GMO Internet, Inc.",2,365,True,27,False,False,,benign,no_adverse_signal
pizzaplanetjuarez.com,2026-07-24,21,3.2927701939369904,0.0,0,0.7,-7.418567741935484,low,0.5333,2,0.6470588235294118,True,NOERROR,2,3600,4,3,True,False,0,14618,US,True,"TUCOWS.COM, CO.",1,365,True,0,False,False,False,benign,no_adverse_signal
999999999999999999999999999999999999999999999999999999999999999.xn--p1ai,2026-07-24,72,0.0,0.8888888888888888,2,0.0,-8.735836585365854,low,0.0,0,0.015873015873015872,True,NOERROR,1,600,2,6,True,False,0,198610,RU,True,,,,,0,False,False,False,benign,no_adverse_signal
tommyrivera.co,2026-07-24,14,3.095795255000934,0.0,0,0.5714285714285714,-6.864910526315789,low,0.5556,4,0.8181818181818182,True,NOERROR,1,600,0,2,False,False,0,14061,US,False,"GoDaddy.com, LLC",9,365,False,0,False,False,,benign,no_adverse_signal
williamshomesales.com,2026-07-24,21,3.0574760762899316,0.0,0,0.7,-6.4923290322580645,low,0.4444,3,0.5294117647058824,True,NOERROR,2,3600,1,2,False,False,0,16509,US,True,"GoDaddy.com, LLC",1,365,False,22,False,False,False,benign,no_adverse_signal
safehavenfoster.online,2026-07-24,22,3.189898095464287,0.0,0,0.6666666666666666,-6.887822222222223,medium,0.5217,2,0.6666666666666666,True,NOERROR,1,1799,5,2,True,False,0,47583,MY,True,NAMECHEAP INC,2,365,True,0,False,False,False,benign,no_adverse_signal
9lvr8dee.lol,2026-07-24,12,2.75,0.16666666666666666,0,0.5,-10.895553846153847,low,0.5,3,0.875,False,NOERROR,0,,0,2,False,False,0,,,,"GMO Internet, Inc.",2,365,True,,,False,,benign,no_adverse_signal
consultingkongaileads.com,2026-07-24,25,3.594465636961452,0.0,0,0.6153846153846154,-6.6554179487179495,low,0.4286,3,0.6190476190476191,True,NOERROR,1,3600,1,4,True,False,0,14618,US,True,PDR Ltd. d/b/a PublicDomainRegistry.com,1,365,True,0,False,False,False,benign,no_adverse_signal
deltaybeta.online,2026-07-24,17,2.721928094887362,0.0,0,0.6666666666666666,-6.8972,medium,0.5,2,0.7,True,NOERROR,2,300,0,2,False,False,2,13335,US,False,NAMECHEAP INC,2,365,False,0,False,False,,benign,no_adverse_signal
bekp033.top,2026-07-24,11,2.521640636343318,0.2727272727272727,0,0.3333333333333333,-10.839427272727272,high,0.4,2,0.8571428571428571,True,NOERROR,3,60,0,2,False,True,0,40065,US,False,Gname.com Pte. Ltd.,2,365,True,0,False,False,,benign,no_adverse_signal
a2player.com,2026-07-24,12,2.75,0.08333333333333333,0,0.75,-8.101238461538461,low,0.7059,2,0.875,True,NOERROR,2,300,0,2,False,False,2,13335,US,False,"Cloudflare, Inc.",2,365,True,0,False,False,,benign,no_adverse_signal
kargah.space,2026-07-24,12,2.2516291673878226,0.0,0,0.5,-7.299577777777778,low,0.5714,2,0.8333333333333334,False,timeout,0,,0,0,False,False,0,,,,CSL Computer Service Langenbach GmbH d/b/a joker.com,2,365,False,,,False,,benign,no_adverse_signal
b1g5e89a.com,2026-07-24,12,3.0,0.3333333333333333,0,1.0,-11.700084615384615,low,0.4615,1,1.0,True,NOERROR,2,300,0,2,False,False,2,13335,US,False,"Gransy, s.r.o.",2,365,False,0,False,False,,benign,no_adverse_signal
leadixacademy.com,2026-07-24,17,3.0269868333592873,0.0,0,0.8571428571428571,-7.091786956521739,low,0.5,2,0.6923076923076923,True,NOERROR,2,60,0,2,False,False,2,47583,CY,False,"HOSTINGER operations, UAB",2,731,False,0,False,False,,benign,no_adverse_signal
laterrassevillecresnoise.fr,2026-07-24,27,3.204986855772667,0.0,0,0.7142857142857143,-6.676466666666666,low,0.4571,2,0.4583333333333333,True,NOERROR,2,300,0,2,False,False,2,13335,US,False,Hosting Concepts B.V. d/b/a Openprovider,1,364,False,0,False,False,,benign,no_adverse_signal
2erzw.top,2026-07-24,9,2.321928094887362,0.1111111111111111,0,0.3333333333333333,-9.498585714285714,high,0.5,3,1.0,False,NOERROR,0,,0,2,False,False,0,,,,Dynadot LLC,2,365,True,,,False,,benign,no_adverse_signal
amaratelier.co,2026-07-24,14,2.663532754804255,0.0,0,1.2,-5.9658842105263155,low,0.5556,1,0.6363636363636364,True,NOERROR,1,600,0,2,False,False,0,13335,CA,True,"GoDaddy.com, LLC",3,365,False,0,False,False,,benign,no_adverse_signal
e2q-sport.icu,2026-07-24,13,3.169925001442312,0.07692307692307693,1,0.4,-8.798733333333333,low,0.5,2,1.0,True,NOERROR,1,600,0,2,False,False,0,132839,SC,False,"Zhengzhou Century Connect Electronic Technology Development Co., Ltd",2,365,False,0,True,False,,malicious,spamhaus_zen
yezhaokuai.com,2026-07-24,14,3.121928094887362,0.0,0,1.5,-8.446641176470587,low,0.5,2,0.9,False,timeout,0,,0,0,False,False,0,,,,Xin Net Technology Corporation,371,730,False,,,False,,benign,no_adverse_signal
progreshr.pl,2026-07-24,12,2.6416041678685933,0.0,0,0.2857142857142857,-6.710693333333333,low,0.6087,3,0.7777777777777778,True,NOERROR,1,21600,1,2,True,False,0,48707,PL,False,Aftermarket.pl Limited,2,365,False,0,False,False,False,benign,no_adverse_signal
kronex-bonusflare.click,2026-07-24,23,3.6168746059562227,0.0,1,0.6,-7.316358064516129,medium,0.5185,3,0.7647058823529411,True,NOERROR,2,300,0,2,False,False,2,13335,US,False,"Dynadot, LLC",2,365,False,0,False,False,,benign,no_adverse_signal
sanyo88.net,2026-07-24,11,2.521640636343318,0.18181818181818182,0,0.6666666666666666,-8.586945454545456,low,0.5333,2,0.8571428571428571,True,NOERROR,1,14400,1,2,True,False,0,26496,US,True,"NameSilo, LLC",2,365,True,0,False,False,False,benign,no_adverse_signal
itemsniper.com,2026-07-24,14,2.9219280948873623,0.0,0,0.6666666666666666,-6.952741176470589,low,0.5714,3,0.8,True,NOERROR,1,86400,1,4,True,False,1,13335,CA,True,"TUCOWS.COM, CO.",2,365,True,0,False,False,False,benign,no_adverse_signal
hdplasus1.top,2026-07-24,13,2.94770277922009,0.07692307692307693,0,0.3333333333333333,-7.67722,high,0.5556,4,0.8888888888888888,False,NOERROR,0,,0,2,False,False,0,,,,Dynadot LLC,2,365,True,,,False,,benign,no_adverse_signal
aniscope.net,2026-07-24,12,3.0,0.0,0,1.0,-6.422884615384616,low,0.6154,2,1.0,True,NOERROR,1,3600,2,4,True,False,1,8560,DE,True,IONOS SE,2,365,True,0,False,False,False,benign,no_adverse_signal
aspfiber.com,2026-07-24,12,3.0,0.0,0,0.6,-7.467184615384616,low,0.625,3,1.0,True,NOERROR,1,14400,1,2,True,False,0,394380,US,True,"GoDaddy.com, LLC",1,365,False,0,False,False,False,benign,no_adverse_signal
lamglobal.tech,2026-07-24,14,2.4193819456463714,0.0,0,0.5,-7.05194,low,0.7368,3,0.6666666666666666,True,NOERROR,2,35,0,4,False,False,0,,US,False,Porkbun LLC,2,365,False,0,False,False,,benign,no_adverse_signal
fourplus.net,2026-07-24,12,2.75,0.0,0,0.6,-7.0455538461538465,low,0.6154,3,0.875,True,NOERROR,2,3600,0,2,False,False,0,16509,US,True,"GoDaddy.com, LLC",2,365,False,22,False,False,,benign,no_adverse_signal
leduvel.mom,2026-07-24,11,2.2359263506290326,0.0,0,0.75,-7.5439727272727275,low,0.5455,1,0.7142857142857143,True,NOERROR,2,300,0,2,False,False,2,13335,US,False,Dynadot Inc,2,365,False,0,False,False,,benign,no_adverse_signal
137282830.com,2026-07-24,13,2.5032583347756456,0.6923076923076923,0,0.0,-10.864586666666666,low,0.3333,0,0.6666666666666666,False,timeout,0,,0,0,False,False,0,,,,Eranet International Limited,2,365,True,,,False,,benign,no_adverse_signal
swachhkal.com,2026-07-24,13,2.725480556997868,0.0,0,0.2857142857142857,-8.033393333333333,low,0.5882,4,0.7777777777777778,True,NOERROR,3,3600,0,2,False,False,0,58182,US,True,Wix.com Ltd.,2,365,False,22,False,False,,benign,no_adverse_signal
morvikindia.com,2026-07-24,15,3.027169118440619,0.0,0,0.8333333333333334,-6.641642105263158,low,0.6,2,0.8181818181818182,False,NOERROR,0,,1,2,False,False,0,,,,"Cloudflare, Inc.",2,1096,True,,,False,False,benign,no_adverse_signal
kodbey.com,2026-07-24,10,2.584962500721156,0.0,0,0.5,-8.012077777777778,low,0.5455,2,1.0,False,NOERROR,0,,0,2,False,False,0,,,,"Cloudflare, Inc.",2,365,True,,,False,,benign,no_adverse_signal
a3studio.co,2026-07-24,11,3.0,0.09090909090909091,0,1.3333333333333333,-8.144192307692308,low,0.7,2,1.0,True,NOERROR,2,3600,1,2,True,False,0,16509,US,True,Above.com Pty Ltd.,4,365,False,58,False,False,,malicious,abuseipdb
szjinglan.com,2026-07-24,13,2.94770277922009,0.0,0,0.2857142857142857,-7.587766666666667,low,0.6154,3,0.8888888888888888,False,NOERROR,0,,0,2,False,False,0,,,,Hongkong Kouming International Limited,2,365,False,,,False,,benign,no_adverse_signal
gghealthcare.pro,2026-07-24,16,2.9182958340544896,0.0,0,0.5,-7.06462380952381,low,0.6667,4,0.6666666666666666,True,NOERROR,1,50,2,2,True,False,0,47583,CY,False,,,,,31,False,False,False,benign,no_adverse_signal
veerkrachthub.online,2026-07-24,20,3.238901256602631,0.0,0,0.4444444444444444,-7.2675217391304345,medium,0.48,4,0.7692307692307693,True,NOERROR,2,300,0,2,False,False,2,13335,US,False,"Spaceship, Inc.",2,365,False,0,False,False,,benign,no_adverse_signal
bo-sporttery.com.cn,2026-07-24,19,3.084962500721156,0.0,1,0.375,-6.868004761904762,low,0.6,3,0.75,True,NOERROR,2,300,0,2,False,False,2,13335,US,False,Web Commerce Communications Limited,5,365,False,0,False,True,,malicious,spamhaus_dbl
silicium-holding.team,2026-07-24,21,3.375,0.0,1,0.6666666666666666,-7.2057379310344825,low,0.5,2,0.75,True,NOERROR,1,600,2,3,True,False,0,202108,DE,False,,,,,0,False,False,False,benign,no_adverse_signal
millenniumcollection.store,2026-07-24,26,3.046439344671015,0.0,0,0.6666666666666666,-6.705451351351352,low,0.5161,2,0.45,True,NOERROR,1,1181,1,2,True,False,0,133618,US,True,,,,False,7,False,False,False,benign,no_adverse_signal
omnipro3dws.com,2026-07-24,15,3.2776134368191165,0.06666666666666667,0,0.42857142857142855,-8.642352631578948,low,0.5263,3,0.9090909090909091,True,NOERROR,3,3600,0,2,False,False,0,58182,US,True,Wix.com Ltd.,2,365,False,17,False,False,,benign,no_adverse_signal
startsendfoundry.pro,2026-07-24,20,3.375,0.0,0,0.3333333333333333,-6.690499999999999,low,0.5833,4,0.6875,True,NOERROR,2,55,0,4,False,False,0,,US,False,,,,,0,False,False,,benign,no_adverse_signal
smythrescue.org,2026-07-24,15,3.0957952550009344,0.0,0,0.375,-7.484699999999999,low,0.5,6,0.8181818181818182,True,NOERROR,4,14400,0,4,True,False,0,53831,US,False,Squarespace Domains LLC,2,731,True,15,False,False,,benign,no_adverse_signal
armivia.de,2026-07-24,10,2.2359263506290326,0.0,0,1.3333333333333333,-7.162327272727273,low,0.6667,2,0.7142857142857143,True,NOERROR,1,1799,0,2,False,False,0,13335,CA,True,,,,False,0,False,False,,benign,no_adverse_signal
1stchoicemobilephlebotomistllc.com,2026-07-24,34,3.472905595320056,0.029411764705882353,0,0.5263157894736842,-7.186617543859649,low,0.3721,5,0.4,True,NOERROR,4,14400,1,4,True,False,0,53831,US,False,Squarespace Domains II LLC,2,365,True,15,False,False,False,benign,no_adverse_signal
amrdflh.xin,2026-07-24,11,2.807354922057604,0.0,0,0.16666666666666666,-8.80309090909091,low,0.4615,6,1.0,True,NOERROR,1,600,0,2,False,False,0,153911,CN,False,Alibaba Cloud Computing Ltd. d/b/a HiChina (www.net.cn),2,365,False,0,False,False,,benign,no_adverse_signal
livrenpoche.co,2026-07-24,14,3.277613436819116,0.0,0,0.5714285714285714,-7.075084210526316,low,0.5333,2,0.9090909090909091,True,NOERROR,1,300,0,2,False,False,0,396982,US,True,"Spaceship, Inc.",3,365,False,0,False,False,,benign,no_adverse_signal
mezeaudio.site,2026-07-24,14,2.94770277922009,0.0,0,2.0,-7.388566666666667,medium,0.5714,1,0.8888888888888888,True,NOERROR,1,3600,0,3,False,False,0,197720,TR,True,Turkticaret.net Yazılım Hizmetleri Sanayi ve Ticaret A.Ş.,2,365,False,0,False,False,,benign,no_adverse_signal
measuringwalker.com,2026-07-24,19,3.506890595608518,0.0,0,0.6666666666666666,-6.863829629629629,low,0.6087,3,0.8,True,NOERROR,2,600,0,2,False,False,0,16509,US,True,"GoDaddy.com, LLC",2,365,False,32,False,False,,benign,no_adverse_signal
chizhuomu.com,2026-07-24,13,2.725480556997868,0.0,0,0.8,-8.16004,low,0.4615,2,0.7777777777777778,False,timeout,0,,0,0,False,False,0,,,,Xin Net Technology Corporation,371,730,False,,,False,,benign,no_adverse_signal
color-kids.com.co,2026-07-24,17,3.121928094887362,0.0,1,0.5,-7.428011764705882,low,0.5882,2,0.9,True,NOERROR,1,7200,1,4,True,False,0,36454,US,False,Netregistry Wholesale Pty Ltd,3,365,False,0,False,False,False,benign,no_adverse_signal
56wib.app,2026-07-24,9,2.321928094887362,0.2222222222222222,0,0.5,-10.671328571428571,low,0.6,1,1.0,True,NOERROR,2,300,0,2,False,False,2,13335,US,False,,,,False,0,False,False,,benign,no_adverse_signal
pmdeliverynm.com,2026-07-24,16,3.2516291673878226,0.0,0,0.3333333333333333,-7.407695238095238,low,0.6667,4,0.8333333333333334,True,NOERROR,2,60,2,2,True,False,2,47583,LT,False,"HOSTINGER operations, UAB",2,731,False,0,False,False,False,benign,no_adverse_signal
suuns.app,2026-07-24,9,1.5219280948873621,0.0,0,0.6666666666666666,-8.181214285714287,low,0.6,2,0.6,True,NOERROR,1,1800,5,2,True,False,0,22612,US,False,,,,False,0,False,False,False,benign,no_adverse_signal
fixationfoods.com,2026-07-24,17,3.0269868333592873,0.0,0,0.8571428571428571,-7.015252173913043,low,0.4762,2,0.6923076923076923,True,NOERROR,2,3600,0,2,False,False,0,16509,US,True,"GoDaddy.com, LLC",2,731,False,22,False,False,,benign,no_adverse_signal
7starhd.day,2026-07-24,11,2.807354922057604,0.09090909090909091,0,0.2,-8.343145454545454,low,0.6667,3,1.0,True,NOERROR,2,300,0,2,False,False,2,13335,US,False,,,,,0,False,False,,benign,no_adverse_signal
kbadalian.ru,2026-07-24,12,2.6416041678685933,0.0,0,0.8,-6.710046666666667,low,0.5714,2,0.7777777777777778,True,NOERROR,1,86400,0,2,False,False,0,197695,RU,False,REGRU-RU,3,365,False,1,False,False,,benign,no_adverse_signal
crasin.shop,2026-07-24,11,2.584962500721156,0.0,0,0.5,-6.1110444444444445,low,0.6,2,1.0,True,NOERROR,1,300,0,2,False,False,0,206834,DE,False,,,,False,22,False,False,,benign,no_adverse_signal
sketchsteps.cloud,2026-07-24,17,2.663532754804255,0.0,0,0.2222222222222222,-6.996494736842106,low,0.5263,5,0.6363636363636364,False,timeout,0,,0,0,False,False,0,,,,P.A. Viet Nam Company Limited,2,365,True,,,False,,benign,no_adverse_signal
t65eu.top,2026-07-24,9,2.321928094887362,0.2222222222222222,0,2.0,-11.578728571428572,high,0.6667,1,1.0,True,NOERROR,3,15,0,0,False,True,0,54801,SC,False,GoDaddy.com,2,365,True,0,False,False,,benign,no_adverse_signal
corestoner.xyz,2026-07-24,14,2.721928094887362,0.0,0,0.6666666666666666,-5.631588235294117,high,0.625,2,0.7,False,NOERROR,0,,0,2,False,False,0,,,,Hosting Concepts B.V. d/b/a Registrar.eu,2,365,True,,,False,,benign,no_adverse_signal
marvotexa.online,2026-07-24,16,2.94770277922009,0.0,0,0.8,-7.0800600000000005,medium,0.6316,2,0.8888888888888888,False,NOERROR,0,,0,2,False,False,0,,,,"NameSilo, LLC",2,365,True,,,False,,benign,no_adverse_signal
njcuesportscoaching.com,2026-07-24,23,3.6818808028034016,0.0,0,0.46153846153846156,-6.994028571428571,low,0.4667,4,0.7368421052631579,True,NOERROR,2,600,0,2,False,False,0,16509,US,True,"GoDaddy.com, LLC",1,365,False,32,False,False,,benign,no_adverse_signal
pedalsox.com,2026-07-24,12,3.0,0.0,0,0.6,-7.371553846153845,low,0.5333,2,1.0,True,NOERROR,2,600,0,2,False,False,0,16509,US,True,"GoDaddy.com, LLC",2,365,False,32,False,False,,benign,no_adverse_signal
sovyal.pro,2026-07-24,10,2.584962500721156,0.0,0,0.5,-8.213233333333333,low,0.5,2,1.0,True,NOERROR,2,600,0,2,False,False,0,16509,US,True,,,,,32,False,False,,benign,no_adverse_signal
veemoonshop.shop,2026-07-24,16,2.845350936622437,0.0,0,0.8333333333333334,-6.755226315789474,low,0.5,3,0.7272727272727273,True,NOERROR,1,3600,1,2,True,False,0,133618,AU,True,,,,False,0,False,False,False,benign,no_adverse_signal
yaylayazgelsin.xyz,2026-07-24,18,2.9852281360342525,0.0,0,0.5555555555555556,-7.827103999999999,high,0.5217,2,0.6428571428571429,True,NOERROR,2,3600,1,2,True,False,0,16509,US,True,"GMO Internet, Inc.",2,365,True,27,False,False,,benign,no_adverse_signal
taskapi.cloud,2026-07-24,13,2.5216406363433186,0.0,0,0.75,-6.899699999999999,low,0.6154,2,0.8571428571428571,True,NOERROR,1,3600,1,2,True,False,0,133618,AU,True,GoDaddy,2,365,False,0,False,False,False,benign,no_adverse_signal
izgotovlenie-valov.ru,2026-07-24,21,3.30827083453526,0.0,1,0.8888888888888888,-7.926996969696969,low,0.5517,2,0.6111111111111112,True,NOERROR,1,600,2,4,True,False,1,9123,RU,True,TIMEWEB-RU,2,365,False,0,False,False,False,benign,no_adverse_signal
degym.shop,2026-07-24,10,2.321928094887362,0.0,0,0.25,-8.10287142857143,low,0.5455,3,1.0,False,NOERROR,0,,0,2,False,False,0,,,,,,,False,,,False,,benign,no_adverse_signal
rachelfranklinphotography.com,2026-07-24,29,3.7532696895151076,0.0,0,0.3888888888888889,-6.959655319148935,low,0.4324,3,0.6,True,NOERROR,4,14400,0,4,True,False,0,53831,US,False,Squarespace Domains LLC,2,731,True,15,False,False,,benign,no_adverse_signal
