domain,date_collected,domain_length,shannon_entropy,digit_ratio,hyphen_count,vowel_consonant_ratio,ngram_score,tld_risk_category,typosquatting_similarity,longest_consonant_run,unique_char_ratio,resolves_flag,rcode,num_a_records,min_ttl,mx_count,num_ns,has_spf,cname_present,num_aaaa_records,asn,geo_country,ptr_present,registrar,domain_age_days,registration_duration_days,privacy_protection_flag,abuseipdb_score,spamhaus_zen_listed,spamhaus_dbl_listed,mx_spamhaus_zen_listed,label,label_reason
campblackbear.org,2026-07-08,17,3.0269868333592873,0.0,0,0.4444444444444444,-7.222904347826087,low,0.5263,4,0.6923076923076923,True,NOERROR,2,600,0,2,False,False,0,16509,US,True,"GoDaddy.com, LLC",2,1096,False,37,False,False,,benign,no_adverse_signal
beallstudio.com,2026-07-08,15,3.277613436819116,0.0,0,0.8333333333333334,-6.625626315789473,low,0.6957,4,0.9090909090909091,True,NOERROR,1,1799,5,2,True,False,1,209242,US,False,NAMECHEAP INC,2,365,True,0,False,False,False,benign,no_adverse_signal
topubosvuru.store,2026-07-08,17,2.845350936622437,0.0,0,0.8333333333333334,-7.923100000000001,low,0.4706,2,0.7272727272727273,True,NOERROR,1,1799,5,2,True,False,0,200019,BG,True,,,,False,0,False,False,False,benign,no_adverse_signal
auntiedscleaning.com,2026-07-08,20,3.327819531114783,0.0,0,0.7777777777777778,-6.6283724137931035,low,0.4571,4,0.6875,True,NOERROR,1,300,1,4,False,False,0,13335,DE,True,"Name.com, Inc.",2,365,True,36,False,False,False,benign,no_adverse_signal
hnjqlaw.com,2026-07-08,11,2.807354922057604,0.0,0,0.16666666666666666,-10.081772727272728,low,0.4615,5,1.0,False,NOERROR,0,,0,2,False,False,0,,,,"Megazone Corp., dba HOSTING.KR",2,365,False,,,False,,benign,no_adverse_signal
avmevent.com,2026-07-08,12,2.5,0.0,0,0.6,-7.239546153846153,low,0.5556,2,0.75,False,SERVFAIL,0,,0,0,False,False,0,,,,ODTU Gelistirme Vakfi Bilgi Teknolojileri Sanayi Ve Ticaret Anonim Sirketi,2,365,True,,,False,,benign,no_adverse_signal
ecinsigorta.com,2026-07-08,15,3.277613436819116,0.0,0,0.8333333333333334,-6.505126315789473,low,0.5217,2,0.9090909090909091,False,SERVFAIL,0,,0,0,False,False,0,,,,ODTU Gelistirme Vakfi Bilgi Teknolojileri Sanayi Ve Ticaret Anonim Sirketi,2,365,True,,,False,,benign,no_adverse_signal
60pg0237.cc,2026-07-08,11,2.75,0.5454545454545454,0,0.0,-11.052515384615386,low,0.3636,2,0.875,False,NOERROR,0,,0,2,False,False,0,,,,Gname.com Pte. Ltd.,3,365,True,,,False,,benign,no_adverse_signal
lovettmobilenotaryllc.com,2026-07-08,25,3.4632805178108104,0.0,0,0.5,-7.055684615384615,low,0.4848,5,0.6190476190476191,True,NOERROR,2,300,0,2,False,False,2,13335,US,False,"Spaceship, Inc.",2,365,False,0,False,False,,benign,no_adverse_signal
bacgame.life,2026-07-08,12,2.5216406363433186,0.0,0,0.75,-6.9893,low,0.625,2,0.8571428571428571,True,NOERROR,2,300,0,2,False,False,2,13335,US,False,,,,False,0,False,False,,benign,no_adverse_signal
trawa.fit,2026-07-08,9,1.9219280948873623,0.0,0,0.6666666666666666,-6.544328571428571,low,0.5455,2,0.8,True,NOERROR,1,600,0,4,False,False,0,16509,US,False,Porkbun,2,731,True,0,False,False,,benign,no_adverse_signal
peak-boost-winonline.click,2026-07-08,26,3.5464393446710156,0.0,2,0.8,-6.998308108108109,medium,0.5714,2,0.65,False,NOERROR,0,,0,2,False,False,0,,,,DYNADOT LLC,2,365,True,,,False,,benign,no_adverse_signal
55yaq.top,2026-07-08,9,1.9219280948873623,0.2222222222222222,0,0.5,-11.41772857142857,high,0.4,1,0.8,True,NOERROR,3,15,0,0,False,True,0,133199,HK,False,"GoDaddy.com, LLC",2,365,True,0,False,False,,benign,no_adverse_signal
slothoke490.live,2026-07-08,16,3.277613436819116,0.1875,0,0.6,-8.445910526315789,low,0.4444,2,0.9090909090909091,True,NOERROR,2,300,0,2,False,False,2,13335,US,False,,,,False,0,False,False,,benign,no_adverse_signal
t643045.cc,2026-07-08,10,2.5216406363433186,0.6,0,0.0,-11.615663636363637,low,0.4,1,0.8571428571428571,False,NOERROR,0,,0,2,False,False,0,,,,Gname.com Pte. Ltd.,2,365,True,,,False,,benign,no_adverse_signal
sbsclickathon100.info,2026-07-08,21,3.625,0.14285714285714285,0,0.3,-7.504231034482759,medium,0.4444,5,0.8125,True,NOERROR,2,300,0,2,False,False,2,13335,US,False,,,,,0,False,False,,benign,no_adverse_signal
celesteserine.com,2026-07-08,17,2.6535442970305683,0.0,0,0.8571428571428571,-5.785982608695652,low,0.5833,2,0.6153846153846154,True,NOERROR,2,3600,0,2,False,False,0,16509,US,True,"GoDaddy.com, LLC",2,365,True,23,False,False,,benign,no_adverse_signal
repopilot.xyz,2026-07-08,13,2.725480556997868,0.0,0,0.8,-6.790373333333333,high,0.6316,1,0.7777777777777778,True,NOERROR,2,3600,1,2,True,False,0,16509,US,True,"GMO Internet, Inc.",2,365,True,28,False,False,,benign,no_adverse_signal
dimex-france.com,2026-07-08,16,3.418295834054489,0.0,1,0.5714285714285714,-7.14317619047619,low,0.5455,2,0.9166666666666666,True,NOERROR,1,3600,2,4,True,False,0,16276,FR,False,IONOS SE,2,365,True,0,False,False,False,benign,no_adverse_signal
edge-gtch02.live,2026-07-08,16,3.0957952550009344,0.125,1,0.3333333333333333,-8.996942105263159,low,0.5556,4,0.8181818181818182,True,NOERROR,1,300,0,2,False,False,0,,SC,False,,,,False,0,False,False,,benign,no_adverse_signal
syspapp.cc,2026-07-08,10,1.8423709931771084,0.0,0,0.16666666666666666,-6.965381818181819,low,0.5333,4,0.5714285714285714,True,NOERROR,1,1,0,2,False,True,0,40065,US,False,"NameSilo, LLC",5,365,True,0,False,False,,benign,no_adverse_signal
airconfresh.com,2026-07-08,15,3.277613436819116,0.0,0,0.5714285714285714,-6.630463157894737,low,0.5263,3,0.9090909090909091,False,NOERROR,0,,0,2,False,False,0,,,,"GoDaddy.com, LLC",2,365,True,,,False,,benign,no_adverse_signal
moneyhub-fezobudagop.click,2026-07-08,26,3.7841837197791888,0.0,1,0.7272727272727273,-8.07038108108108,medium,0.4848,2,0.75,True,NOERROR,2,300,0,2,False,False,2,13335,US,False,DYNADOT LLC,2,365,True,0,False,False,,benign,no_adverse_signal
bhc.network,2026-07-08,11,1.584962500721156,0.0,0,0.0,-9.8607,low,0.6667,3,1.0,False,NOERROR,0,,0,2,False,False,0,,,,,,,,,,False,,benign,no_adverse_signal
swiftblademedia.co.uk,2026-07-08,21,3.373557262275186,0.0,0,0.6666666666666666,-6.964525925925926,low,0.6154,4,0.7333333333333333,True,NOERROR,1,3600,2,4,True,False,1,8560,DE,True,Ionos SE [Tag = 1AND1],4,365,False,0,False,False,False,benign,no_adverse_signal
danholliday.com,2026-07-08,15,2.9139770731827523,0.0,0,0.5714285714285714,-6.792184210526316,low,0.5556,2,0.7272727272727273,True,NOERROR,2,600,0,2,False,False,0,16509,US,True,"GoDaddy.com, LLC",2,365,True,37,False,False,,benign,no_adverse_signal
stagmortgage.com,2026-07-08,16,2.8553885422075336,0.0,0,0.5,-6.981633333333333,low,0.5833,3,0.6666666666666666,True,NOERROR,1,600,0,2,False,False,0,134548,HK,False,"GMO Internet, Inc.",2,365,True,0,False,False,,benign,no_adverse_signal
itsnotagameclothing.com,2026-07-08,23,3.4713544870139286,0.0,0,0.5833333333333334,-6.582774285714286,low,0.5,3,0.631578947368421,True,NOERROR,1,86400,0,4,False,False,1,13335,CA,True,"TUCOWS.COM, CO.",2,365,True,0,False,False,,benign,no_adverse_signal
brtkrb293.vip,2026-07-08,13,2.725480556997868,0.23076923076923078,0,0.0,-9.907593333333333,low,0.4,6,0.7777777777777778,True,NOERROR,1,60,0,2,False,True,0,38186,HK,True,DYNADOT LLC,2,365,True,0,True,True,,malicious,spamhaus_zen
slashfeed.xyz,2026-07-08,13,2.725480556997868,0.0,0,0.5,-7.445193333333334,high,0.5882,3,0.7777777777777778,True,NOERROR,2,3600,1,2,True,False,0,16509,US,True,"GMO Internet, Inc.",2,365,True,28,False,False,,benign,no_adverse_signal
churtex.net,2026-07-08,11,2.807354922057604,0.0,0,0.4,-6.974054545454546,low,0.6154,2,1.0,False,NOERROR,0,,0,2,False,False,0,,,,"Cloudflare, Inc.",2,365,True,,,False,,benign,no_adverse_signal
alohacustomconstruction.com,2026-07-08,27,3.414441303694973,0.0,0,0.6428571428571429,-6.732095348837209,low,0.5116,4,0.5217391304347826,True,NOERROR,1,1800,2,2,True,False,0,22612,US,False,NAMECHEAP INC,2,365,True,0,False,False,False,benign,no_adverse_signal
lidauction.com,2026-07-08,14,3.121928094887362,0.0,0,1.0,-6.742388235294118,low,0.5714,2,0.9,True,NOERROR,2,600,0,2,False,False,0,16509,US,True,"GoDaddy.com, LLC",3,731,True,37,False,False,,benign,no_adverse_signal
firmin.pro,2026-07-08,10,2.2516291673878226,0.0,0,0.5,-6.857188888888889,low,0.6154,2,0.8333333333333334,True,NOERROR,1,14400,0,2,False,False,0,12876,FR,True,,,,,0,False,False,,benign,no_adverse_signal
makmur76kprg.site,2026-07-08,17,3.0849625007211556,0.11764705882352941,0,0.25,-9.718261904761906,medium,0.4,4,0.75,True,NOERROR,2,300,0,2,False,False,2,13335,US,False,NAMECHEAP INC,2,365,True,0,False,False,,benign,no_adverse_signal
trubellstrategygroup.com,2026-07-08,24,3.446439344671015,0.0,0,0.42857142857142855,-6.9331,low,0.4375,5,0.6,True,NOERROR,4,14400,5,4,True,False,0,53831,US,False,Squarespace Domains II LLC,2941,3287,True,28,False,False,False,benign,no_adverse_signal
fuorileggedesign.com,2026-07-08,20,3.2806390622295662,0.0,0,0.7777777777777778,-7.387420689655172,low,0.4545,2,0.6875,True,NOERROR,2,600,0,2,False,False,0,16509,US,True,"GoDaddy.com, LLC",2,1096,False,37,False,False,,benign,no_adverse_signal
bolsasfoxpb.com.br,2026-07-08,18,2.9139770731827523,0.0,0,0.375,-8.147247368421052,low,0.4762,3,0.7272727272727273,True,NOERROR,2,300,0,2,False,False,2,13335,SE,True,,4,365,False,0,False,False,,benign,no_adverse_signal
xrputt.com,2026-07-08,10,2.2516291673878226,0.0,0,0.2,-8.550444444444445,low,0.6,3,0.8333333333333334,True,NOERROR,2,1800,0,2,False,False,0,16509,US,False,"Name.com, Inc.",2,365,True,0,False,False,,benign,no_adverse_signal
feemanager.xyz,2026-07-08,14,2.6464393446710153,0.0,0,1.0,-6.437029411764706,high,0.6667,1,0.7,True,NOERROR,2,3600,1,2,True,False,0,16509,US,True,"GMO Internet, Inc.",2,365,True,28,False,False,,benign,no_adverse_signal
samdevtools.com,2026-07-08,15,3.0957952550009344,0.0,0,0.5714285714285714,-7.561494736842104,low,0.5,2,0.8181818181818182,False,NOERROR,0,,0,2,False,False,0,,,,"Cloudflare, Inc.",2,365,True,,,False,,benign,no_adverse_signal
newbirthchurch.net,2026-07-08,18,3.1820058147602133,0.0,0,0.2727272727272727,-7.47934,low,0.5,5,0.7142857142857143,True,NOERROR,1,3600,1,2,True,False,0,58182,US,True,"GoDaddy.com, LLC",2,1096,True,19,False,False,False,benign,no_adverse_signal
9421712363294.sbs,2026-07-08,17,2.7192945256669794,0.7647058823529411,0,0.0,-10.834173913043479,low,0.375,0,0.5384615384615384,False,NOERROR,0,,0,2,False,False,0,,,,Global Domain Group LLC,2,365,False,,,False,,benign,no_adverse_signal
btsov.shop,2026-07-08,10,2.321928094887362,0.0,0,0.25,-7.986914285714286,low,0.5,3,1.0,False,NOERROR,0,,0,2,False,False,0,,,,,,,False,,,False,,benign,no_adverse_signal
fam.digital,2026-07-08,11,1.584962500721156,0.0,0,0.5,-6.684833333333334,low,0.6667,1,1.0,True,NOERROR,1,1800,5,2,True,False,0,22612,US,False,,,,,0,False,False,False,benign,no_adverse_signal
kfk.buzz,2026-07-08,8,0.9182958340544896,0.0,0,0.0,-10.424033333333334,high,0.4444,3,0.6666666666666666,True,NOERROR,2,300,0,2,False,False,2,13335,US,False,"Spaceship, Inc.",2,365,False,0,False,False,,benign,no_adverse_signal
su79s4y.xyz,2026-07-08,11,2.5216406363433186,0.2727272727272727,0,0.3333333333333333,-12.180136363636365,high,0.4,1,0.8571428571428571,True,NOERROR,2,600,0,2,False,False,0,16509,US,True,"GoDaddy.com, LLC",2,365,True,37,False,False,,benign,no_adverse_signal
thrvco.com,2026-07-08,10,2.584962500721156,0.0,0,0.2,-8.7813,low,0.5714,5,1.0,False,NOERROR,0,,2,3,True,False,0,,,,Webcentral Group Ltd,2,365,True,,,False,False,benign,no_adverse_signal
peptialliance.com,2026-07-08,17,2.931208948910323,0.0,0,0.8571428571428571,-6.5842217391304345,low,0.5,2,0.6153846153846154,True,NOERROR,2,3600,1,2,True,False,0,16509,US,True,"Gransy, s.r.o.",2,365,False,66,False,False,,malicious,abuseipdb
52380.bid,2026-07-08,9,2.321928094887362,0.5555555555555556,0,0.0,-10.894842857142859,low,0.5,0,1.0,True,NOERROR,3,600,0,2,False,True,0,8075,JP,False,,,,False,0,False,False,,benign,no_adverse_signal
pepteevaforcats.com,2026-07-08,19,3.1898980954642866,0.0,0,0.6666666666666666,-7.28442962962963,low,0.4545,2,0.6666666666666666,True,NOERROR,2,600,0,2,False,False,0,16509,US,True,"GoDaddy.com, LLC",2,365,True,37,False,False,,benign,no_adverse_signal
squadlock.xyz,2026-07-08,13,3.169925001442312,0.0,0,0.5,-7.5460400000000005,high,0.5882,2,1.0,True,NOERROR,2,3600,1,2,True,False,0,16509,US,True,"GMO Internet, Inc.",2,365,True,28,False,False,,benign,no_adverse_signal
gault-rudy.com,2026-07-08,14,3.121928094887362,0.0,1,0.5,-8.06594705882353,low,0.5556,2,0.9,True,NOERROR,1,300,1,2,True,False,1,210403,FR,False,LWS dba Ligne Web Services,2,365,False,0,False,False,False,benign,no_adverse_signal
ecosmartcitynepal.com,2026-07-08,21,3.6168746059562227,0.0,0,0.5454545454545454,-6.807783870967742,low,0.5,3,0.7647058823529411,True,NOERROR,1,7200,1,2,True,False,0,204800,SG,True,"GoDaddy.com, LLC",2,365,True,0,False,False,False,benign,no_adverse_signal
mistercivfrance.com,2026-07-08,19,3.373557262275185,0.0,0,0.5,-6.8918740740740745,low,0.5185,3,0.7333333333333333,True,NOERROR,1,3600,1,2,True,False,0,133618,AU,True,CommuniGal Communication Ltd.,2,365,False,0,False,False,False,benign,no_adverse_signal
arizonahealthandlife.com,2026-07-08,24,3.421928094887362,0.0,0,0.8181818181818182,-6.822335135135135,low,0.4615,3,0.6,True,NOERROR,2,600,0,2,False,False,0,16509,US,True,"GoDaddy.com, LLC",2,365,True,37,False,False,,benign,no_adverse_signal
teammarcus.co.uk,2026-07-08,16,2.9219280948873623,0.0,0,0.6666666666666666,-6.778641176470589,low,0.5714,2,0.8,True,NOERROR,1,86400,1,4,True,False,1,13335,CA,True,Tucows Inc t/a Tucows [Tag = TUCOWS-CA],4,365,False,0,False,False,False,benign,no_adverse_signal
xkqrx-7svjd-doruhr.work,2026-07-08,23,3.572431251322119,0.043478260869565216,2,0.15384615384615385,-10.616518181818181,low,0.3333,5,0.7222222222222222,True,NOERROR,2,600,0,2,False,False,0,16509,US,True,"GoDaddy.com, LLC",2,365,True,37,False,False,,benign,no_adverse_signal
binq.cc,2026-07-08,7,2.0,0.0,0,0.3333333333333333,-7.68314,low,0.75,2,1.0,True,NOERROR,1,1800,0,2,False,False,0,12876,FR,True,"Spaceship, Inc.",3,365,False,0,False,False,,benign,no_adverse_signal
jae8.top,2026-07-08,8,2.0,0.125,0,2.0,-9.99568,high,0.5,1,1.0,True,NOERROR,3,15,0,0,False,True,0,133199,HK,False,"GoDaddy.com, LLC",2,365,True,0,False,False,,benign,no_adverse_signal
mrwiskers.com,2026-07-08,13,2.725480556997868,0.0,0,0.2857142857142857,-7.491813333333334,low,0.625,3,0.7777777777777778,True,NOERROR,1,86400,0,2,False,False,0,16509,US,True,"TUCOWS.COM, CO.",371,730,True,0,False,False,,benign,no_adverse_signal
mowdtxgl.shop,2026-07-08,13,3.0,0.0,0,0.14285714285714285,-9.670015384615384,low,0.4444,6,1.0,True,NOERROR,2,300,0,2,False,False,2,13335,US,False,,,,False,0,False,False,,benign,no_adverse_signal
goldenpathwaysinvestments.com,2026-07-08,29,3.8030741894285685,0.0,0,0.3888888888888889,-6.847336170212766,low,0.4286,3,0.64,True,NOERROR,1,3600,3,2,True,False,0,209242,US,True,"GoDaddy.com, LLC",2,365,True,0,False,False,False,benign,no_adverse_signal
89lslot.com,2026-07-08,11,2.5216406363433186,0.18181818181818182,0,0.25,-9.280727272727274,low,0.4706,3,0.8571428571428571,True,NOERROR,2,300,0,2,False,False,2,13335,US,False,Dominet (HK) Limited,2,365,False,0,False,False,,benign,no_adverse_signal
secwyn.com,2026-07-08,10,2.584962500721156,0.0,0,0.2,-8.786988888888889,low,0.5455,4,1.0,True,NOERROR,1,3600,2,2,True,False,0,16509,US,False,"Spaceship, Inc.",2,365,False,0,False,False,False,benign,no_adverse_signal
ekaterinamarama.tech,2026-07-08,20,2.732914563979398,0.0,0,1.1428571428571428,-6.071207407407407,low,0.5,1,0.5333333333333333,True,NOERROR,1,600,2,4,True,False,0,62082,RU,True,"Regional Network Information Center, JSC dba RU-CENTER",2,365,True,0,False,False,False,benign,no_adverse_signal
ux49bga7.top,2026-07-08,12,3.0,0.25,0,0.6666666666666666,-11.297915384615386,high,0.4,2,1.0,True,NOERROR,5,60,0,2,False,True,0,40065,US,False,Dominet (HK) Limited,2,365,True,0,False,False,,benign,no_adverse_signal
lukafalkland.com,2026-07-08,16,2.625814583693911,0.0,0,0.5,-7.596609523809524,low,0.5,3,0.5833333333333334,True,NOERROR,2,3600,0,2,False,False,0,16509,US,True,"GoDaddy.com, LLC",2,365,True,23,False,False,,benign,no_adverse_signal
olgafitbody.com,2026-07-08,15,3.2776134368191165,0.0,0,0.5714285714285714,-7.805515789473684,low,0.5556,2,0.9090909090909091,True,NOERROR,1,3600,0,3,False,False,0,5517,DE,True,CSL Computer Service Langenbach GmbH d/b/a joker.com,2,1096,False,0,False,False,,benign,no_adverse_signal
electricempire.shop,2026-07-08,19,2.8073549220576046,0.0,0,0.75,-6.5180679999999995,low,0.5455,3,0.5714285714285714,True,NOERROR,1,1800,2,2,True,False,1,47583,US,False,,,,False,0,False,False,False,benign,no_adverse_signal
flyexpresslogistic.live,2026-07-08,23,3.5724312513221195,0.0,0,0.38461538461538464,-6.769175757575757,low,0.5714,3,0.7222222222222222,True,NOERROR,1,14400,1,2,True,False,0,19318,US,True,,,,False,0,False,False,False,benign,no_adverse_signal
infilter.xyz,2026-07-08,12,2.75,0.0,0,0.6,-6.509715384615385,high,0.6154,2,0.875,True,NOERROR,2,3600,1,2,True,False,0,16509,US,True,"GMO Internet, Inc.",2,365,True,28,False,False,,benign,no_adverse_signal
attitudesbismarck.com,2026-07-08,21,3.454822399946607,0.0,0,0.5454545454545454,-6.934658064516129,low,0.48,3,0.7058823529411765,False,NOERROR,0,,0,2,False,False,0,,,,Dominet (HK) Limited,2,365,False,,,False,,benign,no_adverse_signal
griffnode.com,2026-07-08,13,2.94770277922009,0.0,0,0.5,-7.829893333333333,low,0.5333,3,0.8888888888888888,True,NOERROR,2,300,1,2,True,False,2,13335,US,False,NAMECHEAP INC,2,365,True,0,False,False,False,benign,no_adverse_signal
yorventaria-highwave.quest,2026-07-08,26,3.5841837197791886,0.0,1,0.7272727272727273,-7.211621621621621,low,0.4667,3,0.65,True,NOERROR,2,300,0,2,False,False,2,13335,US,False,DYNADOT LLC,2,365,False,0,False,False,,benign,no_adverse_signal
golfthecard.com,2026-07-08,15,3.459431618637298,0.0,0,0.375,-6.980484210526316,low,0.5455,4,1.0,True,NOERROR,2,300,3,2,True,False,0,16509,US,False,"Cloudflare, Inc.",2,365,True,0,False,False,False,benign,no_adverse_signal
linkme.design,2026-07-08,13,2.584962500721156,0.0,0,0.5,-6.7693111111111115,low,0.8,3,1.0,True,NOERROR,1,1800,5,2,True,False,0,22612,US,False,http://www.namecheap.com,2,365,True,0,False,False,False,benign,no_adverse_signal
moneyhub-uqigofuyete.click,2026-07-08,26,3.6464393446710153,0.0,1,0.9,-8.382402702702702,medium,0.375,2,0.7,True,NOERROR,2,300,0,2,False,False,2,13335,US,False,DYNADOT LLC,2,365,True,0,False,False,,benign,no_adverse_signal
tatianochka.com,2026-07-08,15,2.845350936622437,0.0,0,0.8333333333333334,-6.883452631578947,low,0.5882,3,0.7272727272727273,True,NOERROR,1,14400,3,2,True,False,0,22612,NL,True,NAMECHEAP INC,2,365,False,0,False,False,False,benign,no_adverse_signal
tpsverify.xyz,2026-07-08,13,3.169925001442312,0.0,0,0.2857142857142857,-7.537459999999999,high,0.5714,4,1.0,True,NOERROR,2,3600,1,2,True,False,0,16509,US,True,"GMO Internet, Inc.",2,365,True,28,False,False,,benign,no_adverse_signal
saivmholdings.online,2026-07-08,20,3.3927474104487847,0.0,0,0.4444444444444444,-7.508373913043478,medium,0.5,3,0.8461538461538461,True,NOERROR,1,300,0,2,False,False,0,40034,VG,False,"NETWORK SOLUTIONS, LLC.",3,365,False,31,False,False,,benign,no_adverse_signal
groundedsinger.com,2026-07-08,18,3.09306920777189,0.0,0,0.5555555555555556,-6.407488,low,0.5455,2,0.6428571428571429,True,NOERROR,1,3600,2,4,True,False,0,13335,US,False,IONOS SE,2,365,True,0,False,False,False,benign,no_adverse_signal
crowtherlingoql.com,2026-07-08,19,3.5068905956085183,0.0,0,0.36363636363636365,-7.42805925925926,low,0.5217,3,0.8,False,NOERROR,0,,0,2,False,False,0,,,,"Cloudflare, Inc.",3,365,True,,,False,,benign,no_adverse_signal
jeswin.online,2026-07-08,13,2.584962500721156,0.0,0,0.5,-7.2257444444444445,medium,0.6,2,1.0,True,NOERROR,1,1800,2,2,True,False,1,47583,IN,False,"GoDaddy.com, LLC",2,365,False,0,False,False,False,benign,no_adverse_signal
stolarstvivlcek.org,2026-07-08,19,3.373557262275185,0.0,0,0.36363636363636365,-7.557744444444444,low,0.5714,4,0.7333333333333333,True,NOERROR,1,3600,2,3,False,False,1,60606,CZ,True,"Gransy, s.r.o.",2,365,False,4,False,False,False,benign,no_adverse_signal
bifenku.cn,2026-07-08,10,2.807354922057604,0.0,0,0.75,-7.607018181818182,low,0.6154,2,1.0,True,NOERROR,2,300,0,2,False,False,2,13335,US,False,商中在线科技股份有限公司,3,365,False,0,False,False,,benign,no_adverse_signal
zyszcsz.com,2026-07-08,11,1.8423709931771084,0.0,0,0.0,-10.313027272727272,low,0.4,7,0.5714285714285714,False,NOERROR,0,,0,2,False,False,0,,,,TuringSign Inc. d/b/a Cosmotown,2,365,False,,,False,,benign,no_adverse_signal
hashrunner.xyz,2026-07-08,14,2.7219280948873625,0.0,0,0.42857142857142855,-7.006947058823529,high,0.5556,3,0.7,True,NOERROR,2,3600,1,2,True,False,0,16509,US,True,"GMO Internet, Inc.",2,365,True,28,False,False,,benign,no_adverse_signal
5b3x5gni7x3g5.shop,2026-07-08,18,2.873140679513133,0.3333333333333333,0,0.16666666666666666,-12.056195652173914,low,0.4211,2,0.6153846153846154,True,NOERROR,1,300,0,2,False,False,0,197695,RU,True,,,,False,0,False,False,,benign,no_adverse_signal
kapjeminus.fr,2026-07-08,13,3.321928094887362,0.0,0,0.6666666666666666,-7.859323529411764,low,0.5263,2,1.0,True,NOERROR,4,60,0,4,False,False,8,16509,US,True,GANDI,1,364,False,0,False,False,,benign,no_adverse_signal
novastamp.xyz,2026-07-08,13,2.94770277922009,0.0,0,0.5,-6.527893333333334,high,0.6154,2,0.8888888888888888,True,NOERROR,2,3600,1,2,True,False,0,16509,US,True,"GMO Internet, Inc.",2,365,True,28,False,False,,benign,no_adverse_signal
plasticsurgeryofgeorgia.com,2026-07-08,27,3.6753108689123644,0.0,0,0.6428571428571429,-7.163632558139535,low,0.4118,2,0.6086956521739131,False,NOERROR,0,,0,2,False,False,0,,,,"Network Solutions, LLC",2,365,True,,,False,,benign,no_adverse_signal
game-8xf.com,2026-07-08,12,3.0,0.08333333333333333,1,0.5,-9.170646153846153,low,0.5,2,1.0,True,NOERROR,2,300,0,2,False,False,2,13335,US,False,"22net, Inc.",2,365,False,0,False,False,,benign,no_adverse_signal
tryagara.co,2026-07-08,11,2.1556390622295662,0.0,0,0.6,-6.923930769230769,low,0.5882,3,0.625,True,NOERROR,2,3600,0,2,False,False,0,16509,US,True,"GoDaddy.com, LLC",3,365,True,48,False,False,,benign,no_adverse_signal
whatstyle.xyz,2026-07-08,13,2.94770277922009,0.0,0,0.2857142857142857,-7.11858,high,0.5882,5,0.8888888888888888,True,NOERROR,2,3600,1,2,True,False,0,16509,US,True,"GMO Internet, Inc.",2,365,True,28,False,False,,benign,no_adverse_signal
coremalware6.com,2026-07-08,16,3.084962500721156,0.0625,0,0.8333333333333334,-7.127080952380952,low,0.5455,2,0.75,True,NOERROR,1,14400,1,2,True,False,0,149020,SG,True,NAMECHEAP INC,2,365,True,0,False,False,False,benign,no_adverse_signal
nanamouskouri.info,2026-07-08,18,3.0850551027564768,0.0,0,1.1666666666666667,-6.807126086956521,medium,0.4848,2,0.6923076923076923,True,NOERROR,1,1800,0,2,False,False,0,61053,LT,False,,,,,0,False,False,,benign,no_adverse_signal
lentomimarlik.online,2026-07-08,20,3.238901256602631,0.0,0,0.625,-6.527460869565217,medium,0.4828,2,0.7692307692307693,True,NOERROR,1,3600,0,2,True,False,0,34619,TR,True,Nics Telekomunikasyon A.S.,2,365,True,2,False,False,,benign,no_adverse_signal
ailesalonu.com,2026-07-08,14,2.9219280948873623,0.0,0,1.5,-6.4774,low,0.5,1,0.8,True,NOERROR,1,3600,0,2,True,False,0,34619,TR,True,Nics Telekomunikasyon A.S.,2,365,True,2,False,False,,benign,no_adverse_signal
kk2820g.app,2026-07-08,11,2.2359263506290326,0.36363636363636365,0,0.0,-11.833772727272729,low,0.3636,2,0.7142857142857143,True,NOERROR,1,300,0,2,False,False,1,,,False,,,,False,0,False,False,,benign,no_adverse_signal
zuwffj23.top,2026-07-08,12,2.75,0.16666666666666666,0,0.2,-11.189484615384616,high,0.4,4,0.875,True,NOERROR,5,60,0,2,False,True,0,40065,US,False,Dominet (HK) Limited,2,365,True,0,False,False,,benign,no_adverse_signal
kaiakingston.com,2026-07-08,16,2.9182958340544896,0.0,0,0.7142857142857143,-6.752938095238095,low,0.5385,4,0.6666666666666666,True,NOERROR,2,3600,0,2,False,False,0,16509,US,True,"GoDaddy.com, LLC",2,1096,True,23,False,False,,benign,no_adverse_signal
horseridergear.com,2026-07-08,18,2.8962915290459286,0.0,0,0.75,-6.325992,low,0.5,2,0.6428571428571429,True,NOERROR,2,10800,0,2,True,False,2,14618,US,True,DropCatch.com 1364 LLC,2,365,False,0,False,False,,benign,no_adverse_signal
bty365-web.com.cn,2026-07-08,17,3.121928094887362,0.17647058823529413,1,0.2,-9.54215294117647,low,0.4,3,0.9,True,NOERROR,1,600,0,2,False,False,0,134175,HK,False,Web Commerce Communications Limited,3,365,False,0,False,False,,benign,no_adverse_signal
lishengjiazheng.com,2026-07-08,19,3.2402239289418517,0.0,0,0.5,-7.394622222222222,low,0.4615,3,0.6666666666666666,True,NOERROR,2,300,0,2,False,False,2,13335,US,False,"GMO Internet, Inc.",2,365,True,0,False,False,,benign,no_adverse_signal
workshop-us.com,2026-07-08,15,3.0957952550009344,0.0,1,0.42857142857142855,-7.470794736842105,low,0.5556,4,0.8181818181818182,True,NOERROR,1,3600,1,2,True,False,0,133618,AU,True,CommuniGal Communication Ltd.,2,365,False,0,False,False,False,benign,no_adverse_signal
ssltrust.xyz,2026-07-08,12,2.1556390622295662,0.0,0,0.14285714285714285,-7.058738461538462,high,0.5556,5,0.625,True,NOERROR,2,3600,1,2,True,False,0,16509,US,True,"GMO Internet, Inc.",3,365,True,28,False,False,,benign,no_adverse_signal
gozuw.com,2026-07-08,9,2.321928094887362,0.0,0,0.6666666666666666,-9.984128571428572,low,0.5,1,1.0,False,NOERROR,0,,0,2,False,False,0,,,,"GMO Internet, Inc.",2,365,True,,,False,,benign,no_adverse_signal
loskdi.top,2026-07-08,10,2.584962500721156,0.0,0,0.5,-7.879588888888888,high,0.5714,3,1.0,True,NOERROR,1,300,0,2,False,False,0,132203,US,False,"NameSilo, LLC",2,365,True,0,True,False,,malicious,spamhaus_zen
sandsproperties.info,2026-07-08,20,3.1898980954642875,0.0,0,0.5,-6.3833925925925925,medium,0.5455,5,0.6666666666666666,True,NOERROR,1,60,1,2,True,False,0,394456,US,True,,,,,0,False,False,False,benign,no_adverse_signal
service-weaver.uk,2026-07-08,17,2.950212064914747,0.0,1,0.8571428571428571,-6.749756,low,0.5185,2,0.6428571428571429,True,NOERROR,2,300,0,2,False,False,2,13335,US,False,"Cloudflare, Inc. [Tag = CLOUDFLARE]",4,365,False,0,False,False,,benign,no_adverse_signal
agiviking.xyz,2026-07-08,13,2.4193819456463714,0.0,0,0.8,-6.84196,high,0.5,2,0.6666666666666666,True,NOERROR,2,3600,1,2,True,False,0,16509,US,True,"GMO Internet, Inc.",2,365,True,28,False,False,,benign,no_adverse_signal
tfty.asia,2026-07-08,9,1.5,0.0,0,0.0,-8.45954,low,0.5455,4,0.75,False,NOERROR,0,,0,2,False,False,0,,,,Alibaba Cloud Computing Ltd. d/b/a HiChina (www.net.cn),2,365,True,,,False,,benign,no_adverse_signal
aiagentgeo.asia,2026-07-08,15,2.721928094887362,0.0,0,1.5,-6.99505294117647,low,0.5333,3,0.7,False,NOERROR,0,,0,2,False,False,0,,,,Alibaba Cloud Computing Ltd. d/b/a HiChina (www.net.cn),2,365,True,,,False,,benign,no_adverse_signal
3e879-mw7l1-gdatwo.xyz,2026-07-08,22,3.8365916681089787,0.2727272727272727,2,0.42857142857142855,-10.890712121212122,high,0.3448,2,0.8333333333333334,True,NOERROR,2,600,0,2,False,False,0,16509,US,True,"GoDaddy.com, LLC",2,365,True,37,False,False,,benign,no_adverse_signal
skytco.com,2026-07-08,10,2.584962500721156,0.0,0,0.2,-7.928588888888888,low,0.6,5,1.0,True,NOERROR,2,10800,0,2,True,False,2,14618,US,True,DropCatch.com 472 LLC,2,365,False,0,False,False,,benign,no_adverse_signal
investarc.xyz,2026-07-08,13,3.169925001442312,0.0,0,0.5,-6.182566666666667,high,0.6667,2,1.0,True,NOERROR,2,3600,1,2,True,False,0,16509,US,True,"GMO Internet, Inc.",2,365,True,28,False,False,,benign,no_adverse_signal
mrsjxj531.vip,2026-07-08,13,2.94770277922009,0.23076923076923078,0,0.0,-11.093966666666667,low,0.3333,6,0.8888888888888888,True,NOERROR,1,60,0,2,False,True,0,38186,HK,True,DYNADOT LLC,2,365,True,0,True,True,,malicious,spamhaus_zen
discsfeed.xyz,2026-07-08,13,2.503258334775646,0.0,0,0.5,-7.45656,high,0.625,4,0.6666666666666666,True,NOERROR,2,3600,1,2,True,False,0,16509,US,True,"GMO Internet, Inc.",2,365,True,28,False,False,,benign,no_adverse_signal
lmsforms.xyz,2026-07-08,12,2.5,0.0,0,0.14285714285714285,-7.553046153846154,high,0.7692,4,0.75,True,NOERROR,2,3600,1,2,True,False,0,16509,US,True,"GMO Internet, Inc.",2,365,True,28,False,False,,benign,no_adverse_signal
bggproof.xyz,2026-07-08,12,2.5,0.0,0,0.3333333333333333,-8.080353846153846,high,0.5455,5,0.75,True,NOERROR,2,3600,1,2,True,False,0,16509,US,True,"GMO Internet, Inc.",3,365,True,28,False,False,,benign,no_adverse_signal
bumpybase.xyz,2026-07-08,13,2.94770277922009,0.0,0,0.5,-7.85694,high,0.4706,4,0.8888888888888888,True,NOERROR,2,3600,1,2,True,False,0,16509,US,True,"GMO Internet, Inc.",2,365,True,28,False,False,,benign,no_adverse_signal
theralon.info,2026-07-08,13,3.0,0.0,0,0.6,-5.9372461538461545,medium,0.6316,2,1.0,True,NOERROR,1,900,1,4,False,False,0,,DE,False,,,,,0,False,False,,benign,no_adverse_signal
fileszen.xyz,2026-07-08,12,2.75,0.0,0,0.6,-7.151423076923077,high,0.5,2,0.875,True,NOERROR,2,3600,1,2,True,False,0,16509,US,True,"GMO Internet, Inc.",3,365,True,28,False,False,,benign,no_adverse_signal
elisealloin.com,2026-07-08,15,2.663532754804255,0.0,0,1.2,-6.386957894736842,low,0.5263,2,0.6363636363636364,True,NOERROR,1,300,0,2,False,True,0,13335,US,False,Gname 021 Inc,2,365,False,0,False,False,,benign,no_adverse_signal
splendize.com,2026-07-08,13,2.94770277922009,0.0,0,0.5,-6.815553333333333,low,0.5455,3,0.8888888888888888,True,NOERROR,1,3600,0,2,True,False,0,16509,US,True,Porkbun LLC,2,365,False,0,False,False,,benign,no_adverse_signal
gwb79avl.top,2026-07-08,12,3.0,0.16666666666666666,0,0.2,-11.357746153846154,high,0.5,3,1.0,True,NOERROR,5,60,0,2,False,True,0,40065,US,False,Dominet (HK) Limited,2,365,True,0,False,False,,benign,no_adverse_signal
dogsex24.tv,2026-07-08,11,3.0,0.18181818181818182,0,0.5,-8.085715384615385,low,0.4706,2,1.0,True,NOERROR,2,82,0,2,False,False,2,13335,US,False,"NameSilo, LLC",4,365,True,0,False,False,,benign,no_adverse_signal
gowtechno.com,2026-07-08,13,2.94770277922009,0.0,0,0.5,-7.470866666666667,low,0.5333,3,0.8888888888888888,True,NOERROR,2,300,1,2,False,False,2,13335,US,False,Web Commerce Communications Limited dba WebNic.cc,2,731,False,0,False,True,False,malicious,spamhaus_dbl
newsmastra.info,2026-07-08,15,2.9219280948873623,0.0,0,0.42857142857142855,-6.2656,medium,0.5714,3,0.8,True,NOERROR,2,300,0,2,False,False,2,13335,US,False,,,,,0,False,False,,benign,no_adverse_signal
ltu.monster,2026-07-08,11,1.584962500721156,0.0,0,0.5,-7.250633333333333,low,0.5714,2,1.0,True,NOERROR,1,300,0,2,False,False,0,206834,DE,False,DYNADOT LLC,2,365,True,11,False,False,,benign,no_adverse_signal
useetric.forum,2026-07-08,14,2.75,0.0,0,1.0,-6.2879,low,0.6667,2,0.875,False,NOERROR,0,,0,2,False,False,0,,,,DYNADOT LLC,2,365,True,,,False,,benign,no_adverse_signal
t0om0b0i.top,2026-07-08,12,2.4056390622295662,0.25,0,0.6666666666666666,-12.691107692307693,high,0.5,1,0.75,True,NOERROR,5,60,0,2,False,True,0,40065,US,False,Dominet (HK) Limited,2,365,True,0,False,False,,benign,no_adverse_signal
thecalvebuddy.com,2026-07-08,17,3.3927474104487847,0.0,0,0.4444444444444444,-7.285682608695652,low,0.5714,3,0.8461538461538461,True,NOERROR,2,3600,0,2,False,False,0,16509,US,True,"GoDaddy.com, LLC",2,365,True,23,False,False,,benign,no_adverse_signal
miempresa-ia.club,2026-07-08,17,2.9182958340544896,0.0,1,1.2,-7.395571428571428,low,0.5455,3,0.6666666666666666,True,NOERROR,2,600,0,2,False,False,0,16509,US,True,"GoDaddy.com, LLC",2,365,True,37,False,False,,benign,no_adverse_signal
ca-exemptlogistics.com,2026-07-08,22,3.6143694458867563,0.0,1,0.5454545454545454,-7.444215151515151,low,0.4828,4,0.7222222222222222,True,NOERROR,2,3600,1,2,True,False,0,16509,US,True,"GoDaddy.com, LLC",2,1096,True,48,False,False,False,benign,no_adverse_signal
cardaccess.xyz,2026-07-08,14,2.4464393446710155,0.0,0,0.42857142857142855,-6.582876470588236,high,0.6087,2,0.6,True,NOERROR,2,3600,1,2,True,False,0,16509,US,True,"GMO Internet, Inc.",2,365,True,28,False,False,,benign,no_adverse_signal
emersoncrown.com,2026-07-08,16,2.918295834054489,0.0,0,0.5,-6.667647619047619,low,0.4706,3,0.6666666666666666,True,NOERROR,1,14400,1,3,True,False,0,16276,CA,True,"Spaceship, Inc.",2,365,False,0,False,False,False,benign,no_adverse_signal
summitprincipalwealth.com,2026-07-08,25,3.6897037321995474,0.0,0,0.5,-7.128661538461539,low,0.4667,3,0.6666666666666666,True,NOERROR,1,300,0,2,False,False,0,206834,DE,False,DYNADOT LLC,2,365,True,11,False,False,,benign,no_adverse_signal
459bd.org,2026-07-08,9,2.321928094887362,0.3333333333333333,0,0.0,-10.9183,low,0.4,2,1.0,True,NOERROR,2,300,0,2,False,False,2,13335,US,False,DYNADOT LLC,2,365,True,0,False,False,,benign,no_adverse_signal
heartinhandministry.ca,2026-07-08,22,3.3263604079526936,0.0,0,0.46153846153846156,-6.425865714285715,low,0.4667,4,0.5789473684210527,True,NOERROR,2,3600,0,2,False,False,0,16509,US,True,"Go Daddy Domains Canada, Inc",6,731,True,23,False,False,,benign,no_adverse_signal
472e3fc1a85bf120c97db446cfb58a95.com,2026-07-08,36,3.882048827786958,0.5277777777777778,0,0.3,-11.906234426229508,low,0.2051,3,0.5,True,NOERROR,1,300,2,4,True,False,0,14618,US,True,DYNADOT LLC,2,365,True,0,False,False,False,benign,no_adverse_signal
kubetngon.com,2026-07-08,13,2.94770277922009,0.0,0,0.5,-7.1944799999999995,low,0.5,3,0.8888888888888888,False,NOERROR,0,,0,2,False,False,0,,,,NAMECHEAP INC,2,365,True,,,False,,benign,no_adverse_signal
offpilot.xyz,2026-07-08,12,2.5,0.0,0,0.6,-7.735223076923077,high,0.5714,3,0.75,True,NOERROR,2,3600,1,2,True,False,0,16509,US,True,"GMO Internet, Inc.",2,365,True,28,False,False,,benign,no_adverse_signal
jat29.top,2026-07-08,9,2.321928094887362,0.2222222222222222,0,0.5,-9.291371428571427,high,0.5,1,1.0,True,NOERROR,3,15,0,0,False,True,0,54801,SC,False,"GoDaddy.com, LLC",2,365,True,0,False,False,,benign,no_adverse_signal
sjchwy.com,2026-07-08,10,2.584962500721156,0.0,0,0.0,-9.803622222222224,low,0.5455,6,1.0,True,NOERROR,2,300,0,2,False,False,2,13335,US,False,Realtime Register B.V.,2,365,False,0,False,False,,benign,no_adverse_signal
fenbenmed.com,2026-07-08,13,2.4193819456463714,0.0,0,0.5,-7.178373333333334,low,0.5,2,0.6666666666666666,False,NOERROR,0,,5,2,True,False,0,,,,"Cloudflare, Inc.",2,365,True,,,False,False,benign,no_adverse_signal
hireatpuckfuture.online,2026-07-08,23,3.327819531114783,0.0,0,0.7777777777777778,-7.2847275862068965,medium,0.4545,3,0.6875,True,NOERROR,1,1800,2,2,True,False,0,47583,US,False,"HOSTINGER operations, UAB",2,365,False,0,False,False,False,benign,no_adverse_signal
marigoldteacup.info,2026-07-08,19,3.6644977792004623,0.0,0,0.75,-7.039808000000001,medium,0.5,3,0.9285714285714286,True,NOERROR,2,300,0,2,False,False,2,13335,US,False,,,,,0,False,False,,benign,no_adverse_signal
9gzwh.top,2026-07-08,9,2.321928094887362,0.1111111111111111,0,0.0,-11.254485714285716,high,0.5,4,1.0,True,NOERROR,9,60,0,2,False,True,0,8075,JP,False,"Spaceship, Inc.",2,365,True,0,False,True,,malicious,spamhaus_dbl
nomupick.com,2026-07-08,12,3.0,0.0,0,0.6,-7.191807692307692,low,0.5455,2,1.0,False,timeout,0,,0,0,False,False,0,,,,"Gabia, Inc.",2,731,False,,,False,,benign,no_adverse_signal
bsgkze.com,2026-07-08,10,2.584962500721156,0.0,0,0.2,-9.950977777777776,low,0.6,5,1.0,False,NOERROR,0,,0,4,False,False,0,,,,"Amazon Registrar, Inc.",2,365,True,,,False,,benign,no_adverse_signal
84yeq.top,2026-07-08,9,2.321928094887362,0.2222222222222222,0,0.5,-11.302157142857142,high,0.4444,1,1.0,True,NOERROR,3,15,0,0,False,True,0,54801,SC,False,"GoDaddy.com, LLC",2,365,True,0,False,False,,benign,no_adverse_signal
ak11.fun,2026-07-08,8,1.5,0.25,0,1.0,-9.54362,low,0.5,1,0.75,True,NOERROR,2,300,0,2,False,False,2,13335,US,False,DYNADOT LLC,2,365,True,0,False,False,,benign,no_adverse_signal
timbercurrent.digital,2026-07-08,21,3.0269868333592873,0.0,0,0.4444444444444444,-6.725686956521739,low,0.5,2,0.6923076923076923,True,NOERROR,2,300,0,2,False,False,2,13335,US,False,,,,,0,False,False,,benign,no_adverse_signal
reduc365.fr,2026-07-08,11,3.0,0.2727272727272727,0,0.6666666666666666,-8.211538461538462,low,0.4706,1,1.0,False,NOERROR,0,,3,2,True,False,0,,,,GANDI,1,364,False,,,False,False,benign,no_adverse_signal
hrpxjna.club,2026-07-08,12,2.807354922057604,0.0,0,0.16666666666666666,-10.503954545454546,low,0.5455,6,1.0,False,NOERROR,0,,0,2,False,False,0,,,,Dominet (HK) Limited,2,365,True,,,False,,benign,no_adverse_signal
psianalauraprieto.com.br,2026-07-08,24,3.2639334294856344,0.0,0,1.125,-6.587229032258064,low,0.4444,2,0.6470588235294118,True,NOERROR,1,14400,1,2,True,False,0,31898,BR,True,,4,365,False,0,False,False,False,benign,no_adverse_signal
routebirrd.com,2026-07-08,14,2.8464393446710154,0.0,0,0.6666666666666666,-7.273164705882353,low,0.5882,3,0.8,True,NOERROR,1,1800,5,2,True,False,0,24940,DE,True,NAMECHEAP INC,2,365,False,0,False,False,False,benign,no_adverse_signal
49yhq.top,2026-07-08,9,2.321928094887362,0.2222222222222222,0,0.0,-11.617585714285713,high,0.4,3,1.0,True,NOERROR,3,15,0,0,False,True,0,54801,SC,False,"GoDaddy.com, LLC",2,365,True,0,False,False,,benign,no_adverse_signal
storeyard.xyz,2026-07-08,13,2.94770277922009,0.0,0,0.5,-6.605146666666667,high,0.5882,2,0.8888888888888888,True,NOERROR,2,3600,1,2,True,False,0,16509,US,True,"GMO Internet, Inc.",2,365,True,28,False,False,,benign,no_adverse_signal
mailfitexecutive.com,2026-07-08,20,3.2806390622295662,0.0,0,1.0,-7.035903448275862,low,0.4615,2,0.6875,False,NOERROR,0,,1,4,True,False,0,,,,PDR Ltd. d/b/a PublicDomainRegistry.com,2,365,True,,,False,False,benign,no_adverse_signal
magfaton.ru,2026-07-08,11,2.75,0.0,0,0.6,-7.299869230769231,low,0.5714,2,0.875,True,NOERROR,1,3600,2,2,True,False,1,197695,RU,True,REGRU-RU,3,365,False,0,False,False,False,benign,no_adverse_signal
手袋工厂.com,2026-07-08,8,2.0,0.0,0,0.0,-15.765899999999998,low,0.0,4,1.0,False,timeout,0,,0,0,False,False,0,,,,Xin Net Technology Corporation,1832,2191,False,,,False,,benign,no_adverse_signal
hwkga.homes,2026-07-08,11,2.321928094887362,0.0,0,0.25,-10.583228571428572,low,0.4444,4,1.0,True,NOERROR,1,360,5,2,True,False,0,396982,US,True,NAMECHEAP INC,2,365,False,0,False,False,False,benign,no_adverse_signal
analyticaldapp.xyz,2026-07-08,18,2.950212064914747,0.0,0,0.5555555555555556,-6.566372,high,0.5333,3,0.6428571428571429,True,NOERROR,2,3600,1,2,True,False,0,16509,US,True,"GMO Internet, Inc.",2,365,True,66,False,False,,malicious,abuseipdb
b23fvg3.top,2026-07-08,11,2.5216406363433186,0.2727272727272727,0,0.0,-11.685290909090908,high,0.3636,3,0.8571428571428571,False,NOERROR,0,,0,2,False,False,0,,,,"Todaynic.com, Inc.",2,365,True,,,False,,benign,no_adverse_signal
bulkmemory.xyz,2026-07-08,14,3.121928094887362,0.0,0,0.42857142857142855,-7.606935294117648,high,0.5263,3,0.9,True,NOERROR,2,3600,1,2,True,False,0,16509,US,True,"GMO Internet, Inc.",2,365,True,28,False,False,,benign,no_adverse_signal
pattyhazle.com,2026-07-08,14,2.9219280948873623,0.0,0,0.42857142857142855,-7.979329411764705,low,0.625,4,0.8,True,NOERROR,1,86400,0,2,False,False,0,16509,US,True,"TUCOWS.COM, CO.",2928,3287,True,0,False,False,,benign,no_adverse_signal
web-open-igame.com.cn,2026-07-08,21,3.3248629576173574,0.0,2,1.0,-7.523388,low,0.6087,1,0.7857142857142857,True,NOERROR,1,300,0,2,False,False,0,134175,HK,False,Web Commerce Communications Limited,4,365,False,0,False,True,,malicious,spamhaus_dbl
sftcake.com,2026-07-08,11,2.807354922057604,0.0,0,0.4,-7.841981818181818,low,0.5714,4,1.0,True,NOERROR,2,300,0,2,False,False,2,13335,US,False,"GMO Internet, Inc.",2,365,True,0,False,False,,benign,no_adverse_signal
rincon500.com,2026-07-08,13,2.725480556997868,0.23076923076923078,0,0.5,-7.886646666666667,low,0.4706,2,0.7777777777777778,True,NOERROR,1,86400,1,2,True,False,0,24642,NL,True,Hosting Concepts B.V. d/b/a Registrar.eu,2,365,True,0,False,False,False,benign,no_adverse_signal
aitablelab.xyz,2026-07-08,14,2.4464393446710155,0.0,0,1.0,-6.611841176470588,high,0.625,2,0.6,True,NOERROR,2,3600,1,2,True,False,0,16509,US,True,"GMO Internet, Inc.",3,365,True,28,False,False,,benign,no_adverse_signal
fcjhtr.info,2026-07-08,11,2.584962500721156,0.0,0,0.0,-10.482122222222223,medium,0.5,6,1.0,True,NOERROR,1,1800,5,2,True,False,0,14061,US,False,,,,,0,False,False,False,benign,no_adverse_signal
cratsmanship.pics,2026-07-08,17,3.2516291673878226,0.0,0,0.3333333333333333,-6.604333333333334,low,0.6,3,0.8333333333333334,True,NOERROR,2,300,0,2,False,False,2,13335,US,False,"Spaceship, Inc.",2,365,False,0,False,False,,benign,no_adverse_signal
elite-mania.shop,2026-07-08,16,2.9139770731827523,0.0,1,1.5,-6.527957894736842,low,0.7273,1,0.7272727272727273,True,NOERROR,1,900,1,3,True,False,1,200000,UA,True,,,,False,0,False,False,False,benign,no_adverse_signal
singlepass.org,2026-07-08,14,2.8464393446710154,0.0,0,0.42857142857142855,-6.370070588235294,low,0.6667,3,0.8,True,NOERROR,1,1800,5,2,True,False,0,22612,US,False,NAMECHEAP INC,3,1096,True,0,False,False,False,benign,no_adverse_signal
picmember.xyz,2026-07-08,13,2.725480556997868,0.0,0,0.5,-7.197206666666667,high,0.5556,2,0.7777777777777778,True,NOERROR,2,3600,1,2,True,False,0,16509,US,True,"GMO Internet, Inc.",2,365,True,28,False,False,,benign,no_adverse_signal
gonetosoon.org,2026-07-08,14,2.321928094887362,0.0,0,1.0,-6.479841176470589,low,0.5,1,0.6,True,NOERROR,2,300,0,2,False,False,0,16509,US,True,"Spaceship, Inc.",2,365,False,1,False,False,,benign,no_adverse_signal
projectsinfo.net,2026-07-08,16,3.418295834054489,0.0,0,0.5,-6.863199999999999,low,0.6364,3,0.9166666666666666,False,NOERROR,0,,3,2,True,False,0,,,,"Amazon Registrar, Inc.",2,365,True,,,False,False,benign,no_adverse_signal
avantdrone.com,2026-07-08,14,2.9219280948873623,0.0,0,0.6666666666666666,-6.822782352941177,low,0.5882,4,0.8,True,NOERROR,2,10800,0,2,True,False,2,14618,US,True,DropCatch.com 1457 LLC,2,365,False,0,False,False,,benign,no_adverse_signal
mendcosmetics.com,2026-07-08,17,3.085055102756477,0.0,0,0.4444444444444444,-6.637469565217391,low,0.5385,3,0.6923076923076923,True,NOERROR,1,1799,5,2,True,False,0,13335,CA,True,NAMECHEAP INC,2,365,True,0,False,False,False,benign,no_adverse_signal
seduofeminina.com,2026-07-08,17,3.238901256602631,0.0,0,1.1666666666666667,-7.1142260869565215,low,0.4762,1,0.7692307692307693,True,NOERROR,1,300,2,4,True,False,0,135377,US,False,IONOS SE,2,731,True,0,True,False,False,malicious,spamhaus_zen
max-zauberkuenstler.com,2026-07-08,23,3.6818808028034016,0.0,1,0.6363636363636364,-7.768791428571428,low,0.4375,4,0.7368421052631579,True,NOERROR,1,50,2,2,True,False,0,47583,CY,False,"HOSTINGER operations, UAB",2,365,False,32,False,False,False,benign,no_adverse_signal
podonline.xyz,2026-07-08,13,2.725480556997868,0.0,0,0.8,-6.126286666666667,high,0.7059,2,0.7777777777777778,True,NOERROR,2,3600,1,2,True,False,0,16509,US,True,"GMO Internet, Inc.",2,365,True,28,False,False,,benign,no_adverse_signal
propertax.xyz,2026-07-08,13,2.725480556997868,0.0,0,0.5,-6.390820000000001,high,0.7143,2,0.7777777777777778,True,NOERROR,2,3600,1,2,True,False,0,16509,US,True,"GMO Internet, Inc.",2,365,True,28,False,False,,benign,no_adverse_signal
jwkbunker.xyz,2026-07-08,13,2.94770277922009,0.0,0,0.2857142857142857,-8.538573333333334,high,0.5333,4,0.8888888888888888,True,NOERROR,2,3600,1,2,True,False,0,16509,US,True,"GMO Internet, Inc.",2,365,True,28,False,False,,benign,no_adverse_signal
auroragfe.com,2026-07-08,13,2.725480556997868,0.0,0,1.25,-7.4908866666666665,low,0.6,2,0.7777777777777778,True,NOERROR,1,300,0,4,False,False,0,13335,DE,True,"Name.com, Inc.",2,365,True,36,False,False,,benign,no_adverse_signal
mcpdepot.xyz,2026-07-08,12,2.75,0.0,0,0.3333333333333333,-7.857715384615385,high,0.5556,4,0.875,True,NOERROR,2,3600,1,2,True,False,0,16509,US,True,"GMO Internet, Inc.",2,365,True,28,False,False,,benign,no_adverse_signal
emmus.ru,2026-07-08,8,1.9219280948873623,0.0,0,0.6666666666666666,-7.501600000000001,low,0.6667,2,0.8,True,NOERROR,1,86400,0,2,False,False,0,197695,RU,False,REGRU-RU,3,365,False,0,False,False,,benign,no_adverse_signal
amsterdampromohq.com,2026-07-08,20,3.327819531114783,0.0,0,0.45454545454545453,-7.027537931034482,low,0.5,3,0.6875,True,NOERROR,2,300,1,2,True,False,2,13335,US,False,"Spaceship, Inc.",2,365,False,0,False,False,False,benign,no_adverse_signal
adl6i-7djy1-gcobxj.work,2026-07-08,23,3.8365916681089787,0.13043478260869565,2,0.3,-11.16161818181818,low,0.3846,3,0.8333333333333334,True,NOERROR,2,600,0,2,False,False,0,16509,US,True,"GoDaddy.com, LLC",2,365,True,37,False,False,,benign,no_adverse_signal
hits-n-cash.com,2026-07-08,15,2.9139770731827523,0.0,2,0.2857142857142857,-7.395768421052631,low,0.4706,2,0.7272727272727273,False,NOERROR,0,,0,2,False,False,0,,,,Gname 399 Inc,2,365,False,,,False,,benign,no_adverse_signal
buskerudconst.com,2026-07-08,17,3.3927474104487847,0.0,0,0.4444444444444444,-6.957065217391304,low,0.5333,3,0.8461538461538461,False,NOERROR,0,,3,2,True,False,0,,,,"Amazon Registrar, Inc.",2,365,True,,,False,False,benign,no_adverse_signal
yoannahouse.net,2026-07-08,15,2.9139770731827523,0.0,0,1.2,-7.2235,low,0.5,2,0.7272727272727273,True,NOERROR,2,30,0,2,True,False,2,14618,US,True,DropCatch.com 654 LLC,3,365,False,0,False,False,,benign,no_adverse_signal
outletdeals.online,2026-07-08,18,2.913977073182752,0.0,0,0.8333333333333334,-6.935489473684211,medium,0.5556,2,0.7272727272727273,True,NOERROR,1,600,0,2,True,False,1,42585,NL,True,Metaregistrar BV,2,365,False,10,False,False,,benign,no_adverse_signal
u1x7z4.com,2026-07-08,10,2.584962500721156,0.3,0,0.5,-12.943466666666668,low,0.2222,1,1.0,False,NOERROR,0,,0,2,False,False,0,,,,NAMECHEAP INC,2,365,True,,,False,,benign,no_adverse_signal
kenshocards.com,2026-07-08,15,3.277613436819116,0.0,0,0.375,-6.588936842105263,low,0.5,3,0.9090909090909091,True,NOERROR,1,300,0,2,False,False,0,16509,US,False,"Cloudflare, Inc.",2,365,True,0,False,False,,benign,no_adverse_signal
seraphcypher.com,2026-07-08,16,2.918295834054489,0.0,0,0.3333333333333333,-7.444742857142857,low,0.5556,6,0.6666666666666666,True,NOERROR,2,300,1,2,True,False,2,13335,US,False,"Cloudflare, Inc.",2,365,True,0,False,False,False,benign,no_adverse_signal
flowshirt.com,2026-07-08,13,3.169925001442312,0.0,0,0.2857142857142857,-7.130653333333333,low,0.5333,3,1.0,True,NOERROR,1,86400,0,2,False,False,0,16509,US,True,"TUCOWS.COM, CO.",371,730,True,0,False,False,,benign,no_adverse_signal
meltdrops-usa.site,2026-07-08,18,3.546593564294939,0.0,1,0.5,-7.629613043478261,medium,0.5263,4,0.9230769230769231,True,NOERROR,2,300,0,2,False,False,2,13335,US,False,"HOSTINGER operations, UAB",2,365,False,0,False,False,,benign,no_adverse_signal
tru3holdings.com,2026-07-08,16,3.584962500721156,0.0625,0,0.375,-7.992457142857143,low,0.6,3,1.0,True,NOERROR,2,600,0,2,False,False,0,16509,US,True,123-Reg Limited,2,1096,True,18,False,False,,benign,no_adverse_signal
woohoo22.com,2026-07-08,12,1.75,0.16666666666666666,0,2.0,-8.939084615384616,low,0.5455,1,0.5,True,NOERROR,1,50,0,2,False,False,0,47583,CY,False,"HOSTINGER operations, UAB",2,365,False,32,False,False,,benign,no_adverse_signal
lucymaybank.com,2026-07-08,15,3.095795255000934,0.0,0,0.375,-7.734826315789474,low,0.4545,3,0.8181818181818182,True,NOERROR,2,300,5,2,True,False,2,13335,US,False,PDR Ltd. d/b/a PublicDomainRegistry.com,2,365,True,0,False,False,False,benign,no_adverse_signal
villamerle.com,2026-07-08,14,2.6464393446710157,0.0,0,0.6666666666666666,-6.445629411764706,low,0.5333,2,0.7,True,NOERROR,1,900,1,2,True,False,0,39729,IT,True,NOMINALIA INTERNET S.L.,2,365,True,0,False,False,False,benign,no_adverse_signal
primecoinnetwork.uk,2026-07-08,19,3.375,0.0,0,0.6,-6.510979310344828,low,0.5926,2,0.6875,True,NOERROR,2,300,0,2,False,False,2,13335,US,False,"Dynadot, LLC t/a Dynadot [Tag = DYNADOT]",8,365,False,0,False,False,,benign,no_adverse_signal
shopperselection.com,2026-07-08,20,3.327819531114783,0.0,0,0.6,-6.26811724137931,low,0.5,2,0.6875,True,NOERROR,2,300,0,2,False,False,2,13335,US,False,"Name.com, Inc.",2,365,False,0,False,False,,benign,no_adverse_signal
koisuzume.quest,2026-07-08,15,2.94770277922009,0.0,0,1.25,-8.111313333333333,low,0.5714,1,0.8888888888888888,False,NOERROR,0,,0,2,False,False,0,,,,DYNADOT LLC,2,365,True,,,False,,benign,no_adverse_signal
newslidewow.life,2026-07-08,16,2.845350936622437,0.0,0,0.5714285714285714,-7.058142105263158,low,0.6,3,0.7272727272727273,True,NOERROR,2,300,0,2,False,False,2,13335,US,False,,,,False,0,False,False,,benign,no_adverse_signal
cliftonnd.com,2026-07-08,13,2.9477027792200903,0.0,0,0.2857142857142857,-7.095666666666667,low,0.5714,3,0.8888888888888888,True,NOERROR,2,300,0,2,False,False,2,13335,US,False,"NameSilo, LLC",2,365,True,0,False,False,,benign,no_adverse_signal
quotelock.xyz,2026-07-08,13,2.94770277922009,0.0,0,0.8,-6.874033333333333,high,0.625,2,0.8888888888888888,True,NOERROR,2,3600,1,2,True,False,0,16509,US,True,"GMO Internet, Inc.",2,365,True,28,False,False,,benign,no_adverse_signal
mauriziomilanadvisory.group,2026-07-08,27,3.4992275417233563,0.0,0,0.9090909090909091,-7.007243589743591,low,0.5,2,0.6190476190476191,True,NOERROR,1,900,1,2,True,False,0,39729,IT,True,,,,False,0,False,False,False,benign,no_adverse_signal
gladecc.com,2026-07-08,11,2.521640636343318,0.0,0,0.4,-6.916263636363637,low,0.6154,2,0.8571428571428571,False,SERVFAIL,0,,0,0,False,False,0,,,,NAMECHEAP INC,2,365,True,,,False,,benign,no_adverse_signal
donthirejamescrawfordlaw.com,2026-07-08,28,3.855388542207534,0.0,0,0.5,-7.2057311111111115,low,0.4516,3,0.6666666666666666,True,NOERROR,2,3600,0,2,False,False,0,16509,US,True,"GoDaddy.com, LLC",2,365,True,23,False,False,,benign,no_adverse_signal
modelhang.xyz,2026-07-08,13,3.169925001442312,0.0,0,0.5,-6.743886666666667,high,0.5333,2,1.0,True,NOERROR,2,3600,1,2,True,False,0,16509,US,True,"GMO Internet, Inc.",2,365,True,28,False,False,,benign,no_adverse_signal
screenfan.app,2026-07-08,13,2.725480556997868,0.0,0,0.5,-6.829186666666667,low,0.5333,3,0.7777777777777778,True,NOERROR,1,1799,5,2,True,False,0,22612,US,True,,,,False,0,False,False,False,benign,no_adverse_signal
44fwo-yatsd-nwhaot.xyz,2026-07-08,22,3.503258334775645,0.09090909090909091,2,0.4,-9.360833333333334,high,0.3846,3,0.6666666666666666,True,NOERROR,2,600,0,2,False,False,0,16509,US,True,"GoDaddy.com, LLC",2,365,True,37,False,False,,benign,no_adverse_signal
licenseops.xyz,2026-07-08,14,2.9219280948873623,0.0,0,0.6666666666666666,-6.5845529411764705,high,0.5,2,0.8,True,NOERROR,2,3600,1,2,True,False,0,16509,US,True,"GMO Internet, Inc.",2,365,True,28,False,False,,benign,no_adverse_signal
gendermenu.xyz,2026-07-08,14,2.6464393446710153,0.0,0,0.6666666666666666,-6.408876470588235,high,0.5333,2,0.7,True,NOERROR,2,3600,1,2,True,False,0,16509,US,True,"GMO Internet, Inc.",2,365,True,28,False,False,,benign,no_adverse_signal
mpcprover.xyz,2026-07-08,13,2.725480556997868,0.0,0,0.2857142857142857,-7.280413333333333,high,0.6316,5,0.7777777777777778,True,NOERROR,2,3600,1,2,True,False,0,16509,US,True,"GMO Internet, Inc.",2,365,True,28,False,False,,benign,no_adverse_signal
dingdongtogel29.com,2026-07-08,19,3.1898980954642866,0.10526315789473684,0,0.4444444444444444,-7.458111111111111,low,0.5714,3,0.6666666666666666,True,NOERROR,2,300,0,2,False,False,2,13335,US,False,NAMECHEAP INC,2,365,True,0,False,False,,benign,no_adverse_signal
thenexalure.com,2026-07-08,15,3.027169118440619,0.0,0,0.8333333333333334,-6.8082789473684215,low,0.5556,2,0.8181818181818182,False,NOERROR,0,,1,4,True,False,0,,,,"Spaceship, Inc.",2,365,False,,,False,False,benign,no_adverse_signal
mptexchange.info,2026-07-08,16,3.277613436819116,0.0,0,0.375,-6.801389473684211,medium,0.5882,3,0.9090909090909091,True,NOERROR,1,300,0,2,False,False,0,396982,US,True,,,,,0,False,False,,benign,no_adverse_signal
niehveuvj.xyz,2026-07-08,13,2.725480556997868,0.0,0,0.8,-9.2889,high,0.5,2,0.7777777777777778,True,NOERROR,1,300,0,2,False,False,0,214036,DE,False,DYNADOT LLC,2,365,True,0,False,True,,malicious,spamhaus_dbl
dazzlepearl.in,2026-07-08,14,2.7321588913645702,0.0,0,0.5714285714285714,-7.5447,low,0.5,3,0.6363636363636364,True,NOERROR,2,3600,0,2,False,False,0,16509,US,True,"GoDaddy.com, LLC",4,1096,False,23,False,False,,benign,no_adverse_signal
6walls.me,2026-07-08,9,2.251629167387823,0.1111111111111111,0,0.25,-8.209911111111111,low,0.5714,3,0.8333333333333334,True,NOERROR,2,3600,0,2,False,False,0,16509,US,True,"GoDaddy.com, LLC",3,365,True,23,False,False,,benign,no_adverse_signal
remoteapproval.xyz,2026-07-08,18,3.09306920777189,0.0,0,0.75,-6.6413400000000005,high,0.5455,3,0.6428571428571429,True,NOERROR,2,3600,1,2,True,False,0,16509,US,True,"GMO Internet, Inc.",2,365,True,28,False,False,,benign,no_adverse_signal
gosopan.com,2026-07-08,11,2.5216406363433186,0.0,0,0.75,-6.908054545454546,low,0.6,1,0.8571428571428571,False,timeout,0,,0,0,False,False,0,,,,"Gabia, Inc.",2,731,False,,,False,,benign,no_adverse_signal
nutribalance.fitness,2026-07-08,20,3.2516291673878226,0.0,0,0.7142857142857143,-6.5560238095238095,low,0.5714,2,0.8333333333333334,True,NOERROR,6,600,0,2,False,False,0,16509,US,True,,,,,23,False,False,,benign,no_adverse_signal
costverify.xyz,2026-07-08,14,3.321928094887362,0.0,0,0.42857142857142855,-6.778341176470588,high,0.6364,3,1.0,True,NOERROR,2,3600,1,2,True,False,0,16509,US,True,"GMO Internet, Inc.",2,365,True,28,False,False,,benign,no_adverse_signal
guoc0.wiki,2026-07-08,10,2.321928094887362,0.1,0,1.0,-9.5616,low,0.5,1,1.0,True,NOERROR,1,1,0,2,False,True,0,40065,US,False,"NameSilo, LLC",2,365,True,0,False,False,,benign,no_adverse_signal
developsandbox.xyz,2026-07-08,18,3.3787834934861767,0.0,0,0.5555555555555556,-6.917364,high,0.5714,3,0.7857142857142857,True,NOERROR,2,3600,1,2,True,False,0,16509,US,True,"GMO Internet, Inc.",2,365,True,28,False,False,,benign,no_adverse_signal
prudentheadhunterz.com,2026-07-08,22,3.239097917988786,0.0,0,0.5,-6.862475757575758,low,0.4667,3,0.5555555555555556,False,NOERROR,0,,0,2,False,False,0,,,,Gname 088 Inc,2,365,False,,,False,,benign,no_adverse_signal
whirlmeme.xyz,2026-07-08,13,2.725480556997868,0.0,0,0.5,-7.582966666666667,high,0.5714,3,0.7777777777777778,True,NOERROR,2,3600,1,2,True,False,0,16509,US,True,"GMO Internet, Inc.",2,365,True,28,False,False,,benign,no_adverse_signal
forwardmarch2yourlegacy.com,2026-07-08,27,3.708132064658602,0.037037037037037035,0,0.4666666666666667,-7.572055813953489,low,0.45,3,0.6521739130434783,True,NOERROR,1,3600,0,2,False,False,0,36454,US,True,"GoDaddy.com, LLC",2,365,True,0,False,False,,benign,no_adverse_signal
theframeworkslab.com,2026-07-08,20,3.625,0.0,0,0.45454545454545453,-6.939855172413793,low,0.4444,4,0.8125,True,NOERROR,1,600,0,2,False,False,0,13335,US,False,"Cloudflare, Inc.",2,365,True,0,False,False,,benign,no_adverse_signal
ashtonmarketings.com,2026-07-08,20,3.5,0.0,0,0.45454545454545453,-6.574851724137932,low,0.5385,3,0.75,True,NOERROR,4,14400,1,4,True,False,0,53831,US,False,Squarespace Domains II LLC,2,365,True,22,False,False,False,benign,no_adverse_signal
rohitrathore.in,2026-07-08,15,2.688721875540867,0.0,0,0.7142857142857143,-6.599338095238094,low,0.5714,2,0.5833333333333334,True,NOERROR,2,3600,0,2,False,False,0,16509,US,True,"GoDaddy.com, LLC",3,365,False,48,False,False,,benign,no_adverse_signal
showmusclesportswear.shop,2026-07-08,25,3.521928094887362,0.0,0,0.42857142857142855,-6.933581081081082,low,0.5161,4,0.65,True,NOERROR,2,3600,0,2,False,False,0,16509,US,True,,,,False,23,False,False,,benign,no_adverse_signal
kelrelv.com,2026-07-08,11,2.2359263506290326,0.0,0,0.4,-7.700927272727273,low,0.5455,2,0.7142857142857143,False,NXDOMAIN,0,,0,0,False,False,0,,,,Realtime Register B.V.,2,365,False,,,True,,malicious,spamhaus_dbl
degenbets.xyz,2026-07-08,13,2.6416041678685933,0.0,0,0.5,-6.882206666666667,high,0.5714,2,0.7777777777777778,True,NOERROR,2,3600,1,2,True,False,0,16509,US,True,"GMO Internet, Inc.",2,365,True,28,False,False,,benign,no_adverse_signal
xn--f5q365c.top,2026-07-08,15,3.095795255000934,0.26666666666666666,2,0.0,-10.741368421052632,high,0.4,2,0.8181818181818182,False,SERVFAIL,0,,0,0,False,False,0,,,,,,,False,,,False,,benign,no_adverse_signal
recoverysteps.org,2026-07-08,17,3.0269868333592873,0.0,0,0.4444444444444444,-6.60484347826087,low,0.5833,4,0.6923076923076923,True,NOERROR,2,300,5,2,True,False,2,13335,US,False,NAMECHEAP INC,3,365,True,0,False,False,False,benign,no_adverse_signal
qq2892354948.com,2026-07-08,16,2.751629167387823,0.625,0,0.0,-11.580271428571429,low,0.1905,2,0.5833333333333334,False,timeout,0,,0,0,False,False,0,,,,Xin Net Technology Corporation,371,730,True,,,False,,benign,no_adverse_signal
miragrowth.xyz,2026-07-08,14,3.121928094887362,0.0,0,0.42857142857142855,-7.218252941176471,high,0.5556,3,0.9,True,NOERROR,2,3600,1,2,True,False,0,16509,US,True,"GMO Internet, Inc.",2,365,True,28,False,False,,benign,no_adverse_signal
opiekagrobow.buzz,2026-07-08,17,3.188721875540867,0.0,0,1.0,-7.474661904761904,high,0.4762,2,0.8333333333333334,True,NOERROR,2,300,1,2,True,False,2,13335,US,False,"Spaceship, Inc.",2,365,False,0,False,False,False,benign,no_adverse_signal
oplanejamentoestrategico.com,2026-07-08,28,3.5739348962840563,0.0,0,0.8461538461538461,-6.573720000000001,low,0.5143,3,0.5833333333333334,True,NOERROR,1,300,2,2,True,False,0,13335,DE,True,"HOSTINGER operations, UAB",2,365,False,36,False,False,False,benign,no_adverse_signal
superliga168tier.site,2026-07-08,21,3.625,0.14285714285714285,0,0.8571428571428571,-7.919568965517241,medium,0.5,2,0.8125,True,NOERROR,2,300,0,2,False,False,2,13335,US,False,"Spaceship, Inc.",3,365,False,0,False,False,,benign,no_adverse_signal
meetpickett.com,2026-07-08,15,2.59490661824394,0.0,0,0.5714285714285714,-6.789578947368422,low,0.5,2,0.6363636363636364,False,NOERROR,0,,0,2,False,False,0,,,,"Cloudflare, Inc.",2,365,True,,,False,,benign,no_adverse_signal
nlqhk.top,2026-07-08,9,2.321928094887362,0.0,0,0.0,-11.816628571428572,high,0.5,5,1.0,True,NOERROR,1,3603,0,3,False,False,0,151407,HK,False,"NameSilo, LLC",2,365,True,0,False,False,,benign,no_adverse_signal
eduwaypro.ru,2026-07-08,12,3.169925001442312,0.0,0,0.8,-7.70392,low,0.5882,3,1.0,True,NOERROR,1,86400,0,7,False,False,0,50340,RU,False,RU-CENTER-RU,3,365,False,0,False,False,,benign,no_adverse_signal
asikqq.club,2026-07-08,11,2.2516291673878226,0.0,0,0.5,-9.269366666666667,low,0.4444,3,0.8333333333333334,True,NOERROR,2,300,0,2,False,False,2,13335,US,False,DYNADOT LLC,2,365,True,0,False,False,,benign,no_adverse_signal
gcappracks.com,2026-07-08,14,2.721928094887362,0.0,0,0.25,-6.921241176470589,low,0.5556,3,0.7,True,NOERROR,1,1799,1,2,False,False,0,396982,US,True,NAMECHEAP INC,2,365,True,15,False,False,False,benign,no_adverse_signal
backupbook.xyz,2026-07-08,14,2.7219280948873625,0.0,0,0.6666666666666666,-7.352264705882353,high,0.6667,2,0.7,True,NOERROR,2,3600,1,2,True,False,0,16509,US,True,"GMO Internet, Inc.",2,365,True,28,False,False,,benign,no_adverse_signal
dr9x.top,2026-07-08,8,2.0,0.125,0,0.0,-11.44924,high,0.5455,2,1.0,True,NOERROR,3,15,0,0,False,True,0,133199,HK,False,"GoDaddy.com, LLC",2,365,True,0,False,False,,benign,no_adverse_signal
zg-qpw.com,2026-07-08,10,2.584962500721156,0.0,1,0.0,-11.400588888888889,low,0.4,3,1.0,True,NOERROR,1,600,0,2,False,False,0,54600,US,False,Eranet International Limited,2,365,True,0,False,False,,benign,no_adverse_signal
alccm.shop,2026-07-08,10,1.9219280948873623,0.0,0,0.25,-8.221985714285713,low,0.5,4,0.8,False,NOERROR,0,,0,2,False,False,0,,,,,,,False,,,False,,benign,no_adverse_signal
mawnrealty.com,2026-07-08,14,3.121928094887362,0.0,0,0.42857142857142855,-7.499988235294118,low,0.5,3,0.9,False,NOERROR,0,,0,2,False,False,0,,,,"Cloudflare, Inc.",2,365,True,,,False,,benign,no_adverse_signal
vpnatrisk.org,2026-07-08,13,3.169925001442312,0.0,0,0.2857142857142857,-7.137673333333334,low,0.5556,3,1.0,True,NOERROR,2,300,0,2,False,False,2,13335,US,False,"Cloudflare, Inc.",2,365,False,0,False,False,,benign,no_adverse_signal
lullabreeze.shop,2026-07-08,16,2.5949066182439395,0.0,0,0.8333333333333334,-7.208526315789473,low,0.5714,2,0.6363636363636364,True,NOERROR,1,86400,0,4,False,False,1,13335,CA,True,,,,False,0,False,False,,benign,no_adverse_signal
jejubiotek.com,2026-07-08,14,2.9219280948873623,0.0,0,1.0,-7.982235294117648,low,0.5556,1,0.8,True,NOERROR,1,600,0,2,False,False,0,3786,KR,False,"Gabia, Inc.",375,730,False,0,False,False,,benign,no_adverse_signal
ledgeraml.xyz,2026-07-08,13,2.725480556997868,0.0,0,0.5,-6.755039999999999,high,0.7059,2,0.7777777777777778,True,NOERROR,2,3600,1,2,True,False,0,16509,US,True,"GMO Internet, Inc.",2,365,True,28,False,False,,benign,no_adverse_signal
bcgfarming.xyz,2026-07-08,14,3.121928094887362,0.0,0,0.25,-7.666364705882353,high,0.5714,4,0.9,True,NOERROR,2,3600,1,2,True,False,0,16509,US,True,"GMO Internet, Inc.",2,365,True,28,False,False,,benign,no_adverse_signal
bournproof.xyz,2026-07-08,14,2.6464393446710153,0.0,0,0.6666666666666666,-7.0736823529411765,high,0.5,4,0.7,True,NOERROR,2,3600,1,2,True,False,0,16509,US,True,"GMO Internet, Inc.",2,365,True,28,False,False,,benign,no_adverse_signal
handtan.com,2026-07-08,11,2.2359263506290326,0.0,0,0.4,-6.5514909090909095,low,0.5333,3,0.7142857142857143,False,NOERROR,0,,0,2,False,False,0,,,,"GMO Internet, Inc.",2,365,True,,,False,,benign,no_adverse_signal
coachingtotmeesterschap.online,2026-07-08,30,3.5555331514269954,0.0,0,0.5333333333333333,-6.6257604651162785,medium,0.4865,4,0.5652173913043478,True,NOERROR,1,86400,0,3,True,False,1,206281,NL,True,Key-Systems LLC,2,365,False,0,False,False,,benign,no_adverse_signal
audi300.co.uk,2026-07-08,13,2.521640636343318,0.23076923076923078,0,3.0,-8.813836363636364,low,0.5,1,0.8571428571428571,True,NOERROR,1,1800,0,2,False,False,0,25820,US,True,"Namecheap, Inc. t/a Spaceship [Tag = SPACESHIP]",3,365,False,0,False,False,,benign,no_adverse_signal
pushostt.com,2026-07-08,12,2.5,0.0,0,0.3333333333333333,-6.574815384615385,low,0.5882,3,0.75,True,NOERROR,1,300,0,4,False,False,0,399629,US,False,PDR Ltd. d/b/a PublicDomainRegistry.com,2,365,True,0,False,False,,benign,no_adverse_signal
govai.club,2026-07-08,10,2.321928094887362,0.0,0,1.5,-7.304514285714285,low,0.6,1,1.0,True,NOERROR,2,60,2,2,True,False,2,47583,LT,False,DYNADOT LLC,2,365,True,0,False,False,False,benign,no_adverse_signal
infosechub.ru,2026-07-08,13,3.321928094887362,0.0,0,0.6666666666666666,-6.695423529411764,low,0.5,2,1.0,True,NOERROR,1,3600,0,4,False,False,0,50340,RU,False,SELECTEL-RU,3,365,False,0,False,False,,benign,no_adverse_signal
picorcos.com,2026-07-08,12,2.5,0.0,0,0.6,-6.528546153846154,low,0.5882,2,0.75,False,timeout,0,,0,0,False,False,0,,,,"Gabia, Inc.",2,365,False,,,False,,benign,no_adverse_signal
tallstack.xyz,2026-07-08,13,2.5032583347756456,0.0,0,0.2857142857142857,-6.230073333333333,high,0.5882,4,0.6666666666666666,True,NOERROR,2,3600,1,2,True,False,0,16509,US,True,"GMO Internet, Inc.",2,365,True,28,False,False,,benign,no_adverse_signal
donnahilfiger.org,2026-07-08,17,3.3927474104487847,0.0,0,0.625,-7.253152173913043,low,0.48,2,0.8461538461538461,True,NOERROR,2,600,0,2,False,False,0,16509,US,True,"GoDaddy.com, LLC",2,1096,False,0,False,False,,benign,no_adverse_signal
sintamahani.com.br,2026-07-08,18,2.663532754804255,0.0,0,0.8333333333333334,-6.2433421052631575,low,0.5333,2,0.6363636363636364,True,NOERROR,1,50,0,2,False,False,0,47583,CY,False,,4,365,False,32,False,False,,benign,no_adverse_signal
cutiepie.cc,2026-07-08,11,2.5,0.0,0,1.6666666666666667,-7.2432,low,0.5882,1,0.75,True,NOERROR,2,300,0,2,False,False,2,13335,US,False,"Cloudflare, Inc.",2,365,True,0,False,False,,benign,no_adverse_signal
vinosdelhoroscopo.com,2026-07-08,21,3.286895754518763,0.0,0,0.7,-6.88461935483871,low,0.4286,2,0.7058823529411765,True,NOERROR,1,86400,0,2,False,False,0,16509,US,True,"TUCOWS.COM, CO.",371,730,True,0,False,False,,benign,no_adverse_signal
mcppromptmesh.xyz,2026-07-08,17,2.9689185639620974,0.0,0,0.18181818181818182,-7.477973913043479,high,0.5217,5,0.6923076923076923,True,NOERROR,2,3600,1,2,True,False,0,16509,US,True,"GMO Internet, Inc.",2,365,True,28,False,False,,benign,no_adverse_signal
vash-soc-gift.website,2026-07-08,21,3.3927474104487847,0.0,2,0.375,-8.04251304347826,low,0.5,2,0.8461538461538461,False,NXDOMAIN,0,,0,0,False,False,0,,,,PDR Ltd. d/b/a PublicDomainRegistry.com,2,365,False,,,False,,benign,no_adverse_signal
withstyle.xyz,2026-07-08,13,2.94770277922009,0.0,0,0.2857142857142857,-7.308646666666666,high,0.625,6,0.8888888888888888,True,NOERROR,2,3600,1,2,True,False,0,16509,US,True,"GMO Internet, Inc.",2,365,True,28,False,False,,benign,no_adverse_signal
emonewellness.com,2026-07-08,17,2.6235166412180155,0.0,0,0.625,-6.555582608695652,low,0.5,3,0.5384615384615384,True,NOERROR,2,3600,3,2,True,False,0,16509,US,True,"GoDaddy.com, LLC",2,1096,True,48,False,False,False,benign,no_adverse_signal
mdr318.ru,2026-07-08,9,2.584962500721156,0.3333333333333333,0,0.0,-10.597222222222221,low,0.4,3,1.0,True,NOERROR,1,3600,2,2,True,False,0,29182,RU,True,ARDIS-RU,3,365,False,0,False,False,False,benign,no_adverse_signal
filterbook.xyz,2026-07-08,14,3.1219280948873624,0.0,0,0.6666666666666666,-6.667417647058824,high,0.6667,2,0.9,True,NOERROR,2,3600,1,2,True,False,0,16509,US,True,"GMO Internet, Inc.",2,365,True,28,False,False,,benign,no_adverse_signal
fasttripscan.com,2026-07-08,16,3.0849625007211556,0.0,0,0.3333333333333333,-6.739457142857144,low,0.6,4,0.75,True,NOERROR,1,14400,1,4,True,False,0,20473,GB,True,"Spaceship, Inc.",2,365,False,0,False,False,False,benign,no_adverse_signal
qeenza.site,2026-07-08,11,2.2516291673878226,0.0,0,1.0,-8.362311111111111,medium,0.5,2,0.8333333333333334,True,NOERROR,1,3600,0,3,False,False,0,197720,TR,True,Turkticaret.net Yazılım Hizmetleri Sanayi ve Ticaret A.Ş.,2,365,False,0,False,False,,benign,no_adverse_signal
singintherainpodcast.com,2026-07-08,24,3.546439344671015,0.0,0,0.5384615384615384,-6.410356756756757,low,0.5882,3,0.65,True,NOERROR,4,14400,1,4,True,False,0,53831,US,False,Squarespace Domains II LLC,2,365,True,22,False,False,False,benign,no_adverse_signal
materialcatolicoatualizado.shop,2026-07-08,31,3.295465679180291,0.0,0,1.1666666666666667,-6.701483673469388,low,0.4762,2,0.46153846153846156,True,NOERROR,1,1800,0,2,False,False,1,47583,BR,False,,,,False,0,False,False,,benign,no_adverse_signal
omegaprofessionals.repair,2026-07-08,25,3.419381945646371,0.0,0,0.8,-6.608727272727273,low,0.4444,2,0.6666666666666666,True,NOERROR,2,19,1,4,False,False,0,16509,US,True,,,,,0,False,False,False,benign,no_adverse_signal
chupachivos.com,2026-07-08,15,3.0957952550009344,0.0,0,0.5714285714285714,-7.186705263157895,low,0.5556,2,0.8181818181818182,True,NOERROR,2,17,0,4,False,False,0,16509,US,True,Porkbun LLC,1840,2191,False,2,False,False,,benign,no_adverse_signal
vodlabrast.pro,2026-07-08,14,3.121928094887362,0.0,0,0.42857142857142855,-7.003305882352941,low,0.5882,2,0.9,True,NOERROR,1,300,0,2,False,False,0,206834,DE,False,,,,,11,False,False,,benign,no_adverse_signal
perpgames.xyz,2026-07-08,13,2.725480556997868,0.0,0,0.5,-6.663426666666667,high,0.6667,3,0.7777777777777778,True,NOERROR,2,3600,1,2,True,False,0,16509,US,True,"GMO Internet, Inc.",2,365,True,28,False,False,,benign,no_adverse_signal
07700945.cc,2026-07-08,11,2.1556390622295662,0.7272727272727273,0,0.0,-10.49013076923077,low,0.3077,0,0.625,False,NOERROR,0,,0,2,False,False,0,,,,DYNADOT LLC,3,365,True,,,False,,benign,no_adverse_signal
manageup.xyz,2026-07-08,12,2.75,0.0,0,1.0,-6.844261538461538,high,0.6316,1,0.875,True,NOERROR,2,3600,1,2,True,False,0,16509,US,True,"GMO Internet, Inc.",2,365,True,28,False,False,,benign,no_adverse_signal
screenshotrganizer.com,2026-07-08,22,3.419381945646371,0.0,0,0.5,-6.881415151515152,low,0.5,3,0.6666666666666666,True,NOERROR,2,300,0,2,False,False,2,13335,US,False,"Cloudflare, Inc.",2,365,True,0,False,False,,benign,no_adverse_signal
vskiebt.com,2026-07-08,11,2.807354922057604,0.0,0,0.4,-8.100518181818181,low,0.5455,3,1.0,True,NOERROR,1,1800,5,2,True,False,0,14061,US,False,NAMECHEAP INC,2,365,True,0,False,False,False,benign,no_adverse_signal
institutonacionaldesaludvisual.org,2026-07-08,34,3.447742678581274,0.0,0,0.875,-6.739901754385965,low,0.3556,3,0.4,True,NOERROR,1,50,0,2,False,False,0,47583,CY,False,"HOSTINGER operations, UAB",2,365,False,32,False,False,,benign,no_adverse_signal
houseofreform.shop,2026-07-08,18,2.8731406795131336,0.0,0,0.8571428571428571,-6.94061304347826,low,0.5833,2,0.6153846153846154,True,NOERROR,1,86400,0,2,False,False,0,16509,US,True,,,,False,0,False,False,,benign,no_adverse_signal
closealpha.xyz,2026-07-08,14,2.9219280948873623,0.0,0,0.6666666666666666,-6.768111764705883,high,0.5556,3,0.8,True,NOERROR,2,3600,1,2,True,False,0,16509,US,True,"GMO Internet, Inc.",2,365,True,28,False,False,,benign,no_adverse_signal
yazflx.cc,2026-07-08,9,2.584962500721156,0.0,0,0.2,-9.619155555555556,low,0.5,4,1.0,True,NOERROR,1,1,0,2,False,True,0,40065,US,False,"NameSilo, LLC",4,365,True,0,False,False,,benign,no_adverse_signal
aipromptsfordentists.com,2026-07-08,24,3.446439344671016,0.0,0,0.42857142857142855,-6.859929729729729,low,0.4706,5,0.6,True,NOERROR,1,300,0,2,False,False,0,16509,US,False,Dreamscape Networks International Pte Ltd,2,365,False,0,False,False,,benign,no_adverse_signal
wangluoqipaimijue.com.cn,2026-07-08,24,3.572469458770136,0.0,0,1.125,-8.332725806451613,low,0.48,3,0.7647058823529411,True,NOERROR,1,300,0,2,False,False,0,132839,SC,False,商中在线科技股份有限公司,3,365,False,0,True,False,,malicious,spamhaus_zen
mantisflow.store,2026-07-08,16,3.321928094887362,0.0,0,0.42857142857142855,-6.80955294117647,low,0.5714,3,1.0,True,NOERROR,1,60,5,2,True,False,0,400940,US,False,,,,False,0,False,False,False,benign,no_adverse_signal
slot90winn.sbs,2026-07-08,14,3.1219280948873624,0.14285714285714285,0,0.3333333333333333,-8.859917647058822,low,0.4762,2,0.9,True,NOERROR,2,300,0,2,False,False,2,13335,US,False,DYNADOT LLC,3,365,True,0,False,False,,benign,no_adverse_signal
jyzza.com,2026-07-08,9,1.9219280948873623,0.0,0,0.25,-10.577485714285714,low,0.4,4,0.8,True,NOERROR,1,1,0,2,False,False,0,,,False,Gname 143 Inc,2,365,False,0,True,False,,malicious,spamhaus_zen
visiray.shop,2026-07-08,12,2.5216406363433186,0.0,0,0.75,-6.709527272727272,low,0.6154,1,0.8571428571428571,True,NOERROR,1,300,0,2,False,False,0,206834,DE,False,,,,False,11,False,False,,benign,no_adverse_signal
bw676.com,2026-07-08,9,1.9219280948873623,0.3333333333333333,0,0.0,-11.71682857142857,low,0.25,2,0.8,False,NOERROR,0,,0,2,False,False,0,,,,Gname 121 Inc,2,365,False,,,False,,benign,no_adverse_signal
ledgerplay.xyz,2026-07-08,14,2.9219280948873623,0.0,0,0.42857142857142855,-6.685064705882353,high,0.5882,3,0.8,True,NOERROR,2,3600,1,2,True,False,0,16509,US,True,"GMO Internet, Inc.",2,365,True,28,False,False,,benign,no_adverse_signal
aygents.net,2026-07-08,11,2.807354922057604,0.0,0,0.4,-6.903336363636364,low,0.6667,3,1.0,True,NOERROR,1,1800,5,2,True,False,0,22612,US,False,NAMECHEAP INC,3,365,True,0,False,False,False,benign,no_adverse_signal
hydrapul.com,2026-07-08,12,3.0,0.0,0,0.3333333333333333,-7.753046153846153,low,0.625,4,1.0,True,NOERROR,1,1800,5,2,True,False,0,22612,US,False,NAMECHEAP INC,2,365,True,0,False,False,False,benign,no_adverse_signal
pronavi.online,2026-07-08,14,2.807354922057604,0.0,0,0.75,-6.299854545454545,medium,0.6154,2,1.0,True,NOERROR,1,14400,0,2,False,False,0,46606,US,True,PDR Ltd. d/b/a PublicDomainRegistry.com,2,365,False,7,False,False,,benign,no_adverse_signal
reginamonologues.com,2026-07-08,20,3.327819531114783,0.0,0,1.0,-6.669482758620689,low,0.48,1,0.6875,True,NOERROR,2,600,0,2,False,False,0,16509,US,True,"GoDaddy.com, LLC",2,365,True,37,False,False,,benign,no_adverse_signal
jaw10.top,2026-07-08,9,2.321928094887362,0.2222222222222222,0,0.5,-9.898371428571428,high,0.5,1,1.0,True,NOERROR,3,15,0,0,False,True,0,133199,HK,False,"GoDaddy.com, LLC",2,365,True,0,False,False,,benign,no_adverse_signal
kleinanzeigende-anzeigverkaufenn.de,2026-07-08,35,3.4165301730294653,0.0,1,0.8235294117647058,-7.5736278688524585,low,0.4091,2,0.4375,True,NOERROR,2,300,0,2,False,False,2,13335,US,False,,,,False,0,False,False,,benign,no_adverse_signal
privebarter.com,2026-07-08,15,2.8453509366224368,0.0,0,0.5714285714285714,-6.280878947368421,low,0.5556,2,0.7272727272727273,True,NOERROR,2,3600,1,2,False,False,0,16509,US,True,"GoDaddy.com, LLC",2,365,True,23,False,False,False,benign,no_adverse_signal
xn--hz2b23bo3g7qf81cj21a.com,2026-07-08,28,4.053508854797679,0.32142857142857145,2,0.18181818181818182,-11.859915555555554,low,0.2424,2,0.75,True,NOERROR,2,120,0,4,False,False,0,16509,DE,True,"Gabia, Inc.",3,365,False,16,False,False,,benign,no_adverse_signal
참편한뱅크.com,2026-07-08,9,2.321928094887362,0.0,0,0.0,-15.761785714285713,low,0.0,5,1.0,True,NOERROR,1,600,0,3,False,False,0,16509,US,False,"Gabia, Inc.",2,731,False,0,False,False,,benign,no_adverse_signal
gurulao.com,2026-07-08,11,2.5216406363433186,0.0,0,1.3333333333333333,-7.558554545454545,low,0.5,1,0.8571428571428571,True,NOERROR,1,1800,2,2,True,False,1,47583,ID,False,"HOSTINGER operations, UAB",2,1096,False,0,False,False,False,benign,no_adverse_signal
evangelisation-charisma.fr,2026-07-08,26,3.708132064658602,0.0,1,0.8333333333333334,-6.520251162790697,low,0.4375,2,0.6521739130434783,True,NOERROR,1,300,0,2,False,False,0,16276,FR,True,Hostinger operations UAB,1,364,False,0,False,False,,benign,no_adverse_signal
yeluvon.com,2026-07-08,11,2.807354922057604,0.0,0,0.75,-8.165,low,0.4706,1,1.0,True,NOERROR,1,1800,0,2,False,False,1,47583,DE,False,"HOSTINGER operations, UAB",2,365,False,0,False,False,,benign,no_adverse_signal
costreplay.xyz,2026-07-08,14,3.321928094887362,0.0,0,0.42857142857142855,-6.205058823529412,high,0.5882,3,1.0,True,NOERROR,2,3600,1,2,True,False,0,16509,US,True,"GMO Internet, Inc.",2,365,True,28,False,False,,benign,no_adverse_signal
hongxingyingyuan1.wiki,2026-07-08,22,3.1018812234760182,0.045454545454545456,0,0.45454545454545453,-7.710796774193548,low,0.3846,3,0.5882352941176471,True,NOERROR,1,1,0,2,False,True,0,40065,US,False,"NameSilo, LLC",2,365,True,0,False,False,,benign,no_adverse_signal
percussionstick.com,2026-07-08,19,3.3232314287976203,0.0,0,0.5,-6.3894925925925925,low,0.48,3,0.7333333333333333,True,NOERROR,2,300,0,2,False,False,2,13335,US,False,"Spaceship, Inc.",3,365,False,0,False,False,,benign,no_adverse_signal
cric7171.com,2026-07-08,12,2.25,0.3333333333333333,0,0.3333333333333333,-9.577153846153847,low,0.4615,2,0.625,True,NOERROR,2,300,0,2,False,False,2,13335,US,False,DYNADOT LLC,2,365,True,0,False,False,,benign,no_adverse_signal
hdlabduc2.top,2026-07-08,13,2.94770277922009,0.07692307692307693,0,0.3333333333333333,-8.92732,high,0.4444,3,0.8888888888888888,False,NOERROR,0,,0,2,False,False,0,,,,Dynadot LLC,2,365,True,,,False,,benign,no_adverse_signal
gt994.net,2026-07-08,9,1.9219280948873623,0.3333333333333333,0,0.0,-10.380285714285716,low,0.4444,2,0.8,True,NOERROR,2,300,0,2,False,False,2,13335,US,False,DYNADOT LLC,3,365,True,0,False,False,,benign,no_adverse_signal
jojobet-player2026.icu,2026-07-08,22,3.725480556997868,0.18181818181818182,1,0.625,-7.978381818181819,low,0.4118,2,0.7777777777777778,True,NOERROR,2,300,0,2,False,False,2,13335,US,False,"NICENIC INTERNATIONAL GROUP CO., LIMITED",2,365,False,0,False,True,,malicious,spamhaus_dbl
keren133.com,2026-07-08,12,2.5,0.25,0,0.6666666666666666,-7.831338461538461,low,0.4615,1,0.75,True,NOERROR,3,3603,0,3,False,False,0,63949,US,True,"NameSilo, LLC",2,365,True,0,False,False,,benign,no_adverse_signal
rwomu.shop,2026-07-08,10,2.321928094887362,0.0,0,0.6666666666666666,-7.994071428571429,low,0.6667,2,1.0,False,NOERROR,0,,0,2,False,False,0,,,,,,,False,,,False,,benign,no_adverse_signal
aclmw.shop,2026-07-08,10,2.321928094887362,0.0,0,0.25,-8.672071428571428,low,0.5455,4,1.0,False,NOERROR,0,,0,2,False,False,0,,,,,,,False,,,False,,benign,no_adverse_signal
viverbemsempre.online,2026-07-08,21,2.8073549220576037,0.0,0,0.5555555555555556,-6.9036040000000005,medium,0.4348,3,0.5714285714285714,True,NOERROR,1,1800,0,2,False,False,1,47583,CY,False,"HOSTINGER operations, UAB",2,365,False,32,False,False,,benign,no_adverse_signal
makliestrategiasempresariales.site,2026-07-08,34,3.2466342381206563,0.0,0,0.8125,-6.510994545454545,medium,0.4615,3,0.3793103448275862,True,NOERROR,2,60,2,2,True,False,2,47583,LT,False,"HOSTINGER operations, UAB",2,365,False,0,False,False,False,benign,no_adverse_signal
aeroaiixako.pro,2026-07-08,15,2.663532754804255,0.0,0,2.6666666666666665,-8.192436842105263,low,0.5333,1,0.6363636363636364,True,NOERROR,3,3603,0,3,False,False,0,63949,US,True,,,,,0,False,False,,benign,no_adverse_signal
efsch.com,2026-07-08,9,2.321928094887362,0.0,0,0.25,-7.8442,low,0.5,4,1.0,False,NOERROR,0,,3,2,True,False,0,,,,Alibaba Cloud Computing Ltd. d/b/a HiChina (www.net.cn),2,365,False,,,False,False,benign,no_adverse_signal
modelces.xyz,2026-07-08,12,2.75,0.0,0,0.6,-6.7716153846153855,high,0.5333,2,0.875,True,NOERROR,2,3600,1,2,True,False,0,16509,US,True,"GMO Internet, Inc.",2,365,True,28,False,False,,benign,no_adverse_signal
bcsc.ee,2026-07-08,7,1.5,0.0,0,0.0,-8.10384,low,0.6667,4,0.75,True,NOERROR,1,900,1,3,True,False,0,49604,EE,True,Zone Media OÜ,2,365,False,0,False,False,False,benign,no_adverse_signal
allengoldstein.co.uk,2026-07-08,20,3.182005814760214,0.0,0,0.5555555555555556,-6.549656,low,0.5455,4,0.7142857142857143,True,NOERROR,2,3600,0,2,False,False,0,16509,US,True,"GoDaddy.com, LLC. [Tag = GODADDY]",4,1096,False,23,False,False,,benign,no_adverse_signal
wexalor.digital,2026-07-08,15,2.807354922057604,0.0,0,0.75,-7.399709090909091,low,0.5714,1,1.0,True,NOERROR,2,300,0,2,False,False,2,13335,US,False,,,,,0,False,False,,benign,no_adverse_signal
xyul.top,2026-07-08,8,2.0,0.0,0,0.3333333333333333,-9.32838,high,0.5714,2,1.0,True,NOERROR,2,300,0,2,False,False,2,13335,US,False,"Spaceship, Inc.",2,365,True,0,False,False,,benign,no_adverse_signal
guardaricin.com,2026-07-08,15,2.913977073182752,0.0,0,0.8333333333333334,-6.602584210526316,low,0.6364,2,0.7272727272727273,False,NOERROR,0,,0,2,False,False,0,,,,Realtime Register B.V.,2,365,False,,,False,,benign,no_adverse_signal
7g3je.top,2026-07-08,9,2.321928094887362,0.2222222222222222,0,0.5,-12.412071428571428,high,0.4,1,1.0,False,NOERROR,0,,0,2,False,False,0,,,,Dynadot LLC,2,365,True,,,False,,benign,no_adverse_signal
youcas300.com,2026-07-08,13,2.9477027792200903,0.23076923076923078,0,1.0,-8.145786666666668,low,0.5,1,0.8888888888888888,False,SERVFAIL,0,,0,0,False,False,0,,,,NAMECHEAP INC,2,365,True,,,False,,benign,no_adverse_signal
canarywall.xyz,2026-07-08,14,2.6464393446710157,0.0,0,0.42857142857142855,-6.805029411764706,high,0.5333,3,0.7,True,NOERROR,2,3600,1,2,True,False,0,16509,US,True,"GMO Internet, Inc.",2,365,True,28,False,False,,benign,no_adverse_signal
staysalon.xyz,2026-07-08,13,2.725480556997868,0.0,0,0.5,-6.599033333333334,high,0.5882,2,0.7777777777777778,True,NOERROR,2,3600,1,2,True,False,0,16509,US,True,"GMO Internet, Inc.",2,365,True,28,False,False,,benign,no_adverse_signal
69615.shop,2026-07-08,10,1.9219280948873623,0.5,0,0.0,-11.854657142857144,low,0.2857,0,0.8,True,NOERROR,2,600,0,2,False,True,0,16509,JP,True,,,,False,0,False,False,,benign,no_adverse_signal
toshee.online,2026-07-08,13,2.2516291673878226,0.0,0,1.0,-6.7174555555555555,medium,0.5455,2,0.8333333333333334,True,NOERROR,1,1800,5,2,True,False,0,22612,US,False,NAMECHEAP INC,2,365,True,0,False,False,False,benign,no_adverse_signal
modelmaul.xyz,2026-07-08,13,2.725480556997868,0.0,0,0.8,-7.1080733333333335,high,0.6154,2,0.7777777777777778,True,NOERROR,2,3600,1,2,True,False,0,16509,US,True,"GMO Internet, Inc.",2,365,True,28,False,False,,benign,no_adverse_signal
ezwsr-srmsx-qeugtd.xyz,2026-07-08,22,3.5724312513221195,0.0,2,0.23076923076923078,-10.186303030303032,high,0.4286,5,0.7222222222222222,True,NOERROR,2,600,0,2,False,False,0,16509,US,True,"GoDaddy.com, LLC",2,365,True,37,False,False,,benign,no_adverse_signal
magnificentapp.xyz,2026-07-08,18,3.2359263506290334,0.0,0,0.5555555555555556,-6.641424,high,0.4667,2,0.7142857142857143,True,NOERROR,2,3600,1,2,True,False,0,16509,US,True,"GMO Internet, Inc.",2,365,True,28,False,False,,benign,no_adverse_signal
seekowns.xyz,2026-07-08,12,2.5,0.0,0,0.6,-7.653953846153846,high,0.5333,3,0.75,True,NOERROR,2,3600,1,2,True,False,0,16509,US,True,"GMO Internet, Inc.",2,365,True,28,False,False,,benign,no_adverse_signal
dentalsolutionsok.com,2026-07-08,21,3.337175341123077,0.0,0,0.7,-6.4680967741935484,low,0.5714,2,0.6470588235294118,True,NOERROR,2,300,1,2,True,False,2,13335,US,False,"Cloudflare, Inc.",2,365,True,0,False,False,False,benign,no_adverse_signal
axiom-team.org,2026-07-08,14,2.9219280948873623,0.0,1,1.25,-7.703076470588236,low,0.5,1,0.8,False,NOERROR,0,,0,2,False,False,0,,,,"Cloudflare, Inc.",2,365,False,,,False,,benign,no_adverse_signal
nationlightsb.com,2026-07-08,17,3.238901256602631,0.0,0,0.4444444444444444,-6.555617391304348,low,0.5385,5,0.7692307692307693,True,NOERROR,3,3600,0,2,False,False,0,58182,US,True,Wix.com Ltd.,2,365,False,18,False,False,,benign,no_adverse_signal
metallbude-livemanager.de,2026-07-08,25,3.5726236638951625,0.0,1,0.75,-6.739339024390244,low,0.5556,3,0.6363636363636364,True,NOERROR,1,7200,1,2,True,False,0,34788,DE,True,,,,False,0,False,False,False,benign,no_adverse_signal
imdowling.com,2026-07-08,13,2.94770277922009,0.0,0,0.5,-7.30434,low,0.7059,2,0.8888888888888888,True,NOERROR,4,14400,2,4,True,False,0,53831,US,False,Squarespace Domains LLC,2,365,True,22,False,False,True,benign,no_adverse_signal
pisang123tnxjp.live,2026-07-08,19,3.521640636343319,0.15789473684210525,0,0.2222222222222222,-9.108872,low,0.4286,5,0.8571428571428571,True,NOERROR,2,300,0,2,False,False,2,13335,US,False,,,,False,0,False,False,,benign,no_adverse_signal
myspiw.cc,2026-07-08,9,2.584962500721156,0.0,0,0.2,-7.870288888888889,low,0.6667,4,1.0,True,NOERROR,1,1,0,2,False,True,0,40065,US,False,"NameSilo, LLC",3,365,True,0,False,False,,benign,no_adverse_signal
azzaprovider.com,2026-07-08,16,3.0849625007211556,0.0,0,0.7142857142857143,-6.902904761904763,low,0.6087,2,0.75,True,NOERROR,2,3,5,4,True,False,0,16509,US,True,Porkbun LLC,5857,9497,False,2,False,False,False,benign,no_adverse_signal
sokoniltd.com,2026-07-08,13,2.94770277922009,0.0,0,0.5,-7.507106666666667,low,0.5,3,0.8888888888888888,True,NOERROR,1,1800,0,2,False,False,1,47583,US,False,"HOSTINGER operations, UAB",2,731,False,0,False,False,,benign,no_adverse_signal
metertee.xyz,2026-07-08,12,1.75,0.0,0,1.0,-6.048746153846154,high,0.6154,2,0.5,True,NOERROR,2,3600,1,2,True,False,0,16509,US,True,"GMO Internet, Inc.",2,365,True,28,False,False,,benign,no_adverse_signal
refinedbedding.com,2026-07-08,18,2.8423709931771093,0.0,0,0.5555555555555556,-6.80726,low,0.5455,2,0.5714285714285714,True,NOERROR,2,600,0,2,False,False,0,16509,US,True,"GoDaddy.com, LLC",2,365,True,37,False,False,,benign,no_adverse_signal
storetechsheds.com,2026-07-08,18,2.8423709931771093,0.0,0,0.4,-6.532652000000001,low,0.4828,4,0.5714285714285714,True,NOERROR,3,3600,0,2,False,False,0,58182,US,True,Wix.com Ltd.,2,365,False,18,False,False,,benign,no_adverse_signal
wegatewaytelnet.com,2026-07-08,19,2.7898980954642867,0.0,0,0.6666666666666666,-6.911700000000001,low,0.5,2,0.5333333333333333,True,NOERROR,2,300,1,2,True,False,2,13335,US,False,PDR Ltd. d/b/a PublicDomainRegistry.com,2,365,True,0,False,False,False,benign,no_adverse_signal
f3r5z7.com,2026-07-08,10,2.584962500721156,0.3,0,0.0,-12.839422222222222,low,0.4615,1,1.0,False,NOERROR,0,,0,2,False,False,0,,,,"NameSilo, LLC",2,365,True,,,False,,benign,no_adverse_signal
aqlku-ijbpl-qvjcvk.work,2026-07-08,23,3.503258334775645,0.0,2,0.23076923076923078,-11.21189696969697,low,0.3333,6,0.6666666666666666,True,NOERROR,2,600,0,2,False,False,0,16509,US,True,"GoDaddy.com, LLC",2,365,True,37,False,False,,benign,no_adverse_signal
familyarrangers.com,2026-07-08,19,3.272905595320056,0.0,0,0.5,-6.639307407407408,low,0.5,2,0.7333333333333333,False,NOERROR,0,,0,2,False,False,0,,,,"Cloudflare, Inc.",2,365,True,,,False,,benign,no_adverse_signal
5gringosi.store,2026-07-08,15,2.725480556997868,0.06666666666666667,0,0.6,-7.215973333333333,low,0.5882,2,0.7777777777777778,True,NOERROR,2,300,0,2,False,False,2,13335,US,False,,,,False,0,False,False,,benign,no_adverse_signal
svidwatch.xyz,2026-07-08,13,3.169925001442312,0.0,0,0.2857142857142857,-7.288033333333333,high,0.5882,3,1.0,True,NOERROR,2,3600,1,2,True,False,0,16509,US,True,"GMO Internet, Inc.",2,365,True,28,False,False,,benign,no_adverse_signal
หวยมณี.com,2026-07-08,10,2.584962500721156,0.0,0,0.0,-15.7595,low,0.0,5,1.0,True,NOERROR,2,300,0,2,False,False,2,13335,US,False,"Name.com, Inc.",2,365,True,0,False,False,,benign,no_adverse_signal
jtexpress-sg.sbs,2026-07-08,16,3.0220552088742005,0.0,1,0.2222222222222222,-7.440704761904762,low,0.6364,3,0.75,False,NXDOMAIN,0,,0,0,False,False,0,,,,,,,False,,,False,,benign,no_adverse_signal
bshoosh.com,2026-07-08,11,1.9502120649147465,0.0,0,0.4,-7.032263636363637,low,0.5,3,0.5714285714285714,True,NOERROR,2,300,5,2,True,False,2,13335,US,False,NAMECHEAP INC,2,365,True,0,False,False,False,benign,no_adverse_signal
xn--9y5b2pi4rc9e.com,2026-07-08,20,3.75,0.25,2,0.2857142857142857,-11.454279310344829,low,0.3478,2,0.875,True,NOERROR,2,180,0,4,False,False,0,16509,US,True,"Megazone Corp., dba HOSTING.KR",1129,1461,False,0,False,False,,benign,no_adverse_signal
olivebranch.farm,2026-07-08,16,3.459431618637298,0.0,0,0.5714285714285714,-6.4290473684210525,low,0.5333,3,1.0,True,NOERROR,2,600,0,2,False,False,0,16509,US,True,,,,,37,False,False,,benign,no_adverse_signal
craftedstate.com,2026-07-08,16,2.8553885422075336,0.0,0,0.5,-6.595223809523809,low,0.5556,3,0.6666666666666666,True,NOERROR,4,14400,0,4,True,False,0,53831,US,False,Squarespace Domains LLC,2,365,True,22,False,False,,benign,no_adverse_signal
ncpamd.com,2026-07-08,10,2.584962500721156,0.0,0,0.2,-8.093977777777777,low,0.6667,3,1.0,True,NOERROR,1,86400,0,2,False,False,0,16509,US,True,"TUCOWS.COM, CO.",10597,10956,True,0,False,False,,benign,no_adverse_signal
feralhalodesign.com,2026-07-08,19,3.506890595608518,0.0,0,0.6666666666666666,-6.7876111111111115,low,0.5,2,0.8,True,NOERROR,4,14400,1,4,True,False,0,53831,US,False,Squarespace Domains II LLC,2,365,True,22,False,False,False,benign,no_adverse_signal
ink-con.com,2026-07-08,11,2.5216406363433186,0.0,1,0.5,-6.971881818181817,low,0.5455,2,0.8571428571428571,True,NOERROR,1,3600,1,3,True,False,0,396982,NL,True,Hosting Concepts B.V. d/b/a Registrar.eu,2,365,True,7,False,False,False,benign,no_adverse_signal
therichen.com,2026-07-08,13,2.725480556997868,0.0,0,0.5,-5.984506666666666,low,0.625,2,0.7777777777777778,True,NOERROR,2,300,0,2,False,False,2,13335,US,False,TuringSign Inc. d/b/a Cosmotown,2,365,False,0,False,False,,benign,no_adverse_signal
optivanceadv.com,2026-07-08,16,3.2516291673878226,0.0,0,0.7142857142857143,-6.855066666666667,low,0.4762,2,0.8333333333333334,True,NOERROR,2,300,2,2,True,False,0,16509,NL,True,"HOSTINGER operations, UAB",2,365,False,10,False,False,False,benign,no_adverse_signal
surya88t.com,2026-07-08,12,2.75,0.16666666666666666,0,0.5,-8.732315384615385,low,0.5,2,0.875,True,NOERROR,2,300,0,2,False,False,2,13335,US,False,Dominet (HK) Limited,2,365,False,0,False,False,,benign,no_adverse_signal
trgqjmv.ink,2026-07-08,11,2.807354922057604,0.0,0,0.0,-10.582627272727272,low,0.4444,7,1.0,False,NOERROR,0,,0,2,False,False,0,,,,Dominet (HK) Limited,2,365,True,,,False,,benign,no_adverse_signal
bcgstand.xyz,2026-07-08,12,3.0,0.0,0,0.14285714285714285,-7.1827000000000005,high,0.625,5,1.0,True,NOERROR,2,3600,1,2,True,False,0,16509,US,True,"GMO Internet, Inc.",3,365,True,28,False,False,,benign,no_adverse_signal
priceconstruct.com,2026-07-08,18,3.182005814760214,0.0,0,0.4,-6.397136000000001,low,0.5714,4,0.7142857142857143,True,NOERROR,1,14400,1,2,True,False,0,14618,US,True,"DomainPeople, Inc.",2,365,True,0,False,False,False,benign,no_adverse_signal
matboxandco.fr,2026-07-08,14,3.0957952550009344,0.0,0,0.5714285714285714,-7.231363157894737,low,0.5455,3,0.8181818181818182,True,NOERROR,1,3600,2,4,True,False,1,8560,DE,True,IONOS SE,1,364,False,0,False,False,False,benign,no_adverse_signal
rebeccabrakeweddings.com,2026-07-08,24,3.4219280948873623,0.0,0,0.5384615384615384,-7.178308108108108,low,0.4667,3,0.6,True,NOERROR,2,3600,0,2,False,False,0,16509,US,True,"GoDaddy.com, LLC",2,731,True,23,False,False,,benign,no_adverse_signal
bhyknfx1424.cc,2026-07-08,14,3.277613436819116,0.2857142857142857,0,0.0,-10.8688,low,0.4,7,0.9090909090909091,True,NOERROR,13,10,0,2,False,True,0,64013,HK,False,DYNADOT LLC,3,365,True,0,False,True,,malicious,spamhaus_dbl
mypunchb2b.com,2026-07-08,14,3.1219280948873624,0.07142857142857142,0,0.125,-8.513264705882353,low,0.4444,4,0.9,True,NOERROR,1,60,6,2,True,False,0,396982,US,True,Porkbun LLC,2,365,False,0,False,False,False,benign,no_adverse_signal
metacircle.app,2026-07-08,14,2.9219280948873623,0.0,0,0.6666666666666666,-6.777923529411765,low,0.5714,3,0.8,True,NOERROR,2,1800,0,2,False,False,0,16509,US,False,,,,False,0,False,False,,benign,no_adverse_signal
convertoff.xyz,2026-07-08,14,2.9219280948873623,0.0,0,0.42857142857142855,-6.650694117647059,high,0.5333,2,0.8,True,NOERROR,2,3600,1,2,True,False,0,16509,US,True,"GMO Internet, Inc.",2,365,True,28,False,False,,benign,no_adverse_signal
kawaiikoya.com,2026-07-08,14,2.446439344671015,0.0,0,1.5,-8.113405882352941,low,0.5714,1,0.6,True,NOERROR,1,86400,0,2,False,False,0,16509,US,True,"TUCOWS.COM, CO.",1102,1461,True,0,False,False,,benign,no_adverse_signal
gsendio.com,2026-07-08,11,2.807354922057604,0.0,0,0.75,-6.5845090909090915,low,0.6667,2,1.0,True,NOERROR,4,300,0,2,False,False,0,13335,US,False,"Cloudflare, Inc.",2,365,True,0,False,False,,benign,no_adverse_signal
larepablitaly.pro,2026-07-08,17,2.9689185639620974,0.0,0,0.625,-6.499039130434783,low,0.6,2,0.6923076923076923,True,NOERROR,2,300,0,2,False,False,2,13335,US,False,,,,,0,False,False,,benign,no_adverse_signal
vitalbreathflow.com,2026-07-08,19,3.506890595608518,0.0,0,0.5,-7.023437037037037,low,0.5,4,0.8,True,NOERROR,3,3600,5,2,True,False,0,58182,US,True,Wix.com Ltd.,2,365,True,19,False,False,False,benign,no_adverse_signal
hwhe47.com,2026-07-08,10,2.2516291673878226,0.2,0,0.3333333333333333,-10.398744444444445,low,0.5,3,0.8333333333333334,True,NOERROR,1,1,0,2,False,False,0,59371,HK,False,TuringSign Inc. d/b/a Cosmotown,2,365,False,0,False,False,,benign,no_adverse_signal
zh-ruifeng-gateway.com,2026-07-08,22,3.7254805569978675,0.0,2,0.6,-7.907106060606061,low,0.4167,2,0.7777777777777778,True,NOERROR,1,300,0,2,False,False,0,400619,HK,False,"GMO Internet, Inc.",2,365,True,0,False,False,,benign,no_adverse_signal
munchgate.xyz,2026-07-08,13,3.169925001442312,0.0,0,0.5,-7.1749,high,0.5882,4,1.0,True,NOERROR,2,3600,1,2,True,False,0,16509,US,True,"GMO Internet, Inc.",2,365,True,28,False,False,,benign,no_adverse_signal
wmhli.shop,2026-07-08,10,2.321928094887362,0.0,0,0.25,-9.824,low,0.5,4,1.0,False,NOERROR,0,,0,2,False,False,0,,,,,,,False,,,False,,benign,no_adverse_signal
dearnotestudio.com,2026-07-08,18,3.2359263506290334,0.0,0,1.0,-6.415024,low,0.5517,2,0.7142857142857143,True,NOERROR,2,600,1,2,True,False,0,16509,US,True,"GoDaddy.com, LLC",2,365,True,37,False,False,False,benign,no_adverse_signal
fxcontents.xyz,2026-07-08,14,2.9219280948873623,0.0,0,0.25,-6.704029411764706,high,0.5882,3,0.8,True,NOERROR,2,3600,1,2,True,False,0,16509,US,True,"GMO Internet, Inc.",2,365,True,28,False,False,,benign,no_adverse_signal
justcalmly.com,2026-07-08,14,3.1219280948873624,0.0,0,0.25,-7.511811764705882,low,0.5556,4,0.9,False,NOERROR,0,,0,2,False,False,0,,,,"Cloudflare, Inc.",2,365,True,,,False,,benign,no_adverse_signal
conin-mktiyu.com.cn,2026-07-08,19,3.2516291673878226,0.0,1,0.5714285714285714,-7.933280952380952,low,0.64,3,0.8333333333333334,True,NOERROR,1,600,0,2,False,False,0,134548,HK,False,商中在线科技股份有限公司,7,365,False,0,False,False,,benign,no_adverse_signal
botixiazai.com.cn,2026-07-08,17,2.6464393446710157,0.0,0,1.5,-7.599976470588236,low,0.5,1,0.7,True,NOERROR,1,300,0,2,False,False,0,132839,CL,False,合肥欢鹿网络科技有限公司,13,365,False,0,False,False,,benign,no_adverse_signal
shubham-lamichhane.com.np,2026-07-08,25,3.350209029099897,0.0,1,0.5454545454545454,-7.468109090909091,low,0.4444,3,0.6666666666666666,True,NOERROR,2,300,0,2,False,False,2,13335,US,False,,,,,0,False,False,,benign,no_adverse_signal
haveanaxetogrind.com,2026-07-08,20,3.452819531114783,0.0,0,0.7777777777777778,-7.153072413793104,low,0.5217,2,0.75,True,NOERROR,2,3600,1,2,True,False,0,16509,US,True,"Gransy, s.r.o.",2,365,False,66,False,False,,malicious,abuseipdb
golfvillanekerum.se,2026-07-08,19,3.577819531114783,0.0,0,0.6,-7.285996551724138,low,0.4828,3,0.8125,True,NOERROR,2,3600,0,2,False,False,0,39570,SE,False,Loopia AB,3,365,False,0,False,False,,benign,no_adverse_signal
oberstspets.com,2026-07-08,15,2.6635327548042547,0.0,0,0.375,-6.553094736842105,low,0.5833,5,0.6363636363636364,True,NOERROR,2,600,0,2,False,False,0,16509,US,True,"GoDaddy.com, LLC",2,365,True,37,False,False,,benign,no_adverse_signal
screencaps.tv,2026-07-08,13,2.721928094887362,0.0,0,0.42857142857142855,-6.656711764705882,low,0.5185,3,0.7,False,NOERROR,0,,0,2,False,False,0,,,,"Cloudflare, Inc.",2,365,True,,,False,,benign,no_adverse_signal
seeklent.xyz,2026-07-08,12,2.4056390622295662,0.0,0,0.6,-6.896192307692307,high,0.625,2,0.75,True,NOERROR,2,3600,1,2,True,False,0,16509,US,True,"GMO Internet, Inc.",2,365,True,28,False,False,,benign,no_adverse_signal
famefeed.xyz,2026-07-08,12,2.1556390622295662,0.0,0,1.0,-6.969369230769231,high,0.5714,1,0.625,True,NOERROR,2,3600,1,2,True,False,0,16509,US,True,"GMO Internet, Inc.",3,365,True,28,False,False,,benign,no_adverse_signal
globalinnovationpartners.team,2026-07-08,29,3.5220552088742005,0.0,0,0.6,-6.480453333333334,low,0.4545,3,0.5416666666666666,False,NOERROR,0,,0,2,False,False,0,,,,,,,,,,False,,benign,no_adverse_signal
lapadelbox.com,2026-07-08,14,2.9219280948873623,0.0,0,0.6666666666666666,-6.919888235294118,low,0.5263,2,0.8,True,NOERROR,1,3600,3,2,True,False,0,16509,US,False,"OVH, SAS",2,731,True,0,False,False,False,benign,no_adverse_signal
pawnomics.com,2026-07-08,13,3.169925001442312,0.0,0,0.5,-7.41736,low,0.5882,2,1.0,True,NOERROR,2,120,0,4,False,False,0,16509,DE,True,IONOS SE,2,365,True,17,False,False,,benign,no_adverse_signal
734375.com,2026-07-08,10,1.9182958340544893,0.6,0,0.0,-10.704422222222222,low,0.3636,0,0.6666666666666666,True,NOERROR,1,600,0,4,False,False,0,62468,US,False,Dominet (HK) Limited,2,365,False,0,True,False,,malicious,spamhaus_zen
beilheatingandair.com,2026-07-08,21,3.2927701939369904,0.0,0,0.8888888888888888,-6.6309387096774195,low,0.4545,2,0.6470588235294118,True,NOERROR,2,600,0,2,False,False,0,16509,US,True,"GoDaddy.com, LLC",2,365,True,37,False,False,,benign,no_adverse_signal
pettaki.pro,2026-07-08,11,2.5216406363433186,0.0,0,0.75,-6.893627272727272,low,0.6154,2,0.8571428571428571,True,NOERROR,2,300,0,2,False,False,2,13335,US,False,,,,,0,False,False,,benign,no_adverse_signal
sjtyi.com,2026-07-08,9,2.321928094887362,0.0,0,0.25,-10.168114285714285,low,0.5455,4,1.0,False,NOERROR,0,,1,2,True,False,0,,,,DYNADOT LLC,2,365,True,,,False,False,benign,no_adverse_signal
kumocast.xyz,2026-07-08,12,3.0,0.0,0,0.6,-6.892476923076923,high,0.6667,2,1.0,True,NOERROR,2,3600,1,2,True,False,0,16509,US,True,"GMO Internet, Inc.",2,365,True,28,False,False,,benign,no_adverse_signal
aa85.lol,2026-07-08,8,1.5,0.25,0,2.0,-10.88942,low,0.5,0,0.75,True,NOERROR,1,360,5,2,True,False,0,396982,US,True,NAMECHEAP INC,2,365,False,0,False,False,False,benign,no_adverse_signal
gamefiwash.xyz,2026-07-08,14,3.121928094887362,0.0,0,0.6666666666666666,-7.280817647058823,high,0.6667,2,0.9,True,NOERROR,2,3600,1,2,True,False,0,16509,US,True,"GMO Internet, Inc.",2,365,True,28,False,False,,benign,no_adverse_signal
xn--fiqs2yp5u.com,2026-07-08,17,3.5465935642949384,0.11764705882352941,2,0.2857142857142857,-10.795421739130434,low,0.3529,2,0.9230769230769231,False,NOERROR,0,,0,2,False,False,0,,,,Alibaba Cloud Computing Ltd. d/b/a HiChina (www.net.cn),3,731,False,,,False,,benign,no_adverse_signal
moneyhub-yuzupodekaq.click,2026-07-08,26,3.7841837197791888,0.0,1,0.7272727272727273,-8.348235135135136,medium,0.3704,2,0.75,True,NOERROR,1,300,0,2,False,False,0,206834,DE,False,DYNADOT LLC,2,365,True,11,False,False,,benign,no_adverse_signal
success-bj.site,2026-07-08,15,2.6464393446710153,0.0,1,0.2857142857142857,-8.017276470588236,medium,0.5217,2,0.7,True,NOERROR,1,300,0,2,False,False,0,14061,US,False,NAMECHEAP INC,2,365,True,0,False,False,,benign,no_adverse_signal
aquapolab.fr,2026-07-08,12,2.6416041678685933,0.0,0,1.25,-7.266566666666667,low,0.5556,1,0.7777777777777778,True,NOERROR,1,1800,0,2,False,False,1,47583,FR,False,Hostinger operations UAB,1,364,False,0,False,False,,benign,no_adverse_signal
aspendoodlesutah.com,2026-07-08,20,3.375,0.0,0,0.7777777777777778,-6.986444827586206,low,0.48,2,0.6875,True,NOERROR,4,14400,0,4,True,False,0,53831,US,False,Squarespace Domains LLC,2,365,True,22,False,False,,benign,no_adverse_signal
advicekey.xyz,2026-07-08,13,2.94770277922009,0.0,0,0.8,-7.284493333333333,high,0.625,2,0.8888888888888888,True,NOERROR,2,3600,1,2,True,False,0,16509,US,True,"GMO Internet, Inc.",2,365,True,28,False,False,,benign,no_adverse_signal
artofsales.immo,2026-07-08,15,2.9219280948873623,0.0,0,0.6666666666666666,-6.892452941176471,low,0.5556,2,0.8,True,NOERROR,1,600,1,2,True,False,0,57169,AT,True,,,,False,2,False,False,False,benign,no_adverse_signal
chefanswer.xyz,2026-07-08,14,3.121928094887362,0.0,0,0.42857142857142855,-6.856911764705882,high,0.5556,3,0.9,True,NOERROR,2,3600,1,2,True,False,0,16509,US,True,"GMO Internet, Inc.",2,365,True,28,False,False,,benign,no_adverse_signal
iw888.org,2026-07-08,9,1.3709505944546687,0.3333333333333333,0,1.0,-10.1422,low,0.3333,1,0.6,True,NOERROR,2,300,0,2,False,False,2,13335,US,False,Dynadot Inc,2,365,False,0,False,False,,benign,no_adverse_signal
crmforhomeservicebusiness.com,2026-07-08,29,3.493660689688185,0.0,0,0.5625,-6.695151063829787,low,0.5366,4,0.52,True,NOERROR,2,1800,0,2,False,False,0,16509,US,False,"GoDaddy.com, LLC",2,365,True,0,False,False,,benign,no_adverse_signal
enchanted.lifestyle,2026-07-08,19,2.725480556997868,0.0,0,0.5,-6.041906666666667,low,0.625,3,0.7777777777777778,True,NOERROR,2,600,0,2,False,False,0,16509,US,True,"GoDaddy.com, LLC",2,365,True,37,False,False,,benign,no_adverse_signal
hometownbridemt.com,2026-07-08,19,3.3735572622751846,0.0,0,0.5,-7.194311111111111,low,0.48,4,0.7333333333333333,True,NOERROR,1,14400,0,4,True,False,0,53831,US,False,Squarespace Domains LLC,373,730,True,38,False,False,,benign,no_adverse_signal
stempfhuber.guide,2026-07-08,17,3.277613436819116,0.0,0,0.375,-7.66792105263158,low,0.6087,4,0.9090909090909091,True,NOERROR,1,86400,1,4,False,False,0,25575,AT,True,,,,,0,False,False,False,benign,no_adverse_signal
esibaglayanhoca.com,2026-07-08,19,3.3735572622751846,0.0,0,0.875,-7.09027037037037,low,0.4444,2,0.8,True,NOERROR,1,7200,1,2,True,False,0,208425,TR,True,PDR Ltd. d/b/a PublicDomainRegistry.com,2,365,False,0,False,False,False,benign,no_adverse_signal
worldmortal.com,2026-07-08,15,2.9139770731827523,0.0,0,0.375,-6.680089473684211,low,0.5556,4,0.7272727272727273,True,NOERROR,4,14400,0,2,False,False,0,15169,US,True,"HOSTINGER operations, UAB",2,365,False,0,False,False,,benign,no_adverse_signal
xenolumiraxis.info,2026-07-08,18,3.3927474104487847,0.0,0,0.8571428571428571,-7.399978260869565,medium,0.4444,1,0.8461538461538461,True,NOERROR,2,300,0,2,False,False,2,13335,US,False,,,,,0,False,False,,benign,no_adverse_signal
mysourcill.com,2026-07-08,14,3.1219280948873624,0.0,0,0.42857142857142855,-7.140035294117647,low,0.6316,3,0.9,True,NOERROR,1,86400,0,4,False,False,1,13335,CA,True,"TUCOWS.COM, CO.",2,365,True,0,False,False,,benign,no_adverse_signal
util-pocket.biz,2026-07-08,15,3.2776134368191165,0.0,1,0.6666666666666666,-7.243405263157894,low,0.5714,2,0.9090909090909091,False,SERVFAIL,0,,0,0,False,False,0,,,,Sav.com LLC,2,,True,,,False,,benign,no_adverse_signal
jfus4s4se78sx45.top,2026-07-08,19,3.0565647621309533,0.3157894736842105,0,0.2857142857142857,-11.221359259259259,high,0.4286,2,0.6666666666666666,True,NOERROR,2,300,0,2,False,False,2,13335,US,False,"NameSilo, LLC",3,365,True,0,False,False,,benign,no_adverse_signal
mafm-llc.com,2026-07-08,12,2.5,0.0,1,0.16666666666666666,-9.119746153846153,low,0.5,3,0.75,False,NOERROR,0,,0,2,False,False,0,,,,"Cloudflare, Inc.",2,365,True,,,False,,benign,no_adverse_signal
faronea.email,2026-07-08,13,2.5216406363433186,0.0,0,1.3333333333333333,-6.281363636363636,low,0.6667,1,0.8571428571428571,True,NOERROR,1,1800,1,5,True,False,0,16509,US,True,,,,,0,False,False,False,benign,no_adverse_signal
fikotovabo.world,2026-07-08,16,2.8464393446710154,0.0,0,1.0,-7.514676470588235,low,0.5882,1,0.8,True,NOERROR,1,1800,5,2,True,False,0,22612,US,False,,,,,0,False,False,False,benign,no_adverse_signal
essexscrapcompany.com,2026-07-08,21,3.3371753411230776,0.0,0,0.4166666666666667,-6.981158064516129,low,0.4516,4,0.6470588235294118,True,NOERROR,1,86400,0,2,False,False,0,16509,US,True,"TUCOWS.COM, CO.",736,1095,True,0,False,False,,benign,no_adverse_signal
laurabusiness.top,2026-07-08,17,3.0269868333592873,0.0,0,0.8571428571428571,-6.427982608695652,high,0.6154,2,0.6923076923076923,False,NOERROR,0,,3,2,True,False,0,,,,Alibaba Cloud Computing Ltd. d/b/a HiChina (www.net.cn),2,365,True,,,False,False,benign,no_adverse_signal
wefagdealdsa.com,2026-07-08,16,2.8553885422075336,0.0,0,0.7142857142857143,-7.694642857142857,low,0.5714,3,0.6666666666666666,True,NOERROR,1,60,0,2,False,True,0,4907,SG,False,Realtime Register B.V.,2,365,False,0,False,False,,benign,no_adverse_signal
saxonyagi.xyz,2026-07-08,13,2.94770277922009,0.0,0,0.8,-8.055433333333333,high,0.5,2,0.8888888888888888,True,NOERROR,2,3600,1,2,True,False,0,16509,US,True,"GMO Internet, Inc.",2,365,True,66,False,False,,malicious,abuseipdb
wonderfulblogs.blog,2026-07-08,19,3.521640636343319,0.0,0,0.4,-7.162392,low,0.5,3,0.8571428571428571,True,NOERROR,2,600,0,2,False,False,0,16509,US,True,"Go Daddy, LLC",3,365,True,37,False,False,,benign,no_adverse_signal
stamcore.org,2026-07-08,12,3.0,0.0,0,0.6,-6.362753846153846,low,0.7,2,1.0,True,NOERROR,1,86400,0,2,False,False,0,16509,US,True,"TUCOWS.COM, CO.",371,730,True,0,False,False,,benign,no_adverse_signal
a2g-technology.com,2026-07-08,18,3.521640636343319,0.05555555555555555,1,0.5,-7.943252,low,0.4545,3,0.8571428571428571,False,NOERROR,0,,0,2,False,False,0,,,,"Cloudflare, Inc.",2,365,True,,,False,,benign,no_adverse_signal
7kw.xin,2026-07-08,7,1.584962500721156,0.14285714285714285,0,0.0,-11.816066666666666,low,0.5714,2,1.0,True,NOERROR,1,600,0,2,False,False,0,979,HK,False,Alibaba Cloud Computing Ltd. d/b/a HiChina (www.net.cn),2,365,False,0,False,False,,benign,no_adverse_signal
kopytovich.ru,2026-07-08,13,3.121928094887362,0.0,0,0.42857142857142855,-7.459311764705882,low,0.5263,3,0.9,False,NOERROR,0,,1,2,True,False,0,,,,REGRU-RU,3,365,False,,,False,False,benign,no_adverse_signal
getroyal.xyz,2026-07-08,12,3.0,0.0,0,0.6,-6.719315384615385,high,0.5714,2,1.0,True,NOERROR,2,3600,1,2,True,False,0,16509,US,True,"GMO Internet, Inc.",3,365,True,28,False,False,,benign,no_adverse_signal
burdakov.ru,2026-07-08,11,3.0,0.0,0,0.6,-7.659446153846154,low,0.6154,2,1.0,True,NOERROR,1,3600,1,0,False,False,0,197695,RU,True,REGRU-RU,1,365,False,0,False,False,False,benign,no_adverse_signal
trucue.info,2026-07-08,11,2.2516291673878226,0.0,0,1.0,-7.5642555555555555,medium,0.5714,2,0.8333333333333334,True,NOERROR,2,600,0,2,False,False,0,16509,US,True,,,,,37,False,False,,benign,no_adverse_signal
lovetolearnco.com,2026-07-08,17,3.0269868333592873,0.0,0,0.8571428571428571,-6.656726086956522,low,0.4828,3,0.6923076923076923,True,NOERROR,4,14400,0,4,True,False,0,53831,US,False,Squarespace Domains LLC,2,365,True,22,False,False,,benign,no_adverse_signal
groupenas.com,2026-07-08,13,3.169925001442312,0.0,0,0.8,-6.492126666666667,low,0.6667,2,1.0,True,NOERROR,1,3600,3,2,True,False,0,16276,FR,True,"OVH, SAS",2,731,True,0,False,False,False,benign,no_adverse_signal
contextrun.xyz,2026-07-08,14,2.9219280948873623,0.0,0,0.42857142857142855,-6.477205882352941,high,0.5,3,0.8,True,NOERROR,2,3600,1,2,True,False,0,16509,US,True,"GMO Internet, Inc.",2,365,True,28,False,False,,benign,no_adverse_signal
integraitapp.com,2026-07-08,16,2.9182958340544896,0.0,0,0.7142857142857143,-6.360095238095239,low,0.5714,2,0.6666666666666666,False,NOERROR,0,,3,2,True,False,0,,,,"Cloudflare, Inc.",2,731,True,,,False,False,benign,no_adverse_signal
dr63h.top,2026-07-08,9,2.321928094887362,0.2222222222222222,0,0.0,-11.763885714285715,high,0.5,2,1.0,True,NOERROR,3,15,0,0,False,True,0,54801,SC,False,"GoDaddy.com, LLC",2,365,True,0,False,False,,benign,no_adverse_signal
rrlogisticssupply.com,2026-07-08,21,3.337175341123077,0.0,0,0.3076923076923077,-7.1169290322580645,low,0.4516,4,0.6470588235294118,True,NOERROR,4,14400,1,4,True,False,0,53831,US,False,Squarespace Domains II LLC,2,365,True,22,False,False,False,benign,no_adverse_signal
sknpad.com,2026-07-08,10,2.584962500721156,0.0,0,0.2,-8.276844444444444,low,0.6,4,1.0,True,NOERROR,1,3600,5,4,True,False,0,47583,US,True,IONOS SE,38,365,True,0,False,False,False,benign,no_adverse_signal
guolianai.com,2026-07-08,13,2.725480556997868,0.0,0,2.0,-6.959926666666666,low,0.5882,1,0.7777777777777778,False,NOERROR,0,,0,2,False,False,0,,,,"Guangdong JinWanBang Technology Investment Co., Ltd.",2,365,False,,,False,,benign,no_adverse_signal
usemergeyourdata.com,2026-07-08,20,3.327819531114783,0.0,0,1.0,-6.871486206896551,low,0.5,2,0.6875,True,NOERROR,2,300,1,2,True,False,2,13335,US,False,"Spaceship, Inc.",2,365,False,0,False,False,False,benign,no_adverse_signal
xiaochenglinux.com,2026-07-08,18,3.378783493486176,0.0,0,0.75,-7.082788000000001,low,0.5263,3,0.7857142857142857,True,NOERROR,1,1,0,2,False,False,0,59371,HK,False,TuringSign Inc. d/b/a Cosmotown,2,365,False,0,False,False,,benign,no_adverse_signal
61ydq.top,2026-07-08,9,2.321928094887362,0.2222222222222222,0,0.0,-11.959442857142857,high,0.4615,3,1.0,True,NOERROR,3,15,0,0,False,True,0,54801,SC,False,"GoDaddy.com, LLC",2,365,True,0,False,False,,benign,no_adverse_signal
agifriday.xyz,2026-07-08,13,2.725480556997868,0.0,0,0.8,-7.1542666666666666,high,0.5,2,0.7777777777777778,True,NOERROR,2,3600,1,2,True,False,0,16509,US,True,"GMO Internet, Inc.",2,365,True,28,False,False,,benign,no_adverse_signal
nadairbeauty.co.uk,2026-07-08,18,3.188721875540867,0.0,0,1.0,-6.9905952380952385,low,0.5217,2,0.8333333333333334,True,NOERROR,2,600,0,2,False,False,0,16509,US,True,"GoDaddy.com, LLC. [Tag = GODADDY]",6,1096,False,37,False,False,,benign,no_adverse_signal
filterlock.xyz,2026-07-08,14,3.121928094887362,0.0,0,0.42857142857142855,-6.698041176470588,high,0.5556,2,0.9,True,NOERROR,2,3600,1,2,True,False,0,16509,US,True,"GMO Internet, Inc.",2,365,True,28,False,False,,benign,no_adverse_signal
tigersourcingllc.com,2026-07-08,20,3.375,0.0,0,0.45454545454545453,-6.9104,low,0.4444,5,0.6875,True,NOERROR,2,3600,3,2,True,False,0,16509,US,True,"GoDaddy.com, LLC",2,1096,True,23,False,False,False,benign,no_adverse_signal
djenjoy.shop,2026-07-08,12,2.5216406363433186,0.0,0,0.4,-8.525254545454546,low,0.5455,2,0.8571428571428571,True,NOERROR,2,300,0,2,False,False,2,13335,US,False,,,,False,0,False,False,,benign,no_adverse_signal
doudouta.top,2026-07-08,12,2.25,0.0,0,1.6666666666666667,-6.8429769230769235,high,0.5556,1,0.625,False,NOERROR,0,,0,2,False,False,0,,,,Alibaba Cloud Computing Ltd. d/b/a HiChina (www.net.cn),3,1096,True,,,False,,benign,no_adverse_signal
trulyamazingone.com,2026-07-08,19,3.6402239289418516,0.0,0,0.6666666666666666,-6.910314814814814,low,0.5714,2,0.8666666666666667,True,NOERROR,1,14400,5,4,False,False,0,13335,CA,True,Squarespace Domains LLC,735,1095,True,0,False,False,False,benign,no_adverse_signal
3yiax.com,2026-07-08,9,2.321928094887362,0.1111111111111111,0,1.0,-10.324657142857143,low,0.5455,1,1.0,False,timeout,0,,0,0,False,False,0,,,,"GMO Internet, Inc.",2,365,True,,,False,,benign,no_adverse_signal
platinummaidsservices.com,2026-07-08,25,3.653756708287001,0.0,0,0.6153846153846154,-6.603582051282051,low,0.6047,3,0.6666666666666666,True,NOERROR,1,14400,1,4,True,False,0,16276,FR,True,"GoDaddy.com, LLC",2,365,True,22,False,False,False,benign,no_adverse_signal
qqmingwang.com,2026-07-08,14,2.721928094887362,0.0,0,0.25,-8.012564705882353,low,0.4444,3,0.7,False,NOERROR,0,,0,2,False,False,0,,,,TuringSign Inc. d/b/a Cosmotown,2,365,False,,,False,,benign,no_adverse_signal
apexeventpros.com,2026-07-08,17,3.180832987205441,0.0,0,0.625,-7.030843478260869,low,0.5217,4,0.7692307692307693,True,NOERROR,2,600,0,2,False,False,0,16509,US,True,"GoDaddy.com, LLC",2,731,True,37,False,False,,benign,no_adverse_signal
aristocracyite.lat,2026-07-08,18,3.09306920777189,0.0,0,0.75,-6.870748,low,0.5217,2,0.6428571428571429,False,NOERROR,0,,0,2,False,False,0,,,,Porkbun LLC,2,365,False,,,False,,benign,no_adverse_signal
rcksbms9.top,2026-07-08,12,2.75,0.08333333333333333,0,0.0,-8.879946153846154,high,0.4615,7,0.875,True,NOERROR,5,60,0,2,False,True,0,40065,US,False,Dominet (HK) Limited,2,365,True,0,False,False,,benign,no_adverse_signal
communicatedev.xyz,2026-07-08,18,3.378783493486176,0.0,0,0.75,-6.497848,high,0.5714,2,0.7857142857142857,True,NOERROR,2,3600,1,2,True,False,0,16509,US,True,"GMO Internet, Inc.",2,365,True,28,False,False,,benign,no_adverse_signal
napanshan.xyz,2026-07-08,13,2.113283334294875,0.0,0,0.5,-6.34602,high,0.5882,3,0.5555555555555556,False,NOERROR,0,,0,2,False,False,0,,,,Alibaba Cloud Computing Ltd. d/b/a HiChina (www.net.cn),2,365,False,,,False,,benign,no_adverse_signal
privazone.fr,2026-07-08,12,3.169925001442312,0.0,0,0.8,-6.822546666666667,low,0.7143,2,1.0,True,NOERROR,1,1800,1,2,True,False,0,16509,US,False,Marcaria.com International Inc.,1,364,False,0,False,False,False,benign,no_adverse_signal
moneyhub-ezezojebowa.sbs,2026-07-08,24,3.4841837197791885,0.0,1,0.9,-8.23952972972973,low,0.3636,2,0.65,True,NOERROR,1,300,0,2,False,False,0,206834,DE,False,Dynadot Inc,2,365,False,11,False,False,,benign,no_adverse_signal
cuanrtpcapital303.cfd,2026-07-08,21,3.337175341123077,0.14285714285714285,0,0.5555555555555556,-8.036532258064517,low,0.5,5,0.6470588235294118,True,NOERROR,1,1800,5,2,True,False,0,22612,US,False,NAMECHEAP INC,2,365,True,0,False,False,False,benign,no_adverse_signal
awkwardchemistry.com,2026-07-08,20,3.625,0.0,0,0.3333333333333333,-7.395641379310345,low,0.5333,4,0.8125,True,NOERROR,1,14400,3,2,True,False,0,22612,US,True,NAMECHEAP INC,2,365,True,0,False,False,False,benign,no_adverse_signal
5yqq.top,2026-07-08,8,1.5,0.125,0,0.0,-12.69674,high,0.4444,3,0.75,True,NOERROR,3,15,0,0,False,True,0,54801,SC,False,"GoDaddy.com, LLC",2,365,True,0,False,False,,benign,no_adverse_signal
astrocast.app,2026-07-08,13,2.5032583347756456,0.0,0,0.5,-5.9885,low,0.625,3,0.6666666666666666,True,NOERROR,2,300,1,2,True,False,2,13335,US,False,,,,False,0,False,False,False,benign,no_adverse_signal
b7rgi-rzc6u-udvghk.work,2026-07-08,23,3.7254805569978675,0.08695652173913043,2,0.2727272727272727,-11.007403030303031,low,0.3478,5,0.7777777777777778,True,NOERROR,2,600,0,2,False,False,0,16509,US,True,"GoDaddy.com, LLC",2,365,True,37,False,False,,benign,no_adverse_signal
altaybet-giriss.com,2026-07-08,19,3.3735572622751855,0.0,1,0.5555555555555556,-7.28475925925926,low,0.48,2,0.7333333333333333,False,NOERROR,0,,0,2,False,False,0,,,,"Spaceship, Inc.",2,365,False,,,False,,benign,no_adverse_signal
yaojiappzuixinbanxiazai7.com.cn,2026-07-08,31,3.284159127851422,0.03225806451612903,0,1.0909090909090908,-8.438104444444445,low,0.3721,3,0.5,True,NOERROR,1,300,0,2,False,False,0,132839,HK,False,商中在线科技股份有限公司,7,365,False,0,False,False,,benign,no_adverse_signal
pospap.com,2026-07-08,10,1.7924812503605778,0.0,0,0.5,-6.580788888888889,low,0.5,2,0.6666666666666666,True,NOERROR,1,3600,2,2,True,False,0,34619,TR,True,Nics Telekomunikasyon A.S.,2,365,True,2,False,False,False,benign,no_adverse_signal
eduardo-gomes-silva.lat,2026-07-08,23,3.6163485660751635,0.0,2,0.8888888888888888,-7.512874285714286,low,0.4828,2,0.6842105263157895,True,NOERROR,1,1800,5,2,True,False,0,16509,US,False,NAMECHEAP INC,2,365,True,0,False,False,False,benign,no_adverse_signal
tile-try.com,2026-07-08,12,2.75,0.0,1,0.4,-7.178584615384616,low,0.6154,3,0.875,True,NOERROR,1,3600,1,2,True,False,0,9371,JP,True,"GMO Internet, Inc.",2,365,True,0,False,False,False,benign,no_adverse_signal
lucamattioli.com,2026-07-08,16,2.9182958340544896,0.0,0,1.0,-6.605885714285715,low,0.5217,2,0.6666666666666666,False,NOERROR,0,,2,2,True,False,0,,,,"Cloudflare, Inc.",414,730,True,,,False,True,benign,no_adverse_signal
ugandarobustaspecialtycoffee.com,2026-07-08,32,3.9232517969803373,0.0,0,0.75,-6.953118867924529,low,0.4651,4,0.6071428571428571,True,NOERROR,2,600,0,2,False,False,0,16509,US,True,"GoDaddy.com, LLC",2,1096,True,37,False,False,,benign,no_adverse_signal
philadelphiagutters.com,2026-07-08,23,3.511085408180427,0.0,0,0.5833333333333334,-7.0185771428571435,low,0.4828,3,0.631578947368421,True,NOERROR,2,300,0,2,False,False,0,16509,US,True,UnstoppableUS4 LLC,2,365,True,1,False,False,,benign,no_adverse_signal
almirconsultancy.com,2026-07-08,20,3.5,0.0,0,0.45454545454545453,-6.912582758620689,low,0.5,3,0.75,True,NOERROR,1,3600,0,2,False,False,0,58182,US,True,Wix.com Ltd.,29,365,False,19,False,False,,benign,no_adverse_signal
rampart.ml,2026-07-08,10,2.2359263506290326,0.0,0,0.4,-6.228736363636363,high,0.7143,2,0.7142857142857143,True,NOERROR,2,1200,0,2,False,False,0,16509,US,True,,,,False,0,False,False,,benign,no_adverse_signal
picshot.fr,2026-07-08,10,2.807354922057604,0.0,0,0.4,-6.768918181818182,low,0.625,3,1.0,True,NOERROR,1,60,0,2,False,False,0,12876,FR,True,Hostinger operations UAB,1,364,False,0,False,False,,benign,no_adverse_signal
karatebase.xyz,2026-07-08,14,2.6464393446710153,0.0,0,1.0,-6.345852941176471,high,0.5882,1,0.7,True,NOERROR,2,3600,1,2,True,False,0,16509,US,True,"GMO Internet, Inc.",2,365,True,28,False,False,,benign,no_adverse_signal
aitoolvault.site,2026-07-08,16,2.7321588913645702,0.0,0,1.2,-7.308457894736843,medium,0.5556,2,0.6363636363636364,True,NOERROR,1,1799,5,2,True,False,0,54113,US,False,NAMECHEAP INC,2,365,True,0,False,False,False,benign,no_adverse_signal
underheard.net,2026-07-08,14,2.721928094887362,0.0,0,0.6666666666666666,-6.493411764705883,low,0.625,2,0.7,True,NOERROR,2,1800,0,2,False,False,0,16509,US,False,NAMECHEAP INC,3,365,True,0,False,False,,benign,no_adverse_signal
area-pro.ru,2026-07-08,11,2.5,0.0,1,1.3333333333333333,-6.9023,low,0.625,2,0.75,True,NOERROR,1,86400,0,2,False,False,0,203273,SC,False,REGRU-RU,3,365,False,0,False,False,,benign,no_adverse_signal
nagoldbecksolar.com,2026-07-08,19,3.506890595608518,0.0,0,0.5,-7.103670370370371,low,0.48,3,0.8,True,NOERROR,1,1800,2,2,True,False,0,22612,US,False,"NameCheap, Inc.",2,365,False,0,False,False,False,benign,no_adverse_signal
togelsumo2.net,2026-07-08,14,3.121928094887362,0.07142857142857142,0,0.8,-7.642241176470589,low,0.5263,2,0.9,True,NOERROR,2,300,0,2,False,False,2,13335,US,False,"NameCheap, Inc.",3,365,False,0,False,False,,benign,no_adverse_signal
rmpfsy.com,2026-07-08,10,2.584962500721156,0.0,0,0.0,-9.2551,low,0.5455,6,1.0,True,NOERROR,1,1,0,2,False,False,0,59371,HK,False,TuringSign Inc. d/b/a Cosmotown,2,365,False,0,False,False,,benign,no_adverse_signal
swazmecbasc.com,2026-07-08,15,2.9139770731827523,0.0,0,0.375,-8.068631578947368,low,0.5263,2,0.7272727272727273,True,NOERROR,1,600,3,2,True,False,0,13335,US,False,Realtime Register B.V.,2,365,False,0,False,False,False,benign,no_adverse_signal
strana-rizhskaya.com,2026-07-08,20,3.25,0.0,1,0.5,-7.602079310344827,low,0.4242,4,0.6875,False,NOERROR,0,,0,4,False,False,0,,,,"Regional Network Information Center, JSC dba RU-CENTER",2,365,False,,,False,,benign,no_adverse_signal
jaden789.vip,2026-07-08,12,3.0,0.25,0,0.6666666666666666,-8.507753846153847,low,0.5,1,1.0,False,NOERROR,0,,0,2,False,False,0,,,,"Cloudflare, Inc.",2,365,True,,,False,,benign,no_adverse_signal
sehu986mt.vip,2026-07-08,13,3.169925001442312,0.23076923076923078,0,0.5,-10.60432,low,0.4615,2,1.0,False,NOERROR,0,,0,2,False,False,0,,,,Dynadot Inc,2,365,True,,,False,,benign,no_adverse_signal
reportifyra.com,2026-07-08,15,3.027169118440619,0.0,0,0.5714285714285714,-6.9987315789473685,low,0.6667,3,0.8181818181818182,True,NOERROR,2,300,0,2,False,False,2,13335,US,False,"NameSilo, LLC",2,365,True,0,False,False,,benign,no_adverse_signal
edgerubric.xyz,2026-07-08,14,2.9219280948873623,0.0,0,0.6666666666666666,-6.925605882352941,high,0.6316,2,0.8,True,NOERROR,2,3600,1,2,True,False,0,16509,US,True,"GMO Internet, Inc.",2,365,True,28,False,False,,benign,no_adverse_signal
lucky-legal.ru,2026-07-08,14,3.027169118440619,0.0,1,0.42857142857142855,-7.6619947368421055,low,0.4545,3,0.8181818181818182,True,NOERROR,1,3600,1,0,False,False,0,197695,RU,True,REGRU-RU,3,365,False,0,False,False,False,benign,no_adverse_signal
nightdistrict.fr,2026-07-08,16,2.9689185639620974,0.0,0,0.3,-6.877204347826087,low,0.5385,4,0.6923076923076923,True,NOERROR,4,14400,1,4,True,False,0,53831,US,False,KEY-SYSTEMS GmbH,1,364,False,22,False,False,False,benign,no_adverse_signal
8yefs.top,2026-07-08,9,2.321928094887362,0.1111111111111111,0,0.3333333333333333,-9.98712857142857,high,0.5,2,1.0,True,NOERROR,9,60,0,2,False,True,0,8075,JP,False,"Spaceship, Inc.",2,365,True,0,False,True,,malicious,spamhaus_dbl
chivic.online,2026-07-08,13,1.9182958340544893,0.0,0,0.5,-6.539677777777778,medium,0.6667,2,0.6666666666666666,True,NOERROR,2,60,5,2,True,False,0,22612,US,True,"NameCheap, Inc.",2,365,False,0,False,False,False,benign,no_adverse_signal
lostclaws.co.uk,2026-07-08,15,2.725480556997868,0.0,0,0.2857142857142857,-6.713066666666666,low,0.5882,4,0.7777777777777778,True,NOERROR,4,14400,0,4,True,False,0,53831,US,False,Squarespace Domains LLC t/a SQUARESPACE DOMAINS [Tag = SQUARESPACE],4,365,False,22,False,False,,benign,no_adverse_signal
da3.homes,2026-07-08,9,1.584962500721156,0.1111111111111111,0,1.0,-8.994733333333334,low,0.5,1,1.0,True,NOERROR,1,360,5,2,True,False,0,396982,US,True,"NameCheap, Inc.",2,365,False,0,False,False,False,benign,no_adverse_signal
josymelo.site,2026-07-08,13,2.75,0.0,0,0.6,-7.45723076923077,medium,0.5,3,0.875,True,NOERROR,1,1800,0,2,False,False,1,47583,BR,False,"HOSTINGER operations, UAB",2,365,False,0,False,False,,benign,no_adverse_signal
1389292aybb9.shop,2026-07-08,17,2.8553885422075336,0.47058823529411764,0,0.3333333333333333,-10.597147619047618,low,0.3158,3,0.6666666666666666,False,NOERROR,0,,0,2,False,False,0,,,,,,,False,,,False,,benign,no_adverse_signal
berkcon.com,2026-07-08,11,2.807354922057604,0.0,0,0.4,-6.987936363636364,low,0.5455,3,1.0,True,NOERROR,1,14400,3,2,True,False,0,22612,US,True,"NameCheap, Inc.",2,365,False,0,False,False,False,benign,no_adverse_signal
developerdepin.xyz,2026-07-08,18,2.950212064914747,0.0,0,0.75,-6.58716,high,0.5263,2,0.6428571428571429,True,NOERROR,2,3600,1,2,True,False,0,16509,US,True,"GMO Internet, Inc.",2,365,True,28,False,False,,benign,no_adverse_signal
efsfiji.com,2026-07-08,11,2.2359263506290326,0.0,0,0.75,-8.956227272727274,low,0.4615,3,0.7142857142857143,False,NOERROR,0,,0,2,False,False,0,,,,DOMAIN NAME NETWORK PTY LTD,2,365,False,,,False,,benign,no_adverse_signal
danandpatrice.com,2026-07-08,17,3.0269868333592873,0.0,0,0.625,-6.455608695652175,low,0.6364,3,0.6923076923076923,True,NOERROR,2,120,0,4,False,False,0,16509,DE,True,"Name.com, Inc.",2,365,True,17,False,False,,benign,no_adverse_signal
ricetube.com,2026-07-08,12,2.75,0.0,0,1.0,-6.620646153846153,low,0.5714,1,0.875,True,NOERROR,2,300,0,2,False,False,2,13335,US,False,"Cloudflare, Inc.",2,365,True,0,False,False,,benign,no_adverse_signal
a7se28.cfd,2026-07-08,10,2.584962500721156,0.3,0,2.0,-10.527033333333334,low,0.5455,1,1.0,False,NOERROR,0,,0,2,False,False,0,,,,NameMart Pte. Ltd.,2,365,False,,,False,,benign,no_adverse_signal
heartsnf.com,2026-07-08,12,3.0,0.0,0,0.3333333333333333,-7.050253846153846,low,0.5714,5,1.0,True,NOERROR,4,14400,1,4,False,False,0,53831,US,False,Squarespace Domains LLC,2,365,True,22,False,False,False,benign,no_adverse_signal
mermerdenizlik.site,2026-07-08,19,3.039148671903071,0.0,0,0.5555555555555556,-6.979195999999999,medium,0.4348,2,0.6428571428571429,True,NOERROR,1,3600,0,3,False,False,0,197720,TR,True,Turkticaret.net Yazılım Hizmetleri Sanayi ve Ticaret A.Ş.,2,365,False,0,False,False,,benign,no_adverse_signal
2medt.top,2026-07-08,9,2.321928094887362,0.1111111111111111,0,0.3333333333333333,-7.990785714285715,high,0.6667,2,1.0,True,NOERROR,9,60,0,2,False,True,0,8075,JP,False,"Spaceship, Inc.",2,365,True,0,False,True,,malicious,spamhaus_dbl
rivemodel.xyz,2026-07-08,13,2.94770277922009,0.0,0,0.8,-6.537193333333334,high,0.5333,1,0.8888888888888888,True,NOERROR,2,3600,1,2,True,False,0,16509,US,True,"GMO Internet, Inc.",2,365,True,28,False,False,,benign,no_adverse_signal
kerf-eonsports.com.cn,2026-07-08,21,3.2359263506290334,0.0,1,0.4444444444444444,-7.209484,low,0.4545,3,0.7142857142857143,True,NOERROR,1,600,0,2,False,False,0,134548,HK,False,商中在线科技股份有限公司,6,365,False,0,False,False,,benign,no_adverse_signal
clawidlavy.xyz,2026-07-08,14,2.9219280948873623,0.0,0,0.42857142857142855,-7.7236529411764705,high,0.5882,2,0.8,True,NOERROR,2,3600,1,2,True,False,0,16509,US,True,"GMO Internet, Inc.",2,365,True,28,False,False,,benign,no_adverse_signal
gaonpaoca.com,2026-07-08,13,2.4193819456463714,0.0,0,1.25,-7.6556999999999995,low,0.5333,2,0.6666666666666666,True,NOERROR,1,600,0,2,False,False,0,13335,US,False,Alibaba Cloud Computing Ltd. d/b/a HiChina (www.net.cn),3,365,False,0,False,False,,benign,no_adverse_signal
astrosearchonline.ru,2026-07-08,20,3.381580488309164,0.0,0,0.7,-6.054890322580644,low,0.5625,3,0.6470588235294118,True,NOERROR,1,86400,0,2,False,False,0,24955,RU,True,REGRU-RU,3,365,False,0,True,False,,malicious,spamhaus_zen
modelinch.xyz,2026-07-08,13,3.169925001442312,0.0,0,0.5,-6.234039999999999,high,0.625,3,1.0,True,NOERROR,2,3600,1,2,True,False,0,16509,US,True,"GMO Internet, Inc.",2,365,True,28,False,False,,benign,no_adverse_signal
aistocksprices.com,2026-07-08,18,3.182005814760214,0.0,0,0.5555555555555556,-6.493264,low,0.5185,5,0.7142857142857143,True,NOERROR,1,86400,0,3,False,False,0,16509,CA,True,https://www.101domain.com/,2,731,False,0,False,False,,benign,no_adverse_signal
eckgm-ckfp0-hewlnu.xyz,2026-07-08,22,3.7254805569978675,0.045454545454545456,2,0.25,-9.985212121212122,high,0.3871,4,0.7777777777777778,True,NOERROR,2,600,0,2,False,False,0,16509,US,True,"GoDaddy.com, LLC",2,365,True,37,False,False,,benign,no_adverse_signal
feedincome.xyz,2026-07-08,14,2.8464393446710154,0.0,0,1.0,-6.3760176470588235,high,0.5263,2,0.8,True,NOERROR,2,3600,1,2,True,False,0,16509,US,True,"GMO Internet, Inc.",2,365,True,28,False,False,,benign,no_adverse_signal
lordslabs.xyz,2026-07-08,13,2.725480556997868,0.0,0,0.2857142857142857,-6.991686666666666,high,0.625,4,0.7777777777777778,True,NOERROR,2,3600,1,2,True,False,0,16509,US,True,"GMO Internet, Inc.",2,365,True,28,False,False,,benign,no_adverse_signal
sjzsyyb.com,2026-07-08,11,2.2359263506290326,0.0,0,0.0,-10.888272727272728,low,0.4,7,0.7142857142857143,True,NOERROR,2,4,0,4,False,False,0,16509,US,True,Porkbun LLC,744,1095,False,0,False,False,,benign,no_adverse_signal
institutionalprincipalinvestment.com,2026-07-08,36,3.4772170014624826,0.0,0,0.6,-6.468442622950819,low,0.4,3,0.4375,True,NOERROR,2,300,0,2,False,False,0,16509,US,True,"Spaceship, Inc.",2,365,False,1,False,False,,benign,no_adverse_signal
ipk.buzz,2026-07-08,8,1.584962500721156,0.0,0,0.5,-8.709066666666667,high,0.6667,2,1.0,True,NOERROR,2,300,0,2,False,False,2,13335,US,False,"Spaceship, Inc.",2,365,False,0,False,False,,benign,no_adverse_signal
betcool787.com,2026-07-08,14,2.9219280948873623,0.21428571428571427,0,0.75,-8.373170588235293,low,0.4706,2,0.8,False,SERVFAIL,0,,0,0,False,False,0,,,,"NameCheap, Inc.",2,365,False,,,False,,benign,no_adverse_signal
aidockhub.xyz,2026-07-08,13,3.169925001442312,0.0,0,0.8,-7.42116,high,0.5882,3,1.0,True,NOERROR,2,3600,1,2,True,False,0,16509,US,True,"GMO Internet, Inc.",3,365,True,28,False,False,,benign,no_adverse_signal
mp99.club,2026-07-08,9,1.5,0.2222222222222222,0,0.0,-10.05226,low,0.3636,2,0.75,True,NOERROR,2,300,0,2,False,False,2,13335,US,False,Dynadot Inc,2,365,True,0,False,False,,benign,no_adverse_signal
peptifypremiun.one,2026-07-08,18,3.182005814760214,0.0,0,0.5555555555555556,-7.5654520000000005,low,0.5,4,0.7142857142857143,True,NOERROR,1,600,1,2,False,False,0,51468,DK,True,One.com A/S,2,365,True,0,False,False,,benign,no_adverse_signal
crmretriever.com,2026-07-08,16,2.5220552088742005,0.0,0,0.5,-7.052971428571429,low,0.5517,4,0.5833333333333334,True,NOERROR,1,1800,5,2,True,False,0,22612,US,False,"NameCheap, Inc.",2,365,False,0,False,False,False,benign,no_adverse_signal
aicoinwallet.com,2026-07-08,16,3.084962500721156,0.0,0,1.0,-6.8153,low,0.5263,2,0.75,True,NOERROR,2,10800,0,2,True,False,2,14618,US,True,DropCatch.com 672 LLC,2,365,False,0,False,False,,benign,no_adverse_signal
dr8n.top,2026-07-08,8,2.0,0.125,0,0.0,-11.832640000000001,high,0.5714,2,1.0,True,NOERROR,3,15,0,0,False,True,0,133199,HK,False,"GoDaddy.com, LLC",2,365,True,0,False,False,,benign,no_adverse_signal
bettertheballleadership.com,2026-07-08,27,3.2575004135020675,0.0,0,0.5333333333333333,-6.419216279069767,low,0.381,3,0.4782608695652174,True,NOERROR,3,3600,5,2,True,False,0,58182,US,True,Wix.com Ltd.,2,1096,True,19,False,False,False,benign,no_adverse_signal
gateeasy.xyz,2026-07-08,12,2.5,0.0,0,1.0,-6.7206,high,0.6316,2,0.75,True,NOERROR,2,3600,1,2,True,False,0,16509,US,True,"GMO Internet, Inc.",3,365,True,28,False,False,,benign,no_adverse_signal
mommaneur.com,2026-07-08,13,2.6416041678685933,0.0,0,0.8,-6.806273333333333,low,0.5,2,0.7777777777777778,True,NOERROR,1,50,2,2,True,False,0,47583,CY,False,"HOSTINGER operations, UAB",3,365,False,32,False,False,False,benign,no_adverse_signal
naiqueorbitz.click,2026-07-08,18,3.418295834054489,0.0,0,1.0,-7.785271428571429,medium,0.48,2,0.9166666666666666,True,NOERROR,2,300,0,2,False,False,2,13335,US,False,"Spaceship, Inc.",2,365,False,0,False,False,,benign,no_adverse_signal
petsparkstore.com,2026-07-08,17,2.931208948910323,0.0,0,0.4444444444444444,-6.373852173913043,low,0.5385,4,0.6153846153846154,True,NOERROR,1,86400,0,4,False,False,1,13335,CA,True,"TUCOWS.COM, CO.",2,365,True,0,False,False,,benign,no_adverse_signal
lymplhtonic.com,2026-07-08,15,3.2776134368191165,0.0,0,0.2222222222222222,-8.021668421052631,low,0.5455,7,0.9090909090909091,True,NOERROR,1,900,1,2,True,False,0,39729,IT,True,REGISTER S.P.A.,2,365,True,0,False,False,False,benign,no_adverse_signal
cotsoleagi.xyz,2026-07-08,14,3.121928094887362,0.0,0,1.0,-6.857829411764706,high,0.6,2,0.9,True,NOERROR,2,3600,1,2,True,False,0,16509,US,True,"GMO Internet, Inc.",2,365,True,28,False,False,,benign,no_adverse_signal
maisonhova.fr,2026-07-08,13,2.9219280948873623,0.0,0,1.0,-7.0475941176470585,low,0.5333,2,0.8,True,NOERROR,1,3600,3,2,True,False,0,16276,FR,True,OVH,1,364,False,0,False,False,False,benign,no_adverse_signal
listingwebmail.com,2026-07-08,18,3.3248629576173574,0.0,0,0.5555555555555556,-6.717383999999999,low,0.5263,3,0.7857142857142857,True,NOERROR,1,7207,1,3,False,False,0,9009,RO,True,"NameSilo, LLC",2,365,True,0,False,False,False,benign,no_adverse_signal
joycasinomirror.shop,2026-07-08,20,3.139572261986723,0.0,0,0.6666666666666666,-6.9871592592592595,low,0.5,2,0.6666666666666666,True,NOERROR,2,300,0,2,False,False,2,13335,US,False,,,,False,0,False,False,,benign,no_adverse_signal
quasheen.shop,2026-07-08,13,2.75,0.0,0,1.0,-6.945215384615385,low,0.6154,2,0.875,True,NOERROR,1,300,0,2,False,False,0,199242,US,False,,,,False,0,False,False,,benign,no_adverse_signal
dr19j.top,2026-07-08,9,2.321928094887362,0.2222222222222222,0,0.0,-11.432357142857143,high,0.4444,2,1.0,True,NOERROR,3,15,0,0,False,True,0,133199,HK,False,"GoDaddy.com, LLC",2,365,True,0,False,False,,benign,no_adverse_signal
francannuaire.fr,2026-07-08,16,2.8150724101159437,0.0,0,0.8571428571428571,-6.821795652173913,low,0.5185,2,0.6153846153846154,True,NOERROR,1,3600,3,2,True,False,0,50474,FR,False,OVH,1,364,False,0,False,False,False,benign,no_adverse_signal
stemp-limoges.com,2026-07-08,17,3.238901256602631,0.0,1,0.5,-7.264852173913043,low,0.56,2,0.7692307692307693,False,NOERROR,0,,3,2,True,False,0,,,,"Amazon Registrar, Inc.",2,365,False,,,False,False,benign,no_adverse_signal
modellautoshop.ch,2026-07-08,17,3.3248629576173574,0.0,0,0.75,-6.544092000000001,low,0.4762,2,0.7857142857142857,True,NOERROR,1,3600,2,3,False,False,0,16276,FR,True,,,,False,0,False,False,False,benign,no_adverse_signal
kyngarline.com,2026-07-08,14,3.121928094887362,0.0,0,0.42857142857142855,-6.839647058823529,low,0.5714,4,0.9,True,NOERROR,3,3600,0,2,False,False,0,58182,US,True,Wix.com Ltd.,2,365,False,19,False,False,,benign,no_adverse_signal
lychee-splash.site,2026-07-08,18,3.085055102756477,0.0,1,0.3333333333333333,-7.059895652173913,medium,0.5714,4,0.6923076923076923,True,NOERROR,2,300,3,2,True,False,2,13335,US,False,"NameCheap, Inc.",2,365,False,0,False,False,False,benign,no_adverse_signal
pakmakers.online,2026-07-08,16,2.725480556997868,0.0,0,0.5,-7.145026666666666,medium,0.5714,2,0.7777777777777778,True,NOERROR,1,2002,0,2,False,False,0,16509,US,False,"HOSTINGER operations, UAB",2,365,False,0,False,False,,benign,no_adverse_signal
jaisaspace.shop,2026-07-08,15,2.6464393446710153,0.0,0,1.0,-6.879458823529411,low,0.625,2,0.7,True,NOERROR,1,300,0,2,False,False,0,199242,GE,False,,,,False,0,False,False,,benign,no_adverse_signal
aibiblehub.xyz,2026-07-08,14,2.6464393446710153,0.0,0,1.0,-7.4386,high,0.5,2,0.7,True,NOERROR,2,3600,1,2,True,False,0,16509,US,True,"GMO Internet, Inc.",3,365,True,28,False,False,,benign,no_adverse_signal
mvvmservices.com,2026-07-08,16,2.6887218755408666,0.0,0,0.3333333333333333,-7.669504761904761,low,0.72,5,0.5833333333333334,True,NOERROR,4,14400,1,4,True,False,0,53831,US,False,Squarespace Domains II LLC,2,365,True,22,False,False,False,benign,no_adverse_signal
netrotasi.com,2026-07-08,13,2.94770277922009,0.0,0,0.8,-6.12298,low,0.625,2,0.8888888888888888,True,NOERROR,1,3600,1,3,True,False,0,51557,TR,False,Isimtescil Bilisim A.S,2,365,True,0,False,False,False,benign,no_adverse_signal
developedmaker.xyz,2026-07-08,18,3.09306920777189,0.0,0,0.75,-6.80264,high,0.5,2,0.7142857142857143,True,NOERROR,2,3600,1,2,True,False,0,16509,US,True,"GMO Internet, Inc.",2,365,True,28,False,False,,benign,no_adverse_signal
modelbugs.xyz,2026-07-08,13,3.169925001442312,0.0,0,0.5,-7.473953333333333,high,0.5,2,1.0,True,NOERROR,2,3600,1,2,True,False,0,16509,US,True,"GMO Internet, Inc.",2,365,True,28,False,False,,benign,no_adverse_signal
southshelf.com,2026-07-08,14,2.9219280948873623,0.0,0,0.42857142857142855,-7.220470588235294,low,0.4762,4,0.8,False,NOERROR,0,,5,2,True,False,0,,,,"NameCheap, Inc.",2,365,False,,,False,False,benign,no_adverse_signal
primaraofficial.com,2026-07-08,19,3.0062389286533895,0.0,0,0.875,-6.7824740740740745,low,0.5806,2,0.6,True,NOERROR,1,86400,0,4,False,False,1,13335,CA,True,"TUCOWS.COM, CO.",2,365,True,0,False,False,,benign,no_adverse_signal
humanreadyprocess.com,2026-07-08,21,3.6168746059562227,0.0,0,0.5454545454545454,-6.967861290322581,low,0.5385,4,0.7647058823529411,True,NOERROR,2,600,0,2,False,False,0,16509,US,True,"GoDaddy.com, LLC",3,365,True,37,False,False,,benign,no_adverse_signal
houseofnovelle.com,2026-07-08,18,2.9852281360342516,0.0,0,1.0,-7.144808,low,0.4762,2,0.6428571428571429,True,NOERROR,1,300,2,2,True,False,0,38719,AU,True,Dreamscape Networks International Pte Ltd,2,365,False,0,False,False,False,benign,no_adverse_signal
zagr.eus,2026-07-08,8,2.0,0.0,0,0.3333333333333333,-7.684140000000001,low,0.4615,2,1.0,True,NOERROR,2,300,0,2,False,False,2,13335,US,False,DINAHOSTING S.L.,2,365,False,0,False,False,,benign,no_adverse_signal
bms53.com,2026-07-08,9,2.321928094887362,0.2222222222222222,0,0.0,-10.578514285714286,low,0.5,3,1.0,True,NOERROR,2,300,0,2,False,False,2,13335,US,False,"NameCheap, Inc.",2,365,False,0,False,False,,benign,no_adverse_signal
venussilvercreation.com,2026-07-08,23,3.471354487013928,0.0,0,0.7272727272727273,-6.645302857142857,low,0.5,3,0.631578947368421,True,NOERROR,1,3600,0,2,False,False,0,13335,CA,True,"GoDaddy.com, LLC",2,365,True,0,False,False,,benign,no_adverse_signal
zsksomall.shop,2026-07-08,14,2.725480556997868,0.0,0,0.2857142857142857,-7.552006666666667,low,0.4706,4,0.7777777777777778,False,NOERROR,0,,0,2,False,False,0,,,,,,,False,,,False,,benign,no_adverse_signal
civichub.space,2026-07-08,14,2.5,0.0,0,0.6,-6.935161538461538,low,0.625,2,0.75,True,NOERROR,2,300,0,2,False,False,2,13335,US,False,"NameCheap, Inc.",2,365,False,0,False,False,,benign,no_adverse_signal
placespleasetheatre.com,2026-07-08,23,2.9655839357277807,0.0,0,0.7272727272727273,-6.335928571428571,low,0.5161,3,0.47368421052631576,True,NOERROR,2,600,0,2,False,False,0,16509,US,True,"GoDaddy.com, LLC",2,365,True,37,False,False,,benign,no_adverse_signal
meterproof.xyz,2026-07-08,14,2.7219280948873625,0.0,0,0.6666666666666666,-6.501664705882353,high,0.5263,3,0.7,True,NOERROR,2,3600,1,2,True,False,0,16509,US,True,"GMO Internet, Inc.",2,365,True,28,False,False,,benign,no_adverse_signal
stocksos.world,2026-07-08,14,2.1556390622295662,0.0,0,0.3333333333333333,-6.831769230769231,low,0.5,3,0.625,True,NOERROR,2,300,0,2,False,False,0,16509,US,True,,,,,1,False,False,,benign,no_adverse_signal
absolute-academy.com,2026-07-08,20,3.577819531114783,0.0,1,0.875,-7.171772413793104,low,0.4667,2,0.8125,True,NOERROR,2,14400,1,4,False,False,0,16509,NL,True,Squarespace Domains LLC,733,1095,True,6,False,False,False,benign,no_adverse_signal
nusaqq.org,2026-07-08,10,2.2516291673878226,0.0,0,0.5,-8.83278888888889,low,0.6,2,0.8333333333333334,True,NOERROR,1,14400,1,2,True,False,0,26496,SG,True,"NameSilo, LLC",2,365,False,0,False,False,False,benign,no_adverse_signal
jdhfkajsdf.shop,2026-07-08,15,2.721928094887362,0.0,0,0.1111111111111111,-10.197594117647059,low,0.375,5,0.7,True,NOERROR,2,600,0,2,False,False,0,16509,US,True,,,,False,37,False,False,,benign,no_adverse_signal
nihuax.com,2026-07-08,10,2.584962500721156,0.0,0,1.0,-8.417744444444445,low,0.6667,1,1.0,False,timeout,0,,0,0,False,False,0,,,,Xin Net Technology Corporation,371,730,False,,,False,,benign,no_adverse_signal
47v2v-0thru-nfkkqx.xyz,2026-07-08,22,3.8365916681089787,0.18181818181818182,2,0.09090909090909091,-11.239836363636364,high,0.3846,6,0.8333333333333334,True,NOERROR,2,600,0,2,False,False,0,16509,US,True,"GoDaddy.com, LLC",2,365,True,37,False,False,,benign,no_adverse_signal
allisenglish.com,2026-07-08,16,2.8553885422075336,0.0,0,0.5,-6.378185714285714,low,0.5,3,0.6666666666666666,True,NOERROR,1,1799,5,2,True,False,0,16509,US,False,"NameCheap, Inc.",2,365,False,0,False,False,False,benign,no_adverse_signal
jvuqxokng3.top,2026-07-08,14,3.321928094887362,0.07142857142857142,0,0.2857142857142857,-10.972011764705883,high,0.5,3,1.0,False,timeout,0,,0,0,False,False,0,,,,Porkbun LLC,2,365,False,,,False,,benign,no_adverse_signal
88rr88.app,2026-07-08,10,0.9182958340544896,0.4,0,0.0,-10.542422222222221,low,0.3333,2,0.3333333333333333,True,NOERROR,2,300,0,2,False,False,2,13335,US,False,,,,False,0,False,False,,benign,no_adverse_signal
entretien.nc,2026-07-08,12,2.197159723424149,0.0,0,0.8,-6.081846666666666,low,0.5556,3,0.5555555555555556,False,NOERROR,0,,1,2,False,False,0,,,,,,,False,,,False,False,benign,no_adverse_signal
smitekmonpeti.com,2026-07-08,17,3.0850551027564768,0.0,0,0.625,-7.1786521739130436,low,0.5714,2,0.6923076923076923,True,NOERROR,1,600,0,2,True,False,1,54456,US,False,"ENOM, INC.",2,365,True,2,False,False,,benign,no_adverse_signal
8773bdmpavi.top,2026-07-08,15,3.2776134368191165,0.26666666666666666,0,0.4,-9.649131578947367,high,0.4211,4,0.9090909090909091,False,NOERROR,0,,0,2,False,False,0,,,,"Todaynic.com, Inc.",4,365,True,,,False,,benign,no_adverse_signal
lalumar.com,2026-07-08,11,2.2359263506290326,0.0,0,0.75,-6.662854545454545,low,0.7143,1,0.7142857142857143,True,NOERROR,1,60,1,2,True,False,0,34762,IT,True,"Webempresa Europa, S.L.",737,1095,True,0,False,False,False,benign,no_adverse_signal
1percentclub.space,2026-07-08,18,3.2516291673878226,0.05555555555555555,0,0.375,-7.146042857142858,low,0.64,4,0.8333333333333334,True,NOERROR,2,60,2,2,True,False,2,47583,LT,False,"GoDaddy.com, LLC",2,365,True,8,False,False,False,benign,no_adverse_signal
westernwireusa.us,2026-07-08,17,3.039148671903071,0.0,0,0.75,-6.81316,low,0.4762,3,0.6428571428571429,False,NOERROR,0,,5,2,True,False,0,,,,"NameSilo, LLC",2,365,False,,,False,False,benign,no_adverse_signal
hakanerdem.online,2026-07-08,17,2.9219280948873623,0.0,0,0.6666666666666666,-6.6766000000000005,medium,0.6,2,0.8,True,NOERROR,1,3600,0,2,True,False,0,34619,TR,True,Nics Telekomunikasyon A.S.,2,365,True,2,False,False,,benign,no_adverse_signal
poolheaterhelp.com,2026-07-08,18,2.8962915290459286,0.0,0,0.75,-6.954159999999999,low,0.5333,2,0.5714285714285714,True,NOERROR,4,14400,0,4,True,False,0,53831,US,False,Squarespace Domains LLC,2,365,True,22,False,False,,benign,no_adverse_signal
937311.com,2026-07-08,10,1.9182958340544896,0.6,0,0.0,-10.882266666666666,low,0.2222,0,0.6666666666666666,True,NOERROR,1,600,0,4,False,False,0,62468,US,False,Dominet (HK) Limited,2,365,False,0,True,True,,malicious,spamhaus_zen
geraldkallis.com,2026-07-08,16,3.0220552088742,0.0,0,0.5,-6.884019047619048,low,0.5556,3,0.75,True,NOERROR,2,120,0,4,False,False,0,16509,DE,True,"Name.com, Inc.",2,365,True,17,False,False,,benign,no_adverse_signal
collect-wire.com,2026-07-08,16,3.0849625007211556,0.0,1,0.5714285714285714,-7.0145809523809515,low,0.5,2,0.75,True,NOERROR,1,1800,5,2,True,False,0,22612,US,False,"NameCheap, Inc.",2,365,False,0,False,False,False,benign,no_adverse_signal
houseofamayaa.com,2026-07-08,17,2.931208948910323,0.0,0,1.6,-7.205121739130435,low,0.4762,1,0.6923076923076923,True,NOERROR,1,86400,0,4,False,False,1,13335,CA,True,"TUCOWS.COM, CO.",2,365,True,0,False,False,,benign,no_adverse_signal
intrustvault.xyz,2026-07-08,16,3.0220552088742,0.0,0,0.5,-6.884861904761904,high,0.6364,3,0.75,True,NOERROR,2,1800,0,2,False,False,0,16509,US,False,"Name.com, Inc.",2,365,True,0,False,False,,benign,no_adverse_signal
de-fane.nl,2026-07-08,10,2.5216406363433186,0.0,1,1.0,-7.261645454545455,low,0.6154,1,0.8571428571428571,True,NOERROR,1,1799,5,2,True,False,0,14061,SG,False,"NAMECHEAP, INC.",2,,False,0,False,False,False,benign,no_adverse_signal
eclipserelics.com,2026-07-08,17,2.7192945256669794,0.0,0,0.625,-6.5057217391304345,low,0.5385,2,0.5384615384615384,True,NOERROR,1,86400,0,2,False,False,0,16509,US,True,"TUCOWS.COM, CO.",371,730,True,0,False,False,,benign,no_adverse_signal
loginmateslots.org,2026-07-08,18,3.2359263506290326,0.0,0,0.5555555555555556,-6.57972,low,0.5455,2,0.7142857142857143,False,NOERROR,0,,0,2,False,False,0,,,,"NameSilo, LLC",2,365,False,,,True,,malicious,spamhaus_dbl
lux-english.ru,2026-07-08,14,3.2776134368191165,0.0,1,0.42857142857142855,-7.6244,low,0.5,3,0.9090909090909091,True,NOERROR,1,3600,0,2,False,False,1,197695,RU,False,REGRU-RU,2560,2557,False,0,False,False,,benign,no_adverse_signal
7cogginslane.com,2026-07-08,16,3.2516291673878226,0.0625,0,0.5714285714285714,-7.258857142857143,low,0.4762,3,0.8333333333333334,True,NOERROR,2,300,5,2,True,True,0,16509,US,True,"NameCheap, Inc.",2,365,False,0,False,False,False,benign,no_adverse_signal
cxq01sfw0hzi5j-i10et.com,2026-07-08,24,3.884183719779189,0.25,1,0.3,-11.90691081081081,low,0.303,3,0.8,True,NOERROR,2,600,0,2,False,False,0,16509,US,True,"GoDaddy.com, LLC",2,365,True,37,False,False,,benign,no_adverse_signal
ownq5zqg.com,2026-07-08,12,2.75,0.08333333333333333,0,0.16666666666666666,-11.995592307692307,low,0.4,3,0.875,True,NOERROR,2,300,0,2,False,True,2,13335,US,False,"GMO Internet, Inc.",2,365,True,0,False,False,,benign,no_adverse_signal
jessicamiddendorf.com,2026-07-08,21,3.4548223999466066,0.0,0,0.5454545454545454,-6.8559580645161295,low,0.5,2,0.7058823529411765,True,NOERROR,2,3600,0,2,False,False,0,16509,US,True,"GoDaddy.com, LLC",2,365,True,23,False,False,,benign,no_adverse_signal
glowupplanner.co.uk,2026-07-08,19,3.238901256602631,0.0,0,0.4444444444444444,-7.030552173913043,low,0.5217,3,0.7692307692307693,True,NOERROR,1,300,2,4,True,False,0,396982,US,True,Ionos SE [Tag = 1AND1],4,365,False,31,False,False,False,benign,no_adverse_signal
losangelescyclingtours.com,2026-07-08,26,3.572623663895163,0.0,0,0.4666666666666667,-6.722234146341464,low,0.45,5,0.5909090909090909,False,NOERROR,0,,0,2,False,False,0,,,,"Cloudflare, Inc.",2,365,True,,,False,,benign,no_adverse_signal
hqyy1.com,2026-07-08,9,1.9219280948873623,0.1111111111111111,0,0.0,-11.546985714285714,low,0.3636,4,0.8,False,NOERROR,0,,0,2,False,False,0,,,,Realtime Register B.V.,2,365,False,,,False,,benign,no_adverse_signal
kk2820e.app,2026-07-08,11,2.2359263506290326,0.36363636363636365,0,0.5,-11.45198181818182,low,0.375,2,0.7142857142857143,True,NOERROR,1,300,0,2,False,False,1,,,False,,,,False,0,False,False,,benign,no_adverse_signal
fanslysite.com,2026-07-08,14,3.121928094887362,0.0,0,0.42857142857142855,-6.997194117647059,low,0.625,5,0.9,True,NOERROR,2,300,0,2,False,False,2,13335,US,False,PDR Ltd. d/b/a PublicDomainRegistry.com,2,365,False,0,False,False,,benign,no_adverse_signal
qodeoxu.shop,2026-07-08,12,2.5216406363433186,0.0,0,1.3333333333333333,-8.389854545454545,low,0.5,1,0.8571428571428571,True,NOERROR,1,300,0,2,False,False,0,15169,US,True,,,,False,0,False,False,,benign,no_adverse_signal
forumforstablecurrencies.info,2026-07-08,29,3.636842188131012,0.0,0,0.6,-6.7986466666666665,medium,0.4,3,0.5833333333333334,True,NOERROR,2,10800,2,2,True,False,2,14618,US,True,,,,,0,False,False,False,benign,no_adverse_signal
usdt998.xyz,2026-07-08,11,2.521640636343318,0.2727272727272727,0,0.3333333333333333,-9.839636363636364,high,0.4286,3,0.8571428571428571,True,NOERROR,3,600,0,2,False,True,0,62068,NL,True,Dynadot Inc,2,365,False,0,False,False,,benign,no_adverse_signal
revokerun.xyz,2026-07-08,13,2.725480556997868,0.0,0,0.8,-7.01734,high,0.6154,1,0.7777777777777778,True,NOERROR,2,3600,1,2,True,False,0,16509,US,True,"GMO Internet, Inc.",2,365,True,28,False,False,,benign,no_adverse_signal
directdepositauthorizationform.com,2026-07-08,34,3.7483943455364033,0.0,0,0.7647058823529411,-6.763875438596491,low,0.4082,3,0.5333333333333333,True,NOERROR,1,300,0,2,False,False,0,16509,US,False,"Cloudflare, Inc.",2,365,True,0,False,False,,benign,no_adverse_signal
thirstyscrow.com,2026-07-08,16,3.0849625007211556,0.0,0,0.2,-7.094223809523809,low,0.48,7,0.75,True,NOERROR,2,3600,0,8,False,False,2,205787,DE,True,NAMECHEAP INC,2,365,True,0,False,False,,benign,no_adverse_signal
cuttlefeed.xyz,2026-07-08,14,2.6464393446710153,0.0,0,0.6666666666666666,-7.3578117647058825,high,0.5,3,0.7,True,NOERROR,2,3600,1,2,True,False,0,16509,US,True,"GMO Internet, Inc.",2,365,True,28,False,False,,benign,no_adverse_signal
life-balance.earth,2026-07-08,18,3.084962500721156,0.0,1,0.8333333333333334,-6.858333333333333,low,0.5455,2,0.75,True,NOERROR,2,600,0,2,False,False,0,16509,US,True,"GoDaddy.com, LLC",2,365,True,37,False,False,,benign,no_adverse_signal
ysadetails.com,2026-07-08,14,2.9219280948873623,0.0,0,0.6666666666666666,-6.805547058823529,low,0.5714,2,0.8,True,NOERROR,1,86400,0,4,False,False,0,16509,IE,True,Gandi SAS,2,365,True,0,False,False,,benign,no_adverse_signal
saacarchitecture.com,2026-07-08,20,3.0306390622295662,0.0,0,0.7777777777777778,-6.561955172413794,low,0.5385,3,0.5625,True,NOERROR,1,900,1,2,True,False,0,42868,TR,True,Realtime Register B.V.,2,365,False,0,False,False,False,benign,no_adverse_signal
floreleih.com,2026-07-08,13,2.725480556997868,0.0,0,0.8,-6.89166,low,0.5333,2,0.7777777777777778,True,NOERROR,1,1800,2,2,False,False,0,22612,US,False,NAMECHEAP INC,2,731,True,0,False,False,True,benign,no_adverse_signal
sjicontigo.com,2026-07-08,14,2.9219280948873623,0.0,0,0.6666666666666666,-7.267582352941177,low,0.5217,2,0.8,True,NOERROR,1,300,0,4,False,False,0,396982,US,True,"Name.com, Inc.",2,365,True,0,True,False,,malicious,spamhaus_zen
learntorise.net,2026-07-08,15,3.0957952550009344,0.0,0,0.8333333333333334,-6.317542105263158,low,0.5833,3,0.8181818181818182,True,NOERROR,1,1800,0,0,False,False,0,58182,US,True,Wix.com Ltd.,737,1095,False,0,False,False,,benign,no_adverse_signal
dglbxal.top,2026-07-08,11,2.5216406363433186,0.0,0,0.16666666666666666,-9.32380909090909,high,0.5882,5,0.8571428571428571,False,NOERROR,0,,0,2,False,False,0,,,,"GoDaddy.com, LLC",2,365,True,,,False,,benign,no_adverse_signal
itchozen.com,2026-07-08,12,3.0,0.0,0,0.6,-7.311207692307692,low,0.5714,3,1.0,True,NOERROR,1,14400,1,2,True,False,0,138145,BD,True,PDR Ltd. d/b/a PublicDomainRegistry.com,2,365,True,0,False,False,False,benign,no_adverse_signal
firelightt.shop,2026-07-08,15,2.9219280948873623,0.0,0,0.42857142857142855,-6.8361882352941175,low,0.5,4,0.8,False,NOERROR,0,,0,4,False,False,0,,,,,,,False,,,False,,benign,no_adverse_signal
ulusanhome.com,2026-07-08,14,3.121928094887362,0.0,0,1.0,-6.835376470588236,low,0.5,2,0.9,True,NOERROR,1,300,0,3,False,False,0,16509,US,True,"TUCOWS.COM, CO.",2,365,True,0,False,False,,benign,no_adverse_signal
managefarm.xyz,2026-07-08,14,2.6464393446710153,0.0,0,0.6666666666666666,-6.680752941176471,high,0.5833,2,0.7,True,NOERROR,2,3600,1,2,True,False,0,16509,US,True,"GMO Internet, Inc.",2,365,True,28,False,False,,benign,no_adverse_signal
9abcr.top,2026-07-08,9,2.321928094887362,0.1111111111111111,0,0.3333333333333333,-9.106585714285714,high,0.5,3,1.0,True,NOERROR,9,60,0,2,False,True,0,209242,US,False,"Spaceship, Inc.",2,365,True,0,False,True,,malicious,spamhaus_dbl
klarmann-lindern.com,2026-07-08,20,3.125,0.0,1,0.36363636363636365,-6.7103068965517245,low,0.5385,2,0.625,True,NOERROR,1,150,1,2,False,False,1,8560,DE,True,InterNetX GmbH,2,365,True,1,False,False,False,benign,no_adverse_signal
awaketelecom.online,2026-07-08,19,3.0220552088742,0.0,0,1.0,-6.440385714285714,medium,0.6316,1,0.75,True,NOERROR,1,86400,0,2,False,False,0,16509,US,True,"TUCOWS.COM, CO.",371,730,False,0,False,False,,benign,no_adverse_signal
fiolakolajo.site,2026-07-08,16,2.663532754804255,0.0,0,1.2,-7.644973684210527,medium,0.4762,1,0.6363636363636364,True,NOERROR,2,300,5,2,True,False,2,13335,US,False,NAMECHEAP INC,2,365,True,0,False,False,False,benign,no_adverse_signal
backyardbottlefiller.com,2026-07-08,24,3.584183719779189,0.0,0,0.42857142857142855,-7.108791891891892,low,0.4,3,0.65,True,NOERROR,2,3600,0,2,False,False,0,16509,US,True,"GoDaddy.com, LLC",2,365,True,48,False,False,,benign,no_adverse_signal
sportarena.pl,2026-07-08,13,2.9219280948873623,0.0,0,0.6666666666666666,-5.890111764705883,low,0.5882,2,0.8,True,NOERROR,1,21600,1,2,True,False,0,48707,PL,False,Aftermarket.pl Limited,2,365,False,0,False,False,False,benign,no_adverse_signal
starleap.online,2026-07-08,15,2.75,0.0,0,0.6,-6.372338461538462,medium,0.5882,2,0.875,False,NOERROR,0,,0,2,False,False,0,,,,"Spaceship, Inc.",2,365,False,,,False,,benign,no_adverse_signal
fitmelody.xyz,2026-07-08,13,3.169925001442312,0.0,0,0.5,-7.231586666666667,high,0.5714,2,1.0,True,NOERROR,2,3600,1,2,True,False,0,16509,US,True,"GMO Internet, Inc.",2,365,True,28,False,False,,benign,no_adverse_signal
isty04banned.com,2026-07-08,16,3.4182958340544896,0.125,0,0.42857142857142855,-8.311961904761905,low,0.5217,3,0.9166666666666666,True,NOERROR,2,300,2,2,True,False,2,13335,US,False,"Cloudflare, Inc.",2,365,True,0,False,False,True,benign,no_adverse_signal
svmgarhwa.in,2026-07-08,12,2.94770277922009,0.0,0,0.2857142857142857,-9.195953333333334,low,0.4706,4,0.8888888888888888,True,NOERROR,2,300,1,2,True,False,2,13335,US,False,"HOSTINGER operations, UAB",3,731,False,0,False,False,False,benign,no_adverse_signal
789win-vietnam.com,2026-07-08,18,3.52164063634332,0.16666666666666666,1,0.6666666666666666,-8.132124,low,0.5217,2,0.8571428571428571,True,NOERROR,1,600,0,2,False,False,0,134548,HK,False,Dominet (HK) Limited,2,365,False,0,False,False,,benign,no_adverse_signal
153re-m67h8-orvsqr.xyz,2026-07-08,22,3.794653473544342,0.2727272727272727,2,0.25,-10.77749090909091,high,0.3448,5,0.8333333333333334,True,NOERROR,2,600,0,2,False,False,0,16509,US,True,"GoDaddy.com, LLC",2,365,True,37,False,False,,benign,no_adverse_signal
gatotkaca123ams.site,2026-07-08,20,3.2402239289418517,0.15,0,0.7142857142857143,-8.130096296296296,medium,0.4211,2,0.7333333333333333,True,NOERROR,2,300,0,2,False,False,2,13335,US,False,NAMECHEAP INC,3,365,True,0,False,False,,benign,no_adverse_signal
mailsante.com,2026-07-08,13,2.94770277922009,0.0,0,0.8,-6.35574,low,0.6154,2,0.8888888888888888,False,timeout,0,,0,0,False,False,0,,,,NAMECHEAP INC,2,365,True,,,False,,benign,no_adverse_signal
buycharger.xyz,2026-07-08,14,3.1219280948873624,0.0,0,0.42857142857142855,-7.1439529411764715,high,0.4762,3,0.9,True,NOERROR,2,3600,1,2,True,False,0,16509,US,True,"GMO Internet, Inc.",2,365,True,28,False,False,,benign,no_adverse_signal
twindors-de.com,2026-07-08,15,3.277613436819116,0.0,1,0.42857142857142855,-6.962257894736843,low,0.6667,2,0.9090909090909091,True,NOERROR,2,300,0,2,False,False,2,13335,US,False,URL SOLUTIONS INC.,2,365,True,0,False,False,,benign,no_adverse_signal
anglohash.xyz,2026-07-08,13,2.725480556997868,0.0,0,0.5,-6.9059,high,0.5882,3,0.7777777777777778,True,NOERROR,2,3600,1,2,True,False,0,16509,US,True,"GMO Internet, Inc.",2,365,True,28,False,False,,benign,no_adverse_signal
legacysafarisltd.com,2026-07-08,20,3.452819531114783,0.0,0,0.45454545454545453,-7.447106896551724,low,0.4516,4,0.75,True,NOERROR,1,14400,3,2,True,False,0,22612,US,True,NAMECHEAP INC,2,365,True,0,False,False,False,benign,no_adverse_signal
whiparounddeals.com,2026-07-08,19,3.6402239289418516,0.0,0,0.6666666666666666,-6.867759259259259,low,0.5217,3,0.8666666666666667,False,NOERROR,0,,1,4,True,False,0,,,,Dynadot Inc,2,365,False,,,False,False,benign,no_adverse_signal
floridarelocations.com,2026-07-08,22,3.4613201402110083,0.0,0,0.8,-6.271539393939394,low,0.5517,2,0.6666666666666666,True,NOERROR,1,1800,0,5,False,False,0,16509,US,True,"ENOM, INC.",2,365,True,0,False,False,,benign,no_adverse_signal
kalin.bond,2026-07-08,10,2.321928094887362,0.0,0,0.6666666666666666,-5.933128571428571,low,0.7273,1,1.0,True,NOERROR,1,10800,0,2,False,False,0,16509,US,True,Dynadot Inc,194,365,False,21,False,False,,benign,no_adverse_signal
jarvon.shop,2026-07-08,11,2.584962500721156,0.0,0,0.5,-7.546677777777778,low,0.6154,2,1.0,True,NOERROR,1,7200,0,4,False,False,0,209242,IM,False,,,,False,0,False,False,,benign,no_adverse_signal
rprp777o.com,2026-07-08,12,1.9056390622295665,0.25,0,0.25,-9.897153846153847,low,0.4,4,0.5,True,NOERROR,2,300,0,2,False,False,2,13335,US,False,Dominet (HK) Limited,2,365,False,0,False,False,,benign,no_adverse_signal
runarusa.net,2026-07-08,12,2.25,0.0,0,1.0,-6.828092307692308,low,0.6667,1,0.625,True,NOERROR,1,1800,5,2,True,False,0,22612,US,False,NAMECHEAP INC,3,365,True,0,False,False,False,benign,no_adverse_signal
movierulzsy.com,2026-07-08,15,3.459431618637298,0.0,0,0.5714285714285714,-8.057115789473684,low,0.4545,4,1.0,True,NOERROR,2,300,0,2,False,False,2,13335,US,False,Dynadot Inc,2,365,False,0,False,False,,benign,no_adverse_signal
solidrisk.xyz,2026-07-08,13,2.725480556997868,0.0,0,0.5,-6.90806,high,0.5333,2,0.7777777777777778,True,NOERROR,2,3600,1,2,True,False,0,16509,US,True,"GMO Internet, Inc.",2,365,True,28,False,False,,benign,no_adverse_signal
stablegroup.space,2026-07-08,17,3.459431618637298,0.0,0,0.5714285714285714,-6.504984210526316,low,0.5263,2,1.0,True,NOERROR,1,50,0,2,False,False,0,47583,CY,False,"HOSTINGER operations, UAB",2,365,False,32,False,False,,benign,no_adverse_signal
ppaso-wx2cc-cgwvug.work,2026-07-08,23,3.4613201402110083,0.043478260869565216,2,0.25,-9.84349393939394,low,0.4348,4,0.6666666666666666,True,NOERROR,2,600,0,2,False,False,0,16509,US,True,"GoDaddy.com, LLC",2,365,True,37,False,False,,benign,no_adverse_signal
35superace.com,2026-07-08,14,3.121928094887362,0.14285714285714285,0,1.0,-7.800147058823529,low,0.7368,1,0.9,True,NOERROR,2,300,0,2,False,False,2,13335,US,False,Dynadot Inc,2,365,False,0,False,False,,benign,no_adverse_signal
7902.buzz,2026-07-08,9,2.0,0.4444444444444444,0,0.0,-10.66142,high,0.2857,0,1.0,True,NOERROR,2,300,0,2,False,False,2,13335,US,False,"Spaceship, Inc.",2,365,False,0,False,False,,benign,no_adverse_signal
omorniloy.com,2026-07-08,13,2.6416041678685933,0.0,0,0.8,-6.9701466666666665,low,0.5,2,0.7777777777777778,True,NOERROR,1,1800,0,2,False,False,1,47583,IN,False,"HOSTINGER operations, UAB",2,1096,False,0,False,False,,benign,no_adverse_signal
cryptxt.org,2026-07-08,11,2.521640636343318,0.0,0,0.0,-8.75550909090909,low,0.7273,7,0.8571428571428571,False,NOERROR,0,,0,2,False,False,0,,,,"Cloudflare, Inc.",2,365,False,,,False,,benign,no_adverse_signal
wsfzqc.com,2026-07-08,10,2.584962500721156,0.0,0,0.0,-11.162166666666668,low,0.5,6,1.0,True,NOERROR,2,16,0,4,False,False,0,16509,US,True,Porkbun LLC,743,1095,False,2,False,False,,benign,no_adverse_signal
ensaionahora.shop,2026-07-08,17,2.8553885422075336,0.0,0,1.4,-6.656442857142857,low,0.5,2,0.6666666666666666,True,NOERROR,1,14400,1,2,False,False,0,31898,US,True,,,,False,0,False,False,False,benign,no_adverse_signal
smsbroadcastermachineprice.com,2026-07-08,30,3.632192121571194,0.0,0,0.5294117647058824,-6.667904081632654,low,0.5128,5,0.5384615384615384,False,NOERROR,0,,0,2,False,False,0,,,,"NameSilo, LLC",2,365,False,,,False,,benign,no_adverse_signal
triviasoftwares.com,2026-07-08,19,3.2402239289418517,0.0,0,0.6666666666666666,-6.664503703703703,low,0.48,3,0.6666666666666666,True,NOERROR,1,600,0,2,False,False,0,138415,SC,False,"GMO Internet, Inc.",2,365,True,0,False,False,,benign,no_adverse_signal
contigo24-7.com,2026-07-08,15,3.2776134368191165,0.2,1,0.75,-8.017084210526315,low,0.4211,2,0.9090909090909091,True,NOERROR,1,1800,0,2,False,False,1,47583,US,False,"HOSTINGER operations, UAB",2,365,False,0,False,False,,benign,no_adverse_signal
linkaccess.xyz,2026-07-08,14,2.9219280948873623,0.0,0,0.42857142857142855,-6.614929411764706,high,0.6087,2,0.8,True,NOERROR,2,3600,1,2,True,False,0,16509,US,True,"GMO Internet, Inc.",2,365,True,28,False,False,,benign,no_adverse_signal
alahlylearning.com,2026-07-08,18,2.9852281360342516,0.0,0,0.5555555555555556,-7.054679999999999,low,0.4545,4,0.6428571428571429,True,NOERROR,1,300,0,4,False,False,0,16509,US,True,"GoDaddy.com, LLC",2,1096,True,0,False,False,,benign,no_adverse_signal
royaltotoko333jpx.site,2026-07-08,22,3.2195282822995477,0.13636363636363635,0,0.5555555555555556,-8.926609677419355,medium,0.4848,3,0.6470588235294118,True,NOERROR,2,300,0,2,False,False,2,13335,US,False,NAMECHEAP INC,3,365,True,0,False,False,,benign,no_adverse_signal
forukiami.autos,2026-07-08,15,2.94770277922009,0.0,0,1.25,-7.149346666666667,low,0.5714,1,0.8888888888888888,True,NOERROR,2,300,0,2,False,False,2,13335,US,False,NAMECHEAP INC,2,365,True,0,False,False,,benign,no_adverse_signal
mega-anvilforge.shop,2026-07-08,20,3.506890595608518,0.0,1,0.75,-7.399818518518519,low,0.5,2,0.8,True,NOERROR,2,300,0,2,False,False,2,13335,US,False,,,,False,0,False,False,,benign,no_adverse_signal
girlunfurled.com,2026-07-08,16,3.0849625007211556,0.0,0,0.5,-7.753461904761904,low,0.5263,2,0.75,True,NOERROR,2,10800,2,2,True,False,2,14618,US,True,DropCatch.com 568 LLC,2,365,True,0,False,False,False,benign,no_adverse_signal
ehoo86.com,2026-07-08,10,2.2516291673878226,0.2,0,3.0,-9.581555555555557,low,0.5455,1,0.8333333333333334,True,NOERROR,1,600,0,4,False,False,0,54600,US,False,Dominet (HK) Limited,2,365,False,0,False,False,,benign,no_adverse_signal
gabimanila.com,2026-07-08,14,2.6464393446710153,0.0,0,1.0,-6.76334705882353,low,0.6667,1,0.7,True,NOERROR,4,14400,0,4,True,False,0,53831,US,False,Squarespace Domains LLC,2,365,True,22,False,False,,benign,no_adverse_signal
topkanojo.xyz,2026-07-08,13,2.6416041678685933,0.0,0,0.8,-7.843266666666667,high,0.5333,2,0.7777777777777778,True,NOERROR,2,3600,1,2,True,False,0,16509,US,True,"GMO Internet, Inc.",2,365,True,28,False,False,,benign,no_adverse_signal
binaryfire.xyz,2026-07-08,14,2.9219280948873623,0.0,0,0.6666666666666666,-6.927705882352941,high,0.5,3,0.8,True,NOERROR,2,3600,1,2,True,False,0,16509,US,True,"GMO Internet, Inc.",2,365,True,28,False,False,,benign,no_adverse_signal
rebeccagosden.com,2026-07-08,17,3.180832987205441,0.0,0,0.625,-7.191695652173912,low,0.5263,2,0.7692307692307693,True,NOERROR,1,1800,0,0,False,False,0,58182,US,True,Wix.com Ltd.,736,1095,False,0,False,False,,benign,no_adverse_signal
calvinhkz.com,2026-07-08,13,3.169925001442312,0.0,0,0.2857142857142857,-8.143073333333334,low,0.5882,4,1.0,True,NOERROR,1,60,0,3,False,False,0,26347,US,True,DREAMHOST,2,731,True,0,False,False,,benign,no_adverse_signal
primestackbox.lol,2026-07-08,17,3.7004397181410926,0.0,0,0.4444444444444444,-6.535178260869565,low,0.4762,3,1.0,True,NOERROR,1,1800,5,2,True,False,0,22612,US,False,NAMECHEAP INC,2,365,True,0,False,False,False,benign,no_adverse_signal
765408.xyz,2026-07-08,10,2.584962500721156,0.6,0,0.0,-11.258122222222221,high,0.4444,0,1.0,False,NOERROR,0,,0,2,False,False,0,,,,"Spaceship, Inc.",2,365,False,,,False,,benign,no_adverse_signal
dalvinlamelodiausa.com,2026-07-08,22,3.2390979179887864,0.0,0,1.0,-7.004572727272728,low,0.4828,2,0.6111111111111112,True,NOERROR,1,3600,0,2,False,False,0,58182,US,True,"GoDaddy.com, LLC",2,731,True,19,False,False,,benign,no_adverse_signal
zxgkapp.cc,2026-07-08,10,2.521640636343318,0.0,0,0.16666666666666666,-9.155227272727272,low,0.5,4,0.8571428571428571,True,NOERROR,1,1,0,2,False,True,0,40065,US,False,"NameSilo, LLC",5,365,True,0,False,False,,benign,no_adverse_signal
legacyfamilyinvestment.com,2026-07-08,26,3.6069367321753214,0.0,0,0.4666666666666667,-7.081297560975609,low,0.4211,3,0.5909090909090909,True,NOERROR,2,300,0,2,False,False,0,16509,US,True,"Spaceship, Inc.",2,365,False,1,False,False,,benign,no_adverse_signal
gothenburg-apotek.com,2026-07-08,21,3.6168746059562227,0.0,1,0.6,-7.2941548387096775,low,0.4444,2,0.7647058823529411,True,NOERROR,2,300,0,2,False,False,2,13335,US,False,Eranet International Limited,2,365,True,0,False,False,,benign,no_adverse_signal
vdnxse1306.top,2026-07-08,14,3.321928094887362,0.2857142857142857,0,0.2,-9.74105882352941,high,0.5333,5,1.0,False,NOERROR,0,,0,2,False,False,0,,,,Dynadot LLC,2,365,True,,,False,,benign,no_adverse_signal
creativonico.online,2026-07-08,19,3.084962500721156,0.0,0,1.0,-6.429847619047619,medium,0.6667,2,0.75,True,NOERROR,1,600,0,2,False,False,0,209242,AU,False,"GoDaddy.com, LLC",2,365,False,12,False,False,,benign,no_adverse_signal
vmyma.com,2026-07-08,9,1.9219280948873623,0.0,0,0.25,-8.525028571428571,low,0.4444,4,0.8,False,NOERROR,0,,0,2,False,False,0,,,,TuringSign Inc. d/b/a Cosmotown,2,365,False,,,False,,benign,no_adverse_signal
4orty8ightthelabel.com,2026-07-08,22,3.572431251322119,0.09090909090909091,0,0.45454545454545453,-8.118178787878788,low,0.4,5,0.7222222222222222,True,NOERROR,2,3600,1,2,True,False,0,16509,US,True,"GoDaddy.com, LLC",2,365,True,23,False,False,False,benign,no_adverse_signal
691290.my,2026-07-08,9,2.2516291673878226,0.6666666666666666,0,0.0,-10.57848888888889,low,0.4444,0,0.8333333333333334,True,NOERROR,1,1,0,2,False,True,0,4907,MY,False,"Dynadot, LLC",10,365,True,0,False,False,,benign,no_adverse_signal
belchbase.xyz,2026-07-08,13,2.725480556997868,0.0,0,0.5,-7.283426666666667,high,0.5714,4,0.7777777777777778,True,NOERROR,2,3600,1,2,True,False,0,16509,US,True,"GMO Internet, Inc.",2,365,True,28,False,False,,benign,no_adverse_signal
clauxlogistics.cl,2026-07-08,17,3.2359263506290326,0.0,0,0.5555555555555556,-7.163824,low,0.48,2,0.7142857142857143,False,NOERROR,0,,1,2,False,False,0,,,,NIC Chile,36,365,False,,,False,False,benign,no_adverse_signal
5fkgu.top,2026-07-08,9,2.321928094887362,0.1111111111111111,0,0.3333333333333333,-11.408328571428571,high,0.5,3,1.0,True,NOERROR,9,60,0,2,False,True,0,8075,JP,False,"Spaceship, Inc.",2,365,True,0,True,True,,malicious,spamhaus_zen
iambunker.xyz,2026-07-08,13,3.169925001442312,0.0,0,0.8,-7.049926666666666,high,0.5333,2,1.0,True,NOERROR,2,3600,1,2,True,False,0,16509,US,True,"GMO Internet, Inc.",2,365,True,28,False,False,,benign,no_adverse_signal
wireperf.fr,2026-07-08,11,2.5,0.0,0,0.6,-6.660107692307692,low,0.6154,2,0.75,False,NOERROR,0,,0,2,False,False,0,,,,SAS Ligne Web Services - LWS,2,364,False,,,False,,benign,no_adverse_signal
natural-exposure.com,2026-07-08,20,3.5,0.0,1,0.875,-7.007175862068966,low,0.5455,2,0.75,True,NOERROR,1,300,2,4,True,False,0,397273,US,False,IONOS SE,2,365,True,14,False,False,False,benign,no_adverse_signal
tempjobsusa.com,2026-07-08,15,3.277613436819116,0.0,0,0.5714285714285714,-7.788752631578947,low,0.5333,3,0.9090909090909091,True,NOERROR,1,300,0,2,False,False,0,396982,US,True,UnstoppableUS1 LLC,3,365,True,0,False,False,,benign,no_adverse_signal
wyslbmcooxmgc.com,2026-07-08,17,3.238901256602631,0.0,0,0.18181818181818182,-9.071913043478261,low,0.4545,7,0.7692307692307693,False,NOERROR,0,,0,2,False,False,0,,,,"GMO Internet, Inc.",2,365,True,,,False,,benign,no_adverse_signal
taxi4de.com,2026-07-08,11,2.807354922057604,0.09090909090909091,0,1.0,-9.360345454545454,low,0.5455,1,1.0,True,NOERROR,2,300,0,2,False,False,2,13335,US,False,Dynadot Inc,3,365,False,0,False,False,,benign,no_adverse_signal
buychanger.xyz,2026-07-08,14,3.321928094887362,0.0,0,0.42857142857142855,-6.906294117647058,high,0.5882,3,1.0,True,NOERROR,2,3600,1,2,True,False,0,16509,US,True,"GMO Internet, Inc.",2,365,True,28,False,False,,benign,no_adverse_signal
02ng.top,2026-07-08,8,2.0,0.25,0,0.0,-11.19062,high,0.5,2,1.0,False,NXDOMAIN,0,,0,0,False,False,0,,,,,,,False,,,False,,benign,no_adverse_signal
dandanhub.vip,2026-07-08,13,2.5032583347756456,0.0,0,0.5,-6.7513000000000005,low,0.7059,2,0.6666666666666666,True,NOERROR,1,600,0,2,False,False,0,16509,US,True,Alibaba Cloud Computing Ltd. d/b/a HiChina (www.net.cn),2,365,True,29,False,False,,benign,no_adverse_signal
selanauto.pl,2026-07-08,12,2.94770277922009,0.0,0,1.25,-6.330846666666667,low,0.5333,1,0.8888888888888888,True,NOERROR,2,300,0,2,False,False,2,13335,US,False,Dynadot LLC,1,365,False,0,False,False,,benign,no_adverse_signal
aifotile.com,2026-07-08,12,2.75,0.0,0,1.6666666666666667,-7.0846846153846155,low,0.5714,1,0.875,True,NOERROR,2,300,1,2,True,False,2,13335,US,False,Squarespace Domains II LLC,2,365,True,0,False,False,False,benign,no_adverse_signal
ecocobra.com,2026-07-08,12,2.5,0.0,0,1.0,-6.885723076923076,low,0.5333,2,0.75,True,NOERROR,2,3600,1,2,True,False,0,16509,US,True,"Sav.com, LLC - 16",2,365,False,66,False,False,,malicious,abuseipdb
minuta.ch,2026-07-08,9,2.584962500721156,0.0,0,1.0,-6.830111111111112,low,0.6667,1,1.0,True,NOERROR,1,3600,1,2,True,False,0,24940,DE,True,,,,False,0,False,False,False,benign,no_adverse_signal
wwhd005.top,2026-07-08,11,2.2359263506290326,0.2727272727272727,0,0.0,-10.784472727272727,high,0.4,4,0.7142857142857143,True,NOERROR,5,60,0,2,False,True,0,40065,US,False,GLOBAL ASSET DOMAINS INC.,2,365,True,0,False,True,,malicious,spamhaus_dbl
toysurprisebox.com,2026-07-08,18,3.3787834934861767,0.0,0,0.5555555555555556,-7.233984,low,0.4762,3,0.7857142857142857,True,NOERROR,2,10800,0,2,True,False,2,14618,US,True,DropCatch.com 449 LLC,2,365,False,0,False,False,,benign,no_adverse_signal
montbellnederland.com,2026-07-08,21,3.1307179879273743,0.0,0,0.4166666666666667,-6.695641935483871,low,0.48,3,0.5882352941176471,True,NOERROR,2,300,0,2,False,False,2,13335,US,False,Xin Net Technology Corporation,3,365,False,0,False,False,,benign,no_adverse_signal
raymondjamescarolinaopen.com,2026-07-08,28,3.605388542207534,0.0,0,0.7142857142857143,-6.849893333333333,low,0.4118,3,0.5833333333333334,True,NOERROR,1,86400,0,7,True,False,0,16509,US,True,"MarkMonitor, Inc.",2,365,False,0,False,False,,benign,no_adverse_signal
atelier-rizzi.com,2026-07-08,17,2.8731406795131336,0.0,1,1.0,-7.308217391304348,low,0.48,2,0.6153846153846154,True,NOERROR,1,3600,2,4,True,False,1,8560,DE,True,IONOS SE,2,365,True,1,False,False,False,benign,no_adverse_signal
bild-info.fr,2026-07-08,12,2.94770277922009,0.0,1,0.6,-7.342006666666666,low,0.5263,2,0.8888888888888888,True,NOERROR,1,14400,1,2,True,False,0,50474,FR,True,RANXPLORER,1,730,False,0,False,False,False,benign,no_adverse_signal
edigitrk.com,2026-07-08,12,2.75,0.0,0,0.6,-6.70776923076923,low,0.625,3,0.875,True,NOERROR,1,86400,0,2,False,False,0,16509,US,True,"TUCOWS.COM, CO.",371,730,True,0,False,False,,benign,no_adverse_signal
santuariopeek.pet,2026-07-08,17,3.3927474104487847,0.0,0,1.1666666666666667,-6.788747826086956,low,0.6316,2,0.8461538461538461,True,NOERROR,2,300,2,2,True,False,2,13335,US,False,,,,,0,False,False,False,benign,no_adverse_signal
juvoleads.online,2026-07-08,16,3.169925001442312,0.0,0,0.8,-7.510206666666666,medium,0.5556,2,1.0,True,NOERROR,2,600,0,2,False,True,0,139341,SG,False,Alibaba Cloud Computing Ltd. d/b/a HiChina (www.net.cn),2,365,False,0,True,False,,malicious,spamhaus_zen
3932.bz,2026-07-08,7,1.5,0.5714285714285714,0,0.0,-11.68866,low,0.2857,0,0.75,True,NOERROR,1,60,0,2,False,True,0,8796,US,False,,,,,0,True,True,,malicious,spamhaus_zen
rgo303.club,2026-07-08,11,2.251629167387823,0.2727272727272727,0,0.5,-9.837055555555557,low,0.4444,2,0.8333333333333334,True,NOERROR,2,300,0,2,False,False,2,13335,US,False,Dynadot Inc,2,365,True,0,False,False,,benign,no_adverse_signal
msi-dash.com,2026-07-08,12,2.75,0.0,1,0.4,-7.637423076923077,low,0.5556,2,0.875,True,NOERROR,2,300,0,2,False,False,2,13335,US,False,Global Domain Group LLC,2,365,False,0,False,False,,benign,no_adverse_signal
dopebeat.co.uk,2026-07-08,14,2.75,0.0,0,1.0,-6.970407692307693,low,0.625,1,0.875,True,NOERROR,2,600,0,2,False,False,0,16509,US,True,"GoDaddy.com, LLC. [Tag = GODADDY]",6,365,False,37,False,False,,benign,no_adverse_signal
cozyguppy.com,2026-07-08,13,2.725480556997868,0.0,0,0.2857142857142857,-8.689126666666668,low,0.5,3,0.7777777777777778,False,NXDOMAIN,0,,0,0,False,False,0,,,,"DNSPod, Inc.",2,731,False,,,False,,benign,no_adverse_signal
oad5acum.com,2026-07-08,12,2.75,0.08333333333333333,0,1.3333333333333333,-9.258253846153846,low,0.5,1,0.875,True,NOERROR,2,300,0,2,False,True,2,13335,US,False,"GMO Internet, Inc.",2,365,True,0,False,False,,benign,no_adverse_signal
celestial-forge.com,2026-07-08,19,3.4565647621309536,0.0,1,0.75,-6.761911111111111,low,0.56,2,0.8,True,NOERROR,1,300,0,4,False,False,0,16509,US,True,"Amazon Registrar, Inc.",2,365,True,0,False,False,,benign,no_adverse_signal
ssicwoodenpackaging.com,2026-07-08,23,3.5110854081804272,0.0,0,0.5833333333333334,-7.027031428571429,low,0.4667,2,0.631578947368421,False,NOERROR,0,,0,2,False,False,0,,,,Gname 102 Inc,2,365,False,,,False,,benign,no_adverse_signal
directsovereignequity.com,2026-07-08,25,3.594465636961451,0.0,0,0.75,-7.0234435897435885,low,0.45,3,0.6666666666666666,True,NOERROR,1,300,0,2,False,False,0,206834,DE,False,Dynadot Inc,2,365,False,11,False,False,,benign,no_adverse_signal
gaking88.app,2026-07-08,12,2.5,0.16666666666666666,0,0.5,-7.666623076923077,low,0.5333,2,0.75,True,NOERROR,2,300,0,2,False,False,2,13335,US,False,,,,False,0,False,False,,benign,no_adverse_signal
66lotteryworld.com,2026-07-08,18,3.09306920777189,0.1111111111111111,0,0.3333333333333333,-7.503296000000001,low,0.4667,3,0.6428571428571429,True,NOERROR,1,600,5,2,True,False,0,22612,US,True,NAMECHEAP INC,2,365,True,0,False,False,False,benign,no_adverse_signal
tempeairconditioningandheating.com,2026-07-08,34,3.4574258137630505,0.0,0,0.7647058823529411,-6.438322807017544,low,0.3902,3,0.43333333333333335,False,NOERROR,0,,3,2,True,False,0,,,,NAMECHEAP INC,2,365,False,,,False,False,benign,no_adverse_signal
aadvanuffelen.com,2026-07-08,17,2.8731406795131336,0.0,0,0.8571428571428571,-7.542204347826087,low,0.4286,2,0.6153846153846154,True,NOERROR,2,300,0,2,False,False,2,13335,US,False,Dynadot Inc,2,365,False,0,False,False,,benign,no_adverse_signal
tubeblob.xyz,2026-07-08,12,2.4056390622295662,0.0,0,0.6,-7.0002615384615385,high,0.5714,2,0.75,True,NOERROR,2,3600,1,2,True,False,0,16509,US,True,"GMO Internet, Inc.",3,365,True,28,False,False,,benign,no_adverse_signal
modelelse.xyz,2026-07-08,13,2.4193819456463714,0.0,0,0.8,-6.6099733333333335,high,0.6154,2,0.6666666666666666,True,NOERROR,2,3600,1,2,True,False,0,16509,US,True,"GMO Internet, Inc.",2,365,True,28,False,False,,benign,no_adverse_signal
blue500podcast.shop,2026-07-08,19,3.6644977792004623,0.15789473684210525,0,0.5714285714285714,-8.577816,low,0.4762,2,0.9285714285714286,True,NOERROR,1,30,0,2,False,True,1,199524,NL,False,,,,False,0,False,False,,benign,no_adverse_signal
cabaneensoi.com,2026-07-08,15,2.9139770731827523,0.0,0,1.2,-6.755763157894736,low,0.5455,2,0.7272727272727273,True,NOERROR,1,3600,3,2,True,False,0,16276,FR,True,"OVH, SAS",2,365,True,0,False,False,False,benign,no_adverse_signal
ccb01rq.cc,2026-07-08,10,2.5216406363433186,0.2,0,0.0,-11.334127272727272,low,0.4,3,0.8571428571428571,True,NOERROR,1,1,0,2,False,False,0,209242,SG,False,"NameSilo, LLC",4,365,False,0,False,False,,benign,no_adverse_signal
usdlocker.xyz,2026-07-08,13,3.169925001442312,0.0,0,0.5,-7.162166666666667,high,0.8,3,1.0,True,NOERROR,2,3600,1,2,True,False,0,16509,US,True,"GMO Internet, Inc.",2,365,True,28,False,False,,benign,no_adverse_signal
neighborsmatter.org,2026-07-08,19,3.506890595608519,0.0,0,0.5,-7.0731,low,0.4762,3,0.8,True,NOERROR,2,600,0,2,False,False,0,16509,US,True,"GoDaddy.com, LLC",2,731,False,37,False,False,,benign,no_adverse_signal
pay-titanfinance.com,2026-07-08,20,3.1556390622295662,0.0,1,0.6666666666666666,-6.8500000000000005,low,0.5185,2,0.625,True,NOERROR,2,300,0,2,False,False,2,13335,US,False,PDR Ltd. d/b/a PublicDomainRegistry.com,2,365,True,0,False,False,,benign,no_adverse_signal
medecoded.codes,2026-07-08,15,2.113283334294875,0.0,0,0.8,-6.457153333333333,low,0.625,1,0.5555555555555556,False,NOERROR,0,,0,2,False,False,0,,,,,,,,,,False,,benign,no_adverse_signal
sandrafamily.com,2026-07-08,16,3.188721875540867,0.0,0,0.5,-6.730942857142858,low,0.5714,3,0.8333333333333334,True,NOERROR,4,14400,1,4,True,False,0,53831,US,False,Squarespace Domains II LLC,2,365,True,22,False,False,False,benign,no_adverse_signal
hostermarcacom.com.br,2026-07-08,21,3.0930692077718898,0.0,0,0.5555555555555556,-6.117732,low,0.5,2,0.6428571428571429,False,NOERROR,0,,0,2,False,False,0,,,,,4,365,False,,,False,,benign,no_adverse_signal
contrinfra.beauty,2026-07-08,17,2.9219280948873623,0.0,0,0.42857142857142855,-6.2569058823529415,low,0.5455,3,0.8,True,NOERROR,2,300,0,2,False,False,2,13335,US,False,NAMECHEAP INC,2,365,True,0,False,False,,benign,no_adverse_signal
docstudio.xyz,2026-07-08,13,2.725480556997868,0.0,0,0.8,-6.950366666666667,high,0.5714,3,0.7777777777777778,True,NOERROR,2,3600,1,2,True,False,0,16509,US,True,"GMO Internet, Inc.",2,365,True,28,False,False,,benign,no_adverse_signal
mehibgesemi.com,2026-07-08,15,2.663532754804255,0.0,0,0.8333333333333334,-7.55838947368421,low,0.5,2,0.6363636363636364,True,NOERROR,2,300,0,2,False,False,2,13335,US,False,NAMECHEAP INC,2,365,True,0,False,False,,benign,no_adverse_signal
uptime999.tech,2026-07-08,14,2.6416041678685938,0.21428571428571427,0,1.0,-8.075520000000001,low,0.6154,2,0.7777777777777778,True,NOERROR,2,600,0,2,False,False,0,16509,US,True,"GoDaddy.com, LLC",2,365,True,37,False,False,,benign,no_adverse_signal
b-n-d.cz,2026-07-08,8,1.9219280948873623,0.0,2,0.0,-9.254585714285714,low,0.6,1,0.8,True,NOERROR,1,3600,0,3,False,False,1,60606,CZ,True,REG-THINLINE,3,364,False,4,False,False,,benign,no_adverse_signal
thethreadslab.com,2026-07-08,17,3.0850551027564768,0.0,0,0.4444444444444444,-6.823621739130434,low,0.5714,3,0.6923076923076923,True,NOERROR,2,60,2,2,True,False,2,47583,LT,False,NAMECHEAP INC,2,365,True,0,False,False,False,benign,no_adverse_signal
zual.space,2026-07-08,10,2.0,0.0,0,1.0,-8.0211,low,0.5714,1,1.0,True,NOERROR,2,300,5,2,True,False,2,13335,US,False,"NameCheap, Inc.",2,365,False,0,False,False,False,benign,no_adverse_signal
odeonstore.com,2026-07-08,14,2.6464393446710153,0.0,0,1.0,-6.069276470588235,low,0.5333,3,0.7,True,NOERROR,2,3600,1,2,True,False,0,16509,US,True,UnstoppableUS1 LLC,2,365,True,66,False,False,,malicious,abuseipdb
abitakdomain.com,2026-07-08,16,3.0220552088742,0.0,0,1.0,-6.85217619047619,low,0.5556,2,0.75,False,NOERROR,0,,0,4,False,False,0,,,,Webcentral Group Ltd,2,365,True,,,False,,benign,no_adverse_signal
fxsettlemapper.xyz,2026-07-08,18,3.182005814760214,0.0,0,0.4,-7.133108,high,0.48,3,0.7142857142857143,True,NOERROR,2,3600,1,2,True,False,0,16509,US,True,"GMO Internet, Inc.",2,365,True,28,False,False,,benign,no_adverse_signal
chickgate.xyz,2026-07-08,13,2.94770277922009,0.0,0,0.5,-7.010373333333334,high,0.5714,3,0.8888888888888888,True,NOERROR,2,3600,1,2,True,False,0,16509,US,True,"GMO Internet, Inc.",2,365,True,28,False,False,,benign,no_adverse_signal
houseofshafa.us,2026-07-08,15,2.7516291673878226,0.0,0,1.0,-7.40937619047619,low,0.4545,3,0.5833333333333334,True,NOERROR,1,14400,3,2,True,False,0,22612,US,True,"NameCheap, Inc.",2,365,False,0,False,False,False,benign,no_adverse_signal
artisanonlineco.com,2026-07-08,19,3.189898095464287,0.0,0,0.875,-6.120707407407407,low,0.6923,2,0.6666666666666666,True,NOERROR,2,300,5,2,True,False,2,13335,US,False,Porkbun LLC,2,365,False,0,False,False,False,benign,no_adverse_signal
sbotop77cjln.site,2026-07-08,17,3.2516291673878226,0.11764705882352941,0,0.25,-9.286257142857144,medium,0.4444,4,0.8333333333333334,True,NOERROR,2,300,0,2,False,False,2,13335,US,False,"GoDaddy.com, LLC",2,365,True,0,False,False,,benign,no_adverse_signal
flyinghightech.com,2026-07-08,18,3.182005814760214,0.0,0,0.2727272727272727,-7.10378,low,0.5,3,0.7142857142857143,False,NOERROR,0,,3,2,True,False,0,,,,IONOS SE,2,365,True,,,False,False,benign,no_adverse_signal
yulkore.com,2026-07-08,11,2.807354922057604,0.0,0,0.75,-7.736790909090908,low,0.5,2,1.0,True,NOERROR,1,50,2,2,True,False,0,47583,CY,False,"HOSTINGER operations, UAB",2,365,False,32,False,False,False,benign,no_adverse_signal
apexdensity.de,2026-07-08,14,3.277613436819116,0.0,0,0.5714285714285714,-7.005405263157894,low,0.6,2,0.9090909090909091,True,NOERROR,1,3600,2,4,True,False,0,16509,US,False,,,,False,0,False,False,False,benign,no_adverse_signal
studentsmark.uz,2026-07-08,15,3.2516291673878226,0.0,0,0.3333333333333333,-6.423695238095239,low,0.5556,4,0.8333333333333334,True,NOERROR,1,14400,1,3,True,False,0,51167,FR,True,SUVAN NET,6,368,False,0,False,False,False,benign,no_adverse_signal
glintari.com,2026-07-08,12,2.75,0.0,0,0.6,-5.928830769230769,low,0.7143,2,0.875,True,NOERROR,8,60,0,2,False,True,0,,CN,False,Alibaba Cloud Computing Ltd. d/b/a HiChina (www.net.cn),2,365,False,0,False,False,,benign,no_adverse_signal
mydogpeptides.com,2026-07-08,17,3.238901256602631,0.0,0,0.4444444444444444,-7.593000000000001,low,0.5,3,0.7692307692307693,True,NOERROR,2,600,0,2,False,False,0,16509,US,True,"GoDaddy.com, LLC",2,365,True,37,False,False,,benign,no_adverse_signal
emerging-community.com,2026-07-08,22,3.4613201402110083,0.0,1,0.5454545454545454,-6.790460606060606,low,0.6875,2,0.6666666666666666,True,NOERROR,4,14400,1,4,True,False,0,53831,US,False,Squarespace Domains II LLC,2,365,True,22,False,False,False,benign,no_adverse_signal
sequoiabookcase.info,2026-07-08,20,3.189898095464287,0.0,0,1.5,-7.615240740740741,medium,0.5,2,0.6666666666666666,True,NOERROR,2,300,0,2,False,False,2,13335,US,False,,,,,0,False,False,,benign,no_adverse_signal
runthestreets.shop,2026-07-08,18,2.66122625626979,0.0,0,0.4444444444444444,-6.262339130434782,low,0.5333,3,0.5384615384615384,False,NOERROR,0,,2,2,True,False,0,,,,,,,False,,,False,False,benign,no_adverse_signal
liloos.com,2026-07-08,10,1.9182958340544893,0.0,0,1.0,-6.858688888888889,low,0.5714,1,0.6666666666666666,False,NOERROR,0,,3,2,True,False,0,,,,TuringSign Inc. d/b/a Cosmotown,2,365,False,,,False,False,benign,no_adverse_signal
therapywithnatalielang.com,2026-07-08,26,3.4251185503571393,0.0,0,0.5714285714285714,-6.853317073170731,low,0.4242,3,0.5454545454545454,True,NOERROR,4,14400,1,4,True,False,0,53831,US,False,Squarespace Domains II LLC,2,365,True,22,False,False,False,benign,no_adverse_signal
sunwin.dk,2026-07-08,9,2.2516291673878226,0.0,0,0.5,-7.198722222222222,low,0.6,2,0.8333333333333334,True,NOERROR,1,300,0,2,False,False,0,63949,SG,True,Ovh,5,364,True,0,False,False,,benign,no_adverse_signal
myhiddenlabel.com,2026-07-08,17,3.238901256602631,0.0,0,0.4444444444444444,-7.407760869565218,low,0.5455,3,0.7692307692307693,True,NOERROR,1,300,0,4,False,False,0,36351,US,True,"Name.com, Inc.",2,365,True,0,False,False,,benign,no_adverse_signal
sleeplady.xyz,2026-07-08,13,2.725480556997868,0.0,0,0.5,-7.0713,high,0.5882,2,0.7777777777777778,True,NOERROR,2,3600,1,2,True,False,0,16509,US,True,"GMO Internet, Inc.",2,365,True,28,False,False,,benign,no_adverse_signal
sensha-proof-index.com,2026-07-08,22,3.6143694458867563,0.0,2,0.6,-7.206506060606061,low,0.5,3,0.7222222222222222,True,NOERROR,2,300,0,2,False,False,0,16509,US,False,"Cloudflare, Inc.",2,365,True,0,False,False,,benign,no_adverse_signal
smiledate.xyz,2026-07-08,13,2.94770277922009,0.0,0,0.8,-6.486373333333334,high,0.7059,2,0.8888888888888888,True,NOERROR,2,3600,1,2,True,False,0,16509,US,True,"GMO Internet, Inc.",2,365,True,28,False,False,,benign,no_adverse_signal
toysfurcats.com,2026-07-08,15,3.0957952550009344,0.0,0,0.375,-7.587336842105263,low,0.5,3,0.8181818181818182,True,NOERROR,2,3600,0,2,False,False,0,16509,US,True,"GoDaddy.com, LLC",2,365,True,23,False,False,,benign,no_adverse_signal
pandahbeta.info,2026-07-08,15,2.8464393446710154,0.0,0,0.6666666666666666,-7.093594117647059,medium,0.5882,2,0.8,True,NOERROR,2,300,0,2,False,False,2,13335,US,False,,,,,0,False,False,,benign,no_adverse_signal
ghvwud530.vip,2026-07-08,13,3.169925001442312,0.23076923076923078,0,0.2,-11.486486666666668,low,0.4,4,1.0,True,NOERROR,1,60,0,2,False,True,0,38186,HK,True,Dynadot Inc,2,365,True,0,True,True,,malicious,spamhaus_zen
kemnakergo.info,2026-07-08,15,2.9219280948873623,0.0,0,0.6666666666666666,-7.4422999999999995,medium,0.5333,2,0.8,True,NOERROR,2,300,0,2,False,False,2,13335,US,False,,,,,0,False,False,,benign,no_adverse_signal
attackpane.xyz,2026-07-08,14,2.6464393446710153,0.0,0,0.6666666666666666,-6.709447058823529,high,0.625,3,0.7,True,NOERROR,2,3600,1,2,True,False,0,16509,US,True,"GMO Internet, Inc.",2,365,True,28,False,False,,benign,no_adverse_signal
hqeoscorrvolu2.top,2026-07-08,18,3.3248629576173574,0.05555555555555555,0,0.625,-8.344156,high,0.4444,3,0.7857142857142857,False,NOERROR,0,,0,2,False,False,0,,,,Dynadot LLC,2,365,True,,,False,,benign,no_adverse_signal
1-service.com,2026-07-08,13,2.94770277922009,0.07692307692307693,1,0.75,-6.8340733333333334,low,0.7273,2,0.8888888888888888,False,NOERROR,0,,3,2,True,False,0,,,,"Amazon Registrar, Inc.",2,365,False,,,False,False,benign,no_adverse_signal
ratingcities.com,2026-07-08,16,3.0220552088742,0.0,0,0.7142857142857143,-6.487842857142857,low,0.6087,3,0.75,True,NOERROR,2,600,0,2,False,False,0,16509,US,True,"GoDaddy.com, LLC",2,365,True,37,False,False,,benign,no_adverse_signal
areaclientes.vip,2026-07-08,16,3.0220552088742,0.0,0,1.0,-6.121838095238096,low,0.56,2,0.75,True,NOERROR,1,14400,1,2,True,False,0,394380,US,True,Dynadot Inc,2,365,True,0,False,False,False,benign,no_adverse_signal
mha252.com,2026-07-08,10,2.251629167387823,0.3,0,0.5,-10.135522222222223,low,0.4444,2,0.8333333333333334,False,NOERROR,0,,0,2,False,False,0,,,,Alibaba Cloud Computing Ltd. d/b/a HiChina (www.net.cn),2,365,False,,,False,,benign,no_adverse_signal
getworktt.com,2026-07-08,13,2.6416041678685933,0.0,0,0.2857142857142857,-7.167793333333333,low,0.7,4,0.7777777777777778,True,NOERROR,1,86400,0,2,False,False,0,16509,US,True,"TUCOWS.COM, CO.",372,730,True,0,False,False,,benign,no_adverse_signal
sunthia.com,2026-07-08,11,2.807354922057604,0.0,0,0.75,-6.836209090909091,low,0.5455,3,1.0,True,NOERROR,2,300,1,2,True,False,2,13335,US,False,"Spaceship, Inc.",2,365,False,0,False,False,False,benign,no_adverse_signal
naplots-pune.com,2026-07-08,16,3.2516291673878226,0.0,1,0.5714285714285714,-7.219719047619048,low,0.5714,2,0.8333333333333334,True,NOERROR,2,60,2,2,True,False,2,47583,LT,True,"GoDaddy.com, LLC",2,365,True,0,False,False,False,benign,no_adverse_signal
safaneest.com,2026-07-08,13,2.5032583347756456,0.0,0,0.8,-6.6303133333333335,low,0.5833,2,0.6666666666666666,True,NOERROR,1,86400,0,2,False,False,0,16509,US,True,"TUCOWS.COM, CO.",371,730,True,0,False,False,,benign,no_adverse_signal
lowestpricesonthenet.com,2026-07-08,24,3.384183719779189,0.0,0,0.5384615384615384,-6.34038918918919,low,0.5946,4,0.6,False,NOERROR,0,,3,2,True,False,0,,,,"Amazon Registrar, Inc.",2,365,True,,,False,False,benign,no_adverse_signal
forwardbreath.com,2026-07-08,17,3.180832987205441,0.0,0,0.4444444444444444,-6.953108695652174,low,0.6,4,0.7692307692307693,True,NOERROR,2,30,0,2,True,False,2,14618,US,True,DropCatch.com 1189 LLC,2,365,False,0,False,False,,benign,no_adverse_signal
t9ttc-pvk40-jbdbwl.xyz,2026-07-08,22,3.6835423624332306,0.13636363636363635,2,0.0,-11.227921212121213,high,0.3478,6,0.7777777777777778,True,NOERROR,2,600,0,2,False,False,0,16509,US,True,"GoDaddy.com, LLC",2,365,True,37,False,False,,benign,no_adverse_signal
ravikebindaasbol.com,2026-07-08,20,3.452819531114783,0.0,0,0.7777777777777778,-7.189624137931035,low,0.5385,2,0.75,True,NOERROR,2,60,2,2,True,False,2,47583,LT,True,"GoDaddy.com, LLC",2,365,True,1,False,False,False,benign,no_adverse_signal
bullybase.xyz,2026-07-08,13,2.725480556997868,0.0,0,0.5,-7.229286666666667,high,0.4706,4,0.7777777777777778,True,NOERROR,2,3600,1,2,True,False,0,16509,US,True,"GMO Internet, Inc.",2,365,True,28,False,False,,benign,no_adverse_signal
3pbcf.top,2026-07-08,9,2.321928094887362,0.1111111111111111,0,0.0,-10.476257142857142,high,0.5,4,1.0,True,NOERROR,9,60,0,2,False,True,0,8075,JP,False,"Spaceship, Inc.",2,365,True,0,False,False,,benign,no_adverse_signal
glamfeed.xyz,2026-07-08,12,2.75,0.0,0,0.6,-7.549815384615385,high,0.5714,2,0.875,True,NOERROR,2,3600,1,2,True,False,0,16509,US,True,"GMO Internet, Inc.",3,365,True,28,False,False,,benign,no_adverse_signal
licht-quartier.de,2026-07-08,17,3.378783493486176,0.0,1,0.625,-7.388004,low,0.5,3,0.7857142857142857,True,NOERROR,1,3600,2,4,True,False,1,8560,DE,True,,,,False,11,False,False,False,benign,no_adverse_signal
modelfal.xyz,2026-07-08,12,2.75,0.0,0,0.6,-6.986876923076924,high,0.6667,2,0.875,True,NOERROR,2,3600,1,2,True,False,0,16509,US,True,"GMO Internet, Inc.",2,365,True,28,False,False,,benign,no_adverse_signal
genopar.com,2026-07-08,11,2.807354922057604,0.0,0,0.75,-6.5265545454545455,low,0.6154,1,1.0,True,NOERROR,1,1,0,2,False,False,0,134175,HK,False,TuringSign Inc. d/b/a Cosmotown,3,365,False,0,False,False,,benign,no_adverse_signal
pixelbloomth.store,2026-07-08,18,3.2516291673878226,0.0,0,0.5,-7.547114285714285,low,0.5,3,0.8333333333333334,True,NOERROR,1,86400,0,2,False,False,0,16509,US,True,,,,False,0,False,False,,benign,no_adverse_signal
9h0st.com,2026-07-08,9,2.321928094887362,0.2222222222222222,0,0.0,-11.271414285714286,low,0.5,2,1.0,False,NOERROR,0,,0,2,False,False,0,,,,"Cloudflare, Inc.",2,1096,True,,,False,,benign,no_adverse_signal
mapletter.xyz,2026-07-08,13,2.725480556997868,0.0,0,0.5,-6.290873333333334,high,0.5714,2,0.7777777777777778,True,NOERROR,2,3600,1,2,True,False,0,16509,US,True,"GMO Internet, Inc.",2,365,True,28,False,False,,benign,no_adverse_signal
stiopy.com,2026-07-08,10,2.584962500721156,0.0,0,0.5,-6.984444444444445,low,0.6667,2,1.0,False,NOERROR,0,,0,2,False,False,0,,,,EU Technology (HK) Limited,2,365,False,,,True,,malicious,spamhaus_dbl
samyaknahar.com,2026-07-08,15,2.7321588913645707,0.0,0,0.5714285714285714,-7.618163157894737,low,0.5455,2,0.7272727272727273,True,NOERROR,1,14400,0,2,False,False,0,16509,US,False,"HOSTINGER operations, UAB",2,1096,False,0,False,False,,benign,no_adverse_signal
evoreasoning.com,2026-07-08,16,3.084962500721156,0.0,0,1.0,-6.332485714285714,low,0.5263,2,0.75,True,NOERROR,2,3600,1,2,True,False,0,16509,US,True,"Gransy, s.r.o.",2,365,False,66,False,False,,malicious,abuseipdb
modeltone.xyz,2026-07-08,13,2.725480556997868,0.0,0,0.8,-6.432573333333334,high,0.5,2,0.7777777777777778,True,NOERROR,2,3600,1,2,True,False,0,16509,US,True,"GMO Internet, Inc.",2,365,True,28,False,False,,benign,no_adverse_signal
proofofmoney.com,2026-07-08,16,2.751629167387823,0.0,0,0.7142857142857143,-7.384890476190476,low,0.5185,2,0.6666666666666666,True,NOERROR,2,600,0,2,False,False,0,16509,US,True,"GoDaddy.com, LLC",2,365,True,37,False,False,,benign,no_adverse_signal
dittybase.xyz,2026-07-08,13,2.94770277922009,0.0,0,0.5,-7.1689066666666665,high,0.5217,4,0.8888888888888888,True,NOERROR,2,3600,1,2,True,False,0,16509,US,True,"GMO Internet, Inc.",2,365,True,28,False,False,,benign,no_adverse_signal
sumaumafss.live,2026-07-08,15,2.2464393446710154,0.0,0,0.6666666666666666,-7.886864705882353,low,0.4762,3,0.5,True,NOERROR,2,300,0,2,False,False,2,13335,US,False,,,,False,0,False,False,,benign,no_adverse_signal
jabmue.com,2026-07-08,10,2.584962500721156,0.0,0,1.0,-8.647933333333334,low,0.6,2,1.0,True,NOERROR,1,300,2,2,True,False,0,47583,ID,True,"HOSTINGER operations, UAB",3,365,False,0,False,False,False,benign,no_adverse_signal
aftersuper.xyz,2026-07-08,14,2.921928094887362,0.0,0,0.6666666666666666,-6.628941176470588,high,0.5556,2,0.8,True,NOERROR,2,3600,1,2,True,False,0,16509,US,True,"GMO Internet, Inc.",2,365,True,28,False,False,,benign,no_adverse_signal
globaltechleads.shop,2026-07-08,20,3.3232314287976203,0.0,0,0.5,-6.701233333333334,low,0.5714,3,0.7333333333333333,True,NOERROR,1,50,2,2,True,False,0,47583,CY,False,,,,False,32,False,False,False,benign,no_adverse_signal
621248.com,2026-07-08,10,2.2516291673878226,0.6,0,0.0,-10.335022222222221,low,0.2222,0,0.8333333333333334,True,NOERROR,1,600,0,4,False,False,0,62468,US,False,,,,,,False,False,,benign,no_adverse_signal
creatorage.xyz,2026-07-08,14,2.721928094887362,0.0,0,1.0,-6.148523529411765,high,0.5714,2,0.7,False,NXDOMAIN,0,,0,0,False,False,0,,,,,,,,,,False,,benign,no_adverse_signal
wrasedalo.icu,2026-07-08,13,2.94770277922009,0.0,0,0.8,-6.850086666666667,low,0.5714,2,0.8888888888888888,False,NXDOMAIN,0,,0,0,False,False,0,,,,,,,,,,False,,benign,no_adverse_signal
3q1.buzz,2026-07-08,8,1.584962500721156,0.25,0,0.0,-12.994566666666666,high,0.3333,1,1.0,False,NXDOMAIN,0,,0,0,False,False,0,,,,,,,,,,False,,benign,no_adverse_signal
creaorbit.space,2026-07-08,15,2.94770277922009,0.0,0,0.8,-7.243926666666667,low,0.5333,2,0.8888888888888888,False,NXDOMAIN,0,,0,0,False,False,0,,,,,,,,,,False,,benign,no_adverse_signal
room-designer.ru,2026-07-08,16,3.238901256602631,0.0,1,0.7142857142857143,-7.036347826086957,low,0.56,2,0.7692307692307693,False,NXDOMAIN,0,,0,0,False,False,0,,,,,,,False,,,False,,benign,no_adverse_signal
rsiasayangbunda.com,2026-07-08,19,3.1068905956085184,0.0,0,0.6666666666666666,-6.982666666666667,low,0.4444,3,0.6666666666666666,False,NXDOMAIN,0,,0,0,False,False,0,,,,,,,,,,False,,benign,no_adverse_signal
hokei-guide.net,2026-07-08,15,3.095795255000934,0.0,1,1.5,-7.755189473684211,low,0.5,1,0.8181818181818182,False,NXDOMAIN,0,,0,0,False,False,0,,,,,,,,,,False,,benign,no_adverse_signal
huida168.com,2026-07-08,12,3.0,0.25,0,1.5,-8.542,low,0.4444,1,1.0,False,NXDOMAIN,0,,0,0,False,False,0,,,,,,,,,,False,,benign,no_adverse_signal
ymdw275.top,2026-07-08,11,2.807354922057604,0.2727272727272727,0,0.0,-11.062472727272727,high,0.3636,4,1.0,False,NXDOMAIN,0,,0,0,False,False,0,,,,,,,,,,False,,benign,no_adverse_signal
herbelitesage.com,2026-07-08,17,3.085055102756477,0.0,0,0.8571428571428571,-6.427852173913044,low,0.5217,2,0.7692307692307693,False,NXDOMAIN,0,,0,0,False,False,0,,,,,,,,,,False,,benign,no_adverse_signal
help-home.ru,2026-07-08,12,2.725480556997868,0.0,1,0.6,-7.56572,low,0.5333,2,0.7777777777777778,False,NXDOMAIN,0,,0,0,False,False,0,,,,,,,False,,,,,unknown,no_reputation_coverage
mainspringads.world,2026-07-08,19,3.0850551027564768,0.0,0,0.4444444444444444,-6.281973913043478,low,0.5833,4,0.6923076923076923,False,SERVFAIL,0,,0,0,False,False,0,,,,,,,,,,,,unknown,no_reputation_coverage
waringfoodservice.com,2026-07-08,21,3.6168746059562227,0.0,0,0.7,-6.597458064516129,low,0.6667,3,0.7647058823529411,False,SERVFAIL,0,,0,0,False,False,0,,,,,,,,,,,,unknown,no_reputation_coverage
amsterdammugs.com,2026-07-08,17,3.0269868333592873,0.0,0,0.4444444444444444,-7.174708695652174,low,0.5714,3,0.6923076923076923,False,SERVFAIL,0,,0,0,False,False,0,,,,,,,,,,,,unknown,no_reputation_coverage
biladibiladi.com,2026-07-08,16,2.2516291673878226,0.0,0,1.0,-6.789666666666666,low,0.8,1,0.4166666666666667,False,SERVFAIL,0,,0,0,False,False,0,,,,,,,,,,,,unknown,no_reputation_coverage
t3arg-fc54w-dqptou.work,2026-07-08,23,3.94770277922009,0.13043478260869565,2,0.3,-10.51349696969697,low,0.3571,4,0.8888888888888888,False,SERVFAIL,0,,0,0,False,False,0,,,,,,,,,,,,unknown,no_reputation_coverage
ainrq.shop,2026-07-08,10,2.321928094887362,0.0,0,0.6666666666666666,-8.447985714285714,low,0.5455,3,1.0,False,SERVFAIL,0,,0,0,False,False,0,,,,,,,False,,,,,unknown,no_reputation_coverage
furedeowes.com,2026-07-08,14,2.8464393446710154,0.0,0,1.0,-6.897435294117647,low,0.5263,1,0.8,False,SERVFAIL,0,,0,0,False,False,0,,,,,,,,,,,,unknown,no_reputation_coverage
elpoderdetuimagen.com,2026-07-08,21,3.4992275471326932,0.0,0,0.8888888888888888,-6.881838709677419,low,0.4615,2,0.7647058823529411,False,SERVFAIL,0,,0,0,False,False,0,,,,,,,,,,,,unknown,no_reputation_coverage
donutpages.com,2026-07-08,14,3.321928094887362,0.0,0,0.6666666666666666,-7.107617647058824,low,0.6667,2,1.0,False,SERVFAIL,0,,0,0,False,False,0,,,,,,,,,,,,unknown,no_reputation_coverage
veraflow.ca,2026-07-08,11,3.0,0.0,0,0.6,-6.649238461538461,low,0.6667,2,1.0,False,SERVFAIL,0,,0,0,False,False,0,,,,,,,False,,,,,unknown,no_reputation_coverage
mailavodabedaka90.com,2026-07-08,21,3.286895754518763,0.09523809523809523,0,1.1428571428571428,-7.639061290322581,low,0.4444,1,0.7058823529411765,False,SERVFAIL,0,,0,0,False,False,0,,,,,,,,,,,,unknown,no_reputation_coverage
healthincubate.com,2026-07-08,18,3.2359263506290334,0.0,0,0.75,-6.662056,low,0.6,3,0.7142857142857143,False,SERVFAIL,0,,0,0,False,False,0,,,,,,,,,,,,unknown,no_reputation_coverage
terpei-oqw.cc,2026-07-08,13,3.121928094887362,0.0,1,0.8,-8.67029411764706,low,0.5,2,0.9,False,SERVFAIL,0,,0,0,False,False,0,,,,,,,,,,,,unknown,no_reputation_coverage
tamaralosan.com,2026-07-08,15,2.7321588913645707,0.0,0,0.8333333333333334,-6.197963157894737,low,0.5882,1,0.7272727272727273,False,SERVFAIL,0,,0,0,False,False,0,,,,,,,,,,,,unknown,no_reputation_coverage
salt-line.co.uk,2026-07-08,15,2.94770277922009,0.0,1,0.6,-6.78322,low,0.7059,2,0.8888888888888888,False,SERVFAIL,0,,0,0,False,False,0,,,,,,,,,,,,unknown,no_reputation_coverage
swarf-caiduoduo.com.cn,2026-07-08,22,3.3735572622751864,0.0,1,1.0,-8.118822222222223,low,0.4,2,0.7333333333333333,False,SERVFAIL,0,,0,0,False,False,0,,,,,,,,,,,,unknown,no_reputation_coverage
tractionseo.io,2026-07-08,14,3.0957952550009344,0.0,0,0.8333333333333334,-6.196221052631579,low,0.5455,2,0.8181818181818182,False,SERVFAIL,0,,0,0,False,False,0,,,,,,,,,,,,unknown,no_reputation_coverage
realestatebuyerpro.com,2026-07-08,22,3.2390979179887864,0.0,0,0.8,-6.502648484848485,low,0.4571,3,0.6111111111111112,False,SERVFAIL,0,,0,0,False,False,0,,,,,,,,,,,,unknown,no_reputation_coverage
californianews.xyz,2026-07-08,18,3.378783493486176,0.0,0,0.75,-6.379672,high,0.5714,2,0.7857142857142857,False,SERVFAIL,0,,0,0,False,False,0,,,,,,,,,,,,unknown,no_reputation_coverage
fiisimovement.com,2026-07-08,17,3.0269868333592873,0.0,0,0.8571428571428571,-6.91761304347826,low,0.4348,2,0.6923076923076923,False,SERVFAIL,0,,0,0,False,False,0,,,,,,,,,,,,unknown,no_reputation_coverage
retroagi.xyz,2026-07-08,12,2.75,0.0,0,1.0,-6.933007692307692,high,0.5714,2,0.875,False,SERVFAIL,0,,0,0,False,False,0,,,,,,,,,,,,unknown,no_reputation_coverage
hakunavpn.cloud,2026-07-08,15,2.725480556997868,0.0,0,0.5,-7.702700000000001,low,0.4706,3,0.7777777777777778,False,SERVFAIL,0,,0,0,False,False,0,,,,,,,,,,,,unknown,no_reputation_coverage
voximiaity.pro,2026-07-08,14,2.8464393446710154,0.0,0,1.0,-7.461935294117647,low,0.5714,2,0.8,False,SERVFAIL,0,,0,0,False,False,0,,,,,,,,,,False,,benign,no_adverse_signal
wd001s.garden,2026-07-08,13,2.2516291673878226,0.23076923076923078,0,0.0,-10.799288888888888,low,0.5455,2,0.8333333333333334,False,NXDOMAIN,0,,0,0,False,False,0,,,,,,,,,,False,,benign,no_adverse_signal
xyronex.click,2026-07-08,13,2.5216406363433186,0.0,0,0.4,-7.297763636363637,medium,0.6667,3,0.8571428571428571,False,NXDOMAIN,0,,0,0,False,False,0,,,,,,,,,,False,,benign,no_adverse_signal
preassets.xyz,2026-07-08,13,2.4193819456463714,0.0,0,0.5,-6.233273333333333,high,0.7273,2,0.6666666666666666,False,NXDOMAIN,0,,0,0,False,False,0,,,,,,,,,,False,,benign,no_adverse_signal
overjoy-quotes.com,2026-07-08,18,3.3248629576173574,0.0,1,0.8571428571428571,-8.077300000000001,low,0.4167,2,0.7857142857142857,False,NXDOMAIN,0,,0,0,False,False,0,,,,,,,,,,False,,benign,no_adverse_signal
vobenz.ru,2026-07-08,9,2.584962500721156,0.0,0,0.5,-7.755144444444444,low,0.5455,2,1.0,False,NXDOMAIN,0,,0,0,False,False,0,,,,,,,False,,,False,,benign,no_adverse_signal
dlmro.kr,2026-07-08,8,2.321928094887362,0.0,0,0.25,-8.861471428571429,low,0.6667,4,1.0,False,NXDOMAIN,0,,0,0,False,False,0,,,,,,,,,,False,,benign,no_adverse_signal
09it3i4.cc,2026-07-08,10,2.5216406363433186,0.4,0,2.0,-11.793436363636363,low,0.4286,1,0.8571428571428571,False,NXDOMAIN,0,,0,0,False,False,0,,,,,,,,,,False,,benign,no_adverse_signal
therabreathpure.shop,2026-07-08,20,2.8729055953200557,0.0,0,0.6666666666666666,-6.730148148148148,low,0.4762,3,0.5333333333333333,False,NXDOMAIN,0,,0,0,False,False,0,,,,,,,False,,,False,,benign,no_adverse_signal
e1vaz-62aog-gtmraw.work,2026-07-08,23,3.6835423624332306,0.13043478260869565,2,0.625,-10.157478787878787,low,0.3704,4,0.7777777777777778,False,NXDOMAIN,0,,0,0,False,False,0,,,,,,,,,,False,,benign,no_adverse_signal
agirichard.xyz,2026-07-08,14,2.721928094887362,0.0,0,0.6666666666666666,-6.5296529411764705,high,0.5263,2,0.7,False,NXDOMAIN,0,,0,0,False,False,0,,,,,,,,,,False,,benign,no_adverse_signal
dwoobers.com,2026-07-08,12,2.75,0.0,0,0.6,-7.122707692307693,low,0.6667,2,0.875,False,NXDOMAIN,0,,0,0,False,False,0,,,,,,,,,,False,,benign,no_adverse_signal
skylightscollaborations.info,2026-07-08,28,3.6424896731661263,0.0,0,0.4375,-6.6850023255813955,medium,0.45,5,0.6086956521739131,False,NXDOMAIN,0,,0,0,False,False,0,,,,,,,,,,False,,benign,no_adverse_signal
infraomni.xyz,2026-07-08,13,2.725480556997868,0.0,0,0.8,-7.47258,high,0.6667,3,0.7777777777777778,False,NXDOMAIN,0,,0,0,False,False,0,,,,,,,,,,False,,benign,no_adverse_signal
listaff.org,2026-07-08,11,2.521640636343318,0.0,0,0.4,-6.445718181818182,low,0.5556,2,0.8571428571428571,False,NXDOMAIN,0,,0,0,False,False,0,,,,,,,,,,False,,benign,no_adverse_signal
qvd.buzz,2026-07-08,8,1.584962500721156,0.0,0,0.0,-10.919866666666666,high,0.5,3,1.0,False,NXDOMAIN,0,,0,0,False,False,0,,,,,,,,,,False,,benign,no_adverse_signal
ninjatap.xyz,2026-07-08,12,2.5,0.0,0,0.6,-7.006738461538461,high,0.5455,2,0.75,False,NXDOMAIN,0,,0,0,False,False,0,,,,,,,,,,False,,benign,no_adverse_signal
csacvauban.net,2026-07-08,14,2.6464393446710153,0.0,0,0.6666666666666666,-7.922723529411764,low,0.5333,2,0.7,False,NXDOMAIN,0,,0,0,False,False,0,,,,,,,,,,False,,benign,no_adverse_signal
cuppa.cz,2026-07-08,8,1.9219280948873623,0.0,0,0.6666666666666666,-7.437657142857143,low,0.5455,2,0.8,False,NXDOMAIN,0,,0,0,False,False,0,,,,,,,,,,False,,benign,no_adverse_signal
1dedc-7ushi-uxarix.xyz,2026-07-08,22,3.6143694458867563,0.09090909090909091,2,0.75,-9.040557575757575,high,0.4286,2,0.7222222222222222,False,NXDOMAIN,0,,0,0,False,False,0,,,,,,,,,,False,,benign,no_adverse_signal
sitesmart-app.com,2026-07-08,17,3.085055102756477,0.0,1,0.5,-6.596817391304348,low,0.5217,2,0.6923076923076923,False,NXDOMAIN,0,,0,0,False,False,0,,,,,,,,,,False,,benign,no_adverse_signal
idraaklearningmilieu.com,2026-07-08,24,3.2841837197791888,0.0,0,1.0,-7.211764864864866,low,0.4516,3,0.55,False,NXDOMAIN,0,,0,0,False,False,0,,,,,,,,,,False,,benign,no_adverse_signal
7ndx1-hp583-mxpxmu.work,2026-07-08,23,3.5724312513221195,0.21739130434782608,2,0.1,-11.043224242424243,low,0.2963,5,0.7222222222222222,False,NXDOMAIN,0,,0,0,False,False,0,,,,,,,,,,False,,benign,no_adverse_signal
streetsiege.pl,2026-07-08,14,2.3685225277282065,0.0,0,0.8333333333333334,-6.646521052631579,low,0.5263,3,0.5454545454545454,False,NXDOMAIN,0,,0,0,False,False,0,,,,,,,,,,False,,benign,no_adverse_signal
esenlikuyum.net,2026-07-08,15,3.0957952550009344,0.0,0,0.8333333333333334,-7.5232,low,0.4706,2,0.8181818181818182,False,NXDOMAIN,0,,0,0,False,False,0,,,,,,,,,,False,,benign,no_adverse_signal
wearearra.fi,2026-07-08,12,1.8910611120726526,0.0,0,1.25,-6.291399999999999,low,0.5,2,0.4444444444444444,False,NXDOMAIN,0,,0,0,False,False,0,,,,,,,,,,False,,benign,no_adverse_signal
sisvprotectvms.com,2026-07-08,18,3.182005814760214,0.0,0,0.2727272727272727,-7.595004,low,0.5517,5,0.7142857142857143,False,NXDOMAIN,0,,0,0,False,False,0,,,,,,,,,,False,,benign,no_adverse_signal
ainnsight.com,2026-07-08,13,2.725480556997868,0.0,0,0.5,-6.85094,low,0.5926,3,0.7777777777777778,False,NXDOMAIN,0,,0,0,False,False,0,,,,,,,,,,False,,benign,no_adverse_signal
dinahimmel.com,2026-07-08,14,2.9219280948873623,0.0,0,0.6666666666666666,-7.00075294117647,low,0.6,2,0.8,False,NXDOMAIN,0,,0,0,False,False,0,,,,,,,,,,False,,benign,no_adverse_signal
leaseloom.org,2026-07-08,13,2.5032583347756456,0.0,0,1.25,-6.38362,low,0.5714,1,0.6666666666666666,False,NXDOMAIN,0,,0,0,False,False,0,,,,,,,,,,False,,benign,no_adverse_signal
vehiclejellyduck.store,2026-07-08,22,3.2806390622295662,0.0,0,0.45454545454545453,-7.732262068965517,low,0.4615,4,0.6875,False,NXDOMAIN,0,,0,0,False,False,0,,,,,,,False,,,False,,benign,no_adverse_signal
creartmediahq.com,2026-07-08,17,3.238901256602631,0.0,0,0.625,-6.869908695652174,low,0.6087,3,0.7692307692307693,False,NXDOMAIN,0,,0,0,False,False,0,,,,,,,,,,False,,benign,no_adverse_signal
pratesibg.com,2026-07-08,13,3.169925001442312,0.0,0,0.5,-6.870146666666667,low,0.5714,2,1.0,False,NXDOMAIN,0,,0,0,False,False,0,,,,,,,,,,False,,benign,no_adverse_signal
memoralab.site,2026-07-08,14,2.725480556997868,0.0,0,0.8,-6.360493333333333,medium,0.5556,1,0.7777777777777778,False,NXDOMAIN,0,,0,0,False,False,0,,,,,,,False,,,False,,benign,no_adverse_signal
aubreypediatric.com,2026-07-08,19,3.373557262275185,0.0,0,0.875,-7.061644444444444,low,0.5217,2,0.7333333333333333,False,NXDOMAIN,0,,0,0,False,False,0,,,,,,,,,,False,,benign,no_adverse_signal
thistedmusic.com,2026-07-08,16,3.0849625007211556,0.0,0,0.5,-6.740609523809523,low,0.5455,2,0.75,False,NXDOMAIN,0,,0,0,False,False,0,,,,,,,,,,False,,benign,no_adverse_signal
rapidocafe.com,2026-07-08,14,3.121928094887362,0.0,0,1.0,-6.887441176470588,low,0.5333,1,0.9,False,NXDOMAIN,0,,0,0,False,False,0,,,,,,,,,,False,,benign,no_adverse_signal
gh4dn.cyou,2026-07-08,10,2.321928094887362,0.1,0,0.0,-10.769328571428572,low,0.6667,2,1.0,False,NXDOMAIN,0,,0,0,False,False,0,,,,,,,,,,False,,benign,no_adverse_signal
deocculta.com,2026-07-08,13,2.94770277922009,0.0,0,0.8,-7.3608666666666664,low,0.5556,2,0.8888888888888888,False,NXDOMAIN,0,,0,0,False,False,0,,,,,,,,,,False,,benign,no_adverse_signal
swordfishcoralmedia.info,2026-07-08,24,3.6163485660751635,0.0,0,0.5833333333333334,-6.940737142857143,medium,0.5333,3,0.6842105263157895,False,NXDOMAIN,0,,0,0,False,False,0,,,,,,,,,,False,,benign,no_adverse_signal
whiskersbakehouse.com,2026-07-08,21,3.2927701939369904,0.0,0,0.7,-7.177432258064517,low,0.48,3,0.6470588235294118,False,NXDOMAIN,0,,0,0,False,False,0,,,,,,,,,,False,,benign,no_adverse_signal
hip4loans.xyz,2026-07-08,13,3.169925001442312,0.07692307692307693,0,0.6,-8.8346,high,0.5263,2,1.0,False,NXDOMAIN,0,,0,0,False,False,0,,,,,,,,,,False,,benign,no_adverse_signal
clubfinder.team,2026-07-08,15,3.321928094887362,0.0,0,0.42857142857142855,-6.965217647058823,low,0.625,2,1.0,False,NXDOMAIN,0,,0,0,False,False,0,,,,,,,,,,False,,benign,no_adverse_signal
erstebohne.de,2026-07-08,13,2.8464393446710154,0.0,0,0.6666666666666666,-7.0258705882352945,low,0.5333,3,0.8,False,NXDOMAIN,0,,0,0,False,False,0,,,,,,,False,,,False,,benign,no_adverse_signal
thisiselaim.com,2026-07-08,15,2.8453509366224368,0.0,0,0.8333333333333334,-6.698694736842105,low,0.5263,2,0.7272727272727273,False,NXDOMAIN,0,,0,0,False,False,0,,,,,,,,,,False,,benign,no_adverse_signal
petrashealingcenter.se,2026-07-08,22,3.40582225028569,0.0,0,0.5833333333333334,-6.141425714285715,low,0.5185,3,0.631578947368421,False,NXDOMAIN,0,,0,0,False,False,0,,,,,,,,,,False,,benign,no_adverse_signal
telehealthcourse.com,2026-07-08,20,3.125,0.0,0,0.7777777777777778,-6.750820689655172,low,0.5455,4,0.625,False,NXDOMAIN,0,,0,0,False,False,0,,,,,,,,,,False,,benign,no_adverse_signal
hybridtap.xyz,2026-07-08,13,3.169925001442312,0.0,0,0.2857142857142857,-7.68308,high,0.5882,4,1.0,False,NXDOMAIN,0,,0,0,False,False,0,,,,,,,,,,False,,benign,no_adverse_signal
retouchaibot.ru,2026-07-08,15,3.2516291673878226,0.0,0,1.0,-6.942028571428572,low,0.5,2,0.8333333333333334,False,NXDOMAIN,0,,0,0,False,False,0,,,,,,,False,,,False,,benign,no_adverse_signal
majoliensemble.fr,2026-07-08,17,3.182005814760214,0.0,0,0.75,-7.076416,low,0.5,3,0.7142857142857143,False,NXDOMAIN,0,,0,0,False,False,0,,,,,,,,,,False,,benign,no_adverse_signal
cairnwell.blog,2026-07-08,14,2.9477027792200903,0.0,0,0.5,-7.341646666666667,low,0.75,3,0.8888888888888888,False,NXDOMAIN,0,,0,0,False,False,0,,,,,,,,,,False,,benign,no_adverse_signal
gamke4kor.vip,2026-07-08,13,2.94770277922009,0.07692307692307693,0,0.6,-9.044086666666667,low,0.4706,2,0.8888888888888888,False,NXDOMAIN,0,,0,0,False,False,0,,,,,,,False,,,False,,benign,no_adverse_signal
imilsoft-consulting.fr,2026-07-08,22,3.4713544870139286,0.0,1,0.5,-6.8773228571428575,low,0.6471,2,0.631578947368421,False,NXDOMAIN,0,,0,0,False,False,0,,,,,,,,,,False,,benign,no_adverse_signal
profesionalsoffice.online,2026-07-08,25,3.30827083453526,0.0,0,0.8,-6.692715151515151,medium,0.5,2,0.6111111111111112,False,NXDOMAIN,0,,0,0,False,False,0,,,,,,,False,,,False,,benign,no_adverse_signal
splash-biwin.com.cn,2026-07-08,19,3.2516291673878226,0.0,1,0.375,-7.516185714285714,low,0.6,3,0.8333333333333334,False,NXDOMAIN,0,,0,0,False,False,0,,,,,,,,,,False,,benign,no_adverse_signal
unusualwhales.education,2026-07-08,23,2.873140679513133,0.0,0,0.8571428571428571,-7.503304347826087,low,0.4762,3,0.6153846153846154,False,NXDOMAIN,0,,0,0,False,False,0,,,,,,,,,,False,,benign,no_adverse_signal
investthatish.com,2026-07-08,17,2.8731406795131336,0.0,0,0.4444444444444444,-6.6290391304347835,low,0.5714,4,0.6153846153846154,False,NXDOMAIN,0,,0,0,False,False,0,,,,,,,,,,False,,benign,no_adverse_signal
braincorevo.net,2026-07-08,15,3.0957952550009344,0.0,0,0.8333333333333334,-6.415636842105263,low,0.5833,2,0.8181818181818182,False,NXDOMAIN,0,,0,0,False,False,0,,,,,,,,,,False,,benign,no_adverse_signal
meupetnova.com,2026-07-08,14,3.121928094887362,0.0,0,1.0,-7.379805882352941,low,0.5263,2,0.9,False,NXDOMAIN,0,,0,0,False,False,0,,,,,,,,,,False,,benign,no_adverse_signal
mes-line.ru,2026-07-08,11,2.75,0.0,1,0.75,-6.464676923076923,low,0.6667,1,0.875,False,NXDOMAIN,0,,0,0,False,False,0,,,,,,,False,,,False,,benign,no_adverse_signal
ragopsbox.xyz,2026-07-08,13,2.94770277922009,0.0,0,0.5,-7.47998,high,0.75,3,0.8888888888888888,False,NXDOMAIN,0,,0,0,False,False,0,,,,,,,,,,False,,benign,no_adverse_signal
obec-trnovec.sk,2026-07-08,15,3.0849625007211556,0.0,1,0.5714285714285714,-7.552580952380952,low,0.5,3,0.75,False,NXDOMAIN,0,,0,0,False,False,0,,,,,,,,,,False,,benign,no_adverse_signal
ddddddddddkgf.site,2026-07-08,18,1.1451104143815827,0.0,0,0.0,-9.651830434782608,medium,0.3478,13,0.3076923076923077,False,NXDOMAIN,0,,0,0,False,False,0,,,,,,,False,,,False,,benign,no_adverse_signal
newfound-workplace.com,2026-07-08,22,3.7254805569978675,0.0,1,0.5454545454545454,-7.423024242424242,low,0.4516,4,0.7777777777777778,False,NXDOMAIN,0,,0,0,False,False,0,,,,,,,,,,False,,benign,no_adverse_signal
barberlypro.shop,2026-07-08,16,2.845350936622437,0.0,0,0.375,-7.040399999999999,low,0.4762,5,0.7272727272727273,False,NXDOMAIN,0,,0,0,False,False,0,,,,,,,False,,,False,,benign,no_adverse_signal
buildfyapp.com,2026-07-08,14,3.1219280948873624,0.0,0,0.42857142857142855,-8.125070588235294,low,0.5556,4,0.9,False,NXDOMAIN,0,,0,0,False,False,0,,,,,,,,,,False,,benign,no_adverse_signal
utexne.com,2026-07-08,10,2.2516291673878226,0.0,0,1.0,-7.218222222222222,low,0.4615,2,0.8333333333333334,False,NXDOMAIN,0,,0,0,False,False,0,,,,,,,,,,False,,benign,no_adverse_signal
cadencefit.net,2026-07-08,14,2.9219280948873623,0.0,0,0.6666666666666666,-6.6477176470588235,low,0.6087,2,0.8,False,NXDOMAIN,0,,0,0,False,False,0,,,,,,,,,,False,,benign,no_adverse_signal
amgame168c.click,2026-07-08,16,2.9219280948873623,0.1875,0,0.75,-8.486582352941175,medium,0.5,2,0.8,True,NOERROR,1,1800,5,2,True,False,0,22612,US,False,,,,,0,False,False,False,benign,no_adverse_signal
forestchef.xyz,2026-07-08,14,2.9219280948873623,0.0,0,0.42857142857142855,-6.236529411764706,high,0.625,4,0.8,True,NOERROR,2,3600,1,2,True,False,0,16509,US,True,"GMO Internet, Inc.",2,365,True,28,False,False,,benign,no_adverse_signal
lyragram.com,2026-07-08,12,2.5,0.0,0,0.3333333333333333,-7.106638461538462,low,0.625,3,0.75,False,NOERROR,0,,0,2,False,False,0,,,,"Cloudflare, Inc.",2,365,True,,,False,,benign,no_adverse_signal
torrentialaml.lat,2026-07-08,17,3.085055102756477,0.0,0,0.625,-6.4618782608695655,low,0.5,2,0.6923076923076923,False,NOERROR,0,,0,2,False,False,0,,,,Porkbun LLC,3,365,False,,,False,,benign,no_adverse_signal
max79com.net,2026-07-08,12,2.75,0.16666666666666666,0,0.5,-9.958315384615386,low,0.5556,1,0.875,True,NOERROR,2,300,0,2,False,False,2,13335,US,False,"Spaceship, Inc.",3,365,False,0,False,False,,benign,no_adverse_signal
mariaguardia.cv,2026-07-08,15,2.584962500721156,0.0,0,1.4,-6.653495238095238,low,0.6087,2,0.5833333333333334,True,NOERROR,1,300,0,2,False,False,0,16509,US,False,apitestregistrar,3,365,False,0,False,False,,benign,no_adverse_signal
vectorlogictech.com,2026-07-08,19,3.1898980954642866,0.0,0,0.5,-6.6002629629629626,low,0.56,2,0.6666666666666666,True,NOERROR,1,1800,0,0,False,False,0,58182,US,True,Wix.com Ltd.,371,730,False,0,False,False,,benign,no_adverse_signal
ovanmail.com,2026-07-08,12,2.75,0.0,0,1.0,-6.827400000000001,low,0.6667,2,0.875,False,NOERROR,0,,1,2,False,False,0,,,,NAMECHEAP INC,2,365,True,,,False,False,benign,no_adverse_signal
notesdesk.xyz,2026-07-08,13,2.725480556997868,0.0,0,0.5,-6.626966666666666,high,0.625,2,0.7777777777777778,True,NOERROR,2,3600,1,2,True,False,0,16509,US,True,,,,,28,False,,,benign,no_adverse_signal
usar777.top,2026-07-08,11,2.128085278891394,0.2727272727272727,0,1.0,-8.200427272727273,high,0.4615,1,0.7142857142857143,False,SERVFAIL,0,,0,0,False,False,0,,,,,,,,,,,,unknown,no_reputation_coverage
cybervarnet.se,2026-07-08,14,3.095795255000934,0.0,0,0.375,-6.7963,low,0.5556,3,0.8181818181818182,False,SERVFAIL,0,,0,0,False,False,0,,,,,,,,,,,,unknown,no_reputation_coverage
technicalvidya.com,2026-07-08,18,3.378783493486176,0.0,0,0.5555555555555556,-7.098684,low,0.5185,3,0.7857142857142857,False,SERVFAIL,0,,0,0,False,False,0,,,,,,,,,,,,unknown,no_reputation_coverage
phuket-tennis.ru,2026-07-08,16,3.238901256602631,0.0,1,0.5,-7.381360869565217,low,0.5,2,0.7692307692307693,False,SERVFAIL,0,,0,0,False,False,0,,,,,,,False,,,,,unknown,no_reputation_coverage
windchillforecast.net,2026-07-08,21,3.734521664779752,0.0,0,0.4166666666666667,-6.628829032258064,low,0.5333,4,0.8235294117647058,False,SERVFAIL,0,,0,0,False,False,0,,,,,,,,,,,,unknown,no_reputation_coverage
shipings222.com,2026-07-08,15,2.663532754804255,0.2,0,0.3333333333333333,-7.778742105263158,low,0.5263,3,0.6363636363636364,False,SERVFAIL,0,,0,0,False,False,0,,,,,,,,,,,,unknown,no_reputation_coverage
pishu-pishu.ru,2026-07-08,14,2.5503407095463886,0.0,1,0.6666666666666666,-7.633968421052631,low,0.5,2,0.5454545454545454,False,SERVFAIL,0,,0,0,False,False,0,,,,,,,False,,,,,unknown,no_reputation_coverage
wrfllc.com,2026-07-08,10,2.251629167387823,0.0,0,0.0,-9.309766666666668,low,0.5714,6,0.8333333333333334,False,SERVFAIL,0,,0,0,False,False,0,,,,,,,,,,,,unknown,no_reputation_coverage
ourbribie.com,2026-07-08,13,2.5032583347756456,0.0,0,1.25,-7.202726666666667,low,0.5333,3,0.6666666666666666,False,SERVFAIL,0,,0,0,False,False,0,,,,,,,,,,,,unknown,no_reputation_coverage
supra777.site,2026-07-08,13,2.4056390622295662,0.23076923076923078,0,0.6666666666666666,-8.128738461538461,medium,0.5,2,0.75,False,SERVFAIL,0,,0,0,False,False,0,,,,,,,False,,,,,unknown,no_reputation_coverage
hayoapa.store,2026-07-08,13,2.1280852788913944,0.0,0,1.3333333333333333,-7.655327272727273,low,0.6154,1,0.7142857142857143,False,SERVFAIL,0,,0,0,False,False,0,,,,,,,False,,,,,unknown,no_reputation_coverage
mizannargile.xyz,2026-07-08,16,3.0849625007211556,0.0,0,0.7142857142857143,-7.232242857142857,high,0.5556,2,0.75,False,SERVFAIL,0,,0,0,False,False,0,,,,,,,,,,,,unknown,no_reputation_coverage
polizstent.autos,2026-07-08,16,3.1219280948873624,0.0,0,0.42857142857142855,-6.906582352941177,low,0.5263,3,0.9,False,SERVFAIL,0,,0,0,False,False,0,,,,,,,,,,,,unknown,no_reputation_coverage
noahkhaemba.cv,2026-07-08,14,2.8453509366224368,0.0,0,0.8333333333333334,-8.461515789473685,low,0.5882,3,0.7272727272727273,False,SERVFAIL,0,,0,0,False,False,0,,,,,,,,,,,,unknown,no_reputation_coverage
loansdock.xyz,2026-07-08,13,2.94770277922009,0.0,0,0.5,-7.031719999999999,high,0.5714,3,0.8888888888888888,False,SERVFAIL,0,,0,0,False,False,0,,,,,,,,,,,,unknown,no_reputation_coverage
thegenesis6conspiracy.com,2026-07-08,25,3.653756708287001,0.04,0,0.5384615384615384,-7.241984615384616,low,0.4444,3,0.6666666666666666,False,SERVFAIL,0,,0,0,False,False,0,,,,,,,,,,,,unknown,no_reputation_coverage
realtomics.com,2026-07-08,14,3.321928094887362,0.0,0,0.6666666666666666,-6.402782352941177,low,0.6667,2,1.0,False,SERVFAIL,0,,0,0,False,False,0,,,,,,,,,,,,unknown,no_reputation_coverage
artisanprimeonline.com,2026-07-08,22,3.3082708345352603,0.0,0,0.8,-6.391390909090909,low,0.6207,3,0.6111111111111112,False,SERVFAIL,0,,0,0,False,False,0,,,,,,,,,,,,unknown,no_reputation_coverage
bbvaglobalscf-auth.com,2026-07-08,22,3.530493056757482,0.0,1,0.4166666666666667,-7.918954545454545,low,0.5263,4,0.7222222222222222,False,SERVFAIL,0,,0,0,False,False,0,,,,,,,,,,,,unknown,no_reputation_coverage
onselect.xyz,2026-07-08,12,2.75,0.0,0,0.6,-6.163038461538462,high,0.75,2,0.875,False,SERVFAIL,0,,0,0,False,False,0,,,,,,,,,,,,unknown,no_reputation_coverage
qcycle.app,2026-07-08,10,2.2516291673878226,0.0,0,0.2,-8.563066666666666,low,0.5,5,0.8333333333333334,False,SERVFAIL,0,,0,0,False,False,0,,,,,,,False,,,,,unknown,no_reputation_coverage
txhtv.com,2026-07-08,9,1.9219280948873623,0.0,0,0.0,-9.706771428571429,low,0.6,5,0.8,False,SERVFAIL,0,,0,0,False,False,0,,,,,,,,,,,,unknown,no_reputation_coverage
lakesagi.xyz,2026-07-08,12,2.75,0.0,0,1.0,-7.023992307692309,high,0.5714,1,0.875,False,SERVFAIL,0,,0,0,False,False,0,,,,,,,,,,,,unknown,no_reputation_coverage
objectifsucces.vip,2026-07-08,18,3.182005814760214,0.0,0,0.5555555555555556,-7.743848000000001,low,0.48,2,0.7142857142857143,False,SERVFAIL,0,,0,0,False,False,0,,,,,,,False,,,,,unknown,no_reputation_coverage
thetrapshop.com,2026-07-08,15,2.9139770731827523,0.0,0,0.375,-6.536863157894737,low,0.5263,3,0.7272727272727273,False,SERVFAIL,0,,0,0,False,False,0,,,,,,,,,,,,unknown,no_reputation_coverage
klima.ci,2026-07-08,8,2.321928094887362,0.0,0,0.6666666666666666,-6.702457142857143,low,0.5714,2,1.0,False,SERVFAIL,0,,0,0,False,False,0,,,,,,,,,,,,unknown,no_reputation_coverage
paykeyword.xyz,2026-07-08,14,3.121928094887362,0.0,0,0.42857142857142855,-7.700605882352941,high,0.4762,2,0.9,False,SERVFAIL,0,,0,0,False,False,0,,,,,,,,,,,,unknown,no_reputation_coverage
vickimartinez.com,2026-07-08,17,3.334679141051595,0.0,0,0.625,-6.441326086956521,low,0.5,2,0.8461538461538461,False,SERVFAIL,0,,0,0,False,False,0,,,,,,,,,,,,unknown,no_reputation_coverage
bd765.net,2026-07-08,9,2.321928094887362,0.3333333333333333,0,0.0,-11.6125,low,0.4,2,1.0,False,SERVFAIL,0,,0,0,False,False,0,,,,,,,,,,,,unknown,no_reputation_coverage
7qv5m-ho5vd-llsmcz.xyz,2026-07-08,22,3.6143694458867563,0.13636363636363635,2,0.08333333333333333,-10.865378787878788,high,0.32,6,0.7222222222222222,False,SERVFAIL,0,,0,0,False,False,0,,,,,,,,,,,,unknown,no_reputation_coverage
koulam.fr,2026-07-08,9,2.584962500721156,0.0,0,1.0,-7.119877777777778,low,0.6,1,1.0,False,SERVFAIL,0,,0,0,False,False,0,,,,,,,,,,,,unknown,no_reputation_coverage
klymore.com,2026-07-08,11,2.807354922057604,0.0,0,0.4,-7.2426545454545455,low,0.5,4,1.0,False,SERVFAIL,0,,0,0,False,False,0,,,,,,,,,,,,unknown,no_reputation_coverage
158-69-226-85.xyz,2026-07-08,17,2.7192945256669794,0.5882352941176471,3,0.0,-11.531978260869565,high,0.25,0,0.5384615384615384,False,SERVFAIL,0,,0,0,False,False,0,,,,,,,,,,,,unknown,no_reputation_coverage
c23collective.com,2026-07-08,17,3.0269868333592873,0.11764705882352941,0,0.5714285714285714,-7.622747826086956,low,0.48,2,0.6923076923076923,False,SERVFAIL,0,,0,0,False,False,0,,,,,,,,,,,,unknown,no_reputation_coverage
generallumberjack.com,2026-07-08,21,3.4548223999466066,0.0,0,0.5454545454545454,-6.857396774193548,low,0.4,2,0.7058823529411765,False,SERVFAIL,0,,0,0,False,False,0,,,,,,,,,,,,unknown,no_reputation_coverage
vmapdata.ai,2026-07-08,11,2.4056390622295662,0.0,0,0.6,-7.267607692307692,low,0.5333,2,0.75,False,SERVFAIL,0,,0,0,False,False,0,,,,,,,False,,,,,unknown,no_reputation_coverage
روبوتشبيهبالبشر.com,2026-07-08,19,2.9735572622751847,0.0,0,0.0,-15.754166666666666,low,0.0,15,0.6,False,SERVFAIL,0,,0,0,False,False,0,,,,,,,,,,,,unknown,no_reputation_coverage
handybears.net,2026-07-08,14,3.121928094887362,0.0,0,0.42857142857142855,-6.887164705882353,low,0.5333,4,0.9,False,SERVFAIL,0,,0,0,False,False,0,,,,,,,,,,,,unknown,no_reputation_coverage
xn--p2wx1x.top,2026-07-08,14,2.6464393446710153,0.14285714285714285,2,0.0,-10.890811764705882,high,0.3529,2,0.7,False,SERVFAIL,0,,0,0,False,False,0,,,,,,,,,,,,unknown,no_reputation_coverage
vitoriadevigili.online,2026-07-08,22,2.9995812306460645,0.0,0,1.1428571428571428,-6.686855555555555,medium,0.4545,1,0.6666666666666666,False,SERVFAIL,0,,0,0,False,False,0,,,,,,,False,,,,,unknown,no_reputation_coverage
danayumul.com,2026-07-08,13,2.725480556997868,0.0,0,0.8,-7.490566666666667,low,0.5,1,0.7777777777777778,False,SERVFAIL,0,,0,0,False,False,0,,,,,,,,,,,,unknown,no_reputation_coverage
keyssim.com,2026-07-08,11,2.521640636343318,0.0,0,0.4,-7.340081818181818,low,0.5,3,0.8571428571428571,False,SERVFAIL,0,,0,0,False,False,0,,,,,,,,,,,,unknown,no_reputation_coverage
soydelorca.com,2026-07-08,14,3.121928094887362,0.0,0,0.6666666666666666,-7.351976470588235,low,0.5556,2,0.9,False,SERVFAIL,0,,0,0,False,False,0,,,,,,,,,,,,unknown,no_reputation_coverage
lviq2n.cn,2026-07-08,9,2.584962500721156,0.1111111111111111,0,0.25,-10.857800000000001,low,0.6,2,1.0,False,SERVFAIL,0,,0,0,False,False,0,,,,,,,,,,,,unknown,no_reputation_coverage
trilledbiogeogra.club,2026-07-08,21,3.25,0.0,0,0.7777777777777778,-7.1536,low,0.5,2,0.625,False,SERVFAIL,0,,0,0,False,False,0,,,,,,,,,,,,unknown,no_reputation_coverage
gigakozijn.nl,2026-07-08,13,2.9219280948873623,0.0,0,0.6666666666666666,-8.652429411764706,low,0.5,2,0.8,False,SERVFAIL,0,,0,0,False,False,0,,,,,,,False,,,,,unknown,no_reputation_coverage
kassondrawilson.com,2026-07-08,19,3.1898980954642866,0.0,0,0.5,-6.9577740740740746,low,0.5,3,0.6666666666666666,False,SERVFAIL,0,,0,0,False,False,0,,,,,,,,,,,,unknown,no_reputation_coverage
luupay.info,2026-07-08,11,2.2516291673878226,0.0,0,1.0,-8.160677777777778,medium,0.5333,1,0.8333333333333334,False,SERVFAIL,0,,0,0,False,False,0,,,,,,,,,,,,unknown,no_reputation_coverage
lumiard.studio,2026-07-08,14,2.807354922057604,0.0,0,0.75,-7.006963636363636,low,0.5714,2,1.0,False,SERVFAIL,0,,0,0,False,False,0,,,,,,,False,,,,,unknown,no_reputation_coverage
visibilitycpapros.com,2026-07-08,21,3.381580488309164,0.0,0,0.5454545454545454,-7.028083870967742,low,0.48,4,0.7058823529411765,False,SERVFAIL,0,,0,0,False,False,0,,,,,,,,,,,,unknown,no_reputation_coverage
dramaradar.net,2026-07-08,14,1.8464393446710154,0.0,0,0.6666666666666666,-6.165235294117647,low,0.5217,2,0.4,False,SERVFAIL,0,,0,0,False,False,0,,,,,,,,,,,,unknown,no_reputation_coverage
solagemma.com,2026-07-08,13,2.725480556997868,0.0,0,0.8,-6.959506666666667,low,0.5,2,0.7777777777777778,False,SERVFAIL,0,,0,0,False,False,0,,,,,,,,,,,,unknown,no_reputation_coverage
shannhitchstudios.com,2026-07-08,21,3.1751231351134614,0.0,0,0.4166666666666667,-7.078732258064516,low,0.5517,5,0.5882352941176471,False,SERVFAIL,0,,0,0,False,False,0,,,,,,,,,,,,unknown,no_reputation_coverage
asconcontabilidadebahia.com,2026-07-08,27,3.377278130987436,0.0,0,0.9166666666666666,-6.700774418604651,low,0.4324,2,0.5217391304347826,False,SERVFAIL,0,,0,0,False,False,0,,,,,,,,,,,,unknown,no_reputation_coverage
v6d4l-h2znc-okyrbc.xyz,2026-07-08,22,3.94770277922009,0.13636363636363635,2,0.08333333333333333,-10.91798484848485,high,0.3478,5,0.8888888888888888,False,SERVFAIL,0,,0,0,False,False,0,,,,,,,,,,,,unknown,no_reputation_coverage
supergainsty.com,2026-07-08,16,3.418295834054489,0.0,0,0.5,-6.611128571428571,low,0.6,4,0.9166666666666666,False,SERVFAIL,0,,0,0,False,False,0,,,,,,,,,,,,unknown,no_reputation_coverage
24hplayslot.com,2026-07-08,15,3.277613436819116,0.13333333333333333,0,0.2857142857142857,-7.791263157894736,low,0.5455,3,0.9090909090909091,False,SERVFAIL,0,,0,0,False,False,0,,,,,,,,,,,,unknown,no_reputation_coverage
cctv-jy.com,2026-07-08,11,2.5216406363433186,0.0,1,0.0,-9.759772727272727,low,0.4615,4,0.8571428571428571,False,SERVFAIL,0,,0,0,False,False,0,,,,,,,,,,,,unknown,no_reputation_coverage
arenda-oplata6379101.digital,2026-07-08,28,3.8219280948873617,0.25,1,1.0,-8.327564864864865,low,0.3704,2,0.8,False,SERVFAIL,0,,0,0,False,False,0,,,,,,,,,,,,unknown,no_reputation_coverage
food-delivery-r.site,2026-07-08,20,3.2402239289418517,0.0,2,0.625,-7.2460555555555555,medium,0.6667,2,0.6666666666666666,False,SERVFAIL,0,,0,0,False,False,0,,,,,,,False,,,,,unknown,no_reputation_coverage
keysquorum.xyz,2026-07-08,14,3.121928094887362,0.0,0,0.6666666666666666,-7.973111764705883,high,0.5333,3,0.9,False,SERVFAIL,0,,0,0,False,False,0,,,,,,,,,,,,unknown,no_reputation_coverage
edooq.com,2026-07-08,9,1.9219280948873623,0.0,0,1.5,-7.827057142857143,low,0.5,1,0.8,False,SERVFAIL,0,,0,0,False,False,0,,,,,,,,,,,,unknown,no_reputation_coverage
boersenkaffee.com,2026-07-08,17,2.9312089489103235,0.0,0,0.8571428571428571,-7.405478260869565,low,0.5833,2,0.6923076923076923,False,SERVFAIL,0,,0,0,False,False,0,,,,,,,,,,,,unknown,no_reputation_coverage
eevu.io,2026-07-08,7,1.5,0.0,0,3.0,-8.37896,low,0.5,1,0.75,False,SERVFAIL,0,,0,0,False,False,0,,,,,,,,,,,,unknown,no_reputation_coverage
grcforms.xyz,2026-07-08,12,2.75,0.0,0,0.14285714285714285,-7.851861538461539,high,0.7692,4,0.875,False,SERVFAIL,0,,0,0,False,False,0,,,,,,,,,,,,unknown,no_reputation_coverage
eliquis-construction.com,2026-07-08,24,3.4841837197791885,0.0,1,0.7272727272727273,-6.77401081081081,low,0.5,4,0.6,False,SERVFAIL,0,,0,0,False,False,0,,,,,,,,,,,,unknown,no_reputation_coverage
shippingpointco.com,2026-07-08,19,3.0062389286533895,0.0,0,0.5,-6.837122222222222,low,0.56,3,0.6,False,SERVFAIL,0,,0,0,False,False,0,,,,,,,,,,,,unknown,no_reputation_coverage
mastugi.my.id,2026-07-08,13,2.807354922057604,0.0,0,0.75,-6.9706636363636365,low,0.5714,2,1.0,False,SERVFAIL,0,,0,0,False,False,0,,,,,,,False,,,,,unknown,no_reputation_coverage
obfuscate.cloud,2026-07-08,15,3.169925001442312,0.0,0,0.8,-7.42488,low,0.5333,2,1.0,False,SERVFAIL,0,,0,0,False,False,0,,,,,,,,,,,,unknown,no_reputation_coverage
haumaruwhanau.net,2026-07-08,17,2.5654483718208256,0.0,0,1.1666666666666667,-7.504182608695652,low,0.5,2,0.5384615384615384,False,SERVFAIL,0,,0,0,False,False,0,,,,,,,,,,,,unknown,no_reputation_coverage
weathereditor.com,2026-07-08,17,3.0269868333592873,0.0,0,0.8571428571428571,-6.140060869565217,low,0.7,2,0.6923076923076923,False,SERVFAIL,0,,0,0,False,False,0,,,,,,,,,,,,unknown,no_reputation_coverage
legitarena.com,2026-07-08,14,2.9219280948873623,0.0,0,1.0,-6.204776470588236,low,0.5714,1,0.8,False,SERVFAIL,0,,0,0,False,False,0,,,,,,,,,,,,unknown,no_reputation_coverage
try-skyandsol.com,2026-07-08,17,3.3927474104487847,0.0,1,0.2,-7.51815652173913,low,0.5,3,0.8461538461538461,False,SERVFAIL,0,,0,0,False,False,0,,,,,,,,,,,,unknown,no_reputation_coverage
ferrinho.associates,2026-07-08,19,2.75,0.0,0,0.6,-6.891446153846155,low,0.5,2,0.875,False,SERVFAIL,0,,0,0,False,False,0,,,,,,,,,,,,unknown,no_reputation_coverage
x66ep-op8zz-nmshhv.xyz,2026-07-08,22,3.6143694458867563,0.13636363636363635,2,0.18181818181818182,-10.700636363636363,high,0.32,6,0.7222222222222222,False,SERVFAIL,0,,0,0,False,False,0,,,,,,,,,,,,unknown,no_reputation_coverage
counrty.com,2026-07-08,11,2.807354922057604,0.0,0,0.4,-7.310154545454545,low,0.5882,4,1.0,False,SERVFAIL,0,,0,0,False,False,0,,,,,,,,,,,,unknown,no_reputation_coverage
sparkflix.live,2026-07-08,14,3.169925001442312,0.0,0,0.2857142857142857,-7.267986666666667,low,0.6,4,1.0,False,SERVFAIL,0,,0,0,False,False,0,,,,,,,False,,,,,unknown,no_reputation_coverage
karlsilveira.com,2026-07-08,16,2.918295834054489,0.0,0,0.7142857142857143,-7.423914285714285,low,0.6316,3,0.6666666666666666,False,SERVFAIL,0,,0,0,False,False,0,,,,,,,,,,,,unknown,no_reputation_coverage
verdavera.nl,2026-07-08,12,2.2810361125534238,0.0,0,0.8,-6.33232,low,0.5714,2,0.5555555555555556,False,SERVFAIL,0,,0,0,False,False,0,,,,,,,False,,,,,unknown,no_reputation_coverage
lakecountrychorus.net,2026-07-08,21,3.6168746059562227,0.0,0,0.5454545454545454,-6.867832258064516,low,0.5,6,0.7647058823529411,False,SERVFAIL,0,,0,0,False,False,0,,,,,,,,,,,,unknown,no_reputation_coverage
