domain,date_collected,domain_length,shannon_entropy,digit_ratio,hyphen_count,vowel_consonant_ratio,ngram_score,tld_risk_category,typosquatting_similarity,longest_consonant_run,unique_char_ratio,resolves_flag,rcode,num_a_records,min_ttl,mx_count,num_ns,has_spf,cname_present,num_aaaa_records,asn,geo_country,ptr_present,registrar,domain_age_days,registration_duration_days,privacy_protection_flag,abuseipdb_score,spamhaus_zen_listed,spamhaus_dbl_listed,mx_spamhaus_zen_listed,label,label_reason
f168l.pro,2026-07-21,9,2.321928094887362,0.3333333333333333,0,0.0,-11.098457142857143,low,0.5,1,1.0,True,NOERROR,2,300,0,2,False,False,2,13335,US,False,,,,,0,False,False,,benign,no_adverse_signal
westlinnpaintingcontractors.org,2026-07-21,31,3.482127206733829,0.0,0,0.42105263157894735,-6.449003921568628,low,0.45,3,0.48148148148148145,True,NOERROR,2,3600,0,2,False,False,0,16509,US,True,"GoDaddy.com, LLC",2,365,False,11,False,False,,benign,no_adverse_signal
rajpurohitshadi.cyou,2026-07-21,20,3.3735572622751855,0.0,0,0.6666666666666666,-7.538422222222222,low,0.4545,3,0.7333333333333333,False,NOERROR,0,,0,2,False,False,0,,,,Dynadot Inc,2,365,False,,,False,,benign,no_adverse_signal
worlddying.com,2026-07-21,14,3.121928094887362,0.0,0,0.25,-7.290688235294118,low,0.6667,5,0.9,True,NOERROR,2,600,0,2,False,False,0,16509,US,True,"GoDaddy.com, LLC",2,365,False,35,False,False,,benign,no_adverse_signal
charleysbeadsandmore.com,2026-07-21,24,3.546439344671015,0.0,0,0.5384615384615384,-7.000743243243242,low,0.4667,3,0.65,True,NOERROR,3,3600,0,2,False,False,0,58182,US,True,Wix.com Ltd.,2,365,True,17,False,False,,benign,no_adverse_signal
087626.lol,2026-07-21,10,2.251629167387823,0.6,0,0.0,-10.921244444444445,low,0.2222,0,0.8333333333333334,False,NXDOMAIN,0,,0,0,False,False,0,,,,,,,False,,,False,,benign,no_adverse_signal
airobotcorp.com,2026-07-21,15,2.8453509366224368,0.0,0,0.8333333333333334,-6.888226315789473,low,0.5,2,0.7272727272727273,True,NOERROR,2,10800,0,2,True,False,2,14618,US,True,DropCatch.com 1529 LLC,2,365,False,0,False,False,,benign,no_adverse_signal
parvaziran.cloud,2026-07-21,16,2.6464393446710153,0.0,0,0.6666666666666666,-7.1769823529411765,low,0.5882,2,0.7,True,NOERROR,1,300,0,2,False,False,0,202468,IR,False,CSL Computer Service Langenbach GmbH d/b/a joker.com,2,365,False,0,True,False,,malicious,spamhaus_zen
apartaya.mx,2026-07-21,11,2.0,0.0,0,1.0,-6.560207692307693,low,0.5333,2,0.625,True,NOERROR,2,3600,0,2,False,False,0,16509,US,True,GoDaddy.com,4,365,False,23,False,False,,benign,no_adverse_signal
locacivil.com,2026-07-21,13,2.5032583347756456,0.0,0,0.8,-6.9082333333333334,low,0.5333,1,0.6666666666666666,True,NOERROR,1,1800,5,2,True,False,0,22612,US,False,NAMECHEAP INC,2,365,True,0,False,False,False,benign,no_adverse_signal
as6.mom,2026-07-21,7,1.584962500721156,0.14285714285714285,0,1.0,-9.1502,low,0.6667,1,1.0,True,NOERROR,2,300,0,2,False,False,2,13335,US,False,"Spaceship, Inc.",2,365,False,0,False,False,,benign,no_adverse_signal
fegme.com,2026-07-21,9,1.9219280948873623,0.0,0,0.6666666666666666,-8.768028571428571,low,0.5714,2,0.8,True,NOERROR,1,1,0,2,False,False,0,54600,US,False,"GMO Internet, Inc.",2,365,True,0,False,False,,benign,no_adverse_signal
rs-nnvs.garden,2026-07-21,14,2.2359263506290326,0.0,1,0.0,-9.02049090909091,low,0.5,4,0.7142857142857143,False,NOERROR,0,,0,2,False,False,0,,,,"Spaceship, Inc.",2,365,True,,,False,,benign,no_adverse_signal
cloudteam.xyz,2026-07-21,13,3.169925001442312,0.0,0,0.8,-6.666226666666668,high,0.7368,2,1.0,True,NOERROR,1,3600,0,2,False,False,0,14618,US,True,Atom.com Domains LLC,2,365,False,0,False,False,,benign,no_adverse_signal
bien-etre-resonance.fr,2026-07-21,22,3.176110251517254,0.0,2,0.8888888888888888,-6.870657142857143,low,0.4615,2,0.5789473684210527,False,NOERROR,0,,0,2,True,False,0,,,,Infomaniak Network SA,1,364,False,,,False,,benign,no_adverse_signal
solarity.online,2026-07-21,15,3.0,0.0,0,0.6,-6.271530769230769,medium,0.8,2,1.0,True,NOERROR,2,3600,1,2,True,False,0,16509,US,True,"GoDaddy.com, LLC",2,365,False,56,False,False,,malicious,abuseipdb
capitalmusic.mom,2026-07-21,16,3.0849625007211556,0.0,0,0.7142857142857143,-6.6686523809523806,low,0.5714,2,0.75,True,NOERROR,2,300,0,2,False,False,2,13335,US,False,Dynadot Inc,2,365,False,0,False,False,,benign,no_adverse_signal
trjengineering.com,2026-07-21,18,2.6995138503199656,0.0,0,0.5555555555555556,-7.003164000000001,low,0.5185,3,0.5,True,NOERROR,4,14400,1,4,True,False,0,53831,US,False,Squarespace Domains II LLC,3,365,True,15,False,False,False,benign,no_adverse_signal
easyrecrut.com,2026-07-21,14,2.9219280948873623,0.0,0,0.6666666666666666,-7.27300588235294,low,0.5714,3,0.8,True,NOERROR,1,3600,3,2,True,False,1,16276,FR,True,"OVH, SAS",734,1095,True,0,False,False,False,benign,no_adverse_signal
pedro8slot.club,2026-07-21,15,3.121928094887362,0.06666666666666667,0,0.5,-8.539223529411764,low,0.5263,2,0.9,True,NOERROR,1,300,0,2,False,False,0,206834,DE,False,Dynadot Inc,2,365,True,22,False,False,,benign,no_adverse_signal
euromediation.net,2026-07-21,17,3.238901256602631,0.0,0,1.6,-6.182904347826087,low,0.6087,1,0.7692307692307693,True,NOERROR,1,86400,2,2,False,False,0,16276,FR,True,"OVH, SAS",7674,8035,True,11,False,False,False,benign,no_adverse_signal
arcticdronesolutions.com,2026-07-21,24,3.484183719779189,0.0,0,0.6666666666666666,-6.571713513513513,low,0.55,3,0.6,True,NOERROR,4,14400,1,4,True,False,0,53831,US,False,Squarespace Domains II LLC,312,365,True,34,False,False,False,benign,no_adverse_signal
chatel-ski.com,2026-07-21,14,3.321928094887362,0.0,1,0.5,-7.025411764705883,low,0.5556,2,1.0,False,NXDOMAIN,0,,0,0,False,False,0,,,,"GMO Internet, Inc.",2,365,True,,,False,,benign,no_adverse_signal
iviesofannapolis.org,2026-07-21,20,3.202819531114783,0.0,0,1.0,-6.708451724137931,low,0.4516,2,0.625,True,NOERROR,2,3600,0,2,False,False,0,16509,US,True,"GoDaddy.com, LLC",2,731,False,23,False,False,,benign,no_adverse_signal
puma33sim.live,2026-07-21,14,2.725480556997868,0.14285714285714285,0,0.75,-9.094073333333334,low,0.5882,1,0.7777777777777778,True,NOERROR,2,300,0,2,False,False,2,13335,US,False,,,,False,0,False,False,,benign,no_adverse_signal
j5-kjha.garden,2026-07-21,14,2.5216406363433186,0.07142857142857142,1,0.25,-11.62938181818182,low,0.3636,3,0.8571428571428571,False,NOERROR,0,,0,2,False,False,0,,,,"Spaceship, Inc.",2,365,True,,,False,,benign,no_adverse_signal
hinotroa.icu,2026-07-21,12,2.75,0.0,0,1.0,-6.519284615384615,low,0.5882,2,0.875,True,NOERROR,1,3600,2,4,True,False,1,8560,US,True,IONOS SE,2,365,True,0,False,False,False,benign,no_adverse_signal
byxlg.top,2026-07-21,9,2.321928094887362,0.0,0,0.0,-10.338628571428572,high,0.5,5,1.0,False,NOERROR,0,,0,4,False,False,0,,,,NameMart Pte. Ltd.,2,365,False,,,True,,malicious,spamhaus_dbl
frenchaestheticsacademy.com,2026-07-21,27,3.501397825434103,0.0,0,0.5333333333333333,-6.724451162790698,low,0.4444,3,0.5652173913043478,True,NOERROR,2,60,0,2,False,False,2,47583,CY,False,"HOSTINGER operations, UAB",2,365,False,0,False,False,,benign,no_adverse_signal
tap-monie.net,2026-07-21,13,3.169925001442312,0.0,1,1.0,-7.238486666666666,low,0.7059,1,1.0,True,NOERROR,2,600,0,2,False,False,0,16509,US,True,"GoDaddy.com, LLC",3,365,False,35,False,False,,benign,no_adverse_signal
nu9-kp6.garden,2026-07-21,14,2.807354922057604,0.14285714285714285,1,0.3333333333333333,-12.338736363636365,low,0.4,2,1.0,False,NOERROR,0,,0,2,False,False,0,,,,"Spaceship, Inc.",2,365,True,,,False,,benign,no_adverse_signal
selectline.berlin,2026-07-21,17,2.6464393446710153,0.0,0,0.6666666666666666,-6.315823529411765,low,0.7778,3,0.7,True,NOERROR,1,3600,1,3,False,False,0,15817,DE,True,INWX GmbH,4508,4748,False,0,False,False,False,benign,no_adverse_signal
cardiologie.berlin,2026-07-21,18,3.095795255000934,0.0,0,1.2,-6.671836842105263,low,0.5455,2,0.8181818181818182,True,NOERROR,1,150,1,2,False,False,1,6724,DE,True,Cronon GmbH,4508,4748,True,0,False,False,False,benign,no_adverse_signal
mao466.com,2026-07-21,10,2.2516291673878226,0.3,0,2.0,-10.731055555555555,low,0.5,1,0.8333333333333334,True,NOERROR,1,3600,0,0,False,False,0,906,US,True,Gname 340 Inc,2,365,False,0,False,False,,benign,no_adverse_signal
sj.berlin,2026-07-21,9,1.0,0.0,0,0.0,,low,,2,1.0,True,NOERROR,1,14399,1,2,True,False,0,47846,DE,False,Vautron Rechenzentrum AG,112,365,False,18,False,False,,benign,no_adverse_signal
powerhousesolar.org,2026-07-21,19,3.189898095464287,0.0,0,0.875,-6.742374074074075,low,0.4615,2,0.6666666666666666,True,NOERROR,1,1800,5,2,True,False,0,22612,US,False,NAMECHEAP INC,2,365,True,0,False,False,False,benign,no_adverse_signal
novashop.se,2026-07-21,11,2.75,0.0,0,0.6,-6.663092307692308,low,0.5333,2,0.875,True,NOERROR,2,3600,0,2,False,False,0,39570,SE,False,Loopia AB,3,365,False,2,False,False,,benign,no_adverse_signal
rangedock.com,2026-07-21,13,3.169925001442312,0.0,0,0.5,-6.4376,low,0.5455,2,1.0,True,NOERROR,1,1800,5,2,True,False,0,22612,US,False,NAMECHEAP INC,2,365,True,0,False,False,False,benign,no_adverse_signal
blougie.shop,2026-07-21,12,2.807354922057604,0.0,0,1.3333333333333333,-7.129072727272727,low,0.7143,2,1.0,True,NOERROR,2,600,0,2,False,False,0,16509,US,True,,,,False,35,False,False,,benign,no_adverse_signal
queenbet-temmuzgirisi.icu,2026-07-21,25,3.4992275417233567,0.0,1,0.8181818181818182,-7.7458282051282055,low,0.4118,2,0.6190476190476191,True,NOERROR,1,300,0,2,False,False,0,53667,US,True,Dynadot Inc,2,365,False,0,False,False,,benign,no_adverse_signal
misirlisanat.com,2026-07-21,16,2.8553885422075336,0.0,0,0.7142857142857143,-6.599,low,0.5455,2,0.6666666666666666,True,NOERROR,2,300,0,2,False,False,0,16509,US,True,"Spaceship, Inc.",2,365,False,0,False,False,,benign,no_adverse_signal
wgzimmer.berlin,2026-07-21,15,2.75,0.0,0,0.3333333333333333,-8.447515384615384,low,0.5333,3,0.875,True,NOERROR,1,3600,2,4,True,False,1,8560,DE,True,IONOS SE,4508,4748,True,0,False,False,False,benign,no_adverse_signal
x-berg.berlin,2026-07-21,13,2.584962500721156,0.0,1,0.25,-7.648088888888889,low,0.5333,2,1.0,True,NOERROR,1,86400,3,4,False,False,0,6724,DE,False,InterNetX GmbH,4508,4748,True,0,False,False,False,benign,no_adverse_signal
izziarmenia1.space,2026-07-21,18,2.8553885422075336,0.05555555555555555,0,1.2,-7.518985714285714,low,0.4545,2,0.6666666666666666,True,NOERROR,2,300,0,2,False,False,2,13335,US,False,"Spaceship, Inc.",2,365,False,0,False,False,,benign,no_adverse_signal
frastio.com,2026-07-21,11,2.807354922057604,0.0,0,0.75,-6.0889181818181815,low,0.6154,2,1.0,True,NOERROR,2,300,0,2,False,False,2,13335,US,False,"Spaceship, Inc.",2,365,False,0,False,False,,benign,no_adverse_signal
chengmingwu.com,2026-07-21,15,3.095795255000934,0.0,0,0.375,-7.257157894736842,low,0.5,3,0.8181818181818182,True,NOERROR,2,300,0,2,False,False,2,13335,US,False,"Cloudflare, Inc.",2,365,True,0,False,False,,benign,no_adverse_signal
ecouteessence.com,2026-07-21,17,2.4996981431844145,0.0,0,1.1666666666666667,-6.385960869565218,low,0.5,2,0.5384615384615384,True,NOERROR,3,3600,1,2,True,False,0,58182,US,True,Wix.com Ltd.,2,365,False,17,False,False,False,benign,no_adverse_signal
florisvanbommel-shoppping.shop,2026-07-21,30,3.863465189601646,0.0,1,0.4117647058823529,-7.217659574468086,low,0.375,3,0.64,True,NOERROR,1,14400,0,4,False,False,0,13335,US,False,,,,False,0,False,False,,benign,no_adverse_signal
rf-battleforged.ru,2026-07-21,18,3.373557262275185,0.0,1,0.4,-7.643703703703704,low,0.56,3,0.7333333333333333,True,NOERROR,2,300,0,2,False,False,2,13335,US,False,DOMAINSHOP-RU,7,365,False,0,False,False,,benign,no_adverse_signal
realdetroitweekly.com,2026-07-21,21,3.2639334294856344,0.0,0,0.7,-7.126822580645161,low,0.48,3,0.6470588235294118,True,NOERROR,1,300,0,2,False,False,0,40034,VG,False,"Network Solutions, LLC",8804,9131,True,25,False,False,,benign,no_adverse_signal
jcrtechgroup.com,2026-07-21,16,3.2516291673878226,0.0,0,0.3333333333333333,-7.476623809523809,low,0.5556,4,0.8333333333333334,True,NOERROR,1,340,1,4,True,False,0,36454,US,True,Webcentral Group Ltd,2,365,True,0,False,False,False,benign,no_adverse_signal
dhtratio.com,2026-07-21,12,2.75,0.0,0,0.6,-6.929792307692308,low,0.5882,4,0.875,True,NOERROR,2,120,0,2,False,False,2,16509,DE,True,"Cloudflare, Inc.",2,365,True,17,False,False,,benign,no_adverse_signal
eske-events.com,2026-07-21,15,2.5503407095463886,0.0,1,0.6666666666666666,-7.1284052631578945,low,0.5,3,0.6363636363636364,True,NOERROR,2,60,2,2,True,False,2,47583,CY,False,"HOSTINGER operations, UAB",2,365,False,1,False,False,False,benign,no_adverse_signal
bluettisolution.shop,2026-07-21,20,3.056564762130954,0.0,0,0.875,-6.7497333333333325,low,0.5714,2,0.6,True,NOERROR,1,300,0,2,False,False,0,199242,US,False,,,,False,0,False,False,,benign,no_adverse_signal
mpqo9.top,2026-07-21,9,2.321928094887362,0.1111111111111111,0,0.3333333333333333,-11.750685714285714,high,0.4615,3,1.0,False,NOERROR,0,,0,4,False,False,0,,,,NameMart Pte. Ltd.,2,365,False,,,True,,malicious,spamhaus_dbl
heckmanntv.de,2026-07-21,13,3.1219280948873624,0.0,0,0.25,-7.244270588235294,low,0.6,4,0.9,True,NOERROR,1,150,1,2,False,False,1,8560,DE,True,,,,False,9,False,False,False,benign,no_adverse_signal
campioni.berlin,2026-07-21,15,2.75,0.0,0,1.0,-6.571553846153846,low,0.5714,2,0.875,False,SERVFAIL,0,,0,0,False,False,0,,,,InterNetX GmbH,4261,4383,True,,,False,,benign,no_adverse_signal
ejen-hartanah.com,2026-07-21,17,2.873140679513133,0.0,1,0.7142857142857143,-7.298621739130435,low,0.5,2,0.6153846153846154,True,NOERROR,2,60,0,2,False,False,2,47583,LT,True,"HOSTINGER operations, UAB",2,365,False,1,False,False,,benign,no_adverse_signal
ni64x.top,2026-07-21,9,2.321928094887362,0.2222222222222222,0,0.5,-10.9002,high,0.6,1,1.0,False,NOERROR,0,,0,4,False,False,0,,,,NameMart Pte. Ltd.,2,365,False,,,True,,malicious,spamhaus_dbl
twirl.online,2026-07-21,12,2.321928094887362,0.0,0,0.25,-7.407128571428571,medium,0.6667,2,1.0,True,NOERROR,2,3600,1,2,True,False,0,16509,US,True,"GoDaddy.com, LLC",2,365,False,56,False,False,,malicious,abuseipdb
ekvrhw704.vip,2026-07-21,13,3.169925001442312,0.23076923076923078,0,0.2,-11.809940000000001,low,0.4,5,1.0,True,NOERROR,1,60,0,2,False,True,0,38186,HK,True,Dynadot Inc,2,365,True,0,True,True,,malicious,spamhaus_zen
joinencoresupport.com,2026-07-21,21,3.337175341123077,0.0,0,0.7,-6.420070967741935,low,0.5385,2,0.6470588235294118,True,NOERROR,1,3600,1,4,True,False,0,14618,US,True,PDR Ltd. d/b/a PublicDomainRegistry.com,2,365,True,0,False,False,False,benign,no_adverse_signal
vidsharpei.com,2026-07-21,14,3.121928094887362,0.0,0,0.6666666666666666,-7.122305882352941,low,0.7,3,0.9,True,NOERROR,1,1799,5,2,True,False,0,16509,US,False,NAMECHEAP INC,2,365,True,0,False,False,False,benign,no_adverse_signal
opti.berlin,2026-07-21,11,2.0,0.0,0,1.0,-6.9795,low,0.6,2,1.0,False,NOERROR,0,,0,2,False,False,0,,,,Cronon GmbH,4508,4748,True,,,False,,benign,no_adverse_signal
salledebingo.com,2026-07-21,16,3.2516291673878226,0.0,0,0.7142857142857143,-6.5145857142857135,low,0.5556,2,0.8333333333333334,True,NOERROR,1,14400,1,4,True,False,0,32613,CA,True,"ENOM, INC.",2,365,True,0,False,False,False,benign,no_adverse_signal
837175.cc,2026-07-21,9,2.2516291673878226,0.6666666666666666,0,0.0,-11.007333333333333,low,0.3636,0,0.8333333333333334,True,NOERROR,1,600,0,2,False,True,0,16509,KR,True,Porkbun LLC,3,365,False,0,False,False,,benign,no_adverse_signal
das-marketingnetzwerk.berlin,2026-07-21,28,3.6897037321995474,0.0,1,0.42857142857142855,-7.058051282051283,low,0.5625,3,0.6666666666666666,True,NOERROR,1,86400,1,2,True,False,0,21499,DE,True,Host Europe Group,2288,2556,False,0,False,False,False,benign,no_adverse_signal
goodies.garden,2026-07-21,14,2.5216406363433186,0.0,0,1.3333333333333333,-6.576090909090909,low,0.75,1,0.8571428571428571,True,NOERROR,2,3600,0,2,False,False,0,16509,US,True,"GoDaddy.com, LLC",2,365,True,23,False,False,,benign,no_adverse_signal
perciz.ai,2026-07-21,9,2.584962500721156,0.0,0,0.5,-7.190344444444444,low,0.5455,2,1.0,True,NOERROR,2,600,0,2,False,False,0,16509,US,True,"GoDaddy.com, LLC",7,731,True,35,False,False,,benign,no_adverse_signal
leomatthewril.store,2026-07-21,19,3.238901256602631,0.0,0,0.625,-7.199778260869565,low,0.6,3,0.7692307692307693,True,NOERROR,4,14400,0,4,True,False,0,53831,US,False,,,,False,15,False,False,,benign,no_adverse_signal
deltaexecuterr.com,2026-07-21,18,2.950212064914747,0.0,0,0.75,-7.278484,low,0.5455,2,0.6428571428571429,True,NOERROR,2,300,0,2,False,False,2,13335,US,False,Porkbun LLC,2,365,False,0,False,False,,benign,no_adverse_signal
countonlogistics.com,2026-07-21,20,3.077819531114783,0.0,0,0.6,-6.364055172413793,low,0.4667,2,0.5625,True,NOERROR,2,600,2,4,True,False,0,2635,US,True,Porkbun LLC,2,365,False,0,False,False,False,benign,no_adverse_signal
bzdcom.lol,2026-07-21,10,2.584962500721156,0.0,0,0.2,-8.838222222222221,low,0.6,4,1.0,False,NXDOMAIN,0,,0,0,False,False,0,,,,,,,False,,,False,,benign,no_adverse_signal
crisydole.cl,2026-07-21,12,3.169925001442312,0.0,0,0.5,-7.403946666666667,low,0.5714,3,1.0,True,NOERROR,1,14400,1,3,True,False,0,52368,CL,True,NIC Chile,3,731,False,0,False,False,False,benign,no_adverse_signal
wepoint-system.com,2026-07-21,18,3.378783493486176,0.0,1,0.4444444444444444,-6.979539999999999,low,0.6207,4,0.7857142857142857,True,NOERROR,1,600,0,2,False,False,0,45090,CN,False,"DNSPod, Inc.",2,365,False,0,True,False,,malicious,spamhaus_zen
casinodistrict.net,2026-07-21,18,3.039148671903071,0.0,0,0.5555555555555556,-6.205032,low,0.5926,3,0.6428571428571429,True,NOERROR,1,86400,0,2,False,False,0,16509,US,True,"TUCOWS.COM, CO.",5120,5478,True,0,False,False,,benign,no_adverse_signal
learnimprovement.shop,2026-07-21,21,3.327819531114783,0.0,0,0.6,-6.497720689655172,low,0.5385,3,0.6875,True,NOERROR,2,300,0,2,False,False,2,13335,US,False,,,,False,0,False,False,,benign,no_adverse_signal
fidyal.com,2026-07-21,10,2.584962500721156,0.0,0,0.5,-7.748188888888889,low,0.5,2,1.0,True,NOERROR,2,120,0,4,False,False,0,16509,DE,True,NAMECHEAP INC,2,365,True,17,False,False,,benign,no_adverse_signal
palcareservicespvtltd.co.in,2026-07-21,27,3.403989446485262,0.0,0,0.4,-7.350087179487179,low,0.5882,7,0.5238095238095238,True,NOERROR,2,600,2,2,True,False,0,16509,US,True,GoDaddy,7,365,False,35,False,False,False,benign,no_adverse_signal
lalstudiomusic.com,2026-07-21,18,3.2359263506290334,0.0,0,0.75,-6.848176,low,0.6154,3,0.7142857142857143,True,NOERROR,2,300,2,4,True,False,0,13335,US,False,IONOS SE,2,365,True,0,False,False,False,benign,no_adverse_signal
mayatori.com,2026-07-21,12,2.75,0.0,0,1.0,-6.618376923076923,low,0.5714,1,0.875,True,NOERROR,2,60,2,2,True,False,2,47583,LT,True,"HOSTINGER operations, UAB",2,365,False,0,False,False,False,benign,no_adverse_signal
accrasno1jewelryandaccessories.com,2026-07-21,34,3.5483943455364035,0.029411764705882353,0,0.6111111111111112,-7.530317543859649,low,0.4651,3,0.4666666666666667,True,NOERROR,1,3600,1,4,True,False,1,48254,GB,True,"NameSilo, LLC",2,365,True,0,False,False,False,benign,no_adverse_signal
ywam.berlin,2026-07-21,11,2.0,0.0,0,0.3333333333333333,-7.925400000000001,low,0.5455,2,1.0,True,NOERROR,1,60,0,3,False,False,0,26347,US,True,united domains AG,1866,2191,False,0,False,False,,benign,no_adverse_signal
famepedia.live,2026-07-21,14,2.725480556997868,0.0,0,1.25,-6.571653333333333,low,0.7143,1,0.7777777777777778,True,NOERROR,2,60,0,2,False,False,2,47583,LT,False,,,,False,0,False,False,,benign,no_adverse_signal
farios.fr,2026-07-21,9,2.584962500721156,0.0,0,1.0,-6.504788888888888,low,0.5714,1,1.0,True,NOERROR,1,10800,2,3,True,False,0,29169,FR,True,GANDI,1,364,False,0,False,False,False,benign,no_adverse_signal
immoboerse.berlin,2026-07-21,17,2.721928094887362,0.0,0,1.0,-7.158376470588235,low,0.5,2,0.7,True,NOERROR,1,3600,2,4,True,False,1,8560,DE,True,IONOS SE,4506,4748,True,0,False,False,False,benign,no_adverse_signal
mishki.berlin,2026-07-21,13,2.2516291673878226,0.0,0,0.5,-7.433688888888889,low,0.6,3,0.8333333333333334,True,NOERROR,1,10800,2,3,True,False,0,24940,DE,True,Gandi SAS,4064,4383,True,0,False,False,False,benign,no_adverse_signal
cadacasa.com.mx,2026-07-21,15,1.75,0.0,0,1.0,-6.538315384615386,low,0.5455,1,0.5,True,NOERROR,1,600,0,4,False,False,0,16509,US,False,Porkbun LLC,4,365,False,0,False,False,,benign,no_adverse_signal
flowdonia.cymru,2026-07-21,15,2.94770277922009,0.0,0,0.8,-7.21532,low,0.5263,2,0.8888888888888888,True,NOERROR,2,300,0,2,False,False,2,13335,US,False,,,,,0,False,False,,benign,no_adverse_signal
l154.buzz,2026-07-21,9,2.0,0.3333333333333333,0,0.0,-11.514500000000002,high,0.2857,1,1.0,True,NOERROR,2,300,0,2,False,False,2,13335,US,False,"Spaceship, Inc.",2,365,False,0,False,False,,benign,no_adverse_signal
tembus99.net,2026-07-21,12,2.75,0.16666666666666666,0,0.5,-8.177061538461539,low,0.6667,2,0.875,True,NOERROR,2,300,0,2,False,False,2,13335,US,False,NAMECHEAP INC,3,365,True,0,False,False,,benign,no_adverse_signal
voglio.dk,2026-07-21,9,2.2516291673878226,0.0,0,1.0,-7.174288888888889,low,0.625,2,0.8333333333333334,True,NOERROR,1,600,0,2,True,False,0,39783,NO,False,"ASCIO TECHNOLOGIES, CORP. DANMARK - FILIAL AF ASCIO TECHNOLOGIES, CORP. CANADA",19,364,True,0,False,False,,benign,no_adverse_signal
theacademyofromeandcartersville.com,2026-07-21,35,3.7811470208191236,0.0,0,0.631578947368421,-6.79977966101695,low,0.4,3,0.5161290322580645,True,NOERROR,1,1800,0,0,False,False,0,58182,US,True,Wix.com Ltd.,2197,2556,True,0,False,False,,benign,no_adverse_signal
kurio.sk,2026-07-21,8,2.321928094887362,0.0,0,1.5,-6.805514285714286,low,0.5455,1,1.0,True,NOERROR,1,600,2,3,True,False,1,51013,SK,True,Websupport s.r.o.,4,365,False,0,False,False,False,benign,no_adverse_signal
budbardelivery.ca,2026-07-21,17,3.2359263506290334,0.0,0,0.5555555555555556,-6.71508,low,0.6923,2,0.7142857142857143,True,NOERROR,2,600,0,2,False,False,0,16509,US,True,"Go Daddy Domains Canada, Inc",5,365,True,35,False,False,,benign,no_adverse_signal
tlite.berlin,2026-07-21,12,1.9219280948873623,0.0,0,0.6666666666666666,-6.281857142857143,low,0.6667,2,0.8,True,NOERROR,1,150,1,2,False,False,1,8560,DE,True,Cronon GmbH,2017,2191,True,0,False,False,False,benign,no_adverse_signal
thebedroominteriors.shop,2026-07-21,24,3.2866294867861954,0.0,0,0.7272727272727273,-6.462045714285715,low,0.5161,2,0.5789473684210527,True,NOERROR,1,300,0,2,False,False,0,199242,US,False,,,,False,0,False,False,,benign,no_adverse_signal
8xbet345.xyz,2026-07-21,12,3.0,0.3333333333333333,0,0.3333333333333333,-9.521753846153846,high,0.375,2,1.0,True,NOERROR,2,300,0,2,False,False,2,13335,US,False,Dynadot Inc,2,365,False,0,False,False,,benign,no_adverse_signal
fuelthepilot.net,2026-07-21,16,3.0849625007211556,0.0,0,0.7142857142857143,-7.109928571428572,low,0.6364,3,0.75,True,NOERROR,2,59,0,4,False,False,0,,US,False,Porkbun LLC,379,730,False,0,False,False,,benign,no_adverse_signal
playthebible.app,2026-07-21,16,3.084962500721156,0.0,0,0.5,-6.924714285714286,low,0.5217,3,0.75,True,NOERROR,2,300,0,4,False,False,2,13335,US,False,,,,False,0,False,False,,benign,no_adverse_signal
ja39.com,2026-07-21,8,2.0,0.25,0,1.0,-10.657900000000001,low,0.2857,1,1.0,True,NOERROR,1,300,0,2,False,False,0,201501,MH,False,Dynadot Inc,2,365,False,0,True,True,,malicious,spamhaus_zen
xzy2ma.top,2026-07-21,10,2.584962500721156,0.1,0,0.25,-10.379877777777779,high,0.4615,3,1.0,False,NOERROR,0,,0,2,False,False,0,,,,"Todaynic.com, Inc.",2,365,True,,,True,,malicious,spamhaus_dbl
letsclampit.com,2026-07-21,15,3.0957952550009344,0.0,0,0.375,-6.757910526315789,low,0.5556,4,0.8181818181818182,True,NOERROR,1,3600,1,2,False,False,1,199753,DE,True,NETIM,2,365,True,0,False,False,False,benign,no_adverse_signal
modpeakstudio.com,2026-07-21,17,3.3927474104487847,0.0,0,0.8571428571428571,-7.295573913043478,low,0.56,3,0.8461538461538461,True,NOERROR,1,600,0,2,False,False,0,13335,CA,True,TuringSign Inc. d/b/a Cosmotown,2,365,False,0,False,False,,benign,no_adverse_signal
lyonmassage.com,2026-07-21,15,3.095795255000934,0.0,0,0.5714285714285714,-6.992257894736842,low,0.5455,2,0.8181818181818182,True,NOERROR,2,29,0,4,False,False,0,,US,False,Porkbun LLC,744,1095,False,0,False,False,,benign,no_adverse_signal
vencodetechnologies.com,2026-07-21,23,3.366091329119191,0.0,0,0.7272727272727273,-6.637631428571429,low,0.5,3,0.631578947368421,True,NOERROR,2,1800,0,2,False,False,0,16509,US,False,"GoDaddy.com, LLC",2,365,False,0,False,False,,benign,no_adverse_signal
frontlinehcl.com,2026-07-21,16,3.2516291673878226,0.0,0,0.3333333333333333,-7.048338095238095,low,0.6087,3,0.8333333333333334,True,NOERROR,1,1800,0,0,False,False,0,58182,US,True,Wix.com Ltd.,371,730,False,0,False,False,,benign,no_adverse_signal
mumo.shop,2026-07-21,9,1.5,0.0,0,1.0,-7.62054,low,0.6,1,0.75,True,NOERROR,2,3600,1,2,True,False,0,16509,US,True,,,,False,56,False,False,,malicious,abuseipdb
scatter333max.store,2026-07-21,19,3.0269868333592873,0.15789473684210525,0,0.42857142857142855,-7.9513739130434775,low,0.4762,2,0.6923076923076923,True,NOERROR,2,300,0,2,True,False,2,13335,US,False,,,,False,0,False,False,,benign,no_adverse_signal
tendedminds.com,2026-07-21,15,2.663532754804255,0.0,0,0.375,-6.529921052631579,low,0.5714,3,0.6363636363636364,True,NOERROR,2,600,0,2,False,False,0,16509,US,True,"GoDaddy.com, LLC",2,365,False,35,False,False,,benign,no_adverse_signal
malegou.com,2026-07-21,11,2.807354922057604,0.0,0,1.3333333333333333,-6.691663636363637,low,0.5455,1,1.0,True,NOERROR,1,600,0,2,False,False,0,54600,US,False,"GMO Internet, Inc.",2,365,True,0,False,False,,benign,no_adverse_signal
woqaroks.beer,2026-07-21,13,2.75,0.0,0,0.6,-8.591761538461538,low,0.6667,2,0.875,False,NOERROR,0,,0,2,False,False,0,,,,Dynadot Inc,2,365,True,,,False,,benign,no_adverse_signal
rosewoodella.com,2026-07-21,16,2.8553885422075336,0.0,0,1.0,-6.744147619047619,low,0.5,2,0.6666666666666666,True,NOERROR,1,1800,0,0,False,False,0,58182,US,True,Wix.com Ltd.,371,730,True,0,False,False,,benign,no_adverse_signal
eraspheres.com,2026-07-21,14,2.446439344671015,0.0,0,0.6666666666666666,-6.370041176470588,low,0.6316,3,0.6,False,NOERROR,0,,3,2,True,False,0,,,,"NameSilo, LLC",2,365,True,,,False,False,benign,no_adverse_signal
rdds.berlin,2026-07-21,11,1.5,0.0,0,0.0,-8.2717,low,0.6,4,0.75,False,NOERROR,0,,0,2,False,False,0,,,,dotBERLIN GmbH u. Co. KG,4568,4748,False,,,False,,benign,no_adverse_signal
elitewavemb.online,2026-07-21,18,3.027169118440619,0.0,0,0.8333333333333334,-6.872010526315789,medium,0.5556,2,0.8181818181818182,True,NOERROR,1,14400,1,2,True,False,0,53667,LU,True,NAMECHEAP INC,2,365,True,10,False,True,False,malicious,spamhaus_dbl
shoebaccaoutlet.shop,2026-07-21,20,3.240223928941852,0.0,0,0.875,-7.347870370370371,low,0.5143,2,0.6666666666666666,True,NOERROR,1,300,0,2,False,False,0,,GE,False,,,,False,0,False,False,,benign,no_adverse_signal
qnyxro.cyou,2026-07-21,11,2.584962500721156,0.0,0,0.2,-9.949855555555555,low,0.5,5,1.0,False,NOERROR,0,,0,2,False,False,0,,,,Dominet (HK) Limited,2,365,False,,,False,,benign,no_adverse_signal
xn--5855-kd5fw3a03yc1v.site,2026-07-21,27,3.7887549139935017,0.3333333333333333,3,0.1111111111111111,-11.52129024390244,medium,0.2941,2,0.7272727272727273,True,NOERROR,1,1,0,2,False,True,0,979,US,False,West263 International Limited,2,365,False,0,True,False,,malicious,spamhaus_zen
woehlk.berlin,2026-07-21,13,2.584962500721156,0.0,0,0.5,-9.991733333333334,low,0.6154,3,1.0,True,NOERROR,1,3600,2,4,True,False,1,8560,DE,True,IONOS SE,4504,4748,True,0,False,False,False,benign,no_adverse_signal
yes3681.cc,2026-07-21,10,2.807354922057604,0.4,0,0.5,-9.460781818181818,low,0.4286,1,1.0,False,NOERROR,0,,0,2,False,False,0,,,,"NameSilo, LLC",3,365,True,,,False,,benign,no_adverse_signal
ipa-jinbaobo.com.cn,2026-07-21,19,2.9182958340544896,0.0,1,1.2,-8.220480952380953,low,0.5455,2,0.6666666666666666,True,NOERROR,1,600,0,2,False,False,0,134175,HK,False,北京新网数码信息技术有限公司,2,365,False,0,False,False,,benign,no_adverse_signal
20522.xyz,2026-07-21,9,1.3709505944546687,0.5555555555555556,0,0.0,-10.47202857142857,high,0.4,0,0.6,False,NOERROR,0,,0,2,False,False,0,,,,GLOBAL ASSET DOMAINS INC,2,365,True,,,False,,benign,no_adverse_signal
taruhanbola.biz,2026-07-21,15,3.027169118440619,0.0,0,0.8333333333333334,-7.164815789473684,low,0.6667,2,0.8181818181818182,True,NOERROR,1,1800,5,2,True,False,0,22612,US,False,NAMECHEAP INC,2,365,True,0,False,False,False,benign,no_adverse_signal
human-ai.or.kr,2026-07-21,14,2.75,0.0,1,1.3333333333333333,-7.285684615384615,low,0.5714,1,0.875,True,NOERROR,2,300,0,2,False,False,2,13335,US,False,"Gabia, Inc.(http://www.gabia.co.kr)",7,1826,False,0,False,False,,benign,no_adverse_signal
dadafalafel.berlin,2026-07-21,18,2.1867043459100244,0.0,0,0.8333333333333334,-7.175552631578947,low,0.4762,1,0.45454545454545453,True,NOERROR,1,150,1,2,False,False,1,8560,DE,True,Cronon GmbH,2316,2556,True,0,False,False,False,benign,no_adverse_signal
9wnu.shop,2026-07-21,9,2.0,0.1111111111111111,0,0.5,-11.57628,low,0.5714,2,1.0,True,NOERROR,6,60,0,2,False,True,0,8075,KR,False,,,,False,0,False,True,,malicious,spamhaus_dbl
gls-groaup.com,2026-07-21,14,3.121928094887362,0.0,1,0.5,-7.984135294117647,low,0.4706,3,0.9,True,NOERROR,1,300,0,2,False,False,0,132203,SG,False,"Cloudflare, Inc.",2,365,True,0,True,False,,malicious,spamhaus_zen
zxbb1.store,2026-07-21,11,1.9219280948873623,0.09090909090909091,0,0.0,-10.658471428571428,low,0.5,4,0.8,True,NOERROR,2,300,0,2,False,False,2,13335,US,False,,,,False,0,False,False,,benign,no_adverse_signal
jparvelstudio.com,2026-07-21,17,3.7004397181410926,0.0,0,0.625,-6.9624999999999995,low,0.64,3,1.0,True,NOERROR,1,3600,0,2,False,False,1,8560,DE,True,"Arsys Internet, S.L. dba NICLINE.COM",2,365,True,0,False,False,,benign,no_adverse_signal
plantbase.berlin,2026-07-21,16,2.94770277922009,0.0,0,0.5,-6.4110000000000005,low,0.625,3,0.8888888888888888,True,NOERROR,1,150,4,2,False,False,0,53831,US,False,Cronon GmbH,2950,3287,True,44,False,False,False,benign,no_adverse_signal
reelfeminism.com,2026-07-21,16,2.8553885422075336,0.0,0,0.7142857142857143,-6.965585714285714,low,0.4615,2,0.6666666666666666,True,NOERROR,2,60,2,2,True,False,2,47583,LT,False,"HOSTINGER operations, UAB",2,365,False,0,False,False,False,benign,no_adverse_signal
arcforms.app,2026-07-21,12,2.75,0.0,0,0.3333333333333333,-7.384884615384616,low,0.7692,3,0.875,False,NOERROR,0,,0,2,False,False,0,,,,,,,False,,,False,,benign,no_adverse_signal
goldrustauto.com,2026-07-21,16,3.084962500721156,0.0,0,0.7142857142857143,-6.78937619047619,low,0.5714,3,0.75,True,NOERROR,2,3600,0,2,False,False,0,16509,US,True,"GoDaddy.com, LLC",2,365,False,23,False,False,,benign,no_adverse_signal
madiganfabrications.co.uk,2026-07-21,25,3.4713544870139277,0.0,0,0.7272727272727273,-6.564482857142857,low,0.4828,2,0.6842105263157895,True,NOERROR,2,3600,0,2,False,False,0,16509,US,True,"GoDaddy.com, LLC. [Tag = GODADDY]",4,365,False,23,False,False,,benign,no_adverse_signal
huangdi.me,2026-07-21,10,2.807354922057604,0.0,0,0.75,-7.215918181818182,low,0.6667,3,1.0,True,NOERROR,1,50,0,2,False,False,0,47583,CY,False,"HOSTINGER operations, UAB",2,365,True,32,False,False,,benign,no_adverse_signal
sellart.store,2026-07-21,13,2.5216406363433186,0.0,0,0.4,-6.109190909090909,low,0.5714,2,0.8571428571428571,True,NOERROR,2,300,0,2,False,False,2,13335,US,False,,,,False,0,False,False,,benign,no_adverse_signal
xn--studio-vm1p.com,2026-07-21,19,3.5898980954642865,0.05263157894736842,3,0.375,-8.812829629629631,low,0.4444,2,0.8666666666666667,True,NOERROR,1,600,0,2,False,False,0,37963,CN,False,Alibaba Cloud Computing Ltd. d/b/a HiChina (www.net.cn),4,365,False,0,False,False,,benign,no_adverse_signal
w5sruzf.life,2026-07-21,12,2.807354922057604,0.08333333333333333,0,0.2,-10.765054545454545,low,0.4615,2,1.0,True,NOERROR,1,30,0,4,False,False,0,59692,AE,True,,,,False,0,False,True,,malicious,spamhaus_dbl
hokiku888.online,2026-07-21,16,2.4193819456463714,0.1875,0,1.0,-8.468913333333333,medium,0.4615,1,0.6666666666666666,True,NOERROR,2,300,0,2,False,False,2,13335,US,False,NAMECHEAP INC,2,365,True,0,False,False,,benign,no_adverse_signal
kaiyun-icon.com.cn,2026-07-21,18,3.095795255000934,0.0,1,1.0,-7.7884052631578955,low,0.6316,1,0.8181818181818182,True,NOERROR,1,900,0,2,False,False,0,400619,SC,False,厦门市中资源网络服务有限公司,3,365,False,0,False,False,,benign,no_adverse_signal
thefree-man.com,2026-07-21,15,3.027169118440619,0.0,1,0.6666666666666666,-6.877468421052631,low,0.5455,2,0.8181818181818182,True,NOERROR,1,1800,5,2,True,False,0,22612,US,False,NAMECHEAP INC,2,365,True,0,False,False,False,benign,no_adverse_signal
scientech.info,2026-07-21,14,2.725480556997868,0.0,0,0.5,-6.149406666666667,medium,0.6364,2,0.7777777777777778,True,NOERROR,2,600,0,2,False,False,0,16509,US,False,,,,,0,False,False,,benign,no_adverse_signal
vfxjayt.com,2026-07-21,11,2.807354922057604,0.0,0,0.16666666666666666,-10.018163636363637,low,0.5,4,1.0,True,NOERROR,1,1799,5,2,True,False,0,13335,US,False,NAMECHEAP INC,2,365,True,0,False,False,False,benign,no_adverse_signal
procura.berlin,2026-07-21,14,2.5216406363433186,0.0,0,0.75,-6.548481818181818,low,0.5455,2,0.8571428571428571,True,NOERROR,1,150,1,2,False,False,1,6724,DE,True,Cronon GmbH,3877,4018,True,0,False,False,False,benign,no_adverse_signal
forklift.berlin,2026-07-21,15,2.75,0.0,0,0.3333333333333333,-7.030376923076923,low,0.5714,3,0.875,True,NOERROR,1,600,2,3,True,False,0,202108,DE,False,united domains AG,1458,1461,False,0,False,False,False,benign,no_adverse_signal
ticketoffice.berlin,2026-07-21,19,2.751629167387823,0.0,0,0.7142857142857143,-6.570838095238095,low,0.6667,2,0.5833333333333334,True,NOERROR,1,600,0,2,True,False,1,42585,NL,True,Realtime Register B.V.,2693,2922,False,0,False,False,,benign,no_adverse_signal
zeitarbeitsfirmen.berlin,2026-07-21,24,3.292770193936991,0.0,0,0.7,-7.191464516129032,low,0.4444,3,0.6470588235294118,True,NOERROR,1,150,1,2,False,False,1,8560,DE,True,Cronon GmbH,4508,4748,True,0,False,False,False,benign,no_adverse_signal
pizza-cup.ch,2026-07-21,12,2.725480556997868,0.0,1,0.6,-8.360426666666667,low,0.4,2,0.7777777777777778,True,NOERROR,1,300,2,3,True,False,1,29097,CH,True,,,,False,0,False,False,False,benign,no_adverse_signal
betovisgirisyap.top,2026-07-21,19,3.4565647621309536,0.0,0,0.6666666666666666,-7.31342962962963,high,0.4615,2,0.8,False,NOERROR,0,,0,2,False,False,0,,,,"Spaceship, Inc.",2,365,True,,,False,,benign,no_adverse_signal
ourgen.store,2026-07-21,12,2.584962500721156,0.0,0,1.0,-6.603833333333333,low,0.5882,2,1.0,True,NOERROR,1,86400,0,4,False,False,1,13335,CA,True,,,,False,0,False,False,,benign,no_adverse_signal
v8ba.xyz,2026-07-21,8,2.0,0.125,0,0.5,-10.344280000000001,high,0.5,1,1.0,True,NOERROR,2,300,0,2,False,False,2,13335,US,False,Dynadot Inc,2,365,False,0,False,False,,benign,no_adverse_signal
srecloudphone.com,2026-07-21,17,3.3927474104487847,0.0,0,0.625,-6.832578260869566,low,0.6087,3,0.8461538461538461,False,NOERROR,0,,0,2,False,False,0,,,,"DNSPod, Inc.",2,1096,False,,,False,,benign,no_adverse_signal
ulp0u.top,2026-07-21,9,1.9219280948873623,0.1111111111111111,0,1.0,-11.376414285714286,high,0.5,2,0.8,False,NOERROR,0,,0,4,False,False,0,,,,NameMart Pte. Ltd.,2,365,False,,,False,,benign,no_adverse_signal
lojavisium.com,2026-07-21,14,3.121928094887362,0.0,0,1.0,-7.462988235294118,low,0.4706,1,0.9,False,NXDOMAIN,0,,0,0,False,False,0,,,,"GMO Internet, Inc.",2,365,True,,,False,,benign,no_adverse_signal
thestateofdemand.com,2026-07-21,20,3.1556390622295662,0.0,0,0.6,-6.5358586206896545,low,0.5185,2,0.625,True,NOERROR,2,300,0,2,False,False,0,16509,US,True,"Spaceship, Inc.",2,365,False,0,False,False,,benign,no_adverse_signal
kcid0877.shop,2026-07-21,13,2.75,0.3076923076923077,0,0.3333333333333333,-10.361923076923079,low,0.6154,2,0.875,True,NOERROR,1,1800,5,2,True,False,0,22612,US,False,,,,False,0,False,True,False,malicious,spamhaus_dbl
beef-casino-official.fun,2026-07-21,24,3.346439344671016,0.0,2,1.0,-7.297297297297297,low,0.4444,2,0.55,True,NOERROR,2,300,0,2,False,False,2,13335,US,False,PDR Ltd. d/b/a PublicDomainRegistry.com,2,365,False,0,False,False,,benign,no_adverse_signal
lakeoswegopaintingcontractors.com,2026-07-21,33,3.6764409086968683,0.0,0,0.6111111111111112,-6.727549090909091,low,0.4762,3,0.4827586206896552,True,NOERROR,2,3600,0,2,False,False,0,16509,US,True,"GoDaddy.com, LLC",2,365,False,11,False,False,,benign,no_adverse_signal
777kinh.app,2026-07-21,11,2.1280852788913944,0.2727272727272727,0,0.3333333333333333,-9.08630909090909,low,0.4286,2,0.7142857142857143,True,NOERROR,2,300,0,2,False,False,2,13335,US,False,,,,False,0,False,False,,benign,no_adverse_signal
wrightery.com,2026-07-21,13,2.94770277922009,0.0,0,0.2857142857142857,-7.002773333333334,low,0.625,3,0.8888888888888888,False,NOERROR,0,,0,4,False,False,0,,,,"Amazon Registrar, Inc.",2,365,True,,,False,,benign,no_adverse_signal
steeringteam.com,2026-07-21,16,3.0220552088742,0.0,0,0.7142857142857143,-6.345038095238095,low,0.6,3,0.75,True,NOERROR,1,900,1,2,False,False,0,15348,CA,False,"TUCOWS.COM, CO.",2,365,True,0,False,False,False,benign,no_adverse_signal
styleandbeauty.berlin,2026-07-21,21,3.2359263506290334,0.0,0,0.5555555555555556,-7.013724,low,0.5,4,0.7142857142857143,True,NOERROR,1,150,1,2,False,False,1,6724,DE,True,Cronon GmbH,1188,1461,True,0,False,False,False,benign,no_adverse_signal
pyhjxx.com,2026-07-21,10,2.2516291673878226,0.0,0,0.0,-10.304222222222222,low,0.4444,6,0.8333333333333334,True,NOERROR,1,1,0,2,False,False,0,137951,ZA,False,TuringSign Inc. d/b/a Cosmotown,2,365,False,0,False,False,,benign,no_adverse_signal
trauerhilfe.berlin,2026-07-21,18,3.0957952550009344,0.0,0,0.8333333333333334,-7.576447368421052,low,0.5263,2,0.8181818181818182,True,NOERROR,1,3600,2,4,True,False,1,8560,DE,True,IONOS SE,4505,4748,True,0,False,False,False,benign,no_adverse_signal
bandungbusiness.com,2026-07-21,19,3.006238928653389,0.0,0,0.5,-6.54712962962963,low,0.5385,3,0.6,True,NOERROR,2,30,0,2,True,False,2,14618,US,True,DropCatch.com 1128 LLC,2,365,False,0,False,False,,benign,no_adverse_signal
kathlouriafarms.com,2026-07-21,19,3.456564762130954,0.0,0,0.6666666666666666,-7.008611111111111,low,0.4828,3,0.8,True,NOERROR,2,3600,0,2,False,False,0,16509,US,True,"GoDaddy.com, LLC",2,731,False,23,False,False,,benign,no_adverse_signal
haschke.berlin,2026-07-21,14,2.5216406363433186,0.0,0,0.4,-7.48480909090909,low,0.6154,4,0.8571428571428571,True,NOERROR,1,3600,2,4,True,False,1,8560,DE,True,IONOS SE,4508,4748,True,0,False,False,False,benign,no_adverse_signal
casacorvino.com,2026-07-21,15,2.9139770731827523,0.0,0,0.8333333333333334,-6.528531578947368,low,0.5455,2,0.7272727272727273,True,NOERROR,1,86400,0,4,False,False,1,13335,CA,True,"TUCOWS.COM, CO.",2,365,True,0,False,False,,benign,no_adverse_signal
tkslot777.biz,2026-07-21,13,2.4193819456463714,0.23076923076923078,0,0.2,-8.588339999999999,low,0.5263,4,0.6666666666666666,True,NOERROR,2,300,0,2,False,False,2,13335,US,False,"Spaceship, Inc.",2,,True,0,False,False,,benign,no_adverse_signal
finch.berlin,2026-07-21,12,2.321928094887362,0.0,0,0.25,-6.311814285714285,low,0.5455,3,1.0,True,NOERROR,1,300,2,2,False,False,1,51191,DE,True,Epag Domainservices GmbH,3843,4018,False,0,False,False,False,benign,no_adverse_signal
str88prints.com,2026-07-21,15,2.7321588913645702,0.13333333333333333,0,0.125,-8.004631578947368,low,0.5714,3,0.6363636363636364,True,NOERROR,1,86400,0,4,False,False,1,13335,CA,True,"TUCOWS.COM, CO.",2,365,True,0,False,False,,benign,no_adverse_signal
天津特产.com,2026-07-21,8,2.0,0.0,0,0.0,-15.765899999999998,low,0.0,4,1.0,False,NOERROR,0,,0,2,False,False,0,,,,Alibaba Cloud Computing Ltd. d/b/a HiChina (www.net.cn),2,731,False,,,False,,benign,no_adverse_signal
wirtschaftsfoerderung.berlin,2026-07-21,28,3.7849418274376423,0.0,0,0.4,-7.257605128205128,low,0.4286,5,0.7142857142857143,False,NOERROR,0,,0,4,False,False,0,,,,InterNetX GmbH,3273,3287,True,,,False,,benign,no_adverse_signal
weber-bank.berlin,2026-07-21,17,2.9219280948873623,0.0,1,0.5,-6.895335294117647,low,0.7778,2,0.8,True,NOERROR,1,1800,0,4,False,False,0,15790,DE,False,InterNetX GmbH,3897,4018,True,0,False,False,,benign,no_adverse_signal
gems365akun.com,2026-07-21,15,3.459431618637298,0.2,0,0.6,-8.730594736842106,low,0.4444,2,1.0,True,NOERROR,2,300,0,2,False,False,2,13335,US,False,Dominet (HK) Limited,2,365,False,0,False,False,,benign,no_adverse_signal
ar-landes.ru,2026-07-21,12,2.94770277922009,0.0,1,0.6,-6.77422,low,0.5882,2,0.8888888888888888,True,NOERROR,1,600,2,6,True,False,0,198610,RU,True,BEGET-RU,3,365,False,0,False,False,False,benign,no_adverse_signal
aracelycretier.xyz,2026-07-21,18,2.8423709931771093,0.0,0,0.75,-6.713904,high,0.48,4,0.5714285714285714,True,NOERROR,2,600,0,2,False,False,0,16509,US,True,"GoDaddy.com, LLC",2,365,False,35,False,False,,benign,no_adverse_signal
mekare.sbs,2026-07-21,10,2.2516291673878226,0.0,0,1.0,-6.750288888888889,low,0.5455,1,0.8333333333333334,False,NOERROR,0,,3,2,True,False,0,,,,"Spaceship, Inc.",2,365,False,,,False,False,benign,no_adverse_signal
alkiberia.cat,2026-07-21,13,2.725480556997868,0.0,0,1.25,-6.92612,low,0.625,2,0.7777777777777778,True,NOERROR,1,900,1,2,True,False,0,39729,IT,True,NOMINALIA INTERNET S.L.,2,365,True,0,False,False,False,benign,no_adverse_signal
rokid.cloud,2026-07-21,11,2.321928094887362,0.0,0,0.6666666666666666,-7.021228571428572,low,0.6667,1,1.0,False,NOERROR,0,,0,2,False,False,0,,,,Alibaba Cloud Computing Ltd.,2,365,False,,,False,,benign,no_adverse_signal
2026w.com,2026-07-21,9,1.9219280948873623,0.4444444444444444,0,0.0,-10.79732857142857,low,0.4,1,0.8,True,NOERROR,1,600,0,2,False,False,0,134548,HK,False,TuringSign Inc. d/b/a Cosmotown,2,365,False,1,False,False,,benign,no_adverse_signal
larworld.one,2026-07-21,12,2.5,0.0,0,0.3333333333333333,-6.9759153846153845,low,0.625,3,0.75,True,NOERROR,3,3603,0,3,False,False,0,63949,US,True,"NameSilo, LLC",3,365,True,9,False,False,,benign,no_adverse_signal
klassische-musik.berlin,2026-07-21,23,3.25,0.0,1,0.5,-7.0656448275862065,low,0.4138,3,0.6875,True,NOERROR,1,150,1,2,True,False,1,8560,DE,True,InterNetX GmbH,252,365,True,0,False,False,False,benign,no_adverse_signal
meine-wohnung.berlin,2026-07-21,20,3.180832987205441,0.0,1,0.7142857142857143,-7.74618695652174,low,0.4615,2,0.7692307692307693,True,NOERROR,1,3600,2,4,True,False,0,8560,DE,False,IONOS SE,404,730,True,0,False,False,False,benign,no_adverse_signal
haleyandmatthewrsvp.com,2026-07-21,23,3.681880802803402,0.0,0,0.35714285714285715,-7.45444,low,0.4375,5,0.7368421052631579,True,NOERROR,1,1800,0,0,False,False,0,58182,US,True,Wix.com Ltd.,372,730,True,0,False,False,,benign,no_adverse_signal
acearte.net.in,2026-07-21,14,2.2359263506290326,0.0,0,1.3333333333333333,-6.200081818181818,low,0.6154,2,0.7142857142857143,True,NOERROR,1,14400,1,2,True,False,0,394695,IN,True,"HOSTINGER operations, UAB",2,365,False,0,False,False,False,benign,no_adverse_signal
trendingwithrolen.store,2026-07-21,23,3.337175341123077,0.0,0,0.4166666666666667,-6.7106,low,0.5926,3,0.6470588235294118,True,NOERROR,1,86400,0,2,False,False,0,16509,US,True,,,,False,0,False,False,,benign,no_adverse_signal
sourcingopenlane.com,2026-07-21,20,3.452819531114783,0.0,0,0.7777777777777778,-6.643158620689655,low,0.5185,2,0.75,True,NOERROR,2,300,1,2,True,False,2,13335,US,False,"Gransy, s.r.o.",2,365,False,0,False,False,False,benign,no_adverse_signal
ynf3vm4f.top,2026-07-21,12,2.75,0.16666666666666666,0,0.0,-12.257123076923078,high,0.4,3,0.875,True,NOERROR,3,60,0,2,False,True,0,138995,US,False,Dominet (HK) Limited,3,365,True,0,True,True,,malicious,spamhaus_zen
gesamtschule.berlin,2026-07-21,19,3.2516291673878226,0.0,0,0.5,-7.196271428571428,low,0.5455,5,0.8333333333333334,True,NOERROR,1,86400,1,2,True,False,0,42730,DE,True,Key-Systems GmbH,3997,4018,True,0,False,False,False,benign,no_adverse_signal
segretonaples.com,2026-07-21,17,3.180832987205441,0.0,0,0.625,-6.542856521739131,low,0.5185,2,0.7692307692307693,True,NOERROR,2,600,0,2,False,False,0,16509,US,True,"GoDaddy.com, LLC",2,365,False,35,False,False,,benign,no_adverse_signal
oommhhqq.top,2026-07-21,12,2.0,0.0,0,0.3333333333333333,-9.575161538461538,high,0.5,6,0.5,False,NOERROR,0,,0,2,False,False,0,,,,Dynadot LLC,2,365,True,,,False,,benign,no_adverse_signal
lesgardiensdesplumes.fr,2026-07-21,23,3.321928094887362,0.0,0,0.5384615384615384,-6.811889189189189,low,0.4516,3,0.6,True,NOERROR,1,3600,3,2,True,False,0,16276,FR,True,OVH,1,1095,False,11,False,False,False,benign,no_adverse_signal
yoki-english.com,2026-07-21,16,3.418295834054489,0.0,1,0.5714285714285714,-7.444038095238096,low,0.5263,3,0.9166666666666666,True,NOERROR,2,300,0,2,False,False,2,13335,US,False,"Cloudflare, Inc.",2,365,True,0,False,False,,benign,no_adverse_signal
viaemailbump.com,2026-07-21,16,3.0849625007211556,0.0,0,1.0,-7.502857142857143,low,0.5,2,0.75,True,NOERROR,2,300,5,2,True,False,2,13335,US,False,NAMECHEAP INC,2,365,True,0,False,False,False,benign,no_adverse_signal
pianmenzhuanqanwangzhanyqhka9qudao.com.cn,2026-07-21,41,3.6559618276310126,0.024390243902439025,0,0.5714285714285714,-8.617124615384617,low,0.3043,5,0.5,True,NOERROR,1,300,0,2,False,False,0,132839,SC,False,北京新网数码信息技术有限公司,6,365,False,0,False,False,,benign,no_adverse_signal
499bej.net,2026-07-21,10,2.2516291673878226,0.3,0,0.5,-9.868433333333334,low,0.3636,1,0.8333333333333334,True,NOERROR,2,300,0,2,False,False,2,13335,US,False,Dynadot Inc,3,365,False,0,False,False,,benign,no_adverse_signal
studienzentrum-darmerkrankung.berlin,2026-07-21,36,3.6335059949783677,0.0,1,0.47368421052631576,-7.106881818181818,low,0.381,3,0.4827586206896552,True,NOERROR,1,86400,4,3,True,False,0,15817,DE,True,InterNetX GmbH,228,365,True,0,False,False,False,benign,no_adverse_signal
healthyhomes.online,2026-07-21,19,3.0220552088742,0.0,0,0.5,-6.951076190476191,medium,0.6667,5,0.75,True,NOERROR,2,3600,1,2,True,False,0,16509,US,True,"GoDaddy.com, LLC",2,365,False,56,False,False,,malicious,abuseipdb
xylieak.com,2026-07-21,11,2.807354922057604,0.0,0,0.75,-7.828236363636364,low,0.5714,3,1.0,True,NOERROR,1,300,0,2,False,False,0,16509,US,True,"Spaceship, Inc.",2,3653,False,0,False,False,,benign,no_adverse_signal
skan.berlin,2026-07-21,11,2.0,0.0,0,0.3333333333333333,-6.868720000000001,low,0.6,2,1.0,True,NOERROR,1,150,1,2,False,False,1,6724,DE,True,Cronon GmbH,4507,4748,True,3,False,False,False,benign,no_adverse_signal
beachesinalbania.com,2026-07-21,20,3.0,0.0,0,1.0,-6.433489655172414,low,0.4762,2,0.5625,True,NOERROR,1,600,0,2,False,False,0,51167,FR,True,"GoDaddy.com, LLC",2,365,False,0,False,False,,benign,no_adverse_signal
frankwrubel.info,2026-07-21,16,3.2776134368191165,0.0,0,0.375,-7.901894736842105,medium,0.4706,4,0.9090909090909091,True,NOERROR,1,300,0,4,False,False,0,13335,DE,True,,,,,49,False,False,,benign,no_adverse_signal
originationyield.com,2026-07-21,20,3.25,0.0,0,1.0,-6.709424137931034,low,0.4762,2,0.6875,True,NOERROR,2,300,1,2,True,False,2,13335,US,False,PDR Ltd. d/b/a PublicDomainRegistry.com,2,365,True,0,False,False,False,benign,no_adverse_signal
turkfan.pw,2026-07-21,10,2.807354922057604,0.0,0,0.4,-7.571227272727273,low,0.5556,3,1.0,True,NOERROR,1,300,0,4,False,False,0,50132,NL,False,Beget LLC,5,365,False,0,False,False,,benign,no_adverse_signal
lm2wzjvbfj7-ac7o.top,2026-07-21,20,3.75,0.15,1,0.2,-11.775227586206897,high,0.3333,7,0.875,False,NOERROR,0,,0,2,False,False,0,,,,"NameSilo, LLC",2,365,True,,,False,,benign,no_adverse_signal
plezli.xyz,2026-07-21,10,2.2516291673878226,0.0,0,0.5,-7.974955555555555,high,0.5455,2,0.8333333333333334,True,NOERROR,2,300,0,2,False,False,2,13335,US,False,NAMECHEAP INC,2,365,True,0,False,False,,benign,no_adverse_signal
phalanx-ops.com,2026-07-21,15,3.0957952550009344,0.0,1,0.42857142857142855,-7.746478947368421,low,0.6316,2,0.8181818181818182,True,NOERROR,2,600,0,2,False,False,0,16509,US,True,"GoDaddy.com, LLC",2,365,False,35,False,False,,benign,no_adverse_signal
afa.casino,2026-07-21,10,0.9182958340544896,0.0,0,2.0,-7.202333333333333,low,0.5714,1,0.6666666666666666,True,NOERROR,1,14400,1,2,True,False,0,48282,RU,True,,,,,0,False,False,False,benign,no_adverse_signal
mybesco.shop,2026-07-21,12,2.807354922057604,0.0,0,0.4,-6.937345454545454,low,0.5333,3,1.0,True,NOERROR,1,14400,1,2,True,False,0,204213,IR,True,,,,False,0,False,False,False,benign,no_adverse_signal
puricelldust.site,2026-07-21,17,3.2516291673878226,0.0,0,0.5,-6.84277619047619,medium,0.5714,3,0.8333333333333334,True,NOERROR,2,60,0,2,False,False,2,47583,CY,False,"HOSTINGER operations, UAB",2,365,False,0,False,False,,benign,no_adverse_signal
lockharttreeservice.com,2026-07-21,23,3.366091329119192,0.0,0,0.5833333333333334,-6.5734200000000005,low,0.5625,4,0.631578947368421,True,NOERROR,2,300,3,2,True,False,2,13335,US,False,"HOSTINGER operations, UAB",2,365,False,0,False,False,False,benign,no_adverse_signal
lompaving.sbs,2026-07-21,13,3.169925001442312,0.0,0,0.5,-6.724726666666667,low,0.5882,2,1.0,False,NOERROR,0,,1,2,True,False,0,,,,"Spaceship, Inc.",2,365,False,,,False,False,benign,no_adverse_signal
aiforgesite.com,2026-07-21,15,3.0957952550009344,0.0,0,1.2,-6.695421052631579,low,0.6,2,0.8181818181818182,True,NOERROR,3,3600,0,2,False,False,0,58182,US,True,Wix.com Ltd.,2,365,False,17,False,False,,benign,no_adverse_signal
wogaubm40t.top,2026-07-21,14,3.321928094887362,0.14285714285714285,0,0.6,-9.773064705882353,high,0.4706,2,1.0,True,NOERROR,7,60,0,2,False,True,0,979,HK,False,GLOBAL ASSET DOMAINS INC.,2,365,True,0,True,True,,malicious,spamhaus_zen
saasprontoprafaturar.com,2026-07-21,24,2.941446071165522,0.0,0,0.6666666666666666,-6.765618918918919,low,0.4516,3,0.45,True,NOERROR,2,60,0,2,False,False,2,47583,LT,True,"HOSTINGER operations, UAB",2,365,False,0,False,False,,benign,no_adverse_signal
630110.vip,2026-07-21,10,1.9182958340544896,0.6,0,0.0,-10.1929,low,0.4444,0,0.6666666666666666,True,NOERROR,7,60,0,2,False,True,0,152194,JP,False,Dynadot Inc,2,365,True,0,True,True,,malicious,spamhaus_zen
manntyres.com,2026-07-21,13,2.94770277922009,0.0,0,0.2857142857142857,-7.0725999999999996,low,0.6,5,0.8888888888888888,True,NOERROR,2,10800,2,2,True,False,2,14618,US,True,DropCatch.com 996 LLC,2,365,True,0,False,False,False,benign,no_adverse_signal
protoboard.tech,2026-07-21,15,2.6464393446710153,0.0,0,0.6666666666666666,-6.725235294117646,low,0.5,2,0.7,False,NOERROR,0,,0,3,False,False,0,,,,"ENOM, INC.",2,365,True,,,False,,benign,no_adverse_signal
bohtragroup.com,2026-07-21,15,3.0957952550009344,0.0,0,0.5714285714285714,-7.293736842105263,low,0.4444,3,0.8181818181818182,False,NOERROR,0,,5,4,False,False,0,,,,PDR Ltd. d/b/a PublicDomainRegistry.com,2,365,False,,,False,False,benign,no_adverse_signal
obstgarten.berlin,2026-07-21,17,3.121928094887362,0.0,0,0.42857142857142855,-6.782217647058823,low,0.6316,4,0.9,True,NOERROR,2,300,6,2,False,False,2,13335,US,False,Key-Systems GmbH,1904,2191,True,0,False,False,False,benign,no_adverse_signal
vetjb.com,2026-07-21,9,2.321928094887362,0.0,0,0.25,-8.666857142857143,low,0.5333,3,1.0,False,NOERROR,0,,0,2,False,False,0,,,,"Cloudflare, Inc.",3,365,True,,,False,,benign,no_adverse_signal
xn--tst152i.cc,2026-07-21,14,3.095795255000934,0.21428571428571427,2,0.2,-9.782794736842105,low,0.4444,3,0.8181818181818182,True,NOERROR,3,10,0,0,False,True,0,133199,US,False,"GoDaddy.com, LLC",3,365,False,0,True,True,,malicious,spamhaus_zen
hapts.xyz,2026-07-21,9,2.321928094887362,0.0,0,0.25,-7.299414285714286,high,0.6667,3,1.0,True,NOERROR,1,10800,0,2,False,False,0,16509,US,True,Dynadot Inc,3,365,False,24,False,False,,benign,no_adverse_signal
moofhguus.shop,2026-07-21,14,2.725480556997868,0.0,0,0.8,-9.032353333333333,low,0.4615,3,0.7777777777777778,True,NOERROR,2,300,0,2,False,False,2,13335,US,False,,,,False,0,False,False,,benign,no_adverse_signal
kasetkusut.web.id,2026-07-21,17,2.5219280948873624,0.0,0,0.6666666666666666,-7.6131882352941185,low,0.5263,2,0.6,False,NXDOMAIN,0,,0,0,False,False,0,,,,,,,False,,,False,,benign,no_adverse_signal
tokyo404pwxt.site,2026-07-21,17,3.0849625007211556,0.17647058823529413,0,0.2857142857142857,-10.444771428571428,medium,0.375,4,0.75,True,NOERROR,2,300,0,2,False,False,2,13335,US,False,NAMECHEAP INC,2,365,True,0,False,False,,benign,no_adverse_signal
722flyh.monster,2026-07-21,15,2.5216406363433186,0.2,0,0.0,-10.087727272727273,low,0.4615,4,0.8571428571428571,True,NOERROR,1,900,0,2,False,False,0,132839,US,False,"Chengdu west dimension digital technology Co., LTD",2,365,True,0,False,False,,benign,no_adverse_signal
kb1106.vip,2026-07-21,10,2.2516291673878226,0.4,0,0.0,-10.545866666666667,low,0.4444,2,0.8333333333333334,True,NOERROR,1,3600,0,2,False,False,0,135097,SC,False,"GoDaddy.com, LLC",2,365,True,0,False,False,,benign,no_adverse_signal
topgold110.com,2026-07-21,14,2.9219280948873623,0.21428571428571427,0,0.4,-8.553676470588234,low,0.4706,2,0.8,True,NOERROR,1,1,0,2,False,False,0,54600,US,False,"GMO Internet, Inc.",2,365,True,0,False,False,,benign,no_adverse_signal
taro-desk.com,2026-07-21,13,3.169925001442312,0.0,1,0.6,-7.023046666666667,low,0.7059,2,1.0,True,NOERROR,1,300,1,2,True,False,0,7506,JP,False,"GMO Internet, Inc.",2,365,True,0,False,False,,benign,no_adverse_signal
gogreendepot.com,2026-07-21,16,2.8553885422075336,0.0,0,0.7142857142857143,-6.640257142857143,low,0.6087,2,0.6666666666666666,True,NOERROR,1,1800,0,0,False,False,0,58182,US,True,Wix.com Ltd.,736,1095,True,0,False,False,,benign,no_adverse_signal
onepatch.co,2026-07-21,11,3.0,0.0,0,0.6,-6.478592307692308,low,0.7059,3,1.0,True,NOERROR,2,3600,0,2,False,False,0,16509,US,True,"GoDaddy.com, LLC",3,365,False,23,False,False,,benign,no_adverse_signal
toroleathergoods.com,2026-07-21,20,3.125,0.0,0,0.7777777777777778,-6.480231034482759,low,0.5217,2,0.625,False,NXDOMAIN,0,,0,0,False,False,0,,,,"GMO Internet, Inc.",2,365,True,,,False,,benign,no_adverse_signal
26326769.vip,2026-07-21,12,2.1556390622295662,0.6666666666666666,0,0.0,-11.898146153846154,low,0.3636,0,0.625,False,NOERROR,0,,0,2,False,False,0,,,,Dynadot Inc,2,365,True,,,True,,malicious,spamhaus_dbl
rallyvista.com,2026-07-21,14,2.9219280948873623,0.0,0,0.42857142857142855,-6.714376470588236,low,0.5714,4,0.8,True,NOERROR,1,86400,1,2,True,False,0,210574,TR,True,Automattic Inc.,2,365,True,0,False,False,False,benign,no_adverse_signal
xn--ntv747h.com,2026-07-21,15,2.9139770731827523,0.2,2,0.0,-10.06692105263158,low,0.375,3,0.7272727272727273,True,NOERROR,1,10800,0,2,False,False,0,16509,US,True,"Gransy, s.r.o.",3,365,False,24,False,False,,benign,no_adverse_signal
skaparlusten.se,2026-07-21,15,3.2516291673878226,0.0,0,0.5,-6.765528571428571,low,0.5263,2,0.8333333333333334,True,NOERROR,1,30,0,2,False,False,0,211381,NL,True,Registrar.eu,3,365,False,0,False,False,,benign,no_adverse_signal
mdclaimsandsonography.com,2026-07-21,25,3.689703732199547,0.0,0,0.4,-7.234476923076924,low,0.4667,4,0.6666666666666666,True,NOERROR,2,3600,0,2,False,False,0,16509,US,True,"GoDaddy.com, LLC",2,365,False,23,False,False,,benign,no_adverse_signal
girafejournal.top,2026-07-21,17,3.3927474104487847,0.0,0,0.8571428571428571,-7.354469565217391,high,0.5,2,0.8461538461538461,True,NOERROR,1,600,2,4,True,False,0,198610,RU,True,Dynadot LLC,2,365,True,0,False,False,False,benign,no_adverse_signal
efcltrg.org,2026-07-21,11,2.807354922057604,0.0,0,0.16666666666666666,-8.517045454545455,low,0.5,6,1.0,True,NOERROR,4,14400,1,4,True,False,0,53831,US,False,Squarespace Domains II LLC,3,365,True,15,False,False,False,benign,no_adverse_signal
hwmltdh5.vip,2026-07-21,12,2.75,0.08333333333333333,0,0.0,-10.414938461538462,low,0.5714,7,0.875,True,NOERROR,1,600,0,2,False,False,0,152194,SG,False,Dynadot Inc,2,365,True,0,True,True,,malicious,spamhaus_zen
bernasbujiteri.com,2026-07-21,18,3.2359263506290334,0.0,0,0.75,-7.0360000000000005,low,0.5217,2,0.7142857142857143,False,SERVFAIL,0,,0,0,False,False,0,,,,PDR Ltd. d/b/a PublicDomainRegistry.com,2,365,False,,,False,,benign,no_adverse_signal
kismatstories.com,2026-07-21,17,3.0269868333592873,0.0,0,0.625,-6.412473913043478,low,0.5385,3,0.6923076923076923,True,NOERROR,2,600,0,2,False,False,0,13335,US,False,"GoDaddy.com, LLC",2,365,False,0,False,False,,benign,no_adverse_signal
mnhr.top,2026-07-21,8,2.0,0.0,0,0.0,-9.43802,high,0.5714,4,1.0,False,NOERROR,0,,0,2,False,False,0,,,,Dominet (HK) Limited,3,365,True,,,False,,benign,no_adverse_signal
classiccars.berlin,2026-07-21,18,2.413088436425758,0.0,0,0.375,-6.640184210526316,low,0.6,2,0.5454545454545454,True,NOERROR,1,3600,2,4,True,False,1,8560,DE,True,IONOS SE,4508,4748,True,0,False,False,False,benign,no_adverse_signal
nu529c.vip,2026-07-21,10,2.584962500721156,0.3,0,0.5,-11.210055555555556,low,0.4444,1,1.0,True,NOERROR,1,3600,0,2,False,False,0,135097,SC,False,"GoDaddy.com, LLC",2,365,True,0,False,False,,benign,no_adverse_signal
culturanacional.com.br,2026-07-21,22,3.056564762130954,0.0,0,0.875,-6.522722222222222,low,0.4615,2,0.6,True,NOERROR,2,300,3,2,True,False,2,13335,US,False,,4,365,False,0,False,False,False,benign,no_adverse_signal
aptvitals.com,2026-07-21,13,2.725480556997868,0.0,0,0.5,-6.920186666666666,low,0.5333,3,0.7777777777777778,False,NOERROR,0,,0,6,False,False,0,,,,CSL Computer Service Langenbach GmbH d/b/a joker.com,2,365,False,,,False,,benign,no_adverse_signal
ujjivanmultistate.com,2026-07-21,21,3.337175341123077,0.0,0,0.7,-7.404035483870968,low,0.48,2,0.6470588235294118,True,NOERROR,2,60,0,2,False,False,2,47583,LT,False,"HOSTINGER operations, UAB",2,365,False,0,False,False,,benign,no_adverse_signal
noctura.asia,2026-07-21,12,2.807354922057604,0.0,0,0.75,-6.919890909090909,low,0.6154,2,1.0,False,NOERROR,0,,3,2,True,False,0,,,,"DNSPod, Inc.",2,365,True,,,False,False,benign,no_adverse_signal
skylinezipwire.com,2026-07-21,18,3.3248629576173574,0.0,0,0.5555555555555556,-7.5437840000000005,low,0.5185,4,0.7857142857142857,False,NXDOMAIN,0,,0,0,False,False,0,,,,"Inames Co., Ltd.",4055,4383,False,,,False,,benign,no_adverse_signal
abbrucharbeiten.berlin,2026-07-21,22,3.189898095464287,0.0,0,0.6666666666666666,-7.133877777777777,low,0.5185,3,0.6666666666666666,False,SERVFAIL,0,,0,0,False,False,0,,,,Key-Systems GmbH,4508,5114,True,,,False,,benign,no_adverse_signal
theglowself.com,2026-07-21,15,3.095795255000934,0.0,0,0.375,-7.10398947368421,low,0.4762,2,0.8181818181818182,True,NOERROR,1,86400,0,2,False,False,0,16509,US,True,"TUCOWS.COM, CO.",371,730,True,0,False,False,,benign,no_adverse_signal
foodzella.store,2026-07-21,15,2.725480556997868,0.0,0,0.8,-7.402693333333334,low,0.625,2,0.7777777777777778,True,NOERROR,2,300,3,2,True,False,2,13335,US,False,,,,False,0,False,False,False,benign,no_adverse_signal
ihr-lackdoktor.berlin,2026-07-21,21,3.378783493486176,0.0,1,0.4444444444444444,-7.903192000000001,low,0.4615,3,0.7857142857142857,True,NOERROR,1,300,2,4,True,False,0,24940,DE,True,IONOS SE,3632,3652,True,0,False,False,False,benign,no_adverse_signal
aim.healthcare,2026-07-21,14,1.584962500721156,0.0,0,2.0,-6.810466666666667,low,0.6667,1,1.0,False,NOERROR,0,,0,2,False,False,0,,,,,,,,,,False,,benign,no_adverse_signal
pc9-pg-moniqi.com.cn,2026-07-21,20,3.238901256602631,0.05,2,0.42857142857142855,-9.579321739130435,low,0.4211,2,0.7692307692307693,True,NOERROR,1,600,0,2,False,False,0,132839,SC,False,Web Commerce Communications Limited,3,365,False,0,True,True,,malicious,spamhaus_zen
queenx.quest,2026-07-21,12,2.2516291673878226,0.0,0,1.0,-7.659455555555557,low,0.5455,2,0.8333333333333334,True,NOERROR,2,600,0,2,False,False,0,16509,US,True,"GoDaddy.com, LLC",2,365,False,35,False,False,,benign,no_adverse_signal
steamvalvepoweredservice.com,2026-07-21,28,3.490601562950723,0.0,0,0.7142857142857143,-6.838937777777778,low,0.6667,2,0.5833333333333334,False,NXDOMAIN,0,,0,0,False,False,0,,,,"HOSTINGER operations, UAB",2,365,False,,,False,,benign,no_adverse_signal
fluxnose.com,2026-07-21,12,3.0,0.0,0,0.6,-7.927007692307693,low,0.5714,2,1.0,True,NOERROR,1,86400,0,2,False,False,0,16509,US,True,"TUCOWS.COM, CO.",372,730,True,0,False,False,,benign,no_adverse_signal
gj888.org,2026-07-21,9,1.3709505944546687,0.3333333333333333,0,0.0,-10.447728571428572,low,0.25,2,0.6,True,NOERROR,1,300,0,2,False,False,0,206834,DE,False,Dynadot Inc,2,365,False,22,False,False,,benign,no_adverse_signal
reefmind.berlin,2026-07-21,15,2.75,0.0,0,0.6,-7.2951999999999995,low,0.5333,2,0.875,True,NOERROR,1,3600,2,4,True,False,0,16509,US,False,IONOS SE,68,365,True,0,False,False,False,benign,no_adverse_signal
byd108zxc.lat,2026-07-21,13,3.169925001442312,0.23076923076923078,0,0.0,-10.85242,low,0.4,3,1.0,True,NOERROR,1,86400,3,2,True,False,0,15169,SG,True,"GoDaddy.com, LLC",2,365,False,0,False,False,False,benign,no_adverse_signal
afah0.top,2026-07-21,9,1.9219280948873623,0.1111111111111111,0,1.0,-9.138657142857143,high,0.5455,1,0.8,False,NOERROR,0,,0,4,False,False,0,,,,NameMart Pte. Ltd.,2,365,False,,,False,,benign,no_adverse_signal
llww888.com,2026-07-21,11,1.5566567074628228,0.2727272727272727,0,0.0,-9.768181818181818,low,0.4,4,0.42857142857142855,False,NOERROR,0,,0,2,False,False,0,,,,Realtime Register B.V.,2,365,False,,,False,,benign,no_adverse_signal
coastaldrivewaysolutions.com,2026-07-21,28,3.740601562950723,0.0,0,0.7142857142857143,-6.740517777777778,low,0.5128,3,0.625,True,NOERROR,2,300,0,3,False,False,0,2635,US,False,Automattic Inc.,2,365,True,0,False,False,,benign,no_adverse_signal
schliwa.berlin,2026-07-21,14,2.807354922057604,0.0,0,0.4,-7.750745454545455,low,0.5714,4,1.0,True,NOERROR,1,150,1,2,False,False,1,6724,DE,True,Cronon GmbH,3675,4017,True,0,False,False,False,benign,no_adverse_signal
legendaryrichmaninvest.com,2026-07-21,26,3.7544418457133446,0.0,0,0.4666666666666667,-6.747726829268292,low,0.4828,3,0.6818181818181818,True,NOERROR,2,3600,2,2,True,False,0,16509,US,True,"GoDaddy.com, LLC",2,731,False,23,False,False,False,benign,no_adverse_signal
mistraldata2.ink,2026-07-21,16,3.0220552088742,0.0625,0,0.5714285714285714,-6.613295238095238,low,0.5263,3,0.75,False,NOERROR,0,,0,2,False,False,0,,,,"Spaceship, Inc.",2,365,True,,,False,,benign,no_adverse_signal
peludisimos.cl,2026-07-21,14,3.095795255000934,0.0,0,0.8333333333333334,-6.909768421052631,low,0.4828,1,0.8181818181818182,True,NOERROR,2,14400,1,2,True,False,0,31898,BR,True,PDR Ltd. d/b/a PublicDomainRegistry.com,3,365,False,0,False,False,False,benign,no_adverse_signal
agenolxforg.quest,2026-07-21,17,3.0957952550009344,0.0,0,0.5714285714285714,-7.464447368421053,low,0.5263,3,0.8181818181818182,True,NOERROR,2,300,0,2,False,False,2,13335,US,False,"GoDaddy.com, LLC",3,365,False,0,False,False,,benign,no_adverse_signal
naramitbaby.com,2026-07-21,15,2.8453509366224368,0.0,0,0.5714285714285714,-6.901315789473684,low,0.5556,2,0.7272727272727273,False,NOERROR,0,,0,2,False,False,0,,,,"Cloudflare, Inc.",2,365,True,,,False,,benign,no_adverse_signal
mytogo.vip,2026-07-21,10,2.251629167387823,0.0,0,0.5,-7.34848888888889,low,0.5455,3,0.8333333333333334,True,NOERROR,1,300,0,2,False,False,0,209242,AU,False,Dynadot Inc,2,365,True,7,False,False,,benign,no_adverse_signal
shtat-ai.ru,2026-07-21,11,2.5,0.0,1,0.75,-7.525046153846154,low,0.7143,3,0.75,True,NOERROR,1,600,2,4,True,False,0,,HK,False,TIMEWEB-RU,3,365,False,0,True,False,False,malicious,spamhaus_zen
candyland-casino-united-kingdom.com,2026-07-21,35,3.732444601324706,0.0,3,0.5555555555555556,-7.1600627118644065,low,0.4,4,0.5161290322580645,True,NOERROR,2,300,0,2,False,False,2,13335,US,False,Hosting Concepts B.V. d/b/a Registrar.eu,2,365,True,0,False,False,,benign,no_adverse_signal
syscore.online,2026-07-21,14,2.5216406363433186,0.0,0,0.4,-6.488636363636363,medium,0.5882,4,0.8571428571428571,True,NOERROR,2,3600,1,2,True,False,0,16509,US,True,"GoDaddy.com, LLC",2,365,False,56,False,False,,malicious,abuseipdb
espace-coiffure-bien-etre.ch,2026-07-21,28,3.5132696895151074,0.0,3,1.0,-7.385631914893618,low,0.4211,2,0.56,True,NOERROR,1,300,1,2,True,False,1,29222,CH,True,,,,False,0,False,False,False,benign,no_adverse_signal
impress-art.com,2026-07-21,15,3.095795255000934,0.0,1,0.42857142857142855,-6.787036842105263,low,0.5714,3,0.8181818181818182,True,NOERROR,2,300,0,2,False,False,2,13335,US,False,Gname 347 Inc,2,365,False,0,False,False,,benign,no_adverse_signal
finovasta.com,2026-07-21,13,2.94770277922009,0.0,0,0.8,-6.29656,low,0.6154,2,0.8888888888888888,True,NOERROR,4,1800,0,2,False,False,0,15169,US,True,"Spaceship, Inc.",2,365,False,0,False,False,,benign,no_adverse_signal
o18-qpg.garden,2026-07-21,14,2.807354922057604,0.14285714285714285,1,0.3333333333333333,-11.490154545454546,low,0.4,3,1.0,False,NOERROR,0,,0,2,False,False,0,,,,"Spaceship, Inc.",2,365,True,,,False,,benign,no_adverse_signal
mersalhub.com,2026-07-21,13,3.169925001442312,0.0,0,0.5,-6.927833333333334,low,0.5333,2,1.0,True,NOERROR,1,600,0,2,False,False,0,,DE,True,"GoDaddy.com, LLC",2,365,False,0,False,False,,benign,no_adverse_signal
wimn.com,2026-07-21,8,2.0,0.0,0,0.3333333333333333,-8.31664,low,0.5714,2,1.0,True,NOERROR,2,3600,1,2,True,False,0,16509,US,True,"Megazone Corp., dba HOSTING.KR",7684,8035,False,56,False,False,,malicious,abuseipdb
purplepenguin.finance,2026-07-21,21,2.873140679513133,0.0,0,0.625,-7.11738695652174,low,0.4762,3,0.6153846153846154,False,NOERROR,0,,3,2,True,False,0,,,,,,,,,,False,False,benign,no_adverse_signal
cayirotomasyon.com,2026-07-21,18,3.182005814760214,0.0,0,0.75,-7.42384,low,0.5,2,0.7142857142857143,True,NOERROR,1,14400,1,4,True,False,1,42846,TR,True,Atak Domain,368,730,False,0,False,False,False,benign,no_adverse_signal
4997e.com,2026-07-21,9,1.9219280948873623,0.4444444444444444,0,1.0,-11.850585714285714,low,0.25,0,0.8,False,NOERROR,0,,0,2,False,False,0,,,,Gname 037 Inc,2,365,False,,,False,,benign,no_adverse_signal
getatoa.com,2026-07-21,11,2.2359263506290326,0.0,0,1.3333333333333333,-6.454454545454545,low,0.6154,1,0.7142857142857143,True,NOERROR,1,300,0,2,False,False,0,206834,DE,False,Dominet (HK) Limited,2,365,False,22,False,False,,benign,no_adverse_signal
everydayher.store,2026-07-21,17,2.663532754804255,0.0,0,0.5714285714285714,-7.129294736842105,low,0.5556,3,0.6363636363636364,True,NOERROR,1,300,0,4,False,False,0,396982,US,True,,,,False,0,True,False,,malicious,spamhaus_zen
turquoiseandco.store,2026-07-21,20,3.521640636343319,0.0,0,1.0,-7.574852,low,0.5833,3,0.8571428571428571,True,NOERROR,1,1799,5,2,True,False,0,16509,US,False,,,,False,0,False,False,False,benign,no_adverse_signal
vistery.pro,2026-07-21,11,2.807354922057604,0.0,0,0.4,-5.905981818181818,low,0.6154,2,1.0,True,NOERROR,1,86400,0,2,False,False,0,214351,DE,False,,,,,0,True,True,,malicious,spamhaus_zen
entry-mind.net,2026-07-21,14,3.121928094887362,0.0,1,0.2857142857142857,-6.923035294117646,low,0.625,4,0.9,True,NOERROR,1,300,1,2,True,False,1,29222,CH,True,Infomaniak Network SA,3,365,True,0,False,False,False,benign,no_adverse_signal
ahos-link.com,2026-07-21,13,3.169925001442312,0.0,1,0.6,-6.926426666666667,low,0.625,2,1.0,False,NOERROR,0,,0,2,False,False,0,,,,"Cloudflare, Inc.",3,365,True,,,False,,benign,no_adverse_signal
weyv.net,2026-07-21,8,2.0,0.0,0,0.3333333333333333,-9.37978,low,0.6667,2,1.0,True,NOERROR,1,3600,3,2,True,False,1,16276,FR,True,"OVH, SAS",2,365,True,9,False,False,False,benign,no_adverse_signal
synapsestudio.berlin,2026-07-21,20,3.334679141051595,0.0,0,0.625,-6.902269565217391,low,0.64,3,0.8461538461538461,True,NOERROR,1,150,1,2,False,False,1,6724,DE,True,Cronon GmbH,1043,1096,True,0,False,False,False,benign,no_adverse_signal
crm-alexfaneg.com,2026-07-21,17,3.3927474104487847,0.0,1,0.5,-7.709247826086957,low,0.5,3,0.8461538461538461,True,NOERROR,2,60,0,2,False,False,2,47583,LT,False,"HOSTINGER operations, UAB",2,365,False,0,False,False,,benign,no_adverse_signal
revivalist.net,2026-07-21,14,2.9219280948873623,0.0,0,0.6666666666666666,-6.4871,low,0.5455,2,0.8,True,NOERROR,1,1800,0,0,False,False,0,58182,US,True,Wix.com Ltd.,373,730,False,0,False,False,,benign,no_adverse_signal
skoolcomercialdigital.online,2026-07-21,28,3.52257158913636,0.0,0,0.75,-6.728605128205127,medium,0.4286,2,0.6190476190476191,True,NOERROR,1,3600,0,2,False,False,0,13335,CA,True,"GoDaddy.com, LLC",2,365,False,0,False,False,,benign,no_adverse_signal
otb.berlin,2026-07-21,10,1.584962500721156,0.0,0,0.5,-7.143233333333334,low,0.6,2,1.0,True,NOERROR,1,600,1,2,True,False,1,20773,DE,True,Host Europe Group,4470,4748,False,0,False,False,False,benign,no_adverse_signal
fabrikachistoty.ru,2026-07-21,18,3.5068905956085183,0.0,0,0.5,-6.977859259259259,low,0.4762,2,0.8,True,NOERROR,1,86400,0,2,False,False,0,197695,RU,False,REGRU-RU,3,365,False,2,False,False,,benign,no_adverse_signal
qnbai.icu,2026-07-21,9,2.321928094887362,0.0,0,0.6666666666666666,-8.608500000000001,low,0.6,3,1.0,True,NOERROR,2,300,0,2,False,False,2,13335,US,False,PDR Ltd. d/b/a PublicDomainRegistry.com,2,365,False,0,False,False,,benign,no_adverse_signal
regnskape.no,2026-07-21,12,2.94770277922009,0.0,0,0.5,-7.453713333333334,low,0.5714,4,0.8888888888888888,True,NOERROR,1,14400,1,3,True,False,0,34989,NO,True,,3,,False,0,False,False,False,benign,no_adverse_signal
ischgl.berlin,2026-07-21,13,2.584962500721156,0.0,0,0.2,-7.840811111111112,low,0.5455,5,1.0,True,NOERROR,2,600,2,3,False,False,2,16509,DE,True,Key-Systems GmbH,2349,2557,True,0,False,False,False,benign,no_adverse_signal
svg2jsx.com,2026-07-21,11,2.5216406363433186,0.09090909090909091,0,0.0,-11.265572727272728,low,0.5,3,0.8571428571428571,True,NOERROR,2,1800,0,2,False,False,0,16509,US,False,"TUCOWS.COM, CO.",2563,2922,True,0,False,False,,benign,no_adverse_signal
vv62akun.com,2026-07-21,12,2.75,0.16666666666666666,0,0.5,-10.724907692307692,low,0.4286,2,0.875,True,NOERROR,2,300,0,2,False,False,2,13335,US,False,Dominet (HK) Limited,2,365,False,0,False,False,,benign,no_adverse_signal
allianzjiogarages.net,2026-07-21,21,3.2639334294856344,0.0,0,0.8888888888888888,-7.269248387096774,low,0.56,3,0.6470588235294118,True,NOERROR,2,600,0,2,False,False,0,16509,US,True,"GoDaddy.com, LLC",3,365,False,35,False,False,,benign,no_adverse_signal
portal-kaiyuanqipai.com,2026-07-21,23,3.471354487013928,0.0,1,1.0,-7.813065714285713,low,0.48,2,0.6842105263157895,True,NOERROR,1,600,0,2,False,False,0,58658,BR,False,Eranet International Limited,2,365,False,0,False,False,,benign,no_adverse_signal
lovote.icu,2026-07-21,10,2.2516291673878226,0.0,0,1.0,-6.949322222222222,low,0.6,1,0.8333333333333334,False,NOERROR,0,,0,2,False,False,0,,,,"DNSPod, Inc.",2,365,False,,,False,,benign,no_adverse_signal
danskiptv.live,2026-07-21,14,3.169925001442312,0.0,0,0.2857142857142857,-7.365233333333333,low,0.5882,3,1.0,True,NOERROR,2,300,0,2,False,False,0,16509,US,True,,,,False,0,False,False,,benign,no_adverse_signal
in23akun.com,2026-07-21,12,2.75,0.16666666666666666,0,1.0,-9.223753846153846,low,0.5,1,0.875,True,NOERROR,2,300,0,2,False,False,2,13335,US,False,Dominet (HK) Limited,2,365,False,0,False,False,,benign,no_adverse_signal
canipattes.fr,2026-07-21,13,2.9219280948873623,0.0,0,0.6666666666666666,-6.449835294117647,low,0.6,2,0.8,True,NOERROR,1,3600,2,4,True,False,1,8560,DE,True,IONOS SE,1,364,False,0,False,False,False,benign,no_adverse_signal
seductivexdesire.com,2026-07-21,20,3.125,0.0,0,0.7777777777777778,-7.031575862068965,low,0.5385,2,0.625,True,NOERROR,1,86400,0,4,False,False,1,13335,CA,True,"TUCOWS.COM, CO.",2,365,True,0,False,False,,benign,no_adverse_signal
qg88.one,2026-07-21,8,1.5,0.25,0,0.0,-11.16752,low,0.2857,2,0.75,True,NOERROR,2,300,0,2,False,False,2,13335,US,False,Dynadot Inc,2,365,True,0,False,False,,benign,no_adverse_signal
modamasculinabrasil.com.br,2026-07-21,26,3.4058222502856905,0.0,0,0.7272727272727273,-6.704002857142857,low,0.4828,2,0.631578947368421,True,NOERROR,3,3600,1,2,False,False,0,58182,US,True,,6,365,False,18,False,False,False,benign,no_adverse_signal
disruptorsmediastudios.org,2026-07-21,26,3.2998963911678905,0.0,0,0.6923076923076923,-6.903278048780488,low,0.5882,3,0.5,True,NOERROR,2,300,1,2,True,False,2,13335,US,False,"Spaceship, Inc.",2,365,False,0,False,False,False,benign,no_adverse_signal
penthouses.berlin,2026-07-21,17,2.9219280948873623,0.0,0,0.6666666666666666,-6.371535294117647,low,0.5263,3,0.8,True,NOERROR,1,3600,2,4,False,False,1,8560,DE,True,Cronon GmbH,2507,2557,True,0,False,False,False,benign,no_adverse_signal
yesx.berlin,2026-07-21,11,2.0,0.0,0,0.3333333333333333,-8.51788,low,0.6,2,1.0,True,NOERROR,1,300,1,2,False,False,1,51191,DE,True,"Ascio Technologies, Inc",351,365,False,0,False,False,False,benign,no_adverse_signal
youraiplatform.com,2026-07-21,18,3.3787834934861767,0.0,0,0.75,-6.730512,low,0.5185,2,0.7857142857142857,True,NOERROR,2,3600,2,2,True,False,0,16509,US,True,"GoDaddy.com, LLC",2,365,False,23,False,False,False,benign,no_adverse_signal
smartevent.store,2026-07-21,16,2.9219280948873623,0.0,0,0.42857142857142855,-6.243988235294118,low,0.6957,2,0.8,True,NOERROR,2,3600,1,2,True,False,0,16509,US,True,,,,False,56,False,False,,malicious,abuseipdb
gainmedia.io,2026-07-21,12,2.725480556997868,0.0,0,1.25,-6.537546666666667,low,0.7143,2,0.7777777777777778,True,NOERROR,1,50,2,2,True,False,0,47583,CY,False,"HOSTINGER operations, UAB",3,365,True,32,False,False,False,benign,no_adverse_signal
cbms.asia,2026-07-21,9,2.0,0.0,0,0.0,-9.48978,low,0.5714,4,1.0,True,NOERROR,1,14400,1,2,True,False,0,397273,US,False,Web Commerce Communications Limited dba WebNic.cc,2,365,True,27,False,False,False,benign,no_adverse_signal
ewering.berlin,2026-07-21,14,2.5216406363433186,0.0,0,0.75,-6.078663636363637,low,0.5455,2,0.8571428571428571,True,NOERROR,1,60,0,4,False,False,0,205948,DE,True,,,,False,0,False,False,,benign,no_adverse_signal
lirobcn.com,2026-07-21,11,2.807354922057604,0.0,0,0.4,-7.717963636363636,low,0.6154,3,1.0,True,NOERROR,1,1800,0,0,False,False,0,58182,US,True,Wix.com Ltd.,371,730,False,0,False,False,,benign,no_adverse_signal
poofcleaningservices.com,2026-07-21,24,3.5841837197791886,0.0,0,0.6666666666666666,-6.672635135135135,low,0.7222,3,0.65,True,NOERROR,3,3600,5,2,True,False,0,58182,US,True,Wix.com Ltd.,2,365,False,18,False,False,False,benign,no_adverse_signal
99ylc62.com,2026-07-21,11,2.5216406363433186,0.36363636363636365,0,0.0,-11.682245454545455,low,0.3333,3,0.8571428571428571,True,NOERROR,2,600,0,2,False,False,0,16509,US,True,"Wild West Domains, LLC",2,365,False,17,False,False,,benign,no_adverse_signal
getraenke-preuss-muenchhagen.berlin,2026-07-21,35,3.5836169753972325,0.0,2,0.625,-7.396788679245283,low,0.4,4,0.5,True,NOERROR,1,888,1,4,False,False,0,15456,DE,True,InterNetX GmbH,4507,4748,True,0,False,False,False,benign,no_adverse_signal
pinecair.com,2026-07-21,12,2.75,0.0,0,1.0,-6.259153846153846,low,0.625,1,0.875,True,NOERROR,2,300,1,2,True,False,2,13335,US,False,NAMECHEAP INC,2,365,True,0,False,False,False,benign,no_adverse_signal
726stmr.beer,2026-07-21,12,2.807354922057604,0.25,0,0.0,-10.065745454545453,low,0.4615,4,1.0,False,timeout,0,,0,0,False,False,0,,,,"Chengdu west dimension digital technology Co., LTD",2,365,True,,,False,,benign,no_adverse_signal
dianyou-pa.com,2026-07-21,14,3.121928094887362,0.0,1,1.25,-7.428417647058824,low,0.5,2,0.9,True,NOERROR,1,300,0,2,False,False,0,132839,HK,False,Dynadot Inc,2,365,False,0,False,False,,benign,no_adverse_signal
vavada-casino-playqs1.top,2026-07-21,25,3.5537631144722446,0.04,2,0.6363636363636364,-7.760969230769231,high,0.4,3,0.6666666666666666,True,NOERROR,1,300,0,2,False,False,0,204601,NL,True,"NameSilo, LLC",3,365,True,0,False,False,,benign,no_adverse_signal
s66688.vip,2026-07-21,10,1.4591479170272446,0.5,0,0.0,-9.672444444444444,low,0.2222,1,0.5,True,NOERROR,1,3600,0,2,False,False,0,135097,SC,False,"GoDaddy.com, LLC",2,365,True,0,False,False,,benign,no_adverse_signal
mptalentresourcing.co.uk,2026-07-21,24,3.7254805569978675,0.0,0,0.5,-6.448360606060605,low,0.56,3,0.7777777777777778,True,NOERROR,2,600,3,2,False,False,0,16509,US,True,123-Reg Limited t/a 123-reg [Tag = 123-REG],6,365,False,17,False,False,False,benign,no_adverse_signal
venteris.org,2026-07-21,12,2.75,0.0,0,0.6,-5.691292307692308,low,0.6667,2,0.875,False,NOERROR,0,,0,2,False,False,0,,,,"Cloudflare, Inc.",2,365,False,,,False,,benign,no_adverse_signal
indiaticker.com,2026-07-21,15,3.027169118440619,0.0,0,0.8333333333333334,-6.011768421052632,low,0.7619,2,0.8181818181818182,True,NOERROR,2,300,0,2,False,False,2,13335,US,False,"Gransy, s.r.o.",2,365,False,0,False,False,,benign,no_adverse_signal
klausenerplatz.berlin,2026-07-21,21,3.3787834934861767,0.0,0,0.5555555555555556,-6.876704,low,0.56,3,0.7857142857142857,True,NOERROR,1,3600,3,2,True,False,0,16276,FR,True,,,,False,11,False,False,False,benign,no_adverse_signal
ama.berlin,2026-07-21,10,0.9182958340544896,0.0,0,2.0,-5.622199999999999,low,0.6667,1,0.6666666666666666,True,NOERROR,1,3600,2,4,True,False,1,8560,DE,True,IONOS SE,177,365,True,0,False,False,False,benign,no_adverse_signal
toolcallgovernance.com,2026-07-21,22,3.1971597234241487,0.0,0,0.6363636363636364,-6.736742424242424,low,0.4706,3,0.5555555555555556,True,NOERROR,1,1800,5,2,True,False,0,22612,US,False,NAMECHEAP INC,3,365,True,0,False,False,False,benign,no_adverse_signal
rootswithpositivity.co.uk,2026-07-21,25,3.050301855434981,0.0,0,0.5833333333333334,-7.025128571428572,low,0.4,3,0.5263157894736842,True,NOERROR,2,3600,0,2,False,False,0,16509,US,True,"GoDaddy.com, LLC. [Tag = GODADDY]",3,365,False,23,False,False,,benign,no_adverse_signal
tarhbastarkeyhan.com,2026-07-21,20,3.125,0.0,0,0.45454545454545453,-7.087403448275862,low,0.4828,3,0.625,True,NOERROR,1,3600,1,4,True,False,0,60631,IR,True,CSL Computer Service Langenbach GmbH d/b/a joker.com,2,365,False,0,False,False,False,benign,no_adverse_signal
koeva-conseil.fr,2026-07-21,16,3.3927474104487847,0.0,1,1.0,-7.458878260869565,low,0.5,2,0.8461538461538461,True,NOERROR,1,3600,2,4,True,False,1,8560,DE,True,IONOS SE,1,364,False,0,False,False,False,benign,no_adverse_signal
9990338com2026tg33.shop,2026-07-21,23,3.239097917988786,0.5652173913043478,0,0.25,-10.327745454545456,low,0.32,2,0.6111111111111112,True,NOERROR,1,60,0,2,False,True,0,50131,US,False,,,,False,0,False,False,,benign,no_adverse_signal
alas.berlin,2026-07-21,11,1.5,0.0,0,1.0,-5.82654,low,0.6667,1,0.75,True,NOERROR,1,3600,1,4,True,False,0,53831,US,False,IONOS SE,4508,4748,True,44,False,False,False,benign,no_adverse_signal
hcorder.berlin,2026-07-21,14,2.521640636343318,0.0,0,0.4,-6.58940909090909,low,0.6154,2,0.8571428571428571,True,NOERROR,1,3600,2,4,True,False,1,8560,DE,True,,,,False,0,False,False,False,benign,no_adverse_signal
kaustavnandy.in,2026-07-21,15,3.0220552088742005,0.0,0,0.5,-7.209938095238096,low,0.5,3,0.75,True,NOERROR,4,3600,2,2,True,False,0,54113,US,True,GoDaddy,2,365,False,39,False,False,False,benign,no_adverse_signal
seelenorte.guide,2026-07-21,16,2.5219280948873624,0.0,0,1.0,-6.355894117647059,low,0.6667,2,0.7,True,NOERROR,1,3600,2,4,True,False,1,8560,DE,True,,,,,0,False,False,False,benign,no_adverse_signal
whiterabbit.rw,2026-07-21,14,2.913977073182752,0.0,0,0.5714285714285714,-6.79967894736842,low,0.5556,2,0.7272727272727273,True,NOERROR,1,21600,0,2,False,False,0,37228,RW,False,AOS,15,1826,False,0,False,False,,benign,no_adverse_signal
globaltitlegroup.com,2026-07-21,20,3.327819531114783,0.0,0,0.6,-6.769241379310345,low,0.5556,2,0.6875,True,NOERROR,2,3600,1,2,True,False,0,16509,US,True,"GoDaddy.com, LLC",2,365,False,56,False,False,,malicious,abuseipdb
fairreden.berlin,2026-07-21,16,2.725480556997868,0.0,0,0.8,-6.714519999999999,low,0.5714,2,0.7777777777777778,True,NOERROR,1,3600,1,3,True,False,1,12574,DE,False,http.net Internet GmbH,1863,2191,True,0,False,False,False,benign,no_adverse_signal
mica-ai.online,2026-07-21,14,2.2359263506290326,0.0,1,2.0,-7.306590909090909,medium,0.6154,1,0.7142857142857143,True,NOERROR,1,14400,2,2,True,False,0,16509,US,False,"HOSTINGER operations, UAB",2,365,False,0,False,False,False,benign,no_adverse_signal
petwellness.xyz,2026-07-21,15,2.6635327548042547,0.0,0,0.375,-6.884721052631579,high,0.5,3,0.6363636363636364,True,NOERROR,2,30,0,4,False,False,0,,US,False,Porkbun LLC,744,1095,False,0,False,False,,benign,no_adverse_signal
pa-op-wyx0-i7.shop,2026-07-21,18,3.180832987205441,0.1111111111111111,3,0.6,-10.704717391304348,low,0.3636,3,0.7692307692307693,False,NOERROR,0,,0,2,False,False,0,,,,,,,False,,,False,,benign,no_adverse_signal
buffalab.com,2026-07-21,12,2.25,0.0,0,0.6,-7.393515384615385,low,0.5333,2,0.625,True,NOERROR,1,1800,5,2,True,False,0,22612,US,False,NAMECHEAP INC,2,365,True,0,False,False,False,benign,no_adverse_signal
labaimatrix.com,2026-07-21,15,2.8453509366224368,0.0,0,0.8333333333333334,-6.669694736842106,low,0.5833,2,0.7272727272727273,False,NOERROR,0,,0,2,False,False,0,,,,Alibaba Cloud Computing Ltd. d/b/a HiChina (www.net.cn),2,365,False,,,False,,benign,no_adverse_signal
aesfsv.com,2026-07-21,10,2.2516291673878226,0.0,0,0.5,-8.824555555555555,low,0.5714,4,0.8333333333333334,True,NOERROR,1,600,0,2,False,True,0,3258,JP,True,Dynadot Inc,2,365,False,0,False,False,,benign,no_adverse_signal
thecutlab.ca,2026-07-21,12,2.94770277922009,0.0,0,0.5,-6.9107400000000005,low,0.5333,2,0.8888888888888888,True,NOERROR,2,600,0,2,False,False,0,16509,US,True,"Go Daddy Domains Canada, Inc",4,1096,True,35,False,False,,benign,no_adverse_signal
qualitypestcontrolroysecity.site,2026-07-21,32,3.6619328723735824,0.0,0,0.5,-6.900629411764705,medium,0.4878,3,0.5185185185185185,True,NOERROR,2,300,2,2,True,False,2,47583,CY,False,"HOSTINGER operations, UAB",2,365,False,0,False,False,False,benign,no_adverse_signal
e-bar.berlin,2026-07-21,12,2.321928094887362,0.0,1,1.0,-7.313385714285714,low,0.6667,1,1.0,True,NOERROR,1,150,1,2,False,False,1,6724,DE,True,,,,False,0,False,False,False,benign,no_adverse_signal
thecashflowfiles.com,2026-07-21,20,3.375,0.0,0,0.45454545454545453,-7.143972413793103,low,0.5185,4,0.6875,True,NOERROR,4,600,0,2,False,False,0,54113,US,True,"GoDaddy.com, LLC",2,365,False,20,False,False,,benign,no_adverse_signal
texcoresolutions.com,2026-07-21,20,3.327819531114783,0.0,0,0.7777777777777778,-6.424603448275862,low,0.5556,2,0.6875,True,NOERROR,1,1800,2,2,True,False,0,22612,US,False,NAMECHEAP INC,2,365,True,0,False,False,False,benign,no_adverse_signal
www955521.net,2026-07-21,13,2.113283334294875,0.46153846153846156,0,0.0,-10.731166666666667,low,0.5,3,0.5555555555555556,True,NOERROR,8,60,0,2,False,False,0,36002,SG,False,"GoDaddy.com, LLC",3,365,False,0,False,False,,benign,no_adverse_signal
heatwavemorningmistlabs.ink,2026-07-21,27,3.7950885863977324,0.0,0,0.5333333333333333,-6.884762790697675,low,0.4737,3,0.6521739130434783,False,NOERROR,0,,0,2,False,False,0,,,,"Spaceship, Inc.",2,365,True,,,False,,benign,no_adverse_signal
lamecaradio.com,2026-07-21,15,3.027169118440619,0.0,0,1.2,-6.192047368421052,low,0.5882,1,0.8181818181818182,True,NOERROR,1,3600,2,4,True,False,1,8560,US,True,IONOS SE,2,365,True,0,False,False,False,benign,no_adverse_signal
trajenta.store,2026-07-21,14,2.5,0.0,0,0.6,-6.731315384615385,low,0.5333,2,0.75,True,NOERROR,2,3600,1,2,True,False,0,16509,US,True,,,,False,56,False,False,,malicious,abuseipdb
720fkvu.icu,2026-07-21,11,2.807354922057604,0.2727272727272727,0,0.3333333333333333,-11.732090909090909,low,0.3636,3,1.0,True,NOERROR,1,900,0,2,False,False,0,132839,US,False,"Chengdu west dimension digital technology Co., LTD",2,365,True,0,False,False,,benign,no_adverse_signal
kulturkartei.berlin,2026-07-21,19,2.918295834054489,0.0,0,0.7142857142857143,-7.108738095238095,low,0.4762,2,0.6666666666666666,True,NOERROR,1,150,1,2,False,False,1,6724,DE,True,,,,False,0,False,False,False,benign,no_adverse_signal
destinastrology.com,2026-07-21,19,3.5068905956085183,0.0,0,0.5,-6.188922222222222,low,0.5161,3,0.8,True,NOERROR,2,120,0,4,False,False,0,16509,DE,True,NAMECHEAP INC,2,365,True,15,False,False,,benign,no_adverse_signal
939e.buzz,2026-07-21,9,1.5,0.3333333333333333,0,1.0,-11.77388,high,0.3333,0,0.75,True,NOERROR,2,300,0,2,False,False,2,13335,US,False,"Spaceship, Inc.",2,365,False,0,False,False,,benign,no_adverse_signal
pageoneboostfrance.fr,2026-07-21,21,3.419381945646371,0.0,0,0.8,-6.653312121212122,low,0.4516,4,0.6666666666666666,True,NOERROR,1,300,2,4,True,False,0,55285,CA,False,IONOS SE,1,364,False,0,False,False,False,benign,no_adverse_signal
729mtek.help,2026-07-21,12,2.807354922057604,0.25,0,0.3333333333333333,-10.261645454545455,low,0.5333,2,1.0,False,timeout,0,,0,0,False,False,0,,,,"Chengdu west dimension digital technology Co., LTD",2,365,True,,,False,,benign,no_adverse_signal
uktzfv67.cc,2026-07-21,11,3.0,0.18181818181818182,0,0.2,-11.131730769230769,low,0.4286,5,1.0,True,NOERROR,1,60,0,2,False,True,0,40065,US,False,"NameSilo, LLC",3,365,False,0,False,False,,benign,no_adverse_signal
chenggj48351.xyz,2026-07-21,16,3.418295834054489,0.3125,0,0.16666666666666666,-9.73697142857143,high,0.381,4,0.9166666666666666,False,NOERROR,0,,0,2,False,False,0,,,,"Chengdu west dimension digital technology Co., LTD",2,365,True,,,False,,benign,no_adverse_signal
nativfoodz.com,2026-07-21,14,3.1219280948873624,0.0,0,0.6666666666666666,-7.6219705882352935,low,0.48,2,0.9,True,NOERROR,4,14400,1,4,True,False,0,53831,US,False,Squarespace Domains II LLC,2,365,False,15,False,False,False,benign,no_adverse_signal
ob2019.vip,2026-07-21,10,2.584962500721156,0.4,0,1.0,-10.144222222222222,low,0.4,1,1.0,True,NOERROR,1,3600,0,2,False,False,0,135097,SC,False,"GoDaddy.com, LLC",2,365,True,0,False,False,,benign,no_adverse_signal
01611.uk,2026-07-21,8,1.3709505944546687,0.625,0,0.0,-10.69202857142857,low,0.5,0,0.6,True,NOERROR,8,60,0,2,False,True,0,152194,JP,False,"Dynadot, LLC t/a Dynadot [Tag = DYNADOT]",4,365,False,0,True,True,,malicious,spamhaus_zen
avismedicusnh.com,2026-07-21,17,3.3927474104487847,0.0,0,0.625,-7.218508695652174,low,0.5263,3,0.8461538461538461,True,NOERROR,4,14400,1,4,True,False,0,53831,US,False,Squarespace Domains II LLC,21,365,True,15,False,False,False,benign,no_adverse_signal
phrenore.com,2026-07-21,12,2.5,0.0,0,0.6,-6.784446153846154,low,0.5333,3,0.75,True,NOERROR,1,1288,0,2,False,False,0,14618,US,True,Dynadot Inc,3,365,False,0,False,False,,benign,no_adverse_signal
infraanalyst.com,2026-07-21,16,3.0220552088742,0.0,0,0.5,-6.908147619047619,low,0.4762,4,0.75,True,NOERROR,1,1400,1,3,True,False,0,150055,IN,True,"Gransy, s.r.o.",2,365,False,0,False,False,False,benign,no_adverse_signal
iu8gn3e4.top,2026-07-21,12,3.0,0.25,0,1.5,-12.180176923076923,high,0.5,2,1.0,True,NOERROR,3,60,0,2,False,True,0,138995,US,False,Dominet (HK) Limited,3,365,True,0,True,False,,malicious,spamhaus_zen
v394556.cc,2026-07-21,10,2.521640636343318,0.6,0,0.0,-11.161345454545454,low,0.4,1,0.8571428571428571,False,NOERROR,0,,0,2,False,False,0,,,,Dynadot Inc,2,365,False,,,True,,malicious,spamhaus_dbl
82536.app,2026-07-21,9,2.321928094887362,0.5555555555555556,0,0.0,-10.730742857142857,low,0.5,0,1.0,True,NOERROR,1,1,0,2,False,True,0,4907,JP,False,,,,False,0,True,False,,malicious,spamhaus_zen
fiedel.berlin,2026-07-21,13,2.2516291673878226,0.0,0,1.0,-6.793733333333333,low,0.6,1,0.8333333333333334,True,NOERROR,1,150,1,2,False,False,0,6724,DE,True,Cronon GmbH,3294,3652,True,0,False,False,False,benign,no_adverse_signal
rmte175.top,2026-07-21,11,2.807354922057604,0.2727272727272727,0,0.3333333333333333,-9.57539090909091,high,0.4615,3,1.0,True,NOERROR,5,60,0,2,False,True,0,40065,US,False,Gname.com Pte. Ltd.,2,365,True,0,False,False,,benign,no_adverse_signal
happn.online,2026-07-21,12,1.9219280948873623,0.0,0,0.25,-7.298071428571428,medium,0.6154,3,0.8,True,NOERROR,2,3600,1,2,True,False,0,16509,US,True,"GoDaddy.com, LLC",2,365,False,56,False,False,,malicious,abuseipdb
energiestrategie.berlin,2026-07-21,23,2.774397470347699,0.0,0,1.0,-6.446862068965517,low,0.5455,3,0.5,True,NOERROR,1,86400,1,2,True,False,1,34240,DE,True,InterNetX GmbH,4507,4748,True,0,False,False,False,benign,no_adverse_signal
d6md.com,2026-07-21,8,1.5,0.125,0,0.0,-12.22854,low,0.6,2,0.75,False,NOERROR,0,,0,2,False,False,0,,,,"NameSilo, LLC",2,365,True,,,False,,benign,no_adverse_signal
howtogetnetherite.xyz,2026-07-21,21,2.9109922530150456,0.0,0,0.7,-6.704996774193548,high,0.5,2,0.5294117647058824,True,NOERROR,2,300,0,2,False,False,2,13335,US,False,Dynadot Inc,2,365,False,0,False,False,,benign,no_adverse_signal
minddictionary.app,2026-07-21,18,3.182005814760214,0.0,0,0.5555555555555556,-6.523356,low,0.5455,3,0.7142857142857143,True,NOERROR,2,300,3,2,True,False,2,13335,US,False,,,,False,0,False,False,False,benign,no_adverse_signal
713homepros.com,2026-07-21,15,3.277613436819116,0.2,0,0.6,-8.194173684210526,low,0.4444,2,0.9090909090909091,True,NOERROR,2,600,0,2,False,False,0,16509,US,True,"GoDaddy.com, LLC",2,365,False,35,False,False,,benign,no_adverse_signal
2aenergiemanosque.fr,2026-07-21,20,3.381580488309164,0.05,0,1.2857142857142858,-7.488754838709677,low,0.5,2,0.7058823529411765,True,NOERROR,2,300,0,2,False,False,2,13335,US,False,TLD Registrar Solutions Ltd,1,364,False,0,False,False,,benign,no_adverse_signal
sapbusinessone.berlin,2026-07-21,21,2.950212064914747,0.0,0,0.75,-6.587892,low,0.6897,2,0.6428571428571429,True,NOERROR,1,316,2,3,True,False,0,202108,DE,False,united domains AG,4500,4748,False,0,False,False,False,benign,no_adverse_signal
marandbella.com,2026-07-21,15,2.8453509366224368,0.0,0,0.5714285714285714,-6.334231578947369,low,0.5556,3,0.7272727272727273,True,NOERROR,4,14400,1,4,True,False,0,53831,US,False,Squarespace Domains II LLC,42,365,True,15,False,False,False,benign,no_adverse_signal
makecart.ru,2026-07-21,11,2.75,0.0,0,0.6,-6.506246153846154,low,0.5333,2,0.875,True,NOERROR,1,600,2,4,True,False,0,9123,RU,False,RU-CENTER-RU,3,365,False,0,True,False,False,malicious,spamhaus_zen
b-beniya.com,2026-07-21,12,2.75,0.0,1,0.75,-8.093215384615384,low,0.4615,1,0.875,False,NOERROR,0,,1,2,True,False,0,,,,"GMO Internet, Inc.",2,365,True,,,False,False,benign,no_adverse_signal
newprint.berlin,2026-07-21,15,2.75,0.0,0,0.3333333333333333,-6.771384615384616,low,0.5556,3,0.875,True,NOERROR,1,150,1,2,False,False,1,6724,DE,True,,,,False,0,False,False,False,benign,no_adverse_signal
rbc-protegetoi.com,2026-07-21,18,3.2359263506290326,0.0,1,0.625,-7.392332,low,0.5,3,0.7142857142857143,False,NXDOMAIN,0,,0,0,False,False,0,,,,Fewmoretaps OU d/b/a Trustname.com,2,365,False,,,True,,malicious,spamhaus_dbl
0351919.cc,2026-07-21,10,2.235926350629032,0.7,0,0.0,-10.774890909090908,low,0.25,0,0.7142857142857143,False,NOERROR,0,,0,2,False,False,0,,,,Dynadot Inc,2,365,False,,,False,,benign,no_adverse_signal
abendschau.berlin,2026-07-21,17,3.121928094887362,0.0,0,0.6666666666666666,-6.779111764705882,low,0.5263,5,0.9,True,NOERROR,1,86400,0,4,False,False,0,41969,DE,True,,,,False,0,False,False,,benign,no_adverse_signal
plansocials.com,2026-07-21,15,2.9139770731827523,0.0,0,0.5714285714285714,-6.466284210526315,low,0.5217,2,0.7272727272727273,True,NOERROR,1,1800,5,2,True,False,0,22612,US,False,NAMECHEAP INC,2,365,True,0,False,False,False,benign,no_adverse_signal
82860235.com,2026-07-21,12,2.5,0.6666666666666666,0,0.0,-10.81073076923077,low,0.3636,0,0.75,True,NOERROR,2,600,0,2,False,False,0,16509,US,True,"Wild West Domains, LLC",2,365,False,17,False,False,,benign,no_adverse_signal
w782.buzz,2026-07-21,9,2.0,0.3333333333333333,0,0.0,-11.69338,high,0.5,1,1.0,True,NOERROR,2,300,0,2,False,False,2,13335,US,False,"Spaceship, Inc.",2,365,False,0,False,False,,benign,no_adverse_signal
jialianyu.com,2026-07-21,13,2.725480556997868,0.0,0,1.25,-6.894760000000001,low,0.6667,2,0.7777777777777778,True,NOERROR,1,300,0,2,False,True,0,13335,US,False,Gname 024 Inc,2,365,False,0,False,False,,benign,no_adverse_signal
k04-mf6.garden,2026-07-21,14,2.807354922057604,0.21428571428571427,1,0.0,-12.269609090909091,low,0.3636,2,1.0,False,NOERROR,0,,0,2,False,False,0,,,,"Spaceship, Inc.",2,365,True,,,False,,benign,no_adverse_signal
gamestocke.ru,2026-07-21,13,3.121928094887362,0.0,0,0.6666666666666666,-6.060070588235295,low,0.6,2,0.9,True,NOERROR,1,600,2,4,True,False,0,44112,RU,True,RU-CENTER-RU,3,365,False,0,False,False,False,benign,no_adverse_signal
likelymorecrayfish.shop,2026-07-21,23,3.6143694458867563,0.0,0,0.5,-7.149024242424242,low,0.4348,3,0.7222222222222222,True,NOERROR,1,1800,5,2,True,False,0,22612,US,False,,,,False,0,False,False,False,benign,no_adverse_signal
expeditemenow.com,2026-07-21,17,3.085055102756477,0.0,0,0.8571428571428571,-6.5835869565217395,low,0.5185,2,0.7692307692307693,True,NOERROR,2,3600,0,2,False,False,0,16509,US,True,"GoDaddy.com, LLC",2,365,False,11,False,False,,benign,no_adverse_signal
tcalculator.co,2026-07-21,14,2.7321588913645702,0.0,0,0.5714285714285714,-6.749384210526316,low,0.5882,2,0.6363636363636364,True,NOERROR,2,300,0,2,False,False,2,13335,US,False,"Unstoppable Domains, Inc",3,365,False,0,False,False,,benign,no_adverse_signal
행복기원.com,2026-07-21,8,2.0,0.0,0,0.0,-15.765899999999998,low,0.0,4,1.0,True,NOERROR,1,300,0,2,False,False,0,206834,DE,False,Dynadot Inc,2,365,False,22,False,False,,benign,no_adverse_signal
shoplikeview.com,2026-07-21,16,3.2516291673878226,0.0,0,0.7142857142857143,-6.999580952380952,low,0.5455,2,0.8333333333333334,True,NOERROR,1,300,0,2,False,False,0,20473,US,True,"GMO Internet, Inc.",2,365,False,0,False,False,,benign,no_adverse_signal
bonattitech.com.ar,2026-07-21,18,3.027169118440619,0.0,0,0.5714285714285714,-6.316905263157895,low,0.5882,2,0.8181818181818182,True,NOERROR,1,14400,1,2,False,False,0,264649,AR,True,nicar,28,364,False,0,False,False,False,benign,no_adverse_signal
biojun.com,2026-07-21,10,2.584962500721156,0.0,0,1.0,-8.135266666666666,low,0.6,1,1.0,True,NOERROR,1,600,0,2,False,False,0,3786,KR,False,"Gabia, Inc.",1107,1461,False,0,False,False,,benign,no_adverse_signal
graceandwishesco.store,2026-07-21,22,3.5,0.0,0,0.6,-6.700141379310345,low,0.5385,3,0.75,True,NOERROR,1,1800,5,2,True,False,0,22612,US,False,,,,False,0,False,False,False,benign,no_adverse_signal
cante.berlin,2026-07-21,12,2.321928094887362,0.0,0,0.6666666666666666,-5.642328571428571,low,0.7273,2,1.0,True,NOERROR,1,600,1,2,True,False,0,21499,FR,True,,,,False,0,False,False,False,benign,no_adverse_signal
calibererp.com,2026-07-21,14,2.9219280948873623,0.0,0,0.6666666666666666,-6.3818882352941175,low,0.6,2,0.8,True,NOERROR,1,300,3,2,True,False,0,16509,US,False,"Cloudflare, Inc.",2,365,True,0,False,False,False,benign,no_adverse_signal
essense.tokyo,2026-07-21,13,1.4488156357251847,0.0,0,0.75,-6.109045454545455,low,0.5455,2,0.42857142857142855,True,NOERROR,1,600,1,2,True,False,0,7506,JP,True,,,,False,0,False,False,False,benign,no_adverse_signal
mbsr-kurse.berlin,2026-07-21,17,2.9219280948873623,0.0,1,0.2857142857142857,-8.5595,low,0.5,4,0.8,True,NOERROR,1,86400,4,4,True,False,0,15817,DE,True,,,,False,0,False,False,False,benign,no_adverse_signal
process-checking-profile-info.cfd,2026-07-21,33,3.6933452188924916,0.0,3,0.5294117647058824,-6.898905454545455,low,0.359,2,0.4827586206896552,True,NOERROR,2,300,0,2,False,False,2,13335,US,False,"NameSilo, LLC",2,365,True,0,False,False,,benign,no_adverse_signal
irismandala.com,2026-07-21,15,2.845350936622437,0.0,0,0.8333333333333334,-6.331768421052632,low,0.5455,2,0.7272727272727273,True,NOERROR,1,300,0,3,False,False,0,209242,AU,False,"TUCOWS.COM, CO.",2,365,True,7,False,False,,benign,no_adverse_signal
9mbzym.cyou,2026-07-21,11,2.2516291673878226,0.09090909090909091,0,0.0,-10.536433333333333,low,0.4,5,0.8333333333333334,True,NOERROR,9,3600,1,2,False,False,0,60592,CZ,False,"Gransy, s.r.o.",2,365,False,0,True,False,False,malicious,spamhaus_zen
onuryilmaz.tech,2026-07-21,15,3.321928094887362,0.0,0,0.6666666666666666,-7.857264705882352,low,0.4706,2,1.0,True,NOERROR,1,50,0,2,False,False,0,47583,CY,False,"HOSTINGER operations, UAB",2,365,False,32,False,False,,benign,no_adverse_signal
jivamuktiyoga.berlin,2026-07-21,20,3.3927474104487847,0.0,0,0.8571428571428571,-8.284739130434783,low,0.4348,2,0.8461538461538461,True,NOERROR,1,3600,2,4,True,False,1,8560,DE,True,,,,False,0,False,False,False,benign,no_adverse_signal
crownaud.com,2026-07-21,12,3.0,0.0,0,0.6,-7.395961538461538,low,0.6154,2,1.0,True,NOERROR,2,300,0,2,False,False,2,13335,US,False,Dominet (HK) Limited,480,1096,False,0,False,False,,benign,no_adverse_signal
red88.tools,2026-07-21,11,1.9219280948873623,0.18181818181818182,0,0.5,-8.886671428571429,low,0.6,1,0.8,True,NOERROR,2,300,0,2,False,False,0,16509,US,True,,,,,0,False,False,,benign,no_adverse_signal
4ri-9b6.garden,2026-07-21,14,2.807354922057604,0.21428571428571427,1,0.5,-11.70049090909091,low,0.4615,1,1.0,False,NOERROR,0,,0,2,False,False,0,,,,"Spaceship, Inc.",2,365,True,,,False,,benign,no_adverse_signal
moonlighthazeperfume.shop,2026-07-21,25,3.7841837197791888,0.0,0,0.6666666666666666,-7.206083783783783,low,0.4242,4,0.75,True,NOERROR,2,60,0,2,False,False,2,47583,CY,False,,,,False,0,False,False,,benign,no_adverse_signal
mirjamskookboek.com,2026-07-21,19,3.139572261986723,0.0,0,0.6666666666666666,-8.138618518518518,low,0.4667,3,0.6666666666666666,True,NOERROR,2,300,0,2,False,False,2,13335,US,False,"Cloudflare, Inc.",2,365,True,0,False,False,,benign,no_adverse_signal
decivara.com,2026-07-21,12,2.75,0.0,0,1.0,-6.86013076923077,low,0.625,1,0.875,False,NOERROR,0,,0,2,False,False,0,,,,"Cloudflare, Inc.",2,365,True,,,False,,benign,no_adverse_signal
alexandmar.com,2026-07-21,14,2.8464393446710154,0.0,0,0.6666666666666666,-6.742982352941176,low,0.5882,3,0.8,True,NOERROR,4,60,0,4,True,False,0,16509,US,True,"ENOM, INC.",2,365,True,0,False,False,,benign,no_adverse_signal
printoffline.com,2026-07-21,16,3.084962500721156,0.0,0,0.5,-6.460109523809523,low,0.5556,3,0.75,True,NOERROR,2,3600,1,2,True,False,0,16509,US,True,"Spaceship, Inc.",2,365,False,56,False,False,,malicious,abuseipdb
drumary.app,2026-07-21,11,2.5216406363433186,0.0,0,0.4,-6.869918181818182,low,0.5455,2,0.8571428571428571,True,NOERROR,1,300,1,2,True,False,0,34788,DE,True,,,,False,0,False,False,False,benign,no_adverse_signal
mobilityafter50.com,2026-07-21,19,3.640223928941851,0.10526315789473684,0,0.625,-7.536307407407407,low,0.5217,2,0.8666666666666667,True,NOERROR,2,60,2,2,True,False,2,47583,CY,False,"HOSTINGER operations, UAB",2,365,False,0,False,False,False,benign,no_adverse_signal
paintcleane.com,2026-07-21,15,2.9139770731827523,0.0,0,0.8333333333333334,-6.417052631578947,low,0.6,4,0.7272727272727273,True,NOERROR,2,300,0,2,False,False,2,13335,US,False,UnstoppableUS3 LLC,2,365,False,0,False,False,,benign,no_adverse_signal
xijiabisaijieguo.org.cn,2026-07-21,23,3.024397470347699,0.0,0,1.6666666666666667,-8.111731034482759,low,0.3846,1,0.625,True,NOERROR,2,300,0,2,False,False,2,13335,US,False,北京新网数码信息技术有限公司,3,365,False,0,False,False,,benign,no_adverse_signal
hexclire.shop,2026-07-21,13,2.75,0.0,0,0.6,-7.077299999999999,low,0.5333,3,0.875,True,NOERROR,1,60,2,2,True,False,0,13335,CA,True,,,,False,0,False,False,False,benign,no_adverse_signal
secondbrainshop.com,2026-07-21,19,3.506890595608518,0.0,0,0.5,-6.490225925925926,low,0.4545,4,0.8,True,NOERROR,1,3600,5,2,True,False,0,136133,US,False,NAMECHEAP INC,2,365,True,4,False,False,False,benign,no_adverse_signal
init-se.berlin,2026-07-21,14,2.5216406363433186,0.0,1,1.0,-6.812181818181818,low,0.6667,1,0.8571428571428571,False,NOERROR,0,,0,4,False,False,0,,,,,,,False,,,False,,benign,no_adverse_signal
schau-auf.berlin,2026-07-21,16,2.725480556997868,0.0,1,1.0,-8.013393333333333,low,0.4706,3,0.7777777777777778,True,NOERROR,1,3600,2,4,True,False,1,8560,DE,True,,,,False,1,False,False,False,benign,no_adverse_signal
corewright.co,2026-07-21,13,3.121928094887362,0.0,0,0.42857142857142855,-7.056017647058824,low,0.5714,3,0.9,True,NOERROR,2,3600,0,2,False,False,0,16509,US,True,"GoDaddy.com, LLC",3,1096,False,23,False,False,,benign,no_adverse_signal
kometa-casino-playerf.top,2026-07-21,25,3.8801799226757367,0.0,2,0.7272727272727273,-6.873676923076923,high,0.4865,2,0.7619047619047619,True,NOERROR,1,300,0,2,False,False,0,204601,NL,True,"NameSilo, LLC",3,365,True,0,False,False,,benign,no_adverse_signal
ilgen.berlin,2026-07-21,12,2.321928094887362,0.0,0,0.6666666666666666,-7.2665999999999995,low,0.6,2,1.0,True,NOERROR,1,3600,2,4,True,False,1,8560,DE,True,,,,False,0,False,False,False,benign,no_adverse_signal
awshome.baby,2026-07-21,12,2.807354922057604,0.0,0,0.75,-6.676581818181819,low,0.6,3,1.0,True,NOERROR,1,3600,5,5,True,False,0,45102,HK,False,Dynadot Inc,2,365,False,0,False,False,False,benign,no_adverse_signal
636qsb7xs20.xyz,2026-07-21,15,3.0957952550009344,0.4,0,0.0,-12.104063157894737,high,0.4286,3,0.8181818181818182,False,NOERROR,0,,0,2,False,False,0,,,,Dynadot Inc,2,365,False,,,False,,benign,no_adverse_signal
lanternreply.com,2026-07-21,16,2.918295834054489,0.0,0,0.3333333333333333,-6.598257142857143,low,0.5,3,0.6666666666666666,True,NOERROR,2,3600,1,2,True,False,0,16509,US,True,"GoDaddy.com, LLC",2,365,False,24,False,False,False,benign,no_adverse_signal
ywgmqdj002.cc,2026-07-21,13,3.1219280948873624,0.23076923076923078,0,0.0,-11.409005882352941,low,0.3333,7,0.9,True,NOERROR,5,60,0,2,False,True,0,40065,US,False,Dynadot Inc,3,365,False,0,False,True,,malicious,spamhaus_dbl
ph999.homes,2026-07-21,11,1.3709505944546687,0.2727272727272727,0,0.0,-9.996528571428572,low,0.5,2,0.6,True,NOERROR,2,300,0,2,False,False,2,13335,US,False,Dynadot Inc,2,365,False,0,False,False,,benign,no_adverse_signal
duckwitz.berlin,2026-07-21,15,3.0,0.0,0,0.3333333333333333,-7.906553846153846,low,0.5333,3,1.0,True,NOERROR,1,316,2,3,True,False,0,202108,DE,True,,,,False,0,False,False,False,benign,no_adverse_signal
hlw51.cc,2026-07-21,8,2.321928094887362,0.25,0,0.0,-11.710057142857142,low,0.3636,3,1.0,True,NOERROR,2,3600,0,2,False,False,0,16509,US,True,"GoDaddy.com, LLC",2,365,False,11,False,False,,benign,no_adverse_signal
homeelevation.net,2026-07-21,17,3.180832987205441,0.0,0,1.1666666666666667,-6.426169565217391,low,0.5333,1,0.7692307692307693,True,NOERROR,4,14400,0,4,True,False,0,53831,US,False,Squarespace Domains LLC,2,365,True,15,False,False,,benign,no_adverse_signal
lebens-wert.berlin,2026-07-21,18,3.027169118440619,0.0,1,0.42857142857142855,-6.967778947368421,low,0.5,2,0.8181818181818182,True,NOERROR,1,150,1,2,False,False,1,6724,DE,True,,,,False,3,False,False,False,benign,no_adverse_signal
altbaukompass.berlin,2026-07-21,20,3.180832987205441,0.0,0,0.625,-7.335721739130435,low,0.5714,3,0.7692307692307693,True,NOERROR,1,14400,0,5,True,False,0,48324,DE,False,,,,False,0,False,False,,benign,no_adverse_signal
sawit88.blog,2026-07-21,12,2.521640636343318,0.16666666666666666,0,0.6666666666666666,-8.408363636363637,low,0.5333,1,0.8571428571428571,True,NOERROR,1,3600,1,2,True,False,0,154177,MY,False,"NameSilo, LLC",2,365,True,0,True,True,,malicious,spamhaus_zen
barrazatransportation.com,2026-07-21,25,3.041625614369223,0.0,0,0.6153846153846154,-6.36121282051282,low,0.5,3,0.47619047619047616,True,NOERROR,4,14400,1,4,True,False,0,53831,US,False,Squarespace Domains II LLC,2,365,True,15,False,False,False,benign,no_adverse_signal
namminarealty.com,2026-07-21,17,3.0269868333592873,0.0,0,0.625,-6.530539130434783,low,0.5217,3,0.6923076923076923,True,NOERROR,1,1800,0,4,False,False,0,54113,US,False,Zoho Corporation Private Limited,2,365,False,0,False,False,,benign,no_adverse_signal
ft2-2se.garden,2026-07-21,14,2.5216406363433186,0.14285714285714285,1,0.3333333333333333,-10.7454,low,0.4615,2,0.8571428571428571,False,NOERROR,0,,0,2,False,False,0,,,,"Spaceship, Inc.",2,365,True,,,False,,benign,no_adverse_signal
280006.xyz,2026-07-21,10,1.7924812503605778,0.6,0,0.0,-9.754755555555555,high,0.3636,0,0.6666666666666666,True,NOERROR,2,300,0,2,False,False,0,16509,US,True,"Spaceship, Inc.",2,731,False,0,False,False,,benign,no_adverse_signal
71k7.com,2026-07-21,8,1.5,0.375,0,0.0,-12.10784,low,0.4444,1,0.75,True,NOERROR,2,300,0,2,False,False,2,13335,US,False,"Spaceship, Inc.",2,365,False,0,False,False,,benign,no_adverse_signal
paus4dakun.com,2026-07-21,14,2.9219280948873623,0.07142857142857142,0,0.8,-8.6088,low,0.4762,1,0.8,True,NOERROR,2,300,0,2,False,False,2,13335,US,False,Dominet (HK) Limited,2,365,False,0,False,False,,benign,no_adverse_signal
pebbles.berlin,2026-07-21,14,2.2359263506290326,0.0,0,0.4,-7.328736363636364,low,0.6667,3,0.7142857142857143,True,NOERROR,1,600,2,3,True,False,0,202108,DE,False,,,,False,0,False,False,False,benign,no_adverse_signal
panarcticoptions.org,2026-07-21,20,3.125,0.0,0,0.6,-6.4561931034482765,low,0.5185,3,0.5625,True,NOERROR,1,3600,0,2,True,False,0,133618,US,True,"Sav.com, LLC - 23",2,365,False,0,False,False,,benign,no_adverse_signal
nagatotoid.com,2026-07-21,14,2.721928094887362,0.0,0,1.0,-6.774905882352941,low,0.4762,1,0.7,True,NOERROR,2,300,0,2,False,False,2,13335,US,False,Dominet (HK) Limited,2,365,False,0,False,False,,benign,no_adverse_signal
filecomocloud.com,2026-07-21,17,3.0269868333592873,0.0,0,0.8571428571428571,-6.463073913043479,low,0.6316,2,0.6923076923076923,True,NOERROR,2,300,0,2,False,False,2,13335,US,False,Dynadot Inc,2,365,False,0,False,False,,benign,no_adverse_signal
crogoldenweb.com,2026-07-21,16,3.2516291673878226,0.0,0,0.5,-6.979533333333333,low,0.4762,2,0.8333333333333334,True,NOERROR,2,300,0,2,False,False,2,13335,US,False,NAMECHEAP INC,2,365,True,0,False,False,,benign,no_adverse_signal
revolutlimited.org,2026-07-21,18,3.2359263506290326,0.0,0,0.75,-6.910588000000001,low,0.5,2,0.7142857142857143,False,timeout,0,,0,0,False,False,0,,,,"NameSilo, LLC",2,365,False,,,True,,malicious,spamhaus_dbl
0t81.buzz,2026-07-21,9,2.0,0.3333333333333333,0,0.0,-11.7988,high,0.5,1,1.0,True,NOERROR,2,300,0,2,False,False,2,13335,US,False,"Spaceship, Inc.",2,365,False,0,False,False,,benign,no_adverse_signal
2am.berlin,2026-07-21,10,1.584962500721156,0.1,0,1.0,-10.351966666666668,low,0.5714,1,1.0,True,NOERROR,1,150,1,2,True,False,1,25058,DE,True,,,,False,0,False,False,False,benign,no_adverse_signal
destyngroup.net,2026-07-21,15,3.459431618637298,0.0,0,0.375,-6.8828000000000005,low,0.4706,6,1.0,True,NOERROR,1,3600,3,2,True,False,0,16276,FR,True,"OVH, SAS",3,365,True,11,False,False,False,benign,no_adverse_signal
88yye.com,2026-07-21,9,1.5219280948873621,0.2222222222222222,0,0.5,-11.78042857142857,low,0.4444,2,0.6,True,NOERROR,2,300,0,2,False,False,2,13335,US,False,Dominet (HK) Limited,2,365,False,0,False,False,,benign,no_adverse_signal
dkmindset.com,2026-07-21,13,2.94770277922009,0.0,0,0.2857142857142857,-7.296153333333334,low,0.5333,3,0.8888888888888888,True,NOERROR,1,50,0,2,False,False,0,47583,CY,False,"HOSTINGER operations, UAB",2,365,False,32,False,False,,benign,no_adverse_signal
310zuqiubisaiyucefenxi.com.cn,2026-07-21,29,3.7887549139935017,0.10344827586206896,0,1.1111111111111112,-9.098965853658536,low,0.3571,2,0.7272727272727273,True,NOERROR,1,300,0,2,False,False,0,132839,SC,False,北京新网数码信息技术有限公司,8,365,False,0,False,False,,benign,no_adverse_signal
yvesbidja.dev,2026-07-21,13,3.169925001442312,0.0,0,0.5,-8.132886666666668,low,0.5333,2,1.0,True,NOERROR,2,1800,0,2,False,False,0,16509,US,False,,,,False,0,False,False,,benign,no_adverse_signal
papistevemusic.org,2026-07-21,18,3.2359263506290334,0.0,0,0.75,-6.7484,low,0.4545,2,0.7142857142857143,True,NOERROR,2,600,0,2,False,False,0,16509,US,True,"GoDaddy.com, LLC",2,365,False,35,False,False,,benign,no_adverse_signal
wep04854.top,2026-07-21,12,2.75,0.4166666666666667,0,0.5,-11.304353846153846,high,0.3333,1,0.875,True,NOERROR,3,60,0,2,False,True,0,138995,US,False,Dominet (HK) Limited,3,365,True,0,True,True,,malicious,spamhaus_zen
bodyie.com,2026-07-21,10,2.584962500721156,0.0,0,1.0,-8.212922222222224,low,0.5714,2,1.0,True,NOERROR,2,600,0,2,False,False,0,16509,US,True,"GoDaddy.com, LLC",2,365,False,35,False,False,,benign,no_adverse_signal
hds7w.top,2026-07-21,9,2.321928094887362,0.1111111111111111,0,0.0,-10.956542857142859,high,0.5455,3,1.0,False,NOERROR,0,,0,4,False,False,0,,,,NameMart Pte. Ltd.,2,365,False,,,True,,malicious,spamhaus_dbl
pokedox.site,2026-07-21,12,2.5216406363433186,0.0,0,0.75,-7.2075,medium,0.5,1,0.8571428571428571,True,NOERROR,1,50,0,2,False,False,0,47583,CY,False,"HOSTINGER operations, UAB",2,731,False,32,False,False,,benign,no_adverse_signal
raisinghimready.com,2026-07-21,19,3.32323142879762,0.0,0,0.6666666666666666,-6.996703703703703,low,0.5385,3,0.7333333333333333,False,NOERROR,0,,0,2,False,False,0,,,,"Cloudflare, Inc.",2,365,True,,,False,,benign,no_adverse_signal
indianridgecampground.de,2026-07-21,24,3.427333493898264,0.0,0,0.6153846153846154,-6.920071794871794,low,0.4516,4,0.5714285714285714,True,NOERROR,4,30,0,2,False,False,8,24940,DE,True,,,,False,0,False,False,,benign,no_adverse_signal
jamireyes.dev,2026-07-21,13,2.94770277922009,0.0,0,0.8,-7.147686666666667,low,0.5263,1,0.8888888888888888,False,NOERROR,0,,0,2,False,False,0,,,,,,,False,,,False,,benign,no_adverse_signal
yachthandel.berlin,2026-07-21,18,3.0957952550009344,0.0,0,0.375,-6.759163157894737,low,0.5882,4,0.8181818181818182,True,NOERROR,1,150,1,2,False,False,0,58182,US,True,,,,False,17,False,False,False,benign,no_adverse_signal
seraktraining.com,2026-07-21,17,3.085055102756477,0.0,0,0.625,-6.276160869565217,low,0.5263,3,0.6923076923076923,True,NOERROR,2,600,0,2,False,False,0,16509,US,True,"Wild West Domains, LLC",2,365,False,17,False,False,,benign,no_adverse_signal
mazzola.berlin,2026-07-21,14,2.2359263506290326,0.0,0,0.75,-7.619590909090909,low,0.6667,2,0.7142857142857143,True,NOERROR,2,3600,1,2,True,False,1,34011,DE,True,,,,False,0,False,False,False,benign,no_adverse_signal
blxcklxtus.com,2026-07-21,14,2.9219280948873623,0.0,0,0.1111111111111111,-9.14575294117647,low,0.4286,8,0.8,True,NOERROR,1,1800,5,2,True,False,0,22612,US,False,NAMECHEAP INC,2,365,True,0,False,False,False,benign,no_adverse_signal
slottafinalheyecani.com,2026-07-21,23,3.4713544870139286,0.0,0,0.7272727272727273,-6.985214285714285,low,0.4242,2,0.631578947368421,True,NOERROR,2,300,0,2,False,False,2,13335,US,False,"Gransy, s.r.o.",2,365,False,0,False,False,,benign,no_adverse_signal
canibuyastaticipadress.com,2026-07-21,26,3.481714572986072,0.0,0,0.6923076923076923,-6.713873170731707,low,0.4375,2,0.5909090909090909,True,NOERROR,2,600,0,2,False,False,0,16509,US,True,"GoDaddy.com, LLC",2,1096,False,35,False,False,,benign,no_adverse_signal
networthplace.com,2026-07-21,17,3.3927474104487847,0.0,0,0.4444444444444444,-6.695704347826087,low,0.5455,5,0.8461538461538461,True,NOERROR,2,60,0,2,False,False,2,47583,LT,True,"HOSTINGER operations, UAB",2,365,False,0,False,False,,benign,no_adverse_signal
605dd3h9x.vip,2026-07-21,13,2.94770277922009,0.38461538461538464,0,0.0,-11.577833333333333,low,0.4,2,0.8888888888888888,False,NOERROR,0,,0,2,False,False,0,,,,Dynadot Inc,2,365,True,,,False,,benign,no_adverse_signal
berliner-coffee-kontor.berlin,2026-07-21,29,3.3908054820769817,0.0,2,0.6666666666666666,-6.961943902439025,low,0.4118,2,0.5454545454545454,True,NOERROR,1,86400,0,4,False,False,0,203329,DE,True,,,,False,0,False,False,,benign,no_adverse_signal
tanzkultur.berlin,2026-07-21,17,2.9219280948873623,0.0,0,0.42857142857142855,-7.9343352941176475,low,0.5333,3,0.8,True,NOERROR,1,7200,1,2,True,False,0,34788,DE,True,,,,False,0,False,False,False,benign,no_adverse_signal
028dtw.com,2026-07-21,10,2.584962500721156,0.3,0,0.0,-11.192577777777778,low,0.4,3,1.0,True,NOERROR,2,30,0,2,True,False,2,14618,US,True,DropCatch.com 1436 LLC,2,365,False,2,False,False,,benign,no_adverse_signal
zk7akun.com,2026-07-21,11,2.5216406363433186,0.09090909090909091,0,0.5,-10.210345454545454,low,0.4615,2,0.8571428571428571,True,NOERROR,2,300,0,2,False,False,2,13335,US,False,Dominet (HK) Limited,2,365,False,0,False,False,,benign,no_adverse_signal
xiacedroudrajia.shop,2026-07-21,20,3.1898980954642875,0.0,0,1.1428571428571428,-7.288866666666666,low,0.4828,2,0.6666666666666666,False,NOERROR,0,,0,2,False,False,0,,,,,,,False,,,False,,benign,no_adverse_signal
northfieldgoods.com,2026-07-21,19,3.456564762130954,0.0,0,0.5,-7.344788888888889,low,0.4545,4,0.8,True,NOERROR,1,1799,5,2,True,False,0,13335,CA,True,NAMECHEAP INC,2,365,True,0,False,False,False,benign,no_adverse_signal
mvdboost.com,2026-07-21,12,2.75,0.0,0,0.3333333333333333,-7.902669230769231,low,0.5,4,0.875,True,NOERROR,1,3600,1,4,True,False,0,51167,FR,True,LWS dba Ligne Web Services,2,365,False,0,False,False,False,benign,no_adverse_signal
havnshade.com,2026-07-21,13,2.725480556997868,0.0,0,0.5,-7.4017800000000005,low,0.625,4,0.7777777777777778,True,NOERROR,1,1800,2,2,True,False,0,22612,US,False,NAMECHEAP INC,2,365,True,0,False,False,False,benign,no_adverse_signal
lyricpilot.app,2026-07-21,14,2.9219280948873623,0.0,0,0.42857142857142855,-7.494229411764706,low,0.6,3,0.8,True,NOERROR,2,300,3,2,True,False,2,13335,US,False,,,,False,0,False,False,False,benign,no_adverse_signal
popper.technology,2026-07-21,17,1.7924812503605778,0.0,0,0.5,-6.628666666666667,low,0.7273,2,0.6666666666666666,True,NOERROR,2,1800,0,2,False,False,0,16509,US,False,,,,,0,False,False,,benign,no_adverse_signal
ga88vn.xyz,2026-07-21,10,2.2516291673878226,0.2,0,0.3333333333333333,-10.622255555555556,high,0.5455,2,0.8333333333333334,True,NOERROR,2,300,0,2,False,False,2,13335,US,False,Dynadot Inc,2,365,False,0,False,False,,benign,no_adverse_signal
cxppanama.com,2026-07-21,13,2.4193819456463714,0.0,0,0.5,-7.669373333333334,low,0.5714,4,0.6666666666666666,True,NOERROR,1,86400,0,2,False,False,0,16509,US,True,"TUCOWS.COM, CO.",372,730,True,0,False,False,,benign,no_adverse_signal
editzeal.com,2026-07-21,12,2.75,0.0,0,1.0,-7.192484615384616,low,0.625,2,0.875,True,NOERROR,2,300,3,2,True,False,2,13335,US,False,"OVH, SAS",2,365,True,0,False,False,False,benign,no_adverse_signal
peoplefestival.berlin,2026-07-21,21,3.182005814760214,0.0,0,0.75,-6.854296000000001,low,0.4667,2,0.7142857142857143,True,NOERROR,1,300,1,3,True,False,1,16276,FR,True,,,,False,0,False,False,False,benign,no_adverse_signal
heumann.cloud,2026-07-21,13,2.521640636343318,0.0,0,0.75,-6.954954545454546,low,0.5556,2,0.8571428571428571,True,NOERROR,1,3600,2,4,True,False,1,8560,DE,True,IONOS SE,2,365,False,0,True,False,False,malicious,spamhaus_zen
win-shabatiyu.com.cn,2026-07-21,20,3.3927474104487847,0.0,1,0.7142857142857143,-7.312552173913044,low,0.5,2,0.8461538461538461,True,NOERROR,1,600,0,2,False,False,0,132839,SC,False,北京新网数码信息技术有限公司,2,365,False,0,False,False,,benign,no_adverse_signal
rabanim.com,2026-07-21,11,2.5216406363433186,0.0,0,0.75,-6.3018,low,0.5714,1,0.8571428571428571,True,NOERROR,2,3600,1,2,True,False,0,16509,US,True,"Sav.com, LLC - 29",2,365,False,56,False,False,,malicious,abuseipdb
joolz.online,2026-07-21,12,1.9219280948873623,0.0,0,0.6666666666666666,-8.001942857142858,medium,0.5455,2,0.8,True,NOERROR,2,3600,1,2,True,False,0,16509,US,True,"GoDaddy.com, LLC",2,365,False,56,False,False,,malicious,abuseipdb
icf-mobil.berlin,2026-07-21,16,2.94770277922009,0.0,1,0.6,-7.9081,low,0.7059,2,0.8888888888888888,True,NOERROR,1,86400,4,3,True,False,0,8560,DE,False,,,,False,0,False,False,False,benign,no_adverse_signal
fliesenfabrik.berlin,2026-07-21,20,3.238901256602631,0.0,0,0.625,-7.055308695652173,low,0.5217,2,0.7692307692307693,True,NOERROR,1,600,2,3,True,False,0,202108,DE,False,,,,False,0,False,False,False,benign,no_adverse_signal
proslotmpo.com,2026-07-21,14,2.6464393446710153,0.0,0,0.42857142857142855,-7.107,low,0.5263,3,0.7,True,NOERROR,2,300,0,2,False,False,2,13335,US,False,Dominet (HK) Limited,2,365,False,0,False,False,,benign,no_adverse_signal
rhythm-body.berlin,2026-07-21,18,3.0957952550009344,0.0,1,0.1111111111111111,-8.835021052631578,low,0.4348,6,0.8181818181818182,True,NOERROR,1,150,1,2,False,False,1,6724,DE,True,,,,False,0,False,False,False,benign,no_adverse_signal
gerimismanja.biz.id,2026-07-21,19,3.084962500721156,0.0,0,0.7142857142857143,-6.780552380952382,low,0.5217,2,0.75,True,NOERROR,2,1800,0,2,False,False,0,16509,US,False,,,,False,0,False,False,,benign,no_adverse_signal
1409scenic.com,2026-07-21,14,3.121928094887362,0.2857142857142857,0,0.5,-8.90565294117647,low,0.5217,2,0.9,True,NOERROR,1,600,0,2,False,False,0,16509,US,True,"Wild West Domains, LLC",2,365,False,0,False,False,,benign,no_adverse_signal
sxmaifang.com,2026-07-21,13,2.94770277922009,0.0,0,0.5,-7.55238,low,0.5333,3,0.8888888888888888,True,NOERROR,1,600,0,2,False,False,0,54600,US,False,"GMO Internet, Inc.",2,365,True,0,False,False,,benign,no_adverse_signal
jmjgmc.com,2026-07-21,10,1.9182958340544893,0.0,0,0.0,-11.18808888888889,low,0.4,6,0.6666666666666666,False,timeout,0,,0,0,False,False,0,,,,Gname.com Pte. Ltd.,4532,5113,True,,,False,,benign,no_adverse_signal
mietmeister.berlin,2026-07-21,18,2.481714572986073,0.0,0,0.8333333333333334,-6.58841052631579,low,0.5556,2,0.5454545454545454,True,NOERROR,1,300,3,2,True,False,1,24940,FI,True,,,,False,0,False,False,False,benign,no_adverse_signal
arclune.food,2026-07-21,12,2.807354922057604,0.0,0,0.75,-6.788436363636364,low,0.6154,3,1.0,True,NOERROR,1,1799,5,2,True,False,0,16509,US,True,NAMECHEAP INC,2,365,True,30,False,False,False,benign,no_adverse_signal
brand24.fun,2026-07-21,11,2.807354922057604,0.18181818181818182,0,0.25,-7.337172727272727,low,0.5333,2,1.0,True,NOERROR,2,300,0,2,False,False,2,13335,US,False,Dynadot Inc,2,365,False,0,False,False,,benign,no_adverse_signal
lerquba.com,2026-07-21,11,2.807354922057604,0.0,0,0.75,-7.889781818181818,low,0.5455,2,1.0,True,NOERROR,2,300,0,2,False,False,0,16509,US,True,"Spaceship, Inc.",2,365,False,0,False,False,,benign,no_adverse_signal
alphatraining.berlin,2026-07-21,20,3.0269868333592873,0.0,0,0.625,-6.366813043478261,low,0.5,3,0.6923076923076923,True,NOERROR,1,316,2,3,True,False,0,202108,DE,False,,,,False,0,False,False,False,benign,no_adverse_signal
virgosgroove.shop,2026-07-21,17,2.6887218755408666,0.0,0,0.7142857142857143,-7.331838095238096,low,0.5185,3,0.5833333333333334,True,NOERROR,1,86400,0,2,False,False,0,16509,US,True,,,,False,0,False,False,,benign,no_adverse_signal
seguridadysaludgt.help,2026-07-21,22,3.337175341123077,0.0,0,0.5454545454545454,-7.524193548387097,low,0.4615,3,0.6470588235294118,False,NXDOMAIN,0,,0,0,False,False,0,,,,"GMO Internet, Inc.",2,365,True,,,False,,benign,no_adverse_signal
helios-pro-car.fr,2026-07-21,17,3.378783493486176,0.0,2,0.7142857142857143,-6.9918,low,0.4545,2,0.7857142857142857,True,NOERROR,2,300,0,2,False,False,2,13335,US,False,Hosting Concepts B.V. d/b/a Openprovider,1,364,False,0,False,False,,benign,no_adverse_signal
kandkcustomcreations.com,2026-07-21,24,3.621928094887362,0.0,0,0.5384615384615384,-6.963191891891892,low,0.5161,4,0.65,True,NOERROR,1,86400,0,4,False,False,1,13335,CA,True,"TUCOWS.COM, CO.",2,365,True,0,False,False,,benign,no_adverse_signal
fiberandwireless.com,2026-07-21,20,3.327819531114783,0.0,0,0.6,-6.5919275862068964,low,0.5185,3,0.6875,True,NOERROR,1,1799,5,2,True,False,0,16509,US,False,NAMECHEAP INC,2,365,True,0,False,False,False,benign,no_adverse_signal
formiga.website,2026-07-21,15,2.807354922057604,0.0,0,0.75,-6.877090909090909,low,0.6667,2,1.0,True,NOERROR,2,300,0,2,False,False,2,13335,US,False,Gandi SAS,2,365,True,0,False,False,,benign,no_adverse_signal
shopwyldrose.com,2026-07-21,16,3.2516291673878226,0.0,0,0.3333333333333333,-8.133666666666667,low,0.5455,6,0.8333333333333334,True,NOERROR,2,3600,0,2,False,False,0,16509,US,True,"GoDaddy.com, LLC",2,365,False,11,False,False,,benign,no_adverse_signal
localcollabs.app,2026-07-21,16,2.4182958340544896,0.0,0,0.5,-6.660266666666667,low,0.5714,2,0.5,True,NOERROR,1,1800,5,2,True,False,0,22612,US,False,,,,False,0,False,False,False,benign,no_adverse_signal
entzug.berlin,2026-07-21,13,2.584962500721156,0.0,0,0.5,-8.580222222222222,low,0.5,3,1.0,False,NOERROR,0,,2,2,True,False,0,,,,,,,False,,,False,False,benign,no_adverse_signal
wunschkennzeichen-cuxhaven.de,2026-07-21,29,3.5035391228040242,0.0,1,0.47058823529411764,-7.949195918367347,low,0.4103,5,0.5384615384615384,True,NOERROR,2,300,0,2,False,False,2,13335,US,False,,,,False,0,False,False,,benign,no_adverse_signal
netengineerlab.com,2026-07-21,18,2.8962915290459286,0.0,0,0.75,-6.342936,low,0.6087,2,0.6428571428571429,True,NOERROR,2,3600,0,2,False,False,0,16509,US,True,"GoDaddy.com, LLC",2,1096,False,23,False,False,,benign,no_adverse_signal
design-creation.com,2026-07-21,19,3.506890595608518,0.0,1,0.75,-6.675092592592592,low,0.5625,2,0.8,True,NOERROR,1,3600,1,5,True,False,0,131965,JP,True,"XServer, Inc.",2,365,False,0,False,False,False,benign,no_adverse_signal
merovel.com,2026-07-21,11,2.5216406363433186,0.0,0,0.75,-6.216590909090908,low,0.5556,1,0.8571428571428571,True,NOERROR,2,300,5,2,True,False,2,13335,US,False,NAMECHEAP INC,3,731,True,0,False,False,False,benign,no_adverse_signal
lasmemoriaspr.com,2026-07-21,17,3.085055102756477,0.0,0,0.625,-6.723782608695652,low,0.5,3,0.6923076923076923,True,NOERROR,1,86400,0,4,False,False,1,13335,CA,True,"TUCOWS.COM, CO.",2,365,True,0,False,False,,benign,no_adverse_signal
moryuhanon.ch,2026-07-21,13,2.9219280948873623,0.0,0,0.6666666666666666,-7.420411764705882,low,0.5,2,0.8,True,NOERROR,1,300,2,3,True,False,1,29097,CH,True,,,,False,0,False,False,False,benign,no_adverse_signal
applegradestore.pl,2026-07-21,18,3.189898095464287,0.0,0,0.6666666666666666,-6.201144444444445,low,0.6429,3,0.6666666666666666,True,NOERROR,2,300,1,2,True,False,2,13335,US,False,HOSTIDO.PL GAŁĄZKA SPÓŁKA JAWNA,3,365,False,0,False,False,False,benign,no_adverse_signal
eliteqsllc.com,2026-07-21,14,2.6464393446710153,0.0,0,0.42857142857142855,-8.304664705882354,low,0.5556,5,0.7,True,NOERROR,3,3600,0,2,False,False,0,58182,US,True,Wix.com Ltd.,2,365,False,19,False,False,,benign,no_adverse_signal
yxac354.vip,2026-07-21,11,2.807354922057604,0.2727272727272727,0,0.3333333333333333,-10.526827272727273,low,0.375,2,1.0,False,NOERROR,0,,0,2,False,False,0,,,,"GoDaddy.com, LLC",2,365,True,,,False,,benign,no_adverse_signal
milledmarket.com,2026-07-21,16,3.0849625007211556,0.0,0,0.5,-6.593990476190477,low,0.5263,2,0.75,True,NOERROR,2,3,2,4,True,False,0,,US,False,Porkbun LLC,2,365,False,0,False,False,False,benign,no_adverse_signal
leo10cards.com,2026-07-21,14,3.321928094887362,0.14285714285714285,0,0.6,-8.266464705882353,low,0.5333,3,1.0,True,NOERROR,1,14400,1,2,True,False,0,397423,US,True,"Wild West Domains, LLC",3,365,False,0,False,False,False,benign,no_adverse_signal
g-nodes.com,2026-07-21,11,2.807354922057604,0.0,1,0.5,-7.357563636363636,low,0.625,1,1.0,False,NOERROR,0,,0,2,False,False,0,,,,"Cloudflare, Inc.",3,1096,True,,,False,,benign,no_adverse_signal
epz-max.berlin,2026-07-21,14,2.807354922057604,0.0,1,0.5,-9.094390909090908,low,0.5714,2,1.0,True,NOERROR,1,150,1,2,False,False,1,8560,DE,True,,,,False,0,False,False,False,benign,no_adverse_signal
langhof.berlin,2026-07-21,14,2.807354922057604,0.0,0,0.4,-6.810963636363637,low,0.5333,3,1.0,True,NOERROR,1,316,2,3,True,False,0,202108,DE,False,,,,False,0,False,False,False,benign,no_adverse_signal
iznqp.top,2026-07-21,9,2.321928094887362,0.0,0,0.25,-11.18557142857143,high,0.5,4,1.0,False,NOERROR,0,,0,4,False,False,0,,,,NameMart Pte. Ltd.,2,365,False,,,False,,benign,no_adverse_signal
drrnlcop.org.in,2026-07-21,15,2.75,0.0,0,0.14285714285714285,-8.6309,low,0.5333,6,0.875,True,NOERROR,2,120,0,4,False,False,0,16509,DE,True,GoDaddy,4,365,False,17,False,False,,benign,no_adverse_signal
vuzb.surf,2026-07-21,9,2.0,0.0,0,0.3333333333333333,-10.00368,low,0.5,2,1.0,False,NOERROR,0,,0,2,False,False,0,,,,"Spaceship, Inc.",2,365,True,,,False,,benign,no_adverse_signal
directgrowthfirminc.com,2026-07-21,23,3.536886723742166,0.0,0,0.35714285714285715,-7.354234285714285,low,0.4242,4,0.6842105263157895,False,NOERROR,0,,1,2,True,False,0,,,,Porkbun LLC,2,365,False,,,False,False,benign,no_adverse_signal
빠삐용tv.com,2026-07-21,9,2.321928094887362,0.0,0,0.0,-14.478985714285715,low,0.4,5,1.0,True,NOERROR,2,300,0,2,False,False,2,13335,US,False,"Megazone Corp., dba HOSTING.KR",2,365,False,0,False,False,,benign,no_adverse_signal
sunike.net,2026-07-21,10,2.584962500721156,0.0,0,1.0,-6.727622222222222,low,0.5455,1,1.0,False,NOERROR,0,,0,2,False,False,0,,,,"Cloudflare, Inc.",2,365,True,,,False,,benign,no_adverse_signal
9842517.xyz,2026-07-21,11,2.807354922057604,0.6363636363636364,0,0.0,-10.7664,high,0.2,0,1.0,True,NOERROR,1,600,0,2,False,False,0,14061,US,False,Dominet (HK) Limited,2,365,False,0,False,False,,benign,no_adverse_signal
byyxh12.cn,2026-07-21,10,2.5216406363433186,0.2,0,0.0,-10.802045454545455,low,0.5455,5,0.8571428571428571,True,NOERROR,2,300,0,2,False,False,0,932,HK,False,杭州名商网络有限公司,23,365,False,0,True,False,,malicious,spamhaus_zen
baccarat-entertainment.de,2026-07-21,25,3.118078209349709,0.0,1,0.6153846153846154,-6.510385365853658,low,0.4324,2,0.45454545454545453,True,NOERROR,4,30,0,2,False,False,8,24940,DE,True,,,,False,0,False,False,,benign,no_adverse_signal
illustrator-schulung.berlin,2026-07-21,27,3.546439344671015,0.0,1,0.46153846153846156,-6.872181081081081,low,0.4516,3,0.65,False,SERVFAIL,0,,0,0,False,False,0,,,,,,,False,,,False,,benign,no_adverse_signal
westchestercommunityeventsphotographer.com,2026-07-21,42,3.8232178953536473,0.0,0,0.46153846153846156,-6.688230136986301,low,0.4615,5,0.4473684210526316,True,NOERROR,2,300,2,2,True,False,2,13335,US,False,"Cloudflare, Inc.",2,365,True,0,False,False,True,benign,no_adverse_signal
svensson.berlin,2026-07-21,15,2.1556390622295662,0.0,0,0.3333333333333333,-6.784061538461539,low,0.4615,3,0.625,True,NOERROR,1,3600,2,4,True,False,1,8560,DE,True,,,,False,0,False,False,False,benign,no_adverse_signal
palmer.bot,2026-07-21,10,2.584962500721156,0.0,0,0.5,-6.5701222222222215,low,0.6667,2,1.0,True,NOERROR,2,300,1,2,True,False,2,13335,US,False,,,,,0,False,False,False,benign,no_adverse_signal
sizzling-flower.pro,2026-07-21,19,3.506890595608518,0.0,1,0.4,-7.480325925925926,low,0.5217,3,0.8,True,NOERROR,1,3600,1,6,False,False,0,35415,US,True,,,,,0,False,False,False,benign,no_adverse_signal
coolguideworld.com,2026-07-21,18,3.182005814760214,0.0,0,0.75,-7.185023999999999,low,0.56,3,0.7142857142857143,True,NOERROR,1,60,0,2,False,False,0,16509,US,False,"HOSTINGER operations, UAB",2,1096,False,0,False,False,,benign,no_adverse_signal
vpsctg.com,2026-07-21,10,2.584962500721156,0.0,0,0.0,-8.455377777777777,low,0.5455,6,1.0,False,NOERROR,0,,0,2,False,False,0,,,,"Cloudflare, Inc.",2,365,True,,,False,,benign,no_adverse_signal
opticavistaclass.com.br,2026-07-21,23,3.0306390622295662,0.0,0,0.6,-6.515289655172413,low,0.5,2,0.5625,True,NOERROR,1,14400,2,2,True,False,0,31898,BR,True,,5,365,False,0,False,False,False,benign,no_adverse_signal
mamonigarments.com,2026-07-21,18,3.182005814760214,0.0,0,0.5555555555555556,-6.517028,low,0.5217,3,0.7142857142857143,True,NOERROR,2,60,2,2,True,False,2,47583,LT,True,"HOSTINGER operations, UAB",2,365,False,0,False,False,False,benign,no_adverse_signal
glas-faltwand.berlin,2026-07-21,20,3.180832987205441,0.0,1,0.3333333333333333,-7.299691304347826,low,0.5,3,0.7692307692307693,True,NOERROR,1,14399,1,2,True,False,0,47846,DE,False,,,,False,18,False,False,,benign,no_adverse_signal
mcnattgrowth.com,2026-07-21,16,3.188721875540867,0.0,0,0.2,-7.736257142857143,low,0.48,4,0.8333333333333334,True,NOERROR,2,600,0,2,False,False,0,16509,US,True,"GoDaddy.com, LLC",2,365,False,35,False,False,,benign,no_adverse_signal
gmktec-varaskun.fyi,2026-07-21,19,3.640223928941852,0.0,1,0.4,-8.104577777777777,low,0.4762,4,0.8666666666666667,False,NOERROR,0,,0,2,False,False,0,,,,,,,,,,False,,benign,no_adverse_signal
pianoxapp.com,2026-07-21,13,2.4193819456463714,0.0,0,0.8,-7.281233333333333,low,0.5,2,0.6666666666666666,True,NOERROR,1,300,0,2,False,False,0,40034,VG,False,"Network Solutions, LLC",2,365,True,25,False,False,,benign,no_adverse_signal
werbeagentur-fuer-aerzte.berlin,2026-07-21,31,3.2720552088742005,0.0,2,0.8333333333333334,-7.677753333333333,low,0.4865,3,0.5,True,NOERROR,1,150,1,2,False,False,1,6724,DE,True,,,,False,0,False,False,False,benign,no_adverse_signal
clipcutter.online,2026-07-21,17,2.9219280948873623,0.0,0,0.42857142857142855,-6.986911764705883,medium,0.625,2,0.8,True,NOERROR,1,3600,2,2,True,False,1,197695,RU,True,Registrar of Domain Names REG.RU LLC,2,365,False,0,False,False,False,benign,no_adverse_signal
oishitrading.in,2026-07-21,15,3.188721875540867,0.0,0,0.7142857142857143,-6.354561904761904,low,0.6087,2,0.8333333333333334,True,NOERROR,2,600,0,2,False,False,0,16509,US,True,GoDaddy,4,365,False,35,False,False,,benign,no_adverse_signal
kickbackspinscasinos.com,2026-07-21,24,3.0086949695628418,0.0,0,0.42857142857142855,-6.71602972972973,low,0.4118,4,0.45,True,NOERROR,1,1800,0,2,False,False,1,14061,US,True,"Gransy, s.r.o.",2,365,False,0,True,False,,malicious,spamhaus_zen
linov-ai.fr,2026-07-21,11,2.75,0.0,1,1.3333333333333333,-7.283484615384615,low,0.5714,1,0.875,True,NOERROR,1,86400,1,2,True,False,0,16347,FR,True,HAISOFT,1,364,False,0,False,False,False,benign,no_adverse_signal
delvio-online.pl,2026-07-21,16,2.931208948910323,0.0,1,1.0,-6.983047826086957,low,0.6667,2,0.6153846153846154,True,NOERROR,1,60,0,3,False,False,0,16276,DE,True,home.pl sp. z o.o.,10,365,False,0,False,False,,benign,no_adverse_signal
bigthinkcapitalmax.com,2026-07-21,22,3.5304930567574826,0.0,0,0.5,-7.108578787878788,low,0.4865,3,0.7222222222222222,False,NOERROR,0,,1,2,True,False,0,,,,"Spaceship, Inc.",2,365,False,,,False,False,benign,no_adverse_signal
3yqts.top,2026-07-21,9,2.321928094887362,0.1111111111111111,0,0.0,-11.671928571428571,high,0.5,4,1.0,False,NOERROR,0,,0,4,False,False,0,,,,NameMart Pte. Ltd.,2,365,False,,,False,,benign,no_adverse_signal
autorunbotstart.lol,2026-07-21,19,2.8402239289418514,0.0,0,0.6666666666666666,-6.603322222222222,low,0.4828,3,0.5333333333333333,True,NOERROR,2,300,0,2,False,False,2,13335,US,False,Dynadot Inc,2,365,False,0,False,False,,benign,no_adverse_signal
westfount.net,2026-07-21,13,2.94770277922009,0.0,0,0.5,-6.766746666666666,low,0.5217,3,0.8888888888888888,True,NOERROR,2,51,0,4,False,False,0,,US,False,Porkbun LLC,382,730,False,0,False,False,,benign,no_adverse_signal
shaikhsaad.com,2026-07-21,14,2.4464393446710155,0.0,0,0.6666666666666666,-8.077382352941177,low,0.5556,3,0.6,True,NOERROR,2,300,0,2,False,False,0,16509,US,True,"Spaceship, Inc.",2,365,False,0,False,False,,benign,no_adverse_signal
luoguisheng.com,2026-07-21,15,3.0957952550009344,0.0,0,0.8333333333333334,-7.402100000000001,low,0.5263,2,0.8181818181818182,True,NOERROR,1,600,0,2,False,False,0,54600,US,False,"GMO Internet, Inc.",2,365,True,0,False,False,,benign,no_adverse_signal
mein-uhrmacher.berlin,2026-07-21,21,3.2359263506290326,0.0,1,0.625,-7.5488,low,0.5,3,0.7142857142857143,True,NOERROR,1,300,1,2,True,False,0,25504,DE,False,,,,False,0,False,False,False,benign,no_adverse_signal
centurionmediagrp.com,2026-07-21,21,3.6168746059562227,0.0,0,0.7,-6.682832258064516,low,0.5926,3,0.7647058823529411,True,NOERROR,2,300,3,2,True,False,2,13335,US,False,"Cloudflare, Inc.",2,365,True,0,False,False,False,benign,no_adverse_signal
539460.com,2026-07-21,10,2.584962500721156,0.6,0,0.0,-11.689844444444445,low,0.6667,0,1.0,True,NOERROR,1,600,0,2,False,True,0,48753,MD,False,Dynadot Inc,2,365,False,0,False,False,,benign,no_adverse_signal
nakopacke.sk,2026-07-21,12,2.725480556997868,0.0,0,0.8,-7.022053333333333,low,0.6667,2,0.7777777777777778,True,NOERROR,1,600,2,3,True,False,1,51013,SK,True,Websupport s.r.o.,4,365,False,0,False,False,False,benign,no_adverse_signal
michaelsyoungplants.com,2026-07-21,23,3.826874881864637,0.0,0,0.46153846153846156,-7.0460400000000005,low,0.4865,4,0.7894736842105263,True,NOERROR,2,3600,0,2,False,False,0,16509,US,True,"GoDaddy.com, LLC",2,365,False,23,False,False,,benign,no_adverse_signal
696853.com,2026-07-21,10,2.2516291673878226,0.6,0,0.0,-11.348199999999999,low,0.4444,0,0.8333333333333334,False,NOERROR,0,,0,2,False,False,0,,,,Realtime Register B.V.,2,365,False,,,False,,benign,no_adverse_signal
karenscandywraps.com,2026-07-21,20,3.327819531114783,0.0,0,0.3333333333333333,-7.111872413793104,low,0.4828,5,0.6875,True,NOERROR,3,3600,0,2,False,False,0,58182,US,True,Wix.com Ltd.,2,365,True,17,False,False,,benign,no_adverse_signal
glcreativejapan.com,2026-07-21,19,3.456564762130953,0.0,0,0.6666666666666666,-7.185200000000001,low,0.6,4,0.8,False,NOERROR,0,,0,3,False,False,0,,,,"GMO Internet, Inc.",2,365,True,,,False,,benign,no_adverse_signal
gkhaan.com,2026-07-21,10,2.251629167387823,0.0,0,0.5,-8.77208888888889,low,0.5455,3,0.8333333333333334,True,NOERROR,2,22,2,4,True,False,0,,US,False,Porkbun LLC,2,365,False,0,False,False,False,benign,no_adverse_signal
bravecreation.rocks,2026-07-21,19,3.238901256602631,0.0,0,0.8571428571428571,-6.275334782608695,low,0.5714,2,0.7692307692307693,True,NOERROR,4,30,0,2,False,False,8,212317,US,True,,,,,0,False,False,,benign,no_adverse_signal
nfmdfy413.vip,2026-07-21,13,2.94770277922009,0.23076923076923078,0,0.0,-11.315926666666666,low,0.4,6,0.8888888888888888,True,NOERROR,13,10,0,2,False,True,0,64013,HK,False,Dynadot Inc,2,365,True,15,False,True,,malicious,spamhaus_dbl
accademiaestetistiparrucchieri.com,2026-07-21,34,3.3362434129830603,0.0,0,0.875,-6.907992982456141,low,0.4681,3,0.4,True,NOERROR,1,86400,0,2,False,False,0,16509,US,True,"TUCOWS.COM, CO.",3658,4017,True,0,False,False,,benign,no_adverse_signal
julia777.org,2026-07-21,12,2.4056390622295662,0.25,0,1.5,-8.638484615384614,low,0.4,1,0.75,True,NOERROR,2,300,0,2,False,False,2,13335,US,False,"NameSilo, LLC",3,365,False,0,False,False,,benign,no_adverse_signal
xijaba.info,2026-07-21,11,2.251629167387823,0.0,0,1.0,-8.238966666666666,medium,0.6154,1,0.8333333333333334,True,NOERROR,2,300,0,2,False,False,2,13335,US,False,,,,,0,False,False,,benign,no_adverse_signal
maltix.berlin,2026-07-21,13,2.584962500721156,0.0,0,0.5,-6.747455555555556,low,0.625,2,1.0,True,NOERROR,1,150,1,2,False,False,1,8560,DE,True,,,,False,0,False,False,False,benign,no_adverse_signal
wir-sind.berlin,2026-07-21,15,2.75,0.0,1,0.4,-7.1966,low,0.6154,2,0.875,True,NOERROR,1,28800,2,3,False,False,0,24940,DE,True,,,,False,0,False,False,False,benign,no_adverse_signal
pet-clone.com,2026-07-21,13,2.94770277922009,0.0,1,0.6,-6.67132,low,0.5882,2,0.8888888888888888,True,NOERROR,2,300,0,2,False,False,2,13335,US,False,"GMO Internet, Inc.",2,365,True,0,False,False,,benign,no_adverse_signal
frostandflamesceramics.shop,2026-07-21,27,3.5726236638951634,0.0,0,0.4666666666666667,-6.447580487804878,low,0.4571,4,0.5909090909090909,True,NOERROR,1,86400,0,2,False,False,0,16509,US,True,,,,False,0,False,False,,benign,no_adverse_signal
inallar2.net,2026-07-21,12,2.5,0.08333333333333333,0,0.75,-6.566169230769232,low,0.5333,2,0.75,False,SERVFAIL,0,,0,0,False,False,0,,,,ODTU Gelistirme Vakfi Bilgi Teknolojileri Sanayi Ve Ticaret Anonim Sirketi,370,730,True,,,False,,benign,no_adverse_signal
steplinx.com,2026-07-21,12,3.0,0.0,0,0.3333333333333333,-6.6245692307692305,low,0.6667,2,1.0,True,NOERROR,1,50,0,2,False,False,0,47583,CY,False,"HOSTINGER operations, UAB",2,365,False,32,False,False,,benign,no_adverse_signal
scentora.lol,2026-07-21,12,3.0,0.0,0,0.6,-6.082453846153846,low,0.7143,2,1.0,False,NXDOMAIN,0,,0,0,False,False,0,,,,"Ultahost, Inc.",2,365,True,,,True,,malicious,spamhaus_dbl
arex94phtq.cc,2026-07-21,13,3.321928094887362,0.15384615384615385,0,0.3333333333333333,-9.940829411764707,low,0.5,4,1.0,True,NOERROR,1,60,0,2,False,True,0,40065,US,False,"NameSilo, LLC",3,365,False,0,False,False,,benign,no_adverse_signal
readworthyhq.com,2026-07-21,16,3.2516291673878226,0.0,0,0.3333333333333333,-7.610442857142857,low,0.4762,6,0.8333333333333334,True,NOERROR,1,1800,5,2,True,False,0,22612,US,False,NAMECHEAP INC,3,365,True,0,False,False,False,benign,no_adverse_signal
hairlustpro.shop,2026-07-21,16,3.277613436819116,0.0,0,0.5714285714285714,-6.958305263157894,low,0.5714,4,0.9090909090909091,True,NOERROR,1,300,0,2,False,False,0,,GE,False,,,,False,0,True,False,,malicious,spamhaus_zen
asavue.com,2026-07-21,10,2.2516291673878226,0.0,0,2.0,-7.887499999999999,low,0.6,1,0.8333333333333334,True,NOERROR,1,11400,3,2,True,False,0,13335,CA,True,"HOSTINGER operations, UAB",2,365,False,0,False,False,False,benign,no_adverse_signal
parkjoker.store,2026-07-21,15,2.725480556997868,0.0,0,0.5,-7.554266666666667,low,0.5333,3,0.7777777777777778,True,NOERROR,1,3600,2,4,True,False,1,8560,DE,True,,,,False,0,False,False,False,benign,no_adverse_signal
boot24.berlin,2026-07-21,13,2.2516291673878226,0.15384615384615385,0,1.0,-7.786233333333333,low,0.5714,1,0.8333333333333334,True,NOERROR,1,3600,2,4,True,False,1,8560,DE,True,,,,False,0,False,False,False,benign,no_adverse_signal
wolf.berlin,2026-07-21,11,2.0,0.0,0,0.3333333333333333,-7.7584,low,0.5714,2,1.0,True,NOERROR,1,14400,3,2,False,False,0,22612,US,True,,,,False,0,False,False,False,benign,no_adverse_signal
webteams.live,2026-07-21,13,2.75,0.0,0,0.6,-7.006838461538461,low,0.6667,2,0.875,True,NOERROR,1,600,0,2,False,False,0,,US,False,,,,False,0,False,True,,malicious,spamhaus_dbl
unichain.dev,2026-07-21,12,2.5,0.0,0,1.0,-6.131346153846153,low,0.6667,2,0.75,True,NOERROR,2,25,0,4,False,False,0,,US,False,,,,False,0,False,False,,benign,no_adverse_signal
buergli.berlin,2026-07-21,14,2.807354922057604,0.0,0,0.75,-7.5834909090909095,low,0.5714,3,1.0,True,NOERROR,1,3600,2,4,True,False,1,8560,DE,True,,,,False,7,False,False,False,benign,no_adverse_signal
brandideas.berlin,2026-07-21,17,2.9219280948873623,0.0,0,0.6666666666666666,-6.253282352941177,low,0.5882,2,0.8,True,NOERROR,1,600,2,3,True,False,0,202108,DE,False,,,,False,0,False,False,False,benign,no_adverse_signal
hiquit.com,2026-07-21,10,2.2516291673878226,0.0,0,1.0,-7.915622222222222,low,0.6667,1,0.8333333333333334,True,NOERROR,1,600,2,2,True,False,0,13335,CA,True,"GoDaddy.com, LLC",2,365,False,0,False,False,False,benign,no_adverse_signal
embraceleadershipinternational.com,2026-07-21,34,3.644413829577611,0.0,0,0.7647058823529411,-6.309415789473684,low,0.4,3,0.5,True,NOERROR,1,10800,0,3,False,False,0,29169,FR,True,Gandi SAS,369,730,True,0,False,False,,benign,no_adverse_signal
uferhallen.berlin,2026-07-21,17,2.9219280948873623,0.0,0,0.6666666666666666,-7.073358823529412,low,0.5263,2,0.8,False,SERVFAIL,0,,0,0,False,False,0,,,,,,,False,,,False,,benign,no_adverse_signal
mangqichaowan.com,2026-07-21,17,3.180832987205441,0.0,0,0.625,-7.603517391304348,low,0.4762,3,0.7692307692307693,True,NOERROR,1,1,0,2,False,False,0,54600,US,False,"GMO Internet, Inc.",2,365,True,0,False,False,,benign,no_adverse_signal
lm4.ru,2026-07-21,6,1.584962500721156,0.16666666666666666,0,0.0,-11.218433333333335,low,0.4,2,1.0,True,NOERROR,2,3600,0,2,False,False,0,48287,RU,True,ATEX-RU,742,1095,False,0,False,False,,benign,no_adverse_signal
cairnbins.com,2026-07-21,13,2.725480556997868,0.0,0,0.5,-7.202039999999999,low,0.5333,3,0.7777777777777778,True,NOERROR,1,300,0,4,False,False,1,14061,US,False,"Amazon Registrar, Inc.",2,365,True,0,False,False,,benign,no_adverse_signal
fkpc0-9.garden,2026-07-21,14,2.807354922057604,0.14285714285714285,1,0.0,-12.175336363636363,low,0.3333,4,1.0,False,NOERROR,0,,0,2,False,False,0,,,,"Spaceship, Inc.",2,365,True,,,False,,benign,no_adverse_signal
pearl-psychological.com,2026-07-21,23,3.5766176449086653,0.0,1,0.5,-7.3065114285714285,low,0.4516,5,0.6842105263157895,True,NOERROR,2,3600,0,2,False,False,0,16509,US,True,"GoDaddy.com, LLC",2,365,False,23,False,False,,benign,no_adverse_signal
nirvanacitasva.com,2026-07-21,18,2.8073549220576046,0.0,0,0.75,-7.170456000000001,low,0.5,2,0.5714285714285714,True,NOERROR,2,3600,2,2,True,False,0,16509,US,True,"GoDaddy.com, LLC",2,365,False,11,False,False,False,benign,no_adverse_signal
ghoshk.com,2026-07-21,10,2.2516291673878226,0.0,0,0.2,-7.3801000000000005,low,0.5333,3,0.8333333333333334,True,NOERROR,2,1800,0,2,False,False,0,16509,US,False,"Name.com, Inc.",2,365,True,0,False,False,,benign,no_adverse_signal
wettarena-casino.berlin,2026-07-21,23,3.327819531114783,0.0,1,0.875,-6.510820689655172,low,0.4615,2,0.6875,True,NOERROR,1,150,1,2,False,False,1,8560,DE,True,,,,False,0,False,False,False,benign,no_adverse_signal
aixadocura.shop,2026-07-21,15,2.8464393446710154,0.0,0,1.5,-7.325558823529413,low,0.5333,1,0.8,False,NOERROR,0,,0,2,False,False,0,,,,,,,False,,,False,,benign,no_adverse_signal
sichuanchaguan.com,2026-07-21,18,2.8962915290459277,0.0,0,0.75,-6.956776,low,0.4545,3,0.5714285714285714,True,NOERROR,1,1,0,2,False,False,0,54600,US,False,"GMO Internet, Inc.",2,365,True,0,False,False,,benign,no_adverse_signal
mittelelfen.berlin,2026-07-21,18,2.663532754804255,0.0,0,0.5714285714285714,-6.938052631578948,low,0.5,2,0.6363636363636364,True,NOERROR,1,150,1,2,False,False,1,6724,DE,True,,,,False,0,False,False,False,benign,no_adverse_signal
ltts-interviewportel.online,2026-07-21,27,3.384183719779189,0.0,1,0.46153846153846156,-6.868175675675675,medium,0.4828,4,0.6,True,NOERROR,1,14400,2,4,True,False,0,13335,DE,True,PDR Ltd. d/b/a PublicDomainRegistry.com,2,365,False,49,False,False,False,benign,no_adverse_signal
bwp.berlin,2026-07-21,10,1.584962500721156,0.0,0,0.0,-10.220966666666667,low,0.4444,3,1.0,True,NOERROR,1,150,1,2,False,False,1,8560,DE,True,,,,False,0,False,False,False,benign,no_adverse_signal
situs-kudaliar89.com,2026-07-21,20,3.5,0.1,1,0.8571428571428571,-7.810944827586207,low,0.4286,1,0.75,True,NOERROR,2,300,0,2,False,False,2,13335,US,False,NAMECHEAP INC,2,365,True,0,False,False,,benign,no_adverse_signal
shop-architect.berlin,2026-07-21,21,3.378783493486176,0.0,1,0.4444444444444444,-6.800768000000001,low,0.5714,3,0.7857142857142857,True,NOERROR,1,3600,2,4,True,False,1,8560,DE,True,,,,False,0,False,False,False,benign,no_adverse_signal
muditgiri.com,2026-07-21,13,2.6416041678685933,0.0,0,0.8,-7.555853333333333,low,0.5882,2,0.7777777777777778,True,NOERROR,2,600,0,2,False,False,0,16509,US,True,"GoDaddy.com, LLC",2,1096,False,35,False,False,,benign,no_adverse_signal
mindmetric.store,2026-07-21,16,2.9219280948873623,0.0,0,0.42857142857142855,-6.379294117647059,low,0.6087,3,0.8,True,NOERROR,3,600,0,2,False,False,0,16509,US,True,,,,False,35,False,False,,benign,no_adverse_signal
grctechx.com,2026-07-21,12,2.75,0.0,0,0.14285714285714285,-7.791169230769231,low,0.5882,4,0.875,True,NOERROR,2,300,0,2,False,False,2,13335,US,False,BigRock Solutions Ltd.,2,365,False,0,False,False,,benign,no_adverse_signal
i4fq0.top,2026-07-21,9,2.321928094887362,0.2222222222222222,0,0.5,-13.063914285714286,high,0.4444,2,1.0,False,NOERROR,0,,0,4,False,False,0,,,,NameMart Pte. Ltd.,2,365,False,,,False,,benign,no_adverse_signal
fukuro-jp.com,2026-07-21,13,2.94770277922009,0.0,1,0.6,-8.551833333333333,low,0.5333,2,0.8888888888888888,True,NOERROR,1,1800,0,0,False,False,0,58182,US,True,Wix.com Ltd.,736,1095,True,0,False,False,,benign,no_adverse_signal
npmatchhub.com,2026-07-21,14,3.1219280948873624,0.0,0,0.25,-7.719752941176472,low,0.5556,4,0.9,True,NOERROR,2,60,2,2,True,False,2,47583,CY,False,"HOSTINGER operations, UAB",2,365,False,2,False,False,False,benign,no_adverse_signal
markertarget.com,2026-07-21,16,2.688721875540867,0.0,0,0.5,-6.272914285714286,low,0.48,2,0.5833333333333334,True,NOERROR,2,600,0,2,False,False,0,16509,US,True,"GoDaddy.com, LLC",2,365,False,35,False,False,,benign,no_adverse_signal
xpj8396.sbs,2026-07-21,11,2.807354922057604,0.36363636363636365,0,0.0,-12.011490909090911,low,0.4,3,1.0,True,NOERROR,2,120,0,2,False,True,0,59371,HK,False,Gname.com Pte. Ltd.,2,365,True,0,False,False,,benign,no_adverse_signal
mendel.berlin,2026-07-21,13,2.2516291673878226,0.0,0,0.5,-5.999466666666667,low,0.6667,2,0.8333333333333334,False,NOERROR,0,,1,4,True,False,0,,,,,,,False,,,False,False,benign,no_adverse_signal
datalens.shop,2026-07-21,13,2.75,0.0,0,0.6,-5.9652,low,0.5882,2,0.875,True,NOERROR,2,3600,1,2,True,False,0,16509,US,True,,,,False,56,False,False,,malicious,abuseipdb
jackpotsvegascasinos.org,2026-07-21,24,3.484183719779189,0.0,0,0.5384615384615384,-6.9373270270270275,low,0.4828,3,0.65,True,NOERROR,1,1800,0,2,False,False,1,14061,US,False,Dynadot Inc,2,365,False,0,True,False,,malicious,spamhaus_zen
ws-pece.cc,2026-07-21,10,2.521640636343318,0.0,1,0.5,-7.625618181818182,low,0.625,2,0.8571428571428571,True,NOERROR,2,300,0,2,False,False,2,13335,US,False,"Cloudflare, Inc.",2,365,True,0,False,False,,benign,no_adverse_signal
clippersfarm.com,2026-07-21,16,3.2516291673878226,0.0,0,0.3333333333333333,-6.965871428571428,low,0.5455,3,0.8333333333333334,True,NOERROR,2,3600,2,2,True,False,0,13335,US,False,"GoDaddy.com, LLC",2,365,False,0,False,False,False,benign,no_adverse_signal
babygearhub.store,2026-07-21,17,2.845350936622437,0.0,0,0.5714285714285714,-7.731268421052632,low,0.5263,3,0.7272727272727273,True,NOERROR,2,120,0,4,False,False,0,16509,DE,True,,,,False,17,False,False,,benign,no_adverse_signal
emmanuellenaturopathe.com,2026-07-21,25,3.308751351247166,0.0,0,0.9090909090909091,-6.72841282051282,low,0.4516,2,0.5238095238095238,True,NOERROR,3,3600,0,2,False,False,0,58182,US,True,Wix.com Ltd.,371,730,False,17,False,False,,benign,no_adverse_signal
handsoftheirown.com,2026-07-21,19,3.506890595608518,0.0,0,0.5,-6.994381481481481,low,0.5217,3,0.8,True,NOERROR,3,3600,2,2,True,False,0,58182,US,True,"GoDaddy.com, LLC",2,1096,False,19,False,False,False,benign,no_adverse_signal
learnconkeredear.ru,2026-07-21,19,2.952819531114783,0.0,0,0.7777777777777778,-6.438444827586207,low,0.5,3,0.5625,False,SERVFAIL,0,,0,0,False,False,0,,,,REGRU-RU,3,365,False,,,False,,benign,no_adverse_signal
45fc.com,2026-07-21,8,2.0,0.25,0,0.0,-11.535599999999999,low,0.4444,2,1.0,False,timeout,0,,0,0,False,False,0,,,,Eranet International Limited,2,365,True,,,False,,benign,no_adverse_signal
wxmnt.com,2026-07-21,9,2.321928094887362,0.0,0,0.0,-10.156557142857142,low,0.5,5,1.0,True,NOERROR,2,10800,0,2,True,False,2,14618,US,True,DropCatch.com 702 LLC,2,365,False,0,False,False,,benign,no_adverse_signal
atomearth.net,2026-07-21,13,2.725480556997868,0.0,0,0.8,-6.26898,low,0.625,3,0.7777777777777778,False,NOERROR,0,,2,4,True,False,0,,,,Porkbun LLC,3,365,False,,,False,False,benign,no_adverse_signal
dogphysio.berlin,2026-07-21,16,2.94770277922009,0.0,0,0.5,-8.14072,low,0.5,5,0.8888888888888888,True,NOERROR,2,60,1,2,True,False,2,47583,CY,False,,,,False,0,False,False,False,benign,no_adverse_signal
santollucky5.co,2026-07-21,15,3.418295834054489,0.06666666666666667,0,0.375,-7.555604761904762,low,0.5,3,0.9166666666666666,True,NOERROR,1,60,0,2,False,True,0,139341,SG,False,Dynadot Inc,3,731,False,0,True,False,,malicious,spamhaus_zen
lamexer.com,2026-07-21,11,2.521640636343318,0.0,0,0.75,-6.928463636363636,low,0.5455,1,0.8571428571428571,True,NOERROR,1,300,0,2,False,False,0,206834,DE,False,Dynadot Inc,2,365,False,22,False,False,,benign,no_adverse_signal
lapidasamerica.com,2026-07-21,18,3.09306920777189,0.0,0,1.0,-6.362748,low,0.56,1,0.7142857142857143,True,NOERROR,1,900,0,2,False,False,0,58182,US,True,"TUCOWS.COM, CO.",2562,2922,True,18,False,False,,benign,no_adverse_signal
akro.berlin,2026-07-21,11,2.0,0.0,0,1.0,-7.81738,low,0.5455,2,1.0,True,NOERROR,2,300,2,2,True,False,2,13335,US,False,,,,False,0,False,False,False,benign,no_adverse_signal
steil.berlin,2026-07-21,12,2.321928094887362,0.0,0,0.6666666666666666,-6.602042857142857,low,0.6154,2,1.0,True,NOERROR,1,60,1,4,True,False,0,8881,DE,True,,,,False,0,True,False,False,malicious,spamhaus_zen
hoepfner.berlin,2026-07-21,15,2.75,0.0,0,0.6,-8.42226923076923,low,0.6154,3,0.875,True,NOERROR,1,150,1,2,False,False,1,6724,DE,True,,,,False,0,False,False,False,benign,no_adverse_signal
whjlzy.com,2026-07-21,10,2.584962500721156,0.0,0,0.0,-11.04138888888889,low,0.5455,6,1.0,False,NOERROR,0,,0,2,False,False,0,,,,"COSMOTOWN, INC.",2,365,False,,,False,,benign,no_adverse_signal
smartswimming.berlin,2026-07-21,20,3.0269868333592873,0.0,0,0.3,-6.7911,low,0.5,4,0.6923076923076923,True,NOERROR,1,150,1,2,False,False,1,8560,DE,True,,,,False,1,False,False,False,benign,no_adverse_signal
vempraoperacaoresgate.com,2026-07-21,25,3.2135132560090707,0.0,0,0.9090909090909091,-6.900402564102564,low,0.4516,3,0.5238095238095238,True,NOERROR,3,3600,0,2,False,False,0,58182,US,True,Wix.com Ltd.,2,365,False,19,False,False,,benign,no_adverse_signal
tk19791.net,2026-07-21,11,2.2359263506290326,0.45454545454545453,0,0.0,-11.164381818181818,low,0.3636,2,0.7142857142857143,True,NOERROR,2,300,0,2,False,False,2,13335,US,False,Dynadot Inc,3,365,False,0,False,False,,benign,no_adverse_signal
plushtrove.uk,2026-07-21,13,3.321928094887362,0.0,0,0.42857142857142855,-6.952276470588235,low,0.5217,4,1.0,True,NOERROR,2,300,1,2,True,False,2,13335,US,False,"Cloudflare, Inc. [Tag = CLOUDFLARE]",4,365,False,0,False,False,,benign,no_adverse_signal
warennest.de,2026-07-21,12,2.725480556997868,0.0,0,0.5,-6.034013333333333,low,0.5263,2,0.7777777777777778,True,NOERROR,1,7200,1,2,True,False,0,34788,DE,True,,,,False,0,False,False,False,benign,no_adverse_signal
056at.top,2026-07-21,9,2.321928094887362,0.3333333333333333,0,1.0,-11.692371428571429,high,0.4,1,1.0,False,NOERROR,0,,0,4,False,False,0,,,,NameMart Pte. Ltd.,2,365,False,,,True,,malicious,spamhaus_dbl
boyanabilirduvarkagidi.com,2026-07-21,26,3.459431618637297,0.0,0,0.8333333333333334,-7.480841463414634,low,0.4138,2,0.5909090909090909,True,NOERROR,1,3600,1,3,True,False,0,197720,TR,True,Turkticaret.net Yazılım Hizmetleri Sanayi ve Ticaret A.Ş.,2,365,False,0,False,False,False,benign,no_adverse_signal
meledak88.website,2026-07-21,17,2.725480556997868,0.11764705882352941,0,0.75,-7.8809733333333325,low,0.5714,1,0.7777777777777778,True,NOERROR,1,600,1,2,False,False,0,22612,US,True,"NameSilo, LLC",2,365,True,0,False,False,False,benign,no_adverse_signal
veritas-project.uk,2026-07-21,18,3.506890595608518,0.0,1,0.5555555555555556,-6.778018518518518,low,0.64,2,0.8,False,NOERROR,0,,0,2,False,False,0,,,,"Cloudflare, Inc. [Tag = CLOUDFLARE]",3,365,False,,,False,,benign,no_adverse_signal
startedablog.com,2026-07-21,16,3.2516291673878226,0.0,0,0.5,-6.308942857142857,low,0.5,2,0.8333333333333334,True,NOERROR,1,86400,0,2,False,False,0,16509,US,True,"TUCOWS.COM, CO.",736,1095,True,0,False,False,,benign,no_adverse_signal
icta.online,2026-07-21,11,2.0,0.0,0,1.0,-6.728440000000001,medium,0.6,2,1.0,True,NOERROR,2,3600,1,2,True,False,0,16509,US,True,"GoDaddy.com, LLC",2,365,False,56,False,False,,malicious,abuseipdb
yt82771.com,2026-07-21,11,2.521640636343318,0.45454545454545453,0,0.0,-11.182445454545455,low,0.3636,2,0.8571428571428571,True,NOERROR,1,300,0,2,False,False,1,55547,IN,False,"Cloudflare, Inc.",2,365,True,0,True,False,,malicious,spamhaus_zen
huahuamall.com,2026-07-21,14,2.246439344671016,0.0,0,1.0,-7.345505882352941,low,0.5,2,0.5,True,NOERROR,1,1,0,2,False,False,0,137951,ZA,False,"GMO Internet, Inc.",2,365,True,0,False,False,,benign,no_adverse_signal
awc1919.lol,2026-07-21,11,2.235926350629032,0.36363636363636365,0,0.5,-10.497463636363635,low,0.4,2,0.7142857142857143,True,NOERROR,1,300,0,2,False,False,0,206834,DE,False,Dynadot Inc,2,365,False,22,False,False,,benign,no_adverse_signal
teac.online,2026-07-21,11,2.0,0.0,0,1.0,-6.30826,medium,0.6,1,1.0,True,NOERROR,2,3600,1,2,True,False,0,16509,US,True,"GoDaddy.com, LLC",2,365,False,56,False,False,,malicious,abuseipdb
ventilatiekampioen.nl,2026-07-21,21,3.30827083453526,0.0,0,1.0,-6.936651515151516,low,0.5,2,0.6111111111111112,True,NOERROR,2,300,0,2,False,False,2,13335,US,False,GoDaddy.com,4,,False,0,False,False,,benign,no_adverse_signal
864371.xyz,2026-07-21,10,2.584962500721156,0.6,0,0.0,-10.972155555555556,high,0.4444,0,1.0,False,NOERROR,0,,0,2,False,False,0,,,,"Spaceship, Inc.",2,365,False,,,False,,benign,no_adverse_signal
onlyhaalahala.com,2026-07-21,17,2.287783719941071,0.0,0,0.8571428571428571,-7.243321739130436,low,0.4211,4,0.46153846153846156,True,NOERROR,2,600,0,2,False,False,0,16509,US,True,"GoDaddy.com, LLC",2,365,False,35,False,False,,benign,no_adverse_signal
noidue.berlin,2026-07-21,13,2.584962500721156,0.0,0,2.0,-7.81708888888889,low,0.6154,1,1.0,True,NOERROR,1,3600,2,4,True,False,1,8560,DE,True,,,,False,0,False,False,False,benign,no_adverse_signal
andersonandloves.com,2026-07-21,20,3.077819531114783,0.0,0,0.6,-6.369044827586207,low,0.5217,3,0.5625,True,NOERROR,2,3600,0,2,False,False,0,16509,US,True,"GoDaddy.com, LLC",2,365,False,23,False,False,,benign,no_adverse_signal
ressos.legal,2026-07-21,12,1.7924812503605778,0.0,0,0.5,-6.305722222222222,low,0.5333,2,0.6666666666666666,True,NOERROR,1,9,0,3,False,False,0,51167,FR,True,,,,,0,False,False,,benign,no_adverse_signal
thoughtdispatch.com,2026-07-21,19,3.2729055953200556,0.0,0,0.36363636363636365,-7.208266666666667,low,0.5,4,0.7333333333333333,True,NOERROR,1,1800,5,2,True,False,0,22612,US,False,NAMECHEAP INC,2,365,True,0,False,False,False,benign,no_adverse_signal
lswjs1111.vip,2026-07-21,13,2.0588138903312014,0.3076923076923077,0,0.0,-10.042206666666665,low,0.3333,5,0.5555555555555556,True,NOERROR,2,3600,0,2,False,False,0,16509,US,True,"GoDaddy.com, LLC",2,365,True,11,False,False,,benign,no_adverse_signal
dachbeschichtung.berlin,2026-07-21,23,3.4056390622295662,0.0,0,0.3333333333333333,-7.111068965517242,low,0.4615,3,0.75,True,NOERROR,1,150,1,2,False,False,1,8560,DE,True,,,,False,0,False,False,False,benign,no_adverse_signal
blocktops.org,2026-07-21,13,2.94770277922009,0.0,0,0.2857142857142857,-6.925146666666667,low,0.4706,3,0.8888888888888888,True,NOERROR,1,86400,0,2,False,False,0,16509,US,True,"TUCOWS.COM, CO.",8041,8400,True,0,False,False,,benign,no_adverse_signal
oqdmlxqp.biz.id,2026-07-21,15,2.75,0.0,0,0.14285714285714285,-12.053446153846155,low,0.4286,7,0.875,False,NOERROR,0,,3,2,True,False,0,,,,,,,False,,,False,False,benign,no_adverse_signal
writesonicbot.com,2026-07-21,17,3.238901256602631,0.0,0,0.625,-6.813395652173913,low,0.5263,2,0.7692307692307693,True,NOERROR,2,5,0,4,False,False,0,,US,False,Porkbun LLC,378,730,False,0,False,False,,benign,no_adverse_signal
herculeantask.com,2026-07-21,17,3.3927474104487847,0.0,0,0.625,-6.6151347826086955,low,0.5517,2,0.8461538461538461,True,NOERROR,1,300,0,2,False,False,0,40034,VG,False,Annulet LLC,773,1095,False,25,False,False,,benign,no_adverse_signal
valentinecleaningcompany.net,2026-07-21,28,3.454986855772667,0.0,0,0.6,-6.351755555555556,low,0.4211,3,0.5416666666666666,True,NOERROR,4,14400,1,4,True,False,0,53831,US,False,Squarespace Domains II LLC,2,365,True,15,False,False,False,benign,no_adverse_signal
naikkawat4d.quest,2026-07-21,17,2.8453509366224368,0.058823529411764705,0,0.6666666666666666,-8.272057894736841,low,0.4706,2,0.7272727272727273,True,NOERROR,2,300,3,2,True,False,2,13335,US,False,NAMECHEAP INC,3,365,True,0,False,False,False,benign,no_adverse_signal
gaibangbang.com,2026-07-21,15,2.2312702546075758,0.0,0,0.5714285714285714,-6.842047368421052,low,0.6667,3,0.45454545454545453,True,NOERROR,1,600,0,2,False,False,0,54600,US,False,"GMO Internet, Inc.",2,365,True,0,False,False,,benign,no_adverse_signal
mcc.berlin,2026-07-21,10,0.9182958340544896,0.0,0,0.0,-8.385033333333334,low,0.6667,3,0.6666666666666666,True,NOERROR,1,3600,0,3,False,False,0,680,DE,True,,,,False,0,False,False,,benign,no_adverse_signal
empyreanoperations.com,2026-07-21,22,3.350209029099897,0.0,0,0.8,-6.632527272727273,low,0.5,4,0.6111111111111112,True,NOERROR,4,14400,1,4,True,False,0,53831,US,False,Squarespace Domains II LLC,2,365,True,15,False,False,False,benign,no_adverse_signal
beseenbefound.online,2026-07-21,20,2.7773627950641693,0.0,0,0.8571428571428571,-6.995947826086956,medium,0.4762,2,0.6153846153846154,True,NOERROR,1,600,0,4,False,False,0,47583,US,True,Porkbun LLC,2,731,False,0,False,False,,benign,no_adverse_signal
haishanchina.com,2026-07-21,16,2.4591479170272446,0.0,0,0.7142857142857143,-6.334171428571428,low,0.7368,3,0.5,False,NOERROR,0,,0,2,False,False,0,,,,"COSMOTOWN, INC.",2,365,False,,,False,,benign,no_adverse_signal
juilliardtrained.com,2026-07-21,20,3.202819531114783,0.0,0,0.7777777777777778,-6.773906896551724,low,0.4615,4,0.625,True,NOERROR,1,86400,0,2,False,False,0,16509,US,True,"TUCOWS.COM, CO.",371,730,True,0,False,False,,benign,no_adverse_signal
bisica.com,2026-07-21,10,2.2516291673878226,0.0,0,1.0,-6.479,low,0.6,1,0.8333333333333334,False,NOERROR,0,,0,2,False,False,0,,,,"Cloudflare, Inc.",2,365,True,,,False,,benign,no_adverse_signal
panryo.xyz,2026-07-21,10,2.584962500721156,0.0,0,0.5,-7.8158555555555544,high,0.6154,3,1.0,True,NOERROR,1,300,0,2,False,False,0,135905,VN,False,"Spaceship, Inc.",2,365,False,0,True,False,,malicious,spamhaus_zen
by5388.vip,2026-07-21,10,2.2516291673878226,0.4,0,0.0,-11.135944444444444,low,0.4,2,0.8333333333333334,True,NOERROR,1,3600,0,2,False,False,0,135097,SC,False,"GoDaddy.com, LLC",2,365,True,0,False,False,,benign,no_adverse_signal
km789akun.com,2026-07-21,13,2.94770277922009,0.23076923076923078,0,0.5,-9.77982,low,0.4,2,0.8888888888888888,True,NOERROR,2,300,0,2,False,False,2,13335,US,False,Dominet (HK) Limited,2,365,False,0,False,False,,benign,no_adverse_signal
wap-pg-youxi.com.cn,2026-07-21,19,3.2516291673878226,0.0,2,0.6666666666666666,-9.126657142857143,low,0.5,2,0.8333333333333334,True,NOERROR,1,600,0,2,False,False,0,132839,SC,False,Web Commerce Communications Limited,3,365,False,0,False,True,,malicious,spamhaus_dbl
heartnest-jp.com,2026-07-21,16,3.2516291673878226,0.0,1,0.375,-7.132176190476191,low,0.5,3,0.8333333333333334,True,NOERROR,2,300,2,2,True,False,2,13335,US,False,"GoDaddy.com, LLC",2,365,False,0,False,False,False,benign,no_adverse_signal
reallegalestate.digital,2026-07-21,23,2.6062389286533896,0.0,0,0.875,-5.9773000000000005,low,0.5185,2,0.4666666666666667,True,NOERROR,2,300,0,2,False,False,2,13335,US,False,,,,,0,False,False,,benign,no_adverse_signal
solvwe.com,2026-07-21,10,2.584962500721156,0.0,0,0.5,-8.699922222222222,low,0.6,3,1.0,True,NOERROR,2,600,0,2,False,False,0,16509,US,True,"GoDaddy.com, LLC",2,1096,False,35,False,False,,benign,no_adverse_signal
yoyoba.com,2026-07-21,10,1.9182958340544893,0.0,0,1.0,-8.007311111111111,low,0.5455,1,0.6666666666666666,True,NOERROR,2,3600,1,2,True,False,0,16509,US,True,"Megazone Corp., dba HOSTING.KR",7314,7670,False,56,False,False,,malicious,abuseipdb
royal-vegas.ec,2026-07-21,14,3.277613436819116,0.0,1,0.6666666666666666,-7.6268473684210525,low,0.5217,1,0.9090909090909091,True,NOERROR,2,300,0,2,False,False,2,13335,US,False,Dynadot Inc.,5,365,False,0,False,False,,benign,no_adverse_signal
statestudio.berlin,2026-07-21,18,2.845350936622437,0.0,0,0.8333333333333334,-6.078468421052631,low,0.6957,2,0.7272727272727273,True,NOERROR,1,150,1,2,False,False,1,6724,DE,True,,,,False,0,False,False,False,benign,no_adverse_signal
tft-planner.com,2026-07-21,15,3.0957952550009344,0.0,1,0.25,-7.137173684210526,low,0.5263,3,0.8181818181818182,False,NOERROR,0,,0,2,False,False,0,,,,"Cloudflare, Inc.",2,365,True,,,False,,benign,no_adverse_signal
mb555.xyz,2026-07-21,9,1.3709505944546687,0.3333333333333333,0,0.0,-11.007728571428572,high,0.4444,2,0.6,True,NOERROR,2,300,0,2,False,False,2,13335,US,False,Dynadot Inc,2,365,False,0,False,False,,benign,no_adverse_signal
yukispringfield.com,2026-07-21,19,3.5898980954642865,0.0,0,0.5,-7.2436185185185185,low,0.6087,3,0.8666666666666667,True,NOERROR,1,1800,3,2,True,False,0,22612,US,False,NAMECHEAP INC,2,365,True,0,False,False,False,benign,no_adverse_signal
selkup-market.ru,2026-07-21,16,3.3927474104487847,0.0,1,0.5,-7.433895652173914,low,0.5,2,0.8461538461538461,False,NOERROR,0,,0,2,False,False,0,,,,REGTIME-RU,3,365,False,,,False,,benign,no_adverse_signal
rajamohamed.com,2026-07-21,15,2.8453509366224368,0.0,0,0.8333333333333334,-7.088047368421052,low,0.6,1,0.7272727272727273,True,NOERROR,4,14400,0,2,False,False,0,15169,US,True,"HOSTINGER operations, UAB",2,365,False,0,False,False,,benign,no_adverse_signal
getip.store,2026-07-21,11,2.321928094887362,0.0,0,0.6666666666666666,-6.4813857142857145,low,0.5455,1,1.0,True,NOERROR,2,3600,1,2,True,False,0,16509,US,True,,,,False,56,False,False,,malicious,abuseipdb
tisha.store,2026-07-21,11,2.321928094887362,0.0,0,0.6666666666666666,-6.327885714285714,low,0.6154,2,1.0,True,NOERROR,1,5,0,4,False,False,0,16509,IN,True,,,,False,0,False,False,,benign,no_adverse_signal
marblerest.website,2026-07-21,18,2.9219280948873623,0.0,0,0.42857142857142855,-6.179194117647059,low,0.6,3,0.8,True,NOERROR,2,300,2,2,True,False,2,13335,US,False,NAMECHEAP INC,2,365,True,0,False,False,False,benign,no_adverse_signal
757937.vip,2026-07-21,10,1.7924812503605778,0.6,0,0.0,-11.975166666666667,low,0.3636,0,0.6666666666666666,True,NOERROR,1,60,0,2,False,False,0,54994,US,False,Dynadot Inc,2,365,True,0,False,False,,benign,no_adverse_signal
kamalhandlooms.com,2026-07-21,18,3.039148671903071,0.0,0,0.5555555555555556,-6.998816000000001,low,0.5455,3,0.6428571428571429,True,NOERROR,2,60,2,2,True,False,2,47583,LT,False,"HOSTINGER operations, UAB",2,365,False,0,False,False,False,benign,no_adverse_signal
fachanwaltfuermietrecht.berlin,2026-07-21,30,3.5555331514269954,0.0,0,0.5333333333333333,-7.092616279069768,low,0.4444,3,0.5652173913043478,True,NOERROR,1,316,2,3,True,False,0,202108,DE,False,,,,False,0,False,False,False,benign,no_adverse_signal
mega338l.com,2026-07-21,12,2.75,0.25,0,0.6666666666666666,-9.33066153846154,low,0.5,1,0.875,True,NOERROR,2,300,0,2,False,False,2,13335,US,False,Dominet (HK) Limited,2,365,False,0,False,False,,benign,no_adverse_signal
hdrezka4k.site,2026-07-21,14,2.94770277922009,0.07142857142857142,0,0.3333333333333333,-9.324833333333334,medium,0.4444,3,0.8888888888888888,True,NOERROR,1,600,2,4,True,False,0,198610,RU,True,"Spaceship, Inc.",2,365,False,0,False,False,False,benign,no_adverse_signal
mac-fiver.info,2026-07-21,14,3.169925001442312,0.0,1,0.6,-7.281973333333334,medium,0.625,1,1.0,True,NOERROR,1,3600,2,4,True,False,1,8560,US,True,,,,,0,False,False,False,benign,no_adverse_signal
writesonicforcehub.com,2026-07-21,22,3.6143694458867563,0.0,0,0.6363636363636364,-7.001078787878788,low,0.5,2,0.7222222222222222,True,NOERROR,2,25,0,4,False,False,0,,US,False,Porkbun LLC,378,730,False,0,False,False,,benign,no_adverse_signal
54u0klf8i1gjcix2p.site,2026-07-21,22,3.969815782426811,0.2727272727272727,0,0.375,-11.94793870967742,medium,0.3478,3,0.9411764705882353,False,NOERROR,0,,0,2,False,False,0,,,,"GoDaddy.com, LLC",2,365,False,,,False,,benign,no_adverse_signal
certifiedlocal.work,2026-07-21,19,3.2359263506290334,0.0,0,0.75,-6.905711999999999,low,0.4444,2,0.7142857142857143,True,NOERROR,2,300,0,2,False,False,2,13335,US,False,"Cloudflare, Inc.",2,365,True,0,False,False,,benign,no_adverse_signal
mentari138akun.com,2026-07-21,18,3.521640636343319,0.16666666666666666,0,0.8333333333333334,-8.226676,low,0.5,2,0.8571428571428571,True,NOERROR,2,300,0,2,False,False,2,13335,US,False,Dominet (HK) Limited,2,365,False,0,False,False,,benign,no_adverse_signal
lukow.berlin,2026-07-21,12,2.321928094887362,0.0,0,0.6666666666666666,-8.3974,low,0.5,1,1.0,True,NOERROR,1,7200,1,3,True,False,0,24940,DE,True,,,,False,0,False,False,False,benign,no_adverse_signal
structaconstruction.com,2026-07-21,23,3.0503018554349817,0.0,0,0.46153846153846156,-6.486879999999999,low,0.5128,4,0.47368421052631576,True,NOERROR,3,3600,5,2,True,False,0,58182,US,True,Wix.com Ltd.,2,1096,True,17,False,False,False,benign,no_adverse_signal
agrovault.ca,2026-07-21,12,2.94770277922009,0.0,0,0.8,-7.211413333333334,low,0.5882,2,0.8888888888888888,True,NOERROR,4,1799,5,2,True,False,0,54113,US,True,Go Get Canada Domain Registrar Ltd.,9,365,False,20,False,False,False,benign,no_adverse_signal
mextalearn.com,2026-07-21,14,2.9219280948873623,0.0,0,0.6666666666666666,-6.586929411764706,low,0.5882,2,0.8,True,NOERROR,1,14400,0,2,False,False,0,16509,US,False,"HOSTINGER operations, UAB",2,365,False,0,False,False,,benign,no_adverse_signal
sthlmglasgravyr.com,2026-07-21,19,3.240223928941852,0.0,0,0.15384615384615385,-8.277818518518519,low,0.5385,7,0.6666666666666666,True,NOERROR,1,150,1,2,False,False,1,8560,DE,True,InterNetX GmbH,2,365,True,0,False,False,False,benign,no_adverse_signal
algomatryx.com,2026-07-21,14,3.121928094887362,0.0,0,0.42857142857142855,-7.41394705882353,low,0.5882,4,0.9,True,NOERROR,2,1800,2,2,True,False,0,16509,US,False,"Name.com, Inc.",2,365,True,0,False,False,False,benign,no_adverse_signal
fltravelorange.xyz,2026-07-21,18,3.2359263506290334,0.0,0,0.5555555555555556,-6.6529039999999995,high,0.5,4,0.7142857142857143,False,NXDOMAIN,0,,0,0,False,False,0,,,,,,,False,,,False,,benign,no_adverse_signal
headaimovemax.org,2026-07-21,17,3.0269868333592873,0.0,0,1.1666666666666667,-6.746134782608696,low,0.5,1,0.6923076923076923,True,NOERROR,2,5,0,4,False,False,0,,US,False,Porkbun LLC,378,730,False,0,False,False,,benign,no_adverse_signal
recruitmentcoordination.com,2026-07-21,27,3.315977716456259,0.0,0,0.7692307692307693,-6.574518604651162,low,0.45,3,0.4782608695652174,True,NOERROR,2,300,1,2,True,False,2,13335,US,False,"Gransy, s.r.o.",2,365,False,0,False,False,False,benign,no_adverse_signal
afohaccessories.com,2026-07-21,19,3.0565647621309537,0.0,0,0.875,-7.032348148148149,low,0.5,2,0.6,True,NOERROR,1,86400,0,2,False,False,0,16509,US,True,"TUCOWS.COM, CO.",371,730,True,0,False,False,,benign,no_adverse_signal
wildalong.xyz,2026-07-21,13,2.94770277922009,0.0,0,0.5,-6.72232,high,0.5,2,0.8888888888888888,True,NOERROR,1,14400,0,2,False,False,0,24940,FI,True,"NicNames, Inc",2,365,True,3,False,False,,benign,no_adverse_signal
venticore.club,2026-07-21,14,2.94770277922009,0.0,0,0.8,-5.836513333333333,low,0.6316,2,0.8888888888888888,True,NOERROR,2,300,0,2,False,False,2,13335,US,False,"Chengdu west dimension digital technology Co., LTD",2,365,True,0,False,False,,benign,no_adverse_signal
mnvss.sbs,2026-07-21,9,1.9219280948873623,0.0,0,0.0,-9.577057142857143,low,0.5,5,0.8,True,NOERROR,1,300,0,2,False,False,0,54801,HK,False,Dynadot Inc,2,365,False,0,False,False,,benign,no_adverse_signal
cfm.casino,2026-07-21,10,1.584962500721156,0.0,0,0.0,-9.752366666666667,low,0.5,3,1.0,True,NOERROR,1,3600,0,3,False,False,0,57724,RU,True,,,,,4,False,False,,benign,no_adverse_signal
artarmenia.art,2026-07-21,14,2.6464393446710153,0.0,0,1.0,-6.279041176470589,low,0.6,2,0.7,False,timeout,0,,0,0,False,False,0,,,,PS Internet Company LLP,2,365,False,,,False,,benign,no_adverse_signal
wslmultimarcas.com.br,2026-07-21,21,3.2359263506290334,0.0,0,0.4,-7.089552,low,0.48,4,0.7142857142857143,True,NOERROR,2,600,2,2,True,False,0,16509,US,True,,6,365,False,35,False,False,False,benign,no_adverse_signal
myurlogistics.com,2026-07-21,17,3.392747410448785,0.0,0,0.4444444444444444,-6.997469565217392,low,0.5,2,0.8461538461538461,True,NOERROR,2,3600,2,2,True,False,0,16509,US,True,"GoDaddy.com, LLC",2,1096,False,23,False,False,False,benign,no_adverse_signal
bkf-ltw.garden,2026-07-21,14,2.807354922057604,0.0,1,0.0,-10.696127272727272,low,0.4,3,1.0,False,NOERROR,0,,0,2,False,False,0,,,,"Spaceship, Inc.",2,365,True,,,False,,benign,no_adverse_signal
qqffo.vip,2026-07-21,9,1.5219280948873621,0.0,0,0.25,-10.819785714285715,low,0.5,4,0.6,False,NOERROR,0,,0,2,False,False,0,,,,Gname 001 Inc,2,365,True,,,False,,benign,no_adverse_signal
tiptopbetcasino1.com,2026-07-21,20,3.327819531114783,0.05,0,0.6666666666666666,-7.057155172413793,low,0.48,2,0.6875,True,NOERROR,2,300,0,2,False,False,2,13335,US,False,"Spaceship, Inc.",2,365,False,0,False,False,,benign,no_adverse_signal
aibeup.store,2026-07-21,12,2.584962500721156,0.0,0,2.0,-7.8105,low,0.5455,1,1.0,True,NOERROR,1,300,1,4,False,False,0,31034,IT,True,,,,False,0,False,False,False,benign,no_adverse_signal
fiboratwpera.xyz,2026-07-21,16,3.2516291673878226,0.0,0,0.7142857142857143,-7.217880952380953,high,0.6667,3,0.8333333333333334,True,NOERROR,1,14400,0,2,False,False,0,24940,FI,True,"NicNames, Inc",2,365,True,3,False,False,,benign,no_adverse_signal
clustergg.com,2026-07-21,13,2.9477027792200903,0.0,0,0.2857142857142857,-6.73332,low,0.5333,3,0.8888888888888888,True,NOERROR,1,300,5,2,True,False,0,16509,US,False,NAMECHEAP INC,2,365,True,0,False,False,False,benign,no_adverse_signal
susiweber.berlin,2026-07-21,16,2.725480556997868,0.0,0,0.8,-7.199413333333334,low,0.5714,1,0.7777777777777778,True,NOERROR,1,7200,1,2,True,False,0,34788,DE,True,,,,False,0,False,False,False,benign,no_adverse_signal
spreequell.berlin,2026-07-21,17,2.6464393446710157,0.0,0,0.6666666666666666,-7.169217647058823,low,0.6316,3,0.7,True,NOERROR,1,300,0,2,True,False,0,8893,DE,False,,,,False,0,False,False,,benign,no_adverse_signal
localblackhills.shop,2026-07-21,20,2.8662478973127308,0.0,0,0.36363636363636365,-7.093677777777778,low,0.4348,3,0.6,True,NOERROR,2,600,0,2,False,False,0,16509,US,True,,,,False,35,False,False,,benign,no_adverse_signal
aiplasma.top,2026-07-21,12,2.4056390622295662,0.0,0,1.0,-6.7593538461538465,high,0.5882,2,0.75,False,NOERROR,0,,0,2,False,False,0,,,,Gname.com Pte. Ltd.,2,365,True,,,False,,benign,no_adverse_signal
venezianiaonline.shop,2026-07-21,21,2.7806390622295662,0.0,0,1.2857142857142858,-6.6589,low,0.5926,2,0.5,True,NOERROR,1,300,0,2,False,False,0,199242,GE,False,,,,False,0,True,False,,malicious,spamhaus_zen
falkenburg.berlin,2026-07-21,17,3.321928094887362,0.0,0,0.42857142857142855,-7.4872588235294115,low,0.5333,2,1.0,True,NOERROR,1,150,1,2,False,False,1,6724,DE,True,,,,False,0,False,False,False,benign,no_adverse_signal
openairfitclub.com,2026-07-21,18,3.6644977792004623,0.0,0,0.75,-7.036068,low,0.6,3,0.9285714285714286,True,NOERROR,1,1800,0,0,False,False,0,58182,US,True,Wix.com Ltd.,2197,2556,True,0,False,False,,benign,no_adverse_signal
xano.online,2026-07-21,11,2.0,0.0,0,1.0,-7.176080000000001,medium,0.6,1,1.0,True,NOERROR,2,3600,1,2,True,False,0,16509,US,True,"GoDaddy.com, LLC",2,365,False,56,False,False,,malicious,abuseipdb
rentalcapitalsolutions.com,2026-07-21,26,3.447401504705915,0.0,0,0.6923076923076923,-6.381321951219513,low,0.4762,2,0.5454545454545454,True,NOERROR,2,300,1,2,True,False,2,13335,US,False,Squarespace Domains II LLC,2,365,True,0,False,False,False,benign,no_adverse_signal
metrostylish.com,2026-07-21,16,3.2516291673878226,0.0,0,0.3333333333333333,-6.49752380952381,low,0.5185,4,0.8333333333333334,True,NOERROR,1,300,0,2,False,False,0,47583,DE,False,"HOSTINGER operations, UAB",2,365,False,0,False,False,,benign,no_adverse_signal
tiktaktogelakun.com,2026-07-21,19,3.1395722619867223,0.0,0,0.6666666666666666,-7.3507,low,0.5185,2,0.6666666666666666,True,NOERROR,2,300,0,2,False,False,2,13335,US,False,Dominet (HK) Limited,2,365,False,0,False,False,,benign,no_adverse_signal
lovellytrust.org,2026-07-21,16,3.0220552088742005,0.0,0,0.3333333333333333,-6.7121619047619046,low,0.5217,5,0.75,True,NOERROR,4,14400,1,4,True,False,0,53831,US,False,Squarespace Domains II LLC,2,365,True,15,False,False,False,benign,no_adverse_signal
shekhinahconventioncentre.com,2026-07-21,29,3.349275070710713,0.0,0,0.5625,-6.743772340425531,low,0.4,3,0.48,True,NOERROR,6,600,2,2,True,False,0,16509,US,True,"GoDaddy.com, LLC",2,365,False,23,False,False,False,benign,no_adverse_signal
christovynas.com,2026-07-21,16,3.418295834054489,0.0,0,0.3333333333333333,-7.385571428571429,low,0.5556,3,0.9166666666666666,True,NOERROR,3,3600,0,2,False,False,0,58182,US,True,Wix.com Ltd.,2,365,False,18,False,False,,benign,no_adverse_signal
novaa.online,2026-07-21,12,1.9219280948873623,0.0,0,1.5,-7.503142857142857,medium,0.6667,1,0.8,True,NOERROR,2,3600,1,2,True,False,0,16509,US,True,"GoDaddy.com, LLC",2,365,False,56,False,False,,malicious,abuseipdb
viyasone.com,2026-07-21,12,3.0,0.0,0,1.0,-7.209130769230769,low,0.5714,1,1.0,True,NOERROR,2,3600,3,3,True,False,0,16509,US,True,INWX GmbH,2,365,True,30,False,False,False,benign,no_adverse_signal
kitapnotlarimapp.com,2026-07-21,20,3.1556390622295662,0.0,0,0.6,-6.875231034482758,low,0.48,2,0.625,True,NOERROR,1,3600,1,3,True,False,0,197720,TR,True,Turkticaret.net Yazılım Hizmetleri Sanayi ve Ticaret A.Ş.,2,365,False,0,False,False,False,benign,no_adverse_signal
quartelcbmma.site,2026-07-21,17,3.2516291673878226,0.0,0,0.5,-7.674590476190477,medium,0.4444,5,0.8333333333333334,False,NOERROR,0,,0,2,False,False,0,,,,"NameSilo, LLC",3,365,True,,,False,,benign,no_adverse_signal
551861.com,2026-07-21,10,1.9182958340544893,0.6,0,0.0,-11.193255555555556,low,0.4444,0,0.6666666666666666,False,NOERROR,0,,0,2,False,False,0,,,,Realtime Register B.V.,2,365,False,,,False,,benign,no_adverse_signal
solmepa.cfd,2026-07-21,11,2.807354922057604,0.0,0,0.75,-7.259672727272727,low,0.5556,2,1.0,True,NOERROR,2,300,0,2,False,False,2,13335,US,False,"NICENIC INTERNATIONAL GROUP CO., LIMITED",2,365,False,0,False,True,,malicious,spamhaus_dbl
elitecargosexpress.com,2026-07-21,22,3.3502090290998976,0.0,0,0.6363636363636364,-6.439272727272727,low,0.6429,3,0.6666666666666666,True,NOERROR,1,14400,1,2,True,False,0,53850,US,True,"OwnRegistrar, Inc.",2,365,False,0,False,False,False,benign,no_adverse_signal
115y.my,2026-07-21,7,1.5,0.42857142857142855,0,0.0,-11.27738,low,0.2857,1,0.75,True,NOERROR,2,300,0,2,False,False,2,13335,US,False,"Spaceship, Inc.",5,365,True,0,False,False,,benign,no_adverse_signal
317239.help,2026-07-21,11,2.2516291673878226,0.5454545454545454,0,0.0,-11.195188888888888,low,0.2222,0,0.8333333333333334,False,NXDOMAIN,0,,0,0,False,False,0,,,,Dynadot Inc,2,365,False,,,False,,benign,no_adverse_signal
dermatologie.berlin,2026-07-21,19,3.2516291673878226,0.0,0,1.0,-6.514685714285714,low,0.5,2,0.8333333333333334,True,NOERROR,1,86400,1,4,True,False,0,39614,DE,True,,,,False,0,False,False,False,benign,no_adverse_signal
neue-mobilitaet.berlin,2026-07-21,22,3.3232314287976212,0.0,1,1.3333333333333333,-7.359918518518519,low,0.6087,1,0.7333333333333333,True,NOERROR,1,150,1,2,False,False,0,51167,FR,True,,,,False,0,False,False,False,benign,no_adverse_signal
evergray.us,2026-07-21,11,2.5,0.0,0,0.6,-6.725430769230769,low,0.625,3,0.75,True,NOERROR,2,300,0,2,False,False,2,13335,US,False,"Cloudflare, Inc.",2,365,False,0,False,False,,benign,no_adverse_signal
emberwyrdonline.com,2026-07-21,19,3.323231428797621,0.0,0,0.5,-7.342885185185185,low,0.5385,5,0.7333333333333333,False,NOERROR,0,,0,2,False,False,0,,,,"Cloudflare, Inc.",2,365,True,,,False,,benign,no_adverse_signal
daxinghongjia.com,2026-07-21,17,3.0850551027564768,0.0,0,0.625,-7.459365217391305,low,0.4762,3,0.6923076923076923,True,NOERROR,6,1,0,2,False,False,0,134175,HK,False,Gname 226 Inc,2,365,False,0,False,False,,benign,no_adverse_signal
birchpointinnseries.com,2026-07-21,23,3.2608281712244556,0.0,0,0.5833333333333334,-6.724657142857143,low,0.5714,4,0.5789473684210527,True,NOERROR,1,1800,5,2,True,False,0,22612,US,False,NAMECHEAP INC,2,365,True,0,False,False,False,benign,no_adverse_signal
storespot.be,2026-07-21,12,2.5032583347756456,0.0,0,0.5,-5.909660000000001,low,0.6316,2,0.6666666666666666,True,NOERROR,1,3600,2,3,True,False,0,16509,US,False,,4,,False,0,False,False,False,benign,no_adverse_signal
tunsii.com,2026-07-21,10,2.2516291673878226,0.0,0,1.0,-7.36198888888889,low,0.5714,2,0.8333333333333334,True,NOERROR,1,86400,0,4,False,False,1,13335,CA,True,"TUCOWS.COM, CO.",2,365,True,0,False,False,,benign,no_adverse_signal
spin89mpo.com,2026-07-21,13,2.94770277922009,0.15384615384615385,0,0.4,-9.15186,low,0.5333,2,0.8888888888888888,True,NOERROR,2,300,0,2,False,False,2,13335,US,False,Dominet (HK) Limited,2,365,False,0,False,False,,benign,no_adverse_signal
2mpw-61.garden,2026-07-21,14,2.807354922057604,0.21428571428571427,1,0.0,-10.94539090909091,low,0.3636,3,1.0,False,NOERROR,0,,0,2,False,False,0,,,,"Spaceship, Inc.",2,365,True,,,False,,benign,no_adverse_signal
hier-und-jetzt.berlin,2026-07-21,21,3.378783493486176,0.0,2,0.5,-8.492968,low,0.4348,3,0.7857142857142857,True,NOERROR,1,300,2,2,True,False,0,45012,DE,True,,,,False,0,False,False,False,benign,no_adverse_signal
360h.club,2026-07-21,9,2.0,0.3333333333333333,0,0.0,-10.325660000000001,low,0.8571,1,1.0,False,NXDOMAIN,0,,0,0,False,False,0,,,,,,,False,,,False,,benign,no_adverse_signal
aceview.shop,2026-07-21,12,2.5216406363433186,0.0,0,1.3333333333333333,-6.947463636363636,low,0.5556,1,0.8571428571428571,True,NOERROR,1,300,0,2,False,False,0,199242,GE,True,,,,False,0,False,False,,benign,no_adverse_signal
norvinsk.win,2026-07-21,12,2.75,0.0,0,0.3333333333333333,-6.8091,low,0.5556,3,0.875,True,NOERROR,2,300,0,2,False,False,2,13335,US,False,"Cloudflare, Inc.",2,365,True,0,False,False,,benign,no_adverse_signal
laron-reed.com,2026-07-21,14,2.9219280948873623,0.0,1,0.8,-6.755723529411765,low,0.5333,1,0.8,True,NOERROR,1,60,0,3,False,False,0,209242,US,False,DREAMHOST,2,365,True,0,False,False,,benign,no_adverse_signal
vorynt.dev,2026-07-21,10,2.584962500721156,0.0,0,0.2,-7.620155555555556,low,0.5333,4,1.0,True,NOERROR,1,300,0,4,False,False,0,16509,US,False,,,,False,0,False,False,,benign,no_adverse_signal
situstotoakun.com,2026-07-21,17,2.873140679513133,0.0,0,0.8571428571428571,-6.9258434782608695,low,0.5714,2,0.6153846153846154,True,NOERROR,2,300,0,2,False,False,2,13335,US,False,Dominet (HK) Limited,2,365,False,0,False,False,,benign,no_adverse_signal
pr-firm.ru,2026-07-21,10,2.5216406363433186,0.0,1,0.2,-8.173954545454546,low,0.5333,2,0.8571428571428571,False,NOERROR,0,,1,2,True,False,0,,,,REGRU-RU,3,365,False,,,False,False,benign,no_adverse_signal
moebel-kaufen24.berlin,2026-07-21,22,3.5898980954642865,0.09090909090909091,1,1.0,-8.30657037037037,low,0.4,1,0.8666666666666667,False,SERVFAIL,0,,0,0,False,False,0,,,,,,,False,,,False,,benign,no_adverse_signal
youstriive.com,2026-07-21,14,3.1219280948873624,0.0,0,1.0,-6.882047058823529,low,0.625,3,0.9,True,NOERROR,4,14400,1,4,True,False,0,53831,US,False,Squarespace Domains II LLC,2,365,True,15,False,False,False,benign,no_adverse_signal
fqzrqnqo.beauty,2026-07-21,15,2.4056390622295662,0.0,0,0.14285714285714285,-12.253738461538461,low,0.4286,7,0.75,False,NOERROR,0,,0,2,False,False,0,,,,"NameSilo, LLC",2,365,True,,,False,,benign,no_adverse_signal
reverentobjects.com,2026-07-21,19,3.106890595608518,0.0,0,0.5,-6.820722222222223,low,0.56,3,0.6666666666666666,True,NOERROR,2,3600,2,2,True,False,0,16509,US,True,"GoDaddy.com, LLC",2,365,False,23,False,False,False,benign,no_adverse_signal
slidex3.com,2026-07-21,11,2.807354922057604,0.09090909090909091,0,0.5,-7.507663636363636,low,0.5882,2,1.0,True,NOERROR,1,14400,0,3,False,False,0,45638,AU,True,Synergy Wholesale Accreditations Pty Ltd,2,365,True,0,False,False,,benign,no_adverse_signal
air2077.top,2026-07-21,11,2.521640636343318,0.36363636363636365,0,2.0,-9.323536363636363,high,0.4286,1,0.8571428571428571,False,NOERROR,0,,0,2,False,False,0,,,,"NameSilo, LLC",2,365,True,,,False,,benign,no_adverse_signal
720swsi.icu,2026-07-21,11,2.521640636343318,0.2727272727272727,0,0.3333333333333333,-10.240209090909092,low,0.4286,3,0.8571428571428571,True,NOERROR,1,900,0,2,False,False,0,137951,SC,False,"Chengdu west dimension digital technology Co., LTD",2,365,True,0,False,False,,benign,no_adverse_signal
ponderfly.com,2026-07-21,13,3.169925001442312,0.0,0,0.2857142857142857,-6.75434,low,0.5882,4,1.0,False,NOERROR,0,,0,2,False,False,0,,,,"Cloudflare, Inc.",2,731,True,,,False,,benign,no_adverse_signal
hai.berlin,2026-07-21,10,1.584962500721156,0.0,0,2.0,-6.469533333333334,low,0.6667,1,1.0,True,NOERROR,1,316,2,3,True,False,0,202108,DE,True,,,,False,0,False,False,False,benign,no_adverse_signal
lyvedistro.com,2026-07-21,14,3.321928094887362,0.0,0,0.42857142857142855,-6.901011764705882,low,0.5,3,1.0,True,NOERROR,1,1800,0,2,False,False,0,397273,US,False,"Spaceship, Inc.",2,365,False,27,False,False,,benign,no_adverse_signal
sharenow.berlin,2026-07-21,15,3.0,0.0,0,0.6,-6.236430769230769,low,0.6667,2,1.0,True,NOERROR,1,86400,4,2,True,False,0,29141,DE,False,,,,False,0,False,False,False,benign,no_adverse_signal
rbb-sport.berlin,2026-07-21,16,2.725480556997868,0.0,1,0.14285714285714285,-7.623026666666666,low,0.625,3,0.7777777777777778,False,timeout,0,,0,0,False,False,0,,,,,,,False,,,False,,benign,no_adverse_signal
h6pe.com,2026-07-21,8,2.0,0.125,0,0.5,-11.30978,low,0.5714,1,1.0,False,NOERROR,0,,0,2,False,False,0,,,,"NameSilo, LLC",2,365,True,,,False,,benign,no_adverse_signal
chengjinhonpo.com,2026-07-21,17,3.0269868333592873,0.0,0,0.4444444444444444,-7.227243478260869,low,0.5185,3,0.6923076923076923,True,NOERROR,1,86400,0,4,False,False,1,13335,CA,True,"TUCOWS.COM, CO.",2,365,True,0,False,False,,benign,no_adverse_signal
avivarte.com.ar,2026-07-21,15,2.5,0.0,0,1.0,-6.64173076923077,low,0.6154,2,0.75,True,NOERROR,2,1800,0,2,False,False,0,16509,US,False,nicar,4719,5079,False,0,False,False,,benign,no_adverse_signal
advisurvival.nl,2026-07-21,15,2.8553885422075336,0.0,0,0.7142857142857143,-7.042700000000001,low,0.5556,2,0.6666666666666666,True,NOERROR,2,87,0,2,False,False,2,13335,US,False,"NAMECHEAP, INC.",3,,False,0,False,False,,benign,no_adverse_signal
kdf1f.top,2026-07-21,9,1.9219280948873623,0.1111111111111111,0,0.0,-11.272400000000001,high,0.4,3,0.8,False,NOERROR,0,,0,4,False,False,0,,,,NameMart Pte. Ltd.,2,365,False,,,True,,malicious,spamhaus_dbl
vayucoldchain.in,2026-07-21,16,3.3927474104487847,0.0,0,0.625,-7.429104347826088,low,0.5,4,0.8461538461538461,True,NOERROR,1,50,0,2,False,False,0,47583,CY,False,"HOSTINGER operations, UAB",3,365,False,32,False,False,,benign,no_adverse_signal
turu99akun.com,2026-07-21,14,2.6464393446710153,0.14285714285714285,0,1.0,-8.884582352941177,low,0.4762,1,0.7,True,NOERROR,2,300,0,2,False,False,2,13335,US,False,Dominet (HK) Limited,2,365,False,0,False,False,,benign,no_adverse_signal
ostendra.org,2026-07-21,12,3.0,0.0,0,0.6,-6.101092307692308,low,0.6154,3,1.0,True,NOERROR,1,1800,5,2,True,False,0,22612,US,False,NAMECHEAP INC,2,365,True,0,False,False,False,benign,no_adverse_signal
lordfilmixmolo.lol,2026-07-21,18,2.8423709931771084,0.0,0,0.5555555555555556,-7.501896,low,0.48,3,0.5714285714285714,True,NOERROR,1,1800,0,2,False,False,0,59729,BG,True,"Spaceship, Inc.",2,365,False,0,False,False,,benign,no_adverse_signal
socialsecurity.store,2026-07-21,20,3.3787834934861767,0.0,0,0.75,-6.647236,low,0.5714,2,0.7857142857142857,True,NOERROR,2,3600,1,2,True,False,0,16509,US,True,,,,False,56,False,False,,malicious,abuseipdb
jrcg-78.garden,2026-07-21,14,2.807354922057604,0.14285714285714285,1,0.0,-10.726009090909091,low,0.4,4,1.0,False,NOERROR,0,,0,2,False,False,0,,,,"Spaceship, Inc.",2,365,True,,,False,,benign,no_adverse_signal
groundsounds.xyz,2026-07-21,16,2.7516291673878226,0.0,0,0.5,-6.644114285714285,high,0.5,3,0.5833333333333334,True,NOERROR,2,3600,0,2,False,False,0,16509,US,True,"GoDaddy.com, LLC",2,365,False,23,False,False,,benign,no_adverse_signal
5he2kw.lol,2026-07-21,10,2.584962500721156,0.2,0,0.3333333333333333,-11.443777777777777,low,0.4,2,1.0,True,NOERROR,2,3600,0,2,False,False,0,16509,US,True,Key-Systems GmbH,2,365,True,11,False,False,,benign,no_adverse_signal
gabriele-winzer.berlin,2026-07-21,22,3.32323142879762,0.0,1,0.75,-7.32382962962963,low,0.5185,2,0.7333333333333333,True,NOERROR,1,150,1,2,False,False,1,6724,DE,True,,,,False,0,False,False,False,benign,no_adverse_signal
zeus138rf.site,2026-07-21,14,3.169925001442312,0.21428571428571427,0,0.5,-9.75306,medium,0.4,2,1.0,True,NOERROR,2,300,0,2,False,False,2,13335,US,False,NAMECHEAP INC,2,365,True,0,False,False,,benign,no_adverse_signal
idr.agency,2026-07-21,10,1.584962500721156,0.0,0,0.5,-7.301699999999999,low,0.5714,2,1.0,True,NOERROR,3,3600,0,2,False,False,0,63949,US,True,,,,,0,False,False,,benign,no_adverse_signal
hrvitadolrer2.top,2026-07-21,17,3.334679141051595,0.058823529411764705,0,0.5,-7.6215086956521745,high,0.5,3,0.8461538461538461,False,NOERROR,0,,0,2,False,False,0,,,,Dynadot LLC,2,365,True,,,False,,benign,no_adverse_signal
fitbusinessman.fashion,2026-07-21,22,3.182005814760214,0.0,0,0.5555555555555556,-6.51398,low,0.6207,3,0.7142857142857143,True,NOERROR,2,600,0,2,False,False,0,16509,US,True,"GoDaddy.com, LLC",2,365,True,35,False,False,,benign,no_adverse_signal
a-team.berlin,2026-07-21,13,2.2516291673878226,0.0,1,1.5,-7.079244444444445,low,0.6,1,0.8333333333333334,True,NOERROR,1,600,2,3,True,False,0,202108,DE,False,,,,False,0,False,False,False,benign,no_adverse_signal
tongaden.com,2026-07-21,12,2.75,0.0,0,0.6,-6.245453846153846,low,0.5714,2,0.875,True,NOERROR,2,300,0,2,False,False,2,13335,US,False,"Cloudflare, Inc.",2,365,True,0,False,False,,benign,no_adverse_signal
jingjy.com,2026-07-21,10,2.2516291673878226,0.0,0,0.2,-8.167022222222222,low,0.6,4,0.8333333333333334,False,timeout,0,,0,0,False,False,0,,,,"Chengdu west dimension digital technology Co., LTD",3,365,True,,,False,,benign,no_adverse_signal
fairmarkt.com,2026-07-21,13,2.725480556997868,0.0,0,0.5,-6.8557733333333335,low,0.625,3,0.7777777777777778,True,NOERROR,2,3600,1,2,True,False,0,16509,US,True,"Megazone Corp., dba HOSTING.KR",5490,5844,False,56,False,False,,malicious,abuseipdb
winterpride.berlin,2026-07-21,18,2.9139770731827523,0.0,0,0.5714285714285714,-6.187257894736843,low,0.6364,3,0.7272727272727273,True,NOERROR,1,600,4,3,False,False,0,202108,DE,False,,,,False,0,False,False,False,benign,no_adverse_signal
tinh-tam.com,2026-07-21,12,2.75,0.0,1,0.4,-7.78383076923077,low,0.5882,2,0.875,False,NOERROR,0,,0,2,False,False,0,,,,"Cloudflare, Inc.",2,365,True,,,False,,benign,no_adverse_signal
pgestatepass.app,2026-07-21,16,2.5220552088742005,0.0,0,0.5,-6.488528571428571,low,0.7,2,0.5,True,NOERROR,1,14400,3,2,True,False,0,22612,US,True,,,,False,0,False,False,False,benign,no_adverse_signal
236570.vip,2026-07-21,10,2.584962500721156,0.6,0,0.0,-10.571077777777779,low,0.6667,0,1.0,True,NOERROR,1,1,0,2,False,True,0,209242,US,False,Dynadot Inc,2,365,True,0,False,True,,malicious,spamhaus_dbl
fithotel-eifel.de,2026-07-21,17,2.8962915290459277,0.0,1,0.8571428571428571,-7.416703999999999,low,0.48,2,0.5714285714285714,True,NOERROR,2,300,0,2,False,False,2,13335,US,False,,,,False,0,False,False,,benign,no_adverse_signal
numinagallery.com,2026-07-21,17,3.238901256602631,0.0,0,0.625,-6.58994347826087,low,0.48,2,0.7692307692307693,True,NOERROR,1,50,0,2,False,False,0,47583,CY,False,"HOSTINGER operations, UAB",2,1096,False,32,False,False,,benign,no_adverse_signal
sarakhancollections.com,2026-07-21,23,3.471354487013929,0.0,0,0.5833333333333334,-6.505585714285715,low,0.5128,2,0.631578947368421,True,NOERROR,1,1799,5,2,True,False,0,22612,US,False,NAMECHEAP INC,2,1096,True,0,False,False,False,benign,no_adverse_signal
gildenbrookbasket.shop,2026-07-21,22,3.6168746059562227,0.0,0,0.5454545454545454,-7.211151612903226,low,0.6923,3,0.7647058823529411,True,NOERROR,1,86400,3,2,True,False,0,15169,US,True,,,,False,0,False,False,False,benign,no_adverse_signal
theday.quest,2026-07-21,12,2.584962500721156,0.0,0,0.5,-6.536966666666667,low,0.6,2,1.0,True,NOERROR,2,31,0,4,False,False,0,,US,False,Porkbun LLC,2,365,False,0,False,False,,benign,no_adverse_signal
douyin-163-sina-dingtalk-weixin-taobao-baidu-tencent.click,2026-07-21,58,3.9976447672952387,0.05172413793103448,7,0.8260869565217391,-7.890447524752475,medium,0.2903,3,0.40384615384615385,False,NOERROR,0,,0,4,False,False,0,,,,"Key-Systems, LLC",3,365,False,,,False,,benign,no_adverse_signal
acceleratedgrowth.net,2026-07-21,21,3.337175341123077,0.0,0,0.5454545454545454,-6.866967741935484,low,0.5405,3,0.6470588235294118,True,NOERROR,1,3600,1,2,True,False,0,13335,DE,True,"Cloudflare, Inc.",3,365,True,49,False,False,False,benign,no_adverse_signal
glacier-inn.online,2026-07-21,18,3.095795255000934,0.0,1,0.6666666666666666,-7.061626315789473,medium,0.5263,2,0.8181818181818182,True,NOERROR,2,300,0,2,False,False,2,13335,US,False,NAMECHEAP INC,2,365,True,0,False,False,,benign,no_adverse_signal
sanjuansunday.com,2026-07-21,17,2.6612262562697895,0.0,0,0.625,-7.054813043478261,low,0.5,2,0.5384615384615384,False,NOERROR,0,,0,2,False,False,0,,,,"Cloudflare, Inc.",2,365,True,,,False,,benign,no_adverse_signal
kungminos.se,2026-07-21,12,2.94770277922009,0.0,0,0.5,-6.987126666666667,low,0.5714,3,0.8888888888888888,True,NOERROR,2,300,0,2,False,False,2,13335,US,False,Name.com LLC,3,365,False,0,False,False,,benign,no_adverse_signal
9wrf.shop,2026-07-21,9,2.0,0.1111111111111111,0,0.0,-11.787560000000001,low,0.5,3,1.0,True,NOERROR,6,60,0,2,False,True,0,8075,KR,False,,,,False,0,True,True,,malicious,spamhaus_zen
forgepointts.com,2026-07-21,16,3.2516291673878226,0.0,0,0.5,-6.952095238095238,low,0.6364,4,0.8333333333333334,True,NOERROR,4,14400,0,4,True,False,0,53831,US,False,Squarespace Domains LLC,2,1096,True,15,False,False,,benign,no_adverse_signal
twitchpointcommander.com,2026-07-21,24,3.5841837197791886,0.0,0,0.42857142857142855,-6.7468216216216215,low,0.5185,4,0.65,True,NOERROR,2,300,2,2,True,False,2,13335,US,False,"HOSTINGER operations, UAB",2,365,False,0,False,False,False,benign,no_adverse_signal
w87430824.vip,2026-07-21,13,2.725480556997868,0.6153846153846154,0,0.0,-11.48574,low,0.3333,1,0.7777777777777778,False,NOERROR,0,,0,2,False,False,0,,,,Dynadot Inc,2,365,True,,,True,,malicious,spamhaus_dbl
youdont.my.id,2026-07-21,13,2.5216406363433186,0.0,0,0.75,-6.555172727272727,low,0.7059,2,0.8571428571428571,True,NOERROR,1,14400,1,4,True,False,0,58487,ID,True,,,,False,0,False,False,False,benign,no_adverse_signal
autopflege24.berlin,2026-07-21,19,3.4182958340544896,0.10526315789473684,0,1.0,-7.6734857142857145,low,0.5217,3,0.9166666666666666,True,NOERROR,1,3600,2,4,True,False,1,8560,DE,True,,,,False,0,False,False,False,benign,no_adverse_signal
manazilalanan.com,2026-07-21,17,2.287783719941071,0.0,0,0.8571428571428571,-6.522060869565217,low,0.6,1,0.46153846153846156,True,NOERROR,2,3600,1,2,True,False,0,16509,US,True,"GoDaddy.com, LLC",2,1096,False,23,False,False,False,benign,no_adverse_signal
napolibet796.com,2026-07-21,16,3.584962500721156,0.1875,0,0.8,-7.949976190476191,low,0.5,1,1.0,True,NOERROR,1,1800,5,2,True,False,0,22612,US,False,NAMECHEAP INC,2,365,True,0,False,False,False,benign,no_adverse_signal
389891.com,2026-07-21,10,1.9182958340544893,0.6,0,0.0,-10.35291111111111,low,0.2222,0,0.6666666666666666,False,NOERROR,0,,0,2,False,False,0,,,,Realtime Register B.V.,2,365,False,,,False,,benign,no_adverse_signal
covivio-at-alx.berlin,2026-07-21,21,3.09306920777189,0.0,2,1.0,-7.7878240000000005,low,0.5,2,0.6428571428571429,True,NOERROR,1,600,2,3,True,False,0,202108,DE,False,,,,False,0,False,False,False,benign,no_adverse_signal
betex.network,2026-07-21,13,1.9219280948873623,0.0,0,0.6666666666666666,-6.199142857142857,low,0.6,1,0.8,True,NOERROR,2,300,0,2,False,False,2,13335,US,False,,,,,0,False,False,,benign,no_adverse_signal
feiyuhuoma.com,2026-07-21,14,3.121928094887362,0.0,0,1.5,-8.644294117647059,low,0.5,1,0.9,False,NOERROR,0,,0,2,False,False,0,,,,"Gransy, s.r.o.",2,365,False,,,False,,benign,no_adverse_signal
pgimusy.com,2026-07-21,11,2.807354922057604,0.0,0,0.4,-8.177181818181818,low,0.5455,2,1.0,True,NOERROR,2,300,0,2,False,False,2,13335,US,False,Realtime Register B.V.,2,365,False,0,False,False,,benign,no_adverse_signal
aeoikit.com,2026-07-21,11,2.521640636343318,0.0,0,2.5,-7.977409090909091,low,0.5882,1,0.8571428571428571,True,NOERROR,2,3600,0,2,False,False,0,16509,US,True,"GoDaddy.com, LLC",2,365,False,23,False,False,,benign,no_adverse_signal
simpleht.app,2026-07-21,12,3.0,0.0,0,0.3333333333333333,-7.285584615384615,low,0.5714,3,1.0,True,NOERROR,2,300,0,2,False,False,2,13335,US,False,,,,False,0,False,False,,benign,no_adverse_signal
amcap.online,2026-07-21,12,1.9219280948873623,0.0,0,0.6666666666666666,-7.146371428571428,medium,0.5455,2,0.8,True,NOERROR,2,3600,1,2,True,False,0,16509,US,True,"GoDaddy.com, LLC",2,365,False,56,False,False,,malicious,abuseipdb
jgse5.top,2026-07-21,9,2.321928094887362,0.1111111111111111,0,0.3333333333333333,-9.694257142857142,high,0.4615,3,1.0,False,NOERROR,0,,0,4,False,False,0,,,,NameMart Pte. Ltd.,2,365,False,,,True,,malicious,spamhaus_dbl
an902.top,2026-07-21,9,2.321928094887362,0.3333333333333333,0,1.0,-9.939171428571427,high,0.5,1,1.0,True,NOERROR,2,300,0,2,False,False,2,13335,US,False,"NameSilo, LLC",2,365,False,0,False,False,,benign,no_adverse_signal
telemar.co,2026-07-21,10,2.5216406363433186,0.0,0,0.75,-5.946990909090909,low,0.7143,1,0.8571428571428571,False,timeout,0,,0,0,False,False,0,,,,Above.com Pty Ltd.,1,365,False,,,False,,benign,no_adverse_signal
lpo88mpo.com,2026-07-21,12,2.25,0.16666666666666666,0,0.5,-9.332269230769231,low,0.4615,2,0.625,True,NOERROR,2,300,0,2,False,False,2,13335,US,False,Dominet (HK) Limited,2,365,False,0,False,False,,benign,no_adverse_signal
venividitravel.com.pl,2026-07-21,21,2.9852281360342525,0.0,0,0.75,-6.490768,low,0.6,2,0.6428571428571429,True,NOERROR,1,3600,1,2,True,False,0,203417,PL,True,LH.pl Sp. z o.o.,4,365,False,0,False,False,False,benign,no_adverse_signal
helloleedsproperty.com,2026-07-21,22,3.127986806877675,0.0,0,0.5,-6.654403030303031,low,0.4615,4,0.5555555555555556,True,NOERROR,1,3600,1,2,True,False,0,209242,US,True,"GoDaddy.com, LLC",2,365,False,0,False,False,False,benign,no_adverse_signal
236.hk,2026-07-21,6,1.584962500721156,0.5,0,0.0,-9.0381,low,0.6667,0,1.0,False,NOERROR,0,,0,2,False,False,0,,,,Dynadot Inc.,4,365,False,,,False,,benign,no_adverse_signal
nackenfaltenmessung.berlin,2026-07-21,26,3.3660913291191914,0.0,0,0.46153846153846156,-6.839734285714286,low,0.4615,2,0.631578947368421,True,NOERROR,1,3600,1,2,False,False,0,21499,DE,True,,,,False,0,False,False,False,benign,no_adverse_signal
365ag0407.cc,2026-07-21,12,2.94770277922009,0.5833333333333334,0,1.0,-10.766646666666666,low,0.5,1,0.8888888888888888,False,NOERROR,0,,0,2,False,False,0,,,,Gname.com Pte. Ltd.,3,365,True,,,True,,malicious,spamhaus_dbl
pkellc.com,2026-07-21,10,2.251629167387823,0.0,0,0.2,-7.796666666666667,low,0.6,3,0.8333333333333334,False,NOERROR,0,,1,4,True,False,0,,,,"Wild West Domains, LLC",2,365,False,,,False,False,benign,no_adverse_signal
athleteangels.online,2026-07-21,20,2.873140679513133,0.0,0,0.625,-6.644839130434782,medium,0.7273,3,0.6153846153846154,True,NOERROR,1,50,0,2,False,False,0,47583,CY,False,"HOSTINGER operations, UAB",2,365,False,32,False,False,,benign,no_adverse_signal
dosamores.com,2026-07-21,13,2.725480556997868,0.0,0,0.8,-6.381633333333334,low,0.5714,1,0.7777777777777778,True,NOERROR,1,3600,0,0,False,False,0,40034,VG,False,Atlantic Domains LLC,2,365,False,0,False,False,,benign,no_adverse_signal
casibom-mobilgirstr2026.vip,2026-07-21,27,3.7950885863977324,0.14814814814814814,1,0.5,-7.9044255813953495,low,0.4211,4,0.6521739130434783,True,NOERROR,2,300,0,2,False,False,2,13335,US,False,"NICENIC INTERNATIONAL GROUP CO., LIMITED",2,365,True,0,False,True,,malicious,spamhaus_dbl
soulofawarrior.ai,2026-07-21,17,2.9852281360342516,0.0,0,1.0,-7.313656,low,0.48,2,0.6428571428571429,True,NOERROR,2,600,0,2,False,False,0,16509,US,True,"GoDaddy.com, LLC",10,731,True,35,False,False,,benign,no_adverse_signal
3330kh.net,2026-07-21,10,1.7924812503605778,0.4,0,0.0,-11.04951111111111,low,0.4444,2,0.6666666666666666,True,NOERROR,2,300,0,2,False,False,2,13335,US,False,Dynadot Inc,3,365,False,0,False,False,,benign,no_adverse_signal
trohjm.store,2026-07-21,12,2.584962500721156,0.0,0,0.2,-9.17918888888889,low,0.6,3,1.0,True,NOERROR,1,7200,0,4,False,False,1,13335,CA,True,,,,False,0,False,False,,benign,no_adverse_signal
195338.cc,2026-07-21,9,2.251629167387823,0.6666666666666666,0,0.0,-11.257988888888889,low,0.4444,0,0.8333333333333334,True,NOERROR,1,600,0,2,False,True,0,16509,KR,True,Porkbun LLC,3,365,False,0,False,False,,benign,no_adverse_signal
4u86.com,2026-07-21,8,2.0,0.375,0,1.0,-12.12462,low,0.2857,0,1.0,False,NOERROR,0,,0,2,False,False,0,,,,"NameSilo, LLC",2,365,True,,,False,,benign,no_adverse_signal
class-nakamura.com,2026-07-21,18,3.09306920777189,0.0,1,0.625,-7.198156,low,0.5,2,0.7142857142857143,False,NOERROR,0,,0,2,False,False,0,,,,Gname 187 Inc,2,365,False,,,False,,benign,no_adverse_signal
home-aobo.com,2026-07-21,13,2.6416041678685933,0.0,1,1.6666666666666667,-7.562313333333334,low,0.5333,1,0.7777777777777778,True,NOERROR,1,600,0,2,False,False,0,58658,BR,False,Eranet International Limited,2,365,False,0,False,False,,benign,no_adverse_signal
karen20260719.xyz,2026-07-21,17,3.3927474104487847,0.47058823529411764,0,0.6666666666666666,-9.144026086956522,high,0.4,1,0.8461538461538461,False,NOERROR,0,,0,2,False,False,0,,,,Alibaba Cloud Computing Ltd. d/b/a HiChina (www.net.cn),3,365,False,,,False,,benign,no_adverse_signal
balance-yzic.xyz,2026-07-21,16,3.2516291673878226,0.0,1,0.5714285714285714,-7.603890476190476,high,0.5263,2,0.8333333333333334,True,NOERROR,2,300,0,2,False,False,2,13335,US,False,NAMECHEAP INC,2,365,True,0,False,False,,benign,no_adverse_signal
autocomfy.asia,2026-07-21,14,2.94770277922009,0.0,0,0.8,-7.29454,low,0.5,3,0.8888888888888888,False,NXDOMAIN,0,,0,0,False,False,0,,,,,,,False,,,False,,benign,no_adverse_signal
6zry.shop,2026-07-21,9,2.0,0.1111111111111111,0,0.0,-11.57818,low,0.4444,3,1.0,True,NOERROR,6,60,0,2,False,True,0,8075,KR,False,,,,False,0,True,True,,malicious,spamhaus_zen
shrimp.guide,2026-07-21,12,2.584962500721156,0.0,0,0.2,-7.244488888888889,low,0.6667,3,1.0,True,NOERROR,3,3603,0,3,False,False,0,63949,US,True,,,,,9,False,False,,benign,no_adverse_signal
jr-personaltraining.club,2026-07-21,24,3.536886723742167,0.0,1,0.5,-6.6898800000000005,low,0.4444,3,0.6842105263157895,False,NOERROR,0,,0,2,True,False,0,,,,"Cloudflare, Inc.",2,365,True,,,False,,benign,no_adverse_signal
skipperbrunch.berlin,2026-07-21,20,3.3927474104487847,0.0,0,0.3,-7.1899043478260865,low,0.4762,3,0.8461538461538461,True,NOERROR,1,150,1,2,False,False,1,6724,DE,True,,,,False,0,False,False,False,benign,no_adverse_signal
h0666.com,2026-07-21,9,1.3709505944546687,0.4444444444444444,0,0.0,-10.798042857142857,low,0.25,1,0.6,False,NOERROR,0,,0,2,False,False,0,,,,"GMO Internet, Inc.",2,365,True,,,False,,benign,no_adverse_signal
9281540.xyz,2026-07-21,11,2.807354922057604,0.6363636363636364,0,0.0,-11.160072727272727,high,0.3333,0,1.0,True,NOERROR,1,600,0,2,False,False,0,14061,CA,False,Dominet (HK) Limited,2,365,False,13,False,False,,benign,no_adverse_signal
lazydaisydesign.com,2026-07-21,19,3.2402239289418517,0.0,0,0.5,-7.613396296296297,low,0.5,3,0.6666666666666666,True,NOERROR,1,14400,0,3,False,False,0,45638,AU,True,Synergy Wholesale Accreditations Pty Ltd,2,365,True,0,False,False,,benign,no_adverse_signal
slaptosurvive.wiki,2026-07-21,18,3.3927474104487847,0.0,0,0.625,-7.008469565217391,low,0.5385,2,0.8461538461538461,True,NOERROR,2,300,0,2,False,False,2,13335,US,False,"Spaceship, Inc.",2,365,True,0,False,False,,benign,no_adverse_signal
korea-up.com,2026-07-21,12,3.0,0.0,1,1.3333333333333333,-7.477646153846154,low,0.5455,1,1.0,True,NOERROR,1,3600,2,4,True,False,1,8560,DE,True,IONOS SE,2,365,True,14,False,False,False,benign,no_adverse_signal
florim.online,2026-07-21,13,2.584962500721156,0.0,0,0.5,-6.5601,medium,0.7273,2,1.0,True,NOERROR,2,3600,1,2,True,False,0,16509,US,True,"GoDaddy.com, LLC",2,365,False,26,False,False,,benign,no_adverse_signal
yandtp.ru,2026-07-21,9,2.584962500721156,0.0,0,0.2,-7.433777777777777,low,0.6667,4,1.0,False,NXDOMAIN,0,,0,0,False,False,0,,,,REGTIME-RU,3,365,False,,,False,,benign,no_adverse_signal
pajagan.cloud,2026-07-21,13,2.1280852788913944,0.0,0,0.75,-7.508663636363636,low,0.5,1,0.7142857142857143,False,timeout,0,,0,0,False,False,0,,,,CV. Rumahweb Indonesia,280,365,False,,,False,,benign,no_adverse_signal
thewavea.com,2026-07-21,12,2.5,0.0,0,1.0,-6.951830769230769,low,0.5333,2,0.75,True,NOERROR,1,50,0,2,False,False,0,47583,CY,False,"HOSTINGER operations, UAB",2,1096,False,32,False,False,,benign,no_adverse_signal
37498.my,2026-07-21,8,2.321928094887362,0.625,0,0.0,-10.946971428571429,low,0.25,0,1.0,True,NOERROR,1,600,0,2,False,True,0,16509,KR,True,"Dynadot, LLC",3,365,True,0,False,False,,benign,no_adverse_signal
emporio-store.fr,2026-07-21,16,3.0269868333592873,0.0,1,1.0,-6.5988,low,0.5385,2,0.6923076923076923,False,NOERROR,0,,3,2,True,False,0,,,,EPAG Domainservices GmbH,2,364,False,,,False,False,benign,no_adverse_signal
rosenthaler.berlin,2026-07-21,18,3.0957952550009344,0.0,0,0.5714285714285714,-6.230652631578947,low,0.5882,3,0.8181818181818182,True,NOERROR,1,316,2,3,True,False,0,202108,DE,True,,,,False,0,False,False,False,benign,no_adverse_signal
visahq.store,2026-07-21,12,2.584962500721156,0.0,0,0.5,-7.700333333333333,low,0.5714,2,1.0,True,NOERROR,2,3600,1,2,True,False,0,16509,US,True,,,,False,56,False,False,,malicious,abuseipdb
plaza-immobilien.berlin,2026-07-21,23,3.327819531114783,0.0,1,0.875,-7.271713793103449,low,0.5833,2,0.6875,True,NOERROR,1,86400,2,4,True,False,0,15456,DE,True,,,,False,0,False,False,False,benign,no_adverse_signal
ringschmiede.berlin,2026-07-21,19,3.2516291673878226,0.0,0,0.5,-7.0485380952380945,low,0.5263,6,0.8333333333333334,True,NOERROR,1,150,1,2,False,False,0,53831,US,False,,,,False,44,False,False,False,benign,no_adverse_signal
nickpalazzo.site,2026-07-21,16,3.095795255000934,0.0,0,0.5714285714285714,-7.2940736842105265,medium,0.4706,3,0.8181818181818182,True,NOERROR,5,600,0,2,False,False,5,63949,DE,True,"GMO Internet, Inc.",2,365,True,1,False,False,,benign,no_adverse_signal
akashx.berlin,2026-07-21,13,2.2516291673878226,0.0,0,0.5,-7.790255555555556,low,0.6667,3,0.8333333333333334,False,SERVFAIL,0,,0,0,False,False,0,,,,,,,False,,,False,,benign,no_adverse_signal
bogatzroofer.com,2026-07-21,16,3.0220552088742005,0.0,0,0.7142857142857143,-8.02014761904762,low,0.5263,3,0.75,True,NOERROR,2,600,0,2,False,False,0,16509,US,True,"GoDaddy.com, LLC",2,365,False,35,False,False,,benign,no_adverse_signal
fight-academy.berlin,2026-07-21,20,3.546593564294939,0.0,1,0.5,-7.373286956521739,low,0.5,3,0.9230769230769231,True,NOERROR,1,3600,2,4,True,False,0,24940,FI,True,,,,False,0,False,False,False,benign,no_adverse_signal
bigthinkcapitalco.com,2026-07-21,21,3.4548223999466066,0.0,0,0.5454545454545454,-7.0664,low,0.5,3,0.7058823529411765,False,NOERROR,0,,1,2,True,False,0,,,,"Spaceship, Inc.",2,365,False,,,False,False,benign,no_adverse_signal
opdlza.com,2026-07-21,10,2.584962500721156,0.0,0,0.5,-9.303977777777778,low,0.5455,4,1.0,True,NOERROR,2,300,0,2,False,False,2,13335,US,False,NAMECHEAP INC,2,365,True,0,False,False,,benign,no_adverse_signal
max-logic.club,2026-07-21,14,3.169925001442312,0.0,1,0.6,-7.726640000000001,low,0.4706,1,1.0,False,timeout,0,,0,0,False,False,0,,,,Global Domain Group LLC,2,365,True,,,False,,benign,no_adverse_signal
bocok63.online,2026-07-21,14,2.5216406363433186,0.14285714285714285,0,0.6666666666666666,-9.494918181818182,medium,0.5714,1,0.8571428571428571,False,NOERROR,0,,0,2,False,False,0,,,,NAMECHEAP INC,2,365,False,,,False,,benign,no_adverse_signal
locksmith.berlin,2026-07-21,16,3.169925001442312,0.0,0,0.2857142857142857,-7.0512266666666665,low,0.5263,4,1.0,True,NOERROR,1,86400,2,4,True,False,0,48324,DE,True,,,,False,0,False,False,False,benign,no_adverse_signal
talkmasters.berlin,2026-07-21,18,2.9139770731827523,0.0,0,0.375,-6.415363157894737,low,0.6316,3,0.7272727272727273,True,NOERROR,1,3600,0,2,False,False,0,24940,DE,True,,,,False,0,False,False,,benign,no_adverse_signal
saptakdigital.co.in,2026-07-21,19,3.0269868333592873,0.0,0,0.625,-7.087730434782609,low,0.5714,2,0.6923076923076923,True,NOERROR,2,300,0,2,False,False,2,13335,US,False,NAMECHEAP INC,4,365,True,0,False,False,,benign,no_adverse_signal
dawne.pl,2026-07-21,8,2.321928094887362,0.0,0,0.6666666666666666,-7.944414285714286,low,0.5455,2,1.0,True,NOERROR,1,3600,1,2,True,False,0,24940,DE,True,"Fourth Dropcatchers, LLC",3,365,False,0,False,False,False,benign,no_adverse_signal
thetruesites.com,2026-07-21,16,2.6258145836939115,0.0,0,0.7142857142857143,-6.419638095238095,low,0.5714,2,0.5833333333333334,True,NOERROR,1,1800,5,2,True,False,0,22612,US,False,NAMECHEAP INC,2,365,True,0,False,False,False,benign,no_adverse_signal
signdesign.berlin,2026-07-21,17,2.521928094887362,0.0,0,0.42857142857142855,-6.935376470588235,low,0.5556,3,0.6,True,NOERROR,1,3600,2,4,True,False,1,8560,DE,True,,,,False,0,False,False,False,benign,no_adverse_signal
veganskmat.se,2026-07-21,13,3.121928094887362,0.0,0,0.42857142857142855,-7.046123529411765,low,0.5333,4,0.9,True,NOERROR,2,3600,0,2,False,False,0,39570,SE,False,Loopia AB,3,365,False,2,False,False,,benign,no_adverse_signal
queerspaces.berlin,2026-07-21,18,2.8453509366224368,0.0,0,0.8333333333333334,-6.701305263157895,low,0.5263,3,0.7272727272727273,True,NOERROR,1,150,1,2,False,False,1,6724,DE,True,,,,False,0,False,False,False,benign,no_adverse_signal
orjinal.life,2026-07-21,12,2.807354922057604,0.0,0,0.75,-7.502272727272728,low,0.6154,2,1.0,True,NOERROR,2,300,0,2,False,False,2,13335,US,False,,,,False,0,False,True,,malicious,spamhaus_dbl
234933.lol,2026-07-21,10,1.7924812503605778,0.6,0,0.0,-10.665555555555555,low,0.2222,0,0.6666666666666666,False,NXDOMAIN,0,,0,0,False,False,0,,,,,,,False,,,False,,benign,no_adverse_signal
zyvora58.bar,2026-07-21,12,3.0,0.16666666666666666,0,0.5,-9.458484615384616,low,0.4615,3,1.0,True,NOERROR,2,600,0,2,False,False,0,16509,US,True,GoDaddy,2,365,False,35,False,False,,benign,no_adverse_signal
nanaslukis.my.id,2026-07-21,16,2.721928094887362,0.0,0,0.6666666666666666,-7.285270588235294,low,0.4762,2,0.7,True,NOERROR,2,300,0,2,False,False,2,13335,US,False,,,,False,0,False,False,,benign,no_adverse_signal
tech-guy.info,2026-07-21,13,3.0,0.0,1,0.4,-7.868461538461539,medium,0.5,2,1.0,False,NXDOMAIN,0,,0,0,False,False,0,,,,,,,,,,False,,benign,no_adverse_signal
smarthomeanddesk.com,2026-07-21,20,3.375,0.0,0,0.45454545454545453,-6.587548275862069,low,0.5833,3,0.6875,True,NOERROR,2,60,2,2,True,False,2,47583,CY,False,"HOSTINGER operations, UAB",2,365,False,0,False,False,False,benign,no_adverse_signal
kometa-casino-playfrt.top,2026-07-21,25,3.8801799226757367,0.0,2,0.5833333333333334,-7.086702564102564,high,0.4324,4,0.7619047619047619,True,NOERROR,1,300,0,2,False,False,0,204601,NL,True,"NameSilo, LLC",3,365,True,0,False,False,,benign,no_adverse_signal
geriatrie.berlin,2026-07-21,16,2.5032583347756456,0.0,0,1.25,-6.32708,low,0.5882,2,0.6666666666666666,True,NOERROR,1,150,1,2,False,False,1,6724,DE,True,,,,False,0,False,False,False,benign,no_adverse_signal
swiftlink.cfd,2026-07-21,13,2.94770277922009,0.0,0,0.2857142857142857,-7.15046,low,0.625,3,0.8888888888888888,False,NOERROR,0,,0,2,False,False,0,,,,"Spaceship, Inc.",2,365,False,,,False,,benign,no_adverse_signal
ashstoneintelligence.com,2026-07-21,24,3.2841837197791888,0.0,0,0.6666666666666666,-6.369481081081082,low,0.4286,4,0.55,True,NOERROR,1,1800,5,2,True,False,0,22612,US,False,NAMECHEAP INC,2,1096,True,0,False,False,False,benign,no_adverse_signal
3w1-xyr.garden,2026-07-21,14,2.807354922057604,0.14285714285714285,1,0.0,-11.584972727272726,low,0.4,3,1.0,False,NOERROR,0,,0,2,False,False,0,,,,"Spaceship, Inc.",2,365,True,,,False,,benign,no_adverse_signal
lexpro.online,2026-07-21,13,2.584962500721156,0.0,0,0.5,-6.641844444444445,medium,0.625,3,1.0,True,NOERROR,2,3600,1,2,True,False,0,16509,US,True,"GoDaddy.com, LLC",2,365,False,56,False,False,,malicious,abuseipdb
g-a798a.garden,2026-07-21,14,2.5216406363433186,0.21428571428571427,1,2.0,-10.845854545454545,low,0.4286,1,0.8571428571428571,False,NOERROR,0,,0,2,False,False,0,,,,"Spaceship, Inc.",2,365,True,,,False,,benign,no_adverse_signal
werner-graf.berlin,2026-07-21,18,2.845350936622437,0.0,1,0.42857142857142855,-6.977505263157894,low,0.5263,2,0.7272727272727273,True,NOERROR,1,600,2,3,True,False,0,202108,DE,False,,,,False,0,False,False,False,benign,no_adverse_signal
hycleantek.com,2026-07-21,14,3.121928094887362,0.0,0,0.42857142857142855,-6.919482352941177,low,0.5556,4,0.9,False,NOERROR,0,,0,2,False,False,0,,,,Alibaba Cloud Computing Ltd. d/b/a HiChina (www.net.cn),3,365,False,,,False,,benign,no_adverse_signal
weliance.fr,2026-07-21,11,2.75,0.0,0,1.0,-6.24856923076923,low,0.6667,2,0.875,True,NOERROR,1,3600,2,4,True,False,1,8560,DE,True,IONOS SE,1,364,False,0,False,False,False,benign,no_adverse_signal
danochek22.xyz,2026-07-21,14,3.1219280948873624,0.14285714285714285,0,0.6,-8.000723529411765,high,0.5,2,0.9,True,NOERROR,1,300,0,2,False,False,0,215439,DE,False,Hosting Concepts B.V. d/b/a Registrar.eu,2,365,True,0,False,False,,benign,no_adverse_signal
ymd717f.top,2026-07-21,11,2.521640636343318,0.2727272727272727,0,0.0,-11.30909090909091,high,0.5,3,0.8571428571428571,True,NOERROR,2,300,0,2,False,False,2,13335,US,False,NAMECHEAP INC,2,365,True,0,False,False,,benign,no_adverse_signal
canabel-intl-group.store,2026-07-21,24,3.7254805569978675,0.0,2,0.6,-7.280115151515151,low,0.4667,3,0.7777777777777778,True,NOERROR,1,3600,2,4,True,False,1,8560,DE,True,,,,False,0,False,False,False,benign,no_adverse_signal
rechtsanwaelte.berlin,2026-07-21,21,3.182005814760214,0.0,0,0.5555555555555556,-7.290428,low,0.5385,4,0.7142857142857143,True,NOERROR,1,14399,1,2,True,False,0,47846,DE,False,,,,False,18,False,False,,benign,no_adverse_signal
q2sk.com,2026-07-21,8,2.0,0.125,0,0.0,-10.81194,low,0.5,2,1.0,False,NOERROR,0,,0,2,False,False,0,,,,"NameSilo, LLC",2,365,True,,,False,,benign,no_adverse_signal
rune.agency,2026-07-21,11,2.0,0.0,0,1.0,-6.6212800000000005,low,0.8571,1,1.0,True,NOERROR,1,14399,1,2,True,False,0,47846,DE,False,,,,,18,False,False,,benign,no_adverse_signal
prismdigitals.com,2026-07-21,17,3.180832987205441,0.0,0,0.4444444444444444,-6.893613043478261,low,0.4762,3,0.7692307692307693,False,NOERROR,0,,2,2,True,False,0,,,,NAMECHEAP INC,2,365,True,,,False,False,benign,no_adverse_signal
adhikkadam.com,2026-07-21,14,2.4464393446710155,0.0,0,0.6666666666666666,-7.758735294117648,low,0.5714,2,0.6,True,NOERROR,1,60,0,0,False,False,0,,,False,BigRock Solutions Ltd.,2,1096,True,0,False,False,,benign,no_adverse_signal
wildflowerboutique.org,2026-07-21,22,3.5032583347756456,0.0,0,0.8,-7.317551515151515,low,0.5517,4,0.6666666666666666,True,NOERROR,1,300,1,2,False,False,0,135905,VN,False,NAMECHEAP INC,2,365,True,17,True,False,False,malicious,spamhaus_zen
truzanerpic.us,2026-07-21,14,3.2776134368191165,0.0,0,0.5714285714285714,-7.166715789473684,low,0.5556,2,0.9090909090909091,True,NOERROR,2,300,0,2,False,False,2,13335,US,False,"Network Solutions, LLC",3,1826,False,0,False,False,,benign,no_adverse_signal
ifa88.xyz,2026-07-21,9,1.9219280948873623,0.2222222222222222,0,2.0,-9.109757142857143,high,0.4444,1,0.8,True,NOERROR,2,300,0,2,False,False,2,13335,US,False,Dynadot Inc,2,365,False,0,False,False,,benign,no_adverse_signal
34s0.buzz,2026-07-21,9,2.0,0.3333333333333333,0,0.0,-11.58664,high,0.5714,1,1.0,True,NOERROR,2,300,0,2,False,False,2,13335,US,False,"Spaceship, Inc.",2,365,False,0,False,False,,benign,no_adverse_signal
asterivum.com,2026-07-21,13,3.169925001442312,0.0,0,0.8,-6.806393333333333,low,0.5882,2,1.0,True,NOERROR,2,60,2,2,True,False,2,47583,LT,False,"HOSTINGER operations, UAB",2,365,False,0,False,False,False,benign,no_adverse_signal
canopypages.com,2026-07-21,15,3.0957952550009344,0.0,0,0.5714285714285714,-7.144473684210527,low,0.625,3,0.8181818181818182,False,NOERROR,0,,0,2,False,False,0,,,,"Cloudflare, Inc.",2,365,True,,,False,,benign,no_adverse_signal
noreastlife.com,2026-07-21,15,3.277613436819116,0.0,0,0.8333333333333334,-6.464047368421053,low,0.625,3,0.9090909090909091,True,NOERROR,2,3600,0,2,False,False,0,16509,US,True,"GoDaddy.com, LLC",2,365,False,23,False,False,,benign,no_adverse_signal
bf9jo.top,2026-07-21,9,2.321928094887362,0.1111111111111111,0,0.3333333333333333,-11.732,high,0.4,2,1.0,False,NOERROR,0,,0,4,False,False,0,,,,NameMart Pte. Ltd.,2,365,False,,,False,,benign,no_adverse_signal
annisarochadiat.com,2026-07-21,19,3.106890595608518,0.0,0,0.875,-6.614881481481482,low,0.5185,2,0.6666666666666666,True,NOERROR,2,900,1,2,False,False,0,16509,NL,True,"TUCOWS.COM, CO.",2,365,True,1,False,False,False,benign,no_adverse_signal
fpgr.org,2026-07-21,8,2.0,0.0,0,0.0,-9.46956,low,0.5714,4,1.0,True,NOERROR,1,60,2,3,True,False,0,26347,US,True,"GKG.NET, INC.",9153,10957,False,0,False,False,False,benign,no_adverse_signal
k74app.bet,2026-07-21,10,2.2516291673878226,0.2,0,0.3333333333333333,-10.23481111111111,low,0.5455,2,0.8333333333333334,True,NOERROR,1,300,0,2,False,False,0,206834,DE,False,,,,,22,False,False,,benign,no_adverse_signal
tailmorrow.click,2026-07-21,16,2.9219280948873623,0.0,0,0.6666666666666666,-6.907894117647059,medium,0.5714,2,0.8,True,NOERROR,2,300,3,2,True,False,2,13335,US,False,"Dynadot, LLC",2,365,False,0,False,False,False,benign,no_adverse_signal
jinjieinc.com,2026-07-21,13,2.197159723424149,0.0,0,0.8,-7.651613333333334,low,0.5882,2,0.5555555555555556,True,NOERROR,1,1,0,2,False,False,0,54600,US,False,"GMO Internet, Inc.",2,365,True,0,False,False,,benign,no_adverse_signal
dashadima-club.ru,2026-07-21,17,3.3248629576173574,0.0,1,0.625,-7.01424,low,0.48,2,0.7857142857142857,True,NOERROR,1,3600,2,2,True,False,1,197695,RU,True,REGRU-RU,3,365,False,0,False,False,False,benign,no_adverse_signal
savefs5.berlin,2026-07-21,14,2.5216406363433186,0.07142857142857142,0,0.5,-8.642418181818181,low,0.5,2,0.8571428571428571,False,NOERROR,0,,0,2,False,False,0,,,,,,,False,,,False,,benign,no_adverse_signal
sixseven.co,2026-07-21,11,2.5,0.0,0,0.6,-7.419323076923077,low,0.5714,2,0.75,False,SERVFAIL,0,,0,0,False,False,0,,,,GrepApps Technology Inc.,5,365,False,,,False,,benign,no_adverse_signal
bylinewithheld.com,2026-07-21,18,3.2359263506290334,0.0,0,0.4,-7.229692,low,0.5263,3,0.7142857142857143,True,NOERROR,2,1800,0,2,False,False,0,13335,US,False,"Spaceship, Inc.",2,365,False,0,False,False,,benign,no_adverse_signal
788b.onl,2026-07-21,8,1.5,0.375,0,0.0,-10.01314,low,0.2857,1,0.75,True,NOERROR,2,300,0,2,False,False,2,13335,US,False,,,,,0,False,False,,benign,no_adverse_signal
xn--gnndir-wxa.berlin,2026-07-21,21,2.9852281360342525,0.0,3,0.2222222222222222,-8.944852,low,0.4545,4,0.6428571428571429,False,NOERROR,0,,0,3,False,False,0,,,,,,,False,,,False,,benign,no_adverse_signal
6iice.com,2026-07-21,9,1.9219280948873623,0.1111111111111111,0,3.0,-9.505371428571427,low,0.6154,1,0.8,True,NOERROR,2,600,0,2,False,False,0,16509,US,True,"GoDaddy.com, LLC",2,1096,False,35,False,False,,benign,no_adverse_signal
world-le-yu-tiyu.com.cn,2026-07-21,23,3.327819531114783,0.0,3,0.625,-8.521448275862069,low,0.5,3,0.6875,True,NOERROR,1,600,0,2,False,False,0,132839,CL,False,Web Commerce Communications Limited,3,365,False,0,False,True,,malicious,spamhaus_dbl
mysecondinning.com,2026-07-21,18,3.09306920777189,0.0,0,0.4,-6.423824,low,0.5,3,0.7142857142857143,True,NOERROR,2,600,0,2,False,False,0,16509,US,True,"GoDaddy.com, LLC",2,365,False,35,False,False,,benign,no_adverse_signal
ndarutezano.my.id,2026-07-21,17,3.0957952550009344,0.0,0,0.8333333333333334,-7.198405263157895,low,0.5556,2,0.8181818181818182,True,NOERROR,2,60,1,2,True,False,2,47583,CY,False,,,,False,0,False,False,False,benign,no_adverse_signal
hilltoptennis.org,2026-07-21,17,3.085055102756477,0.0,0,0.4444444444444444,-6.930400000000001,low,0.6,3,0.6923076923076923,True,NOERROR,2,300,0,2,False,False,2,13335,US,False,NAMECHEAP INC,2,365,True,0,False,False,,benign,no_adverse_signal
jamaicaseasonings.com,2026-07-21,21,3.1018812234760182,0.0,0,0.8888888888888888,-6.384177419354839,low,0.5,3,0.5882352941176471,True,NOERROR,1,1800,2,2,True,False,1,47583,US,False,"HOSTINGER operations, UAB",2,365,False,0,False,False,False,benign,no_adverse_signal
dachdeckerei-schmidt.berlin,2026-07-21,27,3.4086949695628417,0.0,1,0.46153846153846156,-7.450635135135135,low,0.4667,4,0.6,False,NOERROR,0,,1,4,True,False,0,,,,,,,False,,,False,,benign,no_adverse_signal
4526729.xyz,2026-07-21,11,2.5216406363433186,0.6363636363636364,0,0.0,-11.607109090909091,high,0.2,0,0.8571428571428571,True,NOERROR,1,14400,3,2,True,False,0,22612,US,True,"Spaceship, Inc.",2,365,False,0,False,False,False,benign,no_adverse_signal
valuetreeingredients.com,2026-07-21,24,3.3414460711655214,0.0,0,0.8181818181818182,-6.584281081081081,low,0.5,3,0.6,True,NOERROR,4,14400,1,4,True,False,0,53831,US,False,Squarespace Domains II LLC,2,365,True,15,False,False,False,benign,no_adverse_signal
neemasipco.ca,2026-07-21,13,3.121928094887362,0.0,0,1.0,-6.934117647058823,low,0.5882,2,0.9,True,NOERROR,1,1799,1,2,True,False,0,16509,US,True,Go Get Canada Domain Registrar Ltd.,12,365,False,30,False,False,False,benign,no_adverse_signal
taskbarhero-wiki.com,2026-07-21,20,3.5,0.0,1,0.6666666666666666,-7.542772413793103,low,0.4828,3,0.75,True,NOERROR,2,300,0,2,False,False,2,13335,US,False,"Spaceship, Inc.",2,365,False,0,False,False,,benign,no_adverse_signal
berufsbekleidung-berlin.berlin,2026-07-21,30,3.5342190211803413,0.0,1,0.5714285714285714,-7.613025581395348,low,0.3684,3,0.5652173913043478,True,NOERROR,1,150,1,2,False,False,1,6724,DE,True,,,,False,0,False,False,False,benign,no_adverse_signal
5micron.berlin,2026-07-21,14,2.807354922057604,0.07142857142857142,0,0.5,-7.314236363636365,low,0.625,2,1.0,True,NOERROR,1,150,1,2,False,False,0,8881,DE,True,,,,False,0,False,False,False,benign,no_adverse_signal
fdlpefpwefwelpf.xyz,2026-07-21,19,2.4729055953200563,0.0,0,0.25,-9.246059259259258,high,0.4,4,0.4,True,NOERROR,1,14400,1,4,True,False,0,214036,DE,True,"Ultahost, Inc.",3,365,True,0,True,True,True,malicious,spamhaus_zen
bayaandev.click,2026-07-21,15,2.6416041678685933,0.0,0,0.8,-7.034566666666667,medium,0.6667,2,0.7777777777777778,False,NOERROR,0,,0,4,False,False,0,,,,"Amazon Registrar, Inc.",2,365,True,,,False,,benign,no_adverse_signal
systems-desk-tech.top,2026-07-21,21,3.1018812234760182,0.0,2,0.25,-7.185167741935484,high,0.5,4,0.5882352941176471,False,NOERROR,0,,0,2,False,False,0,,,,PDR Ltd. d/b/a PublicDomainRegistry.com,2,365,False,,,False,,benign,no_adverse_signal
herzgesund.berlin,2026-07-21,17,3.121928094887362,0.0,0,0.42857142857142855,-7.753558823529411,low,0.5263,3,0.9,True,NOERROR,1,3600,2,4,True,False,1,8560,DE,True,,,,False,1,False,False,False,benign,no_adverse_signal
magicchinacafe.com,2026-07-21,18,2.9852281360342516,0.0,0,0.75,-6.886568,low,0.5714,3,0.6428571428571429,True,NOERROR,2,300,0,2,False,False,2,13335,US,False,NAMECHEAP INC,2,365,True,0,False,False,,benign,no_adverse_signal
isofenster.berlin,2026-07-21,17,2.9219280948873623,0.0,0,0.6666666666666666,-6.3686823529411765,low,0.625,3,0.8,True,NOERROR,1,14399,1,2,True,False,0,47846,DE,False,,,,False,18,False,False,,benign,no_adverse_signal
houdinisolutions.co,2026-07-21,19,3.0306390622295662,0.0,0,1.0,-6.405779310344827,low,0.6111,2,0.5625,True,NOERROR,2,600,0,2,False,False,0,16509,US,True,"GoDaddy.com, LLC",17,365,False,35,False,False,,benign,no_adverse_signal
bonlista.com,2026-07-21,12,3.0,0.0,0,0.6,-6.019900000000001,low,0.6667,2,1.0,True,NOERROR,1,7200,1,3,True,False,1,24940,DE,True,Hetzner Online GmbH,2,365,True,0,False,False,False,benign,no_adverse_signal
ukflooringdepotoutlet.shop,2026-07-21,26,3.4992275417233567,0.0,0,0.75,-7.072612820512821,low,0.4444,3,0.6190476190476191,True,NOERROR,1,300,0,2,False,False,0,,GE,False,,,,False,0,False,False,,benign,no_adverse_signal
startupspouse.org,2026-07-21,17,2.873140679513133,0.0,0,0.625,-6.711930434782609,low,0.5263,3,0.6153846153846154,True,NOERROR,1,1799,5,2,True,False,0,54113,US,False,NAMECHEAP INC,2,365,True,0,False,False,False,benign,no_adverse_signal
pedalandpress.com,2026-07-21,17,2.931208948910323,0.0,0,0.4444444444444444,-6.443769565217392,low,0.6087,4,0.6153846153846154,True,NOERROR,2,600,0,2,False,False,0,16509,US,True,"GoDaddy.com, LLC",2,1096,False,35,False,False,,benign,no_adverse_signal
ip-lawyer.berlin,2026-07-21,16,3.169925001442312,0.0,1,0.6,-8.19156,low,0.5556,2,1.0,True,NOERROR,1,150,1,2,False,False,1,8560,DE,True,,,,False,0,False,False,False,benign,no_adverse_signal
shkola-iskatelej.info,2026-07-21,21,3.375,0.0,1,0.6666666666666666,-7.511148275862069,medium,0.48,3,0.6875,True,NOERROR,1,3600,0,2,True,False,0,133618,US,True,,,,,0,False,False,,benign,no_adverse_signal
daviserrapsi.com.br,2026-07-21,19,2.918295834054489,0.0,0,0.7142857142857143,-6.777,low,0.6316,2,0.6666666666666666,True,NOERROR,2,120,0,4,False,False,2,16509,DE,True,,36,365,False,15,False,False,,benign,no_adverse_signal
bmart.online,2026-07-21,12,2.321928094887362,0.0,0,0.25,-6.5568,medium,0.6667,2,1.0,True,NOERROR,2,3600,1,2,True,False,0,16509,US,True,"GoDaddy.com, LLC",2,365,False,56,False,False,,malicious,abuseipdb
urban-services.berlin,2026-07-21,21,3.378783493486176,0.0,1,0.625,-6.60982,low,0.7407,2,0.7857142857142857,True,NOERROR,1,600,2,3,True,False,1,8560,DE,True,,,,False,0,False,False,False,benign,no_adverse_signal
audiovisualdesigngroup.com,2026-07-21,26,3.572623663895163,0.0,0,1.0,-7.0623609756097565,low,0.5294,4,0.5909090909090909,True,NOERROR,2,3600,1,2,True,False,0,16509,US,True,BlockHost LLC,2,365,True,56,False,False,,malicious,abuseipdb
artifexmemor.com,2026-07-21,16,3.084962500721156,0.0,0,0.7142857142857143,-7.1974,low,0.5263,2,0.75,True,NOERROR,1,300,5,2,True,False,0,396982,US,True,NAMECHEAP INC,2,365,True,0,True,False,False,malicious,spamhaus_zen
familybramble.online,2026-07-21,20,3.085055102756477,0.0,0,0.4444444444444444,-7.023626086956521,medium,0.5,4,0.6923076923076923,True,NOERROR,1,1799,5,2,True,False,0,16509,US,False,NAMECHEAP INC,2,365,True,0,False,False,False,benign,no_adverse_signal
ognizon.com,2026-07-21,11,2.2359263506290326,0.0,0,0.75,-7.597381818181819,low,0.7273,2,0.7142857142857143,True,NOERROR,1,50,0,2,False,False,0,47583,CY,False,"HOSTINGER operations, UAB",2,365,False,32,False,False,,benign,no_adverse_signal
mdi612.ru,2026-07-21,9,2.584962500721156,0.3333333333333333,0,0.5,-10.717822222222223,low,0.5455,2,1.0,True,NOERROR,1,3600,2,2,True,False,0,29182,RU,True,ARDIS-RU,3,365,False,0,False,False,False,benign,no_adverse_signal
flyingmachines.space,2026-07-21,20,3.521640636343319,0.0,0,0.4,-6.666735999999999,low,0.5,3,0.8571428571428571,False,NOERROR,0,,2,2,True,False,0,,,,"HOSTINGER operations, UAB",2,365,False,,,False,False,benign,no_adverse_signal
imt-b.berlin,2026-07-21,12,2.321928094887362,0.0,1,0.3333333333333333,-8.653642857142858,low,0.6667,2,1.0,True,NOERROR,1,3600,2,4,True,False,1,8560,FR,True,,,,False,0,False,False,False,benign,no_adverse_signal
pryvately.icu,2026-07-21,13,2.94770277922009,0.0,0,0.2857142857142857,-7.553446666666667,low,0.5333,4,0.8888888888888888,True,NOERROR,3,3600,1,2,True,False,0,63949,US,True,"NameSilo, LLC",366,730,True,0,False,False,True,benign,no_adverse_signal
axvafx.tech,2026-07-21,11,1.9182958340544893,0.0,0,0.5,-9.82941111111111,low,0.5455,2,0.6666666666666666,True,NOERROR,1,14400,1,2,False,False,1,47583,ID,True,"HOSTINGER operations, UAB",2,365,False,0,False,False,False,benign,no_adverse_signal
mercovita.shop,2026-07-21,14,3.169925001442312,0.0,0,0.8,-6.4089133333333335,low,0.5714,2,1.0,True,NOERROR,1,50,0,2,False,False,0,47583,CY,False,,,,False,32,False,False,,benign,no_adverse_signal
bmhcovwe.org,2026-07-21,12,3.0,0.0,0,0.3333333333333333,-9.484553846153846,low,0.5333,4,1.0,True,NOERROR,1,300,0,3,True,False,0,14618,US,True,"TUCOWS.COM, CO.",2,365,True,0,False,False,,benign,no_adverse_signal
veloxistore.com,2026-07-21,15,3.0957952550009344,0.0,0,0.8333333333333334,-6.500952631578947,low,0.5,2,0.8181818181818182,True,NOERROR,2,41,0,4,False,False,0,,US,False,Porkbun LLC,378,730,False,0,False,False,,benign,no_adverse_signal
0188tk.vip,2026-07-21,10,2.2516291673878226,0.4,0,0.0,-10.294133333333333,low,0.3333,2,0.8333333333333334,True,NOERROR,1,3600,0,2,False,False,0,135097,SC,False,"GoDaddy.com, LLC",2,365,True,0,False,False,,benign,no_adverse_signal
cxsolo.com,2026-07-21,10,2.251629167387823,0.0,0,0.5,-8.0216,low,0.5455,3,0.8333333333333334,True,NOERROR,4,14400,1,4,True,False,0,53831,US,False,Squarespace Domains II LLC,2,365,True,15,False,False,False,benign,no_adverse_signal
slowgirlies.com,2026-07-21,15,2.9139770731827523,0.0,0,0.5714285714285714,-7.547857894736842,low,0.5,2,0.7272727272727273,True,NOERROR,3,3600,1,2,True,False,0,58182,US,True,Wix.com Ltd.,2,365,False,17,False,False,False,benign,no_adverse_signal
rumboai.app,2026-07-21,11,2.807354922057604,0.0,0,1.3333333333333333,-7.489409090909091,low,0.5455,2,1.0,True,NOERROR,2,1800,1,2,False,False,0,16509,US,False,,,,False,0,False,False,False,benign,no_adverse_signal
www11cscs.com,2026-07-21,13,1.974937501201927,0.15384615384615385,0,0.0,-9.688026666666667,low,0.5,4,0.4444444444444444,True,NOERROR,1,300,0,2,False,False,0,8796,US,False,"Gransy, s.r.o.",2,365,False,0,False,False,,benign,no_adverse_signal
coreglpsante.shop,2026-07-21,17,3.418295834054489,0.0,0,0.5,-6.927895238095239,low,0.5556,4,0.9166666666666666,True,NOERROR,2,60,0,2,False,False,2,47583,LT,False,,,,False,0,False,False,,benign,no_adverse_signal
collectivesystems.info,2026-07-21,22,3.175123135113461,0.0,0,0.4166666666666667,-6.5507,medium,0.5,4,0.5882352941176471,True,NOERROR,1,3600,2,4,True,False,1,8560,DE,True,,,,,12,False,False,False,benign,no_adverse_signal
leakfinder.online,2026-07-21,17,3.121928094887362,0.0,0,0.6666666666666666,-6.852600000000001,medium,0.5714,2,0.9,True,NOERROR,1,600,2,4,True,False,0,9123,RU,False,PDR Ltd. d/b/a PublicDomainRegistry.com,2,365,False,0,False,False,False,benign,no_adverse_signal
rsprint.site,2026-07-21,12,2.5216406363433186,0.0,0,0.16666666666666666,-6.315072727272727,medium,0.6667,4,0.8571428571428571,True,NOERROR,2,3600,0,2,False,False,0,16509,US,True,"GoDaddy.com, LLC",2,365,False,23,False,False,,benign,no_adverse_signal
2026tz.shop,2026-07-21,11,2.2516291673878226,0.36363636363636365,0,0.0,-10.905277777777778,low,0.4444,2,0.8333333333333334,False,NOERROR,0,,0,2,False,False,0,,,,,,,False,,,False,,benign,no_adverse_signal
nareedayspa.com,2026-07-21,15,2.8453509366224368,0.0,0,0.8333333333333334,-6.60471052631579,low,0.5556,3,0.7272727272727273,True,NOERROR,3,14400,1,2,True,False,0,63949,US,True,"GMO Internet, Inc.",2,365,True,0,False,False,False,benign,no_adverse_signal
uw88.ws,2026-07-21,7,1.5,0.2857142857142857,0,1.0,-11.038640000000001,low,0.4,1,0.75,True,NOERROR,2,300,0,2,False,False,2,13335,US,False,,,,False,0,False,False,,benign,no_adverse_signal
crescendo.io.kr,2026-07-21,15,2.725480556997868,0.0,0,0.5,-6.361866666666667,low,0.5714,2,0.7777777777777778,True,NOERROR,1,600,0,3,False,False,0,16509,US,False,"Gabia, Inc.(http://www.gabia.co.kr)",4,365,False,0,False,False,,benign,no_adverse_signal
erronchikflowwoy.tech,2026-07-21,21,3.452819531114783,0.0,0,0.45454545454545453,-7.774210344827586,low,0.4286,3,0.75,True,NOERROR,1,600,2,4,True,False,0,207567,DE,False,"Regional Network Information Center, JSC dba RU-CENTER",2,365,True,0,True,False,False,malicious,spamhaus_zen
