domain,date_collected,domain_length,shannon_entropy,digit_ratio,hyphen_count,vowel_consonant_ratio,ngram_score,tld_risk_category,typosquatting_similarity,longest_consonant_run,unique_char_ratio,resolves_flag,rcode,num_a_records,min_ttl,mx_count,num_ns,has_spf,cname_present,num_aaaa_records,asn,geo_country,ptr_present,registrar,domain_age_days,registration_duration_days,privacy_protection_flag,abuseipdb_score,spamhaus_zen_listed,spamhaus_dbl_listed,mx_spamhaus_zen_listed,label,label_reason
sturqen.com,2026-07-29,11,2.807354922057604,0.0,0,0.4,-8.475254545454545,low,0.6154,2,1.0,True,NOERROR,2,300,0,2,False,False,2,13335,US,False,Dynadot Inc,3,365,False,0,False,False,,benign,no_adverse_signal
gentedifalchera.org,2026-07-29,19,3.456564762130954,0.0,0,0.6666666666666666,-6.523077777777778,low,0.5217,3,0.8,True,NOERROR,1,3600,3,2,True,False,0,16276,FR,True,OVH sas,738,1095,False,20,False,False,False,benign,no_adverse_signal
vitalpost.store,2026-07-29,15,2.94770277922009,0.0,0,0.5,-6.37976,low,0.5714,2,0.8888888888888888,True,NOERROR,2,300,0,2,False,False,2,13335,US,False,,,,False,0,False,False,,benign,no_adverse_signal
xhaeszld.top,2026-07-29,12,3.0,0.0,0,0.3333333333333333,-9.0216,high,0.5,4,1.0,False,NOERROR,0,,0,2,False,False,0,,,,GoDaddy.com,3,365,True,,,False,,benign,no_adverse_signal
xn--hu1b83jpnl8pa7e440ezqa79c.com,2026-07-29,33,4.306256857196537,0.30303030303030304,2,0.4166666666666667,-11.340361818181819,low,0.2632,4,0.7241379310344828,True,NOERROR,2,180,0,4,False,False,0,16509,US,True,"Megazone Corp., dba HOSTING.KR",4,365,True,0,False,False,,benign,no_adverse_signal
varmentguardbirdcontrol.com,2026-07-29,27,3.7409532604048397,0.0,0,0.4375,-7.056583720930234,low,0.5,3,0.6521739130434783,True,NOERROR,1,300,0,4,False,False,0,13335,DE,True,"Name.com, Inc.",3,365,True,64,False,False,,malicious,abuseipdb
fhdnem.shop,2026-07-29,11,2.584962500721156,0.0,0,0.2,-8.10651111111111,low,0.5455,4,1.0,True,NOERROR,1,300,0,2,False,False,0,63949,US,True,,,,False,13,False,False,,benign,no_adverse_signal
ecocompar.com,2026-07-29,13,2.725480556997868,0.0,0,0.8,-6.4604800000000004,low,0.5333,2,0.7777777777777778,True,NOERROR,1,21600,1,4,True,False,0,210403,FR,False,LWS dba Ligne Web Services,3,365,False,0,False,False,False,benign,no_adverse_signal
nimbusshore9.surf,2026-07-29,17,3.418295834054489,0.058823529411764705,0,0.5714285714285714,-7.341209523809524,low,0.4706,3,0.9166666666666666,True,NOERROR,1,20,0,2,False,False,0,209242,US,True,Dynadot Inc,3,365,True,0,False,False,,benign,no_adverse_signal
summitpatientllc.com,2026-07-29,20,3.327819531114783,0.0,0,0.45454545454545453,-7.222051724137931,low,0.5455,5,0.6875,True,NOERROR,1,300,0,2,False,False,0,206834,DE,False,Dynadot Inc,3,365,False,24,False,False,,benign,no_adverse_signal
pekedaca.blog,2026-07-29,13,2.5,0.0,0,1.0,-7.297507692307692,low,0.5,1,0.75,True,NOERROR,2,300,0,2,False,False,2,13335,US,False,"Spaceship, Inc.",3,365,True,0,False,False,,benign,no_adverse_signal
gikochan.net,2026-07-29,12,3.0,0.0,0,0.6,-7.143023076923077,low,0.5882,2,1.0,True,NOERROR,1,60,0,3,False,False,0,26347,US,True,DREAMHOST,4,365,True,0,False,False,,benign,no_adverse_signal
atheer.company,2026-07-29,14,2.251629167387823,0.0,0,1.0,-6.266555555555556,low,0.7692,2,0.8333333333333334,False,NOERROR,0,,1,2,True,False,0,,,,,,,,,,False,False,benign,no_adverse_signal
aipet3d.xyz,2026-07-29,11,2.807354922057604,0.09090909090909091,0,1.0,-8.436900000000001,high,0.5714,1,1.0,True,NOERROR,1,1800,0,2,False,False,0,22612,US,False,NAMECHEAP INC,3,365,True,0,False,False,,benign,no_adverse_signal
lomafira.com,2026-07-29,12,2.75,0.0,0,1.0,-6.928084615384615,low,0.5333,1,0.875,True,NOERROR,2,300,0,2,False,False,2,13335,US,False,"NameSilo, LLC",3,365,True,0,False,False,,benign,no_adverse_signal
luxurymewah.shop,2026-07-29,16,3.2776134368191165,0.0,0,0.5714285714285714,-8.14961052631579,low,0.381,3,0.9090909090909091,True,NOERROR,2,300,0,2,False,False,2,13335,US,False,,,,False,0,False,False,,benign,no_adverse_signal
oskleopard.pl,2026-07-29,13,3.121928094887362,0.0,0,0.6666666666666666,-7.189676470588235,low,0.5,3,0.9,True,NOERROR,2,300,0,2,False,False,2,13335,US,False,cyber_Folks S.A.,3,365,False,0,False,False,,benign,no_adverse_signal
slitherinnreptileroom.org,2026-07-29,25,3.3320953986601696,0.0,0,0.6153846153846154,-6.71553076923077,low,0.4286,3,0.5238095238095238,True,NOERROR,1,1799,5,2,True,False,0,22612,US,False,NAMECHEAP INC,3,365,True,0,False,False,False,benign,no_adverse_signal
noblevalleymanagement.com,2026-07-29,25,3.236857303422074,0.0,0,0.6153846153846154,-6.697205128205128,low,0.5405,2,0.5238095238095238,True,NOERROR,4,14400,5,4,True,False,0,53831,US,False,Squarespace Domains LLC,388,730,True,29,False,False,False,benign,no_adverse_signal
hgr-partners.com,2026-07-29,16,3.188721875540867,0.0,1,0.2222222222222222,-7.317952380952381,low,0.5263,3,0.8333333333333334,True,NOERROR,1,150,1,2,False,False,1,8560,DE,True,InterNetX GmbH,3,365,True,0,False,False,False,benign,no_adverse_signal
evaraworld.net,2026-07-29,14,2.9219280948873623,0.0,0,0.6666666666666666,-6.952294117647059,low,0.5556,3,0.8,True,NOERROR,2,600,0,2,False,False,0,16509,US,True,"GoDaddy.com, LLC",4,365,False,46,False,False,,benign,no_adverse_signal
hov1.click,2026-07-29,10,2.0,0.1,0,0.5,-9.04614,medium,0.5714,1,1.0,True,NOERROR,1,360,5,2,True,False,0,396982,US,True,NAMECHEAP INC,3,365,False,0,False,False,False,benign,no_adverse_signal
okadaonlinecasinoapklatestversion.click,2026-07-29,39,3.593657665390962,0.0,0,0.8333333333333334,-6.6726253968253975,medium,0.375,3,0.42424242424242425,False,NOERROR,0,,0,2,False,False,0,,,,"Dynadot, LLC",3,365,False,,,False,,benign,no_adverse_signal
mysiteimprovements.com,2026-07-29,22,3.30827083453526,0.0,0,0.5,-6.738115151515151,low,0.5,3,0.6111111111111112,True,NOERROR,4,14400,1,4,True,False,0,53831,US,False,Squarespace Domains II LLC,3,365,True,29,False,False,False,benign,no_adverse_signal
whispertornado.shop,2026-07-29,19,3.521640636343319,0.0,0,0.5555555555555556,-6.588964,low,0.5,2,0.8571428571428571,False,NOERROR,0,,0,2,False,False,0,,,,,,,False,,,False,,benign,no_adverse_signal
agathepopot-sophrologiedynamique.com,2026-07-29,36,3.941428031846024,0.0,1,0.8235294117647058,-7.322437704918033,low,0.35,3,0.5625,True,NOERROR,1,21600,1,4,True,False,1,210403,FR,False,LWS dba Ligne Web Services,3,365,False,0,False,False,False,benign,no_adverse_signal
xn--0kq574a5m6ao2n.com,2026-07-29,22,3.7254805569978675,0.3181818181818182,2,0.5,-12.10058181818182,low,0.3333,2,0.7777777777777778,True,NOERROR,1,300,1,2,True,False,0,7506,JP,False,"GMO Internet, Inc.",4,365,True,0,False,False,,benign,no_adverse_signal
maria1.online,2026-07-29,13,2.2516291673878226,0.07692307692307693,0,1.5,-6.810466666666667,medium,0.625,1,0.8333333333333334,True,NOERROR,2,300,0,2,False,False,2,13335,US,False,"Name.com, Inc.",3,365,False,0,False,False,,benign,no_adverse_signal
cocoplus-auto.com,2026-07-29,17,3.0269868333592873,0.0,1,1.0,-7.109156521739131,low,0.5,2,0.6923076923076923,True,NOERROR,2,300,0,2,False,False,2,13335,US,False,"Gransy, s.r.o.",3,365,False,0,False,False,,benign,no_adverse_signal
hrtst.com,2026-07-29,9,1.9219280948873623,0.0,0,0.0,-7.301485714285714,low,0.5,5,0.8,True,NOERROR,2,10800,0,2,True,False,2,14618,US,True,DropCatch.com 426 LLC,3,365,False,3,False,False,,benign,no_adverse_signal
therewardhouse.com,2026-07-29,18,3.182005814760214,0.0,0,0.75,-6.6932719999999994,low,0.48,3,0.7142857142857143,True,NOERROR,1,300,1,2,True,False,0,16509,US,False,NAMECHEAP INC,3,365,True,0,False,False,False,benign,no_adverse_signal
superhappylucky.online,2026-07-29,22,3.323231428797621,0.0,0,0.36363636363636365,-7.530774074074073,medium,0.5,4,0.7333333333333333,True,NOERROR,1,7200,0,2,False,False,0,40034,VG,False,"NETWORK SOLUTIONS, LLC.",3,365,False,0,False,False,,benign,no_adverse_signal
entenmangroup.com,2026-07-29,17,3.180832987205441,0.0,0,0.625,-6.340382608695652,low,0.5714,3,0.7692307692307693,True,NOERROR,2,600,5,2,False,False,0,16509,US,True,"GoDaddy.com, LLC",3,365,False,46,False,False,False,benign,no_adverse_signal
iconartnatalia.com,2026-07-29,18,2.8073549220576046,0.0,0,1.0,-6.263808,low,0.5,3,0.5714285714285714,True,NOERROR,1,3600,0,2,False,False,0,6580,US,True,"GKG.Net, Inc.",743,1095,True,0,False,False,,benign,no_adverse_signal
myonestem.com,2026-07-29,13,2.725480556997868,0.0,0,0.5,-6.3259533333333335,low,0.6667,2,0.7777777777777778,False,NOERROR,0,,0,4,False,False,0,,,,"Amazon Registrar, Inc.",3,365,True,,,False,,benign,no_adverse_signal
nxpvh.cn,2026-07-29,8,2.321928094887362,0.0,0,0.0,-10.943057142857143,low,0.5,5,1.0,True,NOERROR,1,1,0,2,False,True,0,153706,HK,False,Dynadot Inc,4,365,False,0,False,True,,malicious,spamhaus_dbl
amlynltd.com,2026-07-29,12,2.75,0.0,0,0.14285714285714285,-8.687384615384614,low,0.5882,7,0.875,True,NOERROR,1,3600,2,4,True,False,1,8560,DE,True,IONOS SE,3,365,True,11,False,False,False,benign,no_adverse_signal
xbot.solutions,2026-07-29,14,2.0,0.0,0,0.3333333333333333,-7.67918,low,0.5714,2,1.0,True,NOERROR,1,300,0,2,False,False,0,47583,BR,True,,,,,0,False,False,,benign,no_adverse_signal
galvoranalytics.com,2026-07-29,19,3.4565647621309536,0.0,0,0.5,-6.815781481481482,low,0.7097,3,0.8,True,NOERROR,2,600,0,2,False,False,0,16509,US,True,"GoDaddy.com, LLC",3,365,False,46,False,False,,benign,no_adverse_signal
42bajee.com,2026-07-29,11,2.521640636343318,0.18181818181818182,0,1.5,-9.29589090909091,low,0.5,1,0.8571428571428571,True,NOERROR,2,300,0,2,False,False,2,13335,US,False,Dynadot Inc,3,365,False,0,False,False,,benign,no_adverse_signal
kemirgenoyuncak.com,2026-07-29,19,3.5068905956085183,0.0,0,0.6666666666666666,-7.418585185185185,low,0.4348,2,0.8,True,NOERROR,1,300,0,3,False,False,0,16509,US,True,"TUCOWS.COM, CO.",3,365,True,0,False,False,,benign,no_adverse_signal
leon.tips,2026-07-29,9,2.0,0.0,0,1.0,-6.59948,low,0.6667,1,1.0,True,NOERROR,4,30,0,2,False,False,8,213230,US,True,,,,,0,False,False,,benign,no_adverse_signal
luxeteam.ca,2026-07-29,11,2.75,0.0,0,1.0,-7.4929461538461535,low,0.5333,1,0.875,True,NOERROR,1,3600,0,2,False,False,0,397273,US,False,"Go Daddy Domains Canada, Inc",4,731,True,25,False,False,,benign,no_adverse_signal
dolomitenkrematorium.eu,2026-07-29,23,3.446439344671015,0.0,0,0.8181818181818182,-6.771356756756757,low,0.4375,3,0.6,True,NOERROR,1,21600,1,4,False,False,0,25575,AT,True,Ledl.net GmbH & Co. KG,,,False,0,False,False,False,benign,no_adverse_signal
johnnyplotten.com,2026-07-29,17,3.0269868333592873,0.0,0,0.3,-7.610104347826087,low,0.4545,6,0.6923076923076923,True,NOERROR,1,150,1,2,False,False,1,8560,DE,True,InterNetX GmbH,3,365,False,0,False,False,False,benign,no_adverse_signal
superhero-bookkeeping-services.com,2026-07-29,34,3.6477426785812734,0.0,2,0.75,-6.966082456140351,low,0.4783,2,0.5,True,NOERROR,3,3600,5,2,True,False,0,58182,US,True,Wix.com Ltd.,3,365,True,22,False,False,False,benign,no_adverse_signal
dann-villes.com.br,2026-07-29,18,3.095795255000934,0.0,1,0.42857142857142855,-7.189521052631579,low,0.5,2,0.8181818181818182,True,NOERROR,2,300,0,2,False,False,2,13335,US,False,,4,731,False,0,False,False,,benign,no_adverse_signal
ellastephensbusiness.com,2026-07-29,24,3.1414460711655217,0.0,0,0.5384615384615384,-6.490245945945946,low,0.4571,3,0.55,True,NOERROR,1,3600,2,4,True,False,1,8560,US,True,IONOS SE,3,365,True,0,False,False,False,benign,no_adverse_signal
leebennettcoaching.com,2026-07-29,22,3.239097917988786,0.0,0,0.6363636363636364,-6.778254545454545,low,0.4444,3,0.6111111111111112,False,NOERROR,0,,1,2,False,False,0,,,,"Cloudflare, Inc.",3,365,True,,,False,False,benign,no_adverse_signal
xtrain.uk,2026-07-29,9,2.584962500721156,0.0,0,0.5,-6.2950888888888885,low,0.6,3,1.0,True,NOERROR,2,3600,1,2,True,False,0,16509,US,True,"GoDaddy.com, LLC. [Tag = GODADDY]",4,1096,False,26,False,False,,benign,no_adverse_signal
getmenni.com,2026-07-29,12,2.5,0.0,0,0.6,-6.764792307692308,low,0.5714,2,0.75,False,NOERROR,0,,1,2,True,False,0,,,,"Cloudflare, Inc.",3,365,True,,,False,False,benign,no_adverse_signal
adressbyte.se,2026-07-29,13,2.921928094887362,0.0,0,0.42857142857142855,-7.097,low,0.5263,5,0.8,True,NOERROR,2,300,0,2,False,False,2,13335,US,False,,,,False,0,False,False,,benign,no_adverse_signal
interactivemovement.com,2026-07-29,23,3.1555650133297184,0.0,0,0.7272727272727273,-6.1983114285714285,low,0.6452,2,0.5263157894736842,False,NOERROR,0,,3,2,True,False,0,,,,"Amazon Registrar, Inc.",3,365,True,,,False,False,benign,no_adverse_signal
holisticoptions.online,2026-07-29,22,3.006238928653389,0.0,0,0.6666666666666666,-6.266885185185186,medium,0.5625,2,0.6,True,NOERROR,1,1800,0,0,False,False,0,58182,US,True,"TUCOWS.COM, CO.",737,1095,True,0,False,False,,benign,no_adverse_signal
mypersonalai.one,2026-07-29,16,3.4182958340544896,0.0,0,0.7142857142857143,-6.521438095238095,low,0.5556,3,0.9166666666666666,True,NOERROR,1,300,0,4,False,False,0,396982,US,True,"Name.com, Inc.",3,365,True,36,False,False,,benign,no_adverse_signal
zz1rhcy.surf,2026-07-29,12,2.5216406363433186,0.08333333333333333,0,0.0,-11.289963636363636,low,0.3333,4,0.8571428571428571,True,NOERROR,1,15,0,2,False,False,0,138415,US,False,Dynadot Inc,3,365,True,0,False,False,,benign,no_adverse_signal
nexaas.xyz,2026-07-29,10,2.251629167387823,0.0,0,1.0,-7.616811111111111,high,0.7273,1,0.8333333333333334,True,NOERROR,1,50,0,2,False,False,0,47583,CY,False,"HOSTINGER operations, UAB",3,365,False,35,False,False,,benign,no_adverse_signal
kicksports.shop,2026-07-29,15,2.9219280948873623,0.0,0,0.25,-6.576741176470588,low,0.5556,4,0.8,True,NOERROR,2,300,3,2,True,False,2,13335,US,False,,,,False,0,False,False,False,benign,no_adverse_signal
prt-communications.com,2026-07-29,22,3.503258334775645,0.0,1,0.5454545454545454,-6.623527272727273,low,0.5625,3,0.6666666666666666,False,NOERROR,0,,0,2,False,False,0,,,,Dynadot17 LLC,3,365,False,,,False,,benign,no_adverse_signal
entreprise-consulting-majoli.fr,2026-07-29,31,3.869331261111518,0.0,2,0.625,-6.831830188679245,low,0.3889,3,0.5714285714285714,True,NOERROR,1,3600,1,2,True,False,0,16276,FR,True,OVH,2,364,False,20,False,False,False,benign,no_adverse_signal
lockout.vin,2026-07-29,11,2.5216406363433186,0.0,0,0.75,-6.912463636363636,low,0.5455,2,0.8571428571428571,True,NOERROR,2,300,0,2,False,False,2,13335,US,False,,,,,0,False,False,,benign,no_adverse_signal
unispheretech.com,2026-07-29,17,3.180832987205441,0.0,0,0.625,-6.456160869565218,low,0.4762,3,0.7692307692307693,True,NOERROR,2,600,0,2,False,False,0,16509,US,True,"GoDaddy.com, LLC",3,1096,False,34,False,False,,benign,no_adverse_signal
parametrisk.com,2026-07-29,15,3.0957952550009344,0.0,0,0.5714285714285714,-6.200026315789474,low,0.5833,2,0.8181818181818182,True,NOERROR,1,600,2,2,True,False,0,39783,NO,False,"Ascio Technologies, Inc",3,365,False,0,False,False,False,benign,no_adverse_signal
brutoshop.com,2026-07-29,13,2.94770277922009,0.0,0,0.5,-6.865573333333333,low,0.5,2,0.8888888888888888,True,NOERROR,2,600,0,2,False,False,0,16509,US,True,"GoDaddy.com, LLC",2,365,False,34,False,False,,benign,no_adverse_signal
wordengine.ai,2026-07-29,13,2.9219280948873623,0.0,0,0.6666666666666666,-6.269941176470589,low,0.6667,2,0.8,True,NOERROR,2,3600,0,2,False,False,0,16509,US,True,"GoDaddy.com, LLC",4,731,True,26,False,False,,benign,no_adverse_signal
freedomos.click,2026-07-29,15,2.725480556997868,0.0,0,0.8,-6.545466666666667,medium,0.5833,2,0.7777777777777778,True,NOERROR,3,3603,0,3,False,False,0,63949,US,True,"NameSilo, LLC",3,365,True,1,False,False,,benign,no_adverse_signal
theisleofwightdoughnutco.store,2026-07-29,30,3.6572682296173897,0.0,0,0.6,-7.919071111111111,low,0.3871,4,0.5833333333333334,True,NOERROR,1,3600,2,4,True,False,1,8560,DE,True,,,,False,0,False,False,False,benign,no_adverse_signal
zendly.fr,2026-07-29,9,2.584962500721156,0.0,0,0.2,-7.248055555555556,low,0.7143,4,1.0,True,NOERROR,1,50,0,2,False,False,0,47583,CY,False,Hostinger operations UAB,2,1095,False,35,False,False,,benign,no_adverse_signal
inmobinsa.com,2026-07-29,13,2.725480556997868,0.0,0,0.8,-6.735060000000001,low,0.8,2,0.7777777777777778,True,NOERROR,1,21600,3,2,True,False,0,396982,ES,True,IONOS SE,3,365,True,0,False,False,False,benign,no_adverse_signal
movsor.de,2026-07-29,9,2.2516291673878226,0.0,0,0.5,-7.7813,low,0.5333,2,0.8333333333333334,False,NOERROR,0,,0,0,False,False,0,,,,,,,False,,,False,,benign,no_adverse_signal
yseeksiinsaat.com.tr,2026-07-29,20,2.8731406795131336,0.0,0,0.8571428571428571,-7.517043478260869,low,0.4762,2,0.6153846153846154,True,NOERROR,1,900,1,2,True,False,0,42868,TR,True,,5,1825,False,0,False,False,False,benign,no_adverse_signal
zx-school.online,2026-07-29,16,2.9477027792200903,0.0,1,0.3333333333333333,-7.9127133333333335,medium,0.4615,3,0.8888888888888888,True,NOERROR,1,900,1,2,True,False,0,39729,IT,False,REGISTER S.P.A.,3,365,False,0,False,False,False,benign,no_adverse_signal
dot2shape.tech,2026-07-29,14,3.169925001442312,0.07142857142857142,0,0.6,-8.11572,low,0.5556,2,1.0,True,NOERROR,1,50,2,2,True,False,0,47583,CY,False,"HOSTINGER operations, UAB",3,365,False,35,False,False,False,benign,no_adverse_signal
prepella.shop,2026-07-29,13,2.25,0.0,0,0.6,-6.503907692307692,low,0.5882,2,0.625,True,NOERROR,1,21600,0,2,False,False,0,16509,US,True,,,,False,0,False,False,,benign,no_adverse_signal
stables-ai.com,2026-07-29,14,2.9219280948873623,0.0,1,0.8,-6.772135294117647,low,0.5882,2,0.8,True,NOERROR,2,3600,1,2,True,False,0,16509,US,True,"Spaceship, Inc.",405,730,False,32,False,False,,benign,no_adverse_signal
yellowsiege.com,2026-07-29,15,2.845350936622437,0.0,0,0.8333333333333334,-7.285842105263159,low,0.4545,2,0.7272727272727273,False,NOERROR,0,,0,2,False,False,0,,,,"GMO Internet, Inc.",3,365,True,,,False,,benign,no_adverse_signal
arconsaas.com,2026-07-29,13,2.4193819456463714,0.0,0,0.8,-6.591466666666666,low,0.5,2,0.6666666666666666,True,NOERROR,2,3600,0,2,False,False,0,16509,US,True,"GoDaddy.com, LLC",3,365,False,26,False,False,,benign,no_adverse_signal
tripsiguazu.store,2026-07-29,17,3.095795255000934,0.0,0,0.8333333333333334,-7.5111526315789465,low,0.5,2,0.8181818181818182,True,NOERROR,1,3600,2,4,True,False,1,8560,DE,True,,,,False,13,False,False,False,benign,no_adverse_signal
aishvani.in,2026-07-29,11,2.5,0.0,0,1.0,-7.351592307692308,low,0.5455,3,0.75,True,NOERROR,1,600,0,2,False,False,0,13335,CA,True,GoDaddy,10,365,False,0,False,False,,benign,no_adverse_signal
software-ids.de,2026-07-29,15,3.418295834054489,0.0,1,0.5714285714285714,-7.208980952380952,low,0.6154,3,0.9166666666666666,True,NOERROR,3,900,1,3,True,False,3,24940,DE,True,,,,False,0,False,False,,benign,no_adverse_signal
operacaoresgate.app,2026-07-29,19,3.006238928653389,0.0,0,1.1428571428571428,-6.6027962962962965,low,0.5185,2,0.6,True,NOERROR,3,3600,0,2,False,False,0,58182,US,True,,,,False,22,False,False,,benign,no_adverse_signal
chiba-shop.site,2026-07-29,15,3.121928094887362,0.0,1,0.5,-7.189035294117647,medium,0.5333,2,0.9,True,NOERROR,1,300,1,2,True,False,0,7506,JP,False,"GMO Internet, Inc.",3,365,True,0,False,False,,benign,no_adverse_signal
waynerooney.blog,2026-07-29,16,2.73215889136457,0.0,0,0.8333333333333334,-6.662721052631579,low,0.5,2,0.6363636363636364,True,NOERROR,1,7200,1,2,False,False,0,36351,US,True,Domain-IT Inc,2,365,True,0,False,False,False,benign,no_adverse_signal
seductionforbots.com,2026-07-29,20,3.452819531114783,0.0,0,0.6,-6.769693103448276,low,0.5,2,0.75,True,NOERROR,2,600,0,2,False,False,0,16509,US,True,"GoDaddy.com, LLC",3,365,False,46,False,False,,benign,no_adverse_signal
byrlaw.life,2026-07-29,11,2.584962500721156,0.0,0,0.2,-8.455277777777777,low,0.5455,4,1.0,True,NOERROR,2,300,0,2,False,False,0,13335,US,False,,,,False,0,False,False,,benign,no_adverse_signal
k1ngbet.com,2026-07-29,11,2.807354922057604,0.09090909090909091,0,0.2,-9.202127272727273,low,0.4706,3,1.0,True,NOERROR,2,300,0,2,False,False,2,13335,US,False,"GoDaddy.com, LLC",3,365,False,0,False,False,,benign,no_adverse_signal
nicewatch.shop,2026-07-29,14,2.94770277922009,0.0,0,0.5,-6.702086666666667,low,0.5882,3,0.8888888888888888,True,NOERROR,2,300,0,2,False,False,2,13335,US,False,,,,False,0,False,False,,benign,no_adverse_signal
ordcaa.com,2026-07-29,10,2.2516291673878226,0.0,0,1.0,-7.435511111111111,low,0.6667,3,0.8333333333333334,True,NOERROR,2,300,0,2,False,False,2,13335,US,False,Dominet (HK) Limited,3,365,False,0,False,False,,benign,no_adverse_signal
kanqiuba-letv.com,2026-07-29,17,3.5465935642949384,0.0,1,0.7142857142857143,-8.196734782608695,low,0.4615,2,0.9230769230769231,True,NOERROR,2,300,0,2,False,False,2,13335,US,False,"GMO Internet, Inc.",3,365,True,0,False,False,,benign,no_adverse_signal
regent-intellegence.com,2026-07-29,23,2.865576855207248,0.0,1,0.6363636363636364,-6.470191428571429,low,0.4828,2,0.47368421052631576,True,NOERROR,2,3600,0,2,False,False,0,16509,US,True,"GoDaddy.com, LLC",3,1096,False,22,False,False,,benign,no_adverse_signal
6828ua.xyz,2026-07-29,10,2.2516291673878226,0.4,0,2.0,-11.248622222222222,high,0.3636,0,0.8333333333333334,True,NOERROR,1,600,0,2,False,False,0,140227,HK,False,"GoDaddy.com, LLC",3,365,False,0,False,False,,benign,no_adverse_signal
haldenusa.com,2026-07-29,13,2.94770277922009,0.0,0,0.8,-6.8673,low,0.6667,2,0.8888888888888888,True,NOERROR,1,21600,0,4,False,False,1,13335,CA,True,"TUCOWS.COM, CO.",3,365,True,0,False,False,,benign,no_adverse_signal
blockspods.com,2026-07-29,14,2.9219280948873623,0.0,0,0.25,-6.90015294117647,low,0.6667,4,0.8,True,NOERROR,1,3600,1,2,True,False,0,16509,US,True,"Spaceship, Inc.",3,365,False,0,False,False,False,benign,no_adverse_signal
espaf8icmb.com,2026-07-29,14,3.321928094887362,0.07142857142857142,0,0.5,-9.475076470588235,low,0.5,3,1.0,False,SERVFAIL,0,,0,0,False,False,0,,,,Porkbun LLC,3,365,False,,,False,,benign,no_adverse_signal
3matrixmobile.com,2026-07-29,17,3.3927474104487847,0.058823529411764705,0,0.7142857142857143,-7.302130434782609,low,0.6667,2,0.8461538461538461,True,NOERROR,1,1799,5,2,True,False,0,22612,US,False,NAMECHEAP INC,3,365,True,0,False,False,False,benign,no_adverse_signal
chucknchaz.com,2026-07-29,14,2.6464393446710153,0.0,0,0.25,-7.966782352941177,low,0.5263,5,0.7,True,NOERROR,1,1799,2,2,True,False,0,13335,CA,True,NAMECHEAP INC,3,365,True,0,False,False,False,benign,no_adverse_signal
minggu77.org,2026-07-29,12,2.5,0.16666666666666666,0,0.5,-8.4549,low,0.5,3,0.75,True,NOERROR,1,300,0,2,False,False,0,206834,DE,False,Dynadot Inc,3,365,False,24,False,False,,benign,no_adverse_signal
royal-dumpster.com,2026-07-29,18,3.6644977792004623,0.0,1,0.4444444444444444,-7.401007999999999,low,0.5455,4,0.9285714285714286,True,NOERROR,1,1800,5,2,True,False,0,22612,US,False,NAMECHEAP INC,3,365,True,0,False,False,False,benign,no_adverse_signal
hvorerlarven.dk,2026-07-29,15,2.8553885422075336,0.0,0,0.5,-7.085219047619048,low,0.4828,2,0.6666666666666666,True,NOERROR,1,3600,1,2,True,False,0,24940,DE,True,ONE.COM A/S,3,364,True,0,False,False,,benign,no_adverse_signal
crissybee.com,2026-07-29,13,2.725480556997868,0.0,0,0.5,-7.327253333333333,low,0.5333,4,0.7777777777777778,True,NOERROR,1,1800,5,2,True,False,0,22612,US,False,NAMECHEAP INC,3,365,True,0,False,False,False,benign,no_adverse_signal
reiseberichte-europa.de,2026-07-29,23,3.403701696057348,0.0,1,1.1111111111111112,-6.959627027027026,low,0.5625,3,0.65,True,NOERROR,1,21600,0,0,False,False,0,14061,DE,False,,,,False,0,False,False,,benign,no_adverse_signal
protren.de,2026-07-29,10,2.5216406363433186,0.0,0,0.4,-6.1784,low,0.7143,2,0.8571428571428571,True,NOERROR,1,7200,1,2,True,False,0,34788,DE,True,,,,False,0,False,False,False,benign,no_adverse_signal
nem.cologne,2026-07-29,11,1.584962500721156,0.0,0,0.5,-6.314866666666667,low,0.6667,1,1.0,True,NOERROR,1,150,1,2,False,False,1,8560,DE,True,"PSI-USA, Inc. dba Domain Robot",4,365,True,0,False,False,False,benign,no_adverse_signal
zaibcare.com,2026-07-29,12,2.75,0.0,0,1.0,-7.3863,low,0.5333,2,0.875,True,NOERROR,2,60,0,2,False,False,2,47583,DE,False,"HOSTINGER operations, UAB",3,365,False,0,False,False,,benign,no_adverse_signal
sutherlinsips.com,2026-07-29,17,3.180832987205441,0.0,0,0.4444444444444444,-6.6259695652173916,low,0.5556,2,0.7692307692307693,True,NOERROR,2,300,0,2,False,False,2,13335,US,False,"Cloudflare, Inc.",3,365,True,0,False,False,,benign,no_adverse_signal
openweighttests.com,2026-07-29,19,3.139572261986723,0.0,0,0.5,-6.998896296296296,low,0.5,4,0.6666666666666666,True,NOERROR,2,1200,0,2,False,False,0,16509,US,True,"Spaceship, Inc.",3,365,False,2,False,False,,benign,no_adverse_signal
forplainsend.space,2026-07-29,18,3.4182958340544896,0.0,0,0.5,-6.370680952380953,low,0.5263,3,0.9166666666666666,False,NXDOMAIN,0,,0,0,False,False,0,,,,NAMECHEAP INC,3,365,True,,,False,,benign,no_adverse_signal
stablepayrun.com,2026-07-29,16,3.418295834054489,0.0,0,0.5,-6.993814285714286,low,0.5556,2,0.9166666666666666,True,NOERROR,9,3600,1,2,False,False,0,60592,CZ,False,MainReg Inc.,368,730,False,0,True,True,False,malicious,spamhaus_zen
oodxrl.com,2026-07-29,10,2.2516291673878226,0.0,0,0.5,-9.206333333333333,low,0.5333,4,0.8333333333333334,True,NOERROR,2,300,0,2,False,True,2,13335,US,False,Realtime Register B.V.,3,365,False,0,False,False,,benign,no_adverse_signal
p98oferta2937zxvw29.live,2026-07-29,24,3.892407118592875,0.3333333333333333,0,0.375,-10.871242857142857,low,0.3333,4,0.8421052631578947,False,NOERROR,0,,0,2,False,False,0,,,,,,,False,,,False,,benign,no_adverse_signal
jdamall.top,2026-07-29,11,2.2359263506290326,0.0,0,0.4,-7.0458454545454545,high,0.5455,2,0.7142857142857143,False,NXDOMAIN,0,,0,0,False,False,0,,,,,,,False,,,False,,benign,no_adverse_signal
valdiriom.com,2026-07-29,13,2.94770277922009,0.0,0,0.8,-6.954393333333333,low,0.625,2,0.8888888888888888,True,NOERROR,1,3600,1,4,True,False,0,31034,IT,True,"TUCOWS.COM, CO.",3,365,True,0,False,False,False,benign,no_adverse_signal
bxspa.com,2026-07-29,9,2.321928094887362,0.0,0,0.25,-8.388585714285714,low,0.5,4,1.0,True,NOERROR,2,60,0,2,False,False,2,47583,DE,False,"HOSTINGER operations, UAB",3,365,False,1,False,False,,benign,no_adverse_signal
zwischengruen.de,2026-07-29,16,3.392747410448785,0.0,0,0.4444444444444444,-7.1433478260869565,low,0.4615,3,0.8461538461538461,True,NOERROR,1,21600,0,0,False,False,0,14061,DE,False,,,,False,0,False,False,,benign,no_adverse_signal
estudiodeleonyasociados.store,2026-07-29,29,3.3816201079487347,0.0,0,1.0909090909090908,-6.850095348837209,low,0.4667,2,0.5217391304347826,False,timeout,0,,0,0,False,False,0,,,,,,,False,,,False,,benign,no_adverse_signal
bluesafehome.wiki,2026-07-29,17,3.188721875540867,0.0,0,1.0,-7.128380952380953,low,0.4762,2,0.8333333333333334,False,NOERROR,0,,0,2,False,False,0,,,,"Spaceship, Inc.",3,365,True,,,False,,benign,no_adverse_signal
puvju.top,2026-07-29,9,1.9219280948873623,0.0,0,0.6666666666666666,-10.7744,high,0.4,2,0.8,False,NOERROR,0,,0,4,False,False,0,,,,NameMart Pte. Ltd.,3,365,False,,,True,,malicious,spamhaus_dbl
elikyainternationalagency.com,2026-07-29,29,3.3834651896016465,0.0,0,0.7857142857142857,-6.532870212765957,low,0.4444,3,0.48,False,NXDOMAIN,0,,0,0,False,False,0,,,,"GMO Internet, Inc.",3,365,True,,,False,,benign,no_adverse_signal
slydeleads.com,2026-07-29,14,2.5219280948873624,0.0,0,0.42857142857142855,-7.142623529411765,low,0.5714,4,0.6,True,NOERROR,1,50,0,2,False,False,0,47583,CY,False,"HOSTINGER operations, UAB",2,365,False,35,False,False,,benign,no_adverse_signal
thedirtymixers.ca,2026-07-29,17,3.2359263506290334,0.0,0,0.4,-7.152004,low,0.5,4,0.7142857142857143,True,NOERROR,3,3600,5,2,True,False,0,58182,US,True,Tucows.com Co.,4,365,True,28,False,False,False,benign,no_adverse_signal
thestar17.com,2026-07-29,13,2.94770277922009,0.15384615384615385,0,0.4,-7.23616,low,0.5556,2,0.8888888888888888,True,NOERROR,1,14400,3,2,True,False,0,22612,US,True,NAMECHEAP INC,3,365,True,0,False,False,False,benign,no_adverse_signal
oktkw27.xyz,2026-07-29,11,2.5216406363433186,0.18181818181818182,0,0.25,-11.001854545454545,high,0.5455,4,0.8571428571428571,False,NOERROR,0,,0,2,False,False,0,,,,"NameSilo, LLC",3,731,True,,,False,,benign,no_adverse_signal
mytanakhstudy.org,2026-07-29,17,3.238901256602631,0.0,0,0.3,-7.636847826086957,low,0.4545,4,0.7692307692307693,True,NOERROR,1,1800,5,2,True,False,0,22612,US,False,NAMECHEAP INC,3,365,True,0,False,False,False,benign,no_adverse_signal
krasmari.online,2026-07-29,15,2.5,0.0,0,0.6,-6.5859538461538465,medium,0.7143,2,0.75,True,NOERROR,1,21600,0,2,False,False,0,197695,RU,False,Registrar of Domain Names REG.RU LLC,3,365,False,2,False,False,,benign,no_adverse_signal
interiorventuresegypt.com,2026-07-29,25,3.3680424225727146,0.0,0,0.6153846153846154,-6.633207692307693,low,0.5333,4,0.5714285714285714,True,NOERROR,2,3600,0,2,False,False,0,16509,US,True,"GoDaddy.com, LLC",3,365,False,26,False,False,,benign,no_adverse_signal
westonmail.online,2026-07-29,17,3.321928094887362,0.0,0,0.6666666666666666,-6.393623529411764,medium,0.5714,2,1.0,True,NOERROR,2,7,0,4,False,False,0,,US,False,Porkbun LLC,3,365,False,0,False,False,,benign,no_adverse_signal
933053.cc,2026-07-29,9,1.7924812503605778,0.6666666666666666,0,0.0,-11.218677777777778,low,0.4444,0,0.6666666666666666,True,NOERROR,1,300,0,2,False,False,0,54801,HK,False,Dynadot Inc,3,365,False,0,False,False,,benign,no_adverse_signal
giperport.com,2026-07-29,13,2.725480556997868,0.0,0,0.5,-6.647973333333334,low,0.5882,2,0.7777777777777778,True,NOERROR,1,300,2,4,True,False,0,198610,RU,True,Beget LLC,3,365,False,2,False,False,False,benign,no_adverse_signal
agtki6.shop,2026-07-29,11,2.584962500721156,0.09090909090909091,0,0.6666666666666666,-9.537211111111112,low,0.5,3,1.0,True,NOERROR,1,600,0,2,False,False,0,16509,JP,True,,,,False,0,False,False,,benign,no_adverse_signal
amel189v.live,2026-07-29,13,3.0,0.23076923076923078,0,0.6666666666666666,-9.218384615384615,low,0.5,1,1.0,False,NOERROR,0,,0,2,False,False,0,,,,,,,False,,,False,,benign,no_adverse_signal
arxscalemail.com,2026-07-29,16,3.0220552088742005,0.0,0,0.7142857142857143,-7.085395238095238,low,0.6087,4,0.75,False,NOERROR,0,,2,2,True,False,0,,,,Dynadot Inc,2,3653,False,,,False,False,benign,no_adverse_signal
aglubt.com,2026-07-29,10,2.584962500721156,0.0,0,0.5,-7.981766666666666,low,0.5455,2,1.0,True,NOERROR,1,3600,0,2,False,False,0,14618,US,True,Dominet (HK) Limited,3,365,False,0,False,False,,benign,no_adverse_signal
resurrectionauction.com,2026-07-29,23,3.260828171224456,0.0,0,0.9,-6.464385714285714,low,0.4444,2,0.5263157894736842,True,NOERROR,1,1800,5,2,True,False,0,22612,US,False,NAMECHEAP INC,3,365,True,0,False,False,False,benign,no_adverse_signal
saldoplusapp.com,2026-07-29,16,2.688721875540867,0.0,0,0.5,-6.898985714285715,low,0.5,2,0.5833333333333334,True,NOERROR,1,3600,0,2,False,False,0,13335,DE,True,"Cloudflare, Inc.",2,365,True,64,False,False,,malicious,abuseipdb
ghqrddpswoiu.xyz,2026-07-29,16,3.418295834054489,0.0,0,0.3333333333333333,-9.79657142857143,high,0.4545,9,0.9166666666666666,False,timeout,0,,0,0,False,False,0,,,,URL SOLUTIONS INC.,384,730,True,,,False,,benign,no_adverse_signal
k1r9u.top,2026-07-29,9,2.321928094887362,0.2222222222222222,0,0.5,-12.95687142857143,high,0.5,1,1.0,False,NOERROR,0,,0,4,False,False,0,,,,NameMart Pte. Ltd.,3,365,False,,,True,,malicious,spamhaus_dbl
noderecipe.com,2026-07-29,14,2.8464393446710154,0.0,0,1.0,-6.650276470588235,low,0.5333,1,0.8,True,NOERROR,2,300,0,2,False,False,0,16509,US,False,"Cloudflare, Inc.",3,365,True,0,False,False,,benign,no_adverse_signal
creatorspremiumcrate.com,2026-07-29,24,3.2841837197791888,0.0,0,0.6666666666666666,-6.781751351351351,low,0.5,4,0.55,True,NOERROR,4,14400,1,4,True,False,0,53831,US,False,Squarespace Domains II LLC,3,365,True,12,False,False,False,benign,no_adverse_signal
sonyxus.com,2026-07-29,11,2.5216406363433186,0.0,0,0.4,-8.292,low,0.5455,3,0.8571428571428571,True,NOERROR,2,300,1,2,True,False,2,13335,US,False,Squarespace Domains II LLC,3,365,True,0,False,False,False,benign,no_adverse_signal
aprilcathey.show,2026-07-29,16,3.2776134368191165,0.0,0,0.5714285714285714,-6.913747368421053,low,0.5882,2,0.9090909090909091,True,NOERROR,4,14400,0,4,True,False,0,53831,US,False,,,,,29,False,False,,benign,no_adverse_signal
quotesz.de,2026-07-29,10,2.807354922057604,0.0,0,0.75,-7.555990909090909,low,0.5714,2,1.0,True,NOERROR,1,21600,0,0,False,False,0,14061,DE,False,,,,False,0,False,False,,benign,no_adverse_signal
megawin188.click,2026-07-29,16,3.1219280948873624,0.1875,0,0.75,-7.942082352941177,medium,0.5,1,0.9,True,NOERROR,2,300,0,2,False,False,2,13335,US,False,"Dynadot, LLC",3,365,False,0,False,False,,benign,no_adverse_signal
stratcubelabs.com,2026-07-29,17,3.085055102756477,0.0,0,0.4444444444444444,-6.737299999999999,low,0.5455,3,0.6923076923076923,True,NOERROR,2,600,0,2,False,False,0,16509,US,True,"GoDaddy.com, LLC",3,365,False,46,False,False,,benign,no_adverse_signal
ngbaod.shop,2026-07-29,11,2.584962500721156,0.0,0,0.5,-7.869266666666667,low,0.5455,3,1.0,True,NOERROR,2,300,0,2,False,False,2,13335,US,False,,,,False,0,False,False,,benign,no_adverse_signal
migravision.com,2026-07-29,15,3.027169118440619,0.0,0,0.8333333333333334,-6.609205263157895,low,0.5,2,0.8181818181818182,True,NOERROR,2,60,2,2,True,False,2,47583,DE,False,"HOSTINGER operations, UAB",3,365,False,2,False,False,False,benign,no_adverse_signal
connectjobsitygroup.com,2026-07-29,23,3.681880802803401,0.0,0,0.46153846153846156,-7.157848571428572,low,0.5294,4,0.7368421052631579,True,NOERROR,1,600,1,4,True,False,0,16509,US,True,Dynadot Inc,3,365,False,13,False,False,False,benign,no_adverse_signal
backendnetworks.digital,2026-07-29,23,3.506890595608518,0.0,0,0.36363636363636365,-6.596833333333333,low,0.7143,3,0.8,True,NOERROR,2,300,0,2,False,False,2,13335,US,False,,,,,0,False,False,,benign,no_adverse_signal
lottaluxe.com,2026-07-29,13,2.725480556997868,0.0,0,0.8,-7.213746666666666,low,0.5333,2,0.7777777777777778,True,NOERROR,1,3600,0,2,True,False,0,16509,US,True,"AppCroNix Infotech Private Limited, d/b/a VEBONIX.com",3,365,True,0,False,False,,benign,no_adverse_signal
michalikdev.com,2026-07-29,15,3.2776134368191165,0.0,0,0.5714285714285714,-6.994168421052632,low,0.5,2,0.9090909090909091,True,NOERROR,1,50,0,2,False,False,0,47583,CY,False,"HOSTINGER operations, UAB",3,1096,False,35,False,False,,benign,no_adverse_signal
stroudindustrial.com,2026-07-29,20,3.25,0.0,0,0.6,-6.275089655172414,low,0.5385,3,0.625,True,NOERROR,2,300,0,2,False,False,2,13335,US,False,"Cloudflare, Inc.",3,365,True,0,False,False,,benign,no_adverse_signal
y55af.top,2026-07-29,9,1.9219280948873623,0.2222222222222222,0,0.5,-10.978842857142856,high,0.4,1,0.8,True,NOERROR,3,15,0,0,False,True,0,54801,SC,False,GoDaddy.com,3,365,True,0,False,False,,benign,no_adverse_signal
jaqsybot.kz,2026-07-29,11,3.0,0.0,0,0.3333333333333333,-9.082,low,0.4615,4,1.0,True,NOERROR,1,300,2,2,True,False,0,16509,US,False,,,,,0,False,False,False,benign,no_adverse_signal
venueglide.com,2026-07-29,14,2.8464393446710154,0.0,0,1.0,-7.185305882352941,low,0.625,2,0.8,True,NOERROR,1,50,0,2,False,False,0,47583,CY,False,"HOSTINGER operations, UAB",3,365,False,35,False,False,,benign,no_adverse_signal
sk42q.top,2026-07-29,9,2.321928094887362,0.2222222222222222,0,0.0,-12.225057142857143,high,0.4444,2,1.0,True,NOERROR,3,15,0,0,False,True,0,133199,HK,False,GoDaddy.com,3,365,True,3,False,False,,benign,no_adverse_signal
ammusic.pl,2026-07-29,10,2.5216406363433186,0.0,0,0.75,-6.941,low,0.5455,2,0.8571428571428571,True,NOERROR,1,3600,0,3,False,False,0,12824,PL,True,home.pl sp. z o.o.,10,731,False,0,False,False,,benign,no_adverse_signal
justitiapriset.se,2026-07-29,17,2.9852281360342516,0.0,0,0.75,-6.587376000000001,low,0.5,2,0.6428571428571429,True,NOERROR,2,300,0,2,False,False,2,13335,US,False,Registrar.eu,4,365,False,0,False,False,,benign,no_adverse_signal
puraclear.shop,2026-07-29,14,2.725480556997868,0.0,0,0.8,-6.4887266666666665,low,0.6667,2,0.7777777777777778,True,NOERROR,1,300,0,2,False,False,0,16509,US,False,,,,False,0,False,False,,benign,no_adverse_signal
beptong.com,2026-07-29,11,2.807354922057604,0.0,0,0.4,-6.972236363636363,low,0.5714,2,1.0,False,timeout,0,,0,0,False,False,0,,,,INET CORPORATION,3,365,True,,,False,,benign,no_adverse_signal
ledgerlightdata.com,2026-07-29,19,3.106890595608519,0.0,0,0.5,-6.963911111111111,low,0.5,4,0.6,True,NOERROR,2,120,1,4,False,False,2,16509,DE,True,"Name.com, Inc.",2,365,True,27,False,False,False,benign,no_adverse_signal
rhbeverlyhills.com,2026-07-29,18,3.039148671903071,0.0,0,0.2727272727272727,-7.713684,low,0.48,4,0.6428571428571429,True,NOERROR,2,600,0,2,False,False,0,16509,US,True,"GoDaddy.com, LLC",3,365,False,34,False,False,,benign,no_adverse_signal
stirredbysteffi.com,2026-07-29,19,3.1068905956085184,0.0,0,0.36363636363636365,-7.268307407407407,low,0.5217,5,0.6,True,NOERROR,4,14400,1,4,True,False,0,53831,US,False,Squarespace Domains II LLC,3,365,True,29,False,False,False,benign,no_adverse_signal
99efu.com,2026-07-29,9,1.9219280948873623,0.2222222222222222,0,2.0,-9.919842857142857,low,0.4444,1,0.8,True,NOERROR,1,1,0,2,False,False,0,137951,ZA,False,TuringSign Inc. d/b/a Cosmotown,3,365,False,0,False,False,,benign,no_adverse_signal
newsdaprosperidade.shop,2026-07-29,23,3.1971597234241487,0.0,0,0.6363636363636364,-6.5295,low,0.48,3,0.5555555555555556,True,NOERROR,1,300,0,2,False,False,0,13335,DE,True,,,,False,64,False,False,,malicious,abuseipdb
xpm-corp.com,2026-07-29,12,2.75,0.0,1,0.16666666666666666,-8.316353846153847,low,0.5,3,0.875,True,NOERROR,1,14400,2,3,True,False,0,13335,CA,True,Neubox Internet S.A. de C.V.,3,365,False,0,False,False,False,benign,no_adverse_signal
xkaiyiwan.com,2026-07-29,13,2.725480556997868,0.0,0,0.8,-8.6966,low,0.5333,2,0.7777777777777778,True,NOERROR,1,600,0,2,False,False,0,45102,HK,False,Xin Net Technology Corporation,2,365,True,0,False,False,,benign,no_adverse_signal
s1848hu.cc,2026-07-29,10,2.5216406363433186,0.4,0,0.5,-11.347290909090908,low,0.5455,1,0.8571428571428571,False,NOERROR,0,,0,2,False,False,0,,,,"NameSilo, LLC",3,365,True,,,True,,malicious,spamhaus_dbl
banteng178.club,2026-07-29,15,3.121928094887362,0.2,0,0.4,-7.602676470588235,low,0.4706,2,0.9,True,NOERROR,2,300,0,2,False,False,2,13335,US,False,Dynadot Inc,3,365,True,0,False,False,,benign,no_adverse_signal
videouhn.com,2026-07-29,12,3.0,0.0,0,1.0,-7.6815461538461545,low,0.6154,2,1.0,True,NOERROR,2,300,0,2,False,False,0,16509,US,True,"Spaceship, Inc.",3,365,False,15,False,False,,benign,no_adverse_signal
fun88de.net,2026-07-29,11,2.521640636343318,0.18181818181818182,0,0.6666666666666666,-9.187427272727273,low,0.4615,1,0.8571428571428571,True,NOERROR,2,300,0,2,False,False,2,13335,US,False,Dynadot Inc,4,365,False,0,False,False,,benign,no_adverse_signal
noryastudio.com,2026-07-29,15,3.2776134368191165,0.0,0,0.8333333333333334,-6.79778947368421,low,0.6087,2,0.9090909090909091,True,NOERROR,2,3600,1,2,False,False,0,16509,US,False,One.com A/S,3,365,False,0,False,False,,benign,no_adverse_signal
suacarta.com,2026-07-29,12,2.4056390622295662,0.0,0,1.0,-6.7361615384615385,low,0.625,2,0.75,True,NOERROR,1,14400,0,2,False,False,0,16509,US,False,"HOSTINGER operations, UAB",3,365,False,0,False,False,,benign,no_adverse_signal
vdpuql-qx.com,2026-07-29,13,2.94770277922009,0.0,1,0.14285714285714285,-11.265706666666667,low,0.4,3,0.8888888888888888,True,NOERROR,2,600,0,2,False,False,0,16509,US,True,"GoDaddy.com, LLC",3,365,False,46,False,False,,benign,no_adverse_signal
atelierdirect.com,2026-07-29,17,2.873140679513133,0.0,0,0.8571428571428571,-6.3334,low,0.6154,2,0.6153846153846154,True,NOERROR,2,10800,0,2,True,False,2,14618,US,True,DropCatch.com 1206 LLC,3,365,False,3,False,False,,benign,no_adverse_signal
badkamerrenovatie-turnhout.be,2026-07-29,29,3.7381493331928657,0.0,1,0.7857142857142857,-7.138732653061225,low,0.4118,3,0.5769230769230769,True,NOERROR,1,600,1,3,True,False,0,14061,NL,True,,4,,False,0,False,False,False,benign,no_adverse_signal
studiocravo.com,2026-07-29,15,3.277613436819116,0.0,0,0.8333333333333334,-7.0078000000000005,low,0.5714,2,0.9090909090909091,True,NOERROR,2,20,2,4,True,False,0,,US,False,Porkbun LLC,3,365,False,0,False,False,False,benign,no_adverse_signal
jjjbetyx.com,2026-07-29,12,2.4056390622295662,0.0,0,0.14285714285714285,-9.35243076923077,low,0.5,4,0.75,True,NOERROR,2,300,0,2,False,False,2,13335,US,False,Dominet (HK) Limited,3,365,False,0,False,False,,benign,no_adverse_signal
gotdfyield.com,2026-07-29,14,3.121928094887362,0.0,0,0.42857142857142855,-8.646476470588237,low,0.5556,4,0.9,True,NOERROR,1,3600,1,4,True,False,0,14618,US,True,PDR Ltd. d/b/a PublicDomainRegistry.com,3,365,True,0,False,False,False,benign,no_adverse_signal
technician.rent,2026-07-29,15,2.7219280948873625,0.0,0,0.6666666666666666,-6.532629411764706,low,0.5556,3,0.7,True,NOERROR,2,600,0,2,False,False,0,16509,US,True,"GoDaddy.com, LLC",3,365,False,46,False,False,,benign,no_adverse_signal
deseasonalizing.com,2026-07-29,19,3.2402239289418517,0.0,0,0.875,-6.433014814814815,low,0.5217,2,0.6666666666666666,True,NOERROR,1,300,1,4,True,False,0,31034,IT,True,"TUCOWS.COM, CO.",3,365,True,0,False,False,False,benign,no_adverse_signal
aviator-high.app,2026-07-29,16,3.084962500721156,0.0,1,0.8333333333333334,-7.272457142857142,low,0.5,2,0.75,True,NOERROR,2,300,0,2,False,False,2,13335,US,False,,,,False,0,False,False,,benign,no_adverse_signal
ysilicone.top,2026-07-29,13,2.94770277922009,0.0,0,0.8,-6.29766,high,0.6154,2,0.8888888888888888,False,NOERROR,0,,1,2,True,False,0,,,,Alibaba Cloud Computing Ltd. d/b/a HiChina (www.net.cn),3,365,True,,,False,False,benign,no_adverse_signal
oracleintel.tech,2026-07-29,16,3.095795255000934,0.0,0,0.8333333333333334,-6.214673684210527,low,0.7059,2,0.8181818181818182,False,NXDOMAIN,0,,0,0,False,False,0,,,,,,,False,,,False,,benign,no_adverse_signal
lokahionline.com,2026-07-29,16,2.9182958340544896,0.0,0,1.0,-6.6196190476190475,low,0.6087,2,0.6666666666666666,True,NOERROR,2,600,0,2,False,False,0,16509,US,True,"GoDaddy.com, LLC",3,365,False,34,False,False,,benign,no_adverse_signal
aniani4d.club,2026-07-29,13,2.25,0.07692307692307693,0,1.3333333333333333,-7.946776923076923,low,0.5333,1,0.625,True,NOERROR,2,300,0,2,False,False,2,13335,US,False,Dynadot Inc,3,365,True,0,False,False,,benign,no_adverse_signal
jennazimmerman.com,2026-07-29,18,2.8423709931771093,0.0,0,0.5555555555555556,-7.119828,low,0.5,2,0.5714285714285714,True,NOERROR,4,14400,0,4,True,False,0,53831,US,False,Squarespace Domains LLC,3,1096,True,40,False,False,,benign,no_adverse_signal
getcounterquotes.com,2026-07-29,20,3.1556390622295662,0.0,0,0.7777777777777778,-6.906420689655173,low,0.5217,2,0.625,True,NOERROR,2,300,1,2,True,False,2,13335,US,False,"Cloudflare, Inc.",3,365,True,0,False,False,False,benign,no_adverse_signal
tqkhxjy.online,2026-07-29,14,2.807354922057604,0.0,0,0.0,-11.762890909090908,medium,0.3636,7,1.0,False,NXDOMAIN,0,,0,0,False,False,0,,,,NAMECHEAP INC,3,365,True,,,False,,benign,no_adverse_signal
vymbre.nl,2026-07-29,9,2.584962500721156,0.0,0,0.2,-8.295566666666666,low,0.5455,5,1.0,True,NOERROR,1,600,1,3,True,False,1,206281,NL,True,ZXCS,7,,False,0,False,False,False,benign,no_adverse_signal
celebrationmarket.shop,2026-07-29,22,3.4548223999466066,0.0,0,0.7,-6.403351612903226,low,0.4865,2,0.7058823529411765,True,NOERROR,1,14400,1,2,True,False,0,30633,US,True,,,,False,0,False,False,False,benign,no_adverse_signal
constellationmillaletoulonvar.fr,2026-07-29,32,3.417483149926974,0.0,0,0.7058823529411765,-6.542163636363637,low,0.4,3,0.4482758620689655,True,NOERROR,1,3600,3,2,True,False,0,16276,FR,True,OVH,2,364,False,20,False,False,False,benign,no_adverse_signal
delikan.sk,2026-07-29,10,2.807354922057604,0.0,0,0.75,-6.5852272727272725,low,0.7692,1,1.0,True,NOERROR,1,1800,0,3,False,False,0,63949,GB,True,"INTERNET CZ, a.s.",393,730,False,0,False,False,,benign,no_adverse_signal
maraviq.com,2026-07-29,11,2.5216406363433186,0.0,0,0.75,-6.892181818181819,low,0.6154,1,0.8571428571428571,False,timeout,0,,0,0,False,False,0,,,,"Gabia, Inc.",3,365,False,,,False,,benign,no_adverse_signal
starwin88jphoki.site,2026-07-29,20,3.6402239289418516,0.1,0,0.4444444444444444,-8.260948148148149,medium,0.4762,3,0.8666666666666667,True,NOERROR,2,300,0,2,False,False,2,13335,US,False,NAMECHEAP INC,3,365,True,0,False,False,,benign,no_adverse_signal
xeway.vip,2026-07-29,9,2.321928094887362,0.0,0,0.6666666666666666,-8.344800000000001,low,0.6667,1,1.0,True,NOERROR,1,600,0,2,False,True,0,64013,SG,False,Dynadot Inc,3,365,True,0,False,True,,malicious,spamhaus_dbl
arukproduct.com,2026-07-29,15,3.0957952550009344,0.0,0,0.5714285714285714,-7.747384210526316,low,0.5714,3,0.8181818181818182,True,NOERROR,1,3600,2,4,True,False,1,8560,DE,True,IONOS SE,3,365,True,0,False,False,False,benign,no_adverse_signal
cortegeblock.com,2026-07-29,16,3.0849625007211556,0.0,0,0.5,-6.634471428571429,low,0.5556,2,0.75,True,NOERROR,2,3600,0,2,False,False,0,16509,US,True,123-Reg Limited,3,365,False,22,False,False,,benign,no_adverse_signal
petnamy.com,2026-07-29,11,2.807354922057604,0.0,0,0.4,-7.226163636363636,low,0.625,2,1.0,True,NOERROR,1,1800,5,2,True,False,0,22612,US,False,NAMECHEAP INC,3,365,True,0,False,False,False,benign,no_adverse_signal
iundsby.com,2026-07-29,11,2.807354922057604,0.0,0,0.4,-7.8935272727272725,low,0.5714,5,1.0,False,NOERROR,0,,0,3,True,False,0,,,,Key-Systems GmbH,3,365,True,,,False,,benign,no_adverse_signal
chem-pak.shop,2026-07-29,13,3.0,0.0,1,0.4,-7.626161538461539,low,0.4706,2,1.0,True,NOERROR,2,600,0,2,False,False,0,16509,US,True,,,,False,46,False,False,,benign,no_adverse_signal
samillavakiv10.top,2026-07-29,18,3.039148671903071,0.1111111111111111,0,0.7142857142857143,-7.708628,high,0.4762,2,0.6428571428571429,True,NOERROR,1,300,2,4,True,False,0,14618,US,True,Dynadot LLC,3,365,True,0,False,False,False,benign,no_adverse_signal
insurtechinnovators.com,2026-07-29,23,3.471354487013928,0.0,0,0.5833333333333334,-6.511462857142858,low,0.4615,2,0.631578947368421,True,NOERROR,1,14400,2,2,True,False,0,12488,GB,True,NETISTRAR,3,1096,True,0,False,False,False,benign,no_adverse_signal
adonismi.xyz,2026-07-29,12,2.75,0.0,0,1.0,-6.690130769230769,high,0.6154,2,0.875,True,NOERROR,2,300,0,2,False,False,2,13335,US,False,Dynadot Inc,3,365,False,0,False,False,,benign,no_adverse_signal
nanouwho.com,2026-07-29,12,2.5,0.0,0,1.0,-7.835538461538461,low,0.5455,2,0.75,True,NOERROR,5,322,2,2,False,False,5,63949,DE,True,Dynadot Inc,3,365,False,0,False,False,False,benign,no_adverse_signal
joelhoward.com,2026-07-29,14,3.121928094887362,0.0,0,0.6666666666666666,-7.547211764705883,low,0.4706,2,0.9,True,NOERROR,1,10800,0,2,False,False,0,16509,US,True,"Gransy, s.r.o.",3,365,False,24,False,False,,benign,no_adverse_signal
xapssgspropage.com,2026-07-29,18,2.8423709931771093,0.0,0,0.4,-7.401464,low,0.5,7,0.5714285714285714,False,NXDOMAIN,0,,0,0,False,False,0,,,,,,,,,,False,,benign,no_adverse_signal
marcusneves.dev,2026-07-29,15,3.095795255000934,0.0,0,0.5714285714285714,-6.925142105263157,low,0.5833,2,0.8181818181818182,True,NOERROR,2,300,3,2,True,False,2,13335,US,False,,,,False,0,False,False,False,benign,no_adverse_signal
831installation.com,2026-07-29,19,3.240223928941852,0.15789473684210525,0,0.7142857142857143,-7.082192592592593,low,0.5385,3,0.6666666666666666,True,NOERROR,2,300,1,2,True,False,2,13335,US,False,"Cloudflare, Inc.",3,3653,True,0,False,False,True,benign,no_adverse_signal
özlütesisat.com,2026-07-29,15,3.095795255000934,0.0,0,0.375,-9.930584210526316,low,0.4286,5,0.8181818181818182,False,SERVFAIL,0,,0,0,False,False,0,,,,Aerotek Bilisim Sanayi ve Ticaret AS,3,365,True,,,False,,benign,no_adverse_signal
whyyouredeemit.online,2026-07-29,21,3.3248629576173574,0.0,0,0.75,-7.492324,medium,0.5,4,0.7857142857142857,True,NOERROR,2,300,0,3,False,False,0,2635,US,False,Automattic Inc.,3,365,False,0,False,False,,benign,no_adverse_signal
keonhacaiw88.icu,2026-07-29,16,3.2516291673878226,0.125,0,1.0,-8.259238095238095,low,0.4444,2,0.8333333333333334,True,NOERROR,2,300,0,2,False,False,2,13335,US,False,"Spaceship, Inc.",3,365,False,0,False,False,,benign,no_adverse_signal
velvetretreat.co.uk,2026-07-29,19,2.411602217974672,0.0,0,0.625,-6.482991304347826,low,0.4762,2,0.46153846153846156,True,NOERROR,2,3600,0,2,False,False,0,16509,US,True,"GoDaddy.com, LLC. [Tag = GODADDY]",4,1096,False,26,False,False,,benign,no_adverse_signal
nmeoe.com,2026-07-29,9,1.9219280948873623,0.0,0,1.5,-7.9891,low,0.6667,2,0.8,True,NOERROR,2,300,0,2,False,False,2,13335,US,False,July Name Limited,3,365,True,0,False,False,,benign,no_adverse_signal
xiaonengwangluo.com,2026-07-29,19,3.189898095464287,0.0,0,0.875,-7.378874074074075,low,0.5,3,0.6666666666666666,False,NOERROR,0,,0,2,False,False,0,,,,"DNSPod, Inc.",3,365,False,,,False,,benign,no_adverse_signal
91015035.shop,2026-07-29,13,2.25,0.6153846153846154,0,0.0,-10.252284615384614,low,0.3636,0,0.625,False,NOERROR,0,,0,2,False,False,0,,,,,,,False,,,False,,benign,no_adverse_signal
danceimperiumpoznan.live,2026-07-29,24,3.4713544870139286,0.0,0,0.7272727272727273,-7.278831428571428,low,0.4138,2,0.631578947368421,True,NOERROR,2,300,0,2,False,False,2,13335,US,False,,,,False,0,False,False,,benign,no_adverse_signal
electrofruit.store,2026-07-29,18,3.0849625007211556,0.0,0,0.7142857142857143,-6.966395238095238,low,0.5455,3,0.75,True,NOERROR,1,14400,1,2,True,False,0,13335,US,True,,,,False,0,False,False,False,benign,no_adverse_signal
fairsafepage.wiki,2026-07-29,17,2.8553885422075336,0.0,0,1.0,-7.07412380952381,low,0.5217,2,0.6666666666666666,False,NOERROR,0,,0,2,False,False,0,,,,"Spaceship, Inc.",3,365,True,,,False,,benign,no_adverse_signal
coachboballen.com,2026-07-29,17,2.931208948910323,0.0,0,0.625,-7.025443478260869,low,0.5263,3,0.6153846153846154,False,NOERROR,0,,3,2,True,False,0,,,,IONOS SE,3,365,True,,,False,False,benign,no_adverse_signal
wze30.top,2026-07-29,9,2.321928094887362,0.2222222222222222,0,0.5,-10.698842857142855,high,0.5,2,1.0,True,NOERROR,3,15,0,0,False,True,0,54801,SC,False,GoDaddy.com,3,365,True,2,False,False,,benign,no_adverse_signal
awatersolublepvafilm.com,2026-07-29,24,3.746439344671015,0.0,0,0.6666666666666666,-7.161208108108108,low,0.4375,2,0.75,False,NXDOMAIN,0,,0,0,False,False,0,,,,Xin Net Technology Corporation,2,365,False,,,False,,benign,no_adverse_signal
downthyme.com,2026-07-29,13,3.169925001442312,0.0,0,0.2857142857142857,-7.87132,low,0.5,6,1.0,True,NOERROR,2,1200,0,2,False,False,0,16509,US,True,Gname 245 Inc,3,365,False,2,False,False,,benign,no_adverse_signal
sincitymagic.com,2026-07-29,16,3.0220552088742,0.0,0,0.5,-6.776180952380953,low,0.5556,3,0.75,True,NOERROR,2,3,2,4,True,False,0,,US,False,Porkbun LLC,2,365,False,0,False,False,False,benign,no_adverse_signal
avenlori.com,2026-07-29,12,3.0,0.0,0,1.0,-6.61883076923077,low,0.6154,2,1.0,True,NOERROR,1,21600,0,4,False,False,1,13335,CA,True,"TUCOWS.COM, CO.",3,365,True,0,False,False,,benign,no_adverse_signal
daxpropertys.com,2026-07-29,16,3.2516291673878226,0.0,0,0.3333333333333333,-7.079828571428571,low,0.5455,4,0.8333333333333334,True,NOERROR,1,60,0,2,True,False,0,57910,ES,True,DonDominio (SCIP),3,365,True,0,False,False,,benign,no_adverse_signal
ae79.app,2026-07-29,8,2.0,0.25,0,2.0,-11.350719999999999,low,0.5,0,1.0,True,NOERROR,2,300,0,2,False,False,2,13335,US,False,,,,False,0,False,False,,benign,no_adverse_signal
mmxiy.study,2026-07-29,11,1.9219280948873623,0.0,0,0.25,-10.954828571428573,low,0.5,3,0.8,False,NOERROR,0,,1,2,False,False,0,,,,"Spaceship, Inc.",3,365,True,,,False,True,benign,no_adverse_signal
doversaddlery.store,2026-07-29,19,3.0269868333592873,0.0,0,0.4444444444444444,-6.91645652173913,low,0.5263,3,0.6923076923076923,True,NOERROR,1,1800,5,2,True,False,0,22612,US,False,,,,False,0,False,False,False,benign,no_adverse_signal
giresun.store,2026-07-29,13,2.807354922057604,0.0,0,0.75,-6.481836363636364,low,0.6,1,1.0,False,timeout,0,,0,0,False,False,0,,,,,,,False,,,False,,benign,no_adverse_signal
sifli.me,2026-07-29,8,1.9219280948873623,0.0,0,0.6666666666666666,-7.416600000000001,low,0.5455,2,0.8,True,NOERROR,1,3600,3,2,False,False,0,16509,US,False,"GoDaddy.com, LLC",4,365,True,0,False,False,False,benign,no_adverse_signal
matildastone.com,2026-07-29,16,3.2516291673878226,0.0,0,0.7142857142857143,-6.221057142857143,low,0.5714,2,0.8333333333333334,True,NOERROR,1,300,0,2,False,False,0,23686,AU,False,"GoDaddy.com, LLC",3,731,False,0,False,False,,benign,no_adverse_signal
zuqiuyucezhuanjiamianfeiziyuan8.cn,2026-07-29,34,3.5113235377029857,0.029411764705882353,0,1.1428571428571428,-8.533347457627118,low,0.3182,2,0.45161290322580644,True,NOERROR,1,300,0,2,False,False,0,132839,SC,False,北京新网数码信息技术有限公司,7,365,False,0,False,False,,benign,no_adverse_signal
thiswildlifephotography.com,2026-07-29,27,3.7622673906514947,0.0,0,0.4375,-7.311474418604651,low,0.4118,3,0.6521739130434783,True,NOERROR,4,14400,2,4,True,False,0,53831,US,False,Squarespace Domains LLC,3,365,True,29,False,False,False,benign,no_adverse_signal
bluffviewgrowler.com,2026-07-29,20,3.375,0.0,0,0.45454545454545453,-8.12448620689655,low,0.4348,3,0.6875,False,NOERROR,0,,0,2,False,False,0,,,,Gname 085 Inc,3,365,False,,,False,,benign,no_adverse_signal
synqora.sbs,2026-07-29,11,2.807354922057604,0.0,0,0.4,-9.037245454545454,low,0.6667,4,1.0,False,NOERROR,0,,1,2,False,False,0,,,,"Spaceship, Inc.",3,365,False,,,False,False,benign,no_adverse_signal
lucasoriginals.com,2026-07-29,18,3.2359263506290334,0.0,0,0.75,-6.597904,low,0.4828,2,0.7142857142857143,False,NOERROR,0,,0,2,False,False,0,,,,"Cloudflare, Inc.",3,365,True,,,False,,benign,no_adverse_signal
avenitura.com,2026-07-29,13,2.94770277922009,0.0,0,1.25,-6.416753333333333,low,0.5714,1,0.8888888888888888,False,NOERROR,0,,0,2,False,False,0,,,,Alibaba Cloud Computing Ltd. d/b/a HiChina (www.net.cn),3,365,False,,,False,,benign,no_adverse_signal
icyskyibex93.surf,2026-07-29,17,3.2516291673878226,0.11764705882352941,0,0.42857142857142855,-8.836314285714286,low,0.4706,5,0.8333333333333334,True,NOERROR,1,30,0,2,False,False,0,64013,SG,False,Dynadot Inc,3,365,True,0,False,False,,benign,no_adverse_signal
nadara.solar,2026-07-29,12,1.7924812503605778,0.0,0,1.0,-6.282288888888889,low,0.6154,1,0.6666666666666666,True,NOERROR,2,21600,0,3,False,False,0,19551,US,True,,,,,0,False,False,,benign,no_adverse_signal
malaki-market.online,2026-07-29,20,3.0269868333592873,0.0,1,0.7142857142857143,-6.893530434782608,medium,0.6,2,0.6923076923076923,True,NOERROR,1,60,0,2,False,False,0,16509,US,False,"Name.com, Inc.",3,365,False,0,False,False,,benign,no_adverse_signal
nhrs9.shop,2026-07-29,10,2.321928094887362,0.1,0,0.0,-9.712071428571429,low,0.5,4,1.0,False,NOERROR,0,,5,2,True,False,0,,,,,,,False,,,False,False,benign,no_adverse_signal
zhongtengdg.com,2026-07-29,15,2.8453509366224368,0.0,0,0.2222222222222222,-7.573984210526316,low,0.5,4,0.7272727272727273,False,NOERROR,0,,0,2,False,False,0,,,,Xin Net Technology Corporation,3,365,True,,,False,,benign,no_adverse_signal
mortis.asia,2026-07-29,11,2.584962500721156,0.0,0,0.5,-6.260088888888889,low,0.6667,2,1.0,False,NOERROR,0,,0,2,False,False,0,,,,"DNSPod, Inc.",3,365,True,,,False,,benign,no_adverse_signal
opensafehome.wiki,2026-07-29,17,3.0220552088742,0.0,0,1.0,-6.889590476190476,low,0.5556,2,0.75,False,NOERROR,0,,0,2,False,False,0,,,,"Spaceship, Inc.",3,365,True,,,,,unknown,no_reputation_coverage
insurehealthtech.com.br,2026-07-29,23,3.2806390622295662,0.0,0,0.6,-6.6677793103448275,low,0.5455,4,0.6875,True,NOERROR,1,14400,1,2,True,False,0,142240,AE,True,,34,365,False,0,False,False,False,benign,no_adverse_signal
petshimmy.com,2026-07-29,13,2.9477027792200903,0.0,0,0.2857142857142857,-7.14506,low,0.6154,3,0.8888888888888888,True,NOERROR,2,1800,0,2,False,False,0,16509,US,False,"Name.com, Inc.",2,365,True,0,False,False,,benign,no_adverse_signal
fourpawsonly.com,2026-07-29,16,3.418295834054489,0.0,0,0.5,-7.148714285714285,low,0.5556,3,0.9166666666666666,True,NOERROR,2,10800,0,2,True,False,2,14618,US,True,DropCatch.com 1083 LLC,3,365,False,3,False,False,,benign,no_adverse_signal
wjlod5i8dy.com,2026-07-29,14,3.121928094887362,0.14285714285714285,0,0.3333333333333333,-11.351929411764706,low,0.4706,3,0.9,False,NOERROR,0,,0,2,False,False,0,,,,"Gransy, s.r.o.",3,365,False,,,False,,benign,no_adverse_signal
eventcounted.com,2026-07-29,16,2.8553885422075336,0.0,0,0.7142857142857143,-6.360028571428571,low,0.64,3,0.6666666666666666,True,NOERROR,2,300,5,2,True,False,2,13335,US,False,NAMECHEAP INC,3,365,True,0,False,False,False,benign,no_adverse_signal
choidi0o.top,2026-07-29,12,2.5,0.08333333333333333,0,1.3333333333333333,-9.044884615384616,high,0.4615,2,0.75,True,NOERROR,3,60,0,2,False,True,0,138995,US,False,Dominet (HK) Limited,3,365,True,0,True,True,,malicious,spamhaus_zen
guydeclercq.com,2026-07-29,15,3.095795255000934,0.0,0,0.375,-7.789947368421053,low,0.5,3,0.8181818181818182,False,NOERROR,0,,0,2,False,False,0,,,,"GMO Internet, Inc.",3,365,True,,,False,,benign,no_adverse_signal
helenkendrickcelebrant.co.uk,2026-07-29,28,3.351953074246375,0.0,0,0.4666666666666667,-6.719482926829269,low,0.439,3,0.5454545454545454,True,NOERROR,1,3600,1,3,True,False,0,8560,GB,False,Fasthosts Internet Ltd [Tag = LIVEDOMAINS],4,365,False,0,False,False,False,benign,no_adverse_signal
pulseselecao.app,2026-07-29,16,2.8553885422075336,0.0,0,1.0,-6.887152380952381,low,0.5,2,0.6666666666666666,True,NOERROR,2,300,0,2,True,False,2,13335,US,False,,,,False,0,False,False,,benign,no_adverse_signal
l8pe2.top,2026-07-29,9,2.321928094887362,0.2222222222222222,0,0.5,-11.396185714285716,high,0.5455,1,1.0,False,NOERROR,0,,0,4,False,False,0,,,,NameMart Pte. Ltd.,3,365,False,,,True,,malicious,spamhaus_dbl
8q4.xyz,2026-07-29,7,1.584962500721156,0.2857142857142857,0,0.0,-12.2784,high,0.2857,1,1.0,False,NOERROR,0,,0,2,False,False,0,,,,NAMECHEAP INC,3,365,True,,,False,,benign,no_adverse_signal
truekutlawncare.com,2026-07-29,19,3.2402239289418517,0.0,0,0.6666666666666666,-7.577562962962963,low,0.48,3,0.6666666666666666,True,NOERROR,2,0,2,4,True,False,0,,US,False,Porkbun LLC,3,365,False,0,False,False,False,benign,no_adverse_signal
rccirogers.com,2026-07-29,14,2.6464393446710153,0.0,0,0.42857142857142855,-7.201276470588235,low,0.5556,3,0.7,False,NXDOMAIN,0,,0,0,False,False,0,,,,"GoDaddy.com, LLC",3,365,False,,,False,,benign,no_adverse_signal
matterovermiles.com,2026-07-29,19,3.1898980954642866,0.0,0,0.6666666666666666,-6.286292592592592,low,0.5714,2,0.6666666666666666,True,NOERROR,1,1800,0,0,False,False,0,58182,US,True,Wix.com Ltd.,1468,1826,True,0,False,False,,benign,no_adverse_signal
zenexthorza.click,2026-07-29,17,3.0957952550009344,0.0,0,0.5714285714285714,-7.359678947368421,medium,0.4706,3,0.8181818181818182,True,NOERROR,3,3603,0,3,False,False,0,63949,US,True,"NameSilo, LLC",3,365,True,1,False,False,,benign,no_adverse_signal
gy-abverkaufsaktion.ch,2026-07-29,22,3.892407118592875,0.0,1,0.6363636363636364,-8.120705714285714,low,0.4167,2,0.8421052631578947,True,NOERROR,1,3600,1,4,True,False,0,16509,SE,True,,,,False,0,False,False,False,benign,no_adverse_signal
holdemsportsbar.com.br,2026-07-29,22,3.506890595608519,0.0,0,0.36363636363636365,-6.794833333333333,low,0.48,4,0.8,True,NOERROR,2,3600,0,2,False,False,0,16509,US,False,,5,365,False,0,False,False,,benign,no_adverse_signal
eastgatelegal.com,2026-07-29,17,2.5073801024236357,0.0,0,0.8571428571428571,-6.4595391304347825,low,0.5714,3,0.46153846153846156,True,NOERROR,1,14400,1,2,True,False,0,16509,US,True,Web4Africa Inc.,3,365,True,24,False,False,False,benign,no_adverse_signal
themoneyhall.com,2026-07-29,16,3.084962500721156,0.0,0,0.5,-6.760347619047619,low,0.5263,2,0.75,True,NOERROR,2,600,0,2,False,False,0,16509,US,True,"GoDaddy.com, LLC",3,365,False,46,False,False,,benign,no_adverse_signal
gilbertistudio.com,2026-07-29,18,3.3248629576173574,0.0,0,0.75,-6.771240000000001,low,0.6154,2,0.7857142857142857,True,NOERROR,2,300,2,3,True,False,0,2635,US,False,Squarespace Domains II LLC,3,365,True,13,False,False,False,benign,no_adverse_signal
johobet8224.com,2026-07-29,15,3.0957952550009344,0.26666666666666666,0,0.75,-8.807815789473684,low,0.4211,1,0.8181818181818182,True,NOERROR,1,3603,0,3,False,False,0,205759,US,False,"NameSilo, LLC",3,365,True,50,True,True,,malicious,spamhaus_zen
honfolwfree.online,2026-07-29,18,2.9139770731827523,0.0,0,0.5714285714285714,-7.8045210526315785,medium,0.4762,4,0.7272727272727273,True,NOERROR,1,1800,0,2,False,False,1,47583,CY,False,"HOSTINGER operations, UAB",3,365,False,35,False,False,,benign,no_adverse_signal
prediksi77my.app,2026-07-29,16,3.2516291673878226,0.125,0,0.42857142857142855,-8.749514285714286,low,0.4615,2,0.8333333333333334,True,NOERROR,1,1800,5,2,True,False,0,22612,US,False,,,,False,1,False,False,False,benign,no_adverse_signal
lowaltitude.top,2026-07-29,15,3.0957952550009344,0.0,0,0.8333333333333334,-6.828152631578948,high,0.6,2,0.8181818181818182,False,NOERROR,0,,0,2,False,False,0,,,,Alibaba Cloud Computing Ltd. d/b/a HiChina (www.net.cn),3,365,True,,,False,,benign,no_adverse_signal
mosaicintelligencefinance.com,2026-07-29,29,3.333660689688185,0.0,0,0.7857142857142857,-6.476678723404256,low,0.4737,2,0.48,False,NOERROR,0,,0,2,False,False,0,,,,"Cloudflare, Inc.",3,365,True,,,False,,benign,no_adverse_signal
higemusou.com,2026-07-29,13,2.94770277922009,0.0,0,1.25,-7.14562,low,0.5,1,0.8888888888888888,True,NOERROR,1,600,1,2,True,False,0,7684,JP,True,"GMO Internet, Inc.",2,365,False,0,False,False,False,benign,no_adverse_signal
libertad50mas.com,2026-07-29,17,3.546593564294939,0.11764705882352941,0,0.5714285714285714,-7.828726086956522,low,0.5217,2,0.9230769230769231,True,NOERROR,1,1800,5,2,True,False,0,22612,US,False,NAMECHEAP INC,3,365,True,0,False,False,False,benign,no_adverse_signal
tableforyounyc.com,2026-07-29,18,3.521640636343319,0.0,0,0.5555555555555556,-7.13248,low,0.5833,3,0.8571428571428571,True,NOERROR,1,3600,2,4,True,False,1,8560,US,True,IONOS SE,3,365,True,0,False,False,False,benign,no_adverse_signal
cartopedia.fr,2026-07-29,13,3.121928094887362,0.0,0,1.0,-6.21289411764706,low,0.7,2,0.9,True,NOERROR,1,21600,0,4,False,False,1,13335,CA,True,EPAG Domainservices GmbH,2,364,False,0,False,False,,benign,no_adverse_signal
marksanforforsouthcarolina.com,2026-07-29,30,3.546593564294938,0.0,0,0.625,-6.715406122448979,low,0.4878,3,0.5384615384615384,False,NOERROR,0,,0,2,False,False,0,,,,"Cloudflare, Inc.",3,365,True,,,False,,benign,no_adverse_signal
777vd.bet,2026-07-29,9,1.3709505944546687,0.3333333333333333,0,0.0,-10.413300000000001,low,0.4,2,0.6,True,NOERROR,1,300,0,2,False,False,0,206834,DE,False,,,,,24,False,False,,benign,no_adverse_signal
weskinah.com,2026-07-29,12,3.0,0.0,0,0.6,-6.849915384615385,low,0.6667,2,1.0,True,NOERROR,1,14400,0,2,False,False,0,16509,US,False,"HOSTINGER operations, UAB",3,1096,False,0,False,False,,benign,no_adverse_signal
wellnessband.store,2026-07-29,18,2.918295834054489,0.0,0,0.3333333333333333,-6.778642857142858,low,0.4762,3,0.6666666666666666,True,NOERROR,1,50,0,2,False,False,0,47583,CY,False,,,,False,35,False,False,,benign,no_adverse_signal
minuterecruit.com,2026-07-29,17,2.931208948910323,0.0,0,0.8571428571428571,-6.7036739130434775,low,0.6364,2,0.6153846153846154,True,NOERROR,1,300,1,2,True,False,0,16509,US,False,"Cloudflare, Inc.",3,365,True,0,False,False,False,benign,no_adverse_signal
smoptix.ru,2026-07-29,10,2.807354922057604,0.0,0,0.4,-7.49010909090909,low,0.5714,2,1.0,False,NOERROR,0,,0,2,False,False,0,,,,RU-CENTER-RU,4,365,False,,,False,,benign,no_adverse_signal
nhrvlvm.shop,2026-07-29,12,2.521640636343318,0.0,0,0.0,-10.275572727272728,low,0.4286,7,0.8571428571428571,False,NOERROR,0,,5,2,True,False,0,,,,,,,False,,,False,False,benign,no_adverse_signal
designhome.ma,2026-07-29,13,3.121928094887362,0.0,0,0.6666666666666666,-6.960670588235295,low,0.5263,3,0.9,True,NOERROR,1,14400,3,2,True,False,0,51167,FR,True,CAP CONNECT,7,365,False,0,False,False,False,benign,no_adverse_signal
barmkinroe.info,2026-07-29,15,3.121928094887362,0.0,0,0.6666666666666666,-7.717335294117646,medium,0.5,3,0.9,True,NOERROR,2,300,0,2,False,False,2,13335,US,False,,,,,0,False,False,,benign,no_adverse_signal
trungtin.net,2026-07-29,12,2.5,0.0,0,0.3333333333333333,-6.785584615384615,low,0.6154,3,0.75,False,NOERROR,0,,0,2,False,False,0,,,,Squarespace Domains II LLC,3,365,True,,,False,,benign,no_adverse_signal
tactilane.com,2026-07-29,13,2.725480556997868,0.0,0,0.8,-6.3041133333333335,low,0.5882,2,0.7777777777777778,True,NOERROR,2,1800,0,2,False,False,0,16509,US,False,"Name.com, Inc.",3,365,True,0,False,False,,benign,no_adverse_signal
wwwcafe178.ru,2026-07-29,13,2.8464393446710154,0.23076923076923078,0,0.4,-9.394211764705883,low,0.5,4,0.8,True,NOERROR,1,3600,0,3,False,False,0,48287,RU,False,RU-CENTER-RU,4,365,False,5,False,False,,benign,no_adverse_signal
starvoicevo.net,2026-07-29,15,3.095795255000934,0.0,0,0.8333333333333334,-7.069100000000001,low,0.5882,2,0.8181818181818182,True,NOERROR,2,300,0,2,False,False,2,13335,US,False,"NameSilo, LLC",3,365,True,0,False,False,,benign,no_adverse_signal
mcspower.be,2026-07-29,11,3.0,0.0,0,0.3333333333333333,-7.1993846153846155,low,0.6,4,1.0,True,NOERROR,1,900,0,3,True,False,0,201290,NL,True,,8,,False,0,False,False,,benign,no_adverse_signal
eyespotopticals.com,2026-07-29,19,3.2402239289418513,0.0,0,0.6666666666666666,-6.686255555555555,low,0.4762,2,0.6666666666666666,True,NOERROR,1,50,2,2,True,False,0,47583,CY,False,"HOSTINGER operations, UAB",3,1096,False,35,False,False,False,benign,no_adverse_signal
csyncgate.wiki,2026-07-29,14,2.94770277922009,0.0,0,0.2857142857142857,-7.86456,low,0.5556,6,0.8888888888888888,False,NOERROR,0,,0,2,False,False,0,,,,"Spaceship, Inc.",3,365,True,,,False,,benign,no_adverse_signal
arcadiabridge.pro,2026-07-29,17,2.873140679513133,0.0,0,0.8571428571428571,-6.792804347826086,low,0.5217,2,0.6153846153846154,True,NOERROR,2,300,0,2,False,False,2,13335,US,False,,,,,0,False,False,,benign,no_adverse_signal
solvarin.info,2026-07-29,13,3.0,0.0,0,0.6,-6.928546153846154,medium,0.5556,2,1.0,False,NOERROR,0,,0,2,False,False,0,,,,,,,,,,False,,benign,no_adverse_signal
lauss-holz.art,2026-07-29,14,2.9219280948873623,0.0,1,0.5,-7.674229411764705,low,0.4615,2,0.8,True,NOERROR,3,3603,3,3,True,False,0,63949,US,True,"NameSilo, LLC",3,365,True,1,False,False,False,benign,no_adverse_signal
syncsigned.info,2026-07-29,15,2.9219280948873623,0.0,0,0.25,-7.486852941176471,medium,0.5556,5,0.8,True,NOERROR,1,3600,0,3,False,False,0,197720,TR,True,,,,,0,False,False,,benign,no_adverse_signal
6w89.buzz,2026-07-29,9,2.0,0.3333333333333333,0,0.0,-12.782540000000001,high,0.2857,1,1.0,True,NOERROR,2,300,0,2,False,False,2,13335,US,False,"Spaceship, Inc.",3,365,False,0,False,False,,benign,no_adverse_signal
seen1atatime.com,2026-07-29,16,2.8553885422075336,0.0625,0,1.2,-7.396919047619047,low,0.5556,1,0.6666666666666666,True,NOERROR,1,10800,2,2,True,False,0,398101,US,True,"GoDaddy.com, LLC",3,365,False,0,False,False,False,benign,no_adverse_signal
mertiking50187.cam,2026-07-29,18,3.6644977792004623,0.2777777777777778,0,0.5,-8.222544000000001,low,0.5,2,0.9285714285714286,True,NOERROR,2,300,0,2,False,False,2,13335,US,False,Dynadot Inc,3,365,False,0,False,False,,benign,no_adverse_signal
swiftoecho.info,2026-07-29,15,3.121928094887362,0.0,0,0.6666666666666666,-7.4254999999999995,medium,0.625,2,0.9,True,NOERROR,2,300,0,2,False,False,2,13335,US,False,,,,,0,False,False,,benign,no_adverse_signal
mvxdjtp.online,2026-07-29,14,2.807354922057604,0.0,0,0.0,-11.31409090909091,medium,0.4,7,1.0,False,NOERROR,0,,0,2,False,False,0,,,,NAMECHEAP INC,3,365,True,,,False,,benign,no_adverse_signal
huayjumboz.site,2026-07-29,15,3.121928094887362,0.0,0,0.6666666666666666,-8.497217647058823,medium,0.4706,2,0.9,True,NOERROR,2,60,2,2,True,False,2,47583,DE,False,NAMECHEAP INC,3,365,True,1,False,False,False,benign,no_adverse_signal
canvaskeeperdiamondart.com,2026-07-29,26,3.6069367321753205,0.0,0,0.6923076923076923,-6.760931707317073,low,0.4848,2,0.6363636363636364,True,NOERROR,1,3600,0,2,False,False,0,14618,US,True,Dominet (HK) Limited,3,365,False,0,False,False,,benign,no_adverse_signal
revivecampus.com,2026-07-29,16,3.2516291673878226,0.0,0,0.7142857142857143,-6.786957142857142,low,0.5926,2,0.8333333333333334,True,NOERROR,2,300,0,2,False,False,2,13335,US,False,"Cloudflare, Inc.",3,365,True,0,False,False,,benign,no_adverse_signal
beddingmuse.com,2026-07-29,15,3.0957952550009344,0.0,0,0.5714285714285714,-7.088847368421052,low,0.5882,3,0.8181818181818182,True,NOERROR,2,300,3,2,True,False,2,13335,US,False,TuringSign Inc. d/b/a Cosmotown,3,365,False,0,False,False,False,benign,no_adverse_signal
jzxkbz.com,2026-07-29,10,2.2516291673878226,0.0,0,0.0,-11.242422222222222,low,0.3333,6,0.8333333333333334,False,NOERROR,0,,0,2,False,False,0,,,,Alibaba Cloud Computing Ltd. d/b/a HiChina (www.net.cn),3,365,False,,,False,,benign,no_adverse_signal
prettygirlsgunclub.com,2026-07-29,22,3.6143694458867563,0.0,0,0.2857142857142857,-7.587563636363637,low,0.4286,4,0.7222222222222222,True,NOERROR,4,14400,0,4,True,False,0,53831,US,False,Squarespace Domains LLC,3,1096,True,29,False,False,,benign,no_adverse_signal
mvp19.app,2026-07-29,9,2.321928094887362,0.2222222222222222,0,0.0,-11.087371428571428,low,0.4444,3,1.0,False,NOERROR,0,,0,2,False,False,0,,,,,,,False,,,False,,benign,no_adverse_signal
kravenso.digital,2026-07-29,16,3.0,0.0,0,0.6,-6.697107692307692,low,0.6154,2,1.0,True,NOERROR,2,300,0,2,False,False,2,13335,US,False,,,,,0,False,False,,benign,no_adverse_signal
gt1008.club,2026-07-29,11,2.251629167387823,0.36363636363636365,0,0.0,-9.6748,low,0.6,2,0.8333333333333334,True,NOERROR,2,300,0,2,False,False,2,13335,US,False,Dynadot Inc,3,365,True,0,False,False,,benign,no_adverse_signal
silverlaisgroup.com,2026-07-29,19,3.373557262275185,0.0,0,0.6666666666666666,-7.098992592592593,low,0.4615,3,0.7333333333333333,True,NOERROR,4,14400,1,4,True,False,0,53831,US,False,Squarespace Domains II LLC,3,365,True,29,False,False,False,benign,no_adverse_signal
meiguonbajnrisaicheng.com.cn,2026-07-29,28,3.6537567082870006,0.0,0,0.75,-7.684035897435897,low,0.4,3,0.6666666666666666,True,NOERROR,1,300,0,2,False,False,0,132839,SC,False,北京新网数码信息技术有限公司,10,365,False,0,False,False,,benign,no_adverse_signal
dgtzs.com,2026-07-29,9,2.321928094887362,0.0,0,0.0,-9.77432857142857,low,0.5,5,1.0,True,NOERROR,2,30,0,2,True,False,2,14618,US,True,DropCatch.com 1389 LLC,3,365,False,0,False,False,,benign,no_adverse_signal
camilacantu.com,2026-07-29,15,2.845350936622437,0.0,0,0.8333333333333334,-6.4169210526315785,low,0.5455,2,0.7272727272727273,True,NOERROR,1,21600,0,4,False,False,1,13335,CA,True,"TUCOWS.COM, CO.",22,365,True,0,False,False,,benign,no_adverse_signal
9z4.xyz,2026-07-29,7,1.584962500721156,0.2857142857142857,0,0.0,-12.950066666666666,high,0.3333,1,1.0,False,NOERROR,0,,0,2,False,False,0,,,,NAMECHEAP INC,3,365,True,,,False,,benign,no_adverse_signal
017629.com,2026-07-29,10,2.584962500721156,0.6,0,0.0,-10.978388888888889,low,0.4444,0,1.0,True,NOERROR,1,600,0,2,False,True,0,398993,TW,False,"GMO Internet, Inc.",3,365,True,0,False,False,,benign,no_adverse_signal
furrycareai.shop,2026-07-29,16,2.8453509366224368,0.0,0,0.8333333333333334,-7.126126315789474,low,0.4706,4,0.7272727272727273,True,NOERROR,2,300,0,2,False,False,2,13335,US,False,,,,False,0,False,False,,benign,no_adverse_signal
marlowcrew.com,2026-07-29,14,2.9219280948873623,0.0,0,0.42857142857142855,-7.381058823529411,low,0.5,3,0.8,False,NOERROR,0,,1,4,True,False,0,,,,NAMECHEAP INC,3,365,True,,,False,False,benign,no_adverse_signal
bilkainc.com,2026-07-29,12,2.75,0.0,0,0.6,-6.998115384615384,low,0.6154,2,0.875,False,NOERROR,0,,0,2,False,False,0,,,,"Cloudflare, Inc.",3,365,True,,,False,,benign,no_adverse_signal
blaze.work,2026-07-29,10,2.321928094887362,0.0,0,0.6666666666666666,-7.160742857142857,low,0.6,2,1.0,False,NOERROR,0,,0,2,False,False,0,,,,"Spaceship, Inc.",2,365,True,,,False,,benign,no_adverse_signal
mercadolivreofertasapp.com,2026-07-29,26,3.6292196865240958,0.0,0,0.6923076923076923,-6.864363414634146,low,0.4878,2,0.6363636363636364,True,NOERROR,1,21600,0,2,False,False,0,16509,US,True,"TUCOWS.COM, CO.",372,730,True,0,False,False,,benign,no_adverse_signal
shigotonayami.com,2026-07-29,17,3.238901256602631,0.0,0,0.8571428571428571,-6.819286956521739,low,0.5185,2,0.7692307692307693,True,NOERROR,2,300,3,2,True,False,2,13335,US,False,"Cloudflare, Inc.",3,365,True,0,False,False,False,benign,no_adverse_signal
ppoyea.vu,2026-07-29,9,2.2516291673878226,0.0,0,1.0,-8.099655555555556,low,0.5455,2,0.8333333333333334,True,NOERROR,2,300,0,2,False,False,2,13335,US,False,Dynadot Inc,4,365,True,0,False,False,,benign,no_adverse_signal
qrordervn.app,2026-07-29,13,2.6416041678685933,0.0,0,0.2857142857142857,-7.758453333333334,low,0.5333,3,0.7777777777777778,True,NOERROR,2,300,0,2,False,False,2,13335,US,False,,,,False,0,False,False,,benign,no_adverse_signal
ellish.shop,2026-07-29,11,2.2516291673878226,0.0,0,0.5,-6.234766666666667,low,0.6,2,0.8333333333333334,True,NOERROR,1,300,0,2,False,False,0,199242,US,False,,,,False,0,False,False,,benign,no_adverse_signal
imagemeautoridade.online,2026-07-29,24,3.175123135113461,0.0,0,1.4285714285714286,-6.5162129032258065,medium,0.48,1,0.5882352941176471,True,NOERROR,1,300,0,2,False,False,0,13335,US,False,"HOSTINGER operations, UAB",3,365,False,0,False,False,,benign,no_adverse_signal
ygperfume.com,2026-07-29,13,2.94770277922009,0.0,0,0.5,-8.003946666666668,low,0.4706,3,0.8888888888888888,True,NOERROR,1,21600,0,2,False,False,0,16509,US,True,"TUCOWS.COM, CO.",372,730,True,0,False,False,,benign,no_adverse_signal
mvanderg.nl,2026-07-29,11,3.0,0.0,0,0.3333333333333333,-6.786561538461539,low,0.5714,2,1.0,True,NOERROR,1,14400,1,2,True,False,1,215747,NL,True,Internet Service Europe B.V.,17,,False,0,False,False,False,benign,no_adverse_signal
sharjah.rentals,2026-07-29,15,2.2359263506290326,0.0,0,0.4,-7.7161,low,0.5714,2,0.7142857142857143,True,NOERROR,1,1800,5,2,True,False,0,22612,US,False,,,,,0,False,False,False,benign,no_adverse_signal
buzzydom.com,2026-07-29,12,2.75,0.0,0,0.3333333333333333,-8.391753846153845,low,0.5,4,0.875,False,NOERROR,0,,0,2,False,False,0,,,,"Spaceship, Inc.",3,365,False,,,False,,benign,no_adverse_signal
plw36.top,2026-07-29,9,2.321928094887362,0.2222222222222222,0,0.0,-10.577457142857142,high,0.5,3,1.0,True,NOERROR,1,600,2,4,True,False,0,198610,RU,True,Key-Systems GmbH,3,365,True,0,False,False,False,benign,no_adverse_signal
findhomepros.info,2026-07-29,17,3.418295834054489,0.0,0,0.5,-6.700171428571428,medium,0.5556,3,0.9166666666666666,True,NOERROR,2,600,0,2,False,False,0,16509,US,True,,,,,46,False,False,,benign,no_adverse_signal
messigoat.lat,2026-07-29,13,2.94770277922009,0.0,0,0.8,-6.72406,low,0.5882,2,0.8888888888888888,True,NOERROR,2,300,0,2,False,False,2,13335,US,False,NAMECHEAP INC,3,365,False,0,False,False,,benign,no_adverse_signal
corporacionandina.com,2026-07-29,21,2.895423870280316,0.0,0,0.8888888888888888,-6.212822580645161,low,0.4444,2,0.47058823529411764,True,NOERROR,2,10800,0,2,True,False,2,14618,US,True,DropCatch.com 641 LLC,3,365,False,3,False,False,,benign,no_adverse_signal
hirebuildingreachhq.com,2026-07-29,23,3.536886723742166,0.0,0,0.5833333333333334,-7.198211428571429,low,0.4444,4,0.6842105263157895,False,NOERROR,0,,1,4,True,False,0,,,,PDR Ltd. d/b/a PublicDomainRegistry.com,2,365,True,,,False,False,benign,no_adverse_signal
titaniumcity.mw,2026-07-29,15,2.792481250360578,0.0,0,0.7142857142857143,-6.956004761904762,low,0.5385,2,0.6666666666666666,True,NOERROR,2,300,0,2,False,False,2,13335,US,False,101DOMAIN-REG,,,False,0,False,False,,benign,no_adverse_signal
betterwelllife.shop,2026-07-29,19,2.7534343861887853,0.0,0,0.5555555555555556,-6.785336,low,0.4615,3,0.5714285714285714,True,NOERROR,2,60,0,2,False,False,2,47583,DE,False,,,,False,0,False,False,,benign,no_adverse_signal
srhjr.vip,2026-07-29,9,1.9219280948873623,0.0,0,0.0,-11.004585714285714,low,0.5455,5,0.8,True,NOERROR,3,300,0,2,False,True,0,59371,HK,False,Dynadot Inc,3,365,True,0,False,True,,malicious,spamhaus_dbl
coincate.lol,2026-07-29,12,2.75,0.0,0,1.0,-6.391876923076922,low,0.6667,2,0.875,True,NOERROR,2,300,0,2,False,False,2,13335,US,False,Global Domain Group LLC,3,365,False,0,False,False,,benign,no_adverse_signal
imgui.design,2026-07-29,12,1.9219280948873623,0.0,0,1.5,-7.765928571428572,low,0.6667,2,0.8,True,NOERROR,2,300,0,2,False,False,2,13335,US,False,https://www.spaceship.com/,3,365,True,0,False,False,,benign,no_adverse_signal
threeports.shop,2026-07-29,15,2.721928094887362,0.0,0,0.42857142857142855,-6.520588235294118,low,0.6,3,0.7,True,NOERROR,1,600,0,4,False,False,0,63949,US,True,,,,False,0,False,False,,benign,no_adverse_signal
direitopenalemfoco.com.br,2026-07-29,25,3.530493056757482,0.0,0,1.0,-6.870312121212121,low,0.4444,2,0.7222222222222222,True,NOERROR,1,300,0,2,False,False,0,13335,DE,True,,4,1096,False,64,False,False,,malicious,abuseipdb
rockportcasitas.com,2026-07-29,19,3.1068905956085193,0.0,0,0.5,-6.542122222222223,low,0.48,3,0.6,True,NOERROR,1,3600,0,2,False,False,0,14618,US,True,Atom.com Domains LLC,3,365,False,0,False,False,,benign,no_adverse_signal
crystallagoonmanor.space,2026-07-29,24,3.3082708345352603,0.0,0,0.5,-6.629330303030303,low,0.4615,5,0.6111111111111112,False,NXDOMAIN,0,,0,0,False,False,0,,,,NAMECHEAP INC,3,365,True,,,False,,benign,no_adverse_signal
onmeravomir.xyz,2026-07-29,15,2.9139770731827523,0.0,0,0.8333333333333334,-6.9467105263157904,high,0.5882,2,0.7272727272727273,True,NOERROR,2,300,0,2,False,False,2,13335,US,False,"NameSilo, LLC",3,365,True,0,False,False,,benign,no_adverse_signal
littlebirdlist.com,2026-07-29,18,2.78845045730829,0.0,0,0.4,-7.069928,low,0.5455,3,0.5714285714285714,True,NOERROR,2,2,2,4,True,False,0,,US,False,Porkbun LLC,3,365,False,0,False,False,False,benign,no_adverse_signal
redtubu.com,2026-07-29,11,2.521640636343318,0.0,0,0.75,-7.407963636363636,low,0.6154,2,0.8571428571428571,True,NOERROR,1,30,0,2,False,False,0,16509,US,True,TuringSign Inc. d/b/a Cosmotown,743,1095,False,0,False,False,,benign,no_adverse_signal
1acx2e.shop,2026-07-29,11,2.584962500721156,0.18181818181818182,0,1.0,-11.434933333333333,low,0.5,2,1.0,True,NOERROR,1,1800,5,2,True,False,0,22612,US,False,,,,False,0,False,False,False,benign,no_adverse_signal
pinup-nx8.cfd,2026-07-29,13,2.725480556997868,0.07692307692307693,1,0.4,-9.03868,low,0.4286,2,0.7777777777777778,True,NOERROR,3,3603,0,3,False,False,0,63949,US,True,"NameSilo, LLC",3,365,False,13,False,False,,benign,no_adverse_signal
easybreezyshop.shop,2026-07-29,19,3.182005814760214,0.0,0,0.5555555555555556,-7.530284,low,0.4348,4,0.7142857142857143,True,NOERROR,1,300,0,2,False,False,0,199242,GE,False,,,,False,0,False,False,,benign,no_adverse_signal
cjsweetpalace.com,2026-07-29,17,3.0269868333592873,0.0,0,0.625,-7.559182608695652,low,0.4615,4,0.6923076923076923,True,NOERROR,2,3600,2,2,True,False,0,16509,US,True,"GoDaddy.com, LLC",3,731,False,24,False,False,False,benign,no_adverse_signal
virtuosaelegancia.com,2026-07-29,21,3.572469458770136,0.0,0,1.125,-7.158738709677419,low,0.5,2,0.7647058823529411,True,NOERROR,1,1800,0,0,False,False,0,58182,US,True,Wix.com Ltd.,736,1095,True,0,False,False,,benign,no_adverse_signal
nourzaytouna.boutique,2026-07-29,21,2.9182958340544896,0.0,0,1.0,-7.606766666666666,low,0.5263,2,0.6666666666666666,True,NOERROR,4,33,5,2,True,False,0,36351,DE,True,,,,,0,False,False,False,benign,no_adverse_signal
elurepk.com,2026-07-29,11,2.5216406363433186,0.0,0,0.75,-7.422109090909092,low,0.6154,2,0.8571428571428571,True,NOERROR,1,21600,0,2,False,False,0,16509,US,True,"TUCOWS.COM, CO.",372,730,True,0,False,False,,benign,no_adverse_signal
sssbiotech.com,2026-07-29,14,2.8464393446710154,0.0,0,0.42857142857142855,-6.9959,low,0.5,4,0.8,False,NOERROR,0,,2,2,False,False,0,,,,"HOSTINGER operations, UAB",3,365,False,,,False,False,benign,no_adverse_signal
assetprincipalllc.com,2026-07-29,21,3.2195282822995477,0.0,0,0.4166666666666667,-6.906945161290322,low,0.4615,4,0.5882352941176471,True,NOERROR,2,300,0,2,False,False,0,16509,US,True,"Spaceship, Inc.",3,365,False,9,False,False,,benign,no_adverse_signal
lavandbitsammet.business,2026-07-29,24,3.3232314287976212,0.0,0,0.5,-6.9644407407407405,low,0.48,3,0.7333333333333333,True,NOERROR,2,300,0,2,False,False,2,13335,US,False,,,,,0,False,False,,benign,no_adverse_signal
kadinveailedergilerisempozyumu.com,2026-07-29,34,3.8532359131272913,0.0,0,0.875,-7.205650877192983,low,0.3902,2,0.5666666666666667,False,SERVFAIL,0,,0,0,False,False,0,,,,Aerotek Bilisim Sanayi ve Ticaret AS,3,365,True,,,False,,benign,no_adverse_signal
squabblestore.com,2026-07-29,17,3.238901256602631,0.0,0,0.625,-6.862817391304348,low,0.6957,3,0.7692307692307693,True,NOERROR,2,600,0,2,False,False,0,16509,US,True,"GoDaddy.com, LLC",3,365,False,46,False,False,,benign,no_adverse_signal
xl2231qwe01.com,2026-07-29,15,3.095795255000934,0.4,0,0.25,-11.524747368421053,low,0.3333,2,0.8181818181818182,False,NOERROR,0,,0,2,False,False,0,,,,"Name.com, Inc.",3,365,True,,,False,,benign,no_adverse_signal
bkk67vip.com,2026-07-29,12,2.75,0.16666666666666666,0,0.2,-11.011076923076924,low,0.4,3,0.875,True,NOERROR,1,1800,5,2,True,False,0,22612,US,False,NAMECHEAP INC,3,365,True,0,False,False,False,benign,no_adverse_signal
talucare.com,2026-07-29,12,2.75,0.0,0,1.0,-6.351215384615385,low,0.6154,1,0.875,True,NOERROR,1,1800,5,2,True,False,0,22612,US,False,NAMECHEAP INC,3,365,True,0,False,False,False,benign,no_adverse_signal
haveworld.pw,2026-07-29,12,3.169925001442312,0.0,0,0.5,-7.02628,low,0.625,3,1.0,True,NOERROR,1,21600,0,2,False,False,0,216039,US,False,Registrar of Domain Names REG.RU LLC,5,365,False,5,False,False,,benign,no_adverse_signal
wheredaisiesgrow.org,2026-07-29,20,3.202819531114783,0.0,0,0.7777777777777778,-6.867220689655173,low,0.4828,3,0.625,True,NOERROR,1,600,0,2,False,False,0,24940,FI,True,Fewmoretaps OU d/b/a Trustname.com,3,365,True,0,False,False,,benign,no_adverse_signal
cemangat.click,2026-07-29,14,2.75,0.0,0,0.6,-6.241230769230769,medium,0.6154,2,0.875,True,NOERROR,2,300,5,2,True,False,2,13335,US,False,NAMECHEAP INC,2,365,True,0,False,False,False,benign,no_adverse_signal
valerie-deville-kinesiologue-et-consultante-en-emotions.fr,2026-07-29,58,3.7100414343771817,0.0,6,0.96,-6.983183177570093,low,0.3188,2,0.3090909090909091,True,NOERROR,2,300,0,2,False,False,2,13335,US,False,Hosting Concepts B.V. d/b/a Openprovider,2,364,False,0,False,False,,benign,no_adverse_signal
openhorizonintelligence.com,2026-07-29,27,3.3274847819558424,0.0,0,0.7692307692307693,-6.526602325581396,low,0.4,2,0.5217391304347826,True,NOERROR,1,1800,5,2,True,False,0,22612,US,False,NAMECHEAP INC,3,365,True,0,False,False,False,benign,no_adverse_signal
useclaro.nl,2026-07-29,11,3.0,0.0,0,1.0,-6.378123076923076,low,0.5714,2,1.0,True,NOERROR,4,14400,2,4,True,False,0,53831,US,False,Key-Systems GmbH,4,,False,12,False,False,False,benign,no_adverse_signal
globaldfrealty.com,2026-07-29,18,3.3248629576173574,0.0,0,0.4,-6.929031999999999,low,0.5294,4,0.7857142857142857,True,NOERROR,1,3600,1,4,True,False,0,14618,US,True,PDR Ltd. d/b/a PublicDomainRegistry.com,3,365,False,0,False,False,False,benign,no_adverse_signal
hrshr.cc,2026-07-29,8,1.5219280948873621,0.0,0,0.0,-8.041028571428571,low,0.5,5,0.6,True,NOERROR,1,1,0,2,False,True,0,40065,US,False,"NameSilo, LLC",3,365,True,0,False,False,,benign,no_adverse_signal
hditaquis2.top,2026-07-29,14,3.121928094887362,0.07142857142857142,0,0.8,-7.89815294117647,high,0.5,2,0.9,False,NOERROR,0,,0,2,False,False,0,,,,Dynadot LLC,3,365,True,,,False,,benign,no_adverse_signal
bebas69.lifestyle,2026-07-29,17,2.5216406363433186,0.11764705882352941,0,0.6666666666666666,-8.357809090909091,low,0.5455,1,0.8571428571428571,True,NOERROR,2,300,0,2,False,False,2,13335,US,False,NAMECHEAP INC,3,365,True,0,False,False,,benign,no_adverse_signal
ayeeshamaephireme.work,2026-07-29,22,2.8895494308620884,0.0,0,1.125,-7.134490322580644,low,0.5,2,0.5294117647058824,True,NOERROR,2,120,0,4,False,False,0,16509,DE,True,"Name.com, Inc.",3,365,True,22,False,False,,benign,no_adverse_signal
interop-grande-region.eu,2026-07-29,24,3.332095398660169,0.0,2,0.7272727272727273,-6.765033333333333,low,0.4242,2,0.5238095238095238,True,NOERROR,2,300,0,2,False,False,2,13335,US,False,"Dynadot, LLC",,,False,0,False,False,,benign,no_adverse_signal
technologyoutreach.org,2026-07-29,22,3.4613201402110083,0.0,0,0.6363636363636364,-6.813209090909091,low,0.4706,3,0.6666666666666666,False,NXDOMAIN,0,,0,0,False,False,0,,,,"GMO Internet Group, Inc. d/b/a Onamae.com",3,365,False,,,False,,benign,no_adverse_signal
orin23m.live,2026-07-29,12,2.807354922057604,0.16666666666666666,0,0.6666666666666666,-8.346563636363635,low,0.5714,1,1.0,False,NOERROR,0,,0,2,False,False,0,,,,,,,False,,,False,,benign,no_adverse_signal
w4mop5d.beer,2026-07-29,12,2.807354922057604,0.16666666666666666,0,0.25,-10.966881818181818,low,0.4286,1,1.0,True,NOERROR,1,23,0,2,False,False,0,64013,SG,False,Dynadot Inc,3,365,True,0,False,False,,benign,no_adverse_signal
7ball2.com,2026-07-29,10,2.251629167387823,0.2,0,0.3333333333333333,-8.562199999999999,low,0.4444,2,0.8333333333333334,True,NOERROR,2,300,0,2,False,False,2,13335,US,False,"Gransy, s.r.o.",3,365,False,0,False,False,,benign,no_adverse_signal
altivisplataforma.com,2026-07-29,21,3.2639334294856344,0.0,0,0.7,-6.5867516129032255,low,0.5333,3,0.6470588235294118,True,NOERROR,1,300,0,2,False,False,0,14618,US,True,"Gransy, s.r.o.",3,365,False,0,False,False,,benign,no_adverse_signal
mexnoreal.com,2026-07-29,13,2.94770277922009,0.0,0,0.8,-6.787653333333334,low,0.5333,2,0.8888888888888888,True,NOERROR,2,300,0,2,False,False,2,13335,US,False,"Spaceship, Inc.",3,365,False,0,False,False,,benign,no_adverse_signal
zamzamdnb.com,2026-07-29,13,2.5032583347756456,0.0,0,0.2857142857142857,-8.45694,low,0.6154,4,0.6666666666666666,True,NOERROR,1,1800,5,2,True,False,0,22612,US,False,NAMECHEAP INC,3,365,True,0,False,False,False,benign,no_adverse_signal
cyquisillo2.top,2026-07-29,15,3.095795255000934,0.06666666666666667,0,0.6666666666666666,-8.148626315789475,high,0.5,3,0.8181818181818182,False,NOERROR,0,,0,2,False,False,0,,,,Dynadot LLC,3,365,True,,,False,,benign,no_adverse_signal
humandevelopmentartist.international,2026-07-29,36,3.754441845713344,0.0,0,0.5714285714285714,-6.482973170731707,low,0.5,2,0.6818181818181818,True,NOERROR,2,600,0,2,False,False,0,16509,US,True,,,,,34,False,False,,benign,no_adverse_signal
doganes-home.ru,2026-07-29,15,3.2516291673878226,0.0,1,0.8333333333333334,-6.863342857142857,low,0.48,1,0.8333333333333334,True,NOERROR,1,21600,0,2,False,False,0,29076,RU,False,REGRU-RU,4,365,False,0,False,False,,benign,no_adverse_signal
nikkiunlocked.com,2026-07-29,17,3.0269868333592873,0.0,0,0.625,-7.667439130434783,low,0.4762,2,0.6923076923076923,True,NOERROR,2,60,2,2,True,False,2,47583,DE,False,NAMECHEAP INC,3,365,True,0,False,False,False,benign,no_adverse_signal
dz1solutions.com,2026-07-29,16,3.2516291673878226,0.0625,0,0.5714285714285714,-8.039914285714286,low,0.5625,2,0.8333333333333334,True,NOERROR,4,14400,1,4,True,False,0,53831,US,False,Squarespace Domains II LLC,2,365,True,29,False,False,False,benign,no_adverse_signal
msc-ps.com,2026-07-29,10,2.2516291673878226,0.0,1,0.0,-8.47011111111111,low,0.5714,3,0.8333333333333334,True,NOERROR,2,60,2,2,True,False,2,47583,DE,False,"HOSTINGER operations, UAB",3,731,False,0,False,False,False,benign,no_adverse_signal
maxhfhrje.com,2026-07-29,13,2.94770277922009,0.0,0,0.2857142857142857,-10.06114,low,0.5333,6,0.8888888888888888,False,NXDOMAIN,0,,0,0,False,False,0,,,,PDR Ltd. d/b/a PublicDomainRegistry.com,3,365,False,,,False,,benign,no_adverse_signal
printpartner.pl,2026-07-29,15,2.688721875540867,0.0,0,0.3333333333333333,-6.41162380952381,low,0.6,3,0.5833333333333334,False,SERVFAIL,0,,0,0,False,False,0,,,,"Seventh Dropcatchers, LLC",3,365,False,,,False,,benign,no_adverse_signal
kmtaxoffice.com,2026-07-29,15,3.277613436819116,0.0,0,0.5714285714285714,-7.974478947368421,low,0.7059,3,0.9090909090909091,True,NOERROR,4,14400,1,4,True,False,0,53831,US,False,Squarespace Domains II LLC,3,365,True,29,False,False,False,benign,no_adverse_signal
hangups.ch,2026-07-29,10,2.807354922057604,0.0,0,0.4,-7.064818181818182,low,0.5714,2,1.0,True,NOERROR,1,600,2,3,True,False,0,1836,CH,True,,,,False,82,False,False,False,malicious,abuseipdb
jovu.top,2026-07-29,8,2.0,0.0,0,1.0,-8.94708,high,0.5714,1,1.0,False,NOERROR,0,,0,2,False,False,0,,,,Alibaba Cloud Computing Ltd. d/b/a HiChina (www.net.cn),3,365,True,,,False,,benign,no_adverse_signal
greaseworldwide.com,2026-07-29,19,3.1898980954642875,0.0,0,0.6666666666666666,-6.967333333333333,low,0.5217,4,0.6666666666666666,True,NOERROR,1,21600,0,2,False,False,0,16509,US,True,"TUCOWS.COM, CO.",372,730,True,0,False,False,,benign,no_adverse_signal
wuxenak.icu,2026-07-29,11,2.807354922057604,0.0,0,0.75,-8.303918181818181,low,0.4615,1,1.0,True,NOERROR,2,300,0,2,False,False,2,13335,US,False,NAMECHEAP INC,3,365,True,0,False,False,,benign,no_adverse_signal
tektenhaber.com,2026-07-29,15,2.845350936622437,0.0,0,0.5714285714285714,-7.063915789473685,low,0.5,2,0.7272727272727273,True,NOERROR,1,300,0,2,False,False,0,16509,US,True,"Spaceship, Inc.",3,365,False,11,False,False,,benign,no_adverse_signal
ins55r.com,2026-07-29,10,2.251629167387823,0.2,0,0.3333333333333333,-9.448,low,0.5333,2,0.8333333333333334,True,NOERROR,2,300,0,2,False,False,2,13335,US,False,Longming Pte. Ltd.,3,365,False,0,False,False,,benign,no_adverse_signal
iesalbayzin.org,2026-07-29,15,3.0957952550009344,0.0,0,0.8333333333333334,-7.338931578947368,low,0.5556,2,0.8181818181818182,True,NOERROR,1,3600,1,2,True,False,0,133618,US,True,"Sav.com, LLC - 36",3,365,False,0,False,False,False,benign,no_adverse_signal
biblemap.vip,2026-07-29,12,2.75,0.0,0,0.6,-6.788615384615384,low,0.5455,2,0.875,True,NOERROR,1,60,0,2,False,False,0,13335,US,False,Global Domain Group LLC,3,731,True,0,False,False,,benign,no_adverse_signal
azakatova.com,2026-07-29,13,2.2810361125534233,0.0,0,1.25,-7.325013333333334,low,0.5333,1,0.6666666666666666,True,NOERROR,1,1800,0,0,False,False,0,58182,US,True,Wix.com Ltd.,1103,1461,False,0,False,False,,benign,no_adverse_signal
n-tech.co.id,2026-07-29,12,2.584962500721156,0.0,1,0.25,-6.844855555555556,low,0.5455,2,1.0,True,NOERROR,1,14400,1,4,True,False,0,59135,ID,True,,,,False,6,False,False,False,benign,no_adverse_signal
monata189.club,2026-07-29,14,2.94770277922009,0.21428571428571427,0,1.0,-7.694766666666666,low,0.5,1,0.8888888888888888,True,NOERROR,2,300,0,2,False,False,2,13335,US,False,Dynadot Inc,3,365,True,0,False,False,,benign,no_adverse_signal
mlshelters.com,2026-07-29,14,2.721928094887362,0.0,0,0.25,-6.852194117647059,low,0.5882,4,0.7,True,NOERROR,2,600,0,2,False,False,0,16509,US,True,"GoDaddy.com, LLC",3,365,False,34,False,False,,benign,no_adverse_signal
cedarpalmspropertyservices.com,2026-07-29,30,3.5654483718208247,0.0,0,0.4444444444444444,-6.746626530612245,low,0.5417,5,0.5384615384615384,True,NOERROR,2,600,0,2,False,False,0,16509,US,True,"GoDaddy.com, LLC",2,1096,False,46,False,False,,benign,no_adverse_signal
leecommunityoutreach.org,2026-07-29,24,3.584183719779189,0.0,0,0.8181818181818182,-6.720675675675675,low,0.5882,2,0.65,False,NOERROR,0,,0,2,False,False,0,,,,"Cloudflare, Inc.",3,365,False,,,False,,benign,no_adverse_signal
60pgbyapk001.cc,2026-07-29,15,3.0220552088742,0.3333333333333333,0,0.16666666666666666,-10.212676190476191,low,0.381,4,0.75,False,NOERROR,0,,0,2,False,False,0,,,,Gname.com Pte. Ltd.,3,365,True,,,False,,benign,no_adverse_signal
andbeyondfestival.com,2026-07-29,21,3.6168746059562227,0.0,0,0.5454545454545454,-7.042493548387096,low,0.48,3,0.7647058823529411,True,NOERROR,2,600,0,2,False,False,0,16509,US,True,"GoDaddy.com, LLC",3,1826,False,46,False,False,,benign,no_adverse_signal
888africa.com.mw,2026-07-29,16,2.4193819456463714,0.1875,0,1.0,-8.04132,low,0.5882,2,0.6666666666666666,True,NOERROR,1,900,0,3,True,False,0,60819,GB,True,SAFENAMES-REG,,,True,0,False,False,,benign,no_adverse_signal
frabblestudios.com,2026-07-29,18,3.521640636343319,0.0,0,0.5555555555555556,-6.762828,low,0.6154,3,0.8571428571428571,True,NOERROR,2,3600,2,2,True,False,0,16509,US,True,"GoDaddy.com, LLC",3,1096,False,18,False,False,False,benign,no_adverse_signal
cynsationentertainment.com,2026-07-29,26,3.170134892428193,0.0,0,0.5714285714285714,-6.4035926829268295,low,0.4324,4,0.5,True,NOERROR,2,600,0,2,False,False,0,16509,US,True,"GoDaddy.com, LLC",3,731,False,46,False,False,,benign,no_adverse_signal
noxacas.com,2026-07-29,11,2.521640636343318,0.0,0,0.75,-7.415754545454546,low,0.5714,1,0.8571428571428571,True,NOERROR,2,300,0,2,False,False,0,13335,US,False,"TUCOWS.COM, CO.",3,365,True,0,False,True,,malicious,spamhaus_dbl
laportala.org,2026-07-29,13,2.4193819456463714,0.0,0,0.8,-6.081453333333333,low,0.5333,2,0.6666666666666666,True,NOERROR,2,300,0,2,False,False,2,13335,US,False,NAMECHEAP INC,3,365,True,0,False,False,,benign,no_adverse_signal
eegfm.com,2026-07-29,9,1.9219280948873623,0.0,0,0.6666666666666666,-9.292971428571429,low,0.6154,3,0.8,True,NOERROR,2,300,0,2,False,False,0,16509,US,True,"Spaceship, Inc.",3,365,False,9,False,False,,benign,no_adverse_signal
zfxfree.com,2026-07-29,11,2.2359263506290326,0.0,0,0.4,-9.257181818181818,low,0.5,5,0.7142857142857143,True,NOERROR,1,600,0,2,False,False,0,20473,JP,True,NameMart Pte. Ltd.,3,365,False,0,False,False,,benign,no_adverse_signal
24小时智慧药店.com,2026-07-29,12,3.0,0.16666666666666666,0,0.0,-15.103738461538462,low,0.1818,6,1.0,True,NOERROR,2,300,0,2,False,False,0,16509,US,True,"Spaceship, Inc.",3,365,False,15,False,False,,benign,no_adverse_signal
smhbolgeservis.com.tr,2026-07-29,21,3.3248629576173574,0.0,0,0.4,-7.533568,low,0.6,4,0.7857142857142857,True,NOERROR,1,14400,1,4,True,False,0,207326,TR,True,,4,364,True,0,False,False,False,benign,no_adverse_signal
propension.click,2026-07-29,16,2.721928094887362,0.0,0,0.6666666666666666,-6.18915294117647,medium,0.625,2,0.7,True,NOERROR,3,3603,0,3,False,False,0,63949,US,True,"NameSilo, LLC",3,365,True,1,False,False,,benign,no_adverse_signal
pg29.bid,2026-07-29,8,2.0,0.25,0,0.0,-10.61104,low,0.5,2,1.0,True,NOERROR,2,300,0,2,False,False,2,13335,US,False,,,,False,0,False,False,,benign,no_adverse_signal
beautyandbanestudio.com,2026-07-29,23,3.366091329119192,0.0,0,0.9,-6.710585714285714,low,0.4516,3,0.5789473684210527,True,NOERROR,3,3600,5,2,True,False,0,58182,US,True,Wix.com Ltd.,3,1826,True,24,False,False,False,benign,no_adverse_signal
cocuyospainting.com,2026-07-29,19,3.3735572622751855,0.0,0,0.6666666666666666,-6.946918518518519,low,0.5,2,0.7333333333333333,True,NOERROR,1,3600,1,2,True,False,0,16509,US,True,"GoDaddy.com, LLC",3,365,False,24,False,False,False,benign,no_adverse_signal
thescenicseven.co.uk,2026-07-29,20,2.8073549220576046,0.0,0,0.5555555555555556,-6.585084,low,0.48,2,0.5714285714285714,True,NOERROR,3,3600,0,2,False,False,0,58182,US,True,Tucows Inc t/a Tucows [Tag = TUCOWS-CA],3,1826,False,28,False,False,,benign,no_adverse_signal
aquarelle-monde.com,2026-07-29,19,3.3232314287976203,0.0,1,1.0,-6.9006740740740735,low,0.5833,2,0.7333333333333333,True,NOERROR,1,3600,3,2,True,False,0,16509,US,True,"OVH, SAS",3,365,True,24,False,False,False,benign,no_adverse_signal
vidadeparaiso.com,2026-07-29,17,3.0269868333592873,0.0,0,1.1666666666666667,-6.525669565217391,low,0.5,1,0.6923076923076923,True,NOERROR,1,14400,1,3,True,False,0,17378,US,True,Neubox Internet S.A. de C.V.,3,731,True,0,False,False,False,benign,no_adverse_signal
sparrowking.live,2026-07-29,16,3.277613436819116,0.0,0,0.375,-7.0913315789473685,low,0.7273,2,0.9090909090909091,True,NOERROR,1,300,0,2,False,False,0,206834,DE,False,,,,False,24,False,False,,benign,no_adverse_signal
designcentre.org,2026-07-29,16,3.0220552088742005,0.0,0,0.5,-6.451380952380951,low,0.6,3,0.75,True,NOERROR,2,600,0,2,False,False,0,16509,US,True,"GoDaddy.com, LLC",3,365,False,46,False,False,,benign,no_adverse_signal
agenciaaduanal.org,2026-07-29,18,2.835237745312118,0.0,0,1.3333333333333333,-6.942824000000001,low,0.5,2,0.6428571428571429,True,NOERROR,1,3600,2,4,True,False,0,8560,US,True,"GoDaddy.com, LLC",3,365,False,0,False,False,False,benign,no_adverse_signal
bentedavisi.com,2026-07-29,15,3.0957952550009344,0.0,0,0.8333333333333334,-6.429078947368422,low,0.5556,2,0.8181818181818182,False,SERVFAIL,0,,0,0,False,False,0,,,,ODTU Gelistirme Vakfi Bilgi Teknolojileri Sanayi Ve Ticaret Anonim Sirketi,3,365,True,,,False,,benign,no_adverse_signal
lwk9uzh.cn,2026-07-29,10,2.807354922057604,0.1,0,0.2,-11.6777,low,0.4,3,1.0,True,NOERROR,1,300,0,2,False,False,0,16509,US,False,厦门易名科技股份有限公司,66,365,False,0,False,False,,benign,no_adverse_signal
qtizpehd.top,2026-07-29,12,3.0,0.0,0,0.3333333333333333,-9.160261538461539,high,0.5714,2,1.0,True,NOERROR,3,60,0,2,False,True,0,138995,US,False,Dominet (HK) Limited,3,365,True,0,True,True,,malicious,spamhaus_zen
cybercrestflow.website,2026-07-29,22,3.3787834934861767,0.0,0,0.2727272727272727,-6.9856799999999994,low,0.5185,4,0.7857142857142857,False,NOERROR,0,,1,4,True,False,0,,,,NAMECHEAP INC,3,365,True,,,False,False,benign,no_adverse_signal
devopsmanager.digital,2026-07-29,21,3.3927474104487847,0.0,0,0.625,-6.8543,low,0.6087,3,0.8461538461538461,True,NOERROR,2,300,0,2,False,False,2,13335,US,False,,,,,0,False,False,,benign,no_adverse_signal
colinasdebayahibe.com,2026-07-29,21,3.4548223999466066,0.0,0,0.8888888888888888,-6.974448387096774,low,0.4667,2,0.7058823529411765,True,NOERROR,1,50,0,2,False,False,0,47583,CY,False,"HOSTINGER operations, UAB",3,365,False,35,False,False,,benign,no_adverse_signal
ujart.ca,2026-07-29,8,2.321928094887362,0.0,0,0.6666666666666666,-7.311728571428572,low,0.5,2,1.0,True,NOERROR,1,3600,1,3,True,False,0,16686,CA,True,easyDNS Technologies Inc.,8,365,True,0,False,False,False,benign,no_adverse_signal
soundresponse.org,2026-07-29,17,2.8731406795131336,0.0,0,0.625,-6.381165217391304,low,0.5833,3,0.6153846153846154,True,NOERROR,1,1800,5,2,True,False,0,22612,US,False,NAMECHEAP INC,3,365,True,0,False,False,False,benign,no_adverse_signal
tkbd3.bet,2026-07-29,9,2.321928094887362,0.1111111111111111,0,0.0,-10.09817142857143,low,0.5455,4,1.0,True,NOERROR,2,300,0,2,False,False,2,13335,US,False,,,,,0,False,False,,benign,no_adverse_signal
vhime.com,2026-07-29,9,2.321928094887362,0.0,0,0.6666666666666666,-7.8312,low,0.8,2,1.0,True,NOERROR,2,10800,0,2,True,False,2,14618,US,True,DropCatch.com 1234 LLC,3,365,False,3,False,False,,benign,no_adverse_signal
doushinbou.com,2026-07-29,14,2.9219280948873623,0.0,0,1.0,-6.858747058823529,low,0.5556,2,0.8,True,NOERROR,3,3603,0,3,False,False,0,63949,US,True,"NameSilo, LLC",3,365,True,13,False,False,,benign,no_adverse_signal
blessingfasina.com,2026-07-29,18,3.039148671903071,0.0,0,0.5555555555555556,-6.443963999999999,low,0.5517,3,0.6428571428571429,True,NOERROR,1,14400,3,2,True,False,0,22612,US,True,NAMECHEAP INC,3,731,True,0,False,False,False,benign,no_adverse_signal
zcpslotapp.com,2026-07-29,14,2.8464393446710154,0.0,0,0.25,-7.74575294117647,low,0.5263,5,0.8,True,NOERROR,2,300,0,2,False,True,2,13335,US,False,Realtime Register B.V.,3,365,False,0,False,False,,benign,no_adverse_signal
eastpennmanufactuding.org,2026-07-29,25,3.4992275417233563,0.0,0,0.6153846153846154,-7.039846153846153,low,0.4444,3,0.6190476190476191,True,NOERROR,2,600,0,2,False,False,0,16509,US,True,"GoDaddy.com, LLC",3,365,False,34,False,False,,benign,no_adverse_signal
ncjgyy.com,2026-07-29,10,2.2516291673878226,0.0,0,0.0,-10.404088888888888,low,0.4444,6,0.8333333333333334,True,NOERROR,2,30,0,2,True,False,2,14618,US,True,DropCatch.com 1109 LLC,3,365,False,0,False,False,,benign,no_adverse_signal
delfost.com,2026-07-29,11,2.807354922057604,0.0,0,0.4,-6.963727272727272,low,0.5455,2,1.0,True,NOERROR,1,21600,0,2,False,False,0,16509,US,True,"TUCOWS.COM, CO.",372,730,True,0,False,False,,benign,no_adverse_signal
premisescast.live,2026-07-29,17,3.0220552088742,0.0,0,0.5,-6.338333333333333,low,0.5833,2,0.75,False,NOERROR,0,,1,2,True,False,0,,,,,,,False,,,False,False,benign,no_adverse_signal
rylbandits.com,2026-07-29,14,3.321928094887362,0.0,0,0.25,-7.152758823529412,low,0.5556,4,1.0,True,NOERROR,3,3603,0,3,False,False,0,63949,US,True,"NameSilo, LLC",3,365,True,1,False,False,,benign,no_adverse_signal
minimept.com,2026-07-29,12,2.5,0.0,0,0.6,-6.666669230769231,low,0.6667,2,0.75,True,NOERROR,1,3600,5,4,True,False,0,13335,DE,True,Squarespace Domains II LLC,19,365,True,64,False,False,False,malicious,abuseipdb
chronicallyabsolutelyjustrealisticallyoffline.com,2026-07-29,49,3.791201429374545,0.0,0,0.5517241379310345,-6.8093724137931035,low,0.3667,3,0.35555555555555557,True,NOERROR,1,3600,0,2,True,False,0,209242,US,True,"GoDaddy.com, LLC",3,365,False,0,False,False,,benign,no_adverse_signal
apeakrevolution.com,2026-07-29,19,3.5068905956085183,0.0,0,1.1428571428571428,-6.952896296296297,low,0.4667,2,0.8,True,NOERROR,1,21600,0,4,False,False,1,13335,CA,True,"TUCOWS.COM, CO.",3,365,True,0,False,False,,benign,no_adverse_signal
relayihao.com,2026-07-29,13,2.94770277922009,0.0,0,1.25,-7.614746666666666,low,0.5455,1,0.8888888888888888,True,NOERROR,2,30,0,2,True,False,2,14618,US,True,DropCatch.com 1027 LLC,3,365,False,0,False,False,,benign,no_adverse_signal
uccdflooovkun.website,2026-07-29,21,3.0269868333592873,0.0,0,0.625,-8.142865217391304,low,0.5,5,0.6923076923076923,False,NXDOMAIN,0,,0,0,False,False,0,,,,NAMECHEAP INC,3,365,True,,,False,,benign,no_adverse_signal
mavikuna.com,2026-07-29,12,2.75,0.0,0,1.0,-7.366392307692308,low,0.5714,1,0.875,True,NOERROR,2,300,0,2,False,False,2,13335,US,False,Dynadot Inc,3,365,False,0,False,False,,benign,no_adverse_signal
chickeetees.com,2026-07-29,15,2.5503407095463886,0.0,0,0.8333333333333334,-6.59218947368421,low,0.5,2,0.6363636363636364,True,NOERROR,1,21600,0,2,False,False,0,16509,US,True,"TUCOWS.COM, CO.",1103,1461,True,0,False,False,,benign,no_adverse_signal
joy-no-arukikata.com,2026-07-29,20,3.327819531114783,0.0,2,1.0,-7.993293103448275,low,0.4667,1,0.6875,True,NOERROR,2,300,0,3,False,False,0,2635,US,False,Automattic Inc.,3,365,True,0,False,False,,benign,no_adverse_signal
frozymap.store,2026-07-29,14,3.0,0.0,0,0.3333333333333333,-8.040815384615383,low,0.5,3,1.0,True,NOERROR,1,1799,5,2,True,False,0,24940,FI,True,,,,False,0,False,False,False,benign,no_adverse_signal
noticiasglobalhn.com,2026-07-29,20,3.375,0.0,0,0.6,-7.223193103448276,low,0.5385,3,0.6875,True,NOERROR,2,300,0,2,False,False,2,13335,US,False,Hosting Concepts B.V. d/b/a Registrar.eu,3,365,True,0,False,False,,benign,no_adverse_signal
founders.domains,2026-07-29,16,3.0,0.0,0,0.6,-6.218100000000001,low,0.6667,2,1.0,True,NOERROR,2,3600,1,2,True,False,0,16509,US,True,,,,,32,False,False,,benign,no_adverse_signal
nirmanaventures.com,2026-07-29,19,3.189898095464287,0.0,0,0.6666666666666666,-6.403559259259259,low,0.5714,2,0.6666666666666666,False,NOERROR,0,,0,2,False,False,0,,,,"Cloudflare, Inc.",3,731,True,,,False,,benign,no_adverse_signal
modernmile.online,2026-07-29,17,2.9219280948873623,0.0,0,0.6666666666666666,-6.786164705882353,medium,0.5556,3,0.8,True,NOERROR,1,3600,2,4,True,False,1,8560,DE,True,IONOS SE,3,365,False,0,False,False,False,benign,no_adverse_signal
hkplnamqmb.com,2026-07-29,14,3.1219280948873624,0.0,0,0.1111111111111111,-9.53225882352941,low,0.4286,5,0.9,False,SERVFAIL,0,,0,0,False,False,0,,,,Porkbun LLC,3,365,False,,,False,,benign,no_adverse_signal
qmaixi.com,2026-07-29,10,2.251629167387823,0.0,0,1.0,-8.15081111111111,low,0.6,2,0.8333333333333334,True,NOERROR,1,600,0,4,False,True,0,8075,HK,False,"Name.com, Inc.",3,365,True,0,False,False,,benign,no_adverse_signal
xfogganyi.top,2026-07-29,13,2.94770277922009,0.0,0,0.5,-7.995633333333333,high,0.5714,2,0.8888888888888888,False,NXDOMAIN,0,,0,0,False,False,0,,,,,,,False,,,False,,benign,no_adverse_signal
xv5kz.top,2026-07-29,9,2.321928094887362,0.1111111111111111,0,0.0,-12.12637142857143,high,0.4,2,1.0,False,NOERROR,0,,0,4,False,False,0,,,,NameMart Pte. Ltd.,3,365,False,,,True,,malicious,spamhaus_dbl
bookefgdirectmarketing.com,2026-07-29,26,3.697845823084412,0.0,0,0.5714285714285714,-7.061073170731707,low,0.5128,3,0.6363636363636364,True,NOERROR,2,300,5,2,True,False,2,13335,US,False,"Spaceship, Inc.",3,365,False,0,False,False,False,benign,no_adverse_signal
lxlis.sbs,2026-07-29,9,1.9219280948873623,0.0,0,0.25,-8.634042857142857,low,0.5455,3,0.8,True,NOERROR,2,300,0,2,False,False,2,13335,US,False,"NICENIC INTERNATIONAL GROUP CO., LIMITED",3,365,False,0,False,True,,malicious,spamhaus_dbl
diyaedu.in,2026-07-29,10,2.5216406363433186,0.0,0,1.3333333333333333,-8.155427272727273,low,0.5333,1,0.8571428571428571,True,NOERROR,2,600,0,2,False,False,0,16509,US,True,GoDaddy,5,365,False,46,False,False,,benign,no_adverse_signal
gosocialmockup.info,2026-07-29,19,3.3248629576173574,0.0,0,0.75,-7.217148,medium,0.5,2,0.7857142857142857,True,NOERROR,1,60,0,0,False,False,0,,,False,,,,,0,False,False,,benign,no_adverse_signal
mashatrotsko.com,2026-07-29,16,2.918295834054489,0.0,0,0.5,-6.72785238095238,low,0.5,3,0.6666666666666666,True,NOERROR,1,1800,5,2,True,False,0,22612,US,False,NAMECHEAP INC,3,365,True,0,False,False,False,benign,no_adverse_signal
capchurch.mw,2026-07-29,12,2.4193819456463714,0.0,0,0.2857142857142857,-7.213213333333333,low,0.6667,3,0.6666666666666666,True,NOERROR,1,3600,2,2,True,False,0,329298,ZA,True,COOL-REG,,,False,0,False,False,False,benign,no_adverse_signal
919265c.cc,2026-07-29,10,2.5216406363433186,0.6,0,0.0,-11.168490909090908,low,0.4,1,0.8571428571428571,False,NOERROR,0,,0,2,False,False,0,,,,"NameSilo, LLC",4,365,True,,,False,,benign,no_adverse_signal
trendors.app,2026-07-29,12,2.75,0.0,0,0.3333333333333333,-6.207838461538461,low,0.6667,2,0.875,True,NOERROR,1,1800,5,2,True,False,0,22612,US,False,,,,False,0,False,False,False,benign,no_adverse_signal
evergreenlongtermllc.com,2026-07-29,24,3.065957320949175,0.0,0,0.42857142857142855,-7.0996999999999995,low,0.4,5,0.5,True,NOERROR,2,300,0,2,False,False,0,16509,US,True,"Spaceship, Inc.",3,365,False,9,False,False,,benign,no_adverse_signal
michellechueri.online,2026-07-29,21,2.8962915290459277,0.0,0,0.75,-6.550828,medium,0.4762,2,0.5714285714285714,True,NOERROR,1,14400,2,2,True,False,0,31898,BR,True,PDR Ltd. d/b/a PublicDomainRegistry.com,2,365,False,0,False,False,False,benign,no_adverse_signal
huicaimetal.com,2026-07-29,15,3.095795255000934,0.0,0,1.2,-6.655773684210526,low,0.5333,1,0.8181818181818182,True,NOERROR,1,60,0,0,False,True,0,135377,US,False,PDR Ltd. d/b/a PublicDomainRegistry.com,3,1096,True,2,True,True,,malicious,spamhaus_zen
repl1ca.com,2026-07-29,11,2.807354922057604,0.09090909090909091,0,0.5,-9.15299090909091,low,0.5,2,1.0,True,NOERROR,1,21600,0,2,False,False,0,16509,US,True,"TUCOWS.COM, CO.",372,730,True,0,False,False,,benign,no_adverse_signal
gererojr.com,2026-07-29,12,2.1556390622295662,0.0,0,0.6,-7.218384615384616,low,0.5,2,0.625,True,NOERROR,1,1800,5,2,True,False,0,22612,US,False,NAMECHEAP INC,3,365,True,0,False,False,False,benign,no_adverse_signal
staysilvercrest.com,2026-07-29,19,3.189898095464288,0.0,0,0.36363636363636365,-6.727874074074074,low,0.5385,3,0.6666666666666666,True,NOERROR,1,600,1,2,True,False,0,20473,US,True,"GoDaddy.com, LLC",3,1096,False,0,False,False,False,benign,no_adverse_signal
prague-uventia.com,2026-07-29,18,3.3787834934861767,0.0,1,1.1666666666666667,-7.548375999999999,low,0.5,2,0.7857142857142857,False,timeout,0,,0,5,True,False,0,,,,"ENOM, INC.",3,365,True,,,False,,benign,no_adverse_signal
bahriadha.com,2026-07-29,13,2.4193819456463714,0.0,0,0.8,-7.6614466666666665,low,0.5714,2,0.6666666666666666,True,NOERROR,2,3600,0,2,False,False,0,16509,US,True,"GoDaddy.com, LLC",3,365,False,26,False,False,,benign,no_adverse_signal
round-tablesolutions.com,2026-07-29,24,3.5841837197791886,0.0,1,0.7272727272727273,-6.731135135135135,low,0.55,2,0.65,True,NOERROR,4,14400,1,4,True,False,0,53831,US,False,Squarespace Domains II LLC,3,365,True,29,False,False,False,benign,no_adverse_signal
tutotem.com,2026-07-29,11,2.1280852788913944,0.0,0,0.75,-6.563827272727273,low,0.5882,1,0.7142857142857143,True,NOERROR,2,3600,0,2,False,False,0,16509,US,True,"GoDaddy.com, LLC",3,365,False,18,False,False,,benign,no_adverse_signal
thetravelagncy.com,2026-07-29,18,3.3787834934861767,0.0,0,0.4,-6.888124,low,0.48,4,0.7857142857142857,True,NOERROR,1,300,3,3,True,False,0,15348,CA,True,"TUCOWS.COM, CO.",3,365,True,8,False,False,False,benign,no_adverse_signal
caitlin-mckenna.com,2026-07-29,19,3.189898095464287,0.0,1,0.5555555555555556,-7.331137037037037,low,0.5217,3,0.6666666666666666,True,NOERROR,1,300,0,4,False,False,0,16509,US,False,"Amazon Registrar, Inc.",3,365,True,0,False,False,,benign,no_adverse_signal
lealtittaa.sbs,2026-07-29,14,2.1709505944546685,0.0,0,1.0,-6.729141176470588,low,0.5882,2,0.5,True,NOERROR,2,300,0,2,False,False,2,13335,US,False,Dynadot Inc,3,365,False,0,False,False,,benign,no_adverse_signal
ahappymanbecomingdavid.com,2026-07-29,26,3.6412498004554785,0.0,0,0.5714285714285714,-6.973551219512195,low,0.4375,4,0.6363636363636364,True,NOERROR,2,600,0,2,False,False,0,16509,US,True,"GoDaddy.com, LLC",2,365,False,46,False,False,,benign,no_adverse_signal
delightmaster.my.id,2026-07-29,19,3.3927474104487847,0.0,0,0.4444444444444444,-6.411313043478262,low,0.5714,4,0.8461538461538461,True,NOERROR,2,300,0,2,False,False,2,13335,US,False,,,,False,0,False,False,,benign,no_adverse_signal
aitoolsshow.com,2026-07-29,15,2.8453509366224368,0.0,0,0.8333333333333334,-7.054173684210527,low,0.5,4,0.7272727272727273,True,NOERROR,2,300,0,2,False,False,2,13335,US,False,"Cloudflare, Inc.",3,365,True,0,False,False,,benign,no_adverse_signal
lynksys.in,2026-07-29,10,2.2359263506290326,0.0,0,0.0,-8.015527272727272,low,0.5333,7,0.7142857142857143,True,NOERROR,2,3600,2,2,True,False,0,16509,US,True,GoDaddy,4,731,False,26,False,False,False,benign,no_adverse_signal
theinterviewspace.com,2026-07-29,21,3.381580488309164,0.0,0,0.7,-6.371006451612904,low,0.5385,3,0.7058823529411765,True,NOERROR,1,3600,0,3,False,False,0,8560,GB,True,IONOS SE,3,365,True,0,False,False,,benign,no_adverse_signal
y66aj.top,2026-07-29,9,1.9219280948873623,0.2222222222222222,0,0.5,-10.90302857142857,high,0.4,1,0.8,True,NOERROR,3,15,0,0,False,True,0,133199,HK,False,GoDaddy.com,3,365,True,3,False,False,,benign,no_adverse_signal
kangaroovision.com,2026-07-29,18,3.039148671903071,0.0,0,1.0,-6.481884,low,0.5455,2,0.6428571428571429,True,NOERROR,2,600,0,2,False,False,0,16509,US,True,"GoDaddy.com, LLC",3,365,False,34,False,False,,benign,no_adverse_signal
dailyventure.online,2026-07-29,19,3.4182958340544896,0.0,0,0.7142857142857143,-6.857114285714286,medium,0.5556,3,0.9166666666666666,True,NOERROR,2,300,0,2,False,False,2,13335,US,False,"NameSilo, LLC",3,365,True,0,False,False,,benign,no_adverse_signal
valiotti-data.com,2026-07-29,17,2.8150724101159437,0.0,1,1.0,-7.021065217391304,low,0.5,2,0.6153846153846154,True,NOERROR,1,3600,2,2,True,False,0,198610,RU,True,"GoDaddy.com, LLC",3,1096,False,0,False,False,False,benign,no_adverse_signal
facturitard.com,2026-07-29,15,2.9139770731827523,0.0,0,0.5714285714285714,-6.47308947368421,low,0.5556,2,0.7272727272727273,False,NOERROR,0,,0,2,False,False,0,,,,"NameSilo, LLC",2,365,True,,,False,,benign,no_adverse_signal
whakalog.com,2026-07-29,12,2.75,0.0,0,0.6,-7.0698,low,0.5455,2,0.875,True,NOERROR,2,120,0,4,False,False,0,16509,DE,True,"Name.com, Inc.",3,365,True,27,False,False,,benign,no_adverse_signal
ianbrillantes.com,2026-07-29,17,3.085055102756477,0.0,0,0.625,-6.448552173913043,low,0.5714,3,0.6923076923076923,True,NOERROR,2,1800,0,2,False,False,0,16509,US,False,"Name.com, Inc.",2,365,True,0,False,False,,benign,no_adverse_signal
tetelanbewok.shop,2026-07-29,17,3.0220552088742,0.0,0,0.7142857142857143,-7.118961904761905,low,0.5263,2,0.75,True,NOERROR,2,300,0,2,False,False,2,13335,US,False,,,,False,0,False,False,,benign,no_adverse_signal
hmp.co.mw,2026-07-29,9,1.584962500721156,0.0,0,0.0,-8.861400000000001,low,0.6667,3,1.0,True,NOERROR,2,60,2,2,True,False,2,47583,DE,False,PAYROPE-REG,,,False,0,False,False,False,benign,no_adverse_signal
revelationsofjesus.com,2026-07-29,22,3.5304930567574826,0.0,0,0.8,-6.9799303030303035,low,0.4848,2,0.7222222222222222,True,NOERROR,2,3600,0,2,False,False,0,16509,US,True,"GoDaddy.com, LLC",3,1096,False,26,False,False,,benign,no_adverse_signal
ravvlings.com,2026-07-29,13,2.94770277922009,0.0,0,0.2857142857142857,-7.624300000000001,low,0.6667,3,0.8888888888888888,True,NOERROR,3,3603,2,3,True,False,0,63949,US,True,"NameSilo, LLC",3,365,True,8,False,False,False,benign,no_adverse_signal
pixel-zipper.net,2026-07-29,16,2.8553885422075336,0.0,1,0.5714285714285714,-8.041909523809524,low,0.5,2,0.6666666666666666,True,NOERROR,2,3600,0,2,False,False,0,16509,US,True,"GoDaddy.com, LLC",3,365,False,26,False,False,,benign,no_adverse_signal
aixelastore.com,2026-07-29,15,3.0957952550009344,0.0,0,1.2,-6.520494736842105,low,0.6667,2,0.8181818181818182,True,NOERROR,3,3600,0,2,False,False,0,58182,US,True,Wix.com Ltd.,2,1096,True,28,False,False,,benign,no_adverse_signal
bitnexv2gpt.shop,2026-07-29,16,3.277613436819116,0.0625,0,0.25,-9.140036842105262,low,0.5333,3,0.9090909090909091,True,NOERROR,2,300,0,2,False,False,2,13335,US,False,,,,False,0,False,False,,benign,no_adverse_signal
y93ah.top,2026-07-29,9,2.321928094887362,0.2222222222222222,0,0.5,-12.145228571428571,high,0.6,1,1.0,True,NOERROR,3,15,0,0,False,True,0,54801,SC,False,GoDaddy.com,3,365,True,0,False,False,,benign,no_adverse_signal
anniewillsdaughter.org,2026-07-29,22,3.614369445886757,0.0,0,0.6363636363636364,-7.309675757575758,low,0.4516,4,0.7222222222222222,True,NOERROR,2,300,1,4,True,False,0,16509,US,False,Porkbun LLC,3,365,False,0,False,False,False,benign,no_adverse_signal
sbcfkc.xin,2026-07-29,10,2.2516291673878226,0.0,0,0.0,-10.265922222222223,low,0.5714,6,0.8333333333333334,False,NOERROR,0,,0,2,False,False,0,,,,Alibaba Cloud Computing Ltd. d/b/a HiChina (www.net.cn),3,365,False,,,False,,benign,no_adverse_signal
eastpennmanuf-acturing.com,2026-07-29,26,3.6069367321753205,0.0,1,0.6153846153846154,-7.378436585365853,low,0.4242,3,0.6363636363636364,True,NOERROR,2,600,0,2,False,False,0,16509,US,True,"GoDaddy.com, LLC",3,365,False,46,False,False,,benign,no_adverse_signal
luotra.online,2026-07-29,13,2.584962500721156,0.0,0,1.0,-7.325277777777777,medium,0.7273,2,1.0,True,NOERROR,1,3600,0,2,True,False,0,34619,TR,True,Nics Telekomunikasyon A.S.,3,365,True,0,False,False,,benign,no_adverse_signal
mira-byte.info,2026-07-29,14,3.169925001442312,0.0,1,0.6,-7.611673333333333,medium,0.5882,3,1.0,True,NOERROR,2,600,0,2,False,False,0,16509,US,True,,,,,34,False,False,,benign,no_adverse_signal
boki1.net,2026-07-29,9,2.321928094887362,0.1111111111111111,0,1.0,-8.110642857142858,low,0.6667,1,1.0,True,NOERROR,2,300,0,2,False,False,2,13335,US,False,Dynadot Inc,4,365,False,0,False,False,,benign,no_adverse_signal
leboisle.fr,2026-07-29,11,2.5,0.0,0,1.0,-7.3685923076923086,low,0.5,2,0.75,False,SERVFAIL,0,,0,0,False,False,0,,,,SOMME NUMERIQUE,2,364,False,,,False,,benign,no_adverse_signal
playmovur.com,2026-07-29,13,3.169925001442312,0.0,0,0.5,-7.570826666666666,low,0.5455,2,1.0,True,NOERROR,1,1800,5,2,True,False,0,22612,US,False,NAMECHEAP INC,3,365,True,0,False,False,False,benign,no_adverse_signal
corbica.app,2026-07-29,11,2.5216406363433186,0.0,0,0.75,-6.725672727272727,low,0.5714,2,0.8571428571428571,False,NOERROR,0,,0,2,False,False,0,,,,,,,False,,,False,,benign,no_adverse_signal
fdiccustodial.com,2026-07-29,17,3.238901256602631,0.0,0,0.625,-7.021573913043477,low,0.5714,2,0.7692307692307693,True,NOERROR,1,3600,0,3,False,False,0,,US,False,"TUCOWS.COM, CO.",3,365,True,0,False,True,,malicious,spamhaus_dbl
amandaburnett98.lat,2026-07-29,19,3.323231428797621,0.10526315789473684,0,0.625,-7.277396296296296,low,0.4667,2,0.7333333333333333,False,NOERROR,0,,2,2,True,False,0,,,,"Spaceship, Inc.",3,365,False,,,False,False,benign,no_adverse_signal
senatorbilldriscoll.com,2026-07-29,23,3.40582225028569,0.0,0,0.46153846153846156,-6.658482857142857,low,0.4444,4,0.631578947368421,True,NOERROR,1,7200,0,2,False,False,0,40034,VG,False,"Network Solutions, LLC",3,365,True,0,False,False,,benign,no_adverse_signal
runnn6677.top,2026-07-29,13,2.197159723424149,0.3076923076923077,0,0.25,-9.578393333333334,high,0.5,3,0.5555555555555556,True,NOERROR,2,300,0,2,False,False,2,13335,US,False,"NameSilo, LLC",3,365,True,0,False,False,,benign,no_adverse_signal
uiwnvb538.vip,2026-07-29,13,3.169925001442312,0.23076923076923078,0,0.5,-10.994293333333333,low,0.4,4,1.0,True,NOERROR,13,10,0,2,False,True,0,64013,HK,False,Dynadot Inc,3,365,True,27,False,True,,malicious,spamhaus_dbl
jtexpensebt.online,2026-07-29,18,2.845350936622437,0.0,0,0.375,-7.339121052631579,medium,0.5,2,0.7272727272727273,True,NOERROR,2,300,5,2,True,False,2,13335,US,False,NAMECHEAP INC,3,365,True,0,False,False,False,benign,no_adverse_signal
acords.co,2026-07-29,9,2.584962500721156,0.0,0,0.5,-6.482533333333333,low,0.6154,3,1.0,True,NOERROR,2,300,0,2,False,False,2,13335,US,False,Dynadot Inc,7,365,False,0,False,False,,benign,no_adverse_signal
nsw011.cc,2026-07-29,9,2.2516291673878226,0.3333333333333333,0,0.0,-10.035444444444444,low,0.5,3,0.8333333333333334,True,NOERROR,1,1,0,2,False,True,0,40065,US,False,"NameSilo, LLC",3,365,True,0,False,False,,benign,no_adverse_signal
msctod100.ru,2026-07-29,12,2.9477027792200903,0.25,0,0.2,-8.360406666666666,low,0.5,4,0.8888888888888888,True,NOERROR,1,3600,2,2,True,False,1,197695,RU,True,REGRU-RU,4,365,False,0,False,False,False,benign,no_adverse_signal
bussojewelry.ru,2026-07-29,15,3.2516291673878226,0.0,0,0.5,-7.912657142857142,low,0.4444,3,0.8333333333333334,True,NOERROR,1,3600,2,2,True,False,1,197695,RU,True,REGRU-RU,4,365,False,0,False,False,False,benign,no_adverse_signal
banquerecherche.fr,2026-07-29,18,2.973557262275186,0.0,0,0.6666666666666666,-6.651985185185185,low,0.5185,3,0.6,True,NOERROR,2,300,0,2,False,False,2,13335,US,False,SCALEWAY,2,364,False,0,False,False,,benign,no_adverse_signal
pd555.info,2026-07-29,10,1.3709505944546687,0.3,0,0.0,-10.75792857142857,medium,0.3636,2,0.6,True,NOERROR,2,300,0,2,False,False,0,16509,US,True,,,,,15,False,False,,benign,no_adverse_signal
kokocare.dev,2026-07-29,12,2.5,0.0,0,1.0,-6.944415384615384,low,0.5,1,0.75,True,NOERROR,1,1800,5,2,True,False,0,22612,US,False,,,,False,0,False,False,False,benign,no_adverse_signal
frothandpops.co.uk,2026-07-29,18,3.2516291673878226,0.0,0,0.3333333333333333,-6.932795238095237,low,0.5556,3,0.8333333333333334,True,NOERROR,2,3600,0,2,False,False,0,16509,US,True,"GoDaddy.com, LLC. [Tag = GODADDY]",4,1096,False,18,False,False,,benign,no_adverse_signal
gonakedadportal.com,2026-07-29,19,3.3232314287976203,0.0,0,0.6666666666666666,-6.720514814814815,low,0.5,2,0.7333333333333333,True,NOERROR,1,300,0,4,False,False,0,13335,DE,True,"Name.com, Inc.",3,365,True,64,False,False,,malicious,abuseipdb
oco6pdk5.top,2026-07-29,12,2.75,0.16666666666666666,0,0.5,-11.122515384615385,high,0.4706,3,0.875,True,NOERROR,3,60,0,2,False,True,0,138995,US,False,Dominet (HK) Limited,3,365,True,0,True,True,,malicious,spamhaus_zen
nexcu.online,2026-07-29,12,2.321928094887362,0.0,0,0.6666666666666666,-7.5943,medium,0.5455,2,1.0,True,NOERROR,2,600,0,2,False,False,0,16509,US,True,"GoDaddy.com, LLC",3,365,False,34,False,False,,benign,no_adverse_signal
bestcodes.ai,2026-07-29,12,2.725480556997868,0.0,0,0.5,-6.38928,low,0.5882,3,0.7777777777777778,True,NOERROR,2,600,0,2,False,False,0,16509,US,True,"GoDaddy.com, LLC",3,731,True,46,False,False,,benign,no_adverse_signal
qyzx5.shop,2026-07-29,10,2.321928094887362,0.1,0,0.0,-12.397242857142857,low,0.3636,4,1.0,True,NOERROR,2,300,0,2,False,False,2,13335,US,False,,,,False,0,False,False,,benign,no_adverse_signal
pajaroranch.com,2026-07-29,15,2.8453509366224368,0.0,0,0.5714285714285714,-6.84578947368421,low,0.5556,3,0.7272727272727273,True,NOERROR,2,600,0,2,False,False,0,16509,US,True,"GoDaddy.com, LLC",3,365,False,46,False,False,,benign,no_adverse_signal
blankverse.co,2026-07-29,13,3.1219280948873624,0.0,0,0.42857142857142855,-6.866882352941176,low,0.5714,3,0.9,True,NOERROR,2,600,0,2,False,False,0,16509,US,True,"GoDaddy.com, LLC",6,365,False,34,False,False,,benign,no_adverse_signal
laurestia.fr,2026-07-29,12,2.94770277922009,0.0,0,1.25,-6.254786666666666,low,0.5714,2,0.8888888888888888,True,NOERROR,1,3600,3,2,True,False,0,16509,US,False,OVH,2,1095,False,0,False,False,False,benign,no_adverse_signal
sunplan3d.online,2026-07-29,16,2.94770277922009,0.0625,0,0.3333333333333333,-7.899013333333333,medium,0.5882,3,0.8888888888888888,True,NOERROR,1,21600,0,2,False,False,0,197695,RU,False,Registrar of Domain Names REG.RU LLC,3,365,False,2,False,False,,benign,no_adverse_signal
kickthewind.com,2026-07-29,15,3.0957952550009344,0.0,0,0.375,-7.008510526315789,low,0.5556,4,0.8181818181818182,False,NOERROR,0,,3,2,True,False,0,,,,"ENOM, INC.",4,365,True,,,False,False,benign,no_adverse_signal
draftrelay.com,2026-07-29,14,2.9219280948873623,0.0,0,0.42857142857142855,-6.8217823529411765,low,0.5,3,0.8,True,NOERROR,2,600,2,4,True,False,0,16509,US,False,Porkbun LLC,3,365,False,0,False,False,False,benign,no_adverse_signal
falkornet.com,2026-07-29,13,3.169925001442312,0.0,0,0.5,-6.802926666666667,low,0.5333,2,1.0,True,NOERROR,2,300,0,2,False,False,0,13335,US,False,"Cloudflare, Inc.",3,365,True,0,False,False,,benign,no_adverse_signal
damihealth.com,2026-07-29,14,2.9219280948873623,0.0,0,0.6666666666666666,-6.961270588235294,low,0.75,3,0.8,True,NOERROR,1,1800,5,2,True,False,0,22612,US,False,NAMECHEAP INC,2,365,True,0,False,False,False,benign,no_adverse_signal
gquixote.life,2026-07-29,13,3.0,0.0,0,1.0,-8.476561538461539,low,0.5882,2,1.0,True,NOERROR,1,50,2,2,True,False,0,47583,CY,False,,,,False,35,False,False,False,benign,no_adverse_signal
thwjyoule.com,2026-07-29,13,3.169925001442312,0.0,0,0.5,-8.892906666666667,low,0.5,5,1.0,False,NOERROR,0,,0,4,False,False,0,,,,"Name.com, Inc.",3,365,True,,,False,,benign,no_adverse_signal
innatemediaholdings.com,2026-07-29,23,3.4316235658474294,0.0,0,0.7272727272727273,-6.560608571428571,low,0.4828,3,0.631578947368421,True,NOERROR,1,60,1,2,True,False,0,394456,US,True,DomainRegistry.com LLC,3,365,False,0,False,False,False,benign,no_adverse_signal
obor76.org,2026-07-29,10,2.2516291673878226,0.2,0,1.0,-8.70961111111111,low,0.5455,1,0.8333333333333334,True,NOERROR,1,14400,1,2,True,False,0,26496,SG,True,"NameSilo, LLC",3,365,False,0,False,False,False,benign,no_adverse_signal
sats2019.com,2026-07-29,12,2.75,0.3333333333333333,0,0.3333333333333333,-8.686523076923077,low,0.5,2,0.875,False,NOERROR,0,,3,2,True,False,0,,,,Alibaba Cloud Computing Ltd. d/b/a HiChina (www.net.cn),3,365,False,,,False,False,benign,no_adverse_signal
zavixx.shop,2026-07-29,11,2.2516291673878226,0.0,0,0.5,-8.053977777777778,low,0.5,2,0.8333333333333334,True,NOERROR,1,1800,0,2,False,False,0,13335,CA,True,,,,False,0,False,False,,benign,no_adverse_signal
keepsiekits.com,2026-07-29,15,2.481714572986073,0.0,0,0.8333333333333334,-7.426773684210526,low,0.5,2,0.5454545454545454,False,NOERROR,0,,0,2,False,False,0,,,,URL SOLUTIONS INC.,3,365,True,,,False,,benign,no_adverse_signal
abudhabi15.click,2026-07-29,16,2.9219280948873623,0.125,0,1.0,-8.63805294117647,medium,0.4211,2,0.8,True,NOERROR,1,300,0,2,False,False,0,206834,DE,False,"Dynadot, LLC",3,365,False,24,False,False,,benign,no_adverse_signal
tn9lyj.shop,2026-07-29,11,2.584962500721156,0.09090909090909091,0,0.0,-11.734588888888888,low,0.5,3,1.0,False,NOERROR,0,,5,2,True,False,0,,,,,,,False,,,False,False,benign,no_adverse_signal
googleplaysweb.com,2026-07-29,18,3.2359263506290334,0.0,0,0.5555555555555556,-6.934668,low,0.6667,3,0.7142857142857143,True,NOERROR,2,300,0,2,False,False,2,13335,US,False,Dynadot Inc,3,365,False,0,False,False,,benign,no_adverse_signal
fdpum.com,2026-07-29,9,2.321928094887362,0.0,0,0.25,-9.568028571428572,low,0.5455,3,1.0,True,NOERROR,2,300,0,2,False,False,2,13335,US,False,July Name Limited,3,365,True,0,False,False,,benign,no_adverse_signal
sgmip.store,2026-07-29,11,2.321928094887362,0.0,0,0.25,-8.712085714285715,low,0.6,3,1.0,False,timeout,0,,0,0,False,False,0,,,,,,,False,,,False,,benign,no_adverse_signal
kuljeetkaur.com,2026-07-29,15,2.9139770731827523,0.0,0,0.8333333333333334,-8.403736842105262,low,0.4706,2,0.7272727272727273,True,NOERROR,1,3600,1,2,True,False,0,63911,US,True,"GoDaddy.com, LLC",2,365,False,0,False,False,False,benign,no_adverse_signal
binqor.com,2026-07-29,10,2.584962500721156,0.0,0,0.5,-8.668644444444444,low,0.6,2,1.0,True,NOERROR,2,300,0,2,False,False,2,13335,US,False,"Name.com, Inc.",3,365,True,0,False,False,,benign,no_adverse_signal
canopusresearch.blog,2026-07-29,20,3.2402239289418526,0.0,0,0.6666666666666666,-6.713440740740741,low,0.625,3,0.6666666666666666,True,NOERROR,2,600,0,2,False,False,0,16509,US,True,"Go Daddy, LLC",3,365,True,34,False,False,,benign,no_adverse_signal
ckeynetworks147.help,2026-07-29,20,3.640223928941851,0.15,0,0.3333333333333333,-7.7664888888888886,low,0.5714,3,0.8666666666666667,False,NXDOMAIN,0,,0,0,False,False,0,,,,"GMO Internet, Inc.",3,365,True,,,False,,benign,no_adverse_signal
jjnn.xyz,2026-07-29,8,1.0,0.0,0,0.0,-11.43446,high,0.5714,4,0.5,True,NOERROR,2,300,0,2,False,False,0,16509,US,True,"Spaceship, Inc.",3,365,False,9,False,False,,benign,no_adverse_signal
lingmalaw.com,2026-07-29,13,2.725480556997868,0.0,0,0.5,-6.43296,low,0.5714,3,0.7777777777777778,True,NOERROR,1,3600,0,2,False,False,0,206834,CA,False,"TUCOWS.COM, CO.",3659,4017,True,11,False,False,,benign,no_adverse_signal
ai4restofus.com,2026-07-29,15,3.277613436819116,0.06666666666666667,0,1.0,-7.908984210526316,low,0.5714,2,0.9090909090909091,True,NOERROR,1,7200,0,2,False,False,0,40034,VG,False,"Network Solutions, LLC",2,365,True,0,False,False,,benign,no_adverse_signal
barber-jm-shop-gentleman.hr,2026-07-29,27,3.772055208874201,0.0,3,0.4,-7.579148888888889,low,0.4,3,0.625,True,NOERROR,1,14400,1,2,True,False,0,44901,BG,True,,4,365,False,0,False,False,False,benign,no_adverse_signal
yabos168.org,2026-07-29,12,3.0,0.25,0,0.6666666666666666,-8.445576923076922,low,0.5333,1,1.0,True,NOERROR,2,300,0,2,False,False,2,13335,US,False,"NameSilo, LLC",3,365,False,0,False,False,,benign,no_adverse_signal
brittoeravelli.com.br,2026-07-29,21,3.09306920777189,0.0,0,0.75,-6.7151,low,0.5263,2,0.6428571428571429,True,NOERROR,1,50,0,2,False,False,0,47583,CY,False,,4,365,False,35,False,False,,benign,no_adverse_signal
mindfulteahouse.com,2026-07-29,19,3.6402239289418516,0.0,0,0.875,-7.016674074074074,low,0.5455,3,0.8666666666666667,True,NOERROR,1,300,0,4,False,False,0,13335,DE,True,"Name.com, Inc.",3,365,True,64,False,False,,malicious,abuseipdb
wallgracepaints.com,2026-07-29,19,3.4565647621309536,0.0,0,0.5,-6.7543037037037035,low,0.56,4,0.8,True,NOERROR,1,50,2,2,True,False,0,47583,CY,False,"HOSTINGER operations, UAB",3,365,False,35,False,False,False,benign,no_adverse_signal
renovra.site,2026-07-29,12,2.5216406363433186,0.0,0,0.75,-7.149127272727273,medium,0.5556,2,0.8571428571428571,True,NOERROR,2,1800,0,2,False,False,0,16509,US,False,Dattatec Corp,3,365,False,0,False,False,,benign,no_adverse_signal
ourbellingen.com,2026-07-29,16,3.084962500721156,0.0,0,0.7142857142857143,-6.299514285714286,low,0.5263,2,0.75,True,NOERROR,2,600,0,2,False,False,0,16509,US,True,"GoDaddy.com, LLC",3,365,False,46,False,False,,benign,no_adverse_signal
urbanstratafinds.shop,2026-07-29,21,3.202819531114783,0.0,0,0.45454545454545453,-6.4229724137931035,low,0.5185,4,0.625,True,NOERROR,2,600,0,2,False,False,0,16509,US,True,,,,False,46,False,False,,benign,no_adverse_signal
foxtech1971.com,2026-07-29,15,3.277613436819116,0.26666666666666666,0,0.4,-9.006278947368422,low,0.4706,2,0.9090909090909091,True,NOERROR,1,21600,0,2,False,False,0,16509,US,True,"TUCOWS.COM, CO.",1468,1826,True,0,False,False,,benign,no_adverse_signal
mywellnessbuilding.com,2026-07-29,22,3.4613201402110083,0.0,0,0.38461538461538464,-7.171530303030304,low,0.4615,3,0.6666666666666666,False,NXDOMAIN,0,,0,0,False,False,0,,,,,,,,,,False,,benign,no_adverse_signal
baseworkhq.com,2026-07-29,14,3.321928094887362,0.0,0,0.42857142857142855,-7.592670588235294,low,0.6087,4,1.0,True,NOERROR,2,600,0,2,False,False,0,16509,US,True,"GoDaddy.com, LLC",3,365,False,34,False,False,,benign,no_adverse_signal
bakercollective.org,2026-07-29,19,3.3232314287976203,0.0,0,0.6666666666666666,-6.493288888888889,low,0.5455,2,0.7333333333333333,True,NOERROR,2,3600,0,2,False,False,0,16509,US,True,"GoDaddy.com, LLC",3,365,False,26,False,False,,benign,no_adverse_signal
novaglow-beauty.fr,2026-07-29,18,3.640223928941851,0.0,1,0.75,-7.590614814814814,low,0.48,2,0.8666666666666667,True,NOERROR,1,3600,2,4,True,False,1,8560,DE,True,IONOS SE,2,364,False,0,False,False,False,benign,no_adverse_signal
remarkablesync.com,2026-07-29,18,3.3787834934861767,0.0,0,0.4,-6.834516,low,0.4615,4,0.7857142857142857,True,NOERROR,2,300,0,2,False,False,2,13335,US,False,"GoDaddy.com, LLC",2,365,False,0,False,False,,benign,no_adverse_signal
theforumkids.com,2026-07-29,16,3.584962500721156,0.0,0,0.5,-7.3630523809523805,low,0.5882,2,1.0,True,NOERROR,1,3600,0,3,False,False,0,16509,US,False,P.A. Viet Nam Company Limited,2,365,True,0,False,False,,benign,no_adverse_signal
nadyasmusicbridge.com,2026-07-29,21,3.6168746059562227,0.0,0,0.5454545454545454,-7.426225806451613,low,0.5185,3,0.7647058823529411,True,NOERROR,2,120,0,4,False,False,0,16509,DE,True,"Name.com, Inc.",2,365,True,27,False,False,,benign,no_adverse_signal
meetlive.online,2026-07-29,15,2.4056390622295662,0.0,0,1.0,-6.660007692307692,medium,0.6667,2,0.75,True,NOERROR,1,600,0,2,False,False,0,51167,FR,True,"GoDaddy.com, LLC",3,365,False,0,False,False,,benign,no_adverse_signal
maximabetq.com,2026-07-29,14,2.9219280948873623,0.0,0,0.6666666666666666,-7.446511764705882,low,0.5,2,0.8,True,NOERROR,2,300,0,2,False,False,2,13335,US,False,Dominet (HK) Limited,3,365,False,0,False,False,,benign,no_adverse_signal
ivevite.icu,2026-07-29,11,1.950212064914747,0.0,0,1.3333333333333333,-6.597018181818182,low,0.7059,1,0.5714285714285714,True,NOERROR,2,300,0,2,False,False,0,13335,US,False,PDR Ltd. d/b/a PublicDomainRegistry.com,3,365,False,0,False,False,,benign,no_adverse_signal
kxssjlc.online,2026-07-29,14,2.5216406363433186,0.0,0,0.0,-10.150054545454545,medium,0.4,7,0.8571428571428571,False,NOERROR,0,,0,2,False,False,0,,,,NAMECHEAP INC,3,365,True,,,False,,benign,no_adverse_signal
awoso.org,2026-07-29,9,1.9219280948873623,0.0,0,1.5,-7.708814285714285,low,0.75,1,0.8,True,NOERROR,1,14400,3,2,True,False,0,22612,US,True,NAMECHEAP INC,3,365,True,0,False,False,False,benign,no_adverse_signal
tamgo.se,2026-07-29,8,2.321928094887362,0.0,0,0.6666666666666666,-7.5103857142857136,low,0.6,2,1.0,True,NOERROR,1,3600,4,2,False,False,0,16509,US,True,One.com,3,365,False,24,False,False,False,benign,no_adverse_signal
maplestreetdancespace.de,2026-07-29,24,3.232101804845413,0.0,0,0.6153846153846154,-6.4398333333333335,low,0.4706,3,0.5238095238095238,True,NOERROR,2,30,0,2,False,False,4,16509,US,True,,,,False,0,False,False,,benign,no_adverse_signal
productfeedback26.shop,2026-07-29,22,3.734521664779752,0.09090909090909091,0,0.5,-7.895174193548388,low,0.4444,3,0.8235294117647058,True,NOERROR,1,50,0,2,False,False,0,47583,CY,False,,,,False,35,False,False,,benign,no_adverse_signal
themoneyfitnessguy.uk,2026-07-29,21,3.4613201402110083,0.0,0,0.5,-7.175460606060606,low,0.5,3,0.6666666666666666,True,NOERROR,4,14400,0,4,True,False,0,53831,US,False,Squarespace Domains LLC t/a SQUARESPACE DOMAINS [Tag = SQUARESPACE],4,1096,False,29,False,False,,benign,no_adverse_signal
ddrr89.com,2026-07-29,10,1.9182958340544893,0.2,0,0.0,-9.766399999999999,low,0.5,4,0.6666666666666666,True,NOERROR,1,600,0,2,False,False,0,398478,HK,False,Gname 218 Inc,3,365,False,0,False,False,,benign,no_adverse_signal
greatfur.com,2026-07-29,12,2.75,0.0,0,0.6,-7.033146153846153,low,0.625,2,0.875,True,NOERROR,1,300,0,2,False,True,0,13335,US,False,Gname 073 Inc,3,365,False,0,False,False,,benign,no_adverse_signal
alphard-life.com,2026-07-29,16,3.2516291673878226,0.0,1,0.5714285714285714,-7.408733333333334,low,0.48,3,0.8333333333333334,True,NOERROR,1,3600,1,5,True,False,0,131965,JP,True,"XServer, Inc.",3,365,False,0,False,False,False,benign,no_adverse_signal
econotireswholesale.com,2026-07-29,23,3.366091329119192,0.0,0,0.9,-6.66174,low,0.4615,3,0.631578947368421,True,NOERROR,2,600,0,2,False,False,0,16509,US,True,"GoDaddy.com, LLC",3,365,False,46,False,False,,benign,no_adverse_signal
elportalrestaurantpapa.com,2026-07-29,26,3.1015087558678776,0.0,0,0.6923076923076923,-6.565741463414635,low,0.4103,3,0.45454545454545453,True,NOERROR,1,3600,0,3,False,False,0,27357,US,False,Hosting Concepts B.V. d/b/a Registrar.eu,3,365,True,0,False,True,,malicious,spamhaus_dbl
rgba.co.in,2026-07-29,10,2.0,0.0,0,0.3333333333333333,-8.57268,low,0.5714,3,1.0,True,NOERROR,2,300,0,2,False,False,2,13335,US,False,"HOSTINGER operations, UAB",4,365,False,0,False,False,,benign,no_adverse_signal
cthtghn.top,2026-07-29,11,2.2359263506290326,0.0,0,0.0,-8.786572727272727,high,0.5714,7,0.7142857142857143,True,NOERROR,3,3600,1,2,True,False,0,63949,US,True,"NameSilo, LLC",366,730,True,2,False,False,True,benign,no_adverse_signal
altura-digital.com,2026-07-29,18,3.039148671903071,0.0,1,0.8571428571428571,-6.837772,low,0.56,2,0.6428571428571429,True,NOERROR,2,300,0,2,False,False,2,13335,US,False,"Cloudflare, Inc.",3,365,True,0,False,False,,benign,no_adverse_signal
kxdoae.com,2026-07-29,10,2.584962500721156,0.0,0,1.0,-9.78568888888889,low,0.5455,3,1.0,True,NOERROR,2,300,0,2,False,False,2,13335,US,False,NAMECHEAP INC,3,365,True,0,False,False,,benign,no_adverse_signal
empoweredbrightroots.org,2026-07-29,24,3.5086949695628418,0.0,0,0.5384615384615384,-6.972864864864865,low,0.5625,4,0.65,True,NOERROR,2,120,0,4,False,False,0,16509,DE,True,"Name.com, Inc.",3,365,False,22,False,False,,benign,no_adverse_signal
harmoniousaiconnection.com,2026-07-29,26,3.334209459448048,0.0,0,1.0,-6.476290243902438,low,0.5238,2,0.5454545454545454,True,NOERROR,2,300,0,2,False,False,2,13335,US,False,"Cloudflare, Inc.",3,365,True,0,False,False,,benign,no_adverse_signal
accrume.com,2026-07-29,11,2.5216406363433186,0.0,0,0.75,-7.304272727272727,low,0.5882,3,0.8571428571428571,True,NOERROR,1,21600,1,2,True,False,0,17439,IN,True,PDR Ltd. d/b/a PublicDomainRegistry.com,3,365,False,0,False,False,False,benign,no_adverse_signal
jhousaidncgerdefbang.com.cn,2026-07-29,27,3.821928094887362,0.0,0,0.5384615384615384,-7.637740540540541,low,0.4516,4,0.75,True,NOERROR,1,300,0,2,False,False,0,132839,HK,False,北京新网数码信息技术有限公司,7,365,False,0,False,False,,benign,no_adverse_signal
v9z7ysek.top,2026-07-29,12,3.0,0.16666666666666666,0,0.2,-11.196761538461537,high,0.4286,2,1.0,True,NOERROR,3,60,0,2,False,True,0,138995,US,False,Dominet (HK) Limited,3,365,True,0,True,True,,malicious,spamhaus_zen
khsk072.top,2026-07-29,11,2.5216406363433186,0.2727272727272727,0,0.0,-11.374236363636363,high,0.375,4,0.8571428571428571,True,NOERROR,3,60,0,2,False,True,0,40065,US,False,Gname.com Pte. Ltd.,3,365,True,0,False,False,,benign,no_adverse_signal
ajman.homes,2026-07-29,11,1.9219280948873623,0.0,0,0.6666666666666666,-7.996571428571428,low,0.7273,2,0.8,True,NOERROR,1,1800,5,2,True,False,0,22612,US,False,NAMECHEAP INC,3,365,True,0,False,False,False,benign,no_adverse_signal
namooh.com,2026-07-29,10,2.251629167387823,0.0,0,1.0,-7.133788888888889,low,0.6,1,0.8333333333333334,True,NOERROR,2,10800,0,2,True,False,2,14618,US,True,DropCatch.com 1210 LLC,3,365,False,3,False,False,,benign,no_adverse_signal
forms-mail.com,2026-07-29,14,3.121928094887362,0.0,1,0.5,-7.029370588235294,low,0.6667,3,0.9,False,NOERROR,0,,0,2,False,False,0,,,,"Cloudflare, Inc.",3,365,True,,,False,,benign,no_adverse_signal
nholksr.online,2026-07-29,14,2.807354922057604,0.0,0,0.16666666666666666,-7.977645454545454,medium,0.5,4,1.0,False,NXDOMAIN,0,,0,0,False,False,0,,,,NAMECHEAP INC,3,365,True,,,False,,benign,no_adverse_signal
everhorizons.online,2026-07-29,19,3.0849625007211556,0.0,0,0.7142857142857143,-6.802623809523809,medium,0.5217,2,0.75,True,NOERROR,2,300,0,2,False,False,2,13335,US,False,NAMECHEAP INC,3,365,False,0,False,False,,benign,no_adverse_signal
brightoneholdings.net,2026-07-29,21,3.4992275471326932,0.0,0,0.4166666666666667,-6.808241935483871,low,0.5333,3,0.7058823529411765,True,NOERROR,1,60,1,2,True,False,0,394456,US,True,DomainRegistry.com LLC,3,365,False,0,False,False,False,benign,no_adverse_signal
greatlakessportsman.com,2026-07-29,23,3.4316235658474303,0.0,0,0.46153846153846156,-6.547657142857143,low,0.5714,4,0.631578947368421,True,NOERROR,1,21600,0,2,False,False,0,16509,US,True,"TUCOWS.COM, CO.",9138,9495,True,0,False,False,,benign,no_adverse_signal
slutuknine.website,2026-07-29,18,2.9219280948873623,0.0,0,0.6666666666666666,-7.420205882352941,low,0.5714,2,0.8,True,NOERROR,1,1800,0,2,False,False,0,,,False,NAMECHEAP INC,3,365,False,0,False,False,,benign,no_adverse_signal
gamespodcast.beer,2026-07-29,17,3.2516291673878226,0.0,0,0.5,-6.427961904761905,low,0.7,2,0.8333333333333334,True,NOERROR,2,55,0,4,False,False,0,,US,False,Porkbun,1475,1461,True,3,False,False,,benign,no_adverse_signal
kirahmusic.com,2026-07-29,14,3.121928094887362,0.0,0,0.6666666666666666,-7.439229411764706,low,0.5,2,0.9,True,NOERROR,1,50,2,2,True,False,0,47583,CY,False,"HOSTINGER operations, UAB",3,365,False,35,False,False,False,benign,no_adverse_signal
autokouluetuajo.com,2026-07-29,19,2.7898980954642867,0.0,0,2.0,-7.596803703703704,low,0.4545,1,0.5333333333333333,True,NOERROR,2,1799,5,2,True,False,0,13335,US,False,NAMECHEAP INC,3,365,True,0,False,False,False,benign,no_adverse_signal
compoundcartel.com,2026-07-29,18,3.521640636343319,0.0,0,0.5555555555555556,-6.598044,low,0.5833,3,0.8571428571428571,True,NOERROR,1,1799,5,2,True,False,0,13335,CA,True,NAMECHEAP INC,3,365,True,0,False,False,False,benign,no_adverse_signal
aitpost.com,2026-07-29,11,2.5216406363433186,0.0,0,0.75,-6.782490909090909,low,0.6667,2,0.8571428571428571,False,NOERROR,0,,0,2,False,False,0,,,,Dominet (HK) Limited,3,365,False,,,False,,benign,no_adverse_signal
roastcraftai.shop,2026-07-29,17,2.8553885422075336,0.0,0,0.7142857142857143,-7.045628571428572,low,0.5217,4,0.6666666666666666,True,NOERROR,2,300,0,2,False,False,2,13335,US,False,,,,False,0,False,False,,benign,no_adverse_signal
smeeroli.com,2026-07-29,12,2.75,0.0,0,1.0,-6.580692307692308,low,0.5714,2,0.875,True,NOERROR,1,1800,5,2,True,False,0,22612,US,False,NAMECHEAP INC,3,365,True,0,False,False,False,benign,no_adverse_signal
codexestelar.com.br,2026-07-29,19,3.188721875540867,0.0,0,0.7142857142857143,-6.55374761904762,low,0.5517,2,0.8333333333333334,True,NOERROR,2,60,2,2,True,False,2,47583,DE,False,,4,365,False,0,False,False,False,benign,no_adverse_signal
lvrair.info,2026-07-29,11,2.2516291673878226,0.0,0,0.5,-7.784,medium,0.5,3,0.8333333333333334,True,NOERROR,2,600,0,2,False,False,0,16509,US,True,,,,,46,False,False,,benign,no_adverse_signal
binus4dkuat.com,2026-07-29,15,3.277613436819116,0.06666666666666667,0,0.6666666666666666,-8.759094736842105,low,0.5,2,0.9090909090909091,True,NOERROR,2,300,0,2,False,False,2,13335,US,False,PDR Ltd. d/b/a PublicDomainRegistry.com,3,365,True,0,False,False,,benign,no_adverse_signal
mandirdesign.com,2026-07-29,16,3.0849625007211556,0.0,0,0.5,-6.483838095238094,low,0.5263,2,0.75,False,NOERROR,0,,0,2,False,False,0,,,,DropCatch.com 1114 LLC,3,365,True,,,False,,benign,no_adverse_signal
jebol78.xyz,2026-07-29,11,2.807354922057604,0.18181818181818182,0,0.6666666666666666,-9.227,high,0.5,1,1.0,True,NOERROR,2,300,0,2,False,False,2,13335,US,False,Dynadot Inc,3,365,False,0,False,False,,benign,no_adverse_signal
sacredspacestradeco.com,2026-07-29,23,3.0363722498302232,0.0,0,0.5833333333333334,-6.4162,low,0.5,3,0.47368421052631576,True,NOERROR,1,300,0,2,False,False,0,396982,US,True,UnstoppableUS4 LLC,3,365,True,0,False,False,,benign,no_adverse_signal
krongus.online,2026-07-29,14,2.807354922057604,0.0,0,0.4,-7.0763181818181815,medium,0.5455,2,1.0,True,NOERROR,2,1799,5,2,True,False,0,16509,US,True,NAMECHEAP INC,3,365,True,0,False,False,False,benign,no_adverse_signal
sk65e.top,2026-07-29,9,2.321928094887362,0.2222222222222222,0,0.5,-11.650057142857142,high,0.6,2,1.0,True,NOERROR,3,15,0,0,False,True,0,133199,HK,False,GoDaddy.com,3,365,True,3,False,False,,benign,no_adverse_signal
bhayaksa.net,2026-07-29,12,2.4056390622295662,0.0,0,0.6,-7.8154,low,0.5,2,0.75,True,NOERROR,1,14400,1,4,True,False,0,58487,ID,True,CV. Rumahweb Indonesia,3,365,False,0,False,False,False,benign,no_adverse_signal
amc-group.co.jp,2026-07-29,15,3.169925001442312,0.0,1,0.6,-7.655959999999999,low,0.5,2,1.0,True,NOERROR,1,3600,1,5,True,False,0,131965,JP,True,,3,,False,0,False,False,False,benign,no_adverse_signal
y91at.top,2026-07-29,9,2.321928094887362,0.2222222222222222,0,0.5,-10.51612857142857,high,0.4286,1,1.0,True,NOERROR,3,15,0,0,False,True,0,54801,SC,False,GoDaddy.com,3,365,True,0,False,False,,benign,no_adverse_signal
l3educacional.com,2026-07-29,17,3.238901256602631,0.058823529411764705,0,1.0,-7.760460869565217,low,0.5333,1,0.7692307692307693,True,NOERROR,4,14400,1,4,True,False,0,53831,US,False,Squarespace Domains II LLC,22,365,True,29,False,False,False,benign,no_adverse_signal
tickledpinklive.com,2026-07-29,19,3.189898095464287,0.0,0,0.5,-6.969385185185185,low,0.4706,3,0.6666666666666666,True,NOERROR,2,600,0,2,False,False,0,16509,US,True,"GoDaddy.com, LLC",3,365,False,46,False,False,,benign,no_adverse_signal
minerinamineral.com,2026-07-29,19,2.739572261986723,0.0,0,0.875,-5.790477777777778,low,0.5833,1,0.4666666666666667,True,NOERROR,2,48,0,4,False,False,0,,US,False,Porkbun LLC,1110,1461,False,3,False,False,,benign,no_adverse_signal
pfagent.ai,2026-07-29,10,2.807354922057604,0.0,0,0.4,-7.115509090909091,low,0.6667,2,1.0,True,NOERROR,2,300,0,2,False,False,2,13335,US,False,Whois Corp.,15,731,False,0,False,False,,benign,no_adverse_signal
eruditeprime.com,2026-07-29,16,2.8553885422075336,0.0,0,1.0,-6.662628571428572,low,0.5455,2,0.6666666666666666,True,NOERROR,2,60,2,2,True,False,2,47583,DE,False,"Spaceship, Inc.",2,365,False,0,False,False,False,benign,no_adverse_signal
psicotropicodelia.com,2026-07-29,21,3.2927701939369904,0.0,0,0.8888888888888888,-6.642080645161291,low,0.5385,2,0.6470588235294118,True,NOERROR,2,300,0,2,False,False,2,13335,US,False,NAMECHEAP INC,3,365,True,0,False,False,,benign,no_adverse_signal
myhealthedit.com,2026-07-29,16,3.084962500721156,0.0,0,0.5,-6.727290476190476,low,0.6667,3,0.75,True,NOERROR,1,50,0,2,False,False,0,47583,CY,False,"HOSTINGER operations, UAB",3,365,False,35,False,False,,benign,no_adverse_signal
directtjw.pics,2026-07-29,14,2.94770277922009,0.0,0,0.2857142857142857,-7.861393333333334,low,0.5455,5,0.8888888888888888,True,NOERROR,2,300,0,2,False,False,2,13335,US,False,Dynadot Inc,3,365,False,0,False,False,,benign,no_adverse_signal
ciec.info,2026-07-29,9,1.5,0.0,0,1.0,-7.04086,medium,0.6667,1,0.75,True,NOERROR,2,300,0,2,False,False,2,13335,US,False,,,,,0,False,False,,benign,no_adverse_signal
thestepp.com,2026-07-29,12,2.25,0.0,0,0.3333333333333333,-6.380453846153846,low,0.5,2,0.625,True,NOERROR,2,1800,0,2,True,False,0,16509,US,False,"Name.com, Inc.",3,365,True,0,False,False,,benign,no_adverse_signal
moneymuses.com,2026-07-29,14,2.7219280948873625,0.0,0,0.6666666666666666,-6.898829411764706,low,0.5333,2,0.7,True,NOERROR,1,14400,0,4,True,False,0,16509,US,False,Squarespace Domains LLC,3,1096,True,0,False,False,,benign,no_adverse_signal
neomwellbeing.studio,2026-07-29,20,3.0269868333592873,0.0,0,0.625,-7.345639130434783,low,0.5,3,0.6923076923076923,True,NOERROR,2,3600,1,2,True,False,0,16509,US,True,,,,False,24,False,False,False,benign,no_adverse_signal
phyto-mem.com,2026-07-29,13,2.9477027792200903,0.0,1,0.3333333333333333,-8.038886666666667,low,0.5263,4,0.8888888888888888,True,NOERROR,1,1800,0,2,False,False,1,47583,US,False,"HOSTINGER operations, UAB",50,365,False,0,False,False,,benign,no_adverse_signal
fekis.lt,2026-07-29,8,2.321928094887362,0.0,0,0.6666666666666666,-7.789628571428572,low,0.5455,1,1.0,True,NOERROR,2,60,2,2,True,False,2,47583,DE,False,,4,732,False,0,False,False,False,benign,no_adverse_signal
artmosaicfactory.com,2026-07-29,20,3.202819531114783,0.0,0,0.6,-7.055782758620689,low,0.5,3,0.625,False,NOERROR,0,,0,2,False,False,0,,,,Alibaba Cloud Computing Ltd. d/b/a HiChina (www.net.cn),6,365,False,,,False,,benign,no_adverse_signal
padi777asia.com,2026-07-29,15,2.4130884364257574,0.2,0,1.6666666666666667,-8.566257894736843,low,0.5,1,0.5454545454545454,True,NOERROR,2,300,0,2,False,False,2,13335,US,False,Longming Pte. Ltd.,3,365,False,0,False,False,,benign,no_adverse_signal
kutaigroup.com,2026-07-29,14,3.121928094887362,0.0,0,1.0,-7.0568294117647055,low,0.5556,2,0.9,True,NOERROR,1,50,0,2,False,False,0,47583,CY,False,"HOSTINGER operations, UAB",3,365,False,35,False,False,,benign,no_adverse_signal
paekdosi.online,2026-07-29,15,3.0,0.0,0,1.0,-8.279630769230769,medium,0.6154,2,1.0,True,NOERROR,2,28,0,4,False,False,0,,US,False,Porkbun LLC,3,365,False,3,False,False,,benign,no_adverse_signal
thecorridor.health,2026-07-29,18,2.8453509366224368,0.0,0,0.5714285714285714,-6.5545210526315785,low,0.5556,2,0.7272727272727273,True,NOERROR,2,3600,0,2,False,False,0,16509,US,True,,,,,26,False,False,,benign,no_adverse_signal
qyycx.com,2026-07-29,9,1.9219280948873623,0.0,0,0.0,-10.839685714285713,low,0.4,5,0.8,True,NOERROR,1,3600,1,4,True,False,0,14618,US,True,CNOBIN INFORMATION TECHNOLOGY LIMITED,375,730,False,0,False,False,False,benign,no_adverse_signal
sterhub.company,2026-07-29,15,2.807354922057604,0.0,0,0.4,-6.663936363636363,low,0.6154,2,1.0,True,NOERROR,2,300,0,2,False,False,2,13335,US,False,,,,,0,False,False,,benign,no_adverse_signal
ywad.cc,2026-07-29,7,2.0,0.0,0,0.3333333333333333,-7.932639999999999,low,0.6,2,1.0,True,NOERROR,1,1,0,2,False,True,0,40065,US,False,"NameSilo, LLC",3,365,True,0,False,False,,benign,no_adverse_signal
milkbo.com,2026-07-29,10,2.584962500721156,0.0,0,0.5,-8.019422222222223,low,0.625,3,1.0,True,NOERROR,4,300,1,2,True,False,0,53831,US,False,Squarespace Domains II LLC,3,365,True,29,False,False,False,benign,no_adverse_signal
jiupdate.co.ke,2026-07-29,14,3.0,0.0,0,1.0,-7.648661538461539,low,0.6667,2,1.0,True,NOERROR,1,14440,1,4,False,False,0,16509,US,False,HOSTAFRICA EAC,3,365,False,0,False,False,False,benign,no_adverse_signal
copie-simple.fr,2026-07-29,15,3.0849625007211556,0.0,1,0.8333333333333334,-7.178057142857144,low,0.5263,3,0.75,True,NOERROR,1,3600,3,2,True,False,0,16276,FR,True,OVH,2,364,False,20,False,False,False,benign,no_adverse_signal
snarkytackle.co,2026-07-29,15,3.2516291673878226,0.0,0,0.3333333333333333,-7.390376190476191,low,0.5714,4,0.8333333333333334,True,NOERROR,1,3600,0,2,False,False,0,13335,CA,True,"GoDaddy.com, LLC",3,365,False,0,False,False,,benign,no_adverse_signal
dz36n.top,2026-07-29,9,2.321928094887362,0.2222222222222222,0,0.0,-12.284557142857143,high,0.6667,2,1.0,True,NOERROR,3,15,0,0,False,True,0,54801,SC,False,GoDaddy.com,3,365,True,0,False,False,,benign,no_adverse_signal
tenshinkai-iaido.fr,2026-07-29,19,3.25,0.0,1,1.1428571428571428,-7.199193103448276,low,0.4167,3,0.6875,True,NOERROR,1,300,1,2,True,False,1,29222,CH,True,Infomaniak Network SA,2,364,False,0,False,False,False,benign,no_adverse_signal
penningtondirtworks.com,2026-07-29,23,3.40582225028569,0.0,0,0.35714285714285715,-6.749757142857143,low,0.5714,3,0.631578947368421,True,NOERROR,1,14400,0,4,False,False,0,13335,US,False,Squarespace Domains LLC,3,365,True,0,False,False,,benign,no_adverse_signal
getmachinelegibility.com,2026-07-29,24,3.384183719779189,0.0,0,0.6666666666666666,-6.587556756756757,low,0.5,2,0.6,True,NOERROR,2,300,3,2,True,False,2,13335,US,False,"Cloudflare, Inc.",2,365,True,0,False,False,False,benign,no_adverse_signal
s2lp5.top,2026-07-29,9,2.321928094887362,0.2222222222222222,0,0.0,-12.110671428571427,high,0.4444,2,1.0,False,NOERROR,0,,0,4,False,False,0,,,,NameMart Pte. Ltd.,3,365,False,,,True,,malicious,spamhaus_dbl
1141shoal.com,2026-07-29,13,2.6416041678685933,0.3076923076923077,0,0.6666666666666666,-9.36748,low,0.4706,2,0.7777777777777778,True,NOERROR,2,600,0,2,False,False,0,16509,US,True,"GoDaddy.com, LLC",3,365,False,46,False,False,,benign,no_adverse_signal
magrandepara.online,2026-07-29,19,2.751629167387823,0.0,0,0.7142857142857143,-6.234452380952381,medium,0.56,2,0.6666666666666666,True,NOERROR,1,10800,2,3,True,False,0,29169,FR,True,Gandi SAS,3,365,False,0,False,False,False,benign,no_adverse_signal
dowdellinc.com,2026-07-29,14,2.9219280948873623,0.0,0,0.42857142857142855,-6.836388235294118,low,0.5882,2,0.8,True,NOERROR,2,3600,1,2,True,False,0,16509,US,True,"GoDaddy.com, LLC",3,365,False,26,False,False,False,benign,no_adverse_signal
linkhaven.online,2026-07-29,16,2.94770277922009,0.0,0,0.5,-6.847666666666667,medium,0.7059,3,0.8888888888888888,True,NOERROR,2,300,0,2,False,False,2,13335,US,False,Hosting Concepts B.V. d/b/a Registrar.eu,3,365,False,0,False,False,,benign,no_adverse_signal
elitescholartutors.com,2026-07-29,22,3.350209029099897,0.0,0,0.6363636363636364,-6.323763636363637,low,0.5,3,0.6111111111111112,True,NOERROR,4,14400,0,4,True,False,0,53831,US,False,Squarespace Domains LLC,3,365,True,12,False,False,,benign,no_adverse_signal
theiqprompt.biz,2026-07-29,15,3.0957952550009344,0.0,0,0.375,-7.898952631578947,low,0.4762,3,0.8181818181818182,True,NOERROR,2,300,1,2,True,False,2,13335,US,False,Dynadot Inc,3,,True,0,False,False,False,benign,no_adverse_signal
vijethnayak.info,2026-07-29,16,3.277613436819116,0.0,0,0.5714285714285714,-7.947926315789474,medium,0.4444,3,0.9090909090909091,True,NOERROR,2,600,0,2,False,False,0,16509,US,True,,,,,46,False,False,,benign,no_adverse_signal
skigax.com,2026-07-29,10,2.584962500721156,0.0,0,0.5,-8.079955555555555,low,0.6154,2,1.0,False,NOERROR,0,,0,2,False,False,0,,,,EU Technology (HK) Limited,3,365,False,,,True,,malicious,spamhaus_dbl
aikani.eu,2026-07-29,9,1.9182958340544893,0.0,0,2.0,-6.842044444444444,low,0.6667,1,0.6666666666666666,True,NOERROR,1,300,0,3,False,False,0,49604,EE,True,Zone Media OÜ,,,False,0,False,False,,benign,no_adverse_signal
882001.vip,2026-07-29,10,1.9182958340544893,0.6,0,0.0,-9.751266666666666,low,0.3636,0,0.6666666666666666,True,NOERROR,2,300,0,2,False,False,2,13335,US,False,"Spaceship, Inc.",3,365,True,0,False,False,,benign,no_adverse_signal
kongjie0.cc,2026-07-29,11,3.0,0.09090909090909091,0,0.75,-8.683907692307692,low,0.5455,3,1.0,True,NOERROR,1,1,0,2,False,True,0,40065,US,False,"NameSilo, LLC",3,365,True,0,False,False,,benign,no_adverse_signal
pvrsscrackers.com,2026-07-29,17,2.8150724101159437,0.0,0,0.18181818181818182,-7.243634782608695,low,0.5,7,0.6153846153846154,True,NOERROR,2,600,0,2,False,False,0,16509,US,True,"GoDaddy.com, LLC",3,365,False,34,False,False,,benign,no_adverse_signal
almondadvisoryai.com,2026-07-29,20,3.327819531114783,0.0,0,0.7777777777777778,-7.0323,low,0.5185,2,0.6875,True,NOERROR,1,1800,5,2,True,False,0,22612,US,False,NAMECHEAP INC,3,365,True,0,False,False,False,benign,no_adverse_signal
gs1digitallinks.com,2026-07-29,19,3.189898095464287,0.05263157894736842,0,0.4,-7.288403703703704,low,0.4762,3,0.6666666666666666,False,NOERROR,0,,0,2,False,False,0,,,,"Cloudflare, Inc.",3,365,True,,,False,,benign,no_adverse_signal
ukladpodlogi.pl,2026-07-29,15,3.084962500721156,0.0,0,0.7142857142857143,-7.6637571428571425,low,0.5,2,0.75,True,NOERROR,2,300,1,2,True,False,2,13335,US,False,PERSKIMEDIA Szymon Perski,6,365,False,0,False,False,False,benign,no_adverse_signal
yunhuaguan.com,2026-07-29,14,2.4464393446710155,0.0,0,1.0,-7.801188235294118,low,0.4762,2,0.6,False,NOERROR,0,,0,2,False,False,0,,,,Alibaba Cloud Computing Ltd. d/b/a HiChina (www.net.cn),3,1096,False,,,False,,benign,no_adverse_signal
mulia77.click,2026-07-29,13,2.521640636343318,0.15384615384615385,0,1.5,-8.439809090909092,medium,0.5455,1,0.8571428571428571,True,NOERROR,2,300,0,2,False,False,2,13335,US,False,"Dynadot, LLC",3,365,False,0,False,False,,benign,no_adverse_signal
kopiwithina.com,2026-07-29,15,3.027169118440619,0.0,0,0.8333333333333334,-7.236294736842105,low,0.5556,2,0.8181818181818182,True,NOERROR,1,1800,5,2,True,False,0,22612,US,False,NAMECHEAP INC,3,365,True,0,False,False,False,benign,no_adverse_signal
1121slotsignal.shop,2026-07-29,19,3.182005814760214,0.21052631578947367,0,0.42857142857142855,-7.992464,low,0.4444,2,0.7142857142857143,True,NOERROR,2,300,0,2,False,False,2,13335,US,False,,,,False,0,False,False,,benign,no_adverse_signal
trademindapp.com,2026-07-29,16,3.084962500721156,0.0,0,0.5,-6.247871428571428,low,0.5217,2,0.75,True,NOERROR,2,300,0,2,False,False,2,13335,US,False,"Cloudflare, Inc.",3,365,True,0,False,False,,benign,no_adverse_signal
livestreamnx.info,2026-07-29,17,3.418295834054489,0.0,0,0.5,-6.703871428571428,medium,0.5714,3,0.9166666666666666,True,NOERROR,2,300,0,2,False,False,2,13335,US,False,,,,,0,False,False,,benign,no_adverse_signal
ervice.online,2026-07-29,13,2.2516291673878226,0.0,0,1.0,-6.075522222222222,medium,0.6316,2,0.8333333333333334,True,NOERROR,2,300,5,2,True,False,2,13335,US,False,NAMECHEAP INC,3,365,True,0,False,False,False,benign,no_adverse_signal
wifitoto-bisa.com,2026-07-29,17,3.0269868333592873,0.0,1,1.0,-7.292004347826087,low,0.4762,1,0.6923076923076923,False,SERVFAIL,0,,0,0,False,False,0,,,,NAMECHEAP INC,3,365,True,,,False,,benign,no_adverse_signal
sheepscape.dev,2026-07-29,14,2.446439344671015,0.0,0,0.6666666666666666,-6.956605882352941,low,0.5556,3,0.6,True,NOERROR,2,13,0,4,False,False,0,,US,False,,,,False,3,False,False,,benign,no_adverse_signal
stonecanyonventures.com,2026-07-29,23,3.2608281712244542,0.0,0,0.5833333333333334,-6.405894285714286,low,0.5294,2,0.5789473684210527,True,NOERROR,1,50,0,2,False,False,0,47583,CY,False,"HOSTINGER operations, UAB",3,1096,False,35,False,False,,benign,no_adverse_signal
be-massages.com,2026-07-29,15,2.663532754804255,0.0,1,0.6666666666666666,-6.960821052631578,low,0.5455,2,0.6363636363636364,True,NOERROR,1,1800,0,0,False,False,0,58182,US,True,Wix.com Ltd.,1103,1461,False,0,False,False,,benign,no_adverse_signal
segurodinexa.com,2026-07-29,16,3.418295834054489,0.0,0,1.0,-6.884447619047618,low,0.6087,1,0.9166666666666666,True,NOERROR,9,3600,1,2,False,False,0,60592,CZ,False,MainReg Inc.,368,730,False,0,True,True,False,malicious,spamhaus_zen
xn--s3y297a.com,2026-07-29,15,3.277613436819116,0.26666666666666666,2,0.25,-11.073689473684212,low,0.4,2,0.9090909090909091,False,timeout,0,,0,0,False,False,0,,,,"Gransy, s.r.o.",4,365,False,,,False,,benign,no_adverse_signal
imm-ai-system.com,2026-07-29,17,2.873140679513133,0.0,2,0.5714285714285714,-7.715673913043478,low,0.6429,4,0.6153846153846154,True,NOERROR,2,300,0,2,False,False,2,13335,US,False,MAT BAO CORPORATION,3,365,False,0,False,False,,benign,no_adverse_signal
tavolinq.shop,2026-07-29,13,3.0,0.0,0,0.6,-7.134369230769232,low,0.6316,2,1.0,True,NOERROR,2,300,0,2,False,False,2,13335,US,False,,,,False,0,False,True,,malicious,spamhaus_dbl
limitedstock.today,2026-07-29,18,3.2516291673878226,0.0,0,0.5,-6.590390476190477,low,0.4762,3,0.8333333333333334,True,NOERROR,1,300,0,4,False,False,0,329668,ZA,False,,,,,0,False,False,,benign,no_adverse_signal
thegritandglow.com,2026-07-29,18,3.521640636343319,0.0,0,0.4,-6.82454,low,0.64,4,0.8571428571428571,False,NXDOMAIN,0,,0,0,False,False,0,,,,,,,,,,False,,benign,no_adverse_signal
cuppedcoffee.co.uk,2026-07-29,18,2.688721875540867,0.0,0,0.7142857142857143,-7.506123809523809,low,0.5,2,0.5833333333333334,True,NOERROR,2,300,1,2,True,False,0,397273,US,False,"Namecheap, Inc. [Tag = NAMECHEAP-INC]",4,365,False,24,False,False,False,benign,no_adverse_signal
oakmonthelp.art,2026-07-29,15,3.2776134368191165,0.0,0,0.5714285714285714,-7.234536842105263,low,0.5,3,0.9090909090909091,False,NOERROR,0,,6,2,True,False,0,,,,Porkbun LLC,7,365,False,,,False,False,benign,no_adverse_signal
fhcs.fr,2026-07-29,7,2.0,0.0,0,0.0,-9.3762,low,0.5,4,1.0,True,NOERROR,1,14400,2,3,True,False,1,24940,DE,True,XNS Registrar B.V.,2,364,False,0,False,False,False,benign,no_adverse_signal
launchailab.site,2026-07-29,16,2.845350936622437,0.0,0,0.8333333333333334,-6.699894736842105,medium,0.7,3,0.7272727272727273,True,NOERROR,1,600,0,2,False,False,0,45090,CN,False,"DNSPod, Inc.",3,365,False,0,False,False,,benign,no_adverse_signal
rohanabhilasha5-wagholi.com,2026-07-29,27,3.410099326733674,0.037037037037037035,1,0.75,-7.94146511627907,low,0.3529,2,0.5652173913043478,False,SERVFAIL,0,,0,0,False,False,0,,,,Webcentral Group Ltd,3,365,True,,,False,,benign,no_adverse_signal
78dbet.com.br,2026-07-29,13,2.584962500721156,0.15384615384615385,0,0.3333333333333333,-9.156711111111111,low,0.5714,2,1.0,True,NOERROR,2,300,0,2,False,False,2,13335,US,False,,4,365,False,0,False,False,,benign,no_adverse_signal
8fokf.top,2026-07-29,9,1.9219280948873623,0.1111111111111111,0,0.3333333333333333,-9.978657142857143,high,0.4615,2,0.8,False,NOERROR,0,,0,4,False,False,0,,,,NameMart Pte. Ltd.,3,365,False,,,True,,malicious,spamhaus_dbl
qmah3.top,2026-07-29,9,2.321928094887362,0.1111111111111111,0,0.3333333333333333,-9.5238,high,0.4615,2,1.0,False,NOERROR,0,,0,4,False,False,0,,,,NameMart Pte. Ltd.,3,365,False,,,True,,malicious,spamhaus_dbl
randomlyaccuratesnail.site,2026-07-29,26,3.630412660873998,0.0,0,0.6153846153846154,-6.968738461538462,medium,0.4706,3,0.6666666666666666,False,NXDOMAIN,0,,0,0,False,False,0,,,,NAMECHEAP INC,3,365,True,,,False,,benign,no_adverse_signal
weesamchildcare.co.uk,2026-07-29,21,3.3232314287976203,0.0,0,0.6666666666666666,-6.951833333333333,low,0.5185,3,0.7333333333333333,True,NOERROR,1,3600,0,3,False,False,0,8560,GB,True,Fasthosts Internet Ltd [Tag = LIVEDOMAINS],4,731,False,0,False,False,,benign,no_adverse_signal
wmqjcaos.cc,2026-07-29,11,3.0,0.0,0,0.3333333333333333,-10.291384615384617,low,0.5333,5,1.0,True,NOERROR,1,1,0,2,False,True,0,40065,US,False,"NameSilo, LLC",3,365,True,0,False,False,,benign,no_adverse_signal
gayforjesus.shop,2026-07-29,16,3.277613436819116,0.0,0,0.5714285714285714,-7.7505263157894735,low,0.5882,2,0.9090909090909091,True,NOERROR,2,1799,5,2,True,False,0,16509,US,False,,,,False,0,False,False,False,benign,no_adverse_signal
gaspinsulas.space,2026-07-29,17,2.845350936622437,0.0,0,0.5714285714285714,-6.60741052631579,low,0.56,2,0.7272727272727273,True,NOERROR,2,300,0,2,False,False,0,13335,US,False,NAMECHEAP INC,3,365,True,0,False,False,,benign,no_adverse_signal
dota2navigation.com,2026-07-29,19,3.056564762130954,0.05263157894736842,0,1.0,-7.506266666666666,low,0.5,1,0.6,True,NOERROR,2,30,0,2,True,False,2,14618,US,True,DropCatch.com 1273 LLC,3,365,False,0,False,False,,benign,no_adverse_signal
preman69.best,2026-07-29,13,3.0,0.15384615384615385,0,0.5,-7.539061538461539,low,0.5455,2,1.0,True,NOERROR,2,300,0,2,False,False,2,13335,US,False,Dynadot Inc,3,365,True,0,False,False,,benign,no_adverse_signal
megaphoneit.com,2026-07-29,15,3.2776134368191165,0.0,0,0.8333333333333334,-6.807315789473684,low,0.5,2,0.9090909090909091,True,NOERROR,1,3600,2,4,True,False,1,8560,US,True,IONOS SE,2,365,True,0,False,False,False,benign,no_adverse_signal
indiesheet.com,2026-07-29,14,2.6464393446710157,0.0,0,1.0,-6.41425294117647,low,0.625,2,0.7,True,NOERROR,2,300,0,2,False,False,2,13335,US,False,"Cloudflare, Inc.",3,365,True,0,False,False,,benign,no_adverse_signal
mmirmortazavi.com,2026-07-29,17,2.873140679513133,0.0,0,0.625,-7.278443478260869,low,0.5714,2,0.6153846153846154,False,NOERROR,0,,0,2,False,False,0,,,,"GMO Internet, Inc.",3,365,True,,,False,,benign,no_adverse_signal
ssvestates.com,2026-07-29,14,2.121928094887362,0.0,0,0.42857142857142855,-6.421917647058824,low,0.5556,3,0.5,True,NOERROR,1,300,0,2,False,False,0,13335,US,False,"Cloudflare, Inc.",3,365,True,0,False,False,,benign,no_adverse_signal
965145.com,2026-07-29,10,2.2516291673878226,0.6,0,0.0,-11.025955555555555,low,0.2667,0,0.8333333333333334,True,NOERROR,1,300,0,2,False,False,0,54801,HK,False,Realtime Register B.V.,3,365,False,0,False,True,,malicious,spamhaus_dbl
jamesgames.app,2026-07-29,14,2.5219280948873624,0.0,0,0.6666666666666666,-6.503188235294118,low,0.6316,2,0.6,True,NOERROR,2,1800,0,2,False,False,0,16509,US,False,,,,False,0,False,False,,benign,no_adverse_signal
bordilegno.com,2026-07-29,14,3.121928094887362,0.0,0,0.6666666666666666,-7.185582352941176,low,0.5,2,0.9,True,NOERROR,1,300,0,2,False,False,1,63949,IT,True,"Cloudflare, Inc.",3,365,True,0,False,False,,benign,no_adverse_signal
comfortaurahome.com,2026-07-29,19,3.189898095464287,0.0,0,0.875,-6.848351851851851,low,0.4828,2,0.6666666666666666,True,NOERROR,2,300,0,2,False,False,2,13335,US,False,"Gransy, s.r.o.",3,365,False,0,False,False,,benign,no_adverse_signal
u3scat1m.top,2026-07-29,12,3.0,0.16666666666666666,0,0.5,-9.786692307692308,high,0.5,2,1.0,True,NOERROR,3,60,0,2,False,True,0,138995,US,False,Dominet (HK) Limited,3,365,True,0,True,True,,malicious,spamhaus_zen
kurasheva.art,2026-07-29,13,2.94770277922009,0.0,0,0.8,-6.984873333333334,low,0.4706,2,0.8888888888888888,True,NOERROR,1,600,2,2,True,False,0,56655,NO,False,"GoDaddy.com, LLC",3,365,True,0,False,False,False,benign,no_adverse_signal
multimotosbiketurbo.com,2026-07-29,23,3.3263604079526936,0.0,0,0.7272727272727273,-7.063828571428572,low,0.4516,2,0.5789473684210527,True,NOERROR,4,3600,0,2,False,False,0,15169,US,True,"HOSTINGER operations, UAB",3,365,False,0,False,False,,benign,no_adverse_signal
1kbqwz.top,2026-07-29,10,2.584962500721156,0.1,0,0.0,-12.4267,high,0.4,5,1.0,False,NOERROR,0,,0,2,False,False,0,,,,"Todaynic.com, Inc.",3,365,True,,,True,,malicious,spamhaus_dbl
merilveroban.xyz,2026-07-29,16,3.2516291673878226,0.0,0,0.7142857142857143,-6.5145857142857135,high,0.5455,2,0.8333333333333334,True,NOERROR,2,300,0,2,False,False,2,13335,US,False,"NameSilo, LLC",3,365,True,0,False,False,,benign,no_adverse_signal
oplace.ch,2026-07-29,9,2.584962500721156,0.0,0,1.0,-6.387488888888889,low,0.6667,2,1.0,True,NOERROR,1,21600,1,4,True,False,1,210403,FR,False,,,,False,0,False,False,False,benign,no_adverse_signal
achou.space,2026-07-29,11,2.321928094887362,0.0,0,1.5,-6.335842857142857,low,0.6,2,1.0,True,NOERROR,1,1800,0,2,False,False,1,47583,BR,False,"HOSTINGER operations, UAB",2,365,False,0,False,False,,benign,no_adverse_signal
db77.cool,2026-07-29,9,1.5,0.2222222222222222,0,0.0,-10.77088,low,0.6667,2,0.75,True,NOERROR,3,3603,0,3,False,False,0,63949,US,True,,,,,13,False,False,,benign,no_adverse_signal
xn----htbb2aw.xn--p1ai,2026-07-29,22,2.9312089489103235,0.09090909090909091,6,0.14285714285714285,-9.935295652173913,low,0.4,4,0.6923076923076923,True,NOERROR,1,21600,0,2,False,False,0,197695,RU,False,,,,,2,False,False,,benign,no_adverse_signal
jellyfishconsulting.online,2026-07-29,26,3.6818808028034016,0.0,0,0.35714285714285715,-7.029714285714285,medium,0.4,4,0.7368421052631579,True,NOERROR,2,300,2,2,True,False,2,13335,US,False,NAMECHEAP INC,3,365,True,0,False,True,False,malicious,spamhaus_dbl
dreamhousely.store,2026-07-29,18,3.418295834054489,0.0,0,0.7142857142857143,-6.919990476190476,low,0.4762,2,0.9166666666666666,True,NOERROR,1,7200,0,4,False,False,1,13335,CA,True,,,,False,0,False,False,,benign,no_adverse_signal
womeikuajing.com,2026-07-29,16,3.418295834054489,0.0,0,1.0,-7.653990476190477,low,0.5263,2,0.9166666666666666,False,NOERROR,0,,0,2,False,False,0,,,,Alibaba Cloud Computing Ltd. d/b/a HiChina (www.net.cn),4,365,False,,,False,,benign,no_adverse_signal
leighgroenemeyer.com,2026-07-29,20,3.024397470347699,0.0,0,0.7777777777777778,-7.4837,low,0.4828,4,0.625,True,NOERROR,1,1800,5,2,True,False,0,54113,US,False,NAMECHEAP INC,3,365,True,0,False,False,False,benign,no_adverse_signal
techsoft3ds.com,2026-07-29,15,3.0957952550009344,0.06666666666666667,0,0.25,-8.17597894736842,low,0.5263,3,0.8181818181818182,False,NOERROR,0,,2,4,True,False,0,,,,PDR Ltd. d/b/a PublicDomainRegistry.com,3,365,False,,,True,False,malicious,spamhaus_dbl
2csv.com,2026-07-29,8,2.0,0.125,0,0.0,-10.23024,low,0.5714,3,1.0,True,NOERROR,2,10800,0,2,True,False,2,14618,US,True,DropCatch.com 1124 LLC,3,365,False,3,False,False,,benign,no_adverse_signal
unvhu.top,2026-07-29,9,1.9219280948873623,0.0,0,0.6666666666666666,-9.3784,high,0.5455,3,0.8,False,NOERROR,0,,0,4,False,False,0,,,,NameMart Pte. Ltd.,3,365,False,,,True,,malicious,spamhaus_dbl
carolvalearquitetura.com,2026-07-29,24,3.2841837197791883,0.0,0,1.0,-6.956105405405405,low,0.4444,2,0.55,False,NOERROR,0,,2,2,True,False,0,,,,"GoDaddy.com, LLC",3,365,False,,,False,False,benign,no_adverse_signal
knownfor.de,2026-07-29,11,2.5,0.0,0,0.3333333333333333,-7.457046153846154,low,0.5,3,0.75,True,NOERROR,1,21600,0,2,True,False,0,14061,DE,False,,,,False,0,False,False,,benign,no_adverse_signal
919107c.cc,2026-07-29,10,2.2359263506290326,0.6,0,0.0,-10.67999090909091,low,0.2,1,0.7142857142857143,False,NOERROR,0,,0,2,False,False,0,,,,"NameSilo, LLC",4,365,True,,,False,,benign,no_adverse_signal
super-natural-izle.com,2026-07-29,22,3.503258334775645,0.0,2,0.7777777777777778,-7.516945454545454,low,0.5185,2,0.6666666666666666,True,NOERROR,2,300,0,2,False,False,2,13335,US,False,NAMECHEAP INC,3,365,True,0,False,False,,benign,no_adverse_signal
abstrait.shop,2026-07-29,13,2.5,0.0,0,0.6,-6.511353846153846,low,0.625,4,0.75,True,NOERROR,1,50,0,2,False,False,0,47583,CY,False,,,,False,35,False,False,,benign,no_adverse_signal
sk41s.top,2026-07-29,9,1.9219280948873623,0.2222222222222222,0,0.0,-11.937542857142859,high,0.4444,2,0.8,True,NOERROR,3,15,0,0,False,True,0,133199,HK,False,GoDaddy.com,3,365,True,3,False,False,,benign,no_adverse_signal
a1nashvilletransmissionrepair.com,2026-07-29,33,3.5645404777369882,0.030303030303030304,0,0.6470588235294118,-7.2530399999999995,low,0.3721,3,0.4827586206896552,True,NOERROR,2,3600,0,2,False,False,0,2635,US,False,"Cloudflare, Inc.",3,365,True,0,False,False,,benign,no_adverse_signal
jhousainbasaichengbiao.com.cn,2026-07-29,29,3.4251185503571393,0.0,0,1.0,-7.162431707317073,low,0.4138,3,0.5454545454545454,True,NOERROR,1,300,0,2,False,False,0,132839,SC,False,北京新网数码信息技术有限公司,10,365,False,0,True,False,,malicious,spamhaus_zen
soundiffy.net,2026-07-29,13,2.9477027792200903,0.0,0,0.5,-7.280373333333333,low,0.625,3,0.8888888888888888,True,NOERROR,2,51,2,4,True,False,0,,US,False,Porkbun LLC,3,365,False,0,False,False,False,benign,no_adverse_signal
kgesulga.com,2026-07-29,12,2.75,0.0,0,0.6,-7.884484615384616,low,0.5882,2,0.875,True,NOERROR,3,3600,0,2,False,False,0,58182,US,True,Wix.com Ltd.,3,365,True,22,False,False,,benign,no_adverse_signal
ausbez.com,2026-07-29,10,2.584962500721156,0.0,0,1.0,-7.856277777777779,low,0.5455,2,1.0,True,NOERROR,1,14400,1,2,True,False,0,46606,US,True,Atak Domain,3,365,False,0,False,False,False,benign,no_adverse_signal
sanca999-slot.com,2026-07-29,17,3.0269868333592873,0.17647058823529413,1,0.5,-8.511178260869565,low,0.48,2,0.6923076923076923,True,NOERROR,1,14400,3,2,True,False,0,22612,US,True,"Spaceship, Inc.",3,365,False,0,False,False,False,benign,no_adverse_signal
asluckyarrow.fun,2026-07-29,16,3.2516291673878226,0.0,0,0.5,-7.577290476190476,low,0.48,3,0.8333333333333334,True,NOERROR,2,300,0,2,False,False,2,13335,US,False,Alibaba Cloud Computing Ltd. d/b/a HiChina (www.net.cn),3,365,False,0,False,False,,benign,no_adverse_signal
taylorgodbold.com,2026-07-29,17,3.0269868333592873,0.0,0,0.4444444444444444,-7.486704347826087,low,0.5,2,0.6923076923076923,True,NOERROR,2,3600,0,2,False,False,0,16509,US,True,"GoDaddy.com, LLC",3,365,False,24,False,False,,benign,no_adverse_signal
brightspiritsdfw.com,2026-07-29,20,3.327819531114783,0.0,0,0.23076923076923078,-7.455620689655172,low,0.4828,5,0.6875,True,NOERROR,4,14400,5,4,False,False,0,53831,US,False,Squarespace Domains LLC,2,731,True,12,False,False,False,benign,no_adverse_signal
nujugc.org,2026-07-29,10,2.2516291673878226,0.0,0,0.5,-9.458266666666667,low,0.4444,2,0.8333333333333334,True,NOERROR,1,21600,1,2,True,False,0,7018,US,True,Gandi SAS,369,1096,False,0,False,False,False,benign,no_adverse_signal
gardenshed.online,2026-07-29,17,2.921928094887362,0.0,0,0.42857142857142855,-6.531164705882353,medium,0.5556,3,0.8,True,NOERROR,2,300,4,2,True,False,2,13335,US,False,"OVH, SAS",3,365,True,0,False,False,False,benign,no_adverse_signal
uniuversaluniform.co.uk,2026-07-29,23,3.454822399946607,0.0,0,0.8888888888888888,-7.122974193548386,low,0.4444,2,0.7058823529411765,True,NOERROR,2,600,2,2,True,False,0,16509,US,True,123-Reg Limited t/a 123-reg [Tag = 123-REG],4,365,False,14,False,False,False,benign,no_adverse_signal
nanshuchaosuan.com,2026-07-29,18,2.699513850319966,0.0,0,0.75,-7.238232,low,0.4545,3,0.5,False,NOERROR,0,,0,2,False,False,0,,,,Alibaba Cloud Computing Ltd. d/b/a HiChina (www.net.cn),3,365,False,,,False,,benign,no_adverse_signal
trfyb.loan,2026-07-29,10,2.321928094887362,0.0,0,0.0,-8.926357142857142,low,0.5455,5,1.0,False,NOERROR,0,,0,2,False,False,0,,,,"Cloudflare, Inc.",3,365,True,,,False,,benign,no_adverse_signal
e-invite-maker.com,2026-07-29,18,3.182005814760214,0.0,2,1.0,-7.072756000000001,low,0.5185,2,0.7142857142857143,True,NOERROR,1,300,0,2,False,False,0,54113,US,False,"Cloudflare, Inc.",3,365,True,0,False,False,,benign,no_adverse_signal
quejsan.com,2026-07-29,11,2.807354922057604,0.0,0,0.75,-8.324218181818182,low,0.5455,2,1.0,True,NOERROR,1,300,0,2,False,False,0,14061,DE,False,"Cloudflare, Inc.",3,365,True,0,False,False,,benign,no_adverse_signal
insulationuppgradeguide.club,2026-07-29,28,3.588354347173234,0.0,0,0.9166666666666666,-6.972281395348838,low,0.4375,4,0.5652173913043478,True,NOERROR,1,300,0,2,False,False,0,206834,DE,False,Dynadot Inc,3,365,True,24,False,False,,benign,no_adverse_signal
vtpw6.com,2026-07-29,9,2.321928094887362,0.1111111111111111,0,0.0,-11.06102857142857,low,0.5,4,1.0,True,NOERROR,2,300,0,2,False,False,2,13335,US,False,Dynadot Inc,3,365,False,0,False,False,,benign,no_adverse_signal
pjh04.com,2026-07-29,9,2.321928094887362,0.2222222222222222,0,0.0,-11.7505,low,0.5,3,1.0,True,NOERROR,1,300,0,2,False,False,0,8796,SC,False,Dynadot Inc,3,365,False,0,False,False,,benign,no_adverse_signal
maureenmerryman.com,2026-07-29,19,2.689246428509158,0.0,0,0.6666666666666666,-6.9634629629629625,low,0.5,4,0.4666666666666667,True,NOERROR,2,3600,0,2,False,False,0,16509,US,True,"GoDaddy.com, LLC",3,1096,False,18,False,False,,benign,no_adverse_signal
mersingunlukbakis.com,2026-07-29,21,3.4992275471326932,0.0,0,0.5454545454545454,-7.359806451612903,low,0.5217,2,0.7058823529411765,True,NOERROR,2,300,0,2,False,False,2,13335,US,False,Dynadot Inc,3,365,False,0,False,False,,benign,no_adverse_signal
merrellshoetop.top,2026-07-29,18,3.039148671903071,0.0,0,0.5555555555555556,-6.805732000000001,high,0.48,4,0.6428571428571429,True,NOERROR,1,599,0,2,False,False,0,13335,US,False,West263 International Limited,3,365,True,0,False,False,,benign,no_adverse_signal
linryharris.com,2026-07-29,15,2.845350936622437,0.0,0,0.375,-7.280205263157895,low,0.4762,4,0.7272727272727273,True,NOERROR,2,300,0,2,False,False,2,13335,US,False,"GoDaddy.com, LLC",2,365,False,0,False,False,,benign,no_adverse_signal
clynado.com,2026-07-29,11,2.807354922057604,0.0,0,0.4,-7.474345454545454,low,0.6154,4,1.0,True,NOERROR,2,300,0,2,True,False,2,13335,US,False,Metaregistrar BV,3,365,False,0,False,False,,benign,no_adverse_signal
bettipitaya.com,2026-07-29,15,2.6635327548042547,0.0,0,0.8333333333333334,-6.896315789473684,low,0.5263,2,0.6363636363636364,False,NOERROR,0,,0,4,False,False,0,,,,"Amazon Registrar, Inc.",3,365,True,,,False,,benign,no_adverse_signal
cpcch.ca,2026-07-29,8,1.3709505944546687,0.0,0,0.0,-8.515699999999999,low,0.6154,5,0.6,True,NOERROR,2,3600,1,2,True,False,0,16509,US,True,"Go Daddy Domains Canada, Inc",5,365,True,32,False,False,,benign,no_adverse_signal
atuladohoy.com,2026-07-29,14,2.9219280948873623,0.0,0,1.0,-7.385258823529412,low,0.6316,1,0.8,True,NOERROR,1,86400,3,2,True,False,0,396982,US,True,dattatec.com SRL,3,365,False,0,False,False,False,benign,no_adverse_signal
sorvana.store,2026-07-29,13,2.521640636343318,0.0,0,0.75,-6.895681818181817,low,0.5455,2,0.8571428571428571,True,NOERROR,1,21600,3,2,True,False,0,15169,US,True,,,,False,0,False,False,False,benign,no_adverse_signal
iqskin-care.online,2026-07-29,18,3.2776134368191165,0.0,1,0.6666666666666666,-7.693347368421052,medium,0.5333,3,0.9090909090909091,True,NOERROR,1,3600,2,2,True,False,1,197695,RU,True,Registrar of Domain Names REG.RU LLC,183,365,False,0,False,False,False,benign,no_adverse_signal
yazd-tak.com,2026-07-29,12,2.75,0.0,1,0.4,-8.638261538461538,low,0.4706,2,0.875,True,NOERROR,2,60,0,2,False,False,2,47583,DE,False,"HOSTINGER operations, UAB",3,365,False,9,False,False,,benign,no_adverse_signal
weactadvisory.com,2026-07-29,17,3.5465935642949384,0.0,0,0.625,-6.922260869565217,low,0.5,2,0.9230769230769231,True,NOERROR,1,600,2,3,True,False,1,51013,SK,True,"Gransy, s.r.o.",3,365,False,0,False,False,False,benign,no_adverse_signal
shgj11.top,2026-07-29,10,2.2516291673878226,0.2,0,0.0,-10.929133333333333,high,0.4615,4,0.8333333333333334,True,NOERROR,1,300,0,2,False,False,0,206834,DE,False,Dynadot LLC,3,365,True,24,False,False,,benign,no_adverse_signal
sipalingidaman7.games,2026-07-29,21,3.1395722619867223,0.047619047619047616,0,0.75,-6.81537037037037,low,0.4615,2,0.6666666666666666,True,NOERROR,2,300,0,2,False,False,2,13335,US,False,,,,False,0,False,False,,benign,no_adverse_signal
918935c.cc,2026-07-29,10,2.5216406363433186,0.6,0,0.0,-11.185281818181819,low,0.4,1,0.8571428571428571,False,NOERROR,0,,0,2,False,False,0,,,,"NameSilo, LLC",4,365,True,,,False,,benign,no_adverse_signal
fvgk5.top,2026-07-29,9,2.321928094887362,0.1111111111111111,0,0.0,-12.028742857142857,high,0.3636,4,1.0,False,NOERROR,0,,0,4,False,False,0,,,,NameMart Pte. Ltd.,3,365,False,,,True,,malicious,spamhaus_dbl
shazeus.com,2026-07-29,11,2.5216406363433186,0.0,0,0.75,-7.577445454545455,low,0.5455,2,0.8571428571428571,True,NOERROR,1,50,2,2,True,False,0,47583,CY,False,"HOSTINGER operations, UAB",3,365,False,35,False,False,False,benign,no_adverse_signal
newsletternuts.com,2026-07-29,18,2.8423709931771093,0.0,0,0.4,-6.8757280000000005,low,0.4762,3,0.5714285714285714,True,NOERROR,2,3600,2,2,True,False,0,16509,US,True,"GoDaddy.com, LLC",3,365,False,26,False,False,False,benign,no_adverse_signal
heritagedirectllc.com,2026-07-29,21,3.219528282299548,0.0,0,0.5454545454545454,-6.74668064516129,low,0.5333,5,0.5882352941176471,True,NOERROR,2,300,0,2,False,False,0,16509,US,True,"Spaceship, Inc.",3,365,False,9,False,False,,benign,no_adverse_signal
idttpb1929.com,2026-07-29,14,2.9219280948873623,0.2857142857142857,0,0.2,-10.15754705882353,low,0.4286,5,0.8,False,NOERROR,0,,0,2,False,False,0,,,,"Gransy, s.r.o.",3,365,False,,,False,,benign,no_adverse_signal
landmarkcountertopsusa.com,2026-07-29,26,3.6978458230844127,0.0,0,0.5714285714285714,-6.708570731707317,low,0.5455,3,0.6363636363636364,True,NOERROR,4,14400,5,4,False,False,0,53831,US,False,Squarespace Domains LLC,3,365,True,40,False,False,False,benign,no_adverse_signal
nnkq.top,2026-07-29,8,1.5,0.0,0,0.0,-10.034699999999999,high,0.5714,4,0.75,False,NOERROR,0,,0,2,False,False,0,,,,Dominet (HK) Limited,3,365,True,,,False,,benign,no_adverse_signal
wilmermunozotero.com,2026-07-29,20,3.327819531114783,0.0,0,0.7777777777777778,-7.145272413793103,low,0.4444,2,0.6875,True,NOERROR,2,60,0,2,False,False,2,47583,DE,False,"HOSTINGER operations, UAB",3,365,False,2,False,False,,benign,no_adverse_signal
jzhangai.com,2026-07-29,12,2.75,0.0,0,0.6,-7.548476923076923,low,0.5,3,0.875,False,NOERROR,0,,0,2,False,False,0,,,,Alibaba Cloud Computing Ltd. d/b/a HiChina (www.net.cn),3,1096,False,,,False,,benign,no_adverse_signal
squabble.shop,2026-07-29,13,2.75,0.0,0,0.6,-7.77896923076923,low,0.4615,3,0.875,True,NOERROR,2,3600,0,2,False,False,0,16509,US,True,,,,False,26,False,False,,benign,no_adverse_signal
tgmbz.shop,2026-07-29,10,2.321928094887362,0.0,0,0.0,-10.195557142857142,low,0.5455,5,1.0,False,NOERROR,0,,0,2,False,False,0,,,,,,,False,,,False,,benign,no_adverse_signal
robotfinancement.com,2026-07-29,20,3.327819531114783,0.0,0,0.6,-6.618241379310345,low,0.4828,2,0.6875,False,NOERROR,0,,0,2,False,False,0,,,,"Cloudflare, Inc.",3,365,True,,,False,,benign,no_adverse_signal
badisolver.com,2026-07-29,14,3.321928094887362,0.0,0,0.6666666666666666,-6.750129411764706,low,0.7059,2,1.0,True,NOERROR,2,60,2,2,True,False,2,47583,DE,False,"HOSTINGER operations, UAB",3,365,False,1,False,False,False,benign,no_adverse_signal
consultingdfinvest.com,2026-07-29,22,3.5724312513221195,0.0,0,0.38461538461538464,-6.7302181818181825,low,0.4615,4,0.7222222222222222,True,NOERROR,1,3600,1,4,True,False,0,14618,US,True,PDR Ltd. d/b/a PublicDomainRegistry.com,3,365,True,0,False,False,False,benign,no_adverse_signal
smileupagency.pl,2026-07-29,16,3.5465935642949384,0.0,0,0.625,-7.046339130434783,low,0.4545,3,0.9230769230769231,True,NOERROR,1,3600,1,2,True,False,0,203417,PL,True,LH.pl Sp. z o.o.,4,365,False,0,False,False,False,benign,no_adverse_signal
gobuddyconnect.com,2026-07-29,18,3.2359263506290326,0.0,0,0.4,-7.234684,low,0.6154,4,0.7142857142857143,True,NOERROR,1,300,1,3,True,False,1,12996,NO,True,Domeneshop AS dba domainnameshop.com,3,365,True,0,False,False,,benign,no_adverse_signal
up-up.digital,2026-07-29,13,1.5219280948873621,0.0,1,1.0,-9.101314285714285,low,0.5455,1,0.6,True,NOERROR,1,14400,1,2,True,False,0,19122,CA,True,,,,,0,False,False,False,benign,no_adverse_signal
vinexgroupllc.com,2026-07-29,17,3.546593564294939,0.0,0,0.4444444444444444,-7.386121739130434,low,0.4444,4,0.9230769230769231,True,NOERROR,4,14400,1,4,True,False,0,53831,US,False,Squarespace Domains II LLC,35,365,False,29,False,False,False,benign,no_adverse_signal
petcaresolution.online,2026-07-29,22,3.5068905956085183,0.0,0,0.875,-6.363181481481482,medium,0.5455,2,0.8,True,NOERROR,2,60,0,2,False,False,2,47583,DE,False,"HOSTINGER operations, UAB",3,365,False,1,False,False,,benign,no_adverse_signal
jsxzywuo464.top,2026-07-29,15,3.277613436819116,0.2,0,0.3333333333333333,-11.25987894736842,high,0.3158,6,0.9090909090909091,False,NOERROR,0,,0,2,False,False,0,,,,GoDaddy.com,3,365,True,,,False,,benign,no_adverse_signal
ishuangsu.com,2026-07-29,13,2.725480556997868,0.0,0,0.8,-7.027313333333334,low,0.5714,3,0.7777777777777778,True,NOERROR,1,1800,5,2,True,False,0,22612,US,False,NAMECHEAP INC,3,365,True,0,False,False,False,benign,no_adverse_signal
hushfinance.app,2026-07-29,15,3.0957952550009344,0.0,0,0.5714285714285714,-7.012431578947369,low,0.5556,3,0.8181818181818182,False,NOERROR,0,,0,2,False,False,0,,,,,,,False,,,False,,benign,no_adverse_signal
shurubkin.site,2026-07-29,14,2.94770277922009,0.0,0,0.5,-7.837566666666667,medium,0.5714,2,0.8888888888888888,True,NOERROR,4,10800,0,4,False,False,0,54113,US,True,"NameSilo, LLC",3,365,True,44,False,False,,benign,no_adverse_signal
xinzhia.com,2026-07-29,11,2.5216406363433186,0.0,0,0.75,-8.000481818181818,low,0.5455,3,0.8571428571428571,True,NOERROR,7,1,0,2,False,False,0,134175,HK,False,Gname 154 Inc,3,365,False,0,False,False,,benign,no_adverse_signal
ceaco.pl,2026-07-29,8,1.9219280948873623,0.0,0,1.5,-6.632814285714285,low,0.6,1,0.8,True,NOERROR,1,3600,0,2,False,False,0,24940,DE,True,DomainProfi GmbH,3,365,False,0,False,False,,benign,no_adverse_signal
yonderpebble.info,2026-07-29,17,3.0220552088742005,0.0,0,0.5,-7.128166666666666,medium,0.4706,3,0.75,True,NOERROR,2,300,0,2,False,False,2,13335,US,False,,,,,0,False,False,,benign,no_adverse_signal
getzstar.com,2026-07-29,12,2.75,0.0,0,0.3333333333333333,-7.301392307692307,low,0.5333,4,0.875,True,NOERROR,4,14400,1,4,True,False,0,53831,US,False,Squarespace Domains II LLC,3,365,True,29,False,False,False,benign,no_adverse_signal
visitagibraltar.com,2026-07-29,19,3.0062389286533895,0.0,0,0.6666666666666666,-6.604003703703704,low,0.5833,2,0.6,True,NOERROR,2,600,0,2,False,False,0,16509,US,True,"GoDaddy.com, LLC",3,365,False,46,False,False,,benign,no_adverse_signal
laudenya.bio,2026-07-29,12,2.75,0.0,0,1.0,-7.153192307692308,low,0.7143,2,0.875,True,NOERROR,2,3600,0,2,False,False,0,16509,US,True,,,,,26,False,False,,benign,no_adverse_signal
mlyd.fun,2026-07-29,8,2.0,0.0,0,0.0,-8.81222,low,0.5,4,1.0,False,NOERROR,0,,0,2,False,False,0,,,,"Chengdu West Dimension Digital Technology Co., Ltd.",3,365,False,,,False,,benign,no_adverse_signal
pawtyanimals.co,2026-07-29,15,3.188721875540867,0.0,0,0.5,-7.455142857142857,low,0.5556,3,0.8333333333333334,True,NOERROR,2,1800,0,2,False,False,0,16509,US,False,Hosting Concepts B.V. d/b/a Registrar.eu,4,365,False,0,False,False,,benign,no_adverse_signal
27mm.org,2026-07-29,8,1.5,0.25,0,0.0,-11.27102,low,0.5,2,0.75,True,NOERROR,2,300,0,2,False,False,2,13335,US,False,Dynadot Inc,3,365,False,0,False,False,,benign,no_adverse_signal
aspotlessclean.living,2026-07-29,21,3.039148671903071,0.0,0,0.5555555555555556,-6.645068,low,0.5517,4,0.6428571428571429,True,NOERROR,1,900,1,2,False,False,0,15348,CA,False,"TUCOWS.COM, CO.",3,365,True,0,False,False,False,benign,no_adverse_signal
ufed.store,2026-07-29,10,2.0,0.0,0,1.0,-7.98604,low,0.5455,1,1.0,True,NOERROR,2,300,0,2,False,False,2,13335,US,False,,,,False,0,False,False,,benign,no_adverse_signal
sakiyummy.asia,2026-07-29,14,2.725480556997868,0.0,0,0.5,-8.224213333333333,low,0.5333,3,0.7777777777777778,True,NOERROR,2,60,1,2,False,True,2,47583,DE,False,Alibaba Cloud Computing Ltd. d/b/a HiChina (www.net.cn),3,365,True,0,False,False,False,benign,no_adverse_signal
kohkae789-new.com,2026-07-29,17,3.3927474104487847,0.17647058823529413,1,0.8,-9.559817391304348,low,0.4,2,0.8461538461538461,True,NOERROR,2,300,0,2,False,False,2,13335,US,False,"Gransy, s.r.o.",3,365,False,0,False,False,,benign,no_adverse_signal
rencaipin.com,2026-07-29,13,2.725480556997868,0.0,0,0.8,-6.69354,low,0.6154,2,0.7777777777777778,True,NOERROR,2,300,0,2,False,False,2,13335,US,False,NAMECHEAP INC,3,365,True,0,False,False,,benign,no_adverse_signal
mlsglobal.systems,2026-07-29,17,2.6416041678685933,0.0,0,0.2857142857142857,-7.53816,low,0.7368,5,0.7777777777777778,False,NOERROR,0,,0,2,False,False,0,,,,,,,,,,False,,benign,no_adverse_signal
booksilo.org,2026-07-29,12,2.4056390622295662,0.0,0,1.0,-6.996353846153847,low,0.6667,2,0.75,True,NOERROR,2,300,1,2,True,False,2,13335,US,False,"NameSilo, LLC",3,365,False,0,False,False,False,benign,no_adverse_signal
wildflowersforwildlife.com,2026-07-29,26,3.0837651410695517,0.0,0,0.4666666666666667,-7.411041463414634,low,0.4375,4,0.4090909090909091,True,NOERROR,1,14400,0,3,False,False,0,45638,AU,True,Synergy Wholesale Accreditations Pty Ltd,2,365,True,0,False,False,,benign,no_adverse_signal
deker-qmh.com.cn,2026-07-29,16,2.94770277922009,0.0,1,0.3333333333333333,-9.425553333333333,low,0.5714,3,0.8888888888888888,True,NOERROR,1,599,0,2,False,False,0,134175,HK,False,北京新网数码信息技术有限公司,10,365,False,0,False,False,,benign,no_adverse_signal
invertclubsocal.org,2026-07-29,19,3.6402239289418516,0.0,0,0.5,-6.8711925925925925,low,0.48,4,0.8666666666666667,False,NOERROR,0,,0,2,False,False,0,,,,"Cloudflare, Inc.",3,365,False,,,False,,benign,no_adverse_signal
4f-business.com,2026-07-29,15,3.027169118440619,0.06666666666666667,1,0.5,-7.595236842105264,low,0.6154,2,0.8181818181818182,False,NOERROR,0,,2,2,True,False,0,,,,"Cloudflare, Inc.",3,365,True,,,False,False,benign,no_adverse_signal
perpeteolo.live,2026-07-29,15,2.4464393446710155,0.0,0,1.0,-6.776982352941177,low,0.5556,2,0.6,True,NOERROR,2,300,0,2,False,False,2,13335,US,False,,,,False,0,False,False,,benign,no_adverse_signal
invitationrmm.click,2026-07-29,19,2.8731406795131336,0.0,0,0.625,-6.967078260869565,medium,0.6087,4,0.6153846153846154,True,NOERROR,2,300,0,2,False,False,2,13335,US,False,"NameSilo, LLC",3,365,True,0,False,False,,benign,no_adverse_signal
lunainovasi.my.id,2026-07-29,17,2.913977073182752,0.0,0,1.2,-6.678684210526316,low,0.5263,1,0.7272727272727273,True,NOERROR,2,300,0,2,False,False,2,13335,US,False,,,,False,0,False,False,,benign,no_adverse_signal
88baje.app,2026-07-29,10,2.2516291673878226,0.2,0,1.0,-9.022477777777778,low,0.5455,1,0.8333333333333334,True,NOERROR,2,300,0,2,False,False,2,13335,US,False,,,,False,0,False,False,,benign,no_adverse_signal
observase.com,2026-07-29,13,2.725480556997868,0.0,0,0.8,-6.7286,low,0.5714,2,0.7777777777777778,True,NOERROR,2,600,0,2,False,False,0,16509,US,True,"GoDaddy.com, LLC",3,365,False,46,False,False,,benign,no_adverse_signal
ohproyectos.com,2026-07-29,15,3.027169118440619,0.0,0,0.5714285714285714,-7.6067526315789475,low,0.5714,3,0.8181818181818182,True,NOERROR,1,50,0,2,False,False,0,47583,CY,False,"HOSTINGER operations, UAB",3,365,False,35,False,False,,benign,no_adverse_signal
soflonexuslocal.com,2026-07-29,19,3.1395722619867223,0.0,0,0.6666666666666666,-6.988359259259259,low,0.4545,2,0.6666666666666666,True,NOERROR,1,1799,5,2,True,False,0,47583,US,True,NAMECHEAP INC,3,365,True,0,False,False,False,benign,no_adverse_signal
4mmoo.pro,2026-07-29,9,1.5219280948873621,0.1111111111111111,0,1.0,-8.811071428571429,low,0.5,2,0.6,True,NOERROR,2,300,0,2,False,False,2,13335,US,False,,,,,0,False,False,,benign,no_adverse_signal
qiangyi.co,2026-07-29,10,2.5216406363433186,0.0,0,0.75,-7.622,low,0.5455,3,0.8571428571428571,True,NOERROR,1,300,1,2,False,False,0,31898,BR,True,"Spaceship, Inc.",5,365,False,0,False,False,False,benign,no_adverse_signal
credits-entre-particulier.org,2026-07-29,29,3.463465189601646,0.0,2,0.6428571428571429,-6.769268085106383,low,0.4762,3,0.52,True,NOERROR,1,10800,2,5,False,False,0,24935,FR,False,NETIM SAS,5484,5844,False,0,False,False,False,benign,no_adverse_signal
ldn11rp.com,2026-07-29,11,2.521640636343318,0.18181818181818182,0,0.0,-9.982027272727272,low,0.5,3,0.8571428571428571,True,NOERROR,2,300,0,2,False,False,2,13335,US,False,Longming Pte. Ltd.,3,365,False,0,False,False,,benign,no_adverse_signal
xn------fddiqm.xn--p1ai,2026-07-29,23,2.5566567074628237,0.043478260869565216,8,0.14285714285714285,-9.658932,low,0.3333,3,0.5714285714285714,True,NOERROR,1,3600,2,2,True,False,1,197695,RU,True,,,,,0,False,False,False,benign,no_adverse_signal
truebrandrepp.com,2026-07-29,17,3.0269868333592873,0.0,0,0.4444444444444444,-6.858995652173913,low,0.5217,3,0.6923076923076923,True,NOERROR,2,300,1,2,True,False,2,13335,US,False,PDR Ltd. d/b/a PublicDomainRegistry.com,2,365,True,0,False,False,False,benign,no_adverse_signal
imluxia.shop,2026-07-29,12,2.5216406363433186,0.0,0,1.3333333333333333,-8.448654545454545,low,0.5455,2,0.8571428571428571,True,NOERROR,1,1799,5,2,True,False,0,13335,CA,True,,,,False,0,False,False,False,benign,no_adverse_signal
bien-dental.com,2026-07-29,15,3.095795255000934,0.0,1,0.6666666666666666,-6.678047368421053,low,0.5556,2,0.8181818181818182,True,NOERROR,1,600,1,4,True,False,0,16276,GB,True,Porkbun LLC,3,365,False,0,False,False,False,benign,no_adverse_signal
xquisitehairline.com,2026-07-29,20,3.375,0.0,0,1.0,-7.014120689655173,low,0.4615,2,0.75,False,NXDOMAIN,0,,0,0,False,False,0,,,,"GMO Internet, Inc.",3,365,True,,,False,,benign,no_adverse_signal
jiankang555.com,2026-07-29,15,2.6635327548042547,0.2,0,0.6,-7.9257210526315784,low,0.4706,2,0.6363636363636364,True,NOERROR,2,300,0,2,False,False,2,13335,US,False,"GMO Internet, Inc.",3,365,True,0,False,False,,benign,no_adverse_signal
watanabeco.com,2026-07-29,14,2.8464393446710154,0.0,0,1.0,-6.4977294117647055,low,0.5,1,0.8,True,NOERROR,1,3600,2,4,True,False,1,8560,US,True,IONOS SE,146,1096,True,0,False,False,False,benign,no_adverse_signal
elecstor.com,2026-07-29,12,2.75,0.0,0,0.6,-6.429169230769231,low,0.625,3,0.875,True,NOERROR,1,21600,0,4,False,False,1,13335,CA,True,"TUCOWS.COM, CO.",3,365,True,0,False,False,,benign,no_adverse_signal
wopelir.site,2026-07-29,12,2.807354922057604,0.0,0,0.75,-7.20689090909091,medium,0.6667,1,1.0,False,NOERROR,0,,1,2,False,False,0,,,,NAMECHEAP INC,3,365,False,,,False,False,benign,no_adverse_signal
5686a36.com,2026-07-29,11,2.1280852788913944,0.5454545454545454,0,1.0,-11.306436363636363,low,0.4,0,0.7142857142857143,True,NOERROR,2,300,0,2,False,False,2,13335,US,False,Dominet (HK) Limited,3,365,False,0,False,False,,benign,no_adverse_signal
bakiye-defter.com.tr,2026-07-29,20,3.334679141051595,0.0,1,0.7142857142857143,-7.773873913043479,low,0.56,2,0.8461538461538461,True,NOERROR,2,300,0,2,False,False,2,13335,US,False,,7,364,True,0,False,False,,benign,no_adverse_signal
dz69m.top,2026-07-29,9,2.321928094887362,0.2222222222222222,0,0.0,-12.538771428571428,high,0.4444,2,1.0,True,NOERROR,3,15,0,0,False,True,0,54801,SC,False,GoDaddy.com,3,365,True,2,False,False,,benign,no_adverse_signal
instantcasino-enligne.site,2026-07-29,26,3.232101804845413,0.0,1,0.6666666666666666,-6.6532282051282055,medium,0.5625,3,0.5238095238095238,True,NOERROR,2,300,0,2,False,False,2,13335,US,False,URL SOLUTIONS INC.,3,365,True,0,False,True,,malicious,spamhaus_dbl
alvo27.shop,2026-07-29,11,2.584962500721156,0.18181818181818182,0,1.0,-10.020844444444444,low,0.4444,2,1.0,True,NOERROR,1,600,0,2,False,False,0,16509,MY,True,,,,False,0,False,False,,benign,no_adverse_signal
mailrecycle.com,2026-07-29,15,2.913977073182752,0.0,0,0.5714285714285714,-7.283957894736841,low,0.5333,4,0.7272727272727273,True,NOERROR,3,3603,0,3,False,False,0,63949,US,True,"NameSilo, LLC",3,365,True,8,False,False,,benign,no_adverse_signal
bellbellcreations.com,2026-07-29,21,3.2195282822995477,0.0,0,0.5454545454545454,-6.611870967741935,low,0.5625,4,0.6470588235294118,True,NOERROR,1,21600,0,2,False,False,0,16509,US,True,"TUCOWS.COM, CO.",372,730,True,0,False,False,,benign,no_adverse_signal
2kwb.top,2026-07-29,8,2.0,0.125,0,0.0,-11.437000000000001,high,0.5,3,1.0,True,NOERROR,1,600,0,2,False,True,0,8075,JP,False,"Spaceship, Inc.",3,365,True,0,False,True,,malicious,spamhaus_dbl
fondamargarita.online,2026-07-29,21,3.09306920777189,0.0,0,0.75,-6.403456,medium,0.4762,2,0.7142857142857143,True,NOERROR,2,60,2,2,True,False,2,47583,DE,False,"HOSTINGER operations, UAB",3,365,False,0,False,False,False,benign,no_adverse_signal
loveyoga.shop,2026-07-29,13,2.75,0.0,0,1.0,-7.316569230769231,low,0.5,1,0.875,True,NOERROR,2,3600,1,2,True,False,0,16509,US,True,,,,False,54,False,False,,malicious,abuseipdb
judong.top,2026-07-29,10,2.584962500721156,0.0,0,0.5,-7.134888888888889,high,0.5714,2,1.0,False,NOERROR,0,,0,2,False,False,0,,,,Alibaba Cloud Computing Ltd. d/b/a HiChina (www.net.cn),3,365,True,,,False,,benign,no_adverse_signal
cartergaffney.com,2026-07-29,17,3.085055102756477,0.0,0,0.4444444444444444,-7.12928695652174,low,0.5,3,0.6923076923076923,True,NOERROR,2,600,2,2,False,False,0,16509,US,True,"GoDaddy.com, LLC",6630,6939,False,46,False,False,False,benign,no_adverse_signal
jugaplay.pro,2026-07-29,12,2.75,0.0,0,0.6,-7.231546153846153,low,0.5,2,0.875,True,NOERROR,2,300,0,2,False,False,2,13335,US,False,,,,,0,False,False,,benign,no_adverse_signal
musicbytal.com,2026-07-29,14,3.321928094887362,0.0,0,0.42857142857142855,-7.544129411764707,low,0.5385,4,1.0,True,NOERROR,1,3600,2,4,True,False,1,8560,DE,True,IONOS SE,3,365,True,0,False,False,False,benign,no_adverse_signal
telepierogi.pl,2026-07-29,14,2.8453509366224368,0.0,0,1.2,-6.610668421052631,low,0.5556,1,0.7272727272727273,True,NOERROR,1,21600,1,2,True,False,0,48707,PL,False,Aftermarket.pl Limited,3,365,False,0,False,False,False,benign,no_adverse_signal
gemoy88.club,2026-07-29,12,2.521640636343318,0.16666666666666666,0,0.6666666666666666,-8.726072727272728,low,0.4286,1,0.8571428571428571,True,NOERROR,2,300,0,2,False,False,2,13335,US,False,Dynadot Inc,3,365,True,0,False,False,,benign,no_adverse_signal
cryptodream89.lat,2026-07-29,17,3.5465935642949384,0.11764705882352941,0,0.375,-8.036104347826086,low,0.4706,5,0.9230769230769231,False,NOERROR,0,,2,2,True,False,0,,,,"Spaceship, Inc.",3,365,False,,,False,False,benign,no_adverse_signal
myriskradar.com,2026-07-29,15,2.8453509366224368,0.0,0,0.375,-7.273805263157895,low,0.4444,3,0.7272727272727273,True,NOERROR,2,3600,1,2,True,False,0,16509,US,True,TuringSign Inc. d/b/a Cosmotown,3,365,False,54,False,False,,malicious,abuseipdb
ibra-autoankauf.de,2026-07-29,18,3.2402239289418513,0.0,1,1.3333333333333333,-7.4867185185185186,low,0.4444,2,0.7333333333333333,True,NOERROR,2,300,2,2,True,False,2,13335,US,False,,,,False,0,False,False,False,benign,no_adverse_signal
jonathanjdbfounder.co,2026-07-29,21,3.4613201402110083,0.0,0,0.5,-7.41520606060606,low,0.4615,5,0.6666666666666666,False,NOERROR,0,,1,4,True,False,0,,,,"Spaceship, Inc.",5,365,False,,,False,False,benign,no_adverse_signal
tc115.com,2026-07-29,9,1.9219280948873623,0.3333333333333333,0,0.0,-10.446885714285715,low,0.4444,2,0.8,True,NOERROR,1,14400,1,2,True,False,0,201999,IR,True,CSL Computer Service Langenbach GmbH d/b/a joker.com,6584,6939,False,0,False,False,False,benign,no_adverse_signal
jetbahis-guncelgirisler4.icu,2026-07-29,28,3.855388542207534,0.03571428571428571,1,0.5714285714285714,-7.595,low,0.4444,2,0.6666666666666666,True,NOERROR,2,300,0,2,False,False,2,13335,US,False,Dynadot Inc,3,365,False,0,False,False,,benign,no_adverse_signal
eo-testnew1801.site,2026-07-29,19,3.182005814760214,0.21052631578947367,1,0.8,-8.259508,medium,0.4762,3,0.7142857142857143,False,NOERROR,0,,0,2,False,False,0,,,,"DNSPod, Inc.",3,365,False,,,False,,benign,no_adverse_signal
cph2773.club,2026-07-29,12,2.521640636343318,0.3333333333333333,0,0.0,-10.887581818181818,low,0.5,3,0.8571428571428571,True,NOERROR,2,300,0,2,False,False,2,13335,US,False,Dynadot Inc,3,365,True,0,False,False,,benign,no_adverse_signal
healmypdf.com,2026-07-29,13,3.169925001442312,0.0,0,0.2857142857142857,-7.7534600000000005,low,0.5882,6,1.0,True,NOERROR,2,300,0,2,False,False,0,13335,US,False,"Cloudflare, Inc.",3,365,True,0,False,False,,benign,no_adverse_signal
automark.xyz,2026-07-29,12,2.75,0.0,0,1.0,-6.269407692307693,high,0.625,2,0.875,True,NOERROR,2,3600,1,2,True,False,0,16509,US,True,Dynadot Inc,3,365,False,32,False,False,,benign,no_adverse_signal
biharboardonlinegov.com,2026-07-29,23,3.4713544870139286,0.0,0,0.7272727272727273,-6.859691428571429,low,0.5333,2,0.631578947368421,True,NOERROR,1,50,0,2,False,False,0,47583,CY,False,"HOSTINGER operations, UAB",3,365,False,35,False,False,,benign,no_adverse_signal
b3m-----f-----x.li,2026-07-29,18,1.6922718656836104,0.05555555555555555,10,0.0,-10.927003703703702,low,0.24,1,0.4,True,NOERROR,1,1,0,2,False,True,0,4907,JP,False,,,,False,0,True,True,,malicious,spamhaus_zen
ttybeco.us,2026-07-29,10,2.5216406363433186,0.0,0,0.4,-7.354263636363637,low,0.5333,4,0.8571428571428571,True,NOERROR,1,1800,2,2,True,False,0,22612,US,False,NAMECHEAP INC,4,365,True,0,False,False,False,benign,no_adverse_signal
truesnow.org,2026-07-29,12,3.0,0.0,0,0.6,-7.2233230769230765,low,0.625,2,1.0,True,NOERROR,2,300,0,2,False,False,2,13335,US,False,NAMECHEAP INC,3,365,True,0,False,False,,benign,no_adverse_signal
casino4129.click,2026-07-29,16,3.321928094887362,0.25,0,1.0,-8.164882352941177,medium,0.4286,1,1.0,False,SERVFAIL,0,,0,0,False,False,0,,,,NAMECHEAP INC,3,365,False,,,False,,benign,no_adverse_signal
eseal.eu,2026-07-29,8,1.9219280948873623,0.0,0,1.5,-5.977614285714286,low,0.6,1,0.8,True,NOERROR,1,900,2,2,True,False,0,48896,PL,True,dhosting.pl Sp. z o.o.,,,False,0,False,False,False,benign,no_adverse_signal
totallycubular.com,2026-07-29,18,3.039148671903071,0.0,0,0.5555555555555556,-7.106356,low,0.4762,4,0.6428571428571429,True,NOERROR,1,3600,0,2,False,False,0,14618,US,True,Dominet (HK) Limited,3,365,False,0,False,False,,benign,no_adverse_signal
apitaiwan.com,2026-07-29,13,2.4193819456463714,0.0,0,1.25,-6.902073333333333,low,0.5263,1,0.6666666666666666,True,NOERROR,1,50,0,2,False,False,0,47583,CY,False,"HOSTINGER operations, UAB",2,365,False,35,False,False,,benign,no_adverse_signal
streamingsoportedvb.com,2026-07-29,23,3.7216117239699,0.0,0,0.46153846153846156,-6.746814285714286,low,0.6452,3,0.7368421052631579,True,NOERROR,1,600,1,2,False,False,0,47846,DE,False,IONOS SE,734,1095,True,0,False,False,False,benign,no_adverse_signal
structure3dprint.com,2026-07-29,20,3.2806390622295662,0.05,0,0.36363636363636365,-7.29501724137931,low,0.5385,3,0.6875,True,NOERROR,2,3600,0,4,False,False,0,16509,US,True,"Name.com, Inc.",3,365,False,0,False,False,,benign,no_adverse_signal
locintel.tech,2026-07-29,13,2.75,0.0,0,0.6,-6.095007692307693,low,0.7692,2,0.875,True,NOERROR,1,21600,1,4,True,False,1,210403,FR,False,Ligne Web Services SAS dba LWS,3,365,False,0,False,False,False,benign,no_adverse_signal
parafernaliastore.com,2026-07-29,21,3.2195282822995477,0.0,0,0.8888888888888888,-6.195558064516129,low,0.5333,2,0.6470588235294118,True,NOERROR,1,21600,0,2,False,False,0,16509,US,True,"TUCOWS.COM, CO.",1103,1461,True,0,False,False,,benign,no_adverse_signal
db7709.com,2026-07-29,10,2.2516291673878226,0.4,0,0.0,-11.001377777777778,low,0.5455,2,0.8333333333333334,True,NOERROR,3,3603,0,3,False,False,0,63949,US,True,"NameSilo, LLC",3,365,True,13,False,False,,benign,no_adverse_signal
wmstudos.com,2026-07-29,12,2.75,0.0,0,0.3333333333333333,-7.550915384615385,low,0.6154,4,0.875,True,NOERROR,1,21600,0,4,False,False,1,13335,CA,True,"TUCOWS.COM, CO.",3,365,True,0,False,False,,benign,no_adverse_signal
evostogel228vip.live,2026-07-29,20,3.3735572622751855,0.15,0,0.7142857142857143,-8.3399,low,0.4167,2,0.7333333333333333,True,NOERROR,2,300,0,2,False,False,2,13335,US,False,,,,False,0,False,False,,benign,no_adverse_signal
9psc.top,2026-07-29,8,2.0,0.125,0,0.0,-9.76928,high,0.5714,3,1.0,True,NOERROR,1,600,0,2,False,True,0,8075,JP,False,"Spaceship, Inc.",3,365,True,0,False,True,,malicious,spamhaus_dbl
panenkostoto.com,2026-07-29,16,2.8553885422075336,0.0,0,0.7142857142857143,-6.529333333333333,low,0.4762,2,0.6666666666666666,True,NOERROR,2,300,0,2,False,False,2,13335,US,False,NAMECHEAP INC,3,365,True,0,False,False,,benign,no_adverse_signal
tifddgrsfgq4dgqjyiyytimzzgm.xyz,2026-07-29,31,3.5599000019230833,0.03225806451612903,0,0.13043478260869565,-10.412358823529411,high,0.3429,9,0.48148148148148145,True,NOERROR,1,600,0,2,False,False,0,399077,SC,False,"GoDaddy.com, LLC",3,365,False,0,False,False,,benign,no_adverse_signal
es-purainversoria.com,2026-07-29,21,3.337175341123077,0.0,1,1.0,-6.765445161290323,low,0.56,2,0.6470588235294118,True,NOERROR,2,300,0,2,False,False,2,13335,US,False,Hosting Concepts B.V. d/b/a Registrar.eu,3,365,True,0,False,False,,benign,no_adverse_signal
mailgrid.eu,2026-07-29,11,2.75,0.0,0,0.6,-7.074169230769231,low,0.6667,3,0.875,True,NOERROR,1,3600,0,4,False,False,0,210579,HU,True,Rackhost Zrt.,,,False,0,False,False,,benign,no_adverse_signal
tehgelassir.shop,2026-07-29,16,3.0957952550009344,0.0,0,0.5714285714285714,-7.376631578947369,low,0.6,2,0.8181818181818182,True,NOERROR,2,300,0,2,False,False,2,13335,US,False,,,,False,0,False,False,,benign,no_adverse_signal
eastpennmanufocturing.com,2026-07-29,25,3.6304126608739975,0.0,0,0.6153846153846154,-7.070738461538462,low,0.4828,3,0.6666666666666666,True,NOERROR,2,600,0,2,False,False,0,16509,US,True,"GoDaddy.com, LLC",3,365,False,34,False,False,,benign,no_adverse_signal
qq88128.com,2026-07-29,11,1.8423709931771088,0.45454545454545453,0,0.0,-10.557481818181818,low,0.2,2,0.5714285714285714,True,NOERROR,2,300,0,2,False,False,2,13335,US,False,"Gransy, s.r.o.",3,365,False,0,False,False,,benign,no_adverse_signal
y82ap.top,2026-07-29,9,2.321928094887362,0.2222222222222222,0,0.5,-11.435171428571428,high,0.4615,1,1.0,True,NOERROR,3,15,0,0,False,True,0,54801,SC,False,GoDaddy.com,3,365,True,2,False,False,,benign,no_adverse_signal
green-means-business.com,2026-07-29,24,3.184183719779189,0.0,2,0.6363636363636364,-6.74772972972973,low,0.4848,2,0.55,True,NOERROR,2,300,5,2,True,False,2,13335,US,False,PDR Ltd. d/b/a PublicDomainRegistry.com,3,365,True,0,False,False,False,benign,no_adverse_signal
agent8n.org,2026-07-29,11,2.521640636343318,0.09090909090909091,0,0.5,-8.244072727272727,low,0.5,2,0.8571428571428571,False,NOERROR,0,,0,2,False,False,0,,,,"Cloudflare, Inc.",3,365,False,,,False,,benign,no_adverse_signal
energyauditcanada.pro,2026-07-29,21,3.263933429485634,0.0,0,0.8888888888888888,-6.891909677419355,low,0.4516,3,0.6470588235294118,True,NOERROR,3,3603,0,3,False,False,0,63949,US,True,,,,,8,False,False,,benign,no_adverse_signal
59beads.org,2026-07-29,11,2.807354922057604,0.18181818181818182,0,0.6666666666666666,-8.24770909090909,low,0.5,2,1.0,True,NOERROR,2,300,0,3,False,False,0,2635,US,False,Automattic Inc.,3,365,True,0,False,False,,benign,no_adverse_signal
gracefulhub.com,2026-07-29,15,3.277613436819116,0.0,0,0.5714285714285714,-7.571494736842105,low,0.4706,2,0.9090909090909091,True,NOERROR,2,4,2,4,True,False,0,,US,False,Porkbun LLC,3,365,False,0,False,False,False,benign,no_adverse_signal
8rha.top,2026-07-29,8,2.0,0.125,0,0.5,-9.63612,high,0.4444,2,1.0,True,NOERROR,1,600,0,2,False,True,0,8075,JP,False,"Spaceship, Inc.",3,365,True,0,False,True,,malicious,spamhaus_dbl
gm-creative.studio,2026-07-29,18,3.277613436819116,0.0,1,0.6666666666666666,-7.172094736842105,low,0.6154,2,0.9090909090909091,True,NOERROR,1,14400,1,3,True,False,0,44901,BG,True,,,,False,0,False,False,False,benign,no_adverse_signal
hkdigitalconsulting.online,2026-07-29,26,3.5766176449086653,0.0,0,0.46153846153846156,-6.813591428571428,medium,0.4667,3,0.6842105263157895,True,NOERROR,1,14400,0,3,False,False,0,45638,AU,True,Synergy Wholesale Accreditations Pty Ltd,3,365,False,0,False,False,,benign,no_adverse_signal
mu-killers.com,2026-07-29,14,3.121928094887362,0.0,1,0.5,-7.5247882352941176,low,0.4762,2,0.9,True,NOERROR,2,3600,0,4,False,False,0,16509,US,True,"GoDaddy.com, LLC",3,365,False,18,False,False,,benign,no_adverse_signal
pintnow.com,2026-07-29,11,2.5216406363433186,0.0,0,0.4,-6.902327272727273,low,0.5714,3,0.8571428571428571,True,NOERROR,1,60,1,2,True,False,0,394456,US,True,DomainRegistry.com LLC,3,365,False,0,False,False,False,benign,no_adverse_signal
neurallab.store,2026-07-29,15,2.725480556997868,0.0,0,0.8,-6.4815466666666675,low,0.5333,2,0.7777777777777778,True,NOERROR,1,300,2,4,True,False,0,397273,US,False,,,,False,25,False,False,False,benign,no_adverse_signal
hohlokostura.click,2026-07-29,18,3.0220552088742,0.0,0,0.7142857142857143,-7.303138095238095,medium,0.5,2,0.75,True,NOERROR,2,300,0,2,False,False,2,13335,US,False,Global Domain Group LLC,3,365,False,0,False,False,,benign,no_adverse_signal
doramalost.net,2026-07-29,14,2.9219280948873623,0.0,0,0.6666666666666666,-6.197970588235294,low,0.5714,2,0.8,True,NOERROR,1,300,0,2,False,False,0,50613,IS,False,Regtime Ltd.,3,365,False,0,False,False,,benign,no_adverse_signal
hirebuildingreachstart.com,2026-07-29,26,3.6635327548042538,0.0,0,0.5714285714285714,-6.705773170731707,low,0.4118,4,0.6363636363636364,False,NOERROR,0,,1,4,True,False,0,,,,PDR Ltd. d/b/a PublicDomainRegistry.com,2,365,True,,,False,False,benign,no_adverse_signal
portal-corsan.cloud,2026-07-29,19,3.238901256602631,0.0,1,0.5,-6.517430434782609,low,0.4545,2,0.7692307692307693,True,NOERROR,1,50,0,2,False,False,0,47583,CY,False,"HOSTINGER operations, UAB",3,365,False,35,False,False,,benign,no_adverse_signal
lakansa.com,2026-07-29,11,2.1280852788913944,0.0,0,0.75,-6.754009090909091,low,0.7692,2,0.7142857142857143,False,timeout,0,,0,0,False,False,0,,,,"Gransy, s.r.o.",3,365,False,,,False,,benign,no_adverse_signal
tczuqujgcwgtzjqa.com.cn,2026-07-29,23,3.125,0.0,0,0.23076923076923078,-11.070568965517241,low,0.3125,9,0.5625,True,NOERROR,1,300,0,2,False,False,0,132839,HK,False,北京新网数码信息技术有限公司,7,365,False,0,False,False,,benign,no_adverse_signal
nadiox.com,2026-07-29,10,2.584962500721156,0.0,0,1.0,-7.1559333333333335,low,0.5455,1,1.0,True,NOERROR,2,3600,1,2,True,False,0,16509,US,True,NAMECHEAP INC,3,365,True,54,False,False,,malicious,abuseipdb
janetwtaylor.com,2026-07-29,16,3.2516291673878226,0.0,0,0.5,-7.415338095238096,low,0.56,3,0.8333333333333334,True,NOERROR,2,600,0,2,False,False,0,16509,US,True,"GoDaddy.com, LLC",3,365,False,46,False,False,,benign,no_adverse_signal
ferovametalindo.com,2026-07-29,19,3.506890595608518,0.0,0,0.875,-6.310033333333333,low,0.4762,2,0.8,True,NOERROR,2,60,0,2,False,False,2,47583,DE,False,"HOSTINGER operations, UAB",3,365,False,1,False,False,,benign,no_adverse_signal
uwsema.org,2026-07-29,10,2.584962500721156,0.0,0,1.0,-7.384688888888888,low,0.6154,2,1.0,True,NOERROR,1,1800,0,5,False,False,0,16509,US,True,"eNom, LLC",3,365,False,0,False,False,,benign,no_adverse_signal
lingyun.enterprises,2026-07-29,19,2.5216406363433186,0.0,0,0.4,-6.902118181818182,low,0.7692,3,0.8571428571428571,False,NOERROR,0,,1,2,True,False,0,,,,,,,,,,False,False,benign,no_adverse_signal
unoimg.com,2026-07-29,10,2.584962500721156,0.0,0,1.0,-7.6659444444444444,low,0.6154,2,1.0,True,NOERROR,2,60,0,2,False,False,2,47583,DE,False,"HOSTINGER operations, UAB",3,365,False,1,False,False,,benign,no_adverse_signal
caychopomachagua.dev,2026-07-29,20,2.952819531114783,0.0,0,0.7777777777777778,-7.157613793103448,low,0.5,3,0.5625,True,NOERROR,2,300,0,2,False,False,2,13335,US,False,,,,False,0,False,False,,benign,no_adverse_signal
terraverdetoken.com,2026-07-29,19,2.9232314287976204,0.0,0,0.6666666666666666,-6.515225925925926,low,0.4615,2,0.6,True,NOERROR,2,300,0,2,False,False,2,13335,US,False,Dynadot Inc,3,365,False,0,False,False,,benign,no_adverse_signal
alfadaf.com,2026-07-29,11,1.8423709931771084,0.0,0,0.75,-7.482518181818182,low,0.5714,2,0.5714285714285714,False,NXDOMAIN,0,,0,0,False,False,0,,,,,,,,,,False,,benign,no_adverse_signal
esaitec.asia,2026-07-29,12,2.5216406363433186,0.0,0,1.3333333333333333,-6.395690909090908,low,0.625,1,0.8571428571428571,True,NOERROR,2,139,0,2,False,True,0,152644,SG,False,Alibaba Cloud Computing Ltd. d/b/a HiChina (www.net.cn),5,365,True,0,False,False,,benign,no_adverse_signal
dz84x.top,2026-07-29,9,2.321928094887362,0.2222222222222222,0,0.0,-12.156014285714287,high,0.4444,2,1.0,True,NOERROR,3,15,0,0,False,True,0,54801,SC,False,GoDaddy.com,3,365,True,0,False,False,,benign,no_adverse_signal
bestendashcasinos.com,2026-07-29,21,3.2639334294856344,0.0,0,0.5454545454545454,-6.362209677419354,low,0.48,3,0.6470588235294118,True,NOERROR,1,300,0,2,False,False,0,206834,DE,False,"Gransy, s.r.o.",3,365,False,24,False,False,,benign,no_adverse_signal
idntogel-kerupuk.com,2026-07-29,20,3.625,0.0,1,0.6666666666666666,-7.846875862068966,low,0.4762,3,0.8125,True,NOERROR,2,300,0,2,False,False,2,13335,US,False,NAMECHEAP INC,3,365,True,0,False,False,,benign,no_adverse_signal
contechuk.com,2026-07-29,13,2.94770277922009,0.0,0,0.5,-6.434046666666666,low,0.5,2,0.8888888888888888,True,NOERROR,2,300,0,2,False,False,2,13335,US,False,"GoDaddy.com, LLC",3,365,False,0,False,False,,benign,no_adverse_signal
bahcebakery.com,2026-07-29,15,2.9139770731827523,0.0,0,0.5714285714285714,-7.47851052631579,low,0.5333,2,0.7272727272727273,True,NOERROR,2,300,5,3,True,False,0,2635,US,False,Automattic Inc.,3,365,True,13,False,False,False,benign,no_adverse_signal
litlifewellness.online,2026-07-29,22,2.7898980954642876,0.0,0,0.5,-7.029188888888888,medium,0.48,3,0.5333333333333333,True,NOERROR,1,14400,3,2,True,False,0,22612,US,True,"HOSTINGER operations, UAB",3,365,False,0,False,False,False,benign,no_adverse_signal
pautpyaw.com,2026-07-29,12,2.5,0.0,0,0.6,-8.42646923076923,low,0.5714,3,0.75,True,NOERROR,1,300,0,2,False,False,0,14061,SG,False,NAMECHEAP INC,3,365,True,0,False,False,,benign,no_adverse_signal
turkopantekstil.com,2026-07-29,19,3.4565647621309536,0.0,0,0.5,-6.922255555555556,low,0.5,3,0.8,True,NOERROR,1,14400,1,4,False,False,0,42846,TR,True,Atak Domain Bilgi Teknolojileri A.S.,3,365,False,1,False,False,False,benign,no_adverse_signal
hgzhi.cc,2026-07-29,8,1.9219280948873623,0.0,0,0.25,-9.4652,low,0.4444,4,0.8,True,NOERROR,1,1,0,2,False,True,0,40065,US,False,"NameSilo, LLC",3,365,True,0,False,False,,benign,no_adverse_signal
ham-x.online,2026-07-29,12,2.321928094887362,0.0,1,0.3333333333333333,-8.410314285714286,medium,0.4615,1,1.0,True,NOERROR,1,60,2,3,True,False,0,26347,US,True,"ENOM, INC.",3,365,True,0,False,False,False,benign,no_adverse_signal
snyderconsultinggroup.com,2026-07-29,25,3.689703732199547,0.0,0,0.4,-6.996200000000001,low,0.4828,4,0.6666666666666666,True,NOERROR,1,1800,5,2,True,False,0,22612,US,False,NAMECHEAP INC,3,365,True,0,False,False,False,benign,no_adverse_signal
1-sleeve.com,2026-07-29,12,2.4056390622295662,0.08333333333333333,1,1.0,-7.891930769230769,low,0.5263,2,0.75,True,NOERROR,2,600,0,2,False,False,0,16509,US,True,"Wild West Domains, LLC",3,365,False,2,False,False,,benign,no_adverse_signal
asianlogistic.in,2026-07-29,16,3.0269868333592873,0.0,0,0.8571428571428571,-6.377526086956522,low,0.5185,2,0.6923076923076923,True,NOERROR,1,14400,2,2,True,False,0,140641,IN,True,Endurance International Group India Private Limited,3,365,False,0,False,False,False,benign,no_adverse_signal
lasik.expert,2026-07-29,12,2.321928094887362,0.0,0,0.6666666666666666,-6.586642857142857,low,0.6,1,1.0,True,NOERROR,2,6,0,4,False,False,0,,US,False,,,,,3,False,False,,benign,no_adverse_signal
dentalflow.company,2026-07-29,18,3.121928094887362,0.0,0,0.42857142857142855,-6.666782352941176,low,0.5714,3,0.9,True,NOERROR,1,60,0,2,False,True,0,400940,US,False,,,,,0,False,False,,benign,no_adverse_signal
3sre.top,2026-07-29,8,2.0,0.125,0,0.5,-9.33292,high,0.6,2,1.0,True,NOERROR,1,600,0,2,False,True,0,8075,JP,False,"Spaceship, Inc.",3,365,True,0,False,True,,malicious,spamhaus_dbl
mtvbjv.xin,2026-07-29,10,2.2516291673878226,0.0,0,0.0,-10.676933333333332,low,0.4444,6,0.8333333333333334,False,NOERROR,0,,0,2,False,False,0,,,,Alibaba Cloud Computing Ltd. d/b/a HiChina (www.net.cn),3,365,False,,,False,,benign,no_adverse_signal
oak-craft.ru,2026-07-29,12,2.94770277922009,0.0,1,0.6,-8.0115,low,0.4706,2,0.8888888888888888,True,NOERROR,1,30,0,2,False,False,0,200350,RU,False,REGRU-RU,4,365,False,0,False,False,,benign,no_adverse_signal
arwashop.store,2026-07-29,14,2.75,0.0,0,0.6,-6.980776923076923,low,0.5455,2,0.875,True,NOERROR,1,1800,5,2,True,False,0,22612,US,False,,,,False,0,False,False,False,benign,no_adverse_signal
tuneseo.site,2026-07-29,12,2.521640636343318,0.0,0,1.3333333333333333,-6.6341909090909095,medium,0.6667,1,0.8571428571428571,True,NOERROR,1,50,0,2,False,False,0,47583,CY,False,"HOSTINGER operations, UAB",3,365,False,35,False,False,,benign,no_adverse_signal
ingram-micro.co.mw,2026-07-29,18,3.084962500721156,0.0,1,0.5714285714285714,-6.990657142857143,low,0.5714,3,0.75,False,NOERROR,0,,0,6,True,False,0,,,,LEXSYNERGY-REG,,,False,,,False,,benign,no_adverse_signal
fandaarchitect.com,2026-07-29,18,3.182005814760214,0.0,0,0.5555555555555556,-6.523556,low,0.5833,3,0.7142857142857143,False,NOERROR,0,,2,2,True,False,0,,,,"Spaceship, Inc.",3,365,False,,,False,False,benign,no_adverse_signal
kolkatafflab.com,2026-07-29,16,2.688721875540867,0.0,0,0.5,-7.3677,low,0.5714,3,0.5833333333333334,True,NOERROR,2,300,0,2,False,False,2,13335,US,False,"Cloudflare, Inc.",3,365,True,0,False,False,,benign,no_adverse_signal
bodrumharem42.click,2026-07-29,19,3.3927474104487847,0.10526315789473684,0,0.5714285714285714,-8.320030434782609,medium,0.4444,2,0.8461538461538461,True,NOERROR,2,300,0,2,False,False,2,13335,US,False,"Dynadot, LLC",3,365,False,0,False,False,,benign,no_adverse_signal
yerha5ok.top,2026-07-29,12,3.0,0.08333333333333333,0,0.75,-9.692230769230768,high,0.5714,2,1.0,True,NOERROR,3,60,0,2,False,True,0,138995,US,False,Dominet (HK) Limited,3,365,True,0,True,False,,malicious,spamhaus_zen
hnb-conseil.com,2026-07-29,15,3.2776134368191165,0.0,1,0.42857142857142855,-7.778426315789473,low,0.5556,3,0.9090909090909091,True,NOERROR,1,50,0,2,False,False,0,47583,CY,False,"HOSTINGER operations, UAB",3,365,False,35,False,False,,benign,no_adverse_signal
safelocksmithhawthorne.store,2026-07-29,28,3.7887549139935026,0.0,0,0.4666666666666667,-7.452582926829269,low,0.4375,4,0.6818181818181818,False,NXDOMAIN,0,,0,0,False,False,0,,,,,,,False,,,False,,benign,no_adverse_signal
siteszondercruksnederland.com,2026-07-29,29,3.563074189428569,0.0,0,0.47058823529411764,-7.000414893617021,low,0.4545,3,0.56,True,NOERROR,1,1800,5,2,True,False,0,22612,US,False,NAMECHEAP INC,3,365,True,0,False,False,False,benign,no_adverse_signal
fluffyllamaphotography.com,2026-07-29,26,3.447401504705915,0.0,0,0.375,-7.465334146341464,low,0.4,5,0.5454545454545454,True,NOERROR,1,21600,0,2,False,False,0,16509,US,True,"TUCOWS.COM, CO.",2198,2556,True,0,False,False,,benign,no_adverse_signal
rc-composite.com,2026-07-29,16,3.2516291673878226,0.0,1,0.5714285714285714,-6.95092380952381,low,0.5455,2,0.8333333333333334,True,NOERROR,2,3600,2,2,True,False,0,16509,US,True,"GoDaddy.com, LLC",3,1096,False,18,False,False,False,benign,no_adverse_signal
qiao.app,2026-07-29,8,2.0,0.0,0,3.0,-8.09826,low,0.6,1,1.0,True,NOERROR,3,3600,0,2,False,False,0,63949,US,True,,,,False,0,False,False,,benign,no_adverse_signal
violetacafeal.online,2026-07-29,20,3.0269868333592873,0.0,0,1.1666666666666667,-6.827691304347826,medium,0.5217,1,0.6923076923076923,True,NOERROR,2,300,0,2,False,False,2,13335,US,False,Porkbun LLC,3,365,False,0,False,False,,benign,no_adverse_signal
lakshyacar.com,2026-07-29,14,2.8464393446710154,0.0,0,0.42857142857142855,-7.511558823529412,low,0.5,4,0.8,True,NOERROR,2,60,2,2,True,False,2,47583,DE,False,"HOSTINGER operations, UAB",3,365,False,1,False,False,False,benign,no_adverse_signal
hanspetermelief.nl,2026-07-29,18,3.3735572622751846,0.0,0,0.6666666666666666,-6.557844444444445,low,0.5217,3,0.8,True,NOERROR,1,3600,1,3,True,False,0,396982,NL,True,Registrar.eu,5,,False,0,False,False,False,benign,no_adverse_signal
infrtra.site,2026-07-29,12,2.521640636343318,0.0,0,0.4,-7.016181818181818,medium,0.625,5,0.8571428571428571,True,NOERROR,2,300,0,2,False,False,2,13335,US,False,NAMECHEAP INC,3,365,False,0,False,False,,benign,no_adverse_signal
rejekibet.today,2026-07-29,15,2.6416041678685933,0.0,0,0.8,-7.880466666666666,low,0.5333,1,0.7777777777777778,True,NOERROR,2,300,0,2,False,False,2,13335,US,False,,,,,0,False,False,,benign,no_adverse_signal
earned-attn.com,2026-07-29,15,2.7321588913645702,0.0,1,0.6666666666666666,-7.392621052631579,low,0.5263,3,0.6363636363636364,True,NOERROR,4,14400,0,4,True,False,0,53831,US,False,Squarespace Domains LLC,2,365,True,29,False,False,,benign,no_adverse_signal
mlbbbettingsite.click,2026-07-29,21,3.006238928653389,0.0,0,0.36363636363636365,-7.283266666666667,medium,0.5,5,0.6,False,NOERROR,0,,0,2,False,False,0,,,,"Dynadot, LLC",3,365,False,,,False,,benign,no_adverse_signal
icare-lab.org,2026-07-29,13,2.94770277922009,0.0,1,1.0,-6.703266666666667,low,0.5333,1,0.8888888888888888,True,NOERROR,4,300,0,2,False,False,4,54113,US,True,"Cloudflare, Inc.",3,365,False,61,False,False,,malicious,abuseipdb
maison37.com,2026-07-29,12,3.0,0.16666666666666666,0,1.0,-7.630646153846153,low,0.5714,1,1.0,True,NOERROR,1,3600,2,4,True,False,1,8560,DE,True,IONOS SE,3,365,True,0,False,False,False,benign,no_adverse_signal
wa5478.top,2026-07-29,10,2.584962500721156,0.4,0,1.0,-11.2269,high,0.4,1,1.0,False,NOERROR,0,,0,2,False,False,0,,,,"Todaynic.com, Inc.",3,365,True,,,True,,malicious,spamhaus_dbl
recommandefrance.com,2026-07-29,20,3.077819531114783,0.0,0,0.6,-6.37951724137931,low,0.5,2,0.5625,True,NOERROR,2,300,0,2,False,False,2,13335,US,False,NAMECHEAP INC,3,365,True,0,False,False,,benign,no_adverse_signal
ruskotienda.online,2026-07-29,18,3.459431618637298,0.0,0,0.8333333333333334,-6.916063157894738,medium,0.5333,2,1.0,True,NOERROR,1,1800,0,2,False,False,0,16509,US,True,"Spaceship, Inc.",3,365,False,24,False,False,,benign,no_adverse_signal
setorangmail.biz.id,2026-07-29,19,3.418295834054489,0.0,0,0.7142857142857143,-6.329238095238095,low,0.5882,3,0.9166666666666666,True,NOERROR,2,1800,0,2,False,False,0,16509,US,False,,,,False,0,False,False,,benign,no_adverse_signal
mertsia.com,2026-07-29,11,2.807354922057604,0.0,0,0.75,-6.321090909090909,low,0.6667,3,1.0,True,NOERROR,1,60,0,2,False,False,1,47583,DE,True,"HOSTINGER operations, UAB",3,1096,False,0,False,False,,benign,no_adverse_signal
daric-jinshayule.com.cn,2026-07-29,23,3.75,0.0,1,0.6666666666666666,-7.546334482758621,low,0.4375,3,0.875,True,NOERROR,1,599,0,2,False,False,0,58658,BR,False,北京新网数码信息技术有限公司,10,365,False,0,False,False,,benign,no_adverse_signal
optimumengineeringlimited.com,2026-07-29,29,3.3190795706241745,0.0,0,0.7857142857142857,-6.633508510638298,low,0.4211,3,0.48,True,NOERROR,3,3600,5,2,True,False,0,58182,US,True,Wix.com Ltd.,372,730,True,24,False,False,False,benign,no_adverse_signal
music-ia.fr,2026-07-29,11,2.75,0.0,1,1.3333333333333333,-7.671407692307692,low,0.5333,1,0.875,True,NOERROR,1,3600,3,2,True,False,0,16276,FR,True,OVH,2,364,False,20,False,False,False,benign,no_adverse_signal
se7enops.com,2026-07-29,12,2.5,0.08333333333333333,0,0.75,-8.849707692307692,low,0.4615,2,0.75,False,NOERROR,0,,0,2,False,False,0,,,,"Cloudflare, Inc.",3,365,True,,,False,,benign,no_adverse_signal
kulodgei.com,2026-07-29,12,3.0,0.0,0,1.0,-7.827284615384615,low,0.5333,2,1.0,False,NXDOMAIN,0,,0,0,False,False,0,,,,"Network Solutions, LLC",3,365,False,,,False,,benign,no_adverse_signal
navella.boats,2026-07-29,13,2.2359263506290326,0.0,0,0.75,-6.411109090909091,low,0.6667,2,0.7142857142857143,False,NOERROR,0,,1,2,False,False,0,,,,"Spaceship, Inc.",3,365,False,,,False,False,benign,no_adverse_signal
wisdom-journeyinstitute.fit,2026-07-29,27,3.6753108689123644,0.0,1,0.6923076923076923,-7.371146511627907,low,0.4211,3,0.6086956521739131,True,NOERROR,2,300,0,2,False,False,2,13335,US,False,"GoDaddy.com, LLC",3,365,True,0,False,False,,benign,no_adverse_signal
incredibal9021.com,2026-07-29,18,3.6644977792004623,0.2222222222222222,0,0.6666666666666666,-7.90848,low,0.5,3,0.9285714285714286,True,NOERROR,4,14400,1,4,True,False,0,53831,US,False,Squarespace Domains II LLC,3,365,True,12,False,False,False,benign,no_adverse_signal
1xbet-2o26.top,2026-07-29,14,3.1219280948873624,0.2857142857142857,1,0.6666666666666666,-9.976088235294117,high,0.4286,2,0.9,True,NOERROR,1,3600,2,4,True,False,1,50340,RU,True,NAMECHEAP INC,3,365,True,0,False,False,False,benign,no_adverse_signal
northranchatmidway.com,2026-07-29,22,3.4613201402110083,0.0,0,0.38461538461538464,-6.981863636363636,low,0.4615,4,0.6666666666666666,True,NOERROR,2,3600,0,2,False,False,0,16509,US,True,"GoDaddy.com, LLC",3,1096,False,18,False,False,,benign,no_adverse_signal
1nvshen.cc,2026-07-29,10,2.5216406363433186,0.1,0,0.2,-8.775,low,0.6667,4,0.8571428571428571,True,NOERROR,1,1,0,2,False,True,0,40065,US,False,"NameSilo, LLC",3,365,True,0,False,False,,benign,no_adverse_signal
apkpuma.com,2026-07-29,11,2.2359263506290326,0.0,0,0.75,-8.28131818181818,low,0.6154,3,0.7142857142857143,True,NOERROR,1,14400,1,4,True,False,0,16276,FR,True,Hello Internet Corp,3,365,False,0,True,False,True,malicious,spamhaus_zen
axiosperformance.fr,2026-07-29,19,3.5,0.0,0,0.7777777777777778,-6.747589655172414,low,0.5385,2,0.75,True,NOERROR,1,3600,3,2,True,False,0,16276,FR,True,OVH,2,364,False,20,False,False,False,benign,no_adverse_signal
9h5re.top,2026-07-29,9,2.321928094887362,0.2222222222222222,0,0.5,-11.280271428571428,high,0.5,1,1.0,False,NOERROR,0,,0,4,False,False,0,,,,NameMart Pte. Ltd.,3,365,False,,,True,,malicious,spamhaus_dbl
play-time-app.click,2026-07-29,19,3.0269868333592873,0.0,2,0.5714285714285714,-7.1702,medium,0.5,2,0.6923076923076923,False,NOERROR,0,,0,2,False,False,0,,,,"Dynadot, LLC",3,365,False,,,False,,benign,no_adverse_signal
uo2ran3m.top,2026-07-29,12,3.0,0.16666666666666666,0,1.0,-10.349507692307693,high,0.6154,1,1.0,True,NOERROR,3,60,0,2,False,True,0,138995,US,False,Dominet (HK) Limited,3,365,True,0,True,True,,malicious,spamhaus_zen
ratucuan.xyz,2026-07-29,12,2.5,0.0,0,1.0,-7.335276923076923,high,0.5455,1,0.75,True,NOERROR,2,300,0,2,False,False,2,13335,US,False,NAMECHEAP INC,3,365,True,0,False,False,,benign,no_adverse_signal
calcmate.app,2026-07-29,12,2.5,0.0,0,0.6,-6.88213076923077,low,0.6667,3,0.75,True,NOERROR,1,600,2,3,True,False,0,396982,US,True,,,,False,36,False,False,False,benign,no_adverse_signal
jizai.site,2026-07-29,10,1.9219280948873623,0.0,0,1.5,-8.256642857142857,medium,0.5455,1,0.8,True,NOERROR,1,3600,1,2,True,False,0,8560,ES,True,IONOS SE,3,365,False,0,False,False,False,benign,no_adverse_signal
cuanwinb.com,2026-07-29,12,2.75,0.0,0,0.6,-7.551761538461538,low,0.5714,2,0.875,True,NOERROR,2,300,0,2,False,False,2,13335,US,False,Longming Pte. Ltd.,3,365,False,0,False,False,,benign,no_adverse_signal
alkindi-parts.com,2026-07-29,17,3.3927474104487847,0.0,1,0.5,-6.890086956521739,low,0.6087,3,0.8461538461538461,True,NOERROR,1,14440,0,3,False,False,0,201684,OM,False,"TUCOWS.COM, CO.",3,365,True,0,False,False,,benign,no_adverse_signal
sivera.one,2026-07-29,10,2.584962500721156,0.0,0,1.0,-6.068311111111111,low,0.6154,1,1.0,True,NOERROR,1,3600,0,2,False,False,0,16509,US,False,"GoDaddy.com, LLC",3,365,True,0,False,False,,benign,no_adverse_signal
bind-arcus.xyz,2026-07-29,14,3.321928094887362,0.0,1,0.5,-7.297417647058824,high,0.5333,2,1.0,True,NOERROR,2,300,0,2,False,False,2,13335,US,False,"NICENIC INTERNATIONAL GROUP CO., LIMITED",3,365,False,0,False,True,,malicious,spamhaus_dbl
xjhhd.top,2026-07-29,9,1.9219280948873623,0.0,0,0.0,-10.870242857142857,high,0.3636,5,0.8,False,NOERROR,0,,0,4,False,False,0,,,,NameMart Pte. Ltd.,3,365,False,,,False,,benign,no_adverse_signal
broundgocarting.shop,2026-07-29,20,3.373557262275185,0.0,0,0.5,-6.549974074074074,low,0.5455,3,0.7333333333333333,True,NOERROR,2,60,2,2,True,False,2,47583,DE,False,,,,False,1,False,False,False,benign,no_adverse_signal
fairlyhired.com,2026-07-29,15,3.095795255000934,0.0,0,0.5714285714285714,-7.333115789473683,low,0.5556,4,0.8181818181818182,True,NOERROR,2,3600,1,2,True,False,0,16509,US,True,DropCatch.com 1228 LLC,3,365,False,54,False,False,,malicious,abuseipdb
gleamhub.company,2026-07-29,16,3.0,0.0,0,0.6,-7.222946153846153,low,0.5714,2,1.0,True,NOERROR,2,300,0,2,False,False,2,13335,US,False,,,,,0,False,False,,benign,no_adverse_signal
466pj.com,2026-07-29,9,1.9219280948873623,0.3333333333333333,0,0.0,-11.522628571428571,low,0.2667,2,0.8,True,NOERROR,1,600,0,2,False,False,0,400619,SC,False,"GMO Internet, Inc.",3,365,True,0,False,False,,benign,no_adverse_signal
jesseckles315.help,2026-07-29,18,2.9689185639620974,0.16666666666666666,0,0.42857142857142855,-7.972195652173913,low,0.4,3,0.6923076923076923,False,NXDOMAIN,0,,0,0,False,False,0,,,,"GMO Internet, Inc.",3,365,True,,,False,,benign,no_adverse_signal
laurafrasson.com,2026-07-29,16,2.8553885422075336,0.0,0,0.7142857142857143,-6.755804761904763,low,0.5455,2,0.6666666666666666,True,NOERROR,1,60,2,4,True,False,0,16509,IE,True,IONOS SE,3,365,True,0,False,False,False,benign,no_adverse_signal
edutamy.sbs,2026-07-29,11,2.807354922057604,0.0,0,0.75,-7.258472727272727,low,0.6154,2,1.0,False,NXDOMAIN,0,,0,0,False,False,0,,,,"HOSTINGER operations, UAB",3,365,False,,,False,,benign,no_adverse_signal
yorimichi-ippin.com,2026-07-29,19,2.9995812306460645,0.0,1,0.75,-7.222418518518519,low,0.4706,2,0.6666666666666666,True,NOERROR,1,3600,1,5,True,False,0,131965,JP,True,"GMO Internet, Inc.",3,365,True,0,False,False,False,benign,no_adverse_signal
visgotravels.com,2026-07-29,16,3.2516291673878226,0.0,0,0.5,-6.903809523809524,low,0.5517,2,0.8333333333333334,False,NOERROR,0,,3,2,True,False,0,,,,"ENOM, INC.",3,365,True,,,False,False,benign,no_adverse_signal
highway45.shop,2026-07-29,14,2.94770277922009,0.14285714285714285,0,0.4,-8.879413333333334,low,0.5,3,0.8888888888888888,False,NOERROR,0,,1,2,True,False,0,,,,,,,False,,,False,False,benign,no_adverse_signal
pgghh.vip,2026-07-29,9,1.5219280948873621,0.0,0,0.0,-9.863414285714285,low,0.6,5,0.6,True,NOERROR,8,300,0,2,False,False,0,40065,US,False,Dynadot Inc,3,365,True,0,False,False,,benign,no_adverse_signal
zorervionbikulvian.xyz,2026-07-29,22,3.4613201402110083,0.0,0,0.8,-7.268745454545455,high,0.4167,2,0.6666666666666666,True,NOERROR,2,300,0,2,False,False,2,13335,US,False,"NameSilo, LLC",3,365,True,0,False,False,,benign,no_adverse_signal
meritay.com.tr,2026-07-29,14,2.807354922057604,0.0,0,0.75,-6.176809090909091,low,0.6667,1,1.0,True,NOERROR,1,14400,1,2,True,False,0,207459,TR,True,,7,364,True,0,False,False,False,benign,no_adverse_signal
icystaropal7.beer,2026-07-29,17,3.418295834054489,0.058823529411764705,0,0.5714285714285714,-7.205352380952381,low,0.5714,4,0.9166666666666666,True,NOERROR,1,30,0,2,False,False,0,64013,SG,False,Dynadot Inc,3,365,True,0,False,False,,benign,no_adverse_signal
studentbvsco.com,2026-07-29,16,3.2516291673878226,0.0,0,0.3333333333333333,-7.455966666666667,low,0.5,6,0.8333333333333334,True,NOERROR,1,50,1,2,True,False,0,47583,CY,False,"HOSTINGER operations, UAB",3,365,False,35,False,False,False,benign,no_adverse_signal
rejupoj.icu,2026-07-29,11,2.5216406363433186,0.0,0,0.75,-8.643727272727274,low,0.4762,1,0.8571428571428571,True,NOERROR,2,300,0,2,False,False,2,13335,US,False,NAMECHEAP INC,3,365,True,0,False,False,,benign,no_adverse_signal
919100c.cc,2026-07-29,10,1.950212064914747,0.6,0,0.0,-10.104090909090909,low,0.2,1,0.5714285714285714,False,NOERROR,0,,0,2,False,False,0,,,,"NameSilo, LLC",4,365,True,,,False,,benign,no_adverse_signal
dcw7rsc.cn,2026-07-29,10,2.5216406363433186,0.1,0,0.0,-10.7782,low,0.5,3,0.8571428571428571,True,NOERROR,1,300,0,2,False,False,0,16509,US,False,厦门易名科技股份有限公司,66,365,False,0,False,False,,benign,no_adverse_signal
newenglandeyevets.com,2026-07-29,21,3.1248435485091473,0.0,0,0.5454545454545454,-6.839393548387097,low,0.4615,3,0.6470588235294118,True,NOERROR,1,900,1,2,True,False,0,54641,US,True,"TUCOWS.COM, CO.",1466,1826,True,0,False,False,False,benign,no_adverse_signal
projeatolyem.com,2026-07-29,16,3.2516291673878226,0.0,0,0.7142857142857143,-7.3465,low,0.5455,2,0.8333333333333334,True,NOERROR,2,600,0,2,False,False,0,16509,US,True,"GoDaddy.com, LLC",3,365,False,46,False,False,,benign,no_adverse_signal
dontforgetcom.com,2026-07-29,17,3.180832987205441,0.0,0,0.4444444444444444,-6.714034782608695,low,0.5,3,0.7692307692307693,True,NOERROR,2,600,0,2,False,False,0,16509,US,True,"GoDaddy.com, LLC",3,365,False,34,False,False,,benign,no_adverse_signal
m-kqt-mgtv.com,2026-07-29,14,2.721928094887362,0.0,2,0.0,-10.39155294117647,low,0.4,4,0.7,True,NOERROR,2,300,0,2,False,False,2,13335,US,False,"GMO Internet, Inc.",3,365,True,0,False,False,,benign,no_adverse_signal
shopify-tracker.com,2026-07-29,19,3.773557262275185,0.0,1,0.4,-7.071844444444444,low,0.64,2,0.9333333333333333,True,NOERROR,1,7200,1,3,True,False,1,24940,DE,True,Hetzner Online GmbH,3,365,True,0,False,False,False,benign,no_adverse_signal
skyislandlake.com,2026-07-29,17,3.0850551027564768,0.0,0,0.4444444444444444,-7.39504347826087,low,0.5263,3,0.6923076923076923,False,NOERROR,0,,0,2,False,False,0,,,,"GMO Internet, Inc.",3,365,True,,,False,,benign,no_adverse_signal
lescouleursdeblanche.fr,2026-07-29,23,3.384183719779189,0.0,0,0.6666666666666666,-6.833445945945946,low,0.5405,3,0.6,True,NOERROR,2,14400,2,2,True,False,0,13335,US,False,Hostinger operations UAB,2,1095,False,0,False,False,False,benign,no_adverse_signal
jishuxiazai.com,2026-07-29,15,2.8453509366224368,0.0,0,1.2,-8.166326315789474,low,0.4706,2,0.7272727272727273,True,NOERROR,1,3600,0,4,True,False,0,14618,US,True,CNOBIN INFORMATION TECHNOLOGY LIMITED,375,730,False,0,False,False,,benign,no_adverse_signal
balkon.guru,2026-07-29,11,2.584962500721156,0.0,0,0.5,-6.989388888888889,low,0.5714,2,1.0,True,NOERROR,1,297,1,2,True,False,0,133618,US,True,,,,,0,False,False,False,benign,no_adverse_signal
umniatjo.com,2026-07-29,12,3.0,0.0,0,1.0,-8.066361538461539,low,0.5455,2,1.0,True,NOERROR,2,60,2,2,True,False,2,47583,DE,False,"GoDaddy.com, LLC",3,365,False,2,False,False,False,benign,no_adverse_signal
allo-tv.se,2026-07-29,10,2.5216406363433186,0.0,1,0.5,-7.582681818181817,low,0.5333,2,0.8571428571428571,True,NOERROR,2,3600,0,2,False,False,0,39570,SE,False,Loopia AB,4,365,False,1,False,False,,benign,no_adverse_signal
nature-me.com,2026-07-29,13,2.94770277922009,0.0,1,1.0,-6.8782000000000005,low,0.8,1,0.8888888888888888,True,NOERROR,2,30,0,2,True,False,2,14618,US,True,DropCatch.com 1367 LLC,3,365,False,0,False,False,,benign,no_adverse_signal
bettenbrock.info,2026-07-29,16,2.9139770731827523,0.0,0,0.375,-6.747668421052632,medium,0.4762,3,0.7272727272727273,True,NOERROR,1,3600,4,4,True,False,1,8560,DE,True,,,,,0,False,False,False,benign,no_adverse_signal
