domain,date_collected,domain_length,shannon_entropy,digit_ratio,hyphen_count,vowel_consonant_ratio,ngram_score,tld_risk_category,typosquatting_similarity,longest_consonant_run,unique_char_ratio,resolves_flag,rcode,num_a_records,min_ttl,mx_count,num_ns,has_spf,cname_present,num_aaaa_records,asn,geo_country,ptr_present,registrar,domain_age_days,registration_duration_days,privacy_protection_flag,abuseipdb_score,spamhaus_zen_listed,spamhaus_dbl_listed,mx_spamhaus_zen_listed,label,label_reason
sdsports.com.au,2026-07-19,15,2.4056390622295662,0.0,0,0.14285714285714285,-6.620715384615385,low,0.625,4,0.75,True,NOERROR,1,14400,0,3,False,False,0,45638,AU,True,Synergy Wholesale Accreditations Pty Ltd,,,False,0,False,False,,benign,no_adverse_signal
amicus-warszawa.pl,2026-07-19,18,3.106890595608519,0.0,1,0.75,-7.7355481481481485,low,0.5,3,0.6666666666666666,True,NOERROR,2,300,0,2,False,False,0,13335,US,False,Dynadot LLC,1901,2191,False,0,False,False,,benign,no_adverse_signal
amnesiaclothing.co.uk,2026-07-19,21,3.506890595608518,0.0,0,0.6666666666666666,-6.634685185185186,low,0.5143,2,0.8,False,NOERROR,0,,3,2,True,False,0,,,,Ionos SE [Tag = 1AND1],9,365,False,,,False,False,benign,no_adverse_signal
tk-union.tv,2026-07-19,11,2.75,0.0,1,0.75,-7.830646153846154,low,0.5,2,0.875,True,NOERROR,2,300,1,2,True,False,2,13335,US,False,NAMECHEAP INC,15,365,True,0,False,False,False,benign,no_adverse_signal
settlementree.co,2026-07-19,16,2.4416298737872246,0.0,0,0.625,-6.38114347826087,low,0.5263,3,0.5384615384615384,True,NOERROR,2,21,0,4,False,False,0,,US,False,Porkbun,396,730,False,0,False,False,,benign,no_adverse_signal
ispot.co.nz,2026-07-19,11,2.321928094887362,0.0,0,0.6666666666666666,-6.4227,low,0.6667,2,1.0,True,NOERROR,1,3600,1,2,True,False,0,56030,NZ,False,1st Domains Limited,8117,,False,0,False,False,,benign,no_adverse_signal
pnyv40q.surf,2026-07-19,12,2.807354922057604,0.16666666666666666,0,0.0,-11.649545454545455,low,0.4,4,1.0,True,NOERROR,1,27,0,2,False,False,0,209242,US,False,Dynadot Inc,4,365,True,0,True,False,,malicious,spamhaus_zen
653889.xyz,2026-07-19,10,2.251629167387823,0.6,0,0.0,-10.100222222222222,high,0.4444,0,0.8333333333333334,True,NOERROR,2,300,0,2,False,False,2,13335,US,False,"Chengdu west dimension digital technology Co., LTD",4,365,True,0,False,False,,benign,no_adverse_signal
pincocasino-ler.ru,2026-07-19,18,3.3735572622751846,0.0,1,0.75,-6.7013185185185185,low,0.5,2,0.7333333333333333,True,NOERROR,1,3600,0,2,True,False,0,59692,AE,True,DOMAINSHOP-RU,4,365,False,0,False,False,,benign,no_adverse_signal
tekenennaarbinnen.nl,2026-07-19,20,2.5868878409958143,0.0,0,0.7,-6.987222580645161,low,0.4286,2,0.47058823529411764,True,NOERROR,1,7200,0,4,False,False,1,60781,NL,False,RegistrarHub,5,,False,0,False,False,,benign,no_adverse_signal
kkk11.cc,2026-07-19,8,0.9709505944546686,0.25,0,0.0,-10.233342857142857,low,0.3636,3,0.4,True,NOERROR,2,300,0,2,False,False,2,13335,US,False,"NameSilo, LLC",9,365,True,0,False,False,,benign,no_adverse_signal
ismaelvarela.com.br,2026-07-19,19,2.8553885422075336,0.0,0,1.0,-7.1796476190476195,low,0.5,2,0.6666666666666666,False,NOERROR,0,,1,2,True,False,0,,,,,5,731,False,,,False,,benign,no_adverse_signal
kilat77ftxjp.site,2026-07-19,17,3.2516291673878226,0.11764705882352941,0,0.25,-9.655647619047619,medium,0.381,5,0.8333333333333334,True,NOERROR,2,300,0,2,False,False,2,13335,US,False,"GoDaddy.com, LLC",4,365,False,0,False,False,,benign,no_adverse_signal
agbnhc281.vip,2026-07-19,13,3.169925001442312,0.23076923076923078,0,0.2,-10.494253333333335,low,0.375,5,1.0,True,NOERROR,1,60,0,2,False,True,0,38186,HK,True,Dynadot Inc,4,365,True,0,True,True,,malicious,spamhaus_zen
bug9.cn,2026-07-19,7,2.0,0.14285714285714285,0,0.5,-10.1777,low,0.5,1,1.0,False,timeout,0,,0,0,False,False,0,,,,北京新网数码信息技术有限公司,4,365,False,,,False,,benign,no_adverse_signal
lmbagency.co,2026-07-19,12,3.169925001442312,0.0,0,0.2857142857142857,-7.327306666666667,low,0.5714,3,1.0,True,NOERROR,2,41,0,4,False,False,0,,US,False,Porkbun,397,730,False,0,False,False,,benign,no_adverse_signal
intellinetwork.uk,2026-07-19,17,3.09306920777189,0.0,0,0.5555555555555556,-5.9516160000000005,low,0.5714,2,0.6428571428571429,True,NOERROR,1,300,1,2,False,False,0,16276,FR,True,Intellisupport Limited [Tag = INTELLIDOMAINS],2643,2922,False,11,False,False,,benign,no_adverse_signal
daddycool.io,2026-07-19,12,2.4193819456463714,0.0,0,0.5,-7.370153333333334,low,0.625,4,0.6666666666666666,False,SERVFAIL,0,,0,0,False,False,0,,,,"Sav.com, LLC",12,365,True,,,False,,benign,no_adverse_signal
keyman.cc,2026-07-19,9,2.584962500721156,0.0,0,0.5,-7.013044444444445,low,0.5455,2,1.0,False,NOERROR,0,,1,2,True,False,0,,,,NAMECHEAP INC,10,365,True,,,False,False,benign,no_adverse_signal
ly887.vip,2026-07-19,9,1.9219280948873623,0.3333333333333333,0,0.0,-10.070285714285715,low,0.4,2,0.8,True,NOERROR,1,1,0,2,False,True,0,202412,US,False,Dynadot Inc,4,365,True,0,True,True,,malicious,spamhaus_zen
548698.xyz,2026-07-19,10,2.2516291673878226,0.6,0,0.0,-11.815166666666666,high,0.2222,0,0.8333333333333334,True,NOERROR,2,300,0,2,False,False,2,13335,US,False,"Chengdu west dimension digital technology Co., LTD",4,365,True,0,False,False,,benign,no_adverse_signal
logistikweiterbildung.de,2026-07-19,24,3.6304126608739975,0.0,0,0.6153846153846154,-7.0157948717948715,low,0.4,2,0.6666666666666666,True,NOERROR,1,3600,0,2,False,False,0,24940,DE,True,,,,False,0,False,False,,benign,no_adverse_signal
spellbranding.ro,2026-07-19,16,3.3927474104487847,0.0,0,0.3,-6.498221739130435,low,0.5714,4,0.8461538461538461,True,NOERROR,2,300,0,2,False,False,2,13335,US,False,Netim,8,,False,0,False,False,,benign,no_adverse_signal
ck22222.ws,2026-07-19,10,1.1488348542809166,0.5,0,0.0,-9.725945454545455,low,0.3333,2,0.42857142857142855,True,NOERROR,2,300,0,2,False,False,2,13335,US,False,Dynadot,13,365,False,0,False,False,,benign,no_adverse_signal
vidaalcalina.com.br,2026-07-19,19,2.5849625007211556,0.0,0,1.0,-6.61102380952381,low,0.5263,2,0.5833333333333334,True,NOERROR,1,1800,2,2,True,False,1,47583,BR,False,,3333,3652,False,0,False,False,False,benign,no_adverse_signal
lavra.academy,2026-07-19,13,1.9219280948873623,0.0,0,0.6666666666666666,-7.7699428571428575,low,0.6,2,0.8,True,NOERROR,2,2,0,4,False,False,0,,US,False,,,,,0,False,False,,benign,no_adverse_signal
yaryna.style,2026-07-19,12,1.9182958340544893,0.0,0,0.5,-7.475588888888889,low,0.5455,3,0.6666666666666666,True,NOERROR,2,1799,5,2,True,False,0,16509,US,False,,,,,0,False,False,False,benign,no_adverse_signal
frenos.com.mx,2026-07-19,13,2.584962500721156,0.0,0,0.5,-6.394833333333334,low,0.6667,2,1.0,True,NOERROR,1,3600,1,2,False,False,0,40021,US,True,NEUBOX Internet SA de CV,8,365,False,2,False,False,False,benign,no_adverse_signal
jenningsdepriest.org,2026-07-19,20,3.1556390622295662,0.0,0,0.45454545454545453,-6.834148275862069,low,0.56,4,0.625,True,NOERROR,4,14400,0,4,True,False,0,53831,US,False,Squarespace Domains LLC,3,1096,True,15,False,False,,benign,no_adverse_signal
large83.ru,2026-07-19,10,2.807354922057604,0.2,0,0.6666666666666666,-8.612272727272726,low,0.5,2,1.0,True,NOERROR,1,3600,2,2,False,False,1,197695,RU,True,REGRU-RU,4,365,False,0,False,False,False,benign,no_adverse_signal
gathr31.me,2026-07-19,10,2.807354922057604,0.2,0,0.25,-8.701036363636364,low,0.5714,3,1.0,True,NOERROR,1,14400,1,2,True,False,0,50474,FR,True,ONLINE SAS,5,365,True,0,False,False,False,benign,no_adverse_signal
kfo-ostschweiz.ch,2026-07-19,17,3.521640636343319,0.0,1,0.4444444444444444,-7.9199720000000005,low,0.4211,6,0.8571428571428571,False,NOERROR,0,,0,3,False,False,0,,,,,,,False,,,False,,benign,no_adverse_signal
floor-planner.ai,2026-07-19,16,3.085055102756477,0.0,1,0.5,-6.8437,low,0.5263,2,0.6923076923076923,False,NOERROR,0,,0,2,False,False,0,,,,"Cloudflare, Inc",4,731,True,,,False,,benign,no_adverse_signal
jwardphotography.co.uk,2026-07-19,22,3.375,0.0,0,0.3333333333333333,-7.4269,low,0.5,4,0.6875,True,NOERROR,2,300,0,2,False,False,2,13335,US,False,Porkbun LLC [Tag = PORKBUN],10,365,False,0,False,False,,benign,no_adverse_signal
gyron-shunfaqipai.com.cn,2026-07-19,24,3.734521664779752,0.0,1,0.6,-8.090596774193548,low,0.4,3,0.8235294117647058,True,NOERROR,1,600,0,2,False,False,0,58658,US,False,北京新网数码信息技术有限公司,9,365,False,0,False,False,,benign,no_adverse_signal
milusio.pl,2026-07-19,10,2.5216406363433186,0.0,0,1.3333333333333333,-6.816745454545455,low,0.7273,1,0.8571428571428571,True,NOERROR,1,21600,1,2,True,False,0,48707,PL,False,Aftermarket.pl Limited,5,365,False,0,False,False,False,benign,no_adverse_signal
metagroup.co.za,2026-07-19,15,3.169925001442312,0.0,0,0.8,-6.478613333333333,low,0.5882,2,1.0,True,NOERROR,2,3600,1,2,True,False,0,16509,US,True,Frikkadel.co.za,15,365,False,56,False,False,,malicious,abuseipdb
60070.cn,2026-07-19,8,1.3709505944546687,0.625,0,0.0,-10.811157142857143,low,0.5,0,0.6,True,NOERROR,1,1,0,2,False,False,0,400619,HK,False,昆明乐网数码科技有限公司,117,365,False,0,True,False,,malicious,spamhaus_zen
icepm.ru,2026-07-19,8,2.321928094887362,0.0,0,0.6666666666666666,-7.2655142857142865,low,0.5455,2,1.0,True,NOERROR,2,300,0,2,False,False,2,13335,US,False,REGTIME-RU,4,365,False,0,False,False,,benign,no_adverse_signal
memia.de,2026-07-19,8,1.9219280948873623,0.0,0,1.5,-6.837814285714286,low,0.8,1,0.8,True,NOERROR,1,3600,0,2,False,False,0,24940,DE,True,,,,False,0,False,False,,benign,no_adverse_signal
lfzyhs.buzz,2026-07-19,11,2.584962500721156,0.0,0,0.0,-10.679755555555555,high,0.4286,6,1.0,False,NXDOMAIN,0,,0,0,False,False,0,,,,"NameSilo, LLC",4,365,True,,,False,,benign,no_adverse_signal
ptaldecor.shop,2026-07-19,14,3.169925001442312,0.0,0,0.5,-6.552899999999999,low,0.5714,2,1.0,True,NOERROR,1,300,0,2,False,False,0,,GE,False,,,,False,0,False,False,,benign,no_adverse_signal
swht.com.cn,2026-07-19,11,2.0,0.0,0,0.0,-9.78946,low,0.5714,4,1.0,True,NOERROR,2,300,0,2,False,False,2,13335,US,False,北京新网数码信息技术有限公司,11,365,False,0,False,False,,benign,no_adverse_signal
zeldapositive.ru,2026-07-19,16,3.3927474104487847,0.0,0,0.8571428571428571,-6.796056521739131,low,0.5455,2,0.8461538461538461,True,NOERROR,1,3600,1,2,True,False,0,214790,EE,True,BEGET-RU,3,365,False,0,False,False,False,benign,no_adverse_signal
shinmon.me,2026-07-19,10,2.521640636343318,0.0,0,0.4,-6.604845454545455,low,0.6667,2,0.8571428571428571,True,NOERROR,2,300,0,2,False,False,2,13335,US,False,Dynadot Inc,10,365,True,0,False,False,,benign,no_adverse_signal
dehelp.de,2026-07-19,9,2.2516291673878226,0.0,0,0.5,-7.277488888888889,low,0.6,2,0.8333333333333334,True,NOERROR,1,86400,0,0,False,False,0,14061,DE,False,,,,False,0,False,False,,benign,no_adverse_signal
guachang.cc,2026-07-19,11,2.5,0.0,0,0.6,-6.666853846153846,low,0.5333,2,0.75,True,NOERROR,2,300,0,2,False,False,2,13335,US,False,Gname.com Pte. Ltd.,5,365,True,0,False,False,,benign,no_adverse_signal
daiyun88.net,2026-07-19,12,2.75,0.16666666666666666,0,1.0,-8.400615384615385,low,0.7143,1,0.875,False,NOERROR,0,,0,2,False,False,0,,,,SGADDRESS PTE. LTD,5,365,False,,,False,,benign,no_adverse_signal
678539.cc,2026-07-19,9,2.584962500721156,0.6666666666666666,0,0.0,-11.131666666666668,low,0.4444,0,1.0,True,NOERROR,2,300,0,2,False,False,2,13335,US,False,"Spaceship, Inc.",5,365,False,0,False,False,,benign,no_adverse_signal
waisong.cn,2026-07-19,10,2.807354922057604,0.0,0,0.75,-6.620927272727273,low,0.5714,2,1.0,True,NOERROR,1,300,0,0,False,False,0,139293,HK,False,阿里云计算有限公司（万网）,7025,7305,False,0,False,False,,benign,no_adverse_signal
irwinn.pl,2026-07-19,9,1.9182958340544896,0.0,0,0.5,-7.431777777777778,low,0.6154,2,0.6666666666666666,True,NOERROR,2,300,0,2,False,False,0,13335,US,False,Dynadot LLC,208,365,False,0,False,False,,benign,no_adverse_signal
moonpool.eu,2026-07-19,11,2.0,0.0,0,1.0,-6.917992307692307,low,0.5,2,0.625,False,NOERROR,0,,0,3,False,False,0,,,,Rackhost Zrt.,,,False,,,False,,benign,no_adverse_signal
partstore.com.ua,2026-07-19,16,2.725480556997868,0.0,0,0.5,-5.922606666666667,low,0.6364,4,0.7777777777777778,True,NOERROR,1,300,0,3,False,False,0,43896,UA,True,ФОП Скуріхін Микола Володимирович,11,365,False,0,False,False,,benign,no_adverse_signal
emu-schule-ulm.de,2026-07-19,17,2.8962915290459277,0.0,2,0.7142857142857143,-8.22962,low,0.3846,3,0.5714285714285714,True,NOERROR,3,14400,1,2,True,False,0,63949,US,True,,,,False,0,False,False,False,benign,no_adverse_signal
pizzeriatoscana-weinheim.de,2026-07-19,27,3.6887218755408675,0.0,1,0.9166666666666666,-7.269108888888889,low,0.4103,2,0.625,True,NOERROR,2,300,0,2,False,False,2,13335,US,False,,,,False,0,False,False,,benign,no_adverse_signal
ql272zb.vip,2026-07-19,11,2.5216406363433186,0.2727272727272727,0,0.0,-12.01489090909091,low,0.4,2,0.8571428571428571,True,NOERROR,1,10,0,2,False,False,1,16509,HK,True,Dynadot Inc,4,365,True,0,False,False,,benign,no_adverse_signal
xtudoexpressibo.online,2026-07-19,22,3.373557262275185,0.0,0,0.6666666666666666,-7.233307407407407,medium,0.56,3,0.7333333333333333,True,NOERROR,1,300,0,4,False,False,0,13335,DE,True,"Name.com, Inc.",4,365,False,49,False,False,,benign,no_adverse_signal
lavivo.ai,2026-07-19,9,2.2516291673878226,0.0,0,1.0,-7.097044444444445,low,0.6,1,0.8333333333333334,True,NOERROR,2,3600,0,2,False,False,0,16509,US,True,"GoDaddy.com, LLC",4,731,True,23,False,False,,benign,no_adverse_signal
veselasvatba.cz,2026-07-19,15,2.688721875540867,0.0,0,0.7142857142857143,-7.05657619047619,low,0.5,2,0.5833333333333334,True,NOERROR,1,600,0,2,False,False,0,14061,NL,False,REG-KEYSYSTEMS,15,364,False,0,False,False,,benign,no_adverse_signal
jlygd.com.cn,2026-07-19,12,2.321928094887362,0.0,0,0.0,-10.515528571428572,low,0.4444,5,1.0,True,NOERROR,1,1,0,2,False,False,0,40065,US,False,上海福虎信息科技有限公司,7,365,False,0,False,False,,benign,no_adverse_signal
fingerholeelbow.christmas,2026-07-19,25,3.323231428797621,0.0,0,0.6666666666666666,-6.934203703703703,low,0.48,2,0.7333333333333333,True,NOERROR,2,300,0,2,False,False,2,13335,US,False,NAMECHEAP INC,4,365,True,0,False,False,,benign,no_adverse_signal
sportsbook.com.co,2026-07-19,17,2.6464393446710153,0.0,0,0.42857142857142855,-6.590452941176471,low,0.5882,4,0.7,True,NOERROR,2,300,0,2,False,False,0,16509,US,True,"Spaceship, Inc.",17,365,False,0,False,False,,benign,no_adverse_signal
essentielle-sens.fr,2026-07-19,19,2.524397470347699,0.0,1,0.6666666666666666,-6.4123758620689655,low,0.4615,2,0.4375,False,NOERROR,0,,3,2,True,False,0,,,,GANDI,7,364,False,,,False,False,benign,no_adverse_signal
8198.pw,2026-07-19,7,1.5,0.5714285714285714,0,0.0,-10.3547,low,0.2857,0,0.75,True,NOERROR,5,600,0,2,False,True,0,18186,US,False,Gname.com Pte. Ltd.,6,365,True,0,False,False,,benign,no_adverse_signal
ryan-iot-bms.online,2026-07-19,19,3.418295834054489,0.0,2,0.42857142857142855,-8.30515238095238,medium,0.4444,3,0.9166666666666666,True,NOERROR,2,300,5,2,True,False,2,13335,US,False,NAMECHEAP INC,4,365,True,0,False,False,False,benign,no_adverse_signal
solewrenchportal.click,2026-07-19,22,3.5,0.0,0,0.45454545454545453,-6.903920689655172,medium,0.5143,4,0.75,True,NOERROR,2,300,0,2,False,False,2,13335,US,False,"Dynadot, LLC",3,365,False,0,False,False,,benign,no_adverse_signal
suissmyaxa-usersyidf69.site,2026-07-19,27,3.5680843243447136,0.07407407407407407,1,0.5833333333333334,-8.58370975609756,medium,0.4103,4,0.6363636363636364,True,NOERROR,1,3600,0,0,False,False,0,202051,CH,False,INWX GmbH,4,365,True,0,False,False,,benign,no_adverse_signal
as368.cn,2026-07-19,8,2.321928094887362,0.375,0,1.0,-9.313814285714285,low,0.5,1,1.0,False,timeout,0,,0,0,False,False,0,,,,武汉物与伦比科技有限公司,386,730,False,,,False,,benign,no_adverse_signal
jabreu.com.br,2026-07-19,13,2.584962500721156,0.0,0,1.0,-7.434655555555556,low,0.5455,2,1.0,False,NOERROR,0,,1,2,False,False,0,,,,,474,730,False,,,False,False,benign,no_adverse_signal
wuwa.plus,2026-07-19,9,1.5,0.0,0,1.0,-10.05526,low,0.6,1,0.75,False,NOERROR,0,,0,2,False,False,0,,,,,,,,,,False,,benign,no_adverse_signal
masshemd-hamburg-shop.de,2026-07-19,24,3.5225715891363594,0.0,2,0.35714285714285715,-7.662035897435897,low,0.4,3,0.6190476190476191,True,NOERROR,2,300,0,2,False,False,2,13335,US,False,,,,False,0,False,False,,benign,no_adverse_signal
advertisingcommunity.in,2026-07-19,23,3.7841837197791888,0.0,0,0.5384615384615384,-6.646624324324324,low,0.5882,3,0.75,True,NOERROR,2,3600,0,2,False,False,0,16509,US,True,GoDaddy,4,365,False,23,False,False,,benign,no_adverse_signal
lauryn.email,2026-07-19,12,2.584962500721156,0.0,0,0.5,-7.554366666666667,low,0.6154,3,1.0,True,NOERROR,2,3600,0,2,False,False,0,16509,US,True,,,,,23,False,False,,benign,no_adverse_signal
monroecountywvdems.org,2026-07-19,22,3.5724312513221195,0.0,0,0.5,-7.839803030303031,low,0.4848,6,0.7222222222222222,True,NOERROR,1,1800,5,2,True,False,0,22612,US,False,NAMECHEAP INC,4,365,True,0,False,False,False,benign,no_adverse_signal
guptaglobal.in,2026-07-19,14,2.9139770731827523,0.0,0,0.5714285714285714,-7.254468421052632,low,0.6667,2,0.7272727272727273,True,NOERROR,1,86400,0,4,False,False,1,13335,CA,True,Tucows Domains Inc.,15,365,False,0,False,False,,benign,no_adverse_signal
koftecifreshfood-berlin.de,2026-07-19,26,3.729446194905257,0.0,1,0.5714285714285714,-7.276683720930233,low,0.4,3,0.6521739130434783,True,NOERROR,2,300,0,2,False,False,0,16509,IE,True,,,,False,0,False,False,,benign,no_adverse_signal
sberseller-perfluence.ru,2026-07-19,24,3.105672184271432,0.0,1,0.5384615384615384,-6.905889743589744,low,0.4,3,0.5238095238095238,False,NOERROR,0,,1,2,True,False,0,,,,REGRU-RU,5,365,False,,,False,False,benign,no_adverse_signal
groupes.la,2026-07-19,10,2.807354922057604,0.0,0,0.75,-6.625045454545455,low,0.6,2,1.0,True,NOERROR,2,300,0,2,False,False,2,13335,US,False,Namecheap,17,365,False,0,False,False,,benign,no_adverse_signal
roman98.info,2026-07-19,12,2.807354922057604,0.16666666666666666,0,0.6666666666666666,-8.136581818181817,medium,0.5455,1,1.0,True,NOERROR,1,1800,5,2,True,False,0,22612,US,False,,,,,0,False,False,False,benign,no_adverse_signal
resultat-val2014.eu,2026-07-19,19,3.625,0.21052631578947367,1,0.5714285714285714,-8.087020689655173,low,0.4242,2,0.8125,True,NOERROR,2,300,1,2,True,False,2,13335,US,False,"Dynadot, LLC",,,False,0,False,False,False,benign,no_adverse_signal
xn--80ajbfrkmajlcgvf.xn--p1ai,2026-07-19,29,3.9219280948873623,0.10344827586206896,4,0.14285714285714285,-9.996962162162163,low,0.3871,6,0.8,True,NOERROR,2,300,1,2,False,False,0,48287,RU,False,,,,,0,False,False,False,benign,no_adverse_signal
sexymilfs.de,2026-07-19,12,2.94770277922009,0.0,0,0.2857142857142857,-8.1976,low,0.5,3,0.8888888888888888,True,NOERROR,1,1800,0,2,False,False,0,398101,US,True,,,,False,0,False,False,,benign,no_adverse_signal
walden48.de,2026-07-19,11,3.0,0.18181818181818182,0,0.5,-8.125538461538461,low,0.5714,2,1.0,True,NOERROR,2,300,0,2,False,False,2,13335,US,False,,,,False,0,False,False,,benign,no_adverse_signal
karacaware.shop,2026-07-19,15,2.321928094887362,0.0,0,1.0,-6.587335294117647,low,0.5263,1,0.6,True,NOERROR,1,300,0,2,False,False,0,199242,US,False,,,,False,0,False,False,,benign,no_adverse_signal
post-code.eu,2026-07-19,12,2.94770277922009,0.0,1,0.6,-6.695446666666667,low,0.5333,2,0.8888888888888888,True,NOERROR,1,14400,0,2,False,False,0,136258,US,False,Scaleway SAS,,,False,0,False,False,,benign,no_adverse_signal
account-protection.info,2026-07-19,23,3.266332639970623,0.0,1,0.7,-6.593854545454545,medium,0.5625,2,0.6111111111111112,True,NOERROR,3,300,1,2,True,False,0,396982,ID,True,,,,,0,False,True,,malicious,spamhaus_dbl
consolefix.se,2026-07-19,13,3.121928094887362,0.0,0,0.6666666666666666,-6.791005882352941,low,0.5263,2,0.9,True,NOERROR,2,3600,0,2,False,False,0,39570,SE,False,Loopia AB,4,365,False,2,False,False,,benign,no_adverse_signal
capazcafe.ca,2026-07-19,12,2.4193819456463714,0.0,0,0.8,-7.716933333333333,low,0.6667,2,0.6666666666666666,False,NOERROR,0,,3,2,True,False,0,,,,GANDI SAS,12,365,True,,,False,False,benign,no_adverse_signal
fxc.eu,2026-07-19,6,1.584962500721156,0.0,0,0.0,-9.7626,low,0.6667,3,1.0,True,NOERROR,1,3600,0,2,False,False,0,24940,DE,True,QE GmbH & Co. KG,,,False,0,False,False,,benign,no_adverse_signal
testbook.online,2026-07-19,15,2.5,0.0,0,0.6,-6.496007692307692,medium,0.625,3,0.75,True,NOERROR,1,21600,1,4,True,False,1,210403,FR,False,Ligne Web Services SAS dba LWS,4,365,False,0,False,False,False,benign,no_adverse_signal
jppoe.cn,2026-07-19,8,1.9219280948873623,0.0,0,0.6666666666666666,-8.9809,low,0.6,3,0.8,True,NOERROR,1,900,0,2,False,False,0,132839,SC,False,北京新网数码信息技术有限公司,5,365,False,0,False,False,,benign,no_adverse_signal
iipg.in,2026-07-19,7,1.5,0.0,0,1.0,-9.18214,low,0.5714,2,0.75,True,NOERROR,1,50,0,2,False,False,0,47583,CY,False,"HOSTINGER operations, UAB",5,365,False,32,False,False,,benign,no_adverse_signal
livleague.ca,2026-07-19,12,2.725480556997868,0.0,0,1.25,-7.611153333333333,low,0.6154,2,0.7777777777777778,True,NOERROR,1,3600,0,2,False,False,0,398101,US,True,"Go Daddy Domains Canada, Inc",5,1096,True,0,False,False,,benign,no_adverse_signal
aliceviagens.com.br,2026-07-19,19,3.0849625007211556,0.0,0,1.0,-6.552028571428572,low,0.5556,2,0.75,False,NOERROR,0,,1,2,True,False,0,,,,,17,365,False,,,False,,benign,no_adverse_signal
vocora.app,2026-07-19,10,2.2516291673878226,0.0,0,1.0,-6.58348888888889,low,0.5455,1,0.8333333333333334,True,NOERROR,1,3600,2,4,True,False,1,8560,DE,True,,,,False,0,False,False,False,benign,no_adverse_signal
rogerspllc.co,2026-07-19,13,2.9219280948873623,0.0,0,0.25,-7.223376470588235,low,0.4706,6,0.8,True,NOERROR,2,600,0,2,False,False,0,16509,US,True,"GoDaddy.com, LLC",6,731,False,35,False,False,,benign,no_adverse_signal
rovagear.co,2026-07-19,11,2.5,0.0,0,1.0,-6.821061538461539,low,0.625,1,0.75,True,NOERROR,1,600,0,2,False,False,0,13335,CA,True,"GoDaddy.com, LLC",5,365,False,0,False,False,,benign,no_adverse_signal
celestiaskinlc.store,2026-07-19,20,3.09306920777189,0.0,0,0.5555555555555556,-6.710807999999999,low,0.5333,3,0.6428571428571429,True,NOERROR,1,3600,2,4,True,False,1,13335,CA,True,,,,False,0,False,False,False,benign,no_adverse_signal
haschildrensfoundation.net,2026-07-19,26,3.6978458230844113,0.0,0,0.5714285714285714,-6.60789756097561,low,0.5238,3,0.6363636363636364,True,NOERROR,1,300,2,2,True,False,0,47583,GB,True,"HOSTINGER operations, UAB",4,731,False,0,False,False,False,benign,no_adverse_signal
lenball168.biz,2026-07-19,14,2.8464393446710154,0.21428571428571427,0,0.4,-7.933123529411765,low,0.4444,2,0.8,True,NOERROR,2,300,0,2,False,False,2,13335,US,False,"Spaceship, Inc.",4,,True,0,False,False,,benign,no_adverse_signal
justfone.in,2026-07-19,11,3.0,0.0,0,0.6,-6.840176923076924,low,0.5455,3,1.0,True,NOERROR,1,1800,0,2,False,False,0,16509,US,False,"Spaceship, Inc.",10,365,False,0,False,False,,benign,no_adverse_signal
cursosevagas.com.br,2026-07-19,19,3.0220552088742005,0.0,0,0.7142857142857143,-7.106890476190476,low,0.5,2,0.75,False,SERVFAIL,0,,0,0,False,False,0,,,,,788,1095,False,,,False,,benign,no_adverse_signal
2028ash.org,2026-07-19,11,2.5216406363433186,0.36363636363636365,0,0.5,-9.468527272727274,low,0.4,2,0.8571428571428571,False,SERVFAIL,0,,0,0,False,False,0,,,,NOM-IQ Ltd dba Com Laude,4,365,True,,,False,,benign,no_adverse_signal
circuitars.live,2026-07-19,15,2.721928094887362,0.0,0,0.6666666666666666,-7.145523529411765,low,0.5882,2,0.7,True,NOERROR,2,300,0,2,False,False,2,13335,US,False,,,,False,0,False,False,,benign,no_adverse_signal
lsc.works,2026-07-19,9,1.584962500721156,0.0,0,0.0,-7.3214,low,0.6667,3,1.0,False,NOERROR,0,,0,2,False,False,0,,,,,,,,,,False,,benign,no_adverse_signal
08590.cn,2026-07-19,8,1.9219280948873623,0.625,0,0.0,-10.685142857142855,low,0.25,0,0.8,False,NOERROR,0,,0,2,False,False,0,,,,北京新网数码信息技术有限公司,7,365,False,,,False,,benign,no_adverse_signal
amagu.cl,2026-07-19,8,1.9219280948873623,0.0,0,1.5,-6.601428571428571,low,0.5455,1,0.8,True,NOERROR,1,3600,0,2,False,False,1,13335,CA,True,NIC Chile,122,731,False,0,False,False,,benign,no_adverse_signal
mediat009.space,2026-07-19,15,2.9477027792200903,0.2,0,1.0,-8.27684,low,0.7143,1,0.8888888888888888,True,NOERROR,1,14400,0,2,False,False,0,135905,VN,False,"HOSTINGER operations, UAB",4,365,False,0,False,False,,benign,no_adverse_signal
thecraftshopdotnet.store,2026-07-19,24,3.3921472236645345,0.0,0,0.38461538461538464,-7.107857575757576,low,0.4375,4,0.6666666666666666,True,NOERROR,1,86400,0,2,False,False,0,16509,US,True,,,,False,0,False,False,,benign,no_adverse_signal
smekal.cz,2026-07-19,9,2.584962500721156,0.0,0,0.5,-7.2932555555555565,low,0.6,2,1.0,True,NOERROR,1,3600,1,2,False,False,0,20473,GB,True,REG-WEDOS,3724,4016,False,0,False,False,False,benign,no_adverse_signal
zivo.pl,2026-07-19,7,2.0,0.0,0,1.0,-8.08022,low,0.5714,1,1.0,True,NOERROR,1,21600,1,2,True,False,0,48707,PL,False,Aftermarket.pl Limited,7,365,False,0,False,False,False,benign,no_adverse_signal
rl-portal.re,2026-07-19,12,2.725480556997868,0.0,1,0.3333333333333333,-7.031006666666667,low,0.5333,2,0.7777777777777778,False,NOERROR,0,,2,4,True,False,1,,,,Realtime Register B.V.,,,False,,,False,False,benign,no_adverse_signal
dailygrandjunction.news,2026-07-19,23,3.5724312513221195,0.0,0,0.5,-7.084463636363636,low,0.6207,4,0.7222222222222222,False,NOERROR,0,,0,2,True,False,0,,,,,,,,,,False,,benign,no_adverse_signal
yachtshares.ca,2026-07-19,14,2.9139770731827523,0.0,0,0.375,-6.68098947368421,low,0.4762,5,0.7272727272727273,True,NOERROR,1,14440,1,2,True,False,0,16276,CA,True,WHC Online Solutions Inc.,5,365,True,0,False,False,False,benign,no_adverse_signal
rechord.co.uk,2026-07-19,13,2.5216406363433186,0.0,0,0.4,-6.231145454545454,low,0.5714,2,0.8571428571428571,True,NOERROR,1,300,0,4,False,False,0,396982,US,True,Gandi [Tag = GANDI],12,365,False,0,False,False,,benign,no_adverse_signal
aaservicesltd.co.nz,2026-07-19,19,3.238901256602631,0.0,0,0.625,-6.878908695652174,low,0.6923,4,0.7692307692307693,True,NOERROR,4,14400,1,4,True,False,0,53831,US,False,Key-Systems GmbH,5,,False,15,False,False,False,benign,no_adverse_signal
ticketfest.com.br,2026-07-19,17,2.6464393446710153,0.0,0,0.42857142857142855,-6.679323529411765,low,0.5714,2,0.7,False,NOERROR,0,,1,2,True,False,0,,,,,5,,False,,,False,,benign,no_adverse_signal
ourhomestory.in,2026-07-19,15,3.0220552088742,0.0,0,0.7142857142857143,-6.478438095238095,low,0.5714,2,0.75,False,NOERROR,0,,0,2,False,False,0,,,,"Dynadot, LLC",11,365,False,,,False,,benign,no_adverse_signal
brgarden.co.uk,2026-07-19,14,2.75,0.0,0,0.3333333333333333,-7.026176923076923,low,0.6154,3,0.875,True,NOERROR,1,10800,2,3,True,False,0,29169,FR,True,Gandi [Tag = GANDI],7,365,False,0,False,False,False,benign,no_adverse_signal
888hoki923jp.live,2026-07-19,17,3.188721875540867,0.35294117647058826,0,0.5,-10.583123809523808,low,0.3333,2,0.8333333333333334,True,NOERROR,2,300,0,2,False,False,2,13335,US,False,,,,False,0,False,False,,benign,no_adverse_signal
droughtmasters.org,2026-07-19,18,3.378783493486176,0.0,0,0.4,-6.693664,low,0.5714,4,0.7857142857142857,True,NOERROR,2,3600,0,2,False,False,0,16509,US,True,"GoDaddy.com, LLC",3,365,False,23,False,False,,benign,no_adverse_signal
dhigurah-retreat-beach.site,2026-07-19,27,3.4130884364257574,0.0,2,0.6666666666666666,-7.413580487804878,medium,0.4103,2,0.5454545454545454,True,NOERROR,2,300,0,2,False,False,2,13335,US,False,Porkbun LLC,4,365,False,0,False,False,,benign,no_adverse_signal
bartcodes.net,2026-07-19,13,3.169925001442312,0.0,0,0.5,-6.46916,low,0.7059,3,1.0,True,NOERROR,1,300,0,2,False,False,0,16509,US,True,"Cloudflare, Inc.",4,365,True,30,False,False,,benign,no_adverse_signal
ilser.by,2026-07-19,8,2.321928094887362,0.0,0,0.6666666666666666,-6.476828571428571,low,0.6,2,1.0,True,NOERROR,1,3600,1,4,True,False,0,16276,FR,True,"TriIncom, Ltd",8,365,True,0,False,False,False,benign,no_adverse_signal
unechicfille.fr,2026-07-19,15,2.9182958340544896,0.0,0,0.7142857142857143,-6.829542857142857,low,0.4762,2,0.6666666666666666,False,NOERROR,0,,3,2,True,False,0,,,,GANDI,14,364,False,,,False,False,benign,no_adverse_signal
rrstudio.pl,2026-07-19,11,2.75,0.0,0,0.6,-7.0244,low,0.6,4,0.875,True,NOERROR,1,86400,0,2,False,False,0,60713,PL,False,PERSKIMEDIA Szymon Perski,15,365,False,0,False,False,,benign,no_adverse_signal
joyway.com.tw,2026-07-19,13,2.2516291673878226,0.0,0,0.5,-8.213355555555555,low,0.4615,2,0.8333333333333334,True,NOERROR,2,300,0,2,False,False,2,13335,US,False,Dynadot LLC,11,365,True,0,False,False,,benign,no_adverse_signal
755bd.club,2026-07-19,10,1.9219280948873623,0.3,0,0.0,-10.747357142857142,low,0.4,2,0.8,True,NOERROR,2,300,0,2,False,False,2,13335,US,False,Dynadot Inc,3,365,True,0,False,False,,benign,no_adverse_signal
citybrandz.pk,2026-07-19,13,3.321928094887362,0.0,0,0.25,-7.061488235294117,low,0.5,4,1.0,True,NOERROR,1,1800,2,2,True,False,1,47583,IN,False,,12,731,False,0,False,False,False,benign,no_adverse_signal
teamems.ch,2026-07-19,10,2.2359263506290326,0.0,0,0.75,-6.496018181818181,low,0.625,2,0.7142857142857143,False,NOERROR,0,,1,2,True,False,0,,,,,,,False,,,False,False,benign,no_adverse_signal
atgroup.ir,2026-07-19,10,2.807354922057604,0.0,0,0.75,-7.0552090909090905,low,0.6,3,1.0,False,SERVFAIL,0,,0,0,False,False,0,,,,,,,False,,,False,,benign,no_adverse_signal
rishop.ir,2026-07-19,9,2.584962500721156,0.0,0,0.5,-6.284400000000001,low,0.6154,2,1.0,True,NOERROR,1,3600,1,4,True,False,0,60631,IR,False,,,,False,0,False,False,False,benign,no_adverse_signal
klassen-mueller.de,2026-07-19,18,3.1395722619867223,0.0,1,0.5555555555555556,-6.999540740740741,low,0.4444,2,0.6666666666666666,True,NOERROR,2,300,0,2,False,False,2,13335,US,False,,,,False,0,False,False,,benign,no_adverse_signal
feuar-bailebuyu.com.cn,2026-07-19,22,3.189898095464287,0.0,1,1.3333333333333333,-7.880411111111111,low,0.4444,1,0.6666666666666666,True,NOERROR,1,600,0,2,False,False,0,58658,US,False,北京新网数码信息技术有限公司,9,365,False,0,False,False,,benign,no_adverse_signal
carinhadosiphone.com.br,2026-07-19,23,3.375,0.0,0,0.7777777777777778,-6.726544827586206,low,0.5,2,0.6875,True,NOERROR,1,3600,1,2,True,False,0,13335,DE,True,,5,365,False,49,False,False,,benign,no_adverse_signal
humanneeds.in,2026-07-19,13,2.9219280948873623,0.0,0,0.6666666666666666,-6.787123529411765,low,0.5,2,0.8,False,NOERROR,0,,3,2,True,False,0,,,,Gandi SAS,13,365,False,,,False,False,benign,no_adverse_signal
347.pl,2026-07-19,6,1.584962500721156,0.5,0,0.0,-11.217166666666666,low,0.3333,0,1.0,True,NOERROR,1,3600,1,2,True,False,0,24940,DE,True,Aftermarket.pl Limited,13,365,False,0,False,False,False,benign,no_adverse_signal
xuwenju.cn,2026-07-19,10,2.5216406363433186,0.0,0,0.75,-9.067881818181819,low,0.4615,2,0.8571428571428571,True,NOERROR,1,600,0,2,False,False,0,135097,SC,False,商中在线科技股份有限公司,16,365,False,0,False,False,,benign,no_adverse_signal
etudier-en-italie.it,2026-07-19,20,3.1018812234760182,0.0,2,1.5,-7.105577419354838,low,0.4848,1,0.5882352941176471,True,NOERROR,2,300,0,2,False,False,2,13335,US,False,Netim,5,364,True,0,False,False,,benign,no_adverse_signal
pinkvelvet.in,2026-07-19,13,2.9219280948873623,0.0,0,0.42857142857142855,-7.4573,low,0.6316,3,0.8,True,NOERROR,1,14400,1,2,True,False,0,24940,FI,True,GoDaddy,9,365,False,1,False,False,False,benign,no_adverse_signal
spz-hh.info,2026-07-19,11,2.2516291673878226,0.0,1,0.0,-10.763811111111112,medium,0.4615,3,0.8333333333333334,True,NOERROR,1,150,1,2,False,False,1,6724,DE,True,,,,,0,False,False,False,benign,no_adverse_signal
insidesticklvote.icu,2026-07-19,20,3.327819531114783,0.0,0,0.6,-6.7598206896551725,low,0.5,4,0.6875,True,NOERROR,1,28800,0,4,False,False,0,149440,US,True,PDR Ltd. d/b/a PublicDomainRegistry.com,4,365,False,0,False,False,,benign,no_adverse_signal
naturaesocialmapping.it,2026-07-19,23,3.621928094887362,0.0,0,0.8181818181818182,-6.747305405405405,low,0.4828,2,0.7,True,NOERROR,1,3600,0,2,False,False,0,16509,IE,True,NameCase GmbH,7,364,True,0,False,False,,benign,no_adverse_signal
rajabet789.my.id,2026-07-19,16,3.121928094887362,0.1875,0,0.75,-8.2462,low,0.4444,1,0.9,True,NOERROR,2,300,0,2,False,False,2,13335,US,False,,,,False,0,False,False,,benign,no_adverse_signal
jeb.ma,2026-07-19,6,1.584962500721156,0.0,0,0.5,-8.383333333333333,low,0.5714,1,1.0,True,NOERROR,1,7200,0,2,False,False,0,36351,US,True,ARCANES TECHNOLOGIES,15,365,False,0,False,False,,benign,no_adverse_signal
speedwayemail.co.uk,2026-07-19,19,3.180832987205441,0.0,0,0.8571428571428571,-7.0870173913043475,low,0.5263,2,0.7692307692307693,False,NOERROR,0,,0,2,False,False,0,,,,"Namecheap, Inc. t/a Spaceship [Tag = SPACESHIP]",471,730,False,,,False,,benign,no_adverse_signal
velomobile.su,2026-07-19,13,2.721928094887362,0.0,0,1.0,-6.568964705882353,low,0.6667,1,0.7,True,NOERROR,1,600,2,4,True,False,1,9123,RU,True,R01-SU,3668,4017,False,0,False,False,False,benign,no_adverse_signal
xzcflo.cn,2026-07-19,9,2.584962500721156,0.0,0,0.2,-9.450744444444444,low,0.6,5,1.0,True,NOERROR,1,900,0,2,False,False,0,135097,SC,False,北京新网数码信息技术有限公司,11,365,False,0,False,False,,benign,no_adverse_signal
skipbinhirebrisbane.com.au,2026-07-19,26,3.1555650133297184,0.0,0,0.5833333333333334,-7.253431428571429,low,0.4444,2,0.5263157894736842,True,NOERROR,1,3600,1,2,True,False,0,133618,US,True,Synergy Wholesale Accreditations Pty Ltd,,,False,0,False,False,False,benign,no_adverse_signal
amg-bahis-erisim60.icu,2026-07-19,22,3.4613201402110083,0.09090909090909091,2,0.75,-8.253524242424243,low,0.5161,2,0.6666666666666666,True,NOERROR,2,300,0,2,False,False,2,13335,US,False,"NICENIC INTERNATIONAL GROUP CO., LIMITED",4,365,False,0,False,True,,malicious,spamhaus_dbl
emotioneleintelligentie.nl,2026-07-19,26,2.7942385860214762,0.0,0,1.0909090909090908,-6.223304651162791,low,0.4737,2,0.34782608695652173,False,timeout,0,,0,3,True,False,1,,,,The Registrar Company B.V.,4616,,False,,,False,,benign,no_adverse_signal
dulia-shengshibuyu.com.cn,2026-07-19,25,3.5724312513221195,0.0,1,0.7,-7.454560606060606,low,0.4615,4,0.7222222222222222,True,NOERROR,1,600,0,2,False,False,0,58658,US,False,北京新网数码信息技术有限公司,9,365,False,0,False,False,,benign,no_adverse_signal
ldrseguridad.cl,2026-07-19,15,3.0220552088742,0.0,0,0.5,-7.2867999999999995,low,0.5217,4,0.75,True,NOERROR,1,14400,1,3,True,False,0,52368,CL,True,NIC Chile,4046,4382,False,0,False,False,False,benign,no_adverse_signal
yunyu120.cn,2026-07-19,11,2.5,0.2727272727272727,0,0.6666666666666666,-9.08556923076923,low,0.4615,2,0.75,True,NOERROR,1,1,0,2,False,False,0,154321,US,False,北京宏网神州科技发展有限公司,17,365,False,0,False,False,,benign,no_adverse_signal
storelavie.com.br,2026-07-19,17,3.121928094887362,0.0,0,1.0,-6.228264705882353,low,0.5714,2,0.9,True,NOERROR,3,3600,0,2,False,False,0,58182,US,True,,11,365,False,15,False,False,,benign,no_adverse_signal
irinavasina.ru,2026-07-19,14,2.413088436425758,0.0,0,1.2,-6.408747368421053,low,0.5333,1,0.5454545454545454,True,NOERROR,1,900,0,2,False,False,0,57724,RU,False,TILDA-RU,4,365,False,0,False,False,,benign,no_adverse_signal
notathriftstore.co,2026-07-19,18,3.1068905956085184,0.0,0,0.5,-6.707881481481481,low,0.5217,4,0.6666666666666666,True,NOERROR,2,300,0,2,False,False,2,13335,US,False,Dynadot Inc,9,365,False,0,False,False,,benign,no_adverse_signal
388wyw3.cc,2026-07-19,10,1.950212064914747,0.4,0,0.0,-11.242027272727272,low,0.4,3,0.5714285714285714,False,NOERROR,0,,0,2,False,False,0,,,,Dynadot Inc,4,365,False,,,False,,benign,no_adverse_signal
simplifyyourlife.in,2026-07-19,19,3.327819531114783,0.0,0,0.6,-7.4070448275862075,low,0.4828,3,0.6875,True,NOERROR,2,300,0,2,False,False,2,13335,US,False,NAMECHEAP INC,14,365,True,0,False,False,,benign,no_adverse_signal
fouth-caijing.com.cn,2026-07-19,20,3.546593564294939,0.0,1,0.7142857142857143,-7.446308695652173,low,0.4348,2,0.9230769230769231,True,NOERROR,1,600,0,2,False,False,0,58658,US,False,北京新网数码信息技术有限公司,9,365,False,0,False,False,,benign,no_adverse_signal
322.ro,2026-07-19,6,0.9182958340544896,0.5,0,0.0,-10.254966666666666,low,0.3333,0,0.6666666666666666,True,NOERROR,1,1,0,2,False,True,0,209242,US,False,Dynadot,12,,False,0,False,True,,malicious,spamhaus_dbl
daoye.com.cn,2026-07-19,12,2.321928094887362,0.0,0,1.5,-8.402171428571428,low,0.6,1,1.0,False,NOERROR,0,,3,2,True,False,0,,,,北京新网数码信息技术有限公司,8,364,False,,,False,False,benign,no_adverse_signal
londonplywood.co.uk,2026-07-19,19,2.623516641218015,0.0,0,0.4444444444444444,-7.156752173913043,low,0.4762,5,0.5384615384615384,True,NOERROR,2,600,0,2,False,False,0,16509,US,True,"GoDaddy.com, LLC. [Tag = GODADDY]",18,1096,False,35,False,False,,benign,no_adverse_signal
39cx.biz.id,2026-07-19,11,2.0,0.18181818181818182,0,0.0,-11.62388,low,0.2857,2,1.0,False,NOERROR,0,,3,2,True,False,0,,,,,,,False,,,False,False,benign,no_adverse_signal
bygxsj.top,2026-07-19,10,2.584962500721156,0.0,0,0.0,-10.836088888888888,high,0.5,6,1.0,False,NOERROR,0,,0,2,False,False,0,,,,Alibaba Cloud Computing Ltd. d/b/a HiChina (www.net.cn),4,365,True,,,False,,benign,no_adverse_signal
xmodd.site,2026-07-19,10,1.9219280948873623,0.0,0,0.25,-7.945671428571429,medium,0.5,2,0.8,True,NOERROR,2,300,0,2,False,False,2,13335,US,False,"Spaceship, Inc.",4,365,False,0,False,False,,benign,no_adverse_signal
boss-server.click,2026-07-19,17,2.6635327548042547,0.0,1,0.42857142857142855,-6.588652631578947,medium,0.6957,2,0.6363636363636364,True,NOERROR,2,300,0,2,False,False,2,13335,US,False,Global Domain Group LLC,4,365,False,0,False,False,,benign,no_adverse_signal
gyt.pl,2026-07-19,6,1.584962500721156,0.0,0,0.0,-8.891366666666666,low,0.5714,3,1.0,True,NOERROR,1,21600,1,2,True,False,0,48707,PL,False,Aftermarket.pl Limited,17,365,False,0,False,False,False,benign,no_adverse_signal
ctge.com.cn,2026-07-19,11,2.0,0.0,0,0.3333333333333333,-7.982639999999999,low,0.6,3,1.0,True,NOERROR,1,1,0,2,False,False,0,40065,US,False,厦门纳网科技股份有限公司,8,365,False,0,False,False,,benign,no_adverse_signal
baapparty.in,2026-07-19,12,2.4193819456463714,0.0,0,0.5,-6.993673333333334,low,0.5263,3,0.6666666666666666,True,NOERROR,2,600,0,2,False,False,0,16509,US,True,GoDaddy,64,365,False,35,False,False,,benign,no_adverse_signal
amazon-book-business.online,2026-07-19,27,3.446439344671015,0.0,2,0.8,-7.056372972972973,medium,0.5161,2,0.6,True,NOERROR,1,900,1,3,True,False,0,205282,UA,False,Hosting Ukraine LLC,4,365,True,0,False,False,False,benign,no_adverse_signal
serwisant.it,2026-07-19,12,2.94770277922009,0.0,0,0.5,-6.657,low,0.5882,2,0.8888888888888888,True,NOERROR,1,3600,1,2,True,False,0,198921,PL,True,OVH,18,364,True,0,False,False,False,benign,no_adverse_signal
gatorproducts.net,2026-07-19,17,3.238901256602631,0.0,0,0.4444444444444444,-6.887747826086957,low,0.5217,3,0.7692307692307693,True,NOERROR,2,600,0,2,False,False,0,16509,US,True,"GoDaddy.com, LLC",5,731,False,35,False,False,,benign,no_adverse_signal
commune-internal.net,2026-07-19,20,3.452819531114783,0.0,1,0.6666666666666666,-6.5761724137931035,low,0.5333,2,0.75,False,NOERROR,0,,0,4,False,False,0,,,,"GMO Internet, Inc.",5,365,True,,,False,,benign,no_adverse_signal
gvr.com.au,2026-07-19,10,1.584962500721156,0.0,0,0.0,-11.102966666666667,low,0.5714,3,1.0,True,NOERROR,1,3600,1,2,True,False,0,133618,US,True,Synergy Wholesale Accreditations Pty Ltd,,,False,0,False,False,False,benign,no_adverse_signal
playripple.app,2026-07-19,14,2.6464393446710153,0.0,0,0.42857142857142855,-7.066776470588235,low,0.6667,3,0.7,True,NOERROR,2,1800,0,2,False,False,0,16509,US,False,,,,False,0,False,False,,benign,no_adverse_signal
quata-dev.space,2026-07-19,15,2.94770277922009,0.0,1,1.0,-7.432953333333333,low,0.5455,1,0.8888888888888888,True,NOERROR,2,300,5,2,True,False,2,13335,US,False,NAMECHEAP INC,4,365,True,0,False,False,False,benign,no_adverse_signal
sociavise.co.uk,2026-07-19,15,2.725480556997868,0.0,0,1.25,-6.823586666666667,low,0.5,1,0.7777777777777778,False,NOERROR,0,,2,2,True,False,0,,,,"Namecheap, Inc. t/a Spaceship [Tag = SPACESHIP]",14,365,False,,,False,False,benign,no_adverse_signal
croatiaplayclub.store,2026-07-19,21,3.323231428797621,0.0,0,0.6666666666666666,-6.971470370370371,low,0.5833,3,0.7333333333333333,True,NOERROR,2,300,0,2,False,False,2,13335,US,False,,,,False,0,False,False,,benign,no_adverse_signal
arttitude-production.fr,2026-07-19,23,3.4219280948873623,0.0,1,0.7272727272727273,-6.895686486486486,low,0.4571,3,0.6,True,NOERROR,2,300,0,2,False,False,2,13335,US,False,NETIM,14,364,True,0,False,False,,benign,no_adverse_signal
hindustancargoltd.in,2026-07-19,20,3.6168746059562227,0.0,0,0.4166666666666667,-6.723851612903226,low,0.5,3,0.7647058823529411,False,NOERROR,0,,3,2,True,False,0,,,,Gandi SAS,13,365,False,,,False,False,benign,no_adverse_signal
infinitesports.de,2026-07-19,17,3.039148671903071,0.0,0,0.5555555555555556,-6.15408,low,0.5217,3,0.6428571428571429,True,NOERROR,1,60,0,0,False,False,0,47846,DE,False,,,,False,13,False,False,,benign,no_adverse_signal
voyagesboca.ca,2026-07-19,14,3.0957952550009344,0.0,0,0.8333333333333334,-7.4306052631578945,low,0.5,2,0.8181818181818182,False,NOERROR,0,,3,2,True,False,0,,,,GANDI SAS,15,365,True,,,False,False,benign,no_adverse_signal
airaconsultores.mx,2026-07-19,18,3.373557262275185,0.0,0,0.875,-6.307337037037037,low,0.5714,2,0.7333333333333333,True,NOERROR,1,14400,1,2,True,False,0,46475,US,True,Hosting-Mexico,2587,2922,False,0,False,False,False,benign,no_adverse_signal
akhindi.in,2026-07-19,10,2.521640636343318,0.0,0,0.75,-7.094445454545454,low,0.6667,2,0.8571428571428571,False,NOERROR,0,,0,2,False,False,0,,,,"Dynadot, LLC",11,365,False,,,False,,benign,no_adverse_signal
opeola.name.ng,2026-07-19,14,2.2516291673878226,0.0,0,2.0,-6.9319444444444445,low,0.7273,1,0.8333333333333334,True,NOERROR,1,3600,1,2,True,False,0,329184,ZA,True,GO54 Limited (formerly Whogohost Limited),5,365,False,0,False,False,False,benign,no_adverse_signal
federaldrugcompliance.ca,2026-07-19,24,3.6897037321995465,0.0,0,0.6153846153846154,-6.897779487179487,low,0.4286,3,0.6666666666666666,True,NOERROR,1,14400,1,3,True,False,0,54527,CA,True,WHC Online Solutions Inc.,4,365,False,0,False,False,False,benign,no_adverse_signal
cabeleireiro.com.br,2026-07-19,19,2.855388542207534,0.0,0,1.4,-6.941047619047619,low,0.48,1,0.6666666666666666,False,NOERROR,0,,1,2,True,False,0,,,,,5,365,False,,,False,,benign,no_adverse_signal
webresu.me,2026-07-19,10,2.5216406363433186,0.0,0,0.75,-6.521681818181818,low,0.6667,2,0.8571428571428571,True,NOERROR,2,120,0,4,False,False,0,16509,DE,True,"GoDaddy.com, LLC",4,365,True,15,False,False,,benign,no_adverse_signal
programalliance.co,2026-07-19,18,3.3232314287976203,0.0,0,0.6666666666666666,-6.281755555555556,low,0.4828,2,0.7333333333333333,True,NOERROR,2,21,0,4,False,False,0,,US,False,Porkbun,396,730,False,0,False,False,,benign,no_adverse_signal
xunzao.cn,2026-07-19,9,2.584962500721156,0.0,0,1.0,-8.884855555555555,low,0.5,2,1.0,False,NOERROR,0,,2,2,False,False,0,,,,北京新网数码信息技术有限公司,16,365,False,,,False,True,benign,no_adverse_signal
6ean.shop,2026-07-19,9,2.0,0.1111111111111111,0,2.0,-8.90356,low,0.6667,1,1.0,True,NOERROR,6,60,0,2,False,True,0,8075,KR,False,,,,False,0,True,True,,malicious,spamhaus_zen
parssystem.ir,2026-07-19,13,2.8464393446710154,0.0,0,0.25,-6.746194117647058,low,0.56,6,0.8,True,NOERROR,1,300,0,0,False,False,0,212552,NL,False,,,,False,0,False,False,,benign,no_adverse_signal
pristinegutterclean.co.nz,2026-07-19,25,3.43162356584743,0.0,0,0.5833333333333334,-6.490142857142857,low,0.5185,3,0.631578947368421,False,NOERROR,0,,0,2,False,False,0,,,,Dynadot Inc,14,,False,,,False,,benign,no_adverse_signal
hrtg.cn,2026-07-19,7,2.0,0.0,0,0.0,-8.52694,low,0.5714,4,1.0,True,NOERROR,1,1,0,2,False,False,0,138415,HK,False,上海福虎信息科技有限公司,4,365,False,0,False,False,,benign,no_adverse_signal
xn--godrv-vra.dk,2026-07-19,16,3.0269868333592873,0.0,3,0.25,-8.87651304347826,low,0.4545,3,0.6923076923076923,True,NOERROR,1,3600,0,3,False,False,0,24940,DE,True,Simply.com A/S,5,364,True,0,False,False,,benign,no_adverse_signal
heber.us.com,2026-07-19,12,1.0,0.0,0,1.0,,low,,1,1.0,True,NOERROR,1,1800,5,2,True,False,0,22612,US,False,,,,,0,False,False,False,benign,no_adverse_signal
grassoholdings.co,2026-07-19,17,3.182005814760214,0.0,0,0.4,-6.803332,low,0.5455,3,0.7142857142857143,True,NOERROR,3,3600,5,2,True,False,0,58182,US,True,Tucows Domains Inc.,5,731,False,17,False,False,False,benign,no_adverse_signal
rootsandfins.org,2026-07-19,16,3.084962500721156,0.0,0,0.5,-6.679890476190477,low,0.6087,3,0.75,True,NOERROR,2,3600,0,2,False,False,0,16509,US,True,"GoDaddy.com, LLC",3,365,False,23,False,False,,benign,no_adverse_signal
vecs-gardenia.com.cn,2026-07-19,20,3.3927474104487847,0.0,1,0.7142857142857143,-7.08848695652174,low,0.5833,2,0.8461538461538461,True,NOERROR,1,1,0,2,False,False,0,135097,SC,False,厦门易名科技股份有限公司,13,365,False,0,False,False,,benign,no_adverse_signal
mxpde.skin,2026-07-19,10,2.321928094887362,0.0,0,0.25,-9.669642857142858,low,0.5714,4,1.0,True,NOERROR,2,300,0,2,False,False,2,13335,US,False,"NameSilo, LLC",4,365,True,0,False,False,,benign,no_adverse_signal
herzseele.at,2026-07-19,12,2.2810361125534233,0.0,0,0.8,-7.676366666666667,low,0.4706,3,0.6666666666666666,True,NOERROR,3,3600,0,2,False,False,0,58182,US,True,EPAG Domainservices GmbH ( https://nic.at/registrar/372 ),,,False,15,False,False,,benign,no_adverse_signal
lada-m2-uln.ru,2026-07-19,14,2.9139770731827523,0.07142857142857142,2,0.6,-9.563547368421053,low,0.4444,2,0.7272727272727273,True,NOERROR,1,300,0,2,False,False,0,211381,NL,True,REGRU-RU,5,365,False,0,False,False,,benign,no_adverse_signal
phial.uk,2026-07-19,8,2.321928094887362,0.0,0,0.6666666666666666,-6.9296999999999995,low,0.5455,2,1.0,False,NOERROR,0,,0,2,False,False,0,,,,"Cloudflare, Inc. [Tag = CLOUDFLARE]",7,365,False,,,False,,benign,no_adverse_signal
hokejovaopice.cz,2026-07-19,16,3.180832987205441,0.0,0,1.1666666666666667,-7.792030434782609,low,0.4545,1,0.7692307692307693,False,NOERROR,0,,3,2,True,False,0,,,,REG-GANDI,7,364,False,,,False,False,benign,no_adverse_signal
steklo52.ru,2026-07-19,11,3.0,0.18181818181818182,0,0.5,-8.683476923076922,low,0.5333,2,1.0,True,NOERROR,1,600,0,4,False,False,0,200350,RU,False,REGRU-RU,5,365,False,0,False,False,,benign,no_adverse_signal
aipay.jp,2026-07-19,8,1.9219280948873623,0.0,0,1.5,-6.938142857142857,low,0.5455,1,0.8,True,NOERROR,1,300,1,2,True,False,0,7506,JP,False,,9,384,True,0,False,False,,benign,no_adverse_signal
inspirations.pt,2026-07-19,15,2.8553885422075336,0.0,0,0.7142857142857143,-6.161233333333333,low,0.6364,3,0.6666666666666666,True,NOERROR,1,300,2,2,True,False,0,13335,US,False,,,,False,0,False,False,False,benign,no_adverse_signal
emotionreader.io,2026-07-19,16,3.0269868333592873,0.0,0,1.1666666666666667,-6.376882608695651,low,0.5455,2,0.6923076923076923,True,NOERROR,2,300,0,2,False,False,2,13335,US,False,NAMECHEAP INC,6,365,True,0,False,False,,benign,no_adverse_signal
dghrv.cn,2026-07-19,8,2.321928094887362,0.0,0,0.0,-9.689714285714286,low,0.5455,5,1.0,True,NOERROR,1,900,0,2,False,False,0,142286,HK,False,北京新网数码信息技术有限公司,16,365,False,0,False,False,,benign,no_adverse_signal
bbrt.co.uk,2026-07-19,10,1.5,0.0,0,0.0,-8.387519999999999,low,0.5714,4,0.75,False,timeout,0,,0,0,False,False,0,,,,Docky Company [Tag = DOCKY],10,365,False,,,False,,benign,no_adverse_signal
xn--krmer-haustechnik-rqb.de,2026-07-19,28,3.813660689688185,0.0,4,0.3125,-8.220727659574468,low,0.4242,3,0.64,False,NOERROR,0,,0,4,False,False,0,,,,,,,False,,,False,,benign,no_adverse_signal
tortassantaana.cl,2026-07-19,17,2.35274578087187,0.0,0,0.75,-6.341848,low,0.5217,2,0.42857142857142855,True,NOERROR,1,900,0,3,False,False,0,206834,DE,False,,,,False,0,False,False,,benign,no_adverse_signal
innovationhealth.shop,2026-07-19,21,3.077819531114783,0.0,0,0.7777777777777778,-6.640065517241379,low,0.5455,3,0.5625,True,NOERROR,2,60,0,2,False,False,2,47583,CY,False,,,,False,0,False,False,,benign,no_adverse_signal
pleziereiland.nl,2026-07-19,16,3.0269868333592873,0.0,0,0.8571428571428571,-6.978578260869565,low,0.4545,2,0.6923076923076923,False,NOERROR,0,,0,2,False,False,0,,,,Registrar.eu,12,,False,,,False,,benign,no_adverse_signal
annedamstra.nl,2026-07-19,14,2.845350936622437,0.0,0,0.5714285714285714,-6.478905263157895,low,0.5556,4,0.7272727272727273,True,NOERROR,2,300,0,2,False,False,2,13335,US,False,,,,False,0,False,False,,benign,no_adverse_signal
zhukun.com.cn,2026-07-19,13,2.2516291673878226,0.0,0,0.5,-8.342733333333333,low,0.5,2,0.8333333333333334,False,NOERROR,0,,0,2,False,False,0,,,,北京新网数码信息技术有限公司,9,365,False,,,False,,benign,no_adverse_signal
deepfab.cn,2026-07-19,10,2.5216406363433186,0.0,0,0.75,-7.8019181818181815,low,0.5,2,0.8571428571428571,False,timeout,0,,0,0,False,False,0,,,,福州中旭网络技术有限公司,16,365,False,,,False,,benign,no_adverse_signal
vpdd.ca,2026-07-19,7,1.5,0.0,0,0.0,-9.351980000000001,low,0.5,4,0.75,False,NOERROR,0,,3,2,True,False,0,,,,GANDI SAS,6,365,True,,,False,False,benign,no_adverse_signal
limaocomsal.com.br,2026-07-19,18,2.7321588913645702,0.0,0,0.8333333333333334,-7.058142105263158,low,0.5714,2,0.6363636363636364,True,NOERROR,1,3600,1,2,True,False,1,22548,BR,True,,805,1095,False,0,False,False,,benign,no_adverse_signal
jsodirect.co.uk,2026-07-19,15,3.169925001442312,0.0,0,0.5,-7.057006666666666,low,0.6364,2,1.0,True,NOERROR,2,300,3,2,True,False,2,13335,US,False,Hosting Concepts B.V. [Tag = REGISTRAR-EU],15,365,False,0,False,False,False,benign,no_adverse_signal
mavibet-vipgiris.icu,2026-07-19,20,3.375,0.0,1,0.6666666666666666,-7.530334482758621,low,0.4615,2,0.75,True,NOERROR,1,300,0,2,False,False,0,60387,BZ,False,Dynadot Inc,4,365,False,0,False,False,,benign,no_adverse_signal
ezlokalizuj.pl,2026-07-19,14,3.0957952550009344,0.0,0,0.8333333333333334,-8.420015789473684,low,0.4706,2,0.8181818181818182,True,NOERROR,2,300,0,2,False,False,2,13335,US,False,Aftermarket.pl Limited,11,365,False,0,False,False,,benign,no_adverse_signal
lextonlane.co.uk,2026-07-19,16,2.7219280948873625,0.0,0,0.6666666666666666,-6.52865294117647,low,0.6667,2,0.7,True,NOERROR,1,3600,0,3,False,False,0,5517,DE,False,CSL Computer Service Langenbach Gmbh t/a Joker.com [Tag = JOKER],7328,7670,False,0,False,False,,benign,no_adverse_signal
cocoaroom.jp,2026-07-19,12,2.058813890331201,0.0,0,1.25,-6.8917,low,0.5263,1,0.5555555555555556,True,NOERROR,2,300,0,2,False,False,2,13335,US,False,,13,388,True,0,False,False,,benign,no_adverse_signal
ionix.cn,2026-07-19,8,1.9219280948873623,0.0,0,1.5,-6.420614285714286,low,0.6,1,0.8,True,NOERROR,1,3600,0,0,False,False,0,45102,HK,False,天津追日科技发展有限公司,6,365,False,0,False,False,,benign,no_adverse_signal
gomselmash.com.ar,2026-07-19,17,2.9219280948873623,0.0,0,0.42857142857142855,-6.967035294117647,low,0.5556,2,0.8,True,NOERROR,1,14400,2,2,True,False,1,27823,AR,True,nicar,788,1094,False,0,False,False,False,benign,no_adverse_signal
rljltgxw.top,2026-07-19,12,2.75,0.0,0,0.0,-10.537846153846154,high,0.4286,8,0.875,False,NOERROR,0,,0,2,False,False,0,,,,"NameSilo, LLC",4,365,True,,,False,,benign,no_adverse_signal
babylossstar.co.uk,2026-07-19,18,2.8553885422075336,0.0,0,0.3333333333333333,-7.154114285714286,low,0.5,4,0.6666666666666666,True,NOERROR,2,300,0,2,False,False,0,16509,US,True,"Namecheap, Inc. t/a Spaceship [Tag = SPACESHIP]",17,365,False,0,False,False,,benign,no_adverse_signal
canoz.ca,2026-07-19,8,2.321928094887362,0.0,0,0.6666666666666666,-6.957,low,0.6,1,1.0,True,NOERROR,2,600,0,2,False,False,0,16509,US,True,"Go Daddy Domains Canada, Inc",13,731,True,35,False,False,,benign,no_adverse_signal
54cx.biz.id,2026-07-19,11,2.0,0.18181818181818182,0,0.0,-12.14914,low,0.2857,2,1.0,False,NOERROR,0,,3,2,True,False,0,,,,,,,False,,,False,False,benign,no_adverse_signal
ocuu.cn,2026-07-19,7,1.5,0.0,0,3.0,-9.22668,low,0.6667,1,0.75,False,NOERROR,0,,0,2,False,False,0,,,,北京新网数码信息技术有限公司,5,365,False,,,False,,benign,no_adverse_signal
pengchengsuji.cn,2026-07-19,16,3.238901256602631,0.0,0,0.4444444444444444,-7.337834782608695,low,0.5455,4,0.7692307692307693,True,NOERROR,2,300,0,2,False,False,2,13335,US,False,北京新网数码信息技术有限公司,4,365,False,0,False,False,,benign,no_adverse_signal
elkoso.it,2026-07-19,9,2.251629167387823,0.0,0,1.0,-7.627066666666666,low,0.6154,2,0.8333333333333334,True,NOERROR,2,300,0,2,False,False,2,13335,US,False,Hosting Concepts B.V.,5,364,True,0,False,False,,benign,no_adverse_signal
thephotoguys.ca,2026-07-19,15,3.0849625007211556,0.0,0,0.5,-7.276838095238095,low,0.5217,2,0.75,False,NOERROR,0,,3,2,True,False,0,,,,GANDI SAS,12,365,True,,,False,False,benign,no_adverse_signal
fianza.co,2026-07-19,9,2.2516291673878226,0.0,0,1.0,-7.426477777777778,low,0.5455,2,0.8333333333333334,True,NOERROR,2,1200,0,2,False,False,0,16509,US,True,"Unstoppable Domains, Inc",5,365,False,0,False,False,,benign,no_adverse_signal
neomarkets.com.br,2026-07-19,17,3.121928094887362,0.0,0,0.6666666666666666,-6.517770588235294,low,0.6316,2,0.9,False,NOERROR,0,,1,2,True,False,0,,,,,1161,1461,False,,,False,,benign,no_adverse_signal
manifold.eu,2026-07-19,11,3.0,0.0,0,0.6,-6.818646153846154,low,0.6667,2,1.0,True,NOERROR,1,3600,2,3,True,False,0,34762,BE,True,Combell NV,,,False,0,False,False,False,benign,no_adverse_signal
meusdestinos.com.br,2026-07-19,19,3.0220552088742,0.0,0,0.7142857142857143,-6.60564761904762,low,0.4762,2,0.75,False,NOERROR,0,,1,2,True,False,0,,,,,776,1095,False,,,False,,benign,no_adverse_signal
top-ag9youhui.com.cn,2026-07-19,20,3.3927474104487847,0.05,1,1.2,-9.234213043478261,low,0.4444,1,0.8461538461538461,True,NOERROR,1,600,0,2,False,False,0,132839,CL,False,Web Commerce Communications Limited,5,365,False,0,False,True,,malicious,spamhaus_dbl
kindertisch.net,2026-07-19,15,3.2776134368191165,0.0,0,0.375,-6.199436842105263,low,0.5714,3,0.9090909090909091,True,NOERROR,2,600,0,3,False,False,2,16509,DE,True,Key-Systems GmbH,5,731,True,0,False,False,,benign,no_adverse_signal
2sao.cc,2026-07-19,7,2.0,0.14285714285714285,0,2.0,-9.050839999999999,low,0.5,1,1.0,True,NOERROR,2,300,0,2,False,False,0,16509,US,True,"Spaceship, Inc.",8,365,False,0,False,False,,benign,no_adverse_signal
dealers.gr,2026-07-19,10,2.5216406363433186,0.0,0,0.75,-5.995136363636363,low,0.6667,2,0.8571428571428571,False,NOERROR,0,,0,2,False,False,0,,,,,,,,,,False,,benign,no_adverse_signal
adultkartel.nl,2026-07-19,14,2.9139770731827523,0.0,0,0.5714285714285714,-7.135642105263158,low,0.5556,3,0.7272727272727273,True,NOERROR,2,300,0,2,False,False,2,13335,US,False,DEVEXPANSE LTD,9,,False,0,False,False,,benign,no_adverse_signal
meru.com.tr,2026-07-19,11,2.0,0.0,0,1.0,-6.20986,low,0.6,1,1.0,True,NOERROR,1,14400,1,4,False,False,0,203516,TR,True,,9,730,True,0,False,False,False,benign,no_adverse_signal
britespace.co.uk,2026-07-19,16,3.121928094887362,0.0,0,0.6666666666666666,-6.2924,low,0.5882,2,0.9,True,NOERROR,1,1800,2,2,True,False,0,22612,US,False,"Namecheap, Inc. [Tag = NAMECHEAP-INC]",17,365,False,0,False,False,False,benign,no_adverse_signal
sulang.io,2026-07-19,9,2.584962500721156,0.0,0,0.5,-6.360255555555556,low,0.6154,2,1.0,False,NOERROR,0,,3,2,True,False,0,,,,"Amazon Registrar, Inc.",6,365,True,,,False,False,benign,no_adverse_signal
gjpfz.cn,2026-07-19,8,2.321928094887362,0.0,0,0.0,-10.965714285714286,low,0.4444,5,1.0,True,NOERROR,1,1,0,2,False,False,0,133744,US,False,成都飞数科技有限公司,12,365,False,0,False,False,,benign,no_adverse_signal
jx.gx.cn,2026-07-19,8,1.0,0.0,0,0.0,,low,,2,1.0,True,NOERROR,1,1,0,2,False,False,0,40065,US,False,广东金万邦科技投资有限公司,12,365,False,0,False,False,,benign,no_adverse_signal
horsemen.store,2026-07-19,14,2.75,0.0,0,0.6,-6.427346153846154,low,0.4615,2,0.875,True,NOERROR,2,300,0,2,False,False,2,13335,US,False,,,,False,0,False,False,,benign,no_adverse_signal
sketchfiles.co.uk,2026-07-19,17,3.0957952550009344,0.0,0,0.375,-7.025952631578948,low,0.4444,4,0.8181818181818182,False,NOERROR,0,,0,2,False,False,0,,,,"Namecheap, Inc. [Tag = NAMECHEAP-INC]",8,365,False,,,False,,benign,no_adverse_signal
manaja-sevices-traiteur.ca,2026-07-19,26,3.5342190211803413,0.0,2,0.9090909090909091,-7.028518604651162,low,0.5556,2,0.5652173913043478,True,NOERROR,2,300,0,2,False,False,2,13335,US,False,CENTRALNIC CANADA INC,5,365,True,0,False,False,,benign,no_adverse_signal
gomsuluxury.vn,2026-07-19,14,3.027169118440619,0.0,0,0.5714285714285714,-7.9528105263157896,low,0.6,2,0.8181818181818182,True,NOERROR,1,360,1,2,True,False,0,45544,VN,True,,,,,0,False,False,False,benign,no_adverse_signal
sexdiaryx.tv,2026-07-19,12,2.94770277922009,0.0,0,0.5,-7.783926666666667,low,0.5714,3,0.8888888888888888,True,NOERROR,1,1820,1,2,True,False,0,133618,AU,True,CommuniGal Communication Ltd.,11,365,True,1,False,False,False,benign,no_adverse_signal
deutschescannabislabor.de,2026-07-19,25,3.663532754804254,0.0,0,0.5714285714285714,-6.919378048780488,low,0.4211,4,0.6363636363636364,True,NOERROR,2,3600,1,2,True,False,0,16509,US,True,,,,False,23,False,False,,benign,no_adverse_signal
electricvehicles.ng,2026-07-19,19,2.952819531114783,0.0,0,0.6,-6.972775862068965,low,0.5833,3,0.5625,True,NOERROR,2,300,2,2,True,False,2,13335,US,False,GO54 Limited (formerly Whogohost Limited),12,731,False,0,False,False,False,benign,no_adverse_signal
overs.cc,2026-07-19,8,2.321928094887362,0.0,0,0.6666666666666666,-5.879557142857143,low,0.6667,2,1.0,True,NOERROR,1,31,0,4,False,False,0,50131,US,False,Porkbun LLC,17,365,False,4,False,False,,benign,no_adverse_signal
279.cz,2026-07-19,6,1.584962500721156,0.5,0,0.0,-11.105433333333332,low,0.3333,0,1.0,True,NOERROR,1,60,0,2,False,False,0,59371,HK,False,REG-DYNADOT,16,364,False,0,False,False,,benign,no_adverse_signal
letiankangbao.cn,2026-07-19,16,3.180832987205441,0.0,0,0.8571428571428571,-6.863478260869566,low,0.5263,3,0.7692307692307693,False,NOERROR,0,,0,4,False,False,0,,,,北京新网数码信息技术有限公司,12,365,False,,,False,,benign,no_adverse_signal
hoosh360.ir,2026-07-19,11,2.5,0.2727272727272727,0,0.6666666666666666,-8.157792307692308,low,0.5455,2,0.75,True,NOERROR,1,300,0,0,False,False,0,207680,IR,False,,,,False,0,False,False,,benign,no_adverse_signal
best-of-harz.de,2026-07-19,15,3.418295834054489,0.0,2,0.42857142857142855,-7.918466666666667,low,0.4545,2,0.9166666666666666,True,NOERROR,1,3600,2,4,True,False,1,8560,DE,True,,,,False,9,False,False,False,benign,no_adverse_signal
sjvh.cc,2026-07-19,7,2.0,0.0,0,0.0,-11.50244,low,0.5714,4,1.0,True,NOERROR,1,1,0,2,False,True,0,40065,US,False,"NameSilo, LLC",4,365,True,0,False,False,,benign,no_adverse_signal
borrowednest.co.nz,2026-07-19,18,3.0849625007211556,0.0,0,0.5,-6.778809523809524,low,0.5263,2,0.75,True,NOERROR,4,14400,1,4,True,False,0,53831,US,False,Key-Systems GmbH,5,,False,15,False,False,False,benign,no_adverse_signal
pbcexpo.cn,2026-07-19,10,2.5216406363433186,0.0,0,0.4,-8.173900000000001,low,0.5,3,0.8571428571428571,True,NOERROR,1,1,0,2,False,False,0,9294,HK,False,北京新网数码信息技术有限公司,12,365,False,0,False,False,,benign,no_adverse_signal
linkgo.in,2026-07-19,9,2.584962500721156,0.0,0,0.5,-7.385633333333333,low,0.7143,3,1.0,True,NOERROR,1,1800,5,2,True,False,0,22612,US,False,NAMECHEAP INC,15,365,True,0,False,False,False,benign,no_adverse_signal
gan89earn.shop,2026-07-19,14,2.725480556997868,0.14285714285714285,0,0.75,-8.828893333333333,low,0.4706,2,0.7777777777777778,True,NOERROR,1,300,0,2,False,False,0,59253,SG,True,,,,False,0,False,False,,benign,no_adverse_signal
uas4dz.top,2026-07-19,10,2.584962500721156,0.1,0,0.6666666666666666,-9.883277777777778,high,0.4444,2,1.0,False,NOERROR,0,,0,2,False,False,0,,,,Dynadot LLC,4,365,True,,,False,,benign,no_adverse_signal
zoekdielook.nl,2026-07-19,14,2.663532754804255,0.0,0,1.2,-7.760042105263158,low,0.5556,2,0.6363636363636364,False,NOERROR,0,,0,2,False,False,0,,,,"NAMECHEAP, INC.",5,,False,,,False,,benign,no_adverse_signal
nwxusxjib.cc,2026-07-19,12,2.94770277922009,0.0,0,0.2857142857142857,-10.052093333333334,low,0.5,3,0.8888888888888888,False,NOERROR,0,,0,2,False,False,0,,,,"GoDaddy.com, LLC",5,365,False,,,False,,benign,no_adverse_signal
szhax.cn,2026-07-19,8,2.321928094887362,0.0,0,0.25,-8.845785714285714,low,0.5,3,1.0,False,NOERROR,0,,0,2,False,False,0,,,,阿里云计算有限公司（万网）,9,365,False,,,False,,benign,no_adverse_signal
pspigric.skin,2026-07-19,13,2.5,0.0,0,0.3333333333333333,-7.187538461538462,low,0.5,3,0.75,False,NOERROR,0,,0,2,False,False,0,,,,Porkbun LLC,4,365,False,,,False,,benign,no_adverse_signal
margvert.top,2026-07-19,12,2.75,0.0,0,0.3333333333333333,-7.223723076923077,high,0.6667,3,0.875,False,NOERROR,0,,0,3,False,False,0,,,,"NameSilo, LLC",4,365,True,,,False,,benign,no_adverse_signal
gubeini.cn,2026-07-19,10,2.521640636343318,0.0,0,1.3333333333333333,-7.21149090909091,low,0.6667,1,0.8571428571428571,True,NOERROR,1,1,0,2,False,False,0,133744,US,False,厦门纳网科技股份有限公司,12,365,False,0,False,False,,benign,no_adverse_signal
csdaily.com.cn,2026-07-19,14,2.807354922057604,0.0,0,0.4,-7.144809090909091,low,0.5714,3,1.0,True,NOERROR,1,599,0,2,False,False,0,398478,US,False,商中在线科技股份有限公司,15,365,False,0,False,False,,benign,no_adverse_signal
seldengarden.com.de,2026-07-19,19,1.584962500721156,0.0,0,0.5,-5.649566666666666,low,0.6,1,1.0,True,NOERROR,2,300,0,2,False,False,2,13335,US,False,,,,False,0,False,False,,benign,no_adverse_signal
geobound.io,2026-07-19,11,2.75,0.0,0,1.0,-6.955276923076923,low,0.6154,2,0.875,True,NOERROR,2,3,0,4,False,False,0,,US,False,Porkbun LLC,396,730,True,0,False,False,,benign,no_adverse_signal
haemicorix.click,2026-07-19,16,3.121928094887362,0.0,0,1.0,-6.956594117647059,medium,0.5217,1,0.9,True,NOERROR,2,300,0,2,False,False,2,13335,US,False,"Spaceship, Inc.",4,365,False,0,False,False,,benign,no_adverse_signal
hjnt.com.cn,2026-07-19,11,2.0,0.0,0,0.0,-9.91598,low,0.5714,4,1.0,True,NOERROR,1,1,0,2,False,False,0,40065,US,False,广东金万邦科技投资有限公司,12,365,False,0,False,False,,benign,no_adverse_signal
f76.uk,2026-07-19,6,1.584962500721156,0.3333333333333333,0,0.0,-12.287833333333333,low,0.3333,1,1.0,True,NOERROR,1,60,0,2,False,True,0,50131,US,False,"Dynadot, LLC t/a Dynadot [Tag = DYNADOT]",5,365,False,3,False,False,,benign,no_adverse_signal
pinshanghuaiyang.cn,2026-07-19,19,3.0306390622295662,0.0,0,0.6,-7.062844827586207,low,0.48,3,0.5625,True,NOERROR,1,600,0,2,False,False,0,58061,US,False,阿里云计算有限公司（万网）,16,365,False,0,False,False,,benign,no_adverse_signal
pincocasino-qqw.ru,2026-07-19,18,3.2402239289418517,0.0,1,0.5555555555555556,-7.8337962962962955,low,0.4545,3,0.6666666666666666,True,NOERROR,1,3600,0,2,True,False,0,59692,AE,True,DOMAINSHOP-RU,4,365,False,0,False,False,,benign,no_adverse_signal
masterterminalizando.online,2026-07-19,27,3.484183719779189,0.0,0,0.6666666666666666,-6.282921621621622,medium,0.4242,2,0.6,True,NOERROR,2,300,0,2,False,False,2,13335,US,False,"HOSTINGER operations, UAB",4,365,False,0,False,False,,benign,no_adverse_signal
fanmili.cn,2026-07-19,10,2.521640636343318,0.0,0,0.75,-6.991218181818183,low,0.6154,2,0.8571428571428571,False,NOERROR,0,,0,2,False,False,0,,,,腾讯云计算（北京）有限责任公司,4,365,False,,,False,,benign,no_adverse_signal
assent.pw,2026-07-19,9,2.2516291673878226,0.0,0,0.5,-5.9664222222222225,low,0.6667,2,0.8333333333333334,True,NOERROR,1,175,0,2,False,False,0,14618,US,True,"GoDaddy.com, LLC",13,365,False,0,False,False,,benign,no_adverse_signal
polanakitchen.shop,2026-07-19,18,3.3927474104487847,0.0,0,0.625,-6.541491304347826,low,0.5455,3,0.8461538461538461,True,NOERROR,1,300,0,2,False,False,0,199242,US,False,,,,False,0,False,False,,benign,no_adverse_signal
decsdo.space,2026-07-19,12,2.2516291673878226,0.0,0,0.5,-7.558788888888889,low,0.6154,3,0.8333333333333334,True,NOERROR,1,14400,2,2,True,False,0,16509,US,False,"HOSTINGER operations, UAB",4,365,False,0,False,False,False,benign,no_adverse_signal
namamiradheytrust.in,2026-07-19,20,3.454822399946607,0.0,0,0.5454545454545454,-6.9661709677419354,low,0.5714,3,0.7058823529411765,True,NOERROR,1,600,0,2,False,False,0,47583,IN,True,"HOSTINGER operations, UAB",17,365,False,0,False,False,,benign,no_adverse_signal
aivideodubbing.net,2026-07-19,18,3.182005814760214,0.0,0,1.0,-7.145671999999999,low,0.5,2,0.7142857142857143,True,NOERROR,2,300,0,2,False,False,2,13335,US,False,"Spaceship, Inc.",4,365,False,0,False,False,,benign,no_adverse_signal
kafamaskarimlan.sbs,2026-07-19,19,2.8662478973127308,0.0,0,0.6666666666666666,-7.086033333333334,low,0.5,2,0.6,False,NXDOMAIN,0,,0,0,False,False,0,,,,Dynadot Inc,4,365,False,,,False,,benign,no_adverse_signal
gadget26.org,2026-07-19,12,2.75,0.16666666666666666,0,0.5,-7.968115384615384,low,0.5,2,0.875,True,NOERROR,1,86400,0,4,False,False,1,13335,CA,True,"TUCOWS.COM, CO.",4,365,True,0,False,False,,benign,no_adverse_signal
willsoffice.co.uk,2026-07-19,17,2.9139770731827523,0.0,0,0.5714285714285714,-6.941231578947368,low,0.7059,3,0.7272727272727273,True,NOERROR,2,300,0,2,False,False,2,13335,US,False,"Namecheap, Inc. t/a Spaceship [Tag = SPACESHIP]",11,365,False,0,False,False,,benign,no_adverse_signal
rayobike.cl,2026-07-19,11,3.0,0.0,0,1.0,-7.398192307692308,low,0.6154,1,1.0,True,NOERROR,1,900,1,4,True,False,0,60458,ES,True,,,,False,0,False,False,False,benign,no_adverse_signal
acfigueiredo.com.br,2026-07-19,19,3.2516291673878226,0.0,0,1.4,-7.639533333333333,low,0.5263,2,0.8333333333333334,True,NOERROR,1,600,1,3,True,False,1,53107,BR,True,,5,365,False,0,False,False,False,benign,no_adverse_signal
evolveskateboardselite.shop,2026-07-19,27,3.386266142526533,0.0,0,0.8333333333333334,-6.911719512195122,low,0.5625,3,0.5454545454545454,True,NOERROR,1,300,0,2,False,False,0,199242,US,False,,,,False,0,False,False,,benign,no_adverse_signal
futuresteps-dgi.works,2026-07-19,21,3.3735572622751846,0.0,1,0.5555555555555556,-7.192085185185185,low,0.5714,2,0.7333333333333333,True,NOERROR,2,300,0,2,False,False,2,13335,US,False,,,,,0,False,False,,benign,no_adverse_signal
linked-in.pl,2026-07-19,12,2.725480556997868,0.0,1,0.6,-7.025746666666667,low,0.9412,2,0.7777777777777778,False,NOERROR,0,,0,2,False,False,0,,,,Domena.pl sp. z o.o.,18,365,False,,,False,,benign,no_adverse_signal
guincho24horas.online,2026-07-19,21,3.521640636343319,0.09523809523809523,0,0.7142857142857143,-7.574216,medium,0.5217,3,0.8571428571428571,True,NOERROR,1,600,0,2,False,False,0,13335,DE,True,"GoDaddy.com, LLC",4,365,False,49,False,False,,benign,no_adverse_signal
olisamping.cc,2026-07-19,13,3.121928094887362,0.0,0,0.6666666666666666,-6.39084705882353,low,0.5882,2,0.9,True,NOERROR,2,300,0,2,False,False,2,13335,US,False,NAMECHEAP INC,5,365,True,0,False,False,,benign,no_adverse_signal
droneairways.de,2026-07-19,15,3.2516291673878226,0.0,0,0.7142857142857143,-7.057957142857144,low,0.5263,2,0.8333333333333334,True,NOERROR,1,60,0,0,False,False,0,47846,DE,False,,,,False,13,False,False,,benign,no_adverse_signal
bznwt.cn,2026-07-19,8,2.321928094887362,0.0,0,0.0,-10.936828571428572,low,0.5455,5,1.0,False,NOERROR,0,,0,2,False,False,0,,,,上海福虎信息科技有限公司,763,1095,False,,,False,,benign,no_adverse_signal
boltenhagen-minervapark.de,2026-07-19,26,3.8164027166443875,0.0,1,0.5714285714285714,-6.863006976744186,low,0.4706,2,0.6956521739130435,True,NOERROR,2,300,0,2,False,False,2,13335,US,False,,,,False,0,False,False,,benign,no_adverse_signal
drsurabhijain.in,2026-07-19,16,3.238901256602631,0.0,0,0.625,-7.706434782608695,low,0.4444,3,0.7692307692307693,True,NOERROR,1,86400,1,2,True,False,0,8560,GB,True,"Wild West Domains, LLC",7,365,False,0,False,False,False,benign,no_adverse_signal
internly.io,2026-07-19,11,2.75,0.0,0,0.3333333333333333,-6.3821076923076925,low,0.7692,4,0.875,True,NOERROR,1,1800,5,2,True,False,0,22612,US,False,NAMECHEAP INC,8,365,True,0,False,False,False,benign,no_adverse_signal
piuttosto.com.co,2026-07-19,16,2.4193819456463714,0.0,0,0.8,-7.2016333333333336,low,0.5556,2,0.6666666666666666,True,NOERROR,1,1800,5,2,True,False,0,22612,US,False,NAMECHEAP INC,13,365,True,0,False,False,False,benign,no_adverse_signal
az888.vu,2026-07-19,8,1.3709505944546687,0.375,0,1.0,-10.0813,low,0.5,1,0.6,True,NOERROR,2,300,0,2,False,False,2,13335,US,False,Dynadot Inc,5,365,True,0,False,False,,benign,no_adverse_signal
tkproductions.co,2026-07-19,16,3.3927474104487847,0.0,0,0.4444444444444444,-7.1122695652173915,low,0.5714,4,0.8461538461538461,True,NOERROR,2,3600,0,2,False,False,0,16509,US,True,"GoDaddy.com, LLC",9,365,False,23,False,False,,benign,no_adverse_signal
westvalecatholics.co.uk,2026-07-19,23,3.381580488309164,0.0,0,0.5454545454545454,-6.571577419354838,low,0.5217,3,0.6470588235294118,True,NOERROR,2,300,0,2,False,False,2,13335,US,False,"Namecheap, Inc. [Tag = NAMECHEAP-INC]",10,365,False,0,False,False,,benign,no_adverse_signal
onehealthcaresforall.org,2026-07-19,24,3.308694969562842,0.0,0,0.6666666666666666,-6.584013513513513,low,0.4667,4,0.55,False,NOERROR,0,,0,2,False,False,0,,,,URL SOLUTIONS INC.,4,365,True,,,False,,benign,no_adverse_signal
zwzoydp.cn,2026-07-19,10,2.5216406363433186,0.0,0,0.16666666666666666,-10.061472727272728,low,0.5,3,0.8571428571428571,True,NOERROR,1,600,0,2,False,False,0,58061,US,False,阿里云计算有限公司（万网）,17,365,False,0,False,False,,benign,no_adverse_signal
beanstalktherapy.co.uk,2026-07-19,22,3.452819531114783,0.0,0,0.45454545454545453,-6.741672413793103,low,0.5625,4,0.75,True,NOERROR,2,300,0,2,False,False,2,13335,US,False,"Namecheap, Inc. [Tag = NAMECHEAP-INC]",14,365,False,0,False,False,,benign,no_adverse_signal
kydnrr.cn,2026-07-19,9,2.2516291673878226,0.0,0,0.0,-8.947733333333334,low,0.5714,6,0.8333333333333334,True,NOERROR,1,900,0,2,False,False,0,135097,SC,False,北京新网数码信息技术有限公司,14,365,False,0,False,False,,benign,no_adverse_signal
iqshop.tw,2026-07-19,9,2.584962500721156,0.0,0,0.5,-8.333766666666667,low,0.6154,3,1.0,False,NOERROR,0,,0,2,False,False,0,,,,Dynadot LLC,11,365,True,,,False,,benign,no_adverse_signal
tradecase.co.uk,2026-07-19,15,2.725480556997868,0.0,0,0.8,-6.08304,low,0.625,2,0.7777777777777778,True,NOERROR,1,3600,2,4,True,False,0,8560,GB,True,Ionos SE [Tag = 1AND1],14,365,False,0,False,False,False,benign,no_adverse_signal
mfortunes.uk,2026-07-19,12,3.169925001442312,0.0,0,0.5,-6.703446666666666,low,0.6667,2,1.0,True,NOERROR,2,300,3,2,True,False,2,13335,US,False,"Dynadot, LLC t/a Dynadot [Tag = DYNADOT]",5,365,False,0,False,False,False,benign,no_adverse_signal
esportsonline.cn,2026-07-19,16,3.085055102756477,0.0,0,0.625,-5.983117391304348,low,0.6667,3,0.6923076923076923,False,NOERROR,0,,2,2,False,False,0,,,,北京新网数码信息技术有限公司,13,365,False,,,False,True,benign,no_adverse_signal
pslverified.store,2026-07-19,17,3.095795255000934,0.0,0,0.5714285714285714,-7.565010526315789,low,0.5217,4,0.8181818181818182,True,NOERROR,2,600,0,2,False,False,0,16509,US,True,,,,False,35,False,False,,benign,no_adverse_signal
fouglas.de,2026-07-19,10,2.807354922057604,0.0,0,0.75,-7.268818181818181,low,0.5882,2,1.0,False,NOERROR,0,,0,2,False,False,0,,,,,,,False,,,False,,benign,no_adverse_signal
savethehuntcolorado.org,2026-07-19,23,3.576617644908665,0.0,0,0.7272727272727273,-6.75502,low,0.5161,3,0.6842105263157895,True,NOERROR,1,50,0,2,False,False,0,47583,CY,False,"HOSTINGER operations, UAB",4,365,False,32,False,False,,benign,no_adverse_signal
hzuue4.top,2026-07-19,10,2.2516291673878226,0.1,0,1.5,-11.5213,high,0.5455,2,0.8333333333333334,False,NOERROR,0,,0,2,False,False,0,,,,"Todaynic.com, Inc.",4,365,True,,,True,,malicious,spamhaus_dbl
flightsys.co.uk,2026-07-19,15,2.9477027792200903,0.0,0,0.125,-7.23778,low,0.5185,6,0.8888888888888888,True,NOERROR,1,300,0,2,False,False,0,16509,US,True,Mark Adams t/a 3DWeb.co.uk [Tag = 3DWEB],3745,4017,False,0,False,False,,benign,no_adverse_signal
inatoto.dev,2026-07-19,11,2.235926350629032,0.0,0,1.3333333333333333,-6.079027272727273,low,0.6154,1,0.7142857142857143,True,NOERROR,2,300,0,2,False,False,2,13335,US,False,,,,False,0,False,False,,benign,no_adverse_signal
goodyuan.com.cn,2026-07-19,15,2.75,0.0,0,1.0,-7.650838461538461,low,0.5882,2,0.875,True,NOERROR,1,1,0,2,False,False,0,40065,US,False,合肥聚名网络科技有限公司,12,365,False,0,False,False,,benign,no_adverse_signal
fruit.eu,2026-07-19,8,2.321928094887362,0.0,0,0.6666666666666666,-7.4896,low,0.6667,2,1.0,True,NOERROR,1,60,0,2,False,False,0,20473,FR,True,SEO Domains,,,False,0,False,False,,benign,no_adverse_signal
mission101.online,2026-07-19,17,2.7219280948873625,0.17647058823529413,0,0.75,-7.52434705882353,medium,0.4615,2,0.7,True,NOERROR,2,300,0,2,False,False,0,396982,US,True,"GoDaddy.com, LLC",4,365,False,0,False,False,,benign,no_adverse_signal
regenevetsdf.com.br,2026-07-19,19,2.9182958340544896,0.0,0,0.5,-7.026547619047619,low,0.4828,4,0.75,True,NOERROR,1,14400,1,2,True,False,0,53038,BR,True,,7,365,False,0,False,False,False,benign,no_adverse_signal
das-infotelefon.de,2026-07-19,18,3.3735572622751855,0.0,1,0.75,-6.911596296296296,low,0.5385,2,0.7333333333333333,True,NOERROR,1,7200,1,2,True,False,0,34788,DE,True,,,,False,0,False,False,False,benign,no_adverse_signal
nespress.de,2026-07-19,11,2.1556390622295662,0.0,0,0.3333333333333333,-6.058969230769231,low,0.6667,3,0.625,True,NOERROR,1,3600,0,2,False,False,0,24940,DE,True,,,,False,0,False,False,,benign,no_adverse_signal
tianjiling.cn,2026-07-19,13,2.6464393446710153,0.0,0,0.6666666666666666,-6.673441176470588,low,0.5714,2,0.7,False,NOERROR,0,,2,2,False,False,0,,,,北京新网数码信息技术有限公司,14,365,False,,,False,True,benign,no_adverse_signal
ark789.info,2026-07-19,11,2.584962500721156,0.2727272727272727,0,0.5,-9.844866666666668,medium,0.4,2,1.0,True,NOERROR,2,300,0,2,False,False,2,13335,US,False,,,,,0,False,False,,benign,no_adverse_signal
cdm-fr.asia,2026-07-19,11,2.584962500721156,0.0,1,0.0,-9.05498888888889,low,0.5,3,1.0,True,NOERROR,1,3600,3,2,True,False,0,16276,FR,True,"OVH, SAS",4,365,True,11,False,False,False,benign,no_adverse_signal
just4dogs.co.uk,2026-07-19,15,2.94770277922009,0.06666666666666667,0,0.3333333333333333,-8.27036,low,0.4762,2,0.8888888888888888,True,NOERROR,1,199,0,2,False,False,0,16509,US,True,Mark Adams t/a 3DWeb.co.uk [Tag = 3DWEB],4849,5113,False,0,False,False,,benign,no_adverse_signal
oura.my.id,2026-07-19,10,2.0,0.0,0,3.0,-6.054180000000001,low,0.6667,1,1.0,False,timeout,0,,0,0,False,False,0,,,,,,,False,,,False,,benign,no_adverse_signal
new-horizons.gr,2026-07-19,15,3.2516291673878226,0.0,1,0.5714285714285714,-7.309619047619048,low,0.5,2,0.8333333333333334,False,NOERROR,0,,0,2,False,False,0,,,,,,,,,,False,,benign,no_adverse_signal
espressomoments.dk,2026-07-19,18,2.789898095464287,0.0,0,0.5,-6.391281481481482,low,0.5714,3,0.5333333333333333,True,NOERROR,1,3600,0,2,False,False,0,206834,CA,False,Openprovider,12,364,True,10,False,False,,benign,no_adverse_signal
aios.cool,2026-07-19,9,2.0,0.0,0,3.0,-7.0735399999999995,low,0.6667,1,1.0,False,NOERROR,0,,0,2,False,False,0,,,,,,,,,,False,,benign,no_adverse_signal
chalet-aquitain.fr,2026-07-19,18,3.3232314287976203,0.0,1,1.0,-7.050037037037037,low,0.5,2,0.7333333333333333,True,NOERROR,2,300,3,2,True,False,2,13335,US,False,Hosting Concepts B.V. d/b/a Openprovider,14,364,False,0,False,False,False,benign,no_adverse_signal
resmiadresi-marsbahis.icu,2026-07-19,25,3.1416192081839784,0.0,1,0.6666666666666666,-7.1351589743589745,low,0.5263,3,0.47619047619047616,True,NOERROR,1,300,0,2,False,False,0,43641,NL,True,Dynadot Inc,4,365,False,0,False,False,,benign,no_adverse_signal
farnsworth.tv,2026-07-19,13,3.121928094887362,0.0,0,0.25,-6.923382352941177,low,0.5217,4,0.9,True,NOERROR,2,300,0,2,False,False,2,13335,US,False,"Cloudflare, Inc.",5,365,True,0,False,False,,benign,no_adverse_signal
heeelp.gr,2026-07-19,9,1.7924812503605778,0.0,0,1.0,-7.213722222222223,low,0.5455,2,0.6666666666666666,True,NOERROR,1,3600,0,2,False,False,0,24940,DE,True,,,,,0,False,False,,benign,no_adverse_signal
rzco.ir,2026-07-19,7,2.0,0.0,0,0.3333333333333333,-9.42574,low,0.6667,3,1.0,True,NOERROR,1,3600,0,0,False,False,0,34918,IR,False,,,,False,0,False,False,,benign,no_adverse_signal
zephyra.cn,2026-07-19,10,2.807354922057604,0.0,0,0.4,-8.26920909090909,low,0.5,4,1.0,False,NOERROR,0,,0,2,False,False,0,,,,阿里云计算有限公司（万网）,6,365,False,,,False,,benign,no_adverse_signal
socketbhoreb.bond,2026-07-19,17,3.084962500721156,0.0,0,0.5,-6.9814333333333325,low,0.6087,3,0.75,False,NOERROR,0,,0,2,False,False,0,,,,Porkbun LLC,4,365,False,,,False,,benign,no_adverse_signal
fire-wheel.com.cn,2026-07-19,17,2.8464393446710154,0.0,1,0.8,-7.550164705882353,low,0.5,2,0.8,True,NOERROR,1,600,0,2,False,False,0,153494,HK,False,郑州世纪创联电子科技开发有限公司,480,730,False,0,False,False,,benign,no_adverse_signal
yourhotel.co.uk,2026-07-19,15,2.94770277922009,0.0,0,0.8,-6.848933333333333,low,0.625,2,0.8888888888888888,False,SERVFAIL,0,,0,0,False,False,0,,,,GeoDynamics Ltd [Tag = YOURWWW],9925,10227,False,,,False,,benign,no_adverse_signal
rumiquotes.in,2026-07-19,13,3.121928094887362,0.0,0,1.0,-7.526205882352941,low,0.5882,1,0.9,True,NOERROR,2,300,0,2,False,False,2,13335,US,False,"Spaceship, Inc.",6,365,False,0,False,False,,benign,no_adverse_signal
ip-com.co.uk,2026-07-19,12,2.584962500721156,0.0,1,0.6666666666666666,-7.306177777777778,low,0.5455,1,1.0,True,NOERROR,2,300,0,2,False,False,0,16509,US,True,"Namecheap, Inc. t/a Spaceship [Tag = SPACESHIP]",17,365,False,0,False,False,,benign,no_adverse_signal
agencedes3rivieres.fr,2026-07-19,21,3.1916116417513782,0.047619047619047616,0,0.8888888888888888,-7.227942424242424,low,0.56,2,0.6111111111111112,True,NOERROR,1,3600,0,2,False,False,0,12876,FR,True,JRWEB,13,364,False,0,False,False,,benign,no_adverse_signal
hnssm.cn,2026-07-19,8,1.9219280948873623,0.0,0,0.0,-7.7316142857142856,low,0.5,5,0.8,False,NOERROR,0,,0,2,False,False,0,,,,腾讯云计算（北京）有限责任公司,11,365,False,,,False,,benign,no_adverse_signal
petaxi.com.cn,2026-07-19,13,2.584962500721156,0.0,0,1.0,-7.059322222222223,low,0.6667,1,1.0,True,NOERROR,1,1,0,2,False,False,0,135097,SC,False,山东开创集团股份有限公司,12,365,False,0,False,False,,benign,no_adverse_signal
zdcivs-zveza.si,2026-07-19,15,3.0220552088742,0.0,1,0.375,-9.529985714285713,low,0.4545,3,0.75,True,NOERROR,2,300,0,2,False,False,2,13335,US,False,Openprovider,13,365,False,0,False,False,,benign,no_adverse_signal
apigov.com.br,2026-07-19,13,2.584962500721156,0.0,0,1.0,-7.098777777777778,low,0.6154,1,1.0,False,NXDOMAIN,0,,0,0,False,False,0,,,,,18,,False,,,False,,benign,no_adverse_signal
c821.cc,2026-07-19,7,2.0,0.42857142857142855,0,0.0,-11.57504,low,0.4444,1,1.0,True,NOERROR,3,7200,0,2,False,True,0,62468,HK,False,Dynadot Inc,7,365,False,0,True,False,,malicious,spamhaus_zen
chinavisa.co.in,2026-07-19,15,2.725480556997868,0.0,0,0.8,-6.392313333333333,low,0.625,2,0.7777777777777778,True,NOERROR,2,300,0,2,False,False,2,13335,US,False,"Spaceship, Inc.",6,365,False,0,False,False,,benign,no_adverse_signal
kajamba.de,2026-07-19,10,2.1280852788913944,0.0,0,0.75,-7.666818181818181,low,0.5455,2,0.7142857142857143,False,NOERROR,0,,0,2,False,False,0,,,,,,,False,,,False,,benign,no_adverse_signal
greensboro.cc,2026-07-19,13,2.7219280948873625,0.0,0,0.6666666666666666,-6.804888235294118,low,0.5,3,0.7,True,NOERROR,2,300,0,2,False,False,0,16509,US,True,"Spaceship, Inc.",7,365,False,0,False,False,,benign,no_adverse_signal
almoghni.org,2026-07-19,12,3.0,0.0,0,0.6,-8.022169230769231,low,0.5714,3,1.0,True,NOERROR,2,300,0,3,True,False,0,2635,US,False,Automattic Inc.,3,365,True,0,False,False,,benign,no_adverse_signal
enchere.ca,2026-07-19,10,2.1280852788913944,0.0,0,0.75,-6.027936363636363,low,0.6667,3,0.7142857142857143,True,NOERROR,1,300,0,2,True,False,0,62563,CA,True,BareMetal.com inc,6,365,True,0,False,False,,benign,no_adverse_signal
xn--lhr335be2ay7q.cn,2026-07-19,20,3.8521687236032816,0.25,2,0.25,-10.963564516129033,low,0.3333,3,0.8823529411764706,False,timeout,0,,0,0,False,False,0,,,,武汉物与伦比科技有限公司,384,730,False,,,False,,benign,no_adverse_signal
injurysupport.co.uk,2026-07-19,19,3.238901256602631,0.0,0,0.4444444444444444,-7.364313043478261,low,0.5,3,0.7692307692307693,True,NOERROR,2,600,0,2,False,False,0,16509,US,True,"GoDaddy.com, LLC. [Tag = GODADDY]",13,365,False,35,False,False,,benign,no_adverse_signal
ckblier.be,2026-07-19,10,2.807354922057604,0.0,0,0.4,-7.265172727272727,low,0.6154,4,1.0,True,NOERROR,1,86400,3,2,True,False,0,43515,NL,True,,4,,False,0,False,False,False,benign,no_adverse_signal
onedelivery.eu,2026-07-19,14,3.027169118440619,0.0,0,0.8333333333333334,-6.171594736842105,low,0.6957,2,0.8181818181818182,True,NOERROR,1,60,1,4,False,False,0,16509,IE,True,Aruba S.p.A.,,,False,0,False,False,False,benign,no_adverse_signal
pythonfresh.nl,2026-07-19,14,3.277613436819116,0.0,0,0.2222222222222222,-7.05021052631579,low,0.5,4,0.9090909090909091,True,NOERROR,2,300,0,2,False,False,2,13335,US,False,Dynadot LLC,10,,False,0,False,False,,benign,no_adverse_signal
perimeteroutd.com.de,2026-07-19,20,1.584962500721156,0.0,0,0.5,-5.649566666666666,low,0.6,1,1.0,True,NOERROR,2,300,0,2,False,False,2,13335,US,False,,,,False,0,False,False,,benign,no_adverse_signal
freight-ai.net,2026-07-19,14,3.121928094887362,0.0,1,0.8,-7.5255117647058825,low,0.5,3,0.9,False,NOERROR,0,,0,2,False,False,0,,,,"Cloudflare, Inc.",4,365,True,,,False,,benign,no_adverse_signal
connectionhub.com.au,2026-07-19,20,3.0269868333592873,0.0,0,0.625,-6.503639130434783,low,0.56,2,0.6923076923076923,True,NOERROR,1,300,5,2,False,False,0,38719,AU,True,Web Address Registration Pty Ltd,,,False,0,False,False,False,benign,no_adverse_signal
xdriver.com.br,2026-07-19,14,2.5216406363433186,0.0,0,0.4,-6.901572727272727,low,0.8571,3,0.8571428571428571,False,NOERROR,0,,1,2,True,False,0,,,,,6,,False,,,False,,benign,no_adverse_signal
burgerkitchenwassenaaroostdorperweg.nl,2026-07-19,38,3.8297417753631366,0.0,0,0.5909090909090909,-7.0574805970149255,low,0.3333,3,0.4857142857142857,True,NOERROR,2,60,0,2,False,False,0,16509,IE,True,Metaregistrar B.V.,6,,False,0,False,False,,benign,no_adverse_signal
shoppingpe.com.br,2026-07-19,17,2.8464393446710154,0.0,0,0.42857142857142855,-6.909535294117647,low,0.6667,3,0.8,True,NOERROR,2,3600,0,2,False,False,0,273584,BR,False,,8,365,False,0,False,False,,benign,no_adverse_signal
pastaalluovo.terni.it,2026-07-19,21,2.8553885422075336,0.0,0,1.0,-7.266471428571428,low,0.5217,2,0.6666666666666666,False,NXDOMAIN,0,,0,0,False,False,0,,,,,,,,,,False,,benign,no_adverse_signal
99vod.cn,2026-07-19,8,1.9219280948873623,0.25,0,0.5,-9.748428571428573,low,0.4,1,0.8,True,NOERROR,1,900,0,2,False,False,0,18186,US,False,北京新网数码信息技术有限公司,4,365,False,0,False,False,,benign,no_adverse_signal
constant-velocity.de,2026-07-19,20,3.4548223999466066,0.0,1,0.45454545454545453,-6.633332258064516,low,0.48,3,0.7058823529411765,True,NOERROR,3,14400,1,2,True,False,0,63949,US,True,,,,False,0,False,False,False,benign,no_adverse_signal
67k7.cn,2026-07-19,7,1.5,0.42857142857142855,0,0.0,-12.24248,low,0.4444,1,0.75,False,NXDOMAIN,0,,0,0,False,False,0,,,,,,,,,,False,,benign,no_adverse_signal
patriotsmedia.online,2026-07-19,20,3.238901256602631,0.0,0,0.8571428571428571,-6.59418695652174,medium,0.6957,3,0.7692307692307693,True,NOERROR,2,60,5,2,True,False,0,22612,US,True,NAMECHEAP INC,4,365,True,0,False,False,False,benign,no_adverse_signal
boraroronxz.life,2026-07-19,16,2.59490661824394,0.0,0,0.5714285714285714,-7.303084210526316,low,0.4706,3,0.6363636363636364,True,NOERROR,2,300,0,2,False,False,2,13335,US,False,,,,False,0,False,False,,benign,no_adverse_signal
sms222.app,2026-07-19,10,1.4591479170272448,0.3,0,0.0,-9.384144444444445,low,0.4615,3,0.5,True,NOERROR,2,300,0,2,False,False,2,13335,US,False,,,,False,0,False,False,,benign,no_adverse_signal
secured--loan.co.uk,2026-07-19,19,3.3927474104487847,0.0,2,0.8333333333333334,-7.559017391304347,low,0.5263,1,0.8461538461538461,False,NXDOMAIN,0,,0,0,False,False,0,,,,"Namecheap, Inc. [Tag = NAMECHEAP-INC]",6,365,False,,,False,,benign,no_adverse_signal
mirasanonarikentozavo.digital,2026-07-19,29,3.368042422572715,0.0,0,0.9090909090909091,-6.9316,low,0.4444,2,0.5714285714285714,True,NOERROR,1,300,5,2,True,False,0,,US,False,,,,,0,False,False,False,benign,no_adverse_signal
zxydkj.cn,2026-07-19,9,2.584962500721156,0.0,0,0.0,-10.360944444444444,low,0.4615,6,1.0,True,NOERROR,1,1,0,2,False,False,0,59371,HK,False,商中在线科技股份有限公司,8,365,False,0,False,False,,benign,no_adverse_signal
ycoaek.top,2026-07-19,10,2.584962500721156,0.0,0,1.0,-8.513444444444444,high,0.5,2,1.0,False,NOERROR,0,,0,2,False,False,0,,,,"Todaynic.com, Inc.",4,365,True,,,True,,malicious,spamhaus_dbl
kangaroocasino.net,2026-07-19,18,2.9852281360342525,0.0,0,1.0,-6.368336,low,0.5455,2,0.6428571428571429,True,NOERROR,2,300,0,2,False,False,2,13335,US,False,NAMECHEAP INC,5,365,True,0,False,False,,benign,no_adverse_signal
afitness.store,2026-07-19,14,2.75,0.0,0,0.6,-6.836315384615385,low,0.5714,2,0.875,True,NOERROR,1,7200,0,4,False,False,1,13335,CA,True,,,,False,0,False,False,,benign,no_adverse_signal
echobrookcraft.rest,2026-07-19,19,3.182005814760214,0.0,0,0.5555555555555556,-7.232175999999999,low,0.5217,3,0.7142857142857143,True,NOERROR,1,3600,5,2,True,False,0,40662,NL,False,NAMECHEAP INC,4,365,True,0,False,False,False,benign,no_adverse_signal
bredda.de,2026-07-19,9,2.251629167387823,0.0,0,0.5,-7.038655555555556,low,0.6667,2,0.8333333333333334,True,NOERROR,1,14400,2,3,True,False,1,24940,DE,True,,,,False,0,False,False,False,benign,no_adverse_signal
kingtuition.co.uk,2026-07-19,17,2.663532754804255,0.0,0,0.8333333333333334,-6.6925368421052625,low,0.7059,3,0.6363636363636364,True,NOERROR,2,3600,0,2,False,False,0,16509,US,True,"GoDaddy.com, LLC. [Tag = GODADDY]",9,365,False,23,False,False,,benign,no_adverse_signal
vampiricdesi-thearchives.co.uk,2026-07-19,30,3.5535088547976783,0.0,1,0.6428571428571429,-6.973811111111112,low,0.5,3,0.5416666666666666,True,NOERROR,4,14400,0,4,True,False,0,53831,US,False,Squarespace Domains LLC t/a SQUARESPACE DOMAINS [Tag = SQUARESPACE],5,365,False,15,False,False,,benign,no_adverse_signal
escuelarafaelarcangel.cl,2026-07-19,24,3.041625614369223,0.0,0,0.9090909090909091,-6.901666666666667,low,0.4848,2,0.47619047619047616,True,NOERROR,1,900,6,4,True,False,0,16509,US,True,NIC Chile,2947,3287,False,0,False,False,False,benign,no_adverse_signal
smartmoverealtors.in,2026-07-19,20,3.1018812234760182,0.0,0,0.5454545454545454,-6.3470645161290316,low,0.5333,3,0.5294117647058824,True,NOERROR,1,14400,2,2,True,False,0,46606,US,True,GoDaddy,7,365,False,0,False,False,False,benign,no_adverse_signal
varstores.dev,2026-07-19,13,2.725480556997868,0.0,0,0.5,-6.06544,low,0.5882,3,0.7777777777777778,False,NOERROR,0,,0,2,False,False,0,,,,,,,False,,,False,,benign,no_adverse_signal
trysgrow.co,2026-07-19,11,2.75,0.0,0,0.14285714285714285,-7.5887692307692305,low,0.4615,6,0.875,True,NOERROR,2,59,0,4,False,False,0,,US,False,Porkbun,394,730,False,0,False,False,,benign,no_adverse_signal
old-timers.co.uk,2026-07-19,16,3.321928094887362,0.0,1,0.5,-6.9904,low,0.6,2,1.0,False,NOERROR,0,,0,2,False,False,0,,,,"Dynadot, LLC t/a Dynadot [Tag = DYNADOT]",6,365,False,,,False,,benign,no_adverse_signal
luthiencapital.co.uk,2026-07-19,20,3.2359263506290334,0.0,0,0.75,-6.597856,low,0.5455,2,0.7142857142857143,True,NOERROR,2,600,0,2,False,False,0,16509,US,True,"GoDaddy.com, LLC. [Tag = GODADDY]",6,365,False,35,False,False,,benign,no_adverse_signal
ktsx63tyjwdl.cc,2026-07-19,15,3.418295834054489,0.13333333333333333,0,0.0,-11.025071428571428,low,0.4,6,0.9166666666666666,True,NOERROR,1,1,0,2,False,True,0,209242,US,False,"GoDaddy.com, LLC",10,365,False,0,False,True,,malicious,spamhaus_dbl
513ft.casino,2026-07-19,12,2.321928094887362,0.25,0,0.0,-11.035585714285714,low,0.5,2,1.0,True,NOERROR,1,14400,1,2,True,False,0,57724,RU,True,,,,,5,False,False,False,benign,no_adverse_signal
biomarine.be,2026-07-19,12,2.94770277922009,0.0,0,1.25,-6.160533333333333,low,0.5714,1,0.8888888888888888,True,NOERROR,1,3600,2,3,True,False,0,34762,BE,True,,8,,False,0,False,False,False,benign,no_adverse_signal
helpstart.in,2026-07-19,12,2.94770277922009,0.0,0,0.2857142857142857,-6.59814,low,0.5556,4,0.8888888888888888,True,NOERROR,1,50,0,2,False,False,0,47583,CY,False,"HOSTINGER operations, UAB",18,365,False,32,False,False,,benign,no_adverse_signal
6fht.shop,2026-07-19,9,2.0,0.1111111111111111,0,0.0,-11.341460000000001,low,0.4444,3,1.0,True,NOERROR,6,60,0,2,False,True,0,8075,KR,False,,,,False,0,True,True,,malicious,spamhaus_zen
metalbiz.com.cn,2026-07-19,15,3.0,0.0,0,0.6,-6.782176923076923,low,0.5714,2,1.0,True,NOERROR,1,600,0,2,False,False,0,398478,US,False,北京新网数码信息技术有限公司,8,365,False,0,False,False,,benign,no_adverse_signal
xn--2vxs8aw81d.com,2026-07-19,18,3.378783493486176,0.2222222222222222,2,0.14285714285714285,-11.472316000000001,low,0.3478,3,0.7857142857142857,False,NOERROR,0,,0,2,False,False,0,,,,Alibaba Cloud Computing Ltd. d/b/a HiChina (www.net.cn),5,365,False,,,False,,benign,no_adverse_signal
festivalofbells.com.au,2026-07-19,22,3.1898980954642875,0.0,0,0.5,-7.095277777777778,low,0.5,3,0.6666666666666666,True,NOERROR,1,3600,1,2,True,False,0,16276,AU,True,Melbourne IT,,,False,0,False,False,False,benign,no_adverse_signal
ls9ew3r509nd.icu,2026-07-19,16,3.418295834054489,0.3125,0,0.16666666666666666,-11.769719047619047,low,0.4167,2,0.9166666666666666,False,NOERROR,0,,0,2,False,False,0,,,,"NICENIC INTERNATIONAL GROUP CO., LIMITED",4,365,False,,,True,,malicious,spamhaus_dbl
nettworkers.de,2026-07-19,14,2.9139770731827523,0.0,0,0.375,-6.5338,low,0.7778,3,0.7272727272727273,True,NOERROR,3,14400,1,2,True,False,0,63949,US,True,,,,False,0,False,False,False,benign,no_adverse_signal
bagas31.co,2026-07-19,10,2.5216406363433186,0.2,0,0.6666666666666666,-8.555190909090909,low,0.5,1,0.8571428571428571,True,NOERROR,1,1800,5,2,True,False,0,22612,US,False,NAMECHEAP INC,8,365,True,0,False,False,False,benign,no_adverse_signal
studiodewollerie.nl,2026-07-19,19,3.202819531114783,0.0,0,1.0,-6.7610241379310345,low,0.5,2,0.625,True,NOERROR,2,300,0,2,False,False,2,13335,US,False,Internet Domain Service BS Corp.,13,,False,0,False,False,,benign,no_adverse_signal
fuelmate.eu,2026-07-19,11,2.75,0.0,0,1.0,-7.034461538461539,low,0.5333,2,0.875,True,NOERROR,2,300,3,2,True,False,2,13335,US,False,OVH SAS,,,False,0,False,False,False,benign,no_adverse_signal
todo-gmbh.de,2026-07-19,12,2.94770277922009,0.0,1,0.3333333333333333,-8.941513333333335,low,0.5556,4,0.8888888888888888,True,NOERROR,2,300,1,2,True,False,2,13335,US,False,,,,False,0,False,False,False,benign,no_adverse_signal
shivamusic.de,2026-07-19,13,2.9219280948873623,0.0,0,0.6666666666666666,-6.970941176470588,low,0.5,2,0.8,True,NOERROR,1,300,2,2,True,False,0,25394,DE,True,,,,False,0,False,False,False,benign,no_adverse_signal
yoidore-kasai.jp,2026-07-19,16,3.238901256602631,0.0,1,1.4,-7.446617391304348,low,0.5455,1,0.7692307692307693,True,NOERROR,1,3600,1,5,True,False,0,131965,JP,True,,5,380,False,0,False,False,False,benign,no_adverse_signal
biotots.shop,2026-07-19,12,2.2359263506290326,0.0,0,0.75,-6.779063636363636,low,0.6,2,0.7142857142857143,True,NOERROR,1,300,0,2,False,False,0,199242,US,False,,,,False,0,False,False,,benign,no_adverse_signal
valve1.cn,2026-07-19,9,2.2516291673878226,0.1111111111111111,0,0.6666666666666666,-8.060844444444445,low,0.6,2,0.8333333333333334,True,NOERROR,2,300,0,2,False,False,2,13335,US,False,云南蓝队云计算有限公司,8,365,False,0,False,False,,benign,no_adverse_signal
fullman.co,2026-07-19,10,2.5216406363433186,0.0,0,0.4,-7.0552,low,0.5333,3,0.8571428571428571,True,NOERROR,2,60,0,4,False,False,0,,US,False,Porkbun,397,730,False,0,False,False,,benign,no_adverse_signal
hantendaled.cn,2026-07-19,14,2.7321588913645702,0.0,0,0.5714285714285714,-6.113352631578947,low,0.5556,2,0.6363636363636364,True,NOERROR,2,600,0,2,False,False,0,932,CN,False,北京新网数码信息技术有限公司,5,365,False,0,False,False,,benign,no_adverse_signal
duniatotocerah.online,2026-07-19,21,3.3787834934861767,0.0,0,1.0,-6.697736,medium,0.5217,1,0.7857142857142857,True,NOERROR,2,300,0,2,False,False,2,13335,US,False,NAMECHEAP INC,4,365,True,0,False,False,,benign,no_adverse_signal
plnews.pl,2026-07-19,9,2.584962500721156,0.0,0,0.2,-7.214244444444445,low,0.7273,3,1.0,True,NOERROR,1,21600,1,2,True,False,0,48707,PL,False,Aftermarket.pl Limited,9,365,False,0,False,False,False,benign,no_adverse_signal
dreamnails.es,2026-07-19,13,3.121928094887362,0.0,0,0.6666666666666666,-7.072852941176471,low,0.5714,2,0.9,True,NOERROR,1,3600,2,4,True,False,1,8560,DE,True,,,,False,0,False,False,False,benign,no_adverse_signal
68vx.cc,2026-07-19,7,2.0,0.2857142857142857,0,0.0,-12.26836,low,0.2857,2,1.0,True,NOERROR,1,300,0,2,False,False,0,976,US,True,Dynadot Inc,16,365,False,0,False,False,,benign,no_adverse_signal
nba98lanqiuzhongwenwang.com.cn,2026-07-19,30,3.6381476962048276,0.06666666666666667,0,0.5,-8.51783023255814,low,0.4118,3,0.6521739130434783,True,NOERROR,1,300,0,2,False,False,0,132839,HK,False,北京新网数码信息技术有限公司,11,365,False,0,False,False,,benign,no_adverse_signal
flowhealing.net,2026-07-19,15,3.2776134368191165,0.0,0,0.5714285714285714,-6.5062105263157894,low,0.5556,2,0.9090909090909091,True,NOERROR,3,3600,0,2,False,False,0,58182,US,True,Wix.com Ltd.,4,365,False,15,False,False,,benign,no_adverse_signal
mobile.com.tr,2026-07-19,13,2.584962500721156,0.0,0,1.0,-6.457,low,0.8571,1,1.0,True,NOERROR,1,900,0,5,False,False,0,15685,CZ,True,,6,1825,True,0,False,False,,benign,no_adverse_signal
naturontour.de,2026-07-19,14,2.550340709546388,0.0,0,0.8333333333333334,-6.36478947368421,low,0.5882,2,0.5454545454545454,True,NOERROR,3,14400,1,2,True,False,0,63949,US,True,,,,False,0,False,False,False,benign,no_adverse_signal
gasrepair.co.uk,2026-07-19,15,2.725480556997868,0.0,0,0.8,-6.972126666666667,low,0.5882,2,0.7777777777777778,True,NOERROR,1,300,0,2,False,False,0,16509,US,True,Mark Adams t/a 3DWeb.co.uk [Tag = 3DWEB],3757,4017,False,0,False,False,,benign,no_adverse_signal
oldautomation.store,2026-07-19,19,3.0269868333592873,0.0,0,1.1666666666666667,-6.427917391304347,low,0.6667,2,0.6923076923076923,True,NOERROR,1,1800,2,2,True,False,0,22612,US,False,,,,False,0,False,False,False,benign,no_adverse_signal
ajyfmbg.beer,2026-07-19,12,2.807354922057604,0.0,0,0.16666666666666666,-10.407127272727273,low,0.5,6,1.0,True,NOERROR,5,28,0,2,False,False,0,138415,US,False,Dynadot Inc,4,365,True,0,False,False,,benign,no_adverse_signal
seabrookledger.co.uk,2026-07-19,20,3.182005814760214,0.0,0,0.75,-7.013208,low,0.5,2,0.7142857142857143,True,NOERROR,2,300,0,2,False,False,2,13335,US,False,"GoDaddy.com, LLC. [Tag = GODADDY]",5,1096,False,0,False,False,,benign,no_adverse_signal
ashbushra.net,2026-07-19,13,2.5032583347756456,0.0,0,0.5,-7.484393333333333,low,0.5,3,0.6666666666666666,False,NOERROR,0,,0,4,False,False,0,,,,"Amazon Registrar, Inc.",5,365,True,,,False,,benign,no_adverse_signal
recycling.net.cn,2026-07-19,16,2.94770277922009,0.0,0,0.2857142857142857,-6.680626666666667,low,0.5,4,0.8888888888888888,False,NOERROR,0,,0,2,False,False,0,,,,阿里云计算有限公司（万网）,15,365,False,,,False,,benign,no_adverse_signal
hapada.dev,2026-07-19,10,1.7924812503605778,0.0,0,1.0,-6.6852,low,0.6154,1,0.6666666666666666,True,NOERROR,1,300,0,2,False,False,0,38719,AU,True,,,,False,0,False,False,,benign,no_adverse_signal
ql271zb.vip,2026-07-19,11,2.807354922057604,0.2727272727272727,0,0.0,-11.941009090909091,low,0.4,2,1.0,True,NOERROR,1,10,0,2,False,False,1,16509,HK,True,Dynadot Inc,4,365,True,0,False,False,,benign,no_adverse_signal
vectorengine.co,2026-07-19,15,3.0220552088742005,0.0,0,0.7142857142857143,-6.136171428571428,low,0.6,2,0.75,True,NOERROR,2,4,0,4,False,False,0,,US,False,Porkbun,395,730,False,0,False,False,,benign,no_adverse_signal
515cell.cn,2026-07-19,10,2.2359263506290326,0.3,0,0.3333333333333333,-9.109981818181819,low,0.5714,2,0.7142857142857143,True,NOERROR,1,1,0,2,False,False,0,138415,HK,False,域见未来（北京）科技有限公司,13,365,False,0,False,False,,benign,no_adverse_signal
hzdkfp.cn,2026-07-19,9,2.584962500721156,0.0,0,0.0,-10.874711111111111,low,0.4615,6,1.0,True,NOERROR,1,600,0,2,False,False,0,135097,SC,False,商中在线科技股份有限公司,16,365,False,0,False,False,,benign,no_adverse_signal
gloryslot.store,2026-07-19,15,2.725480556997868,0.0,0,0.2857142857142857,-7.0193666666666665,low,0.5882,4,0.7777777777777778,True,NOERROR,2,300,3,2,True,False,2,13335,US,False,,,,False,0,False,False,False,benign,no_adverse_signal
makerlabs.nl,2026-07-19,12,2.94770277922009,0.0,0,0.5,-6.7876,low,0.6087,2,0.8888888888888888,True,NOERROR,1,3600,0,2,False,False,0,14618,US,True,Realtime Register,11,,False,0,False,False,,benign,no_adverse_signal
trayambak.in,2026-07-19,12,2.6416041678685933,0.0,0,0.5,-7.0545333333333335,low,0.5333,2,0.7777777777777778,True,NOERROR,1,50,2,2,True,False,0,47583,CY,False,"HOSTINGER operations, UAB",14,1096,False,32,False,False,False,benign,no_adverse_signal
tajemnicaszczescia.pl,2026-07-19,21,3.197159723424149,0.0,0,0.6363636363636364,-8.078790909090909,low,0.4444,4,0.5555555555555556,True,NOERROR,1,300,1,2,True,False,0,207668,PL,True,KRU.PL SP. Z O.O.,8,365,False,0,False,False,False,benign,no_adverse_signal
ninoshop.ir,2026-07-19,11,2.5,0.0,0,0.6,-6.3746,low,0.5455,2,0.75,True,NOERROR,1,14400,1,2,True,False,0,208161,IR,True,,,,False,0,False,False,False,benign,no_adverse_signal
oberaich.at,2026-07-19,11,3.0,0.0,0,1.0,-6.428923076923076,low,0.6154,2,1.0,True,NOERROR,2,300,0,2,False,False,2,13335,US,False,Hosting concepts B.V. / Registrar.eu ( https://nic.at/registrar/648 ),,,False,0,False,False,,benign,no_adverse_signal
acdn.tn,2026-07-19,7,2.0,0.0,0,0.3333333333333333,-6.55454,low,0.8889,3,1.0,False,SERVFAIL,0,,0,0,False,False,0,,,,OOREDOO,2032,,False,,,False,,benign,no_adverse_signal
uk2usa.co.uk,2026-07-19,12,2.2516291673878226,0.08333333333333333,0,1.5,-9.532311111111111,low,0.5,1,0.8333333333333334,True,NOERROR,2,300,0,2,False,False,2,13335,US,False,"Namecheap, Inc. t/a Spaceship [Tag = SPACESHIP]",14,365,False,0,False,False,,benign,no_adverse_signal
citiesads.in,2026-07-19,12,2.725480556997868,0.0,0,0.8,-6.652166666666667,low,0.5333,2,0.7777777777777778,True,NOERROR,2,300,0,2,False,False,2,13335,US,False,Hosting Concepts B.V. dba Openprovider,14,365,False,0,False,False,,benign,no_adverse_signal
wren-ld.com.cn,2026-07-19,14,2.807354922057604,0.0,1,0.2,-8.149336363636364,low,0.6667,2,1.0,True,NOERROR,1,600,0,2,False,False,0,58658,US,False,北京新网数码信息技术有限公司,6,365,False,0,False,False,,benign,no_adverse_signal
reverseengineer.ru,2026-07-19,18,2.422579761842491,0.0,0,0.875,-6.354107407407407,low,0.4615,2,0.4666666666666667,True,NOERROR,1,14400,0,2,False,False,0,197695,RU,False,REGRU-RU,4,365,False,0,False,False,,benign,no_adverse_signal
11912.me,2026-07-19,8,1.3709505944546687,0.625,0,0.0,-9.964871428571428,low,0.25,0,0.6,True,NOERROR,1,1,0,2,False,True,0,4907,JP,False,Dynadot Inc,6,365,True,0,True,False,,malicious,spamhaus_zen
geniuscreations.com.ng,2026-07-19,22,3.3735572622751846,0.0,0,0.875,-6.394981481481482,low,0.625,3,0.7333333333333333,True,NOERROR,2,3600,0,4,False,False,2,205787,DE,True,QServers.ng,2240,2556,False,0,False,False,,benign,no_adverse_signal
raa.pt,2026-07-19,6,0.9182958340544896,0.0,0,2.0,-7.431033333333333,low,0.6,1,0.6666666666666666,True,NOERROR,1,3600,0,2,False,False,0,206834,CA,False,,,,False,10,False,False,,benign,no_adverse_signal
latitudsur.digital,2026-07-19,18,2.9219280948873623,0.0,0,0.6666666666666666,-6.807694117647059,low,0.5263,2,0.8,True,NOERROR,2,300,0,2,False,False,2,13335,US,False,,,,,0,False,False,,benign,no_adverse_signal
gyron-hydqipai.com.cn,2026-07-19,21,3.521640636343319,0.0,1,0.4444444444444444,-8.840224,low,0.4242,4,0.8571428571428571,True,NOERROR,1,600,0,2,False,False,0,58658,US,False,北京新网数码信息技术有限公司,9,365,False,0,False,False,,benign,no_adverse_signal
swiftpure.cfd,2026-07-19,13,3.169925001442312,0.0,0,0.5,-7.523126666666667,low,0.5714,3,1.0,False,NOERROR,0,,0,2,False,False,0,,,,"Spaceship, Inc.",4,365,False,,,False,,benign,no_adverse_signal
bespoketrusts.co.uk,2026-07-19,19,3.0269868333592873,0.0,0,0.4444444444444444,-6.521769565217391,low,0.5,3,0.6923076923076923,True,NOERROR,2,1200,0,2,False,False,0,16509,US,True,"Namecheap, Inc. t/a Spaceship [Tag = SPACESHIP]",5,365,False,0,False,False,,benign,no_adverse_signal
radiokeroncong.id,2026-07-19,17,3.182005814760214,0.0,0,0.75,-6.397212,low,0.5,2,0.7142857142857143,True,NOERROR,1,14400,1,2,True,False,0,46050,ID,True,,,,False,0,False,False,False,benign,no_adverse_signal
bscan.cl,2026-07-19,8,2.321928094887362,0.0,0,0.25,-6.702171428571428,low,0.6,3,1.0,True,NOERROR,1,300,5,4,False,False,0,16509,US,True,NIC Chile,2215,2556,False,0,False,False,False,benign,no_adverse_signal
penavormart.shop,2026-07-19,16,3.095795255000934,0.0,0,0.5714285714285714,-6.559573684210527,low,0.5556,2,0.8181818181818182,True,NOERROR,1,86400,3,2,True,False,0,15169,US,True,,,,False,0,True,False,False,malicious,spamhaus_zen
tumtours.co.tz,2026-07-19,14,2.5,0.0,0,0.6,-7.394361538461538,low,0.5714,2,0.75,True,NOERROR,1,7200,1,4,True,False,0,51713,GB,True,REG-NETPOA,,,False,0,False,False,False,benign,no_adverse_signal
univ-udayana.host,2026-07-19,17,2.8553885422075336,0.0,1,1.2,-7.582247619047619,low,0.5263,1,0.6666666666666666,False,NOERROR,0,,0,2,False,False,0,,,,NAMECHEAP INC,3,365,True,,,False,,benign,no_adverse_signal
hsonline.cn,2026-07-19,11,2.75,0.0,0,0.6,-6.217507692307692,low,0.75,2,0.875,False,NOERROR,0,,0,2,False,False,0,,,,北京网尊科技有限公司,5,365,False,,,False,,benign,no_adverse_signal
marnith.co,2026-07-19,10,2.807354922057604,0.0,0,0.4,-6.383390909090909,low,0.6,2,1.0,True,NOERROR,2,5,0,4,False,False,0,,US,False,Porkbun,395,730,False,0,False,False,,benign,no_adverse_signal
redakcyjnie.pl,2026-07-19,14,3.2776134368191165,0.0,0,0.5714285714285714,-8.673526315789474,low,0.4706,5,0.9090909090909091,True,NOERROR,1,3600,1,2,True,False,0,57367,PL,True,cyber_Folks S.A.,6,365,False,0,False,False,False,benign,no_adverse_signal
kerrigan.ie,2026-07-19,11,2.75,0.0,0,0.6,-6.724669230769231,low,0.6154,2,0.875,False,timeout,0,,0,0,False,False,0,,,,Maxer Host Limited,18,365,False,,,False,,benign,no_adverse_signal
llmtoh.cn,2026-07-19,9,2.2516291673878226,0.0,0,0.2,-8.331233333333333,low,0.5,4,0.8333333333333334,True,NOERROR,1,900,0,2,False,False,0,134175,HK,False,北京新网数码信息技术有限公司,15,365,False,0,False,False,,benign,no_adverse_signal
motoprezenty.pl,2026-07-19,15,3.084962500721156,0.0,0,0.5,-6.841857142857143,low,0.4706,3,0.75,True,NOERROR,1,3600,0,2,False,False,0,206834,CA,False,Aftermarket.pl Limited,16,365,False,10,False,False,,benign,no_adverse_signal
dorato.com.br,2026-07-19,13,2.2516291673878226,0.0,0,1.0,-6.137322222222222,low,0.5455,1,0.8333333333333334,False,NOERROR,0,,1,2,True,False,0,,,,,13,1461,False,,,False,,benign,no_adverse_signal
party-rocket.de,2026-07-19,15,3.2516291673878226,0.0,1,0.375,-7.032438095238095,low,0.5455,3,0.8333333333333334,False,NOERROR,0,,2,2,True,False,0,,,,,,,False,,,False,False,benign,no_adverse_signal
totonavi168win.site,2026-07-19,19,3.2359263506290334,0.15789473684210525,0,0.8333333333333334,-8.149248,medium,0.4545,1,0.7142857142857143,True,NOERROR,2,300,0,2,False,False,2,13335,US,False,NAMECHEAP INC,4,365,True,0,False,False,,benign,no_adverse_signal
verticalchao.com.br,2026-07-19,19,3.2516291673878226,0.0,0,0.7142857142857143,-6.481166666666667,low,0.5263,3,0.8333333333333334,True,NOERROR,2,300,1,2,True,False,2,13335,US,False,,4064,4383,False,0,False,False,False,benign,no_adverse_signal
warungmbg.cloud,2026-07-19,15,2.94770277922009,0.0,0,0.2857142857142857,-7.856746666666666,low,0.5263,5,0.8888888888888888,False,NOERROR,0,,0,2,False,False,0,,,,"Dynadot, LLC",4,365,False,,,False,,benign,no_adverse_signal
farinexolivodaxikavisira.click,2026-07-19,30,3.4345608142862893,0.0,0,1.0,-7.169153333333333,medium,0.3889,1,0.5416666666666666,True,NOERROR,1,300,5,2,True,False,0,,US,False,NAMECHEAP INC,3,365,True,0,False,False,False,benign,no_adverse_signal
coachin.com.mx,2026-07-19,14,2.5216406363433186,0.0,0,0.75,-6.693654545454546,low,0.5714,2,0.8571428571428571,True,NOERROR,2,300,0,2,False,False,2,13335,US,False,"Namecheap, Inc.",15,365,True,0,False,False,,benign,no_adverse_signal
katsumi.fr,2026-07-19,10,2.807354922057604,0.0,0,0.75,-7.083600000000001,low,0.6154,2,1.0,True,NOERROR,1,14400,2,3,True,False,1,24940,DE,True,XNS Registrar B.V.,17,364,False,0,False,False,False,benign,no_adverse_signal
bw888gt.site,2026-07-19,12,2.1280852788913944,0.25,0,0.0,-10.530090909090909,medium,0.4,2,0.7142857142857143,True,NOERROR,2,300,0,2,False,False,2,13335,US,False,NAMECHEAP INC,4,365,True,0,False,False,,benign,no_adverse_signal
fusiongroup.ca,2026-07-19,14,3.0957952550009344,0.0,0,0.8333333333333334,-6.611489473684211,low,0.5263,3,0.8181818181818182,True,NOERROR,1,1187,5,2,True,False,0,14618,US,True,Rebel.ca Corp.,8056,8399,False,0,False,False,False,benign,no_adverse_signal
intergalactic.nl,2026-07-19,16,3.085055102756477,0.0,0,0.625,-6.135734782608696,low,0.64,2,0.6923076923076923,True,NOERROR,1,60,1,0,False,False,0,20473,GB,False,Realtime Register,3542,,False,0,False,False,,benign,no_adverse_signal
genesibuy.store,2026-07-19,15,2.94770277922009,0.0,0,0.8,-6.8193,low,0.5333,1,0.8888888888888888,True,NOERROR,1,50,0,2,False,False,0,47583,CY,False,,,,False,32,False,False,,benign,no_adverse_signal
datapenyujitu.site,2026-07-19,18,3.238901256602631,0.0,0,0.8571428571428571,-7.412017391304349,medium,0.4762,2,0.7692307692307693,True,NOERROR,2,300,0,2,False,False,2,13335,US,False,NAMECHEAP INC,4,365,True,0,False,False,,benign,no_adverse_signal
priveorion.ai,2026-07-19,13,2.7219280948873625,0.0,0,1.0,-6.49069411764706,low,0.5882,2,0.7,True,NOERROR,2,300,0,2,False,False,2,13335,US,False,"GoDaddy.com, LLC",4,731,True,0,False,False,,benign,no_adverse_signal
thesis.com.mx,2026-07-19,13,2.251629167387823,0.0,0,0.5,-6.262555555555555,low,0.5455,2,0.8333333333333334,True,NOERROR,1,14400,1,3,True,False,0,17378,US,True,NEUBOX Internet SA de CV,9528,9860,False,0,False,False,False,benign,no_adverse_signal
perfektreact.club,2026-07-19,17,2.8553885422075336,0.0,0,0.5,-7.106452380952381,low,0.56,3,0.6666666666666666,True,NOERROR,2,300,0,2,False,False,2,13335,US,False,NAMECHEAP INC,4,365,True,0,False,False,,benign,no_adverse_signal
7us.lol,2026-07-19,7,1.584962500721156,0.14285714285714285,0,1.0,-10.909733333333334,low,0.4444,1,1.0,True,NOERROR,2,300,0,2,False,False,2,13335,US,False,Gname.com Pte. Ltd.,4,365,True,0,False,False,,benign,no_adverse_signal
ao31.cn,2026-07-19,7,2.0,0.2857142857142857,0,2.0,-10.465720000000001,low,0.4444,0,1.0,True,NOERROR,2,300,0,2,False,False,2,13335,US,False,北京新网数码信息技术有限公司,11,365,False,0,False,False,,benign,no_adverse_signal
zpovedka.cz,2026-07-19,11,3.0,0.0,0,0.6,-8.142123076923077,low,0.5333,2,1.0,True,NOERROR,1,1800,0,2,False,False,0,24806,CZ,True,REG-MOJEID,13,364,False,0,False,False,,benign,no_adverse_signal
dailyreykjavik.news,2026-07-19,19,3.2359263506290334,0.0,0,0.5555555555555556,-7.996108,low,0.48,3,0.7142857142857143,False,NOERROR,0,,0,2,True,False,0,,,,,,,,,,False,,benign,no_adverse_signal
miravel.store,2026-07-19,13,2.807354922057604,0.0,0,0.75,-6.5358363636363634,low,0.6667,1,1.0,True,NOERROR,1,3600,2,4,True,False,1,13335,CA,True,,,,False,0,False,False,False,benign,no_adverse_signal
rigged.eu,2026-07-19,9,2.2516291673878226,0.0,0,0.5,-7.3917,low,0.5714,2,0.8333333333333334,True,NOERROR,1,900,2,2,True,False,0,48896,PL,True,dhosting.pl Sp. z o.o.,,,False,0,False,False,False,benign,no_adverse_signal
manismoment.my.id,2026-07-19,17,2.845350936622437,0.0,0,0.5714285714285714,-6.336710526315789,low,0.5385,2,0.7272727272727273,True,NOERROR,4,3600,0,2,False,False,0,54113,US,True,,,,False,44,False,False,,benign,no_adverse_signal
nhtv670phht.vip,2026-07-19,15,2.845350936622437,0.2,0,0.0,-10.846926315789474,low,0.4444,4,0.7272727272727273,True,NOERROR,7,300,0,2,False,False,0,151609,US,False,Dynadot Inc,4,365,True,0,False,False,,benign,no_adverse_signal
98688.id,2026-07-19,8,1.3709505944546687,0.625,0,0.0,-10.272671428571428,low,0.25,0,0.6,False,NOERROR,0,,0,2,False,False,0,,,,,,,False,,,True,,malicious,spamhaus_dbl
noirpublishing.co.uk,2026-07-19,20,3.3248629576173574,0.0,0,0.5555555555555556,-6.952752,low,0.4545,2,0.7857142857142857,True,NOERROR,2,300,0,2,False,False,2,13335,US,False,"Namecheap, Inc. [Tag = NAMECHEAP-INC]",12,365,False,0,False,False,,benign,no_adverse_signal
917932c.cc,2026-07-19,10,2.5216406363433186,0.6,0,0.0,-11.398072727272726,low,0.4,1,0.8571428571428571,False,NOERROR,0,,0,2,False,False,0,,,,"NameSilo, LLC",5,365,True,,,False,,benign,no_adverse_signal
jouwlinks.nl,2026-07-19,12,3.169925001442312,0.0,0,0.5,-7.794746666666667,low,0.625,3,1.0,True,NOERROR,1,3600,1,3,True,False,0,60781,NL,True,The Registrar Company B.V.,13,,False,0,False,False,False,benign,no_adverse_signal
uinsure.uk,2026-07-19,10,2.5216406363433186,0.0,0,1.3333333333333333,-6.5201,low,0.6154,2,0.8571428571428571,True,NOERROR,2,1200,0,2,False,False,0,16509,US,True,Jonathan Gregory t/a isurveyor.com [Tag = ISURVEYOR],435,730,False,0,False,False,,benign,no_adverse_signal
jaydenism.org,2026-07-19,13,3.169925001442312,0.0,0,0.5,-7.272433333333334,low,0.5714,2,1.0,False,NOERROR,0,,0,2,False,False,0,,,,"Spaceship, Inc.",3,365,False,,,False,,benign,no_adverse_signal
ihsan.in,2026-07-19,8,2.321928094887362,0.0,0,0.6666666666666666,-7.895385714285714,low,0.6,2,1.0,True,NOERROR,1,1800,5,2,True,False,0,22612,US,False,NAMECHEAP INC,8,365,True,0,False,False,False,benign,no_adverse_signal
gamejl.cn,2026-07-19,9,2.584962500721156,0.0,0,0.5,-8.136355555555555,low,0.6,2,1.0,False,NOERROR,0,,0,4,False,False,0,,,,杭州云集通信科技有限公司,5,365,False,,,False,,benign,no_adverse_signal
boosk.co.uk,2026-07-19,11,1.9219280948873623,0.0,0,0.6666666666666666,-7.053314285714285,low,0.6667,2,0.8,False,NOERROR,0,,5,2,True,False,0,,,,"Namecheap, Inc. [Tag = NAMECHEAP-INC]",10,365,False,,,False,False,benign,no_adverse_signal
incliclia.biz,2026-07-19,13,2.197159723424149,0.0,0,0.8,-6.464133333333334,low,0.5882,3,0.5555555555555556,True,NOERROR,1,300,0,2,True,False,0,16276,PL,True,"Spaceship, Inc.",3,,True,0,True,True,,malicious,spamhaus_zen
sunfab.net.cn,2026-07-19,13,2.584962500721156,0.0,0,0.5,-7.611066666666667,low,0.6,2,1.0,True,NOERROR,1,600,0,2,False,False,0,398478,US,False,武汉物与伦比科技有限公司,20,365,False,0,False,False,,benign,no_adverse_signal
allflowacademy.com.br,2026-07-19,21,3.128085278891395,0.0,0,0.5555555555555556,-7.203488,low,0.5,4,0.7142857142857143,True,NOERROR,1,50,2,2,True,False,0,47583,CY,False,,5,365,False,32,False,False,False,benign,no_adverse_signal
bartekstudio.pl,2026-07-19,15,3.418295834054489,0.0,0,0.7142857142857143,-6.783128571428571,low,0.5833,3,0.9166666666666666,True,NOERROR,1,3600,3,2,True,False,1,16276,PL,True,OVH SAS,5,731,False,10,False,False,False,benign,no_adverse_signal
geveoh.cloud,2026-07-19,12,2.2516291673878226,0.0,0,1.0,-7.8159888888888895,low,0.5882,1,0.8333333333333334,True,NOERROR,1,14400,1,2,False,False,1,47583,LT,True,"HOSTINGER operations, UAB",4,365,False,0,False,False,False,benign,no_adverse_signal
mymoment.space,2026-07-19,14,2.4056390622295662,0.0,0,0.3333333333333333,-6.806046153846154,low,0.4706,3,0.75,True,NOERROR,1,50,0,2,False,False,0,47583,CY,False,"HOSTINGER operations, UAB",4,365,False,32,False,False,,benign,no_adverse_signal
salesworld.co,2026-07-19,13,2.9219280948873623,0.0,0,0.42857142857142855,-6.740535294117647,low,0.7,3,0.8,True,NOERROR,2,42,0,4,False,False,0,,US,False,Porkbun,394,730,False,0,False,False,,benign,no_adverse_signal
sylscents.info,2026-07-19,14,2.6416041678685933,0.0,0,0.125,-7.4158800000000005,medium,0.5333,5,0.7777777777777778,True,NOERROR,1,300,0,2,False,False,0,396982,US,True,,,,,0,False,False,,benign,no_adverse_signal
envisiondigital.com.br,2026-07-19,22,3.2402239289418517,0.0,0,0.875,-6.427737037037037,low,0.5714,2,0.7333333333333333,False,NOERROR,0,,0,2,False,False,0,,,,,421,730,False,,,False,,benign,no_adverse_signal
nosforces.fr,2026-07-19,12,2.725480556997868,0.0,0,0.5,-6.9391,low,0.6667,2,0.7777777777777778,False,NOERROR,0,,3,2,True,False,0,,,,GANDI,11,364,False,,,False,False,benign,no_adverse_signal
neat-compass-learn.click,2026-07-19,24,3.4613201402110083,0.0,2,0.6,-6.973027272727273,medium,0.5185,2,0.6666666666666666,True,NOERROR,2,300,0,2,False,False,2,13335,US,False,"Dynadot, LLC",4,365,False,0,False,False,,benign,no_adverse_signal
ogw.cc,2026-07-19,6,1.584962500721156,0.0,0,0.5,-9.033666666666667,low,0.5714,2,1.0,True,NOERROR,2,300,0,2,False,False,2,13335,US,False,"Spaceship, Inc.",17,365,False,0,False,False,,benign,no_adverse_signal
xy789.cn,2026-07-19,8,2.321928094887362,0.375,0,0.0,-11.279557142857144,low,0.3333,2,1.0,True,NOERROR,1,1,0,2,False,False,0,135097,SC,False,北京新网数码信息技术有限公司,11,365,False,0,False,False,,benign,no_adverse_signal
brisksstudio.shop,2026-07-19,17,3.0220552088742,0.0,0,0.5,-7.181914285714286,low,0.6667,5,0.75,True,NOERROR,1,300,0,2,False,False,0,,GE,False,,,,False,0,False,False,,benign,no_adverse_signal
prosterzeczy.com.pl,2026-07-19,19,3.084962500721156,0.0,0,0.3333333333333333,-7.319061904761905,low,0.5385,3,0.75,True,NOERROR,1,3600,0,2,False,False,0,24940,DE,True,DomainProfi GmbH,17,365,False,0,False,False,,benign,no_adverse_signal
sauna-therme.de,2026-07-19,15,3.2516291673878226,0.0,1,0.8333333333333334,-7.171404761904762,low,0.5263,2,0.8333333333333334,True,NOERROR,1,86400,0,0,False,False,0,,,False,,,,False,0,False,False,,benign,no_adverse_signal
digitalvida.com.br,2026-07-19,18,2.663532754804255,0.0,0,0.8333333333333334,-6.736552631578948,low,0.5263,2,0.6363636363636364,True,NOERROR,1,14400,1,2,True,False,0,31898,BR,True,,15,365,False,0,False,False,False,benign,no_adverse_signal
sayini.in,2026-07-19,9,2.251629167387823,0.0,0,1.0,-7.164322222222221,low,0.6,1,0.8333333333333334,False,SERVFAIL,0,,0,0,False,False,0,,,,NAMECHEAP INC,3050,3287,True,,,False,,benign,no_adverse_signal
milanpingtai.com.cn,2026-07-19,19,2.8553885422075336,0.0,0,0.7142857142857143,-6.737166666666667,low,0.5455,3,0.6666666666666666,True,NOERROR,1,600,0,2,False,False,0,132839,HK,False,北京新网数码信息技术有限公司,5,365,False,0,False,False,,benign,no_adverse_signal
gomi.com.br,2026-07-19,11,2.0,0.0,0,1.0,-6.838299999999999,low,0.6667,1,1.0,False,NOERROR,0,,1,2,True,False,0,,,,,6,,True,,,False,,benign,no_adverse_signal
coloksgpxind.site,2026-07-19,17,3.418295834054489,0.0,0,0.3333333333333333,-8.02692380952381,medium,0.5263,5,0.9166666666666666,True,NOERROR,2,300,0,2,False,False,2,13335,US,False,NAMECHEAP INC,4,365,True,0,False,False,,benign,no_adverse_signal
xn37.cc,2026-07-19,7,2.0,0.2857142857142857,0,0.0,-11.00164,low,0.4444,2,1.0,True,NOERROR,1,300,0,2,False,True,0,13335,US,False,Gname.com Pte. Ltd.,6,365,True,0,False,False,,benign,no_adverse_signal
h-sapiens.in,2026-07-19,12,2.94770277922009,0.0,1,0.6,-7.183226666666667,low,0.5556,2,0.8888888888888888,True,NOERROR,2,300,0,2,False,False,2,13335,US,False,"Spaceship, Inc.",10,365,False,0,False,False,,benign,no_adverse_signal
ubot.it,2026-07-19,7,2.0,0.0,0,1.0,-7.16454,low,0.7273,1,1.0,True,NOERROR,1,3600,0,2,True,False,0,206834,DE,False,TLD Registrar Solutions Ltd,377,364,False,0,False,False,,benign,no_adverse_signal
jepasselerelais.fr,2026-07-19,18,2.789898095464287,0.0,0,0.875,-6.667977777777778,low,0.5217,2,0.5333333333333333,True,NOERROR,1,3600,3,2,True,False,0,16509,US,False,OVH,2,1095,False,0,False,False,False,benign,no_adverse_signal
xn--568prensbt-mnb.com,2026-07-19,22,3.530493056757482,0.13636363636363635,3,0.09090909090909091,-9.339957575757575,low,0.375,4,0.7222222222222222,False,NXDOMAIN,0,,0,0,False,False,0,,,,"Spaceship, Inc.",5,365,False,,,False,,benign,no_adverse_signal
bombeirohidraulicojf.com.br,2026-07-19,27,3.6464393446710153,0.0,0,0.8181818181818182,-7.846237837837837,low,0.4138,2,0.7,False,NOERROR,0,,1,2,True,False,0,,,,,10,,False,,,False,,benign,no_adverse_signal
khanit.dev,2026-07-19,10,2.584962500721156,0.0,0,0.5,-6.619377777777777,low,0.6,2,1.0,True,NOERROR,1,14400,3,2,True,False,0,22612,SG,True,,,,False,0,False,False,False,benign,no_adverse_signal
junkremovalpickering.ca,2026-07-19,23,3.821928094887362,0.0,0,0.5384615384615384,-6.868637837837838,low,0.4286,3,0.75,True,NOERROR,2,45,0,4,False,False,0,,US,False,CENTRALNIC CANADA INC,5,365,True,0,False,False,,benign,no_adverse_signal
polyoptic.net,2026-07-19,13,2.725480556997868,0.0,0,0.5,-7.194193333333334,low,0.5,2,0.7777777777777778,True,NOERROR,1,86400,0,2,False,False,0,16509,US,True,"TUCOWS.COM, CO.",2566,2922,True,0,False,False,,benign,no_adverse_signal
866288.cc,2026-07-19,9,1.4591479170272448,0.6666666666666666,0,0.0,-10.735988888888889,low,0.2222,0,0.5,True,NOERROR,2,300,0,2,False,False,2,13335,US,False,"Spaceship, Inc.",5,365,False,0,False,False,,benign,no_adverse_signal
cind.cc,2026-07-19,7,2.0,0.0,0,0.3333333333333333,-6.02038,low,0.6,2,1.0,True,NOERROR,1,1800,0,2,False,False,0,18186,US,False,"Spaceship, Inc.",11,365,False,0,False,False,,benign,no_adverse_signal
iranpsd.ir,2026-07-19,10,2.807354922057604,0.0,0,0.4,-7.358309090909091,low,0.5882,4,1.0,True,NOERROR,1,3600,0,0,False,False,0,34918,IR,False,,,,False,0,False,False,,benign,no_adverse_signal
christineblock.de,2026-07-19,17,3.521640636343319,0.0,0,0.4,-6.4598320000000005,low,0.6,3,0.8571428571428571,True,NOERROR,3,14400,1,2,True,False,0,63949,US,True,,,,False,0,False,False,False,benign,no_adverse_signal
ochelariai.net,2026-07-19,14,2.9219280948873623,0.0,0,1.5,-6.470276470588235,low,0.5882,2,0.8,False,SERVFAIL,0,,0,0,False,False,0,,,,"TUCOWS.COM, CO.",5,365,True,,,False,,benign,no_adverse_signal
hentaiz1.app,2026-07-19,12,3.0,0.08333333333333333,0,0.75,-7.492846153846154,low,0.5714,2,1.0,True,NOERROR,2,300,0,2,False,False,2,13335,US,False,,,,False,0,False,False,,benign,no_adverse_signal
flowerdelightinc.ca,2026-07-19,19,3.625,0.0,0,0.45454545454545453,-6.7213034482758625,low,0.4828,3,0.8125,True,NOERROR,1,3600,0,2,False,False,0,16509,US,False,Tucows.com Co.,4,1096,True,0,False,False,,benign,no_adverse_signal
eneid.fr,2026-07-19,8,1.9219280948873623,0.0,0,1.5,-6.7872,low,0.6667,1,0.8,True,NOERROR,1,3600,3,2,True,False,0,16276,FR,True,OVH,9,364,False,11,False,False,False,benign,no_adverse_signal
medicalprompts.in,2026-07-19,17,3.521640636343319,0.0,0,0.4,-6.759768,low,0.5455,4,0.8571428571428571,True,NOERROR,2,600,0,2,False,False,0,16509,US,True,GoDaddy,5,365,False,35,False,False,,benign,no_adverse_signal
syaas.net,2026-07-19,9,1.5219280948873621,0.0,0,0.6666666666666666,-7.996471428571428,low,0.6,2,0.6,True,NOERROR,2,3600,0,2,False,False,0,16509,US,True,"GoDaddy.com, LLC",5,365,False,11,False,False,,benign,no_adverse_signal
cuerosintetico.cl,2026-07-19,17,3.09306920777189,0.0,0,1.0,-6.383636,low,0.6,2,0.6428571428571429,True,NOERROR,1,14400,1,2,True,False,0,263702,CL,True,NIC Chile,2583,2922,False,1,False,False,False,benign,no_adverse_signal
club888.ws,2026-07-19,10,2.128085278891394,0.3,0,0.3333333333333333,-8.811363636363636,low,0.5,2,0.7142857142857143,True,NOERROR,2,300,0,2,False,False,2,13335,US,False,Dynadot,7,365,False,0,False,False,,benign,no_adverse_signal
xn--xttv38bziv.xn--ses554g,2026-07-19,26,3.2359263506290334,0.19230769230769232,4,0.1111111111111111,-9.812608,low,0.3846,4,0.7142857142857143,True,NOERROR,1,600,0,0,False,True,0,55967,SC,False,,,,,0,True,False,,malicious,spamhaus_zen
4-process.de,2026-07-19,12,2.9477027792200903,0.08333333333333333,1,0.4,-7.234579999999999,low,0.5556,2,0.8888888888888888,True,NOERROR,1,150,1,2,False,False,1,8560,DE,True,,,,False,0,False,False,False,benign,no_adverse_signal
conlan.com.vn,2026-07-19,13,2.2516291673878226,0.0,0,0.5,-6.050622222222223,low,0.6667,2,0.8333333333333334,True,NOERROR,1,3600,0,0,False,False,0,24066,VN,True,,,,,0,False,False,,benign,no_adverse_signal
matildabear.co.uk,2026-07-19,17,3.027169118440619,0.0,0,0.8333333333333334,-6.631705263157895,low,0.5714,2,0.8181818181818182,True,NOERROR,1,1799,5,2,True,False,0,16509,US,True,"Namecheap, Inc. [Tag = NAMECHEAP-INC]",10,365,False,30,False,False,False,benign,no_adverse_signal
dayagroup.ir,2026-07-19,12,2.94770277922009,0.0,0,0.8,-6.941113333333334,low,0.5,2,0.8888888888888888,True,NOERROR,1,14400,1,3,True,False,0,201634,IR,True,,,,False,0,False,False,False,benign,no_adverse_signal
fightclublomza.pl,2026-07-19,17,3.6644977792004623,0.0,0,0.4,-7.764303999999999,low,0.4167,5,0.9285714285714286,False,NOERROR,0,,0,2,False,False,0,,,,Hosting Concepts B.V.,6,365,False,,,False,,benign,no_adverse_signal
ssn.kr,2026-07-19,6,0.9182958340544896,0.0,0,0.0,-7.599366666666666,low,0.6667,3,0.6666666666666666,True,NOERROR,2,3600,1,2,True,False,0,16509,US,True,Megazone(http://HOSTING.KR),1849,2191,False,26,False,False,,benign,no_adverse_signal
idnetyhszk.sbs,2026-07-19,14,3.321928094887362,0.0,0,0.25,-8.4809,low,0.5,6,1.0,True,NOERROR,2,60,0,2,False,False,2,47583,LT,True,"HOSTINGER operations, UAB",4,365,False,0,False,False,,benign,no_adverse_signal
fairshop.de,2026-07-19,11,3.0,0.0,0,0.6,-6.791961538461539,low,0.5333,3,1.0,True,NOERROR,1,3600,1,2,True,False,1,24940,DE,True,,,,False,0,False,False,,benign,no_adverse_signal
centralandina.com.ar,2026-07-19,20,2.9689185639620974,0.0,0,0.625,-5.870439130434783,low,0.5,3,0.6923076923076923,False,NOERROR,0,,0,2,True,False,0,,,,nicar,4613,4896,False,,,False,,benign,no_adverse_signal
kanekyu-taxi.jp,2026-07-19,15,3.2516291673878226,0.0,1,0.8333333333333334,-8.076161904761905,low,0.5385,2,0.8333333333333334,True,NOERROR,1,3600,1,5,True,False,0,131965,JP,True,,5,380,False,0,False,False,False,benign,no_adverse_signal
trpolis155.online,2026-07-19,17,3.1219280948873624,0.17647058823529413,0,0.4,-8.092423529411764,medium,0.4706,3,0.9,True,NOERROR,1,600,2,4,True,False,0,210976,NL,False,PDR Ltd. d/b/a PublicDomainRegistry.com,4,365,False,0,False,False,False,benign,no_adverse_signal
containerprovisorium.de,2026-07-19,23,3.5086949695628418,0.0,0,0.8181818181818182,-6.4537270270270275,low,0.4286,3,0.65,True,NOERROR,1,150,1,2,False,False,1,8560,DE,True,,,,False,0,False,False,False,benign,no_adverse_signal
travelfinland.nl,2026-07-19,16,3.238901256602631,0.0,0,0.4444444444444444,-6.609917391304347,low,0.5185,2,0.7692307692307693,True,NOERROR,2,300,0,2,False,False,2,13335,US,False,Registrar.eu,15,,False,0,False,False,,benign,no_adverse_signal
qfym.cn,2026-07-19,7,2.0,0.0,0,0.0,-10.35566,low,0.4444,4,1.0,True,NOERROR,1,900,0,2,False,False,0,401696,HK,False,成都西维数码科技有限公司,6,365,False,0,False,False,,benign,no_adverse_signal
lahei.de,2026-07-19,8,2.321928094887362,0.0,0,1.5,-7.3788,low,0.6,1,1.0,True,NOERROR,1,3600,0,2,False,False,0,24940,DE,True,,,,False,0,False,False,,benign,no_adverse_signal
promasterintegrated.org,2026-07-19,23,3.3918926446809317,0.0,0,0.5833333333333334,-6.032008571428571,low,0.5,2,0.631578947368421,True,NOERROR,3,3600,5,2,True,False,0,58182,US,True,"NETWORK SOLUTIONS, LLC.",2610,2922,True,17,False,False,False,benign,no_adverse_signal
agaahi.ir,2026-07-19,9,1.7924812503605778,0.0,0,2.0,-7.921477777777778,low,0.6667,1,0.6666666666666666,False,timeout,0,,0,0,False,False,0,,,,,,,False,,,False,,benign,no_adverse_signal
bong88.nl,2026-07-19,9,2.2516291673878226,0.2222222222222222,0,0.3333333333333333,-7.9820777777777785,low,0.6154,2,0.8333333333333334,True,NOERROR,2,300,0,2,False,False,2,13335,US,False,DEVEXPANSE LTD,5,,False,0,False,False,,benign,no_adverse_signal
tiertraumshop.de,2026-07-19,16,3.3927474104487847,0.0,0,0.625,-6.875865217391305,low,0.4762,3,0.8461538461538461,True,NOERROR,2,300,0,2,False,False,2,13335,US,False,,,,False,0,False,False,,benign,no_adverse_signal
w-lies.nl,2026-07-19,9,2.584962500721156,0.0,1,0.6666666666666666,-7.627177777777778,low,0.6,1,1.0,True,NOERROR,2,300,0,2,False,False,2,13335,US,False,"NAMECHEAP, INC.",14,,False,0,False,False,,benign,no_adverse_signal
varyo.com.tr,2026-07-19,12,2.321928094887362,0.0,0,0.6666666666666666,-7.389385714285714,low,0.5,2,1.0,True,NOERROR,2,1800,0,2,False,False,0,16509,US,False,,10,364,True,0,False,False,,benign,no_adverse_signal
thegoodsupplyfoundation.org,2026-07-19,27,3.74095326040484,0.0,0,0.6428571428571429,-6.880172093023256,low,0.6,5,0.6521739130434783,False,NOERROR,0,,1,2,True,False,0,,,,DomainRegistry.com LLC,4,365,False,,,False,False,benign,no_adverse_signal
medspecialty.org,2026-07-19,16,3.418295834054489,0.0,0,0.5,-6.880128571428571,low,0.6,3,0.9166666666666666,True,NOERROR,4,14400,5,4,False,False,0,53831,US,False,Squarespace Domains LLC,4,3653,True,15,False,False,False,benign,no_adverse_signal
videoslib.fr,2026-07-19,12,2.94770277922009,0.0,0,0.8,-6.755373333333334,low,0.5714,2,0.8888888888888888,True,NOERROR,1,3600,1,2,True,False,0,60362,FR,True,VIADUC,3,1095,False,0,False,False,False,benign,no_adverse_signal
jefibre.fr,2026-07-19,10,2.5216406363433186,0.0,0,0.75,-7.647863636363636,low,0.5333,2,0.8571428571428571,True,NOERROR,1,3600,3,2,True,False,1,16276,FR,True,OVH,3,364,False,9,False,False,False,benign,no_adverse_signal
golddess.pl,2026-07-19,11,2.5,0.0,0,0.3333333333333333,-6.975230769230769,low,0.5882,3,0.75,True,NOERROR,1,2000,1,2,True,False,0,50599,PL,True,PERSKIMEDIA Szymon Perski,9,365,False,0,False,False,False,benign,no_adverse_signal
brookssp.com.br,2026-07-19,15,2.5,0.0,0,0.3333333333333333,-7.210930769230769,low,0.5333,4,0.75,False,SERVFAIL,0,,0,0,False,False,0,,,,,2609,2922,False,,,False,,benign,no_adverse_signal
bestuse.co.uk,2026-07-19,13,2.2359263506290326,0.0,0,0.75,-6.320254545454546,low,0.5714,2,0.7142857142857143,True,NOERROR,2,3600,1,2,True,False,0,16509,US,True,Islam Hegazy [Tag = HEGAZY],2640,2922,False,56,False,False,,malicious,abuseipdb
hillviewcottage.me.uk,2026-07-19,21,3.373557262275185,0.0,0,0.6666666666666666,-7.311518518518518,low,0.4167,3,0.7333333333333333,True,NOERROR,2,300,0,2,False,False,2,13335,US,False,"Namecheap, Inc. [Tag = NAMECHEAP-INC]",7,365,False,0,False,False,,benign,no_adverse_signal
studyworld.co.kr,2026-07-19,16,3.121928094887362,0.0,0,0.25,-7.336129411764706,low,0.5556,3,0.9,True,NOERROR,1,600,0,3,False,False,0,3786,KR,False,"Gabia, Inc.(http://www.gabia.co.kr)",12,365,True,0,False,False,,benign,no_adverse_signal
80874.cn,2026-07-19,8,1.9219280948873623,0.625,0,0.0,-11.11,low,0.25,0,0.8,True,NOERROR,1,60,0,2,False,False,0,59371,HK,False,Dynadot Inc,4,365,False,0,False,False,,benign,no_adverse_signal
alocafe.com.br,2026-07-19,14,2.5216406363433186,0.0,0,1.3333333333333333,-6.753318181818182,low,0.6154,1,0.8571428571428571,False,timeout,0,,0,0,False,False,0,,,,,6670,6939,False,,,False,,benign,no_adverse_signal
empiremusic.eu,2026-07-19,14,2.9139770731827523,0.0,0,0.8333333333333334,-6.855731578947369,low,0.56,2,0.7272727272727273,False,NOERROR,0,,0,3,False,False,0,,,,Rackhost Zrt.,,,False,,,False,,benign,no_adverse_signal
altonabeachphotography.com.au,2026-07-19,29,3.4817145729860726,0.0,0,0.5714285714285714,-7.044112195121952,low,0.4211,4,0.5909090909090909,True,NOERROR,1,14400,1,2,True,False,1,45638,AU,True,Web Address Registration Pty Ltd,,,False,0,False,False,False,benign,no_adverse_signal
kgohaq.cn,2026-07-19,9,2.584962500721156,0.0,0,0.5,-9.008877777777776,low,0.4615,2,1.0,True,NOERROR,1,900,0,2,False,False,0,134175,HK,False,北京新网数码信息技术有限公司,13,365,False,0,False,False,,benign,no_adverse_signal
dealsoftheday.life,2026-07-19,18,3.238901256602631,0.0,0,0.625,-6.829852173913044,low,0.5263,3,0.7692307692307693,True,NOERROR,1,300,0,4,False,False,0,13335,DE,True,,,,False,49,False,False,,benign,no_adverse_signal
adamos.pt,2026-07-19,9,2.2516291673878226,0.0,0,1.0,-6.6626666666666665,low,0.6,1,0.8333333333333334,False,NOERROR,0,,0,4,False,False,0,,,,,,,False,,,False,,benign,no_adverse_signal
fqkkbt354.vip,2026-07-19,13,2.94770277922009,0.23076923076923078,0,0.0,-11.330406666666667,low,0.3333,6,0.8888888888888888,True,NOERROR,13,10,0,2,False,True,0,64013,HK,False,Dynadot Inc,4,365,True,15,False,True,,malicious,spamhaus_dbl
reetdachhaeuschen.de,2026-07-19,20,3.1018812234760182,0.0,0,0.7,-7.370590322580646,low,0.5517,3,0.5882352941176471,True,NOERROR,1,3600,0,2,False,False,0,24940,DE,True,,,,False,0,False,False,,benign,no_adverse_signal
khoanluot.click,2026-07-19,15,2.94770277922009,0.0,0,0.8,-8.032966666666667,medium,0.5333,2,0.8888888888888888,True,NOERROR,2,300,0,2,False,False,2,13335,US,False,"Spaceship, Inc.",4,365,False,0,False,False,,benign,no_adverse_signal
mmaha.in,2026-07-19,8,1.5219280948873621,0.0,0,0.6666666666666666,-7.3027,low,0.4615,2,0.6,True,NOERROR,2,300,0,2,False,False,2,13335,US,False,"Spaceship, Inc.",18,365,False,0,False,False,,benign,no_adverse_signal
bureaufidder.nl,2026-07-19,15,2.918295834054489,0.0,0,1.0,-7.256338095238094,low,0.5263,2,0.6666666666666666,True,NOERROR,2,300,0,2,False,False,2,13335,US,False,Dynadot LLC,13,,False,0,False,False,,benign,no_adverse_signal
zerapexikentomirakiralorivaro.click,2026-07-19,35,3.5090356337908912,0.0,0,0.9333333333333333,-6.82458,medium,0.359,2,0.4827586206896552,True,NOERROR,1,300,5,2,True,False,0,,US,False,NAMECHEAP INC,3,365,True,0,False,False,False,benign,no_adverse_signal
ashenlightcreate.shop,2026-07-19,21,3.327819531114783,0.0,0,0.6,-6.690144827586208,low,0.5,5,0.6875,True,NOERROR,2,300,0,2,False,False,2,13335,US,False,,,,False,0,False,False,,benign,no_adverse_signal
freddytechsupport.ca,2026-07-19,20,3.4992275471326932,0.0,0,0.3076923076923077,-7.053841935483871,low,0.5,4,0.7058823529411765,False,NOERROR,0,,0,2,False,False,0,,,,CENTRALNIC CANADA INC,4,365,True,,,False,,benign,no_adverse_signal
sosnoviy-bereg.ru,2026-07-19,17,3.378783493486176,0.0,1,0.625,-7.627208,low,0.5217,2,0.7857142857142857,True,NOERROR,2,300,1,2,False,False,0,48287,RU,False,RU-CENTER-RU,371,365,True,0,False,False,False,benign,no_adverse_signal
sellmybooks.in,2026-07-19,14,2.9139770731827523,0.0,0,0.375,-7.2351368421052635,low,0.5263,5,0.7272727272727273,True,NOERROR,1,14400,0,4,False,False,0,396982,IN,True,Endurance International Group India Private Limited,6,365,False,0,False,False,,benign,no_adverse_signal
xn--pkv-beamtenanwrter-ytb.de,2026-07-19,29,3.6133373140453067,0.0,4,0.29411764705882354,-8.406,low,0.3529,4,0.5384615384615384,True,NOERROR,1,150,1,2,False,False,1,8560,DE,True,,,,False,0,False,False,False,benign,no_adverse_signal
safeski.at,2026-07-19,10,2.5216406363433186,0.0,0,0.75,-7.165818181818182,low,0.5333,2,0.8571428571428571,True,NOERROR,1,3600,2,4,True,False,1,8560,DE,True,IONOS SE ( https://nic.at/registrar/22 ),,,False,0,False,False,False,benign,no_adverse_signal
hbmdwb.cn,2026-07-19,9,2.2516291673878226,0.0,0,0.0,-10.108222222222222,low,0.6,6,0.8333333333333334,True,NOERROR,1,900,0,2,False,False,0,142286,HK,False,北京新网数码信息技术有限公司,15,365,False,0,False,False,,benign,no_adverse_signal
xeno.nl,2026-07-19,7,2.0,0.0,0,1.0,-7.3499,low,0.5,1,1.0,True,NOERROR,1,1800,1,3,True,False,1,20473,GB,False,Realtime Register,14,,False,0,False,False,,benign,no_adverse_signal
tapdancelessons.online,2026-07-19,22,3.1898980954642875,0.0,0,0.5,-6.535696296296296,medium,0.5,2,0.6666666666666666,True,NOERROR,2,3600,0,2,False,False,0,16509,US,True,"GoDaddy.com, LLC",4,365,False,23,False,False,,benign,no_adverse_signal
tidyrabbit.fr,2026-07-19,13,2.7219280948873625,0.0,0,0.42857142857142855,-7.72539411764706,low,0.4706,3,0.7,True,NOERROR,1,1800,0,2,False,False,1,47583,CY,False,Hostinger operations UAB,3,364,False,32,False,False,,benign,no_adverse_signal
101totox.org,2026-07-19,12,2.25,0.25,0,0.6666666666666666,-8.361892307692308,low,0.4286,1,0.625,True,NOERROR,1,14400,3,2,True,False,0,22612,SG,True,NAMECHEAP INC,4,365,True,0,False,False,False,benign,no_adverse_signal
postone.kr,2026-07-19,10,2.5216406363433186,0.0,0,0.75,-5.773072727272727,low,0.6,2,0.8571428571428571,True,NOERROR,1,60,0,3,False,True,0,400940,US,False,"Gabia, Inc.(http://www.gabia.co.kr)",12,365,False,0,False,False,,benign,no_adverse_signal
hplatform.ir,2026-07-19,12,3.169925001442312,0.0,0,0.2857142857142857,-6.974526666666666,low,0.5714,3,1.0,True,NOERROR,2,180,0,2,False,False,0,205585,IR,False,,,,False,0,False,False,,benign,no_adverse_signal
3dprintin.co.uk,2026-07-19,15,2.725480556997868,0.06666666666666667,0,0.3333333333333333,-6.757573333333334,low,0.5333,3,0.7777777777777778,True,NOERROR,1,3600,1,3,True,False,1,8560,DE,True,Fasthosts Internet Ltd [Tag = LIVEDOMAINS],7,365,False,0,False,False,False,benign,no_adverse_signal
metalast.de,2026-07-19,11,2.5,0.0,0,0.6,-5.851523076923077,low,0.6154,2,0.75,True,NOERROR,1,14400,2,3,True,False,1,24940,DE,True,,,,False,0,False,False,False,benign,no_adverse_signal
schooey.com.au,2026-07-19,14,2.521640636343318,0.0,0,0.75,-7.560872727272727,low,0.5714,3,0.8571428571428571,True,NOERROR,4,3600,0,3,False,False,0,54113,US,True,Synergy Wholesale Accreditations Pty Ltd,,,False,39,False,False,,benign,no_adverse_signal
cleverness.io,2026-07-19,13,2.6464393446710157,0.0,0,0.42857142857142855,-6.285329411764706,low,0.6,2,0.7,True,NOERROR,2,300,0,2,False,False,2,13335,US,False,Dynadot Inc,13,365,True,0,False,False,,benign,no_adverse_signal
pizzaloco.co.uk,2026-07-19,15,2.725480556997868,0.0,0,0.8,-7.422153333333333,low,0.4615,2,0.7777777777777778,True,NOERROR,2,600,0,2,False,False,0,16509,US,True,"GoDaddy.com, LLC. [Tag = GODADDY]",12,365,False,35,False,False,,benign,no_adverse_signal
reactivatunegocio.es,2026-07-19,20,3.381580488309164,0.0,0,1.125,-6.861983870967742,low,0.4828,2,0.6470588235294118,True,NOERROR,1,3600,0,2,False,False,1,8560,DE,True,,,,False,0,False,False,,benign,no_adverse_signal
kitkatclub-derfilm.de,2026-07-19,21,3.7254805569978675,0.0,1,0.4166666666666667,-7.481330303030304,low,0.4286,3,0.7777777777777778,True,NOERROR,1,7200,1,3,True,False,1,24940,DE,True,,,,False,0,False,False,False,benign,no_adverse_signal
brandx.ro,2026-07-19,9,2.584962500721156,0.0,0,0.2,-6.76908888888889,low,0.6667,3,1.0,True,NOERROR,1,300,0,2,False,False,0,13335,CA,True,ICI - Registrar,45,,False,0,False,False,,benign,no_adverse_signal
pierzynski.eu,2026-07-19,13,3.121928094887362,0.0,0,0.42857142857142855,-8.009111764705882,low,0.5333,6,0.9,False,NOERROR,0,,3,2,True,False,0,,,,GANDI,,,False,,,False,False,benign,no_adverse_signal
xn--xkr699fj7kspm.cc,2026-07-19,20,3.6168746059562227,0.2,2,0.0,-10.773687096774195,low,0.2667,4,0.7647058823529411,False,timeout,0,,0,0,False,False,0,,,,Xin Net Technology Corporation,6231,6574,False,,,False,,benign,no_adverse_signal
mykonosticker.gr,2026-07-19,16,3.3927474104487847,0.0,0,0.4444444444444444,-6.761330434782609,low,0.5714,3,0.8461538461538461,True,NOERROR,1,900,1,2,True,False,0,39729,IT,True,,,,,0,False,False,False,benign,no_adverse_signal
uprise.pw,2026-07-19,9,2.584962500721156,0.0,0,1.0,-6.582811111111111,low,0.5714,2,1.0,True,NOERROR,1,3600,0,2,False,False,0,14618,US,True,"GoDaddy.com, LLC",7,365,False,0,False,False,,benign,no_adverse_signal
funcar.cc,2026-07-19,9,2.584962500721156,0.0,0,0.5,-6.615077777777778,low,0.5556,2,1.0,True,NOERROR,1,1800,0,2,False,False,0,18186,US,False,"Spaceship, Inc.",11,365,False,0,False,False,,benign,no_adverse_signal
campingzauber.de,2026-07-19,16,3.5465935642949384,0.0,0,0.625,-7.307460869565217,low,0.5714,3,0.9230769230769231,False,NOERROR,0,,0,3,False,False,0,,,,,,,False,,,False,,benign,no_adverse_signal
mietdir.de,2026-07-19,10,2.5216406363433186,0.0,0,0.75,-7.304772727272728,low,0.6667,2,0.8571428571428571,True,NOERROR,1,600,2,3,True,False,0,202108,DE,False,,,,False,0,False,False,False,benign,no_adverse_signal
beesbaby.cn,2026-07-19,11,2.1556390622295662,0.0,0,0.6,-7.461130769230769,low,0.6667,2,0.625,True,NOERROR,1,1,0,2,False,False,0,133744,US,False,上海福虎信息科技有限公司,17,365,False,0,False,False,,benign,no_adverse_signal
megapet.com.pe,2026-07-19,14,2.5216406363433186,0.0,0,0.75,-6.711763636363637,low,0.6154,1,0.8571428571428571,True,NOERROR,1,14400,1,2,True,False,0,23352,US,True,NIC.PE,,,False,0,False,False,False,benign,no_adverse_signal
d9237.cn,2026-07-19,8,2.321928094887362,0.5,0,0.0,-11.614685714285715,low,0.4,1,1.0,False,NOERROR,0,,0,4,False,False,0,,,,北京新网数码信息技术有限公司,12,365,False,,,False,,benign,no_adverse_signal
madecina.cn,2026-07-19,11,2.75,0.0,0,1.0,-6.430253846153846,low,0.5714,1,0.875,False,timeout,0,,0,0,False,False,0,,,,武汉物与伦比科技有限公司,386,730,False,,,False,,benign,no_adverse_signal
jepfx.uk,2026-07-19,8,2.321928094887362,0.0,0,0.25,-9.518014285714285,low,0.5,3,1.0,True,NOERROR,2,300,0,2,False,False,2,13335,US,False,"Cloudflare, Inc. [Tag = CLOUDFLARE]",5,365,False,0,False,False,,benign,no_adverse_signal
kaskustotor5jp.site,2026-07-19,19,3.2359263506290334,0.05263157894736842,0,0.4444444444444444,-8.03656,medium,0.48,2,0.7142857142857143,False,timeout,0,,0,2,False,False,2,,,,NAMECHEAP INC,4,365,True,,,False,,benign,no_adverse_signal
b-o-t.click,2026-07-19,11,1.9219280948873623,0.0,2,0.5,-9.320642857142857,medium,0.5,1,0.8,True,NOERROR,2,300,0,2,False,False,0,16509,US,True,"Spaceship, Inc.",4,365,False,0,False,False,,benign,no_adverse_signal
bisnis-rumahmungil.site,2026-07-19,23,3.4613201402110083,0.0,1,0.5454545454545454,-7.664518181818182,medium,0.4828,2,0.6666666666666666,True,NOERROR,2,300,0,2,False,False,2,13335,US,False,NAMECHEAP INC,4,365,True,0,False,False,,benign,no_adverse_signal
lightway.su,2026-07-19,11,3.0,0.0,0,0.3333333333333333,-7.241046153846154,low,0.5333,4,1.0,True,NOERROR,1,86400,0,2,False,False,0,197695,RU,False,REGRU-SU,5,365,False,2,False,False,,benign,no_adverse_signal
notebc.io,2026-07-19,9,2.584962500721156,0.0,0,0.5,-6.993333333333333,low,0.6,2,1.0,True,NOERROR,2,300,0,2,False,False,2,13335,US,False,"Spaceship, Inc.",6,365,True,0,False,False,,benign,no_adverse_signal
richardcasinoonline.click,2026-07-19,25,3.3263604079526936,0.0,0,0.7272727272727273,-6.239597142857143,medium,0.6471,3,0.5789473684210527,False,NOERROR,0,,0,2,False,False,0,,,,NAMECHEAP INC,4,365,True,,,False,,benign,no_adverse_signal
onelife.cl,2026-07-19,10,2.5216406363433186,0.0,0,1.3333333333333333,-6.333790909090909,low,0.7143,1,0.8571428571428571,False,NOERROR,0,,1,2,False,False,0,,,,NIC Chile,16,365,False,,,False,False,benign,no_adverse_signal
ewa-software.de,2026-07-19,15,3.084962500721156,0.0,1,0.8333333333333334,-7.256985714285714,low,0.4706,3,0.75,True,NOERROR,1,7200,1,2,True,False,0,34788,DE,True,,,,False,0,False,False,False,benign,no_adverse_signal
ollo4dkambek.pro,2026-07-19,16,3.0849625007211556,0.0625,0,0.5714285714285714,-8.495738095238094,low,0.4762,2,0.75,False,NOERROR,0,,0,2,False,False,0,,,,,,,,,,False,,benign,no_adverse_signal
acade.space,2026-07-19,11,1.9219280948873623,0.0,0,1.5,-6.329357142857143,low,0.6,1,0.8,True,NOERROR,2,300,0,2,False,False,2,13335,US,False,"Spaceship, Inc.",4,365,False,0,False,False,,benign,no_adverse_signal
douyinlive.cn,2026-07-19,13,3.121928094887362,0.0,0,1.0,-7.180923529411764,low,0.6316,2,0.9,False,NOERROR,0,,0,2,False,False,0,,,,腾讯云计算（北京）有限责任公司,10,365,False,,,False,,benign,no_adverse_signal
abori.com.tr,2026-07-19,12,2.321928094887362,0.0,0,1.5,-6.568271428571428,low,0.6,1,1.0,True,NOERROR,1,3600,0,0,False,False,0,51557,TR,False,,14,364,True,0,False,False,,benign,no_adverse_signal
jinkunjianzhu.com.cn,2026-07-19,20,2.8731406795131336,0.0,0,0.625,-7.815695652173913,low,0.4211,3,0.6153846153846154,True,NOERROR,1,600,0,2,False,False,0,153494,HK,False,郑州世纪创联电子科技开发有限公司,480,730,False,0,False,False,,benign,no_adverse_signal
sifanews.de,2026-07-19,11,2.75,0.0,0,0.6,-6.747007692307692,low,0.6667,2,0.875,True,NOERROR,1,150,1,2,False,False,1,6724,DE,True,,,,False,1,False,False,False,benign,no_adverse_signal
nativebee.com.au,2026-07-19,16,2.6416041678685933,0.0,0,1.25,-6.535466666666666,low,0.5714,1,0.7777777777777778,True,NOERROR,2,600,0,2,False,False,0,16509,US,True,GoDaddy.com LLC trading as GoDaddy.com,,,False,35,False,False,,benign,no_adverse_signal
harrisonsspice.co.uk,2026-07-19,20,3.182005814760214,0.0,0,0.5555555555555556,-6.603032,low,0.4762,4,0.7142857142857143,True,NOERROR,1,3600,1,2,True,False,0,133618,US,True,Mr C Davies t/a parth.cymru [Tag = PARTH],463,730,False,0,False,False,False,benign,no_adverse_signal
ukparts.co.uk,2026-07-19,13,2.807354922057604,0.0,0,0.4,-7.305563636363636,low,0.6667,3,1.0,True,NOERROR,1,14400,2,3,True,False,1,24940,DE,True,XNS Registrar B.V. [Tag = XNSREG],6,365,False,0,False,False,False,benign,no_adverse_signal
livemedia.co.uk,2026-07-19,15,2.725480556997868,0.0,0,1.25,-6.21678,low,0.7143,1,0.7777777777777778,True,NOERROR,1,300,0,2,False,False,0,16509,US,True,Mark Adams t/a 3DWeb.co.uk [Tag = 3DWEB],5211,5478,False,0,False,False,,benign,no_adverse_signal
critical.mx,2026-07-19,11,2.5,0.0,0,0.6,-6.175915384615385,low,0.5714,2,0.75,True,NOERROR,1,14400,1,2,True,False,0,20454,US,False,"Namecheap, Inc.",10,365,True,0,False,False,False,benign,no_adverse_signal
njwuyaogongcheng.cn,2026-07-19,19,3.2806390622295662,0.0,0,0.45454545454545453,-8.091644827586206,low,0.4,4,0.6875,True,NOERROR,1,1,0,2,False,False,0,59371,HK,False,深圳市万维网信息技术有限公司,10,365,False,0,False,False,,benign,no_adverse_signal
xn--nhzentrum-v2a.de,2026-07-19,20,3.5280643115840498,0.05,3,0.3,-8.960535483870967,low,0.3571,3,0.7647058823529411,True,NOERROR,1,600,2,3,True,False,0,202108,DE,False,,,,False,0,False,False,False,benign,no_adverse_signal
saiyisai.cn,2026-07-19,11,1.9056390622295665,0.0,0,1.6666666666666667,-7.923246153846154,low,0.625,1,0.5,True,NOERROR,1,1,0,2,False,False,0,59371,HK,False,深圳市万维网信息技术有限公司,10,365,False,0,False,False,,benign,no_adverse_signal
naridex.com.mx,2026-07-19,14,2.807354922057604,0.0,0,0.75,-6.365645454545454,low,0.6154,1,1.0,True,NOERROR,2,3600,0,2,False,False,0,16509,US,True,GoDaddy.com,6,365,False,11,False,False,,benign,no_adverse_signal
emonetise.de,2026-07-19,12,2.6416041678685933,0.0,0,1.25,-6.075206666666667,low,0.625,1,0.7777777777777778,True,NOERROR,2,300,3,2,True,False,2,13335,US,False,,,,False,0,False,False,False,benign,no_adverse_signal
cyclingtours.co.uk,2026-07-19,18,3.418295834054489,0.0,0,0.3333333333333333,-6.806004761904761,low,0.5556,4,0.9166666666666666,True,NOERROR,2,3600,1,2,True,False,0,16509,US,True,Shores Ltd [Tag = SHORES],8124,8400,False,56,False,False,,malicious,abuseipdb
arabat.eu,2026-07-19,9,1.7924812503605778,0.0,0,1.0,-6.366888888888889,low,0.6154,1,0.6666666666666666,True,NOERROR,1,1800,0,3,False,False,0,24806,CZ,True,"INTERNET CZ, a.s.",,,False,0,False,False,,benign,no_adverse_signal
kunstundkaes.de,2026-07-19,15,2.9182958340544896,0.0,0,0.5,-7.622985714285714,low,0.5,3,0.6666666666666666,True,NOERROR,2,300,0,2,False,False,2,13335,US,False,,,,False,0,False,False,,benign,no_adverse_signal
milan.am,2026-07-19,8,2.321928094887362,0.0,0,0.6666666666666666,-6.190085714285715,low,0.6667,1,1.0,False,timeout,0,,0,0,False,False,0,,,,name (NAME LLC),,,False,,,False,,benign,no_adverse_signal
comunitapp.it,2026-07-19,13,3.1219280948873624,0.0,0,0.6666666666666666,-6.461,low,0.5833,2,0.9,True,NOERROR,1,3600,1,4,True,False,1,31034,IT,True,Aruba s.p.a.,10,364,True,0,False,False,False,benign,no_adverse_signal
blockx.sbs,2026-07-19,10,2.584962500721156,0.0,0,0.2,-7.4812666666666665,low,0.6667,3,1.0,True,NOERROR,3,3603,0,3,False,False,0,63949,US,True,"NameSilo, LLC",4,365,True,2,False,False,,benign,no_adverse_signal
dsj88.app,2026-07-19,9,1.9219280948873623,0.2222222222222222,0,0.0,-10.848771428571428,low,0.5,3,0.8,True,NOERROR,2,300,0,2,False,False,2,13335,US,False,,,,False,0,False,False,,benign,no_adverse_signal
boston-alder-lane.space,2026-07-19,23,3.381580488309164,0.0,2,0.6666666666666666,-6.8406806451612905,low,0.5,2,0.6470588235294118,True,NOERROR,2,300,3,2,True,False,2,13335,US,False,NAMECHEAP INC,4,365,True,0,False,False,False,benign,no_adverse_signal
komarek.cz,2026-07-19,10,2.5216406363433186,0.0,0,0.75,-6.452172727272727,low,0.5333,1,0.8571428571428571,True,NOERROR,1,3600,0,2,False,False,0,206834,CA,False,REG-WEBGLOBE,5912,6208,False,10,False,False,,benign,no_adverse_signal
tipnabyt.cz,2026-07-19,11,2.75,0.0,0,0.3333333333333333,-7.882561538461538,low,0.5333,3,0.875,True,NOERROR,1,3600,4,3,True,False,0,29134,CZ,True,REG-WEBGLOBE,11,364,False,0,False,False,False,benign,no_adverse_signal
moremanagement.agency,2026-07-19,21,2.8423709931771093,0.0,0,0.75,-6.164108,low,0.5333,2,0.5714285714285714,False,NOERROR,0,,3,2,True,False,0,,,,,,,,,,False,False,benign,no_adverse_signal
groomup.de,2026-07-19,10,2.5216406363433186,0.0,0,0.75,-7.163399999999999,low,0.6,2,0.8571428571428571,True,NOERROR,1,60,0,0,False,False,0,47846,DE,False,,,,False,13,False,False,,benign,no_adverse_signal
oneeyedtoad.co.uk,2026-07-19,17,2.663532754804255,0.0,0,1.2,-7.488010526315789,low,0.4762,2,0.6363636363636364,True,NOERROR,2,300,0,2,False,False,2,13335,US,False,"Namecheap, Inc. [Tag = NAMECHEAP-INC]",18,365,False,0,False,False,,benign,no_adverse_signal
peakracer.cn,2026-07-19,12,2.5032583347756456,0.0,0,0.8,-6.9245399999999995,low,0.5714,2,0.6666666666666666,True,NOERROR,1,600,0,2,False,False,0,398478,US,False,北京新网数码信息技术有限公司,4,365,False,0,False,False,,benign,no_adverse_signal
pfmail.my.id,2026-07-19,12,2.584962500721156,0.0,0,0.5,-7.847455555555555,low,0.8,3,1.0,True,NOERROR,2,60,2,2,True,False,2,47583,CY,False,,,,False,0,False,False,False,benign,no_adverse_signal
gzwzwy.cn,2026-07-19,9,1.9182958340544893,0.0,0,0.0,-11.103966666666667,low,0.4444,6,0.6666666666666666,True,NOERROR,1,1,0,2,False,False,0,59371,HK,False,北京新网数码信息技术有限公司,9,365,False,0,False,False,,benign,no_adverse_signal
electricalexpress.co.uk,2026-07-19,23,3.146286370662105,0.0,0,0.5454545454545454,-6.286406451612903,low,0.6667,3,0.5882352941176471,True,NOERROR,2,3600,1,2,True,False,0,16509,US,True,"Dynadot, LLC t/a Dynadot [Tag = DYNADOT]",5,365,False,56,False,False,,malicious,abuseipdb
rxoxg.cn,2026-07-19,8,1.9219280948873623,0.0,0,0.25,-10.031371428571429,low,0.5455,2,0.8,True,NOERROR,1,900,0,2,False,False,0,135097,SC,False,北京新网数码信息技术有限公司,14,365,False,0,False,False,,benign,no_adverse_signal
hovslagerilagret.se,2026-07-19,19,3.375,0.0,0,0.6,-7.164906896551724,low,0.4348,3,0.6875,True,NOERROR,1,60,2,2,True,False,0,48854,DK,True,team.blue,4,365,False,0,False,False,False,benign,no_adverse_signal
zqb0763e.top,2026-07-19,12,3.0,0.3333333333333333,0,0.3333333333333333,-12.134953846153847,high,0.3636,3,1.0,True,NOERROR,3,60,0,2,False,True,0,138995,US,False,Dominet (HK) Limited,4,365,True,0,True,True,,malicious,spamhaus_zen
judimaniagoal55kuya.live,2026-07-19,24,3.5110854081804264,0.08333333333333333,0,1.125,-8.322974285714286,low,0.4,1,0.6842105263157895,True,NOERROR,2,300,0,2,False,False,2,13335,US,False,,,,False,0,False,False,,benign,no_adverse_signal
londontransportmuseum.co.uk,2026-07-19,27,3.463280517810811,0.0,0,0.5,-6.529151282051282,low,0.4571,3,0.5714285714285714,True,NOERROR,2,300,0,2,False,False,2,13335,US,False,damon iddins t/a Nomad Domains [Tag = NOMAD],5,365,False,0,False,False,,benign,no_adverse_signal
halona.eu,2026-07-19,9,2.2516291673878226,0.0,0,1.0,-6.236766666666666,low,0.5714,1,0.8333333333333334,True,NOERROR,1,300,0,2,False,False,0,47846,DE,False,Rackhost Zrt.,,,False,13,False,False,,benign,no_adverse_signal
idealmortgages.co.uk,2026-07-19,20,3.378783493486176,0.0,0,0.75,-6.796692,low,0.5,3,0.7857142857142857,True,NOERROR,1,300,0,2,False,False,0,16509,US,True,Mark Adams t/a 3DWeb.co.uk [Tag = 3DWEB],14,365,False,0,False,False,,benign,no_adverse_signal
muslimshadi.in,2026-07-19,14,2.9139770731827523,0.0,0,0.5714285714285714,-7.140831578947369,low,0.5714,3,0.7272727272727273,True,NOERROR,1,14400,1,2,True,False,0,31898,AE,True,Endurance International Group India Private Limited,11,365,False,0,False,False,False,benign,no_adverse_signal
godz2.fr,2026-07-19,8,2.321928094887362,0.125,0,0.3333333333333333,-9.693542857142857,low,0.5,2,1.0,False,NXDOMAIN,0,,0,0,False,False,0,,,,Hosting Concepts B.V. d/b/a Openprovider,3,364,False,,,True,,malicious,spamhaus_dbl
myphoto.ge,2026-07-19,10,2.521640636343318,0.0,0,0.4,-7.168472727272728,low,0.6667,4,0.8571428571428571,True,NOERROR,1,120,0,2,False,False,0,20545,GE,False,domenebi.ge,1143,1462,True,0,False,False,,benign,no_adverse_signal
darulhikmah.web.id,2026-07-19,18,3.0957952550009344,0.0,0,0.5714285714285714,-7.959221052631579,low,0.5263,2,0.8181818181818182,False,NOERROR,0,,0,2,False,False,0,,,,,,,False,,,False,,benign,no_adverse_signal
youfangshuo.cn,2026-07-19,14,3.0957952550009344,0.0,0,0.8333333333333334,-7.589921052631579,low,0.5,4,0.8181818181818182,False,NOERROR,0,,0,2,False,False,0,,,,泛亚信息技术江苏有限公司,6,365,False,,,False,,benign,no_adverse_signal
omnicare.com.co,2026-07-19,15,3.0,0.0,0,1.0,-6.477784615384616,low,0.5714,2,1.0,True,NOERROR,1,14400,1,4,True,False,0,36454,US,True,Tucows Domains Inc.,3351,3651,False,0,False,False,False,benign,no_adverse_signal
starzino.eu,2026-07-19,11,3.0,0.0,0,0.6,-6.8318,low,0.5714,2,1.0,True,NOERROR,1,60,1,0,False,False,0,20473,GB,False,Domeneshop AS,,,False,0,False,False,,benign,no_adverse_signal
xjnly.com.cn,2026-07-19,12,2.321928094887362,0.0,0,0.0,-9.9965,low,0.4615,5,1.0,True,NOERROR,1,1,0,2,False,False,0,40065,US,False,上海福虎信息科技有限公司,7,365,False,0,False,False,,benign,no_adverse_signal
w664.cc,2026-07-19,7,1.5,0.42857142857142855,0,0.0,-11.68314,low,0.2857,1,0.75,True,NOERROR,3,7200,0,2,False,True,0,62468,HK,False,Dynadot Inc,7,365,False,0,True,False,,malicious,spamhaus_zen
betsolutions.co.uk,2026-07-19,18,3.0849625007211556,0.0,0,0.7142857142857143,-6.394328571428572,low,0.5,2,0.75,True,NOERROR,1,300,0,2,False,False,0,16509,US,True,Mark Adams t/a 3DWeb.co.uk [Tag = 3DWEB],3755,4017,False,0,False,False,,benign,no_adverse_signal
formolinelife.co.uk,2026-07-19,19,2.931208948910323,0.0,0,0.8571428571428571,-6.404413043478261,low,0.5,2,0.6153846153846154,True,NOERROR,2,600,0,2,False,False,0,16509,US,True,123-Reg Limited t/a 123-reg [Tag = 123-REG],7,365,False,17,False,False,,benign,no_adverse_signal
cheatengine.me,2026-07-19,14,2.8453509366224368,0.0,0,0.8333333333333334,-6.055405263157895,low,0.5556,2,0.7272727272727273,False,NOERROR,0,,0,2,False,False,0,,,,"Spaceship, Inc.",5,365,True,,,False,,benign,no_adverse_signal
grinwel.de,2026-07-19,10,2.807354922057604,0.0,0,0.4,-7.122827272727273,low,0.6667,2,1.0,True,NOERROR,1,60,1,2,False,False,0,47846,DE,False,,,,False,13,False,False,,benign,no_adverse_signal
bloomcfashion.shop,2026-07-19,18,3.334679141051595,0.0,0,0.625,-7.11708695652174,low,0.5,3,0.8461538461538461,True,NOERROR,1,300,0,2,False,False,0,199242,US,False,,,,False,0,False,False,,benign,no_adverse_signal
evolutionspace.asia,2026-07-19,19,3.521640636343319,0.0,0,1.0,-6.582960000000001,low,0.4667,3,0.8571428571428571,True,NOERROR,2,3600,1,2,True,False,0,16509,US,True,"GoDaddy.com, LLC",4,1096,True,23,False,False,False,benign,no_adverse_signal
ripplelate.co.uk,2026-07-19,16,2.721928094887362,0.0,0,0.6666666666666666,-6.585335294117647,low,0.5333,3,0.7,True,NOERROR,1,1800,0,2,False,False,1,47583,CY,False,Realtime Register BV t/a Axidomains [Tag = AXIDOMAINS],5,365,False,32,False,False,,benign,no_adverse_signal
tianjinbh.cn,2026-07-19,12,2.725480556997868,0.0,0,0.5,-7.6548,low,0.5,3,0.7777777777777778,True,NOERROR,1,1,0,2,False,False,0,138415,HK,False,厦门纳网科技股份有限公司,15,365,False,0,False,False,,benign,no_adverse_signal
idriver.am,2026-07-19,10,2.2359263506290326,0.0,0,0.75,-6.449236363636363,low,0.8571,2,0.7142857142857143,False,NOERROR,0,,0,2,False,False,0,,,,name (NAME LLC),,,False,,,False,,benign,no_adverse_signal
g2svy4.top,2026-07-19,10,2.584962500721156,0.2,0,0.0,-11.553655555555556,high,0.4444,3,1.0,False,NOERROR,0,,0,2,False,False,0,,,,"Todaynic.com, Inc.",4,365,True,,,True,,malicious,spamhaus_dbl
slinkycreative.co.uk,2026-07-19,20,3.521640636343319,0.0,0,0.5555555555555556,-6.743728,low,0.5517,5,0.8571428571428571,True,NOERROR,1,14400,5,4,False,False,0,53831,US,False,Tucows Inc t/a Tucows [Tag = TUCOWS-CA],809,1095,False,34,False,False,False,benign,no_adverse_signal
recyclecard.org.uk,2026-07-19,18,2.663532754804255,0.0,0,0.375,-6.838642105263158,low,0.5556,4,0.6363636363636364,True,NOERROR,1,3600,1,4,True,False,1,48254,GB,True,Will Bonning [Tag = WEB-5],5893,6209,False,0,False,False,False,benign,no_adverse_signal
yino.net.cn,2026-07-19,11,2.0,0.0,0,1.0,-6.643800000000001,low,0.6,1,1.0,True,NOERROR,1,1,0,2,False,False,0,40065,US,False,深圳市万维网信息技术有限公司,18,365,False,0,False,False,,benign,no_adverse_signal
qkxiwb.cn,2026-07-19,9,2.584962500721156,0.0,0,0.2,-11.345466666666667,low,0.4444,3,1.0,True,NOERROR,1,1,0,2,False,False,0,137951,HK,False,北京新网数码信息技术有限公司,7,365,False,0,False,False,,benign,no_adverse_signal
procatalog.kz,2026-07-19,13,2.9219280948873623,0.0,0,0.6666666666666666,-6.170647058823529,low,0.5263,2,0.8,True,NOERROR,2,300,1,2,True,False,2,13335,US,False,,,,,0,False,False,False,benign,no_adverse_signal
recompile.ai,2026-07-19,12,2.94770277922009,0.0,0,0.8,-6.487406666666667,low,0.625,2,0.8888888888888888,True,NOERROR,1,3600,0,2,False,False,0,14618,US,True,NAMECHEAP INC,13,731,True,0,False,False,,benign,no_adverse_signal
55ipc.cn,2026-07-19,8,1.9219280948873623,0.25,0,0.5,-10.6695,low,0.5,2,0.8,False,NOERROR,0,,0,2,False,False,0,,,,广西北部湾在线投资控股有限公司,4,365,False,,,False,,benign,no_adverse_signal
bronzan.me,2026-07-19,10,2.521640636343318,0.0,0,0.4,-7.330754545454545,low,0.5333,2,0.8571428571428571,True,NOERROR,1,21600,1,2,True,False,0,21100,NL,True,Dynadot Inc,17,365,True,0,False,False,False,benign,no_adverse_signal
rhedes.com.br,2026-07-19,13,2.2516291673878226,0.0,0,0.5,-6.91161111111111,low,0.6154,2,0.8333333333333334,False,NOERROR,0,,1,2,True,False,0,,,,,17,365,False,,,False,,benign,no_adverse_signal
treasury-unitaslabs.xyz,2026-07-19,23,3.43162356584743,0.0,1,0.6363636363636364,-7.048,high,0.5455,2,0.631578947368421,True,NOERROR,2,300,0,2,False,False,2,13335,US,False,PDR Ltd. d/b/a PublicDomainRegistry.com,4,365,True,,False,False,,benign,no_adverse_signal
trustarchitect.ca,2026-07-19,17,2.950212064914747,0.0,0,0.4,-6.190252,low,0.6154,3,0.6428571428571429,False,timeout,0,,0,0,False,False,0,,,,WHC Online Solutions Inc.,17,1096,True,,,False,,benign,no_adverse_signal
speedbot.co.uk,2026-07-19,14,2.75,0.0,0,0.6,-7.098307692307693,low,0.5333,2,0.875,True,NOERROR,2,3600,1,2,True,False,0,16509,US,True,"Namecheap, Inc. t/a Spaceship [Tag = SPACESHIP]",8,365,False,56,False,False,,malicious,abuseipdb
fausto.ru,2026-07-19,9,2.584962500721156,0.0,0,1.0,-6.707177777777777,low,0.6667,2,1.0,True,NOERROR,1,14400,0,2,False,False,0,197695,RU,False,REGRU-RU,5,365,False,0,False,False,,benign,no_adverse_signal
tosuo.cn,2026-07-19,8,1.9219280948873623,0.0,0,1.5,-7.528571428571429,low,0.5455,1,0.8,True,NOERROR,2,300,0,2,False,False,2,13335,US,False,北京新网数码信息技术有限公司,9,365,False,,False,False,,benign,no_adverse_signal
twelnostdisp.biz,2026-07-19,16,3.2516291673878226,0.0,0,0.3333333333333333,-7.259171428571428,low,0.5,3,0.8333333333333334,True,NOERROR,1,300,0,2,True,False,0,16276,FR,True,"Spaceship, Inc.",3,,True,,True,True,,malicious,spamhaus_zen
lighthousetrust.in,2026-07-19,18,3.1898980954642875,0.0,0,0.5,-6.669655555555556,low,0.5,4,0.6666666666666666,True,NOERROR,2,300,0,2,False,False,2,13335,US,False,"Spaceship, Inc.",9,365,False,,False,False,,benign,no_adverse_signal
soleo.cz,2026-07-19,8,1.9219280948873623,0.0,0,1.5,-6.790114285714286,low,0.5455,1,0.8,True,NOERROR,1,1800,0,3,False,False,0,31034,IT,True,REG-INTERNET-CZ,11,364,False,,False,False,,benign,no_adverse_signal
milieucontainers.nl,2026-07-19,19,3.452819531114783,0.0,0,1.0,-6.486334482758621,low,0.5333,2,0.75,True,NOERROR,1,14400,1,3,True,False,1,24940,DE,True,XNS Registrar B.V.,13,,False,0,False,False,False,benign,no_adverse_signal
11223803.cc,2026-07-19,11,2.25,0.7272727272727273,0,0.0,-10.767323076923077,low,0.3636,0,0.625,False,NOERROR,0,,0,2,False,False,0,,,,Gname.com Pte. Ltd.,5,365,True,,,False,,benign,no_adverse_signal
automobile-gelsenkirchen.de,2026-07-19,27,3.91829583405449,0.0,1,0.7692307692307693,-6.945928888888889,low,0.4878,3,0.7083333333333334,True,NOERROR,1,300,1,2,True,False,0,34788,DE,True,,,,False,,False,False,False,benign,no_adverse_signal
brothersfive.ca,2026-07-19,15,3.2516291673878226,0.0,0,0.5,-6.821114285714286,low,0.5263,3,0.8333333333333334,True,NOERROR,2,300,0,2,False,False,2,13335,US,False,8648255 CANADA LTD. O/A Dynadot LLC,11,365,True,,False,False,,benign,no_adverse_signal
monitoring360.ru,2026-07-19,16,3.238901256602631,0.1875,0,0.6666666666666666,-6.96675652173913,low,0.5,2,0.7692307692307693,True,NOERROR,1,86400,0,2,False,False,0,197695,RU,False,REGRU-RU,3,365,False,2,False,False,,benign,no_adverse_signal
dataark.uk,2026-07-19,10,2.1280852788913944,0.0,0,0.75,-6.634545454545455,low,0.5882,2,0.7142857142857143,True,NOERROR,1,86400,2,3,True,False,0,8622,GB,False,Team Blue Internet Services UK Limited t/a Team Blue Internet Services Limited t/a LCN [Tag = LCN],17,365,True,,False,False,False,benign,no_adverse_signal
donate-dobro.ru,2026-07-19,15,3.0220552088742,0.0,1,0.8333333333333334,-6.916304761904762,low,0.48,2,0.75,True,NOERROR,1,3600,2,2,True,False,1,197695,RU,True,REGRU-RU,5,365,False,,False,False,False,benign,no_adverse_signal
lichaamstempel.nl,2026-07-19,17,3.2359263506290334,0.0,0,0.5555555555555556,-6.8261199999999995,low,0.5455,3,0.7142857142857143,True,NOERROR,1,900,2,3,True,False,1,214673,NL,True,ZXCS,5,,False,,False,False,False,benign,no_adverse_signal
buglelab.io,2026-07-19,11,2.5,0.0,0,0.6,-7.258669230769231,low,0.5714,2,0.75,True,NOERROR,2,300,0,2,False,False,2,13335,US,False,Dynadot Inc,18,365,True,,False,False,,benign,no_adverse_signal
webdesignforjunkremoval.website,2026-07-19,31,4.0559581516151235,0.0,0,0.5333333333333333,-7.461581395348838,low,0.3889,3,0.782608695652174,True,NOERROR,2,300,3,2,True,False,2,13335,US,False,NAMECHEAP INC,4,365,True,,False,False,False,benign,no_adverse_signal
memegram.space,2026-07-19,14,2.1556390622295662,0.0,0,0.6,-6.590130769230769,low,0.75,2,0.625,True,NOERROR,2,300,0,2,False,False,2,13335,US,False,NAMECHEAP INC,4,365,True,,False,False,,benign,no_adverse_signal
dkqbju218a.vip,2026-07-19,14,3.321928094887362,0.21428571428571427,0,0.4,-11.248952941176471,low,0.4,5,1.0,False,NXDOMAIN,0,,0,0,False,False,0,,,,,,,False,,,True,,malicious,spamhaus_dbl
tiv3.net,2026-07-19,8,2.0,0.125,0,0.5,-8.515179999999999,low,0.5714,1,1.0,True,NOERROR,2,300,0,2,False,False,2,13335,US,False,Dynadot Inc,5,365,False,,False,False,,benign,no_adverse_signal
glebchik-gg.ru,2026-07-19,14,3.027169118440619,0.0,1,0.25,-8.290294736842105,low,0.4762,3,0.8181818181818182,True,NOERROR,1,86400,0,2,False,False,0,44923,RU,True,REGRU-RU,5,365,False,,False,False,,benign,no_adverse_signal
dosta.pl,2026-07-19,8,2.321928094887362,0.0,0,0.6666666666666666,-5.892971428571428,low,0.6667,2,1.0,True,NOERROR,1,21600,1,2,True,False,0,48707,PL,False,Aftermarket.pl Limited,18,365,False,0,False,False,False,benign,no_adverse_signal
subtampa.ro,2026-07-19,11,2.75,0.0,0,0.6,-7.420092307692307,low,0.625,2,0.875,True,NOERROR,1,14400,1,3,True,False,0,34358,RO,True,BLASTWAVE HOSTING SRL,10,,False,,False,False,False,benign,no_adverse_signal
vrmty.app,2026-07-19,9,2.321928094887362,0.0,0,0.0,-9.40327142857143,low,0.5,5,1.0,True,NOERROR,1,1,0,2,False,True,0,4907,JP,False,,,,False,,True,True,,malicious,spamhaus_zen
totalremont.pl,2026-07-19,14,2.845350936622437,0.0,0,0.5714285714285714,-6.578057894736841,low,0.5714,2,0.7272727272727273,False,SERVFAIL,0,,0,0,False,False,0,,,,LH.pl Sp. z o.o.,5,365,False,,,False,,benign,no_adverse_signal
renreni.cc,2026-07-19,10,1.950212064914747,0.0,0,0.75,-6.524672727272727,low,0.6154,2,0.5714285714285714,True,NOERROR,1,1,0,2,False,True,0,40065,US,False,"NameSilo, LLC",4,365,True,,False,False,,benign,no_adverse_signal
startoutbrasil.com.br,2026-07-19,21,3.039148671903071,0.0,0,0.5555555555555556,-6.5263800000000005,low,0.5455,3,0.6428571428571429,False,NOERROR,0,,1,2,True,False,0,,,,,5,365,False,,,False,,benign,no_adverse_signal
ssvip557.top,2026-07-19,12,2.5,0.25,0,0.25,-9.494784615384615,high,0.4286,3,0.75,True,NOERROR,1,600,0,2,False,False,0,138415,HK,False,Eranet International Limited,4,365,True,,False,False,,benign,no_adverse_signal
brnrp.cn,2026-07-19,8,1.9219280948873623,0.0,0,0.0,-9.1755,low,0.5,5,0.8,False,NOERROR,0,,0,2,False,False,0,,,,上海福虎信息科技有限公司,763,1095,False,,,False,,benign,no_adverse_signal
mootcourt.eu,2026-07-19,12,2.4193819456463714,0.0,0,0.8,-6.820759999999999,low,0.5263,2,0.6666666666666666,True,NOERROR,1,3600,1,2,True,False,1,24940,DE,True,Key-Systems GmbH,,,False,,False,False,False,benign,no_adverse_signal
zookr.in,2026-07-19,8,1.9219280948873623,0.0,0,0.6666666666666666,-7.519214285714286,low,0.6667,2,0.8,True,NOERROR,2,300,0,2,False,False,2,13335,US,False,"Spaceship, Inc.",17,365,False,,False,False,,benign,no_adverse_signal
mxbet365casino.mx,2026-07-19,17,3.8073549220576055,0.17647058823529413,0,0.5714285714285714,-8.0155,low,0.4545,3,1.0,True,NOERROR,2,300,0,2,False,False,2,13335,US,False,Dynadot Inc,8,365,True,,False,False,,benign,no_adverse_signal
sexstory.boutique,2026-07-19,17,2.75,0.0,0,0.3333333333333333,-6.7775923076923075,low,0.7143,3,0.875,False,NOERROR,0,,0,2,False,False,0,,,,,,,,,,False,,benign,no_adverse_signal
tt44.bet,2026-07-19,8,1.0,0.25,0,0.0,-10.04656,low,0.4444,2,0.5,True,NOERROR,2,300,0,2,False,False,2,13335,US,False,,,,,,False,False,,benign,no_adverse_signal
338765.xyz,2026-07-19,10,2.2516291673878226,0.6,0,0.0,-10.475866666666668,high,0.4444,0,0.8333333333333334,False,NOERROR,0,,3,2,True,False,0,,,,"Spaceship, Inc.",4,365,False,,,False,False,benign,no_adverse_signal
greenote.in,2026-07-19,11,2.4056390622295662,0.0,0,1.0,-6.400238461538462,low,0.5556,2,0.75,True,NOERROR,1,300,0,2,False,False,0,16509,IN,True,"Spaceship, Inc.",5,365,False,,False,False,,benign,no_adverse_signal
ga888-vn.cyou,2026-07-19,13,2.4056390622295662,0.23076923076923078,1,0.3333333333333333,-10.240423076923076,low,0.5,2,0.75,True,NOERROR,2,300,0,2,False,False,2,13335,US,False,Dynadot Inc,4,365,False,,False,False,,benign,no_adverse_signal
dymj.gz.cn,2026-07-19,10,2.0,0.0,0,0.0,-9.79516,low,0.5,4,1.0,True,NOERROR,1,1,0,2,False,False,0,40065,US,False,深圳市万维网信息技术有限公司,13,365,False,0,False,False,,benign,no_adverse_signal
afroshop.dk,2026-07-19,11,2.75,0.0,0,0.6,-6.812230769230769,low,0.5333,2,0.875,False,SERVFAIL,0,,0,0,False,False,0,,,,1API GmbH,14,364,True,,,False,,benign,no_adverse_signal
luxurytravelexperience.co.uk,2026-07-19,28,3.4428621651554656,0.0,0,0.6923076923076923,-6.984921951219512,low,0.4,4,0.5909090909090909,True,NOERROR,1,3600,2,4,True,False,1,8560,DE,True,Ionos SE [Tag = 1AND1],17,365,False,,False,False,False,benign,no_adverse_signal
drogaluz.com.br,2026-07-19,15,3.0,0.0,0,0.6,-7.329084615384615,low,0.5,2,1.0,True,NOERROR,1,3600,0,2,False,False,0,8075,AU,False,,18,365,False,,False,False,,benign,no_adverse_signal
srubtex.pl,2026-07-19,10,2.807354922057604,0.0,0,0.4,-7.907327272727272,low,0.5714,2,1.0,True,NOERROR,1,3600,1,3,True,False,0,15967,PL,True,nazwa.pl sp. z o.o.,8,365,False,,False,False,False,benign,no_adverse_signal
onlinegcp.de,2026-07-19,12,2.94770277922009,0.0,0,0.5,-6.94708,low,0.7059,3,0.8888888888888888,True,NOERROR,3,14400,1,2,True,False,0,63949,US,True,,,,False,0,False,False,False,benign,no_adverse_signal
hampyeong.co.kr,2026-07-19,15,3.169925001442312,0.0,0,0.5,-7.649173333333334,low,0.5333,3,1.0,True,NOERROR,2,180,0,4,False,False,0,16509,US,True,Megazone(http://HOSTING.KR),16,365,False,,False,False,,benign,no_adverse_signal
wpz.cc,2026-07-19,6,1.584962500721156,0.0,0,0.0,-10.489333333333333,low,0.3636,3,1.0,False,NOERROR,0,,0,2,False,False,0,,,,Gname 391 Inc,7,365,False,,,False,,benign,no_adverse_signal
adventurelandthemovie.co.uk,2026-07-19,27,3.535174565635902,0.0,0,0.75,-6.602494871794872,low,0.4138,4,0.6190476190476191,True,NOERROR,2,300,0,2,False,False,2,13335,US,False,"Namecheap, Inc. [Tag = NAMECHEAP-INC]",17,365,False,,False,False,,benign,no_adverse_signal
womac.com.cn,2026-07-19,12,2.321928094887362,0.0,0,0.6666666666666666,-6.738114285714286,low,0.5455,1,1.0,True,NOERROR,1,1,0,2,False,False,0,40065,US,False,成都飞数科技有限公司,10,365,False,0,False,False,,benign,no_adverse_signal
russellsreviews.co.uk,2026-07-19,21,2.789898095464287,0.0,0,0.5,-6.920607407407408,low,0.5,4,0.5333333333333333,True,NOERROR,2,300,0,2,False,False,2,13335,US,False,"Namecheap, Inc. [Tag = NAMECHEAP-INC]",10,365,False,,False,False,,benign,no_adverse_signal
cppogl.cn,2026-07-19,9,2.2516291673878226,0.0,0,0.2,-7.770700000000001,low,0.5455,3,0.8333333333333334,True,NOERROR,1,1,0,2,False,False,0,142286,HK,False,上海福虎信息科技有限公司,762,1095,False,,False,False,,benign,no_adverse_signal
dokterhoutworm.nl,2026-07-19,17,3.182005814760214,0.0,0,0.5555555555555556,-7.17704,low,0.56,2,0.7142857142857143,True,NOERROR,2,300,3,2,True,False,2,13335,US,False,"NAMECHEAP, INC.",18,,False,,False,False,False,benign,no_adverse_signal
vdcolcompany.cloud,2026-07-19,18,3.2516291673878226,0.0,0,0.3333333333333333,-7.250500000000001,low,0.5,3,0.8333333333333334,True,NOERROR,1,14400,1,2,False,False,1,47583,US,True,"HOSTINGER operations, UAB",3,365,False,,False,False,False,benign,no_adverse_signal
kozysneakers.fr,2026-07-19,15,3.084962500721156,0.0,0,0.5,-7.769295238095238,low,0.5714,4,0.75,True,NOERROR,1,50,0,2,False,False,0,47583,CY,False,Hostinger operations UAB,3,1095,False,32,False,False,,benign,no_adverse_signal
operaeorgasm.cfd,2026-07-19,16,2.918295834054489,0.0,0,1.0,-7.066195238095237,low,0.5882,2,0.6666666666666666,True,NOERROR,2,300,0,2,False,False,2,13335,US,False,"Spaceship, Inc.",3,365,False,,False,False,,benign,no_adverse_signal
hortonparkprimary.co.uk,2026-07-19,23,3.2639334294856344,0.0,0,0.4166666666666667,-6.743096774193549,low,0.4286,4,0.6470588235294118,True,NOERROR,1,36000,1,2,False,False,0,16509,IE,True,Domainlore LLC [Tag = DOMAINLORE],11,365,False,,False,False,,benign,no_adverse_signal
mdh.co.kr,2026-07-19,9,1.584962500721156,0.0,0,0.0,-9.307666666666668,low,0.5714,3,1.0,True,NOERROR,2,180,0,4,False,False,0,16509,US,True,Megazone(http://HOSTING.KR),396,730,False,,False,False,,benign,no_adverse_signal
objekt.tr,2026-07-19,9,2.584962500721156,0.0,0,0.5,-8.746166666666667,low,0.6,2,1.0,True,NOERROR,1,14400,1,4,True,False,0,42846,TR,True,,5,364,True,,False,False,False,benign,no_adverse_signal
aikiduniya.net,2026-07-19,14,2.6464393446710153,0.0,0,1.5,-7.5999470588235285,low,0.6316,1,0.7,True,NOERROR,2,60,0,2,False,False,2,47583,LT,False,"HOSTINGER operations, UAB",4,731,False,,False,False,,benign,no_adverse_signal
r1seup.gg,2026-07-19,9,2.584962500721156,0.1111111111111111,0,0.6666666666666666,-8.989522222222222,low,0.5,1,1.0,True,NOERROR,2,300,2,2,True,False,2,47583,CY,False,Key Systems (http://www.key-systems.net),5,,False,,False,False,False,benign,no_adverse_signal
huis-altaar.nl,2026-07-19,14,3.027169118440619,0.0,1,1.0,-7.511394736842105,low,0.5263,2,0.8181818181818182,True,NOERROR,2,300,0,2,False,False,2,13335,US,False,Dynadot LLC,6,,False,,False,False,,benign,no_adverse_signal
aifarol.com.br,2026-07-19,14,2.5216406363433186,0.0,0,1.3333333333333333,-7.041809090909092,low,0.5455,1,0.8571428571428571,True,NOERROR,1,14400,1,2,True,False,0,31898,BR,True,,5,365,False,,False,False,False,benign,no_adverse_signal
9y48ab.top,2026-07-19,10,2.584962500721156,0.3,0,0.5,-12.306611111111112,high,0.4615,1,1.0,False,NOERROR,0,,0,2,False,False,0,,,,Chengdu west dimension digital,4,365,True,,,False,,benign,no_adverse_signal
mertaycc.com.tr,2026-07-19,15,2.75,0.0,0,0.3333333333333333,-7.053076923076923,low,0.5714,3,0.875,True,NOERROR,2,300,0,2,False,False,2,13335,US,False,,8,364,True,,False,False,,benign,no_adverse_signal
jialongsm.cn,2026-07-19,12,3.169925001442312,0.0,0,0.5,-6.926546666666667,low,0.5333,4,1.0,False,NOERROR,0,,0,2,False,False,0,,,,北京新网数码信息技术有限公司,8,365,False,,,False,,benign,no_adverse_signal
ywbu.org,2026-07-19,8,2.0,0.0,0,0.3333333333333333,-9.56004,low,0.5,3,1.0,False,NOERROR,0,,0,2,False,False,0,,,,"Spaceship, Inc.",3,365,False,,,False,,benign,no_adverse_signal
artdebrum.com.br,2026-07-19,16,2.94770277922009,0.0,0,0.5,-7.268413333333333,low,0.5455,3,0.8888888888888888,False,NOERROR,0,,0,2,False,False,0,,,,,15,365,False,,,False,,benign,no_adverse_signal
monzo.lv,2026-07-19,8,1.9219280948873623,0.0,0,0.6666666666666666,-7.586457142857142,low,0.5455,2,0.8,True,NOERROR,2,300,1,2,True,False,2,13335,US,False,,,,False,,False,False,False,benign,no_adverse_signal
exiramlak.ir,2026-07-19,12,2.94770277922009,0.0,0,0.8,-7.521866666666667,low,0.625,2,0.8888888888888888,True,NOERROR,2,180,0,2,False,False,0,205585,IR,False,,,,False,0,False,False,,benign,no_adverse_signal
jotyz.cn,2026-07-19,8,2.321928094887362,0.0,0,0.25,-8.842814285714285,low,0.5,3,1.0,True,NOERROR,1,900,0,2,False,False,0,142286,HK,False,北京新网数码信息技术有限公司,15,365,False,,False,False,,benign,no_adverse_signal
2bwin.cn,2026-07-19,8,2.321928094887362,0.125,0,0.3333333333333333,-8.879185714285715,low,0.6667,2,1.0,False,timeout,0,,0,0,False,False,0,,,,武汉物与伦比科技有限公司,387,730,False,,,False,,benign,no_adverse_signal
wobiektywie.pl,2026-07-19,14,2.9139770731827523,0.0,0,0.8333333333333334,-8.307431578947368,low,0.4444,4,0.7272727272727273,True,NOERROR,1,21600,1,2,True,False,0,48707,PL,False,Aftermarket.pl Limited,2599,2922,False,0,False,False,False,benign,no_adverse_signal
dazzlindamesbooster.org,2026-07-19,23,3.616348566075164,0.0,0,0.5833333333333334,-6.7683800000000005,low,0.4828,3,0.6842105263157895,False,NOERROR,0,,0,4,True,False,0,,,,Squarespace Domains LLC,4,731,True,,,False,,benign,no_adverse_signal
caffeineclause.tech,2026-07-19,19,3.039148671903071,0.0,0,1.0,-6.897012,low,0.5263,2,0.6428571428571429,True,NOERROR,1,14400,0,4,False,False,1,14061,IN,False,Namify Domains Inc,4,365,False,,False,False,,benign,no_adverse_signal
satyaestates.co.in,2026-07-19,18,2.2295739585136225,0.0,0,0.7142857142857143,-6.767028571428571,low,0.56,2,0.4166666666666667,True,NOERROR,2,600,0,2,False,False,0,16509,US,True,GoDaddy,13,365,False,35,False,False,,benign,no_adverse_signal
16fruit.cn,2026-07-19,10,2.807354922057604,0.2,0,0.6666666666666666,-9.505354545454546,low,0.5714,2,1.0,True,NOERROR,1,600,0,2,False,False,0,142286,HK,False,北京新网数码信息技术有限公司,7,365,False,,True,False,,malicious,spamhaus_zen
uniqueprojects.co.za,2026-07-19,20,3.521640636343319,0.0,0,0.75,-7.346952,low,0.6429,3,0.8571428571428571,True,NOERROR,1,7200,1,4,True,False,0,37611,ZA,True,Afrihost,8,365,False,,False,False,False,benign,no_adverse_signal
ai05.eu.cc,2026-07-19,10,1.0,0.2,0,2.0,,low,,0,1.0,True,NOERROR,1,600,0,2,False,False,0,132839,ZA,False,Gname.com Pte. Ltd.,10508,12217,True,,False,True,,malicious,spamhaus_dbl
silvertime.ro,2026-07-19,13,2.9219280948873623,0.0,0,0.6666666666666666,-6.6015999999999995,low,0.5714,2,0.8,True,NOERROR,1,1800,0,4,False,False,0,206834,DE,False,Netim,12,,False,0,False,False,,benign,no_adverse_signal
mindnbody.co.uk,2026-07-19,15,2.725480556997868,0.0,0,0.2857142857142857,-7.2381400000000005,low,0.5333,4,0.7777777777777778,True,NOERROR,1,300,0,2,False,False,0,16509,US,True,Mark Adams t/a 3DWeb.co.uk [Tag = 3DWEB],4846,5113,False,0,False,False,,benign,no_adverse_signal
nurturenestafrica.or.tz,2026-07-19,23,3.2195282822995477,0.0,0,0.7,-6.526058064516129,low,0.4828,2,0.5882352941176471,True,NOERROR,1,7200,1,2,True,False,0,36454,US,True,REG-WADUDUH,,,False,,False,False,False,benign,no_adverse_signal
247betcasino.co.nl,2026-07-19,18,1.0,0.16666666666666666,0,1.0,,low,,1,1.0,True,NOERROR,2,300,3,2,True,False,2,13335,US,False,,,,False,,False,False,False,benign,no_adverse_signal
axsystems.tech,2026-07-19,14,2.6416041678685933,0.0,0,0.2857142857142857,-7.402753333333334,low,0.5833,5,0.7777777777777778,True,NOERROR,2,300,0,2,False,False,2,13335,US,False,Dynadot Inc,4,365,False,,False,False,,benign,no_adverse_signal
yoosen.cn,2026-07-19,9,2.2516291673878226,0.0,0,1.0,-7.013655555555555,low,0.6,1,0.8333333333333334,True,NOERROR,1,600,0,2,False,False,0,37963,CN,False,阿里云计算有限公司（万网）,11,365,False,,True,False,,malicious,spamhaus_zen
sanjex.com.tw,2026-07-19,13,2.584962500721156,0.0,0,0.5,-8.015788888888888,low,0.6667,2,1.0,True,NOERROR,1,86400,0,2,False,False,0,3462,TW,False,HINET,2485,2922,True,,False,False,,benign,no_adverse_signal
diamondsib.pics,2026-07-19,15,2.9219280948873623,0.0,0,0.6666666666666666,-6.747817647058824,low,0.5455,3,0.8,True,NOERROR,2,300,0,2,False,False,2,13335,US,False,Dynadot Inc,4,365,False,,False,False,,benign,no_adverse_signal
365instalater.net,2026-07-19,17,3.392747410448785,0.17647058823529413,0,0.6666666666666666,-7.013808695652174,low,0.5455,3,0.8461538461538461,True,NOERROR,1,300,0,4,False,False,1,208414,CZ,True,"WEDOS Internet, a.s.",5,365,False,,False,False,,benign,no_adverse_signal
hungers.pl,2026-07-19,10,2.807354922057604,0.0,0,0.4,-6.430136363636364,low,0.6154,2,1.0,True,NOERROR,1,21600,1,2,True,False,0,48707,PL,False,Aftermarket.pl Limited,13,365,False,0,False,False,False,benign,no_adverse_signal
cs2skin.app,2026-07-19,11,2.5216406363433186,0.09090909090909091,0,0.2,-9.109054545454546,low,0.5455,2,0.8571428571428571,True,NOERROR,2,300,0,2,False,False,2,13335,US,False,,,,False,,False,False,,benign,no_adverse_signal
link-qiuwanghui.com.cn,2026-07-19,22,3.3232314287976203,0.0,1,0.75,-8.455637037037038,low,0.5217,3,0.7333333333333333,True,NOERROR,1,600,0,2,False,False,0,132839,SC,False,北京新网数码信息技术有限公司,4,365,False,,False,False,,benign,no_adverse_signal
cinescout.co,2026-07-19,12,2.94770277922009,0.0,0,0.8,-6.157313333333334,low,0.7143,2,0.8888888888888888,True,NOERROR,1,60,0,2,False,False,0,13335,US,False,Global Domain Group LLC,11,365,False,,False,False,,benign,no_adverse_signal
cngsc.com.cn,2026-07-19,12,1.9219280948873623,0.0,0,0.0,-8.037128571428571,low,0.6667,5,0.8,True,NOERROR,1,1,0,2,False,False,0,40065,US,False,上海美橙科技信息发展有限公司,13,365,False,0,False,False,,benign,no_adverse_signal
11u.io,2026-07-19,6,0.9182958340544896,0.3333333333333333,0,1.0,-10.9009,low,0.3333,0,0.6666666666666666,True,NOERROR,2,300,0,2,False,False,2,13335,US,False,Dynadot Inc,5,365,True,,False,False,,benign,no_adverse_signal
hightechrealestate.ca,2026-07-19,21,3.086048612313038,0.0,0,0.6363636363636364,-6.354284848484848,low,0.5185,3,0.5555555555555556,True,NOERROR,2,1800,0,2,False,False,0,16509,US,False,8648255 CANADA LTD. O/A Dynadot LLC,12,365,False,,False,False,,benign,no_adverse_signal
boogie2988.net,2026-07-19,14,2.9219280948873623,0.2857142857142857,0,2.0,-8.762305882352942,low,0.5,1,0.8,True,NOERROR,2,300,0,2,False,False,2,13335,US,False,Dynadot Inc,5,365,False,,False,False,,benign,no_adverse_signal
legendarna.pl,2026-07-19,13,2.7219280948873625,0.0,0,0.6666666666666666,-6.484111764705882,low,0.5333,2,0.7,True,NOERROR,1,28800,1,2,True,False,0,48707,PL,True,Aftermarket.pl Limited,16,365,False,,False,False,False,benign,no_adverse_signal
internetovepravo.cz,2026-07-19,19,3.077819531114783,0.0,0,0.7777777777777778,-6.473541379310345,low,0.56,2,0.5625,True,NOERROR,2,300,0,2,False,False,2,13335,US,False,REG-MOJEID,5174,5477,False,,False,False,,benign,no_adverse_signal
nederlandse-iptv.nl,2026-07-19,19,3.452819531114783,0.0,1,0.5,-7.061327586206897,low,0.5217,3,0.75,False,NOERROR,0,,0,2,False,False,0,,,,"NAMECHEAP, INC.",752,,False,,,False,,benign,no_adverse_signal
serranocollective.co,2026-07-19,20,3.3371753411230776,0.0,0,0.7,-6.421332258064516,low,0.56,2,0.6470588235294118,True,NOERROR,4,14400,5,4,False,False,0,53831,US,False,Key-Systems GmbH,5,365,True,15,False,False,False,benign,no_adverse_signal
yagyu.app,2026-07-19,9,1.9219280948873623,0.0,0,0.6666666666666666,-8.5453,low,0.5455,2,0.8,False,SERVFAIL,0,,0,0,False,False,0,,,,,,,False,,,False,,benign,no_adverse_signal
andaluciaevents.eu,2026-07-19,18,3.323231428797621,0.0,0,0.875,-6.911451851851852,low,0.5217,3,0.7333333333333333,True,NOERROR,2,300,2,2,False,False,2,13335,US,False,IONOS SE,,,False,,False,False,False,benign,no_adverse_signal
ugtv.tv,2026-07-19,7,2.0,0.0,0,0.3333333333333333,-9.05184,low,0.5,3,1.0,True,NOERROR,2,300,0,2,False,False,2,13335,US,False,"Cloudflare, Inc.",7,365,True,,False,False,,benign,no_adverse_signal
bognorhotel.co.uk,2026-07-19,17,3.027169118440619,0.0,0,0.5714285714285714,-7.252668421052632,low,0.5263,2,0.8181818181818182,True,NOERROR,1,14399,1,2,True,False,0,47846,DE,False,David Worth [Tag = WEBWORTH],6305,6574,False,,False,False,,benign,no_adverse_signal
xkkk.pw,2026-07-19,7,0.8112781244591328,0.0,0,0.0,-10.85068,low,0.4,4,0.5,True,NOERROR,1,5,0,2,False,True,0,979,US,False,Alibaba Cloud Computing Ltd. d/b/a HiChina (www.net.cn),14,365,False,,False,False,,benign,no_adverse_signal
crecon.com.mx,2026-07-19,13,2.2516291673878226,0.0,0,0.5,-6.032811111111111,low,0.7143,2,0.8333333333333334,True,NOERROR,1,14400,1,2,True,False,0,19318,US,True,"AKKY ONLINE SOLUTIONS, S.A. DE C.V.",2942,3287,False,,False,False,False,benign,no_adverse_signal
hotelindustry.org,2026-07-19,17,3.5465935642949384,0.0,0,0.4444444444444444,-6.29244347826087,low,0.5263,4,0.9230769230769231,True,NOERROR,2,600,0,2,False,False,0,16509,US,True,"GoDaddy.com, LLC",4,365,False,35,False,False,,benign,no_adverse_signal
falconridgeestatesneighborhood.org,2026-07-19,34,3.7735572622751854,0.0,0,0.6666666666666666,-7.117012280701755,low,0.381,3,0.5,True,NOERROR,1,300,0,2,False,False,0,63949,US,True,Dynadot Inc,4,365,False,,False,False,,benign,no_adverse_signal
legendwizardschool.shop,2026-07-19,23,3.7254805569978675,0.0,0,0.5,-7.075721212121212,low,0.4286,5,0.7777777777777778,True,NOERROR,2,300,0,2,False,False,2,13335,US,False,,,,False,,False,False,,benign,no_adverse_signal
r4lideranca.com.br,2026-07-19,18,3.0957952550009344,0.05555555555555555,0,0.6666666666666666,-7.192689473684211,low,0.5,2,0.8181818181818182,True,NOERROR,2,3600,0,2,False,False,0,16509,US,False,,6,731,False,,False,False,,benign,no_adverse_signal
dragonvstiger.io,2026-07-19,16,3.3927474104487847,0.0,0,0.4444444444444444,-7.183504347826086,low,0.5,4,0.8461538461538461,True,NOERROR,2,300,0,2,False,False,2,13335,US,False,"Spaceship, Inc.",14,365,True,,False,False,,benign,no_adverse_signal
landsales.eu,2026-07-19,12,2.5032583347756456,0.0,0,0.5,-6.2465,low,0.5714,3,0.6666666666666666,False,NOERROR,0,,0,3,False,False,0,,,,Rackhost Zrt.,,,False,,,False,,benign,no_adverse_signal
bodsn.cn,2026-07-19,8,2.321928094887362,0.0,0,0.25,-7.778071428571429,low,0.6,3,1.0,True,NOERROR,1,900,0,4,False,False,0,142286,HK,False,北京新网数码信息技术有限公司,7,365,False,,False,False,,benign,no_adverse_signal
chezmshij.cc,2026-07-19,12,2.94770277922009,0.0,0,0.2857142857142857,-8.238633333333333,low,0.4444,4,0.8888888888888888,True,NOERROR,1,1,0,2,False,True,0,40065,US,False,"NameSilo, LLC",4,365,True,0,False,False,,benign,no_adverse_signal
levita.com.ua,2026-07-19,13,2.584962500721156,0.0,0,1.0,-6.496466666666667,low,0.625,1,1.0,True,NOERROR,1,900,1,3,True,False,0,200000,UA,True,"ТОВ ""ХОСТІНГ УКРАЇНА""",10,731,True,,False,False,False,benign,no_adverse_signal
ceintaxi.click,2026-07-19,14,2.75,0.0,0,1.0,-6.878461538461538,medium,0.5714,2,0.875,True,NOERROR,2,300,0,2,False,False,2,13335,US,False,"Spaceship, Inc.",4,365,False,,False,False,,benign,no_adverse_signal
eko-lodzie.pl,2026-07-19,13,2.9219280948873623,0.0,1,1.25,-8.444376470588235,low,0.4444,2,0.8,True,NOERROR,1,3600,1,3,True,False,0,15967,PL,True,nazwa.pl sp. z o.o.,15,365,False,,False,False,False,benign,no_adverse_signal
jt-invest.de,2026-07-19,12,2.94770277922009,0.0,1,0.3333333333333333,-7.485519999999999,low,0.5882,2,0.8888888888888888,True,NOERROR,1,150,1,2,False,False,1,8560,DE,True,,,,False,,False,False,False,benign,no_adverse_signal
rodneyrad.me,2026-07-19,12,2.725480556997868,0.0,0,0.5,-7.238853333333334,low,0.5714,2,0.7777777777777778,True,NOERROR,2,600,0,2,False,False,0,16509,US,True,"GoDaddy.com, LLC",5,3653,True,35,False,False,,benign,no_adverse_signal
mhrsskxgo.cc,2026-07-19,12,2.94770277922009,0.0,0,0.125,-9.579273333333333,low,0.4444,8,0.8888888888888888,False,NOERROR,0,,0,2,False,False,0,,,,"GoDaddy.com, LLC",5,365,False,,,False,,benign,no_adverse_signal
5228.buzz,2026-07-19,9,1.5,0.4444444444444444,0,0.0,-10.364320000000001,high,0.2857,0,0.75,True,NOERROR,2,300,0,2,False,False,2,13335,US,False,"Spaceship, Inc.",3,365,False,,False,False,,benign,no_adverse_signal
cleaner-near-me.co.uk,2026-07-19,21,2.8402239289418523,0.0,2,0.8571428571428571,-7.011259259259259,low,0.5,2,0.5333333333333333,True,NOERROR,1,14400,1,4,True,False,0,44043,RO,True,"Namecheap, Inc. [Tag = NAMECHEAP-INC]",15,365,False,,False,False,False,benign,no_adverse_signal
xy0qk8fbm02.pro,2026-07-19,15,3.277613436819116,0.26666666666666666,0,0.0,-12.304115789473684,low,0.3333,3,0.9090909090909091,True,NOERROR,16,60,5,2,True,True,0,138415,SC,False,,,,,,False,False,False,benign,no_adverse_signal
messiahradio.co.ug,2026-07-19,18,3.0849625007211556,0.0,0,1.0,-6.8395190476190475,low,0.5556,2,0.75,True,NOERROR,1,14400,1,2,True,False,0,24940,DE,True,,,,False,,False,False,False,benign,no_adverse_signal
lamod.shop,2026-07-19,10,2.321928094887362,0.0,0,0.6666666666666666,-6.565514285714285,low,0.6,1,1.0,True,NOERROR,1,300,0,2,False,False,0,,GE,False,,,,False,,False,False,,benign,no_adverse_signal
getreil.co,2026-07-19,10,2.5216406363433186,0.0,0,0.75,-6.563690909090909,low,0.5333,2,0.8571428571428571,True,NOERROR,2,7,0,4,False,False,0,,US,False,Porkbun,397,730,False,0,False,False,,benign,no_adverse_signal
kapaklicambalkonimalati.com.tr,2026-07-19,30,3.142064672977998,0.0,0,0.7692307692307693,-6.80473023255814,low,0.4186,2,0.4782608695652174,True,NOERROR,2,300,0,2,False,False,2,13335,US,False,,5,364,False,,False,False,,benign,no_adverse_signal
nvtongspw.cc,2026-07-19,12,2.94770277922009,0.0,0,0.125,-7.9964933333333335,low,0.5556,5,0.8888888888888888,True,NOERROR,1,3600,0,3,False,False,0,20473,SG,True,"NameSilo, LLC",5,365,True,,False,False,,benign,no_adverse_signal
turok-pro-tv.online,2026-07-19,19,2.918295834054489,0.0,2,0.42857142857142855,-7.708723809523809,medium,0.5,2,0.6666666666666666,True,NOERROR,1,3600,2,4,False,False,0,211381,NL,True,Registrar of Domain Names REG.RU LLC,4,365,False,,False,False,False,benign,no_adverse_signal
piotradamski.pl,2026-07-19,15,3.2516291673878226,0.0,0,0.7142857142857143,-6.937619047619047,low,0.4762,3,0.8333333333333334,True,NOERROR,1,14400,0,2,False,False,0,16509,US,False,Realtime Register B.V.,5,365,False,0,False,False,,benign,no_adverse_signal
havanasottomarina.it,2026-07-19,20,3.051601636871704,0.0,0,0.8888888888888888,-6.555696774193548,low,0.48,2,0.5882352941176471,True,NOERROR,2,300,0,2,False,False,2,13335,US,False,Hosting Concepts B.V.,11,364,True,,False,False,,benign,no_adverse_signal
alucon.cz,2026-07-19,9,2.584962500721156,0.0,0,1.0,-6.716288888888889,low,0.6667,1,1.0,True,NOERROR,1,3600,1,2,False,False,0,20473,GB,True,REG-WEDOS,2989,3286,False,0,False,False,False,benign,no_adverse_signal
gag2.asia,2026-07-19,9,1.5,0.1111111111111111,0,0.5,-8.57438,low,0.5714,1,0.75,True,NOERROR,2,300,0,2,False,False,2,13335,US,False,Dynadot Inc,4,365,True,,False,False,,benign,no_adverse_signal
4923904.cn,2026-07-19,10,2.2359263506290326,0.7,0,0.0,-11.26069090909091,low,0.4,0,0.7142857142857143,False,NOERROR,0,,0,2,False,False,0,,,,北京新网数码信息技术有限公司,4,365,False,,,False,,benign,no_adverse_signal
cresus-casino.ec,2026-07-19,16,3.180832987205441,0.0,1,0.7142857142857143,-6.495773913043479,low,0.4444,2,0.7692307692307693,True,NOERROR,2,300,0,2,False,False,2,13335,US,False,Dynadot Inc.,5,365,False,,False,False,,benign,no_adverse_signal
fortimus.co.uk,2026-07-19,14,3.0,0.0,0,0.6,-6.4758538461538455,low,0.7692,2,1.0,True,NOERROR,2,600,0,2,False,False,0,16509,US,True,"GoDaddy.com, LLC. [Tag = GODADDY]",18,365,False,35,False,False,,benign,no_adverse_signal
jarlondon.co.uk,2026-07-19,15,2.725480556997868,0.0,0,0.5,-6.7756533333333335,low,0.5333,2,0.7777777777777778,True,NOERROR,2,600,0,2,False,False,0,16509,US,True,123-Reg Limited t/a 123-reg [Tag = 123-REG],13,731,False,17,False,False,,benign,no_adverse_signal
restart-koltsovo.ru,2026-07-19,19,3.1556390622295662,0.0,1,0.5,-7.115162068965517,low,0.5455,3,0.625,True,NOERROR,1,900,0,2,False,False,0,57724,RU,False,REGRU-RU,5,365,False,,False,False,,benign,no_adverse_signal
djselect.de,2026-07-19,11,2.75,0.0,0,0.3333333333333333,-7.433253846153846,low,0.75,3,0.875,True,NOERROR,1,60,0,2,True,False,0,47846,DE,False,,,,False,13,False,False,,benign,no_adverse_signal
bentsupmo.biz,2026-07-19,13,3.169925001442312,0.0,0,0.5,-7.106626666666667,low,0.5333,3,1.0,True,NOERROR,1,300,0,2,True,False,0,16276,PL,True,"Spaceship, Inc.",3,,True,,True,True,,malicious,spamhaus_zen
yoo3.cn,2026-07-19,7,1.5,0.14285714285714285,0,2.0,-9.20308,low,0.6667,1,0.75,True,NOERROR,1,600,0,2,False,False,0,138415,HK,False,Eranet International Limited,9,365,False,,False,False,,benign,no_adverse_signal
limits.es,2026-07-19,9,2.2516291673878226,0.0,0,0.5,-6.713811111111111,low,0.6667,2,0.8333333333333334,True,NOERROR,1,1800,1,3,True,False,1,20473,GB,False,,,,False,0,False,False,,benign,no_adverse_signal
montedocasal.pt,2026-07-19,15,3.2516291673878226,0.0,0,0.7142857142857143,-6.282419047619048,low,0.5263,2,0.8333333333333334,True,NOERROR,1,14400,1,3,True,False,0,62416,PT,True,,,,False,,False,False,False,benign,no_adverse_signal
xn--botrust-zya.com,2026-07-19,19,3.456564762130953,0.0,3,0.3333333333333333,-8.239411111111112,low,0.4615,2,0.8,True,NOERROR,2,60,0,2,False,False,2,47583,CY,False,"HOSTINGER operations, UAB",5,365,False,,False,False,,benign,no_adverse_signal
mediazixo.net,2026-07-19,13,2.94770277922009,0.0,0,1.25,-7.498773333333333,low,0.7143,1,0.8888888888888888,True,NOERROR,2,300,0,2,False,False,2,13335,US,False,"NameSilo, LLC",4,365,True,,False,False,,benign,no_adverse_signal
creditcards.works,2026-07-19,17,2.9139770731827523,0.0,0,0.375,-6.525710526315789,low,0.5882,3,0.7272727272727273,False,NOERROR,0,,0,2,False,False,0,,,,,,,,,,False,,benign,no_adverse_signal
ememedicinaestetica.com.ar,2026-07-19,26,2.965583935727781,0.0,0,1.1111111111111112,-6.457014285714285,low,0.5185,2,0.47368421052631576,True,NOERROR,2,300,0,2,False,False,2,13335,US,False,nicar,5,364,False,,False,False,,benign,no_adverse_signal
autoserviss23.rs,2026-07-19,16,3.334679141051595,0.125,0,0.8333333333333334,-7.093486956521739,low,0.5385,2,0.8461538461538461,True,NOERROR,1,14400,1,4,False,False,0,24940,DE,True,United Internet d.o.o.,5,365,False,,False,False,False,benign,no_adverse_signal
wmyfq2p8.top,2026-07-19,12,3.0,0.16666666666666666,0,0.0,-11.639107692307693,high,0.4615,5,1.0,True,NOERROR,3,60,0,2,False,True,0,138995,US,False,Dominet (HK) Limited,4,365,True,0,True,False,,malicious,spamhaus_zen
3himper.com.br,2026-07-19,14,2.807354922057604,0.07142857142857142,0,0.5,-7.915227272727273,low,0.5882,2,1.0,True,NOERROR,1,14400,1,2,True,False,0,40021,US,True,,4430,4748,False,,False,False,False,benign,no_adverse_signal
londonbusinessdirectory.org.uk,2026-07-19,30,3.555533151426996,0.0,0,0.5333333333333333,-6.528713953488372,low,0.5263,3,0.5652173913043478,True,NOERROR,2,300,0,2,False,False,2,13335,US,False,URL Solutions Inc t/a Pananames [Tag = PANANAMES-PA],18,365,False,,False,False,,benign,no_adverse_signal
bytepower.co,2026-07-19,12,2.94770277922009,0.0,0,0.5,-6.986446666666667,low,0.7,3,0.8888888888888888,False,NOERROR,0,,0,2,False,False,0,,,,"Cloudflare, Inc.",15,365,True,,,False,,benign,no_adverse_signal
jessicacruz.com.br,2026-07-19,18,3.095795255000934,0.0,0,0.5714285714285714,-7.14601052631579,low,0.4706,2,0.8181818181818182,True,NOERROR,1,14400,1,3,True,False,0,211305,BR,True,,1516,5114,False,,False,False,False,benign,no_adverse_signal
00740.cn,2026-07-19,8,1.3709505944546687,0.625,0,0.0,-10.9934,low,0.25,0,0.6,False,timeout,0,,0,0,False,False,0,,,,武汉物与伦比科技有限公司,385,730,False,,,False,,benign,no_adverse_signal
mysuccubus.app,2026-07-19,14,2.4464393446710155,0.0,0,0.42857142857142855,-7.8820411764705876,low,0.4706,3,0.6,True,NOERROR,2,32,0,4,False,False,0,,US,False,,,,False,0,False,False,,benign,no_adverse_signal
27spices.co.uk,2026-07-19,14,2.75,0.14285714285714285,0,0.5,-7.960930769230769,low,0.5882,2,0.875,True,NOERROR,2,300,0,2,False,False,2,13335,US,False,"Namecheap, Inc. [Tag = NAMECHEAP-INC]",16,365,False,,False,False,,benign,no_adverse_signal
fotile.co.uk,2026-07-19,12,2.584962500721156,0.0,0,1.0,-6.710177777777777,low,0.6667,1,1.0,True,NOERROR,1,10800,0,0,False,False,0,14618,US,True,"Dynadot, LLC t/a Dynadot [Tag = DYNADOT]",17,365,False,,False,False,,benign,no_adverse_signal
tongxunfanyi.com.cn,2026-07-19,19,3.188721875540867,0.0,0,0.5,-7.830952380952381,low,0.5,3,0.8333333333333334,False,timeout,0,,0,0,False,False,0,,,,武汉物与伦比科技有限公司,386,730,False,,,False,,benign,no_adverse_signal
qisoclean.net,2026-07-19,13,3.169925001442312,0.0,0,0.8,-7.128979999999999,low,0.5333,2,1.0,True,NOERROR,2,600,0,2,False,False,0,16509,US,True,"GoDaddy.com, LLC",5,365,False,35,False,False,,benign,no_adverse_signal
r-com.jp,2026-07-19,8,2.321928094887362,0.0,1,0.3333333333333333,-7.065971428571428,low,0.6667,1,1.0,True,NOERROR,1,3600,1,5,True,False,0,131965,JP,True,,8,383,False,,False,False,False,benign,no_adverse_signal
audiosphera.net,2026-07-19,15,3.2776134368191165,0.0,0,1.2,-6.806242105263158,low,0.625,3,0.9090909090909091,True,NOERROR,1,86400,0,2,False,False,0,16509,US,True,"TUCOWS.COM, CO.",1470,1826,True,0,False,False,,benign,no_adverse_signal
emulatorgames.cc,2026-07-19,16,3.238901256602631,0.0,0,0.8571428571428571,-6.528547826086957,low,0.5455,2,0.7692307692307693,True,NOERROR,2,300,0,2,False,False,2,13335,US,False,"Spaceship, Inc.",5,365,False,,False,False,,benign,no_adverse_signal
gradio.me,2026-07-19,9,2.584962500721156,0.0,0,1.0,-6.275977777777778,low,0.7273,2,1.0,True,NOERROR,2,300,0,2,False,False,2,13335,US,False,"Spaceship, Inc.",16,365,True,,False,False,,benign,no_adverse_signal
lemalerbe.it,2026-07-19,12,2.4193819456463714,0.0,0,0.8,-6.44944,low,0.5714,2,0.6666666666666666,True,NOERROR,2,300,0,2,False,False,2,13335,US,False,Hosting Concepts B.V.,7,364,True,,False,False,,benign,no_adverse_signal
kjch.cn,2026-07-19,7,2.0,0.0,0,0.0,-9.66338,low,0.4444,4,1.0,False,NOERROR,0,,0,4,False,False,0,,,,北京新网数码信息技术有限公司,15,365,False,,,False,,benign,no_adverse_signal
starch.pw,2026-07-19,9,2.584962500721156,0.0,0,0.2,-5.895577777777778,low,0.6667,3,1.0,True,NOERROR,1,3600,0,2,False,False,0,14618,US,True,"GoDaddy.com, LLC",13,365,False,0,False,False,,benign,no_adverse_signal
ttshpop.shop,2026-07-19,12,2.2359263506290326,0.0,0,0.16666666666666666,-7.772872727272727,low,0.5714,5,0.7142857142857143,False,NOERROR,0,,0,2,False,False,0,,,,,,,False,,,False,,benign,no_adverse_signal
h4915.cn,2026-07-19,8,2.321928094887362,0.5,0,0.0,-11.210985714285714,low,0.25,1,1.0,True,NOERROR,1,600,0,2,False,False,0,54600,US,False,商中在线科技股份有限公司,17,365,False,,False,False,,benign,no_adverse_signal
conectoffice.com.br,2026-07-19,19,2.688721875540867,0.0,0,0.7142857142857143,-6.476504761904762,low,0.6667,2,0.5833333333333334,False,NOERROR,0,,1,2,True,False,0,,,,,13,,False,,,False,,benign,no_adverse_signal
jmservicos.com.br,2026-07-19,17,3.121928094887362,0.0,0,0.42857142857142855,-6.89054705882353,low,0.6957,3,0.9,True,NOERROR,1,1787,1,3,True,False,0,7162,BR,False,,6250,6574,False,,False,False,False,benign,no_adverse_signal
uznemsana.lv,2026-07-19,12,2.725480556997868,0.0,0,0.8,-7.6445,low,0.5,2,0.7777777777777778,True,NOERROR,1,600,1,2,False,False,0,396982,US,True,,,,False,,False,False,,benign,no_adverse_signal
sekmesratas.lt,2026-07-19,14,2.663532754804255,0.0,0,0.5714285714285714,-7.151136842105263,low,0.4706,2,0.6363636363636364,True,NOERROR,1,1800,1,2,True,False,0,212531,LT,True,,6,366,False,,False,False,False,benign,no_adverse_signal
norigerkitchen.ru,2026-07-19,17,3.2359263506290334,0.0,0,0.5555555555555556,-6.65708,low,0.5,3,0.7142857142857143,True,NOERROR,1,300,0,2,False,False,0,211381,NL,True,REGRU-RU,5,365,False,0,False,False,,benign,no_adverse_signal
wh.gd.cn,2026-07-19,8,1.0,0.0,0,0.0,,low,,2,1.0,True,NOERROR,1,1,0,2,False,False,0,40065,US,False,成都飞数科技有限公司,5,365,False,0,False,False,,benign,no_adverse_signal
travoxy.in,2026-07-19,10,2.807354922057604,0.0,0,0.4,-7.231563636363637,low,0.5,2,1.0,True,NOERROR,1,50,0,2,False,False,0,47583,CY,False,"HOSTINGER operations, UAB",18,731,False,32,False,False,,benign,no_adverse_signal
cardiokids.de,2026-07-19,13,2.921928094887362,0.0,0,0.6666666666666666,-6.91135294117647,low,0.5882,2,0.8,True,NOERROR,1,60,0,0,False,False,0,47846,DE,False,,,,False,13,False,False,,benign,no_adverse_signal
wenmijiayuan.cn,2026-07-19,15,3.084962500721156,0.0,0,1.0,-8.066233333333333,low,0.4706,2,0.75,True,NOERROR,2,300,0,2,False,False,2,13335,US,False,北京新网数码信息技术有限公司,8,365,False,,False,False,,benign,no_adverse_signal
echowiekow.pl,2026-07-19,13,2.721928094887362,0.0,0,1.0,-7.506911764705882,low,0.5263,2,0.7,True,NOERROR,2,300,3,2,True,False,2,13335,US,False,Realtime Register B.V.,5,365,False,,False,False,False,benign,no_adverse_signal
mdi546.ru,2026-07-19,9,2.584962500721156,0.3333333333333333,0,0.5,-11.002888888888888,low,0.5455,2,1.0,True,NOERROR,1,3600,2,2,True,False,0,29182,RU,True,ARDIS-RU,4,365,False,,False,True,False,malicious,spamhaus_dbl
mega788g.live,2026-07-19,13,2.5,0.23076923076923078,0,0.6666666666666666,-9.245269230769232,low,0.4615,1,0.75,True,NOERROR,2,300,0,2,False,False,2,13335,US,False,,,,False,,False,False,,benign,no_adverse_signal
guyongquan.cn,2026-07-19,13,2.721928094887362,0.0,0,0.6666666666666666,-8.045088235294118,low,0.4444,3,0.7,True,NOERROR,1,600,0,2,False,False,0,58061,US,False,阿里云计算有限公司（万网）,16,365,False,,False,False,,benign,no_adverse_signal
stayyoung.cn,2026-07-19,12,2.94770277922009,0.0,0,0.5,-7.2735666666666665,low,0.625,2,0.8888888888888888,True,NOERROR,1,600,0,2,False,True,0,45102,HK,False,贵州中域智科网络技术有限公司,17,365,False,,False,False,,benign,no_adverse_signal
mwvix.my,2026-07-19,8,2.321928094887362,0.0,0,0.25,-9.883385714285714,low,0.5,3,1.0,True,NOERROR,2,600,0,2,False,True,0,36352,US,True,"Dynadot, LLC",4,365,True,,False,True,,malicious,spamhaus_dbl
sxshjhyxh.cn,2026-07-19,12,2.197159723424149,0.0,0,0.0,-10.840746666666666,low,0.375,9,0.5555555555555556,True,NOERROR,1,900,0,2,False,False,0,152194,SG,False,昆明乐网数码科技有限公司,6,365,False,,True,True,,malicious,spamhaus_zen
aryel.ca,2026-07-19,8,2.321928094887362,0.0,0,0.6666666666666666,-7.4321,low,0.6,2,1.0,True,NOERROR,2,600,0,2,False,False,0,16509,US,True,"Go Daddy Domains Canada, Inc",5,365,False,35,False,False,,benign,no_adverse_signal
jooraneh.ir,2026-07-19,11,2.75,0.0,0,1.0,-6.776846153846154,low,0.5714,1,0.875,True,NOERROR,1,300,0,0,False,False,0,207680,IR,False,,,,False,0,False,False,,benign,no_adverse_signal
584ladvl.top,2026-07-19,12,2.75,0.25,0,0.25,-10.070453846153846,high,0.4286,3,0.875,True,NOERROR,1,10,0,2,False,True,0,209242,US,True,Dynadot LLC,4,365,True,,False,True,,malicious,spamhaus_dbl
sam-automation.de,2026-07-19,17,3.039148671903071,0.0,1,1.1666666666666667,-6.703476,low,0.56,1,0.6428571428571429,True,NOERROR,1,3600,0,3,False,False,0,48596,DE,False,,,,False,,False,False,,benign,no_adverse_signal
lzid.cn,2026-07-19,7,2.0,0.0,0,0.3333333333333333,-9.10866,low,0.6,2,1.0,False,NOERROR,0,,0,2,False,False,0,,,,阿里巴巴云计算（北京）有限公司,4,365,False,,,False,,benign,no_adverse_signal
airconditionerservice.in,2026-07-19,24,3.27280432733462,0.0,0,0.9090909090909091,-6.175164102564103,low,0.5294,2,0.5238095238095238,True,NOERROR,2,300,0,2,False,False,0,16509,US,True,"Spaceship, Inc.",9,365,False,0,False,False,,benign,no_adverse_signal
2nme.shop,2026-07-19,9,2.0,0.1111111111111111,0,0.5,-9.49786,low,0.75,2,1.0,True,NOERROR,6,60,0,2,False,True,0,8075,KR,False,,,,False,0,True,True,,malicious,spamhaus_zen
mycams.co.in,2026-07-19,12,2.2516291673878226,0.0,0,0.2,-7.116444444444444,low,0.6154,3,0.8333333333333334,True,NOERROR,2,600,2,2,True,False,0,16509,US,True,GoDaddy,24,365,False,35,False,False,False,benign,no_adverse_signal
localcircle.in,2026-07-19,14,2.59490661824394,0.0,0,0.5714285714285714,-7.075936842105263,low,0.5882,3,0.6363636363636364,True,NOERROR,1,3600,0,2,False,False,0,13335,DE,True,#1 Indian Domains dba Mitsu.in,17,365,False,49,False,False,,benign,no_adverse_signal
acrfinder.fun,2026-07-19,13,2.94770277922009,0.0,0,0.5,-6.841513333333333,low,0.625,3,0.8888888888888888,True,NOERROR,2,1800,0,2,False,False,0,16509,US,False,"Name.com, Inc.",4,365,False,,False,False,,benign,no_adverse_signal
spotik-russia.ru,2026-07-19,16,3.180832987205441,0.0,1,0.7142857142857143,-7.234760869565217,low,0.5,2,0.7692307692307693,True,NOERROR,1,86400,0,2,False,False,0,49505,RU,True,REGRU-RU,3,365,False,,True,False,,malicious,spamhaus_zen
youniyun.cn,2026-07-19,11,2.25,0.0,0,1.0,-7.399761538461538,low,0.6154,1,0.625,True,NOERROR,1,900,0,4,False,False,0,135097,SC,False,云南蓝队云计算有限公司,17,365,False,,False,False,,benign,no_adverse_signal
29hoki.co,2026-07-19,9,2.584962500721156,0.2222222222222222,0,1.0,-9.111344444444445,low,0.4615,1,1.0,True,NOERROR,2,300,0,2,False,False,2,13335,US,False,"Spaceship, Inc.",5,365,False,0,False,False,,benign,no_adverse_signal
zerawalpole.com.au,2026-07-19,18,2.9139770731827523,0.0,0,0.8333333333333334,-6.847289473684211,low,0.5556,2,0.7272727272727273,True,NOERROR,1,900,5,4,True,False,0,55803,AU,True,Domain Directors Pty Ltd trading as Instra,,,False,,False,False,False,benign,no_adverse_signal
thumbhelp.cn,2026-07-19,12,2.94770277922009,0.0,0,0.2857142857142857,-8.115153333333334,low,0.6667,3,0.8888888888888888,False,timeout,0,,0,2,False,False,0,,,,上海福虎信息科技有限公司,14,365,False,,,False,,benign,no_adverse_signal
viviendasbaratas.es,2026-07-19,19,3.125,0.0,0,0.7777777777777778,-6.58258275862069,low,0.4667,2,0.625,True,NOERROR,2,300,1,2,True,False,2,13335,US,False,,,,False,,False,False,False,benign,no_adverse_signal
easymetrics.online,2026-07-19,18,3.0957952550009344,0.0,0,0.5714285714285714,-6.691984210526316,medium,0.6364,3,0.8181818181818182,True,NOERROR,1,86400,0,2,False,False,0,,RU,False,Registrar of Domain Names REG.RU LLC,4,365,False,,False,False,,benign,no_adverse_signal
groberioadvogados.com.br,2026-07-19,24,3.146286370662105,0.0,0,0.8888888888888888,-7.113312903225807,low,0.4667,2,0.5882352941176471,True,NOERROR,2,1800,0,2,False,False,0,16509,US,False,,5,731,False,0,False,False,,benign,no_adverse_signal
zofan.top,2026-07-19,9,2.321928094887362,0.0,0,0.6666666666666666,-7.634314285714287,high,0.6667,1,1.0,True,NOERROR,1,300,0,2,False,False,0,16509,JP,True,"Spaceship, Inc.",4,365,True,,False,False,,benign,no_adverse_signal
anongnong.cn,2026-07-19,12,1.836591668108979,0.0,0,0.5,-6.807273333333333,low,0.5,3,0.4444444444444444,False,NOERROR,0,,0,2,False,False,0,,,,广东时代互联科技有限公司,16,365,False,,,False,,benign,no_adverse_signal
becealejandro.es,2026-07-19,16,3.180832987205441,0.0,0,0.8571428571428571,-7.046665217391304,low,0.5714,3,0.7692307692307693,True,NOERROR,2,300,0,2,False,False,2,13335,US,False,,,,False,,False,False,,benign,no_adverse_signal
xnnwen54.vip,2026-07-19,12,2.4056390622295662,0.16666666666666666,0,0.2,-9.815523076923077,low,0.4444,4,0.75,True,NOERROR,2,300,0,2,False,False,2,13335,US,False,"NameSilo, LLC",4,365,True,,False,False,,benign,no_adverse_signal
heimalanmansikat.fi,2026-07-19,19,3.125,0.0,0,0.7777777777777778,-6.720241379310345,low,0.4615,2,0.625,True,NOERROR,1,900,0,3,False,False,0,206834,DE,False,Registrar.eu,15,365,False,0,False,False,,benign,no_adverse_signal
easypage.ca,2026-07-19,11,2.5,0.0,0,1.0,-7.055461538461539,low,0.6154,3,0.75,True,NOERROR,1,604800,0,0,False,False,0,14061,CA,False,Grape Inc.,403,730,True,,False,False,,benign,no_adverse_signal
thaishirt.fr,2026-07-19,12,2.5032583347756456,0.0,0,0.5,-6.781446666666667,low,0.5882,2,0.6666666666666666,True,NOERROR,1,3600,2,4,True,False,1,8560,DE,True,IONOS SE,3,364,False,,False,False,False,benign,no_adverse_signal
dresslove.com.tr,2026-07-19,16,2.725480556997868,0.0,0,0.5,-6.59026,low,0.5556,3,0.7777777777777778,True,NOERROR,1,3600,0,0,False,False,0,51557,TR,False,,11,364,True,0,False,False,,benign,no_adverse_signal
alavancahospitallity.com.br,2026-07-19,27,3.303701696057348,0.0,0,0.6666666666666666,-6.6096594594594595,low,0.4571,2,0.6,True,NOERROR,2,120,0,4,False,False,0,16509,DE,True,,9,365,False,,False,False,,benign,no_adverse_signal
sharpeningshop.co.uk,2026-07-19,20,3.2359263506290334,0.0,0,0.4,-6.611416,low,0.5833,4,0.7142857142857143,True,NOERROR,2,300,0,2,False,False,2,13335,US,False,Porkbun LLC [Tag = PORKBUN],12,365,False,,False,False,,benign,no_adverse_signal
seachem.eu,2026-07-19,10,2.5216406363433186,0.0,0,0.75,-6.406390909090908,low,0.6316,2,0.8571428571428571,False,NOERROR,0,,0,3,False,False,0,,,,Rackhost Zrt.,,,False,,,False,,benign,no_adverse_signal
toksweb.xyz,2026-07-19,11,2.807354922057604,0.0,0,0.4,-7.292481818181818,high,0.5,3,1.0,False,NXDOMAIN,0,,0,0,False,False,0,,,,"OwnRegistrar, Inc.",4,365,False,,,False,,benign,no_adverse_signal
strategenie.io,2026-07-19,14,2.845350936622437,0.0,0,0.8333333333333334,-6.294068421052631,low,0.5882,3,0.7272727272727273,True,NOERROR,2,300,0,2,False,False,2,13335,US,False,"Spaceship, Inc.",6,365,True,,False,False,,benign,no_adverse_signal
digimonworld.de,2026-07-19,15,3.0849625007211556,0.0,0,0.5,-6.987576190476191,low,0.5263,3,0.75,True,NOERROR,1,14400,2,3,True,False,1,24940,DE,True,,,,False,0,False,False,False,benign,no_adverse_signal
oklahomaboardofdlnc.org,2026-07-19,23,3.3660913291191914,0.0,0,0.5833333333333334,-7.922365714285714,low,0.4138,5,0.631578947368421,True,NOERROR,2,10800,2,2,True,False,2,14618,US,True,"TurnCommerce, Inc. DBA NameBright.com",377,730,False,,False,False,False,benign,no_adverse_signal
855359.cc,2026-07-19,9,1.7924812503605778,0.6666666666666666,0,0.0,-11.530811111111111,low,0.2222,0,0.6666666666666666,True,NOERROR,6,300,5,2,True,False,0,133199,HK,False,NAMECHEAP INC,12,365,True,,False,False,False,benign,no_adverse_signal
commercialrefrigeration.co.uk,2026-07-19,29,3.414441303694973,0.0,0,0.7692307692307693,-6.627988372093022,low,0.4706,2,0.5217391304347826,True,NOERROR,1,14400,1,2,True,False,1,41000,GB,True,Darren Cunningham [Tag = CUNNINGHAM],3728,4017,False,,False,False,False,benign,no_adverse_signal
iuwhiuop.cn,2026-07-19,11,2.5,0.0,0,1.6666666666666667,-9.646930769230769,low,0.5455,2,0.75,True,NOERROR,1,600,0,2,False,False,0,58061,US,False,深圳市万维网信息技术有限公司,10,365,False,,False,False,,benign,no_adverse_signal
roastart.ro,2026-07-19,11,2.25,0.0,0,0.6,-6.145776923076923,low,0.625,2,0.625,False,SERVFAIL,0,,0,0,False,False,0,,,,Cloud Data Hosting SRL,6,,False,,,False,,benign,no_adverse_signal
foox-clinic.ru,2026-07-19,14,2.9139770731827523,0.0,1,0.6666666666666666,-7.098326315789474,low,0.5263,2,0.7272727272727273,True,NOERROR,1,86400,0,2,False,False,0,197695,RU,False,REGRU-RU,4,365,False,2,False,False,,benign,no_adverse_signal
seoca.com.ar,2026-07-19,12,2.321928094887362,0.0,0,1.5,-7.0649999999999995,low,0.5455,1,1.0,True,NOERROR,1,1800,2,2,True,False,1,47583,BR,False,nicar,1482,1842,False,,False,False,False,benign,no_adverse_signal
marketingtime.in,2026-07-19,16,3.085055102756477,0.0,0,0.625,-6.301608695652175,low,0.5455,3,0.6923076923076923,False,NOERROR,0,,0,2,False,False,0,,,,"Dynadot, LLC",11,365,False,,,False,,benign,no_adverse_signal
barpixel.com.br,2026-07-19,15,3.0,0.0,0,0.6,-7.453915384615384,low,0.5333,2,1.0,True,NOERROR,1,14400,1,2,True,False,0,31898,BR,True,,5516,6210,False,,False,False,False,benign,no_adverse_signal
d7ecpnb3.top,2026-07-19,12,3.0,0.16666666666666666,0,0.2,-10.8043,high,0.5333,4,1.0,True,NOERROR,3,60,0,2,False,True,0,138995,US,False,Dominet (HK) Limited,4,365,True,,True,True,,malicious,spamhaus_zen
feuar-lishengsports.com.cn,2026-07-19,26,3.7871439606981383,0.0,1,0.5,-7.113828571428572,low,0.5,4,0.7894736842105263,True,NOERROR,1,600,0,2,False,False,0,58658,US,False,北京新网数码信息技术有限公司,9,365,False,,False,False,,benign,no_adverse_signal
wisbech-engineering.co.uk,2026-07-19,25,3.221097250057957,0.0,1,0.6363636363636364,-6.898885714285715,low,0.4375,2,0.5789473684210527,True,NOERROR,2,300,0,2,False,False,2,13335,US,False,"Namecheap, Inc. [Tag = NAMECHEAP-INC]",17,365,False,,False,False,,benign,no_adverse_signal
archimind.eu,2026-07-19,12,2.94770277922009,0.0,0,0.5,-6.36034,low,0.625,3,0.8888888888888888,True,NOERROR,2,300,0,2,False,False,2,13335,US,False,"HOSTINGER operations, UAB",,,False,,False,False,,benign,no_adverse_signal
bochka.me,2026-07-19,9,2.584962500721156,0.0,0,0.5,-7.825733333333334,low,0.6,3,1.0,True,NOERROR,2,300,0,2,False,False,2,13335,US,False,NAMECHEAP INC,16,365,True,,False,False,,benign,no_adverse_signal
slotmachinesonline.me.uk,2026-07-19,24,3.3502090290998976,0.0,0,0.6363636363636364,-6.229581818181818,low,0.6207,2,0.6111111111111112,False,NOERROR,0,,0,2,False,False,0,,,,"Namecheap, Inc. [Tag = NAMECHEAP-INC]",17,365,False,,,False,,benign,no_adverse_signal
pandamart.eu,2026-07-19,12,2.6416041678685933,0.0,0,0.5,-6.024033333333334,low,0.625,2,0.7777777777777778,True,NOERROR,1,60,1,4,False,False,0,16509,IE,True,Aruba S.p.A.,,,False,0,False,False,False,benign,no_adverse_signal
fjzzjy.cn,2026-07-19,9,1.9182958340544893,0.0,0,0.0,-11.621344444444444,low,0.3333,6,0.6666666666666666,True,NOERROR,2,300,0,2,False,False,2,13335,US,False,北京新网数码信息技术有限公司,8,365,False,,False,False,,benign,no_adverse_signal
917.vc,2026-07-19,6,1.584962500721156,0.5,0,0.0,-10.524833333333333,low,0.3333,0,1.0,True,NOERROR,1,3600,0,2,False,False,0,8796,US,False,Dynadot Inc,13,365,False,,False,False,,benign,no_adverse_signal
my-indigo.ca,2026-07-19,12,2.94770277922009,0.0,1,0.6,-7.160833333333333,low,0.5,2,0.8888888888888888,True,NOERROR,1,1799,5,2,True,False,0,14061,SG,False,Go Get Canada Domain Registrar Ltd.,11,365,False,,False,False,False,benign,no_adverse_signal
fndd.cc,2026-07-19,7,1.5,0.0,0,0.0,-8.69498,low,0.6,4,0.75,True,NOERROR,1,300,0,2,False,False,0,45102,HK,False,Dynadot Inc,5,365,False,,False,False,,benign,no_adverse_signal
salamatsho.ir,2026-07-19,13,2.6464393446710153,0.0,0,0.6666666666666666,-6.366811764705882,low,0.6,3,0.7,True,NOERROR,1,3224,0,0,False,False,0,34918,IR,False,,,,False,0,False,False,,benign,no_adverse_signal
huckleberrybicycles.net,2026-07-19,23,3.326360407952694,0.0,0,0.35714285714285715,-7.4496457142857135,low,0.5333,4,0.5789473684210527,True,NOERROR,1,300,3,3,True,False,0,15348,CA,True,"TUCOWS.COM, CO.",5,365,True,,False,False,False,benign,no_adverse_signal
sonestalgia.net,2026-07-19,15,3.0957952550009344,0.0,0,0.8333333333333334,-6.388731578947369,low,0.6,2,0.8181818181818182,True,NOERROR,2,600,0,2,False,False,0,16509,US,True,"GoDaddy.com, LLC",5,365,False,35,False,False,,benign,no_adverse_signal
fulgorestudio.net,2026-07-19,17,3.3927474104487847,0.0,0,0.8571428571428571,-6.8995999999999995,low,0.64,2,0.8461538461538461,True,NOERROR,1,300,1,2,True,False,0,16509,DE,True,"Arsys Internet, S.L. dba NICLINE.COM",5,365,True,,False,False,False,benign,no_adverse_signal
arg2012.de,2026-07-19,10,2.521640636343318,0.4,0,0.5,-9.19530909090909,low,0.4,2,0.8571428571428571,False,NOERROR,0,,3,2,True,False,0,,,,,,,False,,,False,False,benign,no_adverse_signal
mt-consult.info,2026-07-19,15,3.121928094887362,0.0,1,0.2857142857142857,-7.191694117647059,medium,0.56,2,0.9,True,NOERROR,1,3600,1,2,True,False,1,7506,JP,True,,,,,,False,False,False,benign,no_adverse_signal
c80.co.uk,2026-07-19,9,1.584962500721156,0.2222222222222222,0,0.0,-11.941233333333335,low,0.5,1,1.0,True,NOERROR,1,3600,2,4,True,False,1,8560,DE,True,Ionos SE [Tag = 1AND1],6,365,False,,False,False,False,benign,no_adverse_signal
95x3.cc,2026-07-19,7,2.0,0.42857142857142855,0,0.0,-12.09422,low,0.2857,1,1.0,True,NOERROR,2,300,0,2,False,False,2,13335,US,False,"NameSilo, LLC",18,365,True,,False,False,,benign,no_adverse_signal
trenchcoats.com.au,2026-07-19,18,3.0957952550009344,0.0,0,0.375,-6.970215789473684,low,0.5714,4,0.8181818181818182,True,NOERROR,1,3600,1,2,True,False,0,133618,US,True,DROP.com.au Pty Ltd,,,False,,False,False,False,benign,no_adverse_signal
friendshiptravels.in,2026-07-19,20,3.6168746059562227,0.0,0,0.4166666666666667,-6.813670967741936,low,0.5294,4,0.7647058823529411,True,NOERROR,1,1800,0,2,False,False,1,47583,IN,False,"HOSTINGER operations, UAB",14,365,False,,False,False,,benign,no_adverse_signal
schaakclub.net,2026-07-19,14,2.9219280948873623,0.0,0,0.42857142857142855,-7.6258,low,0.5,3,0.8,True,NOERROR,2,300,1,2,True,False,2,13335,US,False,DropCatch.com 788 LLC,5,365,True,,False,False,False,benign,no_adverse_signal
cbmetrics.net,2026-07-19,13,2.94770277922009,0.0,0,0.2857142857142857,-7.220693333333333,low,0.5882,3,0.8888888888888888,True,NOERROR,1,1799,5,2,True,False,0,24940,DE,True,NAMECHEAP INC,5,365,True,,False,False,False,benign,no_adverse_signal
tiki.lk,2026-07-19,7,1.5,0.0,0,1.0,-6.742019999999999,low,0.6,1,0.75,True,NOERROR,1,300,0,0,False,True,0,59253,SG,False,,,,,,False,False,,benign,no_adverse_signal
crryx58.garden,2026-07-19,14,2.5216406363433186,0.14285714285714285,0,0.0,-10.192063636363637,low,0.4286,5,0.8571428571428571,True,NOERROR,1,6,0,2,False,False,0,209242,US,False,Dynadot Inc,4,365,True,,True,False,,malicious,spamhaus_zen
mtlpresse.ca,2026-07-19,12,2.725480556997868,0.0,0,0.2857142857142857,-7.250306666666666,low,0.6316,5,0.7777777777777778,True,NOERROR,1,50,0,2,False,False,0,47583,CY,False,Open Provider Inc.,10,365,True,32,False,False,,benign,no_adverse_signal
zhongou-gw.com.cn,2026-07-19,17,2.9219280948873623,0.0,1,0.5,-8.245670588235294,low,0.4444,2,0.8,True,NOERROR,1,600,0,2,False,False,0,9294,SC,False,北京新网数码信息技术有限公司,4,365,False,,False,False,,benign,no_adverse_signal
ck6.ca,2026-07-19,6,1.584962500721156,0.16666666666666666,0,0.0,-10.190466666666667,low,0.5,2,1.0,True,NOERROR,1,86400,3,2,True,False,0,15169,US,True,Go Get Canada Domain Registrar Ltd.,44,365,True,,False,False,False,benign,no_adverse_signal
jepacar.shop,2026-07-19,12,2.521640636343318,0.0,0,0.75,-6.924409090909091,low,0.5,1,0.8571428571428571,True,NOERROR,1,10800,0,2,False,False,0,26496,SG,True,,,,False,,False,False,,benign,no_adverse_signal
thecoachvault.co.uk,2026-07-19,19,3.0850551027564768,0.0,0,0.625,-7.4405913043478265,low,0.5,3,0.6923076923076923,True,NOERROR,2,600,0,2,False,False,0,16509,US,True,123-Reg Limited t/a 123-reg [Tag = 123-REG],7,365,False,17,False,False,,benign,no_adverse_signal
lowkeycoffee.co.uk,2026-07-19,18,2.8553885422075336,0.0,0,0.7142857142857143,-7.905038095238095,low,0.4444,2,0.6666666666666666,True,NOERROR,2,600,0,2,False,False,0,16509,US,True,"GoDaddy.com, LLC. [Tag = GODADDY]",6,365,False,35,False,False,,benign,no_adverse_signal
vvez.cn,2026-07-19,7,1.5,0.0,0,0.3333333333333333,-8.94922,low,0.5,2,0.75,False,NOERROR,0,,0,2,False,False,0,,,,阿里云计算有限公司（万网）,4,365,False,,,False,,benign,no_adverse_signal
compasswellness24.click,2026-07-19,23,3.3815804883091634,0.08695652173913043,0,0.36363636363636365,-7.15323870967742,medium,0.4348,3,0.7058823529411765,True,NOERROR,2,300,0,2,False,False,2,13335,US,False,"Dynadot, LLC",4,365,False,,False,False,,benign,no_adverse_signal
snevo.info,2026-07-19,10,2.321928094887362,0.0,0,0.6666666666666666,-7.3288142857142855,medium,0.5,2,1.0,True,NOERROR,2,300,2,3,True,False,0,2635,US,False,,,,,,False,False,False,benign,no_adverse_signal
yoga-huuk.de,2026-07-19,12,2.9477027792200903,0.0,1,1.0,-8.636426666666667,low,0.5714,1,0.8888888888888888,True,NOERROR,1,3600,0,3,False,False,0,62121,DK,True,,,,False,,False,False,,benign,no_adverse_signal
mrsemsar.ma,2026-07-19,11,2.25,0.0,0,0.3333333333333333,-7.414946153846154,low,0.5556,3,0.625,True,NOERROR,1,3600,0,4,False,False,0,16509,US,False,NINDO HOST,4,365,False,0,False,False,,benign,no_adverse_signal
3064.eu.cc,2026-07-19,10,1.0,0.4,0,2.0,,low,,0,1.0,True,NOERROR,1,600,0,2,False,False,0,132839,ZA,False,Gname.com Pte. Ltd.,10508,12217,True,,False,True,,malicious,spamhaus_dbl
damiens.ca,2026-07-19,10,2.807354922057604,0.0,0,0.75,-6.572563636363637,low,0.6,2,1.0,True,NOERROR,2,300,0,2,False,False,2,13335,US,False,Open Provider Inc.,18,365,True,,False,False,,benign,no_adverse_signal
94922.uk,2026-07-19,8,1.5219280948873621,0.625,0,0.0,-10.961157142857143,low,0.25,0,0.6,False,timeout,0,,0,0,False,True,0,,,,"Dynadot, LLC t/a Dynadot [Tag = DYNADOT]",5,365,False,,,True,,malicious,spamhaus_dbl
softbasket.store,2026-07-19,16,2.9219280948873623,0.0,0,0.42857142857142855,-7.154176470588235,low,0.7368,3,0.8,True,NOERROR,1,300,3,2,True,False,0,13335,CA,True,,,,False,0,False,False,False,benign,no_adverse_signal
monagraphie.de,2026-07-19,14,3.277613436819116,0.0,0,0.8333333333333334,-6.751510526315789,low,0.5556,2,0.9090909090909091,True,NOERROR,2,300,0,2,False,False,2,13335,US,False,,,,False,,False,False,,benign,no_adverse_signal
kym-audio.site,2026-07-19,14,3.169925001442312,0.0,1,1.0,-8.073446666666666,medium,0.5333,3,1.0,True,NOERROR,1,21600,1,4,True,False,1,210403,FR,False,Ligne Web Services SAS dba LWS,4,365,False,,False,False,False,benign,no_adverse_signal
megaplumbing.us,2026-07-19,15,3.2516291673878226,0.0,0,0.5,-6.886833333333334,low,0.5263,2,0.8333333333333334,True,NOERROR,2,3600,1,2,True,False,0,16509,US,True,"GoDaddy.com, LLC",4,3653,False,23,False,False,False,benign,no_adverse_signal
nexoshop.de,2026-07-19,11,2.75,0.0,0,0.6,-7.046846153846153,low,0.5333,2,0.875,True,NOERROR,1,3600,0,2,False,False,0,24940,DE,True,,,,False,0,False,False,,benign,no_adverse_signal
onlinemob.ro,2026-07-19,12,2.725480556997868,0.0,0,0.8,-6.085666666666667,low,0.7059,2,0.7777777777777778,True,NOERROR,1,3600,1,2,False,False,0,206834,CA,False,SEO Domains EOOD,4,,False,10,False,False,False,benign,no_adverse_signal
szgoule.cn,2026-07-19,10,2.807354922057604,0.0,0,0.75,-8.648227272727272,low,0.6154,3,1.0,True,NOERROR,1,900,0,2,False,False,0,20387,US,False,北京新网数码信息技术有限公司,11,365,False,,False,False,,benign,no_adverse_signal
baby-hebbedingen.nl,2026-07-19,19,3.077819531114783,0.0,1,0.5,-7.348124137931034,low,0.5185,2,0.625,False,NOERROR,0,,3,2,True,False,0,,,,Gandi,5,,False,,,False,False,benign,no_adverse_signal
studiodeldent.com.br,2026-07-19,20,3.0269868333592873,0.0,0,0.625,-6.553847826086956,low,0.48,2,0.6923076923076923,True,NOERROR,1,50,0,2,False,False,0,47583,CY,False,,12,365,False,32,False,False,,benign,no_adverse_signal
fronteiraoeste.com.br,2026-07-19,21,3.039148671903071,0.0,0,1.0,-6.852519999999999,low,0.6087,2,0.6428571428571429,True,NOERROR,1,3600,2,4,True,False,1,27715,BR,True,,7719,8035,False,,False,False,False,benign,no_adverse_signal
nmhau.cn,2026-07-19,8,2.321928094887362,0.0,0,0.6666666666666666,-8.686014285714284,low,0.5455,3,1.0,True,NOERROR,1,1,0,2,False,False,0,4812,CN,False,上海福虎信息科技有限公司,763,1095,False,,False,False,,benign,no_adverse_signal
gtjyg.skin,2026-07-19,10,1.9219280948873623,0.0,0,0.0,-10.780071428571429,low,0.4444,5,0.8,True,NOERROR,2,300,0,2,False,False,2,13335,US,False,"NameSilo, LLC",4,365,True,,False,False,,benign,no_adverse_signal
golfmedia.eu,2026-07-19,12,3.169925001442312,0.0,0,0.8,-7.215006666666667,low,0.7143,3,1.0,False,NOERROR,0,,0,3,False,False,0,,,,Rackhost Zrt.,,,False,,,False,,benign,no_adverse_signal
propertyinvestments.pl,2026-07-19,22,3.326360407952694,0.0,0,0.35714285714285715,-6.622968571428571,low,0.4516,3,0.5789473684210527,False,SERVFAIL,0,,0,0,False,False,0,,,,Aftermarket.pl Limited,2605,2922,False,,,False,,benign,no_adverse_signal
guiadevoo.com.br,2026-07-19,16,2.9477027792200903,0.0,0,2.0,-7.361806666666666,low,0.5,1,0.8888888888888888,True,NOERROR,1,14400,0,2,False,False,0,16509,US,False,,10,365,False,0,False,False,,benign,no_adverse_signal
matchtech.cn,2026-07-19,12,2.5032583347756456,0.0,0,0.2857142857142857,-6.5261466666666665,low,0.6316,4,0.6666666666666666,False,NOERROR,0,,0,2,False,False,0,,,,阿里云计算有限公司（万网）,15,365,False,,,False,,benign,no_adverse_signal
artmix.kz,2026-07-19,9,2.584962500721156,0.0,0,0.5,-7.089244444444444,low,0.5455,3,1.0,True,NOERROR,1,86323,1,3,True,False,1,48716,KZ,True,,,,,,False,False,False,benign,no_adverse_signal
geluxgelo.com.br,2026-07-19,16,2.5032583347756456,0.0,0,0.8,-7.928546666666667,low,0.5,2,0.6666666666666666,True,NOERROR,1,3600,1,2,True,False,0,53107,BR,True,,32,365,False,,False,False,False,benign,no_adverse_signal
jarvisentrega.com.br,2026-07-19,20,3.238901256602631,0.0,0,0.625,-6.478208695652174,low,0.5263,3,0.7692307692307693,True,NOERROR,2,300,1,2,True,False,2,13335,US,False,,398,730,False,,False,False,,benign,no_adverse_signal
feds.pics,2026-07-19,9,2.0,0.0,0,0.3333333333333333,-7.22498,low,0.6,2,1.0,True,NOERROR,2,300,0,2,False,False,2,13335,US,False,"Spaceship, Inc.",4,365,False,,False,False,,benign,no_adverse_signal
legend-of-vox-machina-lordfilm.ru,2026-07-19,33,3.856564762130954,0.0,4,0.5294117647058824,-7.684970175438596,low,0.3721,3,0.5333333333333333,True,NOERROR,1,600,2,6,True,False,0,198610,RU,True,BEGET-RU,4,365,False,,False,False,False,benign,no_adverse_signal
husenji.cn,2026-07-19,10,2.807354922057604,0.0,0,0.75,-7.431781818181818,low,0.6154,2,1.0,False,NOERROR,0,,0,4,False,False,0,,,,北京新网数码信息技术有限公司,15,365,False,,,False,,benign,no_adverse_signal
890925609487.xyz,2026-07-19,16,2.8553885422075336,0.75,0,0.0,-11.374490476190475,high,0.2667,0,0.6666666666666666,False,NOERROR,0,,0,2,False,False,0,,,,"GoDaddy.com, LLC",4,365,False,,,False,,benign,no_adverse_signal
100ziyou.cn,2026-07-19,11,2.75,0.2727272727272727,0,1.5,-9.792876923076923,low,0.4615,1,0.875,True,NOERROR,1,1,0,2,False,False,0,133744,US,False,深圳市万维网信息技术有限公司,13,365,False,0,False,False,,benign,no_adverse_signal
growth-labs.de,2026-07-19,14,3.459431618637298,0.0,1,0.25,-7.8665157894736835,low,0.6,3,1.0,True,NOERROR,1,60,1,0,False,False,0,47846,DE,False,,,,False,13,False,False,,benign,no_adverse_signal
pro-pet.com.co,2026-07-19,14,2.5216406363433186,0.0,1,0.5,-7.331772727272727,low,0.5882,2,0.8571428571428571,True,NOERROR,2,300,0,2,False,False,2,13335,US,False,"Spaceship, Inc.",11,365,False,,False,False,,benign,no_adverse_signal
aleksandr-zotov.ru,2026-07-19,18,3.640223928941852,0.0,1,0.5555555555555556,-7.625248148148148,low,0.4545,3,0.8666666666666667,False,NOERROR,0,,1,2,True,False,0,,,,REGRU-RU,4,365,False,,,False,False,benign,no_adverse_signal
52nu.cc,2026-07-19,7,2.0,0.2857142857142857,0,1.0,-11.16836,low,0.5714,1,1.0,True,NOERROR,2,60,0,2,False,True,0,16509,HK,True,Gname.com Pte. Ltd.,13,365,True,,False,False,,benign,no_adverse_signal
artcyclone.com.tw,2026-07-19,17,3.121928094887362,0.0,0,0.42857142857142855,-6.89444705882353,low,0.5333,6,0.9,True,NOERROR,1,3600,1,4,True,False,0,131626,TW,True,HINET,6614,6939,True,,False,False,False,benign,no_adverse_signal
wytworni.pl,2026-07-19,11,2.75,0.0,0,0.3333333333333333,-7.8969538461538455,low,0.625,4,0.875,True,NOERROR,1,900,0,2,False,False,0,16276,FR,True,DD sp. z o.o.,4,365,False,,False,False,,benign,no_adverse_signal
kaox-wending.com.cn,2026-07-19,19,3.4182958340544896,0.0,1,0.5714285714285714,-7.566809523809523,low,0.5714,2,0.9166666666666666,True,NOERROR,1,600,0,2,False,False,0,58658,US,False,北京新网数码信息技术有限公司,6,365,False,,False,False,,benign,no_adverse_signal
nostradamusai.app,2026-07-19,17,3.180832987205441,0.0,0,0.8571428571428571,-6.499834782608695,low,0.5455,3,0.7692307692307693,True,NOERROR,4,3600,0,3,True,False,0,24940,DE,True,,,,False,,False,False,,benign,no_adverse_signal
portalempresarial.com.br,2026-07-19,24,3.175123135113461,0.0,0,0.7,-6.2443709677419355,low,0.5185,3,0.5882352941176471,False,NOERROR,0,,1,2,True,False,0,,,,,2680,2922,False,,,False,,benign,no_adverse_signal
pincocazinodostup.ru,2026-07-19,20,3.337175341123077,0.0,0,0.7,-6.884961290322581,low,0.5,2,0.6470588235294118,True,NOERROR,1,3600,0,2,True,False,0,59692,AE,True,DOMAINSHOP-RU,4,365,False,0,False,False,,benign,no_adverse_signal
bambu.store,2026-07-19,11,1.9219280948873623,0.0,0,0.6666666666666666,-7.4276285714285715,low,0.6,2,0.8,True,NOERROR,1,86400,0,2,False,False,0,16509,US,True,,,,False,0,False,False,,benign,no_adverse_signal
roomee.dk,2026-07-19,9,1.9182958340544896,0.0,0,2.0,-6.5235,low,0.6,1,0.6666666666666666,True,NOERROR,1,3600,1,2,False,False,0,16509,US,False,ONE.COM A/S,8,364,True,,False,False,,benign,no_adverse_signal
moonlightdating.in,2026-07-19,18,3.2402239289418517,0.0,0,0.5,-6.645618518518519,low,0.5,4,0.6666666666666666,True,NOERROR,2,60,2,2,True,False,2,47583,LT,False,GoDaddy,4,365,False,,False,False,False,benign,no_adverse_signal
51blokk.cc,2026-07-19,10,2.521640636343318,0.2,0,0.25,-8.958509090909091,low,0.4615,2,0.8571428571428571,True,NOERROR,1,1,0,2,False,True,0,40065,US,False,"NameSilo, LLC",4,365,True,,False,False,,benign,no_adverse_signal
futurewave.io,2026-07-19,13,2.9219280948873623,0.0,0,1.0,-6.97415294117647,low,0.6087,1,0.8,True,NOERROR,2,3600,1,2,True,False,0,16509,US,True,"Sav.com, LLC",8,365,True,56,False,False,,malicious,abuseipdb
yiryi.wiki,2026-07-19,10,1.5219280948873621,0.0,0,0.6666666666666666,-9.4476,low,0.5,2,0.6,True,NOERROR,1,1,0,2,False,True,0,40065,US,False,"NameSilo, LLC",4,365,True,,False,False,,benign,no_adverse_signal
bblgf.cn,2026-07-19,8,1.9219280948873623,0.0,0,0.0,-9.420385714285715,low,0.5,5,0.8,False,NOERROR,0,,0,2,False,False,0,,,,成都飞数科技有限公司,16,365,False,,,False,,benign,no_adverse_signal
znwph.cn,2026-07-19,8,2.321928094887362,0.0,0,0.0,-9.765500000000001,low,0.5,5,1.0,True,NOERROR,1,1,0,2,False,False,0,4812,CN,False,上海福虎信息科技有限公司,763,1095,False,,False,False,,benign,no_adverse_signal
hakiri.jp,2026-07-19,9,2.251629167387823,0.0,0,1.0,-7.2597,low,0.5,1,0.8333333333333334,True,NOERROR,1,3600,0,3,False,False,0,396982,US,True,,5,380,False,,False,False,,benign,no_adverse_signal
allbrewcoffeeco.cafe,2026-07-19,20,3.0565647621309546,0.0,0,0.6666666666666666,-7.471492592592592,low,0.4348,4,0.6,False,NOERROR,0,,1,4,False,False,0,,,,,,,,,,False,False,benign,no_adverse_signal
mezefriends-neumarktinderoberpfalz.de,2026-07-19,37,3.90320806164768,0.0,1,0.5714285714285714,-7.256858461538462,low,0.4255,3,0.5294117647058824,True,NOERROR,2,300,0,2,False,False,0,16509,IE,True,,,,False,,False,False,,benign,no_adverse_signal
helmixin.life,2026-07-19,13,2.75,0.0,0,0.6,-7.34063076923077,low,0.6154,2,0.875,True,NOERROR,2,60,2,2,True,False,2,47583,LT,False,,,,False,,False,False,False,benign,no_adverse_signal
loansdirect.eu,2026-07-19,14,3.459431618637298,0.0,0,0.5714285714285714,-6.789631578947367,low,0.5833,3,1.0,True,NOERROR,1,900,2,2,True,False,0,48896,PL,True,dhosting.pl Sp. z o.o.,,,False,0,False,False,False,benign,no_adverse_signal
yetfls354.vip,2026-07-19,13,3.169925001442312,0.23076923076923078,0,0.2,-9.496633333333333,low,0.5,4,1.0,False,NXDOMAIN,0,,0,0,False,False,0,,,,,,,False,,,True,,malicious,spamhaus_dbl
sophia.co.kr,2026-07-19,12,2.584962500721156,0.0,0,1.0,-7.500500000000001,low,0.6154,2,1.0,True,NOERROR,1,3600,0,2,False,False,0,4766,KR,False,"Gabia, Inc.(http://www.gabia.co.kr)",8448,8766,False,,False,False,,benign,no_adverse_signal
query.co.kr,2026-07-19,11,2.321928094887362,0.0,0,0.6666666666666666,-7.031357142857144,low,0.9091,2,1.0,True,NOERROR,2,3600,1,2,True,False,0,16509,US,True,"Gabia, Inc.(http://www.gabia.co.kr)",6257,6574,False,56,False,False,,malicious,abuseipdb
yumistore.fr,2026-07-19,12,3.169925001442312,0.0,0,0.8,-6.516513333333333,low,0.5714,2,1.0,True,NOERROR,1,86400,0,4,False,False,1,13335,CA,True,EPAG Domainservices GmbH,3,364,False,,False,False,,benign,no_adverse_signal
