domain,date_collected,domain_length,shannon_entropy,digit_ratio,hyphen_count,vowel_consonant_ratio,ngram_score,tld_risk_category,typosquatting_similarity,longest_consonant_run,unique_char_ratio,resolves_flag,rcode,num_a_records,min_ttl,mx_count,num_ns,has_spf,cname_present,num_aaaa_records,asn,geo_country,ptr_present,registrar,domain_age_days,registration_duration_days,privacy_protection_flag,abuseipdb_score,spamhaus_zen_listed,spamhaus_dbl_listed,mx_spamhaus_zen_listed,label,label_reason
coslus-list.com,2026-07-27,15,2.8453509366224368,0.0,1,0.42857142857142855,-7.189842105263158,low,0.5,2,0.7272727272727273,True,NOERROR,2,300,0,2,False,False,2,13335,US,False,"Vantage of Convergence (Chengdu) Technology Co., Ltd.",3,365,False,0,False,False,,benign,no_adverse_signal
idlewildboutique.com,2026-07-27,20,3.202819531114783,0.0,0,1.0,-7.547286206896551,low,0.5185,3,0.625,True,NOERROR,1,1800,5,2,True,False,0,22612,US,False,NAMECHEAP INC,3,365,True,0,False,False,False,benign,no_adverse_signal
foodipics.com,2026-07-27,13,2.725480556997868,0.0,0,0.8,-7.00368,low,0.5263,2,0.7777777777777778,True,NOERROR,1,1,0,2,False,False,0,139880,SC,False,TuringSign Inc. d/b/a Cosmotown,3,365,False,0,False,False,,benign,no_adverse_signal
andstridemusic.com,2026-07-27,18,3.378783493486176,0.0,0,0.5555555555555556,-6.4782399999999996,low,0.5714,5,0.7857142857142857,True,NOERROR,1,1799,5,2,True,False,0,16509,US,True,NAMECHEAP INC,3,365,True,24,False,False,False,benign,no_adverse_signal
socialsaver.site,2026-07-27,16,3.0957952550009344,0.0,0,0.8333333333333334,-6.650878947368422,medium,0.5455,2,0.8181818181818182,True,NOERROR,5,600,0,2,False,False,5,63949,DE,True,Atom.com Domains LLC,3,365,False,0,False,False,,benign,no_adverse_signal
oasis-sphere.net,2026-07-27,16,3.0220552088742005,0.0,1,0.8333333333333334,-7.035061904761905,low,0.5,3,0.75,False,NOERROR,0,,0,2,False,False,0,,,,Alibaba Cloud Computing Ltd. d/b/a HiChina (www.net.cn),4,365,False,,,False,,benign,no_adverse_signal
polybhandbook.ca,2026-07-27,16,3.180832987205441,0.0,0,0.4444444444444444,-7.3319478260869575,low,0.5,4,0.7692307692307693,False,NOERROR,0,,0,2,False,False,0,,,,CENTRALNIC CANADA INC,4,365,True,,,False,,benign,no_adverse_signal
yuanyang.space,2026-07-27,14,2.25,0.0,0,0.6,-7.188030769230769,low,0.5,2,0.625,True,NOERROR,1,600,0,2,False,False,0,37963,CN,False,Alibaba Cloud Computing Ltd. d/b/a HiChina (www.net.cn),3,365,False,0,True,False,,malicious,spamhaus_zen
whiterabbitband.bond,2026-07-27,20,3.1898980954642875,0.0,0,0.5,-6.756485185185185,low,0.4762,2,0.6666666666666666,True,NOERROR,2,300,0,2,False,False,2,13335,US,False,Gname.com Pte. Ltd.,3,365,True,0,False,False,,benign,no_adverse_signal
pavingcontractorwichita.com,2026-07-27,27,3.4357554339416274,0.0,0,0.5333333333333333,-6.648632558139536,low,0.5,3,0.5217391304347826,True,NOERROR,1,510,1,2,True,False,0,133618,AU,True,"TUCOWS.COM, CO.",3,365,True,0,False,False,False,benign,no_adverse_signal
mweb-ads.ru,2026-07-27,11,3.0,0.0,1,0.4,-7.970176923076924,low,0.5556,2,1.0,True,NOERROR,1,600,2,6,True,False,0,51115,RU,False,BEGET-RU,4,365,False,0,False,False,False,benign,no_adverse_signal
refuerza-t.online,2026-07-27,17,2.9219280948873623,0.0,1,0.8,-8.17884705882353,medium,0.5882,2,0.8,True,NOERROR,2,60,0,2,False,False,2,47583,DE,False,"HOSTINGER operations, UAB",3,365,False,2,False,False,,benign,no_adverse_signal
juliaborrellpsicologia.com,2026-07-27,26,3.481714572986072,0.0,0,0.8333333333333334,-7.070109756097561,low,0.4138,4,0.5909090909090909,True,NOERROR,1,300,0,2,False,False,0,16509,US,True,"Cloudflare, Inc.",3,365,True,24,False,False,,benign,no_adverse_signal
thedraj.com,2026-07-27,11,2.807354922057604,0.0,0,0.4,-6.981781818181818,low,0.5714,2,1.0,True,NOERROR,2,600,0,2,False,False,0,16509,US,True,"GoDaddy.com, LLC",3,365,True,34,False,False,,benign,no_adverse_signal
guafu2.info,2026-07-27,11,2.2516291673878226,0.09090909090909091,0,1.5,-9.07168888888889,medium,0.4444,1,0.8333333333333334,False,NXDOMAIN,0,,0,0,False,False,0,,,,,,,,,,False,,benign,no_adverse_signal
tl8828.com,2026-07-27,10,1.7924812503605778,0.4,0,0.0,-10.346322222222222,low,0.4,2,0.6666666666666666,True,NOERROR,2,10800,0,2,True,False,2,14618,US,True,DropCatch.com 650 LLC,3,365,False,3,False,False,,benign,no_adverse_signal
topoddsradar.com,2026-07-27,16,2.688721875540867,0.0,0,0.5,-7.217066666666667,low,0.4762,4,0.5833333333333334,False,NOERROR,0,,0,2,False,False,0,,,,"Cloudflare, Inc.",3,365,True,,,False,,benign,no_adverse_signal
gunresort.pl,2026-07-27,12,2.94770277922009,0.0,0,0.5,-6.822093333333333,low,0.5556,2,0.8888888888888888,True,NOERROR,1,900,2,2,True,False,0,48896,PL,True,dhosting.pl Sp. z o.o.,10,365,False,0,False,False,False,benign,no_adverse_signal
beachinbread.com,2026-07-27,16,3.084962500721156,0.0,0,0.7142857142857143,-6.6729142857142865,low,0.5263,3,0.75,True,NOERROR,2,600,2,2,True,False,0,16509,US,True,"GoDaddy.com, LLC",3,365,True,34,False,False,False,benign,no_adverse_signal
vaimsa.co.uk,2026-07-27,12,2.2516291673878226,0.0,0,1.0,-7.633255555555555,low,0.6,2,0.8333333333333334,True,NOERROR,1,3600,0,2,False,False,0,14618,US,True,"Namecheap, Inc. t/a Spaceship [Tag = SPACESHIP]",5,365,False,0,False,False,,benign,no_adverse_signal
mcneilranchapts.com,2026-07-27,19,3.5068905956085183,0.0,0,0.36363636363636365,-7.417848148148148,low,0.5217,3,0.8,True,NOERROR,1,3093,1,2,True,False,0,133618,US,True,"TUCOWS.COM, CO.",3,365,True,0,False,False,False,benign,no_adverse_signal
lcgardenservices.co.uk,2026-07-27,22,3.327819531114783,0.0,0,0.45454545454545453,-6.616593103448276,low,0.6897,3,0.6875,True,NOERROR,1,3600,1,3,True,False,0,396982,NL,True,Hosting Concepts B.V. [Tag = REGISTRAR-EU],5,365,False,0,False,False,False,benign,no_adverse_signal
my-digital-vault-estate-planning-hub.pro,2026-07-27,40,3.840083251972111,0.0,5,0.55,-7.2963971014492754,low,0.3404,2,0.4722222222222222,True,NOERROR,1,600,0,2,False,False,0,396982,US,True,,,,,36,False,False,,benign,no_adverse_signal
seeyeah.my.id,2026-07-27,13,2.1280852788913944,0.0,0,1.3333333333333333,-7.836836363636363,low,0.5455,1,0.7142857142857143,False,NOERROR,0,,3,2,True,False,0,,,,,,,False,,,False,False,benign,no_adverse_signal
bespokecutlist.com,2026-07-27,18,3.378783493486176,0.0,0,0.5555555555555556,-6.854528,low,0.4762,2,0.7857142857142857,True,NOERROR,1,3600,0,4,False,False,0,397273,US,False,IONOS SE,3,365,True,25,False,False,,benign,no_adverse_signal
v1baise.lol,2026-07-27,11,2.807354922057604,0.09090909090909091,0,1.0,-8.633454545454546,low,0.5,1,1.0,True,NOERROR,1,300,0,2,False,False,0,54801,HK,False,Dynadot Inc,3,365,False,0,False,False,,benign,no_adverse_signal
yasamgiris.xyz,2026-07-27,14,2.7219280948873625,0.0,0,0.6666666666666666,-7.281376470588235,high,0.5,2,0.7,True,NOERROR,2,15,0,4,False,False,0,,US,False,Porkbun LLC,380,730,False,3,False,False,,benign,no_adverse_signal
raiseexposure.com,2026-07-27,17,3.0269868333592873,0.0,0,1.1666666666666667,-6.86964347826087,low,0.6087,2,0.6923076923076923,True,NOERROR,1,300,5,2,True,False,0,209242,AU,False,NAMECHEAP INC,3,365,True,7,False,False,False,benign,no_adverse_signal
altimistusercontent.com,2026-07-27,23,3.40582225028569,0.0,0,0.5833333333333334,-6.212394285714286,low,0.6667,2,0.631578947368421,False,NOERROR,0,,0,2,False,False,0,,,,"Cloudflare, Inc.",3,731,True,,,False,,benign,no_adverse_signal
obligopol.global,2026-07-27,16,2.4193819456463714,0.0,0,0.8,-7.0203999999999995,low,0.5882,2,0.6666666666666666,True,NOERROR,1,3600,2,4,True,False,1,8560,DE,True,,,,,0,False,False,False,benign,no_adverse_signal
fatcatmeme.wtf,2026-07-27,14,2.5219280948873624,0.0,0,0.6666666666666666,-6.951417647058824,low,0.5,2,0.6,True,NOERROR,2,300,0,2,False,False,2,13335,US,False,,,,,0,False,False,,benign,no_adverse_signal
recruvo.site,2026-07-27,12,2.5216406363433186,0.0,0,0.75,-7.6871090909090904,medium,0.5882,2,0.8571428571428571,True,NOERROR,2,300,0,2,False,False,2,13335,US,False,"Spaceship, Inc.",3,365,False,0,False,False,,benign,no_adverse_signal
proteinmax.ru,2026-07-27,13,3.321928094887362,0.0,0,0.6666666666666666,-6.775052941176471,low,0.5333,2,1.0,True,NOERROR,1,3600,0,3,False,False,0,48287,RU,False,RU-CENTER-RU,4,365,False,0,False,False,,benign,no_adverse_signal
vapuriconstructionsandarchitects.com,2026-07-27,36,3.632048827786958,0.0,0,0.5238095238095238,-6.47198524590164,low,0.4348,4,0.4375,True,NOERROR,1,10800,0,2,False,False,0,26496,SG,True,"GoDaddy.com, LLC",3,365,True,0,False,False,,benign,no_adverse_signal
rachelgwak.com,2026-07-27,14,3.121928094887362,0.0,0,0.42857142857142855,-7.4633529411764705,low,0.5,3,0.9,True,NOERROR,1,300,0,2,False,False,0,16509,US,False,"Cloudflare, Inc.",3,365,True,0,False,False,,benign,no_adverse_signal
useonyou.com.br,2026-07-27,15,2.5,0.0,0,1.6666666666666667,-7.109538461538462,low,0.5714,2,0.75,True,NOERROR,2,3600,0,2,False,False,0,266444,BR,False,,5,365,False,0,False,False,,benign,no_adverse_signal
heritageoakcoffee.com,2026-07-27,21,3.2639334294856344,0.0,0,1.125,-7.22771935483871,low,0.4615,2,0.6470588235294118,True,NOERROR,4,14400,0,4,True,False,0,53831,US,False,Squarespace Domains LLC,2,1096,True,30,False,False,,benign,no_adverse_signal
wpsalt.com,2026-07-27,10,2.584962500721156,0.0,0,0.2,-7.412077777777777,low,0.6154,3,1.0,True,NOERROR,1,1799,5,2,True,False,0,32097,US,False,NAMECHEAP INC,3,365,True,0,False,False,False,benign,no_adverse_signal
pentadore.com,2026-07-27,13,2.94770277922009,0.0,0,0.8,-6.1121,low,0.5714,2,0.8888888888888888,False,timeout,0,,0,0,False,False,0,,,,Xin Net Technology Corporation,737,1095,False,,,False,,benign,no_adverse_signal
freedomcontainerhomes.com,2026-07-27,25,3.4992275417233563,0.0,0,0.75,-6.444764102564102,low,0.5294,2,0.6190476190476191,True,NOERROR,2,60,0,2,False,False,2,47583,DE,False,"HOSTINGER operations, UAB",3,365,False,,False,False,,benign,no_adverse_signal
agilepersonal.online,2026-07-27,20,3.238901256602631,0.0,0,0.8571428571428571,-6.501895652173913,medium,0.48,2,0.7692307692307693,True,NOERROR,1,3600,3,3,True,False,0,48287,RU,True,"Regional Network Information Center, JSC dba RU-CENTER",3,365,True,,False,False,False,benign,no_adverse_signal
ipsilic.com,2026-07-27,11,2.1280852788913944,0.0,0,0.75,-6.796827272727273,low,0.5,2,0.7142857142857143,True,NOERROR,2,300,0,2,False,False,2,13335,US,False,"Spaceship, Inc.",3,365,False,,False,False,,benign,no_adverse_signal
omnimedia7114.shop,2026-07-27,18,3.238901256602631,0.2222222222222222,0,1.25,-8.15555652173913,low,0.5556,2,0.7692307692307693,False,NOERROR,0,,1,2,False,False,0,,,,,,,False,,,False,False,benign,no_adverse_signal
ccfash.shop,2026-07-27,11,2.2516291673878226,0.0,0,0.2,-7.8058000000000005,low,0.6154,3,0.8333333333333334,True,NOERROR,1,300,0,2,False,False,0,199242,GE,False,,,,False,,False,False,,benign,no_adverse_signal
biji888.org,2026-07-27,11,1.8423709931771086,0.2727272727272727,0,1.0,-9.559018181818182,low,0.4,1,0.5714285714285714,True,NOERROR,1,300,0,2,False,False,0,206834,DE,False,Dynadot Inc,3,365,False,,False,False,,benign,no_adverse_signal
8vn9z.com,2026-07-27,9,2.321928094887362,0.2222222222222222,0,0.0,-12.5916,low,0.4,2,1.0,True,NOERROR,2,300,0,2,False,False,0,13335,US,False,"GoDaddy.com, LLC",3,365,True,,False,False,,benign,no_adverse_signal
xqnfyfja.com,2026-07-27,12,2.75,0.0,0,0.14285714285714285,-11.160115384615384,low,0.4,7,0.875,False,NOERROR,0,,0,2,False,False,0,,,,"NameSilo, LLC",3,365,True,,,False,,benign,no_adverse_signal
khaati.com,2026-07-27,10,2.2516291673878226,0.0,0,1.0,-7.356133333333334,low,0.6667,2,0.8333333333333334,True,NOERROR,2,3600,1,2,True,False,0,16509,US,True,"SNAPNAMES 82, LLC",3,365,True,,False,False,,benign,no_adverse_signal
cavaliercheckco.shop,2026-07-27,20,3.1068905956085184,0.0,0,0.6666666666666666,-6.902692592592593,low,0.48,3,0.6666666666666666,True,NOERROR,1,21600,0,4,False,False,1,13335,CA,True,,,,False,,False,False,,benign,no_adverse_signal
mj96thai7.com,2026-07-27,13,3.169925001442312,0.23076923076923078,0,0.5,-10.570953333333334,low,0.4706,2,1.0,True,NOERROR,2,300,0,2,False,False,2,13335,US,False,"NameCheap, Inc.",3,365,False,,False,False,,benign,no_adverse_signal
jyvxgbzb.top,2026-07-27,12,2.75,0.0,0,0.0,-11.823184615384616,high,0.3636,8,0.875,True,NOERROR,3,60,0,2,False,True,0,138995,US,False,Dominet (HK) Limited,3,365,True,,True,True,,malicious,spamhaus_zen
er6-club.com,2026-07-27,12,3.0,0.08333333333333333,1,0.5,-9.18703076923077,low,0.5333,2,1.0,True,NOERROR,1,600,1,2,False,False,0,47846,DE,False,IONOS SE,734,1095,True,,False,False,False,benign,no_adverse_signal
gdoys.com,2026-07-27,9,2.321928094887362,0.0,0,0.25,-8.3491,low,0.5455,2,1.0,True,NOERROR,1,1349,1,2,True,False,0,133618,AU,True,"TUCOWS.COM, CO.",3,365,True,,False,False,False,benign,no_adverse_signal
ledakjitu188.com,2026-07-27,16,3.4182958340544896,0.1875,0,0.8,-8.794242857142857,low,0.4444,2,0.9166666666666666,True,NOERROR,2,300,0,2,False,False,2,13335,US,False,"Spaceship, Inc.",3,365,False,,False,False,,benign,no_adverse_signal
perfumeboxs.com,2026-07-27,15,3.2776134368191165,0.0,0,0.5714285714285714,-7.438805263157895,low,0.5263,2,0.9090909090909091,True,NOERROR,2,300,0,2,False,False,2,13335,US,False,"Spaceship, Inc.",3,365,False,,False,False,,benign,no_adverse_signal
tellicolakelifeadventures.com,2026-07-27,29,3.619470570797251,0.0,0,0.7857142857142857,-6.583714893617021,low,0.4211,2,0.6,True,NOERROR,1,1800,0,0,False,False,0,58182,US,True,Wix.com Ltd.,372,730,True,,False,False,,benign,no_adverse_signal
v5gxoaqb.top,2026-07-27,12,3.0,0.08333333333333333,0,0.4,-11.34106923076923,high,0.4615,2,1.0,True,NOERROR,3,60,0,2,False,True,0,138995,US,False,Dominet (HK) Limited,3,365,True,,True,True,,malicious,spamhaus_zen
vizichat.ru,2026-07-27,11,2.75,0.0,0,0.6,-7.155053846153846,low,0.5714,2,0.875,True,NOERROR,1,3600,2,2,True,False,1,197695,RU,True,REGRU-RU,4,365,False,,False,False,False,benign,no_adverse_signal
nvyou9.wiki,2026-07-27,11,2.584962500721156,0.09090909090909091,0,0.6666666666666666,-9.522433333333332,low,0.5455,3,1.0,True,NOERROR,1,1,0,2,False,True,0,40065,US,False,"NameSilo, LLC",3,365,True,,False,False,,benign,no_adverse_signal
brigitteblack.buzz,2026-07-27,18,3.238901256602631,0.0,0,0.4444444444444444,-6.7821869565217385,high,0.5263,2,0.7692307692307693,False,NOERROR,0,,0,2,False,False,0,,,,NAMECHEAP INC,3,365,True,,,False,,benign,no_adverse_signal
animes.se,2026-07-27,9,2.584962500721156,0.0,0,1.0,-5.9500222222222225,low,0.7692,1,1.0,True,NOERROR,2,3600,0,2,False,False,0,39570,SE,False,Loopia AB,4,365,False,,False,False,,benign,no_adverse_signal
educaressembrar.org,2026-07-27,19,3.0062389286533895,0.0,0,0.6666666666666666,-6.628218518518519,low,0.5625,3,0.6,False,NOERROR,0,,0,4,True,False,0,,,,Squarespace Domains LLC,3,365,True,,,False,,benign,no_adverse_signal
bspj4v.top,2026-07-27,10,2.584962500721156,0.1,0,0.0,-10.729022222222222,high,0.4615,4,1.0,True,NOERROR,1,10,0,2,False,False,0,45102,HK,False,GLOBAL ASSET DOMAINS INC.,3,365,True,,False,False,,benign,no_adverse_signal
senyum88slot.com,2026-07-27,16,3.2516291673878226,0.125,0,0.42857142857142855,-8.556095238095239,low,0.4444,2,0.8333333333333334,True,NOERROR,1,300,0,2,True,False,0,22612,US,True,"NameCheap, Inc.",3,365,False,,False,False,,benign,no_adverse_signal
playerimdb.com,2026-07-27,14,3.321928094887362,0.0,0,0.42857142857142855,-7.100335294117648,low,0.5714,3,1.0,True,NOERROR,1,3387,1,2,True,False,0,133618,US,True,"TUCOWS.COM, CO.",3,365,True,,False,False,False,benign,no_adverse_signal
joingrange.xyz,2026-07-27,14,2.921928094887362,0.0,0,0.6666666666666666,-6.386711764705883,high,0.5263,3,0.8,True,NOERROR,1,3600,5,2,True,False,0,215859,SG,True,NAMECHEAP INC,3,365,True,,False,False,False,benign,no_adverse_signal
adiandshai.love,2026-07-27,15,2.4464393446710155,0.0,0,1.0,-6.428294117647059,low,0.5333,4,0.6,True,NOERROR,1,1799,0,2,False,False,0,54113,US,False,NAMECHEAP INC,3,365,True,,False,False,,benign,no_adverse_signal
aestudents.com,2026-07-27,14,2.721928094887362,0.0,0,0.6666666666666666,-6.548023529411765,low,0.56,3,0.7,True,NOERROR,2,300,0,2,False,False,2,13335,US,False,"Spaceship, Inc.",3,365,False,,False,False,,benign,no_adverse_signal
porncams.pro,2026-07-27,12,3.0,0.0,0,0.3333333333333333,-6.588761538461538,low,0.6154,3,1.0,False,NXDOMAIN,0,,0,0,False,False,0,,,,,,,,,,False,,benign,no_adverse_signal
kmsrsyr.xyz,2026-07-27,11,2.2359263506290326,0.0,0,0.0,-8.97619090909091,high,0.625,7,0.7142857142857143,True,NOERROR,2,300,0,2,False,False,2,13335,US,False,Dynadot Inc,3,365,False,,False,False,,benign,no_adverse_signal
955tümbet.com,2026-07-27,13,2.725480556997868,0.23076923076923078,0,0.2,-11.283153333333333,low,0.4706,4,0.7777777777777778,True,NOERROR,2,600,0,2,False,False,0,16509,US,True,"GoDaddy.com, LLC",3,365,True,,False,False,,benign,no_adverse_signal
tekno-marktt.com,2026-07-27,16,3.0220552088742,0.0,1,0.375,-7.615090476190476,low,0.5263,4,0.75,True,NOERROR,1,21600,0,4,False,False,1,13335,CA,True,"TUCOWS.COM, CO.",3,365,True,,False,False,,benign,no_adverse_signal
9139063.cc,2026-07-27,10,2.2359263506290326,0.7,0,0.0,-10.536200000000001,low,0.6,0,0.7142857142857143,False,NOERROR,0,,0,2,False,False,0,,,,Dynadot Inc,4,365,False,,,False,,benign,no_adverse_signal
windemullernet.com,2026-07-27,18,3.182005814760214,0.0,0,0.5555555555555556,-6.470848,low,0.5263,2,0.7142857142857143,False,NOERROR,0,,0,2,False,False,0,,,,"Cloudflare, Inc.",3,365,True,,,False,,benign,no_adverse_signal
gaacocr650.help,2026-07-27,15,2.9219280948873623,0.2,0,0.75,-9.121823529411765,low,0.4444,2,0.8,False,NXDOMAIN,0,,0,0,False,False,0,,,,"GMO Internet, Inc.",3,365,True,,,False,,benign,no_adverse_signal
iuris-global.com,2026-07-27,16,3.2516291673878226,0.0,1,0.8333333333333334,-7.244680952380952,low,0.6364,2,0.8333333333333334,True,NOERROR,2,60,2,2,True,False,2,47583,DE,False,"HOSTINGER operations, UAB",3,731,False,,False,False,False,benign,no_adverse_signal
mewm.link,2026-07-27,9,1.5,0.0,0,0.3333333333333333,-8.14022,medium,0.6,2,0.75,True,NOERROR,1,1800,5,2,True,False,0,22612,US,False,NAMECHEAP INC,3,365,True,,False,False,False,benign,no_adverse_signal
debtordefender.com,2026-07-27,18,2.7534343861887853,0.0,0,0.5555555555555556,-6.842872,low,0.5,2,0.5714285714285714,True,NOERROR,2,3600,1,2,True,False,0,16509,US,True,Dynadot Inc,3,365,False,,False,False,,benign,no_adverse_signal
2062405.top,2026-07-27,11,2.2359263506290326,0.6363636363636364,0,0.0,-10.696827272727273,high,0.3333,0,0.7142857142857143,False,NOERROR,0,,0,2,False,False,0,,,,Dynadot LLC,3,365,True,,,False,,benign,no_adverse_signal
southendsteels.app,2026-07-27,18,2.9852281360342516,0.0,0,0.5555555555555556,-6.537404,low,0.5,4,0.6428571428571429,True,NOERROR,1,300,2,4,True,False,0,397273,US,False,,,,False,25,False,False,False,benign,no_adverse_signal
lightweight-fitness.com,2026-07-27,23,3.3263604079526936,0.0,1,0.38461538461538464,-7.423765714285714,low,0.4138,4,0.5789473684210527,True,NOERROR,1,21600,0,2,False,False,0,16509,US,True,"TUCOWS.COM, CO.",1468,1826,True,,False,False,,benign,no_adverse_signal
apexai.forum,2026-07-27,12,2.2516291673878226,0.0,0,2.0,-7.580855555555555,low,0.6667,1,0.8333333333333334,True,NOERROR,1,300,0,2,False,False,0,14618,US,True,"Dynadot, LLC",3,365,False,,False,False,,benign,no_adverse_signal
rewerasa.top,2026-07-27,12,2.25,0.0,0,1.0,-6.4737846153846155,high,0.6667,1,0.625,True,NOERROR,1,300,0,2,False,False,0,48031,GB,False,Dynadot LLC,3,365,True,,False,False,,benign,no_adverse_signal
topxbet.app,2026-07-27,11,2.5216406363433186,0.0,0,0.4,-8.229345454545454,low,0.5333,3,0.8571428571428571,True,NOERROR,2,300,0,2,False,False,2,13335,US,False,,,,False,,False,False,,benign,no_adverse_signal
lhmc1i.top,2026-07-27,10,2.584962500721156,0.1,0,0.25,-11.1567,high,0.4615,4,1.0,True,NOERROR,3,3600,1,2,True,False,0,63949,US,True,"NameSilo, LLC",367,730,True,,False,False,True,benign,no_adverse_signal
travelgig.co,2026-07-27,12,2.9477027792200903,0.0,0,0.5,-7.066826666666667,low,0.5714,2,0.8888888888888888,True,NOERROR,2,300,0,2,False,False,2,13335,US,False,NAMECHEAP INC,4,365,True,,False,False,,benign,no_adverse_signal
xx13ot2.cc,2026-07-27,10,2.5216406363433186,0.3,0,0.3333333333333333,-10.712427272727274,low,0.4,2,0.8571428571428571,True,NOERROR,1,60,0,2,False,False,0,219502,NL,False,"NameSilo, LLC",3,365,False,,True,True,,malicious,spamhaus_zen
woodfactories.com,2026-07-27,17,3.334679141051595,0.0,0,0.8571428571428571,-6.875408695652174,low,0.5455,2,0.8461538461538461,True,NOERROR,4,30,0,2,False,False,8,24940,DE,True,Domain Science Kutatasi Szolgaltato,4,365,True,,False,False,,benign,no_adverse_signal
st33l.uk,2026-07-27,8,1.9219280948873623,0.25,0,0.0,-10.512485714285715,low,0.6,2,0.8,True,NOERROR,2,600,0,2,False,False,0,16509,US,True,123-Reg Limited t/a 123-reg [Tag = 123-REG],5,365,False,,False,False,,benign,no_adverse_signal
ezhequ.com,2026-07-27,10,2.2516291673878226,0.0,0,1.0,-8.633744444444444,low,0.4615,2,0.8333333333333334,True,NOERROR,1,1,0,2,False,False,0,139880,SC,False,Gname 489 Inc,3,365,False,,True,False,,malicious,spamhaus_zen
ertai.ru,2026-07-27,8,2.321928094887362,0.0,0,1.5,-6.037,low,0.7273,2,1.0,True,NOERROR,1,300,2,6,True,False,0,198610,RU,True,BEGET-RU,7,365,False,,False,False,False,benign,no_adverse_signal
emergencycareexperiences.com,2026-07-27,28,3.105388542207534,0.0,0,0.7142857142857143,-6.580586666666666,low,0.4324,4,0.5,True,NOERROR,1,1800,0,0,False,False,0,58182,US,True,Wix.com Ltd.,737,1095,False,,False,False,,benign,no_adverse_signal
innersmile.store,2026-07-27,16,2.721928094887362,0.0,0,0.6666666666666666,-6.530835294117647,low,0.6364,3,0.7,True,NOERROR,2,600,0,2,False,False,0,16509,US,True,,,,False,,False,False,,benign,no_adverse_signal
ceciliahelle.com,2026-07-27,16,2.4591479170272446,0.0,0,1.0,-6.921623809523809,low,0.4762,2,0.5,True,NOERROR,1,249,1,2,True,False,0,133618,US,True,"TUCOWS.COM, CO.",3,365,True,,False,False,False,benign,no_adverse_signal
ritzartstudio.in,2026-07-27,16,3.0269868333592873,0.0,0,0.625,-6.958404347826087,low,0.64,4,0.6923076923076923,True,NOERROR,2,60,2,2,True,False,2,47583,DE,False,"HOSTINGER operations, UAB",3,1096,False,,False,False,False,benign,no_adverse_signal
dit-bft.ru,2026-07-27,10,2.5216406363433186,0.0,1,0.2,-8.82399090909091,low,0.5455,3,0.8571428571428571,False,NOERROR,0,,0,4,False,False,0,,,,SELECTEL-RU,4,365,False,,,False,,benign,no_adverse_signal
hdneons.com,2026-07-27,11,2.5216406363433186,0.0,0,0.4,-6.992427272727273,low,0.6,3,0.8571428571428571,True,NOERROR,1,50,0,2,False,False,0,47583,CY,False,"HOSTINGER operations, UAB",3,365,False,,False,False,,benign,no_adverse_signal
mianzein.com,2026-07-27,12,2.5,0.0,0,1.0,-7.194115384615385,low,0.5556,2,0.75,True,NOERROR,2,600,0,2,False,False,0,16509,US,True,"GoDaddy.com, LLC",3,365,True,34,False,False,,benign,no_adverse_signal
ygntafmai.cyou,2026-07-27,14,2.94770277922009,0.0,0,0.5,-7.9642333333333335,low,0.5714,4,0.8888888888888888,False,NOERROR,0,,0,2,False,False,0,,,,"Spaceship, Inc.",3,365,False,,,False,,benign,no_adverse_signal
loracledesmains.fr,2026-07-27,18,3.373557262275185,0.0,0,0.6666666666666666,-6.384133333333334,low,0.6429,2,0.7333333333333333,True,NOERROR,1,21600,0,4,False,False,1,13335,CA,True,EPAG Domainservices GmbH,2,364,False,,False,False,,benign,no_adverse_signal
ozdeslesim-tire.ink,2026-07-27,19,3.3232314287976203,0.0,1,0.75,-7.59472962962963,low,0.5,2,0.7333333333333333,False,SERVFAIL,0,,0,0,False,False,0,,,,Sav.com LLC,3,365,True,,,True,,malicious,spamhaus_dbl
obituarychurch.online,2026-07-27,21,3.2359263506290326,0.0,0,0.5555555555555556,-7.188912,medium,0.4,4,0.7142857142857143,True,NOERROR,2,60,0,2,False,False,2,47583,DE,False,"HOSTINGER operations, UAB",3,365,False,,False,False,,benign,no_adverse_signal
convbase.com,2026-07-27,12,3.0,0.0,0,0.6,-7.429161538461538,low,0.6154,3,1.0,True,NOERROR,2,10800,0,2,True,False,2,14618,US,True,DropCatch.com 815 LLC,3,365,False,,False,False,,benign,no_adverse_signal
vividfinder.uk,2026-07-27,14,2.663532754804255,0.0,0,0.5714285714285714,-6.678078947368421,low,0.5,2,0.6363636363636364,True,NOERROR,2,300,0,2,False,False,2,13335,US,False,"Dynadot, LLC t/a Dynadot [Tag = DYNADOT]",28,365,False,,False,False,,benign,no_adverse_signal
ft-recruitingloesungen.de,2026-07-27,25,3.5726236638951634,0.0,1,0.6153846153846154,-6.9957170731707325,low,0.3889,3,0.5909090909090909,False,NOERROR,0,,6,4,True,False,0,,,,,,,False,,,False,False,benign,no_adverse_signal
st12terfavku.app,2026-07-27,16,3.418295834054489,0.125,0,0.42857142857142855,-8.87710476190476,low,0.5,2,0.9166666666666666,False,NOERROR,0,,0,2,False,False,0,,,,,,,False,,,False,,benign,no_adverse_signal
texasparadisepickles.com,2026-07-27,24,3.4086949695628417,0.0,0,0.6666666666666666,-6.727021621621621,low,0.5,3,0.6,True,NOERROR,2,300,0,2,False,False,2,13335,US,False,"GMO Internet, Inc.",3,365,True,,False,False,,benign,no_adverse_signal
tiyuzhiboruanjian8.cn,2026-07-27,21,3.5724312513221195,0.047619047619047616,0,0.8888888888888888,-8.112712121212121,low,0.4828,2,0.7222222222222222,True,NOERROR,1,300,0,2,False,False,0,132839,SC,False,北京新网数码信息技术有限公司,5,365,False,,False,False,,benign,no_adverse_signal
aigcnext.com,2026-07-27,12,3.0,0.0,0,0.6,-7.765446153846154,low,0.625,3,1.0,False,NOERROR,0,,0,2,False,False,0,,,,Gname 343 Inc,3,365,False,,,False,,benign,no_adverse_signal
qe99t7oe.top,2026-07-27,12,2.5,0.25,0,1.5,-11.88483076923077,high,0.4,1,0.75,True,NOERROR,3,60,0,2,False,True,0,138995,US,False,Dominet (HK) Limited,3,365,True,,True,True,,malicious,spamhaus_zen
atlasmission.shop,2026-07-27,17,2.8553885422075336,0.0,0,0.7142857142857143,-6.7209666666666665,low,0.7619,2,0.6666666666666666,False,NOERROR,0,,1,2,True,False,0,,,,,,,False,,,False,False,benign,no_adverse_signal
yazaox713.vip,2026-07-27,13,2.94770277922009,0.23076923076923078,0,1.0,-9.748946666666665,low,0.4286,1,0.8888888888888888,True,NOERROR,13,10,0,2,False,True,0,64013,HK,False,Dynadot Inc,3,365,True,,False,True,,malicious,spamhaus_dbl
kelvingo.ai,2026-07-27,11,3.0,0.0,0,0.6,-7.0107923076923075,low,0.625,2,1.0,True,NOERROR,2,600,0,2,False,False,0,16509,US,True,"GoDaddy.com, LLC",4,731,True,34,False,False,,benign,no_adverse_signal
apexoo.pl,2026-07-27,9,2.2516291673878226,0.0,0,2.0,-7.8318666666666665,low,0.5714,1,0.8333333333333334,True,NOERROR,1,1800,2,4,True,False,1,29405,SK,True,Gransy s.r.o.,4,365,False,,False,False,False,benign,no_adverse_signal
sdslhly.cn,2026-07-27,10,2.2359263506290326,0.0,0,0.0,-9.115772727272727,low,0.5455,7,0.7142857142857143,True,NOERROR,2,300,0,2,False,False,2,13335,US,False,北京新网数码信息技术有限公司,3,365,False,,False,False,,benign,no_adverse_signal
toniescircle.shop,2026-07-27,17,3.084962500721156,0.0,0,0.7142857142857143,-6.808190476190477,low,0.5556,3,0.75,True,NOERROR,1,300,0,2,False,False,0,199242,US,False,,,,False,,False,False,,benign,no_adverse_signal
myintimahub.com,2026-07-27,15,3.0957952550009344,0.0,0,0.5714285714285714,-6.950457894736841,low,0.5882,2,0.8181818181818182,True,NOERROR,2,300,0,2,False,False,2,13335,US,False,"Spaceship, Inc.",3,365,False,,False,False,,benign,no_adverse_signal
moonmakes3d.com,2026-07-27,15,3.0957952550009344,0.06666666666666667,0,0.6666666666666666,-7.7321368421052625,low,0.5,2,0.8181818181818182,True,NOERROR,1,21600,0,4,False,False,1,13335,CA,True,"TUCOWS.COM, CO.",3,365,True,,False,False,,benign,no_adverse_signal
gulerhasan83.xyz,2026-07-27,16,3.4182958340544896,0.125,0,0.6666666666666666,-7.953633333333333,high,0.4762,2,0.9166666666666666,True,NOERROR,2,5,0,4,False,False,0,,US,False,Porkbun LLC,380,730,False,,False,False,,benign,no_adverse_signal
magicbarnlgs.com,2026-07-27,16,3.2516291673878226,0.0,0,0.3333333333333333,-7.715676190476191,low,0.5455,5,0.8333333333333334,True,NOERROR,1,300,3,2,True,False,1,13335,CA,True,"Cloudflare, Inc.",3,365,True,,False,False,False,benign,no_adverse_signal
dias.travel,2026-07-27,11,2.0,0.0,0,1.0,-6.0873,low,0.6667,1,1.0,True,NOERROR,1,600,2,4,True,False,0,16509,US,False,,,,,,False,False,False,benign,no_adverse_signal
sierrapartsexpert.shop,2026-07-27,22,2.8665871058289594,0.0,0,0.5454545454545454,-6.590187096774194,low,0.5333,3,0.47058823529411764,True,NOERROR,1,300,0,2,False,False,0,199242,US,False,,,,False,,False,False,,benign,no_adverse_signal
lgtvsp012.top,2026-07-27,13,3.169925001442312,0.23076923076923078,0,0.0,-9.677359999999998,high,0.4706,6,1.0,True,NOERROR,1,300,0,2,False,False,0,16509,US,True,Dynadot LLC,3,365,True,,False,False,,benign,no_adverse_signal
brai9n.cloud,2026-07-27,12,2.584962500721156,0.08333333333333333,0,0.6666666666666666,-8.835233333333333,low,0.6,2,1.0,True,NOERROR,2,300,0,2,False,False,2,13335,US,False,"HOSTINGER operations, UAB",3,365,False,,False,False,,benign,no_adverse_signal
anunya-jokesnet.com,2026-07-27,19,3.323231428797621,0.0,1,0.75,-7.811840740740741,low,0.4348,2,0.7333333333333333,False,NOERROR,0,,0,2,False,False,0,,,,Web Commerce Communications Limited dba WebNic.cc,3,365,False,,,False,,benign,no_adverse_signal
t5q7z56q.top,2026-07-27,12,2.5,0.3333333333333333,0,0.0,-13.087430769230771,high,0.2667,1,0.75,True,NOERROR,3,60,0,2,False,True,0,138995,US,False,Dominet (HK) Limited,3,365,True,,True,True,,malicious,spamhaus_zen
nadeausplayschool.com,2026-07-27,21,3.4548223999466066,0.0,0,0.7,-6.777329032258064,low,0.56,4,0.7058823529411765,False,NOERROR,0,,0,2,False,False,0,,,,Gname 219 Inc,3,365,False,,,False,,benign,no_adverse_signal
ivf-support.life,2026-07-27,16,3.277613436819116,0.0,1,0.42857142857142855,-7.884857894736842,low,0.5263,2,0.9090909090909091,True,NOERROR,2,3600,0,2,False,False,0,39570,SE,False,,,,False,,False,False,,benign,no_adverse_signal
211867.com,2026-07-27,10,2.2516291673878226,0.6,0,0.0,-10.488011111111112,low,0.4444,0,0.8333333333333334,True,NOERROR,1,21600,0,4,False,False,0,979,US,False,"Gransy, s.r.o.",3,365,False,,False,False,,benign,no_adverse_signal
b9kxab6.beer,2026-07-27,12,2.5216406363433186,0.16666666666666666,0,0.25,-11.413772727272727,low,0.4286,2,0.8571428571428571,True,NOERROR,1,30,0,2,False,False,0,64013,SG,False,Dynadot Inc,3,365,True,,False,False,,benign,no_adverse_signal
highgatefreehold.co.uk,2026-07-27,22,3.2806390622295662,0.0,0,0.6,-7.340448275862069,low,0.4348,3,0.6875,True,NOERROR,2,17,0,4,False,False,0,,US,False,Porkbun LLC [Tag = PORKBUN],5,365,False,,False,False,,benign,no_adverse_signal
syg2.com,2026-07-27,8,2.0,0.125,0,0.0,-10.44062,low,0.5455,3,1.0,True,NOERROR,1,600,0,2,False,True,0,40065,US,False,Gname 089 Inc,3,365,False,,False,False,,benign,no_adverse_signal
svpremiumcarwash.store,2026-07-27,22,3.5,0.0,0,0.45454545454545453,-7.56131724137931,low,0.4848,4,0.75,True,NOERROR,1,50,0,2,False,False,0,47583,CY,False,,,,False,,False,False,,benign,no_adverse_signal
seismicpeptides.com,2026-07-27,19,2.8225797618424915,0.0,0,0.6666666666666666,-7.2014962962962965,low,0.48,2,0.5333333333333333,True,NOERROR,2,600,2,2,True,False,0,16509,US,True,"GoDaddy.com, LLC",3,365,True,34,False,False,False,benign,no_adverse_signal
minyaktanah.site,2026-07-27,16,2.8453509366224368,0.0,0,0.5714285714285714,-7.213305263157895,medium,0.5263,2,0.7272727272727273,True,NOERROR,2,300,0,2,False,False,2,13335,US,False,NAMECHEAP INC,3,365,True,,False,False,,benign,no_adverse_signal
precisionfilepartners.com,2026-07-27,25,3.427333493898264,0.0,0,0.6153846153846154,-6.559223076923077,low,0.4848,3,0.5714285714285714,False,NOERROR,0,,5,2,True,False,0,,,,NAMECHEAP INC,2,365,True,,,False,False,benign,no_adverse_signal
mypipelab.com,2026-07-27,13,2.94770277922009,0.0,0,0.5,-7.24626,low,0.5333,3,0.8888888888888888,True,NOERROR,1,50,2,2,True,False,0,47583,CY,False,"HOSTINGER operations, UAB",3,365,False,,False,False,False,benign,no_adverse_signal
nexuscondo.ca,2026-07-27,13,2.9219280948873623,0.0,0,0.6666666666666666,-6.801329411764706,low,0.5,2,0.8,True,NOERROR,1,3600,0,2,False,False,0,13335,DE,True,"Go Daddy Domains Canada, Inc",4,1096,True,,False,False,,benign,no_adverse_signal
flowersgets.com,2026-07-27,15,3.095795255000934,0.0,0,0.375,-6.925973684210526,low,0.5833,3,0.8181818181818182,True,NOERROR,2,60,0,2,False,False,2,47583,DE,False,"HOSTINGER operations, UAB",3,365,False,,False,False,,benign,no_adverse_signal
romoplasticos.com,2026-07-27,17,3.180832987205441,0.0,0,0.625,-6.3913782608695655,low,0.5833,2,0.7692307692307693,True,NOERROR,3,3600,0,2,False,False,0,58182,US,True,Wix.com Ltd.,3,731,True,,False,False,,benign,no_adverse_signal
gruponaval.online,2026-07-27,17,3.1219280948873624,0.0,0,0.6666666666666666,-7.0223941176470595,medium,0.5556,2,0.9,True,NOERROR,2,120,0,4,False,False,0,16509,DE,True,Hosting Concepts B.V. d/b/a Registrar.eu,3,365,False,,False,False,,benign,no_adverse_signal
conceptdesigncreationbd.com,2026-07-27,27,3.555533151426996,0.0,0,0.5333333333333333,-7.006195348837209,low,0.5,4,0.5652173913043478,True,NOERROR,1,559,1,2,True,False,0,133618,US,True,"TUCOWS.COM, CO.",3,365,True,,False,False,False,benign,no_adverse_signal
propowerwashers.help,2026-07-27,20,2.9232314287976204,0.0,0,0.5,-6.740144444444445,low,0.5926,2,0.5333333333333333,True,NOERROR,2,24,0,4,False,False,0,,US,False,Porkbun LLC,380,730,False,3,False,False,,benign,no_adverse_signal
honaiku.com,2026-07-27,11,2.807354922057604,0.0,0,1.3333333333333333,-7.0399,low,0.6154,1,1.0,True,NOERROR,2,300,0,2,False,False,2,13335,US,False,CV. Rumahweb Indonesia,3,365,True,,False,False,,benign,no_adverse_signal
qianyan.shop,2026-07-27,12,2.2359263506290326,0.0,0,0.75,-7.226381818181818,low,0.5,2,0.7142857142857143,False,NXDOMAIN,0,,0,0,False,False,0,,,,,,,False,,,False,,benign,no_adverse_signal
juaraslot.xyz,2026-07-27,13,2.94770277922009,0.0,0,0.8,-6.989546666666667,high,0.5714,2,0.8888888888888888,True,NOERROR,2,300,0,2,False,False,2,13335,US,False,"NameSilo, LLC",3,365,True,,False,False,,benign,no_adverse_signal
innoteclab.com,2026-07-27,14,3.121928094887362,0.0,0,0.6666666666666666,-6.573352941176471,low,0.6667,2,0.9,True,NOERROR,2,3600,2,2,True,False,0,16509,US,True,"GoDaddy.com, LLC",3,365,True,,False,False,False,benign,no_adverse_signal
unlockdelphi.com,2026-07-27,16,3.418295834054489,0.0,0,0.5,-7.322752380952382,low,0.4545,3,0.9166666666666666,True,NOERROR,2,300,5,2,True,False,2,13335,US,False,PDR Ltd. d/b/a PublicDomainRegistry.com,3,365,True,,False,False,False,benign,no_adverse_signal
hitu.app,2026-07-27,8,2.0,0.0,0,1.0,-6.74564,low,0.6,1,1.0,True,NOERROR,2,300,0,2,False,False,2,13335,US,False,,,,False,,False,False,,benign,no_adverse_signal
mbachaibala.site,2026-07-27,16,2.5503407095463886,0.0,0,0.8333333333333334,-6.763047368421052,medium,0.5556,2,0.6363636363636364,True,NOERROR,1,14400,1,2,False,False,0,24940,FI,True,Atak Domain Bilgi Teknolojileri A.Ş.,3,365,False,,False,False,False,benign,no_adverse_signal
dhonatyaww.my.id,2026-07-27,16,2.9219280948873623,0.0,0,0.42857142857142855,-7.631541176470588,low,0.5263,2,0.8,True,NOERROR,2,1800,0,2,False,False,0,16509,US,False,,,,False,,False,False,,benign,no_adverse_signal
gyoseki.buzz,2026-07-27,12,2.807354922057604,0.0,0,0.75,-7.898309090909091,high,0.5333,2,1.0,True,NOERROR,1,60,1,3,True,False,0,12824,PL,True,"GoDaddy.com, LLC",3,365,True,,False,False,False,benign,no_adverse_signal
jpj9l0zb.top,2026-07-27,12,2.75,0.16666666666666666,0,0.0,-12.568338461538461,high,0.3529,3,0.875,True,NOERROR,3,60,0,2,False,True,0,138995,US,False,Dominet (HK) Limited,3,365,True,,True,False,,malicious,spamhaus_zen
richardbiglia.com,2026-07-27,17,3.0269868333592873,0.0,0,0.625,-6.914621739130435,low,0.5,3,0.6923076923076923,True,NOERROR,1,1800,5,2,True,False,0,22612,US,False,NAMECHEAP INC,3,365,True,,False,False,False,benign,no_adverse_signal
lifeisshort.app,2026-07-27,15,3.0957952550009344,0.0,0,0.5714285714285714,-6.878289473684211,low,0.5714,3,0.8181818181818182,True,NOERROR,3,3603,0,3,False,False,0,63949,US,True,,,,False,,False,False,,benign,no_adverse_signal
vekik.store,2026-07-27,11,1.9219280948873623,0.0,0,0.6666666666666666,-7.955857142857143,low,0.5455,1,0.8,False,NOERROR,0,,5,2,False,False,0,,,,,,,False,,,False,False,benign,no_adverse_signal
wwtk999.app,2026-07-27,11,1.8423709931771086,0.2727272727272727,0,0.0,-10.008163636363635,low,0.4,4,0.5714285714285714,True,NOERROR,2,300,0,2,False,False,2,13335,US,False,,,,False,,False,False,,benign,no_adverse_signal
8gnw.top,2026-07-27,8,2.0,0.125,0,0.0,-10.86548,high,0.5714,3,1.0,True,NOERROR,6,600,0,2,False,True,0,8075,JP,False,"Spaceship, Inc.",3,365,True,,False,True,,malicious,spamhaus_dbl
italy-july26.fun,2026-07-27,16,3.2516291673878226,0.125,1,0.5,-8.551052380952381,low,0.4444,2,0.8333333333333334,True,NOERROR,3,3600,0,2,False,False,0,58182,US,True,"TUCOWS.COM, CO.",3,365,True,,False,False,,benign,no_adverse_signal
coinomise.com,2026-07-27,13,2.725480556997868,0.0,0,1.25,-6.541653333333333,low,0.5333,1,0.7777777777777778,True,NOERROR,1,600,0,2,False,False,0,,US,False,Hello Internet Corp,368,730,False,,False,False,,benign,no_adverse_signal
whatdatatech.com,2026-07-27,16,2.625814583693911,0.0,0,0.5,-6.595714285714285,low,0.6364,2,0.5833333333333334,True,NOERROR,1,3600,1,2,True,False,0,209242,US,True,"GoDaddy.com, LLC",3,365,True,,False,False,False,benign,no_adverse_signal
streamingcommunity.tech,2026-07-27,23,3.5724312513221195,0.0,0,0.5,-6.456418181818182,low,0.875,3,0.7222222222222222,True,NOERROR,2,300,0,2,False,False,0,24940,DE,True,Xin Net Technology Corporation,3,365,False,,False,False,,benign,no_adverse_signal
paula-r.com,2026-07-27,11,2.5216406363433186,0.0,1,1.0,-7.9311,low,0.5714,1,0.8571428571428571,False,NOERROR,0,,0,2,False,False,0,,,,TuringSign Inc. d/b/a Cosmotown,3,365,False,,,False,,benign,no_adverse_signal
surga99tos9.site,2026-07-27,16,2.845350936622437,0.1875,0,0.6,-9.169457894736842,medium,0.5263,2,0.7272727272727273,True,NOERROR,2,300,0,2,False,False,2,13335,US,False,NAMECHEAP INC,3,365,True,,False,False,,benign,no_adverse_signal
grove-ops.com,2026-07-27,13,2.94770277922009,0.0,1,0.6,-7.428406666666667,low,0.5263,2,0.8888888888888888,True,NOERROR,1,300,5,2,True,False,0,197540,DE,True,"Cloudflare, Inc.",3,365,True,,False,False,False,benign,no_adverse_signal
daytonsecuritycameras.com,2026-07-27,25,3.594465636961452,0.0,0,0.6153846153846154,-6.5627,low,0.4516,3,0.6190476190476191,True,NOERROR,1,35,0,2,False,False,1,60068,DE,True,Hosting Concepts B.V. d/b/a Registrar.eu,3,365,True,,False,False,,benign,no_adverse_signal
novus.casino,2026-07-27,12,2.321928094887362,0.0,0,0.6666666666666666,-8.057928571428572,low,0.5455,1,1.0,False,NXDOMAIN,0,,0,0,False,False,0,,,,,,,,,,False,,benign,no_adverse_signal
3kingcanva.site,2026-07-27,15,2.9219280948873623,0.06666666666666667,0,0.5,-7.723488235294119,medium,0.6667,3,0.8,True,NOERROR,1,14400,3,2,True,False,0,22612,US,True,NAMECHEAP INC,3,365,True,,False,False,False,benign,no_adverse_signal
meleescortguntur.online,2026-07-27,23,3.327819531114783,0.0,0,0.6,-6.795106896551724,medium,0.4242,3,0.6875,True,NOERROR,2,60,2,2,True,False,2,47583,DE,False,"HOSTINGER operations, UAB",3,365,False,,False,False,False,benign,no_adverse_signal
truegrit3d.net,2026-07-27,14,2.9219280948873623,0.07142857142857142,0,0.5,-8.160341176470588,low,0.5882,2,0.8,True,NOERROR,2,39,0,4,False,False,0,,US,False,Porkbun LLC,382,730,False,,False,False,,benign,no_adverse_signal
bmw3.onl,2026-07-27,8,2.0,0.125,0,0.0,-10.62894,low,0.5714,3,1.0,True,NOERROR,2,300,0,2,False,False,2,13335,US,False,,,,,,False,False,,benign,no_adverse_signal
shop-svetvnutri.online,2026-07-27,22,3.5068905956085183,0.0,1,0.4,-7.764014814814815,medium,0.5,3,0.8,True,NOERROR,1,21600,0,2,False,False,0,57724,RU,False,Registrar of Domain Names REG.RU LLC,22,365,False,,False,False,,benign,no_adverse_signal
nexusweb.dev,2026-07-27,12,2.75,0.0,0,0.6,-7.4682692307692315,low,0.6154,2,0.875,True,NOERROR,1,3600,3,2,True,False,0,16276,FR,True,,,,False,,False,False,False,benign,no_adverse_signal
ngonnguconso.com,2026-07-27,16,2.355388542207534,0.0,0,0.5,-7.101090476190476,low,0.4828,3,0.5,False,NOERROR,0,,0,2,False,False,0,,,,iNET SOFTWARE COMPANY LIMITED,3,365,False,,,False,,benign,no_adverse_signal
adminbitza.icu,2026-07-27,14,2.9219280948873623,0.0,0,0.6666666666666666,-7.556841176470588,low,0.5714,2,0.8,False,NOERROR,0,,0,2,False,False,0,,,,"NameSilo, LLC",3,365,True,,,False,,benign,no_adverse_signal
neurogemini.online,2026-07-27,18,2.9139770731827523,0.0,0,1.2,-6.744873684210527,medium,0.5882,1,0.7272727272727273,True,NOERROR,1,7200,0,2,False,False,0,40034,VG,False,"NETWORK SOLUTIONS, LLC.",3,365,False,,False,False,,benign,no_adverse_signal
cgqzong.cc,2026-07-27,10,2.5216406363433186,0.0,0,0.16666666666666666,-9.259018181818181,low,0.5455,4,0.8571428571428571,True,NOERROR,1,1,0,2,False,True,0,40065,US,False,"NameSilo, LLC",3,365,True,,False,False,,benign,no_adverse_signal
hirecrownpaving.com,2026-07-27,19,3.5068905956085183,0.0,0,0.5,-7.045192592592593,low,0.4828,3,0.8,True,NOERROR,1,300,0,2,False,False,0,206834,DE,False,"Gransy, s.r.o.",2,365,False,,False,False,,benign,no_adverse_signal
orr12.com,2026-07-27,9,1.9219280948873623,0.2222222222222222,0,0.5,-9.159114285714285,low,0.5455,2,0.8,False,NOERROR,0,,0,2,False,False,0,,,,Dominet (HK) Limited,3,365,False,,,False,,benign,no_adverse_signal
benoitgevaert.com,2026-07-27,17,3.180832987205441,0.0,0,0.8571428571428571,-7.569995652173914,low,0.5,2,0.7692307692307693,True,NOERROR,2,300,0,3,True,False,0,2635,US,False,Automattic Inc.,3,365,True,,False,False,,benign,no_adverse_signal
nnav101.icu,2026-07-27,11,2.2359263506290326,0.2727272727272727,0,0.3333333333333333,-8.6851,low,0.5,2,0.7142857142857143,True,NOERROR,9,3600,1,2,False,False,0,60592,CZ,False,"Gransy, s.r.o.",3,365,False,,True,False,False,malicious,spamhaus_zen
jingcaishengfuyucefenxi1.cn,2026-07-27,27,3.6572682296173897,0.037037037037037035,0,0.6428571428571429,-7.896188888888889,low,0.3429,3,0.5833333333333334,True,NOERROR,1,300,0,2,False,False,0,132839,SC,False,北京新网数码信息技术有限公司,5,365,False,,False,False,,benign,no_adverse_signal
f6egn6zd.top,2026-07-27,12,2.75,0.16666666666666666,0,0.2,-11.692261538461539,high,0.4615,2,0.875,True,NOERROR,3,60,0,2,False,True,0,138995,US,False,Dominet (HK) Limited,3,365,True,,True,True,,malicious,spamhaus_zen
farela.ai,2026-07-27,9,2.2516291673878226,0.0,0,1.0,-6.250555555555555,low,0.5455,1,0.8333333333333334,True,NOERROR,1,1799,1,2,False,False,0,16509,US,False,NAMECHEAP INC,6,731,True,,False,False,False,benign,no_adverse_signal
lfafootball.cl,2026-07-27,14,2.481714572986073,0.0,0,0.5714285714285714,-7.143831578947368,low,0.4762,2,0.5454545454545454,True,NOERROR,1,14400,1,2,True,False,0,263702,CL,True,,,,False,,False,False,False,benign,no_adverse_signal
reachawing.co,2026-07-27,13,3.121928094887362,0.0,0,0.6666666666666666,-6.406717647058823,low,0.5455,2,0.9,True,NOERROR,1,60,6,2,True,False,0,20473,US,True,"Spaceship, Inc.",4,365,False,,False,False,False,benign,no_adverse_signal
m88game.app,2026-07-27,11,2.2359263506290326,0.18181818181818182,0,0.6666666666666666,-8.486927272727273,low,0.5455,1,0.7142857142857143,True,NOERROR,1,300,0,2,False,False,0,206834,DE,False,,,,False,,False,False,,benign,no_adverse_signal
patrickjohngora.com,2026-07-27,19,3.5068905956085183,0.0,0,0.5,-7.405718518518518,low,0.5455,3,0.8,True,NOERROR,1,3600,1,2,True,False,0,133618,US,True,"TUCOWS.COM, CO.",3,365,True,,False,False,False,benign,no_adverse_signal
cabecaaberta.com,2026-07-27,16,2.4182958340544896,0.0,0,1.0,-6.941742857142858,low,0.4762,2,0.5,True,NOERROR,1,1800,0,0,False,False,0,58182,US,True,Wix.com Ltd.,372,730,False,,False,False,,benign,no_adverse_signal
gustavoyoshiodoi.com,2026-07-27,20,3.25,0.0,0,1.0,-7.388055172413793,low,0.4348,2,0.6875,True,NOERROR,4,14400,1,4,True,False,0,53831,US,False,Squarespace Domains II LLC,3,365,True,,False,False,False,benign,no_adverse_signal
mrtking5026.com,2026-07-27,15,3.459431618637298,0.26666666666666666,0,0.16666666666666666,-9.109373684210526,low,0.4706,4,1.0,False,NOERROR,0,,0,2,False,False,1,,,,"Sav.com, LLC",3,365,False,,,False,,benign,no_adverse_signal
hlhlmu.cc,2026-07-27,9,1.9182958340544893,0.0,0,0.2,-10.352633333333333,low,0.5,5,0.6666666666666666,True,NOERROR,1,1,0,2,False,True,0,40065,US,False,"NameSilo, LLC",3,365,True,,False,False,,benign,no_adverse_signal
xn--80aaebdegeyxkfhgojv5ajf9y.xn--p1ai,2026-07-27,38,4.1162646156680225,0.13157894736842105,4,0.4375,-10.443,low,0.3158,6,0.6551724137931034,True,NOERROR,1,3600,2,2,True,False,1,197695,RU,True,,,,,,False,False,False,benign,no_adverse_signal
pickuphoney.com,2026-07-27,15,3.2776134368191165,0.0,0,0.5714285714285714,-7.05698947368421,low,0.5217,2,0.9090909090909091,False,NOERROR,0,,0,2,False,False,0,,,,"Cloudflare, Inc.",3,365,True,,,False,,benign,no_adverse_signal
filtroslaunidad.com,2026-07-27,19,3.3735572622751855,0.0,0,0.6666666666666666,-6.9680629629629625,low,0.5,3,0.7333333333333333,True,NOERROR,2,60,2,2,True,False,2,47583,DE,False,"HOSTINGER operations, UAB",3,365,False,,False,False,False,benign,no_adverse_signal
18dn88.games,2026-07-27,12,1.7924812503605778,0.3333333333333333,0,0.0,-10.352955555555555,low,0.4444,2,0.6666666666666666,True,NOERROR,2,300,0,2,False,True,0,13335,US,False,,,,False,,False,False,,benign,no_adverse_signal
scareseats.com,2026-07-27,14,2.4464393446710155,0.0,0,0.6666666666666666,-6.088723529411765,low,0.5926,2,0.6,True,NOERROR,1,21600,0,4,False,False,1,13335,CA,True,"TUCOWS.COM, CO.",3,365,True,,False,False,,benign,no_adverse_signal
kcc20.info,2026-07-27,10,1.9219280948873623,0.2,0,0.0,-10.670942857142858,medium,0.6,3,0.8,True,NOERROR,1,3600,2,4,True,False,1,8560,DE,False,,,,,,False,False,False,benign,no_adverse_signal
ayaman.xyz,2026-07-27,10,1.7924812503605778,0.0,0,1.0,-6.4101,high,0.6667,1,0.6666666666666666,True,NOERROR,2,42,0,4,False,False,0,,US,False,Porkbun LLC,380,730,False,,False,False,,benign,no_adverse_signal
perm.pro,2026-07-27,8,2.0,0.0,0,0.3333333333333333,-6.16344,low,0.6667,2,1.0,True,NOERROR,1,3600,0,2,False,False,0,206834,CA,False,,,,,,False,False,,benign,no_adverse_signal
arabic-aroma.com,2026-07-27,16,2.751629167387823,0.0,1,1.2,-7.000642857142857,low,0.5455,1,0.6666666666666666,True,NOERROR,2,60,0,2,False,False,2,47583,DE,False,"HOSTINGER operations, UAB",3,365,False,,False,False,,benign,no_adverse_signal
retrorosebeauty.com,2026-07-27,19,3.006238928653389,0.0,0,0.875,-6.759462962962964,low,0.5,2,0.6,True,NOERROR,1,3600,2,4,True,False,1,8560,US,True,IONOS SE,3,365,True,,False,False,False,benign,no_adverse_signal
lieyor.com,2026-07-27,10,2.584962500721156,0.0,0,1.0,-7.654444444444445,low,0.6,1,1.0,True,NOERROR,1,2446,0,2,False,False,0,14618,US,True,Dominet (HK) Limited,3,365,False,0,False,False,,benign,no_adverse_signal
silvergates-reclaim.info,2026-07-27,24,3.471354487013928,0.0,1,0.6363636363636364,-6.950585714285714,medium,0.4516,2,0.631578947368421,True,NOERROR,2,300,1,2,True,False,2,13335,US,False,,,,,,False,False,False,benign,no_adverse_signal
rnotsky.com,2026-07-27,11,2.807354922057604,0.0,0,0.16666666666666666,-7.2359,low,0.5455,4,1.0,True,NOERROR,4,600,2,4,True,False,0,54113,US,True,Porkbun LLC,3,365,False,,False,False,False,benign,no_adverse_signal
wplms.org,2026-07-27,9,2.321928094887362,0.0,0,0.0,-8.676042857142857,low,0.6,5,1.0,False,SERVFAIL,0,,0,0,False,False,0,,,,Edomains LLC,783,1461,False,,,False,,benign,no_adverse_signal
apriordistribution.com,2026-07-27,22,3.239097917988786,0.0,0,0.8,-6.548500000000001,low,0.5,3,0.6111111111111112,True,NOERROR,1,7200,0,2,False,False,0,31898,US,False,"Network Solutions, LLC",3,365,True,,False,False,,benign,no_adverse_signal
sharsflowers.com,2026-07-27,16,3.0220552088742,0.0,0,0.3333333333333333,-6.896138095238094,low,0.5833,4,0.75,False,NOERROR,0,,0,2,False,False,0,,,,Dominet (HK) Limited,3,365,False,,,False,,benign,no_adverse_signal
cannesscriptawards.com,2026-07-27,22,3.3082708345352603,0.0,0,0.38461538461538464,-6.819800000000001,low,0.4667,4,0.6111111111111112,True,NOERROR,1,600,2,3,True,False,1,51013,SK,True,"Gransy, s.r.o.",3,365,False,,False,False,False,benign,no_adverse_signal
lepas168.org,2026-07-27,12,3.0,0.25,0,0.6666666666666666,-8.075199999999999,low,0.5333,1,1.0,True,NOERROR,2,300,0,2,False,False,2,13335,US,False,NAMECHEAP INC,3,365,True,,False,False,,benign,no_adverse_signal
umeedlink.online,2026-07-27,16,2.94770277922009,0.0,0,0.8,-6.789113333333334,medium,0.625,2,0.8888888888888888,True,NOERROR,1,14400,1,2,True,False,0,28753,DE,True,"Spaceship, Inc.",3,365,False,,False,False,False,benign,no_adverse_signal
acapef.org,2026-07-27,10,2.2516291673878226,0.0,0,1.0,-7.016844444444445,low,0.5455,1,0.8333333333333334,True,NOERROR,1,600,2,4,True,False,0,198610,RU,False,PDR Ltd. d/b/a PublicDomainRegistry.com,3,365,False,,False,False,False,benign,no_adverse_signal
costorchbasketball.com,2026-07-27,22,3.3921472236645345,0.0,0,0.38461538461538464,-6.744742424242425,low,0.5294,4,0.6111111111111112,True,NOERROR,1,2276,1,2,True,False,0,133618,US,True,"TUCOWS.COM, CO.",3,365,True,,False,False,False,benign,no_adverse_signal
verumcrtstal.com,2026-07-27,16,3.2516291673878226,0.0,0,0.3333333333333333,-6.914933333333333,low,0.4545,6,0.8333333333333334,True,NOERROR,1,600,0,2,False,False,0,45102,US,False,Alibaba Cloud Computing Ltd. d/b/a HiChina (www.net.cn),3,731,False,,False,False,,benign,no_adverse_signal
frontlinelogistics.us,2026-07-27,21,3.350209029099897,0.0,0,0.5,-6.336333333333333,low,0.4828,3,0.6111111111111112,True,NOERROR,2,3600,1,2,True,False,0,16509,US,True,"GoDaddy.com, LLC",3,365,False,,False,False,False,benign,no_adverse_signal
modulartours.com,2026-07-27,16,3.084962500721156,0.0,0,0.7142857142857143,-6.792752380952381,low,0.48,2,0.75,True,NOERROR,1,300,0,4,False,False,0,47846,DE,False,"Name.com, Inc.",3,365,True,,False,False,,benign,no_adverse_signal
deolcollective.com,2026-07-27,18,2.8423709931771093,0.0,0,0.75,-6.655284,low,0.5455,2,0.5714285714285714,True,NOERROR,1,14400,1,4,True,False,0,209242,AU,False,Squarespace Domains II LLC,3,365,True,7,False,False,False,benign,no_adverse_signal
uwex.us,2026-07-27,7,2.0,0.0,0,1.0,-8.5232,low,0.6667,1,1.0,True,NOERROR,2,300,0,2,False,False,2,13335,US,False,Dynadot Inc,2,365,False,,False,False,,benign,no_adverse_signal
kioma.cloud,2026-07-27,11,2.321928094887362,0.0,0,1.5,-6.919557142857143,low,0.5714,1,1.0,True,NOERROR,1,50,0,2,False,False,0,47583,CY,False,"HOSTINGER operations, UAB",3,365,False,,False,False,,benign,no_adverse_signal
cisse16.xyz,2026-07-27,11,2.5216406363433186,0.18181818181818182,0,0.6666666666666666,-8.088581818181819,high,0.5,2,0.8571428571428571,True,NOERROR,2,29,0,4,False,False,0,,US,False,Porkbun LLC,380,730,False,,False,False,,benign,no_adverse_signal
framethesocialelevator.com,2026-07-27,26,3.5160276412662297,0.0,0,0.8333333333333334,-6.492741463414634,low,0.5714,2,0.5909090909090909,True,NOERROR,2,300,1,2,True,False,2,13335,US,False,"GoDaddy.com, LLC",3,365,True,,False,False,False,benign,no_adverse_signal
oudenoord571.nl,2026-07-27,15,3.0220552088742,0.2,0,1.25,-8.168442857142857,low,0.4348,2,0.75,True,NOERROR,2,60,0,4,False,False,0,16509,DE,True,Registrar.eu,5,,False,,False,False,,benign,no_adverse_signal
evolutionlogistics2021.com,2026-07-27,26,3.6635327548042538,0.15384615384615385,0,0.8,-7.290419512195122,low,0.375,2,0.6363636363636364,True,NOERROR,2,3600,0,2,False,False,0,16509,US,True,"GoDaddy.com, LLC",3,731,True,,False,False,,benign,no_adverse_signal
deepstationery.com,2026-07-27,18,3.3248629576173574,0.0,0,0.75,-6.264456,low,0.64,3,0.7857142857142857,True,NOERROR,2,600,0,2,False,False,0,16509,US,True,"GoDaddy.com, LLC",3,365,True,34,False,False,,benign,no_adverse_signal
i70crashinjury.com,2026-07-27,18,3.521640636343319,0.1111111111111111,0,0.5,-8.467328,low,0.48,2,0.8571428571428571,False,NOERROR,0,,0,2,False,False,0,,,,"Cloudflare, Inc.",3,365,True,,,False,,benign,no_adverse_signal
abyl07.com,2026-07-27,10,2.584962500721156,0.2,0,0.3333333333333333,-10.377244444444445,low,0.5,3,1.0,True,NOERROR,2,600,0,2,False,False,0,16509,US,True,"GoDaddy.com, LLC",3,365,False,34,False,False,,benign,no_adverse_signal
nonpog2.de,2026-07-27,10,2.2359263506290326,0.1,0,0.5,-7.9338,low,0.4762,2,0.7142857142857143,True,NOERROR,1,300,0,3,False,False,1,24940,DE,True,,,,False,,False,False,,benign,no_adverse_signal
guidaturisticasicilia.com,2026-07-27,25,3.0463811129458835,0.0,0,1.1,-6.47235641025641,low,0.4324,2,0.47619047619047616,True,NOERROR,1,300,0,4,False,False,0,13335,DE,True,"Name.com, Inc.",3,731,True,,False,False,,benign,no_adverse_signal
ellefeel.top,2026-07-27,12,1.4056390622295665,0.0,0,1.0,-6.8599461538461535,high,0.625,2,0.375,True,NOERROR,6,60,1,2,True,False,0,63949,US,True,Dynadot LLC,3,365,True,,False,False,False,benign,no_adverse_signal
usecleaningleads.com,2026-07-27,20,3.202819531114783,0.0,0,0.7777777777777778,-6.349941379310345,low,0.48,3,0.625,True,NOERROR,2,300,0,2,False,False,0,16509,US,True,"Spaceship, Inc.",3,365,False,,False,False,,benign,no_adverse_signal
creeksideactive.com,2026-07-27,19,3.1068905956085184,0.0,0,0.875,-6.748262962962963,low,0.5926,2,0.6666666666666666,True,NOERROR,1,21600,0,2,False,False,0,16509,US,True,"TUCOWS.COM, CO.",372,730,True,,False,False,,benign,no_adverse_signal
907467.xyz,2026-07-27,10,2.2516291673878226,0.6,0,0.0,-11.306066666666666,high,0.3636,0,0.8333333333333334,False,NOERROR,0,,0,2,False,False,0,,,,"Cloudflare, Inc.",3,365,True,,,False,,benign,no_adverse_signal
bestspottingscopereviews.de,2026-07-27,27,3.4701755214643453,0.0,0,0.5,-6.543326666666667,low,0.4615,4,0.5416666666666666,True,NOERROR,2,3600,1,2,True,False,0,16509,US,True,,,,False,,False,False,,benign,no_adverse_signal
maeteans.com,2026-07-27,12,2.5,0.0,0,1.0,-6.785330769230769,low,0.6667,2,0.75,True,NOERROR,2,600,0,2,False,False,0,16509,US,True,"GoDaddy.com, LLC",3,365,True,,False,False,,benign,no_adverse_signal
goyhan.com,2026-07-27,10,2.584962500721156,0.0,0,0.5,-8.08998888888889,low,0.5455,2,1.0,True,NOERROR,1,3600,2,2,True,False,0,34619,TR,True,Nics Telekomunikasyon A.S.,3,365,True,,False,False,False,benign,no_adverse_signal
jexava.shop,2026-07-27,11,2.251629167387823,0.0,0,1.0,-8.426155555555555,low,0.5455,1,0.8333333333333334,True,NOERROR,1,1800,0,2,False,False,0,13335,CA,True,,,,False,,False,False,,benign,no_adverse_signal
dunegolfcartrental.com,2026-07-27,22,3.503258334775645,0.0,0,0.5,-6.793284848484848,low,0.4615,3,0.6666666666666666,True,NOERROR,1,1404,1,2,True,False,0,133618,US,True,"TUCOWS.COM, CO.",3,365,True,,False,False,False,benign,no_adverse_signal
wkagents.com,2026-07-27,12,3.0,0.0,0,0.3333333333333333,-7.0732923076923075,low,0.6154,3,1.0,False,NOERROR,0,,0,2,False,False,0,,,,Alibaba Cloud Computing Ltd. d/b/a HiChina (www.net.cn),3,365,False,,,False,,benign,no_adverse_signal
guilleyelnahual.mx,2026-07-27,18,2.973557262275185,0.0,0,0.875,-7.521374074074074,low,0.4,2,0.6,True,NOERROR,4,14400,1,4,True,False,0,53831,US,False,Key-Systems GmbH,5,365,False,,False,False,False,benign,no_adverse_signal
carrentto.com,2026-07-27,13,2.725480556997868,0.0,0,0.5,-6.428913333333333,low,0.5333,3,0.7777777777777778,True,NOERROR,2,300,1,2,False,False,2,13335,US,False,"NameSilo, LLC",3,365,True,,False,False,False,benign,no_adverse_signal
suariza.click,2026-07-27,13,2.5216406363433186,0.0,0,1.3333333333333333,-7.282181818181818,medium,0.5556,1,0.8571428571428571,True,NOERROR,2,300,0,2,False,False,2,13335,US,False,"Dynadot, LLC",3,365,False,,False,False,,benign,no_adverse_signal
gripforgestore.com,2026-07-27,18,3.039148671903071,0.0,0,0.5555555555555556,-6.675879999999999,low,0.5,2,0.6428571428571429,True,NOERROR,1,3600,1,2,True,False,0,133618,US,True,"TUCOWS.COM, CO.",3,365,True,0,False,False,False,benign,no_adverse_signal
hiddenhillrd.com,2026-07-27,16,2.688721875540867,0.0,0,0.3333333333333333,-7.875809523809524,low,0.5,4,0.5833333333333334,True,NOERROR,2,300,0,2,False,False,2,13335,US,False,"ENOM, INC.",3,365,True,,False,False,,benign,no_adverse_signal
pivostalacecraft.com,2026-07-27,20,3.452819531114783,0.0,0,0.6,-6.793799999999999,low,0.5,2,0.75,True,NOERROR,2,3600,0,2,False,False,0,16509,US,True,"GoDaddy.com, LLC",3,365,True,,False,False,,benign,no_adverse_signal
amaxirose.com,2026-07-27,13,2.94770277922009,0.0,0,1.25,-7.016533333333332,low,0.5882,1,0.8888888888888888,True,NOERROR,1,1463,1,2,True,False,0,133618,US,True,"TUCOWS.COM, CO.",3,365,True,,False,False,False,benign,no_adverse_signal
regalunicornacademy.com,2026-07-27,23,3.5766176449086653,0.0,0,0.7272727272727273,-6.6013,low,0.4286,2,0.6842105263157895,True,NOERROR,1,21600,0,2,False,False,0,16509,US,True,"TUCOWS.COM, CO.",1468,1826,True,,False,False,,benign,no_adverse_signal
oldiesmusic.online,2026-07-27,18,3.095795255000934,0.0,0,0.8333333333333334,-6.966563157894737,medium,0.5263,2,0.8181818181818182,True,NOERROR,2,300,0,2,False,False,2,13335,US,False,"Spaceship, Inc.",3,365,False,,False,False,,benign,no_adverse_signal
thesarkariresults.com,2026-07-27,21,3.175123135113461,0.0,0,0.5454545454545454,-6.685325806451613,low,0.4615,3,0.5882352941176471,True,NOERROR,2,60,2,2,True,False,2,47583,DE,False,"GoDaddy.com, LLC",3,365,True,,False,False,False,benign,no_adverse_signal
thecocatea.com,2026-07-27,14,2.5219280948873624,0.0,0,1.0,-6.3175,low,0.5882,2,0.6,True,NOERROR,1,3600,1,2,True,False,0,133618,US,True,"TUCOWS.COM, CO.",3,365,True,,False,False,False,benign,no_adverse_signal
xn--vhq524ao3e8q7d.com,2026-07-27,22,3.94770277922009,0.2727272727272727,2,0.42857142857142855,-11.484196969696969,low,0.3077,3,0.8888888888888888,False,timeout,0,,0,0,False,False,0,,,,Xin Net Technology Corporation,2199,2556,False,,,False,,benign,no_adverse_signal
dudes.fun,2026-07-27,9,1.9219280948873623,0.0,0,0.6666666666666666,-6.959714285714286,low,0.6667,1,0.8,True,NOERROR,2,3600,0,2,False,False,0,16509,US,True,"GoDaddy.com, LLC",3,365,True,,False,False,,benign,no_adverse_signal
little-miss-mahj.com,2026-07-27,20,3.25,0.0,2,0.4,-7.597493103448276,low,0.4444,3,0.625,True,NOERROR,2,300,5,2,True,False,2,13335,US,False,"GoDaddy.com, LLC",3,365,True,,False,False,False,benign,no_adverse_signal
44tt.org,2026-07-27,8,1.0,0.25,0,0.0,-11.36746,low,0.4444,2,0.5,True,NOERROR,2,300,0,2,False,False,2,13335,US,False,Dynadot Inc,3,365,False,,False,False,,benign,no_adverse_signal
dukanchat.in,2026-07-27,12,2.94770277922009,0.0,0,0.5,-6.91358,low,0.5882,3,0.8888888888888888,True,NOERROR,1,300,0,2,False,False,0,,IN,True,"HOSTINGER operations, UAB",3,365,False,,False,False,,benign,no_adverse_signal
hitelfokusz.hu,2026-07-27,14,3.459431618637298,0.0,0,0.5714285714285714,-7.634436842105264,low,0.5556,2,1.0,True,NOERROR,2,3600,2,4,True,False,0,13335,US,False,,5,,False,,False,False,False,benign,no_adverse_signal
sunhabitat.org,2026-07-27,14,2.9219280948873623,0.0,0,0.6666666666666666,-6.8742294117647065,low,0.5556,2,0.8,True,NOERROR,2,300,3,2,True,False,2,13335,US,False,"Spaceship, Inc.",3,365,False,,False,False,False,benign,no_adverse_signal
sonnenstecker.solar,2026-07-27,19,2.8150724101159437,0.0,0,0.4444444444444444,-6.237804347826088,low,0.5263,3,0.6153846153846154,True,NOERROR,1,300,1,2,False,False,1,51191,DE,True,,,,,,False,False,False,benign,no_adverse_signal
mhale-ux.com,2026-07-27,12,3.0,0.0,1,0.75,-8.122976923076923,low,0.5263,2,1.0,True,NOERROR,1,3600,1,2,True,False,0,133618,US,True,"TUCOWS.COM, CO.",3,365,True,,False,False,False,benign,no_adverse_signal
kadir030120.xyz,2026-07-27,15,3.027169118440619,0.4,0,0.6666666666666666,-9.509273684210527,high,0.4444,1,0.8181818181818182,True,NOERROR,2,50,0,4,False,False,0,,US,False,Porkbun LLC,380,730,False,3,False,False,,benign,no_adverse_signal
tmbfs9f.com,2026-07-27,11,2.521640636343318,0.09090909090909091,0,0.0,-10.783981818181818,low,0.4615,5,0.8571428571428571,True,NOERROR,2,300,0,2,False,True,2,13335,US,False,Realtime Register B.V.,3,365,False,,False,False,,benign,no_adverse_signal
swiftlyone.com,2026-07-27,14,3.321928094887362,0.0,0,0.42857142857142855,-7.526511764705882,low,0.5333,4,1.0,True,NOERROR,1,1800,5,2,True,False,0,22612,US,False,NAMECHEAP INC,3,365,True,,False,False,False,benign,no_adverse_signal
canyoninnmontpelier.homes,2026-07-27,25,3.321104330578489,0.0,0,0.5833333333333334,-6.949562857142857,low,0.4667,3,0.631578947368421,True,NOERROR,2,300,3,2,True,False,2,13335,US,False,Dynadot Inc,3,365,False,,False,False,False,benign,no_adverse_signal
94grados.do,2026-07-27,11,3.0,0.18181818181818182,0,0.5,-8.397815384615384,low,0.5882,2,1.0,False,NOERROR,0,,0,4,False,False,0,,,,Registrar NIC .DO (midominio.do),3,364,True,,,False,,benign,no_adverse_signal
ahxfx.com,2026-07-27,9,1.9219280948873623,0.0,0,0.25,-11.017742857142858,low,0.5,4,0.8,False,NOERROR,0,,0,2,False,False,0,,,,"COSMOTOWN, INC.",3,365,True,,,False,,benign,no_adverse_signal
7k4iyh.asia,2026-07-27,11,2.584962500721156,0.18181818181818182,0,0.3333333333333333,-12.408522222222224,low,0.4615,2,1.0,False,NOERROR,0,,0,2,False,False,0,,,,Eranet International Limited,3,365,True,,,False,,benign,no_adverse_signal
nqlcby731.vip,2026-07-27,13,3.169925001442312,0.23076923076923078,0,0.0,-11.577973333333334,low,0.375,6,1.0,True,NOERROR,13,10,0,2,False,True,0,64013,HK,False,Dynadot Inc,3,365,True,,False,True,,malicious,spamhaus_dbl
zhongkaozhiyuan.com,2026-07-27,19,3.2402239289418517,0.0,0,0.6666666666666666,-8.28668888888889,low,0.4762,3,0.6666666666666666,False,NOERROR,0,,0,2,False,False,0,,,,Alibaba Cloud Computing Ltd. d/b/a HiChina (www.net.cn),3,365,False,,,False,,benign,no_adverse_signal
lurasdelightsconsulting.com,2026-07-27,27,3.6753108689123644,0.0,0,0.4375,-6.674848837209303,low,0.439,5,0.6086956521739131,True,NOERROR,1,3600,0,2,True,False,0,209242,US,True,"GoDaddy.com, LLC",3,365,True,,False,False,,benign,no_adverse_signal
vmwf.nl,2026-07-27,7,2.0,0.0,0,0.0,-10.1594,low,0.5,4,1.0,True,NOERROR,2,300,0,2,False,False,2,13335,US,False,DEVEXPANSE LTD,6,,False,,False,False,,benign,no_adverse_signal
bitcoinfi.co,2026-07-27,12,2.6416041678685933,0.0,0,0.8,-6.85204,low,0.5882,2,0.7777777777777778,True,NOERROR,1,300,0,2,False,False,0,206834,DE,False,Dynadot3 LLC,5,365,False,,False,False,,benign,no_adverse_signal
equalcryptosecurity.com,2026-07-27,23,3.616348566075164,0.0,0,0.5833333333333334,-7.230948571428572,low,0.4516,6,0.6842105263157895,True,NOERROR,4,14400,0,4,True,False,0,53831,US,False,Squarespace Domains LLC,3,731,True,30,False,False,,benign,no_adverse_signal
mycreatemusic.space,2026-07-27,19,3.238901256602631,0.0,0,0.625,-6.785278260869565,low,0.5714,4,0.7692307692307693,True,NOERROR,1,3600,2,4,True,False,0,211642,RU,True,Registrar of Domain Names REG.RU LLC,3,365,False,,False,False,False,benign,no_adverse_signal
growthbase.wiki,2026-07-27,15,3.321928094887362,0.0,0,0.42857142857142855,-7.494470588235294,low,0.6316,4,1.0,False,NOERROR,0,,0,2,False,False,0,,,,"Spaceship, Inc.",3,365,True,,,False,,benign,no_adverse_signal
trystepper.com,2026-07-27,14,2.5219280948873624,0.0,0,0.25,-6.813017647058824,low,0.5455,5,0.6,True,NOERROR,1,1799,2,2,True,False,0,13335,CA,True,NAMECHEAP INC,3,365,True,,False,False,False,benign,no_adverse_signal
iczdgj711.vip,2026-07-27,13,2.9477027792200903,0.23076923076923078,0,0.2,-10.900506666666667,low,0.4286,5,0.8888888888888888,True,NOERROR,1,60,0,2,False,True,0,38186,HK,True,Dynadot Inc,3,365,True,,True,True,,malicious,spamhaus_zen
f3wnvmoj.top,2026-07-27,12,3.0,0.08333333333333333,0,0.16666666666666666,-10.571846153846154,high,0.4615,4,1.0,True,NOERROR,3,60,0,2,False,True,0,138995,US,False,Dominet (HK) Limited,3,365,True,,True,True,,malicious,spamhaus_zen
azwellspring.com,2026-07-27,16,3.418295834054489,0.0,0,0.3333333333333333,-7.155695238095238,low,0.6,5,0.9166666666666666,True,NOERROR,4,14400,0,4,True,False,0,53831,US,False,Squarespace Domains LLC,3,1096,True,,False,False,,benign,no_adverse_signal
e9e7dmb.surf,2026-07-27,12,2.5216406363433186,0.16666666666666666,0,0.6666666666666666,-11.999218181818181,low,0.4615,3,0.8571428571428571,True,NOERROR,1,10,0,2,False,False,0,138415,US,False,Dynadot Inc,3,365,True,,False,False,,benign,no_adverse_signal
zaqlnlry.top,2026-07-27,12,2.75,0.0,0,0.14285714285714285,-10.193284615384615,high,0.625,6,0.875,True,NOERROR,3,60,0,2,False,True,0,138995,US,False,Dominet (HK) Limited,3,365,True,,True,True,,malicious,spamhaus_zen
cssdevopler.com,2026-07-27,15,3.0957952550009344,0.0,0,0.375,-7.248678947368421,low,0.5263,4,0.8181818181818182,True,NOERROR,1,3600,2,4,True,False,1,8560,US,True,IONOS SE,3,365,True,,False,False,False,benign,no_adverse_signal
alienmachinebrasil.com,2026-07-27,22,3.30827083453526,0.0,0,0.8,-6.530848484848485,low,0.4848,2,0.6111111111111112,True,NOERROR,2,1800,0,2,False,False,0,16509,US,False,PDR Ltd. d/b/a PublicDomainRegistry.com,3,365,True,,False,False,,benign,no_adverse_signal
aisnap.co,2026-07-27,9,2.2516291673878226,0.0,0,1.0,-6.9947,low,0.6,2,0.8333333333333334,False,NOERROR,0,,0,2,False,False,0,,,,Dynadot Inc,5,365,False,,,False,,benign,no_adverse_signal
520bd123.com,2026-07-27,12,2.75,0.5,0,0.0,-10.34750769230769,low,0.3636,2,0.875,True,NOERROR,1,60,0,2,False,False,0,139341,SG,False,Dynadot Inc,3,365,False,,True,False,,malicious,spamhaus_zen
felspar.ink,2026-07-27,11,2.807354922057604,0.0,0,0.4,-6.865600000000001,low,0.5455,3,1.0,False,NOERROR,0,,1,2,True,False,0,,,,Porkbun,3,365,True,,,False,False,benign,no_adverse_signal
gardensareus.shop,2026-07-27,17,2.918295834054489,0.0,0,0.7142857142857143,-6.572376190476191,low,0.5455,2,0.6666666666666666,True,NOERROR,1,300,0,4,False,False,0,13335,DE,True,,,,False,,False,False,,benign,no_adverse_signal
yadtqj.top,2026-07-27,10,2.584962500721156,0.0,0,0.2,-10.098177777777778,high,0.5,4,1.0,False,NOERROR,0,,0,2,False,False,0,,,,Chengdu west dimension digital,3,365,True,,,False,,benign,no_adverse_signal
z83j7u.top,2026-07-27,10,2.584962500721156,0.3,0,0.5,-13.095777777777778,high,0.3636,1,1.0,True,NOERROR,3,3600,1,2,True,False,0,63949,US,True,"NameSilo, LLC",367,730,True,,False,False,True,benign,no_adverse_signal
hmadipius2.top,2026-07-27,14,3.121928094887362,0.07142857142857142,0,0.8,-7.906711764705882,high,0.5,2,0.9,False,NOERROR,0,,0,2,False,False,0,,,,Dynadot LLC,3,365,True,,,False,,benign,no_adverse_signal
sungbooneditorofficial.us,2026-07-27,25,3.6978458230844113,0.0,0,0.8333333333333334,-6.696375609756098,low,0.4737,3,0.6818181818181818,False,NXDOMAIN,0,,0,0,False,False,0,,,,"GoDaddy.com, LLC",3,365,False,,,False,,benign,no_adverse_signal
totalresetcode.com,2026-07-27,18,2.9852281360342525,0.0,0,0.75,-6.60626,low,0.5217,2,0.6428571428571429,True,NOERROR,2,600,0,2,False,False,0,16509,US,True,"GoDaddy.com, LLC",3,731,True,,False,False,,benign,no_adverse_signal
fotografiascuritiba.com.br,2026-07-27,26,3.326360407952693,0.0,0,0.9,-6.996448571428571,low,0.4571,2,0.5789473684210527,True,NOERROR,3,3600,0,2,False,False,0,58182,US,True,,5,365,False,,False,False,,benign,no_adverse_signal
yuzdeyuzmoda.info,2026-07-27,17,2.9182958340544896,0.0,0,0.7142857142857143,-8.744638095238095,medium,0.4444,2,0.6666666666666666,True,NOERROR,1,3600,0,3,False,False,0,197720,TR,True,,,,,,False,False,,benign,no_adverse_signal
sarmedaljabiry.com,2026-07-27,18,3.3248629576173574,0.0,0,0.5555555555555556,-7.404084,low,0.5,2,0.7857142857142857,True,NOERROR,2,60,0,2,False,False,2,47583,DE,False,"HOSTINGER operations, UAB",3,365,False,,False,False,,benign,no_adverse_signal
lisamarievocalistgoldenera.com,2026-07-27,30,3.6133373140453067,0.0,0,0.8571428571428571,-6.58515306122449,low,0.4324,3,0.5384615384615384,True,NOERROR,1,3600,1,3,True,False,0,396982,NL,True,Hosting Concepts B.V. d/b/a Registrar.eu,3,365,True,0,False,False,False,benign,no_adverse_signal
lyluwt3d.top,2026-07-27,12,2.75,0.08333333333333333,0,0.16666666666666666,-10.213576923076923,high,0.4615,3,0.875,True,NOERROR,3,60,0,2,False,True,0,138995,US,False,Dominet (HK) Limited,3,365,True,,True,True,,malicious,spamhaus_zen
think-less.com,2026-07-27,14,3.1219280948873624,0.0,1,0.2857142857142857,-7.0782823529411765,low,0.4706,2,0.9,True,NOERROR,3,3600,0,2,False,False,0,58182,US,True,Wix.com Ltd.,3,365,True,,False,False,,benign,no_adverse_signal
eybii.show,2026-07-27,10,1.9219280948873623,0.0,0,1.5,-8.4108,low,0.5455,2,0.8,True,NOERROR,1,1,0,2,False,True,0,4907,JP,False,,,,,,True,True,,malicious,spamhaus_zen
lersle.dev,2026-07-27,10,1.9182958340544893,0.0,0,0.5,-6.656455555555556,low,0.5455,3,0.6666666666666666,True,NOERROR,1,300,0,4,False,False,0,16509,US,False,,,,False,,False,False,,benign,no_adverse_signal
geanicola.com,2026-07-27,13,2.94770277922009,0.0,0,1.25,-6.34272,low,0.5714,1,0.8888888888888888,False,NOERROR,0,,0,2,False,False,0,,,,"COSMOTOWN, INC.",3,365,True,,,False,,benign,no_adverse_signal
horologium.auction,2026-07-27,18,2.8464393446710154,0.0,0,1.0,-7.002605882352942,low,0.5,1,0.8,True,NOERROR,1,300,0,2,False,False,0,206834,DE,False,,,,,,False,False,,benign,no_adverse_signal
tlxlogistics.co,2026-07-27,15,2.9182958340544896,0.0,0,0.3333333333333333,-7.562452380952381,low,0.5,4,0.6666666666666666,True,NOERROR,2,3600,1,2,False,False,0,16509,US,True,"GoDaddy.com, LLC",4,365,True,,False,False,False,benign,no_adverse_signal
arringtongraphics.com,2026-07-27,21,3.3371753411230776,0.0,0,0.4166666666666667,-6.726996774193548,low,0.5806,3,0.6470588235294118,False,NOERROR,0,,3,2,True,False,0,,,,IONOS SE,3,365,True,,,False,False,benign,no_adverse_signal
a2041040123-kv3202.top,2026-07-27,22,2.94770277922009,0.6363636363636364,1,0.5,-10.63109696969697,high,0.2,2,0.5,False,NXDOMAIN,0,,0,0,False,False,0,,,,,,,False,,,False,,benign,no_adverse_signal
clknebwe.shop,2026-07-27,13,2.75,0.0,0,0.3333333333333333,-8.565807692307693,low,0.5,4,0.875,True,NOERROR,2,300,2,2,True,False,2,13335,US,False,,,,False,,False,False,False,benign,no_adverse_signal
ae777.wine,2026-07-27,10,1.3709505944546687,0.3,0,2.0,-9.514357142857142,low,0.4444,0,0.6,True,NOERROR,2,300,0,2,False,False,2,13335,US,False,,,,,,False,False,,benign,no_adverse_signal
exploitgroup.com,2026-07-27,16,3.2516291673878226,0.0,0,0.7142857142857143,-7.322761904761904,low,0.4762,3,0.8333333333333334,True,NOERROR,1,21600,0,2,False,False,0,16509,US,True,"TUCOWS.COM, CO.",2198,2556,True,,False,False,,benign,no_adverse_signal
1188smsverify.com,2026-07-27,17,3.238901256602631,0.23529411764705882,0,0.2857142857142857,-8.322108695652174,low,0.5,4,0.7692307692307693,True,NOERROR,1,14400,1,2,True,False,0,36352,US,True,"NameSilo, LLC",3,365,False,,False,False,False,benign,no_adverse_signal
gacam88.pro,2026-07-27,11,2.2359263506290326,0.18181818181818182,0,0.6666666666666666,-8.095636363636363,low,0.5455,1,0.7142857142857143,True,NOERROR,1,300,0,2,False,False,0,206834,DE,False,,,,,,False,False,,benign,no_adverse_signal
maxlink.live,2026-07-27,12,2.807354922057604,0.0,0,0.4,-7.0321454545454545,low,0.6154,2,1.0,True,NOERROR,1,60,0,2,False,False,0,212171,FI,False,,,,False,,False,False,,benign,no_adverse_signal
facepaykantin.me,2026-07-27,16,3.180832987205441,0.0,0,0.625,-6.889430434782608,low,0.5833,2,0.7692307692307693,True,NOERROR,1,21600,1,5,False,False,0,34119,GB,False,NAMECHEAP INC,3,365,True,,False,False,False,benign,no_adverse_signal
e2biet.org,2026-07-27,10,2.2516291673878226,0.1,0,1.5,-8.6341,low,0.6667,1,0.8333333333333334,True,NOERROR,2,300,0,2,False,False,2,13335,US,False,Dynadot Inc,3,365,False,,False,False,,benign,no_adverse_signal
maslanka.biz,2026-07-27,12,2.4056390622295662,0.0,0,0.6,-6.677892307692308,low,0.6154,2,0.75,True,NOERROR,1,3600,6,2,True,False,0,57367,PL,True,"OVH, SAS",2927,3287,True,,False,False,False,benign,no_adverse_signal
txtbasedmedia.com,2026-07-27,17,3.085055102756477,0.0,0,0.625,-7.237495652173913,low,0.6667,4,0.6923076923076923,True,NOERROR,1,300,0,4,False,False,0,16509,US,False,"Name.com, Inc.",2,365,True,,False,False,,benign,no_adverse_signal
wealthgrowthvault.info,2026-07-27,22,3.337175341123077,0.0,0,0.4166666666666667,-7.766667741935484,medium,0.5,5,0.6470588235294118,True,NOERROR,1,14400,1,2,True,False,0,216154,NL,True,,,,,,False,False,False,benign,no_adverse_signal
jingcaizuqiushengpingfuwanfatouzhu.cn,2026-07-27,37,3.819244738933758,0.0,0,0.7,-7.940107692307691,low,0.2667,3,0.5,True,NOERROR,1,300,0,2,False,False,0,132839,SC,False,北京新网数码信息技术有限公司,5,365,False,,False,False,,benign,no_adverse_signal
555a.app,2026-07-27,8,0.8112781244591328,0.375,0,1.0,-10.09484,low,0.2857,0,0.5,True,NOERROR,2,300,0,2,False,False,2,13335,US,False,,,,False,,False,False,,benign,no_adverse_signal
solved-inc.com,2026-07-27,14,3.321928094887362,0.0,1,0.5,-7.485552941176471,low,0.5556,2,1.0,True,NOERROR,4,14400,1,4,True,False,0,53831,US,False,Squarespace Domains II LLC,3,365,True,,False,False,False,benign,no_adverse_signal
zweimaenner.com,2026-07-27,15,2.8453509366224368,0.0,0,0.8333333333333334,-7.363026315789474,low,0.5556,2,0.7272727272727273,True,NOERROR,1,300,0,4,False,False,0,13335,DE,True,"Name.com, Inc.",3,365,True,,False,False,,benign,no_adverse_signal
wattpartner.fr,2026-07-27,14,2.663532754804255,0.0,0,0.375,-6.748294736842105,low,0.5556,3,0.6363636363636364,True,NOERROR,1,3600,2,4,True,False,1,8560,DE,True,IONOS SE,2,364,False,,False,False,False,benign,no_adverse_signal
kh99.bid,2026-07-27,8,1.5,0.25,0,0.0,-10.78044,low,0.3636,2,0.75,True,NOERROR,2,300,0,2,False,False,2,13335,US,False,,,,False,,False,False,,benign,no_adverse_signal
947tümbet.com,2026-07-27,13,2.94770277922009,0.23076923076923078,0,0.2,-11.314866666666667,low,0.4706,4,0.8888888888888888,True,NOERROR,2,600,0,2,False,False,0,16509,US,True,"GoDaddy.com, LLC",3,365,True,,False,False,,benign,no_adverse_signal
hlwbgr670.shop,2026-07-27,14,3.169925001442312,0.21428571428571427,0,0.0,-11.02932,low,0.375,6,1.0,True,NOERROR,1,600,0,2,False,False,0,140227,HK,False,,,,False,,False,True,,malicious,spamhaus_dbl
cosabella.us,2026-07-27,12,2.725480556997868,0.0,0,0.8,-6.68194,low,0.625,2,0.7777777777777778,True,NOERROR,1,14399,1,2,True,False,0,47846,DE,False,Dynadot Inc,3,365,False,,False,False,,benign,no_adverse_signal
labvbo.art,2026-07-27,10,2.2516291673878226,0.0,0,0.5,-8.619355555555554,low,0.5455,3,0.8333333333333334,True,NOERROR,1,1800,0,0,False,False,0,58182,US,True,"TUCOWS.COM, CO.",372,730,True,,False,False,,benign,no_adverse_signal
getränkeschuppen.com,2026-07-27,20,3.452819531114783,0.0,0,0.3333333333333333,-8.408496551724138,low,0.4348,5,0.75,True,NOERROR,1,3600,2,4,True,False,1,8560,DE,True,IONOS SE,3,365,True,,False,False,False,benign,no_adverse_signal
mayukokominami.com,2026-07-27,18,2.8962915290459277,0.0,0,1.0,-7.2688,low,0.5,1,0.5714285714285714,True,NOERROR,1,3600,1,5,True,False,0,131965,JP,True,"GMO Internet, Inc.",23,365,True,,False,False,False,benign,no_adverse_signal
texasbullionaire.com,2026-07-27,20,3.5,0.0,0,1.0,-6.925503448275862,low,0.4615,2,0.75,True,NOERROR,2,600,0,2,False,False,0,16509,US,True,"GoDaddy.com, LLC",3,365,True,,False,False,,benign,no_adverse_signal
samanthakusi.com,2026-07-27,16,3.0220552088742,0.0,0,0.7142857142857143,-6.683333333333333,low,0.6087,3,0.75,True,NOERROR,1,21600,0,2,False,False,0,16509,US,True,"TUCOWS.COM, CO.",1833,2191,True,,False,False,,benign,no_adverse_signal
asrearad.com,2026-07-27,12,2.1556390622295662,0.0,0,1.0,-6.409084615384615,low,0.5714,2,0.625,False,timeout,0,,0,0,False,False,0,,,,CSL Computer Service Langenbach GmbH d/b/a joker.com,5506,5844,False,,,False,,benign,no_adverse_signal
quanh97zaixianwanwangzhi.com.cn,2026-07-27,31,3.319773835029478,0.06451612903225806,0,0.6923076923076923,-8.498042222222223,low,0.303,4,0.5,True,NOERROR,1,300,0,2,False,False,0,132839,SC,False,北京新网数码信息技术有限公司,13,365,False,,False,False,,benign,no_adverse_signal
homearpa.top,2026-07-27,12,2.75,0.0,0,1.0,-6.651484615384616,high,0.5333,2,0.875,False,NOERROR,0,,0,4,False,False,0,,,,Porkbun LLC,3,365,False,,,False,,benign,no_adverse_signal
growwithsingh.ca,2026-07-27,16,3.085055102756477,0.0,0,0.3,-7.258660869565217,low,0.4211,3,0.6923076923076923,True,NOERROR,1,3600,0,2,False,False,0,51167,FR,True,"Go Daddy Domains Canada, Inc",4,365,False,,False,False,,benign,no_adverse_signal
fwqwd.de,2026-07-27,8,1.9219280948873623,0.0,0,0.0,-11.963385714285716,low,0.5,5,0.8,True,NOERROR,2,3600,1,2,True,False,0,16509,US,True,,,,False,,False,False,,benign,no_adverse_signal
holiganbet-appcasino.icu,2026-07-27,24,3.6841837197791887,0.0,1,0.7272727272727273,-6.843786486486486,low,0.4375,3,0.7,True,NOERROR,1,300,0,2,False,True,0,749,US,False,"NICENIC INTERNATIONAL GROUP CO., LIMITED",3,365,False,,False,True,,malicious,spamhaus_dbl
diceberry.ventures,2026-07-27,18,2.725480556997868,0.0,0,0.5,-6.813573333333333,low,0.5882,3,0.7777777777777778,True,NOERROR,1,60,0,2,False,False,0,30058,US,False,,,,,,False,False,,benign,no_adverse_signal
shopthinkcarusa.shop,2026-07-27,20,3.5068905956085183,0.0,0,0.5,-6.979003703703704,low,0.48,3,0.8,True,NOERROR,1,300,0,2,False,False,0,,GE,False,,,,False,,True,False,,malicious,spamhaus_zen
b371.buzz,2026-07-27,9,2.0,0.3333333333333333,0,0.0,-10.91918,high,0.2857,1,1.0,True,NOERROR,2,300,0,2,False,False,2,13335,US,False,"Spaceship, Inc.",3,365,False,,False,False,,benign,no_adverse_signal
mikingdesign.com,2026-07-27,16,2.8553885422075336,0.0,0,0.5,-6.82365238095238,low,0.5,3,0.6666666666666666,True,NOERROR,1,3600,1,2,True,False,0,133618,US,True,"TUCOWS.COM, CO.",3,365,True,,False,False,False,benign,no_adverse_signal
crazymaz.online,2026-07-27,15,2.5,0.0,0,0.3333333333333333,-7.771361538461538,medium,0.5714,3,0.75,True,NOERROR,1,3600,2,4,True,False,1,8560,DE,True,IONOS SE,3,365,False,,False,False,False,benign,no_adverse_signal
morestoriestomorrow.com,2026-07-27,23,2.794788541104806,0.0,0,0.7272727272727273,-6.248102857142857,low,0.4118,2,0.42105263157894735,False,NOERROR,0,,0,2,False,False,0,,,,Dominet (HK) Limited,3,365,False,,,False,,benign,no_adverse_signal
verradofootballboosters.com,2026-07-27,27,3.2903216092483056,0.0,0,0.6428571428571429,-6.641423255813954,low,0.3784,3,0.4782608695652174,True,NOERROR,1,2854,1,2,True,False,0,133618,US,True,"TUCOWS.COM, CO.",3,365,True,,False,False,False,benign,no_adverse_signal
exalextur.blog,2026-07-27,14,2.725480556997868,0.0,0,0.8,-7.255579999999999,low,0.625,2,0.7777777777777778,True,NOERROR,2,300,0,2,False,False,2,13335,US,False,"Spaceship, Inc.",3,365,True,,False,False,,benign,no_adverse_signal
gomovie.site,2026-07-27,12,2.5216406363433186,0.0,0,1.3333333333333333,-6.7611,medium,0.6667,1,0.8571428571428571,True,NOERROR,1,14400,1,2,True,False,0,24940,DE,True,"GoDaddy.com, LLC",3,365,False,,True,False,True,malicious,spamhaus_zen
jhv-studienkolleg-tool.de,2026-07-27,25,3.754441845713345,0.0,2,0.5384615384615384,-7.863151219512195,low,0.4118,3,0.6818181818181818,True,NOERROR,1,3600,2,2,False,False,0,24940,DE,True,,,,False,,False,False,False,benign,no_adverse_signal
misirs.com,2026-07-27,10,1.9182958340544893,0.0,0,0.5,-6.847988888888889,low,0.6,2,0.6666666666666666,False,NOERROR,0,,0,2,False,False,0,,,,DomainRegistry.com LLC,3,365,False,,,False,,benign,no_adverse_signal
huigui.ai,2026-07-27,9,1.9182958340544893,0.0,0,2.0,-8.077044444444445,low,0.5,1,0.6666666666666666,True,NOERROR,2,300,0,2,False,False,2,13335,US,False,"Cloudflare, Inc",4,731,True,,False,False,,benign,no_adverse_signal
oweoyk.asia,2026-07-27,11,2.2516291673878226,0.0,0,1.0,-9.382833333333332,low,0.5455,2,0.8333333333333334,False,NOERROR,0,,0,2,False,False,0,,,,Eranet International Limited,3,365,True,,,False,,benign,no_adverse_signal
techcosinkal.mom,2026-07-27,16,3.418295834054489,0.0,0,0.5,-6.7798,low,0.5263,3,0.9166666666666666,False,NOERROR,0,,1,2,True,False,0,,,,"Spaceship, Inc.",3,365,False,,,False,False,benign,no_adverse_signal
hederyd.se,2026-07-27,10,2.2359263506290326,0.0,0,0.4,-6.910781818181818,low,0.5714,3,0.7142857142857143,True,NOERROR,2,300,1,2,True,False,2,13335,US,False,Loopia AB,4,365,False,,False,False,False,benign,no_adverse_signal
dcbjaunpur.bank.in,2026-07-27,18,3.121928094887362,0.0,0,0.42857142857142855,-8.880935294117647,low,0.5,4,0.9,True,NOERROR,1,21600,1,2,True,False,0,16276,IN,True,National Internet Exchange of India,7831,8035,False,,False,False,False,benign,no_adverse_signal
barchartprophecy.com,2026-07-27,20,3.202819531114783,0.0,0,0.3333333333333333,-6.896548275862068,low,0.5,4,0.625,True,NOERROR,1,60,1,4,True,False,0,16509,US,True,"Spaceship, Inc.",3,365,False,,False,False,False,benign,no_adverse_signal
charlottetucker.app,2026-07-27,19,3.1898980954642875,0.0,0,0.5,-6.765477777777778,low,0.4762,2,0.6666666666666666,True,NOERROR,2,300,0,2,False,False,2,13335,US,False,,,,False,,False,False,,benign,no_adverse_signal
fo4d7r.asia,2026-07-27,11,2.584962500721156,0.18181818181818182,0,0.3333333333333333,-11.637488888888889,low,0.5455,1,1.0,False,NOERROR,0,,0,2,False,False,0,,,,Eranet International Limited,3,365,True,,,False,,benign,no_adverse_signal
drees-neuhardenberg.de,2026-07-27,22,3.1761102515172537,0.0,1,0.6363636363636364,-7.21812,low,0.4828,2,0.5789473684210527,True,NOERROR,9,3600,1,2,False,False,0,60592,CZ,False,,,,False,,True,False,False,malicious,spamhaus_zen
itruyenhay.org,2026-07-27,14,3.121928094887362,0.0,0,0.6666666666666666,-7.468717647058823,low,0.5556,2,0.9,True,NOERROR,2,300,0,2,False,False,2,13335,US,False,"Cloudflare, Inc.",3,365,False,,False,False,,benign,no_adverse_signal
vocue.app,2026-07-27,9,2.321928094887362,0.0,0,1.5,-7.766214285714286,low,0.5455,1,1.0,True,NOERROR,1,60,2,2,True,False,0,47583,US,True,,,,False,,False,False,False,benign,no_adverse_signal
tiendaclau24hs.lat,2026-07-27,18,3.6644977792004623,0.1111111111111111,0,0.7142857142857143,-7.953608,low,0.4545,2,0.9285714285714286,True,NOERROR,1,300,0,2,True,False,0,396982,NL,True,NAMECHEAP INC,3,365,True,,False,False,,benign,no_adverse_signal
jktvsp035.top,2026-07-27,13,3.169925001442312,0.23076923076923078,0,0.0,-10.125753333333334,high,0.375,6,1.0,True,NOERROR,1,300,0,2,False,False,0,16509,US,True,Dynadot LLC,3,365,True,,False,False,,benign,no_adverse_signal
meowshekan.fun,2026-07-27,14,3.121928094887362,0.0,0,0.6666666666666666,-7.448764705882353,low,0.5333,3,0.9,False,NOERROR,0,,0,2,False,False,0,,,,"HOSTINGER operations, UAB",3,365,False,,,False,,benign,no_adverse_signal
libertywitchusa.com,2026-07-27,19,3.640223928941851,0.0,0,0.5,-7.123225925925926,low,0.5714,4,0.8666666666666667,True,NOERROR,2,31,2,4,True,False,0,,US,False,Porkbun LLC,3,1096,False,,False,False,False,benign,no_adverse_signal
nbc666.icu,2026-07-27,10,1.792481250360578,0.3,0,0.0,-10.114688888888889,low,0.6,3,0.6666666666666666,False,NXDOMAIN,0,,0,0,False,False,0,,,,,,,False,,,False,,benign,no_adverse_signal
ux30gxpf.top,2026-07-27,12,2.75,0.16666666666666666,0,0.2,-11.529492307692307,high,0.3636,4,0.875,True,NOERROR,3,60,0,2,False,True,0,138995,US,False,Dominet (HK) Limited,3,365,True,,True,True,,malicious,spamhaus_zen
setzinnovation.com,2026-07-27,18,3.039148671903071,0.0,0,0.75,-6.916824,low,0.56,2,0.6428571428571429,True,NOERROR,1,1800,2,2,True,False,0,22612,US,False,NAMECHEAP INC,3,365,True,,False,False,False,benign,no_adverse_signal
opvlentstyle.com,2026-07-27,16,3.084962500721156,0.0,0,0.3333333333333333,-7.628323809523809,low,0.5455,6,0.75,True,NOERROR,1,21600,0,4,False,False,1,13335,CA,True,"TUCOWS.COM, CO.",3,365,True,,False,False,,benign,no_adverse_signal
ytsp111.cc,2026-07-27,10,2.128085278891394,0.3,0,0.0,-9.0302,low,0.4286,4,0.7142857142857143,True,NOERROR,1,1,0,2,False,True,0,40065,US,False,"NameSilo, LLC",3,365,True,,False,False,,benign,no_adverse_signal
zenmanga.org,2026-07-27,12,2.5,0.0,0,0.6,-6.616276923076923,low,0.5714,2,0.75,True,NOERROR,1,3168,1,2,True,False,0,133618,US,True,"TUCOWS.COM, CO.",3,365,True,,False,False,False,benign,no_adverse_signal
businessprimebr.fit,2026-07-27,19,3.056564762130954,0.0,0,0.5,-6.469881481481481,low,0.6,4,0.6,True,NOERROR,2,300,3,2,True,False,2,13335,US,False,NAMECHEAP INC,3,365,True,,False,False,False,benign,no_adverse_signal
inspirebyc.fr,2026-07-27,13,3.121928094887362,0.0,0,0.42857142857142855,-7.077741176470589,low,0.5217,3,0.9,True,NOERROR,2,60,0,2,False,False,2,47583,DE,False,Hostinger operations UAB,2,364,False,,False,False,,benign,no_adverse_signal
flameframe.pl,2026-07-27,13,2.5219280948873624,0.0,0,0.6666666666666666,-6.645629411764706,low,0.5556,2,0.6,True,NOERROR,2,300,0,2,False,False,2,13335,US,False,cyber_Folks S.A.,3,365,False,,False,False,,benign,no_adverse_signal
cs2lobbies.xyz,2026-07-27,14,2.9219280948873623,0.07142857142857142,0,0.5,-8.78525294117647,high,0.5,2,0.8,False,timeout,0,,0,0,False,False,0,,,,NAMECHEAP INC,3,365,True,,,False,,benign,no_adverse_signal
mutierdemxplay.xyz,2026-07-27,18,3.521640636343319,0.0,0,0.5555555555555556,-7.36362,high,0.4545,4,0.8571428571428571,True,NOERROR,2,44,0,4,False,False,0,,US,False,Porkbun LLC,380,730,False,3,False,False,,benign,no_adverse_signal
elearngridz.online,2026-07-27,18,3.0957952550009344,0.0,0,0.5714285714285714,-7.014247368421053,medium,0.5556,4,0.8181818181818182,True,NOERROR,1,3600,1,4,True,False,1,48254,GB,True,"HOSTINGER operations, UAB",3,365,False,,False,False,False,benign,no_adverse_signal
baseballissick.net,2026-07-27,18,2.8962915290459277,0.0,0,0.5555555555555556,-6.485648,low,0.48,2,0.5714285714285714,True,NOERROR,2,43,0,4,False,False,0,,US,False,Porkbun LLC,381,730,False,3,False,False,,benign,no_adverse_signal
rajvimalgroup.com,2026-07-27,17,3.3927474104487847,0.0,0,0.625,-7.661017391304348,low,0.5185,3,0.8461538461538461,True,NOERROR,1,600,0,2,False,False,0,199404,IN,True,"GoDaddy.com, LLC",3,1096,True,,False,False,,benign,no_adverse_signal
bigchance.shop,2026-07-27,14,2.94770277922009,0.0,0,0.5,-6.839793333333334,low,0.75,3,0.8888888888888888,True,NOERROR,1,60,5,2,True,False,0,14061,DE,False,,,,False,,False,False,False,benign,no_adverse_signal
cikqujwox.shop,2026-07-27,14,3.169925001442312,0.0,0,0.5,-10.562013333333335,low,0.4615,2,1.0,True,NOERROR,1,300,0,2,False,False,0,36352,US,True,,,,False,,True,False,,malicious,spamhaus_zen
ae69tnpvmk16vxppre05383.com,2026-07-27,27,3.9690016298759936,0.3333333333333333,0,0.2727272727272727,-11.196951162790699,low,0.3636,6,0.7391304347826086,False,NOERROR,0,,5,2,True,False,0,,,,NAMECHEAP INC,3,365,True,,,False,False,benign,no_adverse_signal
khirurg-film.rest,2026-07-27,17,3.2516291673878226,0.0,1,0.375,-8.169366666666667,low,0.5263,2,0.8333333333333334,True,NOERROR,1,3600,0,2,False,False,0,207728,NL,True,"Spaceship, Inc.",3,365,False,,False,False,,benign,no_adverse_signal
futbollive20206.com,2026-07-27,19,3.506890595608519,0.2631578947368421,0,0.6666666666666666,-8.073533333333334,low,0.5217,2,0.8,True,NOERROR,1,1378,1,2,True,False,0,133618,AU,True,"TUCOWS.COM, CO.",3,365,True,,False,False,False,benign,no_adverse_signal
krevel.shop,2026-07-27,11,2.2516291673878226,0.0,0,0.5,-6.837944444444444,low,0.5455,2,0.8333333333333334,True,NOERROR,2,300,3,2,True,False,2,13335,US,False,,,,False,,False,False,False,benign,no_adverse_signal
donkeybuy.shop,2026-07-27,14,2.94770277922009,0.0,0,0.5,-7.6557933333333335,low,0.5333,2,0.8888888888888888,False,NXDOMAIN,0,,0,0,False,False,0,,,,,,,False,,,False,,benign,no_adverse_signal
77an.pro,2026-07-27,8,1.5,0.25,0,1.0,-9.93838,low,0.5,1,0.75,True,NOERROR,2,300,0,2,False,False,2,13335,US,False,,,,,,False,False,,benign,no_adverse_signal
kameraworkmedia.com,2026-07-27,19,3.0565647621309533,0.0,0,0.875,-6.662125925925926,low,0.64,3,0.6,True,NOERROR,3,3600,0,2,False,False,0,58182,US,True,Wix.com Ltd.,3,365,True,,False,False,,benign,no_adverse_signal
defenddatanetwork.com,2026-07-27,21,3.1751231351134614,0.0,0,0.5454545454545454,-6.665009677419355,low,0.6,3,0.5882352941176471,True,NOERROR,1,3600,1,2,True,False,0,133618,AU,True,"TUCOWS.COM, CO.",3,365,True,,False,False,False,benign,no_adverse_signal
timeforchangepersonaltraining.org,2026-07-27,33,3.71937582241537,0.0,0,0.6111111111111112,-6.340920000000001,low,0.3636,3,0.5172413793103449,False,NOERROR,0,,0,2,False,False,0,,,,"Spaceship, Inc.",3,365,False,,,False,,benign,no_adverse_signal
tx900.sbs,2026-07-27,9,1.9219280948873623,0.3333333333333333,0,0.0,-11.308914285714286,low,0.3333,2,0.8,True,NOERROR,2,300,0,2,False,False,2,13335,US,False,"NameSilo, LLC",3,365,False,,False,False,,benign,no_adverse_signal
sutragraph.org,2026-07-27,14,2.921928094887362,0.0,0,0.42857142857142855,-6.903735294117647,low,0.6316,2,0.8,True,NOERROR,2,1799,5,2,True,False,0,16509,US,True,NAMECHEAP INC,3,365,True,,False,False,False,benign,no_adverse_signal
sagamtech.net,2026-07-27,13,2.94770277922009,0.0,0,0.5,-6.800026666666667,low,0.7368,2,0.8888888888888888,True,NOERROR,2,60,0,2,False,False,2,47583,DE,False,"HOSTINGER operations, UAB",3,365,False,,False,False,,benign,no_adverse_signal
gazette-immobiliere.com,2026-07-27,23,3.3660913291191914,0.0,1,1.0,-7.017362857142857,low,0.5926,2,0.631578947368421,True,NOERROR,2,300,0,2,False,False,2,13335,US,False,"Spaceship, Inc.",3,365,False,,False,False,,benign,no_adverse_signal
lz5jumahu74.icu,2026-07-27,15,3.277613436819116,0.2,0,0.6,-10.605836842105264,low,0.3333,2,0.9090909090909091,False,NOERROR,0,,0,2,False,False,0,,,,GLOBAL ASSET DOMAINS INC,3,365,True,,,True,,malicious,spamhaus_dbl
fbe8.bet,2026-07-27,8,2.0,0.125,0,0.5,-9.631960000000001,low,0.6,2,1.0,True,NOERROR,2,300,0,2,False,False,2,13335,US,False,,,,,,False,False,,benign,no_adverse_signal
gg5gamess.com,2026-07-27,13,2.4193819456463714,0.07692307692307693,0,0.3333333333333333,-8.133913333333334,low,0.7059,2,0.6666666666666666,True,NOERROR,2,300,0,2,False,False,2,13335,US,False,Dominet (HK) Limited,3,365,False,,False,False,,benign,no_adverse_signal
pokersonar.app,2026-07-27,14,2.9219280948873623,0.0,0,0.6666666666666666,-6.385164705882353,low,0.5882,2,0.8,True,NOERROR,1,1800,5,2,True,False,0,22612,US,False,,,,False,,False,False,False,benign,no_adverse_signal
nuvistaadvisory.com,2026-07-27,19,3.373557262275185,0.0,0,0.6666666666666666,-7.163288888888888,low,0.5185,2,0.7333333333333333,True,NOERROR,2,600,2,2,True,False,0,16509,US,True,"GoDaddy.com, LLC",3,365,True,,False,False,False,benign,no_adverse_signal
ctwng.icu,2026-07-27,9,2.321928094887362,0.0,0,0.0,-8.743857142857143,low,0.5,5,1.0,True,NOERROR,9,3600,1,2,False,False,0,60592,CZ,False,"Gransy, s.r.o.",3,365,False,,True,False,False,malicious,spamhaus_zen
seafoodwala.in,2026-07-27,14,2.8453509366224368,0.0,0,1.2,-7.166863157894737,low,0.5556,2,0.7272727272727273,True,NOERROR,2,300,0,2,False,False,2,47583,LT,True,"HOSTINGER operations, UAB",3,365,False,,False,False,,benign,no_adverse_signal
signvm.net,2026-07-27,10,2.584962500721156,0.0,0,0.2,-8.402544444444445,low,0.6154,4,1.0,True,NOERROR,2,300,0,2,True,False,2,13335,US,False,"Network Solutions, LLC",3,365,True,,False,False,,benign,no_adverse_signal
89883.app,2026-07-27,9,1.3709505944546687,0.5555555555555556,0,0.0,-10.13397142857143,low,0.25,0,0.6,True,NOERROR,1,300,0,2,False,False,0,7483,TW,False,,,,False,,False,False,,benign,no_adverse_signal
bertico-resine.fr,2026-07-27,17,3.182005814760214,0.0,1,0.8571428571428571,-6.474668,low,0.4828,2,0.7142857142857143,True,NOERROR,1,3600,3,2,True,False,1,16276,FR,True,OVH,2,1095,False,,False,False,False,benign,no_adverse_signal
primeamzline.info,2026-07-27,17,3.0849625007211556,0.0,0,0.7142857142857143,-7.011466666666667,medium,0.5263,3,0.75,True,NOERROR,1,1800,1,2,True,False,0,22612,US,False,,,,,,False,False,False,benign,no_adverse_signal
rdquideve1.top,2026-07-27,14,2.9219280948873623,0.07142857142857142,0,0.8,-8.191311764705882,high,0.5,3,0.8,False,NOERROR,0,,0,2,False,False,0,,,,Dynadot LLC,3,365,True,,,False,,benign,no_adverse_signal
studiolegalequimi.com,2026-07-27,21,3.4548223999466066,0.0,0,1.125,-7.1257419354838705,low,0.48,2,0.7058823529411765,True,NOERROR,1,21600,0,2,False,False,0,16509,US,True,"TUCOWS.COM, CO.",3659,4017,True,,False,False,,benign,no_adverse_signal
natasas-hair-and-beauty.co.uk,2026-07-27,29,3.3816201079487347,0.0,3,0.8181818181818182,-7.332204651162791,low,0.5,2,0.5652173913043478,True,NOERROR,1,3600,1,3,True,False,0,396982,NL,True,Hosting Concepts B.V. [Tag = REGISTRAR-EU],4,365,False,0,False,False,False,benign,no_adverse_signal
wisowi.com,2026-07-27,10,1.9182958340544893,0.0,0,1.0,-7.412477777777777,low,0.6154,1,0.6666666666666666,False,NOERROR,0,,1,2,False,False,0,,,,"Spaceship, Inc.",3,365,False,,,False,False,benign,no_adverse_signal
obaidullahaluminiumandglass.online,2026-07-27,34,3.3800943362833302,0.0,0,0.8,-7.064313725490197,medium,0.4,4,0.4444444444444444,True,NOERROR,1,14400,0,2,False,False,0,16509,US,False,"HOSTINGER operations, UAB",3,365,False,,False,False,,benign,no_adverse_signal
yourneighborhoodprinter.net,2026-07-27,27,3.480083695187448,0.0,0,0.6428571428571429,-7.064446511627907,low,0.4615,3,0.5652173913043478,True,NOERROR,1,21600,0,2,False,False,0,16509,US,True,"TUCOWS.COM, CO.",4756,5113,True,,False,False,,benign,no_adverse_signal
tbkcapital.com,2026-07-27,14,2.9219280948873623,0.0,0,0.42857142857142855,-7.507811764705883,low,0.5556,4,0.8,True,NOERROR,2,30,0,2,True,False,2,14618,US,True,DropCatch.com 684 LLC,3,365,False,,False,False,,benign,no_adverse_signal
bacodiji.com,2026-07-27,12,2.75,0.0,0,1.0,-7.465715384615384,low,0.5556,1,0.875,True,NOERROR,1,180,0,2,False,True,0,24429,FR,False,Realtime Register B.V.,3,365,False,,False,False,,benign,no_adverse_signal
productwho101.my.id,2026-07-27,19,3.3927474104487847,0.15789473684210525,0,0.42857142857142855,-8.187160869565217,low,0.4545,4,0.8461538461538461,False,NOERROR,0,,0,2,False,False,0,,,,,,,False,,,False,,benign,no_adverse_signal
zzggzkszm.cyou,2026-07-27,14,2.058813890331201,0.0,0,0.0,-10.724979999999999,low,0.3158,9,0.5555555555555556,False,NOERROR,0,,0,2,False,False,0,,,,"Spaceship, Inc.",3,365,False,,,False,,benign,no_adverse_signal
wayfairusa.com,2026-07-27,14,2.8464393446710154,0.0,0,1.0,-7.279370588235294,low,0.5556,2,0.8,True,NOERROR,1,21600,1,4,True,False,1,13335,CA,True,"TUCOWS.COM, CO.",3,365,True,,False,False,False,benign,no_adverse_signal
qwenfriend.com,2026-07-27,14,2.9219280948873623,0.0,0,0.42857142857142855,-7.3971294117647055,low,0.5,3,0.8,False,timeout,0,,0,0,False,False,0,,,,"Chengdu west dimension digital technology Co., LTD",3,365,True,,,False,,benign,no_adverse_signal
8958915981.click,2026-07-27,16,1.9709505944546686,0.625,0,0.0,-11.45500588235294,medium,0.1538,0,0.4,True,NOERROR,1,300,0,2,False,False,0,202412,NL,False,Global Domain Group LLC,3,365,False,,True,True,,malicious,spamhaus_zen
mulu-win.vip,2026-07-27,12,2.75,0.0,1,0.75,-8.225484615384614,low,0.5,1,0.875,True,NOERROR,2,300,0,2,False,False,2,13335,US,False,NAMECHEAP INC,3,365,True,,False,False,,benign,no_adverse_signal
sferauyta.online,2026-07-27,16,2.94770277922009,0.0,0,0.8,-7.967020000000001,medium,0.5333,2,0.8888888888888888,True,NOERROR,1,3600,0,3,False,False,0,48287,RU,False,"Regional Network Information Center, JSC dba RU-CENTER",3,365,False,0,False,False,,benign,no_adverse_signal
eldridgefaradaylimited.shop,2026-07-27,27,3.2655833228877325,0.0,0,0.6923076923076923,-6.975356097560976,low,0.4516,3,0.5,True,NOERROR,2,60,2,2,True,False,2,47583,DE,False,,,,False,,False,False,False,benign,no_adverse_signal
everoria.shop,2026-07-27,13,2.5,0.0,0,1.6666666666666667,-6.274738461538462,low,0.5714,1,0.75,False,NOERROR,0,,3,2,True,False,0,,,,,,,False,,,False,False,benign,no_adverse_signal
征途国际.org,2026-07-27,8,2.0,0.0,0,0.0,-15.765899999999998,low,0.0,4,1.0,True,NOERROR,1,10800,0,2,False,False,0,16509,US,True,Dynadot Inc,3,365,False,,False,False,,benign,no_adverse_signal
livxtyle.com,2026-07-27,12,2.75,0.0,0,0.3333333333333333,-8.425476923076923,low,0.6667,5,0.875,True,NOERROR,1,3600,5,2,True,False,0,13335,CA,True,"GoDaddy.com, LLC",3,1096,True,,False,False,False,benign,no_adverse_signal
toys4paws.com,2026-07-27,13,2.94770277922009,0.07692307692307693,0,0.3333333333333333,-8.899473333333333,low,0.5,2,0.8888888888888888,False,NXDOMAIN,0,,0,0,False,False,0,,,,"GMO Internet, Inc.",3,365,True,,,False,,benign,no_adverse_signal
ptsumbawabumilestari.id,2026-07-27,23,3.484183719779189,0.0,0,0.6666666666666666,-7.040172972972973,low,0.4615,3,0.6,True,NOERROR,2,600,0,2,False,False,0,16509,US,True,,,,False,34,False,False,,benign,no_adverse_signal
energymedicine-mn.com,2026-07-27,21,3.1018812234760182,0.0,1,0.6,-7.141570967741935,low,0.4444,4,0.5882352941176471,False,NOERROR,0,,0,2,False,False,0,,,,Dominet (HK) Limited,3,365,False,,,False,,benign,no_adverse_signal
sis7cat.com,2026-07-27,11,2.5216406363433186,0.09090909090909091,0,0.5,-8.497445454545455,low,0.5455,1,0.8571428571428571,True,NOERROR,1,600,0,2,False,False,0,45102,SG,False,Alibaba Cloud Computing Ltd. d/b/a HiChina (www.net.cn),3,365,False,,False,False,,benign,no_adverse_signal
addictedtoyorkies.com,2026-07-27,21,3.3371753411230776,0.0,0,0.7,-7.254783870967742,low,0.48,2,0.6470588235294118,True,NOERROR,2,300,0,2,False,False,2,13335,US,False,"GMO Internet, Inc.",3,365,True,,False,False,,benign,no_adverse_signal
wildtruck-copilot.ru,2026-07-27,20,3.4992275471326932,0.0,1,0.45454545454545453,-7.413893548387097,low,0.5926,4,0.7058823529411765,True,NOERROR,1,21600,0,2,False,False,0,50340,RU,True,REGRU-RU,4,365,False,,True,False,,malicious,spamhaus_zen
1y4ge8.xyz,2026-07-27,10,2.584962500721156,0.3,0,0.5,-12.056277777777778,high,0.4,1,1.0,True,NOERROR,2,300,0,2,False,False,2,13335,US,False,"Spaceship, Inc.",3,365,False,,False,False,,benign,no_adverse_signal
goodhonestgear.com,2026-07-27,18,3.182005814760214,0.0,0,0.75,-6.828324,low,0.6087,3,0.7142857142857143,True,NOERROR,1,2680,1,2,True,False,0,133618,US,True,"TUCOWS.COM, CO.",3,365,True,,False,False,False,benign,no_adverse_signal
getellery.com,2026-07-27,13,2.4193819456463714,0.0,0,0.5,-6.169546666666666,low,0.5882,2,0.6666666666666666,True,NOERROR,1,1800,5,2,True,False,0,22612,US,False,NAMECHEAP INC,3,365,True,,False,False,False,benign,no_adverse_signal
super-conta.com,2026-07-27,15,3.459431618637298,0.0,1,0.6666666666666666,-6.583589473684211,low,0.6316,2,1.0,True,NOERROR,2,300,0,2,False,False,2,13335,US,False,"Cloudflare, Inc.",3,365,True,,False,False,,benign,no_adverse_signal
minercoin.net,2026-07-27,13,2.725480556997868,0.0,0,0.8,-6.186593333333334,low,0.5882,2,0.7777777777777778,True,NOERROR,1,21600,0,2,False,False,0,16509,US,True,"TUCOWS.COM, CO.",373,730,True,,False,False,,benign,no_adverse_signal
mayanddavid.com,2026-07-27,15,2.5949066182439395,0.0,0,0.5714285714285714,-7.042884210526315,low,0.5556,3,0.6363636363636364,True,NOERROR,2,300,0,2,False,False,2,13335,US,False,"Cloudflare, Inc.",3,365,True,,False,False,,benign,no_adverse_signal
sectorcuu.com,2026-07-27,13,2.725480556997868,0.0,0,0.8,-7.352926666666667,low,0.5333,2,0.7777777777777778,True,NOERROR,2,60,0,2,False,False,2,47583,DE,False,"HOSTINGER operations, UAB",2,365,False,,False,False,,benign,no_adverse_signal
nurilabs.io,2026-07-27,11,3.0,0.0,0,0.6,-7.087815384615384,low,0.5714,2,1.0,True,NOERROR,2,300,0,2,False,False,2,13335,US,False,"HOSTINGER operations, UAB",3,365,True,,False,False,,benign,no_adverse_signal
checksatwork.com,2026-07-27,16,3.2516291673878226,0.0,0,0.3333333333333333,-6.902561904761905,low,0.5714,3,0.8333333333333334,True,NOERROR,4,60,2,2,True,False,8,16509,US,True,"Cloudflare, Inc.",3,365,True,,False,False,True,benign,no_adverse_signal
jvw9rb9s.top,2026-07-27,12,2.75,0.16666666666666666,0,0.0,-12.641746153846155,high,0.4286,3,0.875,True,NOERROR,3,60,0,2,False,True,0,138995,US,False,Dominet (HK) Limited,3,365,True,,True,True,,malicious,spamhaus_zen
therackenterprises.net,2026-07-27,22,3.239097917988786,0.0,0,0.5,-6.166427272727272,low,0.5,3,0.6111111111111112,True,NOERROR,1,21600,0,4,False,False,1,13335,CA,True,"TUCOWS.COM, CO.",3,365,True,,False,False,,benign,no_adverse_signal
theverdct.com,2026-07-27,13,2.725480556997868,0.0,0,0.2857142857142857,-7.230706666666666,low,0.5333,4,0.7777777777777778,False,NOERROR,0,,0,4,False,False,0,,,,Key-Systems GmbH,3,365,True,,,False,,benign,no_adverse_signal
online138top1x.site,2026-07-27,19,3.3787834934861767,0.21052631578947367,0,0.6666666666666666,-8.61638,medium,0.5926,2,0.7857142857142857,True,NOERROR,2,300,0,2,False,False,2,13335,US,False,NAMECHEAP INC,3,365,True,,False,False,,benign,no_adverse_signal
923898.com,2026-07-27,10,1.9182958340544896,0.6,0,0.0,-11.090677777777778,low,0.2222,0,0.6666666666666666,True,NOERROR,1,300,0,2,False,False,0,54801,HK,False,Realtime Register B.V.,3,365,False,,False,True,,malicious,spamhaus_dbl
justemailme.store,2026-07-27,17,3.095795255000934,0.0,0,0.8333333333333334,-6.544005263157895,low,0.5556,2,0.8181818181818182,True,NOERROR,1,1800,5,2,True,False,0,22612,US,False,,,,False,,False,False,False,benign,no_adverse_signal
maxtv5.top,2026-07-27,10,2.584962500721156,0.1,0,0.25,-8.9132,high,0.5455,3,1.0,True,NOERROR,1,300,0,2,False,False,0,270353,BR,True,PDR Ltd. d/b/a PublicDomainRegistry.com,3,365,True,,False,False,,benign,no_adverse_signal
tavarashop.com,2026-07-27,14,2.8464393446710154,0.0,0,0.6666666666666666,-6.5790411764705885,low,0.5333,2,0.8,True,NOERROR,1,21600,0,2,False,False,0,16509,US,True,"TUCOWS.COM, CO.",372,730,True,,False,False,,benign,no_adverse_signal
soju887tt.site,2026-07-27,14,2.725480556997868,0.21428571428571427,0,0.5,-10.347826666666666,medium,0.4615,2,0.7777777777777778,True,NOERROR,2,300,0,2,False,False,2,13335,US,False,NAMECHEAP INC,3,365,True,,False,False,,benign,no_adverse_signal
philippinesmarinesurvey.com,2026-07-27,27,3.501397825434103,0.0,0,0.6428571428571429,-6.56293023255814,low,0.4444,2,0.5652173913043478,True,NOERROR,1,35,0,2,False,False,0,60068,GR,True,"DNC Holdings, Inc",3,365,True,,False,False,,benign,no_adverse_signal
graysheets.com,2026-07-27,14,2.9219280948873623,0.0,0,0.42857142857142855,-6.864294117647058,low,0.5714,3,0.8,True,NOERROR,1,3600,1,2,True,False,0,133618,US,True,"TUCOWS.COM, CO.",3,365,True,,False,False,False,benign,no_adverse_signal
driverewind.app,2026-07-27,15,2.7321588913645702,0.0,0,0.5714285714285714,-6.368584210526316,low,0.6667,2,0.6363636363636364,True,NOERROR,1,1800,5,2,True,False,0,22612,US,False,,,,False,,False,False,False,benign,no_adverse_signal
q8555.com,2026-07-27,9,1.3709505944546687,0.4444444444444444,0,0.0,-10.991614285714286,low,0.2,1,0.6,True,NOERROR,4,120,0,2,False,True,0,59371,HK,False,Realtime Register B.V.,3,365,False,,False,False,,benign,no_adverse_signal
cornerstonelearningnetwork.com,2026-07-27,30,3.3787271036564652,0.0,0,0.5294117647058824,-6.280106122448979,low,0.4878,3,0.5,True,NOERROR,2,600,0,2,False,False,0,16509,US,True,"GoDaddy.com, LLC",3,365,True,34,False,False,,benign,no_adverse_signal
tacoalfresco.com,2026-07-27,16,3.0849625007211556,0.0,0,0.7142857142857143,-6.854295238095238,low,0.5556,3,0.75,True,NOERROR,1,600,0,2,False,False,0,16509,IN,True,"GoDaddy.com, LLC",3,731,True,,False,False,,benign,no_adverse_signal
e6iyi7fk.top,2026-07-27,12,2.75,0.16666666666666666,0,1.0,-12.410230769230768,high,0.5,2,0.875,True,NOERROR,3,60,0,2,False,True,0,138995,US,False,Dominet (HK) Limited,3,365,True,,True,True,,malicious,spamhaus_zen
stelenyc.com,2026-07-27,12,2.75,0.0,0,0.3333333333333333,-6.598584615384615,low,0.6667,3,0.875,True,NOERROR,1,3600,1,2,True,False,0,133618,US,True,"TUCOWS.COM, CO.",3,365,True,,False,False,False,benign,no_adverse_signal
860055.xyz,2026-07-27,10,1.9182958340544896,0.6,0,0.0,-10.248855555555556,high,0.4444,0,0.6666666666666666,False,NOERROR,0,,0,2,False,False,0,,,,"Spaceship, Inc.",3,365,False,,,False,,benign,no_adverse_signal
devgrab.net,2026-07-27,11,2.807354922057604,0.0,0,0.4,-7.690236363636364,low,0.5333,3,1.0,True,NOERROR,2,300,5,2,True,False,2,13335,US,False,NAMECHEAP INC,4,365,True,,False,False,False,benign,no_adverse_signal
acrosssmart.com,2026-07-27,15,2.663532754804255,0.0,0,0.375,-6.690952631578948,low,0.5714,4,0.6363636363636364,True,NOERROR,1,14400,1,2,False,False,0,46606,US,True,PDR Ltd. d/b/a PublicDomainRegistry.com,3,731,True,,False,False,False,benign,no_adverse_signal
smilinghouse.in,2026-07-27,15,3.2516291673878226,0.0,0,0.7142857142857143,-6.549861904761904,low,0.5455,3,0.8333333333333334,True,NOERROR,1,600,0,2,False,False,0,,IN,True,"GoDaddy.com, LLC",78,1096,False,,False,False,,benign,no_adverse_signal
kk5513.com,2026-07-27,10,1.9182958340544893,0.4,0,0.0,-11.070444444444444,low,0.4444,2,0.6666666666666666,True,NOERROR,2,300,0,2,False,False,2,13335,US,False,"Gransy, s.r.o.",3,365,False,,False,False,,benign,no_adverse_signal
natrurimu.shop,2026-07-27,14,2.725480556997868,0.0,0,0.8,-6.91078,low,0.6667,2,0.7777777777777778,False,NXDOMAIN,0,,0,0,False,False,0,,,,,,,False,,,False,,benign,no_adverse_signal
pboutfit.shop,2026-07-27,13,2.75,0.0,0,0.6,-7.521769230769231,low,0.5455,2,0.875,True,NOERROR,1,300,0,2,False,False,0,199242,GE,False,,,,False,,False,False,,benign,no_adverse_signal
cobwebs.design,2026-07-27,14,2.5216406363433186,0.0,0,0.4,-7.928509090909091,low,0.6154,2,0.8571428571428571,True,NOERROR,5,14400,2,2,True,False,0,54113,US,True,https://www.hostinger.com/,3,365,True,,False,False,False,benign,no_adverse_signal
xtoolcreative.shop,2026-07-27,18,3.238901256602631,0.0,0,0.8571428571428571,-6.744634782608696,low,0.5714,3,0.7692307692307693,True,NOERROR,1,300,0,2,False,False,0,,GE,False,,,,False,,True,False,,malicious,spamhaus_zen
lndtsy.com,2026-07-27,10,2.584962500721156,0.0,0,0.0,-8.637377777777779,low,0.6,6,1.0,True,NOERROR,1,1,1,2,True,True,0,135377,HK,False,Xin Net Technology Corporation,3,365,False,,True,False,False,malicious,spamhaus_zen
vtex-assets-cdn.site,2026-07-27,20,3.189898095464287,0.0,2,0.3,-7.336662962962963,medium,0.5714,3,0.6666666666666666,True,NOERROR,1,3600,0,2,False,False,0,8560,DE,False,"HOSTINGER operations, UAB",3,365,False,,False,False,,benign,no_adverse_signal
jummjohsandvech.delivery,2026-07-27,24,3.506890595608518,0.0,0,0.36363636363636365,-8.156822222222221,low,0.4,3,0.8,True,NOERROR,2,300,0,2,False,False,2,13335,US,False,,,,,,False,False,,benign,no_adverse_signal
sterchilletecnologia.com,2026-07-27,24,3.4464393446710155,0.0,0,0.6666666666666666,-6.52122972972973,low,0.4848,3,0.6,True,NOERROR,4,14400,1,4,True,False,0,53831,US,False,Squarespace Domains II LLC,3,365,True,30,False,False,False,benign,no_adverse_signal
slotparty168.world,2026-07-27,18,3.418295834054489,0.16666666666666666,0,0.2857142857142857,-7.805871428571428,low,0.5263,3,0.9166666666666666,True,NOERROR,2,300,0,2,False,False,0,16509,US,True,,,,,,False,False,,benign,no_adverse_signal
6v77.io,2026-07-27,7,1.5,0.42857142857142855,0,0.0,-11.78,low,0.4444,1,0.75,True,NOERROR,2,300,0,2,False,False,2,13335,US,False,Dynadot Inc,4,365,True,,False,False,,benign,no_adverse_signal
916tümbet.com,2026-07-27,13,2.94770277922009,0.23076923076923078,0,0.2,-11.074546666666667,low,0.4706,4,0.8888888888888888,True,NOERROR,2,600,0,2,False,False,0,16509,US,True,"GoDaddy.com, LLC",3,365,True,,False,False,,benign,no_adverse_signal
irisp.art,2026-07-27,9,1.9219280948873623,0.0,0,0.6666666666666666,-6.618942857142857,low,0.6667,2,0.8,True,NOERROR,3,3600,1,2,True,False,0,58182,US,True,"TUCOWS.COM, CO.",3,365,True,,False,False,False,benign,no_adverse_signal
netany.org,2026-07-27,10,2.2516291673878226,0.0,0,0.5,-6.0791,low,0.6667,2,0.8333333333333334,True,NOERROR,2,300,0,2,False,False,2,13335,US,False,Hosting Concepts B.V. d/b/a Registrar.eu,3,365,False,,False,False,,benign,no_adverse_signal
pescamariscos.com,2026-07-27,17,3.0269868333592873,0.0,0,0.625,-6.340204347826087,low,0.5556,2,0.6923076923076923,True,NOERROR,2,600,0,2,False,False,0,16509,US,True,"GoDaddy.com, LLC",3,731,True,34,False,False,,benign,no_adverse_signal
crsorgi-gov.com,2026-07-27,15,2.9139770731827523,0.0,1,0.42857142857142855,-7.752242105263157,low,0.48,3,0.7272727272727273,True,NOERROR,1,88,1,2,True,False,0,133618,AU,True,"TUCOWS.COM, CO.",3,365,True,,False,True,False,malicious,spamhaus_dbl
husam389.xyz,2026-07-27,12,3.0,0.25,0,0.6666666666666666,-8.848507692307694,high,0.4444,1,1.0,True,NOERROR,2,1,0,4,False,False,0,,US,False,Porkbun LLC,380,730,False,3,False,False,,benign,no_adverse_signal
the-sic-bo-guide.com,2026-07-27,20,3.452819531114783,0.0,3,0.8571428571428571,-7.772696551724137,low,0.5217,2,0.75,True,NOERROR,1,600,0,2,False,True,0,137951,ZA,False,"GMO Internet, Inc.",3,365,True,,False,False,,benign,no_adverse_signal
essencedesseychelles.com,2026-07-27,24,2.55887184844536,0.0,0,0.5384615384615384,-6.5604270270270275,low,0.4848,3,0.4,True,NOERROR,1,3600,2,4,True,False,1,8560,DE,True,IONOS SE,3,365,True,,False,False,False,benign,no_adverse_signal
roboticsnative.com,2026-07-27,18,3.3787834934861767,0.0,0,0.75,-6.72796,low,0.5385,3,0.7857142857142857,True,NOERROR,2,3600,1,2,True,False,0,16509,US,True,"Chengdu west dimension digital technology Co., LTD",3,365,True,,False,False,,benign,no_adverse_signal
vorox.wiki,2026-07-27,10,1.9219280948873623,0.0,0,0.6666666666666666,-7.080014285714285,low,0.5455,1,0.8,True,NOERROR,1,1800,5,2,True,False,0,22612,US,False,NAMECHEAP INC,3,365,True,,False,False,False,benign,no_adverse_signal
michaelmanster.com,2026-07-27,18,3.3787834934861767,0.0,0,0.5555555555555556,-6.506056,low,0.6364,3,0.7857142857142857,True,NOERROR,2,600,0,2,False,False,0,16509,US,True,123-Reg Limited,3,365,True,,False,False,,benign,no_adverse_signal
studieeai.dev,2026-07-27,13,2.725480556997868,0.0,0,2.0,-7.16176,low,0.5333,2,0.7777777777777778,True,NOERROR,2,1800,0,2,False,False,0,16509,US,False,,,,False,,False,False,,benign,no_adverse_signal
buildcraftllc.com,2026-07-27,17,3.180832987205441,0.0,0,0.3,-7.8465173913043476,low,0.4762,5,0.7692307692307693,True,NOERROR,4,14400,1,4,True,False,0,53831,US,False,Squarespace Domains II LLC,114,365,True,,False,False,False,benign,no_adverse_signal
stageso.com,2026-07-27,11,2.5216406363433186,0.0,0,0.75,-6.190736363636364,low,0.6667,2,0.8571428571428571,True,NOERROR,2,204,0,2,False,False,0,16509,US,True,"Cloudflare, Inc.",3,731,True,,False,False,,benign,no_adverse_signal
tahwish.com,2026-07-27,11,2.5216406363433186,0.0,0,0.4,-7.793554545454546,low,0.6154,2,0.8571428571428571,True,NOERROR,1,1800,5,2,True,False,0,22612,US,False,NAMECHEAP INC,3,365,True,,False,False,False,benign,no_adverse_signal
buysexbot.store,2026-07-27,15,2.94770277922009,0.0,0,0.5,-7.811886666666667,low,0.5,2,0.8888888888888888,True,NOERROR,1,120,1,3,False,False,1,206281,NL,True,,,,False,,False,False,,benign,no_adverse_signal
gtrayan.com,2026-07-27,11,2.521640636343318,0.0,0,0.4,-6.9593,low,0.5333,3,0.8571428571428571,False,timeout,0,,0,0,False,False,0,,,,CSL Computer Service Langenbach GmbH d/b/a joker.com,3,365,False,,,False,,benign,no_adverse_signal
cupidone.asia,2026-07-27,13,3.0,0.0,0,1.0,-6.9179615384615385,low,0.5714,1,1.0,False,NOERROR,0,,3,2,True,False,0,,,,Alibaba Cloud Computing Ltd. d/b/a HiChina (www.net.cn),3,365,True,,,False,False,benign,no_adverse_signal
plunki.srl,2026-07-27,10,2.584962500721156,0.0,0,0.5,-7.147133333333334,low,0.6667,2,1.0,True,NOERROR,1,3600,2,4,True,False,1,8560,DE,True,IONOS SE,3,365,True,,False,False,False,benign,no_adverse_signal
amazonwebservicesbrasil.com.br,2026-07-27,30,3.6424896731661267,0.0,0,0.6428571428571429,-6.78586046511628,low,0.6111,3,0.6086956521739131,True,NOERROR,2,600,0,2,False,False,0,16509,US,True,,7,365,False,,False,False,,benign,no_adverse_signal
hulekal.com,2026-07-27,11,2.5216406363433186,0.0,0,0.75,-7.391627272727273,low,0.6154,1,0.8571428571428571,True,NOERROR,2,600,0,2,False,False,0,16509,US,True,"GoDaddy.com, LLC",3,365,True,,False,False,,benign,no_adverse_signal
yoyoheads.com,2026-07-27,13,2.725480556997868,0.0,0,0.8,-7.718766666666666,low,0.6667,2,0.7777777777777778,True,NOERROR,1,3600,1,2,True,False,0,133618,AU,True,"TUCOWS.COM, CO.",3,365,True,,False,False,False,benign,no_adverse_signal
jennikumpula.com,2026-07-27,16,3.2516291673878226,0.0,0,0.7142857142857143,-7.609809523809524,low,0.4444,2,0.8333333333333334,True,NOERROR,4,14400,0,4,True,False,0,53831,US,False,Squarespace Domains LLC,3,731,True,30,False,False,,benign,no_adverse_signal
gd66.io,2026-07-27,7,1.5,0.2857142857142857,0,0.0,-11.22862,low,0.5,2,0.75,True,NOERROR,2,300,0,2,False,False,2,13335,US,False,Dynadot Inc,4,365,True,,False,False,,benign,no_adverse_signal
zenith-scientific.com,2026-07-27,21,3.146286370662105,0.0,1,0.6,-7.012193548387097,low,0.4667,2,0.5882352941176471,True,NOERROR,2,26,2,4,True,False,0,,US,False,Porkbun LLC,3,365,False,,False,False,False,benign,no_adverse_signal
localtreeservicellc.com,2026-07-27,23,3.0503018554349812,0.0,0,0.5833333333333334,-6.40948,low,0.5625,3,0.5263157894736842,True,NOERROR,2,3600,0,2,False,False,0,16509,US,True,"GoDaddy.com, LLC",3,1096,True,,False,False,,benign,no_adverse_signal
emergencyboardingnottingham.com,2026-07-27,31,3.6619328723735824,0.0,0,0.5,-6.836482352941176,low,0.4,4,0.5185185185185185,True,NOERROR,1,3600,1,2,True,False,0,133618,US,True,"TUCOWS.COM, CO.",3,365,True,,False,False,False,benign,no_adverse_signal
walkbehaveion.org,2026-07-27,17,3.3927474104487847,0.0,0,0.8571428571428571,-7.5507347826086955,low,0.5,3,0.8461538461538461,True,NOERROR,1,1484,1,2,True,False,0,133618,US,True,"TUCOWS.COM, CO.",3,365,True,,False,False,False,benign,no_adverse_signal
entercitement.com,2026-07-27,17,2.5654483718208256,0.0,0,0.625,-6.001969565217391,low,0.6087,2,0.5384615384615384,False,NXDOMAIN,0,,0,0,False,False,0,,,,"GMO Internet, Inc.",3,365,True,,,False,,benign,no_adverse_signal
johnsonfamilyhub.tech,2026-07-27,21,3.625,0.0,0,0.45454545454545453,-7.543634482758621,low,0.3846,3,0.8125,True,NOERROR,1,300,2,4,True,False,0,397273,US,False,IONOS SE,3,365,False,25,False,False,False,benign,no_adverse_signal
vo2c5th.surf,2026-07-27,12,2.807354922057604,0.16666666666666666,0,0.25,-11.076327272727273,low,0.5,2,1.0,True,NOERROR,1,6,0,2,False,False,0,64013,SG,False,Dynadot Inc,3,365,True,,False,False,,benign,no_adverse_signal
sswplatform.com,2026-07-27,15,3.2776134368191165,0.0,0,0.2222222222222222,-7.300421052631579,low,0.5263,5,0.9090909090909091,True,NOERROR,1,3600,1,2,True,False,0,133618,AU,True,"TUCOWS.COM, CO.",3,365,True,,False,False,False,benign,no_adverse_signal
motivovincente.com,2026-07-27,18,2.950212064914747,0.0,0,0.75,-6.553808,low,0.4828,2,0.5714285714285714,True,NOERROR,2,300,0,2,False,False,2,13335,US,False,"Cloudflare, Inc.",3,365,True,,False,False,,benign,no_adverse_signal
hajimens.shop,2026-07-27,13,3.0,0.0,0,0.6,-7.195630769230769,low,0.5714,2,1.0,True,NOERROR,2,60,2,2,True,False,2,47583,DE,False,,,,False,,False,False,False,benign,no_adverse_signal
uubt.io,2026-07-27,7,1.5,0.0,0,1.0,-9.411,low,0.6,2,0.75,True,NOERROR,2,300,0,2,False,False,2,13335,US,False,Dynadot Inc,4,365,True,,False,False,,benign,no_adverse_signal
1xcasino-best1.top,2026-07-27,18,3.521640636343319,0.1111111111111111,1,0.5714285714285714,-7.58308,high,0.5,2,0.8571428571428571,True,NOERROR,1,3600,0,2,True,False,0,59692,AE,True,PDR Ltd. d/b/a PublicDomainRegistry.com,3,365,True,,False,False,,benign,no_adverse_signal
3tc.click,2026-07-27,9,1.584962500721156,0.1111111111111111,0,0.0,-10.896166666666666,medium,0.4444,2,1.0,True,NOERROR,1,360,5,2,True,False,0,396982,US,True,NAMECHEAP INC,3,365,False,,False,False,False,benign,no_adverse_signal
portklangfishingcharter.com,2026-07-27,27,3.795088586397733,0.0,0,0.35294117647058826,-6.767251162790698,low,0.4516,4,0.6521739130434783,True,NOERROR,1,3226,1,2,True,False,0,133618,US,True,Tucows Domains Inc.,3,365,False,0,False,False,False,benign,no_adverse_signal
alinechelfo.com,2026-07-27,15,3.0957952550009344,0.0,0,0.8333333333333334,-6.325210526315789,low,0.5333,2,0.8181818181818182,False,NXDOMAIN,0,,0,0,False,False,0,,,,"GMO Internet, Inc.",3,365,True,,,False,,benign,no_adverse_signal
ateliealinebarbosa.com.br,2026-07-27,25,3.127986806877675,0.0,0,1.25,-6.466754545454545,low,0.5714,2,0.5555555555555556,True,NOERROR,2,300,0,2,False,False,2,13335,US,False,,5,365,False,,False,False,,benign,no_adverse_signal
hmdmn.com,2026-07-27,9,1.9219280948873623,0.0,0,0.0,-9.525842857142857,low,0.6667,5,0.8,True,NOERROR,2,300,0,2,False,False,0,16509,US,True,"Spaceship, Inc.",3,365,False,,False,False,,benign,no_adverse_signal
meterrubua.com,2026-07-27,14,2.721928094887362,0.0,0,1.0,-7.15525294117647,low,0.5,2,0.7,True,NOERROR,2,60,0,2,False,False,2,47583,DE,False,"HOSTINGER operations, UAB",3,365,False,,False,False,,benign,no_adverse_signal
dubbedstep.com,2026-07-27,14,2.721928094887362,0.0,0,0.42857142857142855,-7.306547058823529,low,0.5556,3,0.7,True,NOERROR,2,3,2,4,True,False,0,,US,False,Porkbun LLC,3,365,False,,False,False,False,benign,no_adverse_signal
tankercigiris.xyz,2026-07-27,17,3.1808329872054406,0.0,0,0.625,-6.830856521739131,high,0.4615,2,0.7692307692307693,True,NOERROR,2,22,0,4,False,False,0,,US,False,Porkbun LLC,380,730,False,3,False,False,,benign,no_adverse_signal
batu5438play.xyz,2026-07-27,16,3.418295834054489,0.25,0,0.6,-9.39267619047619,high,0.4444,2,0.9166666666666666,True,NOERROR,2,14,0,4,False,False,0,,US,False,Porkbun LLC,380,730,False,3,False,False,,benign,no_adverse_signal
homieflow.com,2026-07-27,13,2.94770277922009,0.0,0,0.8,-7.133666666666667,low,0.5556,2,0.8888888888888888,True,NOERROR,1,3600,0,2,False,False,1,13335,CA,True,"Cloudflare, Inc.",3,365,True,,False,False,,benign,no_adverse_signal
gnbzjbx0.top,2026-07-27,12,2.75,0.08333333333333333,0,0.0,-11.712553846153847,high,0.4615,7,0.875,True,NOERROR,3,60,0,2,False,True,0,138995,US,False,Dominet (HK) Limited,3,365,True,,True,True,,malicious,spamhaus_zen
hospitalitygroup.pl,2026-07-27,19,3.5,0.0,0,0.6,-6.671279310344827,low,0.56,4,0.75,True,NOERROR,1,21600,1,2,True,False,0,48707,PL,False,Aftermarket.pl Limited,3,365,False,,False,False,False,benign,no_adverse_signal
307plnvks1.xyz,2026-07-27,14,3.321928094887362,0.2857142857142857,0,0.0,-10.9475,high,0.4706,6,1.0,False,NOERROR,0,,5,2,True,False,0,,,,NAMECHEAP INC,3,365,True,,,False,False,benign,no_adverse_signal
giovannisrental.com,2026-07-27,19,3.32323142879762,0.0,0,0.6666666666666666,-6.826403703703704,low,0.5,2,0.7333333333333333,True,NOERROR,1,136,1,2,True,False,0,133618,US,True,Tucows Domains Inc.,3,365,False,,False,False,False,benign,no_adverse_signal
theloyalkind.co.uk,2026-07-27,18,3.418295834054489,0.0,0,0.5,-6.820538095238096,low,0.5263,2,0.9166666666666666,True,NOERROR,1,21600,1,4,False,False,1,13335,CA,True,Tucows Inc t/a Tucows [Tag = TUCOWS-CA],5,365,False,,False,False,False,benign,no_adverse_signal
weshouldplay.com,2026-07-27,16,3.4182958340544896,0.0,0,0.5,-7.117733333333333,low,0.5263,4,0.9166666666666666,True,NOERROR,2,600,0,2,False,False,0,16509,US,True,"GoDaddy.com, LLC",3,365,True,,False,False,,benign,no_adverse_signal
silverkompassen.com,2026-07-27,19,3.4565647621309536,0.0,0,0.5,-6.8946000000000005,low,0.4762,2,0.8,False,NOERROR,0,,0,2,False,False,0,,,,"Cloudflare, Inc.",3,365,True,,,False,,benign,no_adverse_signal
clndecor.shop,2026-07-27,13,2.75,0.0,0,0.3333333333333333,-7.175969230769231,low,0.5714,4,0.875,True,NOERROR,1,300,0,2,False,False,0,199242,GE,False,,,,False,,False,False,,benign,no_adverse_signal
thehomeregion.com,2026-07-27,17,3.0269868333592873,0.0,0,0.8571428571428571,-6.493617391304348,low,0.5,2,0.6923076923076923,True,NOERROR,2,600,0,2,False,False,0,16509,US,True,"GoDaddy.com, LLC",3,365,True,,False,False,,benign,no_adverse_signal
forevermakeagreatdealnow.com,2026-07-27,28,3.486440501696145,0.0,0,0.8461538461538461,-6.85330888888889,low,0.4444,2,0.5833333333333334,True,NOERROR,1,3600,1,2,True,False,0,133618,AU,True,Tucows Domains Inc.,3,365,False,,False,False,False,benign,no_adverse_signal
liipotutide.com,2026-07-27,15,2.8453509366224368,0.0,0,1.2,-7.360215789473684,low,0.6,1,0.7272727272727273,True,NOERROR,1,3600,0,2,False,False,0,36454,US,True,Wix.com Ltd.,3,365,False,,False,False,,benign,no_adverse_signal
myparkwayimages.com,2026-07-27,19,3.32323142879762,0.0,0,0.5,-7.241618518518518,low,0.56,3,0.7333333333333333,True,NOERROR,1,2582,1,2,True,False,0,133618,US,True,Tucows Domains Inc.,3,365,False,,False,False,False,benign,no_adverse_signal
resiliabrand.com,2026-07-27,16,3.084962500721156,0.0,0,0.7142857142857143,-6.353723809523809,low,0.5455,2,0.75,True,NOERROR,1,300,0,3,False,False,0,44925,IS,True,Tucows Domains Inc.,3,365,False,,False,True,,malicious,spamhaus_dbl
igor-kalinauskas.com,2026-07-27,20,3.327819531114783,0.0,1,0.875,-7.257803448275863,low,0.4545,2,0.6875,True,NOERROR,2,30,0,2,True,False,2,14618,US,True,DropCatch.com 1545 LLC,3,365,False,,False,False,,benign,no_adverse_signal
finalsecreto.com,2026-07-27,16,3.4182958340544896,0.0,0,0.7142857142857143,-6.4210095238095235,low,0.5714,2,0.9166666666666666,True,NOERROR,2,300,0,2,False,False,2,13335,US,False,"Cloudflare, Inc.",3,365,True,,False,False,,benign,no_adverse_signal
inno-tech-sys.com,2026-07-27,17,3.238901256602631,0.0,2,0.375,-7.481052173913043,low,0.48,3,0.7692307692307693,True,NOERROR,1,600,1,3,True,False,0,131392,VN,True,"GMO Internet, Inc.",3,365,False,,False,False,False,benign,no_adverse_signal
nnsalon.com,2026-07-27,11,2.1280852788913944,0.0,0,0.4,-6.728918181818182,low,0.5455,3,0.7142857142857143,True,NOERROR,1,1799,0,2,False,False,0,16509,US,False,NAMECHEAP INC,3,1096,True,0,False,False,,benign,no_adverse_signal
deniburn.xyz,2026-07-27,12,2.75,0.0,0,0.6,-6.9343615384615385,high,0.5,2,0.875,True,NOERROR,2,300,0,2,False,False,2,13335,US,False,NAMECHEAP INC,3,365,True,,False,False,,benign,no_adverse_signal
bugbilliard.ru,2026-07-27,14,2.9139770731827523,0.0,0,0.5714285714285714,-7.242110526315789,low,0.5263,2,0.7272727272727273,True,NOERROR,1,600,2,4,True,False,0,,HK,False,TIMEWEB-RU,4,365,False,,True,False,False,malicious,spamhaus_zen
cc77.wine,2026-07-27,9,1.0,0.2222222222222222,0,0.0,-10.20218,low,0.6667,2,0.5,True,NOERROR,1,300,0,2,False,False,0,206834,DE,False,,,,,,False,False,,benign,no_adverse_signal
akses-byku.dev,2026-07-27,14,2.9219280948873623,0.0,1,0.5,-8.502835294117647,low,0.4444,3,0.8,True,NOERROR,2,300,0,2,False,False,2,13335,US,False,,,,False,,False,False,,benign,no_adverse_signal
ae686.pro,2026-07-27,9,1.9219280948873623,0.3333333333333333,0,2.0,-11.608571428571429,low,0.4444,0,0.8,True,NOERROR,2,300,0,2,False,False,2,13335,US,False,,,,,,False,False,,benign,no_adverse_signal
0333c.icu,2026-07-27,9,1.3709505944546687,0.4444444444444444,0,0.0,-10.881742857142857,low,0.25,1,0.6,False,NOERROR,0,,0,2,False,False,0,,,,West263 International Limited,3,365,True,,,False,,benign,no_adverse_signal
bbtvsp006.top,2026-07-27,13,2.725480556997868,0.23076923076923078,0,0.0,-9.783573333333333,high,0.4,6,0.7777777777777778,True,NOERROR,1,300,0,2,False,False,0,16509,US,True,Dynadot LLC,3,365,True,,False,False,,benign,no_adverse_signal
scalemarketplace.net,2026-07-27,20,3.1556390622295662,0.0,0,0.6,-6.444675862068966,low,0.5385,3,0.625,True,NOERROR,1,10800,0,3,False,False,0,29169,FR,True,Gandi SAS,4,365,True,,False,False,,benign,no_adverse_signal
pradabetm.com,2026-07-27,13,2.94770277922009,0.0,0,0.5,-6.728800000000001,low,0.7059,2,0.8888888888888888,True,NOERROR,1,3600,1,2,True,False,0,133618,US,True,"SNAPNAMES 91, LLC",3,365,True,,False,False,False,benign,no_adverse_signal
og6yuawd.top,2026-07-27,12,3.0,0.08333333333333333,0,0.75,-10.572192307692308,high,0.4762,2,1.0,True,NOERROR,3,60,0,2,False,True,0,138995,US,False,Dominet (HK) Limited,3,365,True,,True,True,,malicious,spamhaus_zen
qe8se8u.surf,2026-07-27,12,2.2359263506290326,0.16666666666666666,0,1.5,-11.5193,low,0.5,1,0.7142857142857143,True,NOERROR,1,30,0,2,False,False,0,209242,US,True,Dynadot Inc,3,365,True,,False,False,,benign,no_adverse_signal
xn--b1aagabcbopg7bkep6f6dk.xn--p1ai,2026-07-27,35,3.8252517372886503,0.14285714285714285,4,0.3333333333333333,-10.070473469387755,low,0.2941,3,0.6153846153846154,True,NOERROR,1,21600,0,2,False,False,0,197695,RU,False,,,,,,False,False,,benign,no_adverse_signal
champmaintaince.info,2026-07-27,20,3.056564762130954,0.0,0,0.6666666666666666,-6.5566962962962965,medium,0.5,3,0.6,True,NOERROR,1,1196,2,4,True,False,1,8560,DE,True,,,,,,False,False,False,benign,no_adverse_signal
paulaspristinepuppies.com,2026-07-27,25,3.100916685694772,0.0,0,0.75,-6.775274358974359,low,0.4375,3,0.47619047619047616,True,NOERROR,1,3213,1,2,True,False,0,133618,AU,True,Tucows Domains Inc.,3,365,False,,False,False,False,benign,no_adverse_signal
arcanejewl.com,2026-07-27,14,2.9219280948873623,0.0,0,0.6666666666666666,-7.5902,low,0.625,2,0.8,True,NOERROR,1,3600,1,2,True,False,0,133618,AU,True,Tucows Domains Inc.,3,365,False,,False,False,False,benign,no_adverse_signal
dioraaa.com,2026-07-27,11,2.128085278891394,0.0,0,2.5,-7.217618181818182,low,0.5714,1,0.7142857142857143,True,NOERROR,1,600,0,2,False,False,0,13335,CA,True,"GoDaddy.com, LLC",3,365,False,,False,False,,benign,no_adverse_signal
vxlhaven.com,2026-07-27,12,2.75,0.0,0,0.3333333333333333,-8.374838461538461,low,0.5,4,0.875,False,NOERROR,0,,0,4,False,False,0,,,,Porkbun LLC,3,365,False,,,False,,benign,no_adverse_signal
gusspaintingandwallpaper.com,2026-07-27,28,3.5220552088742005,0.0,0,0.5,-6.658593333333334,low,0.4615,3,0.5416666666666666,True,NOERROR,1,21600,3,2,True,False,0,13335,US,False,Tucows Domains Inc.,3,365,False,,False,False,False,benign,no_adverse_signal
reilcaplabs.com,2026-07-27,15,3.095795255000934,0.0,0,0.5714285714285714,-7.066673684210525,low,0.6,2,0.8181818181818182,False,NOERROR,0,,6,4,True,False,0,,,,Cloud DNS Ltd,3,365,True,,,False,False,benign,no_adverse_signal
eightyuan.top,2026-07-27,13,3.169925001442312,0.0,0,0.8,-7.785986666666667,high,0.5714,4,1.0,True,NOERROR,1,21600,3,2,True,False,0,15169,SG,True,"NameSilo, LLC",3,365,True,,False,False,False,benign,no_adverse_signal
zuhause.reisen,2026-07-27,14,2.5216406363433186,0.0,0,1.3333333333333333,-7.878136363636363,low,0.5333,1,0.8571428571428571,False,NOERROR,0,,1,2,True,False,0,,,,,,,,,,False,False,benign,no_adverse_signal
zurichsee.com,2026-07-27,13,2.9477027792200903,0.0,0,0.8,-7.106646666666666,low,0.5714,3,0.8888888888888888,True,NOERROR,2,10800,0,2,True,False,2,14618,US,True,DropCatch.com 1470 LLC,3,365,False,3,False,False,,benign,no_adverse_signal
eandologistics.com,2026-07-27,18,3.378783493486176,0.0,0,0.75,-6.34992,low,0.5333,2,0.7857142857142857,True,NOERROR,1,14400,1,3,True,False,0,16276,FR,True,"NameSilo, LLC",3,365,False,,False,False,False,benign,no_adverse_signal
eejhldtoottulerin.org,2026-07-27,21,3.2927701939369904,0.0,0,0.7,-7.841741935483871,low,0.4286,5,0.6470588235294118,True,NOERROR,1,3600,1,2,True,False,0,133618,AU,True,Tucows Domains Inc.,3,365,False,,False,False,False,benign,no_adverse_signal
immo-academie.net,2026-07-27,17,2.8731406795131336,0.0,1,1.4,-7.417360869565218,low,0.5263,2,0.6153846153846154,True,NOERROR,1,21600,1,4,True,False,1,210403,FR,False,LWS dba Ligne Web Services,3,365,False,,False,False,False,benign,no_adverse_signal
nn789p.pro,2026-07-27,10,2.2516291673878226,0.3,0,0.0,-10.461455555555554,low,0.4444,2,0.8333333333333334,True,NOERROR,1,300,0,2,False,False,0,206834,DE,False,,,,,,False,False,,benign,no_adverse_signal
academiedeseduction.com,2026-07-27,23,3.2608281712244542,0.0,0,1.1111111111111112,-6.628582857142858,low,0.4828,2,0.5789473684210527,True,NOERROR,2,3600,2,2,True,False,0,16509,US,True,"GoDaddy.com, LLC",3,365,True,,False,False,False,benign,no_adverse_signal
js-corp.biz,2026-07-27,11,2.807354922057604,0.0,1,0.2,-7.327154545454545,low,0.5714,2,1.0,True,NOERROR,4,14400,1,4,True,False,0,53831,US,False,Squarespace Domains II LLC,3,365,True,,False,False,False,benign,no_adverse_signal
kz99.bid,2026-07-27,8,1.5,0.25,0,0.0,-11.64094,low,0.3077,2,0.75,True,NOERROR,2,300,0,2,False,False,2,13335,US,False,,,,False,,False,False,,benign,no_adverse_signal
arvessa.ru,2026-07-27,10,2.2359263506290326,0.0,0,0.75,-6.505309090909091,low,0.5882,2,0.7142857142857143,True,NOERROR,1,3600,0,4,False,False,0,9123,RU,False,SELECTEL-RU,4,365,False,,False,False,,benign,no_adverse_signal
naeemking.bio,2026-07-27,13,2.725480556997868,0.0,0,0.8,-7.8726,low,0.6,2,0.7777777777777778,True,NOERROR,1,21600,0,2,False,False,0,16509,US,True,,,,,,False,False,,benign,no_adverse_signal
setscale.io,2026-07-27,11,2.5,0.0,0,0.6,-6.316138461538462,low,0.5556,3,0.75,True,NOERROR,2,1800,0,2,False,False,0,16509,US,False,NAMECHEAP INC,7,365,True,,False,False,,benign,no_adverse_signal
6wione71twp9.vip,2026-07-27,16,3.418295834054489,0.25,0,0.6,-9.878671428571428,low,0.4211,3,0.9166666666666666,True,NOERROR,1,10,0,0,False,True,0,63949,SG,True,"GoDaddy.com, LLC",3,365,True,,False,False,,benign,no_adverse_signal
1ppp44.com,2026-07-27,10,1.4591479170272446,0.3,0,0.0,-10.843411111111111,low,0.4444,3,0.5,True,NOERROR,2,300,0,2,False,True,2,13335,US,False,"GMO Internet, Inc.",3,365,True,,False,False,,benign,no_adverse_signal
bricks-market.com,2026-07-27,17,3.3927474104487847,0.0,1,0.3333333333333333,-6.831143478260869,low,0.5,3,0.8461538461538461,True,NOERROR,1,15,1,3,True,False,0,400940,US,False,Key-Systems GmbH,3,365,True,,False,False,False,benign,no_adverse_signal
ecu-solutions.de,2026-07-27,16,3.238901256602631,0.0,1,1.0,-7.0684695652173914,low,0.6061,2,0.7692307692307693,True,NOERROR,1,150,1,2,False,False,0,206996,DE,False,,,,False,,True,False,False,malicious,spamhaus_zen
sidewalkclothing.shop,2026-07-27,21,3.75,0.0,0,0.45454545454545453,-7.029365517241379,low,0.4545,4,0.875,True,NOERROR,1,600,0,2,False,False,0,135097,SC,False,,,,False,,False,False,,benign,no_adverse_signal
fsafjhsfafajhkajfjhsfahkfafa.ru,2026-07-27,31,2.4356987807516504,0.0,0,0.3333333333333333,-9.648715094339622,low,0.2381,6,0.21428571428571427,True,NOERROR,1,21600,0,2,False,False,0,197695,RU,False,REGRU-RU,4,365,False,,False,False,,benign,no_adverse_signal
xn--xhq9m899ghwkqxh.digital,2026-07-27,27,3.286629486786195,0.14814814814814814,2,0.0,-11.163551428571429,low,0.2857,7,0.5789473684210527,False,timeout,0,,0,0,False,False,0,,,,,,,,,,False,,benign,no_adverse_signal
trainix.in,2026-07-27,10,2.521640636343318,0.0,0,0.75,-6.274154545454545,low,0.6667,2,0.8571428571428571,True,NOERROR,2,120,0,4,False,False,0,16509,DE,True,"HOSTINGER operations, UAB",4,365,False,,False,False,,benign,no_adverse_signal
ajambri.xyz,2026-07-27,11,2.5216406363433186,0.0,0,0.75,-7.4569090909090905,high,0.6154,3,0.8571428571428571,True,NOERROR,1,1799,5,2,True,False,0,36352,US,True,"NameCheap, Inc.",3,365,False,,True,True,False,malicious,spamhaus_zen
zalex.online,2026-07-27,12,2.321928094887362,0.0,0,0.6666666666666666,-6.739028571428571,medium,0.625,1,1.0,True,NOERROR,1,600,0,2,False,False,1,56041,CN,False,Alibaba Cloud Computing Ltd. d/b/a HiChina (www.net.cn),3,365,False,,True,False,,malicious,spamhaus_zen
airongo.com,2026-07-27,11,2.521640636343318,0.0,0,1.3333333333333333,-6.4191,low,0.5714,2,0.8571428571428571,True,NOERROR,1,21600,0,4,False,False,1,13335,CA,True,Tucows Domains Inc.,3,365,False,,False,False,,benign,no_adverse_signal
auctionlane.online,2026-07-27,18,3.0957952550009344,0.0,0,1.2,-6.423084210526316,medium,0.6316,2,0.8181818181818182,True,NOERROR,1,50,0,2,False,False,0,47583,CY,False,"HOSTINGER operations, UAB",3,365,False,,False,False,,benign,no_adverse_signal
bogurabazarbd.com,2026-07-27,17,2.8150724101159437,0.0,0,0.625,-7.527926086956522,low,0.5714,3,0.6153846153846154,False,timeout,0,,0,0,False,False,0,,,,Purple IT Ltd,3,365,True,,,False,,benign,no_adverse_signal
tiketjepea.com,2026-07-27,14,2.6464393446710157,0.0,0,1.0,-7.646717647058824,low,0.5263,2,0.7,True,NOERROR,2,300,0,2,False,False,2,13335,US,False,West263 International Limited,3,365,True,,False,False,,benign,no_adverse_signal
ajit.click,2026-07-27,10,2.0,0.0,0,1.0,-8.00122,medium,0.5714,1,1.0,False,NOERROR,0,,0,2,False,False,0,,,,"GMO Internet, Inc.",3,365,True,,,False,,benign,no_adverse_signal
geeexp.com,2026-07-27,10,1.7924812503605778,0.0,0,1.0,-7.485477777777778,low,0.5455,2,0.6666666666666666,True,NOERROR,1,60,0,0,False,False,0,,,False,PDR Ltd. d/b/a PublicDomainRegistry.com,3,365,True,,False,False,,benign,no_adverse_signal
smmcomet.com,2026-07-27,12,2.4056390622295662,0.0,0,0.3333333333333333,-7.29753076923077,low,0.5556,4,0.75,True,NOERROR,1,1800,0,2,True,False,0,16276,FR,True,"NameSilo, LLC",3,365,True,,False,False,,benign,no_adverse_signal
sbcontrole.com.br,2026-07-27,17,3.121928094887362,0.0,0,0.42857142857142855,-6.724217647058824,low,0.6087,3,0.9,True,NOERROR,2,120,2,4,False,False,0,16509,DE,True,,6,365,False,,False,False,,benign,no_adverse_signal
f08ab.com,2026-07-27,9,2.321928094887362,0.2222222222222222,0,0.5,-11.919314285714288,low,0.4615,1,1.0,True,NOERROR,2,300,0,2,False,False,2,13335,US,False,West263 International Limited,3,365,True,,False,False,,benign,no_adverse_signal
pizzipupil.media,2026-07-27,16,2.1709505944546685,0.0,0,0.6666666666666666,-8.134617647058823,low,0.4211,2,0.5,True,NOERROR,2,300,0,2,False,False,2,13335,US,False,,,,,,False,False,,benign,no_adverse_signal
softcomun.com,2026-07-27,13,2.94770277922009,0.0,0,0.5,-7.088353333333333,low,0.6087,3,0.8888888888888888,True,NOERROR,1,300,1,2,True,False,0,7506,JP,False,"GMO Internet, Inc.",3,365,True,,False,False,,benign,no_adverse_signal
tp1l1p.com,2026-07-27,10,1.9182958340544893,0.2,0,0.0,-11.7865,low,0.4615,2,0.6666666666666666,True,NOERROR,2,300,0,2,False,False,2,13335,US,False,Realtime Register B.V.,3,365,False,,False,False,,benign,no_adverse_signal
kfjhmcyb.com,2026-07-27,12,3.0,0.0,0,0.0,-10.257415384615383,low,0.4286,8,1.0,False,NOERROR,0,,0,2,False,False,0,,,,Realtime Register B.V.,3,365,False,,,False,,benign,no_adverse_signal
artisdent.com,2026-07-27,13,2.94770277922009,0.0,0,0.5,-6.393739999999999,low,0.5882,2,0.8888888888888888,True,NOERROR,4,30,0,2,False,False,8,213230,US,True,Domain Science Kutatasi Szolgaltato,4,365,True,,False,False,,benign,no_adverse_signal
sigmatekenergy.com,2026-07-27,18,3.3248629576173574,0.0,0,0.5555555555555556,-6.88842,low,0.5,3,0.7857142857142857,True,NOERROR,4,1799,5,2,True,False,0,54113,US,True,NAMECHEAP INC,3,365,True,,False,False,False,benign,no_adverse_signal
flashlog.online,2026-07-27,15,2.75,0.0,0,0.3333333333333333,-6.921161538461538,medium,0.5714,3,0.875,True,NOERROR,2,60,2,2,True,False,2,47583,DE,False,Dynadot Inc,3,365,False,,False,False,False,benign,no_adverse_signal
dt33.io,2026-07-27,7,1.5,0.2857142857142857,0,0.0,-10.11982,low,0.4,2,0.75,True,NOERROR,2,300,0,2,False,False,2,13335,US,False,Dynadot Inc,4,365,True,,False,False,,benign,no_adverse_signal
pebbydesigns.com,2026-07-27,16,3.084962500721156,0.0,0,0.3333333333333333,-7.656180952380952,low,0.5556,4,0.75,True,NOERROR,1,21600,0,2,False,False,0,16509,US,True,Tucows Domains Inc.,373,730,False,,False,False,,benign,no_adverse_signal
sc2studios.net,2026-07-27,14,2.8464393446710154,0.07142857142857142,0,0.5,-8.25084705882353,low,0.6364,2,0.8,True,NOERROR,4,14400,1,4,True,False,0,53831,US,False,Squarespace Domains II LLC,27,365,True,30,False,False,False,benign,no_adverse_signal
bottom.boats,2026-07-27,12,1.9182958340544893,0.0,0,0.5,-6.739622222222222,low,0.6,2,0.6666666666666666,True,NOERROR,2,300,3,2,True,False,2,13335,US,False,"OVH, SAS",3,365,True,,False,False,False,benign,no_adverse_signal
medical-work.ch,2026-07-27,15,3.584962500721156,0.0,1,0.5714285714285714,-6.866704761904761,low,0.6,2,1.0,True,NOERROR,1,300,0,2,True,False,1,29222,CH,True,,,,False,,False,False,,benign,no_adverse_signal
appastudy.com,2026-07-27,13,2.725480556997868,0.0,0,0.5,-6.817693333333334,low,0.5714,2,0.7777777777777778,True,NOERROR,2,120,0,4,False,False,0,16509,DE,True,"Gabia, Inc.",3,365,False,,False,False,,benign,no_adverse_signal
7788tvzhibonba2.cn,2026-07-27,18,3.5068905956085183,0.2777777777777778,0,0.42857142857142855,-9.206814814814814,low,0.4,4,0.8,True,NOERROR,1,300,0,2,False,False,0,132839,SC,False,北京新网数码信息技术有限公司,5,365,False,,False,False,,benign,no_adverse_signal
hipurchfs.store,2026-07-27,15,2.94770277922009,0.0,0,0.2857142857142857,-7.993993333333334,low,0.5,5,0.8888888888888888,True,NOERROR,2,1800,0,2,False,False,0,16509,US,False,,,,False,,False,False,,benign,no_adverse_signal
zsombor.cc,2026-07-27,10,2.5216406363433186,0.0,0,0.4,-7.709536363636364,low,0.5455,2,0.8571428571428571,False,NOERROR,0,,2,2,True,False,0,,,,"Cloudflare, Inc.",7,365,True,,,False,False,benign,no_adverse_signal
51cgw80.com,2026-07-27,11,2.807354922057604,0.36363636363636365,0,0.0,-11.250145454545454,low,0.5,3,1.0,True,NOERROR,2,300,0,2,False,False,2,13335,US,False,"Chengdu west dimension digital technology Co., LTD",3,365,True,,False,False,,benign,no_adverse_signal
mix-store.site,2026-07-27,14,3.169925001442312,0.0,1,0.6,-6.95788,medium,0.625,2,1.0,False,SERVFAIL,0,,0,0,False,False,0,,,,Reliable Software,3,365,False,,,False,,benign,no_adverse_signal
acentemwebte.com,2026-07-27,16,2.751629167387823,0.0,0,0.7142857142857143,-7.200271428571429,low,0.56,2,0.6666666666666666,False,SERVFAIL,0,,0,0,False,False,0,,,,ODTU Gelistirme Vakfi Bilgi Teknolojileri Sanayi Ve Ticaret Anonim Sirketi,3,365,True,,,False,,benign,no_adverse_signal
mototo56.com,2026-07-27,12,2.1556390622295662,0.16666666666666666,0,1.0,-8.017523076923077,low,0.5333,1,0.625,True,NOERROR,1,600,0,2,False,False,0,398478,HK,False,Gname 041 Inc,3,365,False,,True,False,,malicious,spamhaus_zen
jdbarfoundersvc.co,2026-07-27,18,3.640223928941851,0.0,0,0.36363636363636365,-7.423403703703705,low,0.4545,4,0.8666666666666667,False,NOERROR,0,,1,4,True,False,0,,,,"Spaceship, Inc.",5,365,False,,,False,False,benign,no_adverse_signal
untoorganico.autos,2026-07-27,18,3.0220552088742,0.0,0,1.0,-6.53855238095238,low,0.5,2,0.75,False,NOERROR,0,,0,2,False,False,0,,,,"NameCheap, Inc.",3,365,False,,,False,,benign,no_adverse_signal
athenascleaningservices.com,2026-07-27,27,3.381620107948735,0.0,0,0.6428571428571429,-6.344686046511629,low,0.6111,3,0.5217391304347826,True,NOERROR,2,3600,1,2,True,False,0,16509,US,True,"Spaceship, Inc.",3,365,False,,False,False,,benign,no_adverse_signal
innorim.com,2026-07-27,11,2.2359263506290326,0.0,0,0.75,-6.6173909090909095,low,0.6154,2,0.7142857142857143,True,NOERROR,2,60,2,2,True,False,2,47583,DE,False,"HOSTINGER operations, UAB",3,365,False,,False,False,False,benign,no_adverse_signal
bloodreason.web.id,2026-07-27,18,3.027169118440619,0.0,0,0.8333333333333334,-6.571305263157894,low,0.7,2,0.8181818181818182,False,NOERROR,0,,3,2,True,False,0,,,,,,,False,,,False,False,benign,no_adverse_signal
megospanish.com,2026-07-27,15,3.277613436819116,0.0,0,0.5714285714285714,-6.607115789473684,low,0.5333,2,0.9090909090909091,True,NOERROR,1,14400,2,2,True,False,0,16509,US,False,"HOSTINGER operations, UAB",3,365,False,,False,False,False,benign,no_adverse_signal
tukogiris.xyz,2026-07-27,13,2.94770277922009,0.0,0,0.8,-7.616206666666667,high,0.4615,1,0.8888888888888888,True,NOERROR,2,36,0,4,False,False,0,,US,False,Porkbun LLC,381,730,False,3,False,False,,benign,no_adverse_signal
petanitotofxk.site,2026-07-27,18,3.180832987205441,0.0,0,0.625,-7.442469565217391,medium,0.5263,3,0.7692307692307693,True,NOERROR,2,300,0,2,False,False,2,13335,US,False,"GoDaddy.com, LLC",3,365,True,,False,False,,benign,no_adverse_signal
play-kuma168.com,2026-07-27,16,3.418295834054489,0.1875,1,0.6,-8.433933333333332,low,0.4444,2,0.9166666666666666,True,NOERROR,2,300,0,2,False,False,2,13335,US,False,"Gransy, s.r.o.",3,365,False,,False,False,,benign,no_adverse_signal
yourcodelab.net,2026-07-27,15,3.2776134368191165,0.0,0,0.8333333333333334,-6.632936842105264,low,0.5455,2,0.9090909090909091,False,timeout,0,,0,0,False,False,0,,,,"NameSilo, LLC",4,365,False,,,False,,benign,no_adverse_signal
sugarreset-usa.site,2026-07-27,19,2.8962915290459286,0.0,1,0.8571428571428571,-7.224124000000001,medium,0.5185,2,0.5714285714285714,True,NOERROR,2,300,0,2,False,False,2,13335,US,False,"HOSTINGER operations, UAB",3,365,False,,False,False,,benign,no_adverse_signal
mistypeoples.net,2026-07-27,16,3.084962500721156,0.0,0,0.5,-6.898009523809525,low,0.4762,4,0.75,True,NOERROR,4,14400,0,4,True,False,0,53831,US,False,Squarespace Domains LLC,3,365,True,,False,False,,benign,no_adverse_signal
shoppeamberinteriorsfinds.shop,2026-07-27,30,3.643074189428569,0.0,0,0.5625,-6.566925531914893,low,0.4444,3,0.56,True,NOERROR,1,300,0,2,False,False,0,199242,US,False,,,,False,,False,False,,benign,no_adverse_signal
luckyparts56.online,2026-07-27,19,3.584962500721156,0.10526315789473684,0,0.25,-7.902514285714285,medium,0.5,4,1.0,True,NOERROR,1,300,1,4,True,False,1,210079,RU,True,Registrar of Domain Names REG.RU LLC,3,365,False,,False,False,False,benign,no_adverse_signal
wigglegiggleband.com,2026-07-27,20,2.899397470347699,0.0,0,0.45454545454545453,-7.3201068965517235,low,0.4444,3,0.5625,True,NOERROR,2,600,0,2,False,False,0,16509,US,True,"GoDaddy.com, LLC",3,365,True,34,False,False,,benign,no_adverse_signal
uob-edu.org,2026-07-27,11,2.5216406363433186,0.0,1,2.0,-8.694236363636364,low,0.5333,1,0.8571428571428571,True,NOERROR,2,300,0,2,False,False,2,13335,US,False,NAMECHEAP INC,3,365,True,,False,False,,benign,no_adverse_signal
679689.xyz,2026-07-27,10,1.9182958340544893,0.6,0,0.0,-11.6657,high,0.2222,0,0.6666666666666666,False,NOERROR,0,,0,2,False,False,0,,,,"Spaceship, Inc.",3,365,False,,,False,,benign,no_adverse_signal
aurevoni.com,2026-07-27,12,3.0,0.0,0,1.6666666666666667,-6.895169230769231,low,0.6667,1,1.0,True,NOERROR,2,300,0,2,False,False,0,16509,US,True,"Spaceship, Inc.",3,365,False,,False,False,,benign,no_adverse_signal
smstyle.us,2026-07-27,10,2.5216406363433186,0.0,0,0.16666666666666666,-7.441781818181818,low,0.5333,6,0.8571428571428571,True,NOERROR,1,600,1,2,True,False,0,13335,DE,True,"GoDaddy.com, LLC",3,365,False,,False,False,False,benign,no_adverse_signal
4a12twpvd09eazfprfk9586.com,2026-07-27,27,4.175735869100492,0.3333333333333333,0,0.2727272727272727,-11.15337441860465,low,0.3226,6,0.8260869565217391,False,NOERROR,0,,5,2,True,False,0,,,,NAMECHEAP INC,3,365,True,,,False,False,benign,no_adverse_signal
kusanagi.ventures,2026-07-27,17,2.75,0.0,0,1.0,-6.8037,low,0.5714,1,0.875,True,NOERROR,2,300,0,2,False,False,2,13335,US,False,,,,,,False,False,,benign,no_adverse_signal
ndetf.luxe,2026-07-27,10,2.321928094887362,0.0,0,0.25,-6.801314285714286,low,0.6667,2,1.0,True,NOERROR,1,600,0,2,False,False,0,13335,US,False,Alibaba Cloud Computing Ltd. d/b/a HiChina (www.net.cn),3,365,True,,False,False,,benign,no_adverse_signal
laiscostapodologa.com.br,2026-07-27,24,3.1018812234760187,0.0,0,0.8888888888888888,-6.579509677419355,low,0.4848,2,0.5882352941176471,True,NOERROR,2,60,0,2,False,False,2,47583,DE,False,,5,365,False,,False,False,,benign,no_adverse_signal
wrsc2011.org,2026-07-27,12,2.75,0.3333333333333333,0,0.0,-9.516361538461538,low,0.4615,4,0.875,True,NOERROR,2,300,0,2,False,False,2,13335,US,False,"Cloudflare, Inc.",3,365,False,,False,False,,benign,no_adverse_signal
xbioresearch.com,2026-07-27,16,3.2516291673878226,0.0,0,0.7142857142857143,-6.638014285714286,low,0.6667,3,0.8333333333333334,True,NOERROR,1,3600,0,2,False,False,0,54113,US,False,Wix.com Ltd.,3,365,False,,False,False,,benign,no_adverse_signal
myliftgarage.com,2026-07-27,16,3.251629167387823,0.0,0,0.5,-7.248480952380952,low,0.6087,3,0.8333333333333334,True,NOERROR,2,3600,0,2,False,False,0,16509,US,True,"GoDaddy.com, LLC",3,365,True,,False,False,,benign,no_adverse_signal
puchsen.pl,2026-07-27,10,2.807354922057604,0.0,0,0.4,-7.399718181818182,low,0.6154,3,1.0,True,NOERROR,1,21600,2,2,True,False,0,13335,CA,True,PERSKIMEDIA Szymon Perski,5,365,False,,False,False,False,benign,no_adverse_signal
camwatchlist.bond,2026-07-27,17,3.0849625007211556,0.0,0,0.3333333333333333,-7.118733333333334,low,0.5455,4,0.75,True,NOERROR,2,300,0,2,False,False,2,13335,US,False,Dynadot Inc,3,365,False,,False,False,,benign,no_adverse_signal
bangau188.online,2026-07-27,16,2.725480556997868,0.1875,0,1.0,-8.24038,medium,0.4615,2,0.7777777777777778,True,NOERROR,1,14399,1,2,True,False,0,47846,DE,False,"GMO Internet, Inc.",3,365,True,,False,False,,benign,no_adverse_signal
fothittaren.se,2026-07-27,14,3.027169118440619,0.0,0,0.5714285714285714,-6.571573684210526,low,0.5556,2,0.8181818181818182,True,NOERROR,2,3600,0,2,False,False,0,39570,SE,False,Loopia AB,4,365,False,,False,False,,benign,no_adverse_signal
cognizational.com,2026-07-27,17,3.085055102756477,0.0,0,0.8571428571428571,-6.946765217391304,low,0.6,2,0.6923076923076923,True,NOERROR,1,3600,1,2,True,False,0,133618,US,True,Tucows Domains Inc.,3,365,False,,False,False,False,benign,no_adverse_signal
8v9nh.com,2026-07-27,9,2.321928094887362,0.2222222222222222,0,0.0,-12.404471428571428,low,0.5,2,1.0,True,NOERROR,2,300,0,2,False,False,0,13335,US,False,"GoDaddy.com, LLC",3,365,True,,False,False,,benign,no_adverse_signal
bestanvor.com,2026-07-27,13,3.169925001442312,0.0,0,0.5,-6.656393333333333,low,0.7059,2,1.0,True,NOERROR,1,3600,0,2,False,False,0,14618,US,True,Dominet (HK) Limited,3,365,False,0,False,False,,benign,no_adverse_signal
quindiaz.com,2026-07-27,12,2.75,0.0,0,1.0,-6.846392307692308,low,0.5714,2,0.875,True,NOERROR,1,3600,0,2,False,False,0,16509,US,False,"HOSTINGER operations, UAB",3,1096,False,,False,False,,benign,no_adverse_signal
nodormis.store,2026-07-27,14,2.75,0.0,0,0.6,-6.879223076923077,low,0.6154,2,0.875,False,SERVFAIL,0,,0,0,False,False,0,,,,,,,False,,,False,,benign,no_adverse_signal
dombarometr.ru,2026-07-27,14,2.9139770731827523,0.0,0,0.5714285714285714,-6.549421052631579,low,0.5714,2,0.7272727272727273,True,NOERROR,1,600,2,4,True,False,0,9123,RU,False,TIMEWEB-RU,4,365,False,,False,False,False,benign,no_adverse_signal
thejourneyceo.com,2026-07-27,17,3.180832987205441,0.0,0,0.8571428571428571,-7.407743478260869,low,0.5,2,0.7692307692307693,True,NOERROR,1,60,0,2,False,False,0,13335,US,False,Global Domain Group LLC,3,365,False,,False,False,,benign,no_adverse_signal
hd444.io,2026-07-27,8,1.3709505944546687,0.375,0,0.0,-10.368557142857142,low,0.3333,2,0.6,True,NOERROR,2,300,0,2,False,False,2,13335,US,False,Dynadot Inc,4,365,True,,False,False,,benign,no_adverse_signal
havelimowilltravel.com,2026-07-27,22,3.2810361125534233,0.0,0,0.6363636363636364,-6.859618181818182,low,0.48,4,0.6111111111111112,True,NOERROR,2,600,0,2,False,False,0,16509,US,True,"GoDaddy.com, LLC",3,731,True,,False,False,,benign,no_adverse_signal
tuwaiqtravels.ai,2026-07-27,16,3.3927474104487847,0.0,0,0.625,-7.931460869565217,low,0.5,3,0.8461538461538461,True,NOERROR,1,34705,0,0,False,False,0,30083,US,True,"GoDaddy.com, LLC",8,731,True,,False,False,,benign,no_adverse_signal
qqrpz.com,2026-07-27,9,1.9219280948873623,0.0,0,0.0,-11.504928571428573,low,0.4444,5,0.8,True,NOERROR,2,300,0,2,False,False,2,13335,US,False,Dominet (HK) Limited,3,365,False,,False,False,,benign,no_adverse_signal
rkjswvju.top,2026-07-27,12,2.75,0.0,0,0.14285714285714285,-11.1515,high,0.5,7,0.875,True,NOERROR,3,60,0,2,False,True,0,138995,US,False,Dominet (HK) Limited,3,365,True,,True,True,,malicious,spamhaus_zen
alandelcloset.com,2026-07-27,17,3.0269868333592873,0.0,0,0.625,-6.431578260869565,low,0.5714,3,0.6923076923076923,True,NOERROR,1,21600,3,4,False,False,1,13335,CA,True,Tucows Domains Inc.,3,365,False,,False,False,False,benign,no_adverse_signal
123movieswatch.info,2026-07-27,19,3.8073549220576055,0.15789473684210525,0,0.5714285714285714,-7.49028,medium,0.4545,3,1.0,True,NOERROR,2,300,0,2,False,False,2,13335,US,False,,,,,,False,False,,benign,no_adverse_signal
bdosg.com,2026-07-27,9,2.321928094887362,0.0,0,0.25,-8.052842857142858,low,0.5455,2,1.0,True,NOERROR,1,600,0,3,False,False,0,45102,PH,False,Aceville Pte. Ltd.,2,365,False,,False,True,,malicious,spamhaus_dbl
3hpc.top,2026-07-27,8,2.0,0.125,0,0.0,-10.81456,high,0.5714,3,1.0,True,NOERROR,6,600,0,2,False,True,0,8075,JP,False,"Spaceship, Inc.",3,365,True,,True,True,,malicious,spamhaus_zen
doxgy.com,2026-07-27,9,2.321928094887362,0.0,0,0.25,-9.32872857142857,low,0.5,3,1.0,True,NOERROR,2,600,0,2,False,False,0,16509,US,True,"GoDaddy.com, LLC",3,365,True,34,False,False,,benign,no_adverse_signal
seattle-heart.com,2026-07-27,17,2.8150724101159437,0.0,1,0.7142857142857143,-6.868139130434782,low,0.6,3,0.6153846153846154,True,NOERROR,2,3600,2,2,True,False,0,16509,US,True,"GoDaddy.com, LLC",3,365,False,,False,False,False,benign,no_adverse_signal
kissed.pl,2026-07-27,9,2.2516291673878226,0.0,0,0.5,-6.7435,low,0.5455,2,0.8333333333333334,True,NOERROR,1,21600,1,2,True,False,0,48707,PL,False,Aftermarket.pl Limited,3,365,False,,False,False,False,benign,no_adverse_signal
okanbaburozyurtyapi.com,2026-07-27,23,3.4713544870139286,0.0,0,0.7272727272727273,-7.718162857142857,low,0.4286,3,0.631578947368421,True,NOERROR,1,14400,0,4,False,False,0,42846,TR,True,Atak Domain Bilgi Teknolojileri A.S.,118,365,False,,False,False,,benign,no_adverse_signal
dagga-weilanqipai.com.cn,2026-07-27,24,3.2195282822995477,0.0,1,1.0,-7.96056129032258,low,0.4444,2,0.6470588235294118,True,NOERROR,1,599,0,2,False,False,0,134175,HK,False,北京新网数码信息技术有限公司,8,365,False,,False,False,,benign,no_adverse_signal
114exo.asia,2026-07-27,11,2.2516291673878226,0.2727272727272727,0,2.0,-9.915922222222223,low,0.4,1,0.8333333333333334,False,NOERROR,0,,0,2,False,False,0,,,,Eranet International Limited,4,365,True,,,False,,benign,no_adverse_signal
artsanmusicproductions.co.uk,2026-07-27,28,3.5160276412662306,0.0,0,0.5714285714285714,-6.84259756097561,low,0.5238,3,0.5454545454545454,True,NOERROR,1,21600,3,2,True,False,0,15169,GB,True,Fasthosts Internet Ltd [Tag = LIVEDOMAINS],5,731,False,,False,False,False,benign,no_adverse_signal
nodia.tech,2026-07-27,10,2.321928094887362,0.0,0,1.5,-6.5393,low,0.7273,1,1.0,True,NOERROR,1,3600,4,2,True,False,1,16276,FR,True,"OVH, SAS",3,365,True,,False,False,False,benign,no_adverse_signal
halleandjakesjourney.com,2026-07-27,24,3.546439344671015,0.0,0,0.6666666666666666,-7.21187027027027,low,0.4667,3,0.65,True,NOERROR,1,774,1,2,True,False,0,133618,AU,True,Tucows Domains Inc.,3,365,False,,False,False,False,benign,no_adverse_signal
dugoutwiz.app,2026-07-27,13,2.94770277922009,0.0,0,0.8,-7.995193333333333,low,0.5,2,0.8888888888888888,True,NOERROR,2,42,0,4,False,False,0,,US,False,,,,False,3,False,False,,benign,no_adverse_signal
dtcangles.net,2026-07-27,13,3.169925001442312,0.0,0,0.2857142857142857,-6.764046666666667,low,0.6667,3,1.0,True,NOERROR,1,1800,1,2,True,False,0,22612,US,False,NAMECHEAP INC,4,365,True,,False,False,False,benign,no_adverse_signal
03f7.buzz,2026-07-27,9,2.0,0.3333333333333333,0,0.0,-12.08748,high,0.2857,1,1.0,True,NOERROR,2,300,0,2,False,False,2,13335,US,False,"Spaceship, Inc.",3,365,False,,False,False,,benign,no_adverse_signal
exploringtheunknownpod.com,2026-07-27,26,3.697845823084411,0.0,0,0.4666666666666667,-7.306029268292682,low,0.4444,4,0.6818181818181818,True,NOERROR,1,300,0,0,False,False,0,58182,US,True,Wix.com Ltd.,372,730,True,,False,False,,benign,no_adverse_signal
bvene.space,2026-07-27,11,1.9219280948873623,0.0,0,0.6666666666666666,-7.715028571428571,low,0.6667,2,0.8,True,NOERROR,2,33,0,4,False,False,0,,US,False,Porkbun LLC,381,730,False,3,False,False,,benign,no_adverse_signal
elorema.com,2026-07-27,11,2.5216406363433186,0.0,0,1.3333333333333333,-6.1619636363636365,low,0.5714,1,0.8571428571428571,True,NOERROR,1,21600,0,2,False,False,0,16509,US,True,Tucows Domains Inc.,372,730,False,,False,False,,benign,no_adverse_signal
intern-lorealkorea.com,2026-07-27,22,3.1971597234241487,0.0,1,0.8888888888888888,-6.592942424242424,low,0.48,2,0.5555555555555556,True,NOERROR,1,1041,1,2,True,False,0,133618,US,True,Octopusdomains.net LLC,3,365,True,,False,False,False,benign,no_adverse_signal
nipelift.com,2026-07-27,12,2.75,0.0,0,0.6,-6.9977846153846155,low,0.5333,2,0.875,True,NOERROR,2,1800,0,2,False,False,0,16509,US,False,"Name.com, Inc.",3,365,True,,False,False,,benign,no_adverse_signal
exclusivesavings.app,2026-07-27,20,3.327819531114783,0.0,0,0.6,-6.784379310344828,low,0.5333,3,0.6875,True,NOERROR,2,600,0,2,False,False,0,16509,US,True,,,,False,,False,False,,benign,no_adverse_signal
maximalgame.com,2026-07-27,15,2.59490661824394,0.0,0,0.8333333333333334,-6.8954157894736845,low,0.5333,2,0.6363636363636364,True,NOERROR,2,300,0,2,False,False,2,13335,US,False,"NameSilo, LLC",3,365,False,,False,False,,benign,no_adverse_signal
khrxku527.vip,2026-07-27,13,2.94770277922009,0.23076923076923078,0,0.2,-10.8976,low,0.4615,5,0.8888888888888888,True,NOERROR,13,10,0,2,False,True,0,64013,HK,False,Dynadot Inc,3,365,True,,False,True,,malicious,spamhaus_dbl
baysidebling.com,2026-07-27,16,3.2516291673878226,0.0,0,0.5,-6.620219047619047,low,0.5556,2,0.8333333333333334,True,NOERROR,4,14400,1,4,True,False,0,53831,US,False,Squarespace Domains II LLC,3,365,True,,False,False,False,benign,no_adverse_signal
rr9999.app,2026-07-27,10,0.9182958340544896,0.4,0,0.0,-9.568244444444444,low,0.3333,2,0.3333333333333333,True,NOERROR,2,300,0,2,False,False,2,13335,US,False,,,,False,,False,False,,benign,no_adverse_signal
polovip.io,2026-07-27,10,2.2359263506290326,0.0,0,0.75,-6.6746727272727275,low,0.6667,1,0.7142857142857143,True,NOERROR,2,300,0,2,False,False,2,13335,US,False,GNAME.COM PTE. LTD.,10,365,True,,False,False,,benign,no_adverse_signal
shiftandsend.com,2026-07-27,16,3.084962500721156,0.0,0,0.3333333333333333,-6.716457142857143,low,0.6667,3,0.75,True,NOERROR,1,1800,5,2,True,False,0,22612,US,False,NAMECHEAP INC,3,365,True,,False,False,False,benign,no_adverse_signal
dewolfelawncare.org,2026-07-27,19,3.189898095464287,0.0,0,0.6666666666666666,-7.4443222222222225,low,0.5,3,0.6666666666666666,True,NOERROR,1,21600,0,2,False,False,0,16509,US,True,Tucows Domains Inc.,372,730,False,,False,False,,benign,no_adverse_signal
yscq0601.com,2026-07-27,12,2.75,0.3333333333333333,0,0.0,-10.580938461538462,low,0.4615,4,0.875,True,NOERROR,1,10,0,2,False,True,0,979,US,False,"DNSPod, Inc.",3,365,False,,False,False,,benign,no_adverse_signal
vilakazistreet.biz,2026-07-27,18,3.2359263506290326,0.0,0,0.75,-6.887324,low,0.5,3,0.7142857142857143,True,NOERROR,1,21600,0,2,False,False,0,16509,US,True,Tucows Domains Inc.,2929,,True,,False,False,,benign,no_adverse_signal
77pd.bet,2026-07-27,8,1.5,0.25,0,0.0,-10.8152,low,0.4444,2,0.75,True,NOERROR,2,300,0,2,False,False,2,13335,US,False,,,,,,False,False,,benign,no_adverse_signal
drgn88.casino,2026-07-27,13,2.2516291673878226,0.15384615384615385,0,0.0,-9.80331111111111,low,0.5,4,0.8333333333333334,True,NOERROR,1,600,0,2,False,False,0,216071,NL,True,,,,,,False,False,,benign,no_adverse_signal
ecetinnplay.xyz,2026-07-27,15,3.0957952550009344,0.0,0,0.5714285714285714,-6.888373684210526,high,0.4706,4,0.8181818181818182,True,NOERROR,2,44,0,4,False,False,0,,US,False,Porkbun LLC,380,730,False,3,False,False,,benign,no_adverse_signal
game-trading.ru,2026-07-27,15,3.2516291673878226,0.0,1,0.5714285714285714,-6.377395238095238,low,0.6087,2,0.8333333333333334,True,NOERROR,1,600,2,4,True,False,0,44112,RU,True,RU-CENTER-RU,4,365,False,,False,False,False,benign,no_adverse_signal
excamator.com,2026-07-27,13,2.94770277922009,0.0,0,0.8,-6.455793333333333,low,0.5882,2,0.8888888888888888,True,NOERROR,1,300,0,2,False,False,0,206834,DE,False,"Gransy, s.r.o.",3,365,False,,False,False,,benign,no_adverse_signal
nuvella.net,2026-07-27,11,2.521640636343318,0.0,0,0.75,-7.1782272727272725,low,0.5714,2,0.8571428571428571,True,NOERROR,1,600,1,2,False,False,0,396982,US,True,"GoDaddy.com, LLC",4,365,True,,False,False,,benign,no_adverse_signal
beginnerabletonlessons.com,2026-07-27,26,3.243300368538958,0.0,0,0.5714285714285714,-6.486609756097561,low,0.4324,2,0.5,True,NOERROR,1,1868,1,2,True,False,0,133618,AU,True,Tucows Domains Inc.,3,365,False,,False,False,False,benign,no_adverse_signal
edit4scholars.com,2026-07-27,17,3.5465935642949384,0.058823529411764705,0,0.5,-7.3950434782608685,low,0.6,3,0.9230769230769231,False,NOERROR,0,,3,2,True,False,0,,,,"Amazon Registrar, Inc.",3,365,True,,,False,False,benign,no_adverse_signal
atlasluxurylimo.com,2026-07-27,19,3.32323142879762,0.0,0,0.6666666666666666,-7.69402962962963,low,0.5,3,0.7333333333333333,True,NOERROR,1,14400,3,2,True,False,0,22612,US,True,NAMECHEAP INC,3,365,True,,False,False,False,benign,no_adverse_signal
mmnzc7r.cc,2026-07-27,10,2.5216406363433186,0.1,0,0.0,-11.195181818181819,low,0.5,5,0.8571428571428571,True,NOERROR,1,60,0,2,False,False,0,219502,NL,False,"NameSilo, LLC",3,365,False,,True,True,,malicious,spamhaus_zen
distresse.shop,2026-07-27,14,2.4193819456463714,0.0,0,0.5,-5.934753333333333,low,0.5556,3,0.6666666666666666,True,NOERROR,1,1800,1,2,False,False,0,,,False,,,,False,,False,False,False,benign,no_adverse_signal
medidaexatabalance.com.br,2026-07-27,25,3.149673447186741,0.0,0,1.0,-6.768924242424243,low,0.5385,2,0.6111111111111112,True,NOERROR,1,50,0,2,False,False,0,47583,CY,False,,5,365,False,,False,False,,benign,no_adverse_signal
rishabhwedsmani.com,2026-07-27,19,3.3735572622751846,0.0,0,0.5,-7.235444444444444,low,0.4762,3,0.7333333333333333,True,NOERROR,1,3600,2,2,True,False,0,16509,US,False,"GoDaddy.com, LLC",3,365,True,,False,False,False,benign,no_adverse_signal
nuzl.org,2026-07-27,8,2.0,0.0,0,0.3333333333333333,-9.75008,low,0.5714,2,1.0,False,NOERROR,0,,0,2,False,False,0,,,,"Cloudflare, Inc.",3,365,False,,,False,,benign,no_adverse_signal
mrsmoke111.xyz,2026-07-27,14,2.6464393446710157,0.21428571428571427,0,0.4,-8.610341176470587,high,0.4444,4,0.7,True,NOERROR,2,36,0,4,False,False,0,,US,False,Porkbun LLC,380,730,False,,False,False,,benign,no_adverse_signal
fixst.one,2026-07-27,9,2.321928094887362,0.0,0,0.25,-7.9361428571428565,low,0.6667,3,1.0,True,NOERROR,2,60,0,4,False,False,0,,US,False,Porkbun,380,365,True,,False,False,,benign,no_adverse_signal
furkan1122.xyz,2026-07-27,14,2.9219280948873627,0.2857142857142857,0,0.5,-8.551711764705882,high,0.4,2,0.8,True,NOERROR,2,29,0,4,False,False,0,,US,False,Porkbun LLC,380,730,False,3,False,False,,benign,no_adverse_signal
mtv-travel.com,2026-07-27,14,2.9219280948873623,0.0,1,0.2857142857142857,-7.509752941176471,low,0.5333,3,0.8,True,NOERROR,4,14400,0,4,True,False,0,53831,US,False,Squarespace Domains LLC,3,1096,True,30,False,False,,benign,no_adverse_signal
chillycintron.com,2026-07-27,17,3.0850551027564768,0.0,0,0.3,-6.685408695652174,low,0.5263,4,0.6923076923076923,True,NOERROR,1,21600,0,2,False,False,0,16509,US,True,Tucows Domains Inc.,372,730,False,,False,False,,benign,no_adverse_signal
hexhotel.online,2026-07-27,15,2.5,0.0,0,0.6,-7.111784615384615,medium,0.5,2,0.75,True,NOERROR,1,1800,5,2,True,False,0,22612,US,False,NAMECHEAP INC,3,365,True,,False,False,False,benign,no_adverse_signal
pelispediahd.info,2026-07-27,17,2.918295834054489,0.0,0,0.7142857142857143,-6.955452380952382,medium,0.5714,2,0.6666666666666666,True,NOERROR,2,300,0,2,False,False,2,13335,US,False,,,,,,False,False,,benign,no_adverse_signal
p5jtr.cyou,2026-07-27,10,2.321928094887362,0.1,0,0.0,-11.150471428571427,low,0.5,3,1.0,False,NOERROR,0,,0,2,False,False,0,,,,"Spaceship, Inc.",3,365,False,,,False,,benign,no_adverse_signal
the-studio-club.com,2026-07-27,19,3.506890595608518,0.0,2,0.625,-7.132562962962963,low,0.5,2,0.8,True,NOERROR,4,14400,5,4,False,False,0,53831,US,False,Squarespace Domains LLC,166,365,True,,False,False,False,benign,no_adverse_signal
fulmend.com,2026-07-27,11,2.807354922057604,0.0,0,0.4,-7.106227272727272,low,0.5333,2,1.0,True,NOERROR,1,3600,0,2,False,False,0,14618,US,True,Dominet (HK) Limited,3,365,False,0,False,False,,benign,no_adverse_signal
代斯练.com,2026-07-27,7,1.584962500721156,0.0,0,0.0,-15.7755,low,0.0,3,1.0,True,NOERROR,1,1,0,2,False,True,0,979,HK,False,West263 International Limited,3,365,True,,False,False,,benign,no_adverse_signal
u5z1mvow.top,2026-07-27,12,3.0,0.16666666666666666,0,0.5,-11.535838461538463,high,0.3636,2,1.0,True,NOERROR,3,60,0,2,False,True,0,138995,US,False,Dominet (HK) Limited,3,365,True,,True,True,,malicious,spamhaus_zen
getwebs.org,2026-07-27,11,2.5216406363433186,0.0,0,0.4,-6.863172727272727,low,0.5714,2,0.8571428571428571,True,NOERROR,2,600,0,2,False,False,0,4907,SC,False,Gname 450 Inc,3,365,True,,True,False,,malicious,spamhaus_zen
11tsdc.org,2026-07-27,10,2.2516291673878226,0.2,0,0.0,-9.309855555555556,low,0.5,4,0.8333333333333334,True,NOERROR,2,300,0,2,False,False,2,13335,US,False,"GoDaddy.com, LLC",3,365,False,,False,False,,benign,no_adverse_signal
beyondhellofthewest.org,2026-07-27,23,3.4058222502856905,0.0,0,0.46153846153846156,-7.082122857142857,low,0.4118,3,0.631578947368421,True,NOERROR,2,600,1,2,True,False,0,16509,US,True,"GoDaddy.com, LLC",3,365,False,34,False,False,False,benign,no_adverse_signal
mrzacklaptop.my.id,2026-07-27,18,3.2516291673878226,0.0,0,0.3333333333333333,-7.901319047619047,low,0.4762,3,0.8333333333333334,True,NOERROR,1,14400,1,4,True,False,0,199695,ID,False,,,,False,,False,False,False,benign,no_adverse_signal
horizonpathfinder.lol,2026-07-27,21,3.4992275471326932,0.0,0,0.5454545454545454,-6.9016,low,0.4545,3,0.7058823529411765,True,NOERROR,1,300,0,2,False,False,0,45102,SG,False,Dynadot Inc,3,365,False,,False,False,,benign,no_adverse_signal
avenueduplaisir.com,2026-07-27,19,3.373557262275185,0.0,0,1.1428571428571428,-7.139388888888889,low,0.4348,2,0.7333333333333333,True,NOERROR,2,300,0,2,False,False,2,13335,US,False,"GMO Internet, Inc.",3,365,True,,False,False,,benign,no_adverse_signal
mdtirzepatide.net,2026-07-27,17,3.085055102756477,0.0,0,0.625,-7.693391304347826,low,0.5714,3,0.6923076923076923,False,NOERROR,0,,2,4,True,False,0,,,,Porkbun LLC,4,365,False,,,False,False,benign,no_adverse_signal
1nyg.top,2026-07-27,8,2.0,0.125,0,0.0,-10.69836,high,0.5,3,1.0,True,NOERROR,6,600,0,2,False,True,0,8075,JP,False,"Spaceship, Inc.",3,365,True,,True,True,,malicious,spamhaus_zen
lordfilmpvao.biz,2026-07-27,16,3.2516291673878226,0.0,0,0.5,-8.276209523809523,low,0.5455,4,0.8333333333333334,True,NOERROR,1,300,0,2,False,False,0,211381,NL,True,Dynadot Inc,3,,True,,False,False,,benign,no_adverse_signal
shoppawvela.com,2026-07-27,15,3.095795255000934,0.0,0,0.5714285714285714,-7.495368421052632,low,0.4762,2,0.8181818181818182,True,NOERROR,1,21600,1,4,True,False,1,13335,CA,True,Tucows Domains Inc.,3,365,False,,False,False,False,benign,no_adverse_signal
poker-complains-01.com,2026-07-27,22,3.8365916681089787,0.09090909090909091,2,0.5555555555555556,-7.005606060606061,low,0.5161,3,0.8333333333333334,True,NOERROR,1,1800,5,2,True,False,0,22612,US,False,NAMECHEAP INC,2,365,True,,False,False,False,benign,no_adverse_signal
hsmphotos.com,2026-07-27,13,2.5032583347756456,0.0,0,0.2857142857142857,-7.4673533333333335,low,0.625,5,0.6666666666666666,True,NOERROR,4,14400,1,4,True,False,0,53831,US,False,Squarespace Domains II LLC,3,365,True,,False,False,False,benign,no_adverse_signal
isoughtthelord.com,2026-07-27,18,3.378783493486176,0.0,0,0.5555555555555556,-7.060564,low,0.5,5,0.7857142857142857,True,NOERROR,2,300,0,2,False,False,2,13335,US,False,Porkbun LLC,3,365,False,,False,False,,benign,no_adverse_signal
atosfreefire.shop,2026-07-27,17,2.8553885422075336,0.0,0,1.0,-6.973552380952381,low,0.5556,3,0.6666666666666666,False,NOERROR,0,,0,2,False,False,0,,,,,,,False,,,False,,benign,no_adverse_signal
rhineshinedetailing.fr,2026-07-27,22,3.221097250057956,0.0,0,0.7272727272727273,-6.230277142857143,low,0.4706,2,0.5789473684210527,True,NOERROR,1,3600,1,3,True,False,0,396982,NL,True,Hosting Concepts B.V. d/b/a Openprovider,2,364,True,0,False,False,False,benign,no_adverse_signal
carrefourshop.top,2026-07-27,17,3.180832987205441,0.0,0,0.625,-6.750369565217391,high,0.5263,3,0.7692307692307693,True,NOERROR,2,300,0,2,False,False,2,13335,US,False,West263 International Limited,3,365,True,,False,False,,benign,no_adverse_signal
velbrandlab.com,2026-07-27,15,2.913977073182752,0.0,0,0.375,-6.88598947368421,low,0.4762,3,0.7272727272727273,False,NOERROR,0,,0,4,False,False,0,,,,Porkbun LLC,3,365,False,,,False,,benign,no_adverse_signal
getmeapolarbear.com,2026-07-27,19,3.139572261986723,0.0,0,0.875,-6.710707407407408,low,0.5185,2,0.6666666666666666,True,NOERROR,1,1,0,2,False,False,0,139880,SC,False,TuringSign Inc. d/b/a Cosmotown,3,365,False,,False,False,,benign,no_adverse_signal
renovikarixena.info,2026-07-27,19,3.09306920777189,0.0,0,1.0,-6.935224000000001,medium,0.4762,1,0.6428571428571429,True,NOERROR,2,300,0,2,False,False,2,13335,US,False,,,,,,False,False,,benign,no_adverse_signal
aybersplay.xyz,2026-07-27,14,2.9219280948873623,0.0,0,0.42857142857142855,-6.742188235294117,high,0.5263,4,0.8,True,NOERROR,2,6,0,4,False,False,0,,US,False,Porkbun LLC,380,730,False,3,False,False,,benign,no_adverse_signal
poinpalu4d.news,2026-07-27,15,3.121928094887362,0.06666666666666667,0,0.8,-8.37119411764706,low,0.5,2,0.9,True,NOERROR,2,300,0,2,False,False,2,13335,US,False,,,,,,False,False,,benign,no_adverse_signal
1470369.xyz,2026-07-27,11,2.807354922057604,0.6363636363636364,0,0.0,-10.776527272727272,high,0.4,0,1.0,True,NOERROR,1,300,0,2,False,False,0,401701,SC,False,"NameSilo, LLC",3,365,True,,False,True,,malicious,spamhaus_dbl
geakam.com,2026-07-27,10,2.2516291673878226,0.0,0,1.0,-7.0598777777777775,low,0.8,1,0.8333333333333334,False,NOERROR,0,,0,2,False,False,0,,,,BF Internet Limited,3,365,False,,,True,,malicious,spamhaus_dbl
gentleknit.com,2026-07-27,14,2.721928094887362,0.0,0,0.42857142857142855,-7.006576470588236,low,0.5,3,0.7,True,NOERROR,1,21600,0,2,False,False,0,16509,US,True,Tucows Domains Inc.,372,730,False,,False,False,,benign,no_adverse_signal
0ta5rzk.com,2026-07-27,11,2.807354922057604,0.18181818181818182,0,0.25,-11.622436363636364,low,0.4,3,1.0,False,NOERROR,0,,0,2,False,False,0,,,,Realtime Register B.V.,3,365,False,,,False,,benign,no_adverse_signal
globalmontessorischool.ca,2026-07-27,25,3.499458187784399,0.0,0,0.5714285714285714,-6.4975097560975605,low,0.5263,3,0.6363636363636364,True,NOERROR,1,14440,1,2,True,False,0,16276,CA,True,WHC Online Solutions Inc.,13,365,True,,False,False,False,benign,no_adverse_signal
thevoicemodels.info,2026-07-27,19,3.3248629576173574,0.0,0,0.75,-6.920972000000001,medium,0.4762,2,0.7857142857142857,True,NOERROR,1,3600,0,3,False,False,0,197720,TR,True,,,,,,False,False,,benign,no_adverse_signal
bwo99-julynvdbray.space,2026-07-27,23,3.734521664779752,0.08695652173913043,1,0.2727272727272727,-9.596251612903226,low,0.3846,7,0.8235294117647058,True,NOERROR,2,300,0,2,False,False,2,13335,US,False,NAMECHEAP INC,3,365,True,,False,False,,benign,no_adverse_signal
ukrainians.cz,2026-07-27,13,2.721928094887362,0.0,0,1.0,-6.674288235294118,low,0.5,2,0.7,False,NOERROR,0,,0,2,False,False,0,,,,REG-GRANSY,4,364,False,,,False,,benign,no_adverse_signal
dagga-xinbaogg.com.cn,2026-07-27,21,2.8962915290459286,0.0,1,0.625,-8.314996,low,0.4348,2,0.6428571428571429,True,NOERROR,1,599,0,2,False,False,0,134175,HK,False,北京新网数码信息技术有限公司,8,365,False,,False,False,,benign,no_adverse_signal
craftels.in,2026-07-27,11,3.0,0.0,0,0.3333333333333333,-6.904730769230769,low,0.5714,2,1.0,True,NOERROR,1,21600,0,4,False,False,0,13335,CA,True,Endurance International Group India Private Limited,4,365,False,,False,False,,benign,no_adverse_signal
machiocandelapsicologia.com,2026-07-27,27,3.4685766296878655,0.0,0,0.9166666666666666,-6.611448837209303,low,0.4242,2,0.5652173913043478,True,NOERROR,1,3600,2,4,True,False,1,8560,DE,True,IONOS SE,3,365,True,,False,False,False,benign,no_adverse_signal
migka.com,2026-07-27,9,2.321928094887362,0.0,0,0.6666666666666666,-8.392914285714285,low,0.6,2,1.0,True,NOERROR,1,21600,0,2,False,False,0,197695,RU,False,Registrar of Domain Names REG.RU LLC,3,365,False,,False,False,,benign,no_adverse_signal
msamary.com,2026-07-27,11,2.2359263506290326,0.0,0,0.4,-6.605927272727272,low,0.5714,2,0.7142857142857143,False,SERVFAIL,0,,0,0,False,False,0,,,,IONOS SE,2,365,True,,,False,,benign,no_adverse_signal
blystorage.com,2026-07-27,14,3.321928094887362,0.0,0,0.42857142857142855,-6.571758823529412,low,0.6087,5,1.0,True,NOERROR,4,14400,5,4,False,False,0,53831,US,False,Squarespace Domains LLC,3,1096,True,,False,False,False,benign,no_adverse_signal
buy-medicglp.site,2026-07-27,17,3.584962500721156,0.0,1,0.375,-8.109657142857142,medium,0.48,4,1.0,True,NOERROR,2,60,2,2,True,False,2,47583,DE,False,"HOSTINGER operations, UAB",3,365,False,,False,False,False,benign,no_adverse_signal
jktvsp034.top,2026-07-27,13,3.169925001442312,0.23076923076923078,0,0.0,-10.351933333333333,high,0.375,6,1.0,True,NOERROR,2,300,0,2,False,False,2,13335,US,False,Dynadot LLC,3,365,True,,False,False,,benign,no_adverse_signal
anujinternational.org,2026-07-27,21,3.1018812234760182,0.0,0,0.8888888888888888,-6.493496774193548,low,0.5,2,0.5882352941176471,True,NOERROR,1,14400,1,2,True,False,1,47583,IN,True,PDR Ltd. d/b/a PublicDomainRegistry.com,3,365,False,,False,False,False,benign,no_adverse_signal
yxshow.net,2026-07-27,10,2.584962500721156,0.0,0,0.2,-8.0809,low,0.5455,4,1.0,False,NOERROR,0,,0,2,False,False,0,,,,Gname 279 Inc,4,365,False,,,False,,benign,no_adverse_signal
c33gpej6.top,2026-07-27,12,2.75,0.25,0,0.25,-11.01946923076923,high,0.4286,2,0.875,True,NOERROR,3,60,0,2,False,True,0,138995,US,False,Dominet (HK) Limited,3,365,True,,True,True,,malicious,spamhaus_zen
tko999.bet,2026-07-27,10,1.792481250360578,0.3,0,0.5,-9.677911111111111,low,0.5,2,0.6666666666666666,True,NOERROR,2,300,0,2,False,False,2,13335,US,False,,,,,,False,False,,benign,no_adverse_signal
electrodown.com,2026-07-27,15,3.0957952550009344,0.0,0,0.5714285714285714,-6.712168421052631,low,0.5556,3,0.8181818181818182,True,NOERROR,1,3451,1,2,True,False,0,133618,AU,True,Tucows Domains Inc.,3,365,False,,False,False,False,benign,no_adverse_signal
fun4d.online,2026-07-27,12,2.321928094887362,0.08333333333333333,0,0.3333333333333333,-9.528971428571428,medium,0.5455,1,1.0,True,NOERROR,2,60,2,2,True,False,2,47583,DE,False,"NameCheap, Inc.",3,365,False,,False,False,False,benign,no_adverse_signal
hamzazeewaqar.com,2026-07-27,17,2.7773627950641693,0.0,0,0.8571428571428571,-8.472621739130433,low,0.5,2,0.6153846153846154,False,NOERROR,0,,0,2,False,False,0,,,,"Cloudflare, Inc.",3,365,True,,,False,,benign,no_adverse_signal
studiofox1983.com,2026-07-27,17,3.5465935642949384,0.23529411764705882,0,0.8,-8.313673913043477,low,0.48,2,0.9230769230769231,True,NOERROR,4,14400,1,4,True,False,0,53831,US,False,Squarespace Domains II LLC,3,365,False,30,False,False,False,benign,no_adverse_signal
13bet.live,2026-07-27,10,2.321928094887362,0.2,0,0.5,-9.127985714285716,low,0.5,1,1.0,True,NOERROR,1,300,0,2,False,False,0,206834,DE,False,,,,False,,False,False,,benign,no_adverse_signal
clixarstudio.in,2026-07-27,15,3.418295834054489,0.0,0,0.7142857142857143,-6.979585714285714,low,0.5833,3,0.9166666666666666,True,NOERROR,4,14400,1,4,True,False,0,53831,US,False,Hosting Concepts B.V. dba Openprovider,3,365,False,,False,False,False,benign,no_adverse_signal
produkbestseller.shop,2026-07-27,21,3.327819531114783,0.0,0,0.45454545454545453,-7.116320689655172,low,0.5333,3,0.6875,True,NOERROR,1,300,0,2,False,False,0,63949,SG,True,,,,False,,False,False,,benign,no_adverse_signal
brightnutrtion.com,2026-07-27,18,3.039148671903071,0.0,0,0.4,-7.190335999999999,low,0.5185,4,0.6428571428571429,True,NOERROR,2,600,0,2,False,False,0,16509,US,True,"Wild West Domains, LLC",3,731,False,,False,False,,benign,no_adverse_signal
sardinesportugaises.fr,2026-07-27,22,3.4058222502856896,0.0,0,0.7272727272727273,-6.569568571428571,low,0.4828,2,0.631578947368421,True,NOERROR,1,50,0,2,False,False,0,47583,CY,False,Hostinger operations UAB,2,730,False,,False,False,,benign,no_adverse_signal
urbec.mx,2026-07-27,8,2.321928094887362,0.0,0,0.6666666666666666,-7.194485714285714,low,0.6,2,1.0,True,NOERROR,2,60,2,2,True,False,2,47583,DE,False,Registrar.eu,5,365,False,,False,False,False,benign,no_adverse_signal
shieldssportsgroup.com,2026-07-27,22,3.3921472236645345,0.0,0,0.38461538461538464,-6.919948484848485,low,0.4286,5,0.6666666666666666,True,NOERROR,3,3600,1,2,True,False,0,58182,US,True,Wix.com Ltd.,2,731,True,,False,False,False,benign,no_adverse_signal
potraparcos.click,2026-07-27,17,2.7321588913645702,0.0,0,0.5714285714285714,-6.4428947368421055,medium,0.6,2,0.6363636363636364,True,NOERROR,1,1800,0,2,False,False,0,63473,US,False,"Spaceship, Inc.",3,365,False,,False,False,,benign,no_adverse_signal
jmconway.org,2026-07-27,12,3.0,0.0,0,0.3333333333333333,-7.772876923076923,low,0.5333,3,1.0,True,NOERROR,2,300,0,2,False,False,2,13335,US,False,"Spaceship, Inc.",3,365,False,,False,False,,benign,no_adverse_signal
bytesense.site,2026-07-27,14,2.4193819456463714,0.0,0,0.5,-6.494866666666667,medium,0.6,3,0.6666666666666666,True,NOERROR,2,60,0,2,False,False,2,47583,DE,False,"HOSTINGER operations, UAB",3,365,False,,False,False,,benign,no_adverse_signal
liunaaylinphoto.com,2026-07-27,19,3.2402239289418517,0.0,0,0.875,-7.42962962962963,low,0.5333,3,0.6666666666666666,True,NOERROR,1,14400,3,2,True,False,0,22612,US,True,NAMECHEAP INC,3,365,True,,False,False,False,benign,no_adverse_signal
pggw397i.top,2026-07-27,12,2.75,0.25,0,0.25,-11.324146153846154,high,0.3636,4,0.875,False,NOERROR,0,,0,2,False,False,0,,,,Dynadot LLC,3,365,True,,,False,,benign,no_adverse_signal
monkeypawsfoundation.com,2026-07-27,24,3.746439344671015,0.0,0,0.6666666666666666,-6.949972972972973,low,0.5405,3,0.75,True,NOERROR,2,3600,1,2,True,False,0,16509,US,True,"GoDaddy.com, LLC",3,731,False,,False,False,False,benign,no_adverse_signal
lava1688s.life,2026-07-27,14,2.725480556997868,0.2857142857142857,0,0.6666666666666666,-9.038133333333333,low,0.5714,1,0.7777777777777778,True,NOERROR,2,300,0,2,False,False,2,13335,US,False,,,,False,,False,False,,benign,no_adverse_signal
yf23.bid,2026-07-27,8,2.0,0.25,0,0.0,-10.95664,low,0.3636,2,1.0,True,NOERROR,1,300,0,2,False,False,0,206834,DE,False,,,,False,,False,False,,benign,no_adverse_signal
hagensjewelry.com,2026-07-27,17,3.334679141051595,0.0,0,0.4444444444444444,-7.773482608695652,low,0.4762,3,0.8461538461538461,True,NOERROR,1,21600,0,2,False,False,0,16509,US,True,Tucows Domains Inc.,372,730,False,,False,False,,benign,no_adverse_signal
rjvgjxnr.cc,2026-07-27,11,2.5,0.0,0,0.0,-11.475684615384615,low,0.4286,8,0.75,False,NOERROR,0,,0,2,False,False,0,,,,"GoDaddy.com, LLC",4,365,True,,,False,,benign,no_adverse_signal
footballpadeltour.net,2026-07-27,21,3.292770193936991,0.0,0,0.7,-6.850493548387097,low,0.5405,3,0.6470588235294118,True,NOERROR,2,600,0,2,False,False,0,16509,US,True,"GoDaddy.com, LLC",4,365,True,,False,False,,benign,no_adverse_signal
egdhr.com,2026-07-27,9,2.321928094887362,0.0,0,0.25,-9.666571428571428,low,0.5455,4,1.0,True,NOERROR,2,300,0,2,False,False,2,13335,US,False,NAMECHEAP INC,3,365,True,,False,False,,benign,no_adverse_signal
moonlightdugun.com,2026-07-27,18,3.2359263506290334,0.0,0,0.5555555555555556,-7.517272,low,0.5185,4,0.7142857142857143,True,NOERROR,1,3600,0,3,False,False,0,54113,US,False,Turkticaret.net Yazılım Hizmetleri Sanayi ve Ticaret A.Ş.,3,365,False,,False,False,,benign,no_adverse_signal
lentoyatirim.com,2026-07-27,16,3.2516291673878226,0.0,0,0.7142857142857143,-6.732571428571429,low,0.5263,2,0.8333333333333334,True,NOERROR,1,3600,1,2,True,False,0,56582,TR,True,Tucows Domains Inc.,2929,3287,False,,False,False,True,benign,no_adverse_signal
casino295.buzz,2026-07-27,14,3.169925001442312,0.21428571428571427,0,1.0,-7.822786666666667,high,0.4615,1,1.0,True,NOERROR,1,300,0,2,False,False,0,57724,RU,True,NAMECHEAP INC,3,365,True,,False,False,,benign,no_adverse_signal
setrabet-haftasonu.cam,2026-07-27,22,3.4193819456463714,0.0,1,0.7,-7.072015151515151,low,0.4667,2,0.6666666666666666,False,NOERROR,0,,0,2,False,False,0,,,,"Spaceship, Inc.",3,365,False,,,False,,benign,no_adverse_signal
asktory.com,2026-07-27,11,2.807354922057604,0.0,0,0.4,-6.992827272727272,low,0.6154,3,1.0,True,NOERROR,1,3600,1,2,True,False,0,133618,US,True,"SNAPNAMES 93, LLC",3,365,True,,False,False,False,benign,no_adverse_signal
ournativestate.store,2026-07-27,20,3.182005814760214,0.0,0,1.0,-6.059296000000001,low,0.5217,2,0.7142857142857143,True,NOERROR,2,600,0,2,False,False,0,16509,US,True,,,,False,,False,,,benign,no_adverse_signal
rps300cc.com,2026-07-27,12,2.5,0.25,0,0.0,-9.89333076923077,low,0.4706,3,0.75,True,NOERROR,2,300,2,2,True,False,2,13335,US,False,Porkbun LLC,3,365,False,,False,False,False,benign,no_adverse_signal
leminars.com,2026-07-27,12,3.0,0.0,0,0.6,-6.322884615384615,low,0.6154,2,1.0,True,NOERROR,1,1800,0,0,False,False,0,58182,US,True,Wix.com Ltd.,372,730,False,,False,False,,benign,no_adverse_signal
gana777.io,2026-07-27,10,1.8423709931771086,0.3,0,1.0,-8.006509090909091,low,0.5,1,0.5714285714285714,True,NOERROR,2,600,0,2,False,False,0,16509,US,True,"GoDaddy.com, LLC",6,365,True,,False,False,,benign,no_adverse_signal
storylifeofs.com,2026-07-27,16,3.084962500721156,0.0,0,0.5,-7.316923809523809,low,0.5556,3,0.75,True,NOERROR,2,300,0,3,False,False,0,2635,US,False,Automattic Inc.,3,365,True,,False,False,,benign,no_adverse_signal
clyven.fun,2026-07-27,10,2.584962500721156,0.0,0,0.2,-8.031944444444443,low,0.6,4,1.0,False,NOERROR,0,,0,2,False,False,0,,,,"HOSTINGER operations, UAB",3,365,False,,,False,,benign,no_adverse_signal
comlytix.com,2026-07-27,12,3.0,0.0,0,0.3333333333333333,-7.620292307692308,low,0.5333,4,1.0,True,NOERROR,1,14400,3,2,True,False,0,22612,US,True,NAMECHEAP INC,3,365,True,,False,False,False,benign,no_adverse_signal
signahotel.com,2026-07-27,14,3.321928094887362,0.0,0,0.6666666666666666,-6.840035294117647,low,0.6667,2,1.0,True,NOERROR,2,600,0,2,False,False,0,16509,US,True,"GoDaddy.com, LLC",3,1096,True,34,False,False,,benign,no_adverse_signal
arjunaias.com,2026-07-27,13,2.6416041678685933,0.0,0,1.25,-7.59424,low,0.5,2,0.7777777777777778,True,NOERROR,1,3600,1,2,True,False,0,133618,US,True,Tucows Domains Inc.,3,365,False,,False,False,False,benign,no_adverse_signal
6624.casino,2026-07-27,11,1.5,0.36363636363636365,0,0.0,-10.95136,low,0.2857,0,0.75,True,NOERROR,1,300,0,2,False,False,0,57724,RU,True,,,,,,False,False,,benign,no_adverse_signal
peerskip.vip,2026-07-27,12,2.5,0.0,0,0.6,-7.040961538461539,low,0.6154,3,0.75,True,NOERROR,1,300,0,2,False,False,0,206834,DE,False,Dynadot Inc,3,365,True,,False,False,,benign,no_adverse_signal
southstar.capital,2026-07-27,17,2.725480556997868,0.0,0,0.5,-6.631453333333334,low,0.5882,4,0.7777777777777778,True,NOERROR,1,300,0,4,False,False,0,13335,DE,True,,,,,,False,False,,benign,no_adverse_signal
eo1ex4e.top,2026-07-27,11,2.1280852788913944,0.18181818181818182,0,4.0,-11.165863636363637,high,0.5455,1,0.7142857142857143,False,NOERROR,0,,0,2,False,False,0,,,,Dominet (HK) Limited,3,365,True,,,False,,benign,no_adverse_signal
tiroirpro.com,2026-07-27,13,2.197159723424149,0.0,0,0.8,-7.209126666666666,low,0.5,3,0.5555555555555556,True,NOERROR,2,300,0,2,False,False,2,13335,US,False,"GMO Internet, Inc.",3,365,True,,False,False,,benign,no_adverse_signal
kadir5543.xyz,2026-07-27,13,2.94770277922009,0.3076923076923077,0,0.6666666666666666,-9.347873333333332,high,0.5,1,0.8888888888888888,True,NOERROR,2,23,0,4,False,False,0,,US,False,Porkbun LLC,380,730,False,3,False,False,,benign,no_adverse_signal
activefrontdesk.online,2026-07-27,22,3.640223928941851,0.0,0,0.5,-6.875059259259259,medium,0.6087,3,0.8666666666666667,True,NOERROR,1,14400,0,3,False,False,0,45638,AU,True,Synergy Wholesale Accreditations Pty Ltd,3,365,False,,False,False,,benign,no_adverse_signal
llqllq.net,2026-07-27,10,0.9182958340544896,0.0,0,0.0,-10.646055555555556,low,0.4,6,0.3333333333333333,True,NOERROR,1,300,0,2,False,False,0,45102,HK,False,Tucows Domains Inc.,3,365,False,,False,False,,benign,no_adverse_signal
graphenepro.ru,2026-07-27,14,2.9139770731827523,0.0,0,0.5714285714285714,-6.650568421052632,low,0.4762,2,0.7272727272727273,True,NOERROR,1,21600,0,2,False,False,0,197695,RU,False,REGRU-RU,4,365,False,,False,False,,benign,no_adverse_signal
marinasignage.com,2026-07-27,17,2.8731406795131336,0.0,0,0.8571428571428571,-6.390795652173914,low,0.5,2,0.6153846153846154,True,NOERROR,1,14400,1,4,True,False,0,135222,IN,True,"Gransy, s.r.o.",3,365,False,,False,False,False,benign,no_adverse_signal
pension-studio.com,2026-07-27,18,3.2359263506290334,0.0,1,0.8571428571428571,-6.639656,low,0.5385,2,0.7142857142857143,True,NOERROR,4,60,0,4,False,False,8,16509,US,True,"Gabia, Inc.",3,365,False,,False,False,,benign,no_adverse_signal
www455699.com,2026-07-27,13,2.197159723424149,0.46153846153846156,0,0.0,-11.09244,low,0.5,3,0.5555555555555556,False,timeout,0,,0,0,False,False,0,,,,Eranet International Limited,3,365,True,,,False,,benign,no_adverse_signal
cityschoolerp.online,2026-07-27,20,3.3927474104487847,0.0,0,0.4444444444444444,-6.744426086956522,medium,0.5556,5,0.8461538461538461,True,NOERROR,1,14400,0,2,False,False,0,14061,US,False,"HOSTINGER operations, UAB",3,365,False,,False,False,,benign,no_adverse_signal
quietcurrentgames.com,2026-07-27,21,3.4548223999466066,0.0,0,0.7,-6.955570967741936,low,0.5385,3,0.7058823529411765,True,NOERROR,4,14400,0,4,True,False,0,53831,US,False,Squarespace Domains LLC,3,365,True,,False,False,,benign,no_adverse_signal
bouquetargt.quest,2026-07-27,17,3.095795255000934,0.0,0,0.8333333333333334,-7.758647368421053,low,0.5,3,0.8181818181818182,True,NOERROR,2,300,0,2,False,False,2,13335,US,False,NAMECHEAP INC,3,365,True,,False,False,,benign,no_adverse_signal
99win04.app,2026-07-27,11,2.5216406363433186,0.36363636363636365,0,0.5,-9.796218181818181,low,0.4286,1,0.8571428571428571,True,NOERROR,2,300,0,2,False,False,2,13335,US,False,,,,False,,False,False,,benign,no_adverse_signal
comfort-bus.com,2026-07-27,15,3.2776134368191165,0.0,1,0.42857142857142855,-7.322747368421053,low,0.5882,2,0.9090909090909091,True,NOERROR,2,300,0,2,False,False,2,13335,US,False,Dynadot Inc,3,365,False,,False,False,,benign,no_adverse_signal
klimabilanz.schule,2026-07-27,18,2.9139770731827523,0.0,0,0.5714285714285714,-6.922726315789474,low,0.5714,2,0.7272727272727273,True,NOERROR,1,600,0,3,False,False,0,8648,DE,True,,,,,,False,False,,benign,no_adverse_signal
222s.app,2026-07-27,8,0.8112781244591328,0.375,0,0.0,-10.40166,low,0.5,1,0.5,True,NOERROR,2,300,0,2,False,False,2,13335,US,False,,,,False,,False,False,,benign,no_adverse_signal
w1png.dev,2026-07-27,9,2.321928094887362,0.1111111111111111,0,0.0,-10.768242857142857,low,0.5455,3,1.0,True,NOERROR,2,300,3,2,True,False,2,13335,US,False,,,,False,,False,False,False,benign,no_adverse_signal
nodalanalytics.com,2026-07-27,18,3.182005814760214,0.0,0,0.5555555555555556,-6.528340000000001,low,0.7333,3,0.7142857142857143,True,NOERROR,4,14400,0,4,True,False,0,53831,US,False,Squarespace Domains LLC,2,365,True,,False,False,,benign,no_adverse_signal
jugtownbrewing.com,2026-07-27,18,3.378783493486176,0.0,0,0.4,-7.73604,low,0.4762,4,0.7857142857142857,True,NOERROR,2,3600,0,2,False,False,0,16509,US,True,"GoDaddy.com, LLC",3,1826,True,,False,False,,benign,no_adverse_signal
revibeenergy.org,2026-07-27,16,2.751629167387823,0.0,0,0.7142857142857143,-6.8595476190476194,low,0.5,3,0.6666666666666666,True,NOERROR,1,21600,0,2,False,False,0,16509,US,True,Tucows Domains Inc.,372,730,False,,False,False,,benign,no_adverse_signal
mesharr.app,2026-07-27,11,2.521640636343318,0.0,0,0.4,-6.328090909090909,low,0.5882,2,0.8571428571428571,False,NOERROR,0,,0,4,False,False,0,,,,,,,False,,,False,,benign,no_adverse_signal
masukcepat.win,2026-07-27,14,3.121928094887362,0.0,0,0.6666666666666666,-7.458917647058823,low,0.5263,2,0.9,True,NOERROR,2,300,0,2,True,False,2,13335,US,False,"NameSilo, LLC",3,365,True,,False,False,,benign,no_adverse_signal
excelav.co.uk,2026-07-27,13,2.5216406363433186,0.0,0,0.75,-7.153854545454546,low,0.5455,2,0.8571428571428571,True,NOERROR,2,600,0,2,False,False,0,16509,US,True,"GoDaddy.com, LLC. [Tag = GODADDY]",7,1826,False,,False,False,,benign,no_adverse_signal
70553.tw,2026-07-27,8,1.9219280948873623,0.625,0,0.0,-11.20722857142857,low,0.25,0,0.8,True,NOERROR,1,300,0,2,False,False,0,40065,US,False,Dynadot LLC,4,365,True,,False,False,,benign,no_adverse_signal
hospitalityriskupdate.com,2026-07-27,25,3.6537567082870006,0.0,0,0.6153846153846154,-6.924202564102564,low,0.4828,3,0.6666666666666666,True,NOERROR,1,3512,1,2,True,False,0,133618,US,True,Tucows Domains Inc.,3,365,False,,False,False,False,benign,no_adverse_signal
lph518.de,2026-07-27,9,2.584962500721156,0.3333333333333333,0,0.0,-10.674122222222223,low,0.4444,3,1.0,True,NOERROR,4,30,0,2,False,False,8,212317,US,True,,,,False,,False,False,,benign,no_adverse_signal
mg68.net,2026-07-27,8,2.0,0.25,0,0.0,-10.77072,low,0.4444,2,1.0,True,NOERROR,2,300,0,2,False,False,2,13335,US,False,Dynadot Inc,4,365,False,,False,False,,benign,no_adverse_signal
trybackforty.com,2026-07-27,16,3.084962500721156,0.0,0,0.2,-7.2637809523809524,low,0.5,4,0.75,True,NOERROR,1,3600,1,4,True,False,0,14618,US,True,PDR Ltd. d/b/a PublicDomainRegistry.com,3,365,True,,False,False,False,benign,no_adverse_signal
noplateaubook.com,2026-07-27,17,3.180832987205441,0.0,0,1.1666666666666667,-6.831795652173914,low,0.5714,2,0.7692307692307693,True,NOERROR,1,1800,5,2,True,False,0,22612,US,False,NAMECHEAP INC,3,365,True,,False,False,False,benign,no_adverse_signal
216mkqvf.com,2026-07-27,12,3.0,0.25,0,0.0,-11.782300000000001,low,0.3636,5,1.0,True,NOERROR,7,10,0,2,False,True,0,64013,HK,False,West263 International Limited,3,365,True,,False,True,,malicious,spamhaus_dbl
c2lhvaw.beer,2026-07-27,12,2.807354922057604,0.08333333333333333,0,0.2,-10.610145454545455,low,0.5,3,1.0,True,NOERROR,1,30,0,2,False,False,0,209242,US,True,Dynadot Inc,3,365,True,,False,False,,benign,no_adverse_signal
prosmarteac.co.uk,2026-07-27,17,3.0957952550009344,0.0,0,0.5714285714285714,-6.312231578947369,low,0.5263,2,0.8181818181818182,True,NOERROR,2,60,2,2,False,False,2,47583,DE,False,Realtime Register BV t/a Axidomains [Tag = AXIDOMAINS],5,731,False,,False,False,False,benign,no_adverse_signal
sandboxtheatreonline.net,2026-07-27,24,3.5464393446710156,0.0,0,0.6666666666666666,-6.6195,low,0.5806,3,0.65,True,NOERROR,2,600,0,2,False,False,0,16509,US,True,"GoDaddy.com, LLC",4,365,True,,False,False,,benign,no_adverse_signal
cabanarules.com,2026-07-27,15,3.027169118440619,0.0,0,0.8333333333333334,-6.666410526315789,low,0.5455,1,0.8181818181818182,True,NOERROR,2,1800,0,2,False,False,0,16509,US,False,"Name.com, Inc.",3,365,True,,False,False,,benign,no_adverse_signal
weekendance.surf,2026-07-27,16,2.5503407095463886,0.0,0,0.8333333333333334,-6.683673684210526,low,0.5556,2,0.6363636363636364,False,NOERROR,0,,0,2,False,False,0,,,,"NameCheap, Inc.",3,365,True,,,False,,benign,no_adverse_signal
circlemranches.com,2026-07-27,18,3.182005814760214,0.0,0,0.4,-6.992188,low,0.5,3,0.7142857142857143,True,NOERROR,2,600,0,2,False,False,0,16509,US,True,"GoDaddy.com, LLC",3,1096,True,34,False,False,,benign,no_adverse_signal
nrccnc.com,2026-07-27,10,1.4591479170272448,0.0,0,0.0,-8.786166666666666,low,0.6,6,0.5,True,NOERROR,1,2807,1,2,True,False,0,133618,AU,True,Tucows Domains Inc.,3,365,False,,False,False,False,benign,no_adverse_signal
777i.asia,2026-07-27,9,0.8112781244591328,0.3333333333333333,0,1.0,-10.396080000000001,low,0.4444,0,0.5,True,NOERROR,2,300,0,2,False,False,2,13335,US,False,Dynadot Inc,3,365,True,,False,False,,benign,no_adverse_signal
xn--og5by7oenb36c74a.com,2026-07-27,24,3.821928094887362,0.25,2,0.5,-11.0589,low,0.3226,2,0.75,True,NOERROR,3,3600,0,0,False,False,0,58182,US,True,Wix.com Ltd.,4,365,False,,False,False,,benign,no_adverse_signal
fuyanghb.com,2026-07-27,12,3.0,0.0,0,0.3333333333333333,-8.059223076923077,low,0.4615,4,1.0,False,NOERROR,0,,0,2,False,False,0,,,,"GMO Internet, Inc.",3,365,True,,,False,,benign,no_adverse_signal
silvaseclab.com.br,2026-07-27,18,2.9139770731827523,0.0,0,0.5714285714285714,-7.045342105263158,low,0.5556,2,0.7272727272727273,False,NOERROR,0,,1,2,True,False,0,,,,,6,731,False,,,False,,benign,no_adverse_signal
vj567.app,2026-07-27,9,2.321928094887362,0.3333333333333333,0,0.0,-12.2914,low,0.3636,2,1.0,True,NOERROR,2,300,0,2,False,False,2,13335,US,False,,,,False,,False,False,,benign,no_adverse_signal
perugeisha.com,2026-07-27,14,3.121928094887362,0.0,0,1.0,-7.089164705882353,low,0.5333,2,0.9,True,NOERROR,1,3600,0,2,False,False,0,14618,US,True,Atom.com Domains LLC,3,365,False,0,False,False,,benign,no_adverse_signal
reinopixel.com,2026-07-27,14,2.9219280948873623,0.0,0,1.0,-7.1053999999999995,low,0.5333,1,0.8,True,NOERROR,1,3600,1,2,True,False,0,133618,AU,True,Tucows Domains Inc.,3,365,False,,False,False,False,benign,no_adverse_signal
himacleaning.org,2026-07-27,16,3.084962500721156,0.0,0,0.7142857142857143,-6.345919047619047,low,0.5263,2,0.75,True,NOERROR,1,50,0,2,False,False,0,47583,CY,False,"HOSTINGER operations, UAB",3,365,False,,False,False,,benign,no_adverse_signal
06go8.net,2026-07-27,9,2.321928094887362,0.3333333333333333,0,1.0,-12.001271428571428,low,0.5,1,1.0,True,NOERROR,2,0,0,4,False,False,0,,US,False,Porkbun LLC,381,730,False,,False,False,,benign,no_adverse_signal
brandidenityxo.com,2026-07-27,18,3.3787834934861767,0.0,0,0.5555555555555556,-6.923959999999999,low,0.5,3,0.7857142857142857,True,NOERROR,2,600,0,2,False,False,0,16509,US,True,"GoDaddy.com, LLC",3,365,True,,False,False,,benign,no_adverse_signal
yesand-lab.com,2026-07-27,14,3.121928094887362,0.0,1,0.5,-7.240570588235294,low,0.5,2,0.9,False,NOERROR,0,,0,2,False,False,0,,,,"GMO Internet, Inc.",3,365,True,,,False,,benign,no_adverse_signal
btxmc.com,2026-07-27,9,2.321928094887362,0.0,0,0.0,-10.141542857142856,low,0.5455,5,1.0,False,NOERROR,0,,0,0,False,False,0,,,,"Megazone Corp., dba HOSTING.KR",3,365,False,,,False,,benign,no_adverse_signal
tucompraglobal.online,2026-07-27,21,3.378783493486176,0.0,0,0.5555555555555556,-6.919396000000001,medium,0.5833,3,0.7857142857142857,True,NOERROR,1,14400,0,2,False,False,0,13335,CA,True,"HOSTINGER operations, UAB",3,365,False,,False,False,,benign,no_adverse_signal
ihuigep.com,2026-07-27,11,2.5216406363433186,0.0,0,1.3333333333333333,-8.119481818181818,low,0.5455,1,0.8571428571428571,False,NOERROR,0,,0,2,False,False,0,,,,Realtime Register B.V.,3,365,False,,,False,,benign,no_adverse_signal
7833294.email,2026-07-27,13,2.5216406363433186,0.5384615384615384,0,0.0,-10.675772727272728,low,0.2,0,0.8571428571428571,False,NOERROR,0,,0,0,False,False,0,,,,,,,,,,False,,benign,no_adverse_signal
darmamugs.mk,2026-07-27,12,2.725480556997868,0.0,0,0.5,-7.361540000000001,low,0.5,2,0.7777777777777778,True,NOERROR,1,900,1,4,False,False,0,13335,CA,True,TIM-CO-REG,,,False,,False,False,False,benign,no_adverse_signal
1xbet-zl5o9.top,2026-07-27,15,3.459431618637298,0.2,1,0.4,-10.4366,high,0.4167,2,1.0,True,NOERROR,2,300,0,2,False,False,2,13335,US,False,NAMECHEAP INC,3,365,True,,False,False,,benign,no_adverse_signal
acireteainingwalls.online,2026-07-27,25,3.30827083453526,0.0,0,0.8,-6.698015151515151,medium,0.5185,3,0.6111111111111112,True,NOERROR,1,14400,0,3,False,False,0,45638,AU,True,Synergy Wholesale Accreditations Pty Ltd,3,365,False,,False,False,,benign,no_adverse_signal
momochee.com,2026-07-27,12,2.25,0.0,0,1.0,-6.9310846153846155,low,0.5714,2,0.625,True,NOERROR,2,300,0,2,False,False,0,16509,US,False,"Cloudflare, Inc.",3,365,True,,False,False,,benign,no_adverse_signal
meuviveiroapp.com.br,2026-07-27,20,3.085055102756477,0.0,0,1.1666666666666667,-7.493582608695652,low,0.5263,2,0.6923076923076923,True,NOERROR,1,50,0,2,False,False,0,47583,CY,False,,5,365,False,,False,False,,benign,no_adverse_signal
heavydiscountoffers.com,2026-07-27,23,3.826874881864637,0.0,0,0.5833333333333334,-7.185665714285714,low,0.4615,3,0.7894736842105263,True,NOERROR,2,300,2,2,True,False,2,13335,US,False,"GoDaddy.com, LLC",3,365,True,,False,False,False,benign,no_adverse_signal
cat-ctv67.cfd,2026-07-27,13,2.725480556997868,0.15384615384615385,1,0.2,-9.110586666666668,low,0.5,3,0.7777777777777778,True,NOERROR,3,60,0,2,False,False,0,211381,NL,True,Dynadot Inc,3,365,False,,False,False,,benign,no_adverse_signal
bqfud.sbs,2026-07-27,9,2.321928094887362,0.0,0,0.25,-10.687171428571428,low,0.4615,3,1.0,True,NOERROR,1,1,0,2,False,True,0,202412,US,False,Dynadot Inc,3,365,False,,True,True,,malicious,spamhaus_zen
nazorge.com,2026-07-27,11,2.807354922057604,0.0,0,0.75,-7.345245454545454,low,0.6667,2,1.0,True,NOERROR,1,301,0,2,False,False,0,14618,US,True,Dominet (HK) Limited,3,365,False,0,False,False,,benign,no_adverse_signal
aifraudexam.com,2026-07-27,15,3.027169118440619,0.0,0,1.2,-7.355805263157895,low,0.5,2,0.8181818181818182,True,NOERROR,1,1800,5,2,True,False,0,22612,US,False,"NameCheap, Inc.",3,365,False,,False,False,False,benign,no_adverse_signal
carabellum.info,2026-07-27,15,2.9219280948873623,0.0,0,0.6666666666666666,-6.647182352941177,medium,0.5882,2,0.8,True,NOERROR,1,300,0,2,False,False,0,396982,US,True,,,,,,False,False,,benign,no_adverse_signal
biblyx.com,2026-07-27,10,2.2516291673878226,0.0,0,0.2,-8.294355555555557,low,0.5714,4,0.8333333333333334,True,NOERROR,2,300,3,2,True,False,2,13335,US,False,"Cloudflare, Inc.",3,365,True,,False,False,False,benign,no_adverse_signal
otomall.pl,2026-07-27,10,2.2359263506290326,0.0,0,0.75,-6.180990909090909,low,0.5455,2,0.7142857142857143,True,NOERROR,2,300,0,2,False,False,2,13335,US,False,Realtime Register B.V.,4,365,False,,False,False,,benign,no_adverse_signal
sam-don.com,2026-07-27,11,2.807354922057604,0.0,1,0.5,-7.503836363636363,low,0.6154,1,1.0,True,NOERROR,1,21600,0,4,False,False,1,13335,CA,True,Tucows Domains Inc.,3,365,False,,False,False,,benign,no_adverse_signal
closetbym.store,2026-07-27,15,3.169925001442312,0.0,0,0.2857142857142857,-7.42244,low,0.5333,4,1.0,True,NOERROR,1,1800,2,2,True,False,0,47583,SG,False,,,,False,,False,False,False,benign,no_adverse_signal
hksadvisory.com,2026-07-27,15,3.277613436819116,0.0,0,0.375,-7.472984210526315,low,0.5556,3,0.9090909090909091,True,NOERROR,4,14400,0,4,True,False,0,53831,US,False,Squarespace Domains LLC,3,1096,True,,False,False,,benign,no_adverse_signal
leandroibarra.xyz,2026-07-27,17,2.9689185639620974,0.0,0,0.8571428571428571,-6.955939130434783,high,0.6,3,0.6923076923076923,True,NOERROR,1,600,0,4,False,False,0,,DE,True,Porkbun LLC,3,365,False,,False,False,,benign,no_adverse_signal
h-i-reform.jp,2026-07-27,13,2.9219280948873623,0.0,2,0.6,-7.9048,low,0.5882,2,0.8,True,NOERROR,2,300,0,2,False,False,2,13335,US,False,,14,381,False,,False,False,,benign,no_adverse_signal
the-companion-standard.com,2026-07-27,26,3.6635327548042547,0.0,2,0.5384615384615384,-6.535302439024391,low,0.4706,2,0.6363636363636364,True,NOERROR,2,300,0,3,False,False,0,2635,US,False,Automattic Inc.,3,365,True,,False,False,,benign,no_adverse_signal
golfinsight.net,2026-07-27,15,3.0957952550009344,0.0,0,0.375,-6.8948947368421045,low,0.6207,3,0.8181818181818182,False,NXDOMAIN,0,,0,0,False,False,0,,,,,,,,,,False,,benign,no_adverse_signal
challaneuromaps.com,2026-07-27,19,3.4565647621309536,0.0,0,0.6666666666666666,-6.49815925925926,low,0.6087,2,0.8,True,NOERROR,1,300,0,4,False,False,0,13335,DE,True,"Name.com, Inc.",3,365,True,,False,False,,benign,no_adverse_signal
hbmd.org,2026-07-27,8,2.0,0.0,0,0.0,-9.79714,low,0.5714,4,1.0,True,NOERROR,2,3600,0,2,False,False,0,16509,US,True,"GoDaddy.com, LLC",3,365,False,,False,False,,benign,no_adverse_signal
twicethedeal.com,2026-07-27,16,3.0220552088742,0.0,0,0.7142857142857143,-6.6901714285714275,low,0.5556,2,0.75,True,NOERROR,2,3600,2,2,True,False,0,16509,US,True,"GoDaddy.com, LLC",3,1096,True,,False,False,False,benign,no_adverse_signal
szjdjom2139.cc,2026-07-27,14,3.277613436819116,0.2857142857142857,0,0.16666666666666666,-10.46957894736842,low,0.4,5,0.9090909090909091,True,NOERROR,11,60,0,2,False,True,0,979,HK,False,Dynadot Inc,4,365,False,,True,True,,malicious,spamhaus_zen
rrion.shop,2026-07-27,10,1.9219280948873623,0.0,0,0.6666666666666666,-6.429200000000001,low,0.6667,2,0.8,True,NOERROR,1,1800,0,2,False,False,0,13335,CA,True,,,,False,,False,False,,benign,no_adverse_signal
578tümbet.com,2026-07-27,13,2.94770277922009,0.23076923076923078,0,0.2,-11.50782,low,0.4706,4,0.8888888888888888,True,NOERROR,2,600,0,2,False,False,0,16509,US,True,"GoDaddy.com, LLC",3,365,True,,False,False,,benign,no_adverse_signal
tianoagro.com,2026-07-27,13,2.725480556997868,0.0,0,1.25,-7.05868,low,0.6667,2,0.7777777777777778,True,NOERROR,1,1799,5,2,True,False,0,16509,US,False,NAMECHEAP INC,3,365,True,,False,False,False,benign,no_adverse_signal
1xbet-a8h5f.cyou,2026-07-27,16,3.459431618637298,0.1875,1,0.4,-10.183757894736843,low,0.4,2,1.0,True,NOERROR,2,300,0,2,False,False,2,13335,US,False,NAMECHEAP INC,3,365,True,,False,False,,benign,no_adverse_signal
gdwdwsry.cyou,2026-07-27,13,2.5,0.0,0,0.0,-9.789738461538462,low,0.5333,8,0.75,True,NOERROR,9,3600,1,2,False,False,0,60592,CZ,False,"Gransy, s.r.o.",3,365,False,,True,False,False,malicious,spamhaus_zen
steamboatmktgapp.co,2026-07-27,19,3.1556390622295662,0.0,0,0.45454545454545453,-7.591993103448276,low,0.5,5,0.625,False,NOERROR,0,,0,2,False,False,0,,,,Dynadot Inc,6,365,False,,,False,,benign,no_adverse_signal
59dh8.top,2026-07-27,9,2.321928094887362,0.3333333333333333,0,0.0,-12.034185714285714,high,0.3077,2,1.0,True,NOERROR,1,600,0,0,False,True,0,45102,KR,False,"GoDaddy.com, LLC",3,365,True,,False,False,,benign,no_adverse_signal
raffaelegs.com,2026-07-27,14,2.721928094887362,0.0,0,0.6666666666666666,-7.726182352941176,low,0.5,2,0.7,True,NOERROR,1,3600,2,4,True,False,0,16509,US,True,IONOS SE,3,365,True,24,False,False,False,benign,no_adverse_signal
forwarddeployedengineers.uk,2026-07-27,27,3.5383201891060003,0.0,0,0.6,-7.035737777777778,low,0.4242,3,0.5833333333333334,True,NOERROR,2,600,0,2,False,False,0,16509,US,True,"GoDaddy.com, LLC. [Tag = GODADDY]",7,365,False,,False,False,,benign,no_adverse_signal
biobloomv.com,2026-07-27,13,2.4193819456463714,0.0,0,0.8,-7.419413333333334,low,0.5556,2,0.6666666666666666,True,NOERROR,2,180,0,4,False,False,0,16509,US,True,"Megazone Corp., dba HOSTING.KR",3,731,True,,False,False,,benign,no_adverse_signal
i90semiwreck.com,2026-07-27,16,3.2516291673878226,0.125,0,0.6666666666666666,-9.19312380952381,low,0.5,2,0.8333333333333334,False,NOERROR,0,,0,2,False,False,0,,,,"Cloudflare, Inc.",3,365,True,,,False,,benign,no_adverse_signal
n879q4pj.top,2026-07-27,12,3.0,0.3333333333333333,0,0.0,-12.497515384615385,high,0.3636,2,1.0,True,NOERROR,3,60,0,2,False,True,0,138995,US,False,Dominet (HK) Limited,3,365,True,,True,True,,malicious,spamhaus_zen
dxzcybazc.cyou,2026-07-27,14,2.725480556997868,0.0,0,0.125,-9.728766666666667,low,0.4615,6,0.7777777777777778,False,NOERROR,0,,0,2,False,False,0,,,,"Spaceship, Inc.",3,365,False,,,False,,benign,no_adverse_signal
emre345797gir.xyz,2026-07-27,17,3.238901256602631,0.35294117647058826,0,0.75,-10.07648695652174,high,0.4167,2,0.7692307692307693,True,NOERROR,2,37,0,4,False,False,0,,US,False,Porkbun LLC,380,730,False,3,False,False,,benign,no_adverse_signal
loocid.app,2026-07-27,10,2.2516291673878226,0.0,0,1.0,-7.133399999999999,low,0.6154,1,0.8333333333333334,True,NOERROR,1,300,0,2,False,False,0,38719,AU,True,,,,False,,False,False,,benign,no_adverse_signal
run-aids2024.com,2026-07-27,16,3.4182958340544896,0.25,1,0.75,-8.405614285714286,low,0.4444,2,0.9166666666666666,True,NOERROR,2,300,1,2,False,False,2,13335,US,False,Realtime Register B.V.,3,365,False,,False,False,False,benign,no_adverse_signal
betterplaceforhumans.com,2026-07-27,24,3.7841837197791888,0.0,0,0.5384615384615384,-6.75722972972973,low,0.4571,3,0.75,True,NOERROR,1,21600,0,2,False,False,0,16509,US,True,Tucows Domains Inc.,372,730,False,,False,False,,benign,no_adverse_signal
diamondph.property,2026-07-27,18,2.94770277922009,0.0,0,0.5,-6.939033333333333,low,0.5714,4,0.8888888888888888,True,NOERROR,1,1800,5,2,True,False,0,22612,US,False,NAMECHEAP INC,3,365,True,,False,False,False,benign,no_adverse_signal
meadowlarkmantel.com.de,2026-07-27,23,1.584962500721156,0.0,0,0.5,-5.649566666666666,low,0.6,1,1.0,True,NOERROR,2,300,0,2,False,False,2,13335,US,False,,,,False,,False,False,,benign,no_adverse_signal
theparkkits.store,2026-07-27,17,3.0957952550009344,0.0,0,0.375,-7.0681,low,0.5455,3,0.8181818181818182,True,NOERROR,2,300,0,2,False,False,2,13335,US,False,,,,False,,False,False,,benign,no_adverse_signal
nnfb.top,2026-07-27,8,1.5,0.0,0,0.0,-9.44686,high,0.5714,4,0.75,False,NOERROR,0,,0,2,False,False,0,,,,Dominet (HK) Limited,3,365,True,,,False,,benign,no_adverse_signal
kuningtoto.co.uk,2026-07-27,16,2.7219280948873625,0.0,0,0.6666666666666666,-6.614994117647059,low,0.5556,3,0.7,True,NOERROR,2,300,0,2,False,False,2,13335,US,False,"GoDaddy.com, LLC. [Tag = GODADDY]",5,365,False,,False,False,,benign,no_adverse_signal
tapershopcy.com,2026-07-27,15,3.277613436819116,0.0,0,0.375,-6.93117894736842,low,0.6,3,0.9090909090909091,True,NOERROR,2,120,0,4,False,False,0,16509,DE,True,NAMECHEAP INC,3,365,True,,False,False,,benign,no_adverse_signal
soto-law.net,2026-07-27,12,2.75,0.0,1,0.75,-7.531830769230769,low,0.5882,1,0.875,True,NOERROR,4,14400,1,4,True,False,0,53831,US,False,Squarespace Domains II LLC,3,365,True,,False,False,False,benign,no_adverse_signal
daejuconme.blog,2026-07-27,15,3.121928094887362,0.0,0,1.0,-8.096658823529411,low,0.5,2,0.9,True,NOERROR,2,300,0,2,False,False,2,13335,US,False,"Spaceship, Inc.",3,365,True,,False,False,,benign,no_adverse_signal
eldoradocasino-qbp.top,2026-07-27,22,3.68354236243323,0.0,1,0.7,-7.5200969696969695,high,0.3871,3,0.7777777777777778,True,NOERROR,1,7200,0,3,False,False,0,57724,RU,True,"NameSilo, LLC",3,365,True,,False,False,,benign,no_adverse_signal
theexpansioniq.com,2026-07-27,18,3.378783493486176,0.0,0,0.75,-6.849880000000001,low,0.48,2,0.7857142857142857,True,NOERROR,3,3600,5,2,True,False,0,58182,US,True,Wix.com Ltd.,3,365,False,,False,False,False,benign,no_adverse_signal
basiccapitalnow.com,2026-07-27,19,3.32323142879762,0.0,0,0.6666666666666666,-6.876248148148148,low,0.5161,2,0.7333333333333333,True,NOERROR,2,50,0,4,False,False,0,,US,False,Porkbun LLC,379,730,False,,False,False,,benign,no_adverse_signal
sorakoji.net,2026-07-27,12,2.75,0.0,0,1.0,-7.621592307692307,low,0.5714,1,0.875,True,NOERROR,1,3600,1,5,True,False,0,131965,JP,True,"XServer, Inc.",3,365,False,,False,False,False,benign,no_adverse_signal
kannauj.org,2026-07-27,11,2.2359263506290326,0.0,0,0.75,-7.599263636363636,low,0.5,2,0.7142857142857143,True,NOERROR,4,14400,1,4,True,False,0,53831,US,False,Squarespace Domains II LLC,3,365,True,,False,False,False,benign,no_adverse_signal
santabarbaraestatesblog.com,2026-07-27,27,3.055108151238868,0.0,0,0.6428571428571429,-6.541267441860465,low,0.375,3,0.43478260869565216,True,NOERROR,1,3600,1,2,True,False,0,133618,AU,True,Tucows Domains Inc.,3,365,False,,False,False,False,benign,no_adverse_signal
futsal-brasil.store,2026-07-27,19,3.238901256602631,0.0,1,0.5,-7.2411391304347825,low,0.5,2,0.7692307692307693,True,NOERROR,1,600,0,2,False,False,0,13335,CA,True,,,,False,,False,False,,benign,no_adverse_signal
ltthn.xyz,2026-07-27,9,1.9219280948873623,0.0,0,0.0,-8.331828571428572,high,0.6,5,0.8,False,NOERROR,0,,0,2,False,False,0,,,,"GMO Internet, Inc.",3,365,True,,,False,,benign,no_adverse_signal
heixiazi888.shop,2026-07-27,16,2.5949066182439395,0.1875,0,1.6666666666666667,-8.600405263157896,low,0.4706,1,0.6363636363636364,True,NOERROR,1,1799,5,2,True,False,0,134365,HK,False,,,,False,,False,False,False,benign,no_adverse_signal
linqopro.com,2026-07-27,12,2.75,0.0,0,0.6,-7.947261538461539,low,0.5714,2,0.875,False,NOERROR,0,,3,2,True,False,0,,,,"Cloudflare, Inc.",3,365,True,,,False,False,benign,no_adverse_signal
disatour.com,2026-07-27,12,3.0,0.0,0,1.0,-6.4555384615384614,low,0.6667,1,1.0,True,NOERROR,2,300,0,2,False,False,2,13335,US,False,Dynadot Inc,3,365,False,,False,False,,benign,no_adverse_signal
jiemi.hk,2026-07-27,8,1.9219280948873623,0.0,0,1.5,-7.5027,low,0.5455,1,0.8,True,NOERROR,1,600,0,2,False,False,0,16509,US,False,Alibaba Cloud Computing Ltd.,4,365,False,0,False,False,,benign,no_adverse_signal
hitclub-vip.net,2026-07-27,15,3.2776134368191165,0.0,1,0.42857142857142855,-7.813642105263159,low,0.5556,3,0.9090909090909091,True,NOERROR,2,300,0,2,False,False,2,13335,US,False,"Spaceship, Inc.",4,365,False,,False,False,,benign,no_adverse_signal
doclogicphd.com,2026-07-27,15,2.9139770731827523,0.0,0,0.375,-7.438431578947368,low,0.5455,4,0.7272727272727273,True,NOERROR,1,503,0,2,False,False,0,14618,US,True,Dominet (HK) Limited,3,365,False,0,False,False,,benign,no_adverse_signal
ll89.io,2026-07-27,7,1.5,0.2857142857142857,0,0.0,-10.162980000000001,low,0.5,2,0.75,True,NOERROR,2,300,0,2,False,False,2,13335,US,False,Dynadot Inc,4,365,True,,False,False,,benign,no_adverse_signal
themissyedit.com,2026-07-27,16,2.918295834054489,0.0,0,0.5,-7.063338095238095,low,0.5,3,0.6666666666666666,True,NOERROR,2,300,0,2,False,False,2,13335,US,False,"Cloudflare, Inc.",3,365,True,,False,False,,benign,no_adverse_signal
moneytreekim.com,2026-07-27,16,3.0220552088742,0.0,0,0.7142857142857143,-6.882895238095237,low,0.5556,3,0.75,True,NOERROR,1,1183,1,2,True,False,0,133618,US,True,Tucows Domains Inc.,3,365,False,,False,False,False,benign,no_adverse_signal
arcubasengenharia.com.br,2026-07-27,24,3.2639334294856344,0.0,0,0.8888888888888888,-6.712667741935484,low,0.5,2,0.6470588235294118,True,NOERROR,2,60,2,2,True,False,2,47583,DE,False,,5,731,False,,False,False,False,benign,no_adverse_signal
maisonducore.de,2026-07-27,15,3.418295834054489,0.0,0,1.0,-6.546657142857144,low,0.6087,2,0.9166666666666666,True,NOERROR,2,3600,2,3,True,False,0,24940,DE,True,,,,False,,False,False,False,benign,no_adverse_signal
tkwit.global,2026-07-27,12,1.9219280948873623,0.0,0,0.25,-8.913928571428572,low,0.7273,3,0.8,True,NOERROR,2,300,0,2,False,False,0,16509,US,True,,,,,,False,False,,benign,no_adverse_signal
pago-pendiente.com,2026-07-27,18,3.182005814760214,0.0,1,0.8571428571428571,-6.763307999999999,low,0.5714,2,0.7142857142857143,True,NOERROR,1,21600,0,2,False,False,0,16509,US,True,Tucows Domains Inc.,372,730,False,,False,True,,malicious,spamhaus_dbl
einvoicinguae.info,2026-07-27,18,3.0269868333592873,0.0,0,1.6,-7.289839130434783,medium,0.5455,2,0.6923076923076923,True,NOERROR,1,14400,3,2,True,False,0,22612,US,True,,,,,,False,False,False,benign,no_adverse_signal
tohvi.online,2026-07-27,12,2.321928094887362,0.0,0,0.6666666666666666,-8.792542857142857,medium,0.5,2,1.0,True,NOERROR,1,14400,0,3,False,False,0,45638,AU,True,Synergy Wholesale Accreditations Pty Ltd,3,365,False,,False,False,,benign,no_adverse_signal
sockwellusastudio.shop,2026-07-27,22,3.454822399946607,0.0,0,0.7,-6.997193548387097,low,0.5517,3,0.7058823529411765,True,NOERROR,1,300,0,2,False,False,0,,GE,False,,,,False,,True,False,,malicious,spamhaus_zen
hrnova.net,2026-07-27,10,2.584962500721156,0.0,0,0.5,-7.603199999999999,low,0.6154,3,1.0,True,NOERROR,1,300,2,4,True,False,0,135407,PK,True,"Amazon Registrar, Inc.",4,731,True,,True,False,False,malicious,spamhaus_zen
oceanbreezecrafts.com,2026-07-27,21,3.2639334294856344,0.0,0,0.7,-7.375306451612904,low,0.4667,3,0.6470588235294118,False,NOERROR,0,,0,2,False,False,0,,,,"Cloudflare, Inc.",3,365,True,,,False,,benign,no_adverse_signal
sino16play.xyz,2026-07-27,14,3.321928094887362,0.14285714285714285,0,0.6,-8.13065882352941,high,0.5714,2,1.0,True,NOERROR,2,0,0,4,False,False,0,,US,False,Porkbun LLC,380,730,False,3,False,False,,benign,no_adverse_signal
holosbi.com.br,2026-07-27,14,2.5216406363433186,0.0,0,0.75,-7.1528909090909085,low,0.5,2,0.8571428571428571,True,NOERROR,2,3600,0,2,False,False,0,16509,US,True,,5,365,False,,False,False,,benign,no_adverse_signal
pawpawefisien.my.id,2026-07-27,19,2.931208948910323,0.0,0,0.8571428571428571,-7.614752173913043,low,0.5,2,0.6153846153846154,True,NOERROR,2,300,0,2,False,False,2,13335,US,False,,,,False,,False,False,,benign,no_adverse_signal
apssflyer.com,2026-07-27,13,2.94770277922009,0.0,0,0.2857142857142857,-7.802806666666667,low,0.8889,6,0.8888888888888888,False,SERVFAIL,0,,0,0,False,False,0,,,,MAT BAO CORPORATION,3,365,False,,,True,,malicious,spamhaus_dbl
hb999.io,2026-07-27,8,1.3709505944546687,0.375,0,0.0,-10.449042857142857,low,0.3636,2,0.6,True,NOERROR,2,300,0,2,False,False,2,13335,US,False,Dynadot Inc,4,365,True,,False,False,,benign,no_adverse_signal
mbs24.bet,2026-07-27,9,2.321928094887362,0.2222222222222222,0,0.0,-8.990014285714285,low,0.5,3,1.0,True,NOERROR,2,300,0,2,False,False,2,13335,US,False,,,,,,False,False,,benign,no_adverse_signal
saderatqatar.com,2026-07-27,16,2.584962500721156,0.0,0,0.7142857142857143,-7.2170523809523806,low,0.6,2,0.5833333333333334,True,NOERROR,1,3600,1,2,True,False,0,212216,IR,True,1API GmbH,1134,1461,True,,False,False,False,benign,no_adverse_signal
gorttop.com,2026-07-27,11,2.2359263506290326,0.0,0,0.4,-6.721390909090909,low,0.6,3,0.7142857142857143,True,NOERROR,1,3600,0,2,False,False,0,14618,US,True,Dominet (HK) Limited,3,365,False,0,False,False,,benign,no_adverse_signal
akhil.doctor,2026-07-27,12,2.321928094887362,0.0,0,0.6666666666666666,-7.991771428571428,low,0.6667,2,1.0,True,NOERROR,1,1800,5,2,True,False,0,22612,US,False,,,,,,False,False,False,benign,no_adverse_signal
dalil.study,2026-07-27,11,1.9219280948873623,0.0,0,0.6666666666666666,-6.573414285714286,low,0.6667,1,0.8,True,NOERROR,2,3600,0,2,False,False,0,16509,US,True,"GoDaddy.com, LLC",3,365,True,,False,False,,benign,no_adverse_signal
appcraptica.store,2026-07-27,17,2.413088436425758,0.0,0,0.5714285714285714,-6.93117894736842,low,0.6316,4,0.5454545454545454,False,timeout,0,,0,0,False,False,0,,,,,,,False,,,False,,benign,no_adverse_signal
88new.vin,2026-07-27,9,1.9219280948873623,0.2222222222222222,0,0.5,-8.700542857142857,low,0.5,1,0.8,True,NOERROR,2,300,0,2,False,False,2,13335,US,False,,,,,,False,False,,benign,no_adverse_signal
prominerianorte.com,2026-07-27,19,3.056564762130954,0.0,0,0.875,-6.051622222222222,low,0.5217,2,0.6,True,NOERROR,1,14400,1,3,True,False,0,52368,CL,True,PDR Ltd. d/b/a PublicDomainRegistry.com,3,365,True,,False,False,False,benign,no_adverse_signal
h32173.top,2026-07-27,10,2.2516291673878226,0.5,0,0.0,-10.951233333333333,high,0.2222,1,0.8333333333333334,False,NOERROR,0,,0,2,False,False,0,,,,Dynadot LLC,3,365,True,,,False,,benign,no_adverse_signal
13682752.cc,2026-07-27,11,2.75,0.7272727272727273,0,0.0,-11.270192307692307,low,0.3636,0,0.875,False,NOERROR,0,,0,2,False,False,0,,,,Dynadot Inc,4,365,False,,,False,,benign,no_adverse_signal
westlondonbuildinggroup.co.uk,2026-07-27,29,3.6753108689123644,0.0,0,0.5333333333333333,-6.959951162790698,low,0.4516,4,0.6086956521739131,True,NOERROR,1,600,2,2,True,False,0,21499,DE,True,123-Reg Limited t/a 123-reg [Tag = 123-REG],11,1096,False,,False,False,False,benign,no_adverse_signal
britishairway.top,2026-07-27,17,3.0269868333592873,0.0,0,0.625,-6.891852173913043,high,0.4762,2,0.6923076923076923,False,NOERROR,0,,0,2,False,False,0,,,,Alibaba Cloud Computing Ltd. d/b/a HiChina (www.net.cn),3,365,True,,,False,,benign,no_adverse_signal
skylevelcoaching.com,2026-07-27,20,3.625,0.0,0,0.45454545454545453,-7.006962068965517,low,0.5217,4,0.8125,True,NOERROR,7,3600,5,2,True,False,0,15169,US,True,Wix.com Ltd.,3,1096,True,,False,False,False,benign,no_adverse_signal
돈버는방법.com,2026-07-27,9,2.321928094887362,0.0,0,0.0,-15.761785714285713,low,0.0,5,1.0,True,NOERROR,2,180,0,2,False,False,0,16509,US,True,"Megazone Corp., dba HOSTING.KR",2224,2556,False,,False,False,,benign,no_adverse_signal
41912louisy21e.shop,2026-07-27,19,3.3248629576173574,0.3684210526315789,0,1.3333333333333333,-9.83578,low,0.381,2,0.7857142857142857,False,NOERROR,0,,0,2,False,False,0,,,,,,,False,,,False,,benign,no_adverse_signal
seemedical1213.com,2026-07-27,18,3.3248629576173574,0.2222222222222222,0,1.0,-7.610499999999999,low,0.56,1,0.7857142857142857,True,NOERROR,4,14400,0,4,True,False,0,53831,US,False,Squarespace Domains LLC,3,1096,True,,False,False,,benign,no_adverse_signal
junestillwell.com,2026-07-27,17,2.931208948910323,0.0,0,0.4444444444444444,-6.8605782608695645,low,0.4545,3,0.6923076923076923,True,NOERROR,1,600,2,4,True,False,0,16509,US,False,Porkbun LLC,2,365,False,0,False,False,False,benign,no_adverse_signal
mimisha.jp,2026-07-27,10,2.2359263506290326,0.0,0,0.75,-6.8171181818181825,low,0.5455,2,0.7142857142857143,True,NOERROR,1,3600,1,5,True,False,0,131965,JP,True,,5,372,False,,False,False,False,benign,no_adverse_signal
1z33.com,2026-07-27,8,1.5,0.375,0,0.0,-12.22906,low,0.5714,1,0.75,True,NOERROR,2,300,0,2,False,False,2,13335,US,False,Dynadot Inc,3,365,False,,False,False,,benign,no_adverse_signal
aueeuqwd.beauty,2026-07-27,15,2.5,0.0,0,1.6666666666666667,-9.894023076923077,low,0.5882,3,0.75,False,NOERROR,0,,0,2,False,False,0,,,,"Spaceship, Inc.",3,365,False,,,False,,benign,no_adverse_signal
nddy14.live,2026-07-27,11,2.2516291673878226,0.18181818181818182,0,0.0,-9.347455555555555,low,0.5,4,0.8333333333333334,True,NOERROR,2,300,0,2,False,False,2,13335,US,False,,,,False,,False,False,,benign,no_adverse_signal
mahirarefrigeration.com,2026-07-27,23,3.221097250057956,0.0,0,0.9,-6.5772,low,0.4375,2,0.5789473684210527,True,NOERROR,1,600,0,2,False,False,0,16509,US,False,"GoDaddy.com, LLC",3,365,True,,False,False,,benign,no_adverse_signal
asksolarexperts.com,2026-07-27,19,3.1898980954642875,0.0,0,0.5,-6.809703703703703,low,0.56,3,0.6666666666666666,True,NOERROR,1,1800,5,2,True,False,0,22612,US,False,NAMECHEAP INC,3,365,True,,False,False,False,benign,no_adverse_signal
macstitch.shop,2026-07-27,14,2.725480556997868,0.0,0,0.2857142857142857,-6.735353333333333,low,0.6667,3,0.7777777777777778,True,NOERROR,1,300,0,2,False,False,0,199242,GE,False,,,,False,,False,False,,benign,no_adverse_signal
einsteinboost.com,2026-07-27,17,2.7773627950641693,0.0,0,0.8571428571428571,-6.531969565217391,low,0.5263,3,0.5384615384615384,True,NOERROR,1,14400,3,2,True,False,0,22612,US,True,NAMECHEAP INC,3,365,True,,False,False,False,benign,no_adverse_signal
q3gcqtrf.top,2026-07-27,12,2.75,0.08333333333333333,0,0.0,-11.316484615384617,high,0.4211,6,0.875,True,NOERROR,3,60,0,2,False,True,0,138995,US,False,Dominet (HK) Limited,3,365,True,,True,True,,malicious,spamhaus_zen
join-garudaa88.net,2026-07-27,18,3.3248629576173574,0.1111111111111111,1,1.2,-7.953239999999999,low,0.4762,1,0.7857142857142857,True,NOERROR,1,5394,1,2,True,False,0,32475,US,True,NAMECHEAP INC,4,365,True,,False,False,False,benign,no_adverse_signal
anttu.se,2026-07-27,8,1.9219280948873623,0.0,0,0.6666666666666666,-6.973228571428571,low,0.5455,3,0.8,True,NOERROR,2,3600,2,2,True,False,0,39570,SE,False,Loopia AB,4,365,False,,False,False,False,benign,no_adverse_signal
radioworldnews.com,2026-07-27,18,3.2359263506290334,0.0,0,0.5555555555555556,-6.8069560000000005,low,0.56,4,0.7142857142857143,False,NOERROR,0,,0,2,False,False,0,,,,Dominet (HK) Limited,3,365,False,,,False,,benign,no_adverse_signal
aidahlia.com,2026-07-27,12,2.1556390622295662,0.0,0,1.6666666666666667,-7.412507692307693,low,0.5714,2,0.625,True,NOERROR,2,1200,0,2,False,False,0,16509,US,True,"Spaceship, Inc.",403,730,False,,False,False,,benign,no_adverse_signal
muchotequilaandtacos.com,2026-07-27,24,3.684183719779189,0.0,0,0.8181818181818182,-7.292086486486487,low,0.4138,3,0.7,True,NOERROR,2,30,0,2,True,False,2,14618,US,True,DropCatch.com 959 LLC,3,365,False,,False,False,,benign,no_adverse_signal
xn--ihq550d.xyz,2026-07-27,15,3.095795255000934,0.2,2,0.2,-10.82731052631579,high,0.4286,2,0.8181818181818182,True,NOERROR,1,600,0,2,False,False,0,37963,CN,False,Alibaba Cloud Computing Ltd. d/b/a HiChina (www.net.cn),3,365,False,,True,False,,malicious,spamhaus_zen
hallmarktravelco.com,2026-07-27,20,3.2806390622295662,0.0,0,0.45454545454545453,-6.790368965517242,low,0.5217,4,0.6875,True,NOERROR,2,0,2,4,True,False,0,,US,False,Porkbun LLC,3,365,False,,False,False,False,benign,no_adverse_signal
olvioo.com,2026-07-27,10,1.7924812503605778,0.0,0,2.0,-7.806411111111111,low,0.6154,2,0.6666666666666666,True,NOERROR,1,7200,0,2,False,False,0,40034,VG,False,"Network Solutions, LLC",3,731,True,,False,False,,benign,no_adverse_signal
sexfriend83.xyz,2026-07-27,15,3.2776134368191165,0.13333333333333333,0,0.5,-8.443973684210526,high,0.5,3,0.9090909090909091,True,NOERROR,2,300,0,2,False,False,2,13335,US,False,"GoDaddy.com, LLC",3,365,True,,False,False,,benign,no_adverse_signal
londonrave.com,2026-07-27,14,2.9219280948873623,0.0,0,0.6666666666666666,-6.732205882352941,low,0.5455,2,0.8,True,NOERROR,2,3600,1,2,True,False,0,16509,US,True,"Spaceship, Inc.",3,365,False,,False,False,,benign,no_adverse_signal
bk666.guru,2026-07-27,10,1.3709505944546687,0.3,0,0.0,-10.299257142857142,low,0.4444,2,0.6,True,NOERROR,2,300,0,2,False,False,2,13335,US,False,,,,,,False,False,,benign,no_adverse_signal
3bpedagojiacademy.com,2026-07-27,21,3.572469458770136,0.047619047619047616,0,0.7777777777777778,-7.810287096774194,low,0.4348,2,0.7647058823529411,True,NOERROR,1,7200,1,2,True,False,0,34788,DE,True,RegistryGate GmbH,3,365,True,,False,False,False,benign,no_adverse_signal
edutyna.cz,2026-07-27,10,2.807354922057604,0.0,0,0.75,-7.576027272727273,low,0.5455,3,1.0,True,NOERROR,2,600,2,3,True,False,0,198627,CZ,False,REG-WEBSUPPORT,4,364,False,,False,False,False,benign,no_adverse_signal
recepakca2.xyz,2026-07-27,14,2.721928094887362,0.07142857142857142,0,0.8,-7.771888235294117,high,0.4444,2,0.7,True,NOERROR,2,46,0,4,False,False,0,,US,False,Porkbun LLC,381,730,False,3,False,False,,benign,no_adverse_signal
buzzstatic.dev,2026-07-27,14,2.9219280948873623,0.0,0,0.42857142857142855,-7.188741176470589,low,0.7778,4,0.8,True,NOERROR,4,3600,0,2,False,False,4,54113,US,True,,,,False,,False,False,,benign,no_adverse_signal
paulido.de,2026-07-27,10,2.807354922057604,0.0,0,1.3333333333333333,-7.2412909090909094,low,0.6154,1,1.0,False,NOERROR,0,,0,2,True,False,0,,,,,,,False,,,False,,benign,no_adverse_signal
2warisan138.site,2026-07-27,16,3.277613436819116,0.25,0,0.75,-8.10722105263158,medium,0.4545,1,0.9090909090909091,True,NOERROR,2,300,0,2,False,False,2,13335,US,False,NAMECHEAP INC,3,365,True,,False,False,,benign,no_adverse_signal
ethnicjunctionwear.com,2026-07-27,22,3.4613201402110083,0.0,0,0.6363636363636364,-7.340118181818182,low,0.4571,3,0.6666666666666666,True,NOERROR,3,600,0,2,False,False,0,16509,US,False,"Wild West Domains, LLC",3,365,False,,False,False,,benign,no_adverse_signal
kcpowerhq.com,2026-07-27,13,3.169925001442312,0.0,0,0.2857142857142857,-8.223099999999999,low,0.4762,3,1.0,True,NOERROR,1,289,1,2,True,False,0,133618,AU,True,Tucows Domains Inc.,3,365,False,,False,False,False,benign,no_adverse_signal
oyene.com,2026-07-27,9,1.9219280948873623,0.0,0,1.5,-7.2063,low,0.75,1,0.8,True,NOERROR,7,1,0,2,False,False,0,134175,HK,False,Gname 413 Inc,3,365,False,,False,False,,benign,no_adverse_signal
lhseducators.com,2026-07-27,16,3.418295834054489,0.0,0,0.5,-7.082438095238095,low,0.5714,3,0.9166666666666666,True,NOERROR,1,3600,1,2,True,False,0,133618,AU,True,Tucows Domains Inc.,3,365,False,,False,False,False,benign,no_adverse_signal
kestoa.com,2026-07-27,10,2.584962500721156,0.0,0,1.0,-6.529677777777778,low,0.6,2,1.0,True,NOERROR,1,21600,0,2,False,False,0,16509,US,True,Tucows Domains Inc.,372,730,False,,False,False,,benign,no_adverse_signal
deaighmatters.com,2026-07-27,17,3.238901256602631,0.0,0,0.625,-6.907373913043478,low,0.5217,3,0.7692307692307693,True,NOERROR,1,2251,1,2,True,False,0,133618,US,True,Tucows Domains Inc.,3,365,False,,False,False,False,benign,no_adverse_signal
ttcschool.xyz,2026-07-27,13,2.5032583347756456,0.0,0,0.2857142857142857,-7.2527333333333335,high,0.5714,6,0.6666666666666666,False,NOERROR,0,,3,2,True,False,0,,,,NAMECHEAP INC,3,365,True,,,False,False,benign,no_adverse_signal
berisolcart.shop,2026-07-27,16,3.277613436819116,0.0,0,0.5714285714285714,-6.457431578947368,low,0.5,2,0.9090909090909091,True,NOERROR,1,21600,3,2,True,False,0,15169,US,True,,,,False,,True,False,False,malicious,spamhaus_zen
kubaqe.top,2026-07-27,10,2.584962500721156,0.0,0,1.0,-9.043077777777777,high,0.5455,1,1.0,False,NOERROR,0,,0,2,False,False,0,,,,"NameSilo, LLC",3,365,True,,,False,,benign,no_adverse_signal
kasafinanz.de,2026-07-27,13,2.6464393446710157,0.0,0,0.6666666666666666,-6.853929411764706,low,0.5714,2,0.7,True,NOERROR,2,1800,0,2,False,False,0,16509,US,False,,,,False,,False,False,,benign,no_adverse_signal
tcargear.com,2026-07-27,12,2.5,0.0,0,0.6,-6.639200000000001,low,0.5455,2,0.75,True,NOERROR,2,3600,0,2,False,False,0,16509,US,True,"GoDaddy.com, LLC",3,365,True,,False,False,,benign,no_adverse_signal
rioscarrera.com,2026-07-27,15,2.5503407095463886,0.0,0,0.8333333333333334,-6.5091,low,0.5,2,0.6363636363636364,True,NOERROR,4,14400,1,4,True,False,0,53831,US,False,Squarespace Domains II LLC,3,365,True,,False,False,False,benign,no_adverse_signal
bohuslansmaskiner.se,2026-07-27,20,3.572469458770136,0.0,0,0.5454545454545454,-6.922906451612903,low,0.4375,3,0.7647058823529411,True,NOERROR,1,150,1,2,False,False,1,8560,DE,True,InterNetX GmbH,4,365,False,,False,False,False,benign,no_adverse_signal
rthhs.cfd,2026-07-27,9,1.9219280948873623,0.0,0,0.0,-8.33712857142857,low,0.5,5,0.8,False,NOERROR,0,,0,5,False,False,0,,,,"NameSilo, LLC",3,365,True,,,False,,benign,no_adverse_signal
consultitsolution.com,2026-07-27,21,2.9398290174664026,0.0,0,0.7,-6.579612903225806,low,0.5946,2,0.47058823529411764,True,NOERROR,4,30,0,2,False,False,8,24940,DE,True,Domain Science Kutatasi Szolgaltato,4,365,True,,False,False,,benign,no_adverse_signal
cobrascore.com,2026-07-27,14,2.721928094887362,0.0,0,0.6666666666666666,-6.531435294117648,low,0.625,2,0.7,True,NOERROR,1,1799,5,2,True,False,0,16509,US,False,NAMECHEAP INC,3,365,True,,False,False,False,benign,no_adverse_signal
78hz.shop,2026-07-27,9,2.0,0.2222222222222222,0,0.0,-11.52806,low,0.2857,2,1.0,True,NOERROR,1,600,0,2,False,True,0,152194,HK,False,,,,False,,True,True,,malicious,spamhaus_zen
5s74.buzz,2026-07-27,9,2.0,0.3333333333333333,0,0.0,-11.93338,high,0.2857,1,1.0,True,NOERROR,2,300,0,2,False,False,2,13335,US,False,"Spaceship, Inc.",3,365,False,,False,False,,benign,no_adverse_signal
rbshouse.com,2026-07-27,12,2.75,0.0,0,0.6,-7.060646153846154,low,0.5,4,0.875,False,NXDOMAIN,0,,0,0,False,False,0,,,,"HOSTINGER operations, UAB",3,365,False,,,False,,benign,no_adverse_signal
maxwin7.live,2026-07-27,12,2.807354922057604,0.08333333333333333,0,0.5,-8.268500000000001,low,0.5455,2,1.0,False,NOERROR,0,,1,2,False,False,0,,,,,,,False,,,False,False,benign,no_adverse_signal
poatankkenya.com,2026-07-27,16,2.8553885422075336,0.0,0,0.7142857142857143,-7.480571428571429,low,0.4762,3,0.6666666666666666,True,NOERROR,3,14400,1,4,True,False,0,,,False,"OwnRegistrar, Inc.",3,365,False,,True,False,,malicious,spamhaus_zen
levispoweredpressurewashing.com,2026-07-27,31,3.6302753548819777,0.0,0,0.5882352941176471,-6.625982352941176,low,0.4545,3,0.5555555555555556,True,NOERROR,3,3600,0,2,False,False,0,58182,US,True,Wix.com Ltd.,3,365,True,,False,False,,benign,no_adverse_signal
8gkb.top,2026-07-27,8,2.0,0.125,0,0.0,-11.375620000000001,high,0.5,3,1.0,True,NOERROR,6,600,0,2,False,True,0,8075,JP,False,"Spaceship, Inc.",3,365,True,,False,True,,malicious,spamhaus_dbl
firstora.ru,2026-07-27,11,2.75,0.0,0,0.6,-6.262892307692307,low,0.5882,3,0.875,True,NOERROR,1,3600,2,2,True,False,1,197695,RU,True,REGRU-RU,4,365,False,,False,False,False,benign,no_adverse_signal
reno.la,2026-07-27,7,2.0,0.0,0,1.0,-6.037319999999999,low,0.6,1,1.0,True,NOERROR,1,3600,0,2,False,False,0,206834,CA,False,Key-Systems GmbH,4,365,False,,False,False,,benign,no_adverse_signal
drvotech.com,2026-07-27,12,3.0,0.0,0,0.3333333333333333,-7.1770000000000005,low,0.7059,3,1.0,True,NOERROR,1,300,0,2,False,False,0,47583,DE,True,"HOSTINGER operations, UAB",3,365,False,,False,False,,benign,no_adverse_signal
hoxbur.com,2026-07-27,10,2.584962500721156,0.0,0,0.5,-8.256077777777778,low,0.4615,2,1.0,True,NOERROR,2,600,0,2,False,False,0,16509,US,True,"GoDaddy.com, LLC",3,365,True,,False,False,,benign,no_adverse_signal
azzurion.store,2026-07-27,14,2.75,0.0,0,1.0,-7.3647846153846155,low,0.6154,2,0.875,True,NOERROR,1,3600,2,4,True,False,1,8560,DE,True,,,,False,,False,False,False,benign,no_adverse_signal
66vn2.pro,2026-07-27,9,1.9219280948873623,0.3333333333333333,0,0.0,-11.328428571428573,low,0.4444,2,0.8,True,NOERROR,2,300,0,2,False,False,2,13335,US,False,,,,,,False,False,,benign,no_adverse_signal
expertkeerthi.online,2026-07-27,20,2.7773627950641693,0.0,0,0.625,-7.02695652173913,medium,0.4348,3,0.6153846153846154,True,NOERROR,2,60,0,2,False,False,2,47583,DE,False,"HOSTINGER operations, UAB",3,365,False,,False,False,,benign,no_adverse_signal
practicayaprende.com,2026-07-27,20,3.202819531114783,0.0,0,0.6,-6.567258620689655,low,0.5217,2,0.625,True,NOERROR,1,3427,1,2,True,False,0,133618,AU,True,Tucows Domains Inc.,3,365,False,,False,False,False,benign,no_adverse_signal
dxgplaystation.site,2026-07-27,19,3.521640636343319,0.0,0,0.4,-7.063852000000001,medium,0.88,5,0.8571428571428571,True,NOERROR,1,21600,1,5,False,False,0,34119,GB,False,"GoDaddy.com, LLC",3,365,False,,False,False,False,benign,no_adverse_signal
findmeajob.dev,2026-07-27,14,3.321928094887362,0.0,0,0.6666666666666666,-7.381552941176471,low,0.625,3,1.0,True,NOERROR,2,300,0,2,False,False,2,13335,US,False,,,,False,,False,False,,benign,no_adverse_signal
luzelenavalverdevalencia.com,2026-07-27,28,3.1531071683628116,0.0,0,0.8461538461538461,-7.015228888888888,low,0.3889,2,0.4583333333333333,False,NOERROR,0,,0,2,False,False,0,,,,"Cloudflare, Inc.",3,365,True,,,False,,benign,no_adverse_signal
adn432.com,2026-07-27,10,2.584962500721156,0.3,0,0.5,-9.7742,low,0.5455,2,1.0,True,NOERROR,2,300,0,2,False,False,2,13335,US,False,Dynadot Inc,3,365,False,,False,False,,benign,no_adverse_signal
ov16wyjm.top,2026-07-27,12,3.0,0.16666666666666666,0,0.2,-11.513107692307692,high,0.3636,4,1.0,True,NOERROR,3,60,0,2,False,True,0,138995,US,False,Dominet (HK) Limited,4,365,True,,True,True,,malicious,spamhaus_zen
harbournorthfinance.com,2026-07-27,23,3.4316235658474294,0.0,0,0.5833333333333334,-6.75032,low,0.4138,4,0.631578947368421,True,NOERROR,2,3600,0,2,False,False,0,16509,US,True,"GoDaddy.com, LLC",3,365,True,,False,False,,benign,no_adverse_signal
warehouse.diy,2026-07-27,13,2.94770277922009,0.0,0,1.25,-6.569999999999999,low,0.5882,1,0.8888888888888888,True,NOERROR,2,300,5,2,True,False,0,24940,DE,True,NAMECHEAP INC,3,365,True,,False,False,False,benign,no_adverse_signal
shawnresourcesllc.com,2026-07-27,21,3.337175341123077,0.0,0,0.4166666666666667,-7.365067741935484,low,0.5926,4,0.6470588235294118,True,NOERROR,1,3600,1,2,True,False,0,133618,US,True,Tucows Domains Inc.,3,365,False,,False,False,False,benign,no_adverse_signal
nehabennipanipuri.com,2026-07-27,21,2.984234164652489,0.0,0,0.8888888888888888,-7.0883935483870975,low,0.4545,2,0.5294117647058824,True,NOERROR,2,300,0,2,False,False,2,13335,US,False,"GoDaddy.com, LLC",3,1096,True,,False,False,,benign,no_adverse_signal
luck-britain.com,2026-07-27,16,3.4182958340544896,0.0,1,0.5714285714285714,-7.130423809523809,low,0.4706,2,0.9166666666666666,True,NOERROR,1,1800,5,2,True,False,0,22612,US,False,"NameCheap, Inc.",3,365,False,,False,False,False,benign,no_adverse_signal
fisting-pro.com,2026-07-27,15,3.2776134368191165,0.0,1,0.42857142857142855,-6.606742105263158,low,0.5263,2,0.9090909090909091,True,NOERROR,2,300,0,2,False,False,2,13335,US,False,Internet Domain Service BS Corp.,90,365,True,,False,False,,benign,no_adverse_signal
personasenlinea.click,2026-07-27,21,3.0062389286533895,0.0,0,0.875,-6.158648148148148,medium,0.5455,2,0.6,True,NOERROR,1,10800,0,3,False,False,1,39287,SE,True,Tucows Domains Inc.,3,365,False,,False,True,,malicious,spamhaus_dbl
stars-marine.com,2026-07-27,16,3.0849625007211556,0.0,1,0.5714285714285714,-6.2963523809523805,low,0.6087,2,0.75,True,NOERROR,1,3600,1,2,True,False,0,133618,AU,True,Tucows Domains Inc.,3,365,False,,False,False,False,benign,no_adverse_signal
keju2aman.info,2026-07-27,14,2.94770277922009,0.07142857142857142,0,1.0,-9.2303,medium,0.5333,1,0.8888888888888888,True,NOERROR,2,300,0,2,False,False,2,13335,US,False,,,,,,False,False,,benign,no_adverse_signal
