domain,date_collected,domain_length,shannon_entropy,digit_ratio,hyphen_count,vowel_consonant_ratio,ngram_score,tld_risk_category,typosquatting_similarity,longest_consonant_run,unique_char_ratio,resolves_flag,rcode,num_a_records,min_ttl,mx_count,num_ns,has_spf,cname_present,num_aaaa_records,asn,geo_country,ptr_present,registrar,domain_age_days,registration_duration_days,privacy_protection_flag,abuseipdb_score,spamhaus_zen_listed,spamhaus_dbl_listed,mx_spamhaus_zen_listed,label,label_reason
militaryheritageworkshop.com,2026-07-16,28,3.772055208874201,0.0,0,0.6,-6.697771111111111,low,0.4865,4,0.625,True,NOERROR,4,14400,0,4,True,False,0,53831,US,False,Squarespace Domains LLC,4,365,True,16,False,False,,benign,no_adverse_signal
samuiexpo.com,2026-07-16,13,3.169925001442312,0.0,0,1.25,-7.7659,low,0.5263,2,1.0,False,NOERROR,0,,3,2,True,False,0,,,,"Amazon Registrar, Inc.",4,365,True,,,False,False,benign,no_adverse_signal
xx88-ceo.eu.cc,2026-07-16,14,1.0,0.14285714285714285,1,2.0,,low,,0,1.0,True,NOERROR,2,300,0,2,False,False,2,13335,US,False,Gname.com Pte. Ltd.,10505,12217,True,0,False,True,,malicious,spamhaus_dbl
zalmorix.com,2026-07-16,12,3.0,0.0,0,0.6,-7.129738461538461,low,0.5333,2,1.0,True,NOERROR,2,300,0,2,False,False,0,16509,US,True,"Spaceship, Inc.",4,731,False,0,False,False,,benign,no_adverse_signal
kalosu.com,2026-07-16,10,2.584962500721156,0.0,0,1.0,-6.912333333333333,low,0.5714,1,1.0,True,NOERROR,1,3600,0,2,False,False,0,13335,CA,True,"GoDaddy.com, LLC",3,365,True,0,False,False,,benign,no_adverse_signal
clearline.fi,2026-07-16,12,2.725480556997868,0.0,0,0.8,-6.114073333333334,low,0.625,2,0.7777777777777778,True,NOERROR,1,50,0,2,False,False,0,47583,CY,False,Realtime Register B.V.,5,365,False,30,False,False,,benign,no_adverse_signal
britishultrafest.com,2026-07-16,20,3.327819531114783,0.0,0,0.45454545454545453,-6.72798275862069,low,0.4848,3,0.6875,True,NOERROR,1,14400,0,3,False,False,1,14061,US,True,"NicNames, Inc",4,365,True,0,False,False,,benign,no_adverse_signal
carrycobags.com,2026-07-16,15,2.9139770731827523,0.0,0,0.375,-7.37918947368421,low,0.4706,4,0.7272727272727273,True,NOERROR,1,3600,0,2,False,False,0,13335,CA,True,"GoDaddy.com, LLC",4,365,True,0,False,False,,benign,no_adverse_signal
comprooroeargentoconcadoro60.com,2026-07-16,32,3.280394654123194,0.0625,0,0.8571428571428571,-7.0615,low,0.439,3,0.4642857142857143,True,NOERROR,4,14400,1,4,True,False,0,53831,US,False,Squarespace Domains II LLC,4,365,True,16,False,False,False,benign,no_adverse_signal
lumieretica.com,2026-07-16,15,3.095795255000934,0.0,0,1.2,-6.524757894736842,low,0.5263,1,0.8181818181818182,True,NOERROR,2,120,0,4,False,False,0,16509,DE,True,"Name.com, Inc.",4,365,True,15,False,False,,benign,no_adverse_signal
njdirt.com,2026-07-16,10,2.584962500721156,0.0,0,0.2,-8.323266666666667,low,0.6,3,1.0,False,NOERROR,0,,0,2,False,False,0,,,,TuringSign Inc. d/b/a Cosmotown,3,365,False,,,False,,benign,no_adverse_signal
jklkproperties.com,2026-07-16,18,3.2359263506290334,0.0,0,0.4,-7.698008,low,0.48,6,0.7142857142857143,True,NOERROR,2,300,2,2,True,False,2,13335,US,False,"Cloudflare, Inc.",4,365,True,0,False,False,True,benign,no_adverse_signal
siliconvalleygirl.online,2026-07-16,24,3.337175341123077,0.0,0,0.5454545454545454,-7.048003225806451,medium,0.4324,2,0.7058823529411765,True,NOERROR,1,3600,2,4,True,False,1,8560,US,True,IONOS SE,4,365,False,0,False,False,False,benign,no_adverse_signal
etpfactory.com,2026-07-16,14,3.121928094887362,0.0,0,0.42857142857142855,-7.332341176470588,low,0.5263,3,0.9,False,NOERROR,0,,0,2,False,False,0,,,,Alibaba Cloud Computing Ltd. d/b/a HiChina (www.net.cn),4,1096,False,,,False,,benign,no_adverse_signal
trpexperience.com,2026-07-16,17,2.7773627950641693,0.0,0,0.625,-6.848056521739131,low,0.4762,3,0.6153846153846154,True,NOERROR,2,3600,0,2,False,False,0,16509,US,True,"GoDaddy.com, LLC",4,1096,True,20,False,False,,benign,no_adverse_signal
cleandio.com,2026-07-16,12,3.0,0.0,0,1.0,-6.230469230769231,low,0.625,2,1.0,True,NOERROR,4,1800,0,4,False,False,0,4766,KR,False,"Gabia, Inc.",4,365,False,0,False,False,,benign,no_adverse_signal
guangzhoutinglang.com,2026-07-16,21,3.1018812234760182,0.0,0,0.5454545454545454,-6.881825806451613,low,0.4324,4,0.5882352941176471,True,NOERROR,1,86400,1,4,True,False,1,13335,CA,True,"TUCOWS.COM, CO.",4,365,True,0,False,False,False,benign,no_adverse_signal
hlrjw.top,2026-07-16,9,2.321928094887362,0.0,0,0.0,-11.282200000000001,high,0.4615,5,1.0,True,NOERROR,1,1,0,2,False,True,0,40065,US,False,"NameSilo, LLC",4,365,True,0,False,False,,benign,no_adverse_signal
educonnett.com.br,2026-07-16,17,2.7219280948873625,0.0,0,0.6666666666666666,-6.543200000000001,low,0.6364,2,0.7,True,NOERROR,2,300,1,2,True,False,2,13335,US,False,,7,365,False,0,False,False,,benign,no_adverse_signal
crsautologindmn438.com,2026-07-16,22,3.94770277922009,0.13636363636363635,0,0.5,-8.066575757575757,low,0.4848,4,0.8888888888888888,False,NOERROR,0,,0,2,False,False,0,,,,Internet Domain Service BS Corp.,10,365,True,,,False,,benign,no_adverse_signal
academy.hamburg,2026-07-16,15,2.5216406363433186,0.0,0,0.75,-6.737527272727274,low,0.5455,2,0.8571428571428571,True,NOERROR,1,900,0,3,False,False,0,62310,DE,False,http.net Internet GmbH,667,730,True,0,False,False,,benign,no_adverse_signal
advantexlighting.com,2026-07-16,20,3.375,0.0,0,0.45454545454545453,-6.879179310344827,low,0.4828,3,0.6875,True,NOERROR,2,600,0,2,False,False,0,16509,US,True,"GoDaddy.com, LLC",4,365,True,37,False,False,,benign,no_adverse_signal
yamamoto-tech.uk,2026-07-16,16,3.0850551027564768,0.0,1,0.7142857142857143,-6.872017391304348,low,0.6087,2,0.6923076923076923,False,NOERROR,0,,0,2,False,False,0,,,,"Cloudflare, Inc. [Tag = CLOUDFLARE]",4,365,False,,,False,,benign,no_adverse_signal
redspot.work,2026-07-16,12,2.807354922057604,0.0,0,0.4,-6.571618181818182,low,0.6154,3,1.0,False,NOERROR,0,,0,2,False,False,0,,,,"Cloudflare, Inc.",3,365,True,,,False,,benign,no_adverse_signal
sywjtntmk.cc,2026-07-16,12,2.94770277922009,0.0,0,0.0,-10.20056,low,0.4444,9,0.8888888888888888,False,NOERROR,0,,0,2,False,False,0,,,,"NameSilo, LLC",5,365,False,,,True,,malicious,spamhaus_dbl
jhqldz.com,2026-07-16,10,2.584962500721156,0.0,0,0.0,-10.9195,low,0.4615,6,1.0,True,NOERROR,2,300,0,2,False,False,2,13335,US,False,"Megazone Corp., dba HOSTING.KR",4,365,False,0,False,False,,benign,no_adverse_signal
rugeoficial.com,2026-07-16,15,3.277613436819116,0.0,0,1.2,-7.159452631578946,low,0.5263,1,0.9090909090909091,True,NOERROR,1,1799,5,2,True,False,0,13335,CA,True,NAMECHEAP INC,4,365,True,0,False,False,False,benign,no_adverse_signal
meqak.com,2026-07-16,9,2.321928094887362,0.0,0,0.6666666666666666,-9.671171428571428,low,0.7273,1,1.0,True,NOERROR,2,300,0,2,False,False,2,13335,US,False,NAMECHEAP INC,4,365,True,0,False,False,,benign,no_adverse_signal
prospectos.in,2026-07-16,13,2.721928094887362,0.0,0,0.42857142857142855,-6.511958823529412,low,0.6,2,0.7,True,NOERROR,2,3600,2,2,True,False,0,13335,US,False,"GoDaddy.com, LLC",6,365,False,0,False,False,False,benign,no_adverse_signal
meisterboost.com,2026-07-16,16,2.918295834054489,0.0,0,0.7142857142857143,-6.367642857142856,low,0.5714,2,0.6666666666666666,True,NOERROR,1,3600,2,4,True,False,1,8560,DE,True,IONOS SE,4,365,True,0,False,False,False,benign,no_adverse_signal
tarunaadiprimamotor.com,2026-07-16,23,3.155565013329719,0.0,0,0.9,-6.807388571428572,low,0.4828,2,0.5263157894736842,True,NOERROR,1,86400,0,4,True,False,0,7713,ID,False,CV. Rumahweb Indonesia,392,730,False,0,False,False,,benign,no_adverse_signal
enverusresources.com,2026-07-16,20,2.7806390622295662,0.0,0,0.7777777777777778,-6.750917241379311,low,0.5385,2,0.5,True,NOERROR,2,300,1,2,True,False,2,13335,US,False,"Gransy, s.r.o.",4,365,False,0,False,False,False,benign,no_adverse_signal
hungaryaszfaltut.hu,2026-07-16,19,3.452819531114783,0.0,0,0.45454545454545453,-7.748589655172414,low,0.4,3,0.75,True,NOERROR,1,3600,1,4,True,False,0,43359,HU,True,,5,,False,0,False,False,False,benign,no_adverse_signal
forwardpathteam.com,2026-07-16,19,3.323231428797621,0.0,0,0.5,-7.096462962962963,low,0.4762,3,0.7333333333333333,True,NOERROR,2,300,0,2,False,False,0,16509,US,True,"Spaceship, Inc.",4,365,False,0,False,False,,benign,no_adverse_signal
so5rda4n.top,2026-07-16,12,3.0,0.16666666666666666,0,0.5,-11.094092307692307,high,0.5333,2,1.0,True,NOERROR,3,60,0,2,False,True,0,138995,US,False,Dominet (HK) Limited,4,365,True,0,True,True,,malicious,spamhaus_zen
revkek-rend.com,2026-07-16,15,2.663532754804255,0.0,1,0.42857142857142855,-7.977136842105263,low,0.4762,2,0.6363636363636364,True,NOERROR,1,86400,0,2,False,False,0,16509,US,True,"TUCOWS.COM, CO.",373,730,True,0,False,False,,benign,no_adverse_signal
umin.pl,2026-07-16,7,2.0,0.0,0,1.0,-6.4049000000000005,low,0.5714,1,1.0,True,NOERROR,1,600,0,2,False,False,0,45102,DE,False,Key-Systems GmbH,37,365,False,0,False,False,,benign,no_adverse_signal
childrenshalloweenbook.com,2026-07-16,26,3.629219686524096,0.0,0,0.5714285714285714,-6.774087804878048,low,0.4375,3,0.6363636363636364,True,NOERROR,2,57,2,4,True,False,0,,US,False,Porkbun LLC,4,1096,False,0,False,False,False,benign,no_adverse_signal
topwildapp-play.online,2026-07-16,22,3.106890595608519,0.0,1,0.4,-7.4436,medium,0.4545,2,0.6666666666666666,True,NOERROR,2,300,0,2,False,False,0,13335,US,False,NAMECHEAP INC,3,365,True,0,False,False,,benign,no_adverse_signal
getpages.baby,2026-07-16,13,2.5,0.0,0,0.6,-6.687553846153846,low,0.7692,2,0.75,True,NOERROR,2,300,3,2,True,False,2,13335,US,False,"Spaceship, Inc.",4,365,False,0,False,False,False,benign,no_adverse_signal
lawunion.ch,2026-07-16,11,2.75,0.0,0,1.0,-7.284923076923077,low,0.625,1,0.875,True,NOERROR,1,600,0,2,False,False,0,396982,US,True,,,,False,34,False,False,,benign,no_adverse_signal
dumiv.info,2026-07-16,10,2.321928094887362,0.0,0,0.6666666666666666,-7.963457142857143,medium,0.5455,1,1.0,True,NOERROR,2,300,0,2,False,False,2,13335,US,False,,,,,0,False,False,,benign,no_adverse_signal
melissasaiauto2026.com,2026-07-16,22,3.419381945646371,0.18181818181818182,0,1.3333333333333333,-7.576521212121213,low,0.3846,2,0.6666666666666666,True,NOERROR,1,3600,2,4,True,False,1,8560,US,True,IONOS SE,3,365,True,3,False,False,False,benign,no_adverse_signal
peakinfluencermarketing.help,2026-07-16,28,3.621175542919471,0.0,0,0.6428571428571429,-6.5825000000000005,low,0.4571,3,0.6086956521739131,False,NOERROR,0,,0,2,False,False,0,,,,Porkbun LLC,4,365,False,,,False,,benign,no_adverse_signal
reefvale.com,2026-07-16,12,2.4056390622295662,0.0,0,1.0,-7.857399999999999,low,0.5714,2,0.75,True,NOERROR,1,60,0,3,False,False,0,202412,BG,False,NETIM,4,365,True,0,True,True,,malicious,spamhaus_zen
divyakshetram.com,2026-07-16,17,3.5465935642949384,0.0,0,0.4444444444444444,-7.345565217391305,low,0.5455,3,0.9230769230769231,True,NOERROR,2,300,0,2,False,False,2,13335,US,False,"GoDaddy.com, LLC",4,1096,True,0,False,False,,benign,no_adverse_signal
tagagentic.com,2026-07-16,14,2.721928094887362,0.0,0,0.6666666666666666,-6.244288235294118,low,0.625,2,0.7,False,NOERROR,0,,0,2,False,False,0,,,,Gname 161 Inc,4,365,False,,,False,,benign,no_adverse_signal
hausgartenserviceschubert.com,2026-07-16,29,3.5434651896016462,0.0,0,0.5625,-6.533270212765957,low,0.5263,3,0.52,True,NOERROR,1,150,1,2,False,False,1,8560,DE,True,InterNetX GmbH,4,365,True,0,False,False,False,benign,no_adverse_signal
marcosavila.com,2026-07-16,15,3.027169118440619,0.0,0,0.8333333333333334,-6.640789473684211,low,0.5556,2,0.8181818181818182,True,NOERROR,1,600,0,2,False,False,0,54801,HK,False,"GMO Internet, Inc.",4,365,True,0,False,False,,benign,no_adverse_signal
moodmindai.com,2026-07-16,14,2.521928094887362,0.0,0,1.0,-6.746029411764706,low,0.5333,2,0.6,True,NOERROR,2,3600,1,2,True,False,0,16509,US,True,"Spaceship, Inc.",3,365,False,59,False,False,,malicious,abuseipdb
amoresbyamalia.com,2026-07-16,18,3.09306920777189,0.0,0,1.0,-6.822472,low,0.5,3,0.7142857142857143,True,NOERROR,1,3600,1,4,True,False,0,396982,US,True,Squarespace Domains II LLC,4,365,True,34,False,False,False,benign,no_adverse_signal
vousmadorez.com,2026-07-16,15,3.2776134368191165,0.0,0,0.8333333333333334,-7.046389473684211,low,0.5,2,0.9090909090909091,True,NOERROR,1,3600,2,4,True,False,1,8560,US,True,IONOS SE,4,365,True,0,False,False,False,benign,no_adverse_signal
wheelerlakedockrepair.com,2026-07-16,25,3.3273399000835084,0.0,0,0.75,-7.011297435897436,low,0.4,3,0.5714285714285714,True,NOERROR,2,300,0,2,False,False,2,13335,US,False,"Cloudflare, Inc.",4,365,True,0,False,False,,benign,no_adverse_signal
pcswc.com,2026-07-16,9,1.9219280948873623,0.0,0,0.0,-9.008271428571428,low,0.6,5,0.8,False,NOERROR,0,,0,2,False,False,0,,,,Alibaba Cloud Computing Ltd. d/b/a HiChina (www.net.cn),4,1096,False,,,False,,benign,no_adverse_signal
318705xx.cc,2026-07-16,11,2.75,0.5454545454545454,0,0.0,-11.545053846153847,low,0.3636,2,0.875,False,NOERROR,0,,0,2,False,False,0,,,,"NameSilo, LLC",4,365,True,,,False,,benign,no_adverse_signal
solcasinobet.com,2026-07-16,16,3.2516291673878226,0.0,0,0.7142857142857143,-6.558571428571428,low,0.5455,2,0.8333333333333334,True,NOERROR,2,300,0,2,False,False,2,13335,US,False,DotWee Limited,4,365,True,0,False,False,,benign,no_adverse_signal
u888con.com,2026-07-16,11,2.1280852788913944,0.2727272727272727,0,1.0,-8.545954545454546,low,0.5333,1,0.7142857142857143,True,NOERROR,2,300,0,2,False,False,2,13335,US,False,DYNADOT LLC,4,365,True,0,False,False,,benign,no_adverse_signal
fobterminal.com,2026-07-16,15,3.459431618637298,0.0,0,0.5714285714285714,-6.923978947368421,low,0.5882,2,1.0,True,NOERROR,1,1799,5,2,True,False,0,24940,DE,True,NAMECHEAP INC,4,365,True,0,False,False,False,benign,no_adverse_signal
textiltek.com,2026-07-16,13,2.4193819456463714,0.0,0,0.5,-7.204553333333333,low,0.625,2,0.6666666666666666,True,NOERROR,1,3600,1,2,True,False,0,209242,US,True,"GoDaddy.com, LLC",3,365,True,0,False,False,False,benign,no_adverse_signal
snapca.app,2026-07-16,10,2.2516291673878226,0.0,0,0.5,-7.333677777777778,low,0.8571,2,0.8333333333333334,True,NOERROR,1,3600,2,2,True,False,0,16509,US,False,,,,False,0,False,False,False,benign,no_adverse_signal
jaspurr.com.de,2026-07-16,14,1.584962500721156,0.0,0,0.5,-5.649566666666666,low,0.6,1,1.0,True,NOERROR,2,300,0,2,False,False,2,13335,US,False,,,,False,0,False,False,,benign,no_adverse_signal
thehangarboutique.com,2026-07-16,21,3.4992275471326932,0.0,0,0.8888888888888888,-6.958770967741936,low,0.4444,2,0.7058823529411765,True,NOERROR,1,86400,0,4,False,False,1,13335,CA,True,"TUCOWS.COM, CO.",4,365,True,0,False,False,,benign,no_adverse_signal
xn--hq1b15imoh5fp34f1ya.net,2026-07-16,27,3.9690016298759936,0.25925925925925924,2,0.2727272727272727,-11.362348837209304,low,0.2667,2,0.7391304347826086,True,NOERROR,1,3600,0,3,False,False,0,4766,KR,True,"Inames Co., Ltd.",5,365,False,0,False,False,,benign,no_adverse_signal
vidaminima.com,2026-07-16,14,2.4464393446710155,0.0,0,1.0,-6.356011764705882,low,0.5882,1,0.6,True,NOERROR,1,1800,0,2,False,False,2,47583,GB,False,"HOSTINGER operations, UAB",3,1096,False,0,False,False,,benign,no_adverse_signal
uniqueskincare.uk,2026-07-16,17,3.2359263506290334,0.0,0,1.0,-6.844832,low,0.5,2,0.7142857142857143,True,NOERROR,2,3600,0,2,False,False,0,16509,US,True,"GoDaddy.com, LLC. [Tag = GODADDY]",5,365,False,20,False,False,,benign,no_adverse_signal
getvertamarketing.com,2026-07-16,21,3.1751231351134614,0.0,0,0.5454545454545454,-6.241961290322581,low,0.4615,2,0.5882352941176471,True,NOERROR,2,300,1,2,True,False,2,13335,US,False,NAMECHEAP INC,4,365,True,0,False,False,False,benign,no_adverse_signal
smpn1parung.sch.id,2026-07-16,18,3.095795255000934,0.05555555555555555,0,0.25,-8.43817894736842,low,0.5556,4,0.8181818181818182,True,NOERROR,1,300,1,2,False,False,0,136052,ID,True,,,,False,0,False,False,False,benign,no_adverse_signal
motostadium.ru,2026-07-16,14,2.9139770731827523,0.0,0,0.8333333333333334,-6.553584210526316,low,0.5882,2,0.7272727272727273,True,NOERROR,1,600,2,4,True,False,0,9123,RU,False,TIMEWEB-RU,5,365,False,0,False,False,False,benign,no_adverse_signal
t7i1m3u5.vip,2026-07-16,12,3.0,0.3333333333333333,0,1.0,-12.952284615384617,low,0.5,1,1.0,False,NOERROR,0,,0,2,False,False,0,,,,DYNADOT LLC,4,365,True,,,False,,benign,no_adverse_signal
therealestateagentforteachers.com,2026-07-16,33,3.2022564285412445,0.0,0,0.7058823529411765,-6.141781818181818,low,0.4348,3,0.41379310344827586,True,NOERROR,2,3600,0,2,False,False,0,16509,US,True,"GoDaddy.com, LLC",3,365,True,20,False,False,,benign,no_adverse_signal
pay2win.top,2026-07-16,11,2.807354922057604,0.09090909090909091,0,0.5,-8.781554545454545,high,0.5556,1,1.0,True,NOERROR,2,300,0,2,False,False,2,13335,US,False,"NICENIC INTERNATIONAL GROUP CO., LIMITED",4,365,False,0,False,True,,malicious,spamhaus_dbl
petprauma.com,2026-07-16,13,2.725480556997868,0.0,0,0.8,-7.209333333333333,low,0.5714,3,0.7777777777777778,True,NOERROR,2,300,0,2,False,False,2,13335,US,False,"Spaceship, Inc.",4,365,False,0,False,False,,benign,no_adverse_signal
radio-lite.com,2026-07-16,14,3.121928094887362,0.0,1,1.25,-6.827647058823529,low,0.5714,1,0.9,True,NOERROR,2,600,0,2,False,False,0,16509,US,True,"GoDaddy.com, LLC",4,365,True,37,False,False,,benign,no_adverse_signal
biohuevosburgershow.com,2026-07-16,23,3.3660913291191923,0.0,0,0.7272727272727273,-7.490811428571429,low,0.4667,3,0.5789473684210527,True,NOERROR,2,300,0,2,False,False,2,13335,US,False,"Cloudflare, Inc.",4,365,True,0,False,False,,benign,no_adverse_signal
brasilempulso.com,2026-07-16,17,3.3927474104487847,0.0,0,0.625,-6.961473913043478,low,0.5385,2,0.8461538461538461,True,NOERROR,1,1204,0,4,False,False,0,14618,US,True,"Gabia, Inc.",4,731,False,0,False,False,,benign,no_adverse_signal
tg88g.app,2026-07-16,9,1.5219280948873621,0.2222222222222222,0,0.0,-10.782499999999999,low,0.4,2,0.6,True,NOERROR,2,300,0,2,False,False,2,13335,US,False,,,,False,0,False,False,,benign,no_adverse_signal
keiyonna.com,2026-07-16,12,2.75,0.0,0,1.0,-7.815723076923077,low,0.5,2,0.875,True,NOERROR,4,14400,1,4,True,False,0,53831,US,False,Squarespace Domains II LLC,4,365,True,16,False,False,False,benign,no_adverse_signal
inemservicesid.com,2026-07-16,18,2.9852281360342525,0.0,0,0.75,-6.316528,low,0.7407,2,0.6428571428571429,False,NOERROR,0,,1,4,True,False,0,,,,PDR Ltd. d/b/a PublicDomainRegistry.com,4,365,True,,,False,False,benign,no_adverse_signal
jslawoffices.in,2026-07-16,15,3.2516291673878226,0.0,0,0.5,-7.485433333333333,low,0.6667,3,0.8333333333333334,True,NOERROR,2,3600,2,2,True,False,0,16509,US,True,"GoDaddy.com, LLC",6,1096,False,20,False,False,False,benign,no_adverse_signal
nedsutoris.com,2026-07-16,14,3.121928094887362,0.0,0,0.6666666666666666,-6.758958823529412,low,0.5882,2,0.9,True,NOERROR,4,14400,0,4,True,False,0,53831,US,False,Squarespace Domains LLC,4,1096,True,16,False,False,,benign,no_adverse_signal
sanasurbandesign.com,2026-07-16,20,3.10845859334435,0.0,0,0.6,-6.555679310344828,low,0.5217,2,0.625,True,NOERROR,2,300,0,2,False,False,2,13335,US,False,"GoDaddy.com, LLC",4,365,True,0,False,False,,benign,no_adverse_signal
cr92e2647d.cc,2026-07-16,13,3.121928094887362,0.46153846153846156,0,0.3333333333333333,-11.40934705882353,low,0.4,2,0.9,False,NOERROR,0,,0,2,False,False,0,,,,"GoDaddy.com, LLC",5,365,True,,,False,,benign,no_adverse_signal
scree.ru,2026-07-16,8,1.9219280948873623,0.0,0,0.6666666666666666,-6.441342857142857,low,0.5455,3,0.8,True,NOERROR,1,3600,0,2,False,False,0,8342,RU,False,DOMAINSHOP-RU,4,365,False,0,False,False,,benign,no_adverse_signal
clubmy.ws,2026-07-16,9,2.584962500721156,0.0,0,0.2,-8.389022222222222,low,0.5455,3,1.0,True,NOERROR,2,300,0,2,False,False,2,13335,US,False,DYNADOT LLC,9,365,True,0,False,False,,benign,no_adverse_signal
pixhood.xyz,2026-07-16,11,2.521640636343318,0.0,0,0.75,-7.651272727272727,high,0.5,2,0.8571428571428571,True,NOERROR,2,300,0,2,False,False,2,13335,US,False,NAMECHEAP INC,4,365,True,0,False,False,,benign,no_adverse_signal
dewaslot88r.com,2026-07-16,15,3.277613436819116,0.13333333333333333,0,0.5,-8.265347368421052,low,0.4762,2,0.9090909090909091,True,NOERROR,2,300,0,2,False,False,2,13335,US,False,Dominet (HK) Limited,4,365,False,0,False,False,,benign,no_adverse_signal
brooklyn-organic.com,2026-07-16,20,3.452819531114783,0.0,1,0.5,-7.487824137931034,low,0.5217,4,0.75,True,NOERROR,1,50,0,2,False,False,0,47583,CY,False,"HOSTINGER operations, UAB",4,365,False,30,False,False,,benign,no_adverse_signal
720098.com,2026-07-16,10,2.2516291673878226,0.6,0,0.0,-10.142111111111111,low,0.3636,0,0.8333333333333334,True,NOERROR,1,600,0,2,False,True,0,174,US,False,Realtime Register B.V.,4,365,False,0,False,False,,benign,no_adverse_signal
t6s9i5i9s6.com,2026-07-16,14,2.5219280948873624,0.35714285714285715,0,0.6666666666666666,-12.965629411764708,low,0.3333,1,0.6,True,NOERROR,2,600,0,2,False,False,0,16509,US,True,"GoDaddy.com, LLC",4,365,True,37,False,False,,benign,no_adverse_signal
q-vuba.com,2026-07-16,10,2.584962500721156,0.0,1,0.6666666666666666,-10.022044444444445,low,0.5455,1,1.0,True,NOERROR,1,60,0,2,False,False,0,13335,US,False,Global Domain Group LLC,4,365,False,0,False,False,,benign,no_adverse_signal
oripaneo.com,2026-07-16,12,2.75,0.0,0,1.6666666666666667,-6.47526923076923,low,0.6667,1,0.875,True,NOERROR,1,3600,1,2,True,False,0,7506,JP,True,"GMO Internet, Inc.",4,365,True,0,False,False,False,benign,no_adverse_signal
evoxir.com,2026-07-16,10,2.584962500721156,0.0,0,1.0,-8.002355555555555,low,0.5,1,1.0,False,NOERROR,0,,1,2,True,False,0,,,,"Spaceship, Inc.",4,365,False,,,False,False,benign,no_adverse_signal
zephyrerns.com,2026-07-16,14,2.9219280948873623,0.0,0,0.25,-7.756464705882354,low,0.5,4,0.8,False,NOERROR,0,,3,2,True,False,0,,,,"HOSTINGER operations, UAB",4,365,False,,,False,False,benign,no_adverse_signal
sternpay.co.uk,2026-07-16,14,3.0,0.0,0,0.3333333333333333,-6.4924,low,0.5714,3,1.0,True,NOERROR,1,50,0,2,False,False,0,47583,CY,False,Realtime Register BV t/a Axidomains [Tag = AXIDOMAINS],4,1096,False,30,False,False,,benign,no_adverse_signal
strdevsite.ca,2026-07-16,13,2.721928094887362,0.0,0,0.42857142857142855,-7.145311764705882,low,0.5333,4,0.7,True,NOERROR,2,300,0,2,False,False,2,13335,US,False,CENTRALNIC CANADA INC,4,365,True,0,False,False,,benign,no_adverse_signal
manifestations-esseylesnancy.fr,2026-07-16,31,3.437193208607594,0.0,1,0.5882352941176471,-6.719822641509434,low,0.439,3,0.4642857142857143,True,NOERROR,1,14400,1,2,True,False,0,50474,FR,True,SCALEWAY,3,364,False,0,False,False,False,benign,no_adverse_signal
trip77at.co,2026-07-16,11,2.5,0.18181818181818182,0,0.5,-8.897523076923077,low,0.5714,2,0.75,True,NOERROR,2,300,0,2,False,False,2,13335,US,False,"NICENIC INTERNATIONAL GROUP CO., LIMITED",5,365,False,0,False,False,,benign,no_adverse_signal
mooovento.com,2026-07-16,13,2.2810361125534233,0.0,0,1.25,-6.6008933333333335,low,0.4615,2,0.6666666666666666,True,NOERROR,1,1800,0,4,False,False,0,51167,FR,True,Squarespace Domains LLC,4,365,True,0,False,False,,benign,no_adverse_signal
eiocg.com,2026-07-16,9,2.321928094887362,0.0,0,1.5,-8.341128571428571,low,0.6,2,1.0,True,NOERROR,1,300,0,2,False,False,0,16509,US,False,"Cloudflare, Inc.",4,365,True,0,False,False,,benign,no_adverse_signal
vertikal-co.ru,2026-07-16,14,3.459431618637298,0.0,1,0.6666666666666666,-6.889142105263158,low,0.4762,2,1.0,True,NOERROR,1,900,0,2,False,False,0,57724,RU,False,TILDA-RU,5,365,False,0,False,False,,benign,no_adverse_signal
chorrodearenacoruna.com,2026-07-16,23,3.0105709342684834,0.0,0,0.9,-6.516717142857143,low,0.5,2,0.47368421052631576,False,SERVFAIL,0,,0,0,False,False,0,,,,"Webempresa Europa, S.L.",4,365,True,,,False,,benign,no_adverse_signal
r-merch.ru,2026-07-16,10,2.5216406363433186,0.0,1,0.2,-7.002490909090909,low,0.5263,3,0.8571428571428571,True,NOERROR,1,300,2,6,True,False,0,198610,RU,True,BEGET-RU,4,365,False,3,False,False,False,benign,no_adverse_signal
shimidwestbuildersupply.com,2026-07-16,27,3.6753108689123644,0.0,0,0.4375,-7.215511627906976,low,0.4211,4,0.6086956521739131,False,NOERROR,0,,0,2,False,False,0,,,,"Cloudflare, Inc.",4,365,True,,,False,,benign,no_adverse_signal
blueberryhealthsciences.com,2026-07-16,27,3.4970558484728045,0.0,0,0.5333333333333333,-7.007741860465116,low,0.4706,5,0.5652173913043478,False,NXDOMAIN,0,,0,0,False,False,0,,,,,,,,,,False,,benign,no_adverse_signal
galvnn.com,2026-07-16,10,2.2516291673878226,0.0,0,0.2,-8.44881111111111,low,0.5714,4,0.8333333333333334,True,NOERROR,1,14400,1,4,True,False,0,13335,CA,True,Squarespace Domains II LLC,3,365,True,0,False,False,False,benign,no_adverse_signal
kirklarelikurye.com,2026-07-16,19,2.8729055953200557,0.0,0,0.6666666666666666,-7.328774074074074,low,0.4545,3,0.5333333333333333,False,timeout,0,,0,0,False,False,0,,,,"IHS Telekom, Inc",4,365,False,,,False,,benign,no_adverse_signal
essencecoastal.com,2026-07-16,18,2.8423709931771084,0.0,0,0.75,-6.313784000000001,low,0.5455,2,0.5714285714285714,True,NOERROR,4,14400,1,4,True,False,0,53831,US,False,Squarespace Domains II LLC,4,365,True,16,False,False,False,benign,no_adverse_signal
codanuscorporation.com,2026-07-16,22,3.2810361125534233,0.0,0,0.8,-6.408254545454545,low,0.4828,2,0.6111111111111112,True,NOERROR,2,600,0,2,False,False,0,16509,US,True,"GoDaddy.com, LLC",4,365,True,37,False,False,,benign,no_adverse_signal
sehnsuchtsatlas.de,2026-07-16,18,2.9735572622751856,0.0,0,0.36363636363636365,-7.4612592592592595,low,0.5217,4,0.6,True,NOERROR,1,3600,2,4,True,False,1,8560,DE,True,,,,False,0,True,False,False,malicious,spamhaus_zen
vemapostar24.com,2026-07-16,16,3.418295834054489,0.125,0,0.6666666666666666,-6.854328571428572,low,0.5,2,0.9166666666666666,True,NOERROR,2,300,0,2,False,False,2,13335,US,False,URL SOLUTIONS INC.,4,365,True,0,False,False,,benign,no_adverse_signal
drgeorgekwon.com,2026-07-16,16,2.918295834054489,0.0,0,0.5,-8.010499999999999,low,0.5217,3,0.6666666666666666,True,NOERROR,1,1800,2,2,True,False,1,47583,US,False,"GoDaddy.com, LLC",4,1096,True,0,False,False,False,benign,no_adverse_signal
kingsdetailbrooklyn.com,2026-07-16,23,3.7216117239699003,0.0,0,0.46153846153846156,-7.170865714285714,low,0.4667,4,0.7368421052631579,True,NOERROR,1,1799,5,2,True,False,0,16509,US,True,NAMECHEAP INC,3,365,True,31,False,False,False,benign,no_adverse_signal
tjvxfking.top,2026-07-16,13,3.169925001442312,0.0,0,0.125,-10.05068,high,0.5,6,1.0,True,NOERROR,2,300,0,2,False,False,2,13335,US,False,Chengdu west dimension digital,4,365,True,0,False,False,,benign,no_adverse_signal
medicareinnovativeplang.com,2026-07-16,27,3.6096684774198886,0.0,0,0.7692307692307693,-6.426916279069767,low,0.4737,2,0.6086956521739131,True,NOERROR,1,86400,3,2,True,False,0,396982,US,True,"TUCOWS.COM, CO.",3,365,True,0,False,False,False,benign,no_adverse_signal
trustrecon.com,2026-07-16,14,2.9219280948873623,0.0,0,0.42857142857142855,-6.0434882352941175,low,0.7778,3,0.8,True,NOERROR,1,300,2,2,True,False,0,25820,US,True,"Spaceship, Inc.",4,365,False,0,False,False,False,benign,no_adverse_signal
feitoamao.app,2026-07-16,13,2.725480556997868,0.0,0,2.0,-7.444326666666667,low,0.5714,1,0.7777777777777778,True,NOERROR,1,300,1,4,False,False,0,13335,DE,True,,,,False,45,False,False,False,benign,no_adverse_signal
olyaroses.com,2026-07-16,13,2.725480556997868,0.0,0,0.8,-6.9097333333333335,low,0.5333,2,0.7777777777777778,True,NOERROR,1,600,2,4,True,False,0,210976,RU,False,PDR Ltd. d/b/a PublicDomainRegistry.com,4,365,True,0,False,False,False,benign,no_adverse_signal
razheh.com,2026-07-16,10,2.251629167387823,0.0,0,0.5,-8.062544444444445,low,0.5455,2,0.8333333333333334,True,NOERROR,2,3600,1,2,True,False,0,16509,US,True,"Alethia Domains, LLC",4,365,True,59,False,False,,malicious,abuseipdb
smartpickinsights.com,2026-07-16,21,3.41041725276052,0.0,0,0.3076923076923077,-6.725454838709678,low,0.5714,4,0.7058823529411765,True,NOERROR,2,300,0,2,False,False,2,13335,US,False,Porkbun LLC,4,365,False,0,False,False,,benign,no_adverse_signal
nmczj.com,2026-07-16,9,2.321928094887362,0.0,0,0.0,-10.177314285714285,low,0.5,5,1.0,False,NXDOMAIN,0,,0,0,False,False,0,,,,,,,,,,False,,benign,no_adverse_signal
chitrakula.com,2026-07-16,14,3.121928094887362,0.0,0,0.6666666666666666,-6.872882352941176,low,0.5,2,0.9,True,NOERROR,1,300,2,2,True,False,0,47583,IN,True,"HOSTINGER operations, UAB",4,1096,False,0,False,False,False,benign,no_adverse_signal
francescomontalbano.com,2026-07-16,23,3.3918926446809317,0.0,0,0.5833333333333334,-6.313031428571429,low,0.4706,2,0.631578947368421,True,NOERROR,1,3600,1,4,True,False,1,31034,IT,True,"TUCOWS.COM, CO.",4,365,True,0,False,False,False,benign,no_adverse_signal
gigglesngrindscafe.com,2026-07-16,22,3.2810361125534233,0.0,0,0.38461538461538464,-7.247548484848484,low,0.5143,4,0.6111111111111112,True,NOERROR,3,3600,0,2,False,False,0,58182,US,True,Wix.com Ltd.,4,1096,True,19,False,False,,benign,no_adverse_signal
featuredcreaturekitchen.com,2026-07-16,27,3.3444569352411984,0.0,0,0.7692307692307693,-6.753258139534884,low,0.5,3,0.5217391304347826,True,NOERROR,4,14400,0,4,True,False,0,53831,US,False,Squarespace Domains LLC,4,365,True,16,False,False,,benign,no_adverse_signal
uvafrix.com,2026-07-16,11,2.807354922057604,0.0,0,0.75,-8.122181818181817,low,0.5333,2,1.0,True,NOERROR,2,300,0,2,False,False,2,13335,US,False,DYNADOT LLC,4,365,True,0,False,False,,benign,no_adverse_signal
bibliadescomplicada.site,2026-07-16,24,3.326360407952693,0.0,0,0.7272727272727273,-6.5754657142857145,medium,0.4667,3,0.5789473684210527,False,NOERROR,0,,0,2,False,False,0,,,,"HOSTINGER operations, UAB",3,365,False,,,False,,benign,no_adverse_signal
riyatesorodelamontaña.com,2026-07-16,25,3.4992275417233563,0.0,0,0.9090909090909091,-7.584120512820514,low,0.4444,2,0.6190476190476191,True,NOERROR,2,300,0,2,False,False,2,13335,US,False,DonDominio (SCIP),3,365,True,0,False,False,,benign,no_adverse_signal
ikwilverandering.be,2026-07-16,19,3.327819531114783,0.0,0,0.6,-6.6131551724137925,low,0.5185,2,0.6875,True,NOERROR,1,600,4,2,True,False,0,13335,DE,True,,5,,False,45,False,False,False,benign,no_adverse_signal
useauthoritytech.com,2026-07-16,20,3.327819531114783,0.0,0,0.7777777777777778,-6.5928344827586205,low,0.5,3,0.6875,True,NOERROR,2,300,1,2,True,False,2,13335,US,False,Global Domain Group LLC,3,365,False,0,False,False,False,benign,no_adverse_signal
kirchenzeitung.hamburg,2026-07-16,22,3.378783493486176,0.0,0,0.5555555555555556,-7.18058,low,0.4167,3,0.7857142857142857,True,NOERROR,1,7200,1,2,True,False,0,34788,DE,True,RegistryGate GmbH,4343,4383,False,0,False,False,False,benign,no_adverse_signal
ozsources.com,2026-07-16,13,2.725480556997868,0.0,0,0.8,-7.538986666666667,low,0.6,2,0.7777777777777778,True,NOERROR,2,1800,0,2,False,False,0,16509,US,False,"Name.com, Inc.",3,365,True,0,False,False,,benign,no_adverse_signal
kijananational.com,2026-07-16,18,2.7534343861887853,0.0,0,1.0,-6.512492,low,0.48,1,0.5714285714285714,True,NOERROR,1,300,0,4,False,False,0,396982,US,True,"Name.com, Inc.",4,365,True,34,False,False,,benign,no_adverse_signal
pluvrafy.com,2026-07-16,12,3.0,0.0,0,0.3333333333333333,-8.4103,low,0.5,2,1.0,True,NOERROR,2,300,0,2,False,False,2,13335,US,False,"NameSilo, LLC",4,365,True,0,False,False,,benign,no_adverse_signal
transit-mistral.com,2026-07-16,19,3.0565647621309537,0.0,1,0.4,-6.417325925925926,low,0.6087,3,0.6,True,NOERROR,3,3600,0,2,False,False,0,58182,US,True,Wix.com Ltd.,4,365,False,16,False,False,,benign,no_adverse_signal
devandes.cl,2026-07-16,11,2.5,0.0,0,0.6,-6.376753846153846,low,0.6667,2,0.75,True,NOERROR,1,3600,0,2,False,False,0,63949,US,True,NIC Chile,7,731,False,0,False,False,,benign,no_adverse_signal
3dayselflovehealingretreats.com,2026-07-16,31,3.7504647066537014,0.03225806451612903,0,0.625,-6.841274509803921,low,0.4651,3,0.5925925925925926,True,NOERROR,3,3600,0,2,False,False,0,58182,US,True,Wix.com Ltd.,4,1096,False,19,False,False,,benign,no_adverse_signal
tuniskolastminute.cz,2026-07-16,20,3.3371753411230776,0.0,0,0.7,-6.894412903225806,low,0.5,3,0.6470588235294118,True,NOERROR,2,300,0,2,False,False,2,13335,US,False,REG-DYNADOT,4,364,False,0,False,False,,benign,no_adverse_signal
blwol86.cyou,2026-07-16,12,2.5216406363433186,0.16666666666666666,0,0.25,-9.8498,low,0.4615,3,0.8571428571428571,True,NOERROR,9,3600,1,2,False,False,0,60592,CZ,False,"Gransy, s.r.o.",3,365,False,0,True,False,False,malicious,spamhaus_zen
praecellentia.com,2026-07-16,17,3.0269868333592873,0.0,0,0.8571428571428571,-6.700369565217391,low,0.5455,2,0.6923076923076923,False,NOERROR,0,,3,2,True,False,0,,,,"Amazon Registrar, Inc.",4,365,True,,,False,False,benign,no_adverse_signal
solmaraevents.com,2026-07-16,17,3.238901256602631,0.0,0,0.625,-6.851117391304348,low,0.6154,3,0.7692307692307693,True,NOERROR,1,60,1,2,True,False,0,394456,US,True,DomainRegistry.com LLC,4,365,False,0,False,False,False,benign,no_adverse_signal
panditbookingharidwar.in,2026-07-16,24,3.5585186130489057,0.0,0,0.6153846153846154,-6.722625641025642,low,0.5,3,0.6190476190476191,True,NOERROR,2,300,1,2,False,False,2,13335,US,False,"Ascio Technologies, Inc. - Denmark",5,365,False,0,False,False,,benign,no_adverse_signal
seaport-spb.ru,2026-07-16,14,3.0957952550009344,0.0,1,0.42857142857142855,-7.0064210526315795,low,0.5263,3,0.8181818181818182,True,NOERROR,1,3600,2,2,True,False,1,197695,RU,True,REGRU-RU,5,365,False,0,False,False,False,benign,no_adverse_signal
bestsingaporelive.com,2026-07-16,21,3.5724694587701364,0.0,0,0.7,-6.220267741935484,low,0.4828,3,0.7647058823529411,True,NOERROR,2,60,0,2,False,False,2,47583,LT,True,"HOSTINGER operations, UAB",4,365,False,0,False,False,,benign,no_adverse_signal
xn--80aao5aocan.xn--p1ai,2026-07-16,24,2.973557262275185,0.16666666666666666,4,1.5,-9.523603703703703,low,0.381,2,0.6,True,NOERROR,1,86400,0,2,False,False,0,197695,RU,False,,,,,0,False,False,,benign,no_adverse_signal
engineeringatscale.com,2026-07-16,22,3.1279868068776753,0.0,0,0.8,-6.274372727272728,low,0.48,3,0.5555555555555556,True,NOERROR,2,10800,0,2,True,False,2,14618,US,True,DropCatch.com 1504 LLC,4,365,False,0,False,False,,benign,no_adverse_signal
commteamclean.com,2026-07-16,17,2.873140679513133,0.0,0,0.625,-7.061439130434782,low,0.5263,3,0.6153846153846154,True,NOERROR,2,300,1,2,True,False,2,13335,US,False,"Cloudflare, Inc.",4,365,True,0,False,False,False,benign,no_adverse_signal
beyax.shop,2026-07-16,10,2.321928094887362,0.0,0,0.6666666666666666,-8.530685714285713,low,0.6,1,1.0,True,NOERROR,1,50,0,2,False,False,0,47583,CY,False,,,,False,30,False,False,,benign,no_adverse_signal
billionaire-casino.top,2026-07-16,22,3.2810361125534233,0.0,1,1.125,-6.404784848484849,high,0.4615,2,0.6111111111111112,False,NXDOMAIN,0,,0,0,False,False,0,,,,"NICENIC INTERNATIONAL GROUP CO., LIMITED",4,365,False,,,True,,malicious,spamhaus_dbl
gidroirk.ru,2026-07-16,11,2.5,0.0,0,0.6,-7.701476923076923,low,0.625,2,0.75,True,NOERROR,1,86400,0,2,False,False,0,197695,RU,False,REGRU-RU,5,365,False,0,False,False,,benign,no_adverse_signal
egornews.ru,2026-07-16,11,2.75,0.0,0,0.6,-6.5645999999999995,low,0.6667,2,0.875,True,NOERROR,1,86400,0,2,False,False,0,208677,RU,False,REGRU-RU,5,365,False,0,False,False,,benign,no_adverse_signal
conradcapital.app,2026-07-16,17,3.180832987205441,0.0,0,0.625,-6.7058347826086955,low,0.5263,2,0.7692307692307693,False,NOERROR,0,,0,2,False,False,0,,,,,,,False,,,False,,benign,no_adverse_signal
fallenangelhc.com,2026-07-16,17,2.873140679513133,0.0,0,0.4444444444444444,-6.965908695652174,low,0.5455,3,0.6153846153846154,True,NOERROR,1,86400,0,4,False,False,1,13335,CA,True,"TUCOWS.COM, CO.",4,365,True,0,False,False,,benign,no_adverse_signal
xn--bros-0ra.hamburg,2026-07-16,20,3.0220552088742,0.05,3,0.3333333333333333,-8.766466666666666,low,0.381,2,0.75,True,NOERROR,1,150,1,2,False,False,1,8560,DE,True,InterNetX GmbH,37,365,True,3,False,False,False,benign,no_adverse_signal
fachverband-rituale-zeremonien.ch,2026-07-16,33,3.9110804962442782,0.0,2,0.75,-7.181536842105263,low,0.4,3,0.6,True,NOERROR,1,10800,2,3,True,False,1,207143,CH,True,,,,False,0,False,False,False,benign,no_adverse_signal
fapfab.com,2026-07-16,10,1.9182958340544893,0.0,0,0.5,-7.973822222222221,low,0.5333,2,0.6666666666666666,False,NOERROR,0,,3,2,True,False,0,,,,"Amazon Registrar, Inc.",4,365,True,,,False,False,benign,no_adverse_signal
mymecards.net,2026-07-16,13,2.94770277922009,0.0,0,0.2857142857142857,-6.9258999999999995,low,0.5263,3,0.8888888888888888,True,NOERROR,2,3600,1,2,True,False,0,16509,US,True,"GoDaddy.com, LLC",3,731,True,20,False,False,False,benign,no_adverse_signal
yycdowns.com,2026-07-16,12,2.75,0.0,0,0.14285714285714285,-8.276215384615385,low,0.6154,4,0.875,True,NOERROR,2,600,0,2,False,False,0,16509,US,True,"GoDaddy.com, LLC",4,1826,True,37,False,False,,benign,no_adverse_signal
farmhousedecoree.com,2026-07-16,20,3.25,0.0,0,1.0,-6.767293103448275,low,0.48,3,0.6875,True,NOERROR,2,10800,0,2,True,False,2,14618,US,True,DropCatch.com 1108 LLC,4,365,False,0,False,False,,benign,no_adverse_signal
revel-experience.de,2026-07-16,19,2.9056390622295662,0.0,1,0.875,-6.884579310344828,low,0.4828,2,0.625,True,NOERROR,2,600,0,2,False,False,0,16509,US,True,,,,False,37,False,False,,benign,no_adverse_signal
rotaenamed.com,2026-07-16,14,2.921928094887362,0.0,0,1.0,-6.667647058823529,low,0.5714,1,0.8,True,NOERROR,2,3600,0,2,False,False,0,16509,US,True,"GoDaddy.com, LLC",4,365,True,20,False,False,,benign,no_adverse_signal
fenggefushi.com,2026-07-16,15,2.9139770731827523,0.0,0,0.5714285714285714,-7.384063157894737,low,0.5,3,0.7272727272727273,False,NXDOMAIN,0,,0,0,False,False,0,,,,,,,,,,False,,benign,no_adverse_signal
produitsdum.com,2026-07-16,15,3.095795255000934,0.0,0,0.5714285714285714,-7.533968421052632,low,0.5,3,0.8181818181818182,True,NOERROR,2,600,2,2,True,False,0,16509,US,True,"GoDaddy.com, LLC",3,1826,True,37,False,False,False,benign,no_adverse_signal
precisode.app,2026-07-16,13,2.94770277922009,0.0,0,0.8,-6.7912,low,0.5714,2,0.8888888888888888,True,NOERROR,1,1799,5,2,True,False,0,24940,FI,True,,,,False,0,False,False,False,benign,no_adverse_signal
celularesbolivia.com,2026-07-16,20,3.327819531114783,0.0,0,1.0,-6.8004655172413795,low,0.5385,2,0.6875,True,NOERROR,1,300,0,2,False,False,0,206834,DE,False,"Gransy, s.r.o.",4,365,False,18,False,False,,benign,no_adverse_signal
aifa66r.com,2026-07-16,11,2.2359263506290326,0.18181818181818182,0,1.5,-10.044936363636364,low,0.4286,1,0.7142857142857143,True,NOERROR,2,300,0,2,False,False,2,13335,US,False,Dominet (HK) Limited,4,365,False,0,False,False,,benign,no_adverse_signal
gisatoscano.com,2026-07-16,15,2.913977073182752,0.0,0,0.8333333333333334,-6.558168421052631,low,0.5556,2,0.7272727272727273,True,NOERROR,2,600,0,2,False,False,0,16509,US,True,"GoDaddy.com, LLC",4,365,True,37,False,False,,benign,no_adverse_signal
oakfinadvisory.com,2026-07-16,18,3.3787834934861767,0.0,0,0.75,-7.335019999999999,low,0.5,2,0.7857142857142857,True,NOERROR,1,3600,2,3,True,False,0,34762,BE,True,Combell NV,4,365,True,0,False,False,False,benign,no_adverse_signal
hqgtmagency.com,2026-07-16,15,3.277613436819116,0.0,0,0.2222222222222222,-8.10548947368421,low,0.4545,5,0.9090909090909091,True,NOERROR,1,1800,5,2,True,False,0,22612,US,False,"NameCheap, Inc.",4,365,False,0,False,False,False,benign,no_adverse_signal
mx.hamburg,2026-07-16,10,1.0,0.0,0,0.0,,low,,2,1.0,True,NOERROR,1,14399,1,2,True,False,0,47846,DE,False,Vautron Rechenzentrum AG,744,1095,False,22,False,False,,benign,no_adverse_signal
akademiamilosci.pl,2026-07-16,18,3.1395722619867223,0.0,0,1.1428571428571428,-6.888740740740741,low,0.4762,2,0.6666666666666666,True,NOERROR,1,3600,0,2,False,False,0,24940,DE,True,DomainProfi GmbH,4,365,False,0,False,False,,benign,no_adverse_signal
crushthedash.com,2026-07-16,16,3.0220552088742,0.0,0,0.3333333333333333,-6.996780952380952,low,0.5,4,0.75,True,NOERROR,3,3603,0,3,False,False,0,63949,US,True,"NameSilo, LLC",4,365,True,9,False,False,,benign,no_adverse_signal
proreachportal.org,2026-07-16,18,3.039148671903071,0.0,0,0.5555555555555556,-6.414248,low,0.5455,3,0.6428571428571429,True,NOERROR,2,300,1,2,True,False,2,13335,US,False,Porkbun LLC,3,365,False,0,False,False,False,benign,no_adverse_signal
64aal.com,2026-07-16,9,1.9219280948873623,0.2222222222222222,0,2.0,-9.949700000000002,low,0.5455,1,0.8,False,timeout,0,,0,0,False,False,0,,,,Eranet International Limited,4,365,True,,,False,,benign,no_adverse_signal
xinfangfangjia.com,2026-07-16,18,2.699513850319966,0.0,0,0.5555555555555556,-7.4810799999999995,low,0.4348,3,0.5,False,NOERROR,0,,0,0,False,False,0,,,,Dominet (HK) Limited,4,365,False,,,False,,benign,no_adverse_signal
inglesimplificado.online,2026-07-16,24,3.4992275471326932,0.0,0,0.7,-6.523406451612904,medium,0.4706,3,0.7647058823529411,True,NOERROR,1,3600,1,2,False,False,1,51468,DK,True,One.com A/S,4,365,False,0,False,False,,benign,no_adverse_signal
reporte-mendigo.com,2026-07-16,19,3.32323142879762,0.0,1,0.75,-6.59497037037037,low,0.56,2,0.7333333333333333,True,NOERROR,1,7200,1,4,True,False,0,14670,US,True,Atak Domain,371,730,False,0,False,False,False,benign,no_adverse_signal
bog-ge.icu,2026-07-16,10,2.2516291673878226,0.0,1,0.6666666666666666,-8.377577777777779,low,0.7692,1,0.8333333333333334,False,NXDOMAIN,0,,0,0,False,False,0,,,,"NICENIC INTERNATIONAL GROUP CO., LIMITED",4,365,False,,,True,,malicious,spamhaus_dbl
legacyroofingsolution.com,2026-07-16,25,3.630412660873998,0.0,0,0.75,-6.997005128205128,low,0.5366,3,0.6666666666666666,True,NOERROR,2,600,0,2,False,False,0,14618,US,True,"Wild West Domains, LLC",3,365,True,0,False,False,,benign,no_adverse_signal
cdapartners.com,2026-07-16,15,3.095795255000934,0.0,0,0.375,-6.634215789473684,low,0.5882,3,0.8181818181818182,True,NOERROR,2,10800,0,2,True,False,2,14618,US,True,DropCatch.com 1289 LLC,4,365,False,0,False,False,,benign,no_adverse_signal
mommoguls.com,2026-07-16,13,2.4193819456463714,0.0,0,0.5,-7.633433333333333,low,0.5333,2,0.6666666666666666,True,NOERROR,2,35,0,4,False,False,0,,US,False,Porkbun LLC,746,1095,False,0,False,False,,benign,no_adverse_signal
umealsnacks.com,2026-07-16,15,3.095795255000934,0.0,0,0.5714285714285714,-7.009168421052631,low,0.5263,3,0.8181818181818182,True,NOERROR,2,600,0,2,False,False,0,16509,US,True,"GoDaddy.com, LLC",4,365,True,37,False,False,,benign,no_adverse_signal
pussyxxpink.top,2026-07-16,15,2.9139770731827523,0.0,0,0.2222222222222222,-7.935347368421053,high,0.4444,6,0.7272727272727273,True,NOERROR,1,14400,3,2,True,False,0,22612,US,True,"NameSilo, LLC",4,365,True,0,False,False,False,benign,no_adverse_signal
oneanother.store,2026-07-16,16,2.721928094887362,0.0,0,1.0,-6.197829411764706,low,0.7059,2,0.7,True,NOERROR,4,1800,0,4,False,False,0,4766,KR,False,,,,False,0,False,False,,benign,no_adverse_signal
itvagents.com,2026-07-16,13,2.94770277922009,0.0,0,0.5,-6.814533333333333,low,0.5714,3,0.8888888888888888,True,NOERROR,1,600,0,4,False,False,0,327979,ZA,True,Diamatrix C.C.,4,365,False,0,False,False,,benign,no_adverse_signal
be888.ws,2026-07-16,8,1.3709505944546687,0.375,0,1.0,-8.896342857142857,low,0.4,1,0.6,True,NOERROR,2,300,0,2,False,False,2,13335,US,False,DYNADOT LLC,10,365,True,0,False,False,,benign,no_adverse_signal
nigensha.com,2026-07-16,12,2.75,0.0,0,0.6,-6.610753846153846,low,0.5714,3,0.875,True,NOERROR,2,3600,1,2,True,False,0,16509,US,True,"Gabia, Inc.",5119,5478,False,59,False,False,,malicious,abuseipdb
gacrj.com,2026-07-16,9,2.321928094887362,0.0,0,0.25,-8.15562857142857,low,0.5,3,1.0,False,timeout,0,,0,0,False,False,0,,,,Eranet International Limited,4,365,True,,,False,,benign,no_adverse_signal
headwayshipmanagement.com,2026-07-16,25,3.4992275417233567,0.0,0,0.6153846153846154,-6.867464102564102,low,0.4571,3,0.6190476190476191,True,NOERROR,2,600,0,2,False,False,0,16509,US,True,123-Reg Limited,4,1826,True,18,False,False,,benign,no_adverse_signal
h5-morgansports.com.cn,2026-07-16,22,3.5068905956085183,0.045454545454545456,1,0.3,-7.459733333333333,low,0.5217,3,0.8,True,NOERROR,1,600,0,2,False,False,0,132839,SC,False,北京新网数码信息技术有限公司,4,365,False,0,True,False,,malicious,spamhaus_zen
rastalab.com,2026-07-16,12,2.4056390622295662,0.0,0,0.6,-5.877607692307692,low,0.5882,2,0.75,False,NOERROR,0,,0,2,False,False,0,,,,"Cloudflare, Inc.",3,731,True,,,False,,benign,no_adverse_signal
zjyddz.com,2026-07-16,10,1.9182958340544896,0.0,0,0.0,-10.664244444444444,low,0.4,6,0.6666666666666666,True,NOERROR,2,300,0,2,False,False,2,13335,US,False,"ENOM, INC.",4,365,True,0,False,False,,benign,no_adverse_signal
roda110.com,2026-07-16,11,2.521640636343318,0.2727272727272727,0,1.0,-8.351845454545455,low,0.4706,1,0.8571428571428571,True,NOERROR,2,300,5,2,True,False,2,13335,US,False,"NameCheap, Inc.",4,365,False,0,False,False,False,benign,no_adverse_signal
kissingtiger.com,2026-07-16,16,2.8553885422075336,0.0,0,0.5,-6.725014285714286,low,0.6,3,0.6666666666666666,False,NOERROR,0,,3,2,True,False,0,,,,TuringSign Inc. d/b/a Cosmotown,4,365,False,,,False,False,benign,no_adverse_signal
waste-collection.co.uk,2026-07-16,22,3.375,0.0,1,0.6666666666666666,-6.432020689655173,low,0.5217,2,0.6875,True,NOERROR,1,3600,1,3,True,False,0,8560,GB,False,Fasthosts Internet Ltd [Tag = LIVEDOMAINS],12,365,False,0,False,False,False,benign,no_adverse_signal
sparkgo.biz,2026-07-16,11,2.807354922057604,0.0,0,0.4,-7.4387,low,0.6667,3,1.0,True,NOERROR,1,3600,0,4,False,False,0,14618,US,True,NAMECHEAP INC,3,365,True,0,False,False,,benign,no_adverse_signal
mizusushikelowna.com,2026-07-16,20,3.625,0.0,0,0.7777777777777778,-7.599575862068965,low,0.4545,2,0.8125,False,NOERROR,0,,0,4,True,False,0,,,,Squarespace Domains LLC,4,365,True,,,False,,benign,no_adverse_signal
trendfoo.com,2026-07-16,12,2.75,0.0,0,0.6,-6.6972538461538464,low,0.6667,3,0.875,True,NOERROR,2,600,0,2,False,False,0,16509,US,True,"GoDaddy.com, LLC",4,365,True,37,False,False,,benign,no_adverse_signal
bongdalucom.com,2026-07-16,15,3.2776134368191165,0.0,0,0.5714285714285714,-7.016610526315789,low,0.4762,3,0.9090909090909091,True,NOERROR,2,300,0,2,False,False,2,13335,US,False,DYNADOT LLC,4,365,True,0,False,False,,benign,no_adverse_signal
sparklparfums.pt,2026-07-16,16,3.0850551027564768,0.0,0,0.3,-7.644613043478261,low,0.4762,4,0.6923076923076923,True,NOERROR,1,3600,3,2,True,False,0,24940,DE,True,,,,False,0,False,False,False,benign,no_adverse_signal
gxgsw.com,2026-07-16,9,1.9219280948873623,0.0,0,0.0,-10.0696,low,0.4444,5,0.8,True,NOERROR,2,300,0,2,False,False,2,13335,US,False,July Name Limited,4,365,True,0,False,False,,benign,no_adverse_signal
xt8.xyz,2026-07-16,7,1.584962500721156,0.14285714285714285,0,0.0,-10.9619,high,0.4,2,1.0,True,NOERROR,2,300,0,2,False,False,2,13335,US,False,"Spaceship, Inc.",4,365,False,0,False,False,,benign,no_adverse_signal
eva-nikita-08-10-26.ru,2026-07-16,22,3.5110854081804264,0.2727272727272727,4,1.25,-9.312094285714286,low,0.4138,1,0.6842105263157895,True,NOERROR,1,3600,2,2,True,False,1,197695,RU,True,REGRU-RU,5,365,False,0,False,False,False,benign,no_adverse_signal
valoresinss.org,2026-07-16,15,3.027169118440619,0.0,0,0.5714285714285714,-6.209984210526316,low,0.5882,3,0.8181818181818182,False,NXDOMAIN,0,,0,0,False,False,0,,,,,,,,,,False,,benign,no_adverse_signal
ihousegallery.com,2026-07-16,17,3.3927474104487847,0.0,0,0.8571428571428571,-6.7067434782608695,low,0.5714,2,0.8461538461538461,True,NOERROR,2,300,0,2,False,False,2,13335,US,False,"Cloudflare, Inc.",4,365,True,0,False,False,,benign,no_adverse_signal
theflashhouse.studio,2026-07-16,20,3.0269868333592873,0.0,0,0.625,-7.05645652173913,low,0.5,3,0.6923076923076923,True,NOERROR,1,300,0,4,False,False,0,13335,DE,True,,,,False,45,False,False,,benign,no_adverse_signal
altadenas1stchoice.com,2026-07-16,22,3.4613201402110083,0.045454545454545456,0,0.7,-7.148027272727274,low,0.5,4,0.6666666666666666,True,NOERROR,1,50,0,2,False,False,0,47583,CY,False,"HOSTINGER operations, UAB",3,365,False,30,False,False,,benign,no_adverse_signal
zhongqingmetal.com,2026-07-16,18,3.521640636343319,0.0,0,0.4,-7.308488,low,0.5185,3,0.8571428571428571,False,NOERROR,0,,2,2,True,False,0,,,,Alibaba Cloud Computing Ltd. d/b/a HiChina (www.net.cn),4,365,False,,,False,True,benign,no_adverse_signal
monteceliohogar.com,2026-07-16,19,3.4565647621309536,0.0,0,0.875,-6.73392962962963,low,0.4545,2,0.8,True,NOERROR,1,3600,0,2,False,False,1,8560,DE,True,"Arsys Internet, S.L. dba NICLINE.COM",4,365,True,0,False,False,,benign,no_adverse_signal
now1prompt.com,2026-07-16,14,2.9219280948873623,0.07142857142857142,0,0.2857142857142857,-8.53505294117647,low,0.4615,3,0.8,True,NOERROR,2,300,5,2,True,False,2,13335,US,False,PDR Ltd. d/b/a PublicDomainRegistry.com,4,365,True,0,False,False,False,benign,no_adverse_signal
adega.hamburg,2026-07-16,13,1.9219280948873623,0.0,0,1.5,-6.690914285714285,low,0.6,1,0.8,True,NOERROR,1,3600,2,4,True,False,1,8560,DE,True,1&1 Internet AG,3673,4017,False,0,False,False,False,benign,no_adverse_signal
mahagame789t.com,2026-07-16,16,3.0220552088742,0.1875,0,0.8,-8.265819047619047,low,0.4348,1,0.75,True,NOERROR,2,300,0,2,False,False,2,13335,US,False,"Gransy, s.r.o.",4,365,False,0,False,False,,benign,no_adverse_signal
nomadstackcompare.com,2026-07-16,21,3.4548223999466066,0.0,0,0.5454545454545454,-6.564048387096774,low,0.4828,3,0.7058823529411765,True,NOERROR,2,300,0,2,False,False,2,13335,US,False,"Cloudflare, Inc.",4,365,True,0,False,False,,benign,no_adverse_signal
werner-richter.hamburg,2026-07-16,22,2.8962915290459286,0.0,1,0.4444444444444444,-6.846144000000001,low,0.5,3,0.6428571428571429,True,NOERROR,1,150,1,2,False,False,1,8560,DE,True,Cronon GmbH,3136,3287,False,0,False,False,False,benign,no_adverse_signal
reservestuff.com,2026-07-16,16,2.688721875540867,0.0,0,0.5,-6.474861904761905,low,0.5833,2,0.5833333333333334,True,NOERROR,1,86400,0,2,False,False,0,16509,US,True,"TUCOWS.COM, CO.",373,730,True,0,False,False,,benign,no_adverse_signal
carelladesign.com,2026-07-16,17,3.238901256602631,0.0,0,0.625,-6.343291304347827,low,0.5455,2,0.7692307692307693,True,NOERROR,4,14400,1,4,True,False,0,53831,US,False,Squarespace Domains II LLC,4,365,True,16,False,False,False,benign,no_adverse_signal
sprachbau.com,2026-07-16,13,2.94770277922009,0.0,0,0.5,-7.1732733333333325,low,0.5882,3,0.8888888888888888,True,NOERROR,2,300,0,2,True,False,2,13335,US,False,"Cloudflare, Inc.",4,365,True,0,False,False,,benign,no_adverse_signal
rendezvous-francechine.com,2026-07-16,26,3.6978458230844113,0.0,1,0.6153846153846154,-7.110660975609757,low,0.4242,2,0.6818181818181818,False,NXDOMAIN,0,,0,0,False,False,0,,,,"Amazon Registrar, Inc.",4,365,True,,,False,,benign,no_adverse_signal
lisermart.com,2026-07-16,13,2.94770277922009,0.0,0,0.5,-6.024873333333333,low,0.625,2,0.8888888888888888,True,NOERROR,2,60,2,2,True,False,2,47583,LT,True,"HOSTINGER operations, UAB",4,365,False,0,False,False,False,benign,no_adverse_signal
cooperlegalservice.net,2026-07-16,22,3.2810361125534233,0.0,0,0.8,-6.498315151515151,low,0.7059,2,0.6111111111111112,True,NOERROR,4,14400,1,4,True,False,0,53831,US,False,Squarespace Domains II LLC,4,365,True,16,False,False,False,benign,no_adverse_signal
sharpprocessco.com,2026-07-16,18,2.8962915290459277,0.0,0,0.4,-6.813300000000001,low,0.5217,4,0.5714285714285714,True,NOERROR,2,300,0,2,False,False,0,16509,US,True,"Spaceship, Inc.",4,365,False,0,False,False,,benign,no_adverse_signal
995det.ws,2026-07-16,9,2.2516291673878226,0.3333333333333333,0,0.5,-9.939444444444444,low,0.4286,1,0.8333333333333334,True,NOERROR,2,300,0,2,False,False,2,13335,US,False,DYNADOT LLC,8,365,True,0,False,False,,benign,no_adverse_signal
xnoafz4f.top,2026-07-16,12,2.75,0.08333333333333333,0,0.4,-10.391261538461539,high,0.4286,2,0.875,True,NOERROR,3,60,0,2,False,True,0,138995,US,False,Dominet (HK) Limited,4,365,True,0,True,False,,malicious,spamhaus_zen
adsfeels.com,2026-07-16,12,2.5,0.0,0,0.6,-7.455284615384615,low,0.5714,3,0.75,True,NOERROR,1,1800,2,2,True,False,0,22612,US,False,NAMECHEAP INC,4,731,True,0,False,False,False,benign,no_adverse_signal
prespectamind.com,2026-07-16,17,3.3927474104487847,0.0,0,0.4444444444444444,-6.326995652173913,low,0.5,2,0.8461538461538461,True,NOERROR,1,3600,0,2,False,False,0,13335,DE,True,"Cloudflare, Inc.",4,365,True,45,False,False,,benign,no_adverse_signal
jpmsecpros.com,2026-07-16,14,2.9219280948873623,0.0,0,0.25,-7.741182352941176,low,0.5263,4,0.8,False,NOERROR,0,,0,2,False,False,0,,,,Realtime Register B.V.,4,365,False,,,False,,benign,no_adverse_signal
mystakeonline.ca,2026-07-16,16,3.392747410448785,0.0,0,0.625,-6.4847913043478265,low,0.6667,4,0.8461538461538461,True,NOERROR,2,300,0,2,False,False,2,13335,US,False,Go Get Canada Domain Registrar Ltd.,10,365,False,0,False,False,,benign,no_adverse_signal
hearpatch.com,2026-07-16,13,2.725480556997868,0.0,0,0.5,-6.652093333333334,low,0.7059,3,0.7777777777777778,False,NOERROR,0,,0,2,False,False,0,,,,"Cloudflare, Inc.",4,365,True,,,False,,benign,no_adverse_signal
staffgrade.dev,2026-07-16,14,2.9219280948873623,0.0,0,0.42857142857142855,-7.196817647058824,low,0.6667,4,0.8,True,NOERROR,2,300,3,2,True,False,2,13335,US,False,,,,False,0,False,False,False,benign,no_adverse_signal
carbonteide.com,2026-07-16,15,3.277613436819116,0.0,0,0.8333333333333334,-6.530773684210526,low,0.5556,2,0.9090909090909091,True,NOERROR,3,3600,5,2,True,False,0,58182,US,True,Wix.com Ltd.,4,365,False,16,False,False,False,benign,no_adverse_signal
lartigianoefratelli.com,2026-07-16,23,3.181366328891458,0.0,0,0.9,-6.679197142857142,low,0.4571,2,0.5263157894736842,True,NOERROR,1,8474,1,3,True,False,0,31034,IT,True,"TUCOWS.COM, CO.",4,365,True,0,False,False,False,benign,no_adverse_signal
californiapaito.xyz,2026-07-16,19,3.1395722619867223,0.0,0,1.1428571428571428,-6.684637037037037,high,0.48,2,0.6666666666666666,True,NOERROR,2,300,0,2,False,False,2,13335,US,False,DYNADOT LLC,4,365,True,0,False,False,,benign,no_adverse_signal
braintracksgroup.digital,2026-07-16,24,3.577819531114783,0.0,0,0.45454545454545453,-6.61721724137931,low,0.4242,5,0.8125,True,NOERROR,2,300,1,2,True,False,2,13335,US,False,,,,,0,False,False,False,benign,no_adverse_signal
qbripf.cc,2026-07-16,9,2.584962500721156,0.0,0,0.2,-8.36517777777778,low,0.6,3,1.0,False,NXDOMAIN,0,,0,0,False,False,0,,,,,,,False,,,False,,benign,no_adverse_signal
grearedumareduarteful.com,2026-07-16,25,3.0823281368584294,0.0,0,0.9090909090909091,-6.734382051282051,low,0.4242,2,0.47619047619047616,False,NOERROR,0,,0,2,False,False,0,,,,"Cloudflare, Inc.",3,1096,True,,,False,,benign,no_adverse_signal
kinkmelon.com,2026-07-16,13,2.725480556997868,0.0,0,0.5,-6.808753333333333,low,0.5882,3,0.7777777777777778,True,NOERROR,2,600,0,2,False,False,0,16509,US,True,"GoDaddy.com, LLC",4,1096,True,37,False,False,,benign,no_adverse_signal
ostefc.com,2026-07-16,10,2.584962500721156,0.0,0,0.5,-7.027177777777777,low,0.5455,2,1.0,True,NOERROR,3,3600,5,2,True,False,0,58182,US,True,Wix.com Ltd.,4,365,True,19,False,False,False,benign,no_adverse_signal
mythosfeinkost.com,2026-07-16,18,3.3787834934861767,0.0,0,0.4,-7.214504,low,0.4762,4,0.7857142857142857,False,NOERROR,0,,3,2,True,False,0,,,,"Amazon Registrar, Inc.",3,365,True,,,False,False,benign,no_adverse_signal
telinilonexoveltopentodarifari.click,2026-07-16,36,3.4980685120588384,0.0,0,0.875,-6.691271929824562,medium,0.3721,2,0.43333333333333335,False,NOERROR,0,,0,2,False,False,0,,,,NAMECHEAP INC,3,365,True,,,False,,benign,no_adverse_signal
lespetitspapiersreliure.fr,2026-07-16,26,3.017944978531331,0.0,0,0.7692307692307693,-6.8191093023255815,low,0.381,3,0.391304347826087,False,NOERROR,0,,3,2,True,False,0,,,,GANDI,3,364,False,,,False,False,benign,no_adverse_signal
mwhvsu.com,2026-07-16,10,2.584962500721156,0.0,0,0.2,-10.399577777777777,low,0.5455,5,1.0,True,NOERROR,1,1800,0,0,False,False,0,58182,US,True,Wix.com Ltd.,738,1095,True,0,False,False,,benign,no_adverse_signal
de-erfahrungen.com,2026-07-16,18,3.182005814760214,0.0,1,0.625,-7.6069439999999995,low,0.5263,2,0.7142857142857143,False,NOERROR,0,,0,2,False,False,0,,,,"NameSilo, LLC",4,365,True,,,False,,benign,no_adverse_signal
friendsofsouthpark.foundation,2026-07-16,29,3.7254805569978675,0.0,0,0.5,-7.1627909090909085,low,0.4286,3,0.7777777777777778,False,timeout,0,,0,0,False,False,0,,,,Porkbun LLC,4,365,False,,,False,,benign,no_adverse_signal
showtimeprepsports.com,2026-07-16,22,3.1971597234241487,0.0,0,0.38461538461538464,-6.848348484848485,low,0.5,3,0.5555555555555556,True,NOERROR,2,600,0,2,False,False,0,16509,US,True,"GoDaddy.com, LLC",4,365,True,37,False,False,,benign,no_adverse_signal
decorviber.com,2026-07-16,14,2.9219280948873623,0.0,0,0.6666666666666666,-6.6756,low,0.5882,2,0.8,True,NOERROR,1,86400,0,2,False,False,0,16509,US,True,"TUCOWS.COM, CO.",373,730,True,0,False,False,,benign,no_adverse_signal
sgol2ztsbl.cc,2026-07-16,13,2.9219280948873623,0.07692307692307693,0,0.125,-9.499870588235295,low,0.5,5,0.8,True,NOERROR,10,1,0,2,False,False,0,18186,US,False,"GoDaddy.com, LLC",5,365,True,0,False,False,,benign,no_adverse_signal
theglowrititual.com,2026-07-16,19,3.323231428797621,0.0,0,0.6666666666666666,-7.072051851851852,low,0.48,2,0.7333333333333333,False,NOERROR,0,,0,2,False,False,0,,,,"NameSilo, LLC",4,365,True,,,False,,benign,no_adverse_signal
luxhauswindowframework.com,2026-07-16,26,3.879664004902593,0.0,0,0.5714285714285714,-7.499853658536586,low,0.4706,3,0.7272727272727273,True,NOERROR,1,300,1,2,True,False,0,14618,US,True,DYNADOT LLC,4,365,True,0,False,False,False,benign,no_adverse_signal
intensity-workout.ch,2026-07-16,20,3.4548223999466066,0.0,1,0.6,-6.874422580645161,low,0.4667,2,0.7058823529411765,False,NOERROR,0,,0,2,True,False,0,,,,,,,False,,,False,,benign,no_adverse_signal
sortingagent.com,2026-07-16,16,3.084962500721156,0.0,0,0.5,-6.094361904761905,low,0.6,2,0.75,True,NOERROR,2,3600,1,2,True,False,0,16509,US,True,"Spaceship, Inc.",4,365,False,59,False,False,,malicious,abuseipdb
lipedema-expert.com,2026-07-16,19,3.2402239289418517,0.0,1,0.75,-7.044507407407407,low,0.48,2,0.7333333333333333,True,NOERROR,1,3600,2,4,True,False,1,8560,DE,True,IONOS SE,4,365,True,0,False,False,False,benign,no_adverse_signal
nayome.fr,2026-07-16,9,2.584962500721156,0.0,0,1.0,-7.192899999999999,low,0.8,1,1.0,True,NOERROR,2,300,2,2,True,False,2,13335,US,False,GANDI,3,364,False,0,False,False,False,benign,no_adverse_signal
fichas-fichas.com,2026-07-16,17,2.7773627950641693,0.0,1,0.5,-6.963704347826087,low,0.4167,2,0.5384615384615384,True,NOERROR,2,300,0,2,False,False,2,13335,US,False,NAMECHEAP INC,4,365,True,0,False,False,,benign,no_adverse_signal
smartsteps2.com,2026-07-16,15,2.8453509366224368,0.06666666666666667,0,0.25,-7.046336842105264,low,0.5833,4,0.7272727272727273,True,NOERROR,1,1800,0,0,False,False,0,58182,US,True,Wix.com Ltd.,738,1095,False,0,False,False,,benign,no_adverse_signal
mozi.pt,2026-07-16,7,2.0,0.0,0,1.0,-8.15236,low,0.7273,1,1.0,True,NOERROR,1,50,0,2,False,False,0,47583,CY,False,,,,False,30,False,False,,benign,no_adverse_signal
mayatogelid.com,2026-07-16,15,3.2776134368191165,0.0,0,0.8333333333333334,-6.941605263157895,low,0.5556,1,0.9090909090909091,True,NOERROR,2,300,0,2,False,False,2,13335,US,False,Dominet (HK) Limited,4,365,False,0,False,False,,benign,no_adverse_signal
best-poppers.com,2026-07-16,16,2.8553885422075336,0.0,1,0.375,-6.819466666666666,low,0.5263,2,0.6666666666666666,True,NOERROR,2,60,0,2,False,False,2,47583,CY,False,"HOSTINGER operations, UAB",4,365,False,0,False,False,,benign,no_adverse_signal
northwestroofingandbuilding.com,2026-07-16,31,3.8100810205217313,0.0,0,0.5,-6.747335294117647,low,0.3684,4,0.5925925925925926,True,NOERROR,2,60,2,2,True,False,2,47583,LT,False,NAMECHEAP INC,3,365,True,0,False,False,False,benign,no_adverse_signal
good-sprint.com,2026-07-16,15,3.2776134368191165,0.0,1,0.42857142857142855,-6.894015789473684,low,0.5455,3,0.9090909090909091,True,NOERROR,2,300,0,2,False,False,2,13335,US,False,NAMECHEAP INC,4,365,True,0,False,False,,benign,no_adverse_signal
ca50.nl,2026-07-16,7,2.0,0.2857142857142857,0,1.0,-11.22242,low,0.5,1,1.0,True,NOERROR,2,300,1,2,False,False,2,13335,US,False,Domain Robot,6,,False,0,False,False,,benign,no_adverse_signal
polinoms.ru,2026-07-16,11,2.75,0.0,0,0.6,-6.337130769230769,low,0.625,2,0.875,False,NXDOMAIN,0,,0,0,False,False,0,,,,OPENPROV-RU,5,365,False,,,False,,benign,no_adverse_signal
dentrangtritlv.com,2026-07-16,18,3.182005814760214,0.0,0,0.2727272727272727,-6.739675999999999,low,0.5217,4,0.7142857142857143,True,NOERROR,1,3600,1,4,True,False,0,63760,VN,False,P.A. Viet Nam Company Limited,4,365,True,0,False,False,False,benign,no_adverse_signal
trendsforgemedia.com,2026-07-16,20,3.452819531114783,0.0,0,0.6,-6.645127586206896,low,0.5385,4,0.75,False,NOERROR,0,,3,2,True,False,0,,,,"Amazon Registrar, Inc.",4,365,True,,,False,False,benign,no_adverse_signal
qmcb.fr,2026-07-16,7,2.0,0.0,0,0.0,-10.65634,low,0.6,4,1.0,True,NOERROR,2,300,3,2,True,False,2,13335,US,False,TLD Registrar Solutions Ltd,7,364,False,0,False,False,False,benign,no_adverse_signal
bloomelilascreme.com.br,2026-07-16,23,3.1556390622295662,0.0,0,0.7777777777777778,-6.584341379310344,low,0.56,3,0.625,True,NOERROR,2,600,0,2,False,False,0,16509,US,True,,6,365,False,37,False,False,,benign,no_adverse_signal
bnm.hamburg,2026-07-16,11,1.584962500721156,0.0,0,0.0,-9.173133333333334,low,0.6667,3,1.0,True,NOERROR,1,7200,1,2,True,False,0,34788,DE,True,RegistryGate GmbH,4338,4383,False,0,False,False,False,benign,no_adverse_signal
zizuninternational.com,2026-07-16,22,3.1279868068776753,0.0,0,0.8,-6.520754545454546,low,0.4667,2,0.5555555555555556,True,NOERROR,2,300,3,2,True,False,2,13335,US,False,"GoDaddy.com, LLC",4,365,True,0,False,False,False,benign,no_adverse_signal
natnat.app,2026-07-16,10,1.584962500721156,0.0,0,0.5,-6.917333333333334,low,0.6154,2,0.5,True,NOERROR,2,1800,0,2,False,False,0,16509,US,False,,,,False,0,False,False,,benign,no_adverse_signal
arcognis.com,2026-07-16,12,3.0,0.0,0,0.6,-7.133161538461538,low,0.5333,2,1.0,True,NOERROR,1,50,2,2,True,False,0,47583,CY,False,"HOSTINGER operations, UAB",4,365,False,30,False,False,False,benign,no_adverse_signal
gubugi369.com,2026-07-16,13,2.725480556997868,0.23076923076923078,0,1.0,-9.3261,low,0.5556,1,0.7777777777777778,True,NOERROR,4,14400,1,4,True,False,0,53831,US,False,Squarespace Domains II LLC,3,365,True,16,False,False,False,benign,no_adverse_signal
cl26jul02d80.top,2026-07-16,16,3.084962500721156,0.375,0,0.2,-11.65127619047619,high,0.4706,2,0.75,False,NOERROR,0,,0,2,False,False,0,,,,"NameSilo, LLC",4,365,True,,,False,,benign,no_adverse_signal
1xslotred9145.com,2026-07-16,17,3.5465935642949384,0.29411764705882354,0,0.3333333333333333,-9.117952173913043,low,0.4348,3,0.9230769230769231,True,NOERROR,1,600,0,4,False,False,0,202492,GR,False,URL SOLUTIONS INC.,4,365,True,0,False,False,,benign,no_adverse_signal
oppenheimer.su,2026-07-16,14,2.845350936622437,0.0,0,0.8333333333333334,-6.93662105263158,low,0.5882,2,0.7272727272727273,False,NXDOMAIN,0,,0,0,False,False,0,,,,DOMAINSHOP-SU,5,365,True,,,True,,malicious,spamhaus_dbl
prmfacture015.top,2026-07-16,17,3.5465935642949384,0.17647058823529413,0,0.42857142857142855,-8.448204347826087,high,0.5263,4,0.9230769230769231,False,NXDOMAIN,0,,0,0,False,False,0,,,,"NICENIC INTERNATIONAL GROUP CO., LIMITED",4,365,False,,,True,,malicious,spamhaus_dbl
clearybet-au.com,2026-07-16,16,3.2516291673878226,0.0,1,0.8333333333333334,-7.117523809523809,low,0.5263,3,0.8333333333333334,True,NOERROR,1,1800,5,2,True,False,0,22612,US,False,NAMECHEAP INC,4,365,True,0,False,False,False,benign,no_adverse_signal
salesprospers.com,2026-07-16,17,2.6235166412180155,0.0,0,0.4444444444444444,-6.264991304347825,low,0.6087,3,0.5384615384615384,True,NOERROR,1,600,0,2,False,False,0,13335,DE,True,"GoDaddy.com, LLC",4,365,True,45,False,False,,benign,no_adverse_signal
filmstadt.hamburg,2026-07-16,17,2.94770277922009,0.0,0,0.2857142857142857,-7.051853333333333,low,0.5882,4,0.8888888888888888,True,NOERROR,1,3600,0,3,False,False,0,48596,DE,True,INWX GmbH,1073,1096,False,0,False,False,,benign,no_adverse_signal
trustedmovesco.com,2026-07-16,18,3.2359263506290334,0.0,0,0.5555555555555556,-6.575644,low,0.5455,2,0.7142857142857143,True,NOERROR,2,300,0,2,False,False,0,16509,US,True,"Spaceship, Inc.",4,365,False,0,False,False,,benign,no_adverse_signal
dealswhoa.com,2026-07-16,13,2.94770277922009,0.0,0,0.8,-7.542186666666667,low,0.5333,4,0.8888888888888888,True,NOERROR,1,600,0,2,False,False,0,54801,HK,False,"GMO Internet, Inc.",4,365,True,0,False,False,,benign,no_adverse_signal
studiopinky.art,2026-07-16,15,3.277613436819116,0.0,0,0.5714285714285714,-6.926884210526317,low,0.5556,3,0.9090909090909091,True,NOERROR,1,50,2,2,True,False,0,47583,CY,False,"HOSTINGER operations, UAB",3,365,True,30,False,False,False,benign,no_adverse_signal
air-upnorgebutikk.com,2026-07-16,21,3.6168746059562227,0.0,1,0.7777777777777778,-7.840112903225807,low,0.48,2,0.7647058823529411,True,NOERROR,2,300,0,2,False,False,2,13335,US,False,CNOBIN INFORMATION TECHNOLOGY LIMITED,4,365,False,0,False,False,,benign,no_adverse_signal
gardenhaven-elis.com,2026-07-16,20,3.452819531114783,0.0,1,0.6666666666666666,-6.972768965517241,low,0.4375,2,0.75,True,NOERROR,3,3600,0,2,False,False,0,58182,US,True,Wix.com Ltd.,4,365,False,16,False,False,,benign,no_adverse_signal
linen-pilot.ru,2026-07-16,14,2.9139770731827523,0.0,1,0.6666666666666666,-6.812442105263157,low,0.5714,1,0.7272727272727273,True,NOERROR,2,86400,1,3,False,False,0,12695,RU,False,RU-CENTER-RU,5,365,False,0,False,False,False,benign,no_adverse_signal
tekqubes.com,2026-07-16,12,2.75,0.0,0,0.6,-8.433961538461539,low,0.5333,2,0.875,True,NOERROR,1,600,0,2,False,False,0,54801,HK,False,"GMO Internet, Inc.",4,365,True,0,False,False,,benign,no_adverse_signal
startpeptidecompany.com,2026-07-16,23,3.536886723742166,0.0,0,0.46153846153846156,-6.733717142857143,low,0.4848,3,0.6842105263157895,True,NOERROR,1,1800,5,2,True,False,0,22612,US,False,NAMECHEAP INC,4,365,True,2,False,False,False,benign,no_adverse_signal
ravenanchor.info,2026-07-16,16,2.9139770731827523,0.0,0,0.5714285714285714,-6.326852631578947,medium,0.5263,3,0.7272727272727273,True,NOERROR,1,3600,0,3,False,False,0,197720,TR,True,,,,,0,False,False,,benign,no_adverse_signal
bahder.com,2026-07-16,10,2.584962500721156,0.0,0,0.5,-7.491511111111111,low,0.6154,2,1.0,True,NOERROR,2,3600,0,2,False,False,0,39570,SE,False,"Ascio Technologies, Inc",3,365,False,2,False,False,,benign,no_adverse_signal
eksenbaspinar.com,2026-07-16,17,3.0850551027564768,0.0,0,0.625,-6.898917391304349,low,0.5,2,0.6923076923076923,True,NOERROR,1,86400,1,2,True,False,0,47894,TR,True,"GoDaddy.com, LLC",4,365,True,0,False,False,False,benign,no_adverse_signal
kristinpolgardiinteriors.com,2026-07-16,28,3.4345608142862893,0.0,0,0.6,-6.784395555555555,low,0.4878,2,0.5416666666666666,True,NOERROR,1,600,2,4,True,False,0,13335,US,False,Porkbun LLC,4,365,False,0,False,False,False,benign,no_adverse_signal
fsmglobal.net,2026-07-16,13,2.94770277922009,0.0,0,0.2857142857142857,-7.731426666666667,low,0.7368,5,0.8888888888888888,False,NXDOMAIN,0,,0,0,False,False,0,,,,"Amazon Registrar, Inc.",4,365,True,,,False,,benign,no_adverse_signal
trnrw.com,2026-07-16,9,1.9219280948873623,0.0,0,0.0,-8.838728571428572,low,0.6,5,0.8,True,NOERROR,1,300,0,2,False,False,0,16509,US,False,"Cloudflare, Inc.",4,365,True,0,False,False,,benign,no_adverse_signal
vttc-jp.com,2026-07-16,11,2.5216406363433186,0.0,1,0.0,-9.543227272727272,low,0.4615,4,0.8571428571428571,True,NOERROR,2,1800,0,2,False,False,0,16509,US,False,"Spaceship, Inc.",4,1096,False,0,False,False,,benign,no_adverse_signal
djeefsound.net,2026-07-16,14,2.9219280948873623,0.0,0,0.6666666666666666,-7.912205882352941,low,0.5263,2,0.8,True,NOERROR,1,3600,2,4,True,False,1,8560,DE,True,IONOS SE,4,365,True,9,False,False,False,benign,no_adverse_signal
mesrecipes.com,2026-07-16,14,2.6464393446710153,0.0,0,0.6666666666666666,-6.9864235294117645,low,0.625,2,0.7,True,NOERROR,2,300,0,2,False,False,2,13335,US,False,Squarespace Domains LLC,4,365,True,0,False,False,,benign,no_adverse_signal
inabah-app.com,2026-07-16,14,2.6464393446710157,0.0,1,0.8,-7.5135000000000005,low,0.5263,2,0.7,True,NOERROR,1,86400,1,3,False,False,0,51167,FR,True,NAMECHEAP INC,4,365,True,0,False,False,False,benign,no_adverse_signal
kinderleben.hamburg,2026-07-16,19,2.8453509366224368,0.0,0,0.5714285714285714,-6.492263157894738,low,0.5882,2,0.7272727272727273,True,NOERROR,1,150,1,2,True,False,1,6724,DE,True,Cronon GmbH,4339,4383,False,0,False,False,False,benign,no_adverse_signal
liveelja.com,2026-07-16,12,2.5,0.0,0,1.0,-7.439561538461538,low,0.6667,2,0.75,True,NOERROR,2,600,0,2,False,False,0,16509,US,True,123-Reg Limited,4,365,True,18,False,False,,benign,no_adverse_signal
bbctoday.com,2026-07-16,12,2.75,0.0,0,0.3333333333333333,-7.479353846153846,low,0.625,4,0.875,True,NOERROR,2,3600,1,2,True,False,0,16509,US,True,"GoDaddy.com, LLC",4,365,True,27,False,False,,benign,no_adverse_signal
kanaanwray.com,2026-07-16,14,2.321928094887362,0.0,0,0.6666666666666666,-7.6845823529411765,low,0.4286,3,0.6,False,NOERROR,0,,0,2,False,False,0,,,,"Cloudflare, Inc.",4,365,True,,,False,,benign,no_adverse_signal
bpoasiapacific.com,2026-07-16,18,2.8423709931771084,0.0,0,1.0,-7.2703,low,0.4,2,0.5714285714285714,True,NOERROR,2,300,1,2,True,False,2,13335,US,False,"NameSilo, LLC",4,365,True,0,False,False,True,benign,no_adverse_signal
833675.net,2026-07-16,10,2.2516291673878226,0.6,0,0.0,-10.849122222222222,low,0.4444,0,0.8333333333333334,False,NOERROR,0,,0,2,False,False,0,,,,"GoDaddy.com, LLC",4,365,True,,,True,,malicious,spamhaus_dbl
arborcanadainstitute.com,2026-07-16,24,3.3841837197791884,0.0,0,0.8181818181818182,-6.542481081081081,low,0.4667,3,0.6,True,NOERROR,2,300,1,2,True,False,2,13335,US,False,NAMECHEAP INC,4,365,True,0,False,False,False,benign,no_adverse_signal
taxedsm.com,2026-07-16,11,2.807354922057604,0.0,0,0.4,-7.932154545454545,low,0.5455,3,1.0,False,NOERROR,0,,0,2,False,False,0,,,,"Cloudflare, Inc.",4,365,True,,,False,,benign,no_adverse_signal
larules.com,2026-07-16,11,2.5216406363433186,0.0,0,0.75,-6.708163636363636,low,0.6154,1,0.8571428571428571,True,NOERROR,2,10800,0,2,True,False,2,14618,US,True,DropCatch.com 861 LLC,4,365,False,0,False,False,,benign,no_adverse_signal
milanataxsolutionshub.com,2026-07-16,25,3.4992275417233567,0.0,0,0.75,-6.7704025641025645,low,0.5,3,0.5714285714285714,True,NOERROR,2,18,0,4,False,False,0,,US,False,Porkbun LLC,380,730,False,0,False,False,,benign,no_adverse_signal
serviciosporlnternet-lbbvanetcash.online,2026-07-16,40,3.8013774524295485,0.0,1,0.45454545454545453,-7.01764126984127,medium,0.4,4,0.45454545454545453,False,NXDOMAIN,0,,0,0,False,False,0,,,,"HOSTINGER operations, UAB",3,365,False,,,False,,benign,no_adverse_signal
alpiasystems.com,2026-07-16,16,3.0220552088742,0.0,0,0.5,-6.951966666666666,low,0.64,4,0.75,True,NOERROR,2,3600,1,2,True,False,0,16509,US,True,"Gransy, s.r.o.",4,365,False,59,False,False,,malicious,abuseipdb
rockawayarchive.com,2026-07-16,19,3.32323142879762,0.0,0,0.6666666666666666,-6.928329629629629,low,0.6364,3,0.7333333333333333,True,NOERROR,2,300,0,2,False,False,2,13335,US,False,"Cloudflare, Inc.",4,365,True,0,False,False,,benign,no_adverse_signal
thaimakeover.com,2026-07-16,16,3.2516291673878226,0.0,0,1.0,-6.943599999999999,low,0.6087,2,0.8333333333333334,True,NOERROR,2,10800,0,2,True,False,2,14618,US,True,DropCatch.com 1460 LLC,4,365,False,0,False,False,,benign,no_adverse_signal
house-system.jp,2026-07-16,15,3.0220552088742,0.0,1,0.5714285714285714,-6.871828571428572,low,0.5926,4,0.75,True,NOERROR,1,3600,1,3,True,False,0,131965,JP,True,,5,383,False,0,False,False,False,benign,no_adverse_signal
totolotremacau2.com,2026-07-16,19,3.139572261986723,0.05263157894736842,0,1.0,-6.932970370370371,low,0.4545,2,0.6666666666666666,True,NOERROR,2,300,0,2,False,False,2,13335,US,False,Realtime Register B.V.,4,365,False,0,False,False,,benign,no_adverse_signal
boiestar.top,2026-07-16,12,3.0,0.0,0,1.0,-6.651715384615385,high,0.5882,2,1.0,True,NOERROR,2,300,0,2,False,False,2,13335,US,False,GLOBAL ASSET DOMAINS INC.,4,365,True,0,False,False,,benign,no_adverse_signal
cherrycall.jp,2026-07-16,13,2.7219280948873625,0.0,0,0.25,-6.759482352941177,low,0.5556,4,0.7,True,NOERROR,1,3600,1,4,False,False,0,16509,US,False,,6,384,True,0,False,False,False,benign,no_adverse_signal
fortificatechnology.com,2026-07-16,23,3.576617644908665,0.0,0,0.5833333333333334,-6.608265714285714,low,0.4444,3,0.6842105263157895,False,NOERROR,0,,3,2,True,False,0,,,,"Amazon Registrar, Inc.",4,365,True,,,False,False,benign,no_adverse_signal
petir88.com,2026-07-16,11,2.521640636343318,0.18181818181818182,0,0.6666666666666666,-8.276027272727273,low,0.5,1,0.8571428571428571,True,NOERROR,2,3600,1,2,True,False,0,16509,US,True,UnstoppableUS3 LLC,4,365,False,27,False,False,,benign,no_adverse_signal
pastel-okazaki.com,2026-07-16,18,3.3248629576173574,0.0,1,0.8571428571428571,-7.45486,low,0.5,2,0.7857142857142857,True,NOERROR,1,3600,1,3,True,False,0,131965,JP,True,"GMO Internet, Inc.",3,365,True,0,False,False,False,benign,no_adverse_signal
homesplusdeals.com,2026-07-16,18,3.182005814760214,0.0,0,0.5555555555555556,-6.684343999999999,low,0.5217,3,0.7142857142857143,True,NOERROR,1,1799,5,2,True,False,0,16509,US,False,NAMECHEAP INC,4,365,True,0,False,False,False,benign,no_adverse_signal
delonae.com,2026-07-16,11,2.5216406363433186,0.0,0,1.3333333333333333,-6.7221,low,0.6,1,0.8571428571428571,False,NOERROR,0,,3,2,True,False,0,,,,"Amazon Registrar, Inc.",4,365,True,,,False,False,benign,no_adverse_signal
houseofsnb.com,2026-07-16,14,2.9219280948873623,0.0,0,0.6666666666666666,-7.797005882352941,low,0.4444,4,0.8,True,NOERROR,1,300,0,2,False,False,0,16276,US,True,"Cloudflare, Inc.",4,365,True,0,False,False,,benign,no_adverse_signal
loricaplan.com,2026-07-16,14,2.9219280948873623,0.0,0,0.6666666666666666,-6.1855529411764705,low,0.5714,2,0.8,True,NOERROR,2,300,0,2,False,False,2,13335,US,False,NAMECHEAP INC,4,365,True,0,False,False,,benign,no_adverse_signal
kaheta.vn,2026-07-16,9,2.2516291673878226,0.0,0,1.0,-7.148688888888889,low,0.6,1,0.8333333333333334,False,NOERROR,0,,0,2,False,False,0,,,,,,,,,,False,,benign,no_adverse_signal
mellow-brand.com,2026-07-16,16,3.418295834054489,0.0,1,0.375,-7.063395238095238,low,0.4545,2,0.9166666666666666,True,NOERROR,1,86400,0,2,False,False,0,16509,US,True,"TUCOWS.COM, CO.",372,730,True,0,False,False,,benign,no_adverse_signal
hyhjkj.com,2026-07-16,10,1.9182958340544893,0.0,0,0.0,-10.412700000000001,low,0.3333,6,0.6666666666666666,False,NOERROR,0,,0,0,False,False,0,,,,"Megazone Corp., dba HOSTING.KR",4,365,False,,,False,,benign,no_adverse_signal
domainelecontedesfloris.de,2026-07-16,26,3.534219021180341,0.0,0,0.7692307692307693,-6.329204651162791,low,0.6111,3,0.5652173913043478,True,NOERROR,4,30,0,2,False,False,8,213230,US,True,,,,False,0,False,False,,benign,no_adverse_signal
bisunotes.com,2026-07-16,13,2.94770277922009,0.0,0,0.8,-6.727613333333333,low,0.5714,1,0.8888888888888888,True,NOERROR,2,300,3,2,True,False,0,16509,US,False,"Cloudflare, Inc.",4,365,True,0,False,False,False,benign,no_adverse_signal
elenaripamonti.com,2026-07-16,18,3.2359263506290334,0.0,0,1.0,-6.38352,low,0.5455,2,0.7142857142857143,True,NOERROR,1,86400,3,2,True,False,0,43515,NL,True,"TUCOWS.COM, CO.",4,365,True,0,False,False,False,benign,no_adverse_signal
info-adakamii.com,2026-07-16,17,2.9689185639620974,0.0,1,1.4,-7.547978260869565,low,0.5263,2,0.6923076923076923,True,NOERROR,2,120,0,4,False,False,0,16509,DE,True,CV. Rumahweb Indonesia,4,365,False,17,False,False,,benign,no_adverse_signal
geminiesp.com,2026-07-16,13,2.725480556997868,0.0,0,0.8,-6.506366666666667,low,0.5455,2,0.7777777777777778,True,NOERROR,1,600,0,2,False,False,0,979,HK,False,"Chengdu west dimension digital technology Co., LTD",4,365,True,0,False,False,,benign,no_adverse_signal
ilovegarden.ie,2026-07-16,14,3.277613436819116,0.0,0,0.8333333333333334,-6.608005263157895,low,0.5455,2,0.9090909090909091,True,NOERROR,2,300,1,2,True,False,2,13335,US,False,SmartHost Web Services Limited,9,365,False,0,False,False,False,benign,no_adverse_signal
qy.hamburg,2026-07-16,10,1.0,0.0,0,0.0,,low,,2,1.0,True,NOERROR,1,14399,1,2,True,False,0,47846,DE,False,Vautron Rechenzentrum AG,744,1095,False,22,False,False,,benign,no_adverse_signal
216xeclc.com,2026-07-16,12,2.75,0.25,0,0.25,-9.8229,low,0.5,3,0.875,True,NOERROR,1,10,0,2,False,True,0,209242,US,True,Dominet (HK) Limited,4,365,False,23,False,True,,malicious,spamhaus_dbl
runena.hair,2026-07-16,11,2.2516291673878226,0.0,0,1.0,-6.609622222222223,low,0.6667,1,0.8333333333333334,False,NOERROR,0,,1,2,False,False,0,,,,Alibaba Cloud Computing Ltd. d/b/a HiChina (www.net.cn),4,365,False,,,False,True,benign,no_adverse_signal
7yyxh.top,2026-07-16,9,1.9219280948873623,0.1111111111111111,0,0.0,-11.533671428571427,high,0.4,4,0.8,True,NOERROR,5,60,0,2,False,True,0,8075,JP,False,"Spaceship, Inc.",4,365,True,0,True,True,,malicious,spamhaus_zen
smartanswersbr.com,2026-07-16,18,2.9852281360342525,0.0,0,0.2727272727272727,-6.693872,low,0.7407,4,0.6428571428571429,True,NOERROR,2,300,0,2,False,False,2,13335,US,False,"Spaceship, Inc.",4,365,False,0,False,False,,benign,no_adverse_signal
gokidzco.com,2026-07-16,12,2.75,0.0,0,0.6,-8.380230769230769,low,0.5455,3,0.875,False,NOERROR,0,,3,2,True,False,0,,,,TuringSign Inc. d/b/a Cosmotown,4,365,False,,,False,False,benign,no_adverse_signal
bisoadwhohfaf.my.id,2026-07-16,19,3.085055102756477,0.0,0,0.625,-8.273652173913044,low,0.4211,3,0.6923076923076923,True,NOERROR,1,600,0,2,False,False,0,140227,HK,False,,,,False,0,True,False,,malicious,spamhaus_zen
japaneselife.jp,2026-07-16,15,3.0220552088742,0.0,0,1.0,-6.533942857142858,low,0.5556,1,0.75,True,NOERROR,1,600,1,2,True,False,0,58791,JP,True,,4,382,False,0,False,False,False,benign,no_adverse_signal
nova-belleza.com,2026-07-16,16,3.084962500721156,0.0,1,0.8333333333333334,-7.587704761904762,low,0.4444,2,0.75,True,NOERROR,3,3600,0,2,False,False,0,58182,US,True,Wix.com Ltd.,3,365,False,16,False,False,,benign,no_adverse_signal
querylume.com,2026-07-16,13,2.725480556997868,0.0,0,0.8,-7.510246666666666,low,0.6667,3,0.7777777777777778,False,NOERROR,0,,0,2,False,False,0,,,,"Cloudflare, Inc.",4,365,True,,,False,,benign,no_adverse_signal
cdf2028.com,2026-07-16,11,2.521640636343318,0.36363636363636365,0,0.0,-10.067954545454546,low,0.6667,3,0.8571428571428571,True,NOERROR,2,600,0,2,False,False,0,16509,US,True,"GoDaddy.com, LLC",4,365,True,37,False,False,,benign,no_adverse_signal
uncutactive.com,2026-07-16,15,2.9139770731827523,0.0,0,0.8333333333333334,-6.786357894736842,low,0.6087,2,0.7272727272727273,True,NOERROR,2,3600,2,2,True,False,0,16509,US,True,"GoDaddy.com, LLC",4,365,True,20,False,False,False,benign,no_adverse_signal
diliubu.com,2026-07-16,11,2.2359263506290326,0.0,0,1.3333333333333333,-7.724936363636363,low,0.5333,1,0.7142857142857143,True,NOERROR,2,300,0,2,False,False,2,13335,US,False,Dominet (HK) Limited,4,365,False,0,False,False,,benign,no_adverse_signal
dpwvorld.com,2026-07-16,12,2.75,0.0,0,0.14285714285714285,-8.832600000000001,low,0.625,4,0.875,False,NOERROR,0,,1,2,False,False,0,,,,NameCrane LLC,3,365,False,,,False,False,benign,no_adverse_signal
wiele.hamburg,2026-07-16,13,1.9219280948873623,0.0,0,1.5,-6.739914285714286,low,0.8,1,0.8,True,NOERROR,1,150,1,2,False,False,1,8560,DE,True,Cronon GmbH,4105,4383,False,7,False,False,False,benign,no_adverse_signal
mpo2121id.com,2026-07-16,13,2.725480556997868,0.3076923076923077,0,0.6666666666666666,-9.953646666666666,low,0.4444,2,0.7777777777777778,True,NOERROR,2,300,0,2,False,False,2,13335,US,False,Dominet (HK) Limited,4,365,False,0,False,False,,benign,no_adverse_signal
radiochirurgie.hamburg,2026-07-16,22,3.128085278891395,0.0,0,1.0,-7.127624,low,0.56,2,0.7142857142857143,True,NOERROR,1,86400,1,4,False,False,0,20694,DE,True,InterNetX GmbH,4343,4383,True,11,False,False,False,benign,no_adverse_signal
yamaha-motorjp.us,2026-07-16,17,3.182005814760214,0.0,1,0.625,-7.556476,low,0.5263,3,0.7142857142857143,True,NOERROR,1,7637,1,2,True,False,0,20068,US,True,"Spaceship, Inc.",4,365,False,0,False,False,False,benign,no_adverse_signal
doorservicesfranklin.com,2026-07-16,24,3.5841837197791886,0.0,0,0.5384615384615384,-6.614443243243243,low,0.5556,3,0.65,True,NOERROR,2,600,0,2,False,False,0,16509,US,True,"GoDaddy.com, LLC",4,365,True,37,False,False,,benign,no_adverse_signal
gohomed.com,2026-07-16,11,2.5216406363433186,0.0,0,0.75,-6.823372727272727,low,0.625,1,0.8571428571428571,True,NOERROR,2,600,0,2,False,False,0,16509,US,True,"GoDaddy.com, LLC",4,1096,True,37,False,False,,benign,no_adverse_signal
wir-kaufen-dein-auto.hamburg,2026-07-16,28,3.5841837197791886,0.0,3,1.125,-7.838778378378379,low,0.4,1,0.65,True,NOERROR,1,600,0,4,False,False,0,206834,DE,False,EuroDNS S.A.,4029,4383,False,2,False,False,,benign,no_adverse_signal
schudy.hamburg,2026-07-16,14,2.584962500721156,0.0,0,0.2,-7.477888888888889,low,0.6,3,1.0,True,NOERROR,1,150,1,2,False,False,1,8560,DE,True,Cronon GmbH,4343,4383,False,57,False,False,False,malicious,abuseipdb
sipspzoo4402.com,2026-07-16,16,2.918295834054489,0.25,0,0.6,-9.5384,low,0.375,4,0.6666666666666666,True,NOERROR,2,300,0,2,False,False,0,16509,US,True,"Spaceship, Inc.",4,365,False,0,False,False,,benign,no_adverse_signal
violetfield.digital,2026-07-16,19,2.9139770731827523,0.0,0,0.8333333333333334,-7.169215789473685,low,0.5333,2,0.7272727272727273,True,NOERROR,2,300,0,2,False,False,2,13335,US,False,,,,,0,False,False,,benign,no_adverse_signal
joynal-9.com,2026-07-16,12,3.0,0.08333333333333333,1,0.5,-8.56833076923077,low,0.4286,2,1.0,True,NOERROR,2,300,0,2,False,False,2,13335,US,False,"Gransy, s.r.o.",4,365,False,0,False,False,,benign,no_adverse_signal
galipesca.com,2026-07-16,13,2.94770277922009,0.0,0,0.8,-6.60758,low,0.6316,2,0.8888888888888888,True,NOERROR,1,3600,2,4,True,False,1,8560,DE,True,IONOS SE,4,365,True,0,False,False,False,benign,no_adverse_signal
sl777hub.com,2026-07-16,12,2.4056390622295662,0.25,0,0.25,-10.008038461538462,low,0.5,2,0.75,True,NOERROR,2,300,0,2,False,False,2,13335,US,False,Dominet (HK) Limited,4,365,False,0,False,False,,benign,no_adverse_signal
rxventurestudio.com,2026-07-16,19,3.373557262275185,0.0,0,0.6666666666666666,-6.989903703703703,low,0.5926,3,0.7333333333333333,True,NOERROR,2,3600,3,2,True,False,0,16509,US,True,"GoDaddy.com, LLC",4,365,True,20,False,False,False,benign,no_adverse_signal
eventagentur412.hamburg,2026-07-16,23,3.32323142879762,0.13043478260869565,0,0.7142857142857143,-7.324903703703704,low,0.48,2,0.7333333333333333,True,NOERROR,1,316,2,3,True,False,0,202108,DE,False,united domains AG,4342,4383,False,0,False,False,False,benign,no_adverse_signal
snfroid.com,2026-07-16,11,2.807354922057604,0.0,0,0.4,-7.855572727272727,low,0.7143,4,1.0,True,NOERROR,1,3600,2,4,True,False,1,8560,US,True,IONOS SE,4,365,True,0,False,False,False,benign,no_adverse_signal
peccapital.com.br,2026-07-16,17,2.721928094887362,0.0,0,0.6666666666666666,-6.725782352941176,low,0.625,2,0.7,True,NOERROR,3,3600,0,2,False,False,0,58182,US,True,,5,365,False,16,False,False,,benign,no_adverse_signal
xn--bjq064e1kz.xn--3ds443g,2026-07-16,26,3.6644977792004623,0.3076923076923077,4,0.14285714285714285,-11.40362,low,0.3,3,0.9285714285714286,False,NOERROR,0,,0,2,False,False,0,,,,,,,,,,False,,benign,no_adverse_signal
pin-up-casino-szck7.top,2026-07-16,23,3.471354487013928,0.043478260869565216,3,0.5,-8.185757142857144,high,0.3902,4,0.631578947368421,True,NOERROR,1,3603,0,3,False,False,0,216071,NL,True,"NameSilo, LLC",4,365,True,0,False,False,,benign,no_adverse_signal
eruureeruu.com,2026-07-16,14,1.5709505944546684,0.0,0,2.3333333333333335,-7.571105882352941,low,0.4348,1,0.3,False,NXDOMAIN,0,,0,0,False,False,0,,,,"Amazon Registrar, Inc.",4,365,False,,,False,,benign,no_adverse_signal
bonita-jewelers.com,2026-07-16,19,3.589898095464287,0.0,1,0.75,-7.143977777777777,low,0.5185,2,0.8666666666666667,True,NOERROR,1,3600,0,2,False,False,0,13335,CA,True,"GoDaddy.com, LLC",4,365,True,0,False,False,,benign,no_adverse_signal
alphaer123.com,2026-07-16,14,3.121928094887362,0.21428571428571427,0,0.75,-8.10874705882353,low,0.5,3,0.9,True,NOERROR,3,600,1,2,True,True,0,63949,US,True,DropCatch.com 1449 LLC,4,365,True,0,False,False,False,benign,no_adverse_signal
cahn.io,2026-07-16,7,2.0,0.0,0,0.3333333333333333,-8.26428,low,0.6667,2,1.0,True,NOERROR,2,300,0,2,False,False,2,13335,US,False,NAMECHEAP INC,11,365,True,0,False,False,,benign,no_adverse_signal
ousdapasa.ru,2026-07-16,12,2.4193819456463714,0.0,0,1.25,-6.997,low,0.5882,2,0.6666666666666666,True,NOERROR,1,49211,2,2,True,False,0,16276,FR,True,REGRU-RU,5,365,False,0,True,True,True,malicious,spamhaus_zen
habluminannas.my.id,2026-07-16,19,2.968918563962097,0.0,0,0.625,-6.768743478260869,low,0.5263,2,0.6923076923076923,True,NOERROR,2,300,0,2,False,False,2,13335,US,False,,,,False,0,False,False,,benign,no_adverse_signal
hazelcitadel.top,2026-07-16,16,3.0849625007211556,0.0,0,0.7142857142857143,-7.113271428571429,high,0.6,2,0.75,False,NXDOMAIN,0,,0,0,False,False,0,,,,PDR Ltd,4,365,False,,,True,,malicious,spamhaus_dbl
alupjewelry.com,2026-07-16,15,3.0957952550009344,0.0,0,0.5714285714285714,-8.343063157894738,low,0.5263,3,0.8181818181818182,True,NOERROR,1,1800,0,4,True,False,0,13335,CA,True,Squarespace Domains LLC,4,731,True,0,False,False,,benign,no_adverse_signal
pictureangle.com,2026-07-16,16,3.4182958340544896,0.0,0,0.7142857142857143,-6.478619047619047,low,0.6667,3,0.9166666666666666,True,NOERROR,1,3600,2,2,True,False,0,209242,US,True,"GoDaddy.com, LLC",4,1096,True,0,False,False,False,benign,no_adverse_signal
xn--91-2r5cj59h.com,2026-07-16,19,3.323231428797621,0.3157894736842105,3,0.0,-11.839625925925926,low,0.2857,2,0.7333333333333333,True,NOERROR,1,600,0,2,False,False,0,16509,HK,True,"GoDaddy.com, LLC",5,365,True,0,False,False,,benign,no_adverse_signal
helix-ic.com,2026-07-16,12,2.75,0.0,1,0.75,-7.702407692307692,low,0.5333,1,0.875,False,NXDOMAIN,0,,0,0,False,False,0,,,,"Amazon Registrar, Inc.",4,365,True,,,False,,benign,no_adverse_signal
intlseo.ru,2026-07-16,10,2.807354922057604,0.0,0,0.75,-7.152954545454546,low,0.6667,4,1.0,True,NOERROR,1,14400,0,2,False,False,0,197695,RU,False,REGRU-RU,5,365,False,0,False,False,,benign,no_adverse_signal
thetmdclinic.com,2026-07-16,16,3.084962500721156,0.0,0,0.3333333333333333,-6.934385714285714,low,0.5217,5,0.75,True,NOERROR,2,3600,0,2,False,False,0,16509,US,True,"GoDaddy.com, LLC",4,1826,True,20,False,False,,benign,no_adverse_signal
qrsayit.com,2026-07-16,11,2.807354922057604,0.0,0,0.4,-8.224909090909092,low,0.5333,3,1.0,True,NOERROR,1,1800,0,5,False,False,0,16509,US,True,"ENOM, INC.",4,365,True,0,False,False,,benign,no_adverse_signal
xn----dtbfdhhebk2aet3bo0c6g.xn--p1ai,2026-07-16,36,3.986187965046305,0.1388888888888889,6,0.26666666666666666,-10.531441176470587,low,0.2941,7,0.6666666666666666,True,NOERROR,1,3600,2,2,True,False,1,197695,RU,True,,,,,0,False,False,False,benign,no_adverse_signal
757tk.cc,2026-07-16,8,1.9219280948873623,0.375,0,0.0,-12.312585714285715,low,0.4,2,0.8,True,NOERROR,1,10800,0,2,False,False,0,16509,US,True,DYNADOT LLC,5,365,True,25,False,False,,benign,no_adverse_signal
playfortuna-wkw.top,2026-07-16,19,3.640223928941852,0.0,1,0.4,-7.858144444444444,high,0.4615,3,0.8666666666666667,True,NOERROR,1,7200,0,3,False,False,0,57724,RU,True,"NameSilo, LLC",4,365,True,0,False,False,,benign,no_adverse_signal
dowarmy.io,2026-07-16,10,2.807354922057604,0.0,0,0.4,-7.14140909090909,low,0.5455,3,1.0,True,NOERROR,2,600,0,2,False,False,0,16509,US,True,"GoDaddy.com, LLC",12,1096,True,37,False,False,,benign,no_adverse_signal
h37o.top,2026-07-16,8,2.0,0.25,0,1.0,-12.462,high,0.5714,1,1.0,True,NOERROR,1,60,0,4,False,True,0,18186,US,False,NameMart Pte. Ltd.,4,365,False,0,False,False,,benign,no_adverse_signal
doctari.hamburg,2026-07-16,15,2.807354922057604,0.0,0,0.75,-6.5687181818181815,low,0.6154,2,1.0,False,NOERROR,0,,0,3,False,False,0,,,,Key-Systems LLC,3008,3287,False,,,False,,benign,no_adverse_signal
trymarketing.help,2026-07-16,17,3.2516291673878226,0.0,0,0.3333333333333333,-6.447290476190476,low,0.5217,4,0.8333333333333334,False,NOERROR,0,,1,2,True,False,0,,,,Porkbun LLC,4,365,False,,,False,False,benign,no_adverse_signal
chenghenaimoban.com,2026-07-16,19,3.189898095464287,0.0,0,0.6666666666666666,-6.6514999999999995,low,0.5385,3,0.6666666666666666,False,NOERROR,0,,0,2,False,False,0,,,,Gname 439 Inc,4,365,False,,,False,,benign,no_adverse_signal
txpays.top,2026-07-16,10,2.584962500721156,0.0,0,0.2,-8.15401111111111,high,0.6154,3,1.0,True,NOERROR,1,600,0,2,False,False,0,142286,HK,False,"Hefei Juming Network Technology Co., Ltd.",4,364,True,0,True,False,,malicious,spamhaus_zen
wsn8983.cc,2026-07-16,10,2.521640636343318,0.4,0,0.0,-10.222754545454546,low,0.4,3,0.8571428571428571,True,NOERROR,1,60,0,2,False,True,0,59371,HK,False,Gname.com Pte. Ltd.,4,365,True,0,False,False,,benign,no_adverse_signal
maarteng.com,2026-07-16,12,2.75,0.0,0,0.6,-6.438592307692308,low,0.5455,2,0.875,True,NOERROR,1,0,0,0,False,False,0,12915,DE,False,"Ascio Technologies, Inc",4,365,False,0,False,False,,benign,no_adverse_signal
all-in-one-vite.com,2026-07-16,19,3.0565647621309537,0.0,3,1.0,-7.337214814814815,low,0.56,2,0.6,True,NOERROR,1,900,1,2,False,False,0,15348,CA,False,"TUCOWS.COM, CO.",4,365,True,0,False,False,False,benign,no_adverse_signal
huanle6823.cc,2026-07-16,13,3.321928094887362,0.3076923076923077,0,1.0,-9.636088235294118,low,0.5,2,1.0,False,NOERROR,0,,0,2,False,False,0,,,,"NameSilo, LLC",4,365,True,,,False,,benign,no_adverse_signal
teufelsmoor-legenden.de,2026-07-16,23,3.4414460711655215,0.0,1,0.7272727272727273,-7.416648648648649,low,0.3871,3,0.65,True,NOERROR,1,7200,1,2,True,False,0,34788,DE,True,,,,False,0,False,False,False,benign,no_adverse_signal
brandkoi855.xyz,2026-07-16,15,3.277613436819116,0.2,0,0.6,-8.90008947368421,high,0.5556,3,0.9090909090909091,True,NOERROR,2,300,0,2,False,False,2,13335,US,False,DYNADOT LLC,4,365,True,0,False,False,,benign,no_adverse_signal
dev-lhit.com,2026-07-16,12,3.0,0.0,1,0.4,-8.660146153846155,low,0.5556,2,1.0,False,NOERROR,0,,0,2,False,False,0,,,,Regtime Ltd.,4,365,False,,,False,,benign,no_adverse_signal
trendst.net,2026-07-16,11,2.5216406363433186,0.0,0,0.16666666666666666,-6.208618181818181,low,0.625,4,0.8571428571428571,True,NOERROR,2,14400,1,4,True,False,0,16509,US,True,Squarespace Domains II LLC,4,365,True,0,False,False,False,benign,no_adverse_signal
truckandloads.com,2026-07-16,17,3.3927474104487847,0.0,0,0.4444444444444444,-7.088278260869566,low,0.5217,3,0.8461538461538461,True,NOERROR,1,1800,1,2,True,False,0,22612,US,False,NAMECHEAP INC,4,365,True,0,False,False,False,benign,no_adverse_signal
bljphs220.vip,2026-07-16,13,2.9477027792200903,0.23076923076923078,0,0.0,-10.484293333333333,low,0.4,6,0.8888888888888888,True,NOERROR,1,60,0,2,False,True,0,38186,HK,True,DYNADOT LLC,4,365,True,0,True,True,,malicious,spamhaus_zen
dansplainephoto.com,2026-07-16,19,3.373557262275185,0.0,0,0.6666666666666666,-6.530844444444444,low,0.5385,4,0.7333333333333333,False,NOERROR,0,,3,2,True,False,0,,,,Realtime Register B.V.,4,365,False,,,False,False,benign,no_adverse_signal
down2earthstraws.com,2026-07-16,20,3.375,0.05,0,0.36363636363636365,-7.733168965517241,low,0.5217,6,0.6875,True,NOERROR,1,300,3,2,True,False,0,16509,US,False,"Cloudflare, Inc.",4,365,True,0,False,False,False,benign,no_adverse_signal
itskrystalart.com,2026-07-16,17,2.8731406795131336,0.0,0,0.3,-6.869800000000001,low,0.5217,7,0.6153846153846154,True,NOERROR,4,14400,0,4,True,False,0,53831,US,False,Squarespace Domains LLC,4,365,True,16,False,False,,benign,no_adverse_signal
get0drift.com,2026-07-16,13,2.94770277922009,0.07692307692307693,0,0.3333333333333333,-9.003493333333333,low,0.5263,2,0.8888888888888888,True,NOERROR,2,300,0,2,False,False,0,16509,US,True,"Spaceship, Inc.",4,365,False,0,False,False,,benign,no_adverse_signal
isolierungen.hamburg,2026-07-16,20,3.084962500721156,0.0,0,1.0,-6.574966666666667,low,0.5455,2,0.75,True,NOERROR,1,316,2,3,True,False,0,202108,DE,True,united domains AG,4343,4383,False,0,False,False,False,benign,no_adverse_signal
kyd6cyqb.top,2026-07-16,12,2.75,0.08333333333333333,0,0.0,-11.540323076923077,high,0.375,4,0.875,True,NOERROR,3,60,0,2,False,True,0,138995,US,False,Dominet (HK) Limited,4,365,True,0,True,True,,malicious,spamhaus_zen
terreduroi.fr,2026-07-16,13,2.6464393446710153,0.0,0,1.0,-6.6732000000000005,low,0.6,2,0.7,True,NOERROR,1,3600,2,4,True,False,1,8560,DE,True,IONOS SE,3,364,False,1,False,False,False,benign,no_adverse_signal
winsalesai.com,2026-07-16,14,2.721928094887362,0.0,0,1.0,-6.3597882352941175,low,0.5455,2,0.7,True,NOERROR,1,86400,0,2,False,False,0,16509,US,True,"TUCOWS.COM, CO.",373,730,True,0,False,False,,benign,no_adverse_signal
colstoncabot.com,2026-07-16,16,2.8553885422075336,0.0,0,0.5,-6.689595238095238,low,0.4615,3,0.6666666666666666,False,NOERROR,0,,3,2,True,False,0,,,,"Amazon Registrar, Inc.",4,365,True,,,False,False,benign,no_adverse_signal
obrolanvidey.com,2026-07-16,16,3.418295834054489,0.0,0,0.7142857142857143,-6.878438095238096,low,0.6087,2,0.9166666666666666,True,NOERROR,2,300,5,2,True,False,2,13335,US,False,NAMECHEAP INC,4,365,True,0,False,False,False,benign,no_adverse_signal
12bplayzone.com,2026-07-16,15,3.459431618637298,0.13333333333333333,0,0.5,-8.120815789473685,low,0.5455,3,1.0,True,NOERROR,2,60,2,2,True,False,2,47583,LT,True,"GoDaddy.com, LLC",4,731,True,0,False,False,False,benign,no_adverse_signal
trovecoupon.com,2026-07-16,15,3.027169118440619,0.0,0,0.8333333333333334,-6.596815789473684,low,0.6316,2,0.8181818181818182,True,NOERROR,1,300,5,2,True,False,0,63949,US,True,NAMECHEAP INC,4,365,True,0,False,False,False,benign,no_adverse_signal
tamilmv.io,2026-07-16,10,2.5216406363433186,0.0,0,0.4,-7.319718181818183,low,0.5455,3,0.8571428571428571,True,NOERROR,2,300,0,2,False,False,2,13335,US,False,"Spaceship, Inc.",7,365,True,0,False,False,,benign,no_adverse_signal
islandbarclaysjamaica.xyz,2026-07-16,25,3.27280432733462,0.0,0,0.6153846153846154,-7.012138461538462,high,0.4848,3,0.5714285714285714,True,NOERROR,1,600,0,2,False,False,0,396982,US,True,"GoDaddy.com, LLC",3,365,True,34,False,False,,benign,no_adverse_signal
thelandingmovement.co.uk,2026-07-16,24,3.419381945646371,0.0,0,0.5,-6.341563636363636,low,0.5517,3,0.6666666666666666,True,NOERROR,2,3600,0,2,False,False,0,16509,US,True,"GoDaddy.com, LLC. [Tag = GODADDY]",5,1096,False,20,False,False,,benign,no_adverse_signal
zzsyzgpt.com,2026-07-16,12,2.4056390622295662,0.0,0,0.0,-10.495361538461538,low,0.4615,8,0.75,False,timeout,0,,0,0,False,False,0,,,,"Chengdu west dimension digital technology Co., LTD",4,365,True,,,False,,benign,no_adverse_signal
zbi.hamburg,2026-07-16,11,1.584962500721156,0.0,0,0.5,-8.618966666666667,low,0.6667,2,1.0,True,NOERROR,1,150,1,2,False,False,1,6724,DE,True,Cronon GmbH,1110,1461,False,0,False,False,False,benign,no_adverse_signal
deseyer-solutions.de,2026-07-16,20,3.4104172527605203,0.0,1,0.7777777777777778,-6.847545161290323,low,0.5,2,0.7058823529411765,True,NOERROR,1,150,1,2,False,False,1,8560,DE,True,,,,False,0,False,False,False,benign,no_adverse_signal
webinar-tochka.ru,2026-07-16,17,3.6644977792004623,0.0,1,0.625,-7.354532000000001,low,0.5,3,0.9285714285714286,True,NOERROR,2,300,0,2,False,False,2,13335,US,False,DOMAINSHOP-RU,8,365,False,0,False,False,,benign,no_adverse_signal
extreme-casino-canada-play.com,2026-07-16,30,3.7343083535732546,0.0,3,0.7692307692307693,-6.850804081632653,low,0.4286,3,0.6153846153846154,True,NOERROR,2,300,0,2,False,False,2,13335,US,False,Hosting Concepts B.V. d/b/a Registrar.eu,4,365,True,0,False,False,,benign,no_adverse_signal
akwazwier.com,2026-07-16,13,2.725480556997868,0.0,0,0.8,-8.4502,low,0.6154,2,0.7777777777777778,True,NOERROR,2,300,3,2,True,False,2,13335,US,False,"Spaceship, Inc.",4,365,False,0,False,False,False,benign,no_adverse_signal
makeyourworld.in,2026-07-16,16,3.3927474104487847,0.0,0,0.625,-7.1989217391304345,low,0.4762,3,0.8461538461538461,True,NOERROR,1,600,0,2,False,False,0,16509,US,True,"GoDaddy.com, LLC",4,365,False,31,False,False,,benign,no_adverse_signal
erpdas.app,2026-07-16,10,2.584962500721156,0.0,0,0.5,-7.56508888888889,low,0.6667,3,1.0,False,NOERROR,0,,0,4,True,False,0,,,,,,,False,,,False,,benign,no_adverse_signal
stichtingfbf.nl,2026-07-16,15,3.084962500721156,0.0,0,0.2,-7.500500000000001,low,0.5263,5,0.75,True,NOERROR,1,600,1,3,True,False,1,206281,NL,True,ZXCS,5,,False,0,False,False,False,benign,no_adverse_signal
duesclothing.com,2026-07-16,16,3.584962500721156,0.0,0,0.5,-6.634342857142857,low,0.6,3,1.0,True,NOERROR,1,3600,1,4,True,False,0,14618,US,True,CNOBIN INFORMATION TECHNOLOGY LIMITED,376,730,False,0,False,False,False,benign,no_adverse_signal
yuhuo3752.cc,2026-07-16,12,2.94770277922009,0.3333333333333333,0,1.5,-10.83828,low,0.4286,1,0.8888888888888888,False,NOERROR,0,,0,2,False,False,0,,,,"NameSilo, LLC",5,365,True,,,False,,benign,no_adverse_signal
vicinitystore.com,2026-07-16,17,3.180832987205441,0.0,0,0.625,-6.302808695652174,low,0.48,4,0.7692307692307693,True,NOERROR,4,30,0,2,False,False,8,213230,US,True,Domain Science Kutatasi Szolgaltato,5,365,True,0,False,False,,benign,no_adverse_signal
seelistencreate.com,2026-07-16,19,2.8662478973127308,0.0,0,0.875,-6.232137037037036,low,0.5714,3,0.6,True,NOERROR,2,3600,0,2,False,False,0,16509,US,True,"GoDaddy.com, LLC",4,1096,True,20,False,False,,benign,no_adverse_signal
mega777r.com,2026-07-16,12,2.4056390622295662,0.25,0,0.6666666666666666,-8.85006923076923,low,0.4615,1,0.75,True,NOERROR,2,300,0,2,False,False,2,13335,US,False,Dominet (HK) Limited,4,365,False,0,False,False,,benign,no_adverse_signal
klarakocht.de,2026-07-16,13,2.9219280948873623,0.0,0,0.42857142857142855,-7.1812,low,0.5,3,0.8,True,NOERROR,1,300,0,2,False,False,0,197540,DE,True,,,,False,0,False,False,,benign,no_adverse_signal
hem8391sfri5h-sd1f.com,2026-07-16,22,3.7254805569978675,0.2727272727272727,1,0.2222222222222222,-10.871145454545454,low,0.3333,3,0.7777777777777778,True,NOERROR,2,600,0,2,False,False,0,16509,US,True,"GoDaddy.com, LLC",4,365,True,37,False,False,,benign,no_adverse_signal
veiksmeplay.com,2026-07-16,15,3.2776134368191165,0.0,0,0.5714285714285714,-7.426310526315789,low,0.5,3,0.9090909090909091,False,NOERROR,0,,0,2,False,False,0,,,,NAMECHEAP INC,4,365,True,,,False,,benign,no_adverse_signal
patiwala.pk,2026-07-16,11,2.4056390622295662,0.0,0,1.0,-6.848569230769231,low,0.5714,1,0.75,True,NOERROR,2,1800,0,2,False,False,0,16509,US,False,,6,731,False,0,False,False,,benign,no_adverse_signal
pljxl.com,2026-07-16,9,1.9219280948873623,0.0,0,0.0,-11.075871428571428,low,0.4444,5,0.8,False,NOERROR,0,,1,1,True,False,0,,,,"GMO Internet, Inc.",4,365,True,,,True,False,malicious,spamhaus_dbl
taxdomealliance.com,2026-07-16,19,3.323231428797621,0.0,0,0.875,-6.808792592592592,low,0.6154,2,0.7333333333333333,True,NOERROR,2,27,0,4,False,False,0,,US,False,Porkbun LLC,380,730,False,0,False,False,,benign,no_adverse_signal
szgoda.com,2026-07-16,10,2.584962500721156,0.0,0,0.5,-8.7176,low,0.6154,3,1.0,False,NOERROR,0,,0,2,False,False,0,,,,"DNSPod, Inc.",4,1096,False,,,False,,benign,no_adverse_signal
addictivetoyscuresall.com,2026-07-16,25,3.630412660873998,0.0,0,0.6153846153846154,-6.810720512820514,low,0.439,3,0.6190476190476191,True,NOERROR,1,1800,0,0,False,False,0,58182,US,True,Wix.com Ltd.,738,1095,True,0,False,False,,benign,no_adverse_signal
5foundrypark.com,2026-07-16,16,3.4182958340544896,0.0625,0,0.375,-7.619638095238096,low,0.5,5,0.9166666666666666,True,NOERROR,2,600,0,2,False,False,0,16509,US,True,"GoDaddy.com, LLC",4,1096,True,37,False,False,,benign,no_adverse_signal
canvasofcultures.com,2026-07-16,20,3.5,0.0,0,0.6,-7.212320689655172,low,0.4762,2,0.75,True,NOERROR,2,600,0,2,False,False,0,16509,US,True,"GoDaddy.com, LLC",4,365,True,37,False,False,,benign,no_adverse_signal
cidimi.com,2026-07-16,10,1.7924812503605778,0.0,0,1.0,-7.117244444444444,low,0.5,1,0.6666666666666666,True,NOERROR,1,600,0,2,False,False,0,23764,HK,False,"Vantage of Convergence (Chengdu) Technology Co., Ltd.",4,365,False,0,False,False,,benign,no_adverse_signal
lookri.ch,2026-07-16,9,2.2516291673878226,0.0,0,1.0,-7.229122222222222,low,0.6154,2,0.8333333333333334,False,NOERROR,0,,0,2,False,False,0,,,,,,,False,,,False,,benign,no_adverse_signal
courseinvigorate.digital,2026-07-16,24,3.5,0.0,0,1.0,-6.708665517241379,low,0.5882,2,0.75,True,NOERROR,2,300,0,2,False,False,2,13335,US,False,,,,,0,False,False,,benign,no_adverse_signal
bn-yapi.com,2026-07-16,11,2.807354922057604,0.0,1,0.5,-8.662781818181818,low,0.6154,2,1.0,True,NOERROR,1,14400,1,4,False,False,0,42846,TR,True,Atak Domain,4,1826,False,0,False,False,False,benign,no_adverse_signal
anutis.com,2026-07-16,10,2.584962500721156,0.0,0,1.0,-6.836855555555555,low,0.6154,1,1.0,False,NXDOMAIN,0,,0,0,False,False,0,,,,,,,,,,False,,benign,no_adverse_signal
sykdkpyybl.cc,2026-07-16,13,2.6464393446710153,0.0,0,0.0,-10.693888235294118,low,0.4,10,0.7,True,NOERROR,10,1,0,2,False,False,0,18186,US,False,"GoDaddy.com, LLC",5,365,True,0,False,False,,benign,no_adverse_signal
yuceldr.xyz,2026-07-16,11,2.807354922057604,0.0,0,0.4,-7.726627272727272,high,0.5333,3,1.0,True,NOERROR,2,58,0,4,False,False,0,,US,False,Porkbun LLC,381,730,False,0,False,False,,benign,no_adverse_signal
einsicht-consulting.com,2026-07-16,23,3.43162356584743,0.0,1,0.5,-6.684625714285715,low,0.5,3,0.631578947368421,True,NOERROR,1,3600,2,4,True,False,1,8560,DE,True,IONOS SE,4,365,True,0,False,False,False,benign,no_adverse_signal
at-yourservicebook.com,2026-07-16,22,3.6835423624332306,0.0,1,0.8888888888888888,-7.108745454545455,low,0.5806,2,0.7777777777777778,True,NOERROR,2,300,0,2,False,False,0,16509,US,True,"Spaceship, Inc.",4,731,False,0,False,False,,benign,no_adverse_signal
thesaywhatt.com,2026-07-16,15,2.663532754804255,0.0,0,0.375,-7.191736842105263,low,0.5263,3,0.6363636363636364,False,NOERROR,0,,1,4,True,False,0,,,,PDR Ltd. d/b/a PublicDomainRegistry.com,3,365,True,,,False,False,benign,no_adverse_signal
motecas.com,2026-07-16,11,2.807354922057604,0.0,0,0.75,-6.123981818181818,low,0.6,1,1.0,True,NOERROR,1,86400,0,2,False,False,0,16509,US,True,"TUCOWS.COM, CO.",373,730,True,0,False,False,,benign,no_adverse_signal
pequemente.shop,2026-07-16,15,2.5219280948873624,0.0,0,1.0,-7.044682352941177,low,0.64,2,0.7,True,NOERROR,1,300,0,2,False,False,0,13335,CA,True,,,,False,0,False,False,,benign,no_adverse_signal
garicoconut.click,2026-07-16,17,3.095795255000934,0.0,0,0.8333333333333334,-6.621784210526316,medium,0.56,1,0.8181818181818182,False,NOERROR,0,,0,2,False,False,0,,,,NAMECHEAP INC,4,365,True,,,False,,benign,no_adverse_signal
joinaitribe.com,2026-07-16,15,3.027169118440619,0.0,0,1.2,-6.8295473684210535,low,0.5882,2,0.8181818181818182,True,NOERROR,1,35,2,2,True,False,0,60068,BG,True,"Cloudflare, Inc.",4,365,True,28,False,False,False,benign,no_adverse_signal
nexivofy.com,2026-07-16,12,3.0,0.0,0,0.6,-8.03116923076923,low,0.4615,2,1.0,True,NOERROR,2,300,0,2,False,False,2,13335,US,False,"NameSilo, LLC",4,365,True,0,False,False,,benign,no_adverse_signal
sdstarki.com,2026-07-16,12,2.75,0.0,0,0.3333333333333333,-6.716984615384616,low,0.625,4,0.875,False,NXDOMAIN,0,,0,0,False,False,0,,,,,,,,,,False,,benign,no_adverse_signal
myavtoforum.ru,2026-07-16,14,3.0957952550009344,0.0,0,0.5714285714285714,-7.642084210526316,low,0.5,2,0.8181818181818182,True,NOERROR,1,86400,0,2,False,False,0,197695,RU,False,REGRU-RU,4,365,False,0,False,False,,benign,no_adverse_signal
vetstudy-library.com,2026-07-16,20,3.625,0.0,1,0.36363636363636365,-7.258924137931035,low,0.4348,3,0.8125,True,NOERROR,1,3600,1,3,True,False,0,58791,JP,True,"GMO Internet, Inc.",4,365,True,0,False,False,False,benign,no_adverse_signal
yuhuo4009.cc,2026-07-16,12,2.725480556997868,0.3333333333333333,0,1.5,-10.32184,low,0.4286,1,0.7777777777777778,False,NOERROR,0,,0,2,False,False,0,,,,"NameSilo, LLC",5,365,True,,,False,,benign,no_adverse_signal
jenifferinn.com,2026-07-16,15,2.481714572986073,0.0,0,0.5714285714285714,-7.072484210526317,low,0.4444,2,0.5454545454545454,True,NOERROR,1,14400,0,2,False,False,0,16509,US,False,"HOSTINGER operations, UAB",4,731,False,0,False,False,,benign,no_adverse_signal
drlauramurphy.com,2026-07-16,17,3.0269868333592873,0.0,0,0.4444444444444444,-7.68,low,0.4,4,0.6923076923076923,True,NOERROR,1,14400,4,3,True,False,0,45638,AU,True,Synergy Wholesale Accreditations Pty Ltd,3,365,True,0,False,False,False,benign,no_adverse_signal
nohateloveall.com,2026-07-16,17,2.873140679513133,0.0,0,0.8571428571428571,-6.647265217391305,low,0.5,2,0.6153846153846154,False,NOERROR,0,,3,2,True,False,0,,,,"Amazon Registrar, Inc.",4,365,True,,,False,False,benign,no_adverse_signal
delegadaoliviafonseca.com.br,2026-07-16,28,3.403989446485261,0.0,0,1.1,-6.843553846153846,low,0.4516,2,0.5714285714285714,True,NOERROR,1,300,1,4,False,False,0,16509,BR,True,,7,365,False,0,False,False,False,benign,no_adverse_signal
188montague.com,2026-07-16,15,3.2776134368191165,0.2,0,1.0,-7.881215789473684,low,0.5,2,0.9090909090909091,True,NOERROR,2,300,0,2,False,False,2,13335,US,False,"Cloudflare, Inc.",4,365,True,0,False,False,,benign,no_adverse_signal
yslcookgear.com,2026-07-16,15,3.277613436819116,0.0,0,0.5714285714285714,-7.761036842105263,low,0.6,4,0.9090909090909091,True,NOERROR,1,600,0,2,False,True,0,132203,US,False,"DNSPod, Inc.",4,365,False,0,True,False,,malicious,spamhaus_zen
bikashdigitech.in,2026-07-16,17,3.3248629576173574,0.0,0,0.5555555555555556,-6.898704,low,0.5833,3,0.7857142857142857,True,NOERROR,2,300,0,2,False,False,2,13335,US,False,NAMECHEAP,8,365,False,0,False,False,,benign,no_adverse_signal
voltaireconnexion.fr,2026-07-16,20,3.2927701939369904,0.0,0,0.8888888888888888,-6.6234290322580645,low,0.48,2,0.6470588235294118,True,NOERROR,1,3600,0,2,False,False,0,47583,FR,True,Hostinger operations UAB,2,1095,False,0,False,False,,benign,no_adverse_signal
yandusinteriors.com,2026-07-16,19,3.3735572622751855,0.0,0,0.6666666666666666,-6.301725925925926,low,0.5,2,0.7333333333333333,False,timeout,0,,0,0,False,False,0,,,,INWX GmbH,4,365,True,,,False,,benign,no_adverse_signal
attorneystats.com,2026-07-16,17,2.7773627950641697,0.0,0,0.4444444444444444,-6.479465217391305,low,0.5385,3,0.6153846153846154,True,NOERROR,2,3600,1,2,True,False,0,16509,US,True,DYNADOT LLC,4,365,True,59,False,False,,malicious,abuseipdb
dr-haidl-figar.com,2026-07-16,18,3.09306920777189,0.0,2,0.5,-8.130256,low,0.4615,2,0.6428571428571429,True,NOERROR,3,3600,1,2,True,False,0,58182,US,True,Wix.com Ltd.,4,365,False,19,False,False,False,benign,no_adverse_signal
hoodcrypto.app,2026-07-16,14,2.8464393446710154,0.0,0,0.42857142857142855,-7.604617647058824,low,0.5714,6,0.8,True,NOERROR,2,600,0,2,False,False,0,16509,US,False,,,,False,0,False,False,,benign,no_adverse_signal
qataershijebeijuesaiy.com.cn,2026-07-16,28,3.368042422572715,0.0,0,1.1,-7.989025641025641,low,0.4118,3,0.5714285714285714,True,NOERROR,1,300,0,2,False,False,0,132839,CL,False,长春市智绘网络科技有限公司,19,365,False,0,False,False,,benign,no_adverse_signal
isalynthelabel.com,2026-07-16,18,3.182005814760214,0.0,0,0.5555555555555556,-6.812288,low,0.5263,5,0.7142857142857143,True,NOERROR,1,86400,0,4,False,False,1,13335,CA,True,"TUCOWS.COM, CO.",4,365,True,0,False,False,,benign,no_adverse_signal
deep-wide.com,2026-07-16,13,2.4193819456463714,0.0,1,1.0,-7.860993333333334,low,0.5714,1,0.6666666666666666,True,NOERROR,1,3600,1,3,True,False,0,16686,CA,True,"easyDNS Technologies, Inc.",4,365,False,0,False,False,False,benign,no_adverse_signal
lrcustomsbroker.com,2026-07-16,19,3.3232314287976203,0.0,0,0.36363636363636365,-7.2641074074074075,low,0.5,4,0.7333333333333333,True,NOERROR,1,14400,1,4,True,False,0,16509,US,True,Squarespace Domains LLC,4,1096,True,31,False,False,False,benign,no_adverse_signal
fieldsense.live,2026-07-16,15,2.6464393446710157,0.0,0,0.6666666666666666,-6.813711764705882,low,0.5,3,0.7,True,NOERROR,1,300,0,4,False,False,0,13335,DE,True,,,,False,45,False,False,,benign,no_adverse_signal
kasaracalifornia.com,2026-07-16,20,3.024397470347699,0.0,0,1.0,-6.527203448275863,low,0.5,2,0.625,True,NOERROR,2,600,0,2,False,False,0,16509,US,True,"GoDaddy.com, LLC",4,1826,True,37,False,False,,benign,no_adverse_signal
desboerreducer.com,2026-07-16,18,2.7534343861887853,0.0,0,0.75,-7.125159999999999,low,0.5263,2,0.5714285714285714,True,NOERROR,1,600,0,2,False,False,0,45102,US,False,Alibaba Cloud Computing Ltd. d/b/a HiChina (www.net.cn),4,365,False,0,False,False,,benign,no_adverse_signal
alldomains.online,2026-07-16,17,2.9219280948873623,0.0,0,0.6666666666666666,-6.398505882352942,medium,0.6957,3,0.8,True,NOERROR,2,21,0,4,False,False,0,,US,False,Porkbun LLC,3,365,False,0,False,False,,benign,no_adverse_signal
apmgresources.com,2026-07-16,17,3.238901256602631,0.0,0,0.625,-7.115369565217391,low,0.6087,4,0.7692307692307693,True,NOERROR,2,60,0,2,False,False,2,47583,LT,False,"HOSTINGER operations, UAB",4,365,False,0,False,False,,benign,no_adverse_signal
moneyharbour.co.uk,2026-07-16,18,3.2516291673878226,0.0,0,0.7142857142857143,-6.9482380952380955,low,0.48,2,0.8333333333333334,True,NOERROR,4,600,0,2,False,False,0,54113,US,True,"GoDaddy.com, LLC. [Tag = GODADDY]",5,365,False,46,False,False,,benign,no_adverse_signal
floorfest.com,2026-07-16,13,2.725480556997868,0.0,0,0.5,-6.988413333333333,low,0.6667,2,0.7777777777777778,True,NOERROR,2,3600,1,2,True,False,0,16509,US,True,"NameSilo, LLC",4,365,True,59,False,False,,malicious,abuseipdb
horizonbrick.com,2026-07-16,16,3.0849625007211556,0.0,0,0.5,-6.950504761904762,low,0.5,3,0.75,True,NOERROR,2,10800,0,2,True,False,2,14618,US,True,DropCatch.com 1495 LLC,4,365,False,0,False,False,,benign,no_adverse_signal
gethadocanarias.com,2026-07-16,19,3.3735572622751846,0.0,0,0.875,-6.480292592592592,low,0.5161,2,0.8,False,NOERROR,0,,1,4,True,False,0,,,,PDR Ltd. d/b/a PublicDomainRegistry.com,4,365,True,,,False,False,benign,no_adverse_signal
celebnexo.com,2026-07-16,13,2.6416041678685933,0.0,0,0.8,-7.317906666666667,low,0.5714,2,0.7777777777777778,True,NOERROR,2,300,0,2,False,False,2,13335,US,False,"NameSilo, LLC",4,365,True,0,False,False,,benign,no_adverse_signal
biadvertising.com,2026-07-16,17,3.334679141051595,0.0,0,0.625,-6.495386956521739,low,0.5,2,0.8461538461538461,True,NOERROR,2,3600,1,2,True,False,0,16509,US,True,"GoDaddy.com, LLC",4,365,False,59,False,False,,malicious,abuseipdb
jpiperhomes.com,2026-07-16,15,3.0957952550009344,0.0,0,0.5714285714285714,-7.203015789473684,low,0.6,2,0.8181818181818182,True,NOERROR,1,600,2,2,True,False,0,13335,US,False,"GoDaddy.com, LLC",3,365,True,0,False,False,False,benign,no_adverse_signal
betberlin236.com,2026-07-16,16,3.2516291673878226,0.1875,0,0.5,-7.501361904761904,low,0.4706,2,0.8333333333333334,True,NOERROR,1,1800,5,2,True,False,0,22612,US,False,NAMECHEAP INC,4,365,True,0,False,False,False,benign,no_adverse_signal
sdjljl.com,2026-07-16,10,1.9182958340544896,0.0,0,0.0,-10.382144444444444,low,0.6,6,0.6666666666666666,True,NOERROR,2,300,0,2,False,False,2,13335,US,False,"GoDaddy.com, LLC",4,365,True,0,False,False,,benign,no_adverse_signal
founduai.com,2026-07-16,12,2.75,0.0,0,1.6666666666666667,-7.221676923076923,low,0.5714,2,0.875,False,NOERROR,0,,3,2,True,False,0,,,,Alibaba Cloud Computing Ltd. d/b/a HiChina (www.net.cn),4,365,False,,,False,False,benign,no_adverse_signal
whkixt.com,2026-07-16,10,2.584962500721156,0.0,0,0.2,-9.451722222222223,low,0.6154,3,1.0,True,NOERROR,2,300,0,2,False,False,2,13335,US,False,NAMECHEAP INC,3,365,False,0,False,False,,benign,no_adverse_signal
maestrapetroniladelamor.com,2026-07-16,27,3.414441303694973,0.0,0,0.7692307692307693,-6.5172976744186055,low,0.4706,3,0.5217391304347826,True,NOERROR,1,14400,1,2,False,False,0,264649,AR,True,"NameCheap, Inc.",4,365,False,0,False,False,False,benign,no_adverse_signal
mugelloinbike.com,2026-07-16,17,3.238901256602631,0.0,0,0.8571428571428571,-7.42534347826087,low,0.5455,2,0.7692307692307693,True,NOERROR,1,3600,0,4,False,False,0,8560,ES,False,"TUCOWS.COM, CO.",5485,5844,True,0,False,False,,benign,no_adverse_signal
hansemedizin.hamburg,2026-07-16,20,3.084962500721156,0.0,0,0.7142857142857143,-6.6337142857142855,low,0.6087,2,0.75,True,NOERROR,1,150,1,2,False,False,1,8560,DE,True,Cronon GmbH,1421,1461,False,0,False,False,False,benign,no_adverse_signal
rossyzapata.com,2026-07-16,15,2.8453509366224368,0.0,0,0.5714285714285714,-7.45241052631579,low,0.5263,4,0.7272727272727273,True,NOERROR,2,300,0,2,False,False,2,13335,US,False,"Cloudflare, Inc.",3,365,True,0,False,False,,benign,no_adverse_signal
nerdverlag-techlab.com,2026-07-16,22,3.5724312513221195,0.0,1,0.4166666666666667,-7.20500303030303,low,0.48,3,0.7222222222222222,True,NOERROR,1,86400,2,2,True,False,1,3320,DE,True,Deutsche Telekom AG,4,365,False,19,False,False,False,benign,no_adverse_signal
lampustrong.com,2026-07-16,15,3.459431618637298,0.0,0,0.375,-6.454978947368421,low,0.5556,3,1.0,True,NOERROR,2,300,0,2,True,False,2,13335,US,False,"GoDaddy.com, LLC",4,365,True,0,False,False,,benign,no_adverse_signal
positivitypowered.com,2026-07-16,21,3.337175341123077,0.0,0,0.7,-6.689590322580645,low,0.6207,3,0.6470588235294118,True,NOERROR,1,14400,3,2,True,False,0,22612,US,True,"NameCheap, Inc.",4,365,False,0,False,False,False,benign,no_adverse_signal
yellowho.com,2026-07-16,12,2.5,0.0,0,0.6,-7.258876923076924,low,0.5455,2,0.75,False,NOERROR,0,,1,2,True,False,0,,,,NAMECHEAP INC,4,365,True,,,False,False,benign,no_adverse_signal
ur-apple.top,2026-07-16,12,2.75,0.0,1,0.75,-7.2907769230769235,high,0.7692,3,0.875,False,NXDOMAIN,0,,0,0,False,False,0,,,,"NameSilo, LLC",4,365,False,,,True,,malicious,spamhaus_dbl
xsjt9999.com,2026-07-16,12,2.0,0.3333333333333333,0,0.0,-10.122392307692309,low,0.4,4,0.625,False,NOERROR,0,,0,2,False,False,0,,,,"GMO Internet, Inc.",4,365,True,,,False,,benign,no_adverse_signal
rohitsharma1kda.com,2026-07-16,19,3.3232314287976203,0.05263157894736842,0,0.5555555555555556,-8.001903703703704,low,0.4545,3,0.7333333333333333,True,NOERROR,2,300,0,2,False,False,0,16509,US,True,"GoDaddy.com, LLC",4,1096,True,20,False,False,,benign,no_adverse_signal
manuellemedizin.hamburg,2026-07-16,23,3.056564762130954,0.0,0,0.875,-6.796155555555555,low,0.5385,2,0.6,True,NOERROR,1,150,1,2,False,False,1,8560,DE,True,Cronon GmbH,2217,2556,False,10,False,False,False,benign,no_adverse_signal
deathofthenonprofit.com,2026-07-16,23,3.3263604079526936,0.0,0,0.5833333333333334,-6.853614285714285,low,0.4615,3,0.5789473684210527,True,NOERROR,2,3600,0,2,False,False,0,16509,US,True,"GoDaddy.com, LLC",4,365,True,20,False,False,,benign,no_adverse_signal
teplomore.ru,2026-07-16,12,2.725480556997868,0.0,0,0.8,-6.650206666666667,low,0.625,2,0.7777777777777778,True,NOERROR,1,600,2,6,True,False,0,198610,RU,False,BEGET-RU,5,365,False,0,False,False,False,benign,no_adverse_signal
zellenradschleuse-nj.de,2026-07-16,23,3.4841837197791885,0.0,1,0.46153846153846156,-7.443764864864866,low,0.4444,5,0.65,True,NOERROR,1,300,0,2,False,False,0,24940,DE,True,,,,False,0,False,False,,benign,no_adverse_signal
carmatsurplus.com,2026-07-16,17,3.085055102756477,0.0,0,0.4444444444444444,-6.7598652173913045,low,0.5833,3,0.6923076923076923,True,NOERROR,1,1800,5,2,True,False,0,22612,US,False,"NameCheap, Inc.",3,365,False,0,False,False,False,benign,no_adverse_signal
myportday.com,2026-07-16,13,2.94770277922009,0.0,0,0.2857142857142857,-7.086373333333333,low,0.5,3,0.8888888888888888,True,NOERROR,1,3600,2,2,True,False,0,54113,US,False,"GoDaddy.com, LLC",410,730,True,0,False,False,False,benign,no_adverse_signal
startupunit.hamburg,2026-07-16,19,2.8453509366224368,0.0,0,0.5714285714285714,-6.633010526315789,low,0.6316,2,0.7272727272727273,True,NOERROR,1,7200,1,2,True,False,0,34788,DE,True,RegistryGate GmbH,2626,2922,False,0,False,False,False,benign,no_adverse_signal
smart-bipv.com,2026-07-16,14,3.321928094887362,0.0,1,0.2857142857142857,-7.55274705882353,low,0.5333,2,1.0,True,NOERROR,1,3600,1,2,False,False,1,21499,FR,True,Mesh Digital Limited,4,365,False,0,False,False,False,benign,no_adverse_signal
bpwsolutions.net,2026-07-16,16,3.2516291673878226,0.0,0,0.5,-7.281061904761905,low,0.5217,4,0.8333333333333334,True,NOERROR,3,3600,5,2,True,False,0,58182,US,True,Wix.com Ltd.,4,365,False,16,False,False,False,benign,no_adverse_signal
jardeo.fr,2026-07-16,9,2.584962500721156,0.0,0,1.0,-6.788766666666667,low,0.6154,2,1.0,True,NOERROR,2,60,2,2,True,False,2,47583,LT,True,Hostinger operations UAB,3,364,False,0,False,False,False,benign,no_adverse_signal
midacityresortbangkok.com,2026-07-16,25,3.820888851350188,0.0,0,0.5,-7.050133333333333,low,0.4667,3,0.7142857142857143,False,NXDOMAIN,0,,0,0,False,False,0,,,,"Amazon Registrar, Inc.",4,365,True,,,False,,benign,no_adverse_signal
hagenbeckstrasse.hamburg,2026-07-16,24,3.2806390622295662,0.0,0,0.45454545454545453,-6.7596103448275855,low,0.48,5,0.6875,True,NOERROR,1,3600,2,4,True,False,1,8560,DE,True,1&1 Internet AG,3610,3652,False,9,False,False,False,benign,no_adverse_signal
anitastherapy.com,2026-07-16,17,3.180832987205441,0.0,0,0.625,-6.348917391304348,low,0.5,3,0.7692307692307693,True,NOERROR,1,300,0,4,False,False,0,13335,DE,True,"Name.com, Inc.",4,365,True,45,False,False,,benign,no_adverse_signal
marketintelligenceinsider.com,2026-07-16,29,3.429275070710713,0.0,0,0.6666666666666666,-6.228191489361703,low,0.5,2,0.52,True,NOERROR,1,1800,5,2,True,False,0,22612,US,False,"NameCheap, Inc.",4,365,False,0,False,False,False,benign,no_adverse_signal
angelrosetattoopiercingllc.com,2026-07-16,30,3.5073801024236353,0.0,0,0.625,-6.905722448979592,low,0.4242,5,0.46153846153846156,True,NOERROR,4,14400,1,4,True,False,0,53831,US,False,Squarespace Domains II LLC,4,365,True,16,False,False,False,benign,no_adverse_signal
vevobahisresmi.cfd,2026-07-16,18,3.2359263506290326,0.0,0,0.75,-7.453124,low,0.5217,2,0.7142857142857143,True,NOERROR,2,300,0,2,False,False,2,13335,US,False,"NICENIC INTERNATIONAL GROUP CO., LIMITED",4,365,False,0,False,True,,malicious,spamhaus_dbl
canhome.cloud,2026-07-16,13,2.807354922057604,0.0,0,0.75,-6.552181818181818,low,0.6154,2,1.0,True,NOERROR,1,3600,3,2,True,False,0,16276,FR,True,"OVH, SAS",4,365,True,11,False,False,False,benign,no_adverse_signal
stopcornerpicture.lol,2026-07-16,21,3.2195282822995477,0.0,0,0.5454545454545454,-6.687403225806452,low,0.48,2,0.5882352941176471,True,NOERROR,2,300,0,2,False,False,2,13335,US,False,DYNADOT LLC,4,365,True,0,False,False,,benign,no_adverse_signal
u5l92pek.top,2026-07-16,12,3.0,0.25,0,0.6666666666666666,-11.540638461538462,high,0.4615,1,1.0,True,NOERROR,3,60,0,2,False,True,0,138995,US,False,Dominet (HK) Limited,4,365,True,0,True,True,,malicious,spamhaus_zen
hbeor6mb.com,2026-07-16,12,2.75,0.08333333333333333,0,0.4,-9.964646153846154,low,0.5,2,0.875,False,SERVFAIL,0,,0,0,False,False,0,,,,Porkbun LLC,4,365,False,,,False,,benign,no_adverse_signal
ourplusstory.com,2026-07-16,16,2.9182958340544896,0.0,0,0.5,-6.766980952380953,low,0.5,3,0.6666666666666666,True,NOERROR,3,3600,0,2,False,False,0,58182,US,True,Wix.com Ltd.,4,365,False,19,False,False,,benign,no_adverse_signal
stanseba.com,2026-07-16,12,2.5,0.0,0,0.6,-6.258784615384615,low,0.625,2,0.75,False,SERVFAIL,0,,0,0,False,False,0,,,,Dominet (HK) Limited,4,365,False,,,False,,benign,no_adverse_signal
service-bernette-rem.ru,2026-07-16,23,3.108694969562842,0.0,2,0.6363636363636364,-6.7270756756756755,low,0.4242,2,0.55,True,NOERROR,1,3600,2,8,True,False,0,29182,RU,True,BEGET-RU,5,365,False,0,False,False,False,benign,no_adverse_signal
runtimemethods.com,2026-07-16,18,3.378783493486176,0.0,0,0.5555555555555556,-6.691,low,0.5714,2,0.7857142857142857,True,NOERROR,2,300,0,2,False,False,0,16509,US,True,"Spaceship, Inc.",4,365,False,0,False,False,,benign,no_adverse_signal
xinyizhaopin.com,2026-07-16,16,3.0220552088742,0.0,0,0.7142857142857143,-7.981271428571428,low,0.5556,2,0.75,True,NOERROR,5,1,0,2,False,False,0,134175,HK,False,Gname 087 Inc,4,365,False,0,False,False,,benign,no_adverse_signal
totes.ml,2026-07-16,8,1.9219280948873623,0.0,0,0.6666666666666666,-6.051828571428572,high,0.6154,1,0.8,True,NOERROR,1,300,0,2,False,False,0,206834,DE,False,,,,False,18,False,False,,benign,no_adverse_signal
7bit-casino-canada-play.com,2026-07-16,27,3.5511911744656968,0.037037037037037035,3,0.7272727272727273,-7.180137209302326,low,0.4103,2,0.6086956521739131,True,NOERROR,2,300,0,2,False,False,2,13335,US,False,Hosting Concepts B.V. d/b/a Registrar.eu,4,365,True,0,False,False,,benign,no_adverse_signal
olcay81.xyz,2026-07-16,11,2.807354922057604,0.18181818181818182,0,0.6666666666666666,-9.325018181818182,high,0.4286,2,1.0,True,NOERROR,2,54,0,4,False,False,0,,US,False,Porkbun LLC,381,730,False,0,False,False,,benign,no_adverse_signal
solutionssphere.com,2026-07-16,19,3.323231428797621,0.0,0,0.6666666666666666,-6.629355555555556,low,0.56,5,0.7333333333333333,True,NOERROR,2,10800,0,2,True,False,2,14618,US,True,DropCatch.com 499 LLC,4,365,False,0,False,False,,benign,no_adverse_signal
917457c.cc,2026-07-16,10,2.5216406363433186,0.6,0,0.0,-11.25310909090909,low,0.3333,1,0.8571428571428571,False,NOERROR,0,,0,2,False,False,0,,,,"NameSilo, LLC",4,365,True,,,False,,benign,no_adverse_signal
wirtschaftspruefer.hamburg,2026-07-16,26,3.461320140211008,0.0,0,0.38461538461538464,-7.287478787878787,low,0.48,5,0.6666666666666666,True,NOERROR,1,3600,2,4,True,False,0,8560,FR,True,1&1 Internet AG,4343,4383,False,0,False,False,False,benign,no_adverse_signal
silversalmoncapital.com,2026-07-16,23,3.536886723742166,0.0,0,0.5833333333333334,-6.6786514285714285,low,0.4848,2,0.6842105263157895,True,NOERROR,2,600,0,2,False,False,0,16509,US,True,"GoDaddy.com, LLC",3,1826,True,37,False,False,,benign,no_adverse_signal
edgesportco.com,2026-07-16,15,3.0957952550009344,0.0,0,0.5714285714285714,-6.489094736842105,low,0.6,3,0.8181818181818182,True,NOERROR,1,86400,0,4,False,False,1,13335,CA,True,"TUCOWS.COM, CO.",4,365,True,0,False,False,,benign,no_adverse_signal
mapleharborcreative.com,2026-07-16,23,3.497155802575668,0.0,0,0.7272727272727273,-6.745634285714285,low,0.4828,3,0.6842105263157895,True,NOERROR,1,3600,1,2,True,False,0,20473,US,True,"NameCheap, Inc.",4,365,False,0,False,False,False,benign,no_adverse_signal
functionalnutritionlabs.com,2026-07-16,27,3.414441303694973,0.0,0,0.6428571428571429,-6.765297674418605,low,0.4444,3,0.5217391304347826,True,NOERROR,2,60,0,2,False,False,2,47583,LT,False,"HOSTINGER operations, UAB",3,365,False,0,False,False,,benign,no_adverse_signal
getaerisprotect.com,2026-07-16,19,3.1395722619867223,0.0,0,0.6666666666666666,-6.536377777777778,low,0.56,3,0.6666666666666666,True,NOERROR,2,48,5,4,True,False,0,,US,False,Porkbun LLC,4,365,True,0,False,False,False,benign,no_adverse_signal
goodmorningfolk.com,2026-07-16,19,3.1068905956085184,0.0,0,0.5,-7.158433333333334,low,0.5,3,0.6666666666666666,True,NOERROR,2,3600,0,2,False,False,0,16509,US,True,"GoDaddy.com, LLC",4,365,True,20,False,False,,benign,no_adverse_signal
americandreamdaycare.com,2026-07-16,24,2.9659573209491747,0.0,0,0.8181818181818182,-6.464208108108108,low,0.4571,3,0.45,True,NOERROR,2,3600,2,2,True,False,0,16509,US,True,"GoDaddy.com, LLC",4,1096,True,20,False,False,False,benign,no_adverse_signal
wwwalfabank-login-new.ru,2026-07-16,24,3.368042422572715,0.0,2,0.46153846153846156,-7.481382051282052,low,0.4324,3,0.5714285714285714,True,NOERROR,1,3600,1,2,True,False,0,48287,RU,False,RU-CENTER-RU,5,365,False,0,False,False,False,benign,no_adverse_signal
managementproneziskovky.cz,2026-07-16,26,3.7622673906514947,0.0,0,0.5333333333333333,-7.203651162790698,low,0.3889,4,0.6521739130434783,True,NOERROR,2,300,0,2,False,False,2,13335,US,False,REG-GRANSY,5,364,False,0,False,False,,benign,no_adverse_signal
sungaidaya.com,2026-07-16,14,2.846439344671015,0.0,0,1.0,-6.877182352941176,low,0.5556,2,0.8,True,NOERROR,1,1800,5,2,True,False,0,22612,US,False,"NameCheap, Inc.",4,365,False,0,False,False,False,benign,no_adverse_signal
vsbest.net,2026-07-16,10,2.2516291673878226,0.0,0,0.2,-7.331188888888889,low,0.5714,3,0.8333333333333334,True,NOERROR,2,300,0,2,False,False,2,13335,US,False,DYNADOT LLC,4,365,True,0,False,False,,benign,no_adverse_signal
hashtagstaffify.com,2026-07-16,19,2.8729055953200557,0.0,0,0.36363636363636365,-7.332151851851852,low,0.4545,3,0.5333333333333333,True,NOERROR,2,3600,2,2,True,False,0,16509,US,True,"GoDaddy.com, LLC",4,365,True,20,False,False,False,benign,no_adverse_signal
shadowrunplay.com,2026-07-16,17,3.5465935642949384,0.0,0,0.4444444444444444,-7.405056521739131,low,0.5,3,0.9230769230769231,True,NOERROR,2,300,0,2,False,False,2,13335,US,False,DYNADOT LLC,4,365,True,0,False,False,,benign,no_adverse_signal
353577fff.com,2026-07-16,13,1.9749375012019272,0.46153846153846156,0,0.0,-11.021813333333334,low,0.2857,3,0.4444444444444444,True,NOERROR,2,300,0,2,False,True,0,8075,HK,False,Realtime Register B.V.,4,365,False,0,False,False,,benign,no_adverse_signal
switch888.com,2026-07-16,13,2.6416041678685938,0.23076923076923078,0,0.2,-8.415053333333335,low,0.6667,3,0.7777777777777778,False,NOERROR,0,,0,4,False,False,0,,,,"Amazon Registrar, Inc.",4,365,True,,,False,,benign,no_adverse_signal
seo4idiots.com,2026-07-16,14,2.721928094887362,0.07142857142857142,0,1.25,-8.710288235294119,low,0.5,2,0.7,True,NOERROR,2,33,0,4,False,False,0,,US,False,Porkbun LLC,745,1095,False,0,False,False,,benign,no_adverse_signal
jfcmechanical.com,2026-07-16,17,3.180832987205441,0.0,0,0.4444444444444444,-7.192726086956522,low,0.5,4,0.7692307692307693,True,NOERROR,4,14400,1,4,True,False,0,53831,US,False,Squarespace Domains II LLC,4,365,True,16,False,False,False,benign,no_adverse_signal
aztconsultancy.co.uk,2026-07-16,20,3.2359263506290334,0.0,0,0.4,-7.247772,low,0.5455,3,0.7142857142857143,True,NOERROR,2,120,0,4,False,False,0,16509,DE,True,"GoDaddy.com, LLC. [Tag = GODADDY]",5,365,False,15,False,False,,benign,no_adverse_signal
dms.hamburg,2026-07-16,11,1.584962500721156,0.0,0,0.0,-8.2904,low,0.6667,3,1.0,True,NOERROR,1,86400,0,4,False,False,0,57494,RU,False,InterNetX GmbH,4343,4383,True,0,True,False,,malicious,spamhaus_zen
kkrfinance.com,2026-07-16,14,2.9219280948873623,0.0,0,0.42857142857142855,-7.3582,low,0.5,4,0.8,True,NOERROR,2,60,0,2,False,False,2,47583,CY,False,"HOSTINGER operations, UAB",4,365,False,0,False,False,,benign,no_adverse_signal
meetcarrarastrategy.com,2026-07-16,23,2.905307776373746,0.0,0,0.5833333333333334,-6.5163714285714285,low,0.4516,3,0.47368421052631576,True,NOERROR,2,300,1,2,True,False,2,13335,US,False,Porkbun LLC,4,365,False,0,False,False,False,benign,no_adverse_signal
dailyfurs.com,2026-07-16,13,3.169925001442312,0.0,0,0.5,-7.345313333333333,low,0.5882,3,1.0,True,NOERROR,1,86400,0,4,False,False,1,13335,CA,True,"TUCOWS.COM, CO.",3,365,True,0,False,False,,benign,no_adverse_signal
queenzco.com,2026-07-16,12,2.75,0.0,0,1.0,-8.044192307692308,low,0.5,3,0.875,False,NOERROR,0,,5,2,True,False,0,,,,NAMECHEAP INC,3,365,True,,,False,False,benign,no_adverse_signal
lvguanshe.com,2026-07-16,13,3.169925001442312,0.0,0,0.5,-7.96566,low,0.5333,3,1.0,False,timeout,0,,0,0,False,False,0,,,,"Chengdu west dimension digital technology Co., LTD",4,365,True,,,False,,benign,no_adverse_signal
89vim.com,2026-07-16,9,2.321928094887362,0.2222222222222222,0,0.5,-9.560214285714284,low,0.6,1,1.0,True,NOERROR,2,300,0,2,False,False,2,13335,US,False,DYNADOT LLC,4,365,True,0,False,False,,benign,no_adverse_signal
eo346nwl.top,2026-07-16,12,3.0,0.25,0,0.6666666666666666,-11.598823076923079,high,0.4286,3,1.0,True,NOERROR,3,60,0,2,False,True,0,138995,US,False,Dominet (HK) Limited,4,365,True,0,True,True,,malicious,spamhaus_zen
avtian.cyou,2026-07-16,11,2.2516291673878226,0.0,0,1.0,-7.390666666666667,low,0.6667,2,0.8333333333333334,True,NOERROR,1,600,5,2,True,True,0,133731,JP,True,NAMECHEAP INC,3,365,True,0,True,True,False,malicious,spamhaus_zen
vertexfxtrader.uk,2026-07-16,17,2.8423709931771093,0.0,0,0.4,-7.121656000000001,low,0.4762,5,0.5714285714285714,True,NOERROR,2,300,0,2,False,False,2,13335,US,False,"Cloudflare, Inc. [Tag = CLOUDFLARE]",4,365,False,0,False,False,,benign,no_adverse_signal
motlaghgroup.com,2026-07-16,16,3.2516291673878226,0.0,0,0.5,-7.566361904761904,low,0.4348,4,0.8333333333333334,True,NOERROR,1,14400,1,2,True,False,0,59441,IR,True,Hello Internet Corp,4,365,False,0,False,False,False,benign,no_adverse_signal
awesomestop.com,2026-07-16,15,2.913977073182752,0.0,0,0.8333333333333334,-6.432326315789474,low,0.5,2,0.7272727272727273,False,NOERROR,0,,3,2,True,False,0,,,,"Amazon Registrar, Inc.",3,365,True,,,False,False,benign,no_adverse_signal
asilovtravel.com,2026-07-16,16,3.084962500721156,0.0,0,0.7142857142857143,-6.90762380952381,low,0.48,3,0.75,True,NOERROR,2,300,0,2,False,False,2,13335,US,False,Isimtescil Bilisim A.S.,4,365,False,0,False,False,,benign,no_adverse_signal
portodosossorrisos.com.br,2026-07-16,25,2.3991303913908,0.0,0,0.6363636363636364,-6.785681818181819,low,0.4375,2,0.3888888888888889,True,NOERROR,1,300,0,2,False,False,0,53087,BR,True,,8,365,False,0,False,False,,benign,no_adverse_signal
cinkosistemas.com,2026-07-16,17,3.180832987205441,0.0,0,0.625,-6.516147826086956,low,0.5,2,0.7692307692307693,True,NOERROR,1,14400,1,2,False,False,0,46606,US,True,PDR Ltd. d/b/a PublicDomainRegistry.com,3,365,True,7,False,False,False,benign,no_adverse_signal
f2940.top,2026-07-16,9,2.321928094887362,0.4444444444444444,0,0.0,-10.568985714285715,high,0.4,1,1.0,True,NOERROR,3,60,0,2,False,True,0,134729,US,False,Dynadot LLC,4,365,True,0,False,False,,benign,no_adverse_signal
shppinde.top,2026-07-16,12,2.75,0.0,0,0.3333333333333333,-7.1352769230769235,high,0.625,4,0.875,False,NXDOMAIN,0,,0,0,False,False,0,,,,GLOBAL ASSET DOMAINS INC.,4,365,True,,,True,,malicious,spamhaus_dbl
tovarplus.com,2026-07-16,13,3.169925001442312,0.0,0,0.5,-7.12968,low,0.5556,3,1.0,True,NOERROR,1,900,1,3,True,False,0,200000,UA,True,Hosting Ukraine LLC,400,730,True,0,False,False,False,benign,no_adverse_signal
wolfkane.com,2026-07-16,12,3.0,0.0,0,0.6,-8.118115384615384,low,0.5455,3,1.0,True,NOERROR,2,86400,0,4,False,False,0,399522,US,False,"Sea Wasp, LLC",4,365,True,0,False,False,,benign,no_adverse_signal
p7ui26yd.top,2026-07-16,12,3.0,0.25,0,0.6666666666666666,-12.127361538461539,high,0.5333,2,1.0,True,NOERROR,3,60,0,2,False,True,0,138995,US,False,Dominet (HK) Limited,4,365,True,0,True,True,,malicious,spamhaus_zen
rheoai.online,2026-07-16,13,2.584962500721156,0.0,0,2.0,-7.955355555555554,medium,0.5455,2,1.0,True,NOERROR,1,60,2,2,True,False,0,60068,US,True,"HOSTINGER operations, UAB",4,365,False,8,False,False,False,benign,no_adverse_signal
mlkxa.com,2026-07-16,9,2.321928094887362,0.0,0,0.25,-10.887014285714285,low,0.5,4,1.0,True,NOERROR,2,300,0,2,True,False,2,13335,US,False,"Cloudflare, Inc.",3,1826,True,0,False,False,,benign,no_adverse_signal
standeze.com,2026-07-16,12,2.75,0.0,0,0.6,-6.620530769230769,low,0.625,2,0.875,True,NOERROR,1,300,0,2,False,False,0,40034,VG,False,"! #1 Host Japan, LLC",4,365,False,26,False,False,,benign,no_adverse_signal
geheimtipp.hamburg,2026-07-16,18,2.7219280948873625,0.0,0,0.6666666666666666,-7.78725294117647,low,0.4444,2,0.7,True,NOERROR,1,3600,2,4,True,False,1,8560,DE,True,1&1 Internet AG,4343,4383,False,0,False,False,False,benign,no_adverse_signal
postpro.hamburg,2026-07-16,15,2.2359263506290326,0.0,0,0.4,-6.439554545454545,low,0.5,4,0.7142857142857143,True,NOERROR,1,600,1,2,True,False,1,20773,DE,True,Host Europe Group,1898,2191,False,0,False,False,False,benign,no_adverse_signal
clearlinecreditservice.com,2026-07-16,26,3.1924178467769684,0.0,0,0.6923076923076923,-6.288287804878048,low,0.5789,2,0.5,True,NOERROR,4,14400,0,4,True,False,0,53831,US,False,Squarespace Domains LLC,4,365,True,16,False,False,,benign,no_adverse_signal
mrlucky88n.com,2026-07-16,14,3.1219280948873624,0.14285714285714285,0,0.14285714285714285,-9.233529411764707,low,0.4706,3,0.9,True,NOERROR,1,3600,1,2,True,False,0,45839,MY,True,"NameCheap, Inc.",4,365,False,0,False,False,False,benign,no_adverse_signal
aibusinessladder.com,2026-07-16,20,3.202819531114783,0.0,0,0.7777777777777778,-6.679031034482759,low,0.7097,3,0.625,True,NOERROR,1,300,0,2,False,False,0,206834,DE,False,"Gransy, s.r.o.",4,365,False,18,False,False,,benign,no_adverse_signal
helvence.fr,2026-07-16,11,2.4056390622295662,0.0,0,0.6,-6.785392307692307,low,0.625,2,0.75,False,NOERROR,0,,1,2,True,False,0,,,,Infomaniak Network SA,3,364,False,,,False,False,benign,no_adverse_signal
georgesource.com,2026-07-16,16,2.6887218755408666,0.0,0,1.0,-6.850404761904762,low,0.5714,2,0.5833333333333334,True,NOERROR,2,300,3,2,True,False,2,13335,US,False,"Cloudflare, Inc.",4,365,True,0,False,False,False,benign,no_adverse_signal
senmartgt.com,2026-07-16,13,2.9477027792200903,0.0,0,0.2857142857142857,-7.158346666666666,low,0.5333,4,0.8888888888888888,True,NOERROR,1,86400,0,2,False,False,0,16509,US,True,"TUCOWS.COM, CO.",373,730,True,0,False,False,,benign,no_adverse_signal
xiigroup.com.mx,2026-07-16,15,2.75,0.0,0,1.0,-7.623561538461539,low,0.5455,2,0.875,True,NOERROR,2,600,0,2,False,False,0,16509,US,True,GoDaddy.com,5,1096,False,37,False,False,,benign,no_adverse_signal
sushilub.ru,2026-07-16,11,2.5,0.0,0,0.6,-7.0899,low,0.5882,2,0.75,True,NOERROR,1,86400,0,2,False,False,0,197695,RU,False,REGRU-RU,5,365,False,0,False,False,,benign,no_adverse_signal
ai-sigmund-freud.xyz,2026-07-16,20,3.5,0.0,2,0.75,-7.915179310344827,high,0.4615,2,0.75,True,NOERROR,1,1800,5,2,True,False,0,16509,US,True,"NameCheap, Inc.",3,365,False,31,False,False,False,benign,no_adverse_signal
beautyblushlab.com,2026-07-16,18,3.039148671903071,0.0,0,0.5555555555555556,-7.367795999999999,low,0.4,4,0.6428571428571429,True,NOERROR,2,53,2,4,True,False,0,,US,False,Porkbun LLC,4,365,False,0,False,False,False,benign,no_adverse_signal
scoopdelivery.uk,2026-07-16,16,3.3927474104487847,0.0,0,0.625,-6.710278260869565,low,0.6667,2,0.8461538461538461,True,NOERROR,2,1800,0,4,True,False,0,16509,US,False,Squarespace Domains LLC t/a SQUARESPACE DOMAINS [Tag = SQUARESPACE],5,365,False,0,False,False,,benign,no_adverse_signal
itconquered.com,2026-07-16,15,3.277613436819116,0.0,0,0.8333333333333334,-7.075936842105263,low,0.5882,2,0.9090909090909091,True,NOERROR,1,60,0,3,False,False,0,26347,US,True,DREAMHOST,3,365,True,0,False,False,,benign,no_adverse_signal
exhibitdunewindow.lifestyle,2026-07-16,27,3.337175341123077,0.0,0,0.7,-7.3487322580645165,low,0.5,2,0.6470588235294118,True,NOERROR,2,300,0,2,False,False,2,13335,US,False,NAMECHEAP,4,365,False,0,False,False,,benign,no_adverse_signal
pkr38.vip,2026-07-16,9,2.321928094887362,0.2222222222222222,0,0.0,-10.397,low,0.5,3,1.0,True,NOERROR,2,300,0,2,False,False,2,13335,US,False,DYNADOT LLC,4,365,True,0,False,False,,benign,no_adverse_signal
giadani.com,2026-07-16,11,2.2359263506290326,0.0,0,1.3333333333333333,-6.661545454545455,low,0.6667,1,0.7142857142857143,False,NOERROR,0,,0,2,False,False,0,,,,TuringSign Inc. d/b/a Cosmotown,4,365,False,,,False,,benign,no_adverse_signal
get-strategized.com,2026-07-16,19,3.1395722619867223,0.0,1,0.5555555555555556,-6.881551851851851,low,0.5455,3,0.6666666666666666,True,NOERROR,2,60,2,2,True,False,2,47583,CY,False,"HOSTINGER operations, UAB",4,365,False,0,False,False,False,benign,no_adverse_signal
breezem.dev,2026-07-16,11,2.1280852788913944,0.0,0,0.75,-7.420445454545455,low,0.5,2,0.7142857142857143,True,NOERROR,2,300,1,2,True,False,2,13335,US,False,,,,False,0,False,False,False,benign,no_adverse_signal
xeixaind18.info,2026-07-16,15,2.9219280948873623,0.13333333333333333,0,1.0,-8.519176470588235,medium,0.5333,2,0.8,False,NXDOMAIN,0,,0,0,False,False,0,,,,,,,,,,False,,benign,no_adverse_signal
tvisioncreative.fr,2026-07-16,18,3.189898095464287,0.0,0,0.875,-6.448281481481481,low,0.5333,3,0.6666666666666666,True,NOERROR,1,3600,3,2,True,False,0,16276,FR,True,OVH,3,364,False,11,False,False,False,benign,no_adverse_signal
glocal.hamburg,2026-07-16,14,2.2516291673878226,0.0,0,0.5,-6.402788888888889,low,0.625,2,0.8333333333333334,True,NOERROR,1,316,2,3,True,False,0,202108,DE,False,united domains AG,4343,4383,False,0,False,False,False,benign,no_adverse_signal
klinikreinigung.hamburg,2026-07-16,23,2.7898980954642876,0.0,0,0.6666666666666666,-7.037081481481482,low,0.6087,2,0.5333333333333333,True,NOERROR,1,316,2,3,True,False,0,202108,DE,False,united domains AG,4343,4383,False,0,False,False,False,benign,no_adverse_signal
917407c.cc,2026-07-16,10,2.5216406363433186,0.6,0,0.0,-11.34149090909091,low,0.3333,1,0.8571428571428571,False,NOERROR,0,,0,2,False,False,0,,,,"NameSilo, LLC",4,365,True,,,False,,benign,no_adverse_signal
estudioaxioma.online,2026-07-16,20,3.238901256602631,0.0,0,1.6,-7.192352173913044,medium,0.48,2,0.7692307692307693,False,timeout,0,,0,0,False,False,0,,,,Dattatec Corp,4,365,False,,,False,,benign,no_adverse_signal
pennwoodloan.com,2026-07-16,16,2.792481250360578,0.0,0,0.7142857142857143,-7.621433333333333,low,0.48,3,0.6666666666666666,True,NOERROR,5,600,2,2,False,False,5,63949,DE,True,DYNADOT LLC,4,365,True,0,False,False,False,benign,no_adverse_signal
tsuguinvestmentoffice.com,2026-07-16,25,3.4632805178108104,0.0,0,0.6153846153846154,-6.970382051282051,low,0.4444,3,0.5714285714285714,True,NOERROR,1,300,2,3,True,False,1,29097,CH,True,"Ascio Technologies, Inc",4,365,False,0,False,False,False,benign,no_adverse_signal
mminterierlipany.com,2026-07-16,20,3.202819531114783,0.0,0,0.6,-6.434906896551724,low,0.48,2,0.625,True,NOERROR,2,120,0,4,False,False,0,16509,DE,True,"Name.com, Inc.",4,365,True,15,False,False,,benign,no_adverse_signal
virenzadesign.com,2026-07-16,17,3.238901256602631,0.0,0,0.625,-6.923552173913044,low,0.5263,2,0.7692307692307693,True,NOERROR,2,3600,1,2,True,False,0,16509,US,True,"GoDaddy.com, LLC",3,1096,True,20,False,False,False,benign,no_adverse_signal
hertz-immobilien-gruppe24.hamburg,2026-07-16,33,3.9434651896016457,0.06060606060606061,2,0.6153846153846154,-7.777972340425532,low,0.4865,3,0.68,True,NOERROR,1,150,1,2,False,False,1,8560,DE,True,Cronon GmbH,3100,3287,False,0,False,False,False,benign,no_adverse_signal
evelist.app,2026-07-16,11,2.5216406363433186,0.0,0,0.75,-6.177136363636364,low,0.5882,2,0.8571428571428571,False,NOERROR,0,,0,2,False,False,0,,,,,,,False,,,False,,benign,no_adverse_signal
schaedlingsbekaempfer.hamburg,2026-07-16,29,3.8208888513501877,0.0,0,0.5,-7.635402564102565,low,0.4286,4,0.7619047619047619,True,NOERROR,1,3600,1,3,True,False,0,24940,DE,True,InterNetX GmbH,4314,4383,True,0,False,False,False,benign,no_adverse_signal
drexxluxe.com,2026-07-16,13,2.4193819456463714,0.0,0,0.5,-8.386266666666666,low,0.5,3,0.6666666666666666,False,NOERROR,0,,2,2,True,False,0,,,,"Spaceship, Inc.",4,365,False,,,False,False,benign,no_adverse_signal
f2022.top,2026-07-16,9,1.3709505944546687,0.4444444444444444,0,0.0,-10.054728571428571,high,0.4,1,0.6,True,NOERROR,4,600,0,2,False,True,0,14061,US,False,Dynadot LLC,4,365,True,0,False,True,,malicious,spamhaus_dbl
kbowd.com,2026-07-16,9,2.321928094887362,0.0,0,0.25,-8.418071428571428,low,0.4444,2,1.0,True,NOERROR,1,14400,1,4,True,False,1,210403,FR,True,LWS dba Ligne Web Services,4,365,False,0,False,False,False,benign,no_adverse_signal
mycircle.my,2026-07-16,11,2.75,0.0,0,0.3333333333333333,-7.59903076923077,low,0.5714,3,0.875,True,NOERROR,1,1800,0,2,False,False,1,47583,CY,False,"HOSTINGER operations, UAB",4,365,True,30,False,False,,benign,no_adverse_signal
deasnet.com,2026-07-16,11,2.5216406363433186,0.0,0,0.75,-6.516836363636363,low,0.6667,2,0.8571428571428571,False,NOERROR,0,,3,2,True,False,0,,,,"Amazon Registrar, Inc.",4,365,True,,,False,False,benign,no_adverse_signal
lumothebrand.com,2026-07-16,16,3.584962500721156,0.0,0,0.5,-6.638295238095238,low,0.5217,2,1.0,True,NOERROR,1,900,1,2,True,False,0,39729,IT,True,REGISTER S.P.A.,4,365,True,0,False,False,False,benign,no_adverse_signal
mengchengyinxiang.com,2026-07-16,21,3.1018812234760182,0.0,0,0.4166666666666667,-7.1373096774193545,low,0.4545,4,0.5882352941176471,False,NXDOMAIN,0,,0,0,False,False,0,,,,,,,,,,False,,benign,no_adverse_signal
breatheasex-official.com,2026-07-16,24,3.646439344671015,0.0,1,0.9,-6.903032432432433,low,0.4444,2,0.7,True,NOERROR,2,300,0,2,False,False,0,16509,US,True,"Spaceship, Inc.",4,365,False,0,False,False,,benign,no_adverse_signal
bottlebottlespain.com,2026-07-16,21,3.146286370662105,0.0,0,0.5454545454545454,-6.8713741935483865,low,0.4706,3,0.5882352941176471,True,NOERROR,2,300,0,2,False,False,2,13335,US,False,"Guizhou Zhongyu Zhike Network Technology Co., Ltd.",4,365,False,0,False,False,,benign,no_adverse_signal
gravitgo.com,2026-07-16,12,2.75,0.0,0,0.6,-7.073769230769231,low,0.625,2,0.875,True,NOERROR,2,1800,0,2,False,False,0,16509,US,False,"Name.com, Inc.",3,365,True,0,False,False,,benign,no_adverse_signal
wkrumee.com,2026-07-16,11,2.521640636343318,0.0,0,0.75,-8.00680909090909,low,0.5,3,0.8571428571428571,False,timeout,0,,0,0,False,False,0,,,,Alibaba Cloud Computing Ltd. d/b/a HiChina (www.net.cn),4,365,False,,,False,,benign,no_adverse_signal
bmwslot88mc.com,2026-07-16,15,3.0957952550009344,0.13333333333333333,0,0.125,-9.167536842105264,low,0.4444,5,0.8181818181818182,False,NOERROR,0,,0,2,False,False,0,,,,"NameCheap, Inc.",4,365,False,,,False,,benign,no_adverse_signal
pandora-hr.com,2026-07-16,14,2.9219280948873623,0.0,1,0.5,-7.2390647058823525,low,0.5,2,0.8,True,NOERROR,2,300,0,2,False,False,2,13335,US,False,"Cloudflare, Inc.",4,365,True,0,False,False,,benign,no_adverse_signal
sarastangel.com,2026-07-16,15,2.845350936622437,0.0,0,0.5714285714285714,-6.083663157894737,low,0.6,2,0.7272727272727273,True,NOERROR,1,1800,5,2,True,False,0,22612,US,False,"NameCheap, Inc.",4,365,False,0,False,False,False,benign,no_adverse_signal
4partners.agency,2026-07-16,16,2.94770277922009,0.0625,0,0.3333333333333333,-6.93048,low,0.625,3,0.8888888888888888,True,NOERROR,2,300,0,2,False,False,2,13335,US,False,,,,,0,False,False,,benign,no_adverse_signal
xn--11x078f.top,2026-07-16,15,2.9139770731827523,0.3333333333333333,2,0.0,-10.394578947368421,high,0.25,2,0.7272727272727273,True,NOERROR,1,10800,0,2,False,False,0,16509,US,True,Dynadot LLC,4,365,True,25,False,False,,benign,no_adverse_signal
jm-obility.com,2026-07-16,14,3.121928094887362,0.0,1,0.5,-7.842823529411765,low,0.5714,2,0.9,False,NOERROR,0,,1,2,True,False,0,,,,Infomaniak Network SA,4,365,False,,,False,False,benign,no_adverse_signal
hamali-dankolov.com,2026-07-16,19,3.323231428797621,0.0,1,0.75,-7.028066666666667,low,0.48,2,0.7333333333333333,True,NOERROR,2,300,0,2,False,False,2,13335,US,False,"NameCheap, Inc.",4,365,False,0,False,False,,benign,no_adverse_signal
umfshawinigan.com,2026-07-16,17,3.238901256602631,0.0,0,0.625,-7.584700000000001,low,0.4706,4,0.7692307692307693,True,NOERROR,2,1800,0,2,False,False,0,16509,US,False,"GoDaddy.com, LLC",4,731,True,0,False,False,,benign,no_adverse_signal
candiedcarats.store,2026-07-16,19,3.0269868333592873,0.0,0,0.625,-6.490021739130435,low,0.5385,2,0.6923076923076923,True,NOERROR,2,600,0,2,False,False,0,16509,US,True,,,,False,37,False,False,,benign,no_adverse_signal
sternpeak.app,2026-07-16,13,2.94770277922009,0.0,0,0.5,-6.76884,low,0.6667,3,0.8888888888888888,False,NOERROR,0,,0,2,False,False,0,,,,,,,False,,,False,,benign,no_adverse_signal
dash-learn-basis-encryption.online,2026-07-16,34,3.8282375018429557,0.0,3,0.5,-7.342164705882353,medium,0.4211,6,0.5925925925925926,True,NOERROR,2,300,0,3,False,False,0,2635,US,False,Automattic Inc.,3,365,False,14,False,False,,benign,no_adverse_signal
forgespartners.com,2026-07-16,18,3.182005814760214,0.0,0,0.4,-6.433260000000001,low,0.6,3,0.7142857142857143,True,NOERROR,3,3600,5,2,True,False,0,58182,US,True,Wix.com Ltd.,3,365,True,16,False,False,False,benign,no_adverse_signal
loqgw.com,2026-07-16,9,2.321928094887362,0.0,0,0.25,-10.96297142857143,low,0.5,3,1.0,False,NOERROR,0,,0,2,False,False,0,,,,DYNADOT LLC,4,365,True,,,False,,benign,no_adverse_signal
plekdev.com,2026-07-16,11,2.5216406363433186,0.0,0,0.4,-7.619981818181818,low,0.6667,2,0.8571428571428571,False,NOERROR,0,,3,2,True,False,0,,,,Neubox Internet S.A. de C.V.,4,365,True,,,False,False,benign,no_adverse_signal
winnsborofuneralhome.com,2026-07-16,24,3.6464393446710153,0.0,0,0.6666666666666666,-7.002243243243244,low,0.4375,4,0.7,True,NOERROR,2,3600,2,2,True,False,0,16509,US,True,"GoDaddy.com, LLC",4,1096,True,20,False,False,False,benign,no_adverse_signal
koptergirl.com,2026-07-16,14,3.121928094887362,0.0,0,0.42857142857142855,-7.179176470588236,low,0.5333,2,0.9,True,NOERROR,1,300,2,2,True,False,0,38719,AU,True,Dreamscape Networks International Pte Ltd,4,3653,False,0,False,False,False,benign,no_adverse_signal
y7z0iu.top,2026-07-16,10,2.584962500721156,0.2,0,1.0,-12.9223,high,0.4,1,1.0,False,NOERROR,0,,0,2,False,False,0,,,,"Todaynic.com, Inc.",4,365,True,,,False,,benign,no_adverse_signal
xbipanel.com,2026-07-16,12,3.0,0.0,0,0.6,-7.172069230769231,low,0.7143,2,1.0,True,NOERROR,1,300,1,2,True,False,0,24940,DE,True,"Arsys Internet, S.L. dba NICLINE.COM",4,365,True,0,False,False,False,benign,no_adverse_signal
pin-up-casino-sifc8.top,2026-07-16,23,3.326360407952693,0.043478260869565216,3,0.6666666666666666,-7.796848571428572,high,0.439,2,0.5789473684210527,True,NOERROR,1,3603,0,3,False,False,0,216071,NL,True,"NameSilo, LLC",4,365,True,0,False,False,,benign,no_adverse_signal
ystx2565.cc,2026-07-16,11,2.75,0.36363636363636365,0,0.0,-10.25826153846154,low,0.3636,4,0.875,False,NOERROR,0,,0,2,False,False,0,,,,"NameSilo, LLC",4,365,True,,,False,,benign,no_adverse_signal
klinikaltara.com,2026-07-16,16,2.688721875540867,0.0,0,0.7142857142857143,-6.5206904761904765,low,0.6667,2,0.5833333333333334,True,NOERROR,1,14400,1,4,True,False,1,58487,ID,True,CV. Rumahweb Indonesia,396,730,False,0,False,False,False,benign,no_adverse_signal
jaminrudigital.com,2026-07-16,18,3.3248629576173574,0.0,0,0.75,-6.875907999999999,low,0.5,2,0.7857142857142857,True,NOERROR,2,3600,2,2,True,False,0,16509,US,True,"GoDaddy.com, LLC",4,365,True,2,False,False,False,benign,no_adverse_signal
feastofafrica.com,2026-07-16,17,2.9689185639620974,0.0,0,0.8571428571428571,-6.901286956521739,low,0.5263,2,0.6923076923076923,True,NOERROR,1,1800,5,2,True,False,0,22612,US,False,"NameCheap, Inc.",4,365,False,0,False,False,False,benign,no_adverse_signal
allbrewcoffeecopro.yt,2026-07-16,21,3.197159723424149,0.0,0,0.6363636363636364,-7.347293939393939,low,0.3871,4,0.5555555555555556,False,NOERROR,0,,1,4,False,False,0,,,,IP TWINS SAS,,,False,,,False,False,benign,no_adverse_signal
liscool.top,2026-07-16,11,2.2359263506290326,0.0,0,0.75,-6.38540909090909,high,0.6667,2,0.7142857142857143,False,NOERROR,0,,0,2,False,False,0,,,,Alibaba Cloud Computing Ltd. d/b/a HiChina (www.net.cn),4,365,True,,,False,,benign,no_adverse_signal
ellahomeshop.com,2026-07-16,16,2.918295834054489,0.0,0,0.7142857142857143,-6.499790476190476,low,0.5,2,0.6666666666666666,True,NOERROR,1,14400,1,2,True,False,0,24940,DE,True,CSL Computer Service Langenbach GmbH d/b/a joker.com,4,365,False,0,False,False,False,benign,no_adverse_signal
frequency-dating.online,2026-07-16,23,3.75,0.0,1,0.5,-7.166324137931034,medium,0.4545,3,0.875,True,NOERROR,1,300,0,2,False,False,0,40034,VG,False,"NETWORK SOLUTIONS, LLC.",4,365,True,26,False,False,,benign,no_adverse_signal
west-mainland.com,2026-07-16,17,3.392747410448785,0.0,1,0.5,-6.624113043478261,low,0.5833,2,0.8461538461538461,True,NOERROR,2,300,0,2,False,False,2,13335,US,False,"GMO Internet, Inc.",4,365,True,0,False,False,,benign,no_adverse_signal
shavanomanage.com,2026-07-16,17,2.9312089489103235,0.0,0,0.8571428571428571,-6.519478260869565,low,0.5833,2,0.6923076923076923,True,NOERROR,2,600,0,2,False,False,0,16509,US,True,"GoDaddy.com, LLC",3,731,True,37,False,False,,benign,no_adverse_signal
aktorianow.com,2026-07-16,14,2.9219280948873623,0.0,0,1.0,-6.6121,low,0.5556,2,0.8,True,NOERROR,1,3600,1,2,True,False,0,396982,BE,True,DYNADOT LLC,3,365,True,0,False,False,False,benign,no_adverse_signal
normanaireteam.info,2026-07-16,19,2.8962915290459277,0.0,0,1.0,-6.271459999999999,medium,0.5,2,0.5714285714285714,True,NOERROR,2,0,0,4,False,False,0,,US,False,,,,,0,False,False,,benign,no_adverse_signal
doublezerotwo.com,2026-07-16,17,3.180832987205441,0.0,0,0.8571428571428571,-7.272395652173913,low,0.64,2,0.7692307692307693,True,NOERROR,1,86400,0,2,False,False,0,16509,US,True,"TUCOWS.COM, CO.",373,730,True,0,False,False,,benign,no_adverse_signal
regenskinlab.com,2026-07-16,16,3.2516291673878226,0.0,0,0.5,-6.785790476190476,low,0.5556,3,0.8333333333333334,True,NOERROR,4,14400,0,4,True,False,0,53831,US,False,Squarespace Domains LLC,3,731,True,16,False,False,,benign,no_adverse_signal
elevateads.help,2026-07-16,15,2.6464393446710153,0.0,0,1.0,-6.5650176470588235,low,0.5882,2,0.7,False,NOERROR,0,,0,2,False,False,0,,,,Porkbun LLC,4,365,False,,,False,,benign,no_adverse_signal
9cdda.top,2026-07-16,9,1.9219280948873623,0.1111111111111111,0,0.3333333333333333,-9.217457142857143,high,0.5,3,0.8,True,NOERROR,5,60,0,2,False,True,0,8075,JP,False,"Spaceship, Inc.",4,365,True,0,False,True,,malicious,spamhaus_dbl
schallplatten.hamburg,2026-07-16,21,3.0269868333592873,0.0,0,0.3,-6.517191304347826,low,0.5714,4,0.6923076923076923,True,NOERROR,1,600,2,3,True,False,1,8560,DE,True,united domains AG,3677,4017,False,1,False,False,False,benign,no_adverse_signal
kamilelektra.com,2026-07-16,16,2.918295834054489,0.0,0,0.7142857142857143,-6.8721,low,0.5455,3,0.6666666666666666,True,NOERROR,4,1799,5,2,True,False,4,54113,US,True,NAMECHEAP INC,4,365,True,34,False,False,False,benign,no_adverse_signal
thenegativelab.com,2026-07-16,18,3.182005814760214,0.0,0,0.75,-6.329728,low,0.5385,2,0.7142857142857143,True,NOERROR,1,50,2,2,True,False,0,47583,CY,False,"HOSTINGER operations, UAB",4,1096,False,30,False,False,False,benign,no_adverse_signal
cgtpp.fr,2026-07-16,8,1.9219280948873623,0.0,0,0.0,-9.249757142857144,low,0.5,5,0.8,True,NOERROR,1,3600,2,4,True,False,1,8560,DE,True,IONOS SE,3,364,False,0,False,False,False,benign,no_adverse_signal
tricountytrailer.com,2026-07-16,20,3.2806390622295662,0.0,0,0.6,-6.4949551724137935,low,0.5217,5,0.6875,True,NOERROR,1,3600,1,2,True,False,0,209242,US,True,"GoDaddy.com, LLC",4,731,True,0,False,False,False,benign,no_adverse_signal
paradetentar.pt,2026-07-16,15,2.688721875540867,0.0,0,0.7142857142857143,-5.942895238095238,low,0.56,2,0.5833333333333334,True,NOERROR,1,300,1,2,True,False,0,13335,US,False,,,,False,0,False,False,False,benign,no_adverse_signal
cubmind.com,2026-07-16,11,2.807354922057604,0.0,0,0.4,-7.331954545454545,low,0.5455,2,1.0,True,NOERROR,2,18,2,4,True,False,0,,US,False,Porkbun LLC,4,365,False,0,False,False,False,benign,no_adverse_signal
informerjournal.com,2026-07-16,19,3.32323142879762,0.0,0,0.6666666666666666,-6.821999999999999,low,0.4762,2,0.7333333333333333,False,NOERROR,0,,0,2,False,False,0,,,,"Cloudflare, Inc.",4,365,True,,,False,,benign,no_adverse_signal
hmtlg.com,2026-07-16,9,2.321928094887362,0.0,0,0.0,-9.884114285714286,low,0.5,5,1.0,False,timeout,0,,0,0,False,False,0,,,,Eranet International Limited,4,365,True,,,False,,benign,no_adverse_signal
ktsx5zw26rpg.cc,2026-07-16,15,3.584962500721156,0.2,0,0.0,-11.473166666666666,low,0.3478,4,1.0,True,NOERROR,1,1,0,2,False,True,0,201106,US,False,"GoDaddy.com, LLC",9,365,True,0,False,True,,malicious,spamhaus_dbl
sticwertibafi.ru,2026-07-16,16,3.180832987205441,0.0,0,0.625,-7.123482608695652,low,0.5263,2,0.7692307692307693,True,NOERROR,1,34714,2,2,True,False,0,16276,FR,True,REGRU-RU,5,365,False,0,True,True,True,malicious,spamhaus_zen
nestorpinedafisio.com,2026-07-16,21,3.337175341123077,0.0,0,0.8888888888888888,-6.540322580645161,low,0.5185,2,0.6470588235294118,True,NOERROR,1,3600,2,2,True,False,0,31898,CO,True,PDR Ltd. d/b/a PublicDomainRegistry.com,3,365,True,0,False,False,False,benign,no_adverse_signal
flyingcyclonaut.com,2026-07-16,19,3.373557262275185,0.0,0,0.36363636363636365,-7.298711111111111,low,0.4762,6,0.7333333333333333,True,NOERROR,1,600,0,2,False,True,0,9294,SC,False,"GMO Internet, Inc.",4,365,True,0,False,False,,benign,no_adverse_signal
maclancaster.com,2026-07-16,16,3.0220552088742,0.0,0,0.5,-6.048404761904761,low,0.5263,2,0.75,True,NOERROR,1,300,0,4,False,False,0,47846,DE,False,"Name.com, Inc.",4,1096,True,13,False,False,,benign,no_adverse_signal
sherpatenzing.org,2026-07-16,17,3.3927474104487847,0.0,0,0.4444444444444444,-6.701613043478261,low,0.5556,2,0.8461538461538461,True,NOERROR,2,600,0,2,False,False,0,16509,US,True,"GoDaddy.com, LLC",4,1096,False,37,False,False,,benign,no_adverse_signal
industrieschilder.hamburg,2026-07-16,25,3.3371753411230776,0.0,0,0.5454545454545454,-6.424219354838709,low,0.5185,3,0.6470588235294118,True,NOERROR,1,3600,2,4,True,False,1,8560,DE,True,1&1 Internet AG,4343,4383,False,1,False,False,False,benign,no_adverse_signal
trafficcapture.hk,2026-07-16,17,3.09306920777189,0.0,0,0.5555555555555556,-6.986136,low,0.6429,2,0.6428571428571429,True,NOERROR,1,300,0,2,False,False,0,206834,DE,False,Dynadot Inc.,6,366,True,18,False,False,,benign,no_adverse_signal
tabwipe.com,2026-07-16,11,2.807354922057604,0.0,0,0.75,-7.910481818181818,low,0.6154,2,1.0,True,NOERROR,2,300,5,2,True,False,2,13335,US,False,NAMECHEAP INC,4,365,True,0,False,False,False,benign,no_adverse_signal
jraphahomenursing.com,2026-07-16,21,3.6168746059562227,0.0,0,0.5454545454545454,-7.053303225806451,low,0.4167,2,0.7647058823529411,True,NOERROR,1,3600,1,4,True,False,1,48254,GB,True,"NameSilo, LLC",4,365,True,0,False,False,False,benign,no_adverse_signal
binge.city,2026-07-16,10,2.321928094887362,0.0,0,0.6666666666666666,-6.022714285714286,low,0.8889,2,1.0,True,NOERROR,4,30,0,2,False,False,8,24940,DE,True,,,,,0,False,False,,benign,no_adverse_signal
rinkuestudio.com,2026-07-16,16,3.2516291673878226,0.0,0,1.0,-6.818576190476191,low,0.6667,2,0.8333333333333334,True,NOERROR,1,600,0,2,False,False,0,209242,AU,False,"GoDaddy.com, LLC",4,365,True,11,False,False,,benign,no_adverse_signal
biscaynetoastmasters.com,2026-07-16,24,3.3464393446710154,0.0,0,0.5384615384615384,-6.67072972972973,low,0.4828,3,0.6,True,NOERROR,2,3600,2,2,True,False,0,16509,US,True,"GoDaddy.com, LLC",4,1096,True,20,False,False,False,benign,no_adverse_signal
goodgmaveric.ru,2026-07-16,15,3.2516291673878226,0.0,0,0.7142857142857143,-7.167176190476191,low,0.5714,3,0.8333333333333334,True,NOERROR,1,30128,2,2,True,False,0,16276,PL,True,REGRU-RU,5,365,False,0,True,True,True,malicious,spamhaus_zen
bestpr.help,2026-07-16,11,2.584962500721156,0.0,0,0.2,-6.643177777777778,low,0.6,4,1.0,False,NOERROR,0,,0,2,False,False,0,,,,Porkbun LLC,4,365,False,,,False,,benign,no_adverse_signal
efzqgu23.top,2026-07-16,12,3.0,0.16666666666666666,0,0.5,-11.176623076923077,high,0.3636,4,1.0,True,NOERROR,3,60,0,2,False,True,0,138995,US,False,Dominet (HK) Limited,4,365,True,0,True,True,,malicious,spamhaus_zen
deboraaleman.com,2026-07-16,16,3.0220552088742,0.0,0,1.0,-6.676785714285715,low,0.5556,1,0.75,True,NOERROR,1,1800,0,2,False,False,1,47583,US,False,"HOSTINGER operations, UAB",4,1096,False,0,False,False,,benign,no_adverse_signal
elitemobilityitalia.com,2026-07-16,23,2.9258530145612824,0.0,0,1.1111111111111112,-6.5382,low,0.5185,2,0.47368421052631576,True,NOERROR,1,8198,1,3,True,False,0,31034,IT,True,"TUCOWS.COM, CO.",4,365,True,0,False,False,False,benign,no_adverse_signal
buffalohillconsultants.com,2026-07-16,26,3.4594316186372973,0.0,0,0.4666666666666667,-7.096270731707317,low,0.4444,3,0.5454545454545454,True,NOERROR,2,3600,1,2,True,False,0,16509,US,True,"GoDaddy.com, LLC",4,365,True,20,False,False,False,benign,no_adverse_signal
do41.ru,2026-07-16,7,2.0,0.2857142857142857,0,1.0,-10.978,low,0.5714,1,1.0,True,NOERROR,1,600,0,2,False,False,0,212667,RU,True,REGRU-RU,4,365,False,0,False,False,,benign,no_adverse_signal
voiptawk.com,2026-07-16,12,3.0,0.0,0,0.6,-8.049715384615384,low,0.5882,2,1.0,True,NOERROR,2,600,0,2,False,False,0,16509,US,True,"GoDaddy.com, LLC",4,365,True,37,False,False,,benign,no_adverse_signal
clevelandgolfleague.com,2026-07-16,23,3.1952959344962166,0.0,0,0.7272727272727273,-7.110177142857143,low,0.4444,3,0.5789473684210527,True,NOERROR,2,600,0,2,False,False,0,16509,US,True,"GoDaddy.com, LLC",4,365,True,37,False,False,,benign,no_adverse_signal
callcole.ai,2026-07-16,11,2.1556390622295662,0.0,0,0.6,-6.5934923076923075,low,0.5333,3,0.625,True,NOERROR,2,3600,0,2,False,False,0,16509,US,True,"GoDaddy.com, LLC",5,731,True,2,False,False,,benign,no_adverse_signal
compassionatecaresupportedliving.com,2026-07-16,36,3.8584585933443494,0.0,0,0.6842105263157895,-6.373104918032787,low,0.439,2,0.5,False,NOERROR,0,,0,2,False,False,0,,,,DomainRegistry.com LLC,394,730,False,,,False,,benign,no_adverse_signal
circulardesign.hamburg,2026-07-16,22,3.3787834934861767,0.0,0,0.5555555555555556,-6.966644,low,0.5625,2,0.7857142857142857,True,NOERROR,1,150,1,2,False,False,1,8560,DE,True,Cronon GmbH,1314,1461,False,2,False,False,False,benign,no_adverse_signal
honey-paws-studio.com,2026-07-16,21,3.734521664779752,0.0,2,0.6666666666666666,-7.212596774193548,low,0.4828,2,0.8235294117647058,True,NOERROR,4,14400,1,4,True,False,0,53831,US,False,Squarespace Domains II LLC,4,365,True,16,False,False,False,benign,no_adverse_signal
bballstars.ch,2026-07-16,13,2.521928094887362,0.0,0,0.25,-6.5703764705882355,low,0.5556,4,0.6,True,NOERROR,1,3600,1,2,True,False,1,29222,CH,True,,,,False,0,False,False,False,benign,no_adverse_signal
getounbioma.com,2026-07-16,15,3.277613436819116,0.0,0,1.2,-6.959226315789474,low,0.5,2,0.9090909090909091,False,NOERROR,0,,4,2,False,False,0,,,,NAMECHEAP INC,4,365,True,,,False,False,benign,no_adverse_signal
fieldandfossil.com,2026-07-16,18,3.09306920777189,0.0,0,0.5555555555555556,-7.054603999999999,low,0.5,3,0.6428571428571429,True,NOERROR,2,3600,0,2,False,False,0,16509,US,True,"GoDaddy.com, LLC",4,365,False,20,False,False,,benign,no_adverse_signal
getfirstview.com,2026-07-16,16,3.0849625007211556,0.0,0,0.5,-7.09375238095238,low,0.4706,4,0.75,True,NOERROR,1,1800,5,2,True,False,0,22612,US,False,NAMECHEAP INC,4,365,True,0,False,False,False,benign,no_adverse_signal
moharazbetpartners.com,2026-07-16,22,3.419381945646371,0.0,0,0.5,-7.061266666666667,low,0.48,3,0.6666666666666666,True,NOERROR,2,300,0,2,False,False,0,13335,US,False,"GoDaddy.com, LLC",3,365,False,0,False,False,,benign,no_adverse_signal
3680-21st.com,2026-07-16,13,3.169925001442312,0.46153846153846156,1,0.0,-10.815653333333334,low,0.5,2,1.0,True,NOERROR,2,3600,0,2,False,False,0,16509,US,True,"GoDaddy.com, LLC",4,365,False,2,False,False,,benign,no_adverse_signal
boussin-au.com,2026-07-16,14,2.9219280948873623,0.0,1,1.25,-7.061411764705882,low,0.5714,2,0.8,True,NOERROR,1,50,2,2,True,False,0,47583,CY,False,"HOSTINGER operations, UAB",3,365,False,30,False,False,False,benign,no_adverse_signal
eireid.com,2026-07-16,10,1.9182958340544893,0.0,0,2.0,-7.064822222222222,low,0.7273,1,0.6666666666666666,False,NOERROR,0,,0,2,False,False,0,,,,"Spaceship, Inc.",4,365,False,,,False,,benign,no_adverse_signal
open-garagedoor.de,2026-07-16,18,3.0565647621309546,0.0,1,1.0,-6.893948148148148,low,0.5,1,0.6,True,NOERROR,4,30,0,2,False,False,8,24940,DE,True,,,,False,0,False,False,,benign,no_adverse_signal
carrollwelding.com,2026-07-16,18,3.3248629576173574,0.0,0,0.4,-6.895904000000001,low,0.5,3,0.7857142857142857,False,NXDOMAIN,0,,0,0,False,False,0,,,,"Amazon Registrar, Inc.",4,365,True,,,False,,benign,no_adverse_signal
bylarastore.com.br,2026-07-16,18,3.095795255000934,0.0,0,0.5714285714285714,-6.433452631578947,low,0.5833,3,0.8181818181818182,True,NOERROR,1,14400,1,2,True,False,0,31898,BR,True,,5,365,False,0,False,False,False,benign,no_adverse_signal
mysocial.help,2026-07-16,13,3.0,0.0,0,0.6,-7.003869230769231,low,0.6154,3,1.0,False,NOERROR,0,,1,2,True,False,0,,,,Porkbun LLC,4,365,False,,,False,False,benign,no_adverse_signal
profectustechs.com,2026-07-16,18,3.2359263506290334,0.0,0,0.4,-6.7326239999999995,low,0.5714,3,0.7142857142857143,True,NOERROR,2,120,0,4,False,False,0,16509,DE,True,NAMECHEAP INC,4,365,True,17,False,False,,benign,no_adverse_signal
joinumbrellalocalpartnerships.com,2026-07-16,33,3.8404025467025056,0.0,0,0.5263157894736842,-6.866454545454545,low,0.4444,3,0.5517241379310345,True,NOERROR,2,300,1,2,True,False,2,13335,US,False,DYNADOT LLC,4,365,True,0,False,False,False,benign,no_adverse_signal
kerrcardstudio.co.uk,2026-07-16,20,3.3248629576173574,0.0,0,0.5555555555555556,-6.862372000000001,low,0.5385,4,0.7857142857142857,True,NOERROR,1,86400,0,4,False,False,1,13335,CA,True,Tucows Inc t/a Tucows [Tag = TUCOWS-CA],5,365,False,0,False,False,,benign,no_adverse_signal
consultect.com,2026-07-16,14,2.9219280948873623,0.0,0,0.42857142857142855,-6.450405882352942,low,0.5556,2,0.8,True,NOERROR,1,50,0,2,False,False,0,47583,CY,False,"HOSTINGER operations, UAB",4,365,False,30,False,False,,benign,no_adverse_signal
reedfield.digital,2026-07-16,17,2.4193819456463714,0.0,0,0.8,-7.08366,low,0.5556,2,0.6666666666666666,True,NOERROR,2,300,0,2,False,False,2,13335,US,False,,,,,0,False,False,,benign,no_adverse_signal
ty-equipment.com,2026-07-16,16,3.2516291673878226,0.0,1,0.5714285714285714,-7.971604761904762,low,0.5185,2,0.8333333333333334,True,NOERROR,1,1,1,2,True,True,0,135377,HK,False,Xin Net Technology Corporation,4,365,False,0,True,True,False,malicious,spamhaus_zen
sistema-innova.com,2026-07-16,18,3.2359263506290334,0.0,1,0.8571428571428571,-6.8794439999999994,low,0.56,2,0.7142857142857143,False,timeout,0,,0,2,False,False,0,,,,"Cloudflare, Inc.",4,365,True,,,False,,benign,no_adverse_signal
sovabet522.com,2026-07-16,14,3.1219280948873624,0.21428571428571427,0,0.75,-8.525576470588234,low,0.4444,1,0.9,False,SERVFAIL,0,,0,0,False,False,0,,,,NAMECHEAP INC,4,365,True,,,False,,benign,no_adverse_signal
xn--apello-haushaltsauflsung-4oc.hamburg,2026-07-16,40,3.765319531114783,0.025,4,0.5882352941176471,-8.175403278688526,low,0.3333,3,0.5,True,NOERROR,1,3600,2,4,True,False,1,8560,DE,True,1&1 Internet AG,1424,1461,False,0,False,False,False,benign,no_adverse_signal
rajabotakj.com,2026-07-16,14,2.6464393446710153,0.0,0,0.6666666666666666,-7.637541176470588,low,0.5556,2,0.7,True,NOERROR,2,300,0,2,False,False,2,13335,US,False,Dominet (HK) Limited,4,365,False,0,False,False,,benign,no_adverse_signal
4bingotime.com,2026-07-16,14,3.121928094887362,0.07142857142857142,0,0.8,-6.952652941176471,low,0.6,2,0.9,True,NOERROR,2,300,0,2,False,False,2,13335,US,False,Dynadot Inc,4,365,False,0,False,False,,benign,no_adverse_signal
freelifeinitiative.com,2026-07-16,22,2.8582783084180448,0.0,0,1.25,-6.536842424242424,low,0.5,2,0.5,True,NOERROR,2,1800,0,2,False,False,0,16509,US,False,"Name.com, Inc.",4,365,True,0,False,False,,benign,no_adverse_signal
clessonlaw.co,2026-07-16,13,2.9219280948873623,0.0,0,0.42857142857142855,-6.571841176470588,low,0.5556,2,0.8,True,NOERROR,2,600,0,2,False,False,0,16509,US,True,"GoDaddy.com, LLC",9,365,True,37,False,False,,benign,no_adverse_signal
jili-777.casino,2026-07-16,15,2.1556390622295662,0.2,1,1.0,-8.89056923076923,low,0.375,1,0.625,True,NOERROR,2,300,0,2,False,False,2,13335,US,False,,,,,0,False,False,,benign,no_adverse_signal
fryecompanys.com,2026-07-16,16,3.418295834054489,0.0,0,0.3333333333333333,-7.327461904761905,low,0.5385,3,0.9166666666666666,True,NOERROR,2,300,0,2,False,False,2,13335,US,False,Alibaba Cloud Computing Ltd. d/b/a HiChina (www.net.cn),4,365,False,0,False,False,,benign,no_adverse_signal
tesla-power-wall.hamburg,2026-07-16,24,3.202819531114783,0.0,2,0.5555555555555556,-7.358089655172414,low,0.5714,2,0.625,False,NOERROR,0,,0,2,False,False,0,,,,Cronon GmbH,2792,2922,False,,,False,,benign,no_adverse_signal
scousenecktie.com,2026-07-16,17,3.0269868333592873,0.0,0,0.8571428571428571,-6.659282608695652,low,0.5714,3,0.6923076923076923,True,NOERROR,2,600,0,2,False,False,0,16509,US,True,"GoDaddy.com, LLC",4,365,True,37,False,False,,benign,no_adverse_signal
reachroutedock.org,2026-07-16,18,3.2359263506290334,0.0,0,0.75,-6.63352,low,0.5385,3,0.7142857142857143,True,NOERROR,2,300,1,2,True,False,2,13335,US,False,Porkbun LLC,3,365,False,0,False,False,False,benign,no_adverse_signal
crestbornepact.online,2026-07-16,21,3.2359263506290334,0.0,0,0.4,-6.609095999999999,medium,0.4828,3,0.7142857142857143,True,NOERROR,1,1799,1,2,True,False,0,22612,US,False,NAMECHEAP INC,3,365,True,0,False,False,,benign,no_adverse_signal
gripitandtipit.com,2026-07-16,18,2.7534343861887853,0.0,0,0.5555555555555556,-6.943156,low,0.5263,3,0.5714285714285714,True,NOERROR,1,1800,5,2,True,False,0,22612,US,False,NAMECHEAP INC,3,365,True,0,False,False,False,benign,no_adverse_signal
bassedlongevity.com,2026-07-16,19,3.640223928941851,0.0,0,0.5,-6.887481481481481,low,0.5,2,0.8666666666666667,True,NOERROR,2,3600,1,2,True,False,0,16509,US,True,"GoDaddy.com, LLC",4,365,False,59,False,False,,malicious,abuseipdb
vonkdigitalarchitects.com,2026-07-16,25,3.748994803525096,0.0,0,0.5,-6.7293076923076915,low,0.4667,3,0.7142857142857143,True,NOERROR,2,54,0,4,False,False,0,,US,False,Porkbun LLC,381,730,False,0,False,False,,benign,no_adverse_signal
wearbigmaxgolf.shop,2026-07-16,19,3.521640636343319,0.0,0,0.5555555555555556,-7.683071999999999,low,0.4211,2,0.8571428571428571,True,NOERROR,1,300,0,2,False,False,0,199242,US,False,,,,False,0,False,False,,benign,no_adverse_signal
aldfmpfb.top,2026-07-16,12,2.75,0.0,0,0.14285714285714285,-9.35866923076923,high,0.4615,7,0.875,True,NOERROR,3,60,0,2,False,True,0,138995,US,False,Dominet (HK) Limited,4,365,True,0,True,True,,malicious,spamhaus_zen
bluevaria.com,2026-07-16,13,2.94770277922009,0.0,0,1.25,-7.031293333333333,low,0.5714,2,0.8888888888888888,False,NOERROR,0,,3,2,True,False,0,,,,"Amazon Registrar, Inc.",4,365,True,,,False,False,benign,no_adverse_signal
m8swear.com,2026-07-16,11,2.807354922057604,0.09090909090909091,0,0.5,-8.971927272727273,low,0.5714,2,1.0,True,NOERROR,2,600,0,2,False,False,0,16509,US,True,"GoDaddy.com, LLC",4,1096,False,37,False,False,,benign,no_adverse_signal
daycloudstudiosdeal.com,2026-07-16,23,3.3005590923909534,0.0,0,0.7272727272727273,-6.838382857142857,low,0.5161,3,0.5789473684210527,True,NOERROR,2,33,0,4,False,False,0,,US,False,Porkbun LLC,381,730,False,0,False,False,,benign,no_adverse_signal
tgbzkkgtg.cc,2026-07-16,12,2.197159723424149,0.0,0,0.0,-11.151800000000001,low,0.4,9,0.5555555555555556,False,NOERROR,0,,0,2,False,False,0,,,,"GoDaddy.com, LLC",4,365,False,,,False,,benign,no_adverse_signal
forodecharla.com,2026-07-16,16,3.084962500721156,0.0,0,0.7142857142857143,-6.461133333333333,low,0.5556,2,0.75,False,NXDOMAIN,0,,0,0,False,False,0,,,,,,,,,,False,,benign,no_adverse_signal
grimm2.hamburg,2026-07-16,14,2.251629167387823,0.07142857142857142,0,0.25,-8.0429,low,0.5,2,0.8333333333333334,True,NOERROR,1,600,2,3,True,False,0,202108,DE,False,united domains AG,1982,2191,False,0,False,False,False,benign,no_adverse_signal
blazeviewer.app,2026-07-16,15,3.027169118440619,0.0,0,0.8333333333333334,-7.151178947368421,low,0.5217,2,0.8181818181818182,True,NOERROR,2,300,3,2,True,False,2,13335,US,False,,,,False,0,False,False,False,benign,no_adverse_signal
pragmapower.com,2026-07-16,15,2.9139770731827523,0.0,0,0.5714285714285714,-6.99988947368421,low,0.6087,2,0.7272727272727273,True,NOERROR,1,1258,0,2,False,False,0,14618,US,True,Atom.com Domains LLC,4,365,False,0,False,False,,benign,no_adverse_signal
tonernegemtiditindre.dk,2026-07-16,23,3.008694969562842,0.0,0,0.6666666666666666,-6.731927027027027,low,0.4242,3,0.45,True,NOERROR,4,3600,0,3,False,False,0,54113,US,True,Simply.com A/S,6,364,True,40,False,False,,benign,no_adverse_signal
kambo.hamburg,2026-07-16,13,2.321928094887362,0.0,0,0.6666666666666666,-7.2246428571428565,low,0.6667,2,1.0,True,NOERROR,1,86400,1,4,True,False,0,24940,DE,True,InterNetX GmbH,548,730,True,0,False,False,False,benign,no_adverse_signal
kochcdljobs.com,2026-07-16,15,3.0957952550009344,0.0,0,0.2222222222222222,-8.578157894736842,low,0.4545,6,0.8181818181818182,False,NOERROR,0,,1,4,True,False,0,,,,"GoDaddy.com, LLC",4,365,True,,,False,False,benign,no_adverse_signal
trustedhumannetworks.com,2026-07-16,24,3.584183719779189,0.0,0,0.42857142857142855,-6.709194594594595,low,0.6667,3,0.65,True,NOERROR,2,3600,0,2,False,False,0,16509,US,True,"GoDaddy.com, LLC",3,365,True,20,False,False,,benign,no_adverse_signal
betjillilogin.com,2026-07-16,17,2.9689185639620974,0.0,0,0.625,-7.183647826086957,low,0.4762,2,0.6923076923076923,True,NOERROR,2,300,0,2,False,False,2,13335,US,False,"Gransy, s.r.o.",4,365,False,0,False,False,,benign,no_adverse_signal
surralism.com,2026-07-16,13,2.725480556997868,0.0,0,0.5,-6.74822,low,0.5333,2,0.7777777777777778,True,NOERROR,4,14400,1,4,True,False,0,53831,US,False,Squarespace Domains II LLC,4,365,True,16,False,False,False,benign,no_adverse_signal
poly2016.com,2026-07-16,12,3.0,0.3333333333333333,0,0.3333333333333333,-9.0612,low,0.5,2,1.0,True,NOERROR,1,1800,0,2,False,False,0,16509,US,False,"Spaceship, Inc.",4,365,False,0,False,False,,benign,no_adverse_signal
thecornerhouseco.com,2026-07-16,20,3.0306390622295662,0.0,0,0.7777777777777778,-6.437610344827586,low,0.5185,2,0.5625,True,NOERROR,4,14400,0,4,True,False,0,53831,US,False,Squarespace Domains LLC,4,365,True,16,False,False,,benign,no_adverse_signal
laucandless.com,2026-07-16,15,2.9139770731827523,0.0,0,0.5714285714285714,-6.693389473684211,low,0.6,3,0.7272727272727273,True,NOERROR,4,14400,1,4,True,False,0,53831,US,False,Squarespace Domains II LLC,4,365,True,16,False,False,False,benign,no_adverse_signal
nirangkariplasticworks.com,2026-07-16,26,3.538310595615005,0.0,0,0.4666666666666667,-6.818068292682927,low,0.5143,3,0.5909090909090909,True,NOERROR,1,300,1,1,True,False,0,16509,IN,True,"TUCOWS.COM, CO.",23,365,True,0,False,False,,benign,no_adverse_signal
talewalk.com,2026-07-16,12,2.5,0.0,0,0.6,-6.722261538461538,low,0.5333,2,0.75,False,NOERROR,0,,0,2,False,False,0,,,,"Cloudflare, Inc.",4,365,True,,,False,,benign,no_adverse_signal
xn--80aackbed3ado0bbzpd8g.xn--p1ai,2026-07-16,34,3.8332696895151077,0.17647058823529413,4,0.38461538461538464,-10.237946808510637,low,0.3636,5,0.64,True,NOERROR,1,600,2,4,True,False,1,9123,RU,True,,,,,0,False,False,False,benign,no_adverse_signal
shoujiqiutanbifen.com.cn,2026-07-16,24,3.572469458770136,0.0,0,0.8888888888888888,-8.080312903225806,low,0.5217,2,0.7647058823529411,True,NOERROR,1,600,0,2,False,False,0,9294,SC,False,Web Commerce Communications Limited,8,365,False,0,False,False,,benign,no_adverse_signal
franquiciasbolloguella.com,2026-07-16,26,3.6069367321753205,0.0,0,0.8333333333333334,-7.12020243902439,low,0.4138,2,0.6363636363636364,True,NOERROR,1,600,0,2,False,False,0,398101,US,True,"GoDaddy.com, LLC",4,365,True,0,False,False,,benign,no_adverse_signal
hydroprocleaning.be,2026-07-16,19,3.625,0.0,0,0.45454545454545453,-6.813262068965517,low,0.5,4,0.8125,True,NOERROR,1,86400,3,2,True,False,0,43515,NL,True,,5,,False,0,False,False,False,benign,no_adverse_signal
venicechain.com,2026-07-16,15,2.7321588913645702,0.0,0,0.8333333333333334,-6.2268,low,0.5556,2,0.6363636363636364,True,NOERROR,1,300,0,2,True,False,0,16509,US,False,Squarespace Domains LLC,4,365,True,0,False,True,,malicious,spamhaus_dbl
atlanticcrossingpress.com,2026-07-16,25,3.4399364703978073,0.0,0,0.4,-6.581469230769231,low,0.5333,4,0.5714285714285714,True,NOERROR,2,3600,0,2,False,False,0,16509,US,True,"GoDaddy.com, LLC",4,1096,True,20,False,False,,benign,no_adverse_signal
mcp-hi.ru,2026-07-16,9,2.584962500721156,0.0,1,0.25,-9.201633333333334,low,0.5,3,1.0,True,NOERROR,1,600,2,6,True,False,0,198610,RU,False,BEGET-RU,4,365,False,2,False,False,False,benign,no_adverse_signal
tuybvshw.cc,2026-07-16,11,3.0,0.0,0,0.14285714285714285,-9.694753846153846,low,0.4615,6,1.0,False,NOERROR,0,,0,2,False,False,0,,,,"GoDaddy.com, LLC",4,365,True,,,False,,benign,no_adverse_signal
vuzoplayer.com,2026-07-16,14,3.321928094887362,0.0,0,0.6666666666666666,-7.700276470588235,low,0.5333,2,1.0,True,NOERROR,1,900,1,2,True,False,0,54113,US,False,REGISTER S.P.A.,4,365,True,0,False,False,False,benign,no_adverse_signal
kagaar.dev,2026-07-16,10,1.7924812503605778,0.0,0,1.0,-7.472288888888889,low,0.5714,1,0.6666666666666666,True,NOERROR,1,600,0,4,False,False,0,46475,US,True,,,,False,0,False,False,,benign,no_adverse_signal
umut6507.xyz,2026-07-16,12,2.75,0.3333333333333333,0,1.0,-10.463246153846153,high,0.4286,1,0.875,True,NOERROR,2,16,0,4,False,False,0,,US,False,Porkbun LLC,381,730,False,0,False,False,,benign,no_adverse_signal
blue-hub.hamburg,2026-07-16,16,2.5,0.0,1,0.75,-7.744992307692308,low,0.4286,2,0.75,True,NOERROR,1,1800,1,2,True,False,0,8893,DE,True,Key-Systems LLC,1205,1461,False,0,False,False,False,benign,no_adverse_signal
dobmush.ru,2026-07-16,10,2.807354922057604,0.0,0,0.4,-7.847954545454545,low,0.5455,2,1.0,True,NOERROR,2,3600,0,0,False,False,0,16276,FR,True,ARDIS-RU,5,365,False,0,False,False,,benign,no_adverse_signal
simuda.web.id,2026-07-16,13,2.584962500721156,0.0,0,1.0,-7.4230222222222215,low,0.6,1,1.0,True,NOERROR,1,14400,1,2,True,False,0,133800,ID,True,,,,False,0,False,False,False,benign,no_adverse_signal
wendys-menus.ca,2026-07-16,15,3.084962500721156,0.0,1,0.375,-7.511857142857143,low,0.5263,4,0.75,True,NOERROR,2,60,2,2,True,False,2,47583,CY,False,Go Get Canada Domain Registrar Ltd.,4,365,True,0,False,False,False,benign,no_adverse_signal
sas-princesse.fr,2026-07-16,16,2.9312089489103235,0.0,1,0.5,-6.679530434782609,low,0.5714,2,0.6923076923076923,True,NOERROR,1,3600,2,4,True,False,1,8560,DE,True,IONOS SE,3,364,False,0,False,False,False,benign,no_adverse_signal
bostel-ca.com,2026-07-16,13,3.169925001442312,0.0,1,0.6,-6.76536,low,0.5,2,1.0,True,NOERROR,1,3600,2,4,True,False,1,8560,US,True,IONOS SE,4,365,True,0,False,False,False,benign,no_adverse_signal
kmjindu.com,2026-07-16,11,2.807354922057604,0.0,0,0.4,-8.6009,low,0.5455,3,1.0,True,NOERROR,2,300,0,2,False,False,2,13335,US,False,"Megazone Corp., dba HOSTING.KR",4,365,False,0,False,False,,benign,no_adverse_signal
zikr-ahlidan-sorang.uz,2026-07-16,22,3.576617644908665,0.0,2,0.5454545454545454,-7.73662,low,0.48,2,0.6842105263157895,True,NOERROR,2,300,0,2,False,False,2,13335,US,False,SUVAN NET,6,366,False,0,False,False,,benign,no_adverse_signal
sweetheartaethetics.com,2026-07-16,23,2.900051698999542,0.0,0,0.7272727272727273,-6.676717142857143,low,0.48,2,0.47368421052631576,True,NOERROR,2,60,2,2,True,False,2,47583,CY,False,"HOSTINGER operations, UAB",4,365,False,0,False,False,False,benign,no_adverse_signal
xiu946xiu.cc,2026-07-16,12,2.5032583347756456,0.25,0,2.0,-11.236040000000001,low,0.4615,1,0.6666666666666666,False,NOERROR,0,,0,2,False,False,0,,,,"NameSilo, LLC",4,365,True,,,False,,benign,no_adverse_signal
feelingscreations.com,2026-07-16,21,3.4548223999466066,0.0,0,0.7,-6.312832258064516,low,0.5625,5,0.7058823529411765,True,NOERROR,1,7200,1,4,True,False,0,199404,GB,True,"GoDaddy.com, LLC",4,365,True,0,False,False,False,benign,no_adverse_signal
getorigamico.com,2026-07-16,16,3.084962500721156,0.0,0,1.0,-6.319504761904762,low,0.5263,1,0.75,True,NOERROR,1,300,1,2,True,False,0,14618,US,True,Porkbun LLC,4,365,False,0,False,False,False,benign,no_adverse_signal
anno1905.hamburg,2026-07-16,16,2.75,0.25,0,1.0,-9.062184615384616,low,0.4286,2,0.875,True,NOERROR,1,150,1,2,False,False,1,8560,DE,True,Cronon GmbH,4338,4383,False,0,False,False,False,benign,no_adverse_signal
screenstarstories.com,2026-07-16,21,2.939829017466402,0.0,0,0.5454545454545454,-6.179874193548387,low,0.5882,3,0.5294117647058824,True,NOERROR,1,3600,1,4,True,False,1,48254,US,False,"Spaceship, Inc.",4,365,False,0,False,False,False,benign,no_adverse_signal
xn--medienfhrerschein-82b.kids,2026-07-16,30,3.703465189601646,0.06666666666666667,3,0.42857142857142855,-8.00538085106383,low,0.3684,4,0.6,True,NOERROR,1,600,2,3,True,False,0,202108,DE,False,united-domains GmbH,5,365,True,0,False,False,False,benign,no_adverse_signal
personalityconstructor.ru,2026-07-16,25,3.5383105956150054,0.0,0,0.4666666666666667,-6.380234146341464,low,0.4571,4,0.5909090909090909,True,NOERROR,1,3600,3,3,True,False,0,48287,RU,True,RU-CENTER-RU,5,365,False,0,False,False,False,benign,no_adverse_signal
stephaniemccall.com,2026-07-16,19,3.3735572622751855,0.0,0,0.5,-6.9916,low,0.4762,3,0.7333333333333333,True,NOERROR,2,600,0,2,False,False,0,16509,US,True,"GoDaddy.com, LLC",4,1096,True,37,False,False,,benign,no_adverse_signal
abogadosdevalencia.com,2026-07-16,22,3.3921472236645345,0.0,0,1.0,-6.9958757575757575,low,0.4828,2,0.6666666666666666,True,NOERROR,1,3600,2,4,True,False,1,8560,DE,True,IONOS SE,4,365,True,0,False,False,False,benign,no_adverse_signal
marcelwelsch.de,2026-07-16,15,3.084962500721156,0.0,0,0.3333333333333333,-7.001671428571429,low,0.48,4,0.75,True,NOERROR,1,150,1,2,False,False,1,8560,DE,True,,,,False,0,False,False,False,benign,no_adverse_signal
earnpkrgames.com.pk,2026-07-16,19,3.084962500721156,0.0,0,0.5,-7.476147619047619,low,0.6667,6,0.75,True,NOERROR,1,14400,1,2,True,False,0,22612,US,True,,5,731,False,0,False,False,False,benign,no_adverse_signal
southtexasshootingsafetyschool.com,2026-07-16,34,3.574418313907282,0.0,0,0.5789473684210527,-7.021333333333334,low,0.4,5,0.5,True,NOERROR,1,900,1,2,True,False,0,54641,US,True,"Spaceship, Inc.",4,365,False,0,False,False,False,benign,no_adverse_signal
shibalytics.app,2026-07-16,15,3.0957952550009344,0.0,0,0.375,-6.843131578947368,low,0.7273,3,0.8181818181818182,True,NOERROR,1,300,0,2,False,False,0,399629,NL,False,,,,False,0,False,False,,benign,no_adverse_signal
essencedufeerique.se,2026-07-16,20,2.9398290174664026,0.0,0,1.125,-7.208348387096774,low,0.4667,2,0.5882352941176471,True,NOERROR,2,3600,0,2,False,False,0,39570,SE,False,Loopia AB,4,365,False,2,False,False,,benign,no_adverse_signal
jknjwrites.com,2026-07-16,14,3.121928094887362,0.0,0,0.25,-8.948105882352941,low,0.5,6,0.9,False,NOERROR,0,,3,2,True,False,0,,,,"Amazon Registrar, Inc.",4,365,True,,,False,False,benign,no_adverse_signal
onepetdr.com,2026-07-16,12,2.75,0.0,0,0.6,-7.108369230769231,low,0.6154,3,0.875,False,NOERROR,0,,0,2,False,False,0,,,,"DNSPod, Inc.",4,365,False,,,False,,benign,no_adverse_signal
zentrivic.com,2026-07-16,13,2.94770277922009,0.0,0,0.5,-6.34132,low,0.5333,3,0.8888888888888888,True,NOERROR,1,300,1,2,True,False,0,28753,DE,False,"NameSilo, LLC",4,365,True,2,False,False,False,benign,no_adverse_signal
yedoo.ai,2026-07-16,8,1.9219280948873623,0.0,0,1.5,-7.307214285714286,low,0.6,1,0.8,True,NOERROR,1,1800,0,2,False,False,0,132203,SG,False,"GoDaddy.com, LLC",4,731,True,0,False,False,,benign,no_adverse_signal
sholadaniel.cv,2026-07-16,14,3.095795255000934,0.0,0,0.8333333333333334,-6.536321052631579,low,0.5263,2,0.8181818181818182,True,NOERROR,1,300,0,2,False,False,0,16509,US,False,apitestregistrar,5,365,False,0,False,False,,benign,no_adverse_signal
qhculpdele2.top,2026-07-16,15,3.095795255000934,0.06666666666666667,0,0.42857142857142855,-8.595152631578946,high,0.4706,3,0.8181818181818182,False,NOERROR,0,,0,2,False,False,0,,,,Dynadot LLC,4,365,True,,,False,,benign,no_adverse_signal
accitater.ru,2026-07-16,12,2.5032583347756456,0.0,0,0.8,-6.242106666666667,low,0.625,2,0.6666666666666666,True,NOERROR,2,300,0,2,False,False,2,13335,US,False,DOMAINSHOP-RU,9,365,False,0,False,False,,benign,no_adverse_signal
fishwithflo.com,2026-07-16,15,2.9139770731827523,0.0,0,0.375,-7.743542105263157,low,0.4706,4,0.7272727272727273,True,NOERROR,1,3600,3,2,True,False,1,16276,FR,True,"OVH, SAS",4,365,True,0,False,False,False,benign,no_adverse_signal
i-fly-falcon-jets.com,2026-07-16,21,3.5724694587701364,0.0,3,0.4,-8.022535483870968,low,0.4516,3,0.7647058823529411,True,NOERROR,4,14400,0,4,True,False,0,53831,US,False,Squarespace Domains LLC,4,365,True,16,False,False,,benign,no_adverse_signal
midatlanticlsa.com,2026-07-16,18,3.039148671903071,0.0,0,0.5555555555555556,-6.782168,low,0.5,3,0.6428571428571429,False,timeout,0,,0,0,False,False,0,,,,"GMO Internet, Inc.",4,365,True,,,False,,benign,no_adverse_signal
musicatown.com,2026-07-16,14,3.321928094887362,0.0,0,0.6666666666666666,-6.710123529411765,low,0.5556,2,1.0,True,NOERROR,1,3600,1,5,True,False,0,131965,JP,True,"XServer, Inc.",4,365,False,0,False,False,False,benign,no_adverse_signal
genesistrading.ai,2026-07-16,17,3.09306920777189,0.0,0,0.5555555555555556,-5.964284,low,0.56,3,0.6428571428571429,True,NOERROR,2,1800,0,2,False,False,0,16509,US,False,"GoDaddy.com, LLC",5,731,True,0,False,False,,benign,no_adverse_signal
portalbc.online,2026-07-16,15,3.0,0.0,0,0.3333333333333333,-6.657246153846154,medium,0.5882,3,1.0,True,NOERROR,4,30,0,2,False,False,8,212317,US,True,VIRTUA DRUG Kutatási Szolgáltató Korlátolt Felelősségű Társaság,3,365,False,0,False,False,,benign,no_adverse_signal
worksolvy.com,2026-07-16,13,2.94770277922009,0.0,0,0.2857142857142857,-7.679779999999999,low,0.625,3,0.8888888888888888,True,NOERROR,2,3600,5,2,True,False,0,16509,US,True,"GoDaddy.com, LLC",4,731,True,20,False,False,False,benign,no_adverse_signal
catcasino-tdj.top,2026-07-16,17,3.238901256602631,0.0,1,0.5,-7.409460869565217,high,0.5455,3,0.7692307692307693,True,NOERROR,1,7200,0,3,False,False,0,57724,RU,True,"NameSilo, LLC",4,365,True,0,False,False,,benign,no_adverse_signal
aimakeworks.com,2026-07-16,15,3.0957952550009344,0.0,0,0.8333333333333334,-7.040657894736842,low,0.6667,3,0.8181818181818182,True,NOERROR,2,300,0,2,False,False,2,13335,US,False,"Cloudflare, Inc.",4,365,True,0,False,False,,benign,no_adverse_signal
learningcache.com,2026-07-16,17,3.085055102756477,0.0,0,0.625,-6.517417391304348,low,0.5263,3,0.6923076923076923,True,NOERROR,2,35,2,4,True,False,0,,US,False,Porkbun LLC,4,365,False,0,False,False,False,benign,no_adverse_signal
3qagb.top,2026-07-16,9,2.321928094887362,0.1111111111111111,0,0.3333333333333333,-10.698028571428571,high,0.4444,2,1.0,True,NOERROR,5,60,0,2,False,True,0,8075,JP,False,"Spaceship, Inc.",4,365,True,0,False,True,,malicious,spamhaus_dbl
brandbab.com,2026-07-16,12,2.1556390622295662,0.0,0,0.3333333333333333,-6.659546153846154,low,0.5333,3,0.625,True,NOERROR,1,300,2,4,True,False,0,47583,IN,False,IONOS SE,4,365,True,0,False,False,False,benign,no_adverse_signal
teilnehmermanagement.hamburg,2026-07-16,28,3.0659573209491744,0.0,0,0.6666666666666666,-6.929510810810811,low,0.4706,2,0.5,True,NOERROR,1,7200,1,3,True,False,1,24940,DE,True,Key-Systems LLC,3448,3652,False,0,False,False,False,benign,no_adverse_signal
aissist-it.com,2026-07-16,14,2.1709505944546685,0.0,1,0.8,-6.994047058823529,low,0.5,2,0.5,True,NOERROR,1,300,0,2,False,False,0,212913,DE,True,Dynadot Inc,3,365,False,0,False,False,,benign,no_adverse_signal
4nfeh5.top,2026-07-16,10,2.584962500721156,0.2,0,0.3333333333333333,-10.304177777777777,high,0.4444,2,1.0,False,NOERROR,0,,0,2,False,False,0,,,,"Todaynic.com, Inc.",4,365,True,,,False,,benign,no_adverse_signal
ailinfit.com,2026-07-16,12,2.4056390622295662,0.0,0,1.0,-6.3733,low,0.5714,2,0.75,True,NOERROR,1,86400,0,4,False,False,1,13335,CA,True,"TUCOWS.COM, CO.",236,365,True,0,False,False,,benign,no_adverse_signal
zeytinkirklareli.com,2026-07-16,20,3.202819531114783,0.0,0,0.6,-7.27146551724138,low,0.4348,3,0.625,True,NOERROR,2,3600,2,2,True,False,0,16509,DE,True,Nics Telekomunikasyon A.S.,4,365,True,0,False,False,False,benign,no_adverse_signal
windows-eu.com,2026-07-16,14,3.121928094887362,0.0,1,0.8,-7.188076470588236,low,0.8235,2,0.9,True,NOERROR,1,3600,3,2,True,False,0,16276,FR,True,"OVH, SAS",4,1826,True,11,False,False,False,benign,no_adverse_signal
chamoycalavera.com,2026-07-16,18,3.09306920777189,0.0,0,0.75,-6.753908,low,0.48,2,0.7142857142857143,True,NOERROR,1,86400,0,2,False,False,0,16509,US,True,"TUCOWS.COM, CO.",373,730,True,0,False,False,,benign,no_adverse_signal
magiosteam.com,2026-07-16,14,2.9219280948873623,0.0,0,1.0,-6.383911764705882,low,0.56,2,0.8,False,NOERROR,0,,3,2,True,False,0,,,,"Amazon Registrar, Inc.",4,365,True,,,False,False,benign,no_adverse_signal
curryking.fi,2026-07-16,12,2.94770277922009,0.0,0,0.2857142857142857,-7.435373333333333,low,0.5,4,0.8888888888888888,False,SERVFAIL,0,,0,0,False,False,0,,,,Planeetta Internet Oy,4,365,False,,,False,,benign,no_adverse_signal
1917sapphire.com,2026-07-16,16,3.2516291673878226,0.25,0,0.6,-8.58,low,0.4706,3,0.8333333333333334,True,NOERROR,1,86400,0,2,False,False,0,16509,US,True,"TUCOWS.COM, CO.",373,730,True,0,False,False,,benign,no_adverse_signal
hacksitusgacor.com,2026-07-16,18,3.3787834934861767,0.0,0,0.5555555555555556,-6.9969920000000005,low,0.6087,3,0.7857142857142857,True,NOERROR,2,300,0,2,False,False,2,13335,US,False,Realtime Register B.V.,4,365,False,0,False,False,,benign,no_adverse_signal
filipinofoods.online,2026-07-16,20,2.8150724101159437,0.0,0,0.8571428571428571,-6.916656521739131,medium,0.4348,2,0.6153846153846154,True,NOERROR,1,3600,2,4,True,False,1,8560,US,True,IONOS SE,4,365,False,0,False,False,False,benign,no_adverse_signal
hikaaya.com,2026-07-16,11,2.128085278891394,0.0,0,1.3333333333333333,-7.90509090909091,low,0.5714,1,0.7142857142857143,True,NOERROR,2,300,0,2,False,False,2,13335,US,False,Porkbun LLC,4,365,False,0,False,False,,benign,no_adverse_signal
paradiseusarealestate.com,2026-07-16,25,3.0416256143692233,0.0,0,1.1,-6.160312820512821,low,0.4706,2,0.47619047619047616,True,NOERROR,3,3600,0,2,False,False,0,58182,US,True,Wix.com Ltd.,4,365,False,16,False,False,,benign,no_adverse_signal
wheel-out-india.com,2026-07-16,19,3.5068905956085183,0.0,2,1.1666666666666667,-7.49658888888889,low,0.48,2,0.8,True,NOERROR,2,300,0,2,False,False,2,13335,US,False,DEVEXPANSE LTD d/b/a Regery.com,4,365,True,0,False,False,,benign,no_adverse_signal
xsjzk.com,2026-07-16,9,2.321928094887362,0.0,0,0.0,-11.239828571428571,low,0.5,5,1.0,True,NOERROR,1,600,0,2,False,False,0,62904,US,True,"GMO Internet, Inc.",4,365,True,0,False,False,,benign,no_adverse_signal
ipzzhht.com,2026-07-16,11,2.2359263506290326,0.0,0,0.16666666666666666,-10.138745454545456,low,0.5,6,0.7142857142857143,False,NOERROR,0,,0,2,False,False,0,,,,"GMO Internet, Inc.",4,365,True,,,False,,benign,no_adverse_signal
jobmall.hamburg,2026-07-16,15,2.521640636343318,0.0,0,0.4,-7.315490909090909,low,0.5455,2,0.8571428571428571,True,NOERROR,1,150,1,2,False,False,1,6724,DE,True,Cronon GmbH,956,1096,False,0,False,False,False,benign,no_adverse_signal
hgswtjb8.top,2026-07-16,12,3.0,0.08333333333333333,0,0.0,-10.916953846153847,high,0.5,7,1.0,False,NOERROR,0,,5,2,True,False,0,,,,NAMECHEAP INC,4,365,True,,,False,False,benign,no_adverse_signal
guifudm.cc,2026-07-16,10,2.5216406363433186,0.0,0,0.75,-8.603154545454545,low,0.4706,2,0.8571428571428571,True,NOERROR,1,1,0,2,False,True,0,40065,US,False,"NameSilo, LLC",5,365,True,0,False,False,,benign,no_adverse_signal
exesuites.com,2026-07-16,13,2.4193819456463714,0.0,0,1.25,-7.126806666666667,low,0.7778,1,0.6666666666666666,True,NOERROR,2,600,0,2,False,False,0,16509,US,True,"GoDaddy.com, LLC",3,365,True,37,False,False,,benign,no_adverse_signal
rigok.top,2026-07-16,9,2.321928094887362,0.0,0,0.6666666666666666,-7.328,high,0.6667,1,1.0,True,NOERROR,1,600,0,2,False,False,0,142286,HK,False,"Hefei Juming Network Technology Co., Ltd.",4,365,True,0,True,False,,malicious,spamhaus_zen
vyazem-c-irinoi.ru,2026-07-16,18,3.4565647621309536,0.0,2,0.8571428571428571,-8.283418518518518,low,0.4545,2,0.8,True,NOERROR,1,3600,1,3,False,False,0,50867,RU,False,REGRU-RU,5,365,False,0,False,False,False,benign,no_adverse_signal
uncoatedlibrary.com,2026-07-16,19,3.6402239289418516,0.0,0,0.6666666666666666,-6.930707407407407,low,0.5217,2,0.8666666666666667,True,NOERROR,4,14400,1,4,True,False,0,53831,US,False,Squarespace Domains II LLC,4,365,True,16,False,False,False,benign,no_adverse_signal
moonhomeopathy.com,2026-07-16,18,2.950212064914747,0.0,0,0.75,-7.083772,low,0.5,3,0.6428571428571429,True,NOERROR,2,1800,0,2,False,False,0,16509,US,False,"Name.com, Inc.",4,365,True,0,False,False,,benign,no_adverse_signal
pipingrockinc.com,2026-07-16,17,2.8731406795131336,0.0,0,0.4444444444444444,-6.666386956521739,low,0.4762,3,0.6153846153846154,True,NOERROR,3,3600,0,2,False,False,0,58182,US,True,Wix.com Ltd.,4,365,True,19,False,False,,benign,no_adverse_signal
apartmenthaus.hamburg,2026-07-16,21,3.180832987205441,0.0,0,0.625,-6.616669565217392,low,0.5714,3,0.7692307692307693,True,NOERROR,1,85822,1,4,False,False,0,8893,DE,True,RegistryGate GmbH,2456,2557,False,0,False,False,False,benign,no_adverse_signal
5aaxz.top,2026-07-16,9,1.9219280948873623,0.1111111111111111,0,1.0,-10.402742857142856,high,0.5455,2,0.8,True,NOERROR,5,60,0,2,False,True,0,8075,JP,False,"Spaceship, Inc.",4,365,True,0,True,True,,malicious,spamhaus_zen
ftsc9z25.top,2026-07-16,12,3.0,0.25,0,0.0,-10.960653846153845,high,0.4286,4,1.0,False,NOERROR,0,,0,2,False,False,0,,,,Dynadot LLC,4,365,True,,,False,,benign,no_adverse_signal
llmcost.ai,2026-07-16,10,2.5216406363433186,0.0,0,0.16666666666666666,-7.266427272727273,low,0.625,4,0.8571428571428571,True,NOERROR,2,600,0,2,False,False,0,16509,US,True,"GoDaddy.com, LLC",5,1461,True,37,False,False,,benign,no_adverse_signal
erinnmate.com,2026-07-16,13,2.725480556997868,0.0,0,0.8,-6.49212,low,0.5882,3,0.7777777777777778,True,NOERROR,2,300,0,2,False,False,2,13335,US,False,"Cloudflare, Inc.",4,365,True,0,False,False,,benign,no_adverse_signal
goodsworks.store,2026-07-16,16,2.6464393446710153,0.0,0,0.42857142857142855,-7.120964705882352,low,0.5882,3,0.7,True,NOERROR,1,7200,0,4,False,False,1,13335,CA,True,,,,False,0,False,False,,benign,no_adverse_signal
bg18v.com,2026-07-16,9,2.321928094887362,0.2222222222222222,0,0.0,-11.744457142857144,low,0.4444,2,1.0,True,NOERROR,2,10,0,2,False,True,0,16509,US,True,Realtime Register B.V.,4,365,False,0,False,False,,benign,no_adverse_signal
sarabethandhenry.com,2026-07-16,20,3.202819531114783,0.0,0,0.45454545454545453,-6.908831034482758,low,0.5217,3,0.625,True,NOERROR,2,3600,0,2,False,False,0,16509,US,True,"Wild West Domains, LLC",4,365,True,2,False,False,,benign,no_adverse_signal
ajrpropertygroup.com,2026-07-16,20,3.077819531114783,0.0,0,0.45454545454545453,-7.499875862068965,low,0.4615,5,0.625,True,NOERROR,4,14400,5,4,False,False,0,53831,US,False,Squarespace Domains LLC,3,365,True,16,False,False,False,benign,no_adverse_signal
inchdimension.com,2026-07-16,17,2.9689185639620974,0.0,0,0.625,-6.6311,low,0.6087,4,0.6923076923076923,True,NOERROR,2,60,2,2,True,False,2,47583,LT,False,NAMECHEAP INC,4,365,True,0,False,False,False,benign,no_adverse_signal
goldminegarage.com,2026-07-16,18,3.182005814760214,0.0,0,0.75,-6.689356,low,0.5333,3,0.7142857142857143,True,NOERROR,2,10800,0,2,True,False,2,14618,US,True,DropCatch.com 1043 LLC,4,365,False,0,False,False,,benign,no_adverse_signal
commonpath.dev,2026-07-16,14,2.9219280948873623,0.0,0,0.42857142857142855,-6.734823529411765,low,0.5882,2,0.8,True,NOERROR,2,1800,0,2,False,False,0,16509,US,False,,,,False,0,False,False,,benign,no_adverse_signal
nexamfbk.com,2026-07-16,12,3.0,0.0,0,0.3333333333333333,-8.648861538461539,low,0.5333,4,1.0,True,NOERROR,1,3600,1,2,True,False,0,19318,US,True,"Spaceship, Inc.",4,365,False,0,False,False,False,benign,no_adverse_signal
s8v134.com,2026-07-16,10,2.584962500721156,0.4,0,0.0,-11.735911111111111,low,0.4444,1,1.0,True,NOERROR,2,60,0,2,False,False,0,21859,TW,False,Realtime Register B.V.,3,365,False,0,False,False,,benign,no_adverse_signal
intermacksas.com,2026-07-16,16,3.251629167387823,0.0,0,0.5,-6.352838095238096,low,0.5714,3,0.8333333333333334,True,NOERROR,1,600,1,3,True,False,0,24940,DE,True,Hello Internet Corp,4,365,False,0,False,False,False,benign,no_adverse_signal
longboardclubvregion.cl,2026-07-16,23,3.584183719779189,0.0,0,0.5384615384615384,-7.49182972972973,low,0.4,4,0.65,True,NOERROR,2,300,0,2,False,False,2,13335,US,False,NIC Chile,5,365,False,0,False,False,,benign,no_adverse_signal
sozin.com.br,2026-07-16,12,2.321928094887362,0.0,0,0.6666666666666666,-7.8473,low,0.6667,1,1.0,True,NOERROR,1,14400,1,2,False,False,0,47583,US,True,,5,365,False,0,False,False,False,benign,no_adverse_signal
yuhuo3783.cc,2026-07-16,12,2.725480556997868,0.3333333333333333,0,1.5,-10.67506,low,0.4286,1,0.7777777777777778,False,NOERROR,0,,0,2,False,False,0,,,,"NameSilo, LLC",5,365,True,,,False,,benign,no_adverse_signal
bunnypaws.ru,2026-07-16,12,2.94770277922009,0.0,0,0.2857142857142857,-7.580473333333333,low,0.5882,4,0.8888888888888888,True,NOERROR,2,300,0,2,False,False,2,13335,US,False,DOMAINSHOP-RU,11,365,False,0,False,False,,benign,no_adverse_signal
clefenmain.app,2026-07-16,14,2.9219280948873623,0.0,0,0.6666666666666666,-6.904070588235294,low,0.5217,2,0.8,True,NOERROR,1,3600,3,2,True,False,0,47583,FR,True,,,,False,0,False,False,False,benign,no_adverse_signal
njchowdhury.com,2026-07-16,15,3.277613436819116,0.0,0,0.2222222222222222,-8.54,low,0.5217,4,0.9090909090909091,True,NOERROR,1,3600,1,2,True,False,0,63911,US,True,"GoDaddy.com, LLC",3,1096,True,0,False,False,False,benign,no_adverse_signal
pigi9l767ntxa9.top,2026-07-16,18,3.3787834934861767,0.2777777777777778,0,0.5,-10.917276,high,0.4211,3,0.7857142857142857,False,NOERROR,0,,0,2,False,False,0,,,,"GoDaddy.com, LLC",4,365,True,,,False,,benign,no_adverse_signal
cakefinancials.com,2026-07-16,18,3.039148671903071,0.0,0,0.75,-6.789027999999999,low,0.4545,2,0.6428571428571429,False,NOERROR,0,,3,2,True,False,0,,,,"Amazon Registrar, Inc.",4,365,True,,,False,False,benign,no_adverse_signal
eswl.hamburg,2026-07-16,12,2.0,0.0,0,0.3333333333333333,-8.5411,low,0.6,3,1.0,True,NOERROR,1,279,0,7,False,False,0,60344,DE,False,InterNetX GmbH,2314,2556,True,0,False,False,,benign,no_adverse_signal
aminodoc.com,2026-07-16,12,2.75,0.0,0,1.0,-6.460392307692308,low,0.5714,1,0.875,True,NOERROR,2,600,0,2,False,False,0,16509,US,True,"GoDaddy.com, LLC",4,365,True,37,False,False,,benign,no_adverse_signal
qwusuliao.com,2026-07-16,13,2.94770277922009,0.0,0,1.25,-8.342673333333334,low,0.4762,2,0.8888888888888888,True,NOERROR,2,300,0,2,False,False,2,13335,US,False,"Megazone Corp., dba HOSTING.KR",4,365,False,0,False,False,,benign,no_adverse_signal
whsxaxapp.top,2026-07-16,13,2.503258334775646,0.0,0,0.2857142857142857,-9.14794,high,0.7059,4,0.6666666666666666,True,NOERROR,5,600,0,2,False,True,0,135357,HK,False,GLOBAL ASSET DOMAINS INC.,4,365,True,0,False,True,,malicious,spamhaus_dbl
londonfogtearoom.com,2026-07-16,20,3.149397470347699,0.0,0,0.7777777777777778,-6.900168965517241,low,0.4667,2,0.6875,True,NOERROR,2,3600,0,2,False,False,0,16509,US,True,"GoDaddy.com, LLC",3,365,True,20,False,False,,benign,no_adverse_signal
victoriamgreco.com,2026-07-16,18,3.2359263506290334,0.0,0,0.75,-6.6903120000000005,low,0.5,3,0.7142857142857143,True,NOERROR,4,14400,1,4,True,False,0,53831,US,False,Squarespace Domains II LLC,4,365,True,16,False,False,False,benign,no_adverse_signal
lesennuis.com,2026-07-16,13,2.5032583347756456,0.0,0,0.8,-7.075426666666667,low,0.5,2,0.6666666666666666,False,NOERROR,0,,3,2,True,False,0,,,,"Amazon Registrar, Inc.",4,365,True,,,False,False,benign,no_adverse_signal
firehorsecap.com,2026-07-16,16,3.2516291673878226,0.0,0,0.7142857142857143,-6.6640476190476186,low,0.5263,2,0.8333333333333334,True,NOERROR,2,3600,0,2,False,False,0,16509,US,True,"GoDaddy.com, LLC",4,1096,False,20,False,False,,benign,no_adverse_signal
linecps.com,2026-07-16,11,2.807354922057604,0.0,0,0.4,-6.725927272727273,low,0.7273,3,1.0,True,NOERROR,1,1800,0,5,False,False,0,16509,US,True,"ENOM, INC.",4,365,True,0,False,False,,benign,no_adverse_signal
ludusreadiness.com,2026-07-16,18,3.039148671903071,0.0,0,0.75,-6.779756,low,0.5926,2,0.6428571428571429,True,NOERROR,4,14400,0,4,True,False,0,53831,US,False,Squarespace Domains LLC,3,731,True,16,False,False,,benign,no_adverse_signal
mflcreations.com,2026-07-16,16,3.584962500721156,0.0,0,0.5,-6.943038095238095,low,0.6667,5,1.0,False,NOERROR,0,,5,4,False,False,0,,,,Squarespace Domains LLC,4,365,True,,,False,False,benign,no_adverse_signal
immobilienbewertung.hamburg,2026-07-16,27,3.43162356584743,0.0,0,0.7272727272727273,-7.019360000000001,low,0.4444,2,0.631578947368421,True,NOERROR,2,86400,2,2,True,False,0,13335,US,False,InterNetX GmbH,3387,3652,True,0,False,False,False,benign,no_adverse_signal
mgadvocaciadigital.com,2026-07-16,22,3.1279868068776753,0.0,0,0.8,-7.025060606060606,low,0.4615,2,0.5555555555555556,True,NOERROR,2,120,0,4,False,False,0,16509,DE,True,"GoDaddy.com, LLC",4,365,False,17,False,False,,benign,no_adverse_signal
studiobenee.com,2026-07-16,15,3.027169118440619,0.0,0,1.2,-6.8182210526315785,low,0.5217,2,0.8181818181818182,True,NOERROR,1,3600,1,2,True,False,0,16276,FR,True,"OVH, SAS",381,730,True,0,False,False,False,benign,no_adverse_signal
veilist.com,2026-07-16,11,2.5216406363433186,0.0,0,0.75,-6.622154545454546,low,0.5455,2,0.8571428571428571,False,SERVFAIL,0,,0,0,False,False,0,,,,Squarespace Domains LLC,4,731,True,,,False,,benign,no_adverse_signal
deniz4141.xyz,2026-07-16,13,2.725480556997868,0.3076923076923077,0,0.6666666666666666,-9.378626666666666,high,0.4615,1,0.7777777777777778,True,NOERROR,2,0,0,4,False,False,0,,US,False,Porkbun LLC,381,730,False,0,False,False,,benign,no_adverse_signal
kortelogic.com,2026-07-16,14,3.121928094887362,0.0,0,0.6666666666666666,-6.458658823529412,low,0.5556,2,0.9,True,NOERROR,2,120,0,4,False,False,0,16509,DE,True,"Name.com, Inc.",4,365,True,15,False,False,,benign,no_adverse_signal
novalixir.com,2026-07-16,13,2.94770277922009,0.0,0,0.8,-7.219399999999999,low,0.5263,1,0.8888888888888888,True,NOERROR,2,300,0,2,False,False,2,13335,US,False,"Cloudflare, Inc.",3,365,True,0,False,False,,benign,no_adverse_signal
precizionadvisory.com,2026-07-16,21,3.572469458770136,0.0,0,0.7,-7.017070967741936,low,0.4516,2,0.7647058823529411,True,NOERROR,1,600,2,2,True,False,0,13335,US,False,"Wild West Domains, LLC",4,365,False,0,False,False,False,benign,no_adverse_signal
wkwkslotgo.com,2026-07-16,14,2.721928094887362,0.0,0,0.25,-9.139005882352942,low,0.4762,6,0.7,True,NOERROR,2,300,0,2,False,False,2,13335,US,False,"NameSilo, LLC",4,365,True,0,False,False,,benign,no_adverse_signal
bitalip.com,2026-07-16,11,2.5216406363433186,0.0,0,0.75,-6.194190909090909,low,0.6,1,0.8571428571428571,True,NOERROR,4,14400,0,4,True,False,0,53831,US,False,Squarespace Domains LLC,4,365,True,16,False,False,,benign,no_adverse_signal
standinginsidethequstion.com,2026-07-16,28,3.355388542207534,0.0,0,0.6,-6.421500000000001,low,0.4615,2,0.5,False,NOERROR,0,,0,2,False,False,0,,,,"TUCOWS.COM, CO.",4,365,True,,,False,,benign,no_adverse_signal
gradientxacademy.com,2026-07-16,20,3.452819531114783,0.0,0,0.6,-7.085379310344828,low,0.4545,3,0.75,True,NOERROR,2,3600,0,2,False,False,0,16509,NL,True,"GoDaddy.com, LLC",4,365,True,2,False,False,,benign,no_adverse_signal
lifelabsacademy.com,2026-07-16,19,3.32323142879762,0.0,0,0.6666666666666666,-6.993374074074074,low,0.5,2,0.7333333333333333,True,NOERROR,4,14400,1,4,True,False,0,53831,US,False,Squarespace Domains II LLC,3,365,True,16,False,False,False,benign,no_adverse_signal
ayokongbaboy.com,2026-07-16,16,2.688721875540867,0.0,0,0.7142857142857143,-7.537447619047619,low,0.5556,3,0.5833333333333334,True,NOERROR,1,300,0,2,False,False,0,206834,DE,False,"Gransy, s.r.o.",3,365,False,18,False,False,,benign,no_adverse_signal
flowelitecopy.com,2026-07-16,17,3.238901256602631,0.0,0,0.625,-6.743904347826088,low,0.4444,2,0.7692307692307693,True,NOERROR,2,300,1,2,True,False,2,13335,US,False,Porkbun LLC,4,365,False,0,False,False,False,benign,no_adverse_signal
emtacosmetics.com,2026-07-16,17,2.931208948910323,0.0,0,0.625,-6.885956521739131,low,0.6087,2,0.6153846153846154,True,NOERROR,1,3600,2,2,True,False,0,34619,TR,True,Nics Telekomunikasyon A.S.,4,365,True,1,False,False,False,benign,no_adverse_signal
v3q5t6h.com,2026-07-16,11,2.807354922057604,0.2727272727272727,0,0.0,-12.962809090909092,low,0.4,1,1.0,False,NOERROR,0,,0,2,False,False,0,,,,Dominet (HK) Limited,4,365,False,,,False,,benign,no_adverse_signal
bereanlab.com,2026-07-16,13,2.5032583347756456,0.0,0,0.8,-6.410880000000001,low,0.5882,2,0.6666666666666666,True,NOERROR,2,300,5,2,True,False,2,13335,US,False,NAMECHEAP INC,4,365,True,0,False,False,False,benign,no_adverse_signal
climatemanifesto.kr,2026-07-16,19,3.375,0.0,0,0.7777777777777778,-6.316593103448276,low,0.5185,2,0.6875,True,NOERROR,2,300,0,2,False,False,2,13335,US,False,"Inames Co., Ltd.(http://www.inames.co.kr)",4,1096,False,0,False,False,,benign,no_adverse_signal
eco-solutions-studio.com,2026-07-16,24,3.2841837197791883,0.0,2,1.0,-6.817491891891891,low,0.5,2,0.55,True,NOERROR,2,600,0,2,False,False,0,16509,US,True,"GoDaddy.com, LLC",4,365,True,37,False,False,,benign,no_adverse_signal
hatrangroup.com,2026-07-16,15,3.0957952550009344,0.0,0,0.5714285714285714,-6.2889526315789475,low,0.5556,3,0.8181818181818182,False,NOERROR,0,,3,2,True,False,0,,,,"Amazon Registrar, Inc.",4,365,True,,,False,False,benign,no_adverse_signal
trydashcleaningservices.com,2026-07-16,27,3.6753108689123644,0.0,0,0.4375,-6.7412534883720925,low,0.5641,4,0.6086956521739131,True,NOERROR,2,300,1,2,True,False,2,13335,US,False,Porkbun LLC,4,365,False,0,False,False,False,benign,no_adverse_signal
boudierclothing.com,2026-07-16,19,3.640223928941851,0.0,0,0.6666666666666666,-6.462607407407408,low,0.5455,3,0.8666666666666667,False,NOERROR,0,,3,2,True,False,0,,,,"Amazon Registrar, Inc.",4,365,True,,,False,False,benign,no_adverse_signal
pasihq.top,2026-07-16,10,2.584962500721156,0.0,0,0.5,-7.883188888888889,high,0.5714,2,1.0,True,NOERROR,1,600,0,2,False,False,0,213354,UA,False,Dynadot LLC,4,365,True,0,False,False,,benign,no_adverse_signal
thedecorativeworld.com,2026-07-16,22,3.4613201402110083,0.0,0,0.6363636363636364,-6.489860606060606,low,0.5405,3,0.6666666666666666,True,NOERROR,2,60,0,2,False,False,2,47583,CY,False,"HOSTINGER operations, UAB",3,365,False,0,False,False,,benign,no_adverse_signal
legion-bet-es.com,2026-07-16,17,3.180832987205441,0.0,2,0.8333333333333334,-7.286026086956522,low,0.5,1,0.7692307692307693,True,NOERROR,2,300,0,2,False,False,2,13335,US,False,URL SOLUTIONS INC.,4,365,True,0,False,True,,malicious,spamhaus_dbl
51cgzi.cc,2026-07-16,9,2.584962500721156,0.2222222222222222,0,0.3333333333333333,-10.637766666666668,low,0.4,3,1.0,True,NOERROR,1,1,0,2,False,True,0,40065,US,False,"NameSilo, LLC",4,365,True,0,False,False,,benign,no_adverse_signal
royal-orme.com,2026-07-16,14,2.9219280948873623,0.0,1,0.8,-7.539817647058823,low,0.5,2,0.8,True,NOERROR,1,86400,0,2,True,False,0,15169,US,True,"TUCOWS.COM, CO.",4,365,True,0,False,False,,benign,no_adverse_signal
sillylistingsusa.com,2026-07-16,20,2.9056390622295662,0.0,0,0.45454545454545453,-6.780655172413794,low,0.4444,4,0.5625,True,NOERROR,1,1800,5,2,True,False,0,22612,US,False,NAMECHEAP INC,4,365,True,0,False,False,False,benign,no_adverse_signal
fn.hamburg,2026-07-16,10,1.0,0.0,0,0.0,,low,,2,1.0,True,NOERROR,1,14399,1,2,True,False,0,47846,DE,False,Vautron Rechenzentrum AG,744,1095,False,22,False,False,,benign,no_adverse_signal
carpleno.com.br,2026-07-16,15,3.0,0.0,0,0.6,-6.630861538461539,low,0.625,3,1.0,False,NOERROR,0,,1,2,True,False,0,,,,,7,365,False,,,False,,benign,no_adverse_signal
reutermirfinancialpartners.com,2026-07-16,30,3.4454708534068343,0.0,0,0.625,-6.724930612244897,low,0.4242,3,0.5,True,NOERROR,2,3600,0,2,False,False,0,16509,US,True,"GoDaddy.com, LLC",4,365,True,20,False,False,,benign,no_adverse_signal
everydaystrong.co.uk,2026-07-16,20,3.3787834934861767,0.0,0,0.4,-6.6683,low,0.48,4,0.7857142857142857,True,NOERROR,1,86400,0,4,False,False,1,13335,CA,True,Tucows Inc t/a Tucows [Tag = TUCOWS-CA],4,365,False,0,False,False,,benign,no_adverse_signal
shanyzzle.com,2026-07-16,13,2.94770277922009,0.0,0,0.2857142857142857,-8.18978,low,0.5333,5,0.8888888888888888,False,NOERROR,0,,0,2,False,False,0,,,,TuringSign Inc. d/b/a Cosmotown,4,365,False,,,False,,benign,no_adverse_signal
k81r.top,2026-07-16,8,2.0,0.25,0,0.0,-12.58848,high,0.4,1,1.0,False,timeout,0,,0,0,False,False,0,,,,NameMart Pte. Ltd.,4,365,False,,,True,,malicious,spamhaus_dbl
nueraa.com,2026-07-16,10,2.2516291673878226,0.0,0,2.0,-7.314222222222223,low,0.6154,1,0.8333333333333334,True,NOERROR,1,86400,0,2,False,False,0,16509,US,True,"TUCOWS.COM, CO.",373,730,True,0,False,False,,benign,no_adverse_signal
pali-und-clara.cc,2026-07-16,17,3.182005814760214,0.0,2,0.7142857142857143,-7.322448,low,0.5455,2,0.7142857142857143,True,NOERROR,2,3600,0,2,False,False,0,16509,US,True,"GoDaddy.com, LLC",5,731,True,20,False,False,,benign,no_adverse_signal
flatroofsstannes.co.uk,2026-07-16,22,3.077819531114783,0.0,0,0.45454545454545453,-6.802820689655173,low,0.5517,4,0.5625,True,NOERROR,1,1400,1,3,True,False,0,205654,GB,True,Fasthosts Internet Ltd [Tag = LIVEDOMAINS],9,365,False,0,False,False,False,benign,no_adverse_signal
crb4af958d.cc,2026-07-16,13,3.321928094887362,0.3076923076923077,0,0.2,-10.866988235294118,low,0.5,3,1.0,False,NOERROR,0,,0,2,False,False,0,,,,"GoDaddy.com, LLC",5,365,True,,,False,,benign,no_adverse_signal
drievntic.com,2026-07-16,13,2.94770277922009,0.0,0,0.5,-7.33156,low,0.5333,3,0.8888888888888888,False,NOERROR,0,,2,4,True,False,0,,,,"Ultahost, Inc.",4,365,True,,,True,,malicious,spamhaus_dbl
s43sgr3vbl.cc,2026-07-16,13,2.9219280948873623,0.23076923076923078,0,0.0,-11.29399411764706,low,0.4,3,0.8,True,NOERROR,10,1,0,2,False,False,0,18186,US,False,"GoDaddy.com, LLC",5,365,True,0,False,False,,benign,no_adverse_signal
marianreis.cz,2026-07-16,13,2.721928094887362,0.0,0,1.0,-6.635747058823529,low,0.5263,2,0.7,True,NOERROR,1,300,3,4,False,False,0,197019,CZ,True,REG-WEDOS,5,364,False,0,False,False,False,benign,no_adverse_signal
wwvqboevymeez.top,2026-07-16,17,3.0269868333592873,0.0,0,0.4444444444444444,-9.79634347826087,high,0.3529,5,0.6923076923076923,False,NOERROR,0,,0,0,False,False,0,,,,URL Solutions Inc.,4,365,True,,,True,,malicious,spamhaus_dbl
zfgspillatura.com,2026-07-16,17,3.392747410448785,0.0,0,0.4444444444444444,-7.662617391304347,low,0.5,5,0.8461538461538461,True,NOERROR,1,43200,2,2,True,False,1,12637,IT,True,REGISTER S.P.A.,4,365,True,0,False,False,False,benign,no_adverse_signal
kadir7171.xyz,2026-07-16,13,2.725480556997868,0.3076923076923077,0,0.6666666666666666,-9.331366666666668,high,0.5,1,0.7777777777777778,True,NOERROR,2,27,0,4,False,False,0,,US,False,Porkbun LLC,381,730,False,0,False,False,,benign,no_adverse_signal
larksuilte.com,2026-07-16,14,3.121928094887362,0.0,0,0.6666666666666666,-7.150958823529412,low,0.5882,3,0.9,False,NOERROR,0,,0,4,False,False,0,,,,"Amazon Registrar, Inc.",4,365,True,,,False,,benign,no_adverse_signal
lqulaa.top,2026-07-16,10,1.9182958340544896,0.0,0,1.0,-9.082844444444444,high,0.5455,2,0.6666666666666666,False,NOERROR,0,,0,4,False,False,0,,,,"NameSilo, LLC",4,365,True,,,False,,benign,no_adverse_signal
wynn-labs.com,2026-07-16,13,2.94770277922009,0.0,1,0.14285714285714285,-8.359373333333334,low,0.625,4,0.8888888888888888,True,NOERROR,3,3600,0,2,False,False,0,58182,US,True,Wix.com Ltd.,4,365,True,16,False,False,,benign,no_adverse_signal
ovation-asia.com,2026-07-16,16,2.8553885422075336,0.0,1,1.75,-6.71792380952381,low,0.5714,1,0.6666666666666666,True,NOERROR,2,300,0,2,False,False,2,13335,US,False,"ENOM, INC.",4,365,True,0,False,False,,benign,no_adverse_signal
lonestarstateappeals.com,2026-07-16,24,3.0086949695628418,0.0,0,0.6666666666666666,-6.140418918918919,low,0.4865,3,0.45,True,NOERROR,2,600,0,2,False,False,0,16509,US,True,"GoDaddy.com, LLC",4,365,True,37,False,False,,benign,no_adverse_signal
lavendao.com,2026-07-16,12,2.75,0.0,0,1.0,-6.775215384615384,low,0.5714,2,0.875,True,NOERROR,2,300,3,2,True,False,2,13335,US,False,West263 International Limited,4,365,True,0,False,False,False,benign,no_adverse_signal
valleyrestorationexperts.com,2026-07-16,28,3.522055208874201,0.0,0,0.6,-6.3529333333333335,low,0.5143,3,0.5416666666666666,True,NOERROR,1,3600,2,2,True,False,0,16509,US,False,"GoDaddy.com, LLC",3,365,True,0,False,False,False,benign,no_adverse_signal
writingmarigold.com,2026-07-16,19,3.3232314287976203,0.0,0,0.5,-6.707655555555555,low,0.5,3,0.7333333333333333,False,NOERROR,0,,0,2,False,False,0,,,,"Cloudflare, Inc.",4,365,True,,,False,,benign,no_adverse_signal
ajourneytothin.com,2026-07-16,18,3.378783493486176,0.0,0,0.75,-7.068588,low,0.48,2,0.7857142857142857,False,timeout,0,,0,0,False,False,0,,,,Xin Net Technology Corporation,373,730,False,,,False,,benign,no_adverse_signal
drprojets.fr,2026-07-16,12,2.94770277922009,0.0,0,0.2857142857142857,-7.396586666666667,low,0.6316,4,0.8888888888888888,True,NOERROR,1,3600,3,2,True,False,0,16276,FR,True,OVH,3,1095,False,11,False,False,False,benign,no_adverse_signal
uteotcollect.net,2026-07-16,16,2.5220552088742005,0.0,0,0.7142857142857143,-6.770471428571429,low,0.5263,2,0.5,True,NOERROR,1,86400,0,4,False,False,1,13335,CA,True,"TUCOWS.COM, CO.",4,365,True,0,False,False,,benign,no_adverse_signal
bitsavior.com,2026-07-16,13,2.94770277922009,0.0,0,0.8,-6.97026,low,0.5,2,0.8888888888888888,True,NOERROR,1,14400,0,2,False,False,0,15169,US,True,"HOSTINGER operations, UAB",4,365,False,0,False,False,,benign,no_adverse_signal
mailroutineautomation.com,2026-07-16,25,3.2009102795095283,0.0,0,1.3333333333333333,-6.4242897435897435,low,0.5161,2,0.47619047619047616,True,NOERROR,2,300,5,2,True,False,2,13335,US,False,PDR Ltd. d/b/a PublicDomainRegistry.com,4,365,True,0,False,False,False,benign,no_adverse_signal
adamsplumbingservice.net,2026-07-16,24,3.821928094887362,0.0,0,0.5384615384615384,-6.777875675675675,low,0.5455,4,0.75,True,NOERROR,3,3600,0,2,False,False,0,58182,US,True,Wix.com Ltd.,3,365,False,16,False,False,,benign,no_adverse_signal
brokerinmyarea.com,2026-07-16,18,3.182005814760214,0.0,0,0.75,-6.811796,low,0.48,3,0.7142857142857143,True,NOERROR,2,3600,0,2,False,False,0,16509,US,True,"GoDaddy.com, LLC",4,731,True,2,False,False,,benign,no_adverse_signal
paraustedaqui.qpon,2026-07-16,18,3.180832987205441,0.0,0,1.1666666666666667,-6.937073913043478,low,0.5,2,0.7692307692307693,True,NOERROR,2,300,0,2,False,False,2,13335,US,False,Dominet (HK) Limited,3,365,False,0,False,False,,benign,no_adverse_signal
75910yy.com,2026-07-16,11,2.521640636343318,0.45454545454545453,0,0.0,-11.366309090909091,low,0.2667,2,0.8571428571428571,True,NOERROR,8,60,0,2,False,False,0,36002,HK,False,"GoDaddy.com, LLC",4,365,True,0,False,False,,benign,no_adverse_signal
thegoulburn.com,2026-07-16,15,3.277613436819116,0.0,0,0.5714285714285714,-7.420473684210527,low,0.6364,2,0.9090909090909091,True,NOERROR,3,3600,0,2,False,False,0,58182,US,True,Wix.com Ltd.,4,365,True,19,False,False,,benign,no_adverse_signal
delorlabs.com,2026-07-16,13,2.94770277922009,0.0,0,0.5,-6.657206666666667,low,0.6667,2,0.8888888888888888,True,NOERROR,2,3600,2,2,True,False,0,16509,US,True,"GoDaddy.com, LLC",4,365,True,20,False,False,False,benign,no_adverse_signal
oneweekdesign.nz,2026-07-16,16,2.931208948910323,0.0,0,0.8571428571428571,-6.997186956521739,low,0.5,2,0.6923076923076923,True,NOERROR,1,3600,1,2,False,False,0,16509,US,False,1st Domains Limited,4,,False,0,False,False,False,benign,no_adverse_signal
mebelforyou495.ru,2026-07-16,17,3.521640636343319,0.17647058823529413,0,0.8333333333333334,-8.367972,low,0.4,2,0.8571428571428571,True,NOERROR,1,600,2,4,True,False,0,44112,RU,True,RU-CENTER-RU,5,365,False,0,False,False,False,benign,no_adverse_signal
fairfund-group.com,2026-07-16,18,3.3787834934861767,0.0,1,0.625,-7.454592,low,0.5,2,0.7857142857142857,True,NOERROR,1,300,0,2,False,False,0,24940,FI,True,PDR Ltd. d/b/a PublicDomainRegistry.com,4,365,False,0,False,False,,benign,no_adverse_signal
meetnmrk.com,2026-07-16,12,2.5,0.0,0,0.3333333333333333,-8.196715384615384,low,0.5882,5,0.75,True,NOERROR,2,300,5,2,True,False,2,13335,US,False,PDR Ltd. d/b/a PublicDomainRegistry.com,4,365,True,0,False,False,False,benign,no_adverse_signal
learnwithemilia.com,2026-07-16,19,3.189898095464287,0.0,0,0.875,-6.7866888888888885,low,0.4545,3,0.6666666666666666,True,NOERROR,2,39,2,4,True,False,0,,US,False,Porkbun LLC,4,365,False,0,False,False,False,benign,no_adverse_signal
elitecopydirect.com,2026-07-16,19,3.1898980954642866,0.0,0,0.6666666666666666,-6.8046,low,0.5714,3,0.6666666666666666,True,NOERROR,2,300,1,2,True,False,2,13335,US,False,Porkbun LLC,4,365,False,0,False,False,False,benign,no_adverse_signal
symbolhussar93.ca,2026-07-16,17,3.4677201004745006,0.11764705882352941,0,0.3333333333333333,-8.406716,low,0.4444,4,0.8571428571428571,True,NOERROR,1,14400,3,2,True,False,0,22612,US,True,Go Get Canada Domain Registrar Ltd.,9,365,True,0,False,False,False,benign,no_adverse_signal
cacaushowbloom.top,2026-07-16,18,3.182005814760214,0.0,0,0.75,-7.196384,high,0.4545,3,0.7142857142857143,True,NOERROR,2,300,0,2,False,False,2,13335,US,False,Chengdu west dimension digital,4,365,True,0,False,False,,benign,no_adverse_signal
weekyapp.com,2026-07-16,12,2.5,0.0,0,0.6,-7.594653846153847,low,0.5714,2,0.75,True,NOERROR,4,14400,0,2,False,False,0,54113,US,True,"Network Solutions, LLC",4,365,True,40,False,False,,benign,no_adverse_signal
twswoodcrafts.co.uk,2026-07-16,19,3.0850551027564768,0.0,0,0.3,-7.768673913043478,low,0.5455,4,0.6923076923076923,True,NOERROR,1,50,0,2,False,False,0,47583,CY,False,Realtime Register BV t/a Axidomains [Tag = AXIDOMAINS],5,365,False,30,False,False,,benign,no_adverse_signal
mariamhodique.fr,2026-07-16,16,3.238901256602631,0.0,0,1.1666666666666667,-7.366173913043478,low,0.4762,2,0.7692307692307693,True,NOERROR,1,300,2,3,False,False,0,15576,CH,False,GANDI,3,364,False,0,False,False,False,benign,no_adverse_signal
zuquzhanshubanruanjanxiazai.com.cn,2026-07-16,34,3.263603705626788,0.0,0,0.8,-8.092278431372549,low,0.3,3,0.4444444444444444,True,NOERROR,1,300,0,2,False,False,0,132839,CL,False,长春市智绘网络科技有限公司,19,365,False,0,False,False,,benign,no_adverse_signal
farmerswa.com,2026-07-16,13,2.725480556997868,0.0,0,0.5,-6.814926666666667,low,0.5714,3,0.7777777777777778,True,NOERROR,4,14400,0,4,True,False,0,53831,US,False,Squarespace Domains LLC,4,1096,True,16,False,False,,benign,no_adverse_signal
floatinone.com,2026-07-16,14,2.9219280948873623,0.0,0,1.0,-6.365288235294118,low,0.5714,2,0.8,True,NOERROR,1,3600,0,2,True,False,0,206834,DE,False,Internet Domain Service BS Corp.,374,730,True,0,False,False,,benign,no_adverse_signal
arubatanostur.com,2026-07-16,17,2.873140679513133,0.0,0,0.8571428571428571,-6.589404347826087,low,0.6154,2,0.6153846153846154,True,NOERROR,1,86400,3,2,True,False,0,396982,US,True,"GoDaddy.com, LLC",4,365,True,0,False,False,False,benign,no_adverse_signal
didbarcels.com,2026-07-16,14,3.121928094887362,0.0,0,0.42857142857142855,-7.031958823529412,low,0.5714,2,0.9,True,NOERROR,3,3600,0,2,False,False,0,58182,US,True,Wix.com Ltd.,4,365,False,19,False,False,,benign,no_adverse_signal
marginwalkerstudio.com,2026-07-16,22,3.8365916681089787,0.0,0,0.6363636363636364,-6.871603030303031,low,0.6,3,0.8333333333333334,True,NOERROR,4,14400,0,4,True,False,0,53831,US,False,Squarespace Domains LLC,4,365,True,16,False,False,,benign,no_adverse_signal
mipcabd.com,2026-07-16,11,2.807354922057604,0.0,0,0.4,-7.912409090909091,low,0.5,2,1.0,True,NOERROR,1,14400,1,2,True,False,0,133070,BD,False,"OwnRegistrar, Inc.",4,365,False,0,False,False,False,benign,no_adverse_signal
plinko-france.com,2026-07-16,17,3.5465935642949384,0.0,1,0.5,-6.978865217391305,low,0.5263,2,0.9230769230769231,True,NOERROR,2,3600,1,2,True,False,0,16509,US,True,Alibaba Cloud Computing Ltd. d/b/a HiChina (www.net.cn),4,365,False,59,False,False,,malicious,abuseipdb
annkathrinkirmse.de,2026-07-16,19,3.202819531114783,0.0,0,0.45454545454545453,-7.278303448275862,low,0.4615,3,0.625,True,NOERROR,1,10800,2,3,True,False,0,8648,DE,True,,,,False,21,False,False,False,benign,no_adverse_signal
fleetcontrolbmd.com,2026-07-16,19,3.3735572622751846,0.0,0,0.36363636363636365,-7.258622222222222,low,0.5,4,0.7333333333333333,True,NOERROR,1,1799,5,2,True,False,0,16509,US,False,NAMECHEAP INC,4,365,True,0,False,False,False,benign,no_adverse_signal
meritmaps.com,2026-07-16,13,2.94770277922009,0.0,0,0.5,-6.58072,low,0.5882,2,0.8888888888888888,True,NOERROR,2,10800,0,2,True,False,2,14618,US,True,DropCatch.com 1069 LLC,4,365,False,0,False,False,,benign,no_adverse_signal
solarcleanersphoenix.com,2026-07-16,24,3.4841837197791885,0.0,0,0.6666666666666666,-6.7521540540540546,low,0.45,4,0.6,True,NOERROR,2,600,0,2,False,False,0,16509,US,True,"GoDaddy.com, LLC",4,365,True,37,False,False,,benign,no_adverse_signal
sawatdeekrub.com,2026-07-16,16,3.2516291673878226,0.0,0,0.7142857142857143,-7.732019047619048,low,0.56,2,0.8333333333333334,False,NOERROR,0,,0,2,True,False,0,,,,Infomaniak Network SA,4,365,False,,,False,,benign,no_adverse_signal
withmouaffak.com,2026-07-16,16,3.251629167387823,0.0,0,0.7142857142857143,-7.897371428571428,low,0.4444,3,0.8333333333333334,True,NOERROR,2,60,0,2,False,False,2,47583,LT,False,"HOSTINGER operations, UAB",4,365,False,0,False,False,,benign,no_adverse_signal
naora-bijoux.fr,2026-07-16,15,3.2516291673878226,0.0,1,1.2,-8.213238095238095,low,0.4444,1,0.8333333333333334,True,NOERROR,1,86400,0,4,False,False,1,13335,CA,True,EPAG Domainservices GmbH,3,364,False,0,False,False,,benign,no_adverse_signal
lmbcrownhaircom.com,2026-07-16,19,3.3735572622751846,0.0,0,0.36363636363636365,-7.624129629629629,low,0.4667,5,0.7333333333333333,True,NOERROR,4,14400,1,4,True,False,0,53831,US,False,Squarespace Domains II LLC,4,365,True,16,False,False,False,benign,no_adverse_signal
reut-paz-labkovsky.com,2026-07-16,22,3.8365916681089787,0.0,2,0.45454545454545453,-8.430545454545454,low,0.4444,4,0.8333333333333334,True,NOERROR,2,60,0,2,False,False,2,47583,LT,False,"HOSTINGER operations, UAB",4,365,False,0,False,False,,benign,no_adverse_signal
stunewswestla.com,2026-07-16,17,2.873140679513133,0.0,0,0.4444444444444444,-6.778586956521739,low,0.5,3,0.6153846153846154,False,NOERROR,0,,0,2,False,False,0,,,,"TUCOWS.COM, CO.",4,365,True,,,False,,benign,no_adverse_signal
mitrapoland.com,2026-07-16,15,3.277613436819116,0.0,0,0.5714285714285714,-6.261431578947369,low,0.5556,2,0.9090909090909091,False,NOERROR,0,,0,3,False,False,0,,,,Key-Systems GmbH,4,365,True,,,False,,benign,no_adverse_signal
agenticai.hamburg,2026-07-16,17,2.725480556997868,0.0,0,1.25,-6.1130933333333335,low,0.5882,2,0.7777777777777778,True,NOERROR,1,150,1,2,False,False,0,8560,DE,False,InterNetX GmbH,118,365,True,0,False,False,False,benign,no_adverse_signal
mixserm.com,2026-07-16,11,2.5216406363433186,0.0,0,0.4,-7.255345454545455,low,0.5714,2,0.8571428571428571,True,NOERROR,1,1800,2,2,True,False,0,22612,US,False,NAMECHEAP INC,4,365,True,0,False,False,False,benign,no_adverse_signal
agarfcc.com,2026-07-16,11,2.2359263506290326,0.0,0,0.4,-7.887136363636364,low,0.4615,4,0.7142857142857143,True,NOERROR,1,600,0,2,False,False,0,16509,US,True,"GoDaddy.com, LLC",4,1826,True,20,False,False,,benign,no_adverse_signal
didddly.io,2026-07-16,10,1.6644977792004614,0.0,0,0.16666666666666666,-8.14320909090909,low,0.5714,5,0.5714285714285714,True,NOERROR,2,300,0,2,False,False,2,13335,US,False,"Spaceship, Inc.",6,365,True,0,False,False,,benign,no_adverse_signal
lumatavodavolento.click,2026-07-16,23,3.175123135113461,0.0,0,0.8888888888888888,-6.8781096774193555,medium,0.48,2,0.5882352941176471,True,NOERROR,1,300,5,2,True,False,1,,US,False,NAMECHEAP INC,3,365,True,0,False,False,False,benign,no_adverse_signal
lovmoofulcase.com,2026-07-16,17,3.180832987205441,0.0,0,0.8571428571428571,-7.648878260869566,low,0.5217,2,0.7692307692307693,True,NOERROR,2,300,0,2,False,False,2,13335,US,False,Dynadot Inc,4,365,False,0,False,False,,benign,no_adverse_signal
buscar-es.help,2026-07-16,14,2.94770277922009,0.0,1,0.6,-7.268960000000001,low,0.5,2,0.8888888888888888,True,NOERROR,2,300,0,2,False,False,2,13335,US,False,"Sav.com, LLC",3,365,False,0,False,False,,benign,no_adverse_signal
madenottolastpackaging.com,2026-07-16,26,3.6069367321753205,0.0,0,0.5714285714285714,-6.6586390243902445,low,0.5455,3,0.6363636363636364,True,NOERROR,2,300,5,2,True,False,2,13335,US,False,PDR Ltd. d/b/a PublicDomainRegistry.com,4,365,True,0,False,False,False,benign,no_adverse_signal
shopsolava.com,2026-07-16,14,2.7219280948873625,0.0,0,0.6666666666666666,-6.921911764705882,low,0.6,2,0.7,True,NOERROR,1,14400,0,4,False,False,0,13335,CA,True,Squarespace Domains LLC,3,365,True,0,False,False,,benign,no_adverse_signal
ah4d.biz,2026-07-16,8,2.0,0.125,0,0.5,-11.70462,low,0.5,1,1.0,True,NOERROR,2,300,0,2,False,False,2,13335,US,False,Dynadot Inc,4,,True,0,False,False,,benign,no_adverse_signal
globalsummitleadsco.com,2026-07-16,23,3.576617644908665,0.0,0,0.5833333333333334,-7.008888571428572,low,0.5128,3,0.6842105263157895,False,NOERROR,0,,1,4,True,False,0,,,,PDR Ltd. d/b/a PublicDomainRegistry.com,4,365,True,,,False,False,benign,no_adverse_signal
chelseasrestaurantandbar.com,2026-07-16,28,3.340199876515855,0.0,0,0.6,-6.4784355555555555,low,0.4,3,0.5,True,NOERROR,1,1800,0,0,False,False,0,58182,US,True,Wix.com Ltd.,2199,2556,True,0,False,False,,benign,no_adverse_signal
obsoleterubberparts.com,2026-07-16,23,3.181366328891458,0.0,0,0.5833333333333334,-6.835260000000001,low,0.4571,3,0.5263157894736842,False,NOERROR,0,,0,2,False,False,0,,,,"Cloudflare, Inc.",4,1096,True,,,False,,benign,no_adverse_signal
shanaliluxe.co,2026-07-16,14,3.095795255000934,0.0,0,0.8333333333333334,-7.076031578947369,low,0.5263,2,0.8181818181818182,True,NOERROR,3,3600,5,2,True,False,0,58182,US,True,Tucows Domains Inc.,4,365,False,16,False,False,False,benign,no_adverse_signal
bulldog.hamburg,2026-07-16,15,2.5216406363433186,0.0,0,0.4,-7.4855090909090904,low,0.5714,3,0.8571428571428571,True,NOERROR,1,316,2,3,True,False,0,202108,DE,True,united domains AG,4343,4383,False,0,False,False,False,benign,no_adverse_signal
88858.id,2026-07-16,8,0.7219280948873623,0.625,0,0.0,-9.646342857142857,low,0.1429,0,0.4,True,NOERROR,9,60,0,2,False,True,0,152194,SG,False,,,,False,0,True,True,,malicious,spamhaus_zen
avivampget.info,2026-07-16,15,2.9219280948873623,0.0,0,0.6666666666666666,-7.484041176470589,medium,0.5333,3,0.8,True,NOERROR,2,300,1,2,True,False,2,13335,US,False,,,,,0,False,False,False,benign,no_adverse_signal
nventerprisess.in,2026-07-16,17,2.8423709931771084,0.0,0,0.4,-6.314883999999999,low,0.5833,3,0.5714285714285714,True,NOERROR,4,14400,1,4,True,False,0,53831,US,False,Hosting Concepts B.V. dba Openprovider,5,365,False,16,False,False,False,benign,no_adverse_signal
ovq9.my,2026-07-16,7,2.0,0.14285714285714285,0,0.5,-11.575140000000001,low,0.3636,2,1.0,False,NOERROR,0,,0,2,False,False,0,,,,"Spaceship, Inc.",4,365,True,,,False,,benign,no_adverse_signal
yq.hamburg,2026-07-16,10,1.0,0.0,0,0.0,,low,,2,1.0,True,NOERROR,1,14399,1,2,True,False,0,47846,DE,False,Vautron Rechenzentrum AG,743,1095,False,22,False,False,,benign,no_adverse_signal
accessoutboundflow.com,2026-07-16,22,3.5724312513221195,0.0,0,0.6363636363636364,-6.9999515151515155,low,0.5,4,0.7222222222222222,True,NOERROR,2,3600,1,2,True,False,0,16509,US,True,"SNAPNAMES 39, LLC",4,365,True,59,False,False,,malicious,abuseipdb
vidalia.ru,2026-07-16,10,2.2359263506290326,0.0,0,1.3333333333333333,-6.340745454545455,low,0.7692,1,0.7142857142857143,True,NOERROR,2,300,0,2,False,False,2,13335,US,False,DOMAINSHOP-RU,10,365,False,0,False,False,,benign,no_adverse_signal
ladenflaechen-in.hamburg,2026-07-16,24,3.1556390622295662,0.0,1,0.6666666666666666,-7.097065517241379,low,0.4706,3,0.625,True,NOERROR,1,316,2,3,True,False,0,202108,DE,True,united domains AG,4343,4383,False,0,False,False,False,benign,no_adverse_signal
solan-paris.com,2026-07-16,15,3.0957952550009344,0.0,1,0.6666666666666666,-6.671968421052632,low,0.5714,1,0.8181818181818182,True,NOERROR,1,86400,0,4,False,False,1,13335,CA,True,"TUCOWS.COM, CO.",4,365,True,0,False,False,,benign,no_adverse_signal
saplingfinancialtherapy.com,2026-07-16,27,3.5883543471732335,0.0,0,0.5333333333333333,-6.612809302325581,low,0.4516,3,0.6086956521739131,True,NOERROR,1,1800,5,2,True,False,0,22612,US,False,NAMECHEAP INC,4,365,True,0,False,False,False,benign,no_adverse_signal
svodcheck.ru,2026-07-16,12,2.94770277922009,0.0,0,0.2857142857142857,-7.541766666666666,low,0.5263,3,0.8888888888888888,True,NOERROR,1,86400,0,2,False,False,0,197695,RU,False,REGRU-RU,5,365,False,0,False,False,,benign,no_adverse_signal
thetravelsize.com,2026-07-16,17,3.180832987205441,0.0,0,0.625,-6.75375652173913,low,0.5455,2,0.7692307692307693,True,NOERROR,1,600,2,3,True,False,0,202108,DE,False,united domains AG,4,365,False,0,False,False,False,benign,no_adverse_signal
animatiksf.com,2026-07-16,14,2.9219280948873623,0.0,0,0.6666666666666666,-6.889723529411764,low,0.6,3,0.8,False,NOERROR,0,,3,2,True,False,0,,,,"Amazon Registrar, Inc.",4,365,True,,,False,False,benign,no_adverse_signal
joinwhite-label.com,2026-07-16,19,3.506890595608519,0.0,1,0.75,-7.425048148148148,low,0.5,3,0.8,False,NOERROR,0,,1,4,True,False,0,,,,PDR Ltd. d/b/a PublicDomainRegistry.com,4,365,True,,,False,False,benign,no_adverse_signal
endoperiodc.com.mx,2026-07-16,18,2.9139770731827523,0.0,0,0.8333333333333334,-6.713405263157894,low,0.5556,2,0.7272727272727273,True,NOERROR,4,60,0,4,False,False,0,16509,US,True,GoDaddy.com,5,365,False,0,False,False,,benign,no_adverse_signal
perla-ai.app,2026-07-16,12,2.75,0.0,1,1.3333333333333333,-7.287261538461538,low,0.6154,2,0.875,True,NOERROR,2,1800,0,2,False,False,0,16509,US,False,,,,False,0,False,False,,benign,no_adverse_signal
thiaxime.com,2026-07-16,12,2.75,0.0,0,1.0,-7.413261538461539,low,0.6667,2,0.875,True,NOERROR,1,14400,1,2,True,False,0,46475,US,True,PDR Ltd. d/b/a PublicDomainRegistry.com,4,365,True,0,False,False,False,benign,no_adverse_signal
gfk-training.hamburg,2026-07-16,20,3.084962500721156,0.0,1,0.375,-7.414604761904762,low,0.5217,3,0.75,True,NOERROR,1,150,1,2,False,False,1,6724,DE,True,Cronon GmbH,2601,2922,False,0,False,False,False,benign,no_adverse_signal
zbbdqlj.com,2026-07-16,11,2.5216406363433186,0.0,0,0.0,-11.326590909090909,low,0.4,7,0.8571428571428571,True,NOERROR,1,600,0,2,False,False,0,54600,US,False,Gname 313 Inc,4,365,False,0,False,False,,benign,no_adverse_signal
callpredict.com,2026-07-16,15,3.0957952550009344,0.0,0,0.375,-6.579684210526316,low,0.5882,4,0.8181818181818182,True,NOERROR,2,10800,0,2,True,False,2,14618,US,True,DropCatch.com 942 LLC,4,365,False,0,False,False,,benign,no_adverse_signal
undefeatedreality.com,2026-07-16,21,3.2639334294856344,0.0,0,0.8888888888888888,-6.525722580645161,low,0.5333,2,0.6470588235294118,True,NOERROR,1,86400,0,4,False,False,1,13335,CA,True,"TUCOWS.COM, CO.",3,365,True,0,False,False,,benign,no_adverse_signal
icefishalliance.shop,2026-07-16,20,3.056564762130954,0.0,0,0.875,-6.499840740740741,low,0.5455,2,0.6,True,NOERROR,2,300,0,2,False,False,2,13335,US,False,,,,False,0,False,False,,benign,no_adverse_signal
sauerland.hamburg,2026-07-16,17,2.94770277922009,0.0,0,0.8,-6.86136,low,0.5882,2,0.8888888888888888,True,NOERROR,1,3600,2,4,True,False,1,8560,DE,True,1&1 Internet AG,4342,4383,False,0,False,False,False,benign,no_adverse_signal
atpro.my.id,2026-07-16,11,2.321928094887362,0.0,0,0.6666666666666666,-6.7832857142857135,low,0.6667,3,1.0,True,NOERROR,1,14400,1,4,True,False,0,58487,ID,True,,,,False,0,False,False,False,benign,no_adverse_signal
polisislot.top,2026-07-16,14,2.5219280948873624,0.0,0,0.6666666666666666,-6.562288235294117,high,0.5,2,0.6,True,NOERROR,2,60,2,2,True,False,2,47583,LT,False,NAMECHEAP INC,4,365,True,0,False,False,False,benign,no_adverse_signal
mayisoo.com,2026-07-16,11,2.521640636343318,0.0,0,1.3333333333333333,-7.556481818181819,low,0.5455,1,0.8571428571428571,False,timeout,0,,0,0,False,False,0,,,,Xin Net Technology Corporation,2931,3287,True,,,False,,benign,no_adverse_signal
bonafidedetailing.com,2026-07-16,21,3.337175341123077,0.0,0,0.8888888888888888,-6.516361290322581,low,0.5556,2,0.6470588235294118,True,NOERROR,2,3600,0,2,False,False,0,16509,US,True,"GoDaddy.com, LLC",4,731,True,20,False,False,,benign,no_adverse_signal
adlguard.fun,2026-07-16,12,2.5,0.0,0,0.6,-7.816346153846154,low,0.5333,3,0.75,True,NOERROR,1,86400,0,2,False,False,0,198610,RU,False,Registrar of Domain Names REG.RU LLC,3,365,False,0,False,False,,benign,no_adverse_signal
yellowbrickroadofoz.com,2026-07-16,23,3.6163485660751626,0.0,0,0.5833333333333334,-7.499525714285714,low,0.4286,3,0.7368421052631579,True,NOERROR,1,1800,0,0,False,False,0,58182,US,True,Wix.com Ltd.,1834,2191,True,0,False,False,,benign,no_adverse_signal
ysgry.com,2026-07-16,9,1.9219280948873623,0.0,0,0.0,-8.519857142857143,low,0.5455,5,0.8,False,NOERROR,0,,0,0,False,False,0,,,,Dominet (HK) Limited,4,365,False,,,False,,benign,no_adverse_signal
com-l1.site,2026-07-16,11,2.584962500721156,0.09090909090909091,1,0.3333333333333333,-9.031244444444445,medium,0.4615,1,1.0,True,NOERROR,2,300,0,2,False,False,2,13335,US,False,"Spaceship, Inc.",3,365,False,0,False,True,,malicious,spamhaus_dbl
dso-fun.ru,2026-07-16,10,2.807354922057604,0.0,1,0.5,-8.253654545454545,low,0.5455,2,1.0,True,NOERROR,2,300,0,2,False,False,2,13335,US,False,DOMAINSHOP-RU,10,365,False,0,False,False,,benign,no_adverse_signal
jklololl.xyz,2026-07-16,12,1.75,0.0,0,0.3333333333333333,-8.024223076923077,high,0.4615,3,0.5,False,NOERROR,0,,0,2,False,False,0,,,,NAMECHEAP INC,4,365,True,,,False,,benign,no_adverse_signal
slocasi-be.com,2026-07-16,14,3.121928094887362,0.0,1,0.8,-7.2303,low,0.5,2,0.9,True,NOERROR,2,300,0,2,False,False,2,13335,US,False,Dynadot Inc,4,365,False,0,False,False,,benign,no_adverse_signal
thesagemagnolia.com,2026-07-16,19,3.3232314287976203,0.0,0,0.875,-6.751614814814815,low,0.4615,2,0.7333333333333333,True,NOERROR,1,1800,5,2,True,False,0,22612,US,False,NAMECHEAP INC,3,365,True,0,False,False,False,benign,no_adverse_signal
pog-gov.com,2026-07-16,11,2.2359263506290326,0.0,1,0.5,-8.116436363636364,low,0.4286,1,0.7142857142857143,True,NOERROR,2,120,0,4,False,False,0,16509,DE,True,"Name.com, Inc.",4,365,True,15,False,True,,malicious,spamhaus_dbl
cr3b677f9d.cc,2026-07-16,13,3.121928094887362,0.38461538461538464,0,0.0,-11.53580588235294,low,0.5,2,0.9,False,NOERROR,0,,0,2,False,False,0,,,,"GoDaddy.com, LLC",5,365,True,,,False,,benign,no_adverse_signal
strefaleasingu.com,2026-07-16,18,3.3787834934861767,0.0,0,0.75,-6.356376,low,0.5217,3,0.7857142857142857,True,NOERROR,4,14400,1,4,True,False,0,53831,US,False,Squarespace Domains II LLC,4,365,True,16,False,False,False,benign,no_adverse_signal
tkwn9i.top,2026-07-16,10,2.584962500721156,0.1,0,0.25,-12.145555555555555,high,0.6,4,1.0,False,NOERROR,0,,0,2,False,False,0,,,,"Todaynic.com, Inc.",4,365,True,,,False,,benign,no_adverse_signal
getcalcpro.com,2026-07-16,14,3.121928094887362,0.0,0,0.42857142857142855,-7.097217647058824,low,0.4706,4,0.9,True,NOERROR,1,1800,5,2,True,False,0,22612,US,False,NAMECHEAP INC,4,365,True,0,False,False,False,benign,no_adverse_signal
lwjxpc.com,2026-07-16,10,2.584962500721156,0.0,0,0.0,-10.902577777777777,low,0.4444,6,1.0,True,NOERROR,2,300,0,2,False,False,2,13335,US,False,Gname 063 Inc,4,365,False,0,False,False,,benign,no_adverse_signal
oscarspin-italia.online,2026-07-16,23,3.2806390622295662,0.0,1,0.875,-6.680606896551724,medium,0.5385,3,0.6875,True,NOERROR,2,600,0,2,False,False,0,16509,US,True,"GoDaddy.com, LLC",4,365,False,37,False,False,,benign,no_adverse_signal
arxis-advisory.com,2026-07-16,18,3.2359263506290334,0.0,1,0.625,-7.554888,low,0.5385,2,0.7142857142857143,True,NOERROR,1,14400,1,4,True,False,0,16276,FR,True,PDR Ltd. d/b/a PublicDomainRegistry.com,4,365,True,0,False,False,False,benign,no_adverse_signal
