domain,date_collected,domain_length,shannon_entropy,digit_ratio,hyphen_count,vowel_consonant_ratio,ngram_score,tld_risk_category,typosquatting_similarity,longest_consonant_run,unique_char_ratio,resolves_flag,rcode,num_a_records,min_ttl,mx_count,num_ns,has_spf,cname_present,num_aaaa_records,asn,geo_country,ptr_present,registrar,domain_age_days,registration_duration_days,privacy_protection_flag,abuseipdb_score,spamhaus_zen_listed,spamhaus_dbl_listed,mx_spamhaus_zen_listed,label,label_reason
wrapverify.xyz,2026-07-09,14,3.121928094887362,0.0,0,0.42857142857142855,-7.610029411764706,high,0.5455,2,0.9,True,NOERROR,2,3600,1,2,True,False,0,16509,US,True,"GMO Internet, Inc.",2,365,True,28,False,True,,malicious,spamhaus_dbl
stocktonwebstudios.com,2026-07-09,22,3.377443751081734,0.0,0,0.5,-6.925390909090909,low,0.4667,3,0.6666666666666666,True,NOERROR,2,300,0,2,False,False,2,13335,US,False,"GoDaddy.com, LLC",2,365,True,0,False,False,,benign,no_adverse_signal
profita-y-nas.net,2026-07-09,17,3.392747410448785,0.0,2,0.5714285714285714,-7.741830434782608,low,0.4545,2,0.8461538461538461,True,NOERROR,2,300,0,2,False,False,2,13335,US,False,Porkbun LLC,2,365,False,0,False,False,,benign,no_adverse_signal
w6ldj6.vip,2026-07-09,10,2.2516291673878226,0.2,0,0.0,-11.83358888888889,low,0.4444,3,0.8333333333333334,True,NOERROR,1,3600,0,2,False,False,0,400619,SC,False,"GoDaddy.com, LLC",2,365,True,0,False,False,,benign,no_adverse_signal
chartscases.xyz,2026-07-09,15,2.663532754804255,0.0,0,0.375,-6.228521052631579,high,0.5263,4,0.6363636363636364,True,NOERROR,2,3600,1,2,True,False,0,16509,US,True,"GMO Internet, Inc.",2,365,True,28,False,False,,benign,no_adverse_signal
trabalhadorpg.bet,2026-07-09,17,3.180832987205441,0.0,0,0.4444444444444444,-7.10024347826087,low,0.5263,3,0.7692307692307693,True,NOERROR,1,3186,1,2,True,False,0,133618,US,True,,,,,0,False,False,False,benign,no_adverse_signal
pmjzhchdbph789.com,2026-07-09,18,3.3248629576173574,0.16666666666666666,0,0.0,-10.2455,low,0.4,11,0.7857142857142857,True,NOERROR,1,300,0,2,False,False,0,16509,SG,True,DYNADOT LLC,2,365,True,0,False,False,,benign,no_adverse_signal
riverbendeggs.com,2026-07-09,17,3.0269868333592873,0.0,0,0.4444444444444444,-6.925039130434783,low,0.5,3,0.6923076923076923,True,NOERROR,3,3600,0,2,False,False,0,58182,US,True,Wix.com Ltd.,2,1826,True,19,False,False,,benign,no_adverse_signal
starkinktattooaydin.store,2026-07-09,25,3.1555650133297184,0.0,0,0.5833333333333334,-7.041697142857143,low,0.5,3,0.5263157894736842,True,NOERROR,1,3600,0,3,False,False,0,197720,TR,True,,,,False,0,False,False,,benign,no_adverse_signal
3zoc13.top,2026-07-09,10,2.2516291673878226,0.3,0,0.5,-10.923922222222224,high,0.4,1,0.8333333333333334,False,NOERROR,0,,0,2,False,False,0,,,,Chengdu west dimension digital,2,365,True,,,False,,benign,no_adverse_signal
2myapp.ru,2026-07-09,9,2.2516291673878226,0.1111111111111111,0,0.25,-8.10527777777778,low,0.5455,2,0.8333333333333334,True,NOERROR,1,300,0,2,False,False,0,201814,PL,True,REGRU-RU,3,365,False,0,False,False,,benign,no_adverse_signal
buyroambrew.com,2026-07-09,15,3.0957952550009344,0.0,0,0.5714285714285714,-7.885952631578948,low,0.5,3,0.8181818181818182,True,NOERROR,1,86400,0,4,False,False,1,13335,CA,True,"TUCOWS.COM, CO.",2,365,True,0,False,False,,benign,no_adverse_signal
realowdogphotography.com,2026-07-09,24,3.421928094887362,0.0,0,0.5384615384615384,-7.319724324324324,low,0.4286,3,0.6,True,NOERROR,2,3600,0,2,False,False,0,16509,US,True,"GoDaddy.com, LLC",2,365,True,47,False,False,,benign,no_adverse_signal
thrill2.top,2026-07-09,11,2.521640636343318,0.09090909090909091,0,0.2,-7.734972727272727,high,0.4706,3,0.8571428571428571,True,NOERROR,2,6,0,4,False,False,0,16509,US,True,Porkbun LLC,379,730,True,2,False,False,,benign,no_adverse_signal
svidcanopy.xyz,2026-07-09,14,3.321928094887362,0.0,0,0.42857142857142855,-7.360088235294118,high,0.5,2,1.0,True,NOERROR,2,3600,1,2,True,False,0,16509,US,True,"GMO Internet, Inc.",3,365,True,28,False,False,,benign,no_adverse_signal
theblog.lol,2026-07-09,11,2.807354922057604,0.0,0,0.4,-6.5174,low,0.5882,2,1.0,False,NOERROR,0,,0,2,False,False,0,,,,Key-Systems GmbH,3,365,True,,,False,,benign,no_adverse_signal
ascodata.com,2026-07-09,12,2.4056390622295662,0.0,0,1.0,-6.365953846153847,low,0.5556,2,0.75,False,NOERROR,0,,5,4,True,False,0,,,,"Register.com, Inc.",2,365,True,,,False,False,benign,no_adverse_signal
loraventox.com,2026-07-09,14,3.121928094887362,0.0,0,0.6666666666666666,-6.447823529411765,low,0.5333,2,0.9,True,NOERROR,2,300,0,2,False,False,2,13335,US,False,DYNADOT LLC,2,365,True,0,False,False,,benign,no_adverse_signal
666bc.org,2026-07-09,9,1.3709505944546687,0.3333333333333333,0,0.0,-10.574642857142857,low,0.5,2,0.6,True,NOERROR,2,300,0,2,False,False,2,13335,US,False,DYNADOT LLC,2,365,True,0,False,False,,benign,no_adverse_signal
sendmilo.com,2026-07-09,12,3.0,0.0,0,0.6,-6.751138461538462,low,0.6667,3,1.0,True,NOERROR,2,3600,0,2,False,False,0,16509,US,True,"GoDaddy.com, LLC",2,365,True,23,False,False,,benign,no_adverse_signal
signerflownode.xyz,2026-07-09,18,3.378783493486176,0.0,0,0.5555555555555556,-7.163723999999999,high,0.5185,3,0.7857142857142857,True,NOERROR,2,3600,1,2,True,False,0,16509,US,True,"GMO Internet, Inc.",2,365,True,28,False,False,,benign,no_adverse_signal
atmobb.app,2026-07-09,10,2.2516291673878226,0.0,0,0.5,-7.4051,low,0.5714,2,0.8333333333333334,True,NOERROR,1,3600,0,3,False,False,0,14061,US,False,,,,False,0,False,False,,benign,no_adverse_signal
farm-to-table.us,2026-07-09,16,3.238901256602631,0.0,2,0.5714285714285714,-7.6702,low,0.5,2,0.7692307692307693,True,NOERROR,2,300,2,2,True,False,2,47583,CY,False,NAMECHEAP INC,2,365,True,0,False,False,False,benign,no_adverse_signal
rederconsulting.com,2026-07-09,19,3.506890595608518,0.0,0,0.5,-6.275440740740741,low,0.5217,2,0.8,False,NOERROR,0,,4,4,True,False,0,,,,BDL SYSTEMES SAS dba Systonic,2,365,True,,,False,False,benign,no_adverse_signal
51869876.com,2026-07-09,12,2.5,0.6666666666666666,0,0.0,-11.197415384615384,low,0.3636,0,0.75,False,SERVFAIL,0,,0,0,False,False,0,,,,"Wild West Domains, LLC",2,365,True,,,False,,benign,no_adverse_signal
228macdonald.click,2026-07-09,18,3.084962500721156,0.16666666666666666,0,0.5,-7.919609523809524,medium,0.5217,2,0.75,False,NXDOMAIN,0,,0,0,False,False,0,,,,,,,False,,,False,,benign,no_adverse_signal
midnitebloomsburg.com,2026-07-09,21,3.6168746059562227,0.0,0,0.5454545454545454,-7.198148387096774,low,0.6154,3,0.7647058823529411,True,NOERROR,3,3600,5,2,True,False,0,58182,US,True,Wix.com Ltd.,371,730,True,18,False,False,False,benign,no_adverse_signal
softronindia.com,2026-07-09,16,3.084962500721156,0.0,0,0.7142857142857143,-6.441919047619048,low,0.5926,3,0.75,True,NOERROR,2,300,0,2,False,False,2,13335,US,False,NAMECHEAP INC,2,365,True,0,False,False,,benign,no_adverse_signal
truststime.xyz,2026-07-09,14,2.6464393446710153,0.0,0,0.42857142857142855,-6.3090117647058825,high,0.6,4,0.7,True,NOERROR,2,3600,1,2,True,False,0,16509,US,True,"GMO Internet, Inc.",2,365,True,28,False,False,,benign,no_adverse_signal
epkepik.com,2026-07-09,11,1.950212064914747,0.0,0,0.75,-8.069754545454545,low,0.6,2,0.5714285714285714,True,NOERROR,1,1,0,2,False,False,0,40065,US,False,DOMAIN NAME NETWORK PTY LTD,2,365,False,0,False,False,,benign,no_adverse_signal
fieldstoneintel.com,2026-07-09,19,3.056564762130954,0.0,0,0.6666666666666666,-6.461903703703704,low,0.5217,4,0.6,True,NOERROR,2,7,1,4,True,False,0,16509,US,True,Porkbun LLC,2,365,False,7,False,False,False,benign,no_adverse_signal
kapeolifestyle.com,2026-07-09,18,3.3248629576173574,0.0,0,0.75,-7.056964000000001,low,0.5217,4,0.7857142857142857,True,NOERROR,1,3600,1,3,True,False,0,396982,NL,True,Hosting Concepts B.V. d/b/a Registrar.eu,2,365,True,7,False,False,False,benign,no_adverse_signal
painperdugent.com,2026-07-09,17,3.238901256602631,0.0,0,0.625,-7.032182608695652,low,0.6364,2,0.7692307692307693,True,NOERROR,4,14400,0,4,True,False,0,53831,US,False,Squarespace Domains LLC,371,730,True,33,False,False,,benign,no_adverse_signal
dandimfg.net,2026-07-09,12,2.75,0.0,0,0.3333333333333333,-7.556707692307692,low,0.6154,3,0.875,True,NOERROR,2,3600,0,2,False,False,0,16509,US,True,"GoDaddy.com, LLC",3,365,True,23,False,False,,benign,no_adverse_signal
taskflowcipher.xyz,2026-07-09,18,3.8073549220576055,0.0,0,0.4,-7.76044,high,0.5217,4,1.0,True,NOERROR,2,3600,1,2,True,False,0,16509,US,True,"GMO Internet, Inc.",2,365,True,28,False,False,,benign,no_adverse_signal
donrogelio.cafe,2026-07-09,15,2.8464393446710154,0.0,0,1.0,-7.028870588235294,low,0.6,2,0.8,True,NOERROR,2,600,0,2,False,False,0,16509,US,True,,,,,0,False,False,,benign,no_adverse_signal
jacobandchloe.wedding,2026-07-09,21,3.238901256602631,0.0,0,0.625,-7.259530434782609,low,0.5263,5,0.7692307692307693,True,NOERROR,4,60,0,4,True,False,0,16509,US,True,"ENOM, INC.",2,365,True,0,False,False,,benign,no_adverse_signal
sproatlakeocp.com,2026-07-09,17,3.238901256602631,0.0,0,0.625,-7.451713043478261,low,0.5,3,0.7692307692307693,True,NOERROR,2,120,0,4,False,False,0,16509,DE,True,"GoDaddy.com, LLC",2,365,True,17,False,False,,benign,no_adverse_signal
poptidglobal.net,2026-07-09,16,3.084962500721156,0.0,0,0.5,-7.115028571428572,low,0.6364,3,0.75,True,NOERROR,2,600,0,2,False,False,0,16509,US,True,"GoDaddy.com, LLC",3,365,True,37,False,False,,benign,no_adverse_signal
chapatimachinary.com,2026-07-09,20,3.125,0.0,0,0.6,-6.348296551724139,low,0.6087,2,0.625,True,NOERROR,2,600,0,2,False,False,0,16509,US,True,"GoDaddy.com, LLC",2,1096,True,37,False,False,,benign,no_adverse_signal
hitechradar.com,2026-07-09,15,2.9139770731827523,0.0,0,0.5714285714285714,-6.502868421052632,low,0.5556,3,0.7272727272727273,True,NOERROR,2,300,0,2,False,False,2,13335,US,False,NAMECHEAP INC,2,365,True,0,False,False,,benign,no_adverse_signal
runtimedock.xyz,2026-07-09,15,3.459431618637298,0.0,0,0.5714285714285714,-6.486557894736842,high,0.5556,2,1.0,True,NOERROR,2,3600,1,2,True,False,0,16509,US,True,"GMO Internet, Inc.",2,365,True,28,False,False,,benign,no_adverse_signal
office-techshield.com,2026-07-09,21,3.337175341123077,0.0,1,0.6,-7.098238709677419,low,0.5217,4,0.6470588235294118,True,NOERROR,1,60,0,0,False,False,0,,,False,Hosting Concepts B.V. d/b/a Registrar.eu,2,365,True,0,False,False,,benign,no_adverse_signal
jwtsentinel.xyz,2026-07-09,15,2.913977073182752,0.0,0,0.375,-7.0127421052631576,high,0.5263,4,0.7272727272727273,True,NOERROR,2,3600,1,2,True,False,0,16509,US,True,"GMO Internet, Inc.",2,365,True,28,False,False,,benign,no_adverse_signal
selflaunch.xyz,2026-07-09,14,3.121928094887362,0.0,0,0.42857142857142855,-7.229211764705883,high,0.6316,3,0.9,True,NOERROR,2,3600,1,2,True,False,0,16509,US,True,"GMO Internet, Inc.",2,365,True,28,False,False,,benign,no_adverse_signal
xf7368.com,2026-07-09,10,2.584962500721156,0.4,0,0.0,-11.553966666666668,low,0.4444,2,1.0,True,NOERROR,1,600,0,2,False,False,0,132839,CL,False,"GMO Internet, Inc.",2,365,True,0,False,False,,benign,no_adverse_signal
dominum.co.ke,2026-07-09,13,2.5216406363433186,0.0,0,0.75,-6.768409090909091,low,0.6154,1,0.8571428571428571,True,NOERROR,1,7200,1,4,True,False,0,36454,US,False,KWE Holding Limited,3,365,False,0,False,False,False,benign,no_adverse_signal
arcangeldataroom.com,2026-07-09,20,3.25,0.0,0,0.7777777777777778,-6.431334482758621,low,0.4828,2,0.6875,True,NOERROR,2,300,0,2,False,False,2,13335,US,False,"GoDaddy.com, LLC",2,731,True,0,False,False,,benign,no_adverse_signal
yourkanojo.xyz,2026-07-09,14,2.8464393446710154,0.0,0,1.0,-7.409752941176471,high,0.4615,2,0.8,True,NOERROR,2,3600,1,2,True,False,0,16509,US,True,"GMO Internet, Inc.",2,365,True,28,False,False,,benign,no_adverse_signal
floresholsterco.com,2026-07-09,19,3.0565647621309537,0.0,0,0.5,-6.327922222222223,low,0.5714,3,0.6,True,NOERROR,1,86400,0,4,False,False,1,13335,CA,True,"TUCOWS.COM, CO.",2,365,True,0,False,False,,benign,no_adverse_signal
invest-citizenship.com,2026-07-09,22,3.2810361125534233,0.0,1,0.5454545454545454,-6.944821212121212,low,0.4848,3,0.6111111111111112,True,NOERROR,1,86400,0,2,False,False,0,16509,US,True,"TUCOWS.COM, CO.",371,730,True,1,False,False,,benign,no_adverse_signal
milkandhoneybar.com,2026-07-09,19,3.640223928941851,0.0,0,0.5,-7.123374074074074,low,0.4615,3,0.8666666666666667,True,NOERROR,1,1800,5,2,True,False,0,22612,US,False,NAMECHEAP INC,2,365,True,0,False,False,False,benign,no_adverse_signal
lrfsecuritypiemonte.com,2026-07-09,23,3.681880802803402,0.0,0,0.5833333333333334,-7.2800142857142855,low,0.4828,4,0.7368421052631579,True,NOERROR,1,7200,1,3,True,False,0,50926,ES,True,Realtime Register B.V.,2,365,False,0,False,False,False,benign,no_adverse_signal
greenieeeniemeanie.com,2026-07-09,22,2.30827083453526,0.0,0,2.0,-6.8428969696969695,low,0.375,2,0.3888888888888889,True,NOERROR,1,600,0,2,False,False,0,14618,US,True,"GoDaddy.com, LLC",2,365,True,0,False,False,,benign,no_adverse_signal
rqau-jnh.com.cn,2026-07-09,15,3.0,0.0,1,0.4,-11.034607692307693,low,0.5455,3,1.0,True,NOERROR,1,600,0,2,False,False,0,58658,US,False,深圳英迈思信息技术有限公司,3,365,False,0,False,False,,benign,no_adverse_signal
clariflowsconnects.com,2026-07-09,22,3.4613201402110083,0.0,0,0.38461538461538464,-6.760624242424242,low,0.5455,3,0.6666666666666666,True,NOERROR,2,300,1,2,True,False,2,13335,US,False,"Spaceship, Inc.",2,365,False,0,False,False,False,benign,no_adverse_signal
korzinka76.ru,2026-07-09,13,3.121928094887362,0.15384615384615385,0,0.6,-8.671552941176472,low,0.4706,2,0.9,False,NXDOMAIN,0,,0,0,False,False,0,,,,REGRU-RU,2925,3287,False,,,False,,benign,no_adverse_signal
yax1998.top,2026-07-09,11,2.521640636343318,0.36363636363636365,0,0.5,-10.263072727272727,high,0.4615,1,0.8571428571428571,True,NOERROR,3,3600,1,2,True,False,0,63949,US,True,"NameSilo, LLC",1096,1461,True,0,False,False,True,benign,no_adverse_signal
verifyiris.xyz,2026-07-09,14,2.6464393446710157,0.0,0,0.6666666666666666,-7.507317647058824,high,0.5455,2,0.7,True,NOERROR,2,3600,1,2,True,False,0,16509,US,True,"GMO Internet, Inc.",2,365,True,28,False,True,,malicious,spamhaus_dbl
nomadnd.net,2026-07-09,11,2.2359263506290326,0.0,0,0.4,-6.877681818181818,low,0.6154,3,0.7142857142857143,True,NOERROR,1,3600,1,4,True,False,1,8560,DE,True,IONOS SE,2,1096,True,0,False,False,False,benign,no_adverse_signal
54820973.com,2026-07-09,12,3.0,0.6666666666666666,0,0.0,-11.851553846153847,low,0.3077,0,1.0,False,NOERROR,0,,0,2,False,False,0,,,,"Wild West Domains, LLC",2,365,True,,,False,,benign,no_adverse_signal
driftshard.org,2026-07-09,14,2.9219280948873623,0.0,0,0.25,-7.0097000000000005,low,0.5882,4,0.8,True,NOERROR,2,38,0,4,False,False,0,16509,US,True,Porkbun LLC,379,730,False,0,False,False,,benign,no_adverse_signal
allskillgames.com,2026-07-09,17,2.7773627950641693,0.0,0,0.4444444444444444,-6.925826086956522,low,0.5455,4,0.6153846153846154,True,NOERROR,1,1800,2,2,True,False,1,47583,IN,False,"HOSTINGER operations, UAB",2,365,False,0,False,False,False,benign,no_adverse_signal
cmwz44oh.cfd,2026-07-09,12,2.75,0.16666666666666666,0,0.2,-11.773484615384614,low,0.4286,4,0.875,False,NOERROR,0,,0,2,False,False,0,,,,"GMO Internet, Inc.",2,365,True,,,False,,benign,no_adverse_signal
1j2lru.com,2026-07-09,10,2.584962500721156,0.2,0,0.3333333333333333,-11.4003,low,0.4444,2,1.0,True,NOERROR,2,300,0,2,False,False,0,16509,US,True,"Spaceship, Inc.",2,365,False,1,False,False,,benign,no_adverse_signal
lltuk6xqpl.com,2026-07-09,14,2.8464393446710154,0.07142857142857142,0,0.125,-10.62109411764706,low,0.375,4,0.8,True,NOERROR,2,300,0,2,False,False,2,13335,US,False,DYNADOT LLC,2,365,True,0,False,False,,benign,no_adverse_signal
genonftpay.xyz,2026-07-09,14,3.121928094887362,0.0,0,0.42857142857142855,-7.260911764705883,high,0.5,4,0.9,True,NOERROR,2,3600,1,2,True,False,0,16509,US,True,"GMO Internet, Inc.",2,365,True,28,False,False,,benign,no_adverse_signal
diagrammeme.xyz,2026-07-09,15,2.6635327548042547,0.0,0,0.8333333333333334,-6.7582894736842105,high,0.6087,2,0.6363636363636364,True,NOERROR,2,3600,1,2,True,False,0,16509,US,True,"GMO Internet, Inc.",2,365,True,28,False,False,,benign,no_adverse_signal
defendyourlegalrights.org,2026-07-09,25,3.7849418274376423,0.0,0,0.5,-7.265448717948718,low,0.4706,4,0.7142857142857143,True,NOERROR,1,1800,5,2,True,False,0,22612,US,False,NAMECHEAP INC,2,365,False,0,False,False,False,benign,no_adverse_signal
oardoorwayhousehold.com,2026-07-09,23,3.2158411726837524,0.0,0,0.9,-7.271651428571428,low,0.4444,2,0.5789473684210527,True,NOERROR,8,600,0,2,False,False,0,7979,US,False,Gandi SAS,2,365,True,10,False,False,,benign,no_adverse_signal
bennielily.com,2026-07-09,14,2.5219280948873624,0.0,0,0.6666666666666666,-6.9277411764705885,low,0.5556,2,0.6,True,NOERROR,2,600,0,2,False,False,0,16509,US,True,"GoDaddy.com, LLC",2,365,True,37,False,False,,benign,no_adverse_signal
jproteam.com,2026-07-09,12,3.0,0.0,0,0.6,-6.852138461538461,low,0.5,3,1.0,True,NOERROR,2,300,5,2,True,False,2,13335,US,False,"Cloudflare, Inc.",2,365,True,0,False,False,False,benign,no_adverse_signal
nms-1ul.garden,2026-07-09,14,2.807354922057604,0.07142857142857142,1,0.25,-9.685,low,0.5,3,1.0,False,NOERROR,0,,0,2,False,False,0,,,,"Spaceship, Inc.",2,365,True,,,False,,benign,no_adverse_signal
harringtons-signature-group.sbs,2026-07-09,31,3.587858798299508,0.0,2,0.5625,-6.859023529411765,low,0.439,3,0.48148148148148145,True,NOERROR,2,300,3,2,True,False,2,13335,US,False,DYNADOT LLC,2,365,False,0,False,False,False,benign,no_adverse_signal
lookido.win,2026-07-09,11,2.1280852788913944,0.0,0,1.3333333333333333,-6.834763636363636,low,0.5714,1,0.7142857142857143,False,NOERROR,0,,0,2,False,False,0,,,,"Cloudflare, Inc.",2,365,True,,,False,,benign,no_adverse_signal
ardenaid.xyz,2026-07-09,12,2.5,0.0,0,1.0,-6.499038461538461,high,0.5714,2,0.75,True,NOERROR,2,3600,1,2,True,False,0,16509,US,True,"GMO Internet, Inc.",2,365,True,28,False,False,,benign,no_adverse_signal
keeperchat.xyz,2026-07-09,14,2.8464393446710154,0.0,0,0.6666666666666666,-6.503658823529412,high,0.6364,3,0.8,True,NOERROR,2,3600,1,2,True,False,0,16509,US,True,"GMO Internet, Inc.",2,365,True,28,False,False,,benign,no_adverse_signal
sebpharris.com.de,2026-07-09,17,1.584962500721156,0.0,0,0.5,-5.649566666666666,low,0.6,1,1.0,True,NOERROR,2,300,0,2,False,False,2,13335,US,False,,,,False,0,False,False,,benign,no_adverse_signal
floppyears.store,2026-07-09,16,3.121928094887362,0.0,0,0.42857142857142855,-7.400341176470588,low,0.5455,3,0.9,True,NOERROR,1,7200,0,4,False,False,1,13335,CA,True,,,,False,0,False,False,,benign,no_adverse_signal
shidoor.com,2026-07-09,11,2.521640636343318,0.0,0,0.75,-6.902554545454546,low,0.5,2,0.8571428571428571,False,NXDOMAIN,0,,0,0,False,False,0,,,,,,,,,,False,,benign,no_adverse_signal
birchasavrohom.com,2026-07-09,18,3.2359263506290334,0.0,0,0.5555555555555556,-7.298972,low,0.4348,3,0.7142857142857143,True,NOERROR,4,14400,0,4,True,False,0,53831,US,False,Squarespace Domains LLC,2,365,True,22,False,False,,benign,no_adverse_signal
viralotpath.surf,2026-07-09,16,3.095795255000934,0.0,0,0.5714285714285714,-6.662773684210526,low,0.6,2,0.8181818181818182,False,NOERROR,0,,0,2,False,False,0,,,,DYNADOT LLC,2,365,True,,,False,,benign,no_adverse_signal
martinai.xyz,2026-07-09,12,2.5,0.0,0,1.0,-5.979446153846154,high,0.5556,2,0.75,True,NOERROR,2,3600,1,2,True,False,0,16509,US,True,"GMO Internet, Inc.",2,365,True,28,False,False,,benign,no_adverse_signal
677e86.com,2026-07-09,10,1.9182958340544893,0.5,0,1.0,-11.694633333333334,low,0.3636,0,0.6666666666666666,False,NOERROR,0,,0,2,False,False,0,,,,"Wild West Domains, LLC",3,365,True,,,False,,benign,no_adverse_signal
fiddlesticksunrealpoint.com,2026-07-09,27,3.7950885863977324,0.0,0,0.5333333333333333,-6.9066441860465115,low,0.4848,3,0.6521739130434783,True,NOERROR,8,600,0,2,False,False,0,7979,US,False,Gandi SAS,2,365,True,7,False,False,,benign,no_adverse_signal
astri.shop,2026-07-09,10,2.321928094887362,0.0,0,0.6666666666666666,-5.7137,low,0.7273,3,1.0,True,NOERROR,1,86400,0,2,False,False,0,16509,US,True,,,,False,1,False,False,,benign,no_adverse_signal
acreedoresavank.mx,2026-07-09,18,3.1395722619867223,0.0,0,0.875,-6.564607407407408,low,0.5,2,0.6666666666666666,True,NOERROR,1,3600,0,2,False,False,0,47583,US,True,Registrar.eu,4,731,False,0,False,False,,benign,no_adverse_signal
amasrental.no,2026-07-09,13,2.8464393446710154,0.0,0,0.6666666666666666,-6.230882352941176,low,0.64,2,0.8,True,NOERROR,1,3600,1,3,True,False,1,12996,NO,True,,4,,False,0,False,False,False,benign,no_adverse_signal
winelikeapro.com,2026-07-09,16,3.2516291673878226,0.0,0,1.0,-6.555595238095238,low,0.5263,2,0.8333333333333334,True,NOERROR,4,14400,2,8,True,False,0,53831,US,False,"GoDaddy.com, LLC",2,365,True,33,False,False,False,benign,no_adverse_signal
nskozijnen.online,2026-07-09,17,2.8464393446710154,0.0,0,0.42857142857142855,-8.538164705882352,medium,0.5,3,0.8,False,NOERROR,0,,0,2,False,False,0,,,,Hosting Concepts B.V. d/b/a Registrar.eu,2,365,False,,,False,,benign,no_adverse_signal
xcelproduct.com,2026-07-09,15,3.2776134368191165,0.0,0,0.375,-7.328831578947369,low,0.5,3,0.9090909090909091,True,NOERROR,2,600,0,2,False,False,0,16509,US,True,"Wild West Domains, LLC",2,1096,True,18,False,False,,benign,no_adverse_signal
hello-buenocosolutions.com,2026-07-09,26,3.3519530742463752,0.0,1,0.9090909090909091,-7.053346341463415,low,0.5238,2,0.5454545454545454,True,NOERROR,4,14400,1,4,True,False,0,53831,US,False,Squarespace Domains II LLC,2,365,True,22,False,False,False,benign,no_adverse_signal
bureterfihiol.site,2026-07-09,18,3.238901256602631,0.0,0,0.8571428571428571,-7.159817391304348,medium,0.5,2,0.7692307692307693,True,NOERROR,1,300,0,2,False,False,0,14061,DE,False,NAMECHEAP INC,2,365,True,0,False,False,,benign,no_adverse_signal
downtonconsulting.net,2026-07-09,21,3.2195282822995477,0.0,0,0.4166666666666667,-6.635483870967741,low,0.5161,3,0.6470588235294118,False,NOERROR,0,,3,2,True,False,0,,,,"Amazon Registrar, Inc.",3,365,True,,,False,False,benign,no_adverse_signal
liz-baker.dev,2026-07-09,13,3.169925001442312,0.0,1,0.6,-7.842133333333334,low,0.5333,1,1.0,True,NOERROR,4,300,2,2,True,False,4,54113,US,True,,,,False,12,False,False,False,benign,no_adverse_signal
parlibrary.xyz,2026-07-09,14,2.6464393446710153,0.0,0,0.42857142857142855,-6.700252941176471,high,0.5882,2,0.7,True,NOERROR,2,3600,1,2,True,False,0,16509,US,True,"GMO Internet, Inc.",2,365,True,28,False,False,,benign,no_adverse_signal
cybervortexlabs.top,2026-07-09,19,3.506890595608518,0.0,0,0.36363636363636365,-7.247866666666666,high,0.5,3,0.8,True,NOERROR,3,3603,3,3,False,False,0,63949,US,True,"NameSilo, LLC",2,365,True,0,False,False,False,benign,no_adverse_signal
luxury-h2o.com,2026-07-09,14,3.121928094887362,0.07142857142857142,1,0.6,-9.535776470588235,low,0.4,2,0.9,True,NOERROR,4,14400,0,4,True,False,0,53831,US,False,Squarespace Domains LLC,2,365,True,22,False,False,,benign,no_adverse_signal
casadelcommiatogenova.com,2026-07-09,25,3.4992275417233563,0.0,0,0.9090909090909091,-6.828828205128205,low,0.5,2,0.6190476190476191,True,NOERROR,1,3600,2,2,True,False,0,16276,FR,True,"OVH, SAS",2928,3287,True,0,False,False,False,benign,no_adverse_signal
memorylocallab.xyz,2026-07-09,18,3.039148671903071,0.0,0,0.5555555555555556,-6.78486,high,0.4762,3,0.6428571428571429,True,NOERROR,2,3600,1,2,True,False,0,16509,US,True,"GMO Internet, Inc.",2,365,True,28,False,False,,benign,no_adverse_signal
stintmodel.xyz,2026-07-09,14,3.121928094887362,0.0,0,0.42857142857142855,-6.393105882352941,high,0.6667,3,0.9,True,NOERROR,2,3600,1,2,True,False,0,16509,US,True,"GMO Internet, Inc.",3,365,True,28,False,False,,benign,no_adverse_signal
herenclo.com,2026-07-09,12,2.75,0.0,0,0.6,-6.121638461538462,low,0.5556,3,0.875,True,NOERROR,1,3600,2,2,True,False,1,197695,RU,True,Registrar of Domain Names REG.RU LLC,2,365,False,0,False,False,False,benign,no_adverse_signal
anshilsamar.in,2026-07-09,14,2.845350936622437,0.0,0,0.5714285714285714,-6.551063157894737,low,0.5556,3,0.7272727272727273,True,NOERROR,4,600,0,2,False,False,0,54113,US,True,"GoDaddy.com, LLC",4,365,False,43,False,False,,benign,no_adverse_signal
localecom.dev,2026-07-09,13,2.5032583347756456,0.0,0,0.8,-6.1574333333333335,low,0.5333,1,0.6666666666666666,True,NOERROR,2,4,2,4,True,False,0,16509,US,True,,,,False,0,False,False,False,benign,no_adverse_signal
dad-amp-kushnoe3.ru,2026-07-09,19,3.625,0.05263157894736842,2,0.625,-8.503275862068966,low,0.4286,3,0.8125,True,NOERROR,2,300,0,2,False,False,0,13335,US,False,DOMAINSHOP-RU,3,365,False,0,False,False,,benign,no_adverse_signal
termopal.online,2026-07-09,15,3.0,0.0,0,0.6,-6.674669230769231,medium,0.7143,2,1.0,False,NOERROR,0,,0,3,False,False,0,,,,"NicNames, Inc",2,731,True,,,False,,benign,no_adverse_signal
prenoviaplus.com,2026-07-09,16,3.418295834054489,0.0,0,0.7142857142857143,-6.669604761904762,low,0.4762,2,0.9166666666666666,True,NOERROR,1,1800,5,2,True,False,0,22612,US,False,NAMECHEAP INC,2,365,True,0,False,False,False,benign,no_adverse_signal
voguemom.top,2026-07-09,12,2.5,0.0,0,1.0,-7.565323076923077,high,0.5,1,0.75,False,NOERROR,0,,3,2,True,False,0,,,,"NameSilo, LLC",2,365,False,,,False,False,benign,no_adverse_signal
simplythebestdigitalshop.com,2026-07-09,28,3.6572682296173897,0.0,0,0.4117647058823529,-6.828135555555556,low,0.4,6,0.5833333333333334,True,NOERROR,2,55,0,4,False,False,0,16509,US,True,Porkbun LLC,379,730,False,0,False,False,,benign,no_adverse_signal
itadmin-bg.com,2026-07-09,14,3.121928094887362,0.0,1,0.5,-7.4809882352941175,low,0.5714,2,0.9,False,NOERROR,0,,1,2,False,False,0,,,,"ENOM, INC.",2,365,True,,,False,False,benign,no_adverse_signal
swapcore.top,2026-07-09,12,3.0,0.0,0,0.6,-6.976646153846153,high,0.5714,2,1.0,False,NOERROR,0,,0,2,False,False,0,,,,Dynadot LLC,2,365,True,,,False,,benign,no_adverse_signal
vapetimetexas.com,2026-07-09,17,3.0269868333592873,0.0,0,0.8571428571428571,-6.750856521739131,low,0.5217,1,0.6923076923076923,True,NOERROR,2,3600,0,2,False,False,0,16509,US,True,"GoDaddy.com, LLC",2,365,True,23,False,False,,benign,no_adverse_signal
movaco.bond,2026-07-09,11,2.2516291673878226,0.0,0,1.0,-6.840388888888889,low,0.5,1,0.8333333333333334,True,NOERROR,1,1800,0,2,False,False,1,47583,CY,False,"HOSTINGER operations, UAB",2,365,False,32,False,False,,benign,no_adverse_signal
k2008k.top,2026-07-09,10,1.9182958340544893,0.4,0,0.0,-10.822766666666666,high,0.3636,1,0.6666666666666666,True,NOERROR,2,300,0,2,False,False,2,13335,US,False,"Spaceship, Inc.",2,365,True,0,False,False,,benign,no_adverse_signal
immpay.co,2026-07-09,9,2.2516291673878226,0.0,0,0.5,-7.411388888888889,low,0.5,3,0.8333333333333334,True,NOERROR,2,3600,0,2,False,False,0,16509,US,True,"GoDaddy.com, LLC",3,365,True,23,False,False,,benign,no_adverse_signal
mdkaynak.com,2026-07-09,12,2.5,0.0,0,0.3333333333333333,-8.421646153846153,low,0.5,3,0.75,True,NOERROR,1,1800,0,2,False,False,1,47583,DE,False,"HOSTINGER operations, UAB",2,365,False,0,False,False,,benign,no_adverse_signal
rozanablakqori.com,2026-07-09,18,3.182005814760214,0.0,0,0.75,-8.18968,low,0.5,2,0.7142857142857143,True,NOERROR,2,30,0,2,True,False,2,14618,US,True,DropCatch.com 1191 LLC,2,365,False,0,False,False,,benign,no_adverse_signal
la-sendo.com,2026-07-09,12,3.0,0.0,1,0.75,-6.879853846153846,low,0.5882,2,1.0,True,NOERROR,2,3600,0,2,False,False,0,16509,US,True,"GoDaddy.com, LLC",2,365,True,47,False,False,,benign,no_adverse_signal
iconscious.ru,2026-07-09,13,2.5219280948873624,0.0,0,1.0,-6.566617647058824,low,0.5263,3,0.6,True,NOERROR,1,1677,4,2,True,False,0,16276,FR,True,REGRU-RU,3,365,False,0,True,True,True,malicious,spamhaus_zen
mj65yxbc.cfd,2026-07-09,12,3.0,0.16666666666666666,0,0.0,-11.729715384615385,low,0.375,4,1.0,False,NOERROR,0,,0,2,False,False,0,,,,"GMO Internet, Inc.",2,365,True,,,False,,benign,no_adverse_signal
geluxo.com,2026-07-09,10,2.584962500721156,0.0,0,1.0,-8.009433333333334,low,0.5455,1,1.0,True,NOERROR,1,300,2,2,True,False,0,13335,CA,True,"HOSTINGER operations, UAB",2,365,False,0,False,False,False,benign,no_adverse_signal
ascensaocomunidade.online,2026-07-09,25,3.239097917988786,0.0,0,1.0,-6.9593878787878785,medium,0.4516,2,0.5555555555555556,True,NOERROR,1,600,0,2,False,False,0,13335,DE,True,"GoDaddy.com, LLC",2,365,False,35,False,False,,benign,no_adverse_signal
4ykex-x.garden,2026-07-09,14,2.521640636343318,0.07142857142857142,1,0.25,-9.928936363636364,low,0.4615,2,0.8571428571428571,False,NOERROR,0,,0,2,False,False,0,,,,"Spaceship, Inc.",2,365,True,,,False,,benign,no_adverse_signal
vaahandost.com,2026-07-09,14,2.8464393446710154,0.0,0,0.6666666666666666,-6.978835294117647,low,0.5556,2,0.8,True,NOERROR,1,1800,2,2,True,False,1,47583,IN,False,"HOSTINGER operations, UAB",2,365,False,0,False,False,False,benign,no_adverse_signal
doranexcercise.store,2026-07-09,20,3.182005814760214,0.0,0,0.75,-6.697608,low,0.5263,2,0.7142857142857143,True,NOERROR,1,7200,0,4,False,False,1,13335,CA,True,,,,False,0,False,False,,benign,no_adverse_signal
buyingtheworld.com,2026-07-09,18,3.8073549220576055,0.0,0,0.4,-7.190072,low,0.5263,4,1.0,True,NOERROR,1,1800,0,2,False,False,1,47583,US,False,"HOSTINGER operations, UAB",2,365,False,0,False,False,,benign,no_adverse_signal
syneoteksoft.com,2026-07-09,16,2.918295834054489,0.0,0,0.5,-7.358171428571429,low,0.5263,3,0.6666666666666666,False,NOERROR,0,,3,2,True,False,0,,,,"Amazon Registrar, Inc.",2,365,True,,,False,False,benign,no_adverse_signal
veteransparade.org,2026-07-09,18,2.9852281360342516,0.0,0,0.75,-6.027696,low,0.5714,3,0.6428571428571429,True,NOERROR,2,300,0,2,False,False,2,13335,US,False,"NETWORK SOLUTIONS, LLC.",6984,7305,True,0,False,False,,benign,no_adverse_signal
agilerad.io,2026-07-09,11,2.75,0.0,0,1.0,-6.420507692307693,low,0.5714,1,0.875,True,NOERROR,2,300,0,2,False,False,2,13335,US,False,"Spaceship, Inc.",11,365,True,0,False,False,,benign,no_adverse_signal
kwsugp.com,2026-07-09,10,2.584962500721156,0.0,0,0.2,-9.268444444444444,low,0.4615,3,1.0,True,NOERROR,2,300,0,2,False,False,2,13335,US,False,NAMECHEAP INC,2,365,True,0,False,False,,benign,no_adverse_signal
vl-b28v.garden,2026-07-09,14,2.5216406363433186,0.14285714285714285,1,0.0,-10.840627272727273,low,0.4615,2,0.8571428571428571,False,NOERROR,0,,0,2,False,False,0,,,,"Spaceship, Inc.",2,365,True,,,False,,benign,no_adverse_signal
gemfote.com,2026-07-09,11,2.5216406363433186,0.0,0,0.75,-7.565845454545454,low,0.6154,2,0.8571428571428571,False,NOERROR,0,,0,2,False,False,0,,,,NAMECHEAP INC,2,365,True,,,False,,benign,no_adverse_signal
evalreceiptlab.xyz,2026-07-09,18,3.182005814760214,0.0,0,0.75,-7.49592,high,0.5455,3,0.7142857142857143,True,NOERROR,2,3600,1,2,True,False,0,16509,US,True,"GMO Internet, Inc.",2,365,True,28,False,False,,benign,no_adverse_signal
mudthuh.com,2026-07-09,11,2.2359263506290326,0.0,0,0.4,-8.513954545454546,low,0.5,3,0.7142857142857143,True,NOERROR,3,3600,0,2,False,False,0,58182,US,True,Wix.com Ltd.,2,365,False,15,False,False,,benign,no_adverse_signal
evalbindinghub.xyz,2026-07-09,18,3.3787834934861767,0.0,0,0.5555555555555556,-6.900568000000001,high,0.5455,3,0.7857142857142857,True,NOERROR,2,3600,1,2,True,False,0,16509,US,True,"GMO Internet, Inc.",2,365,True,28,False,False,,benign,no_adverse_signal
web-play-9you.com,2026-07-09,17,3.3927474104487847,0.058823529411764705,2,0.6666666666666666,-8.772843478260869,low,0.5263,2,0.8461538461538461,False,NOERROR,0,,0,2,False,False,0,,,,"GMO Internet, Inc.",2,365,True,,,False,,benign,no_adverse_signal
vergeoptimistic.shop,2026-07-09,20,3.323231428797621,0.0,0,0.6666666666666666,-6.575155555555556,low,0.4545,2,0.7333333333333333,True,NOERROR,2,300,0,2,False,False,2,13335,US,False,,,,False,0,False,False,,benign,no_adverse_signal
thehealthyheights.com,2026-07-09,21,2.8451442836760017,0.0,0,0.4166666666666667,-7.307267741935483,low,0.5217,5,0.5294117647058824,True,NOERROR,2,3600,0,2,False,False,0,16509,US,True,"GoDaddy.com, LLC",2,365,True,23,False,False,,benign,no_adverse_signal
justorx.com,2026-07-09,11,2.807354922057604,0.0,0,0.4,-6.860181818181818,low,0.5333,2,1.0,True,NOERROR,2,600,0,2,False,False,0,16509,US,True,"GoDaddy.com, LLC",2,365,True,37,False,False,,benign,no_adverse_signal
cardedcopilot.xyz,2026-07-09,17,3.238901256602631,0.0,0,0.625,-6.877304347826087,high,0.5263,2,0.7692307692307693,True,NOERROR,2,3600,1,2,True,False,0,16509,US,True,"GMO Internet, Inc.",2,365,True,28,False,False,,benign,no_adverse_signal
tsubolabs.digital,2026-07-09,17,2.725480556997868,0.0,0,0.5,-7.069653333333333,low,0.625,2,0.7777777777777778,True,NOERROR,2,300,0,2,False,False,2,13335,US,False,,,,,0,False,False,,benign,no_adverse_signal
ardmatbaa.com,2026-07-09,13,2.2810361125534233,0.0,0,0.8,-7.360526666666667,low,0.625,3,0.6666666666666666,False,SERVFAIL,0,,0,0,False,False,0,,,,ODTU Gelistirme Vakfi Bilgi Teknolojileri Sanayi Ve Ticaret Anonim Sirketi,2,365,True,,,False,,benign,no_adverse_signal
legacyvault.nl,2026-07-09,14,3.0957952550009344,0.0,0,0.5714285714285714,-7.788831578947368,low,0.5263,3,0.8181818181818182,True,NOERROR,1,3600,1,3,True,False,0,16509,US,True,team.blue nl B.V.,4,,False,29,False,False,False,benign,no_adverse_signal
freedif.com,2026-07-09,11,2.2359263506290326,0.0,0,0.75,-6.598527272727273,low,0.6154,2,0.7142857142857143,True,NOERROR,1,14400,3,2,True,False,0,22612,US,True,NAMECHEAP INC,3,1096,True,0,False,False,False,benign,no_adverse_signal
rankproximitys.com,2026-07-09,18,3.521640636343319,0.0,0,0.4,-7.191692000000001,low,0.5,4,0.8571428571428571,True,NOERROR,2,300,3,2,True,False,2,13335,US,False,"GoDaddy.com, LLC",2,365,True,0,False,False,False,benign,no_adverse_signal
brendisa.site,2026-07-09,13,3.0,0.0,0,0.6,-6.341,medium,0.6154,2,1.0,True,NOERROR,2,300,5,2,True,False,2,13335,US,False,NAMECHEAP INC,2,365,True,0,False,False,False,benign,no_adverse_signal
kytiyu138.vip,2026-07-09,13,2.94770277922009,0.23076923076923078,0,0.5,-9.381433333333332,low,0.5,3,0.8888888888888888,True,NOERROR,1,3600,0,2,False,False,0,153494,HK,False,"GoDaddy.com, LLC",2,365,True,0,False,False,,benign,no_adverse_signal
aibohun.xyz,2026-07-09,11,2.807354922057604,0.0,0,1.3333333333333333,-7.9025454545454545,high,0.6154,1,1.0,True,NOERROR,2,3600,1,2,True,False,0,16509,US,True,"GMO Internet, Inc.",2,365,True,28,False,False,,benign,no_adverse_signal
xc777k.com,2026-07-09,10,1.7924812503605778,0.3,0,0.0,-10.789166666666667,low,0.5455,2,0.6666666666666666,True,NOERROR,2,300,0,2,False,False,2,13335,US,False,"GoDaddy.com, LLC",2,1096,True,0,False,False,,benign,no_adverse_signal
limelightarts.org,2026-07-09,17,3.238901256602631,0.0,0,0.4444444444444444,-6.525130434782609,low,0.5385,3,0.7692307692307693,True,NOERROR,1,3600,1,2,True,False,0,58182,US,True,"TUCOWS.COM, CO.",24,1096,True,15,False,False,False,benign,no_adverse_signal
staffordoperations.com,2026-07-09,22,3.350209029099897,0.0,0,0.6363636363636364,-6.400748484848485,low,0.5385,2,0.6111111111111112,True,NOERROR,2,3600,0,2,False,False,0,16509,US,True,"GoDaddy.com, LLC",2,365,True,23,False,False,,benign,no_adverse_signal
omnigroov.com,2026-07-09,13,2.6416041678685933,0.0,0,0.8,-7.384306666666666,low,0.5556,2,0.7777777777777778,True,NOERROR,2,300,1,2,True,False,2,13335,US,False,PDR Ltd. d/b/a PublicDomainRegistry.com,2,365,True,0,False,False,False,benign,no_adverse_signal
a2znetbazaar.com,2026-07-09,16,2.751629167387823,0.0625,0,0.8333333333333334,-8.309290476190476,low,0.4545,2,0.6666666666666666,True,NOERROR,2,300,0,2,False,False,2,13335,US,False,Porkbun LLC,2,365,False,0,False,False,,benign,no_adverse_signal
caigvwuu.cc,2026-07-09,11,2.75,0.0,0,1.0,-9.861615384615384,low,0.5263,3,0.875,True,NOERROR,1,60,0,2,False,False,0,152194,SG,False,"NameSilo, LLC",2,365,True,0,True,True,,malicious,spamhaus_zen
uglypower.com,2026-07-09,13,3.169925001442312,0.0,0,0.5,-7.627226666666667,low,0.5333,4,1.0,True,NOERROR,4,14400,0,4,True,False,0,53831,US,False,Squarespace Domains LLC,2,365,True,22,False,False,,benign,no_adverse_signal
riskfeedsearch.xyz,2026-07-09,18,3.182005814760214,0.0,0,0.5555555555555556,-7.207412000000001,high,0.6154,3,0.7142857142857143,True,NOERROR,2,3600,1,2,True,False,0,16509,US,True,"GMO Internet, Inc.",2,365,True,28,False,False,,benign,no_adverse_signal
truecostgarage.com,2026-07-09,18,3.09306920777189,0.0,0,0.75,-6.739987999999999,low,0.5455,3,0.6428571428571429,True,NOERROR,2,3600,0,2,False,False,0,16509,US,True,"GoDaddy.com, LLC",2,731,False,47,False,False,,benign,no_adverse_signal
northhaltontide.ca,2026-07-09,18,3.1898980954642866,0.0,0,0.5,-6.82737037037037,low,0.4762,4,0.6666666666666666,True,NOERROR,2,3600,1,2,True,False,0,16509,US,True,"Go Daddy Domains Canada, Inc",3,1096,True,23,False,False,False,benign,no_adverse_signal
vegasstars-au.com,2026-07-09,17,2.9689185639620974,0.0,1,0.7142857142857143,-6.896726086956521,low,0.4762,3,0.6923076923076923,True,NOERROR,2,300,0,2,False,False,2,13335,US,False,DYNADOT LLC,2,365,True,0,False,False,,benign,no_adverse_signal
nuclog.com,2026-07-09,10,2.584962500721156,0.0,0,0.5,-7.191977777777778,low,0.5455,2,1.0,True,NOERROR,2,3600,0,2,False,False,0,16509,US,True,"GoDaddy.com, LLC",2,1096,True,23,False,False,,benign,no_adverse_signal
imadskillz.com,2026-07-09,14,2.9219280948873623,0.0,0,0.42857142857142855,-7.4180117647058825,low,0.5714,3,0.8,False,NOERROR,0,,3,2,True,False,0,,,,"Amazon Registrar, Inc.",2,365,True,,,False,False,benign,no_adverse_signal
3181b89.com,2026-07-09,11,2.2359263506290326,0.5454545454545454,0,0.0,-11.398936363636365,low,0.2,1,0.7142857142857143,False,NOERROR,0,,0,2,False,False,0,,,,"Wild West Domains, LLC",3,365,True,,,False,,benign,no_adverse_signal
apigacorhoiho.site,2026-07-09,18,2.8731406795131336,0.0,0,1.1666666666666667,-7.559852173913043,medium,0.5263,2,0.6153846153846154,True,NOERROR,2,300,0,2,False,False,2,13335,US,False,NAMECHEAP INC,3,365,True,0,False,False,,benign,no_adverse_signal
4977.buzz,2026-07-09,9,1.5,0.4444444444444444,0,0.0,-11.31184,high,0.4444,0,0.75,True,NOERROR,2,300,0,2,False,False,2,13335,US,False,"Spaceship, Inc.",2,365,False,0,False,False,,benign,no_adverse_signal
pumacareerfinder.com,2026-07-09,20,3.2806390622295662,0.0,0,0.7777777777777778,-6.509493103448276,low,0.4828,2,0.6875,True,NOERROR,2,300,1,2,True,False,2,13335,US,False,UnstoppableUS2 LLC,2,365,True,0,False,False,False,benign,no_adverse_signal
cloudnineprofessionals.com,2026-07-09,26,3.538310595615006,0.0,0,0.6923076923076923,-6.5501609756097565,low,0.5,2,0.5909090909090909,True,NOERROR,2,35,0,4,False,False,0,16509,US,True,Porkbun LLC,378,730,False,0,False,False,,benign,no_adverse_signal
matrixregistry.com,2026-07-09,18,3.182005814760214,0.0,0,0.4,-7.012068,low,0.6429,4,0.7142857142857143,False,NOERROR,0,,0,2,False,False,0,,,,"Cloudflare, Inc.",2,365,True,,,False,,benign,no_adverse_signal
ai1football.online,2026-07-09,18,2.9139770731827523,0.05555555555555555,0,1.0,-8.083626315789473,medium,0.5714,2,0.7272727272727273,True,NOERROR,1,1800,5,2,True,False,0,22612,US,False,NAMECHEAP INC,2,365,True,0,False,False,False,benign,no_adverse_signal
swernanw.online,2026-07-09,15,2.5,0.0,0,0.3333333333333333,-6.965184615384615,medium,0.625,2,0.75,True,NOERROR,1,3600,0,3,False,False,0,197720,TR,True,Turkticaret.net Yazılım Hizmetleri Sanayi ve Ticaret A.Ş.,2,365,False,0,False,False,,benign,no_adverse_signal
whqc0pjv.cfd,2026-07-09,12,3.0,0.08333333333333333,0,0.0,-12.010823076923078,low,0.375,4,1.0,False,NOERROR,0,,0,2,False,False,0,,,,"GMO Internet, Inc.",2,365,True,,,False,,benign,no_adverse_signal
filtertests.xyz,2026-07-09,15,2.6635327548042547,0.0,0,0.375,-6.298578947368421,high,0.7,3,0.6363636363636364,True,NOERROR,2,3600,1,2,True,False,0,16509,US,True,"GMO Internet, Inc.",2,365,True,28,False,False,,benign,no_adverse_signal
svelteindex.com,2026-07-09,15,3.027169118440619,0.0,0,0.5714285714285714,-6.824178947368421,low,0.5556,2,0.8181818181818182,True,NOERROR,2,300,0,2,False,False,2,13335,US,False,NAMECHEAP INC,2,365,True,0,False,False,,benign,no_adverse_signal
metatrader-zh4.com,2026-07-09,18,3.2359263506290334,0.05555555555555555,1,0.5,-7.427072000000001,low,0.4762,2,0.7142857142857143,True,NOERROR,2,300,0,2,False,False,2,13335,US,False,Realtime Register B.V.,2,365,False,0,False,False,,benign,no_adverse_signal
0oaiyk.com,2026-07-09,10,2.584962500721156,0.1,0,1.5,-10.181644444444444,low,0.5,2,1.0,False,NOERROR,0,,0,2,False,False,0,,,,"Spaceship, Inc.",2,365,False,,,False,,benign,no_adverse_signal
2rounds.com,2026-07-09,11,2.807354922057604,0.09090909090909091,0,0.5,-7.433700000000001,low,0.6,3,1.0,True,NOERROR,2,10800,0,2,True,False,2,14618,US,True,DropCatch.com 973 LLC,2,365,False,0,False,False,,benign,no_adverse_signal
astromaniaspiele.com,2026-07-09,20,3.327819531114783,0.0,0,1.0,-6.334131034482758,low,0.5455,3,0.6875,True,NOERROR,1,900,0,3,False,False,0,206834,DE,False,Hosting Concepts B.V. d/b/a Registrar.eu,2,365,True,0,False,False,,benign,no_adverse_signal
3hzgezktus.com,2026-07-09,14,3.121928094887362,0.07142857142857142,0,0.2857142857142857,-9.903923529411765,low,0.4286,3,0.9,True,NOERROR,1,300,0,2,False,False,0,216206,SC,False,NAMECHEAP INC,2,365,True,0,False,False,,benign,no_adverse_signal
spiritspectrum.com,2026-07-09,18,3.09306920777189,0.0,0,0.4,-6.825044,low,0.5455,3,0.6428571428571429,True,NOERROR,1,60,5,2,True,False,0,13335,CA,True,NAMECHEAP INC,2,365,True,0,False,False,False,benign,no_adverse_signal
securecreditgrowth.net,2026-07-09,22,3.419381945646371,0.0,0,0.5,-6.9434,low,0.5143,3,0.6666666666666666,True,NOERROR,1,60,0,0,False,False,0,,,False,BigRock Solutions Ltd.,3,365,False,0,False,False,,benign,no_adverse_signal
gacor108v.com,2026-07-09,13,3.169925001442312,0.23076923076923078,0,0.5,-8.824306666666667,low,0.4444,1,1.0,True,NOERROR,2,300,0,2,False,False,2,13335,US,False,Dominet (HK) Limited,2,365,False,0,False,False,,benign,no_adverse_signal
addiscoders.com,2026-07-09,15,2.8453509366224368,0.0,0,0.5714285714285714,-6.536463157894737,low,0.6667,2,0.7272727272727273,True,NOERROR,1,1800,0,0,False,False,0,58182,US,True,Wix.com Ltd.,2197,2556,True,0,False,False,,benign,no_adverse_signal
betaniaseniors.com,2026-07-09,18,3.09306920777189,0.0,0,1.0,-6.403479999999999,low,0.4762,2,0.6428571428571429,True,NOERROR,1,1799,5,2,True,False,0,22612,US,False,NAMECHEAP INC,2,1826,True,0,False,False,False,benign,no_adverse_signal
droppei.com,2026-07-09,11,2.521640636343318,0.0,0,0.75,-7.237827272727273,low,0.6154,2,0.8571428571428571,True,NOERROR,1,50,2,2,True,False,0,47583,CY,False,"HOSTINGER operations, UAB",2,365,False,32,False,False,False,benign,no_adverse_signal
tiemoment.com,2026-07-09,13,2.5032583347756456,0.0,0,0.8,-6.478233333333334,low,0.6154,2,0.6666666666666666,True,NOERROR,2,3600,1,2,False,False,0,16509,US,True,"GoDaddy.com, LLC",2,365,True,23,False,False,False,benign,no_adverse_signal
gl-cp.org,2026-07-09,9,2.321928094887362,0.0,1,0.0,-9.086985714285714,low,0.4444,2,1.0,True,NOERROR,2,3600,0,2,False,False,0,16509,US,True,"GoDaddy.com, LLC",2,365,False,23,False,False,,benign,no_adverse_signal
shedworkst.com,2026-07-09,14,3.121928094887362,0.0,0,0.25,-7.150464705882353,low,0.5882,4,0.9,True,NOERROR,2,300,0,2,False,False,2,13335,US,False,UnstoppableUS2 LLC,3,365,False,0,False,False,,benign,no_adverse_signal
lineworx.shop,2026-07-09,13,3.0,0.0,0,0.6,-6.486546153846154,low,0.6667,2,1.0,True,NOERROR,1,300,0,2,False,False,0,199242,GE,False,,,,False,0,False,False,,benign,no_adverse_signal
gweryxalvon.ltd,2026-07-09,15,3.459431618637298,0.0,0,0.375,-8.391531578947369,low,0.4444,3,1.0,True,NOERROR,1,5,0,2,False,False,0,51852,CH,True,,,,,0,False,False,,benign,no_adverse_signal
ryansrinds.com,2026-07-09,14,2.721928094887362,0.0,0,0.25,-6.952988235294118,low,0.5882,3,0.7,True,NOERROR,2,3600,0,2,False,False,0,16509,US,True,"GoDaddy.com, LLC",2,1096,True,23,False,False,,benign,no_adverse_signal
legacydynastysteward.com,2026-07-09,24,3.446439344671015,0.0,0,0.3333333333333333,-7.232602702702702,low,0.4444,5,0.6,True,NOERROR,1,300,0,2,False,False,0,206834,DE,False,DYNADOT LLC,2,365,True,11,False,False,,benign,no_adverse_signal
z10connect.com.br,2026-07-09,17,2.9219280948873623,0.11764705882352941,0,0.3333333333333333,-8.143870588235293,low,0.6364,2,0.8,True,NOERROR,1,50,0,2,False,False,0,47583,CY,False,,4,365,False,32,False,False,,benign,no_adverse_signal
bvv14frmkrd6.zip,2026-07-09,16,3.2516291673878226,0.1875,0,0.0,-10.781747619047618,low,0.3529,6,0.8333333333333334,True,NOERROR,1,86400,0,2,False,False,0,16509,US,True,,,,,1,False,False,,benign,no_adverse_signal
handofftool.xyz,2026-07-09,15,2.8453509366224368,0.0,0,0.5714285714285714,-7.047857894736842,high,0.4706,3,0.7272727272727273,True,NOERROR,2,3600,1,2,True,False,0,16509,US,True,"GMO Internet, Inc.",2,365,True,28,False,False,,benign,no_adverse_signal
studioyin.website,2026-07-09,17,2.94770277922009,0.0,0,0.8,-7.51912,low,0.5714,2,0.8888888888888888,True,NOERROR,1,1800,5,2,True,False,0,22612,US,False,NAMECHEAP INC,2,365,True,0,False,False,False,benign,no_adverse_signal
brainax.xyz,2026-07-09,11,2.5216406363433186,0.0,0,0.75,-6.711745454545454,high,0.5882,2,0.8571428571428571,True,NOERROR,2,3600,1,2,True,False,0,16509,US,True,"GMO Internet, Inc.",2,365,True,28,False,False,,benign,no_adverse_signal
logincrocospins.com,2026-07-09,19,3.056564762130954,0.0,0,0.5,-6.623192592592592,low,0.4667,3,0.6,True,NOERROR,1,1800,0,2,False,False,0,20473,AU,True,"Spaceship, Inc.",2,365,False,0,False,False,,benign,no_adverse_signal
joedelfgauwbusiness.com,2026-07-09,23,3.642149881636904,0.0,0,0.7272727272727273,-7.7205571428571425,low,0.4706,3,0.7368421052631579,True,NOERROR,1,14400,1,2,True,False,0,29802,US,True,NAMECHEAP INC,2,365,True,0,False,False,False,benign,no_adverse_signal
oe50a-m.garden,2026-07-09,14,2.807354922057604,0.14285714285714285,1,3.0,-11.302709090909092,low,0.5,1,1.0,False,NOERROR,0,,0,2,False,False,0,,,,"Spaceship, Inc.",2,365,True,,,False,,benign,no_adverse_signal
icebladecustoms.com,2026-07-09,19,3.5068905956085183,0.0,0,0.6666666666666666,-6.701133333333333,low,0.5,2,0.8,True,NOERROR,1,14400,1,3,False,False,0,13335,CA,True,Dreamscape Networks International Pte Ltd,2,365,False,0,False,False,False,benign,no_adverse_signal
coachingkey.xyz,2026-07-09,15,3.2776134368191165,0.0,0,0.5714285714285714,-7.133242105263157,high,0.5556,3,0.9090909090909091,True,NOERROR,2,3600,1,2,True,False,0,16509,US,True,"GMO Internet, Inc.",2,365,True,28,False,False,,benign,no_adverse_signal
socialsbyladie.info,2026-07-09,19,3.2359263506290334,0.0,0,0.75,-7.34812,medium,0.5,5,0.7142857142857143,True,NOERROR,1,300,0,4,False,False,0,13335,US,False,,,,,0,False,False,,benign,no_adverse_signal
x0uwk9fc.cfd,2026-07-09,12,3.0,0.16666666666666666,0,0.2,-12.294538461538462,low,0.3333,2,1.0,False,NOERROR,0,,0,2,False,False,0,,,,"GMO Internet, Inc.",2,365,True,,,False,,benign,no_adverse_signal
huitaoidc.com,2026-07-09,13,2.94770277922009,0.0,0,1.25,-7.675493333333334,low,0.5333,2,0.8888888888888888,False,NOERROR,0,,0,2,False,False,0,,,,July Name Limited,528,1095,True,,,False,,benign,no_adverse_signal
alchemyatlas.app,2026-07-09,16,3.0220552088742,0.0,0,0.5,-7.098914285714286,low,0.5263,3,0.75,True,NOERROR,2,300,3,2,True,False,2,13335,US,False,,,,False,0,False,False,False,benign,no_adverse_signal
d3ftq7rl.top,2026-07-09,12,3.0,0.16666666666666666,0,0.0,-12.056346153846155,high,0.4286,3,1.0,True,NOERROR,3,60,0,2,False,True,0,138995,US,False,Dominet (HK) Limited,2,365,True,0,True,True,,malicious,spamhaus_zen
shawntib.com,2026-07-09,12,3.0,0.0,0,0.3333333333333333,-7.542753846153845,low,0.5714,3,1.0,True,NOERROR,1,1799,5,2,True,False,0,22612,US,False,NAMECHEAP INC,3,365,True,0,False,False,False,benign,no_adverse_signal
callertable.xyz,2026-07-09,15,2.663532754804255,0.0,0,0.5714285714285714,-6.223757894736842,high,0.48,2,0.6363636363636364,True,NOERROR,2,3600,1,2,True,False,0,16509,US,True,"GMO Internet, Inc.",2,365,True,28,False,False,,benign,no_adverse_signal
tjht01.com,2026-07-09,10,2.2516291673878226,0.2,0,0.0,-11.372322222222222,low,0.4,4,0.8333333333333334,True,NOERROR,2,300,0,2,False,False,2,13335,US,False,Dominet (HK) Limited,2,365,False,0,False,False,,benign,no_adverse_signal
choicedream.xyz,2026-07-09,15,3.0957952550009344,0.0,0,0.8333333333333334,-6.725031578947369,high,0.5833,2,0.8181818181818182,True,NOERROR,2,3600,1,2,True,False,0,16509,US,True,"GMO Internet, Inc.",2,365,True,28,False,False,,benign,no_adverse_signal
democraticwomenofsouthsuburbs.org,2026-07-09,33,3.8404025467025056,0.0,0,0.6111111111111112,-7.365105454545454,low,0.4545,3,0.5517241379310345,True,NOERROR,2,52,0,4,False,False,0,16509,US,True,Porkbun LLC,380,730,False,0,False,False,,benign,no_adverse_signal
ownleadocore.surf,2026-07-09,17,3.0220552088742,0.0,0,1.0,-6.745928571428571,low,0.5,3,0.75,False,NOERROR,0,,0,2,False,False,0,,,,DYNADOT LLC,2,365,True,,,False,,benign,no_adverse_signal
rctuner.com,2026-07-09,11,2.5216406363433186,0.0,0,0.4,-6.954709090909091,low,0.6154,3,0.8571428571428571,True,NOERROR,1,300,2,2,True,False,0,47583,US,True,"HOSTINGER operations, UAB",2,1096,False,0,False,False,False,benign,no_adverse_signal
tegbyt.top,2026-07-09,10,2.2516291673878226,0.0,0,0.2,-8.271977777777778,high,0.6,4,0.8333333333333334,False,NOERROR,0,,0,2,False,False,0,,,,GLOBAL ASSET DOMAINS INC.,2,365,True,,,True,,malicious,spamhaus_dbl
nazvelqorn.org,2026-07-09,14,3.121928094887362,0.0,0,0.42857142857142855,-8.890105882352941,low,0.6667,2,0.9,True,NOERROR,2,300,0,2,False,False,2,13335,US,False,DYNADOT LLC,2,365,True,0,False,False,,benign,no_adverse_signal
lksoajzs.com,2026-07-09,12,2.75,0.0,0,0.3333333333333333,-9.502684615384615,low,0.4286,3,0.875,True,NOERROR,2,300,0,2,False,False,2,13335,US,False,"Spaceship, Inc.",2,365,False,0,False,False,,benign,no_adverse_signal
alnasystems.com,2026-07-09,15,2.845350936622437,0.0,0,0.375,-6.999831578947369,low,0.6923,4,0.7272727272727273,True,NOERROR,1,3600,2,2,True,False,0,16509,US,False,"GoDaddy.com, LLC",2,1096,False,0,False,False,False,benign,no_adverse_signal
classicgram.xyz,2026-07-09,15,2.9139770731827523,0.0,0,0.375,-6.8503105263157895,high,0.6,3,0.7272727272727273,True,NOERROR,2,3600,1,2,True,False,0,16509,US,True,"GMO Internet, Inc.",2,365,True,28,False,False,,benign,no_adverse_signal
nastyconditions.com,2026-07-09,19,3.056564762130954,0.0,0,0.5,-6.370748148148148,low,0.5625,4,0.6,True,NOERROR,8,600,0,2,False,False,0,7979,US,False,Gandi SAS,2,365,True,0,False,False,,benign,no_adverse_signal
hjtyofuy.news,2026-07-09,13,2.75,0.0,0,0.3333333333333333,-9.799776923076923,low,0.4615,4,0.875,True,NOERROR,1,300,0,3,True,False,0,14618,US,True,,,,,0,False,False,,benign,no_adverse_signal
betterguideworld.shop,2026-07-09,21,3.327819531114783,0.0,0,0.6,-6.784227586206897,low,0.4444,3,0.6875,True,NOERROR,1,1800,0,2,False,False,1,47583,BR,False,,,,False,0,False,False,,benign,no_adverse_signal
milanowear.store,2026-07-09,16,3.121928094887362,0.0,0,1.0,-6.480123529411764,low,0.5,1,0.9,True,NOERROR,1,86400,0,2,False,False,0,16509,US,True,,,,False,1,False,False,,benign,no_adverse_signal
90fn-nm.garden,2026-07-09,14,2.521640636343318,0.14285714285714285,1,0.0,-10.805318181818182,low,0.4615,2,0.8571428571428571,False,NOERROR,0,,0,2,False,False,0,,,,"Spaceship, Inc.",2,365,True,,,False,,benign,no_adverse_signal
coadone.com,2026-07-09,11,2.5216406363433186,0.0,0,1.3333333333333333,-6.510872727272727,low,0.6667,1,0.8571428571428571,True,NOERROR,2,1800,0,2,False,False,0,16509,US,False,"Spaceship, Inc.",2,365,False,0,False,False,,benign,no_adverse_signal
bluerosevideo.com,2026-07-09,17,3.180832987205441,0.0,0,1.1666666666666667,-6.723704347826087,low,0.6087,2,0.7692307692307693,True,NOERROR,1,86400,1,4,False,False,1,13335,CA,True,"TUCOWS.COM, CO.",2,365,True,0,False,False,False,benign,no_adverse_signal
pumacareerplatform.com,2026-07-09,22,3.30827083453526,0.0,0,0.6363636363636364,-6.693463636363636,low,0.5161,3,0.6111111111111112,True,NOERROR,2,300,1,2,True,False,2,13335,US,False,UnstoppableUS3 LLC,2,365,False,0,False,False,False,benign,no_adverse_signal
sculpt360.co.uk,2026-07-09,15,3.169925001442312,0.2,0,0.2,-8.715480000000001,low,0.5,3,1.0,True,NOERROR,2,3600,0,2,False,False,0,16509,US,True,"GoDaddy.com, LLC. [Tag = GODADDY]",4,1096,False,23,False,False,,benign,no_adverse_signal
redrumclub.ru,2026-07-09,13,2.9219280948873623,0.0,0,0.42857142857142855,-7.3417176470588235,low,0.5556,3,0.8,True,NOERROR,2,300,0,2,False,False,0,13335,US,False,REGRU-RU,2,365,False,0,False,False,,benign,no_adverse_signal
kwr1kca.cn,2026-07-09,10,2.5216406363433186,0.1,0,0.2,-11.223354545454546,low,0.5455,3,0.8571428571428571,True,NOERROR,1,1,0,2,False,False,0,54801,HK,False,厦门易名科技股份有限公司,65,365,False,0,False,False,,benign,no_adverse_signal
xn--bebepremiaes-tdb0r.com,2026-07-09,26,3.572623663895162,0.038461538461538464,3,0.5,-8.500139024390243,low,0.4,3,0.6363636363636364,True,NOERROR,2,3600,0,2,False,False,0,16509,US,True,"GoDaddy.com, LLC",3,365,True,23,False,False,,benign,no_adverse_signal
appnovo88.site,2026-07-09,14,2.503258334775646,0.14285714285714285,0,0.75,-8.399733333333334,medium,0.5882,3,0.6666666666666666,True,NOERROR,2,300,0,2,False,False,2,13335,US,False,NAMECHEAP INC,2,365,False,0,False,False,,benign,no_adverse_signal
jili-evo-star.shop,2026-07-09,18,3.3927474104487847,0.0,2,0.8333333333333334,-7.690230434782609,low,0.5217,2,0.8461538461538461,True,NOERROR,1,60,0,2,False,False,0,139341,SG,False,,,,False,0,True,False,,malicious,spamhaus_zen
gfzvs.com,2026-07-09,9,2.321928094887362,0.0,0,0.0,-11.137314285714286,low,0.4444,5,1.0,True,NOERROR,2,300,0,2,False,False,2,13335,US,False,NAMECHEAP INC,2,365,True,0,False,False,,benign,no_adverse_signal
franorchoice.shop,2026-07-09,17,3.084962500721156,0.0,0,0.7142857142857143,-6.640728571428571,low,0.6316,3,0.75,True,NOERROR,1,86400,3,2,True,False,0,15169,US,True,,,,False,0,True,False,False,malicious,spamhaus_zen
77yrww-fifa.icu,2026-07-09,15,2.9139770731827523,0.13333333333333333,1,0.3333333333333333,-10.12071052631579,low,0.3529,4,0.7272727272727273,True,NOERROR,1,900,0,2,False,False,0,134548,HK,False,"Chengdu west dimension digital technology Co., LTD",2,365,True,0,False,False,,benign,no_adverse_signal
wtz4hy.vip,2026-07-09,10,2.584962500721156,0.1,0,0.0,-11.520511111111112,low,0.5,3,1.0,True,NOERROR,1,3600,0,2,False,False,0,400619,SC,False,"GoDaddy.com, LLC",2,365,True,0,False,False,,benign,no_adverse_signal
assistshift.xyz,2026-07-09,15,2.3685225277282065,0.0,0,0.375,-6.808321052631579,high,0.4706,4,0.5454545454545454,True,NOERROR,2,3600,1,2,True,False,0,16509,US,True,"GMO Internet, Inc.",2,365,True,28,False,False,,benign,no_adverse_signal
leqmo14.cc,2026-07-09,10,2.807354922057604,0.2,0,0.6666666666666666,-10.807381818181819,low,0.4286,2,1.0,False,NOERROR,0,,0,2,False,False,0,,,,"Spaceship, Inc.",3,365,False,,,False,,benign,no_adverse_signal
tylx242.top,2026-07-09,11,2.521640636343318,0.2727272727272727,0,0.0,-10.247281818181818,high,0.4286,4,0.8571428571428571,False,NOERROR,0,,0,2,False,False,0,,,,NameMart Pte. Ltd.,2,365,False,,,False,,benign,no_adverse_signal
primariassessoria.com,2026-07-09,21,2.7777768114567865,0.0,0,0.8888888888888888,-6.370593548387097,low,0.4667,2,0.47058823529411764,True,NOERROR,4,14400,1,4,True,False,0,53831,US,False,Squarespace Domains II LLC,2,365,True,22,False,False,False,benign,no_adverse_signal
greenbayindustrialcleaning.com,2026-07-09,30,3.6133373140453067,0.0,0,0.625,-6.671716326530612,low,0.4286,3,0.5384615384615384,True,NOERROR,1,1800,5,2,True,False,0,22612,US,False,NAMECHEAP INC,2,365,True,0,False,False,False,benign,no_adverse_signal
safeconagency.site,2026-07-09,18,3.085055102756477,0.0,0,0.625,-6.683047826086957,medium,0.5185,3,0.6923076923076923,True,NOERROR,1,600,0,4,False,False,0,327979,ZA,True,Diamatrix C.C.,2,365,False,0,False,False,,benign,no_adverse_signal
pantanalsaude.com,2026-07-09,17,2.9312089489103235,0.0,0,0.8571428571428571,-6.478873913043479,low,0.5455,2,0.6923076923076923,True,NOERROR,1,3600,0,2,False,False,0,47583,BR,True,"HOSTINGER operations, UAB",2,365,False,0,False,False,,benign,no_adverse_signal
heartandhoundpa.com,2026-07-09,19,3.1898980954642875,0.0,0,0.6666666666666666,-6.660814814814815,low,0.4762,3,0.6666666666666666,True,NOERROR,2,120,0,4,False,False,0,16509,DE,True,"GoDaddy.com, LLC",2,731,True,15,False,False,,benign,no_adverse_signal
marianvilless.world,2026-07-09,19,3.085055102756477,0.0,0,0.625,-6.403352173913043,low,0.5,2,0.6923076923076923,True,NOERROR,1,300,0,4,False,False,0,13335,DE,True,,,,,35,False,False,,benign,no_adverse_signal
neuralbox.asia,2026-07-09,14,3.169925001442312,0.0,0,0.8,-6.9660866666666665,low,0.5333,2,1.0,False,NOERROR,0,,0,2,False,False,0,,,,Alibaba Cloud Computing Ltd. d/b/a HiChina (www.net.cn),2,365,True,,,False,,benign,no_adverse_signal
avtotaxi.by,2026-07-09,11,2.5,0.0,0,1.0,-7.598884615384615,low,0.5,2,0.75,True,NOERROR,1,3600,0,2,False,False,0,198610,RU,False,"Reliable Software, Ltd",4,365,True,0,False,False,,benign,no_adverse_signal
frtune777.com,2026-07-09,13,2.6416041678685938,0.23076923076923078,0,0.5,-8.255133333333333,low,0.5333,3,0.7777777777777778,False,NOERROR,0,,1,2,False,False,0,,,,DYNADOT LLC,2,365,True,,,False,False,benign,no_adverse_signal
no1broker.com,2026-07-09,13,2.725480556997868,0.07692307692307693,0,0.6,-8.494293333333333,low,0.625,2,0.7777777777777778,True,NOERROR,1,1,0,2,False,False,0,134175,HK,False,TuringSign Inc. d/b/a Cosmotown,2,365,False,0,False,False,,benign,no_adverse_signal
fulshearec.com,2026-07-09,14,3.121928094887362,0.0,0,0.6666666666666666,-6.717958823529411,low,0.6,3,0.9,True,NOERROR,2,600,0,2,False,False,0,16509,US,True,"GoDaddy.com, LLC",2,365,True,37,False,False,,benign,no_adverse_signal
ardentesupply.com,2026-07-09,17,3.3927474104487847,0.0,0,0.4444444444444444,-6.534660869565218,low,0.5,4,0.8461538461538461,True,NOERROR,4,14400,1,4,True,False,0,53831,US,False,Squarespace Domains II LLC,2,365,True,22,False,False,False,benign,no_adverse_signal
wesleybarberinsuranceexpert.info,2026-07-09,32,3.587858798299509,0.0,0,0.5882352941176471,-6.824221568627451,medium,0.3784,2,0.5555555555555556,True,NOERROR,2,600,0,2,False,False,0,16509,US,True,,,,,37,False,False,,benign,no_adverse_signal
wukiwui.pro,2026-07-09,11,1.9502120649147465,0.0,0,1.3333333333333333,-9.698845454545456,low,0.5455,1,0.5714285714285714,True,NOERROR,2,300,0,2,False,False,2,13335,US,False,,,,,0,False,False,,benign,no_adverse_signal
global-liqued.shop,2026-07-09,18,3.334679141051595,0.0,1,0.7142857142857143,-7.441460869565218,low,0.5217,2,0.8461538461538461,True,NOERROR,1,300,0,2,False,False,0,211381,DE,True,,,,False,0,False,False,,benign,no_adverse_signal
start10xsecure.com,2026-07-09,18,3.2359263506290334,0.1111111111111111,0,0.5,-7.685764000000001,low,0.5926,2,0.7142857142857143,True,NOERROR,2,300,1,2,True,False,2,13335,US,False,PDR Ltd. d/b/a PublicDomainRegistry.com,2,365,True,0,False,False,False,benign,no_adverse_signal
fomofishing.shop,2026-07-09,16,2.9139770731827523,0.0,0,0.5714285714285714,-6.789136842105262,low,0.5556,2,0.7272727272727273,True,NOERROR,1,86400,0,2,False,False,0,16509,US,True,,,,False,1,False,False,,benign,no_adverse_signal
qtyadjsjbjbfsfsa.shop,2026-07-09,21,3.0306390622295662,0.0,0,0.14285714285714285,-10.207379310344828,low,0.4,11,0.5625,True,NOERROR,1,10,0,2,False,True,0,396982,HK,True,,,,False,0,False,False,,benign,no_adverse_signal
gmn4i0.vip,2026-07-09,10,2.584962500721156,0.2,0,0.3333333333333333,-11.46421111111111,low,0.5455,3,1.0,True,NOERROR,1,3600,0,2,False,False,0,400619,SC,False,"GoDaddy.com, LLC",2,365,True,0,False,False,,benign,no_adverse_signal
structuredserenity.com,2026-07-09,22,3.155221528859512,0.0,0,0.5,-6.512630303030303,low,0.4828,3,0.5555555555555556,True,NOERROR,2,3600,0,2,False,False,0,16509,US,True,"GoDaddy.com, LLC",2,365,True,23,False,False,,benign,no_adverse_signal
incustodian.xyz,2026-07-09,15,3.0957952550009344,0.0,0,0.8333333333333334,-6.444378947368421,high,0.6316,2,0.8181818181818182,True,NOERROR,2,3600,1,2,True,False,0,16509,US,True,"GMO Internet, Inc.",2,365,True,28,False,False,,benign,no_adverse_signal
bestfanguideinhindi.in,2026-07-09,22,3.366091329119192,0.0,0,0.7272727272727273,-6.879905714285714,low,0.4286,3,0.631578947368421,False,NOERROR,0,,0,2,False,False,0,,,,DYNADOT LLC,3,365,True,,,False,,benign,no_adverse_signal
aiaright.xyz,2026-07-09,12,2.5,0.0,0,1.0,-6.867523076923077,high,0.5714,3,0.75,True,NOERROR,2,3600,1,2,True,False,0,16509,US,True,"GMO Internet, Inc.",2,365,True,28,False,False,,benign,no_adverse_signal
5sxxftfuc.com,2026-07-09,13,2.725480556997868,0.07692307692307693,0,0.14285714285714285,-10.078399999999998,low,0.4706,6,0.7777777777777778,True,NOERROR,2,300,0,2,False,True,2,13335,US,False,Realtime Register B.V.,2,365,False,0,False,False,,benign,no_adverse_signal
secretlounge.fun,2026-07-09,16,3.188721875540867,0.0,0,0.7142857142857143,-6.6250904761904765,low,0.56,2,0.8333333333333334,True,NOERROR,1,3600,1,2,True,False,0,207027,RU,True,Registrar of Domain Names REG.RU LLC,2,365,False,0,False,False,False,benign,no_adverse_signal
rentinnorthdakota.com,2026-07-09,21,3.175123135113461,0.0,0,0.5454545454545454,-6.834622580645162,low,0.4444,4,0.5882352941176471,True,NOERROR,2,600,0,2,False,False,0,16509,US,True,"GoDaddy.com, LLC",2,3653,True,37,False,False,,benign,no_adverse_signal
nextaddigi.com,2026-07-09,14,2.9219280948873623,0.0,0,0.6666666666666666,-7.067929411764705,low,0.5714,2,0.8,False,NOERROR,0,,3,2,True,False,0,,,,"Amazon Registrar, Inc.",3,365,True,,,False,False,benign,no_adverse_signal
xtqzd.sbs,2026-07-09,9,2.321928094887362,0.0,0,0.0,-11.633828571428571,low,0.4,5,1.0,False,NOERROR,0,,0,2,False,False,0,,,,"NicNames, Inc",2,365,True,,,False,,benign,no_adverse_signal
buildwitharch.org,2026-07-09,17,3.3927474104487847,0.0,0,0.4444444444444444,-7.14264347826087,low,0.5263,3,0.8461538461538461,True,NOERROR,4,14400,0,4,True,False,0,53831,US,False,Squarespace Domains LLC,2,365,True,22,False,False,,benign,no_adverse_signal
keyprofiler.xyz,2026-07-09,15,3.0957952550009344,0.0,0,0.5714285714285714,-6.946505263157895,high,0.6087,3,0.8181818181818182,True,NOERROR,2,3600,1,2,True,False,0,16509,US,True,"GMO Internet, Inc.",2,365,True,28,False,False,,benign,no_adverse_signal
afelps292.vip,2026-07-09,13,2.9477027792200903,0.23076923076923078,0,0.5,-9.37376,low,0.4706,3,0.8888888888888888,True,NOERROR,1,60,0,2,False,True,0,38186,HK,True,DYNADOT LLC,2,365,True,0,True,True,,malicious,spamhaus_zen
mentoriaparto.com,2026-07-09,17,3.085055102756477,0.0,0,0.8571428571428571,-6.185178260869565,low,0.5217,2,0.6923076923076923,True,NOERROR,2,1800,0,2,False,False,0,16509,US,False,"Name.com, Inc.",2,365,True,0,False,False,,benign,no_adverse_signal
fgaflx.surf,2026-07-09,11,2.2516291673878226,0.0,0,0.2,-8.945755555555555,low,0.5455,3,0.8333333333333334,True,NOERROR,1,30,0,2,False,False,0,138415,HK,False,DYNADOT LLC,2,365,True,0,False,False,,benign,no_adverse_signal
adapturemail.com,2026-07-09,16,3.188721875540867,0.0,0,1.0,-6.681533333333332,low,0.5556,2,0.8333333333333334,True,NOERROR,2,300,1,2,True,False,2,13335,US,False,DYNADOT LLC,2,365,True,0,False,False,False,benign,no_adverse_signal
mo-net-ka2.shop,2026-07-09,15,3.121928094887362,0.06666666666666667,2,0.75,-8.440811764705883,low,0.5263,1,0.9,True,NOERROR,1,300,0,2,False,False,0,206834,DE,False,,,,False,11,False,False,,benign,no_adverse_signal
ainquit.xyz,2026-07-09,11,2.5216406363433186,0.0,0,1.3333333333333333,-7.451363636363637,high,0.7692,2,0.8571428571428571,True,NOERROR,2,3600,1,2,True,False,0,16509,US,True,"GMO Internet, Inc.",2,365,True,28,False,False,,benign,no_adverse_signal
professionalspinach.com,2026-07-09,23,3.471354487013929,0.0,0,0.5833333333333334,-6.555631428571429,low,0.4706,3,0.631578947368421,True,NOERROR,2,300,0,2,False,False,0,13335,US,False,"Sav.com, LLC",2,365,False,0,False,False,,benign,no_adverse_signal
psychologbednarska-kielce.pl,2026-07-09,28,3.973660689688185,0.0,1,0.5,-7.565587234042553,low,0.439,5,0.68,True,NOERROR,1,3600,1,3,True,False,0,35174,PL,True,Digital Media Technology Sp. z o.o.,6,365,False,0,False,False,False,benign,no_adverse_signal
neurobriz.com.np,2026-07-09,16,2.94770277922009,0.0,0,0.8,-7.121473333333333,low,0.5333,2,0.8888888888888888,True,NOERROR,2,120,0,4,False,False,0,16509,DE,True,,,,,15,False,False,,benign,no_adverse_signal
cloutclinic.xyz,2026-07-09,15,2.663532754804255,0.0,0,0.5714285714285714,-6.333942105263158,high,0.5556,3,0.6363636363636364,True,NOERROR,2,3600,1,2,True,False,0,16509,US,True,"GMO Internet, Inc.",2,365,True,28,False,False,,benign,no_adverse_signal
braintan.xyz,2026-07-09,12,2.5,0.0,0,0.6,-5.987807692307692,high,0.6154,2,0.75,True,NOERROR,2,3600,1,2,True,False,0,16509,US,True,"GMO Internet, Inc.",2,365,True,28,False,False,,benign,no_adverse_signal
tavai.site,2026-07-09,10,1.9219280948873623,0.0,0,1.5,-7.333271428571429,medium,0.6,1,0.8,True,NOERROR,1,1800,5,2,True,False,0,22612,US,False,NAMECHEAP INC,2,365,True,0,False,False,False,benign,no_adverse_signal
bettingsports.app,2026-07-09,17,3.180832987205441,0.0,0,0.3,-6.263826086956522,low,0.5714,4,0.7692307692307693,True,NOERROR,2,1200,0,2,False,False,0,16509,US,True,,,,False,0,False,False,,benign,no_adverse_signal
bah-jah.com,2026-07-09,11,2.2359263506290326,0.0,1,0.5,-9.246581818181818,low,0.4286,1,0.7142857142857143,True,NOERROR,2,300,0,2,False,False,2,13335,US,False,"Name.com, Inc.",2,365,False,0,False,False,,benign,no_adverse_signal
billybobstucker.com,2026-07-09,19,3.4565647621309536,0.0,0,0.36363636363636365,-7.140755555555556,low,0.4762,4,0.8,True,NOERROR,2,3600,0,2,False,False,0,16509,US,True,"GoDaddy.com, LLC",2,365,True,23,False,False,,benign,no_adverse_signal
mensvitalpathpro.com,2026-07-09,20,3.625,0.0,0,0.45454545454545453,-6.919379310344828,low,0.4615,4,0.8125,True,NOERROR,2,300,0,2,False,False,2,13335,US,False,"NameSilo, LLC",2,365,True,0,False,False,,benign,no_adverse_signal
registrargestor.com.ar,2026-07-09,22,2.840223928941852,0.0,0,0.5,-6.246781481481481,low,0.6875,3,0.5333333333333333,True,NOERROR,1,14400,2,2,True,False,1,27823,AR,True,nicar,4698,5059,False,0,False,False,False,benign,no_adverse_signal
imnanfang.work,2026-07-09,14,2.4193819456463714,0.0,0,0.5,-7.3067400000000005,low,0.5,2,0.6666666666666666,True,NOERROR,1,1,0,2,False,False,0,59371,HK,False,"Hefei Juming Network Technology Co., Ltd.",2,365,True,0,False,False,,benign,no_adverse_signal
zaidwood-wealthgroup.com,2026-07-09,24,3.7841837197791888,0.0,1,0.7272727272727273,-7.663535135135135,low,0.4444,5,0.75,True,NOERROR,2,300,1,2,True,False,2,13335,US,False,"Cloudflare, Inc.",2,365,True,0,False,False,False,benign,no_adverse_signal
xsiqs66l.cfd,2026-07-09,12,2.5,0.16666666666666666,0,0.2,-10.575807692307693,low,0.4615,2,0.75,False,NOERROR,0,,0,2,False,False,0,,,,"GMO Internet, Inc.",2,365,True,,,False,,benign,no_adverse_signal
motioncuemetrics.com,2026-07-09,20,3.25,0.0,0,0.7777777777777778,-6.6059586206896554,low,0.5517,2,0.625,True,NOERROR,2,300,5,2,True,False,2,13335,US,False,DYNADOT LLC,2,365,True,0,False,False,False,benign,no_adverse_signal
4srkt.top,2026-07-09,9,2.321928094887362,0.1111111111111111,0,0.0,-9.449357142857142,high,0.4615,4,1.0,True,NOERROR,8,60,0,2,False,True,0,8075,JP,False,"Spaceship, Inc.",2,365,True,0,True,True,,malicious,spamhaus_zen
tmqoncartx.com,2026-07-09,14,3.121928094887362,0.0,0,0.25,-8.413317647058824,low,0.4762,3,0.9,False,NOERROR,0,,0,2,False,False,0,,,,"Ultahost, Inc.",2,365,False,,,True,,malicious,spamhaus_dbl
gpobl7.top,2026-07-09,10,2.584962500721156,0.1,0,0.25,-9.106422222222223,high,0.5455,2,1.0,False,NOERROR,0,,0,2,False,False,0,,,,Chengdu west dimension digital,2,365,True,,,False,,benign,no_adverse_signal
xn--tmp-kra.net,2026-07-09,15,3.027169118440619,0.0,3,0.14285714285714285,-9.016926315789473,low,0.4444,3,0.8181818181818182,True,NOERROR,2,600,0,2,False,False,0,16509,US,True,"GoDaddy.com, LLC",3,365,True,37,False,False,,benign,no_adverse_signal
legis.live,2026-07-09,10,2.321928094887362,0.0,0,0.6666666666666666,-6.726071428571428,low,0.6667,1,1.0,True,NOERROR,1,2388,1,2,True,False,0,133618,AU,True,,,,False,0,False,False,False,benign,no_adverse_signal
doublevoxel.xyz,2026-07-09,15,2.9139770731827523,0.0,0,0.8333333333333334,-7.483257894736841,high,0.6957,2,0.7272727272727273,True,NOERROR,2,3600,1,2,True,False,0,16509,US,True,"GMO Internet, Inc.",2,365,True,28,False,False,,benign,no_adverse_signal
pohutukawarental.co.nz,2026-07-09,22,3.452819531114783,0.0,0,0.7777777777777778,-7.092751724137931,low,0.4615,2,0.75,True,NOERROR,4,14400,1,4,True,False,0,53831,US,False,Key-Systems GmbH,2,,False,22,False,False,False,benign,no_adverse_signal
n08i3vi.shop,2026-07-09,12,2.521640636343318,0.25,0,1.0,-12.127663636363637,low,0.6,1,0.8571428571428571,False,NXDOMAIN,0,,0,0,False,False,0,,,,,,,False,,,False,,benign,no_adverse_signal
felinephotographer.co.uk,2026-07-09,24,3.4613201402110083,0.0,0,0.6363636363636364,-6.660821212121212,low,0.4615,2,0.6666666666666666,True,NOERROR,2,3600,0,2,False,False,0,16509,US,True,"GoDaddy.com, LLC. [Tag = GODADDY]",4,365,False,23,False,False,,benign,no_adverse_signal
masquito.com.mx,2026-07-09,15,3.0,0.0,0,1.0,-7.2404153846153845,low,0.5455,2,1.0,True,NOERROR,1,14400,1,2,True,False,0,31898,BR,True,PDR Ltd. d/b/a PublicDomainRegistry.com,4,365,False,0,False,False,False,benign,no_adverse_signal
j119n.vip,2026-07-09,9,1.9219280948873623,0.3333333333333333,0,0.0,-11.78047142857143,low,0.3333,1,0.8,True,NOERROR,1,60,0,4,False,True,0,210334,BD,False,NameMart Pte. Ltd.,2,365,True,0,False,True,,malicious,spamhaus_dbl
tripscan-habit.lifestyle,2026-07-09,24,3.378783493486176,0.0,1,0.4444444444444444,-7.1197040000000005,low,0.5,3,0.7857142857142857,True,NOERROR,1,1800,5,2,True,False,0,22612,US,False,NAMECHEAP INC,2,365,True,0,False,False,False,benign,no_adverse_signal
superliga168qrs.site,2026-07-09,20,3.640223928941851,0.15,0,0.5,-8.519585185185186,medium,0.5217,3,0.8666666666666667,True,NOERROR,2,300,0,2,False,False,2,13335,US,False,"Spaceship, Inc.",3,365,False,0,False,False,,benign,no_adverse_signal
strifecopilot.xyz,2026-07-09,17,3.238901256602631,0.0,0,0.625,-6.773069565217391,high,0.6087,3,0.7692307692307693,True,NOERROR,2,3600,1,2,True,False,0,16509,US,True,"GMO Internet, Inc.",2,365,True,28,False,False,,benign,no_adverse_signal
celtavaultx.com,2026-07-09,15,2.913977073182752,0.0,0,0.5714285714285714,-7.607363157894736,low,0.5,3,0.7272727272727273,True,NOERROR,1,14400,3,2,True,False,0,22612,US,True,NAMECHEAP INC,2,365,True,0,False,False,False,benign,no_adverse_signal
iqos-one.com,2026-07-09,12,2.75,0.0,1,1.3333333333333333,-8.138953846153846,low,0.5455,1,0.875,True,NOERROR,1,7207,0,3,False,False,0,57724,RU,False,"NameSilo, LLC",2,365,True,0,False,False,,benign,no_adverse_signal
hitonoki.com,2026-07-09,12,2.5,0.0,0,1.0,-6.802123076923077,low,0.5714,1,0.75,True,NOERROR,4,14400,1,4,True,False,0,53831,US,False,Squarespace Domains II LLC,2,365,True,22,False,False,False,benign,no_adverse_signal
75wi7nevo.club,2026-07-09,14,2.94770277922009,0.21428571428571427,0,1.0,-10.353753333333334,low,0.5,1,0.8888888888888888,True,NOERROR,2,60,0,6,False,False,0,54994,DE,False,"GoDaddy.com, LLC",2,1096,True,0,False,False,,benign,no_adverse_signal
liderprojeler.com,2026-07-09,17,2.8150724101159437,0.0,0,0.625,-6.752582608695652,low,0.5217,3,0.6153846153846154,True,NOERROR,2,60,2,2,True,False,2,47583,CY,False,"NameSilo, LLC",2,365,True,0,False,False,False,benign,no_adverse_signal
recipemeat.xyz,2026-07-09,14,2.8464393446710154,0.0,0,1.0,-6.929117647058824,high,0.5,1,0.8,True,NOERROR,2,3600,1,2,True,False,0,16509,US,True,"GMO Internet, Inc.",2,365,True,28,False,False,,benign,no_adverse_signal
glp1proteinrescue.com,2026-07-09,21,3.572469458770136,0.047619047619047616,0,0.6,-7.894025806451613,low,0.4828,3,0.7647058823529411,True,NOERROR,1,86400,0,4,False,False,1,13335,DE,True,"TUCOWS.COM, CO.",2,365,True,35,False,False,,benign,no_adverse_signal
pzmnln193.vip,2026-07-09,13,2.94770277922009,0.23076923076923078,0,0.0,-11.364206666666666,low,0.4,6,0.8888888888888888,True,NOERROR,13,10,0,2,False,True,0,64013,HK,False,DYNADOT LLC,2,365,True,0,False,True,,malicious,spamhaus_dbl
theenableydomain.cc,2026-07-09,19,3.452819531114783,0.0,0,0.7777777777777778,-6.798431034482758,low,0.5517,2,0.75,False,NOERROR,0,,0,2,False,False,0,,,,"Cloudflare, Inc.",3,365,True,,,False,,benign,no_adverse_signal
1wincasinoplays.ru,2026-07-09,18,3.373557262275185,0.05555555555555555,0,0.5555555555555556,-6.7723962962962965,low,0.5217,2,0.7333333333333333,True,NOERROR,1,300,0,2,False,False,1,59729,BG,True,REGRU-RU,3,365,False,0,False,False,,benign,no_adverse_signal
vgd647.com,2026-07-09,10,2.584962500721156,0.3,0,0.0,-11.467833333333333,low,0.4,3,1.0,True,NOERROR,2,300,0,2,False,False,2,13335,US,False,"Cloudflare, Inc.",2,365,True,0,False,False,,benign,no_adverse_signal
shopswellness.online,2026-07-09,20,2.7773627950641697,0.0,0,0.3,-7.023265217391304,medium,0.4615,3,0.6153846153846154,True,NOERROR,1,600,0,2,False,False,0,45903,VN,True,"GoDaddy.com, LLC",3,365,False,0,False,False,,benign,no_adverse_signal
almabela.cl,2026-07-09,11,2.1556390622295662,0.0,0,1.0,-6.875161538461539,low,0.6667,2,0.625,True,NOERROR,2,300,0,2,False,False,0,16509,US,False,NIC Chile,3,365,False,0,False,False,,benign,no_adverse_signal
radiomys.net,2026-07-09,12,3.0,0.0,0,0.6,-6.89773076923077,low,0.5714,3,1.0,True,NOERROR,2,300,0,2,False,False,2,13335,US,False,"NameSilo, LLC",2,365,True,0,False,False,,benign,no_adverse_signal
rakudai.space,2026-07-09,13,2.5216406363433186,0.0,0,1.3333333333333333,-7.257927272727272,low,0.6154,1,0.8571428571428571,True,NOERROR,1,86400,0,2,False,False,0,16509,US,True,"TUCOWS.COM, CO.",371,730,True,1,False,False,,benign,no_adverse_signal
nagel-hontechnik.de,2026-07-09,19,3.452819531114783,0.0,1,0.5,-6.991475862068966,low,0.4667,3,0.75,True,NOERROR,1,300,0,2,False,False,0,24940,DE,True,,,,False,0,False,False,,benign,no_adverse_signal
nouvly.com,2026-07-09,10,2.584962500721156,0.0,0,0.5,-9.19217777777778,low,0.5,3,1.0,True,NOERROR,1,86400,0,4,False,False,1,13335,CA,True,"TUCOWS.COM, CO.",2,365,True,0,False,False,,benign,no_adverse_signal
utdyx.top,2026-07-09,9,2.321928094887362,0.0,0,0.25,-9.337457142857144,high,0.6154,4,1.0,False,NOERROR,0,,0,2,False,False,0,,,,NameMart Pte. Ltd.,2,365,False,,,False,,benign,no_adverse_signal
acucfo.com,2026-07-09,10,2.2516291673878226,0.0,0,1.0,-8.432311111111112,low,0.5455,2,0.8333333333333334,True,NOERROR,1,60,0,2,False,False,0,400940,US,False,"Cloudflare, Inc.",2,365,True,0,False,False,,benign,no_adverse_signal
hollywoodburbankconventioncenter.com,2026-07-09,36,3.8133072359050906,0.0,0,0.5238095238095238,-6.758544262295082,low,0.4082,4,0.53125,True,NOERROR,1,1799,2,2,True,False,0,47583,US,True,NAMECHEAP INC,2,365,True,0,False,False,False,benign,no_adverse_signal
cvivo.work,2026-07-09,10,1.9219280948873623,0.0,0,0.6666666666666666,-7.934399999999999,low,0.6,2,0.8,True,NOERROR,1,3600,1,4,True,False,0,31034,IT,True,"TUCOWS.COM, CO.",2,365,True,0,False,False,False,benign,no_adverse_signal
nomadstand.xyz,2026-07-09,14,2.721928094887362,0.0,0,0.42857142857142855,-6.256952941176471,high,0.5882,3,0.7,True,NOERROR,2,3600,1,2,True,False,0,16509,US,True,"GMO Internet, Inc.",3,365,True,28,False,False,,benign,no_adverse_signal
amudhamhospitals.in,2026-07-09,19,3.327819531114783,0.0,0,0.6,-7.2181,low,0.48,2,0.6875,True,NOERROR,1,3600,1,2,True,False,0,17439,IN,True,HIOX SOFTWARES PRIVATE LIMITED,3,365,False,0,False,False,False,benign,no_adverse_signal
voicelabsx.com,2026-07-09,14,3.321928094887362,0.0,0,0.6666666666666666,-7.372788235294117,low,0.5882,3,1.0,False,NOERROR,0,,3,2,True,False,0,,,,TuringSign Inc. d/b/a Cosmotown,2,365,False,,,False,False,benign,no_adverse_signal
cuci100freekredit.com,2026-07-09,21,3.337175341123077,0.14285714285714285,0,0.75,-8.305922580645163,low,0.4667,2,0.6470588235294118,True,NOERROR,2,1800,0,2,False,False,0,16509,US,False,NAMECHEAP INC,2,365,True,0,False,False,,benign,no_adverse_signal
51blwx6.cc,2026-07-09,10,2.807354922057604,0.3,0,0.0,-11.367336363636364,low,0.4615,4,1.0,True,NOERROR,1,1,0,2,False,True,0,40065,US,False,,,,False,0,False,False,,benign,no_adverse_signal
boston505x.xyz,2026-07-09,14,2.9219280948873623,0.21428571428571427,0,0.4,-8.90759411764706,high,0.4706,2,0.8,True,NOERROR,2,300,5,2,True,False,2,13335,US,False,NAMECHEAP INC,2,365,True,0,False,False,False,benign,no_adverse_signal
be-mart.com,2026-07-09,11,2.807354922057604,0.0,1,0.5,-6.904672727272728,low,0.5714,2,1.0,True,NOERROR,1,86400,0,2,False,False,0,16509,US,True,"TUCOWS.COM, CO.",371,730,True,1,False,False,,benign,no_adverse_signal
vivesilvestra.cl,2026-07-09,16,2.873140679513133,0.0,0,0.625,-6.530634782608695,low,0.48,3,0.6153846153846154,True,NOERROR,2,300,2,2,True,False,2,47583,LT,False,Hosting Concepts B.V. d/b/a Registrar.eu,3,365,False,0,False,False,False,benign,no_adverse_signal
maven-hq-noblementions.org,2026-07-09,26,3.60693673217532,0.0,2,0.5384615384615384,-7.30529024390244,low,0.4324,2,0.6363636363636364,False,NOERROR,0,,0,4,False,False,0,,,,NAMECHEAP INC,2,365,True,,,False,,benign,no_adverse_signal
pinto360consultores.com,2026-07-09,23,3.6818808028034016,0.13043478260869565,0,0.6,-7.252562857142857,low,0.5,2,0.7368421052631579,True,NOERROR,1,14400,1,2,True,False,0,212317,US,True,"NetEarth One, Inc.",2,365,True,0,False,False,False,benign,no_adverse_signal
hxdenglong.com,2026-07-09,14,2.9219280948873623,0.0,0,0.25,-7.500605882352941,low,0.4706,3,0.8,True,NOERROR,2,300,0,2,False,False,2,13335,US,False,"GMO Internet, Inc.",2,365,True,0,False,False,,benign,no_adverse_signal
bulat-tehnik.ru,2026-07-09,15,3.418295834054489,0.0,1,0.5714285714285714,-7.651742857142857,low,0.5,2,0.9166666666666666,True,NOERROR,1,86400,1,2,True,False,0,57724,RU,False,REGRU-RU,3,365,False,0,False,False,False,benign,no_adverse_signal
martino.my.id,2026-07-09,13,2.807354922057604,0.0,0,0.75,-5.804481818181818,low,0.5882,2,1.0,False,NOERROR,0,,0,2,False,False,0,,,,,,,False,,,False,,benign,no_adverse_signal
pedrazartt.com,2026-07-09,14,2.721928094887362,0.0,0,0.42857142857142855,-7.08874705882353,low,0.5333,3,0.7,True,NOERROR,1,86400,3,2,True,False,0,15169,US,True,"TUCOWS.COM, CO.",2,365,True,0,False,False,False,benign,no_adverse_signal
belgische-herders-stambomen.nl,2026-07-09,30,3.7784235030301256,0.0,2,0.47058823529411764,-6.976162745098039,low,0.4545,3,0.5925925925925926,True,NOERROR,1,3600,1,3,True,False,0,396982,NL,True,Registrar.eu,3,,False,7,False,False,False,benign,no_adverse_signal
donameelano.online,2026-07-09,18,2.7321588913645702,0.0,0,1.2,-6.301605263157895,medium,0.5556,1,0.6363636363636364,True,NOERROR,1,900,1,2,True,False,0,39729,IT,True,REGISTER S.P.A.,2,365,False,0,False,False,False,benign,no_adverse_signal
soft-engineer.digital,2026-07-09,21,3.180832987205441,0.0,1,0.7142857142857143,-7.001978260869565,low,0.5714,2,0.7692307692307693,True,NOERROR,1,300,0,2,False,False,0,206834,DE,False,,,,,11,False,False,,benign,no_adverse_signal
form264544.digital,2026-07-09,18,2.8464393446710154,0.3333333333333333,0,0.3333333333333333,-9.919723529411765,low,0.5333,2,0.8,False,NOERROR,0,,0,2,False,False,0,,,,,,,,,,False,,benign,no_adverse_signal
w875h.info,2026-07-09,10,2.321928094887362,0.3,0,0.0,-12.402342857142857,medium,0.5,1,1.0,True,NOERROR,1,360,5,2,True,False,0,396982,US,True,,,,,0,False,False,False,benign,no_adverse_signal
rektifi.systems,2026-07-09,15,2.521640636343318,0.0,0,0.75,-7.413763636363637,low,0.5455,2,0.8571428571428571,True,NOERROR,4,14400,0,4,True,False,0,53831,US,False,,,,,22,False,False,,benign,no_adverse_signal
963510.xyz,2026-07-09,10,2.584962500721156,0.6,0,0.0,-11.354511111111112,high,0.4444,0,1.0,True,NOERROR,2,300,0,2,False,False,0,16509,US,True,"Spaceship, Inc.",2,365,False,1,False,False,,benign,no_adverse_signal
agdorpay.com,2026-07-09,12,2.75,0.0,0,0.6,-7.414115384615385,low,0.625,2,0.875,True,NOERROR,2,300,0,2,False,False,2,13335,US,False,"Sav.com, LLC",2,365,False,0,False,False,,benign,no_adverse_signal
c9w4y1rq.online,2026-07-09,15,3.0,0.2,0,0.0,-12.845930769230769,medium,0.3333,2,1.0,True,NOERROR,1,1800,0,2,False,False,1,47583,CY,False,"HOSTINGER operations, UAB",2,365,False,32,False,False,,benign,no_adverse_signal
petjeez.com,2026-07-09,11,2.1280852788913944,0.0,0,0.75,-8.183345454545455,low,0.5714,2,0.7142857142857143,True,NOERROR,1,300,3,2,True,False,0,398101,US,True,"Cloudflare, Inc.",2,365,True,0,False,False,False,benign,no_adverse_signal
idbkf.sbs,2026-07-09,9,2.321928094887362,0.0,0,0.25,-9.505128571428571,low,0.6667,4,1.0,False,NOERROR,0,,0,2,False,False,0,,,,"NicNames, Inc",2,365,True,,,False,,benign,no_adverse_signal
miassmebel72.ru,2026-07-09,15,3.0849625007211556,0.13333333333333333,0,0.6666666666666666,-7.760790476190476,low,0.4444,3,0.75,True,NOERROR,1,3600,0,2,False,False,0,57724,RU,True,DOMAINSHOP-RU,2,365,False,0,False,False,,benign,no_adverse_signal
brine-iacpickles.net,2026-07-09,20,3.452819531114783,0.0,1,0.6666666666666666,-7.232444827586208,low,0.5714,3,0.75,True,NOERROR,4,14400,0,4,True,False,0,53831,US,False,Squarespace Domains LLC,2,365,True,22,False,False,,benign,no_adverse_signal
avatarsfree.xyz,2026-07-09,15,2.6635327548042547,0.0,0,0.8333333333333334,-6.857421052631579,high,0.6316,4,0.6363636363636364,True,NOERROR,2,3600,1,2,True,False,0,16509,US,True,"GMO Internet, Inc.",2,365,True,28,False,False,,benign,no_adverse_signal
passeport-produit.com,2026-07-09,21,3.3371753411230776,0.0,1,0.6,-6.96851935483871,low,0.4375,2,0.6470588235294118,True,NOERROR,1,50,0,2,False,False,0,47583,CY,False,"HOSTINGER operations, UAB",2,365,False,32,False,False,,benign,no_adverse_signal
cyclekitchenteas.com,2026-07-09,20,3.2806390622295662,0.0,0,0.45454545454545453,-6.748058620689656,low,0.4348,4,0.6875,True,NOERROR,3,3600,0,2,False,False,0,58182,US,True,Wix.com Ltd.,2,365,True,19,False,False,,benign,no_adverse_signal
best-bonus.net.ng,2026-07-09,17,2.9219280948873623,0.0,1,0.5,-7.174388235294118,low,0.4444,2,0.8,True,NOERROR,1,300,0,2,False,False,0,59692,AE,False,NETIM,2,365,False,0,False,False,,benign,no_adverse_signal
agenticashes.xyz,2026-07-09,16,3.084962500721156,0.0,0,0.7142857142857143,-6.068595238095238,high,0.5714,2,0.75,True,NOERROR,2,3600,1,2,True,False,0,16509,US,True,"GMO Internet, Inc.",2,365,True,28,False,False,,benign,no_adverse_signal
thesunvegas.irish,2026-07-09,17,3.095795255000934,0.0,0,0.5714285714285714,-6.926442105263157,low,0.5263,2,0.8181818181818182,True,NOERROR,2,300,0,2,False,False,2,13335,US,False,,,,,0,False,False,,benign,no_adverse_signal
xn--h1akdaeg.xn--p1ai,2026-07-09,21,3.2516291673878226,0.09523809523809523,4,0.5,-9.547595238095237,low,0.4348,2,0.8333333333333334,True,NOERROR,1,86400,0,2,False,False,0,43865,RU,True,,,,,0,False,False,,benign,no_adverse_signal
haitang2049.com,2026-07-09,15,3.2776134368191165,0.26666666666666666,0,0.75,-8.21373157894737,low,0.4545,2,0.9090909090909091,False,NOERROR,0,,0,2,False,False,0,,,,Alibaba Cloud Computing Ltd. d/b/a HiChina (www.net.cn),2,365,False,,,False,,benign,no_adverse_signal
vericalculator.com,2026-07-09,18,3.2359263506290334,0.0,0,0.75,-6.394392,low,0.5185,2,0.7142857142857143,True,NOERROR,2,60,0,2,False,False,2,47583,CY,False,"HOSTINGER operations, UAB",2,365,False,0,False,False,,benign,no_adverse_signal
opencloudcare.com,2026-07-09,17,3.238901256602631,0.0,0,0.8571428571428571,-6.4587130434782605,low,0.6957,3,0.7692307692307693,True,NOERROR,2,3600,0,2,False,False,0,16509,US,True,"GoDaddy.com, LLC",2,365,True,23,False,False,,benign,no_adverse_signal
nadir4counselling.co.uk,2026-07-09,23,3.572469458770136,0.043478260869565216,0,0.6,-7.246983870967742,low,0.5,2,0.7647058823529411,True,NOERROR,2,300,1,2,True,False,2,13335,US,False,CloudFloorDNS LLC [Tag = MICROTECH],3,365,False,0,False,False,False,benign,no_adverse_signal
uk-polrad-prod-cloudflare.com,2026-07-09,29,3.4528786893420307,0.0,3,0.5714285714285714,-7.485068085106383,low,0.5714,3,0.48,True,NOERROR,2,300,0,2,False,False,2,13335,US,False,"Cloudflare, Inc.",2,365,True,0,False,False,,benign,no_adverse_signal
pobos-yezha.online,2026-07-09,18,3.2776134368191165,0.0,1,0.6666666666666666,-8.60128947368421,medium,0.4444,2,0.9090909090909091,True,NOERROR,1,86400,0,2,False,False,0,197695,RU,False,Registrar of Domain Names REG.RU LLC,2,365,False,0,False,False,,benign,no_adverse_signal
novavps.website,2026-07-09,15,2.5216406363433186,0.0,0,0.4,-7.851336363636364,low,0.5455,3,0.8571428571428571,True,NOERROR,2,300,5,2,True,False,2,13335,US,False,NAMECHEAP INC,2,365,True,0,False,False,False,benign,no_adverse_signal
conseilboutique.com,2026-07-09,19,3.373557262275185,0.0,0,1.1428571428571428,-7.134359259259259,low,0.4545,2,0.7333333333333333,True,NOERROR,1,86400,0,2,False,False,0,16509,US,True,"TUCOWS.COM, CO.",5120,5478,True,1,False,False,,benign,no_adverse_signal
nrcwao.online,2026-07-09,13,2.584962500721156,0.0,0,0.5,-9.240144444444445,medium,0.4615,4,1.0,False,NXDOMAIN,0,,0,0,False,False,0,,,,"GoDaddy.com, LLC",3,365,False,,,False,,benign,no_adverse_signal
huavefisa.online,2026-07-09,16,2.94770277922009,0.0,0,1.25,-7.477946666666667,medium,0.6667,1,0.8888888888888888,True,NOERROR,2,300,0,2,False,False,2,13335,US,False,NAMECHEAP INC,2,365,False,0,False,False,,benign,no_adverse_signal
pacificrimcantina.com,2026-07-09,21,2.939829017466402,0.0,0,0.7,-6.762125806451613,low,0.5161,2,0.5294117647058824,True,NOERROR,2,600,0,2,False,False,0,16509,US,True,"GoDaddy.com, LLC",2,1826,True,37,False,False,,benign,no_adverse_signal
jimenezglassworks.com,2026-07-09,21,3.6901165175936654,0.0,0,0.4166666666666667,-7.423806451612903,low,0.4667,3,0.8235294117647058,True,NOERROR,2,300,0,2,False,False,2,13335,US,False,"Cloudflare, Inc.",2,365,True,0,False,False,,benign,no_adverse_signal
serpent1011snake.stream,2026-07-09,23,3.1556390622295662,0.17391304347826086,0,0.5,-8.105368965517242,low,0.4167,2,0.625,True,NOERROR,2,300,0,2,False,False,2,13335,US,False,"Cloudflare, Inc.",2,365,True,0,False,False,,benign,no_adverse_signal
zr10.com,2026-07-09,8,2.0,0.25,0,0.0,-10.90668,low,0.4444,2,1.0,True,NOERROR,2,10800,0,2,True,False,2,14618,US,True,DropCatch.com 799 LLC,2,365,False,0,False,False,,benign,no_adverse_signal
qdestack.com,2026-07-09,12,3.0,0.0,0,0.3333333333333333,-6.680584615384616,low,0.625,2,1.0,True,NOERROR,1,1800,2,2,True,False,1,47583,IN,False,"HOSTINGER operations, UAB",3,1096,False,0,False,False,False,benign,no_adverse_signal
valitysmenettelyt.fi,2026-07-09,20,3.101881223476018,0.0,0,0.4166666666666667,-6.704506451612903,low,0.48,4,0.5882352941176471,False,SERVFAIL,0,,0,0,False,False,0,,,,Planeetta Internet Oy,3,365,False,,,False,,benign,no_adverse_signal
lqi1ak.surf,2026-07-09,11,2.584962500721156,0.09090909090909091,0,0.6666666666666666,-11.61897777777778,low,0.5455,2,1.0,True,NOERROR,5,30,0,2,False,False,0,138415,HK,False,DYNADOT LLC,2,365,True,0,False,False,,benign,no_adverse_signal
buzzbuilder.xyz,2026-07-09,15,2.9139770731827523,0.0,0,0.5714285714285714,-7.801552631578947,high,0.5263,3,0.7272727272727273,True,NOERROR,2,3600,1,2,True,False,0,16509,US,True,"GMO Internet, Inc.",2,365,True,28,False,False,,benign,no_adverse_signal
commendmeme.xyz,2026-07-09,15,2.2998963911678914,0.0,0,0.5714285714285714,-6.719157894736842,high,0.4762,3,0.5454545454545454,True,NOERROR,2,3600,1,2,True,False,0,16509,US,True,"GMO Internet, Inc.",2,365,True,28,False,False,,benign,no_adverse_signal
volopay.info,2026-07-09,12,2.5216406363433186,0.0,0,0.75,-6.84459090909091,medium,0.5882,1,0.8571428571428571,True,NOERROR,2,3600,1,2,True,False,0,16509,US,True,,,,,23,False,False,False,benign,no_adverse_signal
curtisproof.xyz,2026-07-09,15,3.095795255000934,0.0,0,0.5714285714285714,-6.832889473684212,high,0.5,3,0.8181818181818182,True,NOERROR,2,3600,1,2,True,False,0,16509,US,True,"GMO Internet, Inc.",2,365,True,28,False,False,,benign,no_adverse_signal
vrmarthub.xyz,2026-07-09,13,2.94770277922009,0.0,0,0.2857142857142857,-7.089519999999999,high,0.5882,3,0.8888888888888888,True,NOERROR,2,3600,1,2,True,False,0,16509,US,True,"GMO Internet, Inc.",2,365,True,28,False,False,,benign,no_adverse_signal
engfatima.com,2026-07-09,13,2.94770277922009,0.0,0,0.8,-6.923019999999999,low,0.5333,3,0.8888888888888888,True,NOERROR,2,300,5,2,True,False,2,13335,US,False,NAMECHEAP INC,2,365,True,0,False,False,False,benign,no_adverse_signal
aicedebt.xyz,2026-07-09,12,2.75,0.0,0,1.0,-7.138453846153846,high,0.5714,2,0.875,True,NOERROR,2,3600,1,2,True,False,0,16509,US,True,"GMO Internet, Inc.",2,365,True,28,False,False,,benign,no_adverse_signal
influstride.com,2026-07-09,15,3.2776134368191165,0.0,0,0.5714285714285714,-6.527484210526316,low,0.6,3,0.9090909090909091,True,NOERROR,2,300,1,2,False,False,2,13335,US,False,"Cloudflare, Inc.",2,365,True,0,False,False,False,benign,no_adverse_signal
unibanews.com,2026-07-09,13,2.94770277922009,0.0,0,0.8,-6.44014,low,0.6364,2,0.8888888888888888,True,NOERROR,1,50,0,2,False,False,0,47583,CY,False,"HOSTINGER operations, UAB",2,365,False,32,False,False,,benign,no_adverse_signal
pdfmanager.xyz,2026-07-09,14,3.121928094887362,0.0,0,0.42857142857142855,-7.170547058823529,high,0.6667,4,0.9,True,NOERROR,2,3600,1,2,True,False,0,16509,US,True,"GMO Internet, Inc.",2,365,True,28,False,False,,benign,no_adverse_signal
pybixa.beer,2026-07-09,11,2.584962500721156,0.0,0,0.5,-8.67858888888889,low,0.6154,3,1.0,False,NOERROR,0,,2,2,True,False,0,,,,"Spaceship, Inc.",3,365,True,,,False,False,benign,no_adverse_signal
rankdacomunidadepkm.com.br,2026-07-09,26,3.4316235658474303,0.0,0,0.5833333333333334,-7.306468571428572,low,0.4667,3,0.631578947368421,True,NOERROR,2,300,1,2,True,False,2,13335,US,False,,4,731,False,0,False,False,,benign,no_adverse_signal
onlystarplug.com,2026-07-09,16,3.418295834054489,0.0,0,0.3333333333333333,-6.936195238095238,low,0.5,5,0.9166666666666666,True,NOERROR,2,300,3,2,True,False,2,13335,US,False,"HOSTINGER operations, UAB",2,365,False,0,False,False,False,benign,no_adverse_signal
readipilot.com,2026-07-09,14,3.121928094887362,0.0,0,1.0,-6.7520411764705885,low,0.625,1,0.9,True,NOERROR,2,60,2,2,True,False,2,47583,LT,False,"HOSTINGER operations, UAB",2,365,False,0,False,False,False,benign,no_adverse_signal
flatfeeprescotthomes.com,2026-07-09,24,3.3841837197791884,0.0,0,0.5384615384615384,-6.800110810810811,low,0.4848,3,0.6,True,NOERROR,1,7200,0,2,False,False,0,40676,VG,False,"Network Solutions, LLC",2,365,True,0,False,False,,benign,no_adverse_signal
momentevivere.net,2026-07-09,17,2.7773627950641693,0.0,0,0.8571428571428571,-6.273486956521739,low,0.5,2,0.6153846153846154,True,NOERROR,1,300,0,2,False,False,0,16086,FI,True,NAMECHEAP INC,3,365,True,0,False,False,,benign,no_adverse_signal
zrw0xh0b.cfd,2026-07-09,12,2.75,0.16666666666666666,0,0.0,-12.498415384615384,low,0.381,3,0.875,False,NOERROR,0,,0,2,False,False,0,,,,"GMO Internet, Inc.",3,365,True,,,False,,benign,no_adverse_signal
xjgd2xew.cfd,2026-07-09,12,2.75,0.08333333333333333,0,0.16666666666666666,-12.052761538461539,low,0.4,4,0.875,False,NOERROR,0,,0,2,False,False,0,,,,"GMO Internet, Inc.",2,365,True,,,False,,benign,no_adverse_signal
rm-sportcenter.com,2026-07-09,18,3.182005814760214,0.0,1,0.3,-6.684464,low,0.5455,3,0.7142857142857143,True,NOERROR,2,120,0,4,False,False,0,16509,DE,True,NAMECHEAP INC,2,365,True,17,False,False,,benign,no_adverse_signal
jile7.com,2026-07-09,9,2.321928094887362,0.1111111111111111,0,1.0,-8.173157142857143,low,0.6,1,1.0,True,NOERROR,2,600,0,2,False,False,0,16509,US,True,"GoDaddy.com, LLC",2,365,True,37,False,False,,benign,no_adverse_signal
levelupbiznew.com,2026-07-09,17,3.180832987205441,0.0,0,0.625,-7.6997478260869565,low,0.5217,2,0.7692307692307693,True,NOERROR,2,13,0,4,False,False,0,16509,US,True,Porkbun LLC,379,730,False,0,False,False,,benign,no_adverse_signal
agam888.org,2026-07-09,11,1.8423709931771086,0.2727272727272727,0,1.0,-8.183245454545455,low,0.5455,1,0.5714285714285714,True,NOERROR,2,300,0,2,False,False,2,13335,US,False,NAMECHEAP INC,2,365,True,0,False,False,,benign,no_adverse_signal
bnisugarland.com,2026-07-09,16,3.2516291673878226,0.0,0,0.5,-7.142709523809525,low,0.5,2,0.8333333333333334,True,NOERROR,1,3202,1,2,True,False,0,20068,US,True,"GoDaddy.com, LLC",3,365,True,0,False,False,False,benign,no_adverse_signal
bef.today,2026-07-09,9,1.584962500721156,0.0,0,0.5,-7.713466666666666,low,0.5714,1,1.0,True,NOERROR,2,180,0,4,False,False,0,16509,US,True,,,,,0,False,False,,benign,no_adverse_signal
flow-life.ru,2026-07-09,12,2.725480556997868,0.0,1,0.6,-7.722386666666666,low,0.5,2,0.7777777777777778,True,NOERROR,2,300,0,2,False,False,2,13335,US,False,DOMAINSHOP-RU,2,365,False,0,False,False,,benign,no_adverse_signal
obsidian-privacy.shop,2026-07-09,21,3.577819531114783,0.0,1,0.6666666666666666,-7.122703448275862,low,0.4138,2,0.8125,True,NOERROR,2,300,0,2,False,False,2,13335,US,False,,,,False,0,False,False,,benign,no_adverse_signal
pomonadoctor.com,2026-07-09,16,2.9182958340544896,0.0,0,0.7142857142857143,-6.573766666666667,low,0.5,2,0.75,True,NOERROR,1,1800,5,2,True,False,0,22612,US,False,NAMECHEAP INC,2,365,True,0,False,False,False,benign,no_adverse_signal
karute.ai,2026-07-09,9,2.584962500721156,0.0,0,1.0,-6.850155555555556,low,0.6154,1,1.0,True,NOERROR,2,300,0,2,False,False,2,13335,US,False,"XServer, Inc.",3,731,False,0,False,False,,benign,no_adverse_signal
lesmessagesdemeg.fr,2026-07-09,19,2.524397470347699,0.0,0,0.6,-6.697237931034483,low,0.4516,2,0.4375,True,NOERROR,1,3600,3,2,True,False,0,16276,FR,True,OVH,1,1095,False,0,False,False,False,benign,no_adverse_signal
dharoharpublishing.online,2026-07-09,25,3.572431251322119,0.0,0,0.5,-6.8804727272727275,medium,0.48,2,0.7222222222222222,True,NOERROR,1,50,0,2,False,False,0,47583,CY,False,"HOSTINGER operations, UAB",2,365,False,32,False,False,,benign,no_adverse_signal
savivis.shop,2026-07-09,12,1.9502120649147465,0.0,0,0.75,-6.808472727272728,low,0.6,1,0.5714285714285714,True,NOERROR,1,300,0,2,False,False,0,206834,DE,False,,,,False,11,False,False,,benign,no_adverse_signal
kwl3vb.mom,2026-07-09,10,2.584962500721156,0.1,0,0.0,-11.983566666666668,low,0.4,3,1.0,False,timeout,0,,0,0,False,False,0,,,,"NameSilo, LLC",2,365,True,,,False,,benign,no_adverse_signal
cristalpadel.ch,2026-07-09,15,3.2516291673878226,0.0,0,0.5,-6.3967285714285715,low,0.5556,2,0.8333333333333334,True,NOERROR,1,300,3,3,True,False,1,29097,CH,True,,,,False,0,False,False,False,benign,no_adverse_signal
aibaby.work,2026-07-09,11,1.9182958340544893,0.0,0,1.0,-7.550222222222222,low,0.7692,2,0.6666666666666666,False,NOERROR,0,,0,2,False,False,0,,,,Alibaba Cloud Computing Ltd. d/b/a HiChina (www.net.cn),2,365,True,,,False,,benign,no_adverse_signal
kakobuyfinds.rest,2026-07-09,17,3.418295834054489,0.0,0,0.5,-7.683590476190476,low,0.5714,3,0.9166666666666666,True,NOERROR,1,60,0,2,False,False,0,16509,US,True,"Spaceship, Inc.",2,365,False,7,False,False,,benign,no_adverse_signal
docksidesupplycompany.com,2026-07-09,25,3.689703732199547,0.0,0,0.4,-6.969325641025641,low,0.4516,5,0.6666666666666666,True,NOERROR,1,1800,5,2,True,False,0,22612,US,False,NAMECHEAP INC,2,731,True,0,False,False,False,benign,no_adverse_signal
akotweaks.shop,2026-07-09,14,2.725480556997868,0.0,0,0.8,-7.663433333333333,low,0.5333,2,0.7777777777777778,True,NOERROR,1,1800,0,2,False,False,0,13335,DE,True,,,,False,35,False,False,,benign,no_adverse_signal
lariatllc.co,2026-07-09,12,2.4193819456463714,0.0,0,0.5,-7.063093333333333,low,0.625,4,0.6666666666666666,True,NOERROR,4,14400,0,4,True,False,0,53831,US,False,Key-Systems GmbH,3,365,True,22,False,False,,benign,no_adverse_signal
staymaking.xyz,2026-07-09,14,3.121928094887362,0.0,0,0.42857142857142855,-6.632635294117647,high,0.5882,2,0.9,True,NOERROR,2,3600,1,2,True,False,0,16509,US,True,"GMO Internet, Inc.",3,365,True,28,False,False,,benign,no_adverse_signal
valetaxid.id,2026-07-09,12,2.94770277922009,0.0,0,0.8,-7.040893333333333,low,0.5333,1,0.8888888888888888,True,NOERROR,2,300,0,2,False,False,2,13335,US,False,,,,False,0,False,False,,benign,no_adverse_signal
iratinietonutricion.com,2026-07-09,23,2.9258530145612824,0.0,0,1.1111111111111112,-6.493222857142857,low,0.5,2,0.47368421052631576,True,NOERROR,1,300,0,2,False,False,0,13335,US,False,"Cloudflare, Inc.",2,365,True,0,False,False,,benign,no_adverse_signal
bloomcraftlabs.net,2026-07-09,18,3.2359263506290334,0.0,0,0.4,-7.319344,low,0.5217,3,0.7142857142857143,True,NOERROR,1,3600,5,4,True,False,1,8560,US,True,IONOS SE,3,365,True,0,False,False,False,benign,no_adverse_signal
brainwake.cafe,2026-07-09,14,2.94770277922009,0.0,0,0.8,-7.06844,low,0.5882,2,0.8888888888888888,True,NOERROR,1,3600,1,2,True,False,0,132280,TH,True,,,,,0,False,False,False,benign,no_adverse_signal
businessalcentro.com,2026-07-09,20,3.452819531114783,0.0,0,0.6,-6.3106793103448275,low,0.6452,3,0.75,True,NOERROR,2,51,0,4,False,False,0,16509,US,True,Porkbun LLC,378,730,False,0,False,False,,benign,no_adverse_signal
houseofesther.net,2026-07-09,17,2.873140679513133,0.0,0,0.8571428571428571,-6.718891304347826,low,0.5,3,0.6153846153846154,True,NOERROR,4,14400,5,4,True,False,0,53831,US,False,Squarespace Domains LLC,380,730,True,38,False,False,False,benign,no_adverse_signal
cameraproof.xyz,2026-07-09,15,2.9139770731827523,0.0,0,0.8333333333333334,-6.368757894736842,high,0.5,2,0.7272727272727273,True,NOERROR,2,3600,1,2,True,False,0,16509,US,True,"GMO Internet, Inc.",2,365,True,28,False,False,,benign,no_adverse_signal
webvanie.my.id,2026-07-09,14,2.75,0.0,0,1.0,-7.3225999999999996,low,0.6154,2,0.875,True,NOERROR,1,14400,0,4,False,False,0,58487,ID,True,,,,False,0,False,False,,benign,no_adverse_signal
santehhelper.ru,2026-07-09,15,3.0220552088742005,0.0,0,0.5,-7.180095238095238,low,0.5263,2,0.75,True,NOERROR,1,86400,0,2,False,False,0,198068,EE,True,REGRU-RU,3,365,False,0,False,False,,benign,no_adverse_signal
nvhairstudiokannapolis.com,2026-07-09,26,3.6292196865240958,0.0,0,0.6923076923076923,-7.147865853658536,low,0.4706,3,0.6363636363636364,True,NOERROR,1,1799,5,2,True,False,0,16509,US,False,NAMECHEAP INC,2,365,True,0,False,False,False,benign,no_adverse_signal
orbitodigitalmedia.com,2026-07-09,22,3.2810361125534233,0.0,0,1.0,-6.596472727272728,low,0.5185,2,0.6111111111111112,True,NOERROR,1,1800,2,2,True,False,1,47583,IN,False,"HOSTINGER operations, UAB",2,365,False,0,False,False,False,benign,no_adverse_signal
aicupids.xyz,2026-07-09,12,2.75,0.0,0,1.0,-7.426107692307692,high,0.5882,2,0.875,True,NOERROR,2,3600,1,2,True,False,0,16509,US,True,"GMO Internet, Inc.",2,365,True,28,False,False,,benign,no_adverse_signal
stacksusds.xyz,2026-07-09,14,2.5219280948873624,0.0,0,0.25,-7.152958823529412,high,0.5556,3,0.7,True,NOERROR,2,3600,1,2,True,False,0,16509,US,True,"GMO Internet, Inc.",3,365,True,28,False,False,,benign,no_adverse_signal
cosmosproof.xyz,2026-07-09,15,2.5503407095463886,0.0,0,0.5714285714285714,-6.926168421052631,high,0.5,3,0.6363636363636364,True,NOERROR,2,3600,1,2,True,False,0,16509,US,True,"GMO Internet, Inc.",2,365,True,28,False,False,,benign,no_adverse_signal
storagelog.xyz,2026-07-09,14,2.9219280948873623,0.0,0,0.6666666666666666,-6.175788235294117,high,0.6,2,0.8,True,NOERROR,2,3600,1,2,True,False,0,16509,US,True,"GMO Internet, Inc.",3,365,True,28,False,False,,benign,no_adverse_signal
zanova.ru,2026-07-09,9,2.2516291673878226,0.0,0,1.0,-7.042688888888889,low,0.7273,1,0.8333333333333334,False,NXDOMAIN,0,,0,0,False,False,0,,,,RU-CENTER-RU,2,365,False,,,False,,benign,no_adverse_signal
simbaweb.ru,2026-07-09,11,2.75,0.0,0,0.6,-7.294338461538462,low,0.5333,2,0.875,True,NOERROR,1,86400,0,2,False,False,0,16509,US,True,REGRU-RU,3,365,False,29,False,False,,benign,no_adverse_signal
ownkit.app,2026-07-09,10,2.584962500721156,0.0,0,0.5,-7.797088888888889,low,0.6,3,1.0,True,NOERROR,2,300,1,2,True,False,2,13335,US,False,,,,False,0,False,False,False,benign,no_adverse_signal
kielwrites.com,2026-07-09,14,2.9219280948873623,0.0,0,0.6666666666666666,-7.340152941176471,low,0.5263,3,0.8,True,NOERROR,4,14400,5,4,False,False,0,53831,US,False,Squarespace Domains LLC,2,365,True,22,False,False,False,benign,no_adverse_signal
tiermain.xyz,2026-07-09,12,2.75,0.0,0,1.0,-6.279415384615385,high,0.5714,2,0.875,True,NOERROR,2,3600,1,2,True,False,0,16509,US,True,"GMO Internet, Inc.",2,365,True,28,False,False,,benign,no_adverse_signal
oliviaandjack2026.com,2026-07-09,21,3.572469458770136,0.19047619047619047,0,0.8571428571428571,-8.007696774193548,low,0.4167,3,0.7647058823529411,True,NOERROR,5,60,0,2,False,False,5,14618,US,True,"ENOM, INC.",2,365,True,0,False,False,,benign,no_adverse_signal
ngbeglobal.app,2026-07-09,14,2.721928094887362,0.0,0,0.42857142857142855,-7.206705882352941,low,0.7,3,0.7,True,NOERROR,1,60,3,2,True,False,0,22612,US,True,,,,False,0,False,False,False,benign,no_adverse_signal
deden77.com,2026-07-09,11,1.9502120649147465,0.18181818181818182,0,0.6666666666666666,-7.7935,low,0.6667,1,0.5714285714285714,True,NOERROR,1,14400,1,2,True,False,0,26496,SG,True,"NameSilo, LLC",2,365,True,0,False,False,False,benign,no_adverse_signal
77tbvc-fifa.icu,2026-07-09,15,3.0957952550009344,0.13333333333333333,1,0.3333333333333333,-9.719926315789474,low,0.4444,4,0.8181818181818182,True,NOERROR,1,900,0,2,False,False,0,134548,HK,False,"Chengdu west dimension digital technology Co., LTD",2,365,True,0,False,False,,benign,no_adverse_signal
57329181.com,2026-07-09,12,2.75,0.6666666666666666,0,0.0,-11.127915384615385,low,0.1818,0,0.875,False,NOERROR,0,,0,2,False,False,0,,,,"Wild West Domains, LLC",2,365,True,,,False,,benign,no_adverse_signal
2ty9sxtj.cfd,2026-07-09,12,2.75,0.16666666666666666,0,0.0,-11.435361538461539,low,0.375,4,0.875,False,NOERROR,0,,0,2,False,False,0,,,,"GMO Internet, Inc.",2,365,True,,,False,,benign,no_adverse_signal
andreamaier.ch,2026-07-09,14,2.663532754804255,0.0,0,1.2,-6.341036842105264,low,0.6667,3,0.6363636363636364,True,NOERROR,1,86400,1,2,True,False,0,24940,DE,True,,,,False,0,False,False,False,benign,no_adverse_signal
hyeosmax2.top,2026-07-09,13,3.169925001442312,0.07692307692307693,0,0.6,-8.40606,high,0.5,2,1.0,False,NOERROR,0,,0,2,False,False,0,,,,Dynadot LLC,2,365,True,,,False,,benign,no_adverse_signal
mymosmkt.com.br,2026-07-09,15,2.4056390622295662,0.0,0,0.14285714285714285,-8.390376923076923,low,0.5,4,0.75,True,NOERROR,2,300,1,2,True,False,2,13335,US,False,,4,731,False,0,False,False,,benign,no_adverse_signal
dickpicsdating.com,2026-07-09,18,3.182005814760214,0.0,0,0.4,-6.774448,low,0.4848,3,0.7142857142857143,True,NOERROR,2,3600,0,2,False,False,0,39570,SE,False,"Ascio Technologies, Inc",2,365,False,0,False,False,,benign,no_adverse_signal
sarascamaro.com,2026-07-09,15,2.3685225277282065,0.0,0,0.8333333333333334,-6.277157894736842,low,0.5,2,0.5454545454545454,True,NOERROR,1,60,0,4,False,False,0,5650,US,True,"Vitalwerks Internet Solutions, LLC / No-IP.com",2,1096,False,0,True,False,,malicious,spamhaus_zen
clinirede.com.br,2026-07-09,16,2.725480556997868,0.0,0,0.8,-6.253073333333333,low,0.6154,2,0.7777777777777778,True,NOERROR,1,14400,1,2,True,False,0,267121,BR,True,,8,365,False,0,False,False,False,benign,no_adverse_signal
hei810tao.vip,2026-07-09,13,3.169925001442312,0.23076923076923078,0,2.0,-9.96614,low,0.4762,1,1.0,False,NOERROR,0,,0,2,False,False,0,,,,DYNADOT LLC,2,365,True,,,False,,benign,no_adverse_signal
atmospherehub.xyz,2026-07-09,17,3.392747410448785,0.0,0,0.625,-7.135221739130435,high,0.5,3,0.8461538461538461,True,NOERROR,2,3600,1,2,True,False,0,16509,US,True,"GMO Internet, Inc.",2,365,True,28,False,False,,benign,no_adverse_signal
sroar.eu.cc,2026-07-09,11,1.0,0.0,0,2.0,,low,,0,1.0,True,NOERROR,1,600,0,2,False,False,0,24940,FI,True,Gname.com Pte. Ltd.,10496,12217,True,0,False,True,,malicious,spamhaus_dbl
shop2124.shop,2026-07-09,13,2.75,0.3076923076923077,0,0.3333333333333333,-8.657776923076923,low,0.5333,2,0.875,True,NOERROR,2,300,0,2,False,False,2,13335,US,False,,,,False,0,False,False,,benign,no_adverse_signal
kibrisgececlubum.com,2026-07-09,20,3.375,0.0,0,0.6,-7.4847931034482755,low,0.4167,2,0.6875,True,NOERROR,1,3600,0,1,True,False,0,210574,TR,True,"IHS Telekom, Inc",2,365,False,0,False,False,,benign,no_adverse_signal
nolimitchallengecleaning.com,2026-07-09,28,3.2720552088742005,0.0,0,0.6,-6.46498888888889,low,0.4242,3,0.4583333333333333,True,NOERROR,2,1800,0,2,False,False,0,16509,US,False,"Name.com, Inc.",2,365,True,0,False,False,,benign,no_adverse_signal
laurenalexanderweddings.com,2026-07-09,27,3.3816201079487347,0.0,0,0.6428571428571429,-6.742706976744186,low,0.4865,3,0.5217391304347826,False,NOERROR,0,,3,2,True,False,0,,,,TuringSign Inc. d/b/a Cosmotown,2,365,False,,,False,False,benign,no_adverse_signal
littlelongship.games,2026-07-09,20,3.182005814760214,0.0,0,0.4,-6.902207999999999,low,0.4545,4,0.7142857142857143,True,NOERROR,2,600,0,2,False,False,0,16509,US,True,,,,False,37,False,False,,benign,no_adverse_signal
thegamecanvas.xyz,2026-07-09,17,3.180832987205441,0.0,0,0.625,-6.710126086956522,high,0.5833,2,0.7692307692307693,True,NOERROR,2,6,0,4,False,False,0,16509,US,True,Porkbun LLC,380,730,False,2,False,False,,benign,no_adverse_signal
meuot.com.br,2026-07-09,12,2.321928094887362,0.0,0,1.5,-8.225457142857143,low,0.6,1,1.0,True,NOERROR,1,1800,2,2,True,False,1,47583,BR,False,,5,365,False,0,False,False,False,benign,no_adverse_signal
pixelscopilot.xyz,2026-07-09,17,3.085055102756477,0.0,0,0.625,-7.182647826086956,high,0.5217,3,0.6923076923076923,True,NOERROR,2,3600,1,2,True,False,0,16509,US,True,"GMO Internet, Inc.",2,365,True,28,False,False,,benign,no_adverse_signal
uclalumniangels.org,2026-07-09,19,3.189898095464287,0.0,0,0.6666666666666666,-7.066066666666666,low,0.5833,2,0.6666666666666666,True,NOERROR,2,600,0,2,False,False,0,16509,US,True,"GoDaddy.com, LLC",2,365,False,37,False,False,,benign,no_adverse_signal
fittelet.com,2026-07-09,12,2.1556390622295662,0.0,0,0.6,-6.372,low,0.6154,2,0.625,True,NOERROR,2,300,0,2,False,False,2,13335,US,False,NAMECHEAP INC,2,365,True,0,False,False,,benign,no_adverse_signal
kamen-vynosin.org,2026-07-09,17,3.334679141051595,0.0,1,0.5,-7.665226086956522,low,0.4762,3,0.8461538461538461,True,NOERROR,1,60,0,3,False,False,0,206264,HK,True,NETIM SAS,2,365,False,0,False,True,,malicious,spamhaus_dbl
chiragexports.online,2026-07-09,20,3.5465935642949384,0.0,0,0.4444444444444444,-6.668517391304348,medium,0.6,3,0.9230769230769231,False,NOERROR,0,,0,2,False,False,0,,,,"HOSTINGER operations, UAB",227,365,False,,,False,,benign,no_adverse_signal
oliver-instructor.com,2026-07-09,21,3.4548223999466066,0.0,1,0.6,-6.544038709677419,low,0.5185,4,0.7058823529411765,True,NOERROR,1,120,0,2,False,False,0,20473,JP,True,"Cloudflare, Inc.",2,365,True,0,False,False,,benign,no_adverse_signal
uh1zy-m.garden,2026-07-09,14,2.807354922057604,0.07142857142857142,1,0.25,-11.096672727272727,low,0.3636,2,1.0,False,NOERROR,0,,0,2,False,False,0,,,,"Spaceship, Inc.",2,365,True,,,False,,benign,no_adverse_signal
susungfood.com,2026-07-09,14,2.7219280948873625,0.0,0,0.6666666666666666,-7.337641176470589,low,0.6364,3,0.7,True,NOERROR,4,60,0,4,False,False,0,16509,US,True,"Gabia, Inc.",2,731,False,0,False,False,,benign,no_adverse_signal
sigmap.website,2026-07-09,14,2.584962500721156,0.0,0,0.5,-7.1214555555555545,low,0.6,2,1.0,False,NOERROR,0,,0,2,False,False,0,,,,Alibaba Cloud Computing Ltd. d/b/a HiChina (www.net.cn),2,365,False,,,False,,benign,no_adverse_signal
afaraid.xyz,2026-07-09,11,2.1280852788913944,0.0,0,1.3333333333333333,-6.724345454545454,high,0.6667,1,0.7142857142857143,True,NOERROR,2,3600,1,2,True,False,0,16509,US,True,"GMO Internet, Inc.",2,365,True,28,False,False,,benign,no_adverse_signal
74854o4u.cfd,2026-07-09,12,2.4056390622295662,0.5,0,2.0,-12.406007692307693,low,0.3636,0,0.75,False,NOERROR,0,,0,2,False,False,0,,,,"GMO Internet, Inc.",3,365,True,,,False,,benign,no_adverse_signal
dottworks.com,2026-07-09,13,2.725480556997868,0.0,0,0.2857142857142857,-7.095046666666667,low,0.64,3,0.7777777777777778,False,NOERROR,0,,1,3,False,False,0,,,,"Gabia, Inc.",2,1096,False,,,False,False,benign,no_adverse_signal
bwsrki.vip,2026-07-09,10,2.584962500721156,0.0,0,0.2,-9.05491111111111,low,0.6,5,1.0,True,NOERROR,1,3600,0,2,False,False,0,400619,SC,False,"GoDaddy.com, LLC",2,365,True,0,False,False,,benign,no_adverse_signal
nasturtiumchapel.com.de,2026-07-09,23,1.584962500721156,0.0,0,0.5,-5.649566666666666,low,0.6,1,1.0,True,NOERROR,2,300,0,2,False,False,2,13335,US,False,,,,False,0,False,False,,benign,no_adverse_signal
atlasintegra.ch,2026-07-09,15,3.0220552088742,0.0,0,0.7142857142857143,-6.354114285714285,low,0.6667,2,0.75,True,NOERROR,1,300,2,3,True,False,0,16509,US,False,,,,False,0,False,False,False,benign,no_adverse_signal
botappcore.xyz,2026-07-09,14,2.9219280948873623,0.0,0,0.6666666666666666,-6.674005882352941,high,0.5333,3,0.8,True,NOERROR,2,3600,1,2,True,False,0,16509,US,True,"GMO Internet, Inc.",2,365,True,28,False,False,,benign,no_adverse_signal
normindsolutionsas.net,2026-07-09,22,3.266332639970623,0.0,0,0.6363636363636364,-6.572869696969697,low,0.5789,3,0.6111111111111112,True,NOERROR,2,300,2,2,True,False,2,13335,US,False,"Spaceship, Inc.",2,365,False,0,False,False,False,benign,no_adverse_signal
dqrygs.info,2026-07-09,11,2.584962500721156,0.0,0,0.0,-10.707266666666666,medium,0.5,6,1.0,True,NOERROR,2,1800,0,2,False,False,0,16509,US,False,,,,,0,False,False,,benign,no_adverse_signal
dvk02y1q.top,2026-07-09,12,3.0,0.25,0,0.0,-12.615615384615385,high,0.4,3,1.0,True,NOERROR,3,60,0,2,False,True,0,138995,US,False,Dominet (HK) Limited,2,365,True,0,True,True,,malicious,spamhaus_zen
so1o1el7.cfd,2026-07-09,12,2.5,0.25,0,1.5,-11.302407692307693,low,0.4706,1,0.75,False,SERVFAIL,0,,0,0,False,False,0,,,,"GMO Internet, Inc.",2,365,True,,,False,,benign,no_adverse_signal
shareholderkit.xyz,2026-07-09,18,3.3787834934861767,0.0,0,0.5555555555555556,-6.698160000000001,high,0.6667,2,0.7857142857142857,True,NOERROR,2,3600,1,2,True,False,0,16509,US,True,"GMO Internet, Inc.",2,365,True,28,False,False,,benign,no_adverse_signal
enbet1031.cam,2026-07-09,13,2.725480556997868,0.3076923076923077,0,0.6666666666666666,-8.748520000000001,low,0.4444,2,0.7777777777777778,True,NOERROR,2,300,0,2,False,False,2,13335,US,False,DYNADOT LLC,2,365,True,0,False,False,,benign,no_adverse_signal
bzk0tnyg.top,2026-07-09,12,3.0,0.08333333333333333,0,0.0,-11.5882,high,0.5333,4,1.0,True,NOERROR,3,60,0,2,False,True,0,138995,US,False,Dominet (HK) Limited,2,365,True,0,True,True,,malicious,spamhaus_zen
ddibbert.com,2026-07-09,12,2.5,0.0,0,0.3333333333333333,-7.273484615384616,low,0.625,2,0.75,True,NOERROR,1,300,0,2,False,False,0,62904,US,True,"GMO Internet, Inc.",2,365,True,0,False,False,,benign,no_adverse_signal
8383a61.com,2026-07-09,11,2.2359263506290326,0.5454545454545454,0,1.0,-11.696054545454546,low,0.4,0,0.7142857142857143,False,NOERROR,0,,0,2,False,False,0,,,,"Wild West Domains, LLC",3,365,True,,,False,,benign,no_adverse_signal
shirleymay.in,2026-07-09,13,3.1219280948873624,0.0,0,0.42857142857142855,-7.393958823529411,low,0.5333,2,0.9,True,NOERROR,1,60,2,2,True,False,1,47583,IN,False,"HOSTINGER operations, UAB",2,1096,False,0,False,False,False,benign,no_adverse_signal
w4hrf.com,2026-07-09,9,2.321928094887362,0.1111111111111111,0,0.0,-11.161557142857143,low,0.5,3,1.0,False,NOERROR,0,,0,2,False,False,0,,,,DYNADOT LLC,3,365,True,,,False,,benign,no_adverse_signal
rgmvpnc4.cfd,2026-07-09,12,3.0,0.08333333333333333,0,0.0,-9.9754,low,0.5,7,1.0,False,NOERROR,0,,0,2,False,False,0,,,,"GMO Internet, Inc.",2,365,True,,,False,,benign,no_adverse_signal
astrein-events.de,2026-07-09,17,3.039148671903071,0.0,1,0.625,-6.676696,low,0.5,3,0.6428571428571429,True,NOERROR,1,300,2,2,True,False,0,8648,DE,True,,,,False,0,False,False,False,benign,no_adverse_signal
torqooh.org,2026-07-09,11,2.1280852788913944,0.0,0,0.75,-8.682463636363638,low,0.4615,2,0.7142857142857143,True,NOERROR,4,14400,0,4,True,False,0,53831,US,False,Squarespace Domains LLC,2,1096,True,22,False,False,,benign,no_adverse_signal
onmintexit.xyz,2026-07-09,14,2.721928094887362,0.0,0,0.6666666666666666,-6.789488235294118,high,0.625,2,0.7,True,NOERROR,2,3600,1,2,True,False,0,16509,US,True,"GMO Internet, Inc.",3,365,True,28,False,False,,benign,no_adverse_signal
asis.website,2026-07-09,12,1.5,0.0,0,1.0,-6.15058,low,0.5714,1,0.75,True,NOERROR,1,600,0,2,False,False,0,13335,DE,True,"GoDaddy.com, LLC",2,365,True,35,False,False,,benign,no_adverse_signal
educatorworkshop.com,2026-07-09,20,3.577819531114783,0.0,0,0.6,-6.862434482758621,low,0.5,4,0.8125,True,NOERROR,1,86400,0,2,False,False,0,16509,US,True,"TUCOWS.COM, CO.",371,730,True,1,False,False,,benign,no_adverse_signal
kringnoord-holland-knzb.nl,2026-07-09,26,3.5342190211803413,0.0,2,0.3125,-7.891748837209302,low,0.3871,4,0.5652173913043478,True,NOERROR,2,300,0,2,False,False,2,13335,US,False,DEVEXPANSE LTD,4,,False,0,False,False,,benign,no_adverse_signal
holiganbet-ersmadresim.vip,2026-07-09,26,3.788754913993503,0.0,1,0.6153846153846154,-6.918039024390243,low,0.4571,3,0.6818181818181818,True,NOERROR,2,300,0,2,False,False,2,13335,US,False,"NICENIC INTERNATIONAL GROUP CO., LIMITED",2,365,True,0,False,True,,malicious,spamhaus_dbl
klyl.art,2026-07-09,8,1.5,0.0,0,0.0,-8.5802,low,0.5,4,0.75,True,NOERROR,1,60,0,2,False,True,0,54994,CA,False,West263 International Limited,3,365,True,0,False,False,,benign,no_adverse_signal
jt-express.sbs,2026-07-09,14,2.9219280948873623,0.0,1,0.2857142857142857,-7.479870588235293,low,0.7,3,0.8,True,NOERROR,2,300,0,2,False,False,2,13335,US,False,"NameSilo, LLC",2,365,True,0,False,False,,benign,no_adverse_signal
hjcz.top,2026-07-09,8,2.0,0.0,0,0.0,-10.75504,high,0.3636,4,1.0,True,NOERROR,2,300,0,2,False,False,2,13335,US,False,Alibaba Cloud Computing Ltd. d/b/a HiChina (www.net.cn),2,365,True,0,False,False,,benign,no_adverse_signal
mcpruntimelab.xyz,2026-07-09,17,3.5465935642949384,0.0,0,0.4444444444444444,-7.005495652173913,high,0.5263,4,0.9230769230769231,True,NOERROR,2,3600,1,2,True,False,0,16509,US,True,"GMO Internet, Inc.",2,365,True,28,False,False,,benign,no_adverse_signal
kawhileonard.ltd,2026-07-09,16,3.418295834054489,0.0,0,0.7142857142857143,-7.160061904761905,low,0.5263,2,0.9166666666666666,True,NOERROR,1,600,0,2,False,False,0,45090,CN,False,,,,,0,True,False,,malicious,spamhaus_zen
lifechangeracademy.online,2026-07-09,25,3.530493056757482,0.0,0,0.6363636363636364,-6.468939393939394,medium,0.4667,2,0.7222222222222222,False,NXDOMAIN,0,,0,0,False,False,0,,,,,,,False,,,False,,benign,no_adverse_signal
umrohberjamaah.com,2026-07-09,18,3.039148671903071,0.0,0,0.75,-8.157207999999999,low,0.4211,2,0.6428571428571429,True,NOERROR,1,14400,0,4,False,False,0,63949,SG,True,CV. Rumahweb Indonesia,2,365,False,0,False,False,,benign,no_adverse_signal
comjktewlrtyjreekrt.xyz,2026-07-09,23,3.2866294867861954,0.0,0,0.26666666666666666,-8.838402857142858,high,0.3846,7,0.5789473684210527,True,NOERROR,2,300,0,2,False,False,2,13335,US,False,NAMECHEAP INC,2,365,True,0,False,False,,benign,no_adverse_signal
playquest789.shop,2026-07-09,17,3.584962500721156,0.17647058823529413,0,0.5,-8.2937,low,0.5217,2,1.0,True,NOERROR,2,300,0,2,False,False,2,13335,US,False,,,,False,0,False,False,,benign,no_adverse_signal
oreacos.online,2026-07-09,14,2.5216406363433186,0.0,0,1.3333333333333333,-6.19689090909091,medium,0.625,1,0.8571428571428571,True,NOERROR,4,3241,5,2,True,False,0,36351,DE,True,NAMECHEAP INC,2,365,True,0,False,False,False,benign,no_adverse_signal
sabecompleto.online,2026-07-09,19,3.2516291673878226,0.0,0,0.7142857142857143,-6.634938095238095,medium,0.5263,3,0.8333333333333334,True,NOERROR,1,14400,1,2,True,False,0,53038,BR,True,"GoDaddy.com, LLC",2,365,False,0,False,False,False,benign,no_adverse_signal
tabekifu.jp,2026-07-09,11,3.0,0.0,0,1.0,-7.5784153846153846,low,0.5,1,1.0,True,NOERROR,1,3600,1,3,True,False,0,131965,JP,True,,7,393,False,0,False,False,False,benign,no_adverse_signal
9kdhb.top,2026-07-09,9,2.321928094887362,0.1111111111111111,0,0.0,-10.898642857142857,high,0.4615,4,1.0,True,NOERROR,8,60,0,2,False,True,0,8075,JP,False,"Spaceship, Inc.",2,365,True,0,False,True,,malicious,spamhaus_dbl
crispelyx.com,2026-07-09,13,3.169925001442312,0.0,0,0.2857142857142857,-7.4382600000000005,low,0.5333,3,1.0,True,NOERROR,1,180,1,2,True,True,0,24429,DE,False,Alibaba Cloud Computing Ltd. d/b/a HiChina (www.net.cn),3,365,False,0,False,False,False,benign,no_adverse_signal
saravanesh.dev,2026-07-09,14,2.6464393446710153,0.0,0,0.6666666666666666,-6.404417647058824,low,0.5333,2,0.7,True,NOERROR,1,300,0,4,False,False,0,47846,DE,False,,,,False,7,False,False,,benign,no_adverse_signal
neweraaph.com,2026-07-09,13,2.725480556997868,0.0,0,0.8,-6.936686666666666,low,0.5,2,0.7777777777777778,True,NOERROR,1,1800,2,2,True,False,1,47583,IN,False,"HOSTINGER operations, UAB",28,365,False,0,False,False,False,benign,no_adverse_signal
ontarioshipyard.com,2026-07-09,19,3.3735572622751846,0.0,0,0.6666666666666666,-6.873744444444444,low,0.4545,2,0.7333333333333333,True,NOERROR,1,3600,1,3,True,False,0,16686,CA,True,"easyDNS Technologies, Inc.",2,1826,True,0,False,False,False,benign,no_adverse_signal
qdxconsulting.com,2026-07-09,17,3.5465935642949384,0.0,0,0.3,-7.378565217391304,low,0.5714,4,0.9230769230769231,True,NOERROR,2,3600,1,2,True,False,0,16509,US,True,"GoDaddy.com, LLC",2,365,True,23,False,False,False,benign,no_adverse_signal
viviaagency.com,2026-07-09,15,2.9139770731827523,0.0,0,0.8333333333333334,-7.128357894736843,low,0.4706,3,0.7272727272727273,True,NOERROR,2,3600,0,2,False,False,0,16509,US,True,"GoDaddy.com, LLC",2,365,True,23,False,False,,benign,no_adverse_signal
kainos8.com,2026-07-09,11,2.807354922057604,0.09090909090909091,0,1.0,-7.598745454545455,low,0.6667,1,1.0,False,NOERROR,0,,0,2,False,False,0,,,,"GMO Internet, Inc.",2,365,True,,,False,,benign,no_adverse_signal
othcrmark.surf,2026-07-09,14,2.94770277922009,0.0,0,0.2857142857142857,-7.125159999999999,low,0.4615,5,0.8888888888888888,False,NOERROR,0,,0,2,False,False,0,,,,DYNADOT LLC,2,365,True,,,False,,benign,no_adverse_signal
betflash.online,2026-07-09,15,3.0,0.0,0,0.3333333333333333,-6.7783,medium,0.5333,3,1.0,False,NOERROR,0,,0,2,False,False,0,,,,"HOSTINGER operations, UAB",183,365,False,,,False,,benign,no_adverse_signal
woodium.net,2026-07-09,11,2.5216406363433186,0.0,0,1.3333333333333333,-7.286981818181818,low,0.6154,1,0.8571428571428571,True,NOERROR,1,1800,5,2,True,False,0,22612,US,False,NAMECHEAP INC,3,365,True,0,False,False,False,benign,no_adverse_signal
hmpianoevents.com,2026-07-09,17,3.3927474104487847,0.0,0,0.625,-7.16774347826087,low,0.5,3,0.8461538461538461,True,NOERROR,1,1800,0,0,False,False,0,58182,US,True,Wix.com Ltd.,371,730,True,0,False,False,,benign,no_adverse_signal
lilyeason.com,2026-07-09,13,2.94770277922009,0.0,0,0.8,-7.034993333333333,low,0.5333,2,0.8888888888888888,False,NOERROR,0,,0,2,False,False,0,,,,Porkbun LLC,2,365,False,,,False,,benign,no_adverse_signal
falecomigo.me,2026-07-09,13,3.121928094887362,0.0,0,1.0,-6.614882352941176,low,0.5556,1,0.9,True,NOERROR,3,3600,0,2,False,False,0,58182,US,True,"TUCOWS.COM, CO.",3,365,True,18,False,False,,benign,no_adverse_signal
345729.vip,2026-07-09,10,2.584962500721156,0.6,0,0.0,-11.2101,low,0.2667,0,1.0,True,NOERROR,1,1,0,2,False,True,0,64013,SG,False,DYNADOT LLC,2,365,True,0,False,True,,malicious,spamhaus_dbl
ikuyomc.net,2026-07-09,11,2.807354922057604,0.0,0,0.75,-8.49270909090909,low,0.5455,2,1.0,True,NOERROR,2,300,5,2,True,False,2,13335,US,False,NAMECHEAP INC,3,365,True,0,False,False,False,benign,no_adverse_signal
egtwn8.garden,2026-07-09,13,2.584962500721156,0.07692307692307693,0,0.25,-9.997,low,0.5,4,1.0,True,NOERROR,1,300,0,2,False,False,0,206834,DE,False,Dynadot Inc,2,365,True,11,False,False,,benign,no_adverse_signal
rountreemails.org,2026-07-09,17,3.3927474104487847,0.0,0,0.8571428571428571,-6.450039130434782,low,0.48,3,0.8461538461538461,True,NOERROR,2,22,0,4,False,False,0,16509,US,True,Porkbun LLC,379,730,False,2,False,False,,benign,no_adverse_signal
tvoyton.ru,2026-07-09,10,2.2359263506290326,0.0,0,0.4,-7.818127272727272,low,0.5455,2,0.7142857142857143,True,NOERROR,1,3600,2,2,True,False,1,197695,RU,True,REGRU-RU,3,365,False,0,False,False,False,benign,no_adverse_signal
trymakemusic.com,2026-07-09,16,3.418295834054489,0.0,0,0.5,-7.163771428571429,low,0.5,4,0.9166666666666666,True,NOERROR,2,300,1,2,True,False,2,13335,US,False,PDR Ltd. d/b/a PublicDomainRegistry.com,2,365,True,0,False,False,False,benign,no_adverse_signal
mailtransmitwire.com,2026-07-09,20,3.202819531114783,0.0,0,0.6,-6.783537931034482,low,0.4828,3,0.625,False,NOERROR,0,,0,3,False,False,0,,,,Hosting Concepts B.V. d/b/a Registrar.eu,2,365,True,,,False,,benign,no_adverse_signal
doucheyandboujee.com,2026-07-09,20,3.327819531114783,0.0,0,1.0,-7.508579310344828,low,0.4615,3,0.6875,True,NOERROR,1,3600,1,2,True,False,0,29873,US,True,"Network Solutions, LLC",2,365,True,0,False,False,False,benign,no_adverse_signal
krownedpillars.com,2026-07-09,18,3.521640636343319,0.0,0,0.4,-7.242428,low,0.5,2,0.8571428571428571,True,NOERROR,1,1799,5,2,True,False,0,22612,US,False,NAMECHEAP INC,2,365,True,0,False,False,False,benign,no_adverse_signal
xn----7sbjvjbftc1a.xn--p1ai,2026-07-09,27,3.5032583347756456,0.1111111111111111,6,0.09090909090909091,-10.672957575757577,low,0.3226,9,0.7222222222222222,True,NOERROR,1,600,2,6,True,False,0,198610,RU,True,,,,,0,False,False,False,benign,no_adverse_signal
supportlifesosai.com,2026-07-09,20,3.327819531114783,0.0,0,0.7777777777777778,-6.9143275862068965,low,0.5217,3,0.6875,True,NOERROR,4,14400,1,4,True,False,0,53831,US,False,Squarespace Domains II LLC,2,365,True,22,False,False,False,benign,no_adverse_signal
ampliquidators.org,2026-07-09,18,3.521640636343319,0.0,0,0.75,-6.896484,low,0.6087,3,0.8571428571428571,True,NOERROR,2,600,0,2,False,False,0,16509,US,True,"GoDaddy.com, LLC",2,365,False,0,False,False,,benign,no_adverse_signal
usaarchive.xyz,2026-07-09,14,3.121928094887362,0.0,0,1.0,-6.752341176470588,high,0.8235,3,0.9,True,NOERROR,2,3600,1,2,True,False,0,16509,US,True,"GMO Internet, Inc.",2,365,True,28,False,False,,benign,no_adverse_signal
bkbau-pro.de,2026-07-09,12,2.94770277922009,0.0,1,0.6,-8.526466666666668,low,0.7059,3,0.8888888888888888,True,NOERROR,1,3600,0,3,False,False,0,16509,US,True,,,,False,29,False,False,,benign,no_adverse_signal
90401.top,2026-07-09,9,1.9219280948873623,0.5555555555555556,0,0.0,-10.584471428571428,high,0.25,0,0.8,True,NOERROR,2,300,0,2,False,False,2,13335,US,False,"Spaceship, Inc.",2,365,True,0,False,False,,benign,no_adverse_signal
farmaciamimo.info,2026-07-09,17,2.6258145836939115,0.0,0,1.0,-6.767628571428572,medium,0.4545,2,0.5833333333333334,True,NOERROR,1,3600,2,4,True,False,1,8560,DE,True,,,,,0,False,False,False,benign,no_adverse_signal
swiftaecho.info,2026-07-09,15,3.321928094887362,0.0,0,0.6666666666666666,-7.458694117647059,medium,0.625,2,1.0,True,NOERROR,2,300,0,2,False,False,2,13335,US,False,,,,,0,False,False,,benign,no_adverse_signal
l03iaeck.cfd,2026-07-09,12,3.0,0.16666666666666666,0,1.0,-9.9352,low,0.6154,2,1.0,False,SERVFAIL,0,,0,0,False,False,0,,,,"GMO Internet, Inc.",2,365,True,,,False,,benign,no_adverse_signal
poetic.pw,2026-07-09,9,2.584962500721156,0.0,0,1.0,-6.8944,low,0.6154,1,1.0,True,NOERROR,1,3600,0,2,False,False,0,14618,US,True,"GoDaddy.com, LLC",3,365,True,0,False,False,,benign,no_adverse_signal
talksliro.com,2026-07-09,13,2.94770277922009,0.0,0,0.5,-7.30788,low,0.5,4,0.8888888888888888,True,NOERROR,2,300,0,2,False,False,2,13335,US,False,"NameSilo, LLC",2,365,True,0,False,False,,benign,no_adverse_signal
libbeyrestructuringinfo.com,2026-07-09,27,3.6753108689123644,0.0,0,0.5333333333333333,-6.891118604651163,low,0.4118,3,0.6086956521739131,True,NOERROR,2,300,0,2,False,False,2,13335,US,False,"HOSTINGER operations, UAB",2,365,False,0,False,False,,benign,no_adverse_signal
dickergig.com,2026-07-09,13,2.725480556997868,0.0,0,0.5,-6.76184,low,0.6667,2,0.7777777777777778,True,NOERROR,2,10800,0,2,True,False,2,14618,US,True,DropCatch.com 943 LLC,2,365,False,0,False,False,,benign,no_adverse_signal
latencymint.xyz,2026-07-09,15,3.095795255000934,0.0,0,0.375,-6.697894736842105,high,0.5263,4,0.8181818181818182,True,NOERROR,2,3600,1,2,True,False,0,16509,US,True,"GMO Internet, Inc.",2,365,True,28,False,False,,benign,no_adverse_signal
siiuisz.com,2026-07-09,11,1.8423709931771088,0.0,0,1.3333333333333333,-8.78118181818182,low,0.5455,2,0.5714285714285714,True,NOERROR,1,1800,0,2,False,False,0,22612,US,False,NAMECHEAP INC,2,365,True,0,False,False,,benign,no_adverse_signal
grandoperabet.icu,2026-07-09,17,3.238901256602631,0.0,0,0.625,-6.254965217391304,low,0.5714,2,0.7692307692307693,False,NOERROR,0,,0,2,False,False,0,,,,"NICENIC INTERNATIONAL GROUP CO., LIMITED",2,365,False,,,True,,malicious,spamhaus_dbl
goldpawtrading.com,2026-07-09,18,3.3787834934861767,0.0,0,0.4,-7.136632,low,0.56,3,0.7857142857142857,True,NOERROR,2,300,0,2,False,False,2,13335,US,False,"Cloudflare, Inc.",2,365,True,0,False,False,,benign,no_adverse_signal
fairend.xyz,2026-07-09,11,2.807354922057604,0.0,0,0.75,-6.306272727272727,high,0.6667,2,1.0,True,NOERROR,2,3600,1,2,True,False,0,16509,US,True,"GMO Internet, Inc.",2,365,True,28,False,False,,benign,no_adverse_signal
faceogic.com,2026-07-09,12,2.75,0.0,0,1.0,-7.188130769230769,low,0.625,1,0.875,True,NOERROR,2,20,2,4,True,False,0,16509,US,True,Porkbun LLC,2,365,False,7,False,False,False,benign,no_adverse_signal
stunir.com,2026-07-09,10,2.584962500721156,0.0,0,0.5,-6.675433333333333,low,0.5714,2,1.0,True,NOERROR,1,7200,0,2,False,False,0,31898,IN,True,"NETWORK SOLUTIONS, LLC.",2,365,True,0,False,False,,benign,no_adverse_signal
dwg-40i.garden,2026-07-09,14,2.807354922057604,0.14285714285714285,1,0.3333333333333333,-11.04450909090909,low,0.4,3,1.0,False,NOERROR,0,,0,2,False,False,0,,,,"Spaceship, Inc.",2,365,True,,,False,,benign,no_adverse_signal
tangkas123.net,2026-07-09,14,3.121928094887362,0.21428571428571427,0,0.4,-7.8745529411764705,low,0.5263,3,0.9,True,NOERROR,2,300,0,2,False,False,2,13335,US,False,NAMECHEAP INC,4,365,True,0,False,False,,benign,no_adverse_signal
ubsolutionscrm.com,2026-07-09,18,3.3787834934861767,0.0,0,0.5555555555555556,-6.8883600000000005,low,0.5294,5,0.7857142857142857,True,NOERROR,1,14400,0,2,False,False,0,398310,US,False,"Network Solutions, LLC",3,365,True,0,False,False,,benign,no_adverse_signal
help2.services,2026-07-09,14,2.321928094887362,0.07142857142857142,0,0.3333333333333333,-8.440042857142858,low,0.5455,2,1.0,True,NOERROR,2,600,0,2,False,False,0,16509,US,True,,,,,37,False,False,,benign,no_adverse_signal
henrycw.org,2026-07-09,11,2.807354922057604,0.0,0,0.16666666666666666,-8.326863636363637,low,0.6154,5,1.0,False,NOERROR,0,,0,2,False,False,0,,,,"Cloudflare, Inc.",3,365,False,,,False,,benign,no_adverse_signal
dpjlps.top,2026-07-09,10,2.2516291673878226,0.0,0,0.0,-10.248811111111111,high,0.5455,6,0.8333333333333334,False,NOERROR,0,,0,2,False,False,0,,,,"Todaynic.com, Inc.",2,365,True,,,True,,malicious,spamhaus_dbl
text-payment-esl-org.lat,2026-07-09,24,3.608694969562842,0.0,3,0.4166666666666667,-7.670578378378378,low,0.4848,2,0.7,False,NXDOMAIN,0,,0,0,False,False,0,,,,,,,False,,,False,,benign,no_adverse_signal
grantbroker.xyz,2026-07-09,15,3.027169118440619,0.0,0,0.375,-6.667089473684211,high,0.5263,4,0.8181818181818182,True,NOERROR,2,3600,1,2,True,False,0,16509,US,True,"GMO Internet, Inc.",2,365,True,28,False,False,,benign,no_adverse_signal
86qmi.top,2026-07-09,9,2.321928094887362,0.2222222222222222,0,0.5,-12.254428571428573,high,0.5,2,1.0,False,NOERROR,0,,0,2,False,False,0,,,,Dynadot LLC,2,365,True,,,False,,benign,no_adverse_signal
tardeolaspalmas.com,2026-07-09,19,3.106890595608519,0.0,0,0.6666666666666666,-6.620451851851851,low,0.4615,2,0.6666666666666666,True,NOERROR,1,50,0,2,False,False,0,47583,CY,False,"HOSTINGER operations, UAB",2,1096,False,32,False,False,,benign,no_adverse_signal
stellray.com,2026-07-09,12,2.75,0.0,0,0.3333333333333333,-6.887038461538461,low,0.625,3,0.875,True,NOERROR,1,50,0,2,False,False,0,47583,CY,False,"HOSTINGER operations, UAB",2,365,False,32,False,False,,benign,no_adverse_signal
leonardcirman.com,2026-07-09,17,3.238901256602631,0.0,0,0.625,-6.946404347826087,low,0.5833,3,0.7692307692307693,True,NOERROR,1,86400,0,2,False,False,0,16509,US,True,"TUCOWS.COM, CO.",371,730,True,1,False,False,,benign,no_adverse_signal
vbesporte.com,2026-07-09,13,2.94770277922009,0.0,0,0.5,-6.703173333333334,low,0.625,2,0.8888888888888888,True,NOERROR,1,1800,0,2,False,False,1,47583,BR,False,"HOSTINGER operations, UAB",2,365,False,0,False,False,,benign,no_adverse_signal
fillingminlin.com,2026-07-09,17,2.353533948577482,0.0,0,0.4444444444444444,-6.366326086956522,low,0.4762,3,0.46153846153846156,True,NOERROR,2,300,3,2,True,False,2,13335,US,False,"Cloudflare, Inc.",2,365,True,0,False,False,False,benign,no_adverse_signal
ragfairs.xyz,2026-07-09,12,2.5,0.0,0,0.6,-7.597153846153845,high,0.5,2,0.75,True,NOERROR,2,3600,1,2,True,False,0,16509,US,True,"GMO Internet, Inc.",2,365,True,28,False,False,,benign,no_adverse_signal
alanhost.com,2026-07-09,12,2.75,0.0,0,0.6,-6.2116461538461545,low,0.75,2,0.875,False,timeout,0,,0,0,False,False,0,,,,"Gransy, s.r.o.",2,365,False,,,False,,benign,no_adverse_signal
qewuqiu.com,2026-07-09,11,2.2359263506290326,0.0,0,1.3333333333333333,-10.4049,low,0.4615,1,0.7142857142857143,True,NOERROR,2,300,0,2,False,False,2,13335,US,False,NAMECHEAP INC,2,365,True,0,False,False,,benign,no_adverse_signal
openshared.xyz,2026-07-09,14,3.121928094887362,0.0,0,0.6666666666666666,-6.222411764705883,high,0.625,3,0.9,True,NOERROR,2,3600,1,2,True,False,0,16509,US,True,"GMO Internet, Inc.",3,365,True,28,False,False,,benign,no_adverse_signal
hanayamatcha.com,2026-07-09,16,2.4508257945180882,0.0,0,0.7142857142857143,-6.509309523809525,low,0.6364,3,0.5833333333333334,False,timeout,0,,0,0,False,False,0,,,,"Net-Chinese Co., Ltd.",2,1096,True,,,False,,benign,no_adverse_signal
hyperlooper.app,2026-07-09,15,2.73215889136457,0.0,0,0.5714285714285714,-6.882036842105263,low,0.5,3,0.6363636363636364,False,NOERROR,0,,0,2,False,False,0,,,,,,,False,,,False,,benign,no_adverse_signal
gb997.club,2026-07-09,10,1.9219280948873623,0.3,0,0.0,-11.676057142857143,low,0.4444,2,0.8,True,NOERROR,2,300,0,2,False,False,2,13335,US,False,Dynadot Inc,2,365,True,0,False,False,,benign,no_adverse_signal
mulded.com,2026-07-09,10,2.251629167387823,0.0,0,0.5,-7.4433333333333325,low,0.5455,2,0.8333333333333334,True,NOERROR,1,86400,5,4,False,False,1,13335,CA,True,"TUCOWS.COM, CO.",2,365,True,0,False,False,False,benign,no_adverse_signal
dvopen.com,2026-07-09,10,2.584962500721156,0.0,0,0.5,-7.460133333333333,low,0.7273,2,1.0,True,NOERROR,1,300,2,2,True,False,0,13335,DE,True,NAMECHEAP INC,2,365,True,35,False,False,False,benign,no_adverse_signal
deploybrand.xyz,2026-07-09,15,3.2776134368191165,0.0,0,0.375,-7.075073684210526,high,0.5882,3,0.9090909090909091,True,NOERROR,2,3600,1,2,True,False,0,16509,US,True,"GMO Internet, Inc.",2,365,True,28,False,False,,benign,no_adverse_signal
xxvd-jnh.com.cn,2026-07-09,15,2.75,0.0,1,0.0,-10.807607692307691,low,0.4615,4,0.875,True,NOERROR,1,600,0,2,False,False,0,58658,US,False,深圳英迈思信息技术有限公司,3,365,False,0,False,False,,benign,no_adverse_signal
yuyekas.com,2026-07-09,11,2.5216406363433186,0.0,0,0.75,-8.377518181818182,low,0.5,1,0.8571428571428571,True,NOERROR,1,3600,1,2,False,False,1,21499,FR,True,Mesh Digital Limited,2,365,False,0,False,False,False,benign,no_adverse_signal
vava4dsky.us,2026-07-09,12,2.725480556997868,0.08333333333333333,0,0.3333333333333333,-9.05072,low,0.5714,4,0.7777777777777778,True,NOERROR,2,300,0,2,False,False,2,13335,US,False,Dynadot Inc,2,365,False,0,False,False,,benign,no_adverse_signal
talhatemizlik.com.tr,2026-07-09,20,3.085055102756477,0.0,0,0.625,-7.197669565217391,low,0.4545,2,0.6923076923076923,True,NOERROR,2,300,0,2,False,False,2,13335,US,False,,4,364,False,0,False,False,,benign,no_adverse_signal
lafirmaatelier.com,2026-07-09,18,2.8962915290459286,0.0,0,1.0,-6.8561440000000005,low,0.5714,2,0.5714285714285714,True,NOERROR,4,14400,1,4,True,False,0,53831,US,False,Squarespace Domains II LLC,2,365,True,22,False,False,False,benign,no_adverse_signal
peninecasino.net,2026-07-09,16,2.8553885422075336,0.0,0,1.0,-5.994409523809524,low,0.5263,1,0.6666666666666666,True,NOERROR,2,300,0,2,False,False,2,13335,US,False,"Spaceship, Inc.",3,365,False,0,False,False,,benign,no_adverse_signal
pelouse.kr,2026-07-09,10,2.5216406363433186,0.0,0,1.3333333333333333,-6.4006454545454545,low,0.5714,1,0.8571428571428571,True,NOERROR,4,60,0,4,False,False,0,16509,US,True,"Gabia, Inc.(http://www.gabia.co.kr)",4,365,False,0,False,False,,benign,no_adverse_signal
gailent.xyz,2026-07-09,11,2.807354922057604,0.0,0,0.75,-6.253636363636364,high,0.6667,2,1.0,True,NOERROR,2,3600,1,2,True,False,0,16509,US,True,"GMO Internet, Inc.",2,365,True,28,False,False,,benign,no_adverse_signal
rathouse.events,2026-07-09,15,3.0,0.0,0,1.0,-6.332576923076923,low,0.5714,2,1.0,True,NOERROR,1,150,1,2,False,False,1,8560,DE,True,,,,,1,False,False,False,benign,no_adverse_signal
916295c.cc,2026-07-09,10,2.5216406363433186,0.6,0,0.0,-11.298263636363636,low,0.4,1,0.8571428571428571,False,NOERROR,0,,0,2,False,False,0,,,,"NameSilo, LLC",3,365,True,,,False,,benign,no_adverse_signal
weatherfordtech.com,2026-07-09,19,3.189898095464287,0.0,0,0.5,-6.642592592592592,low,0.6364,3,0.6666666666666666,True,NOERROR,2,300,0,2,False,False,2,13335,US,False,"Cloudflare, Inc.",2,365,True,0,False,False,,benign,no_adverse_signal
hyacinthmillstone.com.de,2026-07-09,24,1.584962500721156,0.0,0,0.5,-5.649566666666666,low,0.6,1,1.0,True,NOERROR,2,300,0,2,False,False,2,13335,US,False,,,,False,0,False,False,,benign,no_adverse_signal
acquisitionstrategicholding.com,2026-07-09,31,3.7043494289560517,0.0,0,0.6875,-6.60776862745098,low,0.4186,4,0.5555555555555556,True,NOERROR,1,300,0,2,False,False,0,206834,DE,False,Dynadot Inc,2,365,False,11,False,False,,benign,no_adverse_signal
4xuwc.top,2026-07-09,9,2.321928094887362,0.1111111111111111,0,0.3333333333333333,-11.6518,high,0.4444,2,1.0,True,NOERROR,8,60,0,2,False,True,0,209242,US,False,"Spaceship, Inc.",2,365,True,0,False,True,,malicious,spamhaus_dbl
courtbankruptcy.com,2026-07-09,19,3.3735572622751846,0.0,0,0.36363636363636365,-7.502062962962963,low,0.4348,4,0.7333333333333333,True,NOERROR,2,10800,2,2,True,False,2,14618,US,True,DropCatch.com 929 LLC,2,365,True,0,False,False,False,benign,no_adverse_signal
maincave.xyz,2026-07-09,12,2.75,0.0,0,1.0,-6.537515384615385,high,0.6154,2,0.875,True,NOERROR,2,3600,1,2,True,False,0,16509,US,True,"GMO Internet, Inc.",2,365,True,28,False,False,,benign,no_adverse_signal
investmentgenerationalholding.com,2026-07-09,33,3.5780011510322707,0.0,0,0.6111111111111112,-6.479692727272727,low,0.3902,3,0.4827586206896552,True,NOERROR,1,300,0,2,False,False,0,206834,DE,False,Dynadot Inc,2,365,False,11,False,False,,benign,no_adverse_signal
fjx8ba.top,2026-07-09,10,2.584962500721156,0.1,0,0.25,-11.738077777777779,high,0.4615,3,1.0,True,NOERROR,11,300,0,2,False,True,0,8075,HK,False,Dynadot LLC,2,365,True,0,False,True,,malicious,spamhaus_dbl
futurepartyhub.com,2026-07-09,18,3.182005814760214,0.0,0,0.5555555555555556,-7.029552,low,0.5185,4,0.7142857142857143,True,NOERROR,2,27,0,4,False,False,0,16509,US,True,Porkbun LLC,380,730,False,0,False,False,,benign,no_adverse_signal
ask-leadember.com,2026-07-09,17,3.180832987205441,0.0,1,0.7142857142857143,-7.230830434782609,low,0.5185,2,0.7692307692307693,False,NOERROR,0,,1,4,True,False,0,,,,NAMECHEAP INC,2,365,True,,,False,False,benign,no_adverse_signal
tryzapandpay.info,2026-07-09,17,2.8553885422075336,0.0,0,0.3333333333333333,-7.476842857142858,medium,0.4615,4,0.6666666666666666,True,NOERROR,2,21,0,4,False,False,0,16509,US,True,,,,,0,False,False,,benign,no_adverse_signal
utatoys.com,2026-07-09,11,2.5216406363433186,0.0,0,0.75,-6.987581818181818,low,0.6667,2,0.8571428571428571,True,NOERROR,1,1800,5,2,True,False,0,22612,US,False,NAMECHEAP INC,2,365,True,0,False,False,False,benign,no_adverse_signal
ethjobai.xyz,2026-07-09,12,3.0,0.0,0,1.0,-7.660053846153845,high,0.5714,3,1.0,True,NOERROR,2,3600,1,2,True,False,0,16509,US,True,"GMO Internet, Inc.",2,365,True,28,False,False,,benign,no_adverse_signal
cosmopeakco.com,2026-07-09,15,2.845350936622437,0.0,0,0.8333333333333334,-7.403042105263158,low,0.5,2,0.7272727272727273,False,NOERROR,0,,1,4,True,False,0,,,,PDR Ltd. d/b/a PublicDomainRegistry.com,2,365,True,,,False,False,benign,no_adverse_signal
optimainsuranceagency.de,2026-07-09,24,3.653756708287001,0.0,0,0.75,-6.543215384615385,low,0.5,3,0.6666666666666666,True,NOERROR,4,30,0,2,False,False,7,212317,US,True,,,,False,0,False,False,,benign,no_adverse_signal
6399bs19.com,2026-07-09,12,2.4056390622295662,0.5,0,0.0,-10.624884615384616,low,0.3636,2,0.75,False,NOERROR,0,,0,2,False,False,0,,,,Gname 037 Inc,2,365,False,,,False,,benign,no_adverse_signal
duponprotechiran.com,2026-07-09,20,3.5,0.0,0,0.6,-6.663758620689655,low,0.5333,3,0.75,False,SERVFAIL,0,,0,0,False,False,0,,,,Isimtescil Bilisim A.S,2,365,True,,,False,,benign,no_adverse_signal
gracereview.xyz,2026-07-09,15,2.845350936622437,0.0,0,0.8333333333333334,-6.450126315789474,high,0.5455,2,0.7272727272727273,True,NOERROR,2,3600,1,2,True,False,0,16509,US,True,"GMO Internet, Inc.",2,365,True,28,False,False,,benign,no_adverse_signal
talkfilter.xyz,2026-07-09,14,2.9219280948873623,0.0,0,0.42857142857142855,-7.154335294117647,high,0.5882,3,0.8,True,NOERROR,2,3600,1,2,True,False,0,16509,US,True,"GMO Internet, Inc.",3,365,True,28,False,False,,benign,no_adverse_signal
dgtgfd215.vip,2026-07-09,13,2.725480556997868,0.23076923076923078,0,0.0,-10.260753333333334,low,0.4615,6,0.7777777777777778,True,NOERROR,1,60,0,2,False,True,0,38186,HK,True,Dynadot Inc,2,365,True,0,True,True,,malicious,spamhaus_zen
baserab.com,2026-07-09,11,2.2359263506290326,0.0,0,0.75,-6.094172727272727,low,0.5714,1,0.7142857142857143,True,NOERROR,1,50,0,2,False,False,0,47583,CY,False,"HOSTINGER operations, UAB",2,1096,False,32,False,False,,benign,no_adverse_signal
cryptobeacon.com.de,2026-07-09,19,1.584962500721156,0.0,0,0.5,-5.649566666666666,low,0.6,1,1.0,True,NOERROR,1,60,0,3,False,False,0,22611,US,True,,,,False,0,False,False,,benign,no_adverse_signal
cofxfc.garden,2026-07-09,13,1.9182958340544893,0.0,0,0.2,-9.845322222222222,low,0.6667,4,0.6666666666666666,True,NOERROR,1,300,0,2,False,False,0,206834,DE,False,Dynadot Inc,2,365,True,11,False,False,,benign,no_adverse_signal
aindiary.xyz,2026-07-09,12,2.5,0.0,0,1.0,-6.231538461538462,high,0.6154,2,0.75,True,NOERROR,2,3600,1,2,True,False,0,16509,US,True,"GMO Internet, Inc.",2,365,True,28,False,False,,benign,no_adverse_signal
scsky.cfd,2026-07-09,9,1.9219280948873623,0.0,0,0.0,-8.338742857142858,low,0.6667,5,0.8,False,NOERROR,0,,0,2,False,False,0,,,,GLOBAL ASSET DOMAINS INC,2,365,True,,,True,,malicious,spamhaus_dbl
abdollahstore.com,2026-07-09,17,3.238901256602631,0.0,0,0.625,-7.1269,low,0.6923,3,0.7692307692307693,False,NOERROR,0,,3,2,True,False,0,,,,"Amazon Registrar, Inc.",2,365,True,,,False,False,benign,no_adverse_signal
aysskqinr.pro,2026-07-09,13,2.94770277922009,0.0,0,0.2857142857142857,-8.943459999999998,low,0.5556,5,0.8888888888888888,True,NOERROR,16,60,5,2,True,True,0,64013,SG,False,,,,,0,False,False,False,benign,no_adverse_signal
positiveretreats.net,2026-07-09,20,3.0306390622295662,0.0,0,0.7777777777777778,-6.199682758620689,low,0.56,2,0.5625,True,NOERROR,3,3600,0,2,False,False,0,58182,US,True,Wix.com Ltd.,2,365,False,19,False,False,,benign,no_adverse_signal
2byfupa7.cfd,2026-07-09,12,3.0,0.16666666666666666,0,0.5,-9.6389,low,0.4286,3,1.0,False,NOERROR,0,,0,2,False,False,0,,,,"GMO Internet, Inc.",2,365,True,,,False,,benign,no_adverse_signal
r5v1n52y.top,2026-07-09,12,2.75,0.3333333333333333,0,0.0,-12.345584615384617,high,0.375,1,0.875,True,NOERROR,3,60,0,2,False,True,0,138995,US,False,Dominet (HK) Limited,2,365,True,0,True,True,,malicious,spamhaus_zen
icon169thai.com,2026-07-09,15,3.2776134368191165,0.2,0,1.0,-8.621447368421054,low,0.4706,2,0.9090909090909091,True,NOERROR,2,300,0,2,False,False,2,13335,US,False,Dynadot Inc,2,365,False,0,False,False,,benign,no_adverse_signal
nonviolenceuganda.org,2026-07-09,21,3.2639334294856344,0.0,0,0.8888888888888888,-7.046167741935484,low,0.4848,2,0.6470588235294118,True,NOERROR,3,3600,0,2,False,False,0,58182,US,True,"TUCOWS.COM, CO.",2,365,True,15,False,False,,benign,no_adverse_signal
gooddayoliver.com,2026-07-09,17,3.180832987205441,0.0,0,0.8571428571428571,-6.872256521739131,low,0.5263,2,0.7692307692307693,True,NOERROR,2,3600,0,2,False,False,0,16509,US,True,"GoDaddy.com, LLC",2,1096,True,23,False,False,,benign,no_adverse_signal
theshy1.uno,2026-07-09,11,2.5216406363433186,0.09090909090909091,0,0.2,-7.9142636363636365,low,0.5455,3,0.8571428571428571,False,NOERROR,0,,0,2,False,False,0,,,,Alibaba Cloud Computing Ltd. d/b/a HiChina (www.net.cn),2,365,False,,,False,,benign,no_adverse_signal
ussegzox.cfd,2026-07-09,12,2.75,0.0,0,0.6,-8.420984615384615,low,0.4762,2,0.875,False,NOERROR,0,,0,2,False,False,0,,,,"GMO Internet, Inc.",2,365,True,,,False,,benign,no_adverse_signal
travinh.top,2026-07-09,11,2.807354922057604,0.0,0,0.4,-6.500454545454545,high,0.5556,2,1.0,True,NOERROR,2,6,0,4,False,False,0,16509,US,True,Porkbun LLC,1839,2191,True,0,False,False,,benign,no_adverse_signal
metricperformancelab.com,2026-07-09,24,3.546439344671015,0.0,0,0.5384615384615384,-6.537291891891892,low,0.4706,2,0.65,True,NOERROR,4,14400,1,4,True,False,0,53831,US,False,Squarespace Domains II LLC,2,365,True,22,False,False,False,benign,no_adverse_signal
9kzbbm2a.cfd,2026-07-09,12,2.75,0.16666666666666666,0,0.2,-11.429107692307692,low,0.4286,5,0.875,False,NOERROR,0,,0,2,False,False,0,,,,"GMO Internet, Inc.",2,365,True,,,False,,benign,no_adverse_signal
hagridart.co.uk,2026-07-09,15,2.725480556997868,0.0,0,0.5,-6.776613333333333,low,0.625,2,0.7777777777777778,True,NOERROR,1,600,0,4,False,False,0,63949,US,True,Blacknight Internet Solutions Ltd t/a Blacknight Solutions [Tag = BLACKNIGHT-IE],5,365,False,0,False,False,,benign,no_adverse_signal
catalystgrowthcoach.digital,2026-07-09,27,3.2866294867861954,0.0,0,0.35714285714285715,-7.275725714285714,low,0.3871,6,0.5789473684210527,True,NOERROR,2,300,0,2,False,False,2,13335,US,False,,,,,0,False,False,,benign,no_adverse_signal
27690.top,2026-07-09,9,2.321928094887362,0.5555555555555556,0,0.0,-11.346028571428572,high,0.5,0,1.0,True,NOERROR,2,300,0,2,False,False,2,13335,US,False,"Spaceship, Inc.",2,365,True,0,False,False,,benign,no_adverse_signal
tuuvtdbl.cc,2026-07-09,11,2.5,0.0,0,0.3333333333333333,-9.441084615384614,low,0.5714,5,0.75,False,NOERROR,0,,0,2,False,False,0,,,,"GoDaddy.com, LLC",2,365,True,,,False,,benign,no_adverse_signal
aa9kbnqc.cfd,2026-07-09,12,2.75,0.08333333333333333,0,0.4,-11.404323076923077,low,0.4444,5,0.875,False,NOERROR,0,,0,2,False,False,0,,,,"GMO Internet, Inc.",2,365,True,,,False,,benign,no_adverse_signal
p79uhf278.xyz,2026-07-09,13,2.94770277922009,0.38461538461538464,0,0.3333333333333333,-11.75592,high,0.3333,2,0.8888888888888888,True,NOERROR,2,300,0,2,False,True,2,13335,US,False,Gname.com Pte. Ltd.,2,365,True,0,False,False,,benign,no_adverse_signal
manchesterglobe.co.uk,2026-07-09,21,3.5898980954642865,0.0,0,0.5,-6.359388888888889,low,0.5,3,0.8666666666666667,False,NOERROR,0,,0,2,False,False,0,,,,"Cloudflare, Inc. [Tag = CLOUDFLARE]",3,365,False,,,False,,benign,no_adverse_signal
vegasnow-australian.com,2026-07-09,23,3.6163485660751626,0.0,1,0.8,-7.023997142857143,low,0.4667,3,0.7368421052631579,True,NOERROR,1,900,0,3,False,False,0,206834,DE,False,Hosting Concepts B.V. d/b/a Registrar.eu,2,365,True,0,False,False,,benign,no_adverse_signal
cvmzq-n.garden,2026-07-09,14,2.807354922057604,0.0,1,0.0,-11.700209090909091,low,0.5455,5,1.0,False,NOERROR,0,,0,2,False,False,0,,,,"Spaceship, Inc.",2,365,True,,,False,,benign,no_adverse_signal
arubahussain.xyz,2026-07-09,16,2.8553885422075336,0.0,0,1.0,-7.249695238095239,high,0.5714,2,0.6666666666666666,True,NOERROR,2,600,0,2,False,False,0,16509,US,True,"GoDaddy.com, LLC",2,365,True,37,False,False,,benign,no_adverse_signal
vitinr.site,2026-07-09,11,2.2516291673878226,0.0,0,0.5,-6.631277777777778,medium,0.6154,2,0.8333333333333334,True,NOERROR,1,86400,0,2,False,False,0,44094,RU,True,Registrar of Domain Names REG.RU LLC,2,365,False,0,False,False,,benign,no_adverse_signal
equityinvestmentsteward.com,2026-07-09,27,3.567040216926579,0.0,0,0.5333333333333333,-6.867537209302326,low,0.4242,4,0.6086956521739131,True,NOERROR,2,300,0,2,False,False,0,16509,US,True,"Spaceship, Inc.",2,365,False,1,False,False,,benign,no_adverse_signal
betra-arena.xyz,2026-07-09,15,2.663532754804255,0.0,1,1.0,-6.556763157894737,high,0.5263,2,0.6363636363636364,True,NOERROR,2,300,0,2,False,False,2,13335,US,False,Porkbun LLC,3,365,False,0,False,False,,benign,no_adverse_signal
866683071.xyz,2026-07-09,13,2.4193819456463714,0.6923076923076923,0,0.0,-10.855546666666667,high,0.3333,0,0.6666666666666666,False,NOERROR,0,,0,4,False,False,0,,,,"Name.com, Inc.",2,365,True,,,False,,benign,no_adverse_signal
i20999.com,2026-07-09,10,1.792481250360578,0.5,0,1.0,-9.854166666666666,low,0.3636,0,0.6666666666666666,False,NOERROR,0,,0,2,False,False,0,,,,"GMO Internet, Inc.",2,365,True,,,False,,benign,no_adverse_signal
paitomacau.info,2026-07-09,15,2.8464393446710154,0.0,0,1.5,-6.773576470588235,medium,0.4762,1,0.8,True,NOERROR,2,300,0,2,False,False,2,13335,US,False,,,,,0,False,False,,benign,no_adverse_signal
goodgirlcreatine.com,2026-07-09,20,3.375,0.0,0,0.7777777777777778,-6.9660586206896555,low,0.6154,4,0.6875,True,NOERROR,2,600,0,2,False,False,0,16509,US,True,"GoDaddy.com, LLC",2,365,True,37,False,False,,benign,no_adverse_signal
essentielclinic.be,2026-07-09,18,2.739572261986723,0.0,0,0.6666666666666666,-6.344,low,0.48,3,0.4666666666666667,True,NOERROR,1,86400,1,2,True,False,0,35625,FR,True,,4,,False,0,False,False,False,benign,no_adverse_signal
childspacelondon.com,2026-07-09,20,3.375,0.0,0,0.45454545454545453,-6.628906896551724,low,0.5217,4,0.6875,True,NOERROR,2,3600,0,2,False,False,0,16509,US,True,"GoDaddy.com, LLC",2,365,True,23,False,False,,benign,no_adverse_signal
843163.cc,2026-07-09,9,2.2516291673878226,0.6666666666666666,0,0.0,-10.736600000000001,low,0.6667,0,0.8333333333333334,True,NOERROR,20,10,0,2,False,True,0,133199,HK,False,Dynadot Inc,5,365,False,0,False,False,,benign,no_adverse_signal
taskbox-sg.com,2026-07-09,14,3.121928094887362,0.0,1,0.2857142857142857,-8.267094117647058,low,0.5263,3,0.9,True,NOERROR,4,14400,1,4,True,False,0,53831,US,False,Squarespace Domains II LLC,2,365,True,22,False,False,False,benign,no_adverse_signal
sodonio.com,2026-07-09,11,2.1280852788913944,0.0,0,1.3333333333333333,-6.833463636363636,low,0.6,1,0.7142857142857143,False,NOERROR,0,,1,2,True,False,0,,,,"Cloudflare, Inc.",2,365,True,,,False,False,benign,no_adverse_signal
collagene-marin-bienfaits.fr,2026-07-09,28,3.723074189428569,0.0,2,0.7692307692307693,-6.962210638297873,low,0.4651,2,0.6,True,NOERROR,1,1800,0,3,False,False,0,24940,DE,True,RANXPLORER,1,364,False,0,False,False,,benign,no_adverse_signal
angelicaonearth.com,2026-07-09,19,3.32323142879762,0.0,0,0.875,-6.374185185185185,low,0.5217,3,0.7333333333333333,True,NOERROR,1,86400,1,4,True,False,1,13335,CA,True,"TUCOWS.COM, CO.",2,365,True,0,False,False,False,benign,no_adverse_signal
evaltraffic.xyz,2026-07-09,15,3.095795255000934,0.0,0,0.5714285714285714,-6.847078947368422,high,0.5926,3,0.8181818181818182,True,NOERROR,2,3600,1,2,True,False,0,16509,US,True,"GMO Internet, Inc.",2,365,True,28,False,False,,benign,no_adverse_signal
simpleinternetservices.com,2026-07-09,26,3.226730915057127,0.0,0,0.5714285714285714,-6.242302439024391,low,0.5714,3,0.5,False,NOERROR,0,,3,2,True,False,0,,,,"Amazon Registrar, Inc.",2,365,True,,,False,False,benign,no_adverse_signal
hairdeep.xyz,2026-07-09,12,2.75,0.0,0,1.0,-6.908415384615385,high,0.5714,2,0.875,True,NOERROR,2,3600,1,2,True,False,0,16509,US,True,"GMO Internet, Inc.",2,365,True,28,False,False,,benign,no_adverse_signal
kn0f2070.cfd,2026-07-09,12,2.4056390622295662,0.4166666666666667,0,0.0,-12.010923076923076,low,0.4615,2,0.75,False,NOERROR,0,,0,2,False,False,0,,,,"GMO Internet, Inc.",2,365,True,,,False,,benign,no_adverse_signal
qttbk9dryenuxwd.sbs,2026-07-09,19,3.640223928941851,0.05263157894736842,0,0.16666666666666666,-9.954422222222222,low,0.4444,5,0.8666666666666667,True,NOERROR,2,60,0,2,False,False,0,7483,TW,False,Dynadot Inc,2,365,False,0,False,False,,benign,no_adverse_signal
pasabika.blog,2026-07-09,13,2.4056390622295662,0.0,0,1.0,-7.082646153846154,low,0.5333,1,0.75,True,NOERROR,2,300,0,2,False,False,2,13335,US,False,"Spaceship, Inc.",2,365,True,0,False,False,,benign,no_adverse_signal
innovaitlogisticstransit.com,2026-07-09,28,3.204986855772667,0.0,0,0.6,-6.629364444444444,low,0.45,4,0.4583333333333333,True,NOERROR,2,38,2,4,True,False,0,16509,US,True,Porkbun LLC,2,365,False,0,False,False,False,benign,no_adverse_signal
protectiveprivacy.com,2026-07-09,21,3.2639334294856344,0.0,0,0.5454545454545454,-6.655861290322581,low,0.5,2,0.5882352941176471,True,NOERROR,1,1800,5,2,True,False,0,22612,US,False,NAMECHEAP INC,2,365,True,0,False,False,False,benign,no_adverse_signal
lordfilmvmmd.vu,2026-07-09,15,2.8553885422075336,0.0,0,0.2,-8.367919047619049,low,0.4615,6,0.6666666666666666,True,NOERROR,1,300,0,2,False,False,0,211381,NL,True,Dynadot Inc,6,365,True,0,False,False,,benign,no_adverse_signal
digilife.co.za,2026-07-09,14,2.4056390622295662,0.0,0,1.0,-6.858823076923077,low,0.625,1,0.75,True,NOERROR,1,3600,0,2,False,False,0,206834,CA,False,Openprovider,5,365,False,0,False,False,,benign,no_adverse_signal
revlinewear.shop,2026-07-09,16,2.845350936622437,0.0,0,0.8333333333333334,-6.697657894736842,low,0.5714,2,0.7272727272727273,True,NOERROR,1,86400,0,2,False,False,0,16509,US,True,,,,False,1,False,False,,benign,no_adverse_signal
trobas.net,2026-07-09,10,2.584962500721156,0.0,0,0.5,-6.469977777777777,low,0.6667,2,1.0,True,NOERROR,4,14400,1,4,False,False,0,53831,US,False,Squarespace Domains LLC,3,365,True,22,False,False,False,benign,no_adverse_signal
mbatopcollegesinindia.com,2026-07-09,25,3.6897037321995474,0.0,0,0.75,-6.563946153846154,low,0.4737,2,0.6666666666666666,True,NOERROR,1,1800,0,0,False,False,0,58182,US,True,Wix.com Ltd.,371,730,True,0,False,False,,benign,no_adverse_signal
shahicuisine.com.pk,2026-07-09,19,2.8553885422075336,0.0,0,1.0,-7.018028571428571,low,0.5263,2,0.6666666666666666,True,NOERROR,2,60,1,2,True,False,2,47583,CY,False,,4,731,False,0,False,False,False,benign,no_adverse_signal
alertcoding.xyz,2026-07-09,15,3.459431618637298,0.0,0,0.5714285714285714,-6.3146157894736845,high,0.5263,3,1.0,True,NOERROR,2,3600,1,2,True,False,0,16509,US,True,"GMO Internet, Inc.",2,365,True,28,False,False,,benign,no_adverse_signal
factuelect.com.ar,2026-07-09,17,2.7219280948873625,0.0,0,0.6666666666666666,-6.898641176470588,low,0.6087,2,0.7,True,NOERROR,1,14400,1,2,True,False,0,27823,AR,True,nicar,1471,1831,False,0,False,False,False,benign,no_adverse_signal
milltexstiches.com,2026-07-09,18,3.09306920777189,0.0,0,0.4,-6.749696,low,0.5185,3,0.6428571428571429,True,NOERROR,1,300,0,2,False,False,0,206834,DE,False,Dynadot Inc,2,365,False,11,False,False,,benign,no_adverse_signal
retrogamerglen.com,2026-07-09,18,2.9852281360342525,0.0,0,0.5555555555555556,-6.478148,low,0.5161,3,0.6428571428571429,True,NOERROR,4,14400,1,4,True,False,0,53831,US,False,Squarespace Domains II LLC,2,365,True,22,False,False,False,benign,no_adverse_signal
lpcrservicesltd.com,2026-07-09,19,3.2402239289418513,0.0,0,0.25,-7.322714814814815,low,0.5806,5,0.6666666666666666,True,NOERROR,4,14400,1,4,True,False,0,53831,US,False,Squarespace Domains II LLC,2,365,True,22,False,False,False,benign,no_adverse_signal
owarijitaku.com,2026-07-09,15,3.095795255000934,0.0,0,1.2,-7.289978947368422,low,0.4444,1,0.8181818181818182,True,NOERROR,1,300,0,2,False,False,0,16509,US,False,"Cloudflare, Inc.",2,365,True,0,False,False,,benign,no_adverse_signal
tessadora.com,2026-07-09,13,2.725480556997868,0.0,0,0.8,-6.369886666666667,low,0.5333,2,0.7777777777777778,True,NOERROR,1,86400,0,2,False,False,0,16509,US,True,"TUCOWS.COM, CO.",371,730,True,1,False,False,,benign,no_adverse_signal
mg46n5yy.cfd,2026-07-09,12,2.75,0.25,0,0.0,-12.528838461538461,low,0.375,2,0.875,False,NOERROR,0,,0,2,False,False,0,,,,"GMO Internet, Inc.",3,365,True,,,False,,benign,no_adverse_signal
scopeassets.xyz,2026-07-09,15,2.5503407095463886,0.0,0,0.5714285714285714,-6.506042105263158,high,0.5833,2,0.6363636363636364,True,NOERROR,2,3600,1,2,True,False,0,16509,US,True,"GMO Internet, Inc.",2,365,True,28,False,False,,benign,no_adverse_signal
govdid.com,2026-07-09,10,2.251629167387823,0.0,0,0.5,-8.052922222222222,low,0.6154,2,0.8333333333333334,True,NOERROR,1,10800,0,0,False,False,0,14618,US,True,"GoDaddy.com, LLC",2,365,True,0,False,False,,benign,no_adverse_signal
thefriesshop.com,2026-07-09,16,3.084962500721156,0.0,0,0.5,-6.753419047619047,low,0.4762,3,0.75,True,NOERROR,2,3600,1,2,True,False,0,16509,US,True,UnstoppableUS1 LLC,2,365,False,65,False,False,,malicious,abuseipdb
fahrlehrer-werden-quereinsteiger.de,2026-07-09,35,3.515319531114783,0.0,2,0.6666666666666666,-7.571132786885246,low,0.3673,3,0.5,True,NOERROR,1,300,0,2,False,False,0,47583,DE,True,,,,False,0,False,False,,benign,no_adverse_signal
cafepreneuracademy.info,2026-07-09,23,3.2390979179887864,0.0,0,0.8,-6.814712121212121,medium,0.4848,2,0.6111111111111112,True,NOERROR,2,600,0,2,False,False,0,16509,US,True,,,,,37,False,False,,benign,no_adverse_signal
aselyamishal.com,2026-07-09,16,2.8553885422075336,0.0,0,0.7142857142857143,-6.778580952380953,low,0.5217,2,0.6666666666666666,True,NOERROR,1,3600,2,2,True,False,0,57724,RU,False,Registrar of Domain Names REG.RU LLC,19,365,False,0,False,False,False,benign,no_adverse_signal
trust-heatherprime.shop,2026-07-09,23,3.266332639970623,0.0,1,0.5454545454545454,-6.7042636363636365,low,0.4828,3,0.6111111111111112,True,NOERROR,2,300,0,2,False,False,2,13335,US,False,,,,False,0,False,False,,benign,no_adverse_signal
narcissistsend.org,2026-07-09,18,2.950212064914747,0.0,0,0.4,-6.625112000000001,low,0.4762,3,0.6428571428571429,True,NOERROR,1,150,1,2,False,False,1,8560,DE,True,InterNetX GmbH,2,365,True,0,False,False,False,benign,no_adverse_signal
antalyatripplanner.com,2026-07-09,22,3.016875695766564,0.0,0,0.5,-6.495660606060606,low,0.45,3,0.5,True,NOERROR,1,1800,5,2,True,False,0,22612,US,False,NAMECHEAP INC,2,365,True,0,False,False,False,benign,no_adverse_signal
qjkhditudin.top,2026-07-09,15,3.095795255000934,0.0,0,0.375,-8.376921052631578,high,0.4545,5,0.8181818181818182,False,NXDOMAIN,0,,0,0,False,False,0,,,,,,,False,,,False,,benign,no_adverse_signal
ntjem.com,2026-07-09,9,2.321928094887362,0.0,0,0.25,-8.656528571428572,low,0.6667,3,1.0,True,NOERROR,2,300,0,2,False,False,2,13335,US,False,Dominet (HK) Limited,2,365,False,0,False,False,,benign,no_adverse_signal
winstriketrack.click,2026-07-09,20,3.2359263506290334,0.0,0,0.4,-6.242216,medium,0.5217,4,0.7142857142857143,True,NOERROR,2,300,0,2,False,False,2,13335,US,False,NAMECHEAP INC,2,365,True,0,False,False,,benign,no_adverse_signal
clubafterschool.org,2026-07-09,19,3.5068905956085183,0.0,0,0.5,-6.87997037037037,low,0.5217,4,0.8,True,NOERROR,4,14400,1,4,True,False,0,53831,US,False,Squarespace Domains II LLC,3,365,True,22,False,False,False,benign,no_adverse_signal
adeuslife.co,2026-07-09,12,2.94770277922009,0.0,0,1.25,-7.163753333333333,low,0.5714,2,0.8888888888888888,True,NOERROR,2,120,0,4,False,False,0,16509,DE,True,"GoDaddy.com, LLC",6,1096,True,15,False,False,,benign,no_adverse_signal
jn55bvv0.top,2026-07-09,12,2.5,0.25,0,0.0,-11.84623076923077,high,0.3333,3,0.75,True,NOERROR,3,60,0,2,False,True,0,138995,US,False,Dominet (HK) Limited,2,365,True,0,True,True,,malicious,spamhaus_zen
fundsscreen.xyz,2026-07-09,15,2.913977073182752,0.0,0,0.375,-6.858700000000001,high,0.4706,6,0.7272727272727273,True,NOERROR,2,3600,1,2,True,False,0,16509,US,True,"GMO Internet, Inc.",2,365,True,28,False,False,,benign,no_adverse_signal
docprojectbox.com,2026-07-09,17,3.180832987205441,0.0,0,0.4444444444444444,-7.481778260869564,low,0.6087,3,0.7692307692307693,True,NOERROR,1,1800,5,2,True,False,0,22612,US,False,NAMECHEAP INC,2,365,True,0,False,False,False,benign,no_adverse_signal
giorgiobarilla.com,2026-07-09,18,2.753434386188785,0.0,0,1.0,-6.983848,low,0.5,2,0.5,False,NOERROR,0,,3,2,True,False,0,,,,"Amazon Registrar, Inc.",2,365,True,,,False,False,benign,no_adverse_signal
stopdesign.xyz,2026-07-09,14,3.121928094887362,0.0,0,0.42857142857142855,-6.909323529411765,high,0.5556,2,0.9,True,NOERROR,2,3600,1,2,True,False,0,16509,US,True,"GMO Internet, Inc.",3,365,True,28,False,False,,benign,no_adverse_signal
signmember.xyz,2026-07-09,14,2.9219280948873623,0.0,0,0.42857142857142855,-7.2434,high,0.5556,3,0.8,True,NOERROR,2,3600,1,2,True,False,0,16509,US,True,"GMO Internet, Inc.",3,365,True,28,False,False,,benign,no_adverse_signal
yonorummypromocodesindia.com,2026-07-09,28,3.4864405016961446,0.0,0,0.7142857142857143,-6.795773333333333,low,0.4706,5,0.5416666666666666,False,NOERROR,0,,0,2,False,False,0,,,,"COSMOTOWN, INC.",2,365,True,,,False,,benign,no_adverse_signal
jybal.app,2026-07-09,9,2.321928094887362,0.0,0,0.25,-8.049042857142856,low,0.5455,3,1.0,True,NOERROR,1,1,0,2,False,True,0,138995,SC,False,,,,False,0,False,False,,benign,no_adverse_signal
radost-clinic.ru,2026-07-09,16,3.392747410448785,0.0,1,0.5,-6.447060869565218,low,0.5217,2,0.8461538461538461,True,NOERROR,2,300,0,2,False,False,0,13335,US,False,DOMAINSHOP-RU,2,365,False,0,False,False,,benign,no_adverse_signal
murumurunovavo.click,2026-07-09,20,2.6644977792004614,0.0,0,1.0,-7.522836,medium,0.4,1,0.5,True,NOERROR,2,300,0,2,False,False,2,13335,US,False,"Spaceship, Inc.",2,365,False,0,False,False,,benign,no_adverse_signal
gadgetsandheadquarters.store,2026-07-09,28,3.299896391167891,0.0,0,0.5714285714285714,-6.969480487804877,low,0.4516,3,0.5,True,NOERROR,1,600,0,2,False,False,1,13335,CA,True,,,,False,0,False,False,,benign,no_adverse_signal
imagelender.xyz,2026-07-09,15,3.027169118440619,0.0,0,0.8333333333333334,-6.155452631578947,high,0.5263,2,0.8181818181818182,True,NOERROR,2,3600,1,2,True,False,0,16509,US,True,"GMO Internet, Inc.",2,365,True,28,False,False,,benign,no_adverse_signal
meai.ink,2026-07-09,8,2.0,0.0,0,3.0,-6.9778400000000005,low,0.8,1,1.0,False,NOERROR,0,,0,2,False,False,0,,,,Alibaba Cloud Computing Ltd. d/b/a HiChina (www.net.cn),8,365,True,,,False,,benign,no_adverse_signal
heezy.ru,2026-07-09,8,1.9219280948873623,0.0,0,0.6666666666666666,-8.037014285714285,low,0.5455,2,0.8,True,NOERROR,2,300,0,2,False,False,2,13335,US,False,REGRU-RU,2,365,False,0,False,True,,malicious,spamhaus_dbl
brainbcg.xyz,2026-07-09,12,2.75,0.0,0,0.3333333333333333,-7.383384615384615,high,0.6667,4,0.875,True,NOERROR,2,3600,1,2,True,False,0,16509,US,True,"GMO Internet, Inc.",2,365,True,28,False,False,,benign,no_adverse_signal
01141936.com,2026-07-09,12,2.4056390622295662,0.6666666666666666,0,0.0,-10.63133076923077,low,0.3636,0,0.75,False,SERVFAIL,0,,0,0,False,False,0,,,,"Wild West Domains, LLC",2,365,True,,,False,,benign,no_adverse_signal
maleoindaerlosewrnmae.info,2026-07-09,26,3.308751351247166,0.0,0,0.9090909090909091,-7.483823076923077,medium,0.4516,4,0.5238095238095238,True,NOERROR,1,3600,2,4,True,False,1,8560,US,True,,,,,0,False,False,False,benign,no_adverse_signal
flxbzypd.com,2026-07-09,12,3.0,0.0,0,0.0,-10.165246153846153,low,0.4706,8,1.0,False,timeout,0,,0,0,False,False,0,,,,"Chengdu west dimension digital technology Co., LTD",2,365,True,,,False,,benign,no_adverse_signal
kushiebrandofficial.me,2026-07-09,22,3.7871439606981387,0.0,0,0.7272727272727273,-6.852317142857142,low,0.4615,2,0.7894736842105263,True,NOERROR,2,300,0,2,False,False,2,13335,US,False,GNAME.COM PTE. LTD.,3,365,True,0,False,False,,benign,no_adverse_signal
vhnhy.com,2026-07-09,9,1.9219280948873623,0.0,0,0.0,-10.239457142857145,low,0.4615,5,0.8,True,NOERROR,2,17,0,4,False,False,0,16509,US,True,Porkbun LLC,379,730,False,2,False,False,,benign,no_adverse_signal
noriagent.com,2026-07-09,13,2.94770277922009,0.0,0,0.8,-6.291939999999999,low,0.5333,2,0.8888888888888888,True,NOERROR,1,600,0,2,False,False,0,134548,HK,False,"GMO Internet, Inc.",2,365,True,0,False,False,,benign,no_adverse_signal
abdoulayediop.fr,2026-07-09,16,3.238901256602631,0.0,0,1.1666666666666667,-7.376708695652174,low,0.5,2,0.7692307692307693,True,NOERROR,1,21600,1,4,True,False,1,210403,FR,False,SAS Ligne Web Services - LWS,1,364,False,0,False,False,False,benign,no_adverse_signal
dirtysinnersbox.shop,2026-07-09,20,3.373557262275185,0.0,0,0.36363636363636365,-6.924011111111111,low,0.48,4,0.7333333333333333,True,NOERROR,2,600,0,2,False,False,0,16509,US,True,,,,False,37,False,False,,benign,no_adverse_signal
extrascript.xyz,2026-07-09,15,3.095795255000934,0.0,0,0.375,-6.907894736842105,high,0.5556,3,0.8181818181818182,True,NOERROR,2,3600,1,2,True,False,0,16509,US,True,"GMO Internet, Inc.",2,365,True,28,False,False,,benign,no_adverse_signal
acwhitethorn.com,2026-07-09,16,3.2516291673878226,0.0,0,0.5,-7.244004761904762,low,0.5556,3,0.8333333333333334,True,NOERROR,4,14400,0,4,True,False,0,53831,US,False,Squarespace Domains LLC,61,365,True,22,False,False,,benign,no_adverse_signal
lebec-larmorplage.com,2026-07-09,21,3.292770193936991,0.0,1,0.6,-7.202541935483871,low,0.4444,3,0.6470588235294118,True,NOERROR,1,10800,5,3,True,False,0,29169,FR,True,Gandi SAS,2,1096,True,7,False,False,False,benign,no_adverse_signal
omgot8.cc,2026-07-09,9,2.2516291673878226,0.1111111111111111,0,0.6666666666666666,-8.633655555555556,low,0.5714,2,0.8333333333333334,True,NOERROR,2,300,0,2,False,False,2,13335,US,False,Dynadot Inc,5,365,False,0,False,False,,benign,no_adverse_signal
namelender.xyz,2026-07-09,14,2.6464393446710157,0.0,0,0.6666666666666666,-6.0323529411764705,high,0.5714,2,0.7,True,NOERROR,2,3600,1,2,True,False,0,16509,US,True,"GMO Internet, Inc.",3,365,True,28,False,False,,benign,no_adverse_signal
42qx.cc,2026-07-09,7,2.0,0.2857142857142857,0,0.0,-12.197379999999999,low,0.2857,2,1.0,True,NOERROR,1,30,0,2,False,True,0,152194,SG,False,Dynadot Inc,6,365,False,0,True,True,,malicious,spamhaus_zen
slashspend.ai,2026-07-09,13,2.8464393446710154,0.0,0,0.25,-6.810623529411765,low,0.5556,4,0.8,True,NOERROR,1,3600,1,2,False,False,1,40509,US,True,NAMECHEAP INC,6,731,True,0,False,False,False,benign,no_adverse_signal
425comz0u7e3r.com,2026-07-09,17,3.7004397181410926,0.35294117647058826,0,0.75,-11.786408695652174,low,0.3636,2,1.0,True,NOERROR,2,300,0,2,False,False,2,13335,US,False,"GMO Internet, Inc.",2,365,True,0,False,False,,benign,no_adverse_signal
zzlfl7a0.cfd,2026-07-09,12,2.5,0.16666666666666666,0,0.2,-10.864307692307692,low,0.5333,5,0.75,True,NOERROR,1,10,0,2,False,True,0,152194,HK,False,"GMO Internet, Inc.",2,365,True,0,True,True,,malicious,spamhaus_zen
mcpmonitorhub.xyz,2026-07-09,17,3.3927474104487847,0.0,0,0.4444444444444444,-7.441430434782609,high,0.5263,4,0.8461538461538461,True,NOERROR,2,3600,1,2,True,False,0,16509,US,True,"GMO Internet, Inc.",2,365,True,28,False,False,,benign,no_adverse_signal
5qrpw.top,2026-07-09,9,2.321928094887362,0.1111111111111111,0,0.0,-11.297014285714285,high,0.4444,4,1.0,True,NOERROR,8,60,0,2,False,True,0,209242,SG,False,"Spaceship, Inc.",2,365,True,0,False,True,,malicious,spamhaus_dbl
fwinhk88.site,2026-07-09,13,2.75,0.15384615384615385,0,0.2,-9.311615384615385,medium,0.4286,3,0.875,True,NOERROR,1,14400,1,2,True,False,0,16276,SG,True,NAMECHEAP INC,2,365,True,0,False,False,False,benign,no_adverse_signal
grih84t4.cfd,2026-07-09,12,2.75,0.25,0,0.25,-10.8239,low,0.4615,2,0.875,False,NOERROR,0,,0,2,False,False,0,,,,"GMO Internet, Inc.",2,365,True,,,False,,benign,no_adverse_signal
aibooted.xyz,2026-07-09,12,2.75,0.0,0,1.6666666666666667,-6.799838461538461,high,0.5333,1,0.875,True,NOERROR,2,3600,1,2,True,False,0,16509,US,True,"GMO Internet, Inc.",2,365,True,28,False,False,,benign,no_adverse_signal
mailaltisnetwork.com,2026-07-09,20,3.5,0.0,0,0.6,-6.6132620689655175,low,0.75,2,0.75,False,NOERROR,0,,0,3,False,False,0,,,,Hosting Concepts B.V. d/b/a Registrar.eu,2,365,True,,,False,,benign,no_adverse_signal
332bd.app,2026-07-09,9,1.9219280948873623,0.3333333333333333,0,0.0,-10.935528571428572,low,0.4444,2,0.8,True,NOERROR,2,300,0,2,False,False,2,13335,US,False,,,,False,0,False,False,,benign,no_adverse_signal
56wn.cc,2026-07-09,7,2.0,0.2857142857142857,0,0.0,-12.24844,low,0.3636,2,1.0,True,NOERROR,1,10800,0,2,False,False,0,16509,US,True,Dynadot Inc,3,365,False,27,False,False,,benign,no_adverse_signal
verifyrisk.xyz,2026-07-09,14,2.9219280948873623,0.0,0,0.42857142857142855,-7.255541176470588,high,0.5455,3,0.8,True,NOERROR,2,3600,1,2,True,False,0,16509,US,True,"GMO Internet, Inc.",2,365,True,65,False,True,,malicious,abuseipdb
drillerlog.com,2026-07-09,14,2.6464393446710157,0.0,0,0.42857142857142855,-6.663976470588235,low,0.5882,2,0.7,True,NOERROR,2,3600,2,2,True,False,0,16509,US,True,"GoDaddy.com, LLC",2,1096,True,23,False,False,False,benign,no_adverse_signal
sin98.org,2026-07-09,9,2.321928094887362,0.2222222222222222,0,0.5,-9.087371428571428,low,0.6667,1,1.0,True,NOERROR,3,3603,0,3,False,False,0,63949,US,True,"NameSilo, LLC",2,365,False,0,False,False,,benign,no_adverse_signal
scoreshadowquilt.monster,2026-07-09,24,3.75,0.0,0,0.6,-7.2174,low,0.4615,2,0.875,True,NOERROR,2,300,0,2,False,False,2,13335,US,False,NAMECHEAP INC,2,365,True,0,False,False,,benign,no_adverse_signal
agencybylt.com,2026-07-09,14,3.121928094887362,0.0,0,0.25,-7.839364705882353,low,0.4444,7,0.9,True,NOERROR,2,600,0,2,False,False,0,16509,US,True,"GoDaddy.com, LLC",2,1096,True,37,False,False,,benign,no_adverse_signal
nibriftstudios.com,2026-07-09,18,3.182005814760214,0.0,0,0.5555555555555556,-7.081272,low,0.5385,4,0.7142857142857143,True,NOERROR,2,300,0,2,False,False,2,13335,US,False,"Cloudflare, Inc.",2,365,True,0,False,False,,benign,no_adverse_signal
largecredit.xyz,2026-07-09,15,3.095795255000934,0.0,0,0.5714285714285714,-6.593715789473684,high,0.5882,2,0.8181818181818182,True,NOERROR,2,3600,1,2,True,False,0,16509,US,True,"GMO Internet, Inc.",2,365,True,28,False,False,,benign,no_adverse_signal
youp.surf,2026-07-09,9,2.0,0.0,0,1.0,-6.802020000000001,low,0.8571,1,1.0,False,NOERROR,0,,0,2,False,False,0,,,,"Spaceship, Inc.",2,365,True,,,False,,benign,no_adverse_signal
stairliftmasters.co.uk,2026-07-09,22,3.0306390622295662,0.0,0,0.45454545454545453,-6.474158620689655,low,0.5217,3,0.5625,True,NOERROR,1,3600,3,2,True,False,0,16276,FR,True,OVH [Tag = OVH-FR],9,365,False,0,True,False,False,malicious,spamhaus_zen
peipeishou.com,2026-07-09,14,2.721928094887362,0.0,0,1.5,-7.239817647058823,low,0.4286,2,0.7,True,NOERROR,1,600,3,2,True,False,0,401701,HK,False,Alibaba Cloud Computing Ltd. d/b/a HiChina (www.net.cn),2,365,False,0,True,False,False,malicious,spamhaus_zen
litsupply.shop,2026-07-09,14,2.725480556997868,0.0,0,0.2857142857142857,-7.001273333333333,low,0.5333,4,0.7777777777777778,True,NOERROR,2,300,0,2,False,False,2,13335,US,False,,,,False,0,False,False,,benign,no_adverse_signal
71551.bar,2026-07-09,9,1.5219280948873621,0.5555555555555556,0,0.0,-10.922428571428572,low,0.25,0,0.6,True,NOERROR,1,1,0,2,False,True,0,4907,JP,False,"Dynadot, LLC",3,365,False,0,True,True,,malicious,spamhaus_zen
dhanveeremt.com,2026-07-09,15,3.027169118440619,0.0,0,0.5714285714285714,-7.2151,low,0.625,2,0.8181818181818182,True,NOERROR,1,1800,2,2,True,False,0,22612,US,False,NAMECHEAP INC,2,365,True,0,False,False,False,benign,no_adverse_signal
ayni.law,2026-07-09,8,2.0,0.0,0,1.0,-7.76996,low,0.6667,2,1.0,True,NOERROR,1,600,0,2,False,False,0,13335,DE,True,"GoDaddy.com, LLC",2,731,True,35,False,False,,benign,no_adverse_signal
malenzoshopus.com,2026-07-09,17,3.392747410448785,0.0,0,0.625,-7.140082608695653,low,0.5714,2,0.8461538461538461,True,NOERROR,2,300,0,2,False,False,2,13335,US,False,"NameSilo, LLC",2,365,True,0,False,False,,benign,no_adverse_signal
thestarexpress.com,2026-07-09,18,2.8423709931771093,0.0,0,0.4,-6.143708,low,0.6667,3,0.5714285714285714,True,NOERROR,1,3600,0,2,False,False,0,6128,US,True,"Spaceship, Inc.",2950,3287,False,0,True,False,,malicious,spamhaus_zen
kevinclark.app,2026-07-09,14,3.121928094887362,0.0,0,0.42857142857142855,-6.826417647058824,low,0.6,3,0.9,True,NOERROR,1,300,0,4,False,False,0,13335,DE,True,,,,False,35,False,False,,benign,no_adverse_signal
assetze.online,2026-07-09,14,2.2359263506290326,0.0,0,0.75,-7.182663636363636,medium,0.5333,2,0.7142857142857143,False,NOERROR,0,,5,4,False,False,0,,,,PDR Ltd. d/b/a PublicDomainRegistry.com,2,365,True,,,False,False,benign,no_adverse_signal
adf-secure.de,2026-07-09,13,3.121928094887362,0.0,1,0.8,-7.483411764705883,low,0.5455,2,0.9,True,NOERROR,1,300,2,3,True,False,1,24940,DE,True,,,,False,0,False,False,False,benign,no_adverse_signal
trysmarthome.com,2026-07-09,16,3.0849625007211556,0.0,0,0.3333333333333333,-6.703085714285715,low,0.5455,5,0.75,True,NOERROR,2,10800,0,2,True,False,2,14618,US,True,DropCatch.com 1234 LLC,2,365,False,0,False,False,,benign,no_adverse_signal
latewish.com,2026-07-09,12,3.0,0.0,0,0.6,-6.634207692307692,low,0.5714,2,1.0,True,NOERROR,2,300,3,2,True,False,2,13335,US,False,NAMECHEAP INC,2,365,True,0,False,False,False,benign,no_adverse_signal
ubaturismo.org,2026-07-09,14,3.121928094887362,0.0,0,1.0,-6.84995294117647,low,0.5556,2,0.9,True,NOERROR,1,300,0,2,False,False,0,274564,BR,False,PDR Ltd. d/b/a PublicDomainRegistry.com,2,365,False,0,False,False,,benign,no_adverse_signal
menslifehackspro.info,2026-07-09,21,3.75,0.0,0,0.45454545454545453,-6.994437931034482,medium,0.5385,5,0.875,True,NOERROR,2,300,0,2,False,False,2,13335,US,False,,,,,0,False,False,,benign,no_adverse_signal
hqvd4ptt.cfd,2026-07-09,12,2.75,0.08333333333333333,0,0.0,-11.252038461538461,low,0.4,4,0.875,False,NOERROR,0,,0,2,False,False,0,,,,"GMO Internet, Inc.",3,365,True,,,False,,benign,no_adverse_signal
ti-prekrasna.ru,2026-07-09,15,3.2516291673878226,0.0,1,0.5714285714285714,-7.563428571428571,low,0.5,2,0.8333333333333334,True,NOERROR,1,86400,0,2,False,False,0,204997,RU,False,REGRU-RU,3,365,False,0,False,False,,benign,no_adverse_signal
gabemadethesystem.org,2026-07-09,21,3.146286370662105,0.0,0,0.5454545454545454,-6.743754838709678,low,0.625,4,0.5882352941176471,True,NOERROR,2,120,0,4,False,False,0,16509,DE,True,"Spaceship, Inc.",3,365,False,15,False,False,,benign,no_adverse_signal
roalexswim.com,2026-07-09,14,3.321928094887362,0.0,0,0.6666666666666666,-7.538158823529411,low,0.5,3,1.0,True,NOERROR,1,300,0,2,False,False,0,14061,US,False,"Cloudflare, Inc.",2,365,True,8,True,False,,malicious,spamhaus_zen
genobotdao.xyz,2026-07-09,14,2.8464393446710154,0.0,0,1.0,-7.341011764705883,high,0.5333,2,0.8,True,NOERROR,2,3600,1,2,True,False,0,16509,US,True,"GMO Internet, Inc.",2,365,True,28,False,False,,benign,no_adverse_signal
hanescomponents.com,2026-07-09,19,3.189898095464287,0.0,0,0.5,-6.236625925925926,low,0.56,3,0.6666666666666666,True,NOERROR,1,3600,4,3,True,False,0,29134,CZ,True,"Gransy, s.r.o.",2,365,False,0,False,False,False,benign,no_adverse_signal
admiralx-bif.top,2026-07-09,16,3.2516291673878226,0.0,1,0.5714285714285714,-8.051309523809524,high,0.4444,2,0.8333333333333334,True,NOERROR,1,7200,0,3,False,False,0,57724,RU,True,"NameSilo, LLC",2,365,True,4,False,False,,benign,no_adverse_signal
2dto3dlab.com,2026-07-09,13,2.94770277922009,0.15384615384615385,0,0.4,-9.160926666666667,low,0.5556,2,0.8888888888888888,True,NOERROR,2,600,0,2,False,False,0,16509,US,True,"GoDaddy.com, LLC",2,365,True,37,False,False,,benign,no_adverse_signal
airaids.xyz,2026-07-09,11,2.2359263506290326,0.0,0,1.3333333333333333,-6.691127272727273,high,0.6154,2,0.7142857142857143,True,NOERROR,2,3600,1,2,True,False,0,16509,US,True,"GMO Internet, Inc.",2,365,True,28,False,False,,benign,no_adverse_signal
inspection-verticale.com,2026-07-09,24,3.546439344671015,0.0,1,0.7272727272727273,-6.483748648648648,low,0.55,3,0.65,True,NOERROR,1,3600,3,2,True,False,0,16276,FR,True,"OVH, SAS",2,365,True,0,False,False,False,benign,no_adverse_signal
abdulsabur.dev,2026-07-09,14,2.721928094887362,0.0,0,0.6666666666666666,-7.888476470588235,low,0.5,2,0.7,True,NOERROR,1,300,0,4,False,False,0,16509,US,False,,,,False,0,False,False,,benign,no_adverse_signal
872148.app,2026-07-09,10,2.2516291673878226,0.6,0,0.0,-11.204988888888888,low,0.2222,0,0.8333333333333334,True,NOERROR,1,600,0,4,False,False,0,62468,US,False,,,,False,0,True,False,,malicious,spamhaus_zen
grepp-paranormal.fr,2026-07-09,19,3.10845859334435,0.0,1,0.5,-6.84876551724138,low,0.4571,2,0.625,True,NOERROR,1,300,0,2,False,False,0,206834,DE,False,Dynadot Inc,1,364,True,11,False,False,,benign,no_adverse_signal
vnvjr7lc.cfd,2026-07-09,12,2.75,0.08333333333333333,0,0.0,-11.802399999999999,low,0.4286,5,0.875,False,NOERROR,0,,0,2,False,False,0,,,,"GMO Internet, Inc.",2,365,True,,,False,,benign,no_adverse_signal
sinddesk.online,2026-07-09,15,2.5,0.0,0,0.3333333333333333,-6.7009,medium,0.6667,3,0.75,True,NOERROR,1,14400,1,2,False,False,0,46606,US,True,PDR Ltd. d/b/a PublicDomainRegistry.com,2,365,False,7,False,False,False,benign,no_adverse_signal
kidsmeow.com.tw,2026-07-09,15,3.0,0.0,0,0.6,-7.551669230769231,low,0.6154,3,1.0,True,NOERROR,1,3600,0,2,False,False,0,16509,US,False,PCHOME,2,365,True,0,False,False,,benign,no_adverse_signal
mscarding.com,2026-07-09,13,3.169925001442312,0.0,0,0.2857142857142857,-6.353840000000001,low,0.6,3,1.0,True,NOERROR,1,600,0,2,False,False,0,154376,SC,False,Hello Internet Corp,2,365,False,0,False,False,,benign,no_adverse_signal
modelcrazy.xyz,2026-07-09,14,3.321928094887362,0.0,0,0.42857142857142855,-7.303564705882353,high,0.5333,3,1.0,True,NOERROR,2,3600,1,2,True,False,0,16509,US,True,"GMO Internet, Inc.",3,365,True,28,False,False,,benign,no_adverse_signal
theworldpeacecompany.com,2026-07-09,24,3.6841837197791887,0.0,0,0.5384615384615384,-6.909510810810811,low,0.4706,4,0.7,True,NOERROR,2,600,0,2,False,False,0,16509,US,True,"GoDaddy.com, LLC",2,365,True,37,False,False,,benign,no_adverse_signal
slotrankindo.club,2026-07-09,17,3.2516291673878226,0.0,0,0.5,-6.330614285714286,low,0.5,2,0.8333333333333334,True,NOERROR,2,300,0,2,False,False,2,13335,US,False,Dynadot Inc,2,365,True,0,False,False,,benign,no_adverse_signal
ikrarkasih.my,2026-07-09,13,2.521928094887362,0.0,0,0.6666666666666666,-7.3510470588235295,low,0.5556,2,0.6,True,NOERROR,1,300,3,2,True,False,0,132203,SG,False,Exabytes Network Sdn Bhd,3,365,True,0,True,False,False,malicious,spamhaus_zen
touwanapp-website.com,2026-07-09,21,3.4992275471326932,0.0,1,0.7777777777777778,-7.339,low,0.5333,2,0.7058823529411765,True,NOERROR,1,600,0,2,False,False,0,152194,SG,False,Realtime Register B.V.,2,365,False,0,True,True,,malicious,spamhaus_zen
mdr477.ru,2026-07-09,9,2.2516291673878226,0.3333333333333333,0,0.0,-10.880477777777777,low,0.5455,3,0.8333333333333334,True,NOERROR,1,3600,2,2,True,False,0,29182,RU,True,ARDIS-RU,3,365,False,0,False,True,False,malicious,spamhaus_dbl
mediaspoonly.shop,2026-07-09,17,3.4182958340544896,0.0,0,0.7142857142857143,-6.502366666666667,low,0.6,3,0.9166666666666666,True,NOERROR,1,60,5,2,True,False,0,14061,DE,False,,,,False,0,False,False,False,benign,no_adverse_signal
orlr.ru,2026-07-09,7,1.5,0.0,0,0.3333333333333333,-7.88158,low,0.6,3,0.75,False,NXDOMAIN,0,,0,0,False,False,0,,,,DOMAINS-RU,2,365,False,,,False,,benign,no_adverse_signal
unstopblackbull.site,2026-07-09,20,3.323231428797621,0.0,0,0.36363636363636365,-7.228755555555556,medium,0.5217,3,0.7333333333333333,True,NOERROR,1,1799,5,2,True,False,0,16509,US,False,NAMECHEAP INC,2,365,True,0,False,False,False,benign,no_adverse_signal
et3pujbu.cfd,2026-07-09,12,2.75,0.08333333333333333,0,0.75,-10.535169230769231,low,0.4286,2,0.875,False,NOERROR,0,,0,2,False,False,0,,,,"GMO Internet, Inc.",2,365,True,,,False,,benign,no_adverse_signal
dklkif2i.cfd,2026-07-09,12,2.5,0.08333333333333333,0,0.4,-10.465769230769231,low,0.4286,4,0.75,False,NOERROR,0,,0,2,False,False,0,,,,"GMO Internet, Inc.",2,365,True,,,False,,benign,no_adverse_signal
sabiaxx.live,2026-07-09,12,2.2359263506290326,0.0,0,0.75,-7.8316181818181825,low,0.5333,2,0.7142857142857143,True,NOERROR,2,300,0,2,False,False,2,13335,US,False,,,,False,0,False,False,,benign,no_adverse_signal
xklswyda.xyz,2026-07-09,12,3.0,0.0,0,0.14285714285714285,-10.0318,high,0.5,7,1.0,True,NOERROR,2,300,0,2,False,False,2,13335,US,False,"NicNames, Inc",2,365,True,0,False,True,,malicious,spamhaus_dbl
runpoetperspective65.sbs,2026-07-09,24,3.4841837197791885,0.08333333333333333,0,0.6363636363636364,-7.558305405405406,low,0.5,3,0.65,True,NOERROR,2,300,0,2,False,False,2,13335,US,False,Atak Domain,2,365,False,0,False,False,,benign,no_adverse_signal
pucharki.store,2026-07-09,14,3.0,0.0,0,0.6,-6.903238461538461,low,0.6,2,1.0,True,NOERROR,1,14400,1,3,True,False,0,41079,PL,True,,,,False,0,False,False,False,benign,no_adverse_signal
diaryofasongbird.com,2026-07-09,20,3.375,0.0,0,0.6,-7.2408413793103445,low,0.4516,3,0.6875,True,NOERROR,1,1800,2,2,True,False,1,47583,IN,False,"HOSTINGER operations, UAB",2,1096,False,0,False,False,False,benign,no_adverse_signal
mcpprofilelab.xyz,2026-07-09,17,3.3927474104487847,0.0,0,0.4444444444444444,-7.1949826086956525,high,0.6,5,0.8461538461538461,True,NOERROR,2,3600,1,2,True,False,0,16509,US,True,"GMO Internet, Inc.",2,365,True,28,False,False,,benign,no_adverse_signal
climaconnect.ma,2026-07-09,15,3.0220552088742005,0.0,0,0.5,-6.352238095238095,low,0.6667,2,0.75,True,NOERROR,1,14400,1,4,True,False,0,24940,DE,True,CAP CONNECT,7,365,False,0,False,False,False,benign,no_adverse_signal
hanfiloturizm.com,2026-07-09,17,3.5465935642949384,0.0,0,0.625,-7.1246347826086955,low,0.5217,2,0.9230769230769231,True,NOERROR,1,3600,0,3,False,False,0,51557,TR,False,Isimtescil Bilisim A.S.,2,1826,False,0,False,False,,benign,no_adverse_signal
rkgp.cloud,2026-07-09,10,2.0,0.0,0,0.0,-9.37282,low,0.5714,4,1.0,True,NOERROR,1,21600,0,2,False,False,0,16509,US,True,"TUCOWS.COM, CO.",371,730,True,1,False,False,,benign,no_adverse_signal
alchemistjeff.ca,2026-07-09,16,3.3927474104487847,0.0,0,0.4444444444444444,-7.506639130434783,low,0.4762,3,0.8461538461538461,True,NOERROR,1,14400,1,3,True,False,0,16276,CA,True,WHC Online Solutions Inc.,4,365,True,0,False,False,False,benign,no_adverse_signal
5uj5dgm0b.buzz,2026-07-09,14,2.94770277922009,0.21428571428571427,0,0.2,-12.727273333333333,high,0.4,3,0.8888888888888888,False,NOERROR,0,,0,3,False,False,0,,,,"NameSilo, LLC",2,365,True,,,False,,benign,no_adverse_signal
autocores.software,2026-07-09,18,2.94770277922009,0.0,0,1.25,-6.230860000000001,low,0.7059,1,0.8888888888888888,True,NOERROR,2,300,0,2,False,False,2,13335,US,False,,,,,0,False,False,,benign,no_adverse_signal
shan789org.com,2026-07-09,14,3.321928094887362,0.21428571428571427,0,0.4,-9.265288235294118,low,0.5556,2,1.0,True,NOERROR,2,300,0,2,False,False,2,13335,US,False,Dynadot Inc,2,365,False,0,False,False,,benign,no_adverse_signal
jmcservicetech.store,2026-07-09,20,3.128085278891395,0.0,0,0.4,-6.872012,low,0.5926,4,0.7142857142857143,True,NOERROR,2,120,0,4,False,False,2,16509,DE,True,,,,False,17,False,False,,benign,no_adverse_signal
servitorbr.com,2026-07-09,14,2.8464393446710154,0.0,0,0.42857142857142855,-6.529223529411765,low,0.5,3,0.8,True,NOERROR,1,300,0,4,False,False,0,16509,GB,True,"Amazon Registrar, Inc.",2,365,True,0,False,False,,benign,no_adverse_signal
asphline.shop,2026-07-09,13,3.0,0.0,0,0.6,-6.872792307692308,low,0.6667,4,1.0,True,NOERROR,2,300,0,2,False,False,2,13335,US,False,,,,False,0,False,False,,benign,no_adverse_signal
alemxzone.com,2026-07-09,13,2.94770277922009,0.0,0,0.8,-8.011193333333333,low,0.6667,3,0.8888888888888888,True,NOERROR,2,300,5,2,True,False,2,13335,US,False,PDR Ltd. d/b/a PublicDomainRegistry.com,2,365,True,0,False,False,False,benign,no_adverse_signal
kidozoocom.com,2026-07-09,14,2.5219280948873624,0.0,0,1.0,-7.410941176470589,low,0.5714,1,0.7,True,NOERROR,4,14400,1,4,True,False,0,53831,US,False,Squarespace Domains II LLC,2,365,True,22,False,False,False,benign,no_adverse_signal
e14c1t.top,2026-07-09,10,2.2516291673878226,0.3,0,0.5,-12.353922222222224,high,0.4286,1,0.8333333333333334,False,NOERROR,0,,0,2,False,False,0,,,,"Todaynic.com, Inc.",2,365,True,,,True,,malicious,spamhaus_dbl
943376.xyz,2026-07-09,10,2.2516291673878226,0.6,0,0.0,-10.922633333333332,high,0.4444,0,0.8333333333333334,True,NOERROR,2,300,0,2,False,False,0,16509,US,True,"Spaceship, Inc.",2,365,False,1,False,False,,benign,no_adverse_signal
loanbro.online,2026-07-09,14,2.5216406363433186,0.0,0,0.75,-7.291709090909091,medium,0.6667,3,0.8571428571428571,True,NOERROR,5,600,0,2,False,False,5,63949,DE,True,"Spaceship, Inc.",2,365,False,0,False,False,,benign,no_adverse_signal
baworkhytr4566.com,2026-07-09,18,3.521640636343319,0.2222222222222222,0,0.25,-9.11388,low,0.4762,6,0.8571428571428571,True,NOERROR,3,60,0,4,False,False,0,16509,SG,True,"Amazon Registrar, Inc.",2,365,True,0,False,False,,benign,no_adverse_signal
hotelsreevijayalakshmi.com,2026-07-09,26,3.663532754804254,0.0,0,0.6923076923076923,-7.421465853658536,low,0.4571,4,0.6363636363636364,True,NOERROR,1,1799,5,2,True,False,0,16509,US,False,NAMECHEAP INC,2,365,True,0,False,False,False,benign,no_adverse_signal
spathmonoe.pro,2026-07-09,14,3.1219280948873624,0.0,0,0.6666666666666666,-7.130758823529412,low,0.5882,3,0.9,True,NOERROR,1,60,0,2,False,True,0,210756,RU,False,,,,,0,False,True,,malicious,spamhaus_dbl
yiyangmieshu.com,2026-07-09,16,3.2516291673878226,0.0,0,0.7142857142857143,-7.56627619047619,low,0.5263,3,0.8333333333333334,False,timeout,0,,0,0,False,False,0,,,,"Chengdu west dimension digital technology Co., LTD",2,365,True,,,False,,benign,no_adverse_signal
fondazionefoci.com,2026-07-09,18,3.039148671903071,0.0,0,1.0,-7.02164,low,0.48,2,0.6428571428571429,True,NOERROR,1,900,1,2,True,False,0,39729,IT,True,REGISTER S.P.A.,2,365,True,0,False,False,False,benign,no_adverse_signal
zlinxs.com,2026-07-09,10,2.584962500721156,0.0,0,0.2,-7.930466666666667,low,0.6667,3,1.0,False,NOERROR,0,,0,2,False,False,0,,,,"DNSPod, Inc.",3,365,False,,,False,,benign,no_adverse_signal
oasistec.com,2026-07-09,12,2.75,0.0,0,1.0,-6.248092307692308,low,0.5556,2,0.875,True,NOERROR,2,1200,0,2,False,False,0,16509,US,True,Dynadot Inc,771,1095,False,0,False,False,,benign,no_adverse_signal
stopatthefirstno.org,2026-07-09,20,3.25,0.0,0,0.45454545454545453,-6.942168965517242,low,0.5833,4,0.6875,True,NOERROR,3,3603,0,3,False,False,0,63949,US,True,"NameSilo, LLC",2,365,False,0,False,False,,benign,no_adverse_signal
vesovicadvisory.online,2026-07-09,22,3.1898980954642866,0.0,0,0.6666666666666666,-6.792562962962963,medium,0.48,2,0.6666666666666666,True,NOERROR,1,50,0,2,False,False,0,47583,CY,False,"HOSTINGER operations, UAB",2,365,False,32,False,False,,benign,no_adverse_signal
gta6-casino.info,2026-07-09,16,3.277613436819116,0.0625,1,0.8,-8.232394736842105,medium,0.5,2,0.9090909090909091,True,NOERROR,2,300,3,2,True,False,2,13335,US,False,,,,,0,False,False,False,benign,no_adverse_signal
zeuslaunch.xyz,2026-07-09,14,3.121928094887362,0.0,0,0.6666666666666666,-7.3972999999999995,high,0.6316,3,0.9,True,NOERROR,2,3600,1,2,True,False,0,16509,US,True,"GMO Internet, Inc.",2,365,True,28,False,False,,benign,no_adverse_signal
995510ldrai5.top,2026-07-09,16,3.0220552088742,0.4375,0,0.6666666666666666,-9.948590476190477,high,0.3478,3,0.75,False,NOERROR,0,,0,2,False,False,0,,,,"Spaceship, Inc.",2,365,True,,,False,,benign,no_adverse_signal
48day.com,2026-07-09,9,2.321928094887362,0.2222222222222222,0,0.5,-9.849442857142858,low,0.5,1,1.0,False,NOERROR,0,,0,2,False,False,0,,,,Dynadot Inc,2,365,False,,,False,,benign,no_adverse_signal
lauerfirearmtrainingdynamics.com,2026-07-09,32,3.6375375112660517,0.0,0,0.6470588235294118,-6.944624528301886,low,0.4286,5,0.5357142857142857,True,NOERROR,1,3600,1,3,True,False,0,396982,NL,True,Hosting Concepts B.V. d/b/a Registrar.eu,2,365,True,7,False,False,False,benign,no_adverse_signal
aiveraglobal.net,2026-07-09,16,3.0220552088742005,0.0,0,1.0,-6.534647619047619,low,0.7273,2,0.75,True,NOERROR,1,14400,3,2,True,False,0,22612,US,True,NAMECHEAP INC,3,731,True,0,False,False,False,benign,no_adverse_signal
naisins.click,2026-07-09,13,1.9502120649147465,0.0,0,0.75,-6.2612,medium,0.6154,2,0.5714285714285714,False,NXDOMAIN,0,,0,0,False,False,0,,,,,,,False,,,False,,benign,no_adverse_signal
uniqueeximindia.com,2026-07-09,19,2.9735572622751847,0.0,0,1.5,-7.10922962962963,low,0.5,2,0.6,True,NOERROR,2,60,2,2,True,False,2,47583,CY,False,"HOSTINGER operations, UAB",2,1096,False,0,False,False,False,benign,no_adverse_signal
54653566.com,2026-07-09,12,1.811278124459133,0.6666666666666666,0,0.0,-11.269538461538462,low,0.3636,0,0.5,False,NOERROR,0,,0,2,False,False,0,,,,"Wild West Domains, LLC",3,365,True,,,False,,benign,no_adverse_signal
datingproof.xyz,2026-07-09,15,3.277613436819116,0.0,0,0.5714285714285714,-6.568626315789474,high,0.5263,4,0.9090909090909091,True,NOERROR,2,3600,1,2,True,False,0,16509,US,True,"GMO Internet, Inc.",2,365,True,28,False,False,,benign,no_adverse_signal
555tttt.com,2026-07-09,11,0.9852281360342515,0.2727272727272727,0,0.0,-10.100772727272727,low,0.4,4,0.2857142857142857,True,NOERROR,2,300,0,2,False,False,2,13335,US,False,Realtime Register B.V.,2,365,False,0,False,False,,benign,no_adverse_signal
scorekr.com,2026-07-09,11,2.521640636343318,0.0,0,0.4,-6.835436363636362,low,0.6154,2,0.8571428571428571,True,NOERROR,1,300,0,2,False,False,0,133448,CN,False,Hello Internet Corp,2,365,False,0,False,False,,benign,no_adverse_signal
outreachtogether.com,2026-07-09,20,3.0306390622295662,0.0,0,0.7777777777777778,-6.631303448275862,low,0.5217,3,0.5625,True,NOERROR,1,1800,5,2,True,False,0,22612,US,False,NAMECHEAP INC,2,1826,True,0,False,False,False,benign,no_adverse_signal
yesterandmorrow.info,2026-07-09,20,3.323231428797621,0.0,0,0.5,-6.509781481481482,medium,0.5217,3,0.7333333333333333,True,NOERROR,2,600,0,2,False,False,0,16509,US,True,,,,,37,False,False,,benign,no_adverse_signal
thelendingwell.net,2026-07-09,18,2.9852281360342525,0.0,0,0.4,-6.512508,low,0.48,3,0.6428571428571429,True,NOERROR,4,14400,1,4,True,False,0,53831,US,False,Squarespace Domains II LLC,2,365,True,22,False,False,False,benign,no_adverse_signal
guillermogiansanti.net,2026-07-09,22,3.461320140211008,0.0,0,0.8,-6.700321212121212,low,0.4706,2,0.6666666666666666,True,NOERROR,1,1800,5,2,True,False,0,16509,IE,True,NAMECHEAP INC,3,365,True,0,False,False,False,benign,no_adverse_signal
clouddataconnect.digital,2026-07-09,24,3.077819531114783,0.0,0,0.6,-6.431634482758621,low,0.6667,2,0.5625,True,NOERROR,1,300,0,2,False,False,0,206834,DE,False,,,,,11,False,False,,benign,no_adverse_signal
41131576.com,2026-07-09,12,2.4056390622295662,0.6666666666666666,0,0.0,-10.576899999999998,low,0.3636,0,0.75,False,NOERROR,0,,0,2,False,False,0,,,,"Wild West Domains, LLC",2,365,True,,,False,,benign,no_adverse_signal
elyssimmo-neuf.com,2026-07-09,18,3.3787834934861767,0.0,1,0.625,-7.863548,low,0.48,4,0.7857142857142857,True,NOERROR,1,86400,1,2,True,False,1,16276,FR,True,"OVH, SAS",6222,6574,True,25,False,False,False,benign,no_adverse_signal
ozinkentertainment.com,2026-07-09,22,3.086048612313038,0.0,0,0.6363636363636364,-6.440775757575758,low,0.5333,2,0.5555555555555556,True,NOERROR,3,3600,0,2,False,False,0,58182,US,True,Wix.com Ltd.,2,1096,True,19,False,False,,benign,no_adverse_signal
jusheweiju.com,2026-07-09,14,2.721928094887362,0.0,0,1.0,-7.789658823529411,low,0.5333,2,0.7,True,NOERROR,4,60,0,2,False,True,8,16509,US,True,Dynadot Inc,2,365,False,0,False,False,,benign,no_adverse_signal
ballandbeats.de,2026-07-09,15,2.8553885422075336,0.0,0,0.5,-6.484995238095238,low,0.6,3,0.6666666666666666,True,NOERROR,1,3600,2,3,True,False,0,58182,US,True,,,,False,19,False,False,False,benign,no_adverse_signal
ugac.co.kr,2026-07-09,10,2.0,0.0,0,1.0,-7.399299999999999,low,0.5455,1,1.0,True,NOERROR,1,86400,1,2,False,False,0,3786,KR,False,"Gabia, Inc.(http://www.gabia.co.kr)",11,731,False,0,False,False,False,benign,no_adverse_signal
lwte-kaibao.com.cn,2026-07-09,18,3.277613436819116,0.0,1,1.0,-8.36628947368421,low,0.625,3,0.9090909090909091,True,NOERROR,1,600,0,2,False,False,0,58658,US,False,深圳英迈思信息技术有限公司,3,365,False,0,False,False,,benign,no_adverse_signal
pinabayas.com,2026-07-09,13,2.6416041678685933,0.0,0,0.8,-6.821093333333334,low,0.75,1,0.7777777777777778,False,NOERROR,0,,0,2,False,False,0,,,,"Cloudflare, Inc.",2,365,True,,,False,,benign,no_adverse_signal
milliefaulkner.com,2026-07-09,18,3.182005814760214,0.0,0,0.75,-7.441556,low,0.4762,3,0.7142857142857143,True,NOERROR,2,900,1,2,False,False,0,16509,NL,True,"TUCOWS.COM, CO.",2,365,True,10,False,False,False,benign,no_adverse_signal
dlptimeline.xyz,2026-07-09,15,2.9139770731827523,0.0,0,0.5714285714285714,-6.798884210526316,high,0.5333,4,0.7272727272727273,True,NOERROR,2,3600,1,2,True,False,0,16509,US,True,"GMO Internet, Inc.",2,365,True,28,False,False,,benign,no_adverse_signal
ckwangbifenycy.com.cn,2026-07-09,21,3.378783493486176,0.0,0,0.2727272727272727,-7.928243999999999,low,0.4545,4,0.7857142857142857,True,NOERROR,1,300,0,2,False,False,0,132839,CL,False,合肥欢鹿网络科技有限公司,14,365,False,0,False,False,,benign,no_adverse_signal
hu-qran.com,2026-07-09,11,2.807354922057604,0.0,1,0.5,-9.326363636363636,low,0.5556,2,1.0,True,NOERROR,1,86400,0,2,False,False,0,16509,US,True,"TUCOWS.COM, CO.",371,730,True,1,False,False,,benign,no_adverse_signal
kromawave.com,2026-07-09,13,2.94770277922009,0.0,0,0.8,-7.137566666666667,low,0.5714,2,0.8888888888888888,False,NOERROR,0,,0,2,False,False,0,,,,"Cloudflare, Inc.",2,365,True,,,False,,benign,no_adverse_signal
vc-easy.com,2026-07-09,11,2.807354922057604,0.0,1,0.5,-8.356718181818183,low,0.5455,2,1.0,True,NOERROR,2,300,0,2,False,False,2,13335,US,False,Dominet (HK) Limited,2,365,False,0,False,False,,benign,no_adverse_signal
628coriandercanyonct.com,2026-07-09,24,3.5464393446710156,0.125,0,0.5454545454545454,-7.311975675675675,low,0.4375,3,0.65,True,NOERROR,2,300,0,2,False,False,2,13335,US,False,"ENOM, INC.",2,365,True,0,False,False,,benign,no_adverse_signal
vipxrpay.xyz,2026-07-09,12,2.75,0.0,0,0.3333333333333333,-8.562492307692308,high,0.5333,4,0.875,True,NOERROR,2,3600,1,2,True,False,0,16509,US,True,"GMO Internet, Inc.",2,365,True,28,False,False,,benign,no_adverse_signal
eazytools4u.com,2026-07-09,15,3.277613436819116,0.06666666666666667,0,1.0,-8.341973684210526,low,0.4615,3,0.9090909090909091,True,NOERROR,2,300,3,2,True,False,2,13335,US,False,"Cloudflare, Inc.",2,365,True,0,False,False,False,benign,no_adverse_signal
leakcockpit.xyz,2026-07-09,15,3.095795255000934,0.0,0,0.5714285714285714,-7.537663157894737,high,0.5714,3,0.8181818181818182,True,NOERROR,2,3600,1,2,True,False,0,16509,US,True,"GMO Internet, Inc.",2,365,True,28,False,False,,benign,no_adverse_signal
hakkatbaklava.xyz,2026-07-09,17,2.4416298737872246,0.0,0,0.625,-7.772660869565217,high,0.4545,2,0.5384615384615384,False,NOERROR,0,,2,2,True,False,0,,,,Nics Telekomunikasyon A.S.,2,365,True,,,False,False,benign,no_adverse_signal
dollarsfeed.xyz,2026-07-09,15,2.9139770731827523,0.0,0,0.5714285714285714,-7.014868421052632,high,0.5,3,0.7272727272727273,True,NOERROR,2,3600,1,2,True,False,0,16509,US,True,"GMO Internet, Inc.",2,365,True,28,False,False,,benign,no_adverse_signal
vlog.autos,2026-07-09,10,2.0,0.0,0,0.3333333333333333,-7.649760000000001,low,0.5455,2,1.0,False,NOERROR,0,,0,2,False,False,0,,,,Dynadot Inc,3,365,False,,,False,,benign,no_adverse_signal
racialcopilot.xyz,2026-07-09,17,2.931208948910323,0.0,0,0.8571428571428571,-6.7910130434782605,high,0.5217,2,0.6153846153846154,True,NOERROR,2,3600,1,2,True,False,0,16509,US,True,"GMO Internet, Inc.",2,365,True,28,False,False,,benign,no_adverse_signal
petislands.xyz,2026-07-09,14,3.121928094887362,0.0,0,0.42857142857142855,-6.5035823529411765,high,0.5882,3,0.9,True,NOERROR,2,3600,1,2,True,False,0,16509,US,True,"GMO Internet, Inc.",2,365,True,28,False,False,,benign,no_adverse_signal
website-jungs.com,2026-07-09,17,3.3927474104487847,0.0,1,0.5,-7.3377739130434785,low,0.6154,3,0.8461538461538461,True,NOERROR,1,3600,2,4,True,False,1,8560,DE,True,IONOS SE,2,365,True,0,False,False,False,benign,no_adverse_signal
pixelwav.media,2026-07-09,14,3.0,0.0,0,0.6,-7.9342999999999995,low,0.5333,2,1.0,True,NOERROR,3,3600,1,2,False,False,0,58182,US,True,,,,,18,False,False,False,benign,no_adverse_signal
naneorynijrm.pro,2026-07-09,16,3.0220552088742,0.0,0,0.5,-7.938861904761904,low,0.5,3,0.75,True,NOERROR,1,900,1,3,True,False,1,24940,DE,True,,,,,0,False,False,False,benign,no_adverse_signal
1428allyn.com,2026-07-09,13,2.94770277922009,0.3076923076923077,0,0.25,-9.6676,low,0.5333,4,0.8888888888888888,True,NOERROR,1,3600,0,2,False,False,0,58182,US,True,"GoDaddy.com, LLC",2,365,True,19,False,False,,benign,no_adverse_signal
jwkscircuit.xyz,2026-07-09,15,3.095795255000934,0.0,0,0.375,-8.561284210526315,high,0.5,5,0.8181818181818182,True,NOERROR,2,3600,1,2,True,False,0,16509,US,True,"GMO Internet, Inc.",2,365,True,28,False,False,,benign,no_adverse_signal
7k-casino-mcy04.icu,2026-07-09,19,3.640223928941851,0.15789473684210525,2,0.42857142857142855,-8.694855555555556,low,0.3846,3,0.8666666666666667,True,NOERROR,2,300,0,2,False,False,2,13335,US,False,NAMECHEAP INC,2,365,True,0,False,False,,benign,no_adverse_signal
pulltabgamesinpa.com,2026-07-09,20,3.452819531114783,0.0,0,0.6,-7.004482758620689,low,0.5,3,0.75,True,NOERROR,2,600,0,2,False,False,0,16509,US,True,"GoDaddy.com, LLC",2,365,True,37,False,False,,benign,no_adverse_signal
j951.me,2026-07-09,7,2.0,0.42857142857142855,0,0.0,-11.90156,low,0.2857,1,1.0,True,NOERROR,10,600,0,2,False,True,0,211512,US,False,"Name.com, Inc.",8,365,True,0,False,False,,benign,no_adverse_signal
yidrkn.com,2026-07-09,10,2.584962500721156,0.0,0,0.2,-8.6288,low,0.5455,4,1.0,True,NOERROR,1,60,2,2,True,False,0,210538,TR,True,"HOSTINGER operations, UAB",2,365,False,0,False,False,False,benign,no_adverse_signal
c624x721.cfd,2026-07-09,12,2.75,0.5,0,0.0,-11.304107692307692,low,0.3077,1,0.875,False,NOERROR,0,,0,2,False,False,0,,,,"GMO Internet, Inc.",2,365,True,,,False,,benign,no_adverse_signal
atsolsa.org,2026-07-09,11,2.2359263506290326,0.0,0,0.75,-6.948336363636364,low,0.625,2,0.7142857142857143,True,NOERROR,4,14400,1,4,True,False,0,53831,US,False,Squarespace Domains II LLC,20,365,True,22,False,False,False,benign,no_adverse_signal
optimarconnect.com,2026-07-09,18,3.2359263506290326,0.0,0,0.5555555555555556,-6.419668000000001,low,0.6154,2,0.7142857142857143,True,NOERROR,2,600,0,2,False,False,0,16509,US,True,"GoDaddy.com, LLC",2,365,True,37,False,False,,benign,no_adverse_signal
maintman.app,2026-07-09,12,2.25,0.0,0,0.6,-6.195576923076923,low,0.5556,3,0.625,True,NOERROR,1,3600,2,4,True,False,1,8560,US,True,,,,False,0,False,False,False,benign,no_adverse_signal
megaetricset.surf,2026-07-09,17,3.0220552088742,0.0,0,0.7142857142857143,-6.9196238095238085,low,0.56,2,0.75,False,NOERROR,0,,0,2,False,False,0,,,,Dynadot Inc,2,365,True,,,False,,benign,no_adverse_signal
ki-battle.com,2026-07-09,13,2.94770277922009,0.0,1,0.6,-7.629180000000001,low,0.5,3,0.8888888888888888,False,NOERROR,0,,1,2,True,False,0,,,,"Cloudflare, Inc.",2,365,True,,,False,,benign,no_adverse_signal
homnanherb.com,2026-07-09,14,2.9219280948873623,0.0,0,0.42857142857142855,-7.126235294117647,low,0.5333,2,0.8,False,NOERROR,0,,0,2,False,False,0,,,,"Cloudflare, Inc.",2,1096,True,,,False,,benign,no_adverse_signal
elite-coders.tech,2026-07-09,17,3.188721875540867,0.0,1,0.8333333333333334,-6.440938095238096,low,0.5455,2,0.8333333333333334,True,NOERROR,1,14400,0,4,False,False,0,16509,US,False,Namify Domains Inc,2,365,False,0,False,False,,benign,no_adverse_signal
thefashionchop.com,2026-07-09,18,3.3248629576173574,0.0,0,0.5555555555555556,-6.6038440000000005,low,0.5,3,0.7857142857142857,False,NOERROR,0,,3,2,True,False,0,,,,"Amazon Registrar, Inc.",2,365,True,,,False,False,benign,no_adverse_signal
outletowelove.com,2026-07-09,17,2.6612262562697895,0.0,0,1.1666666666666667,-6.821282608695652,low,0.6,2,0.5384615384615384,True,NOERROR,3,3600,0,2,False,False,0,58182,US,True,Wix.com Ltd.,2,365,False,15,False,False,,benign,no_adverse_signal
mediaecran.ru,2026-07-09,13,2.9219280948873623,0.0,0,1.0,-6.690911764705882,low,0.6667,2,0.8,True,NOERROR,1,3600,2,4,True,False,1,50340,RU,True,REGTIME-RU,3,365,False,0,False,False,False,benign,no_adverse_signal
clearcapitaltipsdaily.com,2026-07-09,25,3.27280432733462,0.0,0,0.6153846153846154,-6.719541025641026,low,0.5,3,0.5238095238095238,True,NOERROR,1,14400,1,2,True,False,0,20860,GB,True,NAMECHEAP INC,2,365,False,0,False,False,False,benign,no_adverse_signal
paus188ncg.site,2026-07-09,15,3.121928094887362,0.2,0,0.4,-9.40545294117647,medium,0.5,3,0.9,True,NOERROR,2,300,0,2,False,False,2,13335,US,False,NAMECHEAP INC,2,365,True,0,False,False,,benign,no_adverse_signal
galarzaec.com,2026-07-09,13,2.6416041678685933,0.0,0,0.8,-7.597626666666667,low,0.5263,2,0.7777777777777778,True,NOERROR,1,3600,1,4,True,False,1,48254,US,False,IONOS SE,3,365,True,0,False,False,False,benign,no_adverse_signal
4pt90-q.garden,2026-07-09,14,2.807354922057604,0.21428571428571427,1,0.0,-12.03560909090909,low,0.3636,2,1.0,False,NOERROR,0,,0,2,False,False,0,,,,"Spaceship, Inc.",2,365,True,,,False,,benign,no_adverse_signal
balimail.xyz,2026-07-09,12,2.25,0.0,0,1.0,-6.2173384615384615,high,0.6667,1,0.625,True,NOERROR,2,3600,1,2,True,False,0,16509,US,True,"GMO Internet, Inc.",2,365,True,28,False,False,,benign,no_adverse_signal
douglasfirallnatural.com,2026-07-09,24,3.321928094887362,0.0,0,0.6666666666666666,-7.073618918918919,low,0.4444,3,0.6,True,NOERROR,4,14400,0,4,True,False,0,53831,US,False,Squarespace Domains LLC,3,1096,True,22,False,False,,benign,no_adverse_signal
buzzarai.xyz,2026-07-09,12,2.5,0.0,0,1.0,-7.38796923076923,high,0.5333,2,0.75,True,NOERROR,2,3600,1,2,True,False,0,16509,US,True,"GMO Internet, Inc.",2,365,True,28,False,False,,benign,no_adverse_signal
likaviarep.online,2026-07-09,17,2.9219280948873623,0.0,0,1.0,-6.902782352941177,medium,0.5714,1,0.8,True,NOERROR,1,50,0,2,False,False,0,47583,CY,False,"HOSTINGER operations, UAB",2,365,False,32,False,False,,benign,no_adverse_signal
htyeim.com,2026-07-09,10,2.584962500721156,0.0,0,0.5,-8.593488888888889,low,0.6,3,1.0,False,SERVFAIL,0,,0,0,False,False,0,,,,NAMECHEAP INC,3322,4018,True,,,False,,benign,no_adverse_signal
paris888.me,2026-07-09,11,2.4056390622295662,0.2727272727272727,0,0.6666666666666666,-7.663538461538462,low,0.4615,1,0.75,True,NOERROR,2,300,0,2,True,False,2,13335,US,False,"NameSilo, LLC",3,365,True,0,False,False,,benign,no_adverse_signal
shootindebris.com,2026-07-09,17,3.238901256602631,0.0,0,0.625,-6.458860869565217,low,0.5,2,0.7692307692307693,True,NOERROR,2,600,3,2,True,False,0,16509,US,True,"GoDaddy.com, LLC",2,365,True,37,False,False,False,benign,no_adverse_signal
jottapestore.com.br,2026-07-09,19,2.8553885422075336,0.0,0,0.7142857142857143,-6.504014285714287,low,0.5714,2,0.6666666666666666,True,NOERROR,1,14400,1,2,True,False,0,31898,BR,True,,4,731,False,0,False,False,False,benign,no_adverse_signal
qvsbc7.garden,2026-07-09,13,2.584962500721156,0.07692307692307693,0,0.0,-10.447311111111112,low,0.4444,5,1.0,True,NOERROR,5,30,0,2,False,False,0,138415,HK,False,Dynadot Inc,2,365,True,0,False,False,,benign,no_adverse_signal
orangenailsbar.com,2026-07-09,18,3.182005814760214,0.0,0,0.75,-6.591368,low,0.5217,3,0.7142857142857143,True,NOERROR,1,14400,1,2,True,False,0,22612,US,True,NAMECHEAP INC,2,365,True,0,False,False,False,benign,no_adverse_signal
agelesstravelernewsletter.com,2026-07-09,29,3.0170148112524404,0.0,0,0.5625,-6.3576595744680855,low,0.4444,4,0.4,True,NOERROR,1,300,0,3,True,False,0,14618,US,True,"TUCOWS.COM, CO.",2,365,True,0,False,False,,benign,no_adverse_signal
psmh.lol,2026-07-09,8,2.0,0.0,0,0.0,-8.794740000000001,low,0.5714,4,1.0,True,NOERROR,1,360,5,2,True,False,0,396982,US,True,NAMECHEAP INC,2,365,False,0,False,False,False,benign,no_adverse_signal
funsizehp.com,2026-07-09,13,3.169925001442312,0.0,0,0.5,-8.294873333333333,low,0.5,2,1.0,True,NOERROR,2,3600,0,2,False,False,0,16509,US,True,"GoDaddy.com, LLC",2,365,True,23,False,False,,benign,no_adverse_signal
reserveburn.xyz,2026-07-09,15,2.59490661824394,0.0,0,0.5714285714285714,-6.478505263157895,high,0.6364,2,0.6363636363636364,True,NOERROR,2,3600,1,2,True,False,0,16509,US,True,"GMO Internet, Inc.",2,365,True,28,False,False,,benign,no_adverse_signal
vaelo.art,2026-07-09,9,2.321928094887362,0.0,0,1.5,-7.6192714285714285,low,0.6,1,1.0,False,NOERROR,0,,5,2,True,False,0,,,,NAMECHEAP INC,2,365,True,,,False,False,benign,no_adverse_signal
zuqulanqutiyuzhibopingtai.com.cn,2026-07-09,32,3.6038561897747234,0.0,0,0.7857142857142857,-8.22556595744681,low,0.4,3,0.56,True,NOERROR,1,300,0,2,False,False,0,132839,CL,False,合肥欢鹿网络科技有限公司,14,365,False,0,False,False,,benign,no_adverse_signal
text2songai.com,2026-07-09,15,3.2776134368191165,0.06666666666666667,0,0.6666666666666666,-8.032526315789474,low,0.4706,2,0.9090909090909091,True,NOERROR,3,3603,0,3,False,False,0,63949,US,True,"NameSilo, LLC",2,365,True,0,False,False,,benign,no_adverse_signal
admittedlyflyingbream.shop,2026-07-09,26,3.630412660873998,0.0,0,0.4,-7.310792307692308,low,0.4828,6,0.6190476190476191,True,NOERROR,1,1800,5,2,True,False,0,22612,US,False,,,,False,0,False,False,False,benign,no_adverse_signal
dzf30erif259vd-yu52b.com,2026-07-09,24,3.921928094887362,0.2916666666666667,1,0.3333333333333333,-11.3794,low,0.375,3,0.8,True,NOERROR,2,600,0,2,False,False,0,16509,US,True,"GoDaddy.com, LLC",2,365,True,37,False,False,,benign,no_adverse_signal
semanticdrop.com,2026-07-09,16,3.584962500721156,0.0,0,0.5,-6.586566666666667,low,0.5556,3,1.0,True,NOERROR,1,14400,0,2,False,False,0,47583,IN,True,"GoDaddy.com, LLC",3,365,True,0,False,False,,benign,no_adverse_signal
aiassent.xyz,2026-07-09,12,2.5,0.0,0,1.0,-6.355538461538462,high,0.6154,2,0.75,True,NOERROR,2,3600,1,2,True,False,0,16509,US,True,"GMO Internet, Inc.",2,365,True,28,False,False,,benign,no_adverse_signal
elisearnal.fr,2026-07-09,13,2.721928094887362,0.0,0,1.0,-6.245788235294118,low,0.6154,2,0.7,True,NOERROR,1,3600,4,2,True,False,1,16276,FR,True,OVH,1,1095,False,7,False,False,False,benign,no_adverse_signal
meumundodigital.click,2026-07-09,21,3.373557262275185,0.0,0,0.875,-6.924918518518519,medium,0.5,2,0.7333333333333333,False,NOERROR,0,,0,2,False,False,0,,,,"Key-Systems, LLC",2,365,False,,,False,,benign,no_adverse_signal
brighstartowtruckco.xyz,2026-07-09,23,3.536886723742167,0.0,0,0.35714285714285715,-7.250705714285714,high,0.5,4,0.6842105263157895,True,NOERROR,2,300,0,2,False,False,2,13335,US,False,Dynadot Inc,2,365,False,0,False,False,,benign,no_adverse_signal
praxisgeschichten.de,2026-07-09,20,3.4992275471326932,0.0,0,0.4166666666666667,-7.1271645161290325,low,0.4828,3,0.7058823529411765,True,NOERROR,1,50,0,2,False,False,0,47583,CY,False,,,,False,32,False,False,,benign,no_adverse_signal
ateliercanin.store,2026-07-09,18,2.918295834054489,0.0,0,1.0,-6.1443666666666665,low,0.6,2,0.6666666666666666,True,NOERROR,1,7200,0,4,False,False,1,13335,CA,True,,,,False,0,False,False,,benign,no_adverse_signal
yinyan.design,2026-07-09,13,1.9182958340544893,0.0,0,0.5,-7.298633333333334,low,0.6,2,0.6666666666666666,True,NOERROR,2,8,0,4,False,False,0,16509,US,True,www.porkbun.com,743,730,True,0,False,False,,benign,no_adverse_signal
counttechhq.com,2026-07-09,15,2.9139770731827523,0.0,0,0.375,-7.257273684210527,low,0.5,4,0.7272727272727273,True,NOERROR,1,3600,1,4,True,False,0,396982,US,True,PDR Ltd. d/b/a PublicDomainRegistry.com,2,365,True,0,False,False,False,benign,no_adverse_signal
prismsuite.xyz,2026-07-09,14,2.9219280948873623,0.0,0,0.6666666666666666,-6.976682352941176,high,0.5882,3,0.8,True,NOERROR,2,3600,1,2,True,False,0,16509,US,True,"GMO Internet, Inc.",2,365,True,28,False,False,,benign,no_adverse_signal
themonopolytimes.com,2026-07-09,20,3.327819531114783,0.0,0,0.6,-6.621951724137931,low,0.6087,3,0.6875,True,NOERROR,2,55,2,4,True,False,0,16509,US,True,Porkbun LLC,2,365,False,7,False,False,False,benign,no_adverse_signal
icpic26.online,2026-07-09,14,2.2359263506290326,0.14285714285714285,0,0.6666666666666666,-9.032772727272727,medium,0.4615,2,0.7142857142857143,True,NOERROR,1,3600,0,2,True,False,0,34619,TR,True,Nics Telekomunikasyon A.S.,2,365,True,2,False,False,,benign,no_adverse_signal
425comir4r27b.com,2026-07-09,17,3.238901256602631,0.35294117647058826,0,0.4,-10.409686956521739,low,0.3478,1,0.7692307692307693,True,NOERROR,2,300,0,2,False,False,2,13335,US,False,"GMO Internet, Inc.",2,365,True,0,False,False,,benign,no_adverse_signal
guneyegitimvakfi.biz,2026-07-09,20,3.452819531114783,0.0,0,0.7777777777777778,-7.913958620689654,low,0.4348,2,0.75,True,NOERROR,1,14400,1,4,False,False,0,42846,TR,True,PDR Ltd. d/b/a PublicDomainRegistry.com,2,365,True,0,False,False,False,benign,no_adverse_signal
flygai.xyz,2026-07-09,10,2.584962500721156,0.0,0,0.5,-7.758544444444444,high,0.5455,4,1.0,True,NOERROR,2,3600,1,2,True,False,0,16509,US,True,"GMO Internet, Inc.",2,365,True,28,False,False,,benign,no_adverse_signal
zsf12.com,2026-07-09,9,2.321928094887362,0.2222222222222222,0,0.0,-11.005928571428571,low,0.5,3,1.0,True,NOERROR,1,1,0,2,False,True,0,202412,US,False,Dynadot Inc,2,365,False,0,True,True,,malicious,spamhaus_zen
23a23a.com,2026-07-09,10,1.584962500721156,0.4,0,2.0,-10.880755555555556,low,0.4444,0,0.5,True,NOERROR,2,300,0,2,False,False,2,13335,US,False,"Gransy, s.r.o.",2,365,False,0,False,False,,benign,no_adverse_signal
dearsiennaletters.com,2026-07-09,21,3.0286393118385755,0.0,0,0.7,-6.40101935483871,low,0.5,2,0.5294117647058824,True,NOERROR,4,14400,1,4,True,False,0,53831,US,False,Squarespace Domains II LLC,2,365,True,22,False,False,False,benign,no_adverse_signal
resumenexus.xyz,2026-07-09,15,2.663532754804255,0.0,0,0.8333333333333334,-6.8197947368421055,high,0.4706,1,0.6363636363636364,True,NOERROR,2,3600,1,2,True,False,0,16509,US,True,"GMO Internet, Inc.",2,365,True,28,False,False,,benign,no_adverse_signal
sunsphereweddings.com,2026-07-09,21,3.292770193936991,0.0,0,0.4166666666666667,-6.924664516129033,low,0.5161,4,0.6470588235294118,True,NOERROR,1,1800,0,5,False,False,0,16509,US,True,"ENOM, INC.",2194,2556,True,0,False,False,,benign,no_adverse_signal
stageqe.de,2026-07-09,10,2.521640636343318,0.0,0,0.75,-8.061327272727272,low,0.5556,2,0.8571428571428571,True,NOERROR,1,150,1,2,False,False,1,8560,DE,True,,,,False,0,False,False,False,benign,no_adverse_signal
into.party,2026-07-09,10,2.0,0.0,0,1.0,-5.673,low,0.6667,2,1.0,True,NOERROR,2,23,0,4,False,False,0,16509,US,True,Porkbun,380,365,True,0,False,False,,benign,no_adverse_signal
apw888.top,2026-07-09,10,1.792481250360578,0.3,0,0.5,-9.808755555555557,high,0.4444,2,0.6666666666666666,False,timeout,0,,0,0,False,False,0,,,,Dynadot LLC,2,365,True,,,False,,benign,no_adverse_signal
070263.com,2026-07-09,10,2.2516291673878226,0.6,0,0.0,-11.177544444444443,low,0.4444,0,0.8333333333333334,True,NOERROR,1,600,0,2,False,True,0,48753,MD,False,Dynadot Inc,2,365,False,0,False,False,,benign,no_adverse_signal
aintaxi.xyz,2026-07-09,11,2.2359263506290326,0.0,0,1.3333333333333333,-6.580763636363637,high,0.6154,2,0.7142857142857143,True,NOERROR,2,3600,1,2,True,False,0,16509,US,True,"GMO Internet, Inc.",2,365,True,28,False,False,,benign,no_adverse_signal
coder.lat,2026-07-09,9,2.321928094887362,0.0,0,0.6666666666666666,-6.0753571428571425,low,0.6,1,1.0,False,SERVFAIL,0,,0,0,False,False,0,,,,NAMECHEAP INC,53,365,True,,,False,,benign,no_adverse_signal
32119.me,2026-07-09,8,1.9219280948873623,0.625,0,0.0,-10.099957142857145,low,0.25,0,0.8,True,NOERROR,1,60,0,2,False,False,0,54994,US,False,Hosting Concepts B.V. d/b/a Registrar.eu,2,365,True,0,False,False,,benign,no_adverse_signal
aviraland.com,2026-07-09,13,2.6416041678685933,0.0,0,0.8,-6.181640000000001,low,0.5,2,0.7777777777777778,True,NOERROR,2,600,0,2,False,False,0,16509,US,True,"GoDaddy.com, LLC",2,365,True,37,False,False,,benign,no_adverse_signal
imagineartpaint.com,2026-07-09,19,3.0062389286533895,0.0,0,0.875,-6.412744444444445,low,0.5217,3,0.6,True,NOERROR,2,300,1,2,True,False,2,13335,US,False,"NameSilo, LLC",2,365,True,0,False,False,False,benign,no_adverse_signal
aminalareira.com,2026-07-09,16,2.584962500721156,0.0,0,1.4,-6.26932380952381,low,0.5217,1,0.5833333333333334,False,NOERROR,0,,0,2,False,False,0,,,,"Cloudflare, Inc.",2,365,True,,,False,,benign,no_adverse_signal
adspowerzhcn.com,2026-07-09,16,3.584962500721156,0.0,0,0.3333333333333333,-8.070266666666665,low,0.5185,5,1.0,True,NOERROR,2,300,0,2,False,False,2,13335,US,False,Realtime Register B.V.,2,365,False,0,False,False,,benign,no_adverse_signal
6f8poemm.cfd,2026-07-09,12,2.75,0.16666666666666666,0,0.5,-10.092484615384617,low,0.4615,2,0.875,False,NOERROR,0,,0,2,False,False,0,,,,"GMO Internet, Inc.",2,365,True,,,False,,benign,no_adverse_signal
kolmail.top,2026-07-09,11,2.5216406363433186,0.0,0,0.75,-7.083600000000001,high,0.7273,2,0.8571428571428571,False,NOERROR,0,,0,2,False,False,0,,,,Alibaba Cloud Computing Ltd. d/b/a HiChina (www.net.cn),5,365,True,,,False,,benign,no_adverse_signal
iron0003clad.com,2026-07-09,16,3.188721875540867,0.25,0,0.6,-8.679766666666668,low,0.4545,2,0.8333333333333334,True,NOERROR,1,10800,0,3,False,False,0,212477,NL,True,"TUCOWS.COM, CO.",2,365,True,0,False,True,,malicious,spamhaus_dbl
ticketmeat.xyz,2026-07-09,14,2.6464393446710153,0.0,0,0.6666666666666666,-6.480305882352941,high,0.5714,2,0.7,True,NOERROR,2,3600,1,2,True,False,0,16509,US,True,"GMO Internet, Inc.",2,365,True,28,False,False,,benign,no_adverse_signal
alwayssxm.com,2026-07-09,13,2.725480556997868,0.0,0,0.2857142857142857,-8.361386666666666,low,0.5556,5,0.7777777777777778,True,NOERROR,1,3600,1,2,True,False,0,16276,FR,True,"OVH, SAS",2,1826,True,0,False,False,False,benign,no_adverse_signal
epsstudio.mom,2026-07-09,13,2.94770277922009,0.0,0,0.8,-7.070386666666667,low,0.6667,4,0.8888888888888888,True,NOERROR,2,300,0,2,False,False,2,13335,US,False,Dynadot Inc,2,365,False,0,False,False,,benign,no_adverse_signal
miamisoundsupport.com,2026-07-09,21,3.381580488309164,0.0,0,0.7,-6.755464516129032,low,0.4667,3,0.6470588235294118,True,NOERROR,1,50,0,2,False,False,0,47583,CY,False,"HOSTINGER operations, UAB",2,731,False,32,False,False,,benign,no_adverse_signal
deltakadvisory.com,2026-07-09,18,3.521640636343319,0.0,0,0.5555555555555556,-6.991044,low,0.5,2,0.8571428571428571,True,NOERROR,1,3600,1,2,True,False,0,16509,US,True,"GoDaddy.com, LLC",2,1096,True,29,False,False,False,benign,no_adverse_signal
mcptaskflowmap.xyz,2026-07-09,18,3.3787834934861767,0.0,0,0.2727272727272727,-8.030624,high,0.5185,4,0.7857142857142857,True,NOERROR,2,3600,1,2,True,False,0,16509,US,True,"GMO Internet, Inc.",2,365,True,28,False,False,,benign,no_adverse_signal
airytube.xyz,2026-07-09,12,3.0,0.0,0,1.0,-7.4513,high,0.6667,3,1.0,True,NOERROR,2,3600,1,2,True,False,0,16509,US,True,"GMO Internet, Inc.",2,365,True,28,False,False,,benign,no_adverse_signal
yenaccount.xyz,2026-07-09,14,2.9219280948873623,0.0,0,0.6666666666666666,-6.781823529411764,high,0.625,2,0.8,True,NOERROR,2,3600,1,2,True,False,0,16509,US,True,"GMO Internet, Inc.",2,365,True,28,False,False,,benign,no_adverse_signal
signeddriftlab.xyz,2026-07-09,18,3.521640636343319,0.0,0,0.4,-7.402387999999999,high,0.5185,3,0.8571428571428571,True,NOERROR,2,3600,1,2,True,False,0,16509,US,True,"GMO Internet, Inc.",2,365,True,28,False,False,,benign,no_adverse_signal
squatquest.com,2026-07-09,14,2.5219280948873624,0.0,0,0.6666666666666666,-7.808005882352941,low,0.5556,2,0.6,True,NOERROR,2,300,0,2,False,False,0,16509,US,False,Porkbun LLC,2,365,False,0,False,False,,benign,no_adverse_signal
avocettephoto.fr,2026-07-09,16,2.8150724101159437,0.0,0,0.8571428571428571,-7.013978260869566,low,0.5833,2,0.6153846153846154,True,NOERROR,1,3600,3,2,True,False,0,16276,FR,True,OVH,1,1095,False,0,False,False,False,benign,no_adverse_signal
lotus365vip.vip,2026-07-09,15,3.459431618637298,0.2,0,0.6,-8.399373684210525,low,0.4444,1,1.0,True,NOERROR,2,300,5,2,True,False,2,13335,US,False,NAMECHEAP INC,2,365,True,0,False,False,False,benign,no_adverse_signal
ohdot.xyz,2026-07-09,9,1.9219280948873623,0.0,0,0.6666666666666666,-8.221214285714286,high,0.5333,2,0.8,False,NOERROR,0,,0,2,False,False,0,,,,Alibaba Cloud Computing Ltd. d/b/a HiChina (www.net.cn),2,365,False,,,False,,benign,no_adverse_signal
partnerwithrob.com,2026-07-09,18,3.3248629576173574,0.0,0,0.4,-6.9848479999999995,low,0.5,3,0.7857142857142857,True,NOERROR,2,300,0,2,False,False,2,13335,US,False,"GoDaddy.com, LLC",2,1096,True,0,False,False,,benign,no_adverse_signal
getdivizend.com,2026-07-09,15,2.9139770731827523,0.0,0,0.5714285714285714,-7.174378947368421,low,0.5455,2,0.7272727272727273,True,NOERROR,1,1800,5,2,True,False,0,22612,US,False,NAMECHEAP INC,2,365,True,0,False,False,False,benign,no_adverse_signal
cryptorefiils.com,2026-07-09,17,3.3927474104487847,0.0,0,0.4444444444444444,-7.550378260869565,low,0.5,5,0.8461538461538461,True,NOERROR,2,300,0,2,False,False,2,13335,US,False,Internet Domain Service BS Corp.,2,365,True,0,False,False,,benign,no_adverse_signal
82g5g.com,2026-07-09,9,1.9219280948873623,0.3333333333333333,0,0.0,-12.669657142857144,low,0.4444,1,0.8,True,NOERROR,2,300,0,2,False,False,2,13335,US,False,Dominet (HK) Limited,2,365,False,0,False,True,,malicious,spamhaus_dbl
newsreportdesk.info,2026-07-09,19,3.182005814760214,0.0,0,0.4,-6.821612,medium,0.5,3,0.7142857142857143,True,NOERROR,2,300,0,2,False,False,0,13335,US,False,,,,,0,False,False,,benign,no_adverse_signal
mainbang.xyz,2026-07-09,12,2.5,0.0,0,0.6,-6.350384615384616,high,0.5556,2,0.75,True,NOERROR,2,3600,1,2,True,False,0,16509,US,True,"GMO Internet, Inc.",2,365,True,28,False,False,,benign,no_adverse_signal
flyingeagleskates.company,2026-07-09,25,3.337175341123077,0.0,0,0.5454545454545454,-6.868125806451613,low,0.4667,3,0.6470588235294118,False,NOERROR,0,,0,2,False,False,0,,,,,,,,,,False,,benign,no_adverse_signal
miltoncourse.com,2026-07-09,16,3.418295834054489,0.0,0,0.7142857142857143,-6.6725095238095244,low,0.5,2,0.9166666666666666,True,NOERROR,1,604800,0,2,False,False,0,213274,TR,False,Realtime Register B.V.,2,365,False,0,False,False,,benign,no_adverse_signal
theghat.com,2026-07-09,11,2.2359263506290326,0.0,0,0.4,-7.128672727272728,low,0.5556,2,0.7142857142857143,True,NOERROR,1,60,0,2,False,False,0,13335,CA,True,"HOSTINGER operations, UAB",2,365,False,0,False,False,,benign,no_adverse_signal
adolamcounseling.com,2026-07-09,20,3.5,0.0,0,0.7777777777777778,-6.524958620689656,low,0.5217,2,0.75,True,NOERROR,3,3600,1,2,True,False,0,58182,US,True,Wix.com Ltd.,2,1096,True,19,False,False,False,benign,no_adverse_signal
extra-adresi2026.icu,2026-07-09,20,3.5,0.2,1,0.8333333333333334,-7.849710344827587,low,0.4848,3,0.75,False,SERVFAIL,0,,0,0,False,False,0,,,,Dynadot Inc,2,365,False,,,True,,malicious,spamhaus_dbl
cng-igames.com.cn,2026-07-09,17,3.121928094887362,0.0,1,0.5,-7.526482352941176,low,0.6316,3,0.9,True,NOERROR,2,300,0,2,False,False,2,13335,US,False,Web Commerce Communications Limited,3,365,False,0,False,True,,malicious,spamhaus_dbl
xj9255.com,2026-07-09,10,2.2516291673878226,0.4,0,0.0,-11.805,low,0.4,2,0.8333333333333334,True,NOERROR,1,600,0,4,False,False,0,400619,HK,False,Dominet (HK) Limited,2,365,False,0,False,True,,malicious,spamhaus_dbl
jesusheaven.com,2026-07-09,15,2.845350936622437,0.0,0,0.8333333333333334,-6.907163157894736,low,0.5,2,0.7272727272727273,True,NOERROR,1,300,0,2,False,False,0,206834,DE,False,Dynadot Inc,2,365,False,11,False,False,,benign,no_adverse_signal
queenstargadget.com,2026-07-09,19,3.1898980954642875,0.0,0,0.6666666666666666,-6.781418518518518,low,0.5185,3,0.6666666666666666,True,NOERROR,2,120,0,4,False,False,0,16509,DE,True,"HOSTINGER operations, UAB",2,365,False,17,False,False,,benign,no_adverse_signal
142040.xyz,2026-07-09,10,1.9182958340544896,0.6,0,0.0,-10.620633333333334,high,0.3636,0,0.6666666666666666,False,NOERROR,0,,0,2,False,False,0,,,,Alibaba Cloud Computing Ltd. d/b/a HiChina (www.net.cn),2,365,False,,,False,,benign,no_adverse_signal
90pmwt.top,2026-07-09,10,2.584962500721156,0.2,0,0.0,-11.204022222222221,high,0.4444,4,1.0,False,NOERROR,0,,0,2,False,False,0,,,,Chengdu west dimension digital,2,365,True,,,False,,benign,no_adverse_signal
prumusai.com,2026-07-09,12,2.75,0.0,0,1.0,-7.2655076923076924,low,0.625,2,0.875,True,NOERROR,1,600,2,2,True,False,0,8075,US,False,"GoDaddy.com, LLC",2,365,True,0,False,False,False,benign,no_adverse_signal
lovinnewyork.com,2026-07-09,16,3.2516291673878226,0.0,0,0.5,-7.099738095238096,low,0.5714,2,0.8333333333333334,True,NOERROR,2,10800,0,2,True,False,2,14618,US,True,DropCatch.com 972 LLC,2,365,False,0,False,False,,benign,no_adverse_signal
ringsmp.net,2026-07-09,11,2.807354922057604,0.0,0,0.16666666666666666,-6.916145454545455,low,0.5714,5,1.0,True,NOERROR,1,60,0,2,False,False,0,199414,GB,False,"Cloudflare, Inc.",2,365,True,0,False,False,,benign,no_adverse_signal
tm150.com,2026-07-09,9,2.321928094887362,0.3333333333333333,0,0.0,-10.795871428571429,low,0.4444,2,1.0,True,NOERROR,2,300,0,2,False,False,2,13335,US,False,"Spaceship, Inc.",2,365,False,0,False,False,,benign,no_adverse_signal
rolebundle.xyz,2026-07-09,14,2.9219280948873623,0.0,0,0.6666666666666666,-7.009411764705882,high,0.5556,3,0.8,True,NOERROR,2,3600,1,2,True,False,0,16509,US,True,"GMO Internet, Inc.",2,365,True,28,False,False,,benign,no_adverse_signal
ippo-coaching.com,2026-07-09,17,3.0850551027564768,0.0,1,0.7142857142857143,-7.086208695652174,low,0.5,2,0.6923076923076923,True,NOERROR,3,3600,1,2,True,False,0,58182,US,True,Wix.com Ltd.,2,1096,True,19,False,False,False,benign,no_adverse_signal
longgg.help,2026-07-09,11,1.792481250360578,0.0,0,0.2,-7.374944444444444,low,0.6154,4,0.6666666666666666,True,NOERROR,3,3603,1,3,False,False,0,63949,US,True,"NameSilo, LLC",2,365,True,0,False,False,False,benign,no_adverse_signal
improvingnpskills.com,2026-07-09,21,3.3371753411230776,0.0,0,0.3076923076923077,-7.286470967741935,low,0.5185,6,0.6470588235294118,False,NOERROR,0,,3,2,True,False,0,,,,TuringSign Inc. d/b/a Cosmotown,2,365,False,,,False,False,benign,no_adverse_signal
reviewroute.xyz,2026-07-09,15,2.845350936622437,0.0,0,1.2,-7.015321052631579,high,0.5556,2,0.7272727272727273,True,NOERROR,2,3600,1,2,True,False,0,16509,US,True,"GMO Internet, Inc.",2,365,True,28,False,False,,benign,no_adverse_signal
fjmd.shop,2026-07-09,9,2.0,0.0,0,0.0,-11.00918,low,0.5455,4,1.0,False,NOERROR,0,,0,2,False,False,0,,,,,,,False,,,False,,benign,no_adverse_signal
tyxbit.com,2026-07-09,10,2.2516291673878226,0.0,0,0.2,-8.803722222222222,low,0.6667,4,0.8333333333333334,False,NOERROR,0,,1,2,True,False,0,,,,URL SOLUTIONS INC.,2,365,True,,,False,,benign,no_adverse_signal
napleylodgefarmdaynursery.com,2026-07-09,29,3.6430741894285688,0.0,0,0.47058823529411764,-7.48443829787234,low,0.4615,3,0.56,True,NOERROR,1,86400,0,2,False,False,0,16509,US,True,"TUCOWS.COM, CO.",2563,2922,True,1,False,False,,benign,no_adverse_signal
propylamatrix.digital,2026-07-09,21,3.238901256602631,0.0,0,0.4444444444444444,-6.995169565217392,low,0.5385,3,0.7692307692307693,True,NOERROR,2,300,0,2,False,False,2,13335,US,False,,,,,0,False,False,,benign,no_adverse_signal
aipetnanny.com,2026-07-09,14,2.6464393446710157,0.0,0,0.6666666666666666,-7.208547058823529,low,0.5556,3,0.7,False,NOERROR,0,,0,2,False,False,0,,,,"Cloudflare, Inc.",2,365,True,,,False,,benign,no_adverse_signal
losandescoffee.shop,2026-07-09,19,3.039148671903071,0.0,0,0.75,-6.730568,low,0.5,2,0.6428571428571429,True,NOERROR,2,60,2,2,True,False,2,47583,LT,False,,,,False,0,False,False,False,benign,no_adverse_signal
alinedentalcare.com,2026-07-09,19,3.006238928653389,0.0,0,0.875,-6.017751851851852,low,0.56,2,0.6,True,NOERROR,2,300,5,2,True,False,2,13335,US,False,NAMECHEAP INC,2,365,True,0,False,False,False,benign,no_adverse_signal
dd-house.online,2026-07-09,15,2.75,0.0,1,0.75,-7.691776923076923,medium,0.4615,2,0.875,True,NOERROR,1,1800,0,3,False,False,0,24806,CZ,True,"TUCOWS.COM, CO.",2,731,False,0,False,False,,benign,no_adverse_signal
devopscloudnet.digital,2026-07-09,22,3.3787834934861767,0.0,0,0.5555555555555556,-6.916644,low,0.5833,4,0.7857142857142857,True,NOERROR,2,300,0,2,False,False,2,13335,US,False,,,,,0,False,False,,benign,no_adverse_signal
authzbureau.xyz,2026-07-09,15,2.845350936622437,0.0,0,1.2,-7.783910526315789,high,0.625,4,0.7272727272727273,True,NOERROR,2,3600,1,2,True,False,0,16509,US,True,"GMO Internet, Inc.",2,365,True,28,False,False,,benign,no_adverse_signal
plugchance.xyz,2026-07-09,14,3.121928094887362,0.0,0,0.42857142857142855,-7.0877,high,0.5882,3,0.9,True,NOERROR,2,3600,1,2,True,False,0,16509,US,True,"GMO Internet, Inc.",2,365,True,28,False,False,,benign,no_adverse_signal
oldrollmodsapk.com,2026-07-09,18,2.9852281360342525,0.0,0,0.4,-7.363648,low,0.4762,3,0.6428571428571429,True,NOERROR,2,300,0,2,False,False,2,13335,US,False,NAMECHEAP INC,2,365,True,0,False,False,,benign,no_adverse_signal
9h-6olp.garden,2026-07-09,14,2.807354922057604,0.14285714285714285,1,0.3333333333333333,-11.573172727272727,low,0.4286,2,1.0,False,NOERROR,0,,0,2,False,False,0,,,,"Spaceship, Inc.",2,365,True,,,False,,benign,no_adverse_signal
casfify.se,2026-07-09,10,2.521640636343318,0.0,0,0.4,-7.664972727272727,low,0.5714,2,0.8571428571428571,True,NOERROR,2,3600,0,2,False,False,0,39570,SE,False,Loopia AB,3,365,False,0,False,False,,benign,no_adverse_signal
greenecodisplay.com,2026-07-09,19,3.5898980954642865,0.0,0,0.6666666666666666,-6.47207037037037,low,0.4545,3,0.8666666666666667,True,NOERROR,2,300,2,2,False,False,2,13335,US,False,NAMECHEAP INC,2,365,True,0,False,False,True,benign,no_adverse_signal
rokquest.com,2026-07-09,12,3.0,0.0,0,0.6,-8.058723076923076,low,0.6667,2,1.0,True,NOERROR,2,600,0,2,False,False,0,16509,US,True,"GoDaddy.com, LLC",2,365,True,37,False,False,,benign,no_adverse_signal
fothergreen.shop,2026-07-09,16,2.8453509366224368,0.0,0,0.5714285714285714,-6.651657894736842,low,0.5882,3,0.7272727272727273,True,NOERROR,1,300,0,2,False,False,0,199242,US,False,,,,False,0,False,False,,benign,no_adverse_signal
juraganpremium.my.id,2026-07-09,20,3.2359263506290334,0.0,0,0.75,-7.108619999999999,low,0.4762,3,0.7142857142857143,True,NOERROR,1,14400,1,4,True,False,0,58487,ID,True,,,,False,0,False,False,False,benign,no_adverse_signal
yonogemes.com,2026-07-09,13,2.725480556997868,0.0,0,0.8,-6.7661999999999995,low,0.5556,1,0.7777777777777778,True,NOERROR,2,60,2,2,True,False,2,47583,CY,False,"GoDaddy.com, LLC",2,365,True,0,False,False,False,benign,no_adverse_signal
marmat.life,2026-07-09,11,1.9182958340544893,0.0,0,0.5,-6.0296,low,0.625,2,0.6666666666666666,True,NOERROR,1,300,0,4,False,False,0,13335,DE,True,,,,False,35,False,False,,benign,no_adverse_signal
chickenforpeople.xyz,2026-07-09,20,3.327819531114783,0.0,0,0.6,-6.871893103448276,high,0.48,2,0.6875,True,NOERROR,2,300,0,2,False,False,2,13335,US,False,Dynadot Inc,2,365,False,0,False,False,,benign,no_adverse_signal
xiaprotein.com,2026-07-09,14,3.121928094887362,0.0,0,1.0,-6.783058823529411,low,0.625,2,0.9,True,NOERROR,2,3600,0,2,False,False,0,16509,US,True,"GoDaddy.com, LLC",2,1096,True,23,False,False,,benign,no_adverse_signal
sketchfeed.xyz,2026-07-09,14,2.8464393446710154,0.0,0,0.42857142857142855,-7.457429411764706,high,0.5,4,0.8,True,NOERROR,2,3600,1,2,True,False,0,16509,US,True,"GMO Internet, Inc.",3,365,True,28,False,False,,benign,no_adverse_signal
legacydirectholding.com,2026-07-09,23,3.616348566075163,0.0,0,0.46153846153846156,-6.955257142857143,low,0.5,3,0.6842105263157895,True,NOERROR,2,300,0,2,False,False,0,16509,US,True,"Spaceship, Inc.",2,365,False,1,False,False,,benign,no_adverse_signal
rosbine.com,2026-07-09,11,2.807354922057604,0.0,0,0.75,-6.695081818181818,low,0.6667,2,1.0,False,NOERROR,0,,0,2,False,False,0,,,,ONLINE SAS,2,365,True,,,False,,benign,no_adverse_signal
agicegai.xyz,2026-07-09,12,2.25,0.0,0,1.6666666666666667,-7.014330769230769,high,0.5,1,0.625,True,NOERROR,2,3600,1,2,True,False,0,16509,US,True,"GMO Internet, Inc.",2,365,True,28,False,False,,benign,no_adverse_signal
ugksa5.vip,2026-07-09,10,2.584962500721156,0.1,0,0.6666666666666666,-10.331733333333334,low,0.4615,3,1.0,True,NOERROR,1,3600,0,2,False,False,0,400619,SC,False,"GoDaddy.com, LLC",2,365,True,0,False,False,,benign,no_adverse_signal
httvcgahah.com,2026-07-09,14,2.4464393446710155,0.0,0,0.25,-8.593935294117648,low,0.5556,6,0.6,False,NOERROR,0,,0,2,False,False,0,,,,Dynadot Inc,3,365,False,,,False,,benign,no_adverse_signal
shadowmatrix.pro,2026-07-09,16,3.418295834054489,0.0,0,0.5,-7.060938095238095,low,0.5,2,0.9166666666666666,True,NOERROR,2,300,0,2,False,False,2,13335,US,False,,,,,0,False,False,,benign,no_adverse_signal
d1vwwz.vip,2026-07-09,10,2.251629167387823,0.1,0,0.0,-11.696144444444444,low,0.4444,4,0.8333333333333334,True,NOERROR,1,3600,0,2,False,False,0,400619,SC,False,"GoDaddy.com, LLC",2,365,True,0,False,False,,benign,no_adverse_signal
reg-resheniya.ru,2026-07-09,16,3.180832987205441,0.0,1,0.7142857142857143,-7.41001304347826,low,0.5,2,0.7692307692307693,True,NOERROR,1,86400,0,2,False,False,0,197695,RU,False,REGRU-RU,3,365,False,0,False,False,,benign,no_adverse_signal
glubinasmm.ru,2026-07-09,13,3.1219280948873624,0.0,0,0.42857142857142855,-7.390141176470588,low,0.5,3,0.9,True,NOERROR,1,3600,2,2,True,False,1,197695,RU,True,REGRU-RU,3,365,False,0,False,False,False,benign,no_adverse_signal
ashcroftai.com,2026-07-09,14,3.121928094887362,0.0,0,0.6666666666666666,-7.2806235294117645,low,0.5263,4,0.9,True,NOERROR,1,300,1,2,True,False,0,16509,US,False,"Cloudflare, Inc.",2,365,True,0,False,False,False,benign,no_adverse_signal
649018.com,2026-07-09,10,2.584962500721156,0.6,0,0.0,-10.883588888888887,low,0.4444,0,1.0,True,NOERROR,1,600,0,2,False,False,0,135581,HK,False,Dynadot Inc,2,365,False,0,True,False,,malicious,spamhaus_zen
conseils-au-quotidien.site,2026-07-09,26,3.5944656369614516,0.0,2,1.1111111111111112,-7.762110256410257,medium,0.4444,2,0.6190476190476191,True,NOERROR,1,1800,5,2,True,False,0,13335,CA,True,NAMECHEAP INC,2,365,True,0,False,False,False,benign,no_adverse_signal
songchance.xyz,2026-07-09,14,2.9219280948873623,0.0,0,0.42857142857142855,-6.512382352941176,high,0.5882,4,0.8,True,NOERROR,2,3600,1,2,True,False,0,16509,US,True,"GMO Internet, Inc.",3,365,True,28,False,False,,benign,no_adverse_signal
scoopgai.xyz,2026-07-09,12,2.75,0.0,0,1.0,-7.303084615384615,high,0.5714,2,0.875,True,NOERROR,2,3600,1,2,True,False,0,16509,US,True,"GMO Internet, Inc.",2,365,True,28,False,False,,benign,no_adverse_signal
koreanspicules.com,2026-07-09,18,3.521640636343319,0.0,0,0.75,-6.633328000000001,low,0.6,3,0.8571428571428571,True,NOERROR,1,1800,5,2,True,False,0,22612,US,False,NAMECHEAP INC,2,365,True,0,False,False,False,benign,no_adverse_signal
jczuqubifenjshibifenzhibckewang.com.cn,2026-07-09,38,3.8488846166291197,0.0,0,0.47619047619047616,-8.3946,low,0.32,4,0.5161290322580645,True,NOERROR,1,300,0,2,False,False,0,132839,CL,False,合肥欢鹿网络科技有限公司,14,365,False,0,False,False,,benign,no_adverse_signal
clearcoatteeth.com,2026-07-09,18,2.8423709931771093,0.0,0,0.75,-6.706627999999999,low,0.5385,2,0.5714285714285714,True,NOERROR,2,300,3,2,True,False,2,13335,US,False,NAMECHEAP INC,2,365,True,0,False,False,False,benign,no_adverse_signal
gamerone.shop,2026-07-09,13,2.75,0.0,0,1.0,-5.760584615384616,low,0.6154,1,0.875,True,NOERROR,2,60,0,2,False,False,2,47583,DE,False,,,,False,0,False,False,,benign,no_adverse_signal
repk2b.beer,2026-07-09,11,2.584962500721156,0.09090909090909091,0,0.25,-9.612655555555556,low,0.4615,2,1.0,True,NOERROR,1,30,0,2,False,False,0,138415,HK,False,Dynadot Inc,2,365,True,1,False,False,,benign,no_adverse_signal
2profitswin.space,2026-07-09,17,3.277613436819116,0.058823529411764705,0,0.42857142857142855,-7.390868421052632,low,0.4615,3,0.9090909090909091,True,NOERROR,1,1800,5,2,True,False,0,22612,US,False,NAMECHEAP INC,2,365,True,0,False,False,False,benign,no_adverse_signal
eugenehoney.com,2026-07-09,15,2.5503407095463886,0.0,0,1.2,-7.075384210526316,low,0.5556,1,0.6363636363636364,True,NOERROR,1,50,0,2,False,False,0,47583,CY,False,"HOSTINGER operations, UAB",2,365,False,32,False,False,,benign,no_adverse_signal
podprivate.com,2026-07-09,14,3.121928094887362,0.0,0,0.6666666666666666,-6.948582352941177,low,0.5882,3,0.9,True,NOERROR,1,1800,5,2,True,False,0,22612,US,False,"NameCheap, Inc.",2,365,False,0,False,False,False,benign,no_adverse_signal
