domain,date_collected,domain_length,shannon_entropy,digit_ratio,hyphen_count,vowel_consonant_ratio,ngram_score,tld_risk_category,typosquatting_similarity,longest_consonant_run,unique_char_ratio,resolves_flag,rcode,num_a_records,min_ttl,mx_count,num_ns,has_spf,cname_present,num_aaaa_records,asn,geo_country,ptr_present,registrar,domain_age_days,registration_duration_days,privacy_protection_flag,abuseipdb_score,spamhaus_zen_listed,spamhaus_dbl_listed,mx_spamhaus_zen_listed,label,label_reason
gptcache.xyz,2026-07-04,12,2.75,0.0,0,0.3333333333333333,-7.318461538461539,high,0.8,4,0.875,True,NOERROR,2,3600,1,2,True,False,0,16509,US,True,"GMO Internet, Inc.",2,365,True,71,False,False,,malicious,abuseipdb
4001896336.com,2026-07-04,14,2.7219280948873625,0.7142857142857143,0,0.0,-10.817023529411765,low,0.4615,0,0.7,True,NOERROR,2,300,0,2,False,False,2,13335,US,False,Gname 143 Inc,2,365,False,0,False,False,,benign,no_adverse_signal
plutonsv.com,2026-07-04,12,3.0,0.0,0,0.3333333333333333,-6.766669230769231,low,0.5333,3,1.0,True,NOERROR,1,1800,1,2,True,False,0,22612,US,False,NAMECHEAP INC,3,365,True,0,False,False,False,benign,no_adverse_signal
zksynceradao.xyz,2026-07-04,16,3.4182958340544896,0.0,0,0.5,-7.457028571428571,high,0.6,6,0.9166666666666666,True,NOERROR,2,3600,1,2,True,False,0,16509,US,True,"GMO Internet, Inc.",2,365,True,29,False,False,,benign,no_adverse_signal
hx8-lvse.icu,2026-07-04,12,3.0,0.08333333333333333,1,0.2,-10.6729,low,0.5,3,1.0,False,NOERROR,0,,0,2,False,False,0,,,,"Zhengzhou Century Connect Electronic Technology Development Co., Ltd",2,365,False,,,False,,benign,no_adverse_signal
xxglkf.com,2026-07-04,10,2.2516291673878226,0.0,0,0.0,-10.376444444444445,low,0.4286,6,0.8333333333333334,False,timeout,0,,0,0,False,False,0,,,,DomainSails.net LLC,2,365,True,,,False,,benign,no_adverse_signal
wiyuvxrtq.icu,2026-07-04,13,3.169925001442312,0.0,0,0.2857142857142857,-10.36776,low,0.5,5,1.0,False,NOERROR,0,,0,2,False,False,0,,,,"Zhengzhou Century Connect Electronic Technology Development Co., Ltd",2,365,False,,,False,,benign,no_adverse_signal
maanasgroup.com,2026-07-04,15,3.027169118440619,0.0,0,0.8333333333333334,-7.054763157894738,low,0.5263,3,0.8181818181818182,True,NOERROR,2,600,0,2,False,False,0,16509,US,True,"GoDaddy.com, LLC",2,365,True,31,False,False,,benign,no_adverse_signal
calcperch.com,2026-07-04,13,2.6416041678685933,0.0,0,0.2857142857142857,-7.03376,low,0.5882,3,0.7777777777777778,True,NOERROR,2,300,3,2,True,False,2,13335,US,False,NAMECHEAP INC,2,365,True,0,False,False,False,benign,no_adverse_signal
jmtttt.cc,2026-07-04,9,1.2516291673878228,0.0,0,0.0,-9.27827777777778,low,0.4444,6,0.5,True,NOERROR,1,1,0,2,False,True,0,40065,US,False,"NameSilo, LLC",3,365,True,0,False,False,,benign,no_adverse_signal
ratinghub.co.nz,2026-07-04,15,3.169925001442312,0.0,0,0.5,-6.4239733333333335,low,0.5333,3,1.0,True,NOERROR,2,600,0,2,False,False,0,16509,US,True,Key-Systems GmbH,3,,False,37,False,False,,benign,no_adverse_signal
turbo-vpn.com.cn,2026-07-04,16,3.169925001442312,0.0,1,0.3333333333333333,-8.27722,low,0.5333,3,1.0,True,NOERROR,1,100,0,2,False,False,0,132839,CL,False,Web Commerce Communications Limited,3,365,False,0,False,False,,benign,no_adverse_signal
snoozpets.top,2026-07-04,13,2.725480556997868,0.0,0,0.5,-8.067173333333333,high,0.5882,2,0.7777777777777778,True,NOERROR,1,3600,1,4,True,False,1,48254,US,False,PDR Ltd,2,365,False,0,False,False,False,benign,no_adverse_signal
novosmineiros.com.br,2026-07-04,20,2.873140679513133,0.0,0,0.8571428571428571,-6.959999999999999,low,0.6087,2,0.6153846153846154,True,NOERROR,1,1800,2,2,True,False,1,47583,BR,False,,4,365,False,0,False,False,False,benign,no_adverse_signal
jpra-mt7xo.com,2026-07-04,14,3.321928094887362,0.07142857142857142,1,0.3333333333333333,-9.894347058823529,low,0.4,3,1.0,True,NOERROR,1,1800,0,5,False,False,0,16509,US,True,"ENOM, INC.",734,1095,True,0,False,False,,benign,no_adverse_signal
myeasyholidays.com,2026-07-04,18,3.182005814760214,0.0,0,0.5555555555555556,-7.367084,low,0.6087,3,0.7142857142857143,True,NOERROR,2,600,0,2,False,False,0,16509,US,True,"GoDaddy.com, LLC",3,365,True,37,False,False,,benign,no_adverse_signal
agentscenews.xyz,2026-07-04,16,2.8553885422075336,0.0,0,0.5,-6.327585714285714,high,0.48,4,0.6666666666666666,True,NOERROR,2,3600,1,2,True,False,0,16509,US,True,"GMO Internet, Inc.",2,365,True,71,False,False,,malicious,abuseipdb
uccoo.ru,2026-07-04,8,1.5219280948873621,0.0,0,1.5,-7.307771428571429,low,0.6,2,0.6,True,NOERROR,1,10800,0,2,False,False,0,197695,RU,False,REGRU-RU,3,365,False,0,False,False,,benign,no_adverse_signal
everybookmatters.digital,2026-07-04,24,3.327819531114783,0.0,0,0.6,-6.707713793103448,low,0.4615,3,0.6875,True,NOERROR,2,300,0,2,False,False,2,13335,US,False,,,,,0,False,False,,benign,no_adverse_signal
sibayaktoto.biz,2026-07-04,15,2.913977073182752,0.0,0,0.8333333333333334,-7.208473684210527,low,0.5,2,0.7272727272727273,True,NOERROR,2,300,3,2,True,False,2,13335,US,False,NAMECHEAP INC,3,365,True,0,False,False,False,benign,no_adverse_signal
rpsouzastore.com,2026-07-04,16,3.0849625007211556,0.0,0,0.7142857142857143,-7.155404761904761,low,0.5455,3,0.75,True,NOERROR,1,10800,1,2,True,False,0,31898,BR,True,PDR Ltd. d/b/a PublicDomainRegistry.com,2,365,False,0,False,False,False,benign,no_adverse_signal
app88.site,2026-07-04,10,1.5219280948873621,0.2,0,0.5,-9.068642857142857,medium,0.6,2,0.6,True,NOERROR,2,300,0,2,False,False,2,13335,US,False,DYNADOT LLC,2,365,True,0,False,False,,benign,no_adverse_signal
semeebourseasway.site,2026-07-04,21,3.077819531114783,0.0,0,1.0,-6.951786206896552,medium,0.4444,2,0.625,True,NOERROR,2,300,0,2,False,False,2,13335,US,False,"NameSilo, LLC",2,365,True,0,False,False,,benign,no_adverse_signal
aurastuff.online,2026-07-04,16,2.503258334775646,0.0,0,0.8,-7.03896,medium,0.5714,2,0.6666666666666666,True,NOERROR,1,1800,5,2,True,False,0,22612,US,False,NAMECHEAP INC,2,365,True,0,False,False,False,benign,no_adverse_signal
growpulse.pro,2026-07-04,13,3.169925001442312,0.0,0,0.5,-7.569366666666667,low,0.5333,2,1.0,True,NOERROR,1,60,1,4,True,False,0,396982,US,True,,,,,0,False,False,False,benign,no_adverse_signal
causergpt.xyz,2026-07-04,13,3.169925001442312,0.0,0,0.5,-7.364999999999999,high,0.625,4,1.0,True,NOERROR,2,3600,1,2,True,False,0,16509,US,True,"GMO Internet, Inc.",2,365,True,29,False,False,,benign,no_adverse_signal
czsprhzlz.icu,2026-07-04,13,2.6416041678685933,0.0,0,0.0,-10.345886666666667,low,0.4,9,0.7777777777777778,False,NOERROR,0,,0,2,False,False,0,,,,"Zhengzhou Century Connect Electronic Technology Development Co., Ltd",2,365,False,,,False,,benign,no_adverse_signal
lvlvibeds.icu,2026-07-04,13,2.725480556997868,0.0,0,0.2857142857142857,-8.413966666666667,low,0.5333,4,0.7777777777777778,True,NOERROR,1,600,0,2,False,False,0,132839,HK,False,"Zhengzhou Century Connect Electronic Technology Development Co., Ltd",2,365,False,0,False,False,,benign,no_adverse_signal
kovisionco.uk,2026-07-04,13,2.6464393446710153,0.0,0,1.0,-6.620005882352941,low,0.5333,2,0.7,True,NOERROR,2,300,0,2,False,False,0,16509,US,False,"Cloudflare, Inc. [Tag = CLOUDFLARE]",4,365,False,0,,False,,benign,no_adverse_signal
exposomecenter.org,2026-07-04,18,3.09306920777189,0.0,0,0.75,-6.489588,low,0.5,2,0.7142857142857143,True,NOERROR,1,3600,2,4,True,False,1,8560,US,True,IONOS SE,2,365,False,0,False,False,False,benign,no_adverse_signal
45ovz.pro,2026-07-04,9,2.321928094887362,0.2222222222222222,0,0.5,-11.822785714285715,low,0.4444,2,1.0,True,NOERROR,1,3603,0,3,False,False,0,132839,US,False,,,,,0,False,False,,benign,no_adverse_signal
cafecitodesapendejador.shop,2026-07-04,27,3.481714572986072,0.0,0,0.8333333333333334,-6.968604878048781,low,0.4242,2,0.5909090909090909,True,NOERROR,1,1800,0,2,False,False,1,47583,US,False,,,,False,0,False,False,,benign,no_adverse_signal
odilon-chocolaterie.be,2026-07-04,22,3.40582225028569,0.0,1,1.0,-6.68146,low,0.4848,2,0.631578947368421,True,NOERROR,1,3600,4,2,True,False,1,51468,DK,True,,4,,False,0,False,False,False,benign,no_adverse_signal
microretail.xyz,2026-07-04,15,3.0957952550009344,0.0,0,0.8333333333333334,-6.421152631578948,high,0.6316,2,0.8181818181818182,True,NOERROR,2,3600,1,2,True,False,0,16509,US,True,"GMO Internet, Inc.",2,365,True,29,False,False,,benign,no_adverse_signal
sphereplatform.xyz,2026-07-04,18,3.3787834934861767,0.0,0,0.4,-6.7164719999999996,high,0.5455,3,0.7857142857142857,True,NOERROR,2,3600,1,2,True,False,0,16509,US,True,"GMO Internet, Inc.",3,365,True,71,False,False,,malicious,abuseipdb
3dinvent.xyz,2026-07-04,12,2.75,0.08333333333333333,0,0.4,-7.238938461538462,high,0.5333,2,0.875,True,NOERROR,2,3600,1,2,True,False,0,16509,US,True,"GMO Internet, Inc.",3,365,True,71,False,False,,malicious,abuseipdb
skglobaltours.com,2026-07-04,17,3.238901256602631,0.0,0,0.4444444444444444,-7.217030434782609,low,0.6087,4,0.7692307692307693,True,NOERROR,2,60,2,2,True,False,2,47583,DE,False,NAMECHEAP INC,2,365,True,1,False,False,False,benign,no_adverse_signal
combustion.help,2026-07-04,15,3.121928094887362,0.0,0,0.6666666666666666,-6.345599999999999,low,0.5882,2,0.9,True,NOERROR,2,600,0,2,False,False,0,16509,US,True,Key-Systems GmbH,2,365,True,37,False,False,,benign,no_adverse_signal
eyumj.com,2026-07-04,9,2.321928094887362,0.0,0,0.6666666666666666,-9.298785714285714,low,0.5455,2,1.0,True,NOERROR,2,300,0,2,False,False,2,13335,US,False,"Cloudflare, Inc.",2,365,True,0,False,False,,benign,no_adverse_signal
64496.bid,2026-07-04,9,1.5219280948873621,0.5555555555555556,0,0.0,-11.000757142857143,low,0.25,0,0.6,True,NOERROR,1,1,0,2,False,True,0,4907,JP,False,,,,False,0,True,True,,malicious,spamhaus_zen
domabest.cyou,2026-07-04,13,3.0,0.0,0,0.6,-6.4627923076923075,low,0.6667,2,1.0,True,NOERROR,1,10800,0,3,False,False,1,14061,US,False,"NicNames, Inc",2,365,True,0,False,False,,benign,no_adverse_signal
flipsflorida.com,2026-07-04,16,3.084962500721156,0.0,0,0.5,-7.190190476190476,low,0.5263,4,0.75,True,NOERROR,2,3600,0,2,False,False,0,16509,US,True,"GoDaddy.com, LLC",3,365,True,51,False,False,,malicious,abuseipdb
chipstours.com,2026-07-04,14,3.121928094887362,0.0,0,0.42857142857142855,-6.680317647058823,low,0.5333,3,0.9,True,NOERROR,1,600,0,2,False,False,0,132839,SC,False,Eranet International Limited,2,365,True,0,True,False,,malicious,spamhaus_zen
882987.app,2026-07-04,10,1.7924812503605778,0.6,0,0.0,-10.75228888888889,low,0.2222,0,0.6666666666666666,True,NOERROR,2,300,0,2,False,False,2,13335,US,False,,,,False,0,False,False,,benign,no_adverse_signal
dizisturcabr.com,2026-07-04,16,3.2516291673878226,0.0,0,0.5,-7.2478,low,0.5,2,0.8333333333333334,True,NOERROR,3,3600,0,2,False,False,0,58182,US,True,Wix.com Ltd.,2,365,False,19,False,False,,benign,no_adverse_signal
atempojoyeria.com,2026-07-04,17,3.238901256602631,0.0,0,1.1666666666666667,-7.251973913043479,low,0.56,2,0.7692307692307693,True,NOERROR,1,10800,0,4,False,False,1,13335,CA,True,"TUCOWS.COM, CO.",2,365,True,0,False,False,,benign,no_adverse_signal
mkfyhwpeg.icu,2026-07-04,13,3.169925001442312,0.0,0,0.125,-10.240306666666667,low,0.5714,7,1.0,False,NOERROR,0,,0,2,False,False,0,,,,"Zhengzhou Century Connect Electronic Technology Development Co., Ltd",2,365,False,,,False,,benign,no_adverse_signal
alv-lvse.icu,2026-07-04,12,2.5,0.0,1,0.4,-9.181430769230769,low,0.6,3,0.75,False,NOERROR,0,,0,2,False,False,0,,,,"Zhengzhou Century Connect Electronic Technology Development Co., Ltd",2,365,False,,,False,,benign,no_adverse_signal
nutritionalguideonli.info,2026-07-04,25,3.2841837197791888,0.0,0,1.0,-6.683002702702702,medium,0.4138,2,0.55,True,NOERROR,2,300,0,2,False,False,2,13335,US,False,,,,,0,False,False,,benign,no_adverse_signal
rondaiuris.net,2026-07-04,14,2.9219280948873623,0.0,0,1.0,-6.913505882352942,low,0.5,2,0.8,True,NOERROR,2,300,2,2,True,False,2,13335,US,False,"Cloudflare, Inc.",2,365,True,0,False,False,True,benign,no_adverse_signal
wallerland.info,2026-07-04,15,2.6464393446710153,0.0,0,0.42857142857142855,-6.228611764705882,medium,0.5556,2,0.7,True,NOERROR,2,600,0,2,False,False,0,16509,US,True,,,,,37,False,False,,benign,no_adverse_signal
superfasteventmanagement.com,2026-07-04,28,3.3401998765158556,0.0,0,0.6,-6.473148888888889,low,0.4571,3,0.5,True,NOERROR,1,10800,3,2,True,False,0,22612,US,True,NAMECHEAP INC,2,365,True,0,False,False,False,benign,no_adverse_signal
gcconcretecutting.com,2026-07-04,21,2.984234164652489,0.0,0,0.4166666666666667,-6.7704387096774195,low,0.4828,3,0.5294117647058824,True,NOERROR,1,50,1,2,True,False,0,47583,CY,False,"HOSTINGER operations, UAB",2,365,False,33,False,False,False,benign,no_adverse_signal
wlxobjwh.shop,2026-07-04,13,2.75,0.0,0,0.14285714285714285,-10.494038461538462,low,0.4615,4,0.875,True,NOERROR,2,300,0,2,False,False,0,16509,US,True,,,,False,1,False,False,,benign,no_adverse_signal
seebrex.com,2026-07-04,11,2.1280852788913944,0.0,0,0.75,-7.083318181818182,low,0.6667,2,0.7142857142857143,False,NOERROR,0,,0,2,False,False,0,,,,"Amazon Registrar, Inc.",2,365,True,,,False,,benign,no_adverse_signal
bet-bangla.com,2026-07-04,14,2.9219280948873623,0.0,1,0.5,-6.855888235294118,low,0.6316,3,0.8,True,NOERROR,2,300,0,2,False,False,2,13335,US,False,DOMAIN ORIENTAL LIMITED,2,365,False,0,False,False,,benign,no_adverse_signal
satellitetrace.com,2026-07-04,18,2.8423709931771093,0.0,0,0.75,-6.1304039999999995,low,0.5455,2,0.5714285714285714,True,NOERROR,1,1800,5,2,True,False,0,22612,US,False,NAMECHEAP INC,2,365,True,0,False,False,False,benign,no_adverse_signal
mt33225.com,2026-07-04,11,2.2359263506290326,0.45454545454545453,0,0.0,-10.7832,low,0.4,2,0.7142857142857143,True,NOERROR,1,600,0,2,False,False,0,134548,KR,False,Eranet International Limited,2,365,True,0,False,False,,benign,no_adverse_signal
jacob-g-arts.com,2026-07-04,16,3.2516291673878226,0.0,2,0.42857142857142855,-8.02884761904762,low,0.4444,3,0.8333333333333334,True,NOERROR,4,10800,0,4,True,False,0,53831,US,False,Squarespace Domains LLC,2,365,True,32,False,False,,benign,no_adverse_signal
mujasistent.online,2026-07-04,18,3.095795255000934,0.0,0,0.5714285714285714,-6.819347368421052,medium,0.4762,2,0.8181818181818182,True,NOERROR,1,1800,0,3,False,False,0,24806,CZ,True,"TUCOWS.COM, CO.",3,365,False,0,False,False,,benign,no_adverse_signal
hausundmontageservice.com,2026-07-04,25,3.784941827437642,0.0,0,0.75,-6.571841025641026,low,0.5882,3,0.7142857142857143,True,NOERROR,1,600,1,2,False,False,0,47846,DE,False,IONOS SE,115,365,True,0,False,False,False,benign,no_adverse_signal
oma-posti.fr,2026-07-04,12,2.94770277922009,0.0,1,1.0,-6.745286666666667,low,0.625,2,0.8888888888888888,True,NOERROR,1,3600,1,3,True,False,0,396982,NL,True,Hosting Concepts B.V. d/b/a Openprovider,3,364,True,7,False,False,False,benign,no_adverse_signal
qyfqgpofu.icu,2026-07-04,13,2.725480556997868,0.0,0,0.2857142857142857,-10.42926,low,0.4286,6,0.7777777777777778,False,NOERROR,0,,0,2,False,False,0,,,,"Zhengzhou Century Connect Electronic Technology Development Co., Ltd",2,365,False,,,False,,benign,no_adverse_signal
learnwithnavii.com,2026-07-04,18,3.182005814760214,0.0,0,0.75,-7.409236,low,0.4762,3,0.7142857142857143,False,NOERROR,0,,1,2,True,False,0,,,,"Cloudflare, Inc.",3,731,True,,,False,False,benign,no_adverse_signal
nnrdgg.beer,2026-07-04,11,1.9182958340544896,0.0,0,0.0,-9.031433333333332,low,0.4615,6,0.6666666666666666,True,NOERROR,5,30,0,2,False,False,0,138415,HK,False,DYNADOT LLC,2,365,True,0,False,False,,benign,no_adverse_signal
tongkhovietnhat.xyz,2026-07-04,19,3.189898095464287,0.0,0,0.5,-7.642640740740741,high,0.4615,4,0.6666666666666666,True,NOERROR,1,3600,0,2,False,False,0,16509,SG,True,MAT BAO CORPORATION,250,365,False,0,False,False,,benign,no_adverse_signal
studio-pixelwork.com,2026-07-04,20,3.75,0.0,1,0.6666666666666666,-7.470717241379311,low,0.4615,2,0.875,False,NOERROR,0,,0,3,False,False,0,,,,"TUCOWS.COM, CO.",2,365,True,,,False,,benign,no_adverse_signal
proofchainmap.xyz,2026-07-04,17,3.238901256602631,0.0,0,0.625,-7.045617391304348,high,0.5,3,0.7692307692307693,True,NOERROR,2,3600,1,2,True,False,0,16509,US,True,"GMO Internet, Inc.",2,365,True,29,False,False,,benign,no_adverse_signal
smartsoaker.com,2026-07-04,15,2.9139770731827523,0.0,0,0.5714285714285714,-6.776273684210526,low,0.6667,3,0.7272727272727273,True,NOERROR,1,3600,0,2,False,False,0,14618,US,True,Gname 450 Inc,2,365,False,0,False,,,benign,no_adverse_signal
zendrova.com,2026-07-04,12,3.0,0.0,0,0.6,-6.923815384615385,low,0.5714,3,1.0,True,NOERROR,1,10800,0,2,False,False,0,16509,US,True,"TUCOWS.COM, CO.",372,730,True,0,False,False,,benign,no_adverse_signal
thedemocratnews.com,2026-07-04,19,3.4565647621309536,0.0,0,0.5,-6.8275296296296295,low,0.48,2,0.8,True,NOERROR,2,300,0,2,False,False,2,13335,US,False,NAMECHEAP INC,2,365,True,0,False,False,,benign,no_adverse_signal
shanibashraf.com,2026-07-04,16,2.8553885422075336,0.0,0,0.5,-6.892861904761905,low,0.5263,3,0.6666666666666666,True,NOERROR,1,1800,0,2,False,False,1,47583,IN,False,"HOSTINGER operations, UAB",2,365,False,0,False,False,,benign,no_adverse_signal
avrupakonutlariatakent-2.com,2026-07-04,28,3.5697738350294785,0.03571428571428571,1,0.8333333333333334,-7.404026666666667,low,0.4848,2,0.5833333333333334,True,NOERROR,2,45,0,4,False,False,0,16509,US,True,Porkbun LLC,6225,6574,False,2,False,False,,benign,no_adverse_signal
onzcwqlpq.icu,2026-07-04,13,2.94770277922009,0.0,0,0.125,-11.211093333333334,low,0.4211,8,0.8888888888888888,False,NOERROR,0,,0,2,False,False,0,,,,"Zhengzhou Century Connect Electronic Technology Development Co., Ltd",2,365,False,,,False,,benign,no_adverse_signal
44mmpd13.com,2026-07-04,12,2.5,0.3333333333333333,0,0.0,-10.955315384615384,low,0.4286,4,0.75,True,NOERROR,2,300,0,2,False,True,2,13335,US,False,DYNADOT LLC,2,365,True,0,False,False,,benign,no_adverse_signal
waisnscig.icu,2026-07-04,13,2.725480556997868,0.0,0,0.5,-7.4642,low,0.5333,4,0.7777777777777778,False,NOERROR,0,,0,2,False,False,0,,,,"Zhengzhou Century Connect Electronic Technology Development Co., Ltd",2,365,False,,,False,,benign,no_adverse_signal
traveldocapp.com.br,2026-07-04,19,3.2516291673878226,0.0,0,0.5,-6.579090476190476,low,0.48,2,0.8333333333333334,True,NOERROR,1,1800,2,2,True,False,1,47583,BR,False,,10,731,False,0,False,False,False,benign,no_adverse_signal
evolveyoursuccess.site,2026-07-04,22,3.057476076289932,0.0,0,0.7,-7.3383290322580645,medium,0.5333,2,0.5294117647058824,True,NOERROR,1,300,0,3,False,False,0,209242,AU,False,"TUCOWS.COM, CO.",2,365,True,12,False,False,,benign,no_adverse_signal
softbasic.de,2026-07-04,12,2.94770277922009,0.0,0,0.5,-6.993433333333333,low,0.6667,3,0.8888888888888888,False,NOERROR,0,,3,2,True,False,0,,,,,,,False,,,False,False,benign,no_adverse_signal
xcvo.eu.cc,2026-07-04,10,1.0,0.0,0,2.0,,low,,0,1.0,False,NOERROR,0,,0,2,False,False,0,,,,Gname.com Pte. Ltd.,10492,12217,True,,,True,,malicious,spamhaus_dbl
reevarecruiter.com,2026-07-04,18,2.6644977792004614,0.0,0,1.0,-6.669192000000001,low,0.6154,2,0.5714285714285714,True,NOERROR,2,600,0,2,False,False,0,16509,US,True,"GoDaddy.com, LLC",3,731,True,31,False,False,,benign,no_adverse_signal
dmafwafrm.icu,2026-07-04,13,2.5032583347756456,0.0,0,0.2857142857142857,-8.666413333333333,low,0.5333,3,0.6666666666666666,False,NOERROR,0,,0,2,False,False,0,,,,"Zhengzhou Century Connect Electronic Technology Development Co., Ltd",2,365,False,,,False,,benign,no_adverse_signal
8k2a-x95m.online,2026-07-04,16,3.169925001442312,0.25,1,0.3333333333333333,-12.050146666666667,medium,0.4615,1,1.0,True,NOERROR,1,120,1,2,True,False,0,200019,MD,True,"GMO Internet, Inc.",3,365,False,0,False,False,False,benign,no_adverse_signal
parallels360.xyz,2026-07-04,16,3.0220552088742,0.1875,0,0.5,-7.241319047619048,high,0.4706,2,0.75,True,NOERROR,2,3600,1,2,True,False,0,16509,US,True,"GMO Internet, Inc.",2,365,True,29,False,False,,benign,no_adverse_signal
axd0l8f.sbs,2026-07-04,11,2.807354922057604,0.18181818181818182,0,0.25,-12.248581818181817,low,0.4,2,1.0,True,NOERROR,2,60,0,2,False,False,0,140869,US,True,"Spaceship, Inc.",2,365,False,0,False,False,,benign,no_adverse_signal
dietyogalivewellap.info,2026-07-04,23,3.4193819456463714,0.0,0,0.8,-6.950272727272727,medium,0.4324,2,0.6666666666666666,True,NOERROR,2,300,0,2,False,False,2,13335,US,False,,,,,0,False,False,,benign,no_adverse_signal
rideblockchain.xyz,2026-07-04,18,3.521640636343319,0.0,0,0.5555555555555556,-6.785676,high,0.5,4,0.8571428571428571,True,NOERROR,2,3600,1,2,True,False,0,16509,US,True,"GMO Internet, Inc.",2,365,True,71,False,False,,malicious,abuseipdb
zhongzhifang.com,2026-07-04,16,2.918295834054489,0.0,0,0.3333333333333333,-7.592909523809523,low,0.4706,4,0.6666666666666666,False,NOERROR,0,,3,2,True,False,0,,,,Alibaba Cloud Computing Ltd. d/b/a HiChina (www.net.cn),3,365,False,,,False,False,benign,no_adverse_signal
tylus.io,2026-07-04,8,2.321928094887362,0.0,0,0.25,-7.5433142857142865,low,0.5,3,1.0,True,NOERROR,1,50,0,2,False,False,0,47583,CY,False,"HOSTINGER operations, UAB",3,731,True,33,False,False,,benign,no_adverse_signal
getgreatgages.shop,2026-07-04,18,2.4116022179746714,0.0,0,0.625,-6.946647826086957,low,0.5517,3,0.46153846153846156,True,NOERROR,2,300,0,2,False,False,2,13335,US,False,,,,False,0,False,False,,benign,no_adverse_signal
suarota.pro,2026-07-04,11,2.5216406363433186,0.0,0,1.3333333333333333,-6.83520909090909,low,0.6154,1,0.8571428571428571,True,NOERROR,1,3600,2,4,True,False,0,397273,US,False,,,,,15,False,False,False,benign,no_adverse_signal
talendrag.com,2026-07-04,13,2.94770277922009,0.0,0,0.5,-6.350673333333333,low,0.5882,3,0.8888888888888888,True,NOERROR,2,600,0,2,False,False,0,16509,US,True,"GoDaddy.com, LLC",2,365,True,31,False,False,,benign,no_adverse_signal
c6gvq4.shop,2026-07-04,11,2.584962500721156,0.18181818181818182,0,0.0,-12.735933333333334,low,0.4,3,1.0,False,NOERROR,0,,0,2,False,False,0,,,,,,,False,,,False,,benign,no_adverse_signal
dnagyraseinhibitor.com,2026-07-04,22,3.5724312513221195,0.0,0,0.6363636363636364,-7.317375757575758,low,0.4444,3,0.7222222222222222,True,NOERROR,2,600,0,2,False,False,0,16509,US,True,"GoDaddy.com, LLC",2,1096,True,37,False,False,,benign,no_adverse_signal
renderandroots.store,2026-07-04,20,2.8962915290459277,0.0,0,0.5555555555555556,-6.215012000000001,low,0.5,3,0.5714285714285714,True,NOERROR,1,10800,0,4,False,False,1,13335,CA,True,,,,False,0,False,False,,benign,no_adverse_signal
diegogpt.xyz,2026-07-04,12,2.75,0.0,0,0.6,-7.896976923076924,high,0.6154,3,0.875,True,NOERROR,2,3600,1,2,True,False,0,16509,US,True,"GMO Internet, Inc.",2,365,True,29,False,False,,benign,no_adverse_signal
bossranamigo.online,2026-07-04,19,3.0849625007211556,0.0,0,0.7142857142857143,-6.882576190476191,medium,0.4545,3,0.75,True,NOERROR,2,300,0,2,False,False,2,13335,US,False,NAMECHEAP INC,2,365,True,0,False,False,,benign,no_adverse_signal
brandsy.shop,2026-07-04,12,2.807354922057604,0.0,0,0.16666666666666666,-6.5845,low,0.5455,4,1.0,True,NOERROR,2,3600,1,2,True,False,0,16509,US,True,,,,False,71,False,False,,malicious,abuseipdb
plfzfqear.icu,2026-07-04,13,2.94770277922009,0.0,0,0.2857142857142857,-11.02176,low,0.4444,6,0.8888888888888888,False,NOERROR,0,,0,2,False,False,0,,,,"Zhengzhou Century Connect Electronic Technology Development Co., Ltd",2,365,False,,,False,,benign,no_adverse_signal
vin7777.lol,2026-07-04,11,1.664497779200461,0.36363636363636365,0,0.5,-8.236027272727272,low,0.5,1,0.5714285714285714,True,NOERROR,2,600,0,2,False,False,0,16509,US,True,Key-Systems GmbH,2,365,True,37,False,False,,benign,no_adverse_signal
taiwantiyuzhibo.com.cn,2026-07-04,22,3.32323142879762,0.0,0,0.875,-7.8520666666666665,low,0.4167,2,0.7333333333333333,True,NOERROR,1,300,0,2,False,False,0,132839,ZA,False,广东时代互联科技有限公司,4,365,False,0,False,False,,benign,no_adverse_signal
agentsfresh.xyz,2026-07-04,15,3.095795255000934,0.0,0,0.375,-6.622284210526316,high,0.5714,5,0.8181818181818182,True,NOERROR,2,3600,1,2,True,False,0,16509,US,True,"GMO Internet, Inc.",2,365,True,71,False,False,,malicious,abuseipdb
hsitkxvx.autos,2026-07-04,14,2.75,0.0,0,0.14285714285714285,-10.007299999999999,low,0.5333,5,0.875,True,NOERROR,1,3603,0,3,False,False,0,45102,US,False,"NameSilo, LLC",2,365,True,0,False,False,,benign,no_adverse_signal
apeprice.xyz,2026-07-04,12,2.5,0.0,0,1.0,-6.546315384615385,high,0.625,2,0.75,True,NOERROR,2,3600,1,2,True,False,0,16509,US,True,"GMO Internet, Inc.",2,365,True,71,False,False,,malicious,abuseipdb
cxkgvg.shop,2026-07-04,11,2.251629167387823,0.0,0,0.0,-11.636188888888888,low,0.4,6,0.8333333333333334,False,NOERROR,0,,0,2,False,False,0,,,,,,,False,,,False,,benign,no_adverse_signal
teamezkp.xyz,2026-07-04,12,2.75,0.0,0,0.6,-7.961830769230769,high,0.5333,3,0.875,True,NOERROR,2,3600,1,2,True,False,0,16509,US,True,"GMO Internet, Inc.",2,365,True,71,False,False,,malicious,abuseipdb
mmmeumlpa.icu,2026-07-04,13,2.2810361125534233,0.0,0,0.5,-8.41826,low,0.5333,3,0.6666666666666666,False,NOERROR,0,,0,2,False,False,0,,,,"Zhengzhou Century Connect Electronic Technology Development Co., Ltd",2,365,False,,,False,,benign,no_adverse_signal
supportdinnerhq.info,2026-07-04,20,3.5068905956085183,0.0,0,0.36363636363636365,-7.113118518518519,medium,0.6087,3,0.8,True,NOERROR,2,51,0,4,False,False,0,16509,US,True,,,,,2,False,False,,benign,no_adverse_signal
y54130686.vip,2026-07-04,13,2.9477027792200903,0.6153846153846154,0,0.0,-11.411153333333335,low,0.3333,1,0.8888888888888888,False,NOERROR,0,,0,2,False,False,0,,,,DYNADOT LLC,3,365,True,,,True,,malicious,spamhaus_dbl
1091-casino.buzz,2026-07-04,16,3.2776134368191165,0.25,1,1.0,-8.232663157894738,high,0.4,1,0.9090909090909091,True,NOERROR,2,300,0,2,False,False,2,13335,US,False,"Spaceship, Inc.",2,365,False,0,False,False,,benign,no_adverse_signal
sensa188.xyz,2026-07-04,12,2.5,0.25,0,0.6666666666666666,-7.957215384615385,high,0.5,2,0.75,True,NOERROR,2,3600,1,2,True,False,0,16509,US,True,"GMO Internet, Inc.",3,365,True,71,False,False,,malicious,abuseipdb
mpxzpwzgd.icu,2026-07-04,13,2.725480556997868,0.0,0,0.0,-11.434526666666667,low,0.381,9,0.7777777777777778,True,NOERROR,1,600,0,2,False,False,0,132839,HK,False,"Zhengzhou Century Connect Electronic Technology Development Co., Ltd",2,365,False,0,False,False,,benign,no_adverse_signal
solecitonanny.com,2026-07-04,17,3.1808329872054406,0.0,0,0.625,-6.635413043478261,low,0.4762,3,0.7692307692307693,True,NOERROR,4,10800,1,4,True,False,0,53831,US,False,Squarespace Domains II LLC,2,365,True,32,False,False,False,benign,no_adverse_signal
117.vin,2026-07-04,7,0.9182958340544896,0.42857142857142855,0,0.0,-9.645033333333332,low,0.3333,0,0.6666666666666666,False,NOERROR,0,,0,2,False,False,0,,,,,,,,,,False,,benign,no_adverse_signal
gahtjkcsy.icu,2026-07-04,13,3.169925001442312,0.0,0,0.125,-9.624273333333333,low,0.5,7,1.0,False,NOERROR,0,,0,2,False,False,0,,,,"Zhengzhou Century Connect Electronic Technology Development Co., Ltd",2,365,False,,,False,,benign,no_adverse_signal
87rbqx.shop,2026-07-04,11,2.584962500721156,0.18181818181818182,0,0.0,-12.21251111111111,low,0.5,4,1.0,False,NOERROR,0,,0,2,False,False,0,,,,,,,False,,,False,,benign,no_adverse_signal
saint77.org,2026-07-04,11,2.521640636343318,0.18181818181818182,0,0.6666666666666666,-7.936663636363637,low,0.5882,2,0.8571428571428571,True,NOERROR,1,10800,1,2,True,False,0,26496,SG,True,"NameSilo, LLC",3,365,False,0,False,False,False,benign,no_adverse_signal
yskhrdyia.icu,2026-07-04,13,2.94770277922009,0.0,0,0.2857142857142857,-9.208193333333332,low,0.5,7,0.8888888888888888,True,NOERROR,1,600,0,2,False,False,0,132839,HK,False,"Zhengzhou Century Connect Electronic Technology Development Co., Ltd",2,365,False,0,False,False,,benign,no_adverse_signal
vipmet.xyz,2026-07-04,10,2.584962500721156,0.0,0,0.5,-7.327733333333334,high,0.7273,2,1.0,True,NOERROR,2,3600,1,2,True,False,0,16509,US,True,"GMO Internet, Inc.",3,365,True,71,False,False,,malicious,abuseipdb
wegdermee.com,2026-07-04,13,2.2810361125534233,0.0,0,0.8,-7.469880000000001,low,0.5714,2,0.6666666666666666,True,NOERROR,1,7200,1,3,True,False,1,24940,DE,True,Hetzner Online GmbH,2,365,True,0,False,False,False,benign,no_adverse_signal
disportgpt.xyz,2026-07-04,14,2.9219280948873623,0.0,0,0.25,-7.193217647058823,high,0.5882,5,0.8,True,NOERROR,2,3600,1,2,True,False,0,16509,US,True,"GMO Internet, Inc.",2,365,True,29,False,False,,benign,no_adverse_signal
rigdock.com,2026-07-04,11,2.807354922057604,0.0,0,0.4,-7.431127272727273,low,0.6154,2,1.0,True,NOERROR,2,600,0,2,False,False,0,16509,US,True,"GoDaddy.com, LLC",2,365,True,31,False,False,,benign,no_adverse_signal
gegbvefgr.icu,2026-07-04,13,2.4193819456463714,0.0,0,0.2857142857142857,-9.773053333333333,low,0.4762,3,0.6666666666666666,False,NOERROR,0,,0,2,False,False,0,,,,"Zhengzhou Century Connect Electronic Technology Development Co., Ltd",2,365,False,,,False,,benign,no_adverse_signal
ismsvault.com,2026-07-04,13,2.94770277922009,0.0,0,0.5,-7.912593333333334,low,0.5882,4,0.8888888888888888,False,NOERROR,0,,0,4,False,False,0,,,,"Amazon Registrar, Inc.",2,365,True,,,False,,benign,no_adverse_signal
indoscore.club,2026-07-04,14,2.94770277922009,0.0,0,0.8,-6.166300000000001,low,0.625,2,0.8888888888888888,True,NOERROR,2,300,0,2,False,False,0,16509,US,True,"Spaceship, Inc.",2,365,True,1,False,False,,benign,no_adverse_signal
stud20.com,2026-07-04,10,2.584962500721156,0.2,0,0.3333333333333333,-8.725633333333333,low,0.5455,2,1.0,True,NOERROR,2,300,1,2,False,False,2,13335,US,False,"Megazone Corp., dba HOSTING.KR",1472,1826,False,0,False,False,False,benign,no_adverse_signal
kedarth.com,2026-07-04,11,2.807354922057604,0.0,0,0.4,-6.56399090909091,low,0.6154,3,1.0,False,NOERROR,0,,5,2,True,False,0,,,,NAMECHEAP INC,2,365,True,,,False,False,benign,no_adverse_signal
66999.pro,2026-07-04,9,0.9709505944546686,0.5555555555555556,0,0.0,-9.820014285714285,low,0.25,0,0.4,True,NOERROR,2,300,0,2,False,False,2,13335,US,False,,,,,0,False,False,,benign,no_adverse_signal
6ua-lvse.icu,2026-07-04,12,3.0,0.08333333333333333,1,1.0,-10.115261538461539,low,0.5,3,1.0,False,NOERROR,0,,0,2,False,False,0,,,,"Zhengzhou Century Connect Electronic Technology Development Co., Ltd",2,365,False,,,False,,benign,no_adverse_signal
777bdlogin.pro,2026-07-04,14,2.8464393446710154,0.21428571428571427,0,0.4,-8.228,low,0.4762,3,0.8,True,NOERROR,1,300,0,2,False,False,0,206834,DE,False,,,,,11,False,True,,malicious,spamhaus_dbl
bewillinginstitute.org,2026-07-04,22,3.1279868068776753,0.0,0,0.6363636363636364,-6.579957575757575,low,0.4848,3,0.5555555555555556,True,NOERROR,2,600,0,2,False,False,0,16509,US,True,"GoDaddy.com, LLC",2,365,False,31,False,False,,benign,no_adverse_signal
ix9.games,2026-07-04,9,1.584962500721156,0.1111111111111111,0,1.0,-11.047366666666667,low,0.5,1,1.0,True,NOERROR,3,3603,0,3,False,False,0,63949,US,True,,,,False,0,False,False,,benign,no_adverse_signal
334-lvse.icu,2026-07-04,12,2.75,0.25,1,0.3333333333333333,-10.414561538461538,low,0.5,3,0.875,False,NOERROR,0,,0,2,False,False,0,,,,"Zhengzhou Century Connect Electronic Technology Development Co., Ltd",2,365,False,,,False,,benign,no_adverse_signal
blockchainover.xyz,2026-07-04,18,3.521640636343319,0.0,0,0.5555555555555556,-6.571144,high,0.5217,4,0.8571428571428571,True,NOERROR,2,3600,1,2,True,False,0,16509,US,True,"GMO Internet, Inc.",2,365,True,71,False,False,,malicious,abuseipdb
drinkpodium.com,2026-07-04,15,3.0957952550009344,0.0,0,0.5714285714285714,-7.277268421052632,low,0.5882,3,0.8181818181818182,True,NOERROR,1,10800,0,4,False,False,1,13335,CA,True,"TUCOWS.COM, CO.",2,365,True,0,False,False,,benign,no_adverse_signal
julianleo83.com,2026-07-04,15,3.277613436819116,0.13333333333333333,0,1.25,-8.453394736842105,low,0.5333,2,0.9090909090909091,True,NOERROR,4,10800,1,4,True,False,0,53831,US,False,Squarespace Domains II LLC,2,365,True,31,False,False,False,benign,no_adverse_signal
ace367.onl,2026-07-04,10,2.584962500721156,0.3,0,2.0,-8.671355555555557,low,0.5333,1,1.0,True,NOERROR,1,300,0,2,False,False,0,206834,DE,False,,,,,11,False,False,,benign,no_adverse_signal
lucrativetech.xyz,2026-07-04,17,3.238901256602631,0.0,0,0.625,-6.553830434782609,high,0.5714,2,0.7692307692307693,True,NOERROR,2,3600,1,2,True,False,0,16509,US,True,"GMO Internet, Inc.",3,365,True,71,False,False,,malicious,abuseipdb
juwiqadx.shop,2026-07-04,13,3.0,0.0,0,0.6,-9.587507692307693,low,0.4615,2,1.0,True,NOERROR,1,1800,0,2,False,False,0,396073,US,True,,,,False,0,False,False,,benign,no_adverse_signal
reppanel.lat,2026-07-04,12,2.5,0.0,0,0.6,-6.619353846153847,low,0.7143,2,0.75,True,NOERROR,2,32,0,4,False,False,0,16509,US,True,Porkbun LLC,2,365,False,0,False,False,,benign,no_adverse_signal
u9t-lvse.icu,2026-07-04,12,3.0,0.08333333333333333,1,0.5,-10.276123076923076,low,0.5,3,1.0,False,NOERROR,0,,0,2,False,False,0,,,,"Zhengzhou Century Connect Electronic Technology Development Co., Ltd",2,365,False,,,False,,benign,no_adverse_signal
boughszk.xyz,2026-07-04,12,3.0,0.0,0,0.3333333333333333,-8.892553846153847,high,0.5,5,1.0,True,NOERROR,2,3600,1,2,True,False,0,16509,US,True,"GMO Internet, Inc.",2,365,True,29,False,False,,benign,no_adverse_signal
donnamontessori.info,2026-07-04,20,3.139572261986723,0.0,0,0.6666666666666666,-6.349559259259259,medium,0.5,2,0.6666666666666666,True,NOERROR,3,3600,0,2,False,False,0,58182,US,True,,,,,16,False,False,,benign,no_adverse_signal
nyrox.uz,2026-07-04,8,2.321928094887362,0.0,0,0.25,-8.172985714285714,low,0.5455,3,1.0,False,NOERROR,0,,0,2,False,False,0,,,,ООО «AIRNET»,4,365,False,,,False,,benign,no_adverse_signal
aspirevr.xyz,2026-07-04,12,2.75,0.0,0,0.6,-7.102907692307692,high,0.7143,2,0.875,True,NOERROR,2,3600,1,2,True,False,0,16509,US,True,"GMO Internet, Inc.",3,365,True,29,False,False,,benign,no_adverse_signal
goatalpha.xyz,2026-07-04,13,2.6416041678685933,0.0,0,0.8,-7.013999999999999,high,0.5556,3,0.7777777777777778,True,NOERROR,2,300,1,2,True,False,2,13335,US,False,"Cloudflare, Inc.",2,365,True,0,False,False,False,benign,no_adverse_signal
essencegpt.xyz,2026-07-04,14,2.6464393446710153,0.0,0,0.42857142857142855,-7.124964705882353,high,0.5217,3,0.7,True,NOERROR,2,3600,1,2,True,False,0,16509,US,True,"GMO Internet, Inc.",2,365,True,29,False,False,,benign,no_adverse_signal
empireseek.shop,2026-07-04,15,2.5219280948873624,0.0,0,1.0,-6.722476470588235,low,0.5333,2,0.7,True,NOERROR,2,300,0,2,False,False,2,13335,US,False,,,,False,0,False,False,,benign,no_adverse_signal
sperryboatshoescanada.com,2026-07-04,25,3.4992275417233563,0.0,0,0.6153846153846154,-6.970515384615385,low,0.4138,4,0.6190476190476191,False,SERVFAIL,0,,0,0,False,False,0,,,,Key-Systems GmbH,601,730,True,,,False,,benign,no_adverse_signal
dappalert.xyz,2026-07-04,13,2.725480556997868,0.0,0,0.5,-6.4538866666666665,high,0.7143,2,0.7777777777777778,True,NOERROR,2,3600,1,2,True,False,0,16509,US,True,"GMO Internet, Inc.",2,365,True,71,False,True,,malicious,abuseipdb
dynastyedgeai.com,2026-07-04,17,3.085055102756477,0.0,0,0.625,-7.393947826086957,low,0.6667,3,0.6923076923076923,True,NOERROR,2,1800,0,2,False,False,0,16509,US,False,"Name.com, Inc.",2,365,True,0,False,False,,benign,no_adverse_signal
ar-pets.xyz,2026-07-04,11,2.807354922057604,0.0,1,0.5,-7.454509090909091,high,0.5714,2,1.0,True,NOERROR,2,3600,1,2,True,False,0,16509,US,True,"GMO Internet, Inc.",2,365,True,71,False,False,,malicious,abuseipdb
verqiass.world,2026-07-04,14,2.75,0.0,0,0.6,-7.746884615384616,low,0.5,2,0.875,True,NOERROR,2,300,0,2,False,False,2,13335,US,False,,,,,0,False,False,,benign,no_adverse_signal
gdpmultichain.xyz,2026-07-04,17,3.546593564294939,0.0,0,0.4444444444444444,-7.376065217391304,high,0.5,4,0.9230769230769231,True,NOERROR,2,3600,1,2,True,False,0,16509,US,True,"GMO Internet, Inc.",2,365,True,29,False,False,,benign,no_adverse_signal
triviasphere.com,2026-07-04,16,3.084962500721156,0.0,0,0.7142857142857143,-6.679090476190476,low,0.5556,3,0.75,True,NOERROR,2,300,3,2,True,False,2,13335,US,False,"Cloudflare, Inc.",2,365,True,0,False,False,False,benign,no_adverse_signal
alchimiedulogis.ch,2026-07-04,18,3.4565647621309536,0.0,0,0.875,-7.148481481481481,low,0.48,3,0.8,False,NOERROR,0,,1,2,True,False,0,,,,,,,False,,,False,False,benign,no_adverse_signal
hit-monkey-animego.me,2026-07-04,21,3.503258334775645,0.0,2,0.7777777777777778,-7.283481818181818,low,0.4828,2,0.6666666666666666,True,NOERROR,1,60,0,4,False,False,0,198610,RU,False,NAMECHEAP INC,3,365,True,0,True,False,,malicious,spamhaus_zen
dep66p.pro,2026-07-04,10,1.9182958340544896,0.2,0,0.3333333333333333,-10.542022222222222,low,0.4444,1,0.6666666666666666,False,SERVFAIL,0,,0,0,False,False,0,,,,,,,,,,False,,benign,no_adverse_signal
28027.co,2026-07-04,8,1.9219280948873623,0.625,0,0.0,-11.165885714285713,low,0.4,0,0.8,True,NOERROR,2,1,0,2,False,False,0,209242,US,False,DYNADOT LLC,3,365,True,0,False,False,,benign,no_adverse_signal
rovenalix-pro.net,2026-07-04,17,3.3927474104487847,0.0,1,0.7142857142857143,-6.937734782608696,low,0.5714,2,0.8461538461538461,True,NOERROR,2,300,0,2,False,False,2,13335,US,False,PDR Ltd. d/b/a PublicDomainRegistry.com,2,365,False,0,False,False,,benign,no_adverse_signal
lettucereview.com,2026-07-04,17,2.9312089489103235,0.0,0,0.8571428571428571,-6.908439130434783,low,0.5,2,0.6923076923076923,True,NOERROR,2,300,0,2,False,False,2,13335,US,False,"Cloudflare, Inc.",2,365,True,0,False,False,,benign,no_adverse_signal
bespokehomebuilderltd.com,2026-07-04,25,3.630412660873998,0.0,0,0.6153846153846154,-7.212717948717948,low,0.3889,4,0.6666666666666666,True,NOERROR,2,9,0,4,False,False,0,16509,US,True,Porkbun LLC,1842,2191,False,2,False,False,,benign,no_adverse_signal
sensoryseeking.com,2026-07-04,18,2.9852281360342525,0.0,0,0.5555555555555556,-6.711952,low,0.56,3,0.6428571428571429,True,NOERROR,1,3600,0,2,False,False,0,14618,US,True,"Spaceship, Inc.",2,365,False,0,False,False,,benign,no_adverse_signal
velvorak.store,2026-07-04,14,2.75,0.0,0,0.6,-7.263976923076924,low,0.5714,2,0.875,True,NOERROR,1,7200,0,4,False,False,1,13335,CA,True,,,,False,0,False,False,,benign,no_adverse_signal
shaadiforreal.com,2026-07-04,17,3.180832987205441,0.0,0,0.8571428571428571,-6.913247826086957,low,0.5263,2,0.7692307692307693,True,NOERROR,1,3600,2,4,True,False,1,8560,US,True,IONOS SE,2,365,True,2,False,False,False,benign,no_adverse_signal
malatalia.com,2026-07-04,13,2.058813890331201,0.0,0,1.25,-6.00106,low,0.5556,1,0.5555555555555556,True,NOERROR,4,10800,2,8,True,False,0,53831,US,False,Squarespace Domains LLC,2585,2922,True,22,False,False,False,benign,no_adverse_signal
caingate.xyz,2026-07-04,12,2.75,0.0,0,1.0,-6.068438461538462,high,0.6154,2,0.875,True,NOERROR,2,3600,1,2,True,False,0,16509,US,True,"GMO Internet, Inc.",2,365,True,29,False,False,,benign,no_adverse_signal
ai-temp.ru,2026-07-04,10,2.807354922057604,0.0,1,1.0,-7.419172727272727,low,0.5455,2,1.0,True,NOERROR,1,600,2,4,True,False,1,9123,RU,True,TIMEWEB-RU,3,365,False,100,False,False,False,malicious,abuseipdb
discountdeals.live,2026-07-04,18,3.3927474104487847,0.0,0,0.625,-6.688682608695652,low,0.6,3,0.8461538461538461,True,NOERROR,2,300,0,2,False,False,2,13335,US,False,,,,False,0,False,False,,benign,no_adverse_signal
tradepaymarket.xyz,2026-07-04,18,3.039148671903071,0.0,0,0.5555555555555556,-6.479192,high,0.5,2,0.6428571428571429,True,NOERROR,2,3600,1,2,True,False,0,16509,US,True,"GMO Internet, Inc.",2,365,True,29,False,False,,benign,no_adverse_signal
densifybc.com,2026-07-04,13,3.169925001442312,0.0,0,0.2857142857142857,-7.627120000000001,low,0.5263,4,1.0,True,NOERROR,2,300,0,2,False,False,2,13335,US,False,"Cloudflare, Inc.",2,365,True,0,False,False,,benign,no_adverse_signal
landnp4f9c3x.com,2026-07-04,16,3.418295834054489,0.1875,0,0.125,-10.206504761904762,low,0.4706,4,0.9166666666666666,False,NOERROR,0,,0,4,False,False,0,,,,"Amazon Registrar, Inc.",2,365,True,,,False,,benign,no_adverse_signal
commissionclubco.com,2026-07-04,20,3.0306390622295662,0.0,0,0.6,-6.975875862068966,low,0.4286,3,0.5625,True,NOERROR,2,300,5,2,True,False,2,13335,US,False,NAMECHEAP INC,2,365,True,0,False,False,False,benign,no_adverse_signal
tk988.org,2026-07-04,9,1.9219280948873623,0.3333333333333333,0,0.0,-10.74262857142857,low,0.3636,2,0.8,True,NOERROR,2,300,1,2,False,False,2,13335,US,False,DYNADOT LLC,2,365,True,0,False,False,False,benign,no_adverse_signal
asynx.me,2026-07-04,8,2.321928094887362,0.0,0,0.25,-7.983185714285715,low,0.6,4,1.0,True,NOERROR,2,1800,0,2,False,False,0,16509,US,False,NAMECHEAP INC,3,365,True,0,False,False,,benign,no_adverse_signal
otd-lvse.icu,2026-07-04,12,3.0,0.0,1,0.4,-9.162315384615384,low,0.5,3,1.0,False,NOERROR,0,,0,2,False,False,0,,,,"Zhengzhou Century Connect Electronic Technology Development Co., Ltd",2,365,False,,,False,,benign,no_adverse_signal
sizrs.cloud,2026-07-04,11,1.9219280948873623,0.0,0,0.25,-8.827642857142857,low,0.4615,3,0.8,False,SERVFAIL,0,,0,0,False,False,0,,,,"TUCOWS.COM, CO.",371,730,True,,,False,,benign,no_adverse_signal
balancerails.xyz,2026-07-04,16,3.0220552088742,0.0,0,0.7142857142857143,-6.229233333333333,high,0.5263,2,0.75,True,NOERROR,2,3600,1,2,True,False,0,16509,US,True,"GMO Internet, Inc.",2,365,True,29,False,False,,benign,no_adverse_signal
eyeboxy.com,2026-07-04,11,2.2359263506290326,0.0,0,0.75,-7.7593,low,0.6154,2,0.7142857142857143,True,NOERROR,2,300,0,2,False,False,0,16509,US,True,"Spaceship, Inc.",2,365,False,1,False,False,,benign,no_adverse_signal
jinrizuqiushidanzuixintuijian.com.cn,2026-07-04,36,3.2717740985758486,0.0,0,0.9333333333333333,-8.051530909090909,low,0.3333,2,0.4482758620689655,True,NOERROR,1,300,0,2,False,False,0,132839,CL,False,长春市智绘网络科技有限公司,4,365,False,0,False,False,,benign,no_adverse_signal
dbgprbyam.icu,2026-07-04,13,2.94770277922009,0.0,0,0.125,-8.974686666666665,low,0.4762,7,0.8888888888888888,False,NOERROR,0,,0,2,False,False,0,,,,"Zhengzhou Century Connect Electronic Technology Development Co., Ltd",2,365,False,,,False,,benign,no_adverse_signal
palmblockchain.xyz,2026-07-04,18,3.378783493486176,0.0,0,0.4,-7.061208000000001,high,0.4762,4,0.7857142857142857,True,NOERROR,2,3600,1,2,True,False,0,16509,US,True,"GMO Internet, Inc.",2,365,True,29,False,False,,benign,no_adverse_signal
guardianfirstaid.store,2026-07-04,22,3.1556390622295662,0.0,0,0.7777777777777778,-6.739965517241379,low,0.5926,3,0.625,True,NOERROR,1,300,2,2,True,False,0,22612,US,True,,,,False,0,False,False,False,benign,no_adverse_signal
celticbet1246.com,2026-07-04,17,3.238901256602631,0.23529411764705882,0,0.5,-8.143060869565218,low,0.5517,2,0.7692307692307693,True,NOERROR,1,1800,0,2,False,False,0,12876,FR,False,"Spaceship, Inc.",2,365,False,0,False,False,,benign,no_adverse_signal
hcyl99.com,2026-07-04,10,2.2516291673878226,0.2,0,0.0,-10.3666,low,0.4286,4,0.8333333333333334,True,NOERROR,1,600,0,4,False,False,0,62468,US,False,Dominet (HK) Limited,2,365,False,0,True,True,,malicious,spamhaus_zen
wwtg5.xyz,2026-07-04,9,1.9219280948873623,0.1111111111111111,0,0.0,-10.831199999999999,high,0.5,4,0.8,True,NOERROR,1,600,0,2,False,False,0,140227,HK,False,Gname.com Pte. Ltd.,2,365,True,0,False,False,,benign,no_adverse_signal
mahinaltech.com,2026-07-04,15,3.0957952550009344,0.0,0,0.5714285714285714,-6.434847368421053,low,0.6667,2,0.8181818181818182,True,NOERROR,1,3600,1,4,True,False,1,48254,GB,True,Porkbun LLC,2,365,False,0,False,False,False,benign,no_adverse_signal
betlivecasino.info,2026-07-04,18,3.3927474104487847,0.0,0,0.8571428571428571,-6.328613043478261,medium,0.5556,2,0.8461538461538461,True,NOERROR,2,300,0,2,False,False,2,13335,US,False,,,,,0,False,False,,benign,no_adverse_signal
xn--oi2bl1g0ue6xfdpdzso4iaq68b.com,2026-07-04,34,4.440223928941852,0.20588235294117646,2,0.5,-11.598968421052632,low,0.3,7,0.7666666666666667,True,NOERROR,1,600,0,2,False,False,0,3786,KR,False,"Gabia, Inc.",3664,4017,False,0,False,False,,benign,no_adverse_signal
redemis.us,2026-07-04,10,2.5216406363433186,0.0,0,0.75,-6.47410909090909,low,0.6154,1,0.8571428571428571,True,NOERROR,2,600,0,2,False,False,0,16509,US,True,"GoDaddy.com, LLC",2,365,False,37,False,False,,benign,no_adverse_signal
impuyei.pics,2026-07-04,12,2.5216406363433186,0.0,0,1.3333333333333333,-8.4163,low,0.5455,2,0.8571428571428571,True,NOERROR,2,300,0,2,False,False,2,13335,US,False,"Spaceship, Inc.",2,365,False,0,False,False,,benign,no_adverse_signal
tantrraroutellc.online,2026-07-04,22,3.0062389286533895,0.0,0,0.5,-6.687933333333333,medium,0.48,4,0.6,True,NOERROR,1,7200,0,2,False,False,0,40676,VG,False,"NETWORK SOLUTIONS, LLC.",2,365,False,0,False,False,,benign,no_adverse_signal
aiutodebito.com,2026-07-04,15,2.9139770731827523,0.0,0,1.75,-7.233426315789474,low,0.6316,1,0.7272727272727273,True,NOERROR,1,900,1,2,True,False,0,39729,IT,True,REGISTER S.P.A.,2,365,True,0,False,False,False,benign,no_adverse_signal
pochi-gadge.com,2026-07-04,15,3.277613436819116,0.0,1,0.6666666666666666,-7.503068421052632,low,0.5714,2,0.9090909090909091,True,NOERROR,2,300,0,2,False,False,2,13335,US,False,"Cloudflare, Inc.",2,365,True,0,False,False,,benign,no_adverse_signal
mashawear.com,2026-07-04,13,2.6416041678685933,0.0,0,0.8,-6.601413333333334,low,0.5333,2,0.7777777777777778,True,NOERROR,1,600,0,2,False,False,0,16509,US,False,"GoDaddy.com, LLC",2,365,True,0,False,False,,benign,no_adverse_signal
spaceman205top.site,2026-07-04,19,3.521640636343319,0.15789473684210525,0,0.5714285714285714,-8.075988,medium,0.4545,2,0.8571428571428571,True,NOERROR,2,300,0,2,False,False,2,13335,US,False,NAMECHEAP INC,2,365,True,0,False,,,benign,no_adverse_signal
freshfeetunisie.com,2026-07-04,19,2.973557262275185,0.0,0,0.875,-7.11202962962963,low,0.5,3,0.6,True,NOERROR,1,3600,0,3,False,False,0,396982,FR,True,NETIM,2,365,True,0,False,False,,benign,no_adverse_signal
inmobiliariaimd.com,2026-07-04,19,2.866247897312731,0.0,0,1.1428571428571428,-6.967918518518519,low,0.5714,2,0.6,True,NOERROR,1,10800,1,2,True,False,0,23352,US,True,PDR Ltd. d/b/a PublicDomainRegistry.com,2,365,False,0,False,False,False,benign,no_adverse_signal
rapidleak.com,2026-07-04,13,2.94770277922009,0.0,0,0.8,-6.95094,low,0.5714,2,0.8888888888888888,True,NOERROR,1,600,0,2,False,False,0,136038,HK,False,"GMO Internet, Inc.",2,365,True,0,True,False,,malicious,spamhaus_zen
northcom.nu,2026-07-04,11,2.75,0.0,0,0.3333333333333333,-6.7602769230769235,low,0.5,4,0.875,True,NOERROR,1,3600,0,2,False,False,0,51468,NO,False,Key-Systems Gmbh,2223,2556,False,0,False,False,,benign,no_adverse_signal
mbzhho-tw.asia,2026-07-04,14,2.94770277922009,0.0,1,0.14285714285714285,-9.624013333333332,low,0.4444,5,0.8888888888888888,False,NOERROR,0,,1,2,True,False,0,,,,"DNSPod, Inc.",2,365,True,,,False,False,benign,no_adverse_signal
claimcanopy.xyz,2026-07-04,15,3.0957952550009344,0.0,0,0.5714285714285714,-7.330894736842105,high,0.5556,2,0.8181818181818182,True,NOERROR,2,3600,1,2,True,False,0,16509,US,True,"GMO Internet, Inc.",2,365,True,29,False,False,,benign,no_adverse_signal
marovellestudio.com,2026-07-04,19,3.506890595608518,0.0,0,0.875,-6.332974074074074,low,0.5926,2,0.8,True,NOERROR,3,3600,0,2,False,False,0,58182,US,True,Wix.com Ltd.,2,365,False,9,False,False,,benign,no_adverse_signal
advancecopilot.xyz,2026-07-04,18,3.378783493486176,0.0,0,0.75,-6.868952,high,0.5,2,0.7857142857142857,True,NOERROR,2,3600,1,2,True,False,0,16509,US,True,"GMO Internet, Inc.",3,365,True,71,False,False,,malicious,abuseipdb
danielaandjeff.com,2026-07-04,18,2.8962915290459277,0.0,0,0.75,-7.553664,low,0.4545,3,0.5714285714285714,True,NOERROR,3,3600,0,2,False,False,0,58182,US,True,Wix.com Ltd.,2,365,False,16,False,False,,benign,no_adverse_signal
thebrokecollegekid.org,2026-07-04,22,3.3921472236645345,0.0,0,0.6363636363636364,-6.972424242424243,low,0.48,2,0.6666666666666666,True,NOERROR,1,3600,2,4,True,False,1,8560,US,True,IONOS SE,2,365,False,1,False,False,False,benign,no_adverse_signal
govjuo.autos,2026-07-04,12,2.2516291673878226,0.0,0,1.0,-10.3887,low,0.6667,2,0.8333333333333334,True,NOERROR,2,300,0,2,False,False,2,13335,US,False,DYNADOT LLC,2,365,True,0,False,False,,benign,no_adverse_signal
atelier-roman.com,2026-07-04,17,3.238901256602631,0.0,1,1.0,-6.59,low,0.6,1,0.7692307692307693,True,NOERROR,1,900,3,2,True,False,0,16509,US,True,PDR Ltd. d/b/a PublicDomainRegistry.com,2,365,False,0,False,False,False,benign,no_adverse_signal
hysicpower.com,2026-07-04,14,3.321928094887362,0.0,0,0.42857142857142855,-7.441158823529412,low,0.5455,3,1.0,False,NOERROR,0,,0,2,False,False,0,,,,Alibaba Cloud Computing Ltd. d/b/a HiChina (www.net.cn),5,365,False,,,False,,benign,no_adverse_signal
mkragentive.xyz,2026-07-04,15,3.277613436819116,0.0,0,0.5714285714285714,-6.800105263157895,high,0.5263,3,0.9090909090909091,True,NOERROR,2,3600,1,2,True,False,0,16509,US,True,"GMO Internet, Inc.",2,365,True,71,False,False,,malicious,abuseipdb
asyncapi.xyz,2026-07-04,12,2.75,0.0,0,0.6,-7.0256384615384615,high,0.5333,4,0.875,True,NOERROR,2,3600,1,2,True,False,0,16509,US,True,"GMO Internet, Inc.",2,365,True,71,False,False,,malicious,abuseipdb
rimeworld.pw,2026-07-04,12,2.94770277922009,0.0,0,0.5,-6.76526,low,0.5882,3,0.8888888888888888,True,NOERROR,1,300,2,4,True,False,0,213633,RU,True,Registrar of Domain Names REG.RU LLC,4,365,False,0,False,False,False,benign,no_adverse_signal
panelaries.cloud,2026-07-04,16,2.9219280948873623,0.0,0,1.0,-6.147399999999999,low,0.6316,1,0.8,False,NOERROR,0,,0,2,False,False,0,,,,CV. Jogjacamp,2,365,False,,,False,,benign,no_adverse_signal
kimyatransfer.com,2026-07-04,17,3.3927474104487847,0.0,0,0.4444444444444444,-7.040095652173913,low,0.5455,3,0.8461538461538461,True,NOERROR,1,10800,1,4,True,False,1,210403,FR,False,LWS dba Ligne Web Services,461,730,False,0,False,False,False,benign,no_adverse_signal
jesaniinternationaltax.com,2026-07-04,26,3.2089873002587996,0.0,0,0.8333333333333334,-6.489785365853659,low,0.4667,2,0.5,True,NOERROR,2,300,1,2,True,False,2,13335,US,False,DYNADOT LLC,2,365,True,0,False,False,False,benign,no_adverse_signal
hvac4dummies.com,2026-07-04,16,3.4182958340544896,0.0625,0,0.5714285714285714,-9.113266666666666,low,0.4211,2,0.9166666666666666,True,NOERROR,2,1800,0,2,False,False,0,16509,US,False,"GoDaddy.com, LLC",3,365,True,0,False,False,,benign,no_adverse_signal
hibajii.win,2026-07-04,11,2.1280852788913944,0.0,0,1.3333333333333333,-8.212990909090909,low,0.5333,1,0.7142857142857143,True,NOERROR,1,300,0,2,False,False,0,206834,DE,False,DYNADOT LLC,2,365,True,11,False,False,,benign,no_adverse_signal
eviloco.com,2026-07-04,11,2.521640636343318,0.0,0,1.3333333333333333,-6.765318181818182,low,0.5,1,0.8571428571428571,True,NOERROR,2,300,0,2,False,False,2,13335,US,False,"Cloudflare, Inc.",2,365,True,0,False,False,,benign,no_adverse_signal
figshop.uk,2026-07-04,10,2.807354922057604,0.0,0,0.4,-7.229290909090909,low,0.5714,3,1.0,True,NOERROR,1,300,0,2,False,False,0,14061,DE,False,"Cloudflare, Inc. [Tag = CLOUDFLARE]",4,365,False,10,,False,,benign,no_adverse_signal
28485.vip,2026-07-04,9,1.9219280948873623,0.5555555555555556,0,0.0,-11.884757142857142,low,0.25,0,0.8,True,NOERROR,1,600,0,4,False,False,0,62468,US,False,NameMart Pte. Ltd.,2,365,True,0,True,True,,malicious,spamhaus_zen
senpaiquest.xyz,2026-07-04,15,3.0957952550009344,0.0,0,0.8333333333333334,-7.220826315789473,high,0.5333,2,0.8181818181818182,True,NOERROR,2,3600,1,2,True,False,0,16509,US,True,"GMO Internet, Inc.",2,365,True,29,False,False,,benign,no_adverse_signal
willysdeepcuts.com,2026-07-04,18,3.378783493486176,0.0,0,0.4,-7.555736,low,0.4211,5,0.7857142857142857,True,NOERROR,1,1800,5,2,True,False,0,22612,US,False,NAMECHEAP INC,2,365,True,0,False,False,False,benign,no_adverse_signal
teengothgraphictshirt.com,2026-07-04,25,3.4039894464852614,0.0,0,0.4,-7.133976923076923,low,0.4516,4,0.5714285714285714,True,NOERROR,2,300,0,2,False,False,2,13335,US,False,Realtime Register B.V.,2,365,False,0,False,False,,benign,no_adverse_signal
fablerlp.org,2026-07-04,12,2.75,0.0,0,0.3333333333333333,-7.179638461538461,low,0.5333,3,0.875,True,NOERROR,1,300,0,4,False,False,0,13335,DE,True,"Name.com, Inc.",2,365,False,38,False,False,,benign,no_adverse_signal
fashionisode.com,2026-07-04,16,3.084962500721156,0.0,0,1.0,-6.599180952380952,low,0.5385,2,0.75,True,NOERROR,4,10800,0,4,True,False,0,53831,US,False,Squarespace Domains LLC,2,365,True,22,False,False,,benign,no_adverse_signal
openrollupai.xyz,2026-07-04,16,3.084962500721156,0.0,0,1.0,-7.223280952380952,high,0.6667,2,0.75,True,NOERROR,2,3600,1,2,True,False,0,16509,US,False,"GMO Internet, Inc.",2,365,True,71,False,False,,malicious,abuseipdb
advisorynja.com,2026-07-04,15,3.2776134368191165,0.0,0,0.5714285714285714,-7.630605263157896,low,0.5556,4,0.9090909090909091,True,NOERROR,2,300,1,2,True,False,2,13335,US,False,DYNADOT LLC,2,365,True,0,False,False,False,benign,no_adverse_signal
hubbubinsights.com,2026-07-04,18,2.8962915290459277,0.0,0,0.4,-7.303036,low,0.5625,4,0.5714285714285714,True,NOERROR,2,10800,0,2,True,False,2,14618,US,True,DropCatch.com 1308 LLC,2,365,False,0,False,False,,benign,no_adverse_signal
wokerspit.com,2026-07-04,13,3.169925001442312,0.0,0,0.5,-6.951206666666667,low,0.75,3,1.0,True,NOERROR,1,50,0,2,False,False,0,47583,CY,False,"HOSTINGER operations, UAB",2,365,False,33,False,False,,benign,no_adverse_signal
vgmbwxyvf.icu,2026-07-04,13,2.94770277922009,0.0,0,0.0,-10.865666666666668,low,0.375,9,0.8888888888888888,False,NOERROR,0,,0,2,False,False,0,,,,"Zhengzhou Century Connect Electronic Technology Development Co., Ltd",2,365,False,,,False,,benign,no_adverse_signal
kpglobal.net,2026-07-04,12,2.75,0.0,0,0.3333333333333333,-7.622561538461539,low,0.6667,4,0.875,False,SERVFAIL,0,,0,0,False,False,0,,,,"HANGANG Systems, Inc. dba Doregi.com",1837,2191,False,,,False,,benign,no_adverse_signal
gpt-scripts.xyz,2026-07-04,15,2.9139770731827523,0.0,1,0.1111111111111111,-7.886021052631579,high,0.5217,3,0.7272727272727273,True,NOERROR,2,3600,1,2,True,False,0,16509,US,True,"GMO Internet, Inc.",2,365,True,29,False,False,,benign,no_adverse_signal
bolotogo.com,2026-07-04,12,2.0,0.0,0,1.0,-6.6477076923076925,low,0.5882,1,0.625,True,NOERROR,4,10800,1,4,True,False,0,53831,US,False,Squarespace Domains II LLC,2,365,True,32,False,False,False,benign,no_adverse_signal
20240411.xyz,2026-07-04,12,2.0,0.6666666666666666,0,0.0,-10.026399999999999,high,0.3077,0,0.5,True,NOERROR,2,300,0,2,False,False,2,13335,US,False,"Spaceship, Inc.",3,3653,False,0,False,False,,benign,no_adverse_signal
bestbrandinbangladesh.com,2026-07-04,25,3.4273334938982645,0.0,0,0.4,-6.507020512820513,low,0.5,4,0.5714285714285714,True,NOERROR,2,600,0,2,False,False,0,16509,US,True,"GoDaddy.com, LLC",2,365,True,37,False,False,,benign,no_adverse_signal
selectionofpromotions.com,2026-07-04,25,3.363286923996055,0.0,0,0.75,-6.558474358974359,low,0.4444,3,0.5714285714285714,True,NOERROR,2,300,0,3,False,False,0,2635,US,False,Automattic Inc.,416,730,True,0,False,False,,benign,no_adverse_signal
sgxcoordinator.xyz,2026-07-04,18,3.3248629576173574,0.0,0,0.5555555555555556,-7.1089400000000005,high,0.5217,4,0.7857142857142857,True,NOERROR,2,3600,1,2,True,False,0,16509,US,True,"GMO Internet, Inc.",2,365,True,29,False,False,,benign,no_adverse_signal
barudak78.agency,2026-07-04,16,2.94770277922009,0.125,0,0.75,-8.601773333333334,low,0.4706,1,0.8888888888888888,True,NOERROR,2,300,0,2,True,False,2,13335,US,False,,,,,0,False,False,,benign,no_adverse_signal
djmemville.com,2026-07-04,14,2.7219280948873625,0.0,0,0.42857142857142855,-8.119241176470588,low,0.5714,3,0.7,True,NOERROR,1,600,2,2,True,False,0,13335,US,False,"GoDaddy.com, LLC",2,365,True,0,False,False,False,benign,no_adverse_signal
medranoinvestments.org,2026-07-04,22,3.30827083453526,0.0,0,0.5,-6.567769696969697,low,0.4848,3,0.6111111111111112,True,NOERROR,2,3600,0,2,False,False,0,16509,US,True,"GoDaddy.com, LLC",3,365,False,24,False,False,,benign,no_adverse_signal
zbdtdpveb.icu,2026-07-04,13,2.725480556997868,0.0,0,0.125,-9.597133333333334,low,0.4286,7,0.7777777777777778,False,NOERROR,0,,0,2,False,False,0,,,,"Zhengzhou Century Connect Electronic Technology Development Co., Ltd",2,365,False,,,False,,benign,no_adverse_signal
0x8g5-k.garden,2026-07-04,14,2.807354922057604,0.21428571428571427,1,0.0,-12.618127272727271,low,0.2857,1,1.0,False,NOERROR,0,,0,2,False,False,0,,,,"Spaceship, Inc.",3,365,True,,,False,,benign,no_adverse_signal
anahidfernandes.com,2026-07-04,19,3.0062389286533895,0.0,0,0.6666666666666666,-6.890651851851851,low,0.48,2,0.6,True,NOERROR,1,300,0,4,False,False,0,47846,DE,False,"Name.com, Inc.",2,365,False,7,False,False,,benign,no_adverse_signal
owendalemi.gov,2026-07-04,14,3.121928094887362,0.0,0,1.0,-6.65384705882353,low,0.625,2,0.9,True,NOERROR,2,300,0,2,False,False,2,13335,US,False,,,,False,0,False,False,,benign,no_adverse_signal
zorteatelecomunicacao.com,2026-07-04,25,3.391386469985718,0.0,0,1.1,-6.490584615384615,low,0.5143,2,0.5714285714285714,True,NOERROR,1,1800,2,2,True,False,0,13335,DE,True,"Spaceship, Inc.",3,365,False,38,False,False,False,benign,no_adverse_signal
geronimotheml.site,2026-07-04,18,3.238901256602631,0.0,0,0.625,-6.638530434782609,medium,0.4667,2,0.7692307692307693,True,NOERROR,1,300,0,2,False,False,0,206834,DE,False,DYNADOT LLC,2,365,True,11,False,False,,benign,no_adverse_signal
doerdeals.com,2026-07-04,13,2.725480556997868,0.0,0,0.8,-6.989966666666667,low,0.5714,2,0.7777777777777778,True,NOERROR,2,60,2,2,True,False,2,47583,DE,False,"Spaceship, Inc.",2,365,False,3,False,False,False,benign,no_adverse_signal
fattoreerre.blog,2026-07-04,16,2.4130884364257574,0.0,0,0.8333333333333334,-6.4992947368421055,low,0.5882,2,0.5454545454545454,True,NOERROR,2,300,0,2,False,False,2,13335,US,False,"Spaceship, Inc.",2,365,True,0,False,,,benign,no_adverse_signal
banquetedgpt.xyz,2026-07-04,16,3.2516291673878226,0.0,0,0.5,-7.704614285714285,high,0.5714,4,0.8333333333333334,True,NOERROR,2,3600,1,2,True,False,0,16509,US,True,"GMO Internet, Inc.",2,365,True,71,False,False,,malicious,abuseipdb
cetin.asia,2026-07-04,10,2.321928094887362,0.0,0,0.6666666666666666,-6.084328571428571,low,0.6,1,1.0,True,NOERROR,2,600,0,2,False,False,0,16509,US,True,"GoDaddy.com, LLC",3,365,True,31,False,False,,benign,no_adverse_signal
sced.asia,2026-07-04,9,2.0,0.0,0,0.3333333333333333,-6.9896,low,0.6,2,1.0,False,NOERROR,0,,0,2,False,False,0,,,,Alibaba Cloud Computing Ltd. d/b/a HiChina (www.net.cn),2,365,True,,,False,,benign,no_adverse_signal
2j4k.cc,2026-07-04,7,2.0,0.2857142857142857,0,0.0,-13.2106,low,0.2857,1,1.0,True,NOERROR,1,10800,0,2,False,False,0,16509,US,True,DYNADOT LLC,3,365,True,22,False,False,,benign,no_adverse_signal
xazaz.shop,2026-07-04,10,1.5219280948873621,0.0,0,0.6666666666666666,-9.075714285714286,low,0.5,1,0.6,True,NOERROR,1,300,0,2,False,False,0,54801,HK,False,,,,False,0,False,False,,benign,no_adverse_signal
k1c7win4.live,2026-07-04,13,3.0,0.23076923076923078,0,0.25,-10.522923076923076,low,0.5,1,1.0,True,NOERROR,3,60,0,6,False,False,0,54994,US,False,,,,False,0,False,False,,benign,no_adverse_signal
divevision.app,2026-07-04,14,2.6464393446710153,0.0,0,1.0,-6.584747058823529,low,0.6,1,0.7,False,NOERROR,0,,0,2,False,False,0,,,,,,,False,,,False,,benign,no_adverse_signal
portfoliochloecolleu.com,2026-07-04,24,3.141446071165521,0.0,0,0.8181818181818182,-7.082891891891892,low,0.4138,3,0.55,True,NOERROR,3,3600,0,2,False,False,0,58182,US,True,Wix.com Ltd.,2,731,False,9,False,False,,benign,no_adverse_signal
pxh-gl4.garden,2026-07-04,14,2.807354922057604,0.07142857142857142,1,0.0,-10.702181818181819,low,0.4615,3,1.0,False,NOERROR,0,,0,2,False,False,0,,,,"Spaceship, Inc.",3,365,True,,,False,,benign,no_adverse_signal
6af-lvse.icu,2026-07-04,12,3.0,0.08333333333333333,1,0.5,-10.268776923076924,low,0.5,3,1.0,False,NOERROR,0,,0,2,False,False,0,,,,"Zhengzhou Century Connect Electronic Technology Development Co., Ltd",2,365,False,,,False,,benign,no_adverse_signal
heritageprimecapital.com,2026-07-04,24,3.308694969562842,0.0,0,0.8181818181818182,-6.402508108108108,low,0.4615,2,0.55,True,NOERROR,1,10800,1,2,True,False,0,53667,LU,True,"NameSilo, LLC",2,365,True,11,False,False,False,benign,no_adverse_signal
recoreon-t-coomegaum-bevectora.life,2026-07-04,35,3.4574258137630505,0.0,3,0.9285714285714286,-7.149145614035088,low,0.4286,2,0.43333333333333335,True,NOERROR,2,300,0,2,False,False,2,13335,US,False,,,,False,0,False,False,,benign,no_adverse_signal
joycasino-wcy.top,2026-07-04,17,3.238901256602631,0.0,1,0.5,-7.894621739130435,high,0.4545,3,0.7692307692307693,True,NOERROR,1,7200,0,3,False,False,0,57724,RU,True,"NameSilo, LLC",2,365,True,0,False,False,,benign,no_adverse_signal
xiaojianai.cloud,2026-07-04,16,2.3709505944546687,0.0,0,2.3333333333333335,-7.444888235294117,low,0.625,1,0.6,False,NOERROR,0,,0,2,False,False,0,,,,"DNSPod, Inc.",3,365,False,,,False,,benign,no_adverse_signal
ai777.bid,2026-07-04,9,1.3709505944546687,0.3333333333333333,0,2.0,-9.3498,low,0.4444,0,0.6,True,NOERROR,2,300,0,2,False,False,2,13335,US,False,,,,False,0,False,False,,benign,no_adverse_signal
lawmilestonerug.beauty,2026-07-04,22,3.640223928941851,0.0,0,0.6666666666666666,-6.811455555555556,low,0.5217,2,0.8666666666666667,False,NOERROR,0,,0,2,False,False,0,,,,Porkbun LLC,2,365,False,,,False,,benign,no_adverse_signal
winteranchor.com,2026-07-04,16,3.2516291673878226,0.0,0,0.5,-5.9161809523809525,low,0.5556,3,0.8333333333333334,True,NOERROR,2,300,0,2,False,False,2,13335,US,False,DYNADOT LLC,2,365,True,0,False,False,,benign,no_adverse_signal
bigcric.vip,2026-07-04,11,2.2359263506290326,0.0,0,0.4,-7.373554545454545,low,0.5455,3,0.7142857142857143,True,NOERROR,2,600,0,2,False,False,0,16509,US,True,"GoDaddy.com, LLC",2,365,True,37,False,False,,benign,no_adverse_signal
paireddapp.xyz,2026-07-04,14,2.4464393446710155,0.0,0,0.6666666666666666,-6.816447058823529,high,0.5833,2,0.6,True,NOERROR,2,3600,1,2,True,False,0,16509,US,True,"GMO Internet, Inc.",2,365,True,29,False,False,,benign,no_adverse_signal
94553.co,2026-07-04,8,1.9219280948873623,0.625,0,0.0,-10.623328571428571,low,0.25,0,0.8,True,NOERROR,1,300,0,2,False,False,0,206834,DE,False,DYNADOT LLC,3,365,True,11,False,False,,benign,no_adverse_signal
playandpreach.org,2026-07-04,17,3.180832987205441,0.0,0,0.4444444444444444,-6.5922347826086956,low,0.5263,4,0.7692307692307693,True,NOERROR,2,60,0,2,False,False,2,47583,DE,False,"HOSTINGER operations, UAB",2,731,False,3,False,False,,benign,no_adverse_signal
symbolgpt.xyz,2026-07-04,13,3.169925001442312,0.0,0,0.125,-8.544813333333334,high,0.4286,4,1.0,True,NOERROR,2,3600,1,2,True,False,0,16509,US,True,"GMO Internet, Inc.",2,365,True,71,False,False,,malicious,abuseipdb
hm88x.org,2026-07-04,9,1.9219280948873623,0.2222222222222222,0,0.0,-11.483242857142857,low,0.3636,2,0.8,True,NOERROR,2,19,0,4,False,False,0,16509,US,True,Porkbun LLC,382,730,False,2,False,False,,benign,no_adverse_signal
tvwge.com,2026-07-04,9,2.321928094887362,0.0,0,0.25,-9.77822857142857,low,0.6,4,1.0,True,NOERROR,1,1,0,2,False,False,0,206888,HK,False,July Name Limited,2,365,True,0,False,False,,benign,no_adverse_signal
jlopkhw.cc,2026-07-04,10,2.807354922057604,0.0,0,0.16666666666666666,-9.650709090909091,low,0.4286,4,1.0,True,NOERROR,1,1,0,2,False,True,0,40065,US,False,"NameSilo, LLC",3,365,True,0,False,False,,benign,no_adverse_signal
unitedkidsbbc.com,2026-07-04,17,3.238901256602631,0.0,0,0.4444444444444444,-7.60455652173913,low,0.5,5,0.7692307692307693,True,NOERROR,1,3600,1,2,True,False,0,209242,US,True,"GoDaddy.com, LLC",2,365,True,0,False,False,False,benign,no_adverse_signal
bdggameadda.com,2026-07-04,15,2.413088436425758,0.0,0,0.5714285714285714,-7.506447368421052,low,0.5263,4,0.5454545454545454,True,NOERROR,1,600,5,2,True,False,0,22612,US,True,NAMECHEAP INC,2,365,True,0,False,False,False,benign,no_adverse_signal
liangyizm.com,2026-07-04,13,2.94770277922009,0.0,0,0.5,-7.770006666666666,low,0.5,3,0.8888888888888888,True,NOERROR,1,300,0,2,False,True,0,13335,US,False,Gname 434 Inc,2,365,False,0,False,False,,benign,no_adverse_signal
prayjay.com,2026-07-04,11,2.2359263506290326,0.0,0,0.4,-8.071563636363637,low,0.6154,2,0.7142857142857143,True,NOERROR,2,300,0,2,False,False,0,16509,US,True,"Spaceship, Inc.",3,365,False,1,False,False,,benign,no_adverse_signal
limpana.com,2026-07-04,11,2.521640636343318,0.0,0,0.75,-6.4263,low,0.6667,2,0.8571428571428571,False,NOERROR,0,,0,2,False,False,0,,,,"GMO Internet, Inc.",2,365,True,,,False,,benign,no_adverse_signal
mlgeneralstore.com,2026-07-04,18,3.182005814760214,0.0,0,0.5555555555555556,-6.5685519999999995,low,0.5263,3,0.7142857142857143,False,SERVFAIL,0,,0,0,False,False,0,,,,Wix.com Ltd.,371,730,True,,,False,,benign,no_adverse_signal
usevisionprime.shop,2026-07-04,19,3.182005814760214,0.0,0,1.0,-6.61048,low,0.5,3,0.7142857142857143,True,NOERROR,1,1800,0,2,False,False,1,47583,BR,False,,,,False,0,False,,,benign,no_adverse_signal
ponderosacapitalventures.com,2026-07-04,28,3.6887218755408675,0.0,0,0.7142857142857143,-6.432482222222222,low,0.4444,2,0.5833333333333334,True,NOERROR,2,31,0,4,False,False,0,16509,US,True,Porkbun LLC,382,730,False,2,False,False,,benign,no_adverse_signal
nexorashield.online,2026-07-04,19,3.418295834054489,0.0,0,0.7142857142857143,-6.935490476190476,medium,0.5882,2,0.9166666666666666,True,NOERROR,2,300,2,2,True,False,2,13335,US,False,NAMECHEAP INC,2,365,True,0,False,False,False,benign,no_adverse_signal
climbszk.xyz,2026-07-04,12,3.0,0.0,0,0.14285714285714285,-8.459315384615385,high,0.5,5,1.0,True,NOERROR,2,3600,1,2,True,False,0,16509,US,True,"GMO Internet, Inc.",2,365,True,29,False,False,,benign,no_adverse_signal
jdbaa.today,2026-07-04,11,1.9219280948873623,0.0,0,0.6666666666666666,-8.757657142857143,low,0.5455,3,0.8,True,NOERROR,2,300,0,2,False,False,2,13335,US,False,,,,,0,False,False,,benign,no_adverse_signal
retroequipment.com,2026-07-04,18,3.182005814760214,0.0,0,0.75,-7.464556,low,0.5,2,0.7142857142857143,True,NOERROR,2,300,0,2,False,False,2,13335,US,False,"Spaceship, Inc.",2,365,False,0,False,False,,benign,no_adverse_signal
mertpatarim.online,2026-07-04,18,2.7321588913645702,0.0,0,0.5714285714285714,-6.414663157894737,medium,0.5882,3,0.6363636363636364,True,NOERROR,1,3600,0,2,True,False,0,34619,TR,True,Nics Telekomunikasyon A.S.,2,365,True,2,False,False,,benign,no_adverse_signal
wfvb372klu55jj-pd78h.com,2026-07-04,24,4.021928094887362,0.2916666666666667,1,0.09090909090909091,-11.825437837837837,low,0.3226,4,0.85,False,NOERROR,0,,0,2,False,False,0,,,,"GoDaddy.com, LLC",2,365,True,,,True,,malicious,spamhaus_dbl
sareepuram.shop,2026-07-04,15,2.721928094887362,0.0,0,1.0,-6.560182352941176,low,0.5556,1,0.7,True,NOERROR,2,600,0,2,False,False,0,16509,US,True,,,,False,31,False,False,,benign,no_adverse_signal
havards.store,2026-07-04,13,2.5216406363433186,0.0,0,0.4,-7.031572727272728,low,0.8571,3,0.8571428571428571,True,NOERROR,1,300,1,2,True,False,0,42831,GB,True,,,,False,0,False,False,False,benign,no_adverse_signal
29803.vip,2026-07-04,9,2.321928094887362,0.5555555555555556,0,0.0,-11.395,low,0.4,0,1.0,True,NOERROR,2,300,0,2,False,False,2,13335,US,False,"Spaceship, Inc.",2,365,True,0,False,False,,benign,no_adverse_signal
pecah34.net,2026-07-04,11,2.807354922057604,0.18181818181818182,0,0.6666666666666666,-8.967827272727273,low,0.5,1,1.0,True,NOERROR,1,10800,3,2,True,False,0,22612,SG,True,NAMECHEAP INC,3,365,True,0,False,False,False,benign,no_adverse_signal
celestialbookshop.com,2026-07-04,21,3.4548223999466066,0.0,0,0.7,-6.602287096774194,low,0.4848,3,0.7058823529411765,True,NOERROR,1,1800,0,0,False,False,0,58182,US,True,Wix.com Ltd.,1102,1461,False,0,False,False,,benign,no_adverse_signal
bellariocafe.com,2026-07-04,16,3.0849625007211556,0.0,0,1.0,-6.67887619047619,low,0.5263,2,0.75,True,NOERROR,2,600,0,2,False,False,0,16509,US,True,"GoDaddy.com, LLC",2,365,True,31,False,False,,benign,no_adverse_signal
secretgp.com,2026-07-04,12,2.75,0.0,0,0.3333333333333333,-7.289107692307692,low,0.5455,3,0.875,False,SERVFAIL,0,,0,0,False,False,0,,,,PDR Ltd. d/b/a PublicDomainRegistry.com,2,365,True,,,False,,benign,no_adverse_signal
premiumai9.xyz,2026-07-04,14,2.921928094887362,0.07142857142857142,0,1.25,-7.408747058823529,high,0.5714,2,0.8,True,NOERROR,2,3600,1,2,True,False,0,16509,US,True,"GMO Internet, Inc.",2,365,True,29,False,False,,benign,no_adverse_signal
leyou-sports-mobile.com.cn,2026-07-04,26,3.576617644908665,0.0,2,0.7,-7.154197142857143,low,0.5926,3,0.6842105263157895,True,NOERROR,1,600,0,2,False,False,0,132839,CL,False,Web Commerce Communications Limited,19,364,False,0,False,False,,benign,no_adverse_signal
xef-lvse.icu,2026-07-04,12,2.75,0.0,1,0.4,-9.896392307692308,low,0.5,3,0.875,False,NOERROR,0,,0,2,False,False,0,,,,"Zhengzhou Century Connect Electronic Technology Development Co., Ltd",2,365,False,,,False,,benign,no_adverse_signal
upliftgrowthworks.online,2026-07-04,24,3.6168746059562227,0.0,0,0.3076923076923077,-7.612090322580646,medium,0.6061,4,0.7647058823529411,True,NOERROR,2,38,0,4,False,False,0,16509,US,True,Porkbun LLC,382,730,False,2,False,False,,benign,no_adverse_signal
eventselatox.com,2026-07-04,16,3.0220552088742,0.0,0,0.7142857142857143,-6.531476190476191,low,0.5455,3,0.75,True,NOERROR,2,300,0,2,False,False,2,13335,US,False,"Name.com, Inc.",2,365,True,0,False,False,,benign,no_adverse_signal
cagechronograph.com,2026-07-04,19,3.106890595608519,0.0,0,0.5,-6.899159259259259,low,0.48,3,0.6,True,NOERROR,4,10800,1,4,True,False,0,53831,US,False,Squarespace Domains II LLC,2,365,True,32,False,False,False,benign,no_adverse_signal
bigpot.ink,2026-07-04,10,2.584962500721156,0.0,0,0.5,-7.551922222222221,low,0.7143,2,1.0,True,NOERROR,2,300,0,2,False,False,2,13335,US,False,NAMECHEAP INC,2,365,True,0,False,False,,benign,no_adverse_signal
docfiles.org,2026-07-04,12,3.0,0.0,0,0.6,-7.269284615384615,low,0.5714,2,1.0,True,NOERROR,1,300,2,3,True,False,1,29097,CH,True,INWX GmbH,2,365,False,1,False,False,False,benign,no_adverse_signal
easyopsassistlabs.co,2026-07-04,20,2.8954238702803163,0.0,0,0.5454545454545454,-7.103987096774194,low,0.4615,3,0.5882352941176471,True,NOERROR,2,300,1,2,True,False,2,13335,US,False,"Spaceship, Inc.",3,365,False,0,False,False,False,benign,no_adverse_signal
liquorstores.us,2026-07-04,15,3.084962500721156,0.0,0,0.7142857142857143,-6.834009523809523,low,0.5,3,0.75,False,NOERROR,0,,0,4,True,False,0,,,,Porkbun,3,365,False,,,False,,benign,no_adverse_signal
claimauditor.xyz,2026-07-04,16,3.2516291673878226,0.0,0,1.0,-6.748771428571429,high,0.5263,2,0.8333333333333334,True,NOERROR,2,3600,1,2,True,False,0,16509,US,True,"GMO Internet, Inc.",2,365,True,71,False,False,,malicious,abuseipdb
9634-casino.buzz,2026-07-04,16,3.459431618637298,0.25,1,1.0,-8.782284210526317,high,0.4,1,1.0,True,NOERROR,2,300,0,2,False,False,2,13335,US,False,"Spaceship, Inc.",2,365,False,0,False,False,,benign,no_adverse_signal
explanationhub.xyz,2026-07-04,18,3.52164063634332,0.0,0,0.75,-6.55966,high,0.64,3,0.8571428571428571,True,NOERROR,2,3600,1,2,True,False,0,16509,US,True,"GMO Internet, Inc.",2,365,True,71,False,False,,malicious,abuseipdb
r7casino-zha.top,2026-07-04,16,3.418295834054489,0.0625,1,0.6666666666666666,-8.393957142857143,high,0.5,2,0.9166666666666666,True,NOERROR,1,7200,0,3,False,False,0,57724,RU,True,"NameSilo, LLC",2,365,True,0,False,False,,benign,no_adverse_signal
pialhasan.shop,2026-07-04,14,2.6416041678685933,0.0,0,0.8,-6.9990266666666665,low,0.5,2,0.7777777777777778,True,NOERROR,1,10800,1,2,True,False,0,141988,BD,True,,,,False,27,False,False,False,benign,no_adverse_signal
yoi.wtf,2026-07-04,7,1.584962500721156,0.0,0,2.0,-8.400333333333334,low,0.6667,1,1.0,True,NOERROR,2,600,0,2,False,False,0,16509,US,True,,,,,31,False,False,,benign,no_adverse_signal
ferrarihermes.xyz,2026-07-04,17,2.7192945256669794,0.0,0,0.625,-6.860626086956522,high,0.5333,2,0.6153846153846154,True,NOERROR,1,10800,0,2,False,False,0,24940,FI,True,"NicNames, Inc",2,365,True,0,False,False,,benign,no_adverse_signal
cdvolndyd.icu,2026-07-04,13,2.6416041678685933,0.0,0,0.125,-8.782346666666665,low,0.5882,5,0.7777777777777778,False,NOERROR,0,,0,2,False,False,0,,,,"Zhengzhou Century Connect Electronic Technology Development Co., Ltd",2,365,False,,,False,,benign,no_adverse_signal
prevention-cockpit.com,2026-07-04,22,3.392147223664534,0.0,1,0.5454545454545454,-6.7882727272727275,low,0.5,3,0.6111111111111112,True,NOERROR,1,150,1,2,False,False,1,8560,DE,True,InterNetX GmbH,2,365,True,0,False,False,False,benign,no_adverse_signal
bcb888.bid,2026-07-04,10,1.4591479170272448,0.3,0,0.0,-9.8513,low,0.4444,3,0.5,True,NOERROR,2,300,0,2,False,False,2,13335,US,False,,,,False,0,False,False,,benign,no_adverse_signal
agentscemobile.xyz,2026-07-04,18,3.4677201004745006,0.0,0,0.75,-6.5718,high,0.6364,4,0.8571428571428571,True,NOERROR,2,3600,1,2,True,False,0,16509,US,True,"GMO Internet, Inc.",2,365,True,71,False,False,,malicious,abuseipdb
sdoudpght.icu,2026-07-04,13,2.94770277922009,0.0,0,0.2857142857142857,-8.04576,low,0.5263,5,0.8888888888888888,True,NOERROR,1,600,0,2,False,False,0,132839,HK,False,"Zhengzhou Century Connect Electronic Technology Development Co., Ltd",2,365,False,0,False,False,,benign,no_adverse_signal
dexrollupsdk.xyz,2026-07-04,16,3.2516291673878226,0.0,0,0.3333333333333333,-7.99692380952381,high,0.5,4,0.8333333333333334,True,NOERROR,2,3600,1,2,True,False,0,16509,US,True,"GMO Internet, Inc.",2,365,True,71,False,False,,malicious,abuseipdb
rbc88.net,2026-07-04,9,1.9219280948873623,0.2222222222222222,0,0.0,-9.764485714285714,low,0.5455,3,0.8,True,NOERROR,2,300,0,2,False,False,2,13335,US,False,DYNADOT LLC,3,365,True,0,False,False,,benign,no_adverse_signal
materialeseducativosmx.com,2026-07-04,26,3.6635327548042533,0.0,0,0.8333333333333334,-6.679912195121951,low,0.4615,3,0.6363636363636364,True,NOERROR,1,300,0,2,False,False,0,16509,US,True,"Cloudflare, Inc.",2,365,True,29,False,False,,benign,no_adverse_signal
zuqiuzhibozuqiuzhibo.com.cn,2026-07-04,27,2.721928094887362,0.0,0,1.0,-9.459843243243244,low,0.3571,2,0.35,True,NOERROR,1,300,0,2,False,False,0,132839,CL,False,长春市智绘网络科技有限公司,4,365,False,0,False,False,,benign,no_adverse_signal
infinanc.com,2026-07-04,12,2.1556390622295662,0.0,0,0.6,-6.264053846153846,low,0.5333,2,0.625,True,NOERROR,1,50,0,2,False,False,0,47583,CY,False,"HOSTINGER operations, UAB",2,365,False,33,False,False,,benign,no_adverse_signal
built-for-leadership.com,2026-07-04,24,3.821928094887362,0.0,2,0.6363636363636364,-7.300175675675675,low,0.4444,3,0.75,False,NOERROR,0,,0,2,False,False,0,,,,"Cloudflare, Inc.",2,365,True,,,,,unknown,no_reputation_coverage
cocoflixapp.info,2026-07-04,16,2.9139770731827523,0.0,0,0.5714285714285714,-7.439131578947369,medium,0.5,2,0.7272727272727273,True,NOERROR,2,300,0,3,False,False,0,2635,US,False,,,,,0,False,False,,benign,no_adverse_signal
ybfcqxwlh.icu,2026-07-04,13,3.169925001442312,0.0,0,0.0,-11.227326666666666,low,0.4286,9,1.0,False,NOERROR,0,,0,2,False,False,0,,,,"Zhengzhou Century Connect Electronic Technology Development Co., Ltd",2,365,False,,,False,,benign,no_adverse_signal
marquisescrow-office.com,2026-07-04,24,3.621928094887362,0.0,1,0.7272727272727273,-7.441364864864864,low,0.5143,3,0.65,True,NOERROR,3,3600,0,2,False,False,0,58182,US,True,Wix.com Ltd.,2,365,False,19,False,False,,benign,no_adverse_signal
imaginationrollercoaster.com,2026-07-04,28,3.459147917027245,0.0,0,0.8461538461538461,-6.42243111111111,low,0.4878,2,0.5,True,NOERROR,4,10800,0,4,True,False,0,53831,US,False,Squarespace Domains LLC,2,731,True,23,False,False,,benign,no_adverse_signal
vn166.club,2026-07-04,10,1.9219280948873623,0.3,0,0.0,-10.670285714285713,low,0.5,2,0.8,True,NOERROR,2,300,0,2,False,False,2,13335,US,False,DYNADOT LLC,2,365,True,0,False,False,,benign,no_adverse_signal
ahnvcqdvg.icu,2026-07-04,13,2.94770277922009,0.0,0,0.125,-10.824440000000001,low,0.5714,8,0.8888888888888888,False,NOERROR,0,,0,2,False,False,0,,,,"Zhengzhou Century Connect Electronic Technology Development Co., Ltd",2,365,False,,,False,,benign,no_adverse_signal
umayai.xyz,2026-07-04,10,2.2516291673878226,0.0,0,2.0,-7.4113444444444445,high,0.6,1,0.8333333333333334,True,NOERROR,1,3600,0,2,True,False,0,34619,TR,True,Nics Telekomunikasyon A.S.,2,365,True,2,False,False,,benign,no_adverse_signal
hokiarena3.com,2026-07-04,14,3.121928094887362,0.07142857142857142,0,1.25,-7.091494117647059,low,0.5,1,0.9,True,NOERROR,2,300,0,2,False,False,2,13335,US,False,Dominet (HK) Limited,2,365,False,0,False,False,,benign,no_adverse_signal
zeducoybu.autos,2026-07-04,15,2.94770277922009,0.0,0,0.8,-8.051226666666667,low,0.4706,2,0.8888888888888888,True,NOERROR,2,300,0,2,False,False,2,13335,US,False,NAMECHEAP INC,2,365,True,0,False,False,,benign,no_adverse_signal
mysafecell.com,2026-07-04,14,2.9219280948873623,0.0,0,0.42857142857142855,-7.166911764705882,low,0.6316,3,0.8,True,NOERROR,1,300,0,4,False,False,0,13335,DE,True,"Name.com, Inc.",2,365,True,38,False,False,,benign,no_adverse_signal
omenjp.net,2026-07-04,10,2.584962500721156,0.0,0,0.5,-7.5764000000000005,low,0.5455,3,1.0,True,NOERROR,1,10800,3,2,True,False,0,22612,SG,True,NAMECHEAP INC,3,365,True,0,False,False,False,benign,no_adverse_signal
cvvvuuhhw.icu,2026-07-04,13,2.197159723424149,0.0,0,0.2857142857142857,-11.150839999999999,low,0.3,4,0.5555555555555556,False,NOERROR,0,,0,2,False,False,0,,,,"Zhengzhou Century Connect Electronic Technology Development Co., Ltd",2,365,False,,,False,,benign,no_adverse_signal
classiccurvesstore.com,2026-07-04,22,3.239097917988786,0.0,0,0.5,-6.576606060606061,low,0.4828,3,0.6111111111111112,True,NOERROR,1,3600,2,2,True,False,0,13335,CA,True,"GoDaddy.com, LLC",2,731,True,0,False,False,False,benign,no_adverse_signal
ffive.info,2026-07-04,10,1.9219280948873623,0.0,0,0.6666666666666666,-6.966728571428571,medium,0.7273,2,0.8,True,NOERROR,2,600,0,2,False,False,0,16509,US,True,,,,,31,False,False,,benign,no_adverse_signal
kithcares.com,2026-07-04,13,3.169925001442312,0.0,0,0.5,-6.5975,low,0.5556,3,1.0,True,NOERROR,2,600,0,2,False,False,0,16509,US,True,"GoDaddy.com, LLC",2,365,True,37,False,False,,benign,no_adverse_signal
wsnixamyz.icu,2026-07-04,13,3.169925001442312,0.0,0,0.2857142857142857,-8.221266666666667,low,0.5,3,1.0,False,NOERROR,0,,0,2,False,False,0,,,,"Zhengzhou Century Connect Electronic Technology Development Co., Ltd",2,365,False,,,False,,benign,no_adverse_signal
cucianweb.my.id,2026-07-04,15,2.94770277922009,0.0,0,0.8,-7.2893,low,0.5333,2,0.8888888888888888,True,NOERROR,1,10800,1,4,True,False,0,58487,ID,True,,,,False,0,False,False,False,benign,no_adverse_signal
q4f-lvse.icu,2026-07-04,12,3.0,0.08333333333333333,1,0.2,-10.903638461538462,low,0.5,3,1.0,False,NOERROR,0,,0,2,False,False,0,,,,"Zhengzhou Century Connect Electronic Technology Development Co., Ltd",2,365,False,,,False,,benign,no_adverse_signal
eugalaxies.com,2026-07-04,14,2.9219280948873623,0.0,0,1.5,-7.449770588235294,low,0.5263,1,0.8,True,NOERROR,2,300,1,2,True,False,2,13335,US,False,Squarespace Domains II LLC,2,365,True,0,False,False,False,benign,no_adverse_signal
rabellionscentcandle.com,2026-07-04,24,3.4086949695628417,0.0,0,0.5384615384615384,-6.539162162162162,low,0.4848,3,0.6,False,NOERROR,0,,3,2,True,False,0,,,,"NICENIC INTERNATIONAL GROUP CO., LIMITED",2,365,False,,,True,False,malicious,spamhaus_dbl
lamaisonsatinee.com,2026-07-04,19,3.056564762130954,0.0,0,1.1428571428571428,-6.248192592592592,low,0.5385,2,0.6,True,NOERROR,1,10800,0,2,False,False,0,16509,US,True,"TUCOWS.COM, CO.",371,730,True,0,False,False,,benign,no_adverse_signal
happycribs.com,2026-07-04,14,3.121928094887362,0.0,0,0.25,-7.622917647058823,low,0.5455,5,0.9,False,NOERROR,0,,0,2,False,False,0,,,,"Spaceship, Inc.",2,365,False,,,False,,benign,no_adverse_signal
creativegreid.com,2026-07-04,17,3.0269868333592873,0.0,0,0.8571428571428571,-6.5957173913043485,low,0.5714,2,0.6923076923076923,True,NOERROR,1,600,2,2,True,False,0,213230,US,True,"GoDaddy.com, LLC",2,365,True,0,False,False,False,benign,no_adverse_signal
camnangphukhoa.com,2026-07-04,18,3.182005814760214,0.0,0,0.5555555555555556,-7.982028000000001,low,0.4545,4,0.7142857142857143,True,NOERROR,2,300,0,2,False,False,2,13335,US,False,"Spaceship, Inc.",2,365,False,0,False,False,,benign,no_adverse_signal
ordinalsindonesia.xyz,2026-07-04,21,3.0574760762899316,0.0,0,0.8888888888888888,-6.285325806451613,high,0.4615,2,0.5294117647058824,True,NOERROR,2,3600,1,2,True,False,0,16509,US,True,"GMO Internet, Inc.",3,365,True,71,False,False,,malicious,abuseipdb
novali-veroic.top,2026-07-04,17,3.238901256602631,0.0,1,1.0,-7.263660869565217,high,0.5556,1,0.7692307692307693,True,NOERROR,2,300,0,2,False,False,2,13335,US,False,NAMECHEAP INC,2,365,True,0,False,False,,benign,no_adverse_signal
ragboth.xyz,2026-07-04,11,2.807354922057604,0.0,0,0.4,-7.375245454545455,high,0.5,2,1.0,True,NOERROR,2,3600,1,2,True,False,0,16509,US,True,"GMO Internet, Inc.",2,365,True,71,False,False,,malicious,abuseipdb
vrspec.xyz,2026-07-04,10,2.584962500721156,0.0,0,0.2,-7.480622222222223,high,0.5455,4,1.0,True,NOERROR,2,3600,1,2,True,False,0,16509,US,True,"GMO Internet, Inc.",2,365,True,29,False,,,benign,no_adverse_signal
ecpmi-org.com,2026-07-04,13,3.169925001442312,0.0,1,0.6,-8.433446666666667,low,0.4286,3,1.0,False,SERVFAIL,0,,0,0,False,False,0,,,,"Megazone Corp., dba HOSTING.KR",2,365,False,,,False,,benign,no_adverse_signal
fa9999.win,2026-07-04,10,1.2516291673878228,0.4,0,1.0,-9.642900000000001,low,0.3333,1,0.5,True,NOERROR,1,300,0,2,False,False,0,206834,DE,False,DYNADOT LLC,2,365,True,11,False,False,,benign,no_adverse_signal
willmagazines.com,2026-07-04,17,3.238901256602631,0.0,0,0.625,-6.764473913043478,low,0.5,3,0.7692307692307693,True,NOERROR,3,3600,5,2,False,False,0,58182,US,True,Wix.com Ltd.,1467,1826,True,9,False,False,False,benign,no_adverse_signal
wmcrepairs.online,2026-07-04,17,3.121928094887362,0.0,0,0.42857142857142855,-7.491341176470589,medium,0.5882,4,0.9,True,NOERROR,1,300,0,2,False,False,0,38719,AU,True,Dreamscape Networks International Pte Ltd,368,730,False,0,False,False,,benign,no_adverse_signal
888digitalhuman.xyz,2026-07-04,19,3.3232314287976203,0.15789473684210525,0,0.7142857142857143,-7.652851851851852,high,0.4762,2,0.7333333333333333,True,NOERROR,2,3600,1,2,True,False,0,16509,US,True,"GMO Internet, Inc.",3,365,True,29,False,False,,benign,no_adverse_signal
xn--mv-uka.com,2026-07-04,14,2.8464393446710154,0.0,3,0.4,-9.546041176470588,low,0.4,2,0.8,True,NOERROR,4,10800,1,4,True,False,0,53831,US,False,Squarespace Domains II LLC,3,365,False,22,False,False,False,benign,no_adverse_signal
offchaincafe.xyz,2026-07-04,16,2.8553885422075336,0.0,0,0.7142857142857143,-7.246042857142857,high,0.5556,4,0.6666666666666666,True,NOERROR,2,3600,1,2,True,False,0,16509,US,True,"GMO Internet, Inc.",2,365,True,29,False,False,,benign,no_adverse_signal
onlynochain.xyz,2026-07-04,15,2.845350936622437,0.0,0,0.5714285714285714,-6.928331578947369,high,0.5556,4,0.7272727272727273,True,NOERROR,2,3600,1,2,True,False,0,16509,US,True,"GMO Internet, Inc.",2,365,True,29,False,False,,benign,no_adverse_signal
mbzhan-tw.asia,2026-07-04,14,3.169925001442312,0.0,1,0.14285714285714285,-8.659553333333333,low,0.5,4,1.0,False,NOERROR,0,,1,2,True,False,0,,,,"DNSPod, Inc.",2,365,True,,,False,False,benign,no_adverse_signal
hkvslf507.vip,2026-07-04,13,3.169925001442312,0.23076923076923078,0,0.0,-11.556659999999999,low,0.3333,6,1.0,True,NOERROR,1,60,0,2,False,True,0,38186,HK,True,DYNADOT LLC,2,365,True,0,True,True,,malicious,spamhaus_zen
solvinity-cloud.info,2026-07-04,20,3.506890595608518,0.0,1,0.5555555555555556,-6.942733333333333,medium,0.64,2,0.8,False,SERVFAIL,0,,0,0,False,False,0,,,,,,,,,,False,,benign,no_adverse_signal
englishready.education,2026-07-04,22,3.418295834054489,0.0,0,0.5,-6.863899999999999,low,0.5455,3,0.9166666666666666,False,SERVFAIL,0,,0,0,False,False,0,,,,,,,,,,False,,benign,no_adverse_signal
dream55gamedownload.com,2026-07-04,23,3.3263604079526936,0.08695652173913043,0,0.7,-7.811105714285714,low,0.4118,3,0.5789473684210527,False,NOERROR,0,,0,2,False,False,0,,,,"Spaceship, Inc.",2,365,False,,,False,,benign,no_adverse_signal
soda3x.com,2026-07-04,10,2.584962500721156,0.1,0,0.6666666666666666,-8.8934,low,0.5714,1,1.0,False,NOERROR,0,,0,2,False,False,0,,,,"Cloudflare, Inc.",2,365,True,,,False,,benign,no_adverse_signal
e1000.org,2026-07-04,9,1.3709505944546687,0.4444444444444444,0,1.0,-8.984328571428572,low,0.25,0,0.6,True,NOERROR,2,300,0,2,False,False,2,13335,US,False,DYNADOT LLC,2,365,True,0,False,False,,benign,no_adverse_signal
1fd7n.top,2026-07-04,9,2.321928094887362,0.2222222222222222,0,0.0,-12.618014285714285,high,0.6,2,1.0,False,NOERROR,0,,0,2,False,False,0,,,,Dynadot LLC,2,365,True,,,False,,benign,no_adverse_signal
xbdhome.com,2026-07-04,11,2.807354922057604,0.0,0,0.4,-8.278463636363638,low,0.5455,4,1.0,False,SERVFAIL,0,,0,0,False,False,0,,,,"Megazone Corp., dba HOSTING.KR",2,365,False,,,False,,benign,no_adverse_signal
texoma-laundry.com,2026-07-04,18,3.6644977792004623,0.0,1,0.625,-7.550136,low,0.5385,4,0.9285714285714286,True,NOERROR,2,3600,0,2,False,False,0,16509,US,True,"GoDaddy.com, LLC",2,365,True,24,False,False,,benign,no_adverse_signal
227tumbet.com,2026-07-04,13,2.725480556997868,0.23076923076923078,0,0.5,-9.130419999999999,low,0.5333,2,0.7777777777777778,True,NOERROR,2,600,0,2,False,False,0,16509,US,True,"GoDaddy.com, LLC",2,365,True,37,False,False,,benign,no_adverse_signal
simulationpath.com,2026-07-04,18,3.378783493486176,0.0,0,0.75,-6.641856000000001,low,0.5,2,0.7857142857142857,True,NOERROR,2,3600,1,2,True,False,0,16509,US,True,DYNADOT LLC,2,365,True,29,False,False,,benign,no_adverse_signal
embermenu.com,2026-07-04,13,2.4193819456463714,0.0,0,0.8,-6.87324,low,0.5714,2,0.6666666666666666,True,NOERROR,2,300,3,2,True,False,2,13335,US,False,NAMECHEAP INC,2,365,True,0,False,False,False,benign,no_adverse_signal
gpxslot-1.live,2026-07-04,14,3.169925001442312,0.07142857142857142,1,0.16666666666666666,-8.811193333333334,low,0.4615,5,1.0,True,NOERROR,2,300,0,2,False,False,2,13335,US,False,,,,False,0,False,False,,benign,no_adverse_signal
qyoa.click,2026-07-04,10,2.0,0.0,0,1.0,-10.28612,medium,0.6667,2,1.0,False,NOERROR,0,,0,2,False,False,0,,,,Alibaba Cloud Computing Ltd.,3,365,False,,,False,,benign,no_adverse_signal
aigridbot.xyz,2026-07-04,13,2.94770277922009,0.0,0,0.8,-7.382673333333333,high,0.5263,2,0.8888888888888888,True,NOERROR,2,3600,1,2,True,False,0,16509,US,True,"GMO Internet, Inc.",3,365,True,71,False,False,,malicious,abuseipdb
milumsignaturefinishes.com,2026-07-04,26,3.5160276412662297,0.0,0,0.6923076923076923,-6.907507317073171,low,0.4865,2,0.5909090909090909,True,NOERROR,2,3600,0,2,False,False,0,16509,US,True,"GoDaddy.com, LLC",2,1096,True,18,,False,,benign,no_adverse_signal
7h2-lvse.icu,2026-07-04,12,3.0,0.16666666666666666,1,0.25,-10.92323076923077,low,0.5,3,1.0,False,NOERROR,0,,0,2,False,False,0,,,,"Zhengzhou Century Connect Electronic Technology Development Co., Ltd",2,365,False,,,False,,benign,no_adverse_signal
pasto.ac,2026-07-04,8,2.321928094887362,0.0,0,0.6666666666666666,-5.916885714285714,low,0.6667,2,1.0,True,NOERROR,2,300,0,2,False,False,2,13335,US,False,NAMECHEAP INC,3,365,True,0,False,False,,benign,no_adverse_signal
dappdna.xyz,2026-07-04,11,1.950212064914747,0.0,0,0.4,-7.49600909090909,high,0.625,4,0.5714285714285714,True,NOERROR,2,3600,1,2,True,False,0,16509,US,True,"GMO Internet, Inc.",2,365,True,29,False,False,,benign,no_adverse_signal
tiandi.hr,2026-07-04,9,2.2516291673878226,0.0,0,1.0,-6.042666666666666,low,0.7273,2,0.8333333333333334,True,NOERROR,1,3600,1,2,True,False,0,8075,CH,False,,4,365,False,0,True,False,False,malicious,spamhaus_zen
721767.com,2026-07-04,10,1.7924812503605778,0.6,0,0.0,-11.491277777777777,low,0.4444,0,0.6666666666666666,False,NOERROR,0,,0,2,False,False,0,,,,Dominet (HK) Limited,2,365,False,,,False,,benign,no_adverse_signal
nyxqcn.com,2026-07-04,10,2.2516291673878226,0.0,0,0.0,-11.407844444444443,low,0.5,6,0.8333333333333334,True,NOERROR,2,300,0,2,False,False,2,13335,US,False,NAMECHEAP INC,2,365,True,0,False,False,,benign,no_adverse_signal
j112q.vip,2026-07-04,9,1.9219280948873623,0.3333333333333333,0,0.0,-11.666585714285715,low,0.3636,1,0.8,True,NOERROR,1,60,0,2,False,True,0,18186,US,False,NameMart Pte. Ltd.,2,365,True,0,False,True,,malicious,spamhaus_dbl
sitsgpt.xyz,2026-07-04,11,2.2359263506290326,0.0,0,0.16666666666666666,-7.917618181818182,high,0.5714,5,0.7142857142857143,True,NOERROR,2,3600,1,2,True,False,0,16509,US,True,"GMO Internet, Inc.",2,365,True,29,False,False,,benign,no_adverse_signal
workersgpt.xyz,2026-07-04,14,3.121928094887362,0.0,0,0.25,-7.300076470588235,high,0.8235,5,0.9,True,NOERROR,2,3600,1,2,True,False,0,16509,US,True,"GMO Internet, Inc.",2,365,True,29,False,False,,benign,no_adverse_signal
devectori-e-mipixeli-sonovaum.life,2026-07-04,34,3.8404025467025056,0.0,3,1.0,-7.504376363636363,low,0.3636,2,0.5862068965517241,True,NOERROR,2,300,0,2,False,False,2,13335,US,False,,,,False,0,False,False,,benign,no_adverse_signal
sourcedataflow.us,2026-07-04,17,3.521640636343319,0.0,0,0.75,-6.86576,low,0.64,2,0.8571428571428571,True,NOERROR,2,300,5,2,True,False,2,13335,US,False,NAMECHEAP INC,3,365,True,0,False,False,False,benign,no_adverse_signal
axistartcreator.xyz,2026-07-04,19,2.955913095175825,0.0,0,0.6666666666666666,-6.4675518518518516,high,0.5,4,0.6,True,NOERROR,2,3600,1,2,True,False,0,16509,US,True,"GMO Internet, Inc.",3,365,True,29,False,False,,benign,no_adverse_signal
slcmom.co,2026-07-04,9,2.251629167387823,0.0,0,0.2,-8.437166666666666,low,0.5455,4,0.8333333333333334,True,NOERROR,2,300,3,2,True,False,2,13335,US,False,"Cloudflare, Inc.",3,365,True,0,False,False,False,benign,no_adverse_signal
rocketmanagement.xyz,2026-07-04,20,3.202819531114783,0.0,0,0.6,-6.346596551724138,high,0.5625,2,0.625,True,NOERROR,2,3600,1,2,True,False,0,16509,US,True,"GMO Internet, Inc.",2,365,True,29,False,False,,benign,no_adverse_signal
vault-node-2650.com,2026-07-04,19,3.7735572622751845,0.21052631578947367,2,0.8,-8.710829629629629,low,0.5217,2,0.9333333333333333,True,NOERROR,1,60,0,2,False,False,0,20473,KR,True,"Cloudflare, Inc.",2,365,True,0,False,False,,benign,no_adverse_signal
mario-ar.com,2026-07-04,12,2.5,0.0,1,1.3333333333333333,-6.962307692307691,low,0.5556,1,0.75,True,NOERROR,1,300,1,2,False,False,0,7506,JP,False,"GMO Internet, Inc.",3,365,True,0,False,False,,benign,no_adverse_signal
fix-para-pay.com,2026-07-04,16,2.8553885422075336,0.0,2,0.6666666666666666,-7.572538095238095,low,0.5263,1,0.6666666666666666,True,NOERROR,1,1800,5,2,True,False,0,22612,US,False,NAMECHEAP INC,2,365,True,0,False,False,False,benign,no_adverse_signal
laurahopebeaty.com,2026-07-04,18,3.3248629576173574,0.0,0,1.0,-7.055636,low,0.5,2,0.7857142857142857,True,NOERROR,1,1800,5,2,True,False,0,22612,US,False,NAMECHEAP INC,2,365,True,0,False,False,False,benign,no_adverse_signal
hogeklei2a.nl,2026-07-04,13,3.121928094887362,0.07692307692307693,0,1.25,-8.565388235294119,low,0.5,2,0.9,True,NOERROR,1,360,0,3,True,False,1,60781,NL,True,The Registrar Company B.V.,4,,False,0,False,,,benign,no_adverse_signal
165416851.xyz,2026-07-04,13,2.197159723424149,0.6923076923076923,0,0.0,-10.927713333333335,high,0.3333,0,0.5555555555555556,True,NOERROR,2,300,0,2,False,False,2,13335,US,False,DYNADOT LLC,2,365,True,0,False,False,,benign,no_adverse_signal
73003.vip,2026-07-04,9,1.5219280948873621,0.5555555555555556,0,0.0,-10.253385714285715,low,0.5,0,0.6,True,NOERROR,1,1,0,2,False,True,0,4907,JP,False,DYNADOT LLC,2,365,True,0,True,False,,malicious,spamhaus_zen
69crw.cc,2026-07-04,8,2.321928094887362,0.25,0,0.0,-11.036157142857144,low,0.4444,3,1.0,True,NOERROR,1,1,0,2,False,True,0,40065,US,False,"NameSilo, LLC",2,365,True,0,False,False,,benign,no_adverse_signal
petteriojanen.fi,2026-07-04,16,3.0269868333592873,0.0,0,0.8571428571428571,-6.761452173913043,low,0.5,2,0.6923076923076923,True,NOERROR,2,3600,1,2,True,False,0,16509,DE,True,Key-Systems GmbH,4,365,False,0,False,False,False,benign,no_adverse_signal
808107.app,2026-07-04,10,1.9182958340544893,0.6,0,0.0,-10.649000000000001,low,0.2222,0,0.6666666666666666,True,NOERROR,2,300,0,2,False,False,2,13335,US,False,,,,False,0,False,False,,benign,no_adverse_signal
wgjyu5.cc,2026-07-04,9,2.584962500721156,0.1111111111111111,0,0.25,-11.231677777777778,low,0.4444,4,1.0,False,NOERROR,0,,0,2,False,False,0,,,,DYNADOT LLC,2,365,True,,,False,,benign,no_adverse_signal
zucai168.com.cn,2026-07-04,15,3.0,0.2,0,1.5,-8.961046153846153,low,0.4286,1,1.0,True,NOERROR,1,600,0,2,False,False,0,400619,SC,False,Web Commerce Communications Limited,3,365,False,0,False,False,,benign,no_adverse_signal
artemaster.online,2026-07-04,17,2.521928094887362,0.0,0,0.6666666666666666,-5.825805882352942,medium,0.6667,2,0.6,True,NOERROR,1,60,1,2,True,False,0,22612,US,True,NAMECHEAP INC,2,365,True,0,False,False,False,benign,no_adverse_signal
jojobet9159.com,2026-07-04,15,2.9139770731827523,0.26666666666666666,0,0.75,-8.959094736842106,low,0.4211,1,0.7272727272727273,True,NOERROR,2,600,0,2,False,False,0,16509,US,True,"Wild West Domains, LLC",2,365,True,19,False,False,,benign,no_adverse_signal
hytrfedrftgyht.news,2026-07-04,19,2.8962915290459286,0.0,0,0.07692307692307693,-9.049244,low,0.4167,8,0.5714285714285714,True,NOERROR,1,300,0,3,True,False,0,14618,US,True,,,,,0,False,False,,benign,no_adverse_signal
y54130003.vip,2026-07-04,13,2.4193819456463714,0.6153846153846154,0,0.0,-10.87472,low,0.3333,1,0.6666666666666666,False,NOERROR,0,,0,2,False,False,0,,,,DYNADOT LLC,3,365,True,,,True,,malicious,spamhaus_dbl
manlet-tvl.fun,2026-07-04,14,2.9219280948873623,0.0,1,0.2857142857142857,-7.582488235294117,low,0.5,3,0.8,True,NOERROR,2,300,0,2,False,False,2,13335,US,False,PDR Ltd. d/b/a PublicDomainRegistry.com,2,365,False,0,False,False,,benign,no_adverse_signal
btdvabqrh.icu,2026-07-04,13,2.94770277922009,0.0,0,0.125,-9.908306666666666,low,0.4,4,0.8888888888888888,False,NOERROR,0,,0,2,False,False,0,,,,"Zhengzhou Century Connect Electronic Technology Development Co., Ltd",2,365,False,,,False,,benign,no_adverse_signal
truelovercosmeticos.co,2026-07-04,22,3.3263604079526936,0.0,0,0.7272727272727273,-6.612251428571429,low,0.5333,2,0.5789473684210527,True,NOERROR,1,10800,0,4,False,False,1,13335,CA,True,Tucows Domains Inc.,3,365,False,0,False,False,,benign,no_adverse_signal
wakelings.net,2026-07-04,13,3.169925001442312,0.0,0,0.5,-6.559806666666666,low,0.6667,3,1.0,True,NOERROR,2,600,0,2,False,False,0,16509,US,True,"GoDaddy.com, LLC",3,365,True,31,False,False,,benign,no_adverse_signal
agentive88.xyz,2026-07-04,14,2.9219280948873623,0.14285714285714285,0,1.0,-7.0791,high,0.5,2,0.8,True,NOERROR,2,3600,1,2,True,False,0,16509,US,True,"GMO Internet, Inc.",2,365,True,71,False,False,,malicious,abuseipdb
abrazgovsky.ru,2026-07-04,14,3.2776134368191165,0.0,0,0.375,-8.219715789473684,low,0.5333,4,0.9090909090909091,True,NOERROR,1,7200,1,4,True,False,1,35278,RU,True,SPRINTNAMES-RU,3,365,False,0,False,False,False,benign,no_adverse_signal
crismaqbebedouros.com,2026-07-04,21,3.4992275471326932,0.0,0,0.7,-7.523593548387097,low,0.4706,2,0.7058823529411765,True,NOERROR,2,300,0,2,False,False,2,13335,US,False,Dynadot Inc,2,365,False,0,False,False,,benign,no_adverse_signal
bsdzgooqb.icu,2026-07-04,13,2.725480556997868,0.0,0,0.2857142857142857,-9.65954,low,0.5,5,0.7777777777777778,False,NOERROR,0,,0,2,False,False,0,,,,"Zhengzhou Century Connect Electronic Technology Development Co., Ltd",2,365,False,,,False,,benign,no_adverse_signal
leadsflow.store,2026-07-04,15,2.94770277922009,0.0,0,0.5,-7.226886666666667,low,0.5333,4,0.8888888888888888,True,NOERROR,1,3600,0,2,False,False,0,13335,CA,True,,,,False,0,False,False,,benign,no_adverse_signal
gdp.agency,2026-07-04,10,1.584962500721156,0.0,0,0.0,-9.308066666666667,low,0.5714,3,1.0,True,NOERROR,1,10800,1,2,True,False,0,47846,DE,False,,,,,25,False,False,False,benign,no_adverse_signal
getlost.info,2026-07-04,12,2.5216406363433186,0.0,0,0.4,-6.6520090909090905,medium,0.5455,2,0.8571428571428571,True,NOERROR,1,600,0,2,False,False,0,396982,US,True,,,,,22,False,False,,benign,no_adverse_signal
82635.vip,2026-07-04,9,2.321928094887362,0.5555555555555556,0,0.0,-11.488428571428571,low,0.5,0,1.0,True,NOERROR,1,300,0,2,False,False,0,54801,HK,False,Dynadot Inc,2,365,True,0,False,False,,benign,no_adverse_signal
primecelulares.com,2026-07-04,18,3.182005814760214,0.0,0,0.75,-6.587936,low,0.5833,2,0.7142857142857143,True,NOERROR,4,10800,1,4,True,False,0,53831,US,False,Squarespace Domains II LLC,2,365,True,22,False,False,False,benign,no_adverse_signal
bankcashagents.xyz,2026-07-04,18,3.182005814760214,0.0,0,0.4,-6.615548,high,0.5,3,0.7142857142857143,True,NOERROR,2,3600,1,2,True,False,0,16509,US,True,"GMO Internet, Inc.",3,365,True,29,False,False,,benign,no_adverse_signal
trialverifieeruwdigitaleidentiteit.net,2026-07-04,38,3.267630400634833,0.0,0,1.0,-6.948723076923076,low,0.3182,2,0.38235294117647056,False,NOERROR,0,,1,5,True,False,0,,,,"ENOM, INC.",2,365,True,,,False,False,benign,no_adverse_signal
verrocap.com,2026-07-04,12,2.75,0.0,0,0.6,-6.517015384615385,low,0.5714,2,0.875,True,NOERROR,2,120,0,4,False,False,0,16509,DE,True,"Name.com, Inc.",2,365,True,18,False,False,,benign,no_adverse_signal
tanggongzi.com,2026-07-04,14,2.6464393446710157,0.0,0,0.42857142857142855,-7.447594117647059,low,0.5714,3,0.7,False,NOERROR,0,,0,2,False,False,0,,,,"Cloudflare, Inc.",2,365,True,,,False,,benign,no_adverse_signal
comedapps.xyz,2026-07-04,13,2.9477027792200903,0.0,0,0.5,-6.4414066666666665,high,0.6316,3,0.8888888888888888,True,NOERROR,2,3600,1,2,True,False,0,16509,US,True,"GMO Internet, Inc.",2,365,True,71,False,False,,malicious,abuseipdb
thisiscode.xyz,2026-07-04,14,2.9219280948873623,0.0,0,0.6666666666666666,-6.578652941176471,high,0.5882,2,0.8,True,NOERROR,2,3600,1,2,True,False,0,16509,US,True,"GMO Internet, Inc.",3,365,True,29,False,False,,benign,no_adverse_signal
7ud-lvse.icu,2026-07-04,12,3.0,0.08333333333333333,1,0.5,-9.694753846153846,low,0.5,3,1.0,False,NOERROR,0,,0,2,False,False,0,,,,"Zhengzhou Century Connect Electronic Technology Development Co., Ltd",2,365,False,,,False,,benign,no_adverse_signal
bsds.co.in,2026-07-04,10,1.5,0.0,0,0.0,-8.43138,low,0.6667,4,0.75,True,NOERROR,1,7200,1,4,True,False,0,16509,US,False,Endurance International Group India Private Limited,10,365,False,0,False,False,False,benign,no_adverse_signal
piuxbyevo.icu,2026-07-04,13,3.169925001442312,0.0,0,0.8,-9.376946666666667,low,0.625,3,1.0,False,NOERROR,0,,0,2,False,False,0,,,,"Zhengzhou Century Connect Electronic Technology Development Co., Ltd",2,365,False,,,False,,benign,no_adverse_signal
aesthepharma.com,2026-07-04,16,2.8553885422075336,0.0,0,0.7142857142857143,-6.806957142857143,low,0.5263,3,0.6666666666666666,True,NOERROR,1,10800,1,2,True,False,0,21499,FR,False,"GoDaddy.com, LLC",2,365,True,0,False,False,False,benign,no_adverse_signal
prepaidshot.xyz,2026-07-04,15,3.2776134368191165,0.0,0,0.5714285714285714,-6.787963157894738,high,0.5,3,0.9090909090909091,True,NOERROR,2,3600,1,2,True,False,0,16509,US,True,"GMO Internet, Inc.",2,365,True,71,False,False,,malicious,abuseipdb
skill-outsource.com,2026-07-04,19,3.373557262275185,0.0,1,0.75,-7.399433333333333,low,0.48,2,0.7333333333333333,True,NOERROR,1,10800,0,2,False,False,0,16509,US,True,"TUCOWS.COM, CO.",371,730,True,0,False,False,,benign,no_adverse_signal
sivoxtec.com,2026-07-04,12,3.0,0.0,0,0.6,-7.490353846153846,low,0.5455,2,1.0,True,NOERROR,3,3600,0,2,False,False,0,58182,US,True,Wix.com Ltd.,3,365,False,19,False,False,,benign,no_adverse_signal
gamestopanbos88.web.id,2026-07-04,22,3.3735572622751855,0.09090909090909091,0,0.625,-7.102925925925926,low,0.6087,2,0.7333333333333333,True,NOERROR,2,300,0,2,False,False,2,13335,US,False,,,,False,0,False,False,,benign,no_adverse_signal
1tn-lvse.icu,2026-07-04,12,3.0,0.08333333333333333,1,0.2,-9.758653846153846,low,0.5,3,1.0,False,NOERROR,0,,0,2,False,False,0,,,,"Zhengzhou Century Connect Electronic Technology Development Co., Ltd",2,365,False,,,False,,benign,no_adverse_signal
neat-coffee-clouds.pro,2026-07-04,22,3.4613201402110083,0.0,2,0.7777777777777778,-7.176245454545454,low,0.5806,2,0.6666666666666666,True,NOERROR,2,300,0,2,False,False,2,13335,US,False,,,,,0,False,False,,benign,no_adverse_signal
lillyandkyle.com,2026-07-04,16,2.751629167387823,0.0,0,0.3333333333333333,-7.67627619047619,low,0.5556,5,0.6666666666666666,True,NOERROR,2,40,0,4,False,False,0,16509,US,True,Porkbun LLC,381,730,False,0,False,False,,benign,no_adverse_signal
matecracks.com,2026-07-04,14,2.9219280948873623,0.0,0,0.42857142857142855,-6.323347058823529,low,0.625,3,0.8,True,NOERROR,2,300,3,2,True,False,2,13335,US,False,"Cloudflare, Inc.",2,1826,True,0,False,False,False,benign,no_adverse_signal
3wcnfx.top,2026-07-04,10,2.584962500721156,0.1,0,0.0,-10.683711111111112,high,0.5,5,1.0,False,NOERROR,0,,0,2,False,False,0,,,,"Todaynic.com, Inc.",3,365,True,,,True,,malicious,spamhaus_dbl
qqbqohnmq.icu,2026-07-04,13,2.2810361125534233,0.0,0,0.125,-11.618806666666668,low,0.375,4,0.6666666666666666,False,NOERROR,0,,0,2,False,False,0,,,,"Zhengzhou Century Connect Electronic Technology Development Co., Ltd",2,365,False,,,False,,benign,no_adverse_signal
oi358mbh.com,2026-07-04,12,3.0,0.25,0,0.6666666666666666,-11.684530769230768,low,0.5,3,1.0,True,NOERROR,2,300,0,2,False,True,2,13335,US,False,"GMO Internet, Inc.",2,365,True,0,False,False,,benign,no_adverse_signal
pureform-vakuumtherapie.com,2026-07-04,27,3.6424896731661263,0.0,1,0.8333333333333334,-7.618162790697675,low,0.4138,3,0.6086956521739131,True,NOERROR,1,150,1,2,False,False,1,8560,DE,True,InterNetX GmbH,2,365,True,0,False,False,False,benign,no_adverse_signal
tbc-lvse.icu,2026-07-04,12,3.0,0.0,1,0.16666666666666666,-9.139276923076924,low,0.5333,3,1.0,False,NOERROR,0,,0,2,False,False,0,,,,"Zhengzhou Century Connect Electronic Technology Development Co., Ltd",2,365,False,,,False,,benign,no_adverse_signal
yalumy.de,2026-07-04,9,2.2516291673878226,0.0,0,0.5,-7.708077777777778,low,0.5,2,0.8333333333333334,True,NOERROR,1,3600,2,4,True,False,1,13335,CA,True,,,,False,0,False,False,False,benign,no_adverse_signal
metroexperts.site,2026-07-04,17,2.8553885422075336,0.0,0,0.5,-6.7291428571428575,medium,0.5263,3,0.6666666666666666,True,NOERROR,1,10800,3,2,True,False,0,22612,US,True,NAMECHEAP INC,3,365,True,0,False,False,False,benign,no_adverse_signal
66244999.com,2026-07-04,12,1.9056390622295665,0.6666666666666666,0,0.0,-10.60236923076923,low,0.1818,0,0.5,True,NOERROR,1,600,0,2,False,False,0,134548,KR,False,Eranet International Limited,2,365,True,0,False,False,,benign,no_adverse_signal
cohubster.online,2026-07-04,16,3.169925001442312,0.0,0,0.5,-6.95006,medium,0.625,3,1.0,True,NOERROR,1,1800,5,2,True,False,0,22612,US,False,NAMECHEAP INC,2,365,True,0,False,False,False,benign,no_adverse_signal
bitminingcalculator.xyz,2026-07-04,23,3.4713544870139286,0.0,0,0.5833333333333334,-6.736042857142857,high,0.4615,3,0.631578947368421,True,NOERROR,2,3600,1,2,True,False,0,16509,US,True,"GMO Internet, Inc.",3,365,True,29,False,False,,benign,no_adverse_signal
generationaljoy.com,2026-07-04,19,3.373557262275185,0.0,0,0.875,-6.541637037037037,low,0.5,2,0.7333333333333333,True,NOERROR,2,3600,0,2,False,False,0,16509,US,True,"GoDaddy.com, LLC",2,1096,True,18,,False,,benign,no_adverse_signal
datawonderland.xyz,2026-07-04,18,2.9852281360342516,0.0,0,0.5555555555555556,-6.52872,high,0.48,2,0.6428571428571429,True,NOERROR,2,3600,1,2,True,False,0,16509,US,True,"GMO Internet, Inc.",3,365,True,29,False,False,,benign,no_adverse_signal
wvzrl-s.garden,2026-07-04,14,2.807354922057604,0.0,1,0.0,-10.731136363636365,low,0.5,5,1.0,False,NOERROR,0,,0,0,False,False,0,,,,"Spaceship, Inc.",3,365,True,,,False,,benign,no_adverse_signal
saviorclothingco.com,2026-07-04,20,3.452819531114783,0.0,0,0.6,-6.811265517241379,low,0.5,3,0.75,True,NOERROR,1,10800,0,2,False,False,0,16509,US,True,"TUCOWS.COM, CO.",371,730,True,0,False,False,,benign,no_adverse_signal
redemarewards.com,2026-07-04,17,2.6612262562697895,0.0,0,0.625,-6.427065217391304,low,0.5,3,0.5384615384615384,True,NOERROR,1,1799,5,2,True,False,0,16509,US,False,NAMECHEAP INC,2,365,True,0,False,False,False,benign,no_adverse_signal
ijvbjasnt.icu,2026-07-04,13,2.94770277922009,0.0,0,0.2857142857142857,-9.824506666666668,low,0.5714,4,0.8888888888888888,False,NOERROR,0,,0,2,False,False,0,,,,"Zhengzhou Century Connect Electronic Technology Development Co., Ltd",2,365,False,,,False,,benign,no_adverse_signal
dunantstraat1247.nl,2026-07-04,19,3.2806390622295662,0.21052631578947367,0,0.5,-7.632041379310345,low,0.5,5,0.6875,True,NOERROR,1,360,0,3,True,False,1,60781,NL,True,The Registrar Company B.V.,3,,False,0,False,False,,benign,no_adverse_signal
ssqndnico.icu,2026-07-04,13,2.725480556997868,0.0,0,0.2857142857142857,-8.395293333333333,low,0.5263,6,0.7777777777777778,False,NOERROR,0,,0,2,False,False,0,,,,"Zhengzhou Century Connect Electronic Technology Development Co., Ltd",2,365,False,,,False,,benign,no_adverse_signal
enclavellmlab.xyz,2026-07-04,17,2.7773627950641693,0.0,0,0.4444444444444444,-7.136591304347826,high,0.4545,4,0.6153846153846154,True,NOERROR,2,3600,1,2,True,False,0,16509,US,True,"GMO Internet, Inc.",2,365,True,29,False,False,,benign,no_adverse_signal
embodied.computer,2026-07-04,17,2.5,0.0,0,1.0,-7.2884769230769235,low,0.5714,2,0.75,True,NOERROR,2,29,0,4,False,False,0,16509,US,True,,,,,0,False,False,,benign,no_adverse_signal
secure-settle-hub.com,2026-07-04,21,3.146286370662105,0.0,2,0.6666666666666666,-7.1387322580645165,low,0.4667,3,0.5882352941176471,True,NOERROR,2,1799,5,2,True,False,0,16509,US,True,NAMECHEAP INC,2,365,True,37,False,False,False,benign,no_adverse_signal
technewsbureau.com,2026-07-04,18,3.3248629576173574,0.0,0,0.75,-6.833684,low,0.5333,3,0.7857142857142857,True,NOERROR,1,1,0,2,False,False,0,134175,HK,False,TuringSign Inc. d/b/a Cosmotown,2,365,False,0,False,False,,benign,no_adverse_signal
tkbaji.top,2026-07-04,10,2.584962500721156,0.0,0,0.5,-8.747377777777778,high,0.6,3,1.0,True,NOERROR,1,300,0,2,False,False,0,206834,DE,False,Dynadot LLC,2,365,True,11,False,False,,benign,no_adverse_signal
fortresslenders.co.ke,2026-07-04,21,2.9559130951758243,0.0,0,0.36363636363636365,-6.240022222222223,low,0.5714,3,0.6,True,NOERROR,1,10800,1,2,True,False,0,47583,FR,True,HostPinnacle Cloud Limited,3,365,False,0,False,False,False,benign,no_adverse_signal
bluereefchemicals.com,2026-07-04,21,3.381580488309164,0.0,0,0.7,-6.952722580645162,low,0.4286,3,0.7058823529411765,True,NOERROR,2,3600,2,2,True,False,0,16509,US,True,"GoDaddy.com, LLC",2,365,True,18,,False,False,benign,no_adverse_signal
emerald-ev.com,2026-07-04,14,2.8464393446710154,0.0,1,0.8,-7.216788235294118,low,0.5333,2,0.8,True,NOERROR,1,600,2,4,True,False,1,9123,RU,True,PDR Ltd. d/b/a PublicDomainRegistry.com,3,365,True,0,False,False,False,benign,no_adverse_signal
swedocode.se,2026-07-04,12,2.5032583347756456,0.0,0,0.8,-6.958659999999999,low,0.5333,2,0.6666666666666666,True,NOERROR,1,150,1,2,False,False,1,8560,DE,True,InterNetX GmbH,3,365,False,1,False,False,False,benign,no_adverse_signal
bd188.onl,2026-07-04,9,1.9219280948873623,0.3333333333333333,0,0.0,-9.79962857142857,low,0.4,2,0.8,True,NOERROR,1,300,0,2,False,False,0,206834,DE,False,,,,,11,False,False,,benign,no_adverse_signal
dsketchbook.com,2026-07-04,15,3.095795255000934,0.0,0,0.375,-7.2687526315789475,low,0.5263,4,0.8181818181818182,True,NOERROR,2,3600,0,2,False,False,0,16509,US,True,"GoDaddy.com, LLC",3,1096,True,24,False,False,,benign,no_adverse_signal
evmebel.ru,2026-07-04,10,2.1280852788913944,0.0,0,0.75,-7.729154545454546,low,0.6154,2,0.7142857142857143,False,NXDOMAIN,0,,0,0,False,False,0,,,,AXELNAME-RU,2,365,False,,,False,,benign,no_adverse_signal
nigmaclean.com,2026-07-04,14,2.9219280948873623,0.0,0,0.6666666666666666,-6.9063058823529415,low,0.5556,2,0.8,True,NOERROR,1,1800,0,2,False,False,1,47583,IN,False,"HOSTINGER operations, UAB",2,365,False,0,False,False,,benign,no_adverse_signal
652538.cn,2026-07-04,9,2.2516291673878226,0.6666666666666666,0,0.0,-11.212455555555556,low,0.4444,0,0.8333333333333334,True,NOERROR,1,1,0,2,False,True,0,152194,SG,False,Web Commerce Communications Limited,2,365,False,0,True,True,,malicious,spamhaus_zen
2qqqq.pro,2026-07-04,9,0.7219280948873623,0.1111111111111111,0,0.0,-12.071871428571429,low,0.25,4,0.4,True,NOERROR,2,300,0,2,False,False,2,13335,US,False,,,,,0,False,False,,benign,no_adverse_signal
payflowlink.xyz,2026-07-04,15,3.277613436819116,0.0,0,0.375,-7.219647368421053,high,0.5556,3,0.9090909090909091,True,NOERROR,2,3600,1,2,True,False,0,16509,US,True,"GMO Internet, Inc.",2,365,True,71,False,False,,malicious,abuseipdb
novapeoples.com,2026-07-04,15,2.9139770731827523,0.0,0,0.8333333333333334,-6.956784210526315,low,0.625,2,0.7272727272727273,True,NOERROR,2,3600,1,2,True,False,0,16509,US,True,"GoDaddy.com, LLC",2,1096,True,24,False,False,False,benign,no_adverse_signal
pocketteambuilder.com,2026-07-04,21,3.6901165175936654,0.0,0,0.7,-6.8211774193548385,low,0.48,2,0.8235294117647058,True,NOERROR,2,300,0,2,False,False,2,13335,US,False,"Cloudflare, Inc.",2,365,True,0,False,False,,benign,no_adverse_signal
essex-decorator.co.uk,2026-07-04,21,3.1898980954642875,0.0,1,0.75,-6.633085185185185,low,0.4444,2,0.6666666666666666,True,NOERROR,2,600,0,2,False,False,0,16509,US,True,"GoDaddy.com, LLC. [Tag = GODADDY]",6,365,False,31,False,False,,benign,no_adverse_signal
miaodaily.com,2026-07-04,13,2.725480556997868,0.0,0,1.25,-7.084913333333334,low,0.6154,2,0.7777777777777778,True,NOERROR,1,300,0,4,False,False,0,16509,US,False,"Name.com, Inc.",2,365,True,0,False,False,,benign,no_adverse_signal
aetherdatacore7.lol,2026-07-04,19,3.006238928653389,0.05263157894736842,0,1.0,-6.838018518518518,low,0.5,2,0.6,True,NOERROR,2,300,0,0,False,False,0,13335,US,False,Dynadot Inc,2,365,False,0,False,False,,benign,no_adverse_signal
trustedpodcastsnetwork.click,2026-07-04,28,3.5160276412662297,0.0,0,0.375,-6.7993,medium,0.5714,4,0.5909090909090909,True,NOERROR,2,300,0,2,False,False,2,13335,US,False,"Dynadot, LLC",3,365,False,0,False,False,,benign,no_adverse_signal
ansempson.fun,2026-07-04,13,2.725480556997868,0.0,0,0.5,-6.8155866666666665,low,0.5333,3,0.7777777777777778,True,NOERROR,2,300,0,2,False,False,2,13335,US,False,"NameSilo, LLC",3,365,True,0,False,False,,benign,no_adverse_signal
russianretro.com,2026-07-04,16,3.0220552088742,0.0,0,0.7142857142857143,-6.698257142857143,low,0.56,2,0.75,True,NOERROR,1,1,0,2,False,True,1,201674,GB,False,Gname.com Pte. Ltd.,560,730,True,36,True,False,,malicious,spamhaus_zen
rastedo.com,2026-07-04,11,2.807354922057604,0.0,0,0.75,-6.077645454545455,low,0.6154,2,1.0,False,NOERROR,0,,0,2,False,False,0,,,,"GMO Internet, Inc.",2,365,True,,,False,,benign,no_adverse_signal
2fj-lvse.icu,2026-07-04,12,3.0,0.08333333333333333,1,0.2,-10.704969230769231,low,0.5,3,1.0,True,NOERROR,1,600,0,2,False,False,0,132839,ZA,False,"Zhengzhou Century Connect Electronic Technology Development Co., Ltd",2,365,False,0,False,False,,benign,no_adverse_signal
vzqrnp6607.top,2026-07-04,14,3.1219280948873624,0.2857142857142857,0,0.0,-11.587341176470588,high,0.375,6,0.9,False,NXDOMAIN,0,,0,0,False,False,0,,,,,,,False,,,True,,malicious,spamhaus_dbl
billingsign.com,2026-07-04,15,2.481714572986073,0.0,0,0.375,-6.564115789473684,low,0.5333,3,0.5454545454545454,True,NOERROR,2,300,0,2,False,False,2,13335,US,False,Dynadot Inc,2,365,False,0,False,False,,benign,no_adverse_signal
largedomain.xyz,2026-07-04,15,3.2776134368191165,0.0,0,0.8333333333333334,-6.480552631578948,high,0.6667,2,0.9090909090909091,True,NOERROR,2,3600,1,2,True,False,0,16509,US,True,"GMO Internet, Inc.",2,365,True,71,False,False,,malicious,abuseipdb
warana.ai,2026-07-04,9,1.7924812503605778,0.0,0,1.0,-5.8969555555555555,low,0.5455,1,0.6666666666666666,False,NOERROR,0,,0,2,False,False,0,,,,"Cloudflare, Inc",3,731,True,,,False,,benign,no_adverse_signal
pbcglamsb.icu,2026-07-04,13,2.94770277922009,0.0,0,0.125,-8.285779999999999,low,0.6667,5,0.8888888888888888,False,NOERROR,0,,0,2,False,False,0,,,,"Zhengzhou Century Connect Electronic Technology Development Co., Ltd",2,365,False,,,False,,benign,no_adverse_signal
elitecareer.buzz,2026-07-04,16,2.5503407095463886,0.0,0,1.2,-5.971231578947369,high,0.5714,1,0.6363636363636364,True,NOERROR,1,1800,0,2,False,False,0,54113,US,False,"Spaceship, Inc.",2,365,False,0,False,False,,benign,no_adverse_signal
cognitivestyle.xyz,2026-07-04,18,3.3787834934861767,0.0,0,0.5555555555555556,-6.884552,high,0.5,4,0.7857142857142857,True,NOERROR,2,3600,1,2,True,False,0,16509,US,True,"GMO Internet, Inc.",3,365,True,71,False,False,,malicious,abuseipdb
byn9uvrolne5nw0a-hb.com,2026-07-04,23,3.8924071185928746,0.13043478260869565,1,0.36363636363636365,-10.704442857142858,low,0.4,3,0.8421052631578947,False,NOERROR,0,,0,2,False,False,0,,,,"GoDaddy.com, LLC",2,365,True,,,False,,benign,no_adverse_signal
bobo019.cyou,2026-07-04,12,2.2359263506290326,0.25,0,1.0,-9.638363636363636,low,0.5,1,0.7142857142857143,True,NOERROR,9,3600,1,2,False,False,0,60592,CZ,False,"Gransy, s.r.o.",2,365,False,0,True,False,False,malicious,spamhaus_zen
sichangjinqiuduizhenbiaoyilanbiao.com.cn,2026-07-04,40,3.7216218631644162,0.0,0,0.9411764705882353,-7.893201587301587,low,0.3396,3,0.5151515151515151,True,NOERROR,1,300,0,2,False,False,0,132839,CL,False,长春市智绘网络科技有限公司,4,365,False,0,False,False,,benign,no_adverse_signal
4rabetcasinoindia.com,2026-07-04,21,3.41041725276052,0.047619047619047616,0,1.0,-6.6730064516129035,low,0.4615,2,0.7058823529411765,False,NOERROR,0,,0,2,False,False,0,,,,"Spaceship, Inc.",2,365,False,,,False,,benign,no_adverse_signal
sdental.clinic,2026-07-04,14,2.807354922057604,0.0,0,0.4,-6.062709090909092,low,0.6154,2,1.0,True,NOERROR,2,600,0,2,False,False,0,16509,US,True,,,,,37,False,False,,benign,no_adverse_signal
1zeroeight.com,2026-07-04,14,3.121928094887362,0.07142857142857142,0,0.8,-8.19085294117647,low,0.5217,3,0.9,False,NOERROR,0,,0,2,False,False,0,,,,"Spaceship, Inc.",2,365,False,,,False,,benign,no_adverse_signal
servicescomponent.homes,2026-07-04,23,3.3371753411230776,0.0,0,0.5454545454545454,-6.197280645161291,low,0.5333,2,0.6470588235294118,False,NXDOMAIN,0,,0,0,False,False,0,,,,Hosting Concepts B.V. d/b/a Registrar.eu,3,365,True,,,False,,benign,no_adverse_signal
convertmarketing.xyz,2026-07-04,20,3.5,0.0,0,0.45454545454545453,-6.249444827586207,high,0.5185,3,0.75,True,NOERROR,2,3600,1,2,True,False,0,16509,US,True,"GMO Internet, Inc.",2,365,True,71,False,False,,malicious,abuseipdb
pasibapp.ru,2026-07-04,11,2.1556390622295662,0.0,0,0.6,-6.828861538461538,low,0.625,2,0.625,True,NOERROR,1,600,2,4,True,False,0,9123,RU,False,TIMEWEB-RU,3,365,False,0,False,False,False,benign,no_adverse_signal
sbwlogisticsllc.com,2026-07-04,19,3.00623892865339,0.0,0,0.25,-7.760922222222223,low,0.5217,5,0.6,True,NOERROR,1,1800,0,0,False,False,0,58182,US,True,Wix.com Ltd.,1103,1461,True,0,False,False,,benign,no_adverse_signal
devopsbench.org,2026-07-04,15,3.2776134368191165,0.0,0,0.375,-7.347031578947369,low,0.5,3,0.9090909090909091,True,NOERROR,2,1800,0,2,False,False,0,16509,US,False,"Name.com, Inc.",2,365,False,0,False,False,,benign,no_adverse_signal
caramagnorealty.com,2026-07-04,19,3.2402239289418517,0.0,0,0.6666666666666666,-6.503951851851851,low,0.48,3,0.7333333333333333,True,NOERROR,2,600,0,2,False,False,0,16509,US,True,"GoDaddy.com, LLC",2,365,True,31,False,False,,benign,no_adverse_signal
skybet138gg.com,2026-07-04,15,3.277613436819116,0.2,0,0.14285714285714285,-9.170884210526316,low,0.5,4,0.9090909090909091,True,NOERROR,2,300,0,2,False,False,2,13335,US,False,NAMECHEAP INC,2,365,True,0,False,False,,benign,no_adverse_signal
equalcapital.org,2026-07-04,16,3.0220552088742,0.0,0,1.0,-6.896666666666667,low,0.5161,2,0.75,True,NOERROR,2,300,0,2,False,False,0,16509,US,True,"Spaceship, Inc.",2,365,False,1,False,False,,benign,no_adverse_signal
jobseekerwithai.com,2026-07-04,19,3.4565647621309536,0.0,0,0.875,-7.2281259259259265,low,0.5,2,0.8,True,NOERROR,2,1800,0,2,False,False,0,16509,US,False,"HOSTINGER operations, UAB",2,365,False,0,False,False,,benign,no_adverse_signal
readytechnology.xyz,2026-07-04,19,3.5068905956085183,0.0,0,0.5,-7.001970370370371,high,0.4667,3,0.8,True,NOERROR,2,3600,1,2,True,False,0,16509,US,True,"GMO Internet, Inc.",3,365,True,71,False,False,,malicious,abuseipdb
staceyjaymusic.com,2026-07-04,18,3.2359263506290334,0.0,0,0.5555555555555556,-7.62268,low,0.5,2,0.7142857142857143,True,NOERROR,1,600,2,4,True,False,0,13335,US,False,Porkbun LLC,2,365,False,0,False,False,False,benign,no_adverse_signal
mv77.bio,2026-07-04,8,1.5,0.25,0,0.0,-11.3351,low,0.4444,2,0.75,True,NOERROR,1,300,0,2,False,False,0,206834,DE,False,,,,,11,False,False,,benign,no_adverse_signal
ottomantika.xyz,2026-07-04,15,2.663532754804255,0.0,0,0.8333333333333334,-6.473873684210527,high,0.5263,2,0.6363636363636364,True,NOERROR,1,10800,0,2,False,False,0,211401,TR,False,Atak Domain,164,365,False,0,,False,,benign,no_adverse_signal
8b0000.com,2026-07-04,10,1.2516291673878228,0.5,0,0.0,-10.470466666666667,low,0.2222,1,0.5,True,NOERROR,2,300,0,2,False,False,2,13335,US,False,Dynadot Inc,2,365,False,0,False,False,,benign,no_adverse_signal
dlnm.meme,2026-07-04,9,2.0,0.0,0,0.0,-9.521899999999999,low,0.5714,4,1.0,True,NOERROR,2,300,0,2,False,False,0,16509,US,True,,,,,1,False,False,,benign,no_adverse_signal
vkgoftzcx.icu,2026-07-04,13,3.169925001442312,0.0,0,0.125,-9.820786666666667,low,0.4444,5,1.0,False,NOERROR,0,,0,2,False,False,0,,,,"Zhengzhou Century Connect Electronic Technology Development Co., Ltd",2,365,False,,,,,unknown,no_reputation_coverage
n74-lvse.icu,2026-07-04,12,3.0,0.16666666666666666,1,0.25,-10.709215384615383,low,0.5,3,1.0,False,NOERROR,0,,0,2,False,False,0,,,,"Zhengzhou Century Connect Electronic Technology Development Co., Ltd",2,365,False,,,False,,benign,no_adverse_signal
scolmcompa.pro,2026-07-04,14,2.721928094887362,0.0,0,0.42857142857142855,-7.134152941176471,low,0.4706,3,0.7,False,SERVFAIL,0,,0,0,False,False,0,,,,,,,,,,True,,malicious,spamhaus_dbl
haleylamb.com,2026-07-04,13,2.725480556997868,0.0,0,0.5,-7.151253333333333,low,0.5217,2,0.7777777777777778,True,NOERROR,1,600,0,2,False,False,0,132839,ZA,False,Eranet International Limited,2,365,True,0,False,False,,benign,no_adverse_signal
aclzdiltf.icu,2026-07-04,13,2.94770277922009,0.0,0,0.2857142857142857,-8.95288,low,0.5,4,0.8888888888888888,False,NOERROR,0,,0,2,False,False,0,,,,"Zhengzhou Century Connect Electronic Technology Development Co., Ltd",2,365,False,,,False,,benign,no_adverse_signal
saponariaindustil.xyz,2026-07-04,21,3.292770193936991,0.0,0,0.8888888888888888,-6.542506451612903,high,0.5185,2,0.6470588235294118,True,NOERROR,2,300,0,2,False,False,2,13335,US,False,Dynadot Inc,2,365,False,0,False,False,,benign,no_adverse_signal
shapno.online,2026-07-04,13,2.584962500721156,0.0,0,0.5,-7.470833333333333,medium,0.625,2,1.0,True,NOERROR,1,300,5,2,True,True,0,153610,BD,False,NAMECHEAP INC,2,365,True,0,False,False,False,benign,no_adverse_signal
marclyarts.com,2026-07-04,14,2.9219280948873623,0.0,0,0.25,-6.903947058823529,low,0.4762,4,0.8,True,NOERROR,1,10800,0,4,False,False,1,13335,CA,True,"TUCOWS.COM, CO.",2,365,True,0,False,False,,benign,no_adverse_signal
gbffxwddc.icu,2026-07-04,13,2.725480556997868,0.0,0,0.0,-10.84882,low,0.4,9,0.7777777777777778,False,NOERROR,0,,0,2,False,False,0,,,,"Zhengzhou Century Connect Electronic Technology Development Co., Ltd",2,365,False,,,False,,benign,no_adverse_signal
jahandoust.com,2026-07-04,14,3.121928094887362,0.0,0,0.6666666666666666,-6.750552941176471,low,0.5714,2,0.9,True,NOERROR,1,3600,2,4,True,False,1,8560,DE,True,IONOS SE,2,365,True,0,False,False,False,benign,no_adverse_signal
bowlszk.xyz,2026-07-04,11,2.807354922057604,0.0,0,0.16666666666666666,-9.169854545454545,high,0.5455,5,1.0,True,NOERROR,2,3600,1,2,True,False,0,16509,US,True,"GMO Internet, Inc.",2,365,True,71,False,False,,malicious,abuseipdb
inazys.art,2026-07-04,10,2.584962500721156,0.0,0,0.5,-7.711555555555555,low,0.6,3,1.0,True,NOERROR,1,1800,0,2,False,False,0,16509,US,False,"Spaceship, Inc.",2,365,True,0,False,False,,benign,no_adverse_signal
exo-glow.blog,2026-07-04,13,2.75,0.0,1,0.75,-8.174761538461539,low,0.4615,2,0.875,True,NOERROR,1,3600,0,4,True,False,0,63949,AU,True,Hosting Concepts B.V. d/b/a Registrar.eu,2,365,True,0,False,False,,benign,no_adverse_signal
magentiqs.com,2026-07-04,13,3.169925001442312,0.0,0,0.5,-7.0120466666666665,low,0.5714,2,1.0,True,NOERROR,1,300,1,2,True,False,0,394380,US,True,PDR Ltd. d/b/a PublicDomainRegistry.com,2,365,True,0,False,False,False,benign,no_adverse_signal
ywa13jxk.top,2026-07-04,12,3.0,0.16666666666666666,0,0.2,-10.890238461538463,high,0.4286,3,1.0,False,timeout,0,,0,0,False,False,0,,,,Dominet (HK) Limited,2,365,True,,,True,,malicious,spamhaus_dbl
dampack-mx.com,2026-07-04,14,2.9219280948873623,0.0,1,0.2857142857142857,-7.618576470588236,low,0.5,2,0.8,True,NOERROR,1,1800,1,2,False,False,0,22612,US,False,NAMECHEAP INC,2,365,True,0,False,False,False,benign,no_adverse_signal
globalshoppingsdeal.online,2026-07-04,26,3.471354487013928,0.0,0,0.46153846153846156,-6.7648142857142854,medium,0.4828,4,0.631578947368421,True,NOERROR,2,300,0,2,False,False,0,16509,US,True,"Spaceship, Inc.",2,365,False,1,False,False,,benign,no_adverse_signal
x8m5-a29k.tokyo,2026-07-04,15,3.169925001442312,0.26666666666666666,1,0.3333333333333333,-12.258646666666667,low,0.4,1,1.0,True,NOERROR,1,120,1,2,True,False,0,200019,MD,True,,,,False,0,False,False,False,benign,no_adverse_signal
mirpharmacare.com,2026-07-04,17,2.8150724101159437,0.0,0,0.625,-6.706891304347826,low,0.5,3,0.6153846153846154,True,NOERROR,1,60,0,0,False,False,0,,,True,BigRock Solutions Ltd.,2,365,True,0,False,False,,benign,no_adverse_signal
rlpomtbou.icu,2026-07-04,13,2.94770277922009,0.0,0,0.5,-8.048806666666668,low,0.5714,3,0.8888888888888888,False,NOERROR,0,,0,2,False,False,0,,,,"Zhengzhou Century Connect Electronic Technology Development Co., Ltd",2,365,False,,,False,,benign,no_adverse_signal
dewi168.site,2026-07-04,12,2.807354922057604,0.25,0,1.0,-8.918890909090909,medium,0.4615,1,1.0,True,NOERROR,2,300,0,2,False,False,2,13335,US,False,NAMECHEAP INC,2,365,True,0,False,False,,benign,no_adverse_signal
betninja-nederland.co.nl,2026-07-04,24,1.0,0.0,1,1.0,,low,,1,1.0,True,NOERROR,2,300,3,2,True,False,2,13335,US,False,,,,False,0,False,False,False,benign,no_adverse_signal
consultgenesis.space,2026-07-04,20,3.182005814760214,0.0,0,0.5555555555555556,-6.699936,low,0.5217,3,0.7142857142857143,True,NOERROR,2,300,0,2,False,False,2,13335,US,False,NAMECHEAP INC,2,365,False,0,False,False,,benign,no_adverse_signal
littlebiollaysband.fr,2026-07-04,21,3.2810361125534233,0.0,0,0.5,-6.976242424242424,low,0.4167,3,0.6111111111111112,True,NOERROR,2,3600,0,2,False,False,0,16509,US,True,KEY-SYSTEMS GmbH,2,364,False,18,,,,benign,no_adverse_signal
spyderaid.com,2026-07-04,13,2.94770277922009,0.0,0,0.5,-7.236366666666667,low,0.625,4,0.8888888888888888,True,NOERROR,2,3600,0,2,False,False,0,16509,US,True,"GoDaddy.com, LLC",2,365,True,51,False,False,,malicious,abuseipdb
uploadboysplus.website,2026-07-04,22,3.09306920777189,0.0,0,0.5555555555555556,-7.403812,low,0.4545,4,0.6428571428571429,True,NOERROR,1,1800,5,2,True,False,0,22612,US,False,NAMECHEAP INC,2,365,True,0,False,False,False,benign,no_adverse_signal
cochost.com,2026-07-04,11,2.2359263506290326,0.0,0,0.4,-6.305327272727272,low,0.7143,2,0.7142857142857143,True,NOERROR,4,10800,1,4,True,False,0,53831,US,False,Squarespace Domains II LLC,2,365,True,23,False,False,False,benign,no_adverse_signal
markinggpt.xyz,2026-07-04,14,3.1219280948873624,0.0,0,0.25,-7.093741176470588,high,0.5714,5,0.9,True,NOERROR,2,3600,1,2,True,False,0,16509,US,True,"GMO Internet, Inc.",2,365,True,29,False,False,,benign,no_adverse_signal
noodle-loop.com,2026-07-04,15,2.5503407095463886,0.0,1,1.0,-7.433905263157895,low,0.5714,2,0.6363636363636364,False,NOERROR,0,,3,2,True,False,0,,,,"Cloudflare, Inc.",2,365,True,,,False,False,benign,no_adverse_signal
ialloz218.vip,2026-07-04,13,2.94770277922009,0.23076923076923078,0,1.0,-8.83682,low,0.4706,2,0.8888888888888888,True,NOERROR,1,60,0,2,False,True,0,38186,HK,True,Dynadot Inc,2,365,True,0,True,True,,malicious,spamhaus_zen
showusyourglass.com,2026-07-04,19,3.106890595608518,0.0,0,0.5,-7.552103703703704,low,0.48,3,0.6666666666666666,True,NOERROR,4,10800,0,4,True,False,0,53831,US,False,Squarespace Domains LLC,2,365,True,31,False,False,,benign,no_adverse_signal
explorersllx.com.de,2026-07-04,19,1.584962500721156,0.0,0,0.5,-5.6435,low,0.6,1,1.0,True,NOERROR,2,300,1,2,False,False,2,13335,US,False,,,,False,0,False,False,False,benign,no_adverse_signal
mryqmcz.xin,2026-07-04,11,2.5216406363433186,0.0,0,0.0,-11.101681818181818,low,0.5333,7,0.8571428571428571,True,NOERROR,1,600,0,2,False,False,0,153911,CN,False,Alibaba Cloud Computing Ltd. d/b/a HiChina (www.net.cn),3,365,False,0,False,False,,benign,no_adverse_signal
bingoganahelp.com,2026-07-04,17,3.238901256602631,0.0,0,0.625,-6.8597,low,0.4828,2,0.7692307692307693,False,NOERROR,0,,0,2,False,False,0,,,,"GMO Internet, Inc.",2,365,True,,,False,,benign,no_adverse_signal
jose-harris-for-montgomery-city-council-district-3.com,2026-07-04,54,3.979150322177181,0.018518518518518517,7,0.5,-7.399845360824742,low,0.3175,3,0.4,True,NOERROR,1,3600,1,3,True,False,0,396982,NL,True,Hosting Concepts B.V. d/b/a Registrar.eu,2,365,True,7,False,False,False,benign,no_adverse_signal
medisherlock.online,2026-07-04,19,3.418295834054489,0.0,0,0.5,-6.4533476190476184,medium,0.6,2,0.9166666666666666,True,NOERROR,1,3600,2,4,True,False,1,8560,US,True,IONOS SE,2,365,False,0,False,False,False,benign,no_adverse_signal
vxqbksrvm.icu,2026-07-04,13,2.94770277922009,0.0,0,0.0,-10.712306666666667,low,0.5333,9,0.8888888888888888,False,NOERROR,0,,0,2,False,False,0,,,,"Zhengzhou Century Connect Electronic Technology Development Co., Ltd",2,365,False,,,False,,benign,no_adverse_signal
funplaycanada.xyz,2026-07-04,17,2.931208948910323,0.0,0,0.625,-6.907973913043478,high,0.5,3,0.6923076923076923,True,NOERROR,2,300,0,2,False,False,0,13335,US,False,NAMECHEAP INC,2,365,True,0,False,False,,benign,no_adverse_signal
eyoume.com,2026-07-04,10,2.2516291673878226,0.0,0,2.0,-7.367155555555556,low,0.6154,1,0.8333333333333334,False,SERVFAIL,0,,0,0,False,False,0,,,,NAMECHEAP INC,2,365,True,,,False,,benign,no_adverse_signal
lobracketclub.com,2026-07-04,17,3.238901256602631,0.0,0,0.4444444444444444,-6.725499999999999,low,0.5455,3,0.7692307692307693,True,NOERROR,2,60,2,2,True,False,2,47583,DE,False,"HOSTINGER operations, UAB",2,365,False,1,False,False,False,benign,no_adverse_signal
seaverbeauty.com,2026-07-04,16,3.0220552088742,0.0,0,1.0,-6.851538095238094,low,0.5,2,0.75,False,NOERROR,0,,3,2,True,False,0,,,,Dynadot Inc,3,365,False,,,False,False,benign,no_adverse_signal
blockchainpat.xyz,2026-07-04,17,3.3927474104487847,0.0,0,0.4444444444444444,-6.885069565217392,high,0.5,4,0.8461538461538461,True,NOERROR,2,3600,1,2,True,False,0,16509,US,True,"GMO Internet, Inc.",2,365,True,29,False,False,,benign,no_adverse_signal
nm585.shop,2026-07-04,10,1.9219280948873623,0.3,0,0.0,-11.575671428571429,low,0.4444,2,0.8,False,NOERROR,0,,0,2,False,False,0,,,,,,,False,,,False,,benign,no_adverse_signal
qqrpk.my,2026-07-04,8,1.9219280948873623,0.0,0,0.0,-10.924385714285714,low,0.5,5,0.8,True,NOERROR,1,60,0,2,False,True,0,8796,US,False,"Dynadot, LLC",3,365,True,0,True,True,,malicious,spamhaus_zen
7i99.org,2026-07-04,8,1.5,0.375,0,1.0,-11.7673,low,0.2857,0,0.75,True,NOERROR,1,300,0,2,False,False,0,206834,DE,False,Dynadot Inc,2,365,False,11,False,False,,benign,no_adverse_signal
w62max.com,2026-07-04,10,2.584962500721156,0.2,0,0.3333333333333333,-10.467322222222222,low,0.4615,1,1.0,True,NOERROR,2,300,0,2,False,False,2,13335,US,False,Dominet (HK) Limited,2,365,False,0,False,False,,benign,no_adverse_signal
fb77login.bar,2026-07-04,13,2.94770277922009,0.15384615384615385,0,0.4,-9.034226666666665,low,0.5,2,0.8888888888888888,True,NOERROR,1,300,0,2,False,False,0,206834,DE,False,"Dynadot, LLC",2,365,False,11,False,True,,malicious,spamhaus_dbl
dappdyor.xyz,2026-07-04,12,2.5,0.0,0,0.3333333333333333,-7.928676923076923,high,0.5882,4,0.75,True,NOERROR,2,3600,1,2,True,False,0,16509,US,True,"GMO Internet, Inc.",2,365,True,71,False,False,,malicious,abuseipdb
getasit.com,2026-07-04,11,2.5216406363433186,0.0,0,0.75,-6.130572727272727,low,0.625,1,0.8571428571428571,True,NOERROR,2,600,2,2,True,False,0,16509,US,True,"GoDaddy.com, LLC",3,365,True,37,False,False,False,benign,no_adverse_signal
myvoice2u.com,2026-07-04,13,3.169925001442312,0.07692307692307693,0,1.0,-8.612333333333334,low,0.5333,3,1.0,True,NOERROR,2,18,2,4,True,False,0,16509,US,True,Porkbun LLC,2,365,False,0,False,False,False,benign,no_adverse_signal
smartcoll.tech,2026-07-04,14,2.9477027792200903,0.0,0,0.2857142857142857,-6.441633333333333,low,0.5556,3,0.8888888888888888,True,NOERROR,1,10800,1,2,False,False,1,47583,ID,True,"HOSTINGER operations, UAB",3,365,False,0,False,False,False,benign,no_adverse_signal
asazambia.com,2026-07-04,13,2.2810361125534233,0.0,0,1.25,-7.451273333333333,low,0.6,2,0.6666666666666666,True,NOERROR,1,300,0,4,False,False,0,16509,SE,True,"Amazon Registrar, Inc.",2,365,True,0,False,False,,benign,no_adverse_signal
minklemittal.com,2026-07-04,16,2.918295834054489,0.0,0,0.5,-6.775733333333333,low,0.5,3,0.6666666666666666,True,NOERROR,2,300,0,2,False,False,0,16509,US,True,"Spaceship, Inc.",2,365,False,1,False,False,,benign,no_adverse_signal
smartenglishgrammar.com,2026-07-04,23,3.286629486786195,0.0,0,0.35714285714285715,-6.724837142857143,low,0.5185,4,0.5789473684210527,False,NOERROR,0,,0,2,False,False,0,,,,Dynadot Inc,2,365,False,,,False,,benign,no_adverse_signal
koeglernummerfuenf.com.de,2026-07-04,25,1.584962500721156,0.0,0,0.5,-5.6435,low,0.6,1,1.0,True,NOERROR,2,300,0,2,False,False,2,13335,US,False,,,,False,0,False,False,,benign,no_adverse_signal
zafinesszsnv.cc,2026-07-04,15,2.8553885422075336,0.0,0,0.3333333333333333,-7.949895238095238,low,0.4545,6,0.6666666666666666,True,NOERROR,2,300,0,2,False,False,2,13335,US,False,"NameSilo, LLC",3,365,True,0,False,False,,benign,no_adverse_signal
kxm690.vip,2026-07-04,10,2.584962500721156,0.3,0,0.0,-11.590911111111112,low,0.4444,3,1.0,True,NOERROR,1,600,0,2,False,False,0,45102,US,False,Gname.com Pte. Ltd.,2,365,True,0,False,False,,benign,no_adverse_signal
72fyf-fifa.icu,2026-07-04,14,2.5219280948873624,0.14285714285714285,1,0.4,-10.139735294117646,low,0.375,3,0.7,True,NOERROR,1,900,0,2,False,False,0,134548,HK,False,"Chengdu west dimension digital technology Co., LTD",3,365,True,0,False,False,,benign,no_adverse_signal
gruvireonline.com,2026-07-04,17,3.085055102756477,0.0,0,0.8571428571428571,-6.769539130434782,low,0.5714,2,0.6923076923076923,False,NOERROR,0,,1,2,True,False,0,,,,PDR Ltd. d/b/a PublicDomainRegistry.com,2,365,True,,,False,False,benign,no_adverse_signal
xrestoranbar.com.tr,2026-07-04,19,3.0220552088742005,0.0,0,0.5,-6.5240238095238094,low,0.4828,2,0.75,True,NOERROR,1,10800,1,2,True,False,0,212219,TR,True,,3,364,True,0,False,False,False,benign,no_adverse_signal
betzillo7-au.com,2026-07-04,16,3.418295834054489,0.0625,1,1.0,-8.598633333333334,low,0.5263,2,0.9166666666666666,False,NOERROR,0,,0,0,False,False,0,,,,URL SOLUTIONS INC.,2,365,True,,,True,,malicious,spamhaus_dbl
themissingvillage.com,2026-07-04,21,3.337175341123077,0.0,0,0.5454545454545454,-6.742583870967742,low,0.5,3,0.6470588235294118,True,NOERROR,2,3600,0,2,False,False,0,16509,US,True,"GoDaddy.com, LLC",3,1096,True,18,,False,,benign,no_adverse_signal
peerreads.com,2026-07-04,13,2.4193819456463714,0.0,0,0.8,-6.600746666666667,low,0.5714,2,0.6666666666666666,True,NOERROR,4,10800,0,4,True,False,0,53831,US,False,Squarespace Domains LLC,2,365,True,23,False,False,,benign,no_adverse_signal
zsvzxmxdf.icu,2026-07-04,13,2.725480556997868,0.0,0,0.0,-11.28436,low,0.4444,9,0.7777777777777778,False,NOERROR,0,,0,2,False,False,0,,,,"Zhengzhou Century Connect Electronic Technology Development Co., Ltd",2,365,False,,,False,,benign,no_adverse_signal
vipheirforce.com,2026-07-04,16,3.084962500721156,0.0,0,0.7142857142857143,-7.358661904761905,low,0.5455,2,0.75,True,NOERROR,1,1800,0,0,False,False,0,58182,US,True,Wix.com Ltd.,371,730,False,0,False,False,,benign,no_adverse_signal
mykm.cc,2026-07-04,7,1.5,0.0,0,0.0,-9.969100000000001,low,0.4615,4,0.75,True,NOERROR,1,1800,2,2,True,False,0,47583,US,True,"HOSTINGER operations, UAB",2,365,False,0,False,False,False,benign,no_adverse_signal
whisker-friends.com,2026-07-04,19,3.373557262275185,0.0,1,0.4,-7.248274074074073,low,0.6154,3,0.7333333333333333,True,NOERROR,1,10800,0,2,False,False,0,16509,US,True,"TUCOWS.COM, CO.",371,730,True,0,False,,,benign,no_adverse_signal
completemarketingsystemsglobal.website,2026-07-04,38,3.8062389286533893,0.0,0,0.42857142857142855,-6.636454385964912,low,0.45,6,0.5333333333333333,False,NOERROR,0,,1,3,True,False,0,,,,REGISTER S.P.A.,2,365,True,,,False,False,benign,no_adverse_signal
byd-giaiphong.net,2026-07-04,17,3.3927474104487847,0.0,1,0.5,-8.110847826086957,low,0.4706,3,0.8461538461538461,True,NOERROR,1,300,0,4,False,False,0,135905,VN,False,Nhan Hoa Software Company Ltd.,4,365,False,100,True,False,,malicious,spamhaus_zen
ccccr.top,2026-07-04,9,0.7219280948873623,0.0,0,0.0,-8.388628571428573,high,0.5,5,0.4,True,NOERROR,1,1,0,2,False,False,0,59371,HK,False,Gname.com Pte. Ltd.,2,365,True,0,False,False,,benign,no_adverse_signal
flervat.com,2026-07-04,11,2.807354922057604,0.0,0,0.4,-6.727472727272727,low,0.5333,2,1.0,False,NOERROR,0,,0,2,False,False,0,,,,"GMO Internet, Inc.",2,365,True,,,False,,benign,no_adverse_signal
runmaelifell.com,2026-07-04,16,3.0220552088742005,0.0,0,0.7142857142857143,-7.249823809523809,low,0.5263,2,0.75,True,NOERROR,2,300,0,2,False,False,2,13335,US,False,NAMECHEAP INC,2,365,False,0,False,False,,benign,no_adverse_signal
metropolis-comics.asia,2026-07-04,22,3.337175341123077,0.0,1,0.6,-6.542009677419355,low,0.4375,2,0.6470588235294118,False,SERVFAIL,0,,0,0,False,False,0,,,,Hosting Concepts B.V. d/b/a Registrar.eu,2,365,True,,,False,,benign,no_adverse_signal
룸입니다.org,2026-07-04,8,2.0,0.0,0,0.0,-15.764859999999999,low,0.0,4,1.0,True,NOERROR,2,300,0,2,False,False,0,13335,US,False,"Name.com, Inc.",2,365,False,0,False,False,,benign,no_adverse_signal
fairscloud.xyz,2026-07-04,14,3.321928094887362,0.0,0,0.6666666666666666,-6.680870588235294,high,0.75,4,1.0,True,NOERROR,2,3600,1,2,True,False,0,16509,US,True,"GMO Internet, Inc.",2,365,True,71,False,False,,malicious,abuseipdb
terrainagentic.xyz,2026-07-04,18,2.950212064914747,0.0,0,0.75,-6.107292,high,0.5714,2,0.5714285714285714,True,NOERROR,2,3600,1,2,True,False,0,16509,US,True,"GMO Internet, Inc.",2,365,True,71,False,False,,malicious,abuseipdb
i1h-lvse.icu,2026-07-04,12,3.0,0.08333333333333333,1,0.5,-10.489915384615385,low,0.5,3,1.0,False,NOERROR,0,,0,2,False,False,0,,,,"Zhengzhou Century Connect Electronic Technology Development Co., Ltd",2,365,False,,,False,,benign,no_adverse_signal
jacvjaroi.icu,2026-07-04,13,2.725480556997868,0.0,0,0.8,-8.6585,low,0.5263,3,0.7777777777777778,False,NOERROR,0,,0,2,False,False,0,,,,"Zhengzhou Century Connect Electronic Technology Development Co., Ltd",2,365,False,,,,,unknown,no_reputation_coverage
deteranregionalis.boats,2026-07-04,23,3.337175341123077,0.0,0,0.8888888888888888,-6.353577419354839,low,0.5385,2,0.6470588235294118,True,NOERROR,2,300,0,2,False,False,2,13335,US,False,NAMECHEAP INC,3,365,True,0,False,False,,benign,no_adverse_signal
homelabforge.org,2026-07-04,16,3.2516291673878226,0.0,0,0.7142857142857143,-7.0264,low,0.6087,2,0.8333333333333334,False,NOERROR,0,,0,2,False,False,0,,,,"Cloudflare, Inc.",2,365,False,,,False,,benign,no_adverse_signal
79429.vip,2026-07-04,9,1.9219280948873623,0.5555555555555556,0,0.0,-11.606171428571429,low,0.25,0,0.8,True,NOERROR,1,1,0,2,False,True,0,4907,JP,False,Dynadot Inc,2,365,True,0,True,True,,malicious,spamhaus_zen
uc8-lvse.icu,2026-07-04,12,3.0,0.08333333333333333,1,0.5,-10.419661538461538,low,0.5,3,1.0,False,NOERROR,0,,0,2,False,False,0,,,,"Zhengzhou Century Connect Electronic Technology Development Co., Ltd",2,365,False,,,,,unknown,no_reputation_coverage
premiumhoster.top,2026-07-04,17,3.238901256602631,0.0,0,0.625,-6.7507217391304355,high,0.6,2,0.7692307692307693,True,NOERROR,1,10800,1,2,True,False,0,136246,BD,True,Cosmotown,2,365,False,0,False,True,False,malicious,spamhaus_dbl
n-o-agency.com,2026-07-04,14,2.9219280948873623,0.0,2,0.6,-7.826511764705883,low,0.5,3,0.8,True,NOERROR,2,300,0,2,False,False,2,13335,US,False,Dynadot Inc,3,365,False,0,False,False,,benign,no_adverse_signal
luluckdesigner.com,2026-07-04,18,3.3787834934861767,0.0,0,0.5555555555555556,-7.211767999999999,low,0.4762,3,0.7857142857142857,True,NOERROR,3,3600,5,2,True,False,0,58182,US,True,Wix.com Ltd.,3,365,True,19,False,False,False,benign,no_adverse_signal
saudicamels.com,2026-07-04,15,3.0957952550009344,0.0,0,0.8333333333333334,-6.620663157894737,low,0.6,2,0.8181818181818182,True,NOERROR,2,58,0,4,False,False,0,16509,US,True,Porkbun LLC,745,1095,False,2,False,False,,benign,no_adverse_signal
woaike.com,2026-07-04,10,2.584962500721156,0.0,0,2.0,-7.8977,low,0.6154,1,1.0,True,NOERROR,2,300,0,2,False,False,2,13335,US,False,Dominet (HK) Limited,2,365,False,0,False,False,,benign,no_adverse_signal
tohakai.click,2026-07-04,13,2.521640636343318,0.0,0,1.3333333333333333,-7.532272727272727,medium,0.6154,1,0.8571428571428571,True,NOERROR,2,300,0,2,False,False,2,13335,US,False,"Dynadot, LLC",2,365,False,0,,False,,benign,no_adverse_signal
gets-info.xyz,2026-07-04,13,3.169925001442312,0.0,1,0.6,-6.933906666666667,high,0.5,2,1.0,True,NOERROR,2,3600,1,2,True,False,0,16509,US,True,"GMO Internet, Inc.",2,365,True,71,False,False,,malicious,abuseipdb
branchr.group,2026-07-04,13,2.5216406363433186,0.0,0,0.16666666666666666,-6.507463636363636,low,0.5714,4,0.8571428571428571,True,NOERROR,2,600,0,2,False,False,0,16509,US,True,,,,False,0,False,,,benign,no_adverse_signal
thrivingsolo.site,2026-07-04,17,3.2516291673878226,0.0,0,0.5,-6.818666666666667,medium,0.4545,3,0.8333333333333334,True,NOERROR,2,120,0,4,False,False,0,16509,DE,True,NAMECHEAP INC,2,365,True,16,False,False,,benign,no_adverse_signal
godlytalents.com,2026-07-04,16,3.2516291673878226,0.0,0,0.3333333333333333,-6.930014285714286,low,0.5385,4,0.8333333333333334,False,NOERROR,0,,3,2,True,False,0,,,,"TUCOWS.COM, CO.",2,365,True,,,False,False,benign,no_adverse_signal
oslocontact.xyz,2026-07-04,15,2.6635327548042547,0.0,0,0.5714285714285714,-6.488557894736842,high,0.56,2,0.6363636363636364,False,NOERROR,0,,0,2,False,False,0,,,,"Spaceship, Inc.",2,365,False,,,False,,benign,no_adverse_signal
abc365.bid,2026-07-04,10,2.584962500721156,0.3,0,0.5,-9.122811111111112,low,0.5333,2,1.0,True,NOERROR,2,300,0,2,False,False,2,13335,US,False,,,,False,0,False,False,,benign,no_adverse_signal
super-treasurebonus.click,2026-07-04,25,3.2468985656196963,0.0,1,0.8,-6.886568571428572,medium,0.5294,2,0.5789473684210527,True,NOERROR,2,300,0,2,False,False,2,13335,US,False,"Dynadot, LLC",2,365,False,0,False,False,,benign,no_adverse_signal
big88.med,2026-07-04,9,1.9219280948873623,0.2222222222222222,0,0.5,-9.36657142857143,low,0.6667,1,0.8,True,NOERROR,1,300,0,2,False,False,0,206834,DE,False,,,,,11,False,False,,benign,no_adverse_signal
texasbusiness.news,2026-07-04,18,2.931208948910323,0.0,0,0.625,-6.7441391304347835,low,0.5714,2,0.6923076923076923,True,NOERROR,4,60,1,4,False,False,0,16509,US,True,,,,,0,False,False,False,benign,no_adverse_signal
roosairtech.nl,2026-07-04,14,3.0957952550009344,0.0,0,0.8333333333333334,-6.560342105263158,low,0.6,2,0.8181818181818182,True,NOERROR,1,600,0,2,True,False,1,42585,NL,True,Metaregistrar B.V.,4,,False,0,False,False,,benign,no_adverse_signal
launchingalone.com,2026-07-04,18,3.182005814760214,0.0,0,0.75,-6.356104,low,0.6154,3,0.7142857142857143,True,NOERROR,2,600,0,2,False,False,0,16509,US,True,"GoDaddy.com, LLC",2,365,True,31,False,False,,benign,no_adverse_signal
pusatplaypusat.com,2026-07-04,18,2.699513850319966,0.0,0,0.5555555555555556,-7.139928,low,0.56,3,0.5,True,NOERROR,2,300,0,2,False,False,2,13335,US,False,NAMECHEAP INC,2,365,True,0,False,False,,benign,no_adverse_signal
lucky-red-envelope.com,2026-07-04,22,3.5032583347756456,0.0,2,0.6,-7.595721212121211,low,0.4138,3,0.7222222222222222,True,NOERROR,4,10800,1,4,True,False,0,53831,US,False,Squarespace Domains II LLC,2,365,True,31,False,False,False,benign,no_adverse_signal
modelosdemoda.com,2026-07-04,17,2.6612262562697895,0.0,0,0.8571428571428571,-6.808773913043479,low,0.4348,2,0.5384615384615384,True,NOERROR,2,600,0,2,False,False,0,16509,US,True,"GoDaddy.com, LLC",2,365,True,31,False,False,,benign,no_adverse_signal
5020pinetree.com,2026-07-04,16,3.0220552088742005,0.25,0,1.0,-7.882261904761905,low,0.5714,2,0.75,True,NOERROR,1,300,0,3,False,False,0,14618,US,True,"TUCOWS.COM, CO.",2,365,True,0,False,False,,benign,no_adverse_signal
returnwithoutwaste.com,2026-07-04,22,3.2810361125534233,0.0,0,0.6363636363636364,-7.016645454545454,low,0.48,3,0.6111111111111112,True,NOERROR,2,600,0,2,False,False,0,16509,US,True,"GoDaddy.com, LLC",3,365,True,37,False,False,,benign,no_adverse_signal
vip-gamdom.com,2026-07-04,14,3.1219280948873624,0.0,1,0.5,-7.713282352941176,low,0.5333,2,0.9,True,NOERROR,1,300,0,4,False,False,0,47846,DE,False,"Name.com, Inc.",2,365,True,7,False,False,,benign,no_adverse_signal
oystercreations.co,2026-07-04,18,3.2402239289418513,0.0,0,0.6666666666666666,-6.2667222222222225,low,0.6154,3,0.6666666666666666,True,NOERROR,2,600,0,2,False,False,0,16509,US,True,"GoDaddy.com, LLC",21,365,True,31,False,False,,benign,no_adverse_signal
pfthe152zv3n-w98bh.com,2026-07-04,22,4.058813890331201,0.2727272727272727,1,0.1,-11.137515151515151,low,0.3478,4,0.9444444444444444,True,NOERROR,2,600,0,2,False,False,0,16509,US,True,"GoDaddy.com, LLC",2,365,True,31,False,False,,benign,no_adverse_signal
yufengusa.com,2026-07-04,13,2.94770277922009,0.0,0,0.8,-7.81478,low,0.4706,2,0.8888888888888888,True,NOERROR,1,600,0,2,False,False,0,132203,US,False,Alibaba Cloud Computing Ltd. d/b/a HiChina (www.net.cn),3,365,False,0,False,False,,benign,no_adverse_signal
pykilao.cyou,2026-07-04,12,2.807354922057604,0.0,0,0.75,-8.44599090909091,low,0.6,3,1.0,True,NOERROR,1,1800,5,2,True,False,0,14061,DE,False,"NameCheap, Inc.",2,365,False,43,True,False,False,malicious,spamhaus_zen
zkproofagents.xyz,2026-07-04,17,3.5465935642949384,0.0,0,0.4444444444444444,-7.516743478260869,high,0.5556,4,0.9230769230769231,True,NOERROR,2,3600,1,2,True,False,0,16509,US,True,"GMO Internet, Inc.",3,365,True,29,False,False,,benign,no_adverse_signal
abm-lvse.icu,2026-07-04,12,3.0,0.0,1,0.4,-9.352676923076924,low,0.5333,3,1.0,True,NOERROR,1,600,0,2,False,False,0,132839,ZA,False,"Zhengzhou Century Connect Electronic Technology Development Co., Ltd",2,365,False,0,False,False,,benign,no_adverse_signal
fairer-share.info,2026-07-04,17,2.8553885422075336,0.0,1,0.8333333333333334,-6.762414285714287,medium,0.6364,2,0.6666666666666666,True,NOERROR,1,3600,2,4,True,False,1,8560,DE,True,,,,,9,False,False,False,benign,no_adverse_signal
crossroads242.com,2026-07-04,17,2.8731406795131336,0.17647058823529413,0,0.42857142857142855,-7.827482608695653,low,0.4545,3,0.6153846153846154,True,NOERROR,2,600,0,2,False,False,0,16509,US,True,"GoDaddy.com, LLC",2,1096,True,37,False,False,,benign,no_adverse_signal
jahorina.tv,2026-07-04,11,2.75,0.0,0,1.0,-6.765,low,0.5333,1,0.875,True,NOERROR,2,300,0,2,False,False,2,13335,US,False,"Spaceship, Inc.",2,365,True,0,False,False,,benign,no_adverse_signal
crjappsguias.sbs,2026-07-04,16,3.084962500721156,0.0,0,0.5,-7.930761904761904,low,0.4762,4,0.75,True,NOERROR,3,3600,1,2,True,False,0,63949,US,True,"NameSilo, LLC",366,730,True,0,False,False,True,benign,no_adverse_signal
datasteroid.in,2026-07-04,14,2.9139770731827523,0.0,0,0.8333333333333334,-6.162815789473685,low,0.5556,2,0.7272727272727273,True,NOERROR,1,3600,0,2,False,False,0,24940,FI,True,"HOSTINGER operations, UAB",3,365,False,0,False,False,,benign,no_adverse_signal
sgxdatavault.xyz,2026-07-04,16,3.0220552088742005,0.0,0,0.5,-8.089147619047619,high,0.4706,4,0.75,True,NOERROR,2,3600,1,2,True,False,0,16509,US,True,"GMO Internet, Inc.",2,365,True,29,False,False,,benign,no_adverse_signal
southpro.club,2026-07-04,13,2.75,0.0,0,0.6,-7.139838461538461,low,0.5455,4,0.875,True,NOERROR,1,50,0,2,False,False,0,47583,CY,False,"HOSTINGER operations, UAB",2,365,True,33,False,False,,benign,no_adverse_signal
hlspind.wiki,2026-07-04,12,2.807354922057604,0.0,0,0.16666666666666666,-7.082809090909091,low,0.5455,4,1.0,True,NOERROR,1,1,0,2,False,True,0,40065,US,False,"NameSilo, LLC",2,365,True,0,False,False,,benign,no_adverse_signal
adityarajceleste.com,2026-07-04,20,3.2806390622295662,0.0,0,0.7777777777777778,-6.944303448275862,low,0.48,2,0.6875,True,NOERROR,1,50,0,2,False,False,0,47583,CY,False,"HOSTINGER operations, UAB",2,365,False,33,False,False,,benign,no_adverse_signal
bcl-lvse.icu,2026-07-04,12,2.75,0.0,1,0.16666666666666666,-9.081453846153845,low,0.5,3,0.875,False,NOERROR,0,,0,2,False,False,0,,,,"Zhengzhou Century Connect Electronic Technology Development Co., Ltd",2,365,False,,,False,,benign,no_adverse_signal
k2fides.de,2026-07-04,10,2.807354922057604,0.1,0,0.5,-8.364245454545454,low,0.5455,1,1.0,True,NOERROR,1,50,0,2,False,False,0,47583,CY,False,,,,False,33,False,False,,benign,no_adverse_signal
22js46466ee21.shop,2026-07-04,18,2.6612262562697895,0.5,0,1.0,-11.361026086956523,low,0.3158,2,0.5384615384615384,False,NOERROR,0,,0,2,False,False,0,,,,,,,False,,,False,,benign,no_adverse_signal
testeagora.app.br,2026-07-04,17,2.721928094887362,0.0,0,1.0,-6.236094117647059,low,0.6667,2,0.7,True,NOERROR,1,3600,0,2,False,False,0,16509,US,False,,5,365,False,0,False,False,,benign,no_adverse_signal
galpaodospuffs.com.br,2026-07-04,21,3.09306920777189,0.0,0,0.5555555555555556,-7.821663999999999,low,0.5455,3,0.6428571428571429,False,NOERROR,0,,0,2,False,False,0,,,,,4,365,False,,,False,,benign,no_adverse_signal
kunyuanquantum.com,2026-07-04,18,2.7534343861887853,0.0,0,0.75,-7.758268,low,0.5,2,0.5714285714285714,False,NOERROR,0,,0,2,False,False,0,,,,Alibaba Cloud Computing Ltd. d/b/a HiChina (www.net.cn),2,365,False,,,False,,benign,no_adverse_signal
mzfafhcpk.icu,2026-07-04,13,2.94770277922009,0.0,0,0.125,-10.246666666666666,low,0.4706,5,0.8888888888888888,False,NOERROR,0,,0,2,False,False,0,,,,"Zhengzhou Century Connect Electronic Technology Development Co., Ltd",2,365,False,,,False,,benign,no_adverse_signal
bodaa.africa,2026-07-04,12,1.9219280948873623,0.0,0,1.5,-7.428514285714286,low,0.5,1,0.8,True,NOERROR,2,3600,0,2,False,False,0,16509,US,True,GoDaddy Domains,2,731,True,24,False,False,,benign,no_adverse_signal
alyras.com,2026-07-04,10,2.2516291673878226,0.0,0,0.5,-7.215222222222222,low,0.5714,3,0.8333333333333334,True,NOERROR,1,10800,0,2,False,False,0,16509,US,True,"TUCOWS.COM, CO.",1102,1461,True,0,False,False,,benign,no_adverse_signal
libroclaudecode.com,2026-07-04,19,3.240223928941852,0.0,0,0.875,-6.794848148148149,low,0.5517,2,0.6666666666666666,True,NOERROR,1,60,0,2,True,False,0,57910,ES,True,DonDominio (SCIP),2,365,True,0,False,False,,benign,no_adverse_signal
51bangongshi.com,2026-07-04,16,3.2516291673878226,0.125,0,0.42857142857142855,-7.479404761904762,low,0.6,4,0.8333333333333334,True,NOERROR,1,1,0,2,False,False,0,206888,HK,False,July Name Limited,2,365,True,0,False,False,,benign,no_adverse_signal
ejbmcc.top,2026-07-04,10,2.2516291673878226,0.0,0,0.2,-10.112411111111111,high,0.4444,5,0.8333333333333334,True,NOERROR,1,3600,0,3,False,False,0,20473,KR,True,"NameSilo, LLC",3,365,True,0,False,False,,benign,no_adverse_signal
gqy99aa.com,2026-07-04,11,2.235926350629032,0.18181818181818182,0,0.6666666666666666,-11.413754545454545,low,0.4,3,0.7142857142857143,True,NOERROR,2,300,0,2,False,False,2,13335,US,False,Dynadot Inc,2,365,False,0,False,False,,benign,no_adverse_signal
220manhattanave.com,2026-07-04,19,2.973557262275185,0.15789473684210525,0,0.7142857142857143,-7.399244444444445,low,0.5,2,0.6,True,NOERROR,2,300,0,2,False,False,2,13335,US,False,"GoDaddy.com, LLC",2,365,True,0,False,False,,benign,no_adverse_signal
rentamachperusac.com,2026-07-04,20,3.327819531114783,0.0,0,0.6,-6.625486206896551,low,0.5217,3,0.6875,True,NOERROR,1,10800,1,2,True,False,0,27823,AR,True,NAMECHEAP INC,2,365,True,0,False,False,False,benign,no_adverse_signal
metpup.com,2026-07-04,10,2.251629167387823,0.0,0,0.5,-7.372888888888888,low,0.5,2,0.8333333333333334,False,NOERROR,0,,1,2,True,False,0,,,,Dominet (HK) Limited,2,365,False,,,,True,unknown,no_reputation_coverage
odmxsfucd.icu,2026-07-04,13,2.94770277922009,0.0,0,0.2857142857142857,-9.266486666666667,low,0.5,5,0.8888888888888888,True,NOERROR,1,600,0,2,False,False,0,132839,HK,False,"Zhengzhou Century Connect Electronic Technology Development Co., Ltd",2,365,False,0,False,False,,benign,no_adverse_signal
nexisedu.com,2026-07-04,12,2.75,0.0,0,1.0,-6.904884615384615,low,0.6154,1,0.875,True,NOERROR,2,300,0,2,False,False,2,13335,US,False,Atak Domain,2,365,False,0,False,False,,benign,no_adverse_signal
cerlith.beauty,2026-07-04,14,2.807354922057604,0.0,0,0.4,-6.520245454545455,low,0.6154,2,1.0,False,NOERROR,0,,0,2,False,False,0,,,,"Spaceship, Inc.",2,365,False,,,False,,benign,no_adverse_signal
ben-smash.com,2026-07-04,13,2.94770277922009,0.0,1,0.3333333333333333,-7.029653333333333,low,0.5882,2,0.8888888888888888,True,NOERROR,4,10800,0,4,True,False,0,53831,US,False,Squarespace Domains LLC,3,365,True,32,False,False,,benign,no_adverse_signal
gacoach.de,2026-07-04,10,2.2359263506290326,0.0,0,0.75,-7.085518181818181,low,0.6154,2,0.7142857142857143,True,NOERROR,1,300,1,2,False,False,1,24940,DE,True,,,,False,0,False,False,False,benign,no_adverse_signal
qingyu.sale,2026-07-04,11,2.584962500721156,0.0,0,0.5,-7.7647666666666675,low,0.6154,3,1.0,False,NOERROR,0,,0,2,False,False,0,,,,,,,,,,False,,benign,no_adverse_signal
test1967vprilend.lat,2026-07-04,20,3.75,0.2,0,0.3333333333333333,-8.583944827586206,low,0.4615,3,0.875,True,NOERROR,2,300,0,2,False,False,2,13335,US,False,"GoDaddy.com, LLC",2,365,True,0,False,False,,benign,no_adverse_signal
rhbmatnpy.icu,2026-07-04,13,3.169925001442312,0.0,0,0.125,-8.847993333333333,low,0.5,4,1.0,False,NOERROR,0,,0,2,False,False,0,,,,"Zhengzhou Century Connect Electronic Technology Development Co., Ltd",2,365,False,,,False,,benign,no_adverse_signal
ryyicrnvg.icu,2026-07-04,13,2.725480556997868,0.0,0,0.125,-9.244159999999999,low,0.4615,5,0.7777777777777778,False,NOERROR,0,,0,2,False,False,0,,,,"Zhengzhou Century Connect Electronic Technology Development Co., Ltd",2,365,False,,,False,,benign,no_adverse_signal
starduet.com,2026-07-04,12,2.75,0.0,0,0.6,-6.826992307692308,low,0.625,2,0.875,True,NOERROR,2,300,3,2,True,False,2,13335,US,False,"GoDaddy.com, LLC",2,365,True,0,False,False,False,benign,no_adverse_signal
emhbzzamlcuk.skin,2026-07-04,17,3.2516291673878226,0.0,0,0.3333333333333333,-9.395561904761905,low,0.4211,5,0.8333333333333334,True,NOERROR,2,300,0,2,False,False,2,13335,US,False,"GoDaddy.com, LLC",2,365,True,0,False,False,,benign,no_adverse_signal
shonenstudios.com,2026-07-04,17,3.0269868333592873,0.0,0,0.625,-6.418965217391304,low,0.56,3,0.6923076923076923,True,NOERROR,2,600,0,2,False,False,0,16509,US,True,"GoDaddy.com, LLC",2,365,True,31,False,False,,benign,no_adverse_signal
9bwwd.top,2026-07-04,9,1.9219280948873623,0.1111111111111111,0,0.0,-11.376757142857143,high,0.5,4,0.8,True,NOERROR,3,60,0,2,False,True,0,209242,US,False,"Spaceship, Inc.",3,365,True,0,False,True,,malicious,spamhaus_dbl
ba999com.bio,2026-07-04,12,2.4056390622295662,0.25,0,0.6666666666666666,-9.19436153846154,low,0.4444,1,0.75,True,NOERROR,1,300,0,2,False,False,0,206834,DE,False,,,,,11,False,False,,benign,no_adverse_signal
laxmimetals.co,2026-07-04,14,2.9139770731827523,0.0,0,0.5714285714285714,-7.119668421052631,low,0.5263,2,0.7272727272727273,True,NOERROR,1,1799,3,2,True,False,0,16509,US,False,NAMECHEAP INC,4,365,True,0,False,False,False,benign,no_adverse_signal
myprajak.in,2026-07-04,11,2.75,0.0,0,0.3333333333333333,-7.748076923076923,low,0.5714,4,0.875,True,NOERROR,2,3600,0,2,False,False,0,16509,US,True,"GoDaddy.com, LLC",3,365,False,18,,False,,benign,no_adverse_signal
tradelikeinsiders.com,2026-07-04,21,3.175123135113461,0.0,0,0.7,-6.346861290322581,low,0.5714,2,0.5882352941176471,True,NOERROR,2,3600,0,2,False,False,0,16509,US,True,"GoDaddy.com, LLC",2,365,True,24,False,False,,benign,no_adverse_signal
delalioseeds.com,2026-07-04,16,2.688721875540867,0.0,0,1.0,-6.658571428571429,low,0.5,2,0.5833333333333334,True,NOERROR,2,600,0,2,False,False,0,16509,US,True,"GoDaddy.com, LLC",3,365,True,31,False,False,,benign,no_adverse_signal
decisionlayer.tech,2026-07-04,18,3.3927474104487847,0.0,0,0.8571428571428571,-6.707065217391304,low,0.5217,2,0.8461538461538461,True,NOERROR,2,1800,0,2,False,False,0,16509,US,False,"NameCheap, Inc.",2,365,False,0,False,False,,benign,no_adverse_signal
casino-7694.buzz,2026-07-04,16,3.459431618637298,0.25,1,1.0,-8.713357894736841,high,0.4,1,1.0,True,NOERROR,2,300,0,2,False,False,2,13335,US,False,"Spaceship, Inc.",2,365,False,0,False,False,,benign,no_adverse_signal
himatemiaftuntirta.com,2026-07-04,22,3.0860486123130375,0.0,0,0.8,-6.877248484848485,low,0.5,2,0.5555555555555556,True,NOERROR,4,10800,0,4,False,False,0,15169,US,True,CV. Rumahweb Indonesia,2,365,False,0,False,False,,benign,no_adverse_signal
hjframe.com,2026-07-04,11,2.807354922057604,0.0,0,0.4,-8.190818181818182,low,0.5455,4,1.0,True,NOERROR,2,300,0,2,False,False,2,13335,US,False,"Name.com, Inc.",2,365,True,0,False,False,,benign,no_adverse_signal
downsizemadesimple.com,2026-07-04,22,3.4613201402110083,0.0,0,0.6363636363636364,-6.982421212121213,low,0.5517,3,0.6666666666666666,True,NOERROR,2,3600,0,2,False,False,0,16509,US,True,"GoDaddy.com, LLC",2,1096,True,51,False,False,,malicious,abuseipdb
res-id7689637.info,2026-07-04,18,3.392747410448785,0.3888888888888889,1,0.6666666666666666,-9.938273913043478,medium,0.3478,1,0.8461538461538461,True,NOERROR,1,300,0,2,False,False,0,51852,CH,True,,,,,0,False,True,,malicious,spamhaus_dbl
435069.com,2026-07-04,10,2.584962500721156,0.6,0,0.0,-11.086233333333332,low,0.4444,0,1.0,False,NOERROR,0,,0,2,False,False,0,,,,TuringSign Inc. d/b/a Cosmotown,2,365,False,,,,,unknown,no_reputation_coverage
a-guy-with-ai.com,2026-07-04,17,3.0269868333592873,0.0,3,1.0,-8.629634782608695,low,0.4211,2,0.6923076923076923,True,NOERROR,2,300,0,3,False,False,0,2635,US,False,Automattic Inc.,2,365,True,4,False,False,,benign,no_adverse_signal
shgj3.top,2026-07-04,9,2.321928094887362,0.1111111111111111,0,0.0,-10.732371428571428,high,0.5,4,1.0,False,NOERROR,0,,0,2,False,False,0,,,,"NameSilo, LLC",2,365,True,,,False,,benign,no_adverse_signal
zuoai.ai,2026-07-04,8,2.321928094887362,0.0,0,4.0,-8.8919,low,0.6,1,1.0,True,NOERROR,2,1200,0,2,False,False,0,16509,US,True,"Spaceship, Inc.",3,731,True,0,False,False,,benign,no_adverse_signal
ultraimmersive.xyz,2026-07-04,18,3.2359263506290326,0.0,0,0.75,-6.680612,high,0.56,3,0.7142857142857143,True,NOERROR,2,3600,1,2,True,False,0,16509,US,True,"GMO Internet, Inc.",2,365,True,29,False,False,,benign,no_adverse_signal
hortsunlighting.com,2026-07-04,19,3.2402239289418526,0.0,0,0.36363636363636365,-6.550962962962963,low,0.4545,3,0.6666666666666666,True,NOERROR,2,300,0,2,False,False,2,13335,US,False,Dominet (HK) Limited,3,365,False,0,False,False,,benign,no_adverse_signal
ecomyoussef.xyz,2026-07-04,15,2.9139770731827523,0.0,0,0.8333333333333334,-7.0106052631578955,high,0.4615,2,0.7272727272727273,True,NOERROR,2,23,0,4,False,False,0,16509,US,True,Porkbun LLC,382,730,False,2,False,False,,benign,no_adverse_signal
avartanband.com,2026-07-04,15,2.5503407095463886,0.0,0,0.5714285714285714,-6.5494315789473685,low,0.5556,2,0.6363636363636364,True,NOERROR,1,10800,0,2,False,False,0,16509,US,False,"HOSTINGER operations, UAB",2,365,False,0,False,False,,benign,no_adverse_signal
bjl238.vip,2026-07-04,10,2.584962500721156,0.3,0,0.0,-11.218277777777779,low,0.4,3,1.0,True,NOERROR,2,300,0,2,False,False,2,13335,US,False,"Spaceship, Inc.",3,365,True,0,False,False,,benign,no_adverse_signal
libenwei.com,2026-07-04,12,2.5,0.0,0,1.0,-7.229746153846154,low,0.5333,2,0.75,True,NOERROR,1,600,0,2,False,False,0,16509,US,False,Alibaba Cloud Computing Ltd. d/b/a HiChina (www.net.cn),10,365,False,0,False,False,,benign,no_adverse_signal
unicapunta.com,2026-07-04,14,2.721928094887362,0.0,0,1.0,-6.531388235294118,low,0.6316,2,0.7,True,NOERROR,1,300,0,2,False,False,0,396982,US,True,"Cloudflare, Inc.",3,365,True,0,False,False,,benign,no_adverse_signal
reasoningmart.xyz,2026-07-04,17,3.238901256602631,0.0,0,0.625,-6.2596,high,0.5217,3,0.7692307692307693,True,NOERROR,2,3600,1,2,True,False,0,16509,US,True,"GMO Internet, Inc.",3,365,True,71,False,False,,malicious,abuseipdb
cra-lvse.icu,2026-07-04,12,3.0,0.0,1,0.4,-8.431646153846154,low,0.6154,3,1.0,True,NOERROR,1,600,0,2,False,False,0,132839,SC,False,"Zhengzhou Century Connect Electronic Technology Development Co., Ltd",2,365,False,0,False,False,,benign,no_adverse_signal
financeresourcecentral.com,2026-07-04,26,3.3564924137968233,0.0,0,0.6923076923076923,-6.2649585365853655,low,0.4571,3,0.5454545454545454,True,NOERROR,2,600,0,2,False,False,0,16509,US,True,"GoDaddy.com, LLC",2,365,True,37,False,False,,benign,no_adverse_signal
betgaranti-girisimiz.top,2026-07-04,24,3.341446071165522,0.0,1,0.7272727272727273,-7.056399999999999,high,0.4286,2,0.6,False,NXDOMAIN,0,,0,0,False,False,0,,,,"NICENIC INTERNATIONAL GROUP CO., LIMITED",2,365,False,,,True,,malicious,spamhaus_dbl
betplay-2026.xyz,2026-07-04,16,3.4182958340544896,0.25,1,0.4,-8.196533333333333,high,0.4,3,0.9166666666666666,False,NOERROR,0,,0,2,False,False,0,,,,Global Domain Group LLC,2,365,False,,,False,,benign,no_adverse_signal
voice.toys,2026-07-04,10,2.321928094887362,0.0,0,1.5,-6.926628571428571,low,0.7273,1,1.0,True,NOERROR,2,3600,1,2,True,False,0,16509,US,True,,,,,29,False,False,,benign,no_adverse_signal
kawaiiswitch.xyz,2026-07-04,16,2.8553885422075336,0.0,0,0.7142857142857143,-7.6383190476190475,high,0.6364,3,0.6666666666666666,True,NOERROR,2,3600,1,2,True,False,0,16509,US,True,"GMO Internet, Inc.",2,365,True,71,False,False,,malicious,abuseipdb
bayconti268.com,2026-07-04,15,3.459431618637298,0.2,0,0.6,-8.090678947368422,low,0.4211,2,1.0,True,NOERROR,1,1800,5,2,True,False,0,22612,US,False,NAMECHEAP INC,2,365,True,0,False,False,False,benign,no_adverse_signal
viperos.xyz,2026-07-04,11,2.807354922057604,0.0,0,0.75,-6.425690909090909,high,0.6667,1,1.0,True,NOERROR,2,3600,1,2,True,False,0,16509,US,True,"GMO Internet, Inc.",3,365,True,71,False,False,,malicious,abuseipdb
kg-hydro.pl,2026-07-04,11,3.0,0.0,1,0.16666666666666666,-8.951923076923077,low,0.5,4,1.0,True,NOERROR,2,600,1,2,True,False,0,20853,PL,False,WeNet Group S.A.,3,365,False,0,False,False,False,benign,no_adverse_signal
brasilmarketonline.com,2026-07-04,22,3.503258334775645,0.0,0,0.6363636363636364,-6.258284848484848,low,0.5455,2,0.6666666666666666,True,NOERROR,1,1800,0,2,False,False,1,47583,BR,False,"HOSTINGER operations, UAB",2,365,False,0,False,False,,benign,no_adverse_signal
crocidecol.cyou,2026-07-04,15,2.6464393446710153,0.0,0,0.6666666666666666,-6.637282352941177,low,0.5333,2,0.7,False,NOERROR,0,,0,2,False,False,0,,,,NAMECHEAP INC,3,365,True,,,True,,malicious,spamhaus_dbl
bareblockchain.xyz,2026-07-04,18,3.378783493486176,0.0,0,0.5555555555555556,-6.718824,high,0.5,4,0.7857142857142857,True,NOERROR,2,3600,1,2,True,False,0,16509,US,True,"GMO Internet, Inc.",2,365,True,29,False,False,,benign,no_adverse_signal
pwekmrgkp.icu,2026-07-04,13,2.725480556997868,0.0,0,0.125,-9.97592,low,0.4286,6,0.7777777777777778,False,NOERROR,0,,0,2,False,False,0,,,,"Zhengzhou Century Connect Electronic Technology Development Co., Ltd",2,365,False,,,False,,benign,no_adverse_signal
duoafecto.com,2026-07-04,13,2.94770277922009,0.0,0,1.25,-7.80288,low,0.5455,2,0.8888888888888888,True,NOERROR,1,600,0,2,False,False,0,13335,CA,True,"GoDaddy.com, LLC",3,365,True,0,False,False,,benign,no_adverse_signal
pgbbs80.com,2026-07-04,11,2.5216406363433186,0.18181818181818182,0,0.0,-10.53030909090909,low,0.5,5,0.8571428571428571,False,NOERROR,0,,0,0,False,False,0,,,,Dynadot Inc,2,365,False,,,False,,benign,no_adverse_signal
getyourknowledge.xyz,2026-07-04,20,3.452819531114783,0.0,0,0.6,-7.397844827586207,high,0.5185,3,0.75,True,NOERROR,2,3600,1,2,True,False,0,16509,US,True,"GMO Internet, Inc.",3,365,True,71,False,False,,malicious,abuseipdb
pumpkinentrancetreat.christmas,2026-07-04,30,3.3086949695628416,0.0,0,0.5384615384615384,-6.645683783783784,low,0.4848,3,0.55,True,NOERROR,2,300,0,2,False,False,2,13335,US,False,NAMECHEAP INC,2,365,True,0,False,False,,benign,no_adverse_signal
bsthuynhakhoa.com,2026-07-04,17,3.180832987205441,0.0,0,0.4444444444444444,-8.34434347826087,low,0.4762,4,0.7692307692307693,True,NOERROR,1,3600,0,2,False,False,0,135905,VN,False,P.A. Viet Nam Company Limited,2,365,True,0,True,False,,malicious,spamhaus_zen
bestcasgame.com,2026-07-04,15,2.9139770731827523,0.0,0,0.5714285714285714,-6.610336842105263,low,0.6,3,0.7272727272727273,True,NOERROR,1,300,0,2,False,False,0,13335,DE,True,"HOSTINGER operations, UAB",2,365,False,38,False,False,,benign,no_adverse_signal
blnql.ink,2026-07-04,9,1.9219280948873623,0.0,0,0.0,-11.036514285714286,low,0.4615,5,0.8,True,NOERROR,2,600,0,2,False,False,0,16509,US,True,"GoDaddy.com, LLC",2,365,True,37,False,False,,benign,no_adverse_signal
patientbike.com,2026-07-04,15,2.913977073182752,0.0,0,0.8333333333333334,-6.800673684210527,low,0.5714,3,0.7272727272727273,True,NOERROR,2,300,0,2,False,False,0,13335,US,False,"Sav.com, LLC",2,365,False,0,False,False,,benign,no_adverse_signal
skycart-ultra.com,2026-07-04,17,3.238901256602631,0.0,1,0.3333333333333333,-7.437904347826087,low,0.4762,4,0.7692307692307693,True,NOERROR,2,600,0,2,False,False,0,16509,US,True,"GoDaddy.com, LLC",2,1096,True,31,False,False,,benign,no_adverse_signal
hdsikis80at.cfd,2026-07-04,15,3.095795255000934,0.13333333333333333,0,0.5,-9.09511052631579,low,0.4444,3,0.8181818181818182,True,NOERROR,2,300,2,2,True,False,2,13335,US,False,"Spaceship, Inc.",2,365,False,0,False,False,False,benign,no_adverse_signal
brownstar.online,2026-07-04,16,2.94770277922009,0.0,0,0.2857142857142857,-6.645386666666667,medium,0.5556,4,0.8888888888888888,True,NOERROR,1,1799,5,2,True,False,0,13335,CA,True,NAMECHEAP INC,2,365,True,0,False,,False,benign,no_adverse_signal
royalgds.com,2026-07-04,12,3.0,0.0,0,0.3333333333333333,-8.126092307692307,low,0.5714,4,1.0,True,NOERROR,1,1800,5,2,True,False,0,22612,US,False,NAMECHEAP INC,2,365,True,0,False,False,False,benign,no_adverse_signal
sso-truth.space,2026-07-04,15,2.725480556997868,0.0,1,0.3333333333333333,-7.56206,low,0.5,2,0.7777777777777778,True,NOERROR,1,300,0,2,False,False,0,16509,US,False,"GMO Internet, Inc.",3,365,False,0,False,True,,malicious,spamhaus_dbl
casino-6045.buzz,2026-07-04,16,3.459431618637298,0.25,1,1.0,-8.294547368421052,high,0.4,1,1.0,True,NOERROR,2,300,0,2,False,False,2,13335,US,False,"Spaceship, Inc.",2,365,False,0,False,False,,benign,no_adverse_signal
fearlessplatform.xyz,2026-07-04,20,3.25,0.0,0,0.45454545454545453,-6.7565793103448275,high,0.5517,4,0.625,True,NOERROR,2,3600,1,2,True,False,0,16509,US,True,"GMO Internet, Inc.",3,365,True,29,False,False,,benign,no_adverse_signal
chendycn.com,2026-07-04,12,2.5,0.0,0,0.14285714285714285,-7.36003076923077,low,0.625,5,0.75,False,NOERROR,0,,2,2,True,False,0,,,,"Chengdu west dimension digital technology Co., LTD",3,365,True,,,False,False,benign,no_adverse_signal
maxim88vip-k4.online,2026-07-04,20,3.238901256602631,0.15,1,0.5,-9.432060869565218,medium,0.4444,1,0.7692307692307693,True,NOERROR,1,1800,5,2,True,False,0,22612,US,False,NAMECHEAP INC,2,365,True,0,False,False,False,benign,no_adverse_signal
sleekarc.com,2026-07-04,12,2.75,0.0,0,0.6,-7.051446153846154,low,0.5556,2,0.875,True,NOERROR,1,1800,3,2,True,False,0,16509,US,False,"Spaceship, Inc.",2,365,False,0,False,False,False,benign,no_adverse_signal
crambsengineering.co.uk,2026-07-04,23,3.175123135113461,0.0,0,0.5454545454545454,-6.556683870967742,low,0.4667,3,0.5882352941176471,True,NOERROR,2,300,2,2,True,False,2,13335,US,False,Ionos SE [Tag = 1AND1],5,1826,False,0,False,False,False,benign,no_adverse_signal
rbdmz.cc,2026-07-04,8,2.321928094887362,0.0,0,0.0,-10.33422857142857,low,0.5455,5,1.0,True,NOERROR,1,1,0,2,False,True,0,40065,US,False,"NameSilo, LLC",3,365,True,0,False,False,,benign,no_adverse_signal
tryserenipet.com,2026-07-04,16,2.8553885422075336,0.0,0,0.5,-6.687957142857143,low,0.5556,4,0.6666666666666666,True,NOERROR,1,10800,1,4,True,False,1,13335,CA,True,"TUCOWS.COM, CO.",2,365,True,0,False,False,False,benign,no_adverse_signal
ultrahometechnology.org,2026-07-04,23,3.5766176449086653,0.0,0,0.5833333333333334,-6.7446,low,0.4138,3,0.6842105263157895,True,NOERROR,2,22,0,4,False,False,0,16509,US,True,Porkbun LLC,382,730,False,2,False,False,,benign,no_adverse_signal
ddsoccer1.com,2026-07-04,13,2.725480556997868,0.07692307692307693,0,0.3333333333333333,-7.690673333333334,low,0.6667,3,0.7777777777777778,True,NOERROR,2,60,2,2,True,False,2,47583,DE,False,Realtime Register B.V.,2,365,False,3,False,False,False,benign,no_adverse_signal
ninelivesbetter.com,2026-07-04,19,2.973557262275185,0.0,0,0.6666666666666666,-6.2819259259259255,low,0.5185,2,0.6,True,NOERROR,1,10800,0,2,False,False,0,16509,US,True,"TUCOWS.COM, CO.",371,730,True,0,False,False,,benign,no_adverse_signal
c21holding.tech,2026-07-04,15,3.321928094887362,0.13333333333333333,0,0.3333333333333333,-8.125394117647058,low,0.5556,2,1.0,True,NOERROR,2,60,2,4,True,False,0,16509,US,True,Porkbun LLC,2,365,False,2,False,False,False,benign,no_adverse_signal
fireworksllx.com.de,2026-07-04,19,1.584962500721156,0.0,0,0.5,-5.6435,low,0.6,1,1.0,True,NOERROR,2,300,1,2,False,False,2,13335,US,False,,,,False,0,False,False,False,benign,no_adverse_signal
rezydesignstudio.shop,2026-07-04,21,3.5,0.0,0,0.6,-7.288541379310345,low,0.5,4,0.75,True,NOERROR,2,300,0,2,False,False,2,13335,US,False,,,,False,0,False,False,,benign,no_adverse_signal
pibqasze.shop,2026-07-04,13,3.0,0.0,0,0.6,-9.865746153846155,low,0.5333,2,1.0,True,NOERROR,1,1800,0,2,False,False,0,396073,US,True,,,,False,0,False,False,,benign,no_adverse_signal
notesdomain.xyz,2026-07-04,15,3.0957952550009344,0.0,0,0.8333333333333334,-6.435342105263158,high,0.6667,2,0.8181818181818182,True,NOERROR,2,3600,1,2,True,False,0,16509,US,True,"GMO Internet, Inc.",2,365,True,29,False,False,,benign,no_adverse_signal
taskmanagerva.com,2026-07-04,17,3.085055102756477,0.0,0,0.625,-6.768734782608696,low,0.6667,3,0.7692307692307693,True,NOERROR,2,13,0,4,False,False,0,16509,US,True,Porkbun LLC,745,1095,False,2,False,False,,benign,no_adverse_signal
ky-hub.com.cn,2026-07-04,13,2.584962500721156,0.0,1,0.25,-8.453155555555556,low,0.5,2,1.0,True,NOERROR,1,600,0,2,False,False,0,132839,US,False,Web Commerce Communications Limited,3,365,False,0,False,True,,malicious,spamhaus_dbl
uc847.com,2026-07-04,9,2.321928094887362,0.3333333333333333,0,1.0,-11.9154,low,0.4,1,1.0,False,NOERROR,0,,0,4,False,False,0,,,,Namemart Limited,2,365,False,,,False,,benign,no_adverse_signal
godesignkey.com,2026-07-04,15,3.0957952550009344,0.0,0,0.5714285714285714,-7.207278947368421,low,0.5556,3,0.8181818181818182,True,NOERROR,2,300,3,2,True,False,2,13335,US,False,NAMECHEAP INC,3,365,True,0,False,,False,benign,no_adverse_signal
ninosleeps.com,2026-07-04,14,2.7219280948873625,0.0,0,0.6666666666666666,-6.947135294117647,low,0.5,2,0.7,True,NOERROR,4,10800,0,4,True,False,0,53831,US,False,Squarespace Domains LLC,2,365,True,22,False,False,,benign,no_adverse_signal
study-shelf.com,2026-07-04,15,3.2776134368191165,0.0,1,0.25,-7.5640526315789485,low,0.4762,2,0.9090909090909091,True,NOERROR,1,3600,1,3,True,False,0,58791,JP,True,"GMO Internet, Inc.",2,365,True,0,False,False,False,benign,no_adverse_signal
ktv567.org,2026-07-04,10,2.584962500721156,0.3,0,0.0,-10.675333333333334,low,0.4615,3,1.0,True,NOERROR,3,3603,0,3,False,False,0,63949,US,True,"NameSilo, LLC",2,365,False,0,False,False,,benign,no_adverse_signal
kopitogel.biz.id,2026-07-04,16,2.94770277922009,0.0,0,0.8,-7.111833333333333,low,0.5714,1,0.8888888888888888,True,NOERROR,2,300,0,2,False,False,2,13335,US,False,,,,False,0,False,False,,benign,no_adverse_signal
sevenmining.xyz,2026-07-04,15,2.663532754804255,0.0,0,0.5714285714285714,-6.570342105263158,high,0.5,2,0.6363636363636364,True,NOERROR,2,3600,1,2,True,False,0,16509,US,True,"GMO Internet, Inc.",3,365,True,71,False,False,,malicious,abuseipdb
thelonggame.tech,2026-07-04,16,3.095795255000934,0.0,0,0.5714285714285714,-6.506015789473684,low,0.6316,3,0.8181818181818182,True,NOERROR,1,1800,5,2,True,False,0,22612,US,False,NAMECHEAP INC,2,365,True,0,False,False,False,benign,no_adverse_signal
n987.top,2026-07-04,8,2.0,0.375,0,0.0,-11.51616,high,0.4444,1,1.0,True,NOERROR,3,10,0,0,False,True,0,133199,US,False,"GoDaddy.com, LLC",2,365,True,0,True,True,,malicious,spamhaus_zen
americasvoiceovers.com,2026-07-04,22,3.127986806877675,0.0,0,1.0,-6.688830303030303,low,0.5806,2,0.5,True,NOERROR,2,3600,1,2,True,False,0,16509,US,True,"GoDaddy.com, LLC",2,731,True,18,,False,False,benign,no_adverse_signal
edwardpollei.com,2026-07-04,16,3.084962500721156,0.0,0,0.7142857142857143,-7.153704761904762,low,0.5263,3,0.75,True,NOERROR,1,10800,0,4,True,False,0,16509,US,False,Squarespace Domains LLC,2,365,True,0,False,False,,benign,no_adverse_signal
mundusincome.com,2026-07-04,16,3.084962500721156,0.0,0,0.7142857142857143,-6.547785714285714,low,0.5,2,0.75,False,NOERROR,0,,0,2,False,False,0,,,,"Cloudflare, Inc.",2,365,True,,,False,,benign,no_adverse_signal
trelvarix.com,2026-07-04,13,2.94770277922009,0.0,0,0.5,-7.055046666666667,low,0.5,2,0.8888888888888888,True,NOERROR,4,60,1,4,False,False,0,16509,US,True,"GoDaddy.com, LLC",2,365,True,0,False,False,False,benign,no_adverse_signal
robotdatabank.xyz,2026-07-04,17,2.873140679513133,0.0,0,0.625,-6.775191304347826,high,0.5926,2,0.6153846153846154,True,NOERROR,2,3600,1,2,True,False,0,16509,US,True,"GMO Internet, Inc.",2,365,True,71,False,False,,malicious,abuseipdb
ronaldo-sports.site,2026-07-04,19,3.182005814760214,0.0,1,0.4444444444444444,-6.691688,medium,0.5385,3,0.7142857142857143,True,NOERROR,1,10800,3,2,True,False,0,22612,US,True,"Spaceship, Inc.",2,365,False,0,False,False,False,benign,no_adverse_signal
theheritagepour.com,2026-07-04,19,3.1898980954642866,0.0,0,0.875,-6.649322222222223,low,0.4828,2,0.6666666666666666,True,NOERROR,4,10800,1,4,True,False,0,53831,US,False,Squarespace Domains II LLC,2,365,True,31,False,False,False,benign,no_adverse_signal
daoyindesign.com,2026-07-04,16,3.084962500721156,0.0,0,0.7142857142857143,-7.260814285714286,low,0.6667,2,0.75,False,SERVFAIL,0,,0,0,False,False,0,,,,"Xiamen 35.com Information Co., Ltd.",2,731,True,,,False,,benign,no_adverse_signal
jaya92.org,2026-07-04,10,2.2516291673878226,0.2,0,1.0,-9.470322222222222,low,0.5,1,0.8333333333333334,True,NOERROR,1,300,0,2,False,False,0,206834,DE,False,Dynadot Inc,2,365,False,11,False,False,,benign,no_adverse_signal
1ob0z5tp2wodj.xyz,2026-07-04,17,3.5465935642949384,0.23529411764705882,0,0.2857142857142857,-11.771260869565216,high,0.3529,2,0.9230769230769231,True,NOERROR,2,300,0,2,False,False,2,13335,US,False,"GoDaddy.com, LLC",2,365,True,0,False,False,,benign,no_adverse_signal
coconut1.hu,2026-07-04,11,2.5,0.09090909090909091,0,0.75,-7.767307692307692,low,0.5714,1,0.75,True,NOERROR,1,3600,1,2,False,False,1,47381,HU,True,,4,,False,0,False,False,False,benign,no_adverse_signal
planesta.de,2026-07-04,11,2.75,0.0,0,0.6,-5.674330769230769,low,0.6316,2,0.875,True,NOERROR,1,300,2,4,True,False,0,8767,DE,True,,,,False,0,False,False,False,benign,no_adverse_signal
online-acehbola.com,2026-07-04,19,3.2402239289418517,0.0,1,1.0,-7.193218518518519,low,0.5714,2,0.6666666666666666,True,NOERROR,2,300,5,2,True,False,2,13335,US,False,"NameCheap, Inc.",2,365,False,0,False,False,False,benign,no_adverse_signal
smartercrypto.xyz,2026-07-04,17,3.180832987205441,0.0,0,0.3,-6.807665217391304,high,0.6154,6,0.7692307692307693,True,NOERROR,1,10800,1,2,True,False,0,47846,DE,False,Dynadot Inc,2,365,False,25,False,False,False,benign,no_adverse_signal
d4u-lvse.icu,2026-07-04,12,3.0,0.08333333333333333,1,0.5,-10.509115384615386,low,0.5,3,1.0,False,NOERROR,0,,0,2,False,False,0,,,,"Zhengzhou Century Connect Electronic Technology Development Co., Ltd",2,365,False,,,False,,benign,no_adverse_signal
mastersboaters.com,2026-07-04,18,2.8962915290459286,0.0,0,0.5555555555555556,-6.284307999999999,low,0.5185,3,0.5714285714285714,True,NOERROR,2,3600,0,2,False,False,0,16509,US,True,"GoDaddy.com, LLC",2,1096,True,18,,False,,benign,no_adverse_signal
finstake.xyz,2026-07-04,12,3.0,0.0,0,0.6,-6.222823076923077,high,0.6154,3,1.0,True,NOERROR,2,3600,1,2,True,False,0,16509,US,True,"GMO Internet, Inc.",2,365,True,29,False,False,,benign,no_adverse_signal
flake.network,2026-07-04,13,2.321928094887362,0.0,0,0.6666666666666666,-7.031428571428571,low,0.6,2,1.0,False,NOERROR,0,,2,2,True,False,0,,,,,,,,,,False,False,benign,no_adverse_signal
abgrus.net,2026-07-04,10,2.584962500721156,0.0,0,0.5,-7.972055555555556,low,0.5455,3,1.0,False,NOERROR,0,,3,2,True,False,0,,,,Dynadot Inc,3,365,False,,,False,False,benign,no_adverse_signal
aibomreport.xyz,2026-07-04,15,3.095795255000934,0.0,0,0.8333333333333334,-7.078478947368421,high,0.5714,2,0.8181818181818182,True,NOERROR,2,3600,1,2,True,False,0,16509,US,True,"GMO Internet, Inc.",2,365,True,71,False,True,,malicious,abuseipdb
bookishandnative.com,2026-07-04,20,3.5,0.0,0,0.7777777777777778,-6.488831034482758,low,0.5385,3,0.75,True,NOERROR,4,10800,0,4,True,False,0,53831,US,False,Squarespace Domains LLC,3,365,True,23,False,False,,benign,no_adverse_signal
ehfdfskuc.icu,2026-07-04,13,2.94770277922009,0.0,0,0.2857142857142857,-9.754266666666666,low,0.5,6,0.8888888888888888,False,NOERROR,0,,0,2,False,False,0,,,,"Zhengzhou Century Connect Electronic Technology Development Co., Ltd",2,365,False,,,False,,benign,no_adverse_signal
gruenservice24.store,2026-07-04,20,3.3248629576173574,0.1,0,0.7142857142857143,-6.966092,low,0.6,2,0.7857142857142857,True,NOERROR,1,3600,2,4,True,False,1,8560,DE,True,,,,False,0,False,False,False,benign,no_adverse_signal
naturza.info,2026-07-04,12,2.5216406363433186,0.0,0,0.75,-7.496200000000001,medium,0.7692,2,0.8571428571428571,True,NOERROR,2,300,0,2,False,False,0,16509,US,True,,,,,1,False,False,,benign,no_adverse_signal
ee3eeee.com,2026-07-04,11,0.5916727785823275,0.09090909090909091,0,6.0,-9.191254545454546,low,0.5,0,0.2857142857142857,True,NOERROR,2,300,0,2,False,False,2,13335,US,False,Dynadot Inc,2,365,False,0,False,,,benign,no_adverse_signal
33266666.com,2026-07-04,12,1.2987949406953985,0.6666666666666666,0,0.0,-10.21566923076923,low,0.3636,0,0.375,True,NOERROR,2,45,0,4,False,False,0,16509,US,True,Porkbun LLC,382,730,False,0,False,False,,benign,no_adverse_signal
ahwhny.com,2026-07-04,10,2.2516291673878226,0.0,0,0.2,-10.04568888888889,low,0.4444,5,0.8333333333333334,False,SERVFAIL,0,,0,0,False,False,0,,,,"Megazone Corp., dba HOSTING.KR",2,365,False,,,False,,benign,no_adverse_signal
zyvorahpk.com,2026-07-04,13,3.169925001442312,0.0,0,0.2857142857142857,-9.109013333333333,low,0.4444,3,1.0,True,NOERROR,1,10800,0,2,False,False,0,16509,US,False,"HOSTINGER operations, UAB",2,365,False,0,False,False,,benign,no_adverse_signal
logword.xyz,2026-07-04,11,2.5216406363433186,0.0,0,0.4,-7.3905,high,0.5714,2,0.8571428571428571,True,NOERROR,2,3600,1,2,True,False,0,16509,US,True,"GMO Internet, Inc.",2,365,True,71,False,False,,malicious,abuseipdb
recruitfractional.com,2026-07-04,21,3.3371753411230776,0.0,0,0.7,-6.735641935483871,low,0.5,3,0.6470588235294118,True,NOERROR,1,600,1,2,True,False,0,13335,DE,True,"GoDaddy.com, LLC",2,365,True,38,False,False,False,benign,no_adverse_signal
lordfilmsbrs.lol,2026-07-04,16,3.084962500721156,0.0,0,0.2,-7.629033333333333,low,0.5455,6,0.75,True,NOERROR,1,300,0,2,False,False,0,211381,NL,True,Dynadot Inc,3,365,False,0,False,False,,benign,no_adverse_signal
ar7777.pro,2026-07-04,10,1.2516291673878228,0.4,0,1.0,-8.815088888888889,low,0.3636,1,0.5,True,NOERROR,2,300,0,2,False,False,2,13335,US,False,,,,,0,False,False,,benign,no_adverse_signal
ordertub.com,2026-07-04,12,2.75,0.0,0,0.6,-6.452784615384616,low,0.5714,2,0.875,True,NOERROR,1,600,0,2,False,False,0,54600,HK,False,"NameSilo, LLC",2,365,False,0,False,False,,benign,no_adverse_signal
ederar.com,2026-07-04,10,1.9182958340544893,0.0,0,1.0,-6.015722222222222,low,0.5714,1,0.6666666666666666,True,NOERROR,1,300,0,2,True,False,0,14618,US,True,NAMECHEAP INC,2,365,True,0,False,False,,benign,no_adverse_signal
barbench.app,2026-07-04,12,2.75,0.0,0,0.3333333333333333,-6.7242461538461535,low,0.5455,3,0.875,True,NOERROR,1,50,0,2,False,False,0,47583,CY,False,,,,False,33,False,False,,benign,no_adverse_signal
michaelsscion.shop,2026-07-04,18,3.238901256602631,0.0,0,0.625,-7.020539130434782,low,0.5455,4,0.7692307692307693,True,NOERROR,1,1800,0,2,False,False,0,51167,FR,True,,,,False,0,False,False,,benign,no_adverse_signal
rzeczarnia.pl,2026-07-04,13,2.721928094887362,0.0,0,0.6666666666666666,-7.979294117647059,low,0.5333,2,0.7,True,NOERROR,1,3600,1,3,True,False,0,47544,PL,True,HOSTIDO.PL GAŁĄZKA SPÓŁKA JAWNA,3,365,False,0,False,False,False,benign,no_adverse_signal
celestaraconnection.xyz,2026-07-04,23,3.1813663288914587,0.0,0,0.7272727272727273,-6.013034285714285,high,0.5333,2,0.5263157894736842,True,NOERROR,3,3603,0,3,False,False,0,63949,US,True,"NameSilo, LLC",2,365,True,0,False,False,,benign,no_adverse_signal
x9k5b2v6.com,2026-07-04,12,3.0,0.3333333333333333,0,0.0,-13.180007692307694,low,0.375,1,1.0,True,NOERROR,2,300,0,2,False,False,2,13335,US,False,Dynadot Inc,2,365,False,0,False,False,,benign,no_adverse_signal
waterdamagecoloradospring.us,2026-07-04,28,3.7034651896016464,0.0,0,0.6666666666666666,-6.374993617021277,low,0.4375,3,0.6,True,NOERROR,2,300,0,2,False,False,2,13335,US,False,"Spaceship, Inc.",3,365,False,0,False,False,,benign,no_adverse_signal
gptjingpt.xyz,2026-07-04,13,2.5032583347756456,0.0,0,0.125,-8.582133333333333,high,0.4706,4,0.6666666666666666,True,NOERROR,2,3600,1,2,True,False,0,16509,US,True,"GMO Internet, Inc.",2,365,True,29,False,False,,benign,no_adverse_signal
herbdetoxify.world,2026-07-04,18,3.418295834054489,0.0,0,0.5,-7.704366666666666,low,0.5263,3,0.9166666666666666,True,NOERROR,2,300,0,2,False,False,2,13335,US,False,,,,,0,False,False,,benign,no_adverse_signal
2jili.asia,2026-07-04,10,1.9219280948873623,0.1,0,1.0,-9.133742857142858,low,0.5,1,0.8,True,NOERROR,2,300,0,2,False,False,2,13335,US,False,Dynadot Inc,2,365,True,0,False,False,,benign,no_adverse_signal
mvlabel.xyz,2026-07-04,11,2.5216406363433186,0.0,0,0.4,-7.8821818181818175,high,0.5,3,0.8571428571428571,True,NOERROR,2,3600,1,2,True,False,0,16509,US,True,"GMO Internet, Inc.",2,365,True,71,False,False,,malicious,abuseipdb
imapunk.me,2026-07-04,10,2.807354922057604,0.0,0,0.75,-7.118009090909092,low,0.5455,2,1.0,False,NOERROR,0,,0,2,False,False,0,,,,"Cloudflare, Inc",3,365,True,,,False,,benign,no_adverse_signal
y54130217.vip,2026-07-04,13,2.94770277922009,0.6153846153846154,0,0.0,-11.325833333333332,low,0.3333,1,0.8888888888888888,False,NOERROR,0,,0,2,False,False,0,,,,Dynadot Inc,3,365,True,,,True,,malicious,spamhaus_dbl
jojobet8959.com,2026-07-04,15,2.9139770731827523,0.26666666666666666,0,0.75,-9.364984210526316,low,0.4211,1,0.7272727272727273,True,NOERROR,2,600,0,2,False,False,0,16509,US,True,"Wild West Domains, LLC",2,365,True,19,False,False,,benign,no_adverse_signal
gptwinds.xyz,2026-07-04,12,3.0,0.0,0,0.14285714285714285,-7.417361538461539,high,0.6667,4,1.0,True,NOERROR,2,3600,1,2,True,False,0,16509,US,True,"GMO Internet, Inc.",2,365,True,29,False,False,,benign,no_adverse_signal
adventure-warriorsnotary.com,2026-07-04,28,3.569773835029478,0.0,1,0.6428571428571429,-7.032502222222222,low,0.4324,3,0.5833333333333334,False,NOERROR,0,,0,2,False,False,0,,,,"Cloudflare, Inc.",3,365,True,,,False,,benign,no_adverse_signal
orderbooktrail.xyz,2026-07-04,18,3.128085278891395,0.0,0,0.75,-6.684076,high,0.4762,3,0.7142857142857143,True,NOERROR,2,3600,1,2,True,False,0,16509,US,True,"GMO Internet, Inc.",2,365,True,29,False,False,,benign,no_adverse_signal
b-o-t.online,2026-07-04,12,1.9219280948873623,0.0,2,0.5,-9.328385714285714,medium,0.5,1,0.8,True,NOERROR,2,300,0,2,False,False,0,16509,US,True,"Spaceship, Inc.",2,365,False,1,False,False,,benign,no_adverse_signal
escorttheembroiled.com,2026-07-04,22,3.3921472236645345,0.0,0,0.6363636363636364,-6.923427272727272,low,0.4667,4,0.6666666666666666,True,NOERROR,1,3600,1,2,True,False,0,24940,DE,True,PDR Ltd. d/b/a PublicDomainRegistry.com,3,365,True,0,False,False,False,benign,no_adverse_signal
xai-lvse.icu,2026-07-04,12,3.0,0.0,1,0.75,-9.002653846153846,low,0.6,3,1.0,False,NOERROR,0,,0,2,False,False,0,,,,"Zhengzhou Century Connect Electronic Technology Development Co., Ltd",2,365,False,,,False,,benign,no_adverse_signal
culilyahi.autos,2026-07-04,15,2.725480556997868,0.0,0,0.8,-7.5850800000000005,low,0.5556,2,0.7777777777777778,True,NOERROR,2,300,0,2,False,False,2,13335,US,False,NAMECHEAP INC,2,365,True,0,False,False,,benign,no_adverse_signal
nazkhanom.com,2026-07-04,13,2.725480556997868,0.0,0,0.5,-8.02976,low,0.6154,3,0.7777777777777778,True,NOERROR,1,300,1,2,True,False,0,206834,DE,False,"GMO Internet, Inc.",3,365,True,0,False,False,,benign,no_adverse_signal
ay75q4j7cd.garden,2026-07-04,17,3.121928094887362,0.23529411764705882,0,0.2,-12.135611764705882,low,0.4444,2,0.9,True,NOERROR,1,300,0,2,False,False,0,45102,HK,False,Global Domain Group LLC,2,365,True,0,False,False,,benign,no_adverse_signal
generativegateway.xyz,2026-07-04,21,3.1018812234760182,0.0,0,0.8888888888888888,-6.370490322580645,high,0.56,1,0.5882352941176471,True,NOERROR,2,3600,1,2,True,False,0,16509,US,True,"GMO Internet, Inc.",3,365,True,71,False,False,,malicious,abuseipdb
ustabetonsilim.com,2026-07-04,18,3.378783493486176,0.0,0,0.75,-6.317416000000001,low,0.5,2,0.7857142857142857,False,timeout,0,,0,0,False,False,0,,,,ODTU Gelistirme Vakfi Bilgi Teknolojileri Sanayi Ve Ticaret Anonim Sirketi,2,365,True,,,False,,benign,no_adverse_signal
discweekly.com,2026-07-04,14,3.121928094887362,0.0,0,0.42857142857142855,-7.810141176470588,low,0.625,3,0.9,True,NOERROR,1,300,2,2,True,False,0,13335,US,False,NAMECHEAP INC,2,365,True,0,False,False,False,benign,no_adverse_signal
poemsdapps.xyz,2026-07-04,14,2.6464393446710153,0.0,0,0.42857142857142855,-7.554394117647059,high,0.5,3,0.7,True,NOERROR,2,3600,1,2,True,False,0,16509,US,True,"GMO Internet, Inc.",2,365,True,71,False,False,,malicious,abuseipdb
louisesontheshore.com,2026-07-04,21,3.1307179879273748,0.0,0,0.8888888888888888,-6.466751612903226,low,0.5185,3,0.5882352941176471,True,NOERROR,2,1800,0,2,False,False,0,16509,US,False,"GoDaddy.com, LLC",2,1096,True,0,False,False,,benign,no_adverse_signal
fiberpathsolutions.org,2026-07-04,22,3.7254805569978675,0.0,0,0.6363636363636364,-6.827284848484848,low,0.4828,3,0.7777777777777778,False,NOERROR,0,,0,2,False,False,0,,,,"Cloudflare, Inc.",3,365,False,,,False,,benign,no_adverse_signal
7960nc.top,2026-07-04,10,2.584962500721156,0.4,0,0.0,-11.160122222222222,high,0.4444,2,1.0,False,NOERROR,0,,0,2,False,False,0,,,,"Todaynic.com, Inc.",3,365,True,,,True,,malicious,spamhaus_dbl
m2e-lvse.icu,2026-07-04,12,2.75,0.08333333333333333,1,0.5,-10.1094,low,0.4762,3,0.875,True,NOERROR,1,600,0,2,False,False,0,132839,ZA,False,"Zhengzhou Century Connect Electronic Technology Development Co., Ltd",2,365,False,0,False,False,,benign,no_adverse_signal
cscstestpractice.com,2026-07-04,20,2.7806390622295662,0.0,0,0.3333333333333333,-6.6585413793103445,low,0.5455,5,0.5,True,NOERROR,2,300,0,2,False,False,2,13335,US,False,"Cloudflare, Inc.",3,365,True,0,False,False,,benign,no_adverse_signal
teamchainmatic.com,2026-07-04,18,2.8962915290459286,0.0,0,0.75,-6.561876,low,0.5,3,0.5714285714285714,True,NOERROR,2,300,1,2,True,False,2,13335,US,False,"Spaceship, Inc.",2,365,False,0,False,False,False,benign,no_adverse_signal
luzdeiemanja.com.br,2026-07-04,19,3.2516291673878226,0.0,0,1.0,-8.0059,low,0.5556,2,0.8333333333333334,True,NOERROR,1,1800,2,2,True,False,1,47583,BR,False,,4,1096,False,0,False,False,False,benign,no_adverse_signal
primepeptidescompany.com,2026-07-04,24,3.484183719779189,0.0,0,0.5384615384615384,-6.737689189189189,low,0.5143,2,0.65,True,NOERROR,4,10800,1,4,True,False,0,53831,US,False,Squarespace Domains II LLC,2,365,True,23,False,False,False,benign,no_adverse_signal
opsvantage.net,2026-07-04,14,3.121928094887362,0.0,0,0.6666666666666666,-7.041752941176471,low,0.625,3,0.9,False,NOERROR,0,,0,2,False,False,0,,,,"Cloudflare, Inc.",2,365,True,,,False,,benign,no_adverse_signal
imgwitylw.icu,2026-07-04,13,2.725480556997868,0.0,0,0.2857142857142857,-8.48774,low,0.5882,4,0.7777777777777778,False,NOERROR,0,,0,2,False,False,0,,,,"Zhengzhou Century Connect Electronic Technology Development Co., Ltd",2,365,False,,,False,,benign,no_adverse_signal
lvrpgmjmb.icu,2026-07-04,13,2.94770277922009,0.0,0,0.0,-10.30812,low,0.5,9,0.8888888888888888,False,NOERROR,0,,0,2,False,False,0,,,,"Zhengzhou Century Connect Electronic Technology Development Co., Ltd",2,365,False,,,False,,benign,no_adverse_signal
makememeals.app,2026-07-04,15,2.413088436425758,0.0,0,0.8333333333333334,-6.716215789473684,low,0.5455,2,0.5454545454545454,True,NOERROR,1,300,2,4,True,False,0,397273,US,False,,,,False,15,False,False,False,benign,no_adverse_signal
newlifetioga.org,2026-07-04,16,3.2516291673878226,0.0,0,1.0,-7.233323809523809,low,0.5,2,0.8333333333333334,True,NOERROR,4,10800,1,4,True,False,0,53831,US,False,Squarespace Domains II LLC,2,365,True,22,False,False,False,benign,no_adverse_signal
kykep.com,2026-07-04,9,1.9219280948873623,0.0,0,0.25,-8.672985714285714,low,0.6,3,0.8,True,NOERROR,1,1,0,2,False,False,0,206888,HK,False,July Name Limited,2,365,True,0,False,False,,benign,no_adverse_signal
gettrumpgolf.com,2026-07-04,16,3.2516291673878226,0.0,0,0.3333333333333333,-7.513738095238095,low,0.5,3,0.8333333333333334,True,NOERROR,2,600,0,2,False,False,0,16509,US,True,"GoDaddy.com, LLC",3,365,True,37,False,False,,benign,no_adverse_signal
allforone.news,2026-07-04,14,2.725480556997868,0.0,0,0.8,-6.57214,low,0.6316,3,0.7777777777777778,True,NOERROR,1,900,1,2,False,False,0,15348,CA,False,,,,,0,False,False,False,benign,no_adverse_signal
f3wzqbriabf3o.xyz,2026-07-04,17,3.238901256602631,0.11764705882352941,0,0.375,-10.819621739130435,high,0.4,5,0.7692307692307693,False,NOERROR,0,,0,2,False,False,0,,,,"GoDaddy.com, LLC",2,365,True,,,False,,benign,no_adverse_signal
vetvaluator.com,2026-07-04,15,2.9139770731827523,0.0,0,0.8333333333333334,-7.072715789473683,low,0.5,2,0.7272727272727273,True,NOERROR,2,300,0,2,False,False,2,13335,US,False,"Spaceship, Inc.",3,365,False,0,False,False,,benign,no_adverse_signal
hyperfield.live,2026-07-04,15,3.121928094887362,0.0,0,0.42857142857142855,-7.294276470588236,low,0.5556,3,0.9,True,NOERROR,2,9,0,4,False,False,0,16509,US,True,,,,False,0,False,False,,benign,no_adverse_signal
jummyjjosendwiches.delivery,2026-07-04,27,3.5724312513221195,0.0,0,0.38461538461538464,-7.857681818181818,low,0.4516,5,0.7222222222222222,True,NOERROR,2,300,0,2,False,False,2,13335,US,False,,,,,0,False,False,,benign,no_adverse_signal
prakrtiksebashop.com,2026-07-04,20,3.375,0.0,0,0.45454545454545453,-7.217924137931034,low,0.4242,3,0.6875,True,NOERROR,1,1800,5,2,True,False,0,22612,US,False,NAMECHEAP INC,2,365,True,0,False,False,False,benign,no_adverse_signal
topshotbox.xyz,2026-07-04,14,2.6464393446710153,0.0,0,0.42857142857142855,-7.012223529411764,high,0.5882,3,0.7,True,NOERROR,2,3600,1,2,True,False,0,16509,US,True,"GMO Internet, Inc.",2,365,True,71,False,False,,malicious,abuseipdb
anfrage-aluwa.com,2026-07-04,17,3.085055102756477,0.0,1,1.0,-7.626030434782608,low,0.4545,3,0.7692307692307693,True,NOERROR,2,300,2,2,True,False,2,13335,US,False,PDR Ltd. d/b/a PublicDomainRegistry.com,2,365,True,0,False,False,False,benign,no_adverse_signal
thecourtyardcollective.com,2026-07-04,26,3.5383105956150054,0.0,0,0.5714285714285714,-6.68719512195122,low,0.4848,3,0.5909090909090909,False,NOERROR,0,,3,2,True,False,0,,,,"Cloudflare, Inc.",2,365,True,,,False,False,benign,no_adverse_signal
icydk.blog,2026-07-04,10,2.321928094887362,0.0,0,0.25,-9.026814285714286,low,0.5455,4,1.0,True,NOERROR,2,300,0,2,False,False,2,13335,US,False,"Spaceship, Inc.",2,365,True,0,False,False,,benign,no_adverse_signal
maileconomy.xyz,2026-07-04,15,3.0957952550009344,0.0,0,0.8333333333333334,-6.408347368421053,high,0.5833,2,0.8181818181818182,True,NOERROR,2,3600,1,2,True,False,0,16509,US,True,"GMO Internet, Inc.",2,365,True,29,False,False,,benign,no_adverse_signal
pixelandbase.com,2026-07-04,16,3.2516291673878226,0.0,0,0.7142857142857143,-6.8606333333333325,low,0.6316,3,0.8333333333333334,True,NOERROR,1,600,2,2,True,False,0,213230,US,True,"GoDaddy.com, LLC",2,365,True,0,False,False,False,benign,no_adverse_signal
cardmultichain.xyz,2026-07-04,18,3.378783493486176,0.0,0,0.5555555555555556,-6.777699999999999,high,0.5455,3,0.7857142857142857,True,NOERROR,2,3600,1,2,True,False,0,16509,US,True,"GMO Internet, Inc.",2,365,True,29,False,False,,benign,no_adverse_signal
a1x.click,2026-07-04,9,1.584962500721156,0.1111111111111111,0,1.0,-10.741233333333334,medium,0.5,1,1.0,True,NOERROR,1,360,5,2,True,False,0,396982,US,True,NAMECHEAP,2,365,False,0,False,False,False,benign,no_adverse_signal
sbomvault.xyz,2026-07-04,13,3.169925001442312,0.0,0,0.5,-8.051986666666666,high,0.5,2,1.0,True,NOERROR,2,3600,1,2,True,False,0,16509,US,True,"GMO Internet, Inc.",2,365,True,71,False,False,,malicious,abuseipdb
nm703.shop,2026-07-04,10,2.321928094887362,0.3,0,0.0,-11.763185714285713,low,0.4444,2,1.0,False,NOERROR,0,,0,2,False,False,0,,,,,,,False,,,False,,benign,no_adverse_signal
snoutsandsnobs.com,2026-07-04,18,2.7534343861887853,0.0,0,0.4,-7.224888,low,0.5,4,0.5714285714285714,True,NOERROR,1,1800,5,2,True,False,0,13335,CA,True,NAMECHEAP INC,2,365,True,0,False,False,False,benign,no_adverse_signal
glorecinternational.com,2026-07-04,23,3.260828171224456,0.0,0,0.7272727272727273,-6.06394,low,0.5,2,0.5263157894736842,True,NOERROR,1,50,1,2,False,False,0,47583,CY,False,"HOSTINGER operations, UAB",2,365,False,33,False,False,False,benign,no_adverse_signal
qv1-lvse.icu,2026-07-04,12,2.75,0.08333333333333333,1,0.2,-10.8344,low,0.5,3,0.875,False,NOERROR,0,,0,2,False,False,0,,,,"Zhengzhou Century Connect Electronic Technology Development Co., Ltd",2,365,False,,,False,,benign,no_adverse_signal
sleazeguide.com,2026-07-04,15,3.027169118440619,0.0,0,1.2,-7.4297736842105255,low,0.5,2,0.8181818181818182,True,NOERROR,1,1,0,2,False,False,0,211392,GB,False,"COSMOTOWN, INC.",3,365,True,0,False,False,,benign,no_adverse_signal
p3107.top,2026-07-04,9,2.321928094887362,0.4444444444444444,0,0.0,-10.545742857142857,high,0.5,1,1.0,True,NOERROR,1,1,0,2,False,True,0,209242,US,False,Dynadot LLC,2,365,True,0,False,,,benign,no_adverse_signal
casino-5902.buzz,2026-07-04,16,3.459431618637298,0.25,1,1.0,-8.24771052631579,high,0.4,1,1.0,True,NOERROR,2,300,0,2,False,False,0,13335,US,False,"Spaceship, Inc.",2,365,False,0,False,False,,benign,no_adverse_signal
pravinastex.online,2026-07-04,18,3.277613436819116,0.0,0,0.5714285714285714,-6.322152631578947,medium,0.625,2,0.9090909090909091,True,NOERROR,1,10800,3,2,True,False,0,22612,SG,True,NAMECHEAP INC,2,365,True,0,False,False,False,benign,no_adverse_signal
b2697.com,2026-07-04,9,2.321928094887362,0.4444444444444444,0,0.0,-11.566257142857143,low,0.4444,1,1.0,True,NOERROR,2,300,0,2,False,False,2,13335,US,False,Dynadot Inc,2,365,False,0,False,False,,benign,no_adverse_signal
jbunflzbs.icu,2026-07-04,13,2.94770277922009,0.0,0,0.125,-9.726426666666667,low,0.5333,6,0.8888888888888888,False,NOERROR,0,,0,2,False,False,0,,,,"Zhengzhou Century Connect Electronic Technology Development Co., Ltd",2,365,False,,,False,,benign,no_adverse_signal
zhaozhouwang.com,2026-07-04,16,2.9182958340544896,0.0,0,0.7142857142857143,-8.126385714285714,low,0.5,2,0.6666666666666666,True,NOERROR,1,600,0,2,False,False,0,23764,HK,False,"Vantage of Convergence (Chengdu) Technology Co., Ltd.",2,365,False,0,False,False,,benign,no_adverse_signal
uctctusdk.icu,2026-07-04,13,2.5032583347756456,0.0,0,0.2857142857142857,-7.915733333333334,low,0.4706,4,0.6666666666666666,True,NOERROR,1,600,0,2,False,False,0,132839,HK,False,"Zhengzhou Century Connect Electronic Technology Development Co., Ltd",2,365,False,0,False,False,,benign,no_adverse_signal
transformerreport.xyz,2026-07-04,21,3.051601636871704,0.0,0,0.4166666666666667,-6.405996774193548,high,0.48,3,0.5882352941176471,True,NOERROR,2,3600,1,2,True,False,0,16509,US,True,"GMO Internet, Inc.",3,365,True,29,False,False,,benign,no_adverse_signal
mithairituals.com,2026-07-04,17,3.0269868333592873,0.0,0,0.8571428571428571,-6.810669565217391,low,0.4706,2,0.6923076923076923,True,NOERROR,1,3600,0,2,False,False,0,209242,US,True,"GoDaddy.com, LLC",2,1096,True,0,False,False,,benign,no_adverse_signal
nakedgoddess.pics,2026-07-04,17,2.8553885422075336,0.0,0,0.5,-7.215123809523809,low,0.5455,2,0.6666666666666666,True,NOERROR,2,600,0,2,False,False,0,16509,US,True,Key-Systems GmbH,3,365,True,37,False,,,benign,no_adverse_signal
tryrevlnu.icu,2026-07-04,13,2.94770277922009,0.0,0,0.2857142857142857,-8.678066666666666,low,0.5,4,0.8888888888888888,False,NOERROR,0,,0,2,False,False,0,,,,"Zhengzhou Century Connect Electronic Technology Development Co., Ltd",2,365,False,,,,,unknown,no_reputation_coverage
muaythaiai.app,2026-07-04,14,2.6464393446710157,0.0,0,1.5,-7.749329411764705,low,0.5263,3,0.7,True,NOERROR,1,1799,5,2,True,False,0,16509,US,False,,,,False,0,False,,False,benign,no_adverse_signal
uzbcbcolympus.site,2026-07-04,18,3.238901256602631,0.0,0,0.3,-8.472408695652174,medium,0.4,5,0.7692307692307693,True,NOERROR,2,300,0,2,False,False,2,13335,US,False,NAMECHEAP INC,2,365,False,0,False,False,,benign,no_adverse_signal
hxg-lvse.icu,2026-07-04,12,3.0,0.0,1,0.16666666666666666,-10.141192307692307,low,0.5,3,1.0,False,NOERROR,0,,0,2,False,False,0,,,,"Zhengzhou Century Connect Electronic Technology Development Co., Ltd",2,365,False,,,False,,benign,no_adverse_signal
retaintrust.xyz,2026-07-04,15,2.845350936622437,0.0,0,0.5714285714285714,-6.110815789473684,high,0.6364,3,0.7272727272727273,True,NOERROR,2,3600,1,2,True,False,0,16509,US,True,"GMO Internet, Inc.",2,365,True,29,False,False,,benign,no_adverse_signal
vinixrz.pp.ua,2026-07-04,13,0.0,0.0,0,0.0,,low,,2,0.5,True,NOERROR,2,300,0,2,False,False,2,13335,US,False,NIC.UA LLC (nic-mnt-cunic),,,False,0,False,False,,benign,no_adverse_signal
washaccess.net,2026-07-04,14,2.4464393446710155,0.0,0,0.42857142857142855,-6.663676470588236,low,0.6087,2,0.6,True,NOERROR,2,600,0,2,False,False,0,16509,US,True,"GoDaddy.com, LLC",2,1096,True,31,False,False,,benign,no_adverse_signal
y54130378.vip,2026-07-04,13,2.94770277922009,0.6153846153846154,0,0.0,-11.249519999999999,low,0.3333,1,0.8888888888888888,False,NOERROR,0,,0,2,False,False,0,,,,Dynadot Inc,3,365,True,,,True,,malicious,spamhaus_dbl
flexepin.win,2026-07-04,12,2.75,0.0,0,0.6,-7.346976923076923,low,0.5333,2,0.875,False,NOERROR,0,,0,2,False,False,0,,,,"Cloudflare, Inc.",2,365,True,,,False,,benign,no_adverse_signal
72f-lvse.icu,2026-07-04,12,3.0,0.16666666666666666,1,0.25,-10.78236153846154,low,0.5,3,1.0,False,NOERROR,0,,0,2,False,False,0,,,,"Zhengzhou Century Connect Electronic Technology Development Co., Ltd",2,365,False,,,False,,benign,no_adverse_signal
hipobuyspreadsheethub.homes,2026-07-04,27,3.5585186130489057,0.0,0,0.6153846153846154,-7.1828179487179495,low,0.4138,4,0.6190476190476191,True,NOERROR,2,300,0,2,False,False,0,16509,US,True,"Spaceship, Inc.",2,365,False,1,False,False,,benign,no_adverse_signal
allprolawnandmaintenance.com,2026-07-04,28,3.336038815261278,0.0,0,0.6,-6.650986666666666,low,0.4706,4,0.5416666666666666,True,NOERROR,4,10800,1,4,True,False,0,53831,US,False,Squarespace Domains II LLC,3,365,True,32,False,False,False,benign,no_adverse_signal
free-flow-ventures.com,2026-07-04,22,3.3921472236645345,0.0,2,0.6,-7.3069848484848485,low,0.5,2,0.6666666666666666,True,NOERROR,2,300,2,2,True,False,2,13335,US,False,"Cloudflare, Inc.",2,365,True,0,False,False,True,benign,no_adverse_signal
lakesumterliving.com,2026-07-04,20,3.625,0.0,0,0.6,-6.847731034482759,low,0.4444,2,0.8125,True,NOERROR,1,3600,0,2,True,False,0,206834,DE,False,Internet Domain Service BS Corp.,737,1095,True,0,False,False,,benign,no_adverse_signal
32bet.bar,2026-07-04,9,2.321928094887362,0.2222222222222222,0,0.5,-8.99527142857143,low,0.5,1,1.0,True,NOERROR,1,300,0,2,False,False,0,206834,DE,False,"Dynadot, LLC",2,365,False,11,False,False,,benign,no_adverse_signal
gptpoolai.xyz,2026-07-04,13,2.725480556997868,0.0,0,0.8,-7.586346666666667,high,0.6316,4,0.7777777777777778,True,NOERROR,2,3600,1,2,True,False,0,16509,US,True,"GMO Internet, Inc.",3,365,True,71,False,False,,malicious,abuseipdb
1a99.org,2026-07-04,8,1.5,0.375,0,1.0,-10.52868,low,0.2857,0,0.75,True,NOERROR,1,300,0,2,False,False,0,206834,DE,False,Dynadot Inc,2,365,False,11,False,False,,benign,no_adverse_signal
ujg-lvse.icu,2026-07-04,12,3.0,0.0,1,0.4,-10.059776923076923,low,0.5714,3,1.0,False,NOERROR,0,,0,2,False,False,0,,,,"Zhengzhou Century Connect Electronic Technology Development Co., Ltd",2,365,False,,,False,,benign,no_adverse_signal
smileygotcha.com,2026-07-04,16,3.584962500721156,0.0,0,0.5,-7.210861904761905,low,0.4706,3,1.0,True,NOERROR,2,300,0,2,False,False,0,16509,US,True,"Spaceship, Inc.",2,365,False,1,False,False,,benign,no_adverse_signal
vaytorg.com,2026-07-04,11,2.807354922057604,0.0,0,0.4,-7.329218181818181,low,0.5333,2,1.0,True,NOERROR,1,1800,1,2,True,False,0,12996,NO,False,Name SRS AB,2,365,True,0,False,False,False,benign,no_adverse_signal
simplefield.lat,2026-07-04,15,2.9139770731827523,0.0,0,0.5714285714285714,-7.0022315789473675,low,0.5263,3,0.7272727272727273,True,NOERROR,2,300,0,2,False,False,2,13335,US,False,"Spaceship, Inc.",2,365,False,0,False,False,,benign,no_adverse_signal
uj05cwd21z.icu,2026-07-04,14,3.321928094887362,0.2857142857142857,0,0.2,-11.979923529411765,low,0.3529,3,1.0,True,NOERROR,9,3600,1,2,False,False,0,60592,CZ,False,"Gransy, s.r.o.",2,365,False,0,True,False,False,malicious,spamhaus_zen
claimcabin.xyz,2026-07-04,14,2.721928094887362,0.0,0,0.6666666666666666,-7.1815,high,0.5263,2,0.7,True,NOERROR,2,3600,1,2,True,False,0,16509,US,True,"GMO Internet, Inc.",2,365,True,29,False,False,,benign,no_adverse_signal
abbaoh.cc,2026-07-04,9,1.9182958340544893,0.0,0,1.0,-8.228122222222222,low,0.6667,2,0.6666666666666666,True,NOERROR,4,400,0,2,False,False,0,47583,CY,False,"HOSTINGER operations, UAB",2,365,False,33,False,False,,benign,no_adverse_signal
ndwhi.ch,2026-07-04,8,2.321928094887362,0.0,0,0.25,-8.1779,low,0.6,4,1.0,False,NOERROR,0,,2,2,True,False,0,,,,,,,False,,,False,False,benign,no_adverse_signal
dsokr6yeze.garden,2026-07-04,17,3.1219280948873624,0.058823529411764705,0,0.5,-9.888764705882354,low,0.5333,2,0.9,True,NOERROR,1,300,0,2,False,False,0,45102,HK,False,Global Domain Group LLC,2,365,True,0,False,False,,benign,no_adverse_signal
wrnjzonmj.icu,2026-07-04,13,2.725480556997868,0.0,0,0.125,-9.719966666666666,low,0.5714,5,0.7777777777777778,False,NOERROR,0,,0,2,False,False,0,,,,"Zhengzhou Century Connect Electronic Technology Development Co., Ltd",2,365,False,,,False,,benign,no_adverse_signal
melbet-nwl.top,2026-07-04,14,2.9219280948873623,0.0,1,0.2857142857142857,-8.123976470588234,high,0.5556,3,0.8,True,NOERROR,1,7200,0,3,False,False,0,57724,RU,True,"NameSilo, LLC",2,365,True,0,False,False,,benign,no_adverse_signal
roadriderecovery.co.uk,2026-07-04,22,2.952819531114783,0.0,0,0.7777777777777778,-6.483544827586207,low,0.6087,2,0.5625,True,NOERROR,1,50,2,2,True,False,0,47583,CY,False,Realtime Register BV t/a Axidomains [Tag = AXIDOMAINS],3,365,False,33,False,False,False,benign,no_adverse_signal
facebook-busines.com,2026-07-04,20,3.5,0.0,1,0.875,-6.955886206896552,low,0.6667,1,0.75,True,NOERROR,4,10800,1,4,True,False,0,53831,US,False,Squarespace Domains II LLC,2,365,True,22,False,False,False,benign,no_adverse_signal
collierantiaboiement.info,2026-07-04,25,3.346439344671015,0.0,0,1.0,-6.634710810810811,medium,0.5294,2,0.55,False,NOERROR,0,,0,2,False,False,0,,,,,,,,,,False,,benign,no_adverse_signal
mcpguardlab.xyz,2026-07-04,15,3.277613436819116,0.0,0,0.375,-8.011984210526316,high,0.5455,4,0.9090909090909091,True,NOERROR,2,3600,1,2,True,False,0,16509,US,True,"GMO Internet, Inc.",2,365,True,29,False,False,,benign,no_adverse_signal
originepuglia.com,2026-07-04,17,3.180832987205441,0.0,0,1.1666666666666667,-7.0357,low,0.5,2,0.7692307692307693,True,NOERROR,1,300,1,4,False,False,0,31034,IT,True,"TUCOWS.COM, CO.",2,365,True,0,False,False,False,benign,no_adverse_signal
a1q6.com,2026-07-04,8,2.0,0.25,0,1.0,-12.6783,low,0.5714,1,1.0,True,NOERROR,1,300,0,2,False,False,0,134548,SC,False,Dynadot Inc,2,365,False,0,False,False,,benign,no_adverse_signal
soupup.ru,2026-07-04,9,1.9182958340544896,0.0,0,1.0,-7.509844444444444,low,0.6667,1,0.6666666666666666,True,NOERROR,1,10800,0,2,False,False,0,197695,RU,False,REGRU-RU,3,365,False,0,False,False,,benign,no_adverse_signal
showcaserescue.com,2026-07-04,18,2.9852281360342516,0.0,0,0.75,-6.857276000000001,low,0.5161,2,0.6428571428571429,True,NOERROR,2,300,2,2,True,False,2,47583,CY,False,"HOSTINGER operations, UAB",2,365,False,0,False,False,False,benign,no_adverse_signal
qidixi.com,2026-07-04,10,1.7924812503605778,0.0,0,1.0,-8.1926,low,0.5,1,0.6666666666666666,False,NOERROR,0,,0,2,False,False,0,,,,"Guangdong JinWanBang Technology Investment Co., Ltd.",2,365,False,,,False,,benign,no_adverse_signal
paycloudfeed.xyz,2026-07-04,16,3.251629167387823,0.0,0,0.7142857142857143,-7.051780952380953,high,0.6364,3,0.8333333333333334,True,NOERROR,2,3600,1,2,True,False,0,16509,US,True,"GMO Internet, Inc.",2,365,True,29,False,False,,benign,no_adverse_signal
buildingar.xyz,2026-07-04,14,3.121928094887362,0.0,0,0.6666666666666666,-6.688635294117647,high,0.5714,2,0.9,True,NOERROR,2,3600,1,2,True,False,0,16509,US,True,"GMO Internet, Inc.",3,365,True,29,False,False,,benign,no_adverse_signal
freehandwritingbook.com,2026-07-04,23,3.7216117239699007,0.0,0,0.5833333333333334,-7.004605714285715,low,0.4444,4,0.7368421052631579,False,timeout,0,,0,0,False,False,0,,,,NAMECHEAP INC,2,365,True,,,False,,benign,no_adverse_signal
chitmultichain.xyz,2026-07-04,18,3.039148671903071,0.0,0,0.5555555555555556,-6.7416920000000005,high,0.48,2,0.6428571428571429,True,NOERROR,2,3600,1,2,True,False,0,16509,US,True,"GMO Internet, Inc.",2,365,True,71,False,False,,malicious,abuseipdb
aigridly.xyz,2026-07-04,12,2.75,0.0,0,0.6,-7.487592307692308,high,0.5333,3,0.875,True,NOERROR,2,3600,1,2,True,False,0,16509,US,True,"GMO Internet, Inc.",2,365,True,29,False,False,,benign,no_adverse_signal
tgadsapp.net,2026-07-04,12,2.5,0.0,0,0.3333333333333333,-7.143461538461538,low,0.625,2,0.75,False,NOERROR,0,,0,2,False,False,0,,,,"Cloudflare, Inc.",2,365,True,,,False,,benign,no_adverse_signal
neuropet.xyz,2026-07-04,12,2.75,0.0,0,1.0,-6.709830769230769,high,0.7143,1,0.875,True,NOERROR,2,3600,1,2,True,False,0,16509,US,True,"GMO Internet, Inc.",3,365,True,29,False,False,,benign,no_adverse_signal
7yaops03gh.garden,2026-07-04,17,3.321928094887362,0.17647058823529413,0,0.4,-10.35224705882353,low,0.4211,2,1.0,True,NOERROR,1,300,0,2,False,False,0,45102,HK,False,Global Domain Group LLC,2,365,True,0,False,False,,benign,no_adverse_signal
elvantpost.no,2026-07-04,13,3.121928094887362,0.0,0,0.42857142857142855,-6.972464705882353,low,0.6,3,0.9,True,NOERROR,2,300,1,2,True,False,2,13335,US,False,,3,,False,0,False,False,False,benign,no_adverse_signal
canadawinsharkcasino.ca,2026-07-04,23,3.203701696057348,0.0,0,0.6666666666666666,-6.627983783783784,low,0.5161,3,0.55,True,NOERROR,1,300,0,2,False,False,0,206834,DE,False,8648255 CANADA LTD. O/A Dynadot LLC,10,365,True,11,False,False,,benign,no_adverse_signal
gamemultichain.xyz,2026-07-04,18,3.378783493486176,0.0,0,0.75,-6.544263999999999,high,0.4762,2,0.7857142857142857,True,NOERROR,2,3600,1,2,True,False,0,16509,US,True,"GMO Internet, Inc.",2,365,True,29,False,False,,benign,no_adverse_signal
8m5orj.top,2026-07-04,10,2.584962500721156,0.2,0,0.3333333333333333,-11.485455555555555,high,0.375,2,1.0,True,NOERROR,2,300,0,2,False,False,0,13335,US,False,GLOBAL ASSET DOMAINS INC.,2,365,True,0,False,False,,benign,no_adverse_signal
xfzofuoe.com,2026-07-04,12,2.5,0.0,0,1.0,-10.562884615384615,low,0.5,3,0.75,False,NOERROR,0,,0,2,False,False,0,,,,"Name.com, Inc.",2,365,True,,,False,,benign,no_adverse_signal
aclabs.online,2026-07-04,13,2.2516291673878226,0.0,0,0.5,-6.8071,medium,0.6667,2,0.8333333333333334,False,NOERROR,0,,1,2,False,False,0,,,,NAMECHEAP INC,2,731,True,,,False,False,benign,no_adverse_signal
dfoldmxiv.icu,2026-07-04,13,2.94770277922009,0.0,0,0.2857142857142857,-8.687753333333335,low,0.5,4,0.8888888888888888,False,NOERROR,0,,0,2,False,False,0,,,,"Zhengzhou Century Connect Electronic Technology Development Co., Ltd",2,365,False,,,False,,benign,no_adverse_signal
jojobet9270.com,2026-07-04,15,3.0957952550009344,0.26666666666666666,0,0.75,-9.076752631578948,low,0.4211,1,0.8181818181818182,True,NOERROR,2,600,0,2,False,False,0,16509,US,True,"Wild West Domains, LLC",2,365,True,19,False,False,,benign,no_adverse_signal
xn--12cav7im1e0bxdwdc.xn--o3cw4h,2026-07-04,32,3.9161269465882835,0.21875,4,0.2727272727272727,-10.51047435897436,low,0.3333,6,0.7619047619047619,True,NOERROR,2,300,0,3,False,False,0,147300,TH,False,,,,,0,False,False,,benign,no_adverse_signal
golfhub.store,2026-07-04,13,2.807354922057604,0.0,0,0.4,-8.087672727272727,low,0.6154,3,1.0,True,NOERROR,1,10800,0,2,False,False,0,16509,US,True,,,,False,0,False,False,,benign,no_adverse_signal
bmnphotos.com,2026-07-04,13,2.94770277922009,0.0,0,0.2857142857142857,-7.9026266666666665,low,0.5,5,0.8888888888888888,True,NOERROR,4,3600,1,2,False,False,0,54113,US,True,"GoDaddy.com, LLC",2,1096,True,25,False,False,False,benign,no_adverse_signal
internationalboxingleagues.com,2026-07-04,30,3.53641423712223,0.0,0,0.8571428571428571,-6.498602040816326,low,0.4211,3,0.5,True,NOERROR,2,3600,2,2,True,False,0,16509,US,True,"GoDaddy.com, LLC",2,1096,True,24,False,False,False,benign,no_adverse_signal
yourgriefmentor.com,2026-07-04,19,3.3232314287976203,0.0,0,0.6666666666666666,-7.0952518518518515,low,0.5385,3,0.7333333333333333,True,NOERROR,2,600,0,2,False,False,0,16509,US,True,"GoDaddy.com, LLC",2,1096,True,31,False,False,,benign,no_adverse_signal
thermalgpt.xyz,2026-07-04,14,3.121928094887362,0.0,0,0.25,-7.2336647058823536,high,0.4762,4,0.9,True,NOERROR,2,3600,1,2,True,False,0,16509,US,True,"GMO Internet, Inc.",2,365,True,71,False,False,,malicious,abuseipdb
knp7bv5hiq.cyou,2026-07-04,15,3.321928094887362,0.13333333333333333,0,0.14285714285714285,-11.578994117647058,low,0.375,3,1.0,True,NOERROR,9,3600,1,2,False,False,0,60592,CZ,False,"Gransy, s.r.o.",2,365,False,0,True,False,False,malicious,spamhaus_zen
bbisuybi.shop,2026-07-04,13,2.1556390622295662,0.0,0,0.6,-8.404846153846155,low,0.5,2,0.625,True,NOERROR,1,1800,0,2,False,False,0,396073,US,True,,,,False,0,False,False,,benign,no_adverse_signal
entiquity.com,2026-07-04,13,2.725480556997868,0.0,0,0.8,-6.9089599999999995,low,0.6667,2,0.7777777777777778,False,NOERROR,0,,0,2,False,False,0,,,,"Cloudflare, Inc.",2,365,True,,,False,,benign,no_adverse_signal
wplrkxmjz.icu,2026-07-04,13,3.169925001442312,0.0,0,0.0,-10.735446666666666,low,0.4286,9,1.0,False,NOERROR,0,,0,2,False,False,0,,,,"Zhengzhou Century Connect Electronic Technology Development Co., Ltd",2,365,False,,,False,,benign,no_adverse_signal
shopbanhang.click,2026-07-04,17,2.9139770731827523,0.0,0,0.375,-6.852168421052632,medium,0.4706,2,0.7272727272727273,True,NOERROR,3,300,0,2,False,False,1,135905,VN,False,iNET SOFTWARE COMPANY LIMITED,2,365,False,0,True,False,,malicious,spamhaus_zen
fedwiseadvisors.net,2026-07-04,19,3.1898980954642866,0.0,0,0.6666666666666666,-7.061085185185186,low,0.5,2,0.6666666666666666,True,NOERROR,4,10800,0,8,False,False,0,53831,US,False,"Network Solutions, LLC",2,731,False,31,False,False,,benign,no_adverse_signal
psicofreshminds.online,2026-07-04,22,3.4565647621309536,0.0,0,0.36363636363636365,-6.971751851851852,medium,0.5517,3,0.8,False,SERVFAIL,0,,0,0,False,False,0,,,,DonDominio (SCIP),3,365,False,,,False,,benign,no_adverse_signal
free-dy.com,2026-07-04,11,2.5216406363433186,0.0,1,0.5,-7.6080545454545465,low,0.5,2,0.8571428571428571,True,NOERROR,4,60,0,4,False,False,0,16509,US,True,"Gabia, Inc.",3,365,False,0,False,False,,benign,no_adverse_signal
rn7zp7.surf,2026-07-04,11,2.2516291673878226,0.18181818181818182,0,0.0,-11.571055555555555,low,0.5455,2,0.8333333333333334,True,NOERROR,1,30,0,2,False,False,0,209242,US,False,Dynadot Inc,2,365,True,0,True,False,,malicious,spamhaus_zen
braintranslation.xyz,2026-07-04,20,3.0306390622295662,0.0,0,0.6,-6.0782482758620695,high,0.5185,3,0.5625,True,NOERROR,2,3600,1,2,True,False,0,16509,US,True,"GMO Internet, Inc.",2,365,True,29,False,False,,benign,no_adverse_signal
headxr.xyz,2026-07-04,10,2.584962500721156,0.0,0,0.5,-8.084822222222222,high,0.5714,3,1.0,True,NOERROR,2,3600,1,2,True,False,0,16509,US,True,"GMO Internet, Inc.",3,365,True,71,False,False,,malicious,abuseipdb
mbzhfx-tw.asia,2026-07-04,14,3.169925001442312,0.0,1,0.0,-10.6004,low,0.375,6,1.0,False,NOERROR,0,,1,2,True,False,0,,,,"DNSPod, Inc.",2,365,True,,,False,False,benign,no_adverse_signal
vntk66live.com,2026-07-04,14,2.9219280948873623,0.14285714285714285,0,0.3333333333333333,-9.298523529411764,low,0.5714,4,0.8,True,NOERROR,2,300,0,2,False,False,2,13335,US,False,"Spaceship, Inc.",2,365,False,0,False,False,,benign,no_adverse_signal
mfh7fr2jmj.cyou,2026-07-04,15,2.7219280948873625,0.13333333333333333,0,0.0,-12.302035294117648,low,0.3529,3,0.7,True,NOERROR,9,3600,1,2,False,False,0,60592,CZ,False,"Gransy, s.r.o.",2,365,False,0,True,False,False,malicious,spamhaus_zen
lafanal.com,2026-07-04,11,1.8423709931771088,0.0,0,0.75,-6.641,low,0.5556,1,0.5714285714285714,True,NOERROR,1,300,0,2,False,False,0,16509,US,False,"Cloudflare, Inc.",2,365,True,0,False,False,,benign,no_adverse_signal
burstsgpt.xyz,2026-07-04,13,2.725480556997868,0.0,0,0.125,-7.78812,high,0.5263,7,0.7777777777777778,True,NOERROR,2,3600,1,2,True,False,0,16509,US,True,"GMO Internet, Inc.",2,365,True,29,False,False,,benign,no_adverse_signal
hxsdenos.com,2026-07-04,12,2.75,0.0,0,0.3333333333333333,-8.124515384615385,low,0.5,4,0.875,False,SERVFAIL,0,,0,0,False,False,0,,,,NAMECHEAP INC,2,365,True,,,False,,benign,no_adverse_signal
sedeagenclo.click,2026-07-04,17,3.027169118440619,0.0,0,0.8333333333333334,-6.515952631578948,medium,0.5882,3,0.8181818181818182,True,NOERROR,1,600,0,2,False,False,0,132203,JP,False,NameMart Pte. Ltd.,3,365,False,0,True,False,,malicious,spamhaus_zen
loyaltech.xyz,2026-07-04,13,2.94770277922009,0.0,0,0.5,-6.765206666666667,high,0.5556,2,0.8888888888888888,True,NOERROR,2,3600,1,2,True,False,0,16509,US,True,"GMO Internet, Inc.",2,365,True,29,False,False,,benign,no_adverse_signal
pleteworks.info,2026-07-04,15,3.121928094887362,0.0,0,0.42857142857142855,-6.689741176470588,medium,0.6923,3,0.9,True,NOERROR,2,300,1,2,True,False,2,13335,US,False,,,,,0,False,False,False,benign,no_adverse_signal
trailerstepsconversion.com,2026-07-04,26,3.447401504705915,0.0,0,0.5714285714285714,-6.336575609756098,low,0.4706,3,0.5454545454545454,True,NOERROR,2,5,0,4,False,False,0,16509,US,True,Porkbun LLC,744,1095,False,0,False,False,,benign,no_adverse_signal
3666bd.biz,2026-07-04,10,1.7924812503605778,0.4,0,0.0,-10.518466666666667,low,0.4444,2,0.6666666666666666,True,NOERROR,2,300,0,2,False,False,2,13335,US,False,Dynadot Inc,2,,True,0,False,False,,benign,no_adverse_signal
5idnf.top,2026-07-04,9,2.321928094887362,0.1111111111111111,0,0.3333333333333333,-9.484057142857143,high,0.5455,3,1.0,True,NOERROR,3,60,0,2,False,True,0,209242,US,False,"Spaceship, Inc.",3,365,True,0,False,True,,malicious,spamhaus_dbl
crihgjkjifdytuytr.xyz,2026-07-04,21,3.4992275471326932,0.0,0,0.21428571428571427,-9.639290322580644,high,0.3571,5,0.7058823529411765,True,NOERROR,2,300,0,2,False,False,2,13335,US,False,"Spaceship, Inc.",2,365,False,0,False,False,,benign,no_adverse_signal
loveidbonito.com,2026-07-04,16,3.0220552088742,0.0,0,1.0,-7.0208619047619045,low,0.5455,2,0.75,True,NOERROR,2,300,0,2,False,False,2,13335,US,False,NAMECHEAP INC,2,365,True,0,False,False,,benign,no_adverse_signal
easymorph.xyz,2026-07-04,13,3.169925001442312,0.0,0,0.5,-7.363166666666667,high,0.5,3,1.0,True,NOERROR,2,3600,1,2,True,False,0,16509,US,True,"GMO Internet, Inc.",2,365,True,71,False,False,,malicious,abuseipdb
claimsserver.xyz,2026-07-04,16,3.084962500721156,0.0,0,0.5,-6.6129999999999995,high,0.6957,3,0.75,True,NOERROR,2,3600,1,2,True,False,0,16509,US,True,"GMO Internet, Inc.",2,365,True,71,False,False,,malicious,abuseipdb
gptmmafia.xyz,2026-07-04,13,2.725480556997868,0.0,0,0.5,-8.374726666666666,high,0.5714,5,0.7777777777777778,True,NOERROR,2,3600,1,2,True,False,0,16509,US,True,"GMO Internet, Inc.",2,365,True,29,False,False,,benign,no_adverse_signal
patasucia.online,2026-07-04,16,2.6416041678685933,0.0,0,1.25,-6.89576,medium,0.6667,1,0.7777777777777778,True,NOERROR,2,120,0,4,False,False,0,16509,DE,True,"HOSTINGER operations, UAB",2,365,False,18,False,False,,benign,no_adverse_signal
uronlin.store,2026-07-04,13,2.521640636343318,0.0,0,0.75,-5.930281818181817,low,0.7143,2,0.8571428571428571,True,NOERROR,2,300,0,2,False,False,2,13335,US,False,,,,False,0,False,,,benign,no_adverse_signal
ql7tgx4pzy.com,2026-07-04,14,3.321928094887362,0.14285714285714285,0,0.0,-12.202258823529412,low,0.3529,3,1.0,True,NOERROR,2,300,0,2,False,True,2,13335,US,False,Realtime Register B.V.,2,365,False,0,False,False,,benign,no_adverse_signal
payflowrisk.xyz,2026-07-04,15,3.459431618637298,0.0,0,0.375,-7.461957894736842,high,0.5217,3,1.0,True,NOERROR,2,3600,1,2,True,False,0,16509,US,True,"GMO Internet, Inc.",2,365,True,71,False,False,,malicious,abuseipdb
999bdlogin.pro,2026-07-04,14,2.8464393446710154,0.21428571428571427,0,0.4,-8.378941176470589,low,0.4762,3,0.8,True,NOERROR,1,300,0,2,False,False,0,206834,DE,False,,,,,11,False,True,,malicious,spamhaus_dbl
operatormindai.com,2026-07-04,18,3.2359263506290334,0.0,0,1.0,-6.192632,low,0.6,2,0.7142857142857143,False,timeout,0,,0,0,False,False,0,,,,"GoDaddy.com, LLC",2,731,True,,,False,,benign,no_adverse_signal
jt888.pro,2026-07-04,9,1.3709505944546687,0.3333333333333333,0,0.0,-9.997257142857142,low,0.2667,2,0.6,True,NOERROR,2,300,0,2,False,False,2,13335,US,False,,,,,0,False,False,,benign,no_adverse_signal
unboundtradex.com,2026-07-04,17,3.238901256602631,0.0,0,0.625,-6.885221739130435,low,0.4545,4,0.7692307692307693,True,NOERROR,1,600,0,2,False,False,0,16509,US,True,"DNSPod, Inc.",2,365,False,0,False,False,,benign,no_adverse_signal
hillgateventures.com,2026-07-04,20,3.452819531114783,0.0,0,0.6,-6.629334482758621,low,0.5385,3,0.75,True,NOERROR,2,1800,0,2,False,False,0,16509,US,False,"Name.com, Inc.",2,365,True,0,False,False,,benign,no_adverse_signal
encorweston.onl,2026-07-04,15,2.9139770731827523,0.0,0,0.5714285714285714,-6.4790052631578945,low,0.5,2,0.7272727272727273,True,NOERROR,2,300,0,2,False,False,2,13335,US,False,,,,,0,False,,,benign,no_adverse_signal
coldsince.com,2026-07-04,13,2.94770277922009,0.0,0,0.5,-6.672793333333333,low,0.6154,3,0.8888888888888888,True,NOERROR,2,120,0,4,False,False,0,16509,DE,True,"Name.com, Inc.",2,365,True,16,False,False,,benign,no_adverse_signal
karposailing.com,2026-07-04,16,3.2516291673878226,0.0,0,0.7142857142857143,-6.475580952380953,low,0.5455,2,0.8333333333333334,False,SERVFAIL,0,,0,0,False,False,0,,,,"Gransy, s.r.o.",2,365,False,,,False,,benign,no_adverse_signal
grandislandeye.de,2026-07-04,17,3.2359263506290334,0.0,0,0.5555555555555556,-6.512256,low,0.5455,2,0.7142857142857143,True,NOERROR,2,30,0,2,False,False,4,24940,DE,True,,,,False,0,False,False,,benign,no_adverse_signal
3dadvance.xyz,2026-07-04,13,2.725480556997868,0.07692307692307693,0,0.6,-7.375173333333334,high,0.5556,2,0.7777777777777778,True,NOERROR,2,3600,1,2,True,False,0,16509,US,True,"GMO Internet, Inc.",3,365,True,71,False,False,,malicious,abuseipdb
q6iddw.cc,2026-07-04,9,2.251629167387823,0.1111111111111111,0,0.25,-11.632566666666667,low,0.5,3,0.8333333333333334,True,NOERROR,2,60,0,2,False,False,0,8075,HK,False,Dynadot Inc,2,365,False,0,True,False,,malicious,spamhaus_zen
zoinstitute.store,2026-07-04,17,2.8453509366224368,0.0,0,0.8333333333333334,-6.732363157894737,low,0.5882,3,0.7272727272727273,True,NOERROR,2,600,0,2,False,False,0,16509,US,True,,,,False,37,False,False,,benign,no_adverse_signal
qei1t0n5.shop,2026-07-04,13,3.0,0.23076923076923078,0,0.6666666666666666,-12.60253076923077,low,0.4615,1,1.0,False,timeout,0,,0,0,False,False,0,,,,,,,False,,,False,,benign,no_adverse_signal
xiaokea17.shop,2026-07-04,14,2.94770277922009,0.14285714285714285,0,2.5,-8.751146666666667,low,0.5333,1,0.8888888888888888,True,NOERROR,2,60,2,2,True,False,2,47583,DE,False,,,,False,3,False,False,False,benign,no_adverse_signal
pbpnbz2441.top,2026-07-04,14,2.7219280948873625,0.2857142857142857,0,0.0,-10.844417647058822,high,0.375,6,0.7,False,NOERROR,0,,0,2,False,False,0,,,,Dynadot LLC,3,365,True,,,False,,benign,no_adverse_signal
lec-lvse.icu,2026-07-04,12,2.5,0.0,1,0.4,-8.5784,low,0.5556,3,0.75,False,NOERROR,0,,0,2,False,False,0,,,,"Zhengzhou Century Connect Electronic Technology Development Co., Ltd",2,365,False,,,False,,benign,no_adverse_signal
h2s-lvse.icu,2026-07-04,12,2.75,0.08333333333333333,1,0.2,-10.113046153846154,low,0.5,3,0.875,False,NOERROR,0,,0,2,False,False,0,,,,"Zhengzhou Century Connect Electronic Technology Development Co., Ltd",2,365,False,,,False,,benign,no_adverse_signal
cacadoresdebonsexemplos.com,2026-07-04,27,3.501397825434103,0.0,0,0.6428571428571429,-6.86376046511628,low,0.4444,3,0.5652173913043478,True,NOERROR,1,10800,0,2,False,False,0,16509,US,True,"TUCOWS.COM, CO.",1102,1461,True,0,False,False,,benign,no_adverse_signal
hotgpt.xyz,2026-07-04,10,2.2516291673878226,0.0,0,0.2,-8.27111111111111,high,0.7692,4,0.8333333333333334,True,NOERROR,2,3600,1,2,True,False,0,16509,US,True,"GMO Internet, Inc.",2,365,True,71,False,False,,malicious,abuseipdb
paynevariomx.com,2026-07-04,16,3.418295834054489,0.0,0,0.7142857142857143,-7.431185714285714,low,0.5217,2,0.9166666666666666,True,NOERROR,2,300,0,2,False,False,2,13335,US,False,"Spaceship, Inc.",2,365,False,0,False,False,,benign,no_adverse_signal
ordinalsjournal.xyz,2026-07-04,19,3.2402239289418517,0.0,0,0.6666666666666666,-6.893848148148148,high,0.4545,3,0.6666666666666666,True,NOERROR,2,3600,1,2,True,False,0,16509,US,True,"GMO Internet, Inc.",3,365,True,29,False,False,,benign,no_adverse_signal
dk-trickz.com,2026-07-04,13,2.94770277922009,0.0,1,0.14285714285714285,-7.950793333333333,low,0.4706,3,0.8888888888888888,False,NOERROR,0,,0,0,False,False,0,,,,URL SOLUTIONS INC.,2,365,True,,,True,,malicious,spamhaus_dbl
casinoregulategaming.run,2026-07-04,24,3.5464393446710156,0.0,0,0.8181818181818182,-6.332683783783784,low,0.4571,2,0.65,True,NOERROR,1,60,0,2,False,True,1,210756,RU,False,,,,,0,False,True,,malicious,spamhaus_dbl
brandonelevation.com,2026-07-04,20,3.327819531114783,0.0,0,0.7777777777777778,-6.200734482758621,low,0.5217,2,0.6875,True,NOERROR,2,600,0,2,False,False,0,16509,US,True,"GoDaddy.com, LLC",2,365,True,37,False,False,,benign,no_adverse_signal
steerapp.xyz,2026-07-04,12,2.5,0.0,0,0.6,-6.188384615384615,high,0.6667,2,0.75,True,NOERROR,2,3600,1,2,True,False,0,16509,US,True,"GMO Internet, Inc.",3,365,True,71,False,False,,malicious,abuseipdb
anmapp.org,2026-07-04,10,1.9182958340544896,0.0,0,0.5,-6.793533333333333,low,0.5714,2,0.6666666666666666,True,NOERROR,3,3600,0,2,False,False,0,58182,US,True,"TUCOWS.COM, CO.",2,365,True,19,False,False,,benign,no_adverse_signal
fn0817.space,2026-07-04,12,2.584962500721156,0.3333333333333333,0,0.0,-11.504311111111111,low,0.3636,2,1.0,True,NOERROR,1,1800,5,2,True,False,0,24940,DE,True,NAMECHEAP INC,2,365,True,0,False,False,False,benign,no_adverse_signal
br456-login.com,2026-07-04,15,3.459431618637298,0.2,1,0.4,-9.405094736842106,low,0.4444,2,1.0,True,NOERROR,2,300,0,2,False,False,2,13335,US,False,"NameSilo, LLC",32,365,False,0,False,False,,benign,no_adverse_signal
g7d3.com,2026-07-04,8,2.0,0.25,0,0.0,-12.10182,low,0.5,1,1.0,True,NOERROR,1,3600,0,2,False,False,0,400619,SC,False,"GoDaddy.com, LLC",2,365,True,0,False,False,,benign,no_adverse_signal
modernlovelessons.com,2026-07-04,21,3.0130709291038453,0.0,0,0.5454545454545454,-6.493696774193548,low,0.4667,3,0.5294117647058824,True,NOERROR,1,1800,5,2,True,False,0,22612,US,False,NAMECHEAP INC,2,365,True,0,False,False,False,benign,no_adverse_signal
wanxiangyouling.com,2026-07-04,19,3.189898095464287,0.0,0,0.6666666666666666,-7.097066666666667,low,0.4762,3,0.6666666666666666,False,NOERROR,0,,0,2,False,False,0,,,,Alibaba Cloud Computing Ltd. d/b/a HiChina (www.net.cn),2,365,False,,,False,,benign,no_adverse_signal
allthrowbacks.com,2026-07-04,17,3.3927474104487847,0.0,0,0.3,-7.286786956521739,low,0.4828,5,0.8461538461538461,True,NOERROR,4,10800,0,4,True,False,0,53831,US,False,Squarespace Domains LLC,3,365,True,31,False,False,,benign,no_adverse_signal
8265u.com,2026-07-04,9,2.321928094887362,0.4444444444444444,0,1.0,-11.996842857142857,low,0.2857,0,1.0,True,NOERROR,2,300,0,2,False,False,2,13335,US,False,Dynadot Inc,2,365,False,0,False,False,,benign,no_adverse_signal
customersgpt.xyz,2026-07-04,16,3.2516291673878226,0.0,0,0.3333333333333333,-7.060823809523809,high,0.5263,5,0.8333333333333334,True,NOERROR,2,3600,1,2,True,False,0,16509,US,True,"GMO Internet, Inc.",2,365,True,29,False,False,,benign,no_adverse_signal
totaletiy.top,2026-07-04,13,2.6416041678685933,0.0,0,0.8,-6.68352,high,0.5333,1,0.7777777777777778,True,NOERROR,1,7207,0,3,False,False,0,36352,US,False,"NameSilo, LLC",2,365,True,0,False,False,,benign,no_adverse_signal
mobforum.net,2026-07-04,12,2.5,0.0,0,0.6,-7.451007692307693,low,0.6154,2,0.75,False,NXDOMAIN,0,,0,0,False,False,0,,,,,,,,,,False,,benign,no_adverse_signal
puwcewci.shop,2026-07-04,13,2.5,0.0,0,0.6,-9.312592307692308,low,0.5714,2,0.75,True,NOERROR,1,1800,0,2,False,False,0,396073,US,True,,,,False,0,False,False,,benign,no_adverse_signal
fni-lvse.icu,2026-07-04,12,3.0,0.0,1,0.4,-9.091976923076924,low,0.5,3,1.0,False,NOERROR,0,,0,2,False,False,0,,,,"Zhengzhou Century Connect Electronic Technology Development Co., Ltd",2,365,False,,,False,,benign,no_adverse_signal
subverastudio.com,2026-07-04,17,3.3927474104487847,0.0,0,0.8571428571428571,-7.133078260869565,low,0.72,2,0.8461538461538461,True,NOERROR,2,600,0,2,False,False,0,16509,NL,True,"GoDaddy.com, LLC",2,365,True,10,False,False,,benign,no_adverse_signal
quicksales.shop,2026-07-04,15,3.121928094887362,0.0,0,0.6666666666666666,-6.765341176470589,low,0.5455,3,0.9,False,NOERROR,0,,0,4,False,False,0,,,,,,,False,,,False,,benign,no_adverse_signal
tracnpro.store,2026-07-04,14,2.75,0.0,0,0.3333333333333333,-6.951592307692308,low,0.5714,4,0.875,True,NOERROR,1,3600,2,4,True,False,1,8560,US,True,,,,False,0,False,False,False,benign,no_adverse_signal
ivorysummit.top,2026-07-04,15,3.0957952550009344,0.0,0,0.5714285714285714,-7.548694736842105,high,0.4706,3,0.8181818181818182,False,NXDOMAIN,0,,0,0,False,False,0,,,,PDR Ltd,2,365,False,,,True,,malicious,spamhaus_dbl
doedak188.shop,2026-07-04,14,2.725480556997868,0.21428571428571427,0,1.0,-8.574153333333333,low,0.4706,1,0.7777777777777778,True,NOERROR,2,300,0,2,False,False,2,13335,US,False,,,,False,0,False,False,,benign,no_adverse_signal
ljielasml.icu,2026-07-04,13,2.6416041678685933,0.0,0,0.5,-8.007753333333334,low,0.4706,3,0.7777777777777778,False,NOERROR,0,,0,2,False,False,0,,,,"Zhengzhou Century Connect Electronic Technology Development Co., Ltd",2,365,False,,,False,,benign,no_adverse_signal
askedapps.xyz,2026-07-04,13,2.503258334775646,0.0,0,0.5,-6.9984,high,0.5882,3,0.6666666666666666,True,NOERROR,2,3600,1,2,True,False,0,16509,US,True,"GMO Internet, Inc.",2,365,True,71,False,False,,malicious,abuseipdb
sonjawarnke.info,2026-07-04,16,3.095795255000934,0.0,0,0.5714285714285714,-7.512684210526315,medium,0.5,3,0.8181818181818182,True,NOERROR,1,3600,2,4,True,False,1,8560,DE,True,,,,,9,False,False,False,benign,no_adverse_signal
aslan.press,2026-07-04,11,1.9219280948873623,0.0,0,0.6666666666666666,-6.558514285714286,low,0.6667,2,0.8,False,NOERROR,0,,0,2,False,False,0,,,,Registrar of Domain Names REG.RU LLC,2,365,False,,,False,,benign,no_adverse_signal
lisautama.my.id,2026-07-04,15,2.6416041678685933,0.0,0,1.25,-6.5881533333333335,low,0.6,1,0.7777777777777778,True,NOERROR,2,300,3,2,True,False,2,13335,US,False,,,,False,0,False,False,False,benign,no_adverse_signal
danaslot.store,2026-07-04,14,2.75,0.0,0,0.6,-6.6207076923076915,low,0.6154,2,0.875,True,NOERROR,1,10800,3,2,True,False,0,22612,US,True,,,,False,0,False,False,False,benign,no_adverse_signal
bevychat.xyz,2026-07-04,12,3.0,0.0,0,0.3333333333333333,-8.203915384615385,high,0.5333,4,1.0,True,NOERROR,2,3600,1,2,True,False,0,16509,US,True,"GMO Internet, Inc.",3,365,True,29,False,False,,benign,no_adverse_signal
bestbrandingambia.com,2026-07-04,21,3.2927701939369904,0.0,0,0.5454545454545454,-6.468954838709677,low,0.5714,4,0.6470588235294118,True,NOERROR,2,600,0,2,False,False,0,16509,US,True,"GoDaddy.com, LLC",2,365,True,31,False,False,,benign,no_adverse_signal
curatetravel.app,2026-07-04,16,2.918295834054489,0.0,0,0.7142857142857143,-6.305314285714285,low,0.5,2,0.6666666666666666,True,NOERROR,1,300,0,4,False,False,0,13335,DE,True,,,,False,38,False,False,,benign,no_adverse_signal
olxslot4.fun,2026-07-04,12,2.5,0.08333333333333333,0,0.4,-8.784846153846154,low,0.5714,4,0.75,True,NOERROR,2,300,0,2,False,False,2,13335,US,False,PDR Ltd. d/b/a PublicDomainRegistry.com,3,365,False,0,False,False,,benign,no_adverse_signal
mallumv.blog,2026-07-04,12,2.2359263506290326,0.0,0,0.4,-7.406518181818182,low,0.5455,2,0.7142857142857143,True,NOERROR,1,300,0,2,False,False,0,206834,DE,False,Dynadot LLC,2,365,True,11,False,False,,benign,no_adverse_signal
everybodygpt.xyz,2026-07-04,16,3.2516291673878226,0.0,0,0.3333333333333333,-7.979957142857144,high,0.5,5,0.8333333333333334,True,NOERROR,2,3600,1,2,True,False,0,16509,US,True,"GMO Internet, Inc.",2,365,True,29,False,False,,benign,no_adverse_signal
binq2.cc,2026-07-04,8,2.321928094887362,0.125,0,0.3333333333333333,-9.343014285714286,low,0.6667,2,1.0,True,NOERROR,1,300,0,3,False,True,1,55547,TH,False,"GoDaddy.com, LLC",4,365,True,0,True,False,,malicious,spamhaus_zen
trywotter.com,2026-07-04,13,2.4193819456463714,0.0,0,0.2857142857142857,-7.1911000000000005,low,0.75,4,0.6666666666666666,True,NOERROR,1,3600,3,2,True,False,0,16276,FR,True,"OVH, SAS",2,365,True,0,False,False,False,benign,no_adverse_signal
vmf7yc5.cyou,2026-07-04,12,2.807354922057604,0.16666666666666666,0,0.0,-12.004454545454546,low,0.4,3,1.0,True,NOERROR,9,3600,1,2,False,False,0,60592,CZ,False,"Gransy, s.r.o.",2,365,False,0,True,False,False,malicious,spamhaus_zen
factviewer.xyz,2026-07-04,14,3.1219280948873624,0.0,0,0.6666666666666666,-6.981335294117647,high,0.5333,3,0.9,True,NOERROR,2,3600,1,2,True,False,0,16509,US,True,"GMO Internet, Inc.",3,365,True,71,False,False,,malicious,abuseipdb
trendsspark.com,2026-07-04,15,3.0957952550009344,0.0,0,0.2222222222222222,-6.4783526315789475,low,0.5714,5,0.8181818181818182,True,NOERROR,1,1800,2,2,True,False,1,47583,IN,False,"HOSTINGER operations, UAB",2,365,False,0,False,False,False,benign,no_adverse_signal
beddedsinuose.qpon,2026-07-04,18,2.8150724101159437,0.0,0,0.8571428571428571,-7.456695652173913,low,0.5455,2,0.6153846153846154,False,NOERROR,0,,0,0,False,False,0,,,,URL SOLUTIONS INC.,2,365,True,,,True,,malicious,spamhaus_dbl
flowoi.com.cn,2026-07-04,13,2.2516291673878226,0.0,0,1.0,-8.105311111111112,low,0.5455,2,0.8333333333333334,True,NOERROR,1,100,0,2,False,False,0,132839,CL,False,Web Commerce Communications Limited,3,365,False,0,False,False,,benign,no_adverse_signal
monitore.tech,2026-07-04,13,2.75,0.0,0,1.0,-5.9803,low,0.6154,1,0.875,True,NOERROR,2,300,0,2,True,False,2,13335,US,False,"HOSTINGER operations, UAB",2,365,False,0,False,False,,benign,no_adverse_signal
agentiveevolved.xyz,2026-07-04,19,3.056564762130954,0.0,0,0.875,-6.886388888888889,high,0.4118,2,0.6666666666666666,True,NOERROR,2,3600,1,2,True,False,0,16509,US,True,"GMO Internet, Inc.",2,365,True,29,False,False,,benign,no_adverse_signal
078029.xyz,2026-07-04,10,2.2516291673878226,0.6,0,0.0,-11.936744444444445,high,0.2222,0,0.8333333333333334,True,NOERROR,1,10800,0,2,False,False,0,152194,SG,False,Dominet (HK) Limited,3,365,False,0,True,True,,malicious,spamhaus_zen
ginjafortunetiger.xyz,2026-07-04,21,3.381580488309164,0.0,0,0.7,-6.892806451612903,high,0.5217,2,0.6470588235294118,True,NOERROR,2,300,0,2,False,False,0,13335,US,False,NAMECHEAP INC,2,365,True,0,False,False,,benign,no_adverse_signal
tlmwiqjli.icu,2026-07-04,13,2.725480556997868,0.0,0,0.2857142857142857,-10.398826666666668,low,0.4615,4,0.7777777777777778,False,NOERROR,0,,0,2,False,False,0,,,,"Zhengzhou Century Connect Electronic Technology Development Co., Ltd",2,365,False,,,False,,benign,no_adverse_signal
amialearn.com,2026-07-04,13,2.6416041678685933,0.0,0,1.25,-6.347406666666667,low,0.6,2,0.7777777777777778,True,NOERROR,1,10800,1,2,True,False,0,38182,MY,True,"NameSilo, LLC",3,365,True,0,False,False,False,benign,no_adverse_signal
divergentconcept.com,2026-07-04,20,3.327819531114783,0.0,0,0.45454545454545453,-6.568248275862069,low,0.4828,3,0.6875,True,NOERROR,1,3600,2,4,True,False,1,8560,DE,True,IONOS SE,2,365,True,2,False,False,False,benign,no_adverse_signal
egidalabs.cl,2026-07-04,12,2.94770277922009,0.0,0,0.8,-6.926426666666667,low,0.6667,2,0.8888888888888888,True,NOERROR,1,10800,2,2,True,False,0,16509,US,False,Hosting Concepts B.V. d/b/a Registrar.eu,3,365,False,0,False,False,False,benign,no_adverse_signal
jgdasz.com,2026-07-04,10,2.584962500721156,0.0,0,0.2,-9.113722222222222,low,0.5333,3,1.0,True,NOERROR,2,300,0,2,False,False,2,13335,US,False,NAMECHEAP INC,2,365,True,0,False,False,,benign,no_adverse_signal
