domain,date_collected,domain_length,shannon_entropy,digit_ratio,hyphen_count,vowel_consonant_ratio,ngram_score,tld_risk_category,typosquatting_similarity,longest_consonant_run,unique_char_ratio,resolves_flag,rcode,num_a_records,min_ttl,mx_count,num_ns,has_spf,cname_present,num_aaaa_records,asn,geo_country,ptr_present,registrar,domain_age_days,registration_duration_days,privacy_protection_flag,abuseipdb_score,spamhaus_zen_listed,spamhaus_dbl_listed,mx_spamhaus_zen_listed,label,label_reason
reebul.com,2026-07-20,10,2.2516291673878226,0.0,0,1.0,-7.051,low,0.6667,1,0.8333333333333334,True,NOERROR,1,1800,0,2,False,False,0,13335,CA,True,"Spaceship, Inc.",3,365,False,,False,False,,benign,no_adverse_signal
nepsewealth.com,2026-07-20,15,3.027169118440619,0.0,0,0.5714285714285714,-6.9994,low,0.5882,3,0.8181818181818182,True,NOERROR,1,14400,1,4,True,False,0,397273,US,False,Squarespace Domains II LLC,3,365,True,,False,False,False,benign,no_adverse_signal
stayclassy.news,2026-07-20,15,2.446439344671015,0.0,0,0.25,-6.9001705882352935,low,0.5263,3,0.6,True,NOERROR,2,300,1,2,False,False,2,13335,US,False,,,,,,False,False,False,benign,no_adverse_signal
jyjgretail.top,2026-07-20,14,3.121928094887362,0.0,0,0.42857142857142855,-8.175135294117647,high,0.5333,5,0.9,False,NOERROR,0,,2,2,False,False,0,,,,XinNet Technology Corporation,4,365,True,,,False,True,benign,no_adverse_signal
dearlykeptstudio.com,2026-07-20,20,3.625,0.0,0,0.6,-7.367965517241379,low,0.5714,4,0.8125,True,NOERROR,4,14400,1,4,True,False,0,53831,US,False,Squarespace Domains II LLC,3,365,True,,False,False,False,benign,no_adverse_signal
googles.live,2026-07-20,12,2.2359263506290326,0.0,0,0.75,-6.457281818181818,low,0.9231,2,0.7142857142857143,False,NXDOMAIN,0,,0,0,False,False,0,,,,,,,False,,,False,,benign,no_adverse_signal
booksnail.com,2026-07-20,13,2.94770277922009,0.0,0,0.8,-7.115546666666666,low,0.625,3,0.8888888888888888,True,NOERROR,1,1,0,2,False,False,0,206888,HK,False,July Name Limited,3,365,True,,False,False,,benign,no_adverse_signal
z3gyzi5z.top,2026-07-20,12,2.4056390622295662,0.16666666666666666,0,0.2,-11.823230769230769,high,0.375,3,0.75,True,NOERROR,3,60,0,2,False,True,0,138995,US,False,Dominet (HK) Limited,3,365,True,,True,False,,malicious,spamhaus_zen
olasam.bio,2026-07-20,10,2.2516291673878226,0.0,0,1.0,-6.360233333333333,low,0.6154,1,0.8333333333333334,True,NOERROR,1,86400,0,2,False,False,0,16509,US,True,,,,,,False,False,,benign,no_adverse_signal
jumacreative.com,2026-07-20,16,3.2516291673878226,0.0,0,1.0,-6.6067857142857145,low,0.5926,2,0.8333333333333334,True,NOERROR,2,300,2,2,True,False,2,47583,LT,True,"HOSTINGER operations, UAB",3,365,False,,False,False,False,benign,no_adverse_signal
06sm88.site,2026-07-20,11,2.2516291673878226,0.36363636363636365,0,0.0,-11.442622222222221,medium,0.3077,2,0.8333333333333334,True,NOERROR,1,1799,5,2,True,False,0,32475,US,True,NAMECHEAP INC,4,365,True,,False,False,False,benign,no_adverse_signal
geicoaccident.com,2026-07-20,17,3.0269868333592873,0.0,0,0.8571428571428571,-7.015482608695652,low,0.5455,2,0.6923076923076923,True,NOERROR,2,600,0,2,False,False,0,16509,US,True,"GoDaddy.com, LLC",4,365,False,,False,False,,benign,no_adverse_signal
brevantisv92-dk.com,2026-07-20,19,3.7735572622751845,0.10526315789473684,1,0.3333333333333333,-8.663914814814815,low,0.4348,2,0.9333333333333333,True,NOERROR,2,300,0,2,False,False,2,13335,US,False,Hosting Concepts B.V. d/b/a Registrar.eu,4,365,True,,False,False,,benign,no_adverse_signal
688888203.xyz,2026-07-20,13,1.8799649487271108,0.6923076923076923,0,0.0,-9.44046,high,0.3333,0,0.5555555555555556,False,NOERROR,0,,0,4,False,False,0,,,,"Name.com, Inc.",4,365,True,,,False,,benign,no_adverse_signal
summitnexust.com,2026-07-20,16,2.9182958340544896,0.0,0,0.5,-7.387142857142857,low,0.4762,2,0.6666666666666666,False,NOERROR,0,,0,2,False,False,0,,,,"Amazon Registrar, Inc.",4,365,True,,,False,,benign,no_adverse_signal
wealthfundmanager.com,2026-07-20,21,3.572469458770136,0.0,0,0.5454545454545454,-6.8975,low,0.5833,4,0.7647058823529411,True,NOERROR,1,86400,0,2,False,False,0,16509,US,True,"TUCOWS.COM, CO.",372,730,True,,False,False,,benign,no_adverse_signal
chinayshb.com,2026-07-20,13,2.94770277922009,0.0,0,0.2857142857142857,-7.021100000000001,low,0.625,4,0.8888888888888888,False,NOERROR,0,,0,2,False,False,0,,,,"GMO Internet, Inc.",4,365,True,,,False,,benign,no_adverse_signal
gustavbrandt.com,2026-07-20,16,3.2516291673878226,0.0,0,0.3333333333333333,-7.188928571428572,low,0.5263,3,0.8333333333333334,False,SERVFAIL,0,,0,0,False,False,0,,,,Marcaria International LLC,3,365,True,,,False,,benign,no_adverse_signal
royal888oxgas.site,2026-07-20,18,3.0269868333592873,0.16666666666666666,0,0.6666666666666666,-8.967686956521739,medium,0.5263,2,0.6923076923076923,True,NOERROR,2,300,0,2,False,False,2,13335,US,False,NAMECHEAP INC,3,365,True,,False,False,,benign,no_adverse_signal
matorinexa.com,2026-07-20,14,3.121928094887362,0.0,0,1.0,-6.155782352941177,low,0.6667,1,0.9,True,NOERROR,1,300,0,2,False,False,0,132203,JP,False,"GMO Internet, Inc.",4,365,True,,True,False,,malicious,spamhaus_zen
freerandomdomainforautomatedtest152127.com,2026-07-20,42,3.8199100790622587,0.14285714285714285,0,0.7777777777777778,-7.14778904109589,low,0.3846,2,0.42105263157894735,True,NOERROR,1,600,1,2,False,False,0,47846,DE,False,IONOS SE,274,365,True,,False,False,False,benign,no_adverse_signal
thetoyboxcrew.com,2026-07-20,17,3.238901256602631,0.0,0,0.4444444444444444,-7.457843478260869,low,0.48,3,0.7692307692307693,False,SERVFAIL,0,,0,0,False,False,0,,,,"TUCOWS.COM, CO.",4,731,True,,,False,,benign,no_adverse_signal
hujantoto808jpx.site,2026-07-20,20,3.3735572622751855,0.15,0,0.5,-9.157848148148148,medium,0.3636,3,0.7333333333333333,True,NOERROR,2,300,0,2,False,False,2,13335,US,False,NAMECHEAP INC,3,365,True,,False,False,,benign,no_adverse_signal
etb-maroc.net,2026-07-20,13,3.169925001442312,0.0,1,0.6,-7.344613333333333,low,0.5333,2,1.0,True,NOERROR,4,14400,1,4,True,False,0,53831,US,False,Squarespace Domains II LLC,3,365,True,,False,False,False,benign,no_adverse_signal
intabkit.com,2026-07-20,12,2.5,0.0,0,0.6,-7.129823076923078,low,0.7143,2,0.75,False,NOERROR,0,,0,2,False,False,0,,,,"Cloudflare, Inc.",3,365,True,,,False,,benign,no_adverse_signal
havlot.com,2026-07-20,10,2.584962500721156,0.0,0,0.5,-7.856111111111111,low,0.6667,2,1.0,True,NOERROR,2,1800,0,2,False,False,0,16509,US,False,NAMECHEAP INC,3,365,True,,False,False,,benign,no_adverse_signal
accuratelysmartmayfly.shop,2026-07-20,26,3.3087513512471665,0.0,0,0.4,-7.038479487179487,low,0.439,4,0.5238095238095238,True,NOERROR,1,1800,5,2,True,False,0,22612,US,False,,,,False,,False,False,False,benign,no_adverse_signal
riya33.space,2026-07-20,12,2.2516291673878226,0.16666666666666666,0,1.0,-9.247666666666667,low,0.4615,1,0.8333333333333334,True,NOERROR,2,300,0,2,False,False,2,13335,US,False,NAMECHEAP INC,3,365,True,,False,False,,benign,no_adverse_signal
ifihng.shop,2026-07-20,11,2.2516291673878226,0.0,0,0.5,-8.707422222222222,low,0.6,3,0.8333333333333334,True,NOERROR,2,600,0,2,False,False,0,16509,US,True,,,,False,,False,False,,benign,no_adverse_signal
linkurl.me,2026-07-20,10,2.5216406363433186,0.0,0,0.4,-6.853618181818181,low,0.7692,2,0.8571428571428571,True,NOERROR,2,300,0,2,False,False,2,13335,US,False,NAMECHEAP INC,4,365,True,,False,False,,benign,no_adverse_signal
heathergalaskaevergreen.com,2026-07-20,27,3.1207505427313436,0.0,0,0.7692307692307693,-6.786823255813953,low,0.4375,3,0.4782608695652174,True,NOERROR,1,14400,1,2,True,False,0,13335,US,True,"Network Solutions, LLC",3,365,True,,False,False,False,benign,no_adverse_signal
bright-web-studio.com,2026-07-20,21,3.6168746059562227,0.0,2,0.5,-7.44231935483871,low,0.4828,3,0.7647058823529411,False,NOERROR,0,,0,4,False,False,0,,,,"Name.com, Inc.",4,365,True,,,False,,benign,no_adverse_signal
dijinail.com,2026-07-20,12,2.4056390622295662,0.0,0,1.0,-7.258907692307692,low,0.5333,1,0.75,False,NOERROR,0,,0,2,False,False,0,,,,"Cloudflare, Inc.",3,365,True,,,False,,benign,no_adverse_signal
catredash.shop,2026-07-20,14,2.94770277922009,0.0,0,0.5,-6.339606666666667,low,0.5455,2,0.8888888888888888,True,NOERROR,1,1800,0,2,False,False,0,,,False,,,,False,,False,False,,benign,no_adverse_signal
npy2.com,2026-07-20,8,2.0,0.125,0,0.0,-10.069280000000001,low,0.5714,3,1.0,True,NOERROR,1,14400,1,4,True,False,0,44043,RO,True,Automattic Inc.,4,365,True,,False,False,False,benign,no_adverse_signal
xterenae-stg.com,2026-07-20,16,3.0220552088742,0.0,1,0.5714285714285714,-7.193638095238095,low,0.5714,3,0.75,False,NOERROR,0,,1,2,True,False,0,,,,"GMO Internet, Inc.",4,365,True,,,False,,benign,no_adverse_signal
anthropig.xyz,2026-07-20,13,3.169925001442312,0.0,0,0.5,-7.001593333333333,high,0.625,4,1.0,False,NOERROR,0,,0,2,False,False,0,,,,"Spaceship, Inc.",3,365,False,,,False,,benign,no_adverse_signal
mr888.best,2026-07-20,10,1.3709505944546687,0.3,0,0.0,-9.864628571428572,low,0.3636,2,0.6,True,NOERROR,2,300,0,2,False,False,2,13335,US,False,Dynadot Inc,4,365,True,,False,False,,benign,no_adverse_signal
46j7.buzz,2026-07-20,9,2.0,0.3333333333333333,0,0.0,-12.956579999999999,high,0.2857,1,1.0,True,NOERROR,2,300,0,2,False,False,2,13335,US,False,"Spaceship, Inc.",3,365,False,,False,False,,benign,no_adverse_signal
deltahost.shop,2026-07-20,14,2.94770277922009,0.0,0,0.5,-6.6644,low,0.5333,2,0.8888888888888888,True,NOERROR,2,300,5,2,True,False,2,13335,US,False,,,,False,,False,False,False,benign,no_adverse_signal
bachatowy.social,2026-07-20,16,2.94770277922009,0.0,0,0.5,-6.961340000000001,low,0.5882,2,0.8888888888888888,True,NOERROR,2,300,3,2,True,False,2,13335,US,False,,,,,,False,False,False,benign,no_adverse_signal
aogclub.com,2026-07-20,11,2.807354922057604,0.0,0,0.75,-7.948972727272727,low,0.5263,3,1.0,False,NOERROR,0,,0,3,False,False,0,,,,"TUCOWS.COM, CO.",4,731,True,,,False,,benign,no_adverse_signal
handychefblog.com,2026-07-20,17,3.5465935642949384,0.0,0,0.3,-7.373182608695652,low,0.5,5,0.9230769230769231,True,NOERROR,1,86400,0,2,False,False,0,16509,US,True,"TUCOWS.COM, CO.",2929,3287,True,,False,False,,benign,no_adverse_signal
nourishournextgen.org,2026-07-20,21,3.3371753411230776,0.0,0,0.7,-6.822067741935484,low,0.5185,3,0.6470588235294118,True,NOERROR,4,14400,1,4,True,False,0,53831,US,False,Squarespace Domains II LLC,2,365,True,,False,False,False,benign,no_adverse_signal
36systemarchitecture.com,2026-07-20,24,3.546439344671015,0.08333333333333333,0,0.5,-7.0258810810810814,low,0.5,4,0.65,True,NOERROR,1,1800,5,2,True,False,0,22612,US,False,NAMECHEAP INC,2,365,True,,False,False,False,benign,no_adverse_signal
z58dh.top,2026-07-20,9,2.321928094887362,0.2222222222222222,0,0.0,-11.443057142857143,high,0.3333,2,1.0,True,NOERROR,3,15,0,0,False,True,0,133199,HK,False,GoDaddy.com,4,365,True,,False,False,,benign,no_adverse_signal
partyminigolf.net,2026-07-20,17,3.546593564294939,0.0,0,0.4444444444444444,-7.000430434782608,low,0.5263,4,0.9230769230769231,True,NOERROR,2,3600,0,2,False,False,0,16509,US,True,"GoDaddy.com, LLC",3,365,False,,False,False,,benign,no_adverse_signal
sendssafeai.com,2026-07-20,15,2.663532754804255,0.0,0,0.8333333333333334,-7.075531578947369,low,0.4762,4,0.6363636363636364,True,NOERROR,1,86400,0,2,False,False,0,16509,US,True,"TUCOWS.COM, CO.",372,730,True,,False,False,,benign,no_adverse_signal
mrcleanservicepe.com,2026-07-20,20,3.25,0.0,0,0.6,-6.687541379310345,low,0.625,4,0.6875,True,NOERROR,2,120,0,4,False,False,0,16509,DE,True,"Name.com, Inc.",3,365,True,,False,False,,benign,no_adverse_signal
yjmall.online,2026-07-20,13,2.2516291673878226,0.0,0,0.2,-8.014588888888888,medium,0.6,3,0.8333333333333334,True,NOERROR,2,3600,1,2,True,False,0,16509,US,True,"GoDaddy.com, LLC",3,365,False,,False,False,,benign,no_adverse_signal
maceska.cloud,2026-07-20,13,2.5216406363433186,0.0,0,0.75,-6.633909090909091,low,0.5882,2,0.8571428571428571,True,NOERROR,1,3600,0,2,False,False,0,206834,CA,False,"TUCOWS.COM, CO.",2,365,True,,False,False,,benign,no_adverse_signal
jacksonpropertyenterprises.com,2026-07-20,30,3.4885252948977485,0.0,0,0.4444444444444444,-6.688444897959183,low,0.4,3,0.5,True,NOERROR,2,3600,0,2,False,False,0,16509,US,True,"GoDaddy.com, LLC",4,1826,False,,False,False,,benign,no_adverse_signal
n4k9qv2x.com,2026-07-20,12,3.0,0.25,0,0.0,-12.673823076923078,low,0.3333,2,1.0,False,NOERROR,0,,0,2,False,False,0,,,,Realtime Register B.V.,3,365,False,,,False,,benign,no_adverse_signal
toqdf2ep.top,2026-07-20,12,3.0,0.08333333333333333,0,0.4,-11.177923076923078,high,0.5,3,1.0,True,NOERROR,3,60,0,2,False,True,0,138995,US,False,Dominet (HK) Limited,3,365,True,,True,False,,malicious,spamhaus_zen
proavrixcapital.com,2026-07-20,19,3.189898095464287,0.0,0,0.6666666666666666,-7.303203703703703,low,0.5714,2,0.6666666666666666,False,NOERROR,0,,0,4,False,False,0,,,,PDR Ltd. d/b/a PublicDomainRegistry.com,4,365,True,,,False,,benign,no_adverse_signal
tigerznuet.com,2026-07-20,14,2.9219280948873623,0.0,0,0.6666666666666666,-7.955405882352942,low,0.5556,3,0.8,True,NOERROR,2,1800,0,2,False,False,0,16509,US,False,"Name.com, Inc.",4,365,True,,False,False,,benign,no_adverse_signal
agrofortepesca.com.br,2026-07-20,21,3.2359263506290334,0.0,0,0.75,-6.724743999999999,low,0.5,2,0.7142857142857143,True,NOERROR,1,14400,1,2,True,False,0,31898,BR,True,,4,365,False,,False,False,False,benign,no_adverse_signal
giantass.vip,2026-07-20,12,2.5,0.0,0,0.6,-6.2580230769230765,low,0.625,2,0.75,True,NOERROR,1,60,0,0,False,False,0,264617,PA,True,"Spaceship, Inc.",4,365,True,,False,False,,benign,no_adverse_signal
kp222.org,2026-07-20,9,1.3709505944546687,0.3333333333333333,0,0.0,-11.080628571428573,low,0.4,2,0.6,True,NOERROR,2,300,0,2,False,False,2,13335,US,False,Dynadot Inc,3,365,False,,False,False,,benign,no_adverse_signal
juanrestrepooficial.com,2026-07-20,23,3.7216117239699007,0.0,0,0.9,-6.823377142857143,low,0.4571,3,0.7368421052631579,True,NOERROR,2,300,2,2,True,False,0,16509,US,True,"GoDaddy.com, LLC",2,365,False,,False,False,False,benign,no_adverse_signal
worldofngos.com,2026-07-20,15,3.027169118440619,0.0,0,0.375,-7.592289473684211,low,0.6316,3,0.8181818181818182,True,NOERROR,2,600,0,2,False,False,0,16509,US,True,"GoDaddy.com, LLC",3,365,False,,False,False,,benign,no_adverse_signal
33dzh.top,2026-07-20,9,1.9219280948873623,0.2222222222222222,0,0.0,-10.83607142857143,high,0.4444,3,0.8,True,NOERROR,3,15,0,0,False,True,0,54801,SC,False,GoDaddy.com,4,365,True,,False,False,,benign,no_adverse_signal
zna43.top,2026-07-20,9,2.321928094887362,0.2222222222222222,0,0.5,-10.265585714285715,high,0.4444,2,1.0,True,NOERROR,3,15,0,0,False,True,0,54801,SC,False,GoDaddy.com,4,365,True,,False,False,,benign,no_adverse_signal
ganch-hengfeng.com.cn,2026-07-20,21,2.8423709931771093,0.0,1,0.3,-7.332695999999999,low,0.4545,3,0.5714285714285714,True,NOERROR,1,600,0,2,False,False,0,58658,US,False,北京新网数码信息技术有限公司,9,365,False,,False,False,,benign,no_adverse_signal
cultureoftalent.com,2026-07-20,19,3.189898095464287,0.0,0,0.6666666666666666,-6.791688888888888,low,0.48,2,0.6666666666666666,True,NOERROR,2,10800,0,2,True,False,2,14618,US,True,DropCatch.com 1100 LLC,3,365,False,,False,False,,benign,no_adverse_signal
materialhubkorea.com,2026-07-20,20,3.452819531114783,0.0,0,1.0,-6.934362068965517,low,0.4615,2,0.75,True,NOERROR,2,300,0,2,False,False,0,16509,US,False,"Cloudflare, Inc.",3,365,True,,False,False,,benign,no_adverse_signal
yukamax.com,2026-07-20,11,2.521640636343318,0.0,0,0.75,-7.491654545454545,low,0.6154,1,0.8571428571428571,True,NOERROR,2,300,5,2,True,False,2,13335,US,False,NAMECHEAP INC,3,365,True,,False,False,False,benign,no_adverse_signal
riscodeoro.com,2026-07-20,14,2.6464393446710153,0.0,0,1.0,-6.556123529411765,low,0.5882,2,0.7,True,NOERROR,1,3600,1,2,True,False,0,8560,ES,True,"Arsys Internet, S.L. dba NICLINE.COM",4,365,True,,False,False,False,benign,no_adverse_signal
get-bluesoft.com,2026-07-20,16,3.2516291673878226,0.0,1,0.5714285714285714,-7.2378,low,0.5,2,0.8333333333333334,True,NOERROR,2,3600,5,2,True,False,0,16509,US,True,"GoDaddy.com, LLC",4,365,False,,False,False,False,benign,no_adverse_signal
team-connection.com,2026-07-20,19,3.056564762130954,0.0,1,0.75,-6.539462962962962,low,0.5517,2,0.6,True,NOERROR,1,3600,1,3,True,False,0,396982,NL,True,Hosting Concepts B.V. d/b/a Registrar.eu,2,365,True,,False,False,False,benign,no_adverse_signal
bayouspiritventures.com,2026-07-20,23,3.616348566075164,0.0,0,0.7272727272727273,-6.786762857142857,low,0.5,2,0.6842105263157895,True,NOERROR,2,10800,0,2,True,False,2,14618,US,True,DropCatch.com 994 LLC,4,365,False,,False,False,,benign,no_adverse_signal
sweetboxindia.com,2026-07-20,17,3.3927474104487847,0.0,0,0.8571428571428571,-6.943252173913044,low,0.5,2,0.8461538461538461,True,NOERROR,2,300,0,2,False,False,0,16509,US,True,"Spaceship, Inc.",4,365,False,,False,False,,benign,no_adverse_signal
airocrest.com,2026-07-20,13,2.94770277922009,0.0,0,0.8,-6.416226666666666,low,0.5882,2,0.8888888888888888,True,NOERROR,2,3600,2,2,True,False,0,16509,US,True,"GoDaddy.com, LLC",3,365,False,,False,False,False,benign,no_adverse_signal
19hxa.top,2026-07-20,9,2.321928094887362,0.2222222222222222,0,0.5,-11.806128571428571,high,0.4444,2,1.0,True,NOERROR,3,15,0,0,False,True,0,54801,SC,False,GoDaddy.com,4,365,True,,False,False,,benign,no_adverse_signal
sineagro.com,2026-07-20,12,3.0,0.0,0,1.0,-6.352123076923077,low,0.6667,2,1.0,True,NOERROR,2,120,0,4,False,False,0,16509,DE,True,"OVH, SAS",3,365,True,,False,False,,benign,no_adverse_signal
hrygfo.cyou,2026-07-20,11,2.584962500721156,0.0,0,0.2,-9.015444444444444,low,0.4615,5,1.0,False,NOERROR,0,,0,2,False,False,0,,,,Dominet (HK) Limited,3,365,False,,,False,,benign,no_adverse_signal
cartafp.com,2026-07-20,11,2.5216406363433186,0.0,0,0.4,-6.926236363636363,low,0.625,2,0.8571428571428571,True,NOERROR,2,600,0,2,False,False,0,16509,US,True,"GoDaddy.com, LLC",3,365,False,,False,False,,benign,no_adverse_signal
sabtnarin.com,2026-07-20,13,2.725480556997868,0.0,0,0.5,-7.237433333333333,low,0.5333,3,0.7777777777777778,False,NOERROR,0,,0,2,False,False,0,,,,Gname 348 Inc,4,365,False,,,False,,benign,no_adverse_signal
zg-tiyu.com.cn,2026-07-20,14,2.807354922057604,0.0,1,0.5,-9.178445454545455,low,0.5714,2,1.0,True,NOERROR,1,600,0,2,False,False,0,140227,HK,False,Web Commerce Communications Limited,4,365,False,,False,False,,benign,no_adverse_signal
enroute3.net,2026-07-20,12,2.75,0.08333333333333333,0,1.3333333333333333,-7.457192307692308,low,0.5556,2,0.875,True,NOERROR,2,600,0,2,False,False,0,16509,US,True,"GoDaddy.com, LLC",4,365,False,,False,False,,benign,no_adverse_signal
cuchilleriadomingorobleda.mom,2026-07-20,29,3.673269689515108,0.0,0,0.7857142857142857,-6.645434042553191,low,0.4737,2,0.56,True,NOERROR,2,300,0,2,False,False,2,13335,US,False,Dynadot Inc,3,365,False,,False,False,,benign,no_adverse_signal
pryckdnodwfsb.online,2026-07-20,20,3.5465935642949384,0.0,0,0.08333333333333333,-8.900478260869564,medium,0.5,7,0.9230769230769231,True,NOERROR,2,300,0,2,False,False,2,13335,US,False,NAMECHEAP INC,3,365,True,,False,False,,benign,no_adverse_signal
7dp8v-mwtk2-btkxlg.xyz,2026-07-20,22,3.8365916681089787,0.13636363636363635,2,0.0,-11.61551212121212,high,0.3448,6,0.8333333333333334,True,NOERROR,2,600,0,2,False,False,0,16509,US,True,"GoDaddy.com, LLC",3,365,False,,False,False,,benign,no_adverse_signal
anime-expansion.wiki,2026-07-20,20,3.1898980954642866,0.0,1,1.0,-6.755274074074074,low,0.5217,2,0.6666666666666666,False,NOERROR,0,,0,2,False,False,0,,,,"Spaceship, Inc.",3,365,True,,,False,,benign,no_adverse_signal
ticketsnotify.com,2026-07-20,17,3.180832987205441,0.0,0,0.4444444444444444,-6.855130434782609,low,0.6,3,0.7692307692307693,True,NOERROR,1,60,1,2,False,False,0,16509,US,False,NAMECHEAP INC,4,365,True,,False,False,False,benign,no_adverse_signal
www72443.cc,2026-07-20,11,2.1556390622295662,0.45454545454545453,0,0.0,-11.097353846153847,low,0.5455,3,0.625,True,NOERROR,8,33,0,2,False,False,0,7536,TW,False,"GoDaddy.com, LLC",5,365,False,,False,False,,benign,no_adverse_signal
teameventproductionworld.pro,2026-07-20,28,3.740601562950723,0.0,0,0.6,-6.7728866666666665,low,0.4571,4,0.625,True,NOERROR,2,300,0,2,False,False,0,16509,US,True,,,,,,False,False,,benign,no_adverse_signal
loongheritage.com,2026-07-20,17,3.238901256602631,0.0,0,0.8571428571428571,-6.462204347826087,low,0.5517,3,0.7692307692307693,True,NOERROR,4,600,0,2,False,False,0,54113,US,True,Alibaba Cloud Computing Ltd. d/b/a HiChina (www.net.cn),7,365,False,,False,False,,benign,no_adverse_signal
providentword.com,2026-07-20,17,3.238901256602631,0.0,0,0.4444444444444444,-6.503278260869565,low,0.5,3,0.7692307692307693,True,NOERROR,4,14400,0,4,True,False,0,53831,US,False,Squarespace Domains LLC,4,1096,True,,False,False,,benign,no_adverse_signal
shopdkei.com,2026-07-20,12,3.0,0.0,0,0.6,-8.24923846153846,low,0.6667,3,1.0,False,NOERROR,0,,0,2,False,False,0,,,,"Cloudflare, Inc.",4,1096,True,,,False,,benign,no_adverse_signal
apis.tax,2026-07-20,8,2.0,0.0,0,1.0,-6.53396,low,0.6,1,1.0,True,NOERROR,4,30,0,2,False,False,8,212317,US,True,,,,,,False,False,,benign,no_adverse_signal
mazsoteam.hu,2026-07-20,12,2.725480556997868,0.0,0,0.8,-7.3637,low,0.6,2,0.7777777777777778,True,NOERROR,2,3600,1,2,True,False,0,16509,DE,True,,3,,False,,False,False,False,benign,no_adverse_signal
luckycaponer.com,2026-07-20,16,3.418295834054489,0.0,0,0.5,-6.993190476190476,low,0.5833,4,0.9166666666666666,True,NOERROR,2,300,0,2,False,False,2,13335,US,False,NAMECHEAP INC,3,365,True,,False,False,,benign,no_adverse_signal
zentro65.food,2026-07-20,13,3.0,0.15384615384615385,0,0.5,-8.141715384615384,low,0.5714,3,1.0,True,NOERROR,2,600,0,2,False,False,0,16509,US,True,GoDaddy,3,365,False,,False,False,,benign,no_adverse_signal
blockchain.legal,2026-07-20,16,3.121928094887362,0.0,0,0.42857142857142855,-6.7707,low,0.5882,4,0.9,False,SERVFAIL,0,,0,0,False,False,0,,,,,,,,,,False,,benign,no_adverse_signal
brutal77.xyz,2026-07-20,12,2.75,0.16666666666666666,0,0.5,-8.126346153846153,high,0.4615,2,0.875,False,SERVFAIL,0,,0,0,False,False,0,,,,Dynadot Inc,3,365,False,,,False,,benign,no_adverse_signal
alloggioanticogardatrentino.com,2026-07-20,31,3.3097189833244363,0.0,0,0.8,-6.568001960784313,low,0.3902,2,0.4074074074074074,True,NOERROR,2,300,0,3,True,False,0,2635,US,False,Automattic Inc.,3,365,True,,False,False,,benign,no_adverse_signal
goalnado.com,2026-07-20,12,2.5,0.0,0,1.0,-7.4174,low,0.6154,2,0.75,True,NOERROR,2,300,0,2,False,False,2,13335,US,False,"Gransy, s.r.o.",3,365,False,,False,False,,benign,no_adverse_signal
sjpp5hee.xyz,2026-07-20,12,2.5,0.08333333333333333,0,0.4,-10.85916923076923,high,0.4706,4,0.75,True,NOERROR,1,300,0,4,False,False,0,25820,JP,True,"Name.com, Inc.",4,365,True,,False,False,,benign,no_adverse_signal
31-6365.com,2026-07-20,11,2.2359263506290326,0.5454545454545454,1,0.0,-10.726509090909092,low,0.6,0,0.7142857142857143,False,NOERROR,0,,0,4,False,False,0,,,,Namemart Limited,3,365,False,,,False,,benign,no_adverse_signal
syndi.cool,2026-07-20,10,2.321928094887362,0.0,0,0.25,-7.1903,low,0.6154,4,1.0,False,NXDOMAIN,0,,0,0,False,False,0,,,,,,,,,,False,,benign,no_adverse_signal
hirhst567.shop,2026-07-20,14,2.94770277922009,0.21428571428571427,0,0.2,-9.937026666666666,low,0.4615,4,0.8888888888888888,True,NOERROR,1,600,0,2,False,False,0,138968,HK,False,,,,False,,True,False,,malicious,spamhaus_zen
6ye7ay.top,2026-07-20,10,2.2516291673878226,0.2,0,1.0,-11.559833333333334,high,0.6,1,0.8333333333333334,False,NOERROR,0,,0,2,False,False,0,,,,Chengdu west dimension digital,4,365,True,,,False,,benign,no_adverse_signal
yasinaiddelalba.com,2026-07-20,19,2.9735572622751856,0.0,0,0.875,-6.910407407407407,low,0.4762,2,0.6,True,NOERROR,1,86400,0,2,False,False,0,16509,US,True,"TUCOWS.COM, CO.",736,1095,True,,False,False,,benign,no_adverse_signal
jqnlh.asia,2026-07-20,10,2.321928094887362,0.0,0,0.0,-11.50842857142857,low,0.5,5,1.0,False,NOERROR,0,,0,2,False,False,0,,,,Alibaba Cloud Computing Ltd. d/b/a HiChina (www.net.cn),3,365,True,,,False,,benign,no_adverse_signal
7phzzz.com,2026-07-20,10,1.792481250360578,0.1,0,0.0,-10.814466666666668,low,0.4444,5,0.6666666666666666,True,NOERROR,1,60,0,2,False,False,0,139341,SG,False,Dynadot Inc,4,365,False,,True,False,,malicious,spamhaus_zen
labiblia.shop,2026-07-20,13,2.0,0.0,0,1.0,-6.809976923076923,low,0.5333,2,0.5,True,NOERROR,1,86400,0,2,False,False,0,16509,US,True,,,,False,,False,False,,benign,no_adverse_signal
woahw.asia,2026-07-20,10,1.9219280948873623,0.0,0,0.6666666666666666,-9.086085714285714,low,0.5,2,0.8,False,NOERROR,0,,0,2,False,False,0,,,,Alibaba Cloud Computing Ltd. d/b/a HiChina (www.net.cn),3,365,True,,,False,,benign,no_adverse_signal
luciditypod.click,2026-07-20,17,3.095795255000934,0.0,0,0.5714285714285714,-7.242421052631578,medium,0.5556,3,0.8181818181818182,True,NOERROR,2,300,0,2,False,False,2,13335,US,False,"Dynadot, LLC",3,365,False,,False,False,,benign,no_adverse_signal
dexignhive.com,2026-07-20,14,2.9219280948873623,0.0,0,0.6666666666666666,-7.7209,low,0.5556,3,0.8,True,NOERROR,1,50,0,2,False,False,0,47583,CY,False,"HOSTINGER operations, UAB",4,365,False,,False,False,,benign,no_adverse_signal
pendulumsaleslabs.com,2026-07-20,21,3.175123135113461,0.0,0,0.5454545454545454,-7.025222580645162,low,0.4516,2,0.5882352941176471,True,NOERROR,2,300,1,2,True,False,2,13335,US,False,PDR Ltd. d/b/a PublicDomainRegistry.com,3,365,True,,False,False,False,benign,no_adverse_signal
qiuqiu55.club,2026-07-20,13,2.0,0.15384615384615385,0,2.0,-10.49513076923077,low,0.5,1,0.5,True,NOERROR,1,300,0,2,False,False,0,206834,DE,False,Dynadot Inc,3,365,True,,False,False,,benign,no_adverse_signal
xaeuo.shop,2026-07-20,10,2.321928094887362,0.0,0,4.0,-9.642542857142857,low,0.5455,1,1.0,False,NOERROR,0,,0,2,False,False,0,,,,,,,False,,,False,,benign,no_adverse_signal
happy-kup.com,2026-07-20,13,2.6416041678685933,0.0,1,0.3333333333333333,-8.26,low,0.4762,3,0.7777777777777778,True,NOERROR,2,3600,0,2,False,False,0,16509,US,True,"GoDaddy.com, LLC",3,365,False,,False,False,,benign,no_adverse_signal
notnavy.org,2026-07-20,11,2.5216406363433186,0.0,0,0.4,-7.798500000000001,low,0.5455,2,0.8571428571428571,True,NOERROR,2,600,0,2,False,False,0,16509,US,True,"GoDaddy.com, LLC",3,731,False,,False,False,,benign,no_adverse_signal
huajinyj.com,2026-07-20,12,2.75,0.0,0,0.6,-8.447092307692309,low,0.5714,3,0.875,True,NOERROR,1,300,0,4,False,False,0,16509,JP,True,"Amazon Registrar, Inc.",4,365,True,,False,False,,benign,no_adverse_signal
n1888.xyz,2026-07-20,9,1.3709505944546687,0.4444444444444444,0,0.0,-9.19967142857143,high,0.25,1,0.6,True,NOERROR,2,300,0,2,False,False,2,13335,US,False,Dynadot Inc,3,365,False,,False,False,,benign,no_adverse_signal
movietimestore.vip,2026-07-20,18,2.8962915290459277,0.0,0,1.0,-6.085692,low,0.5263,2,0.5714285714285714,True,NOERROR,2,300,3,2,True,False,2,13335,US,False,Porkbun,3,365,True,,False,False,False,benign,no_adverse_signal
aev99v.online,2026-07-20,13,1.9182958340544896,0.15384615384615385,0,1.0,-10.669955555555555,medium,0.4,1,0.6666666666666666,True,NOERROR,2,300,0,2,False,False,2,13335,US,False,"Chengdu West Dimension Digital Technology Co., Ltd.",3,365,False,,False,False,,benign,no_adverse_signal
thepromptmentor.ai,2026-07-20,18,2.923231428797621,0.0,0,0.36363636363636365,-6.716792592592593,low,0.48,4,0.5333333333333333,True,NOERROR,2,600,0,2,False,False,0,16509,US,True,"GoDaddy.com, LLC",6,731,True,,False,False,,benign,no_adverse_signal
hcutailor.com,2026-07-20,13,3.169925001442312,0.0,0,0.8,-7.1956533333333335,low,0.5556,2,1.0,True,NOERROR,2,300,0,2,False,False,2,13335,US,False,"Cloudflare, Inc.",4,365,True,,False,False,,benign,no_adverse_signal
n1wd2xf4v.top,2026-07-20,13,3.169925001442312,0.23076923076923078,0,0.0,-12.278860000000002,high,0.4286,2,1.0,False,NOERROR,0,,0,2,False,False,0,,,,NameMart Pte. Ltd.,3,365,False,,,False,,benign,no_adverse_signal
moneyhub-iyovipaqeyi.click,2026-07-20,26,3.6464393446710153,0.0,1,0.9,-8.564351351351352,medium,0.3871,2,0.7,True,NOERROR,2,300,0,2,False,False,2,13335,US,False,"Dynadot, LLC",3,365,False,,False,False,,benign,no_adverse_signal
youhome-ap.com,2026-07-20,14,3.121928094887362,0.0,1,1.25,-7.459782352941176,low,0.5,1,0.9,False,NOERROR,0,,0,2,False,False,0,,,,"GMO Internet, Inc.",4,365,True,,,False,,benign,no_adverse_signal
zrf19.top,2026-07-20,9,2.321928094887362,0.2222222222222222,0,0.0,-11.1185,high,0.5,3,1.0,True,NOERROR,3,15,0,0,False,True,0,133199,HK,False,GoDaddy.com,4,365,True,,False,False,,benign,no_adverse_signal
myappleid-support.help,2026-07-20,22,3.6168746059562227,0.0,1,0.45454545454545453,-7.21648064516129,low,0.5385,3,0.8235294117647058,True,NOERROR,2,300,0,2,False,False,2,13335,US,False,Dynadot Inc,3,365,False,,False,True,,malicious,spamhaus_dbl
189545.com,2026-07-20,10,2.251629167387823,0.6,0,0.0,-11.438388888888888,low,0.2222,0,0.8333333333333334,False,NOERROR,0,,0,4,False,False,0,,,,"GoDaddy.com, LLC",3,365,False,,,False,,benign,no_adverse_signal
epsomsilks.com,2026-07-20,14,2.8464393446710154,0.0,0,0.42857142857142855,-7.700317647058823,low,0.4545,3,0.8,True,NOERROR,2,300,0,3,False,False,0,2635,US,False,Automattic Inc.,3,365,True,,False,False,,benign,no_adverse_signal
g3d4.top,2026-07-20,8,2.0,0.25,0,0.0,-11.75828,high,0.5,1,1.0,False,NOERROR,0,,0,2,False,False,0,,,,NameMart Pte. Ltd.,3,365,False,,,False,,benign,no_adverse_signal
nestingplacedoula.com,2026-07-20,21,3.6168746059562227,0.0,0,0.7,-6.559132258064516,low,0.4615,4,0.7647058823529411,True,NOERROR,1,1799,2,2,True,False,0,13335,US,False,NAMECHEAP INC,3,365,True,,False,False,False,benign,no_adverse_signal
luxuree.store,2026-07-20,13,2.2359263506290326,0.0,0,1.3333333333333333,-7.6266454545454545,low,0.5,1,0.7142857142857143,True,NOERROR,2,3600,0,2,False,False,0,16509,US,True,,,,False,,False,False,,benign,no_adverse_signal
bclucka.fun,2026-07-20,11,2.5216406363433186,0.0,0,0.4,-7.586681818181819,low,0.5882,3,0.8571428571428571,True,NOERROR,1,300,0,4,False,False,0,8075,SE,False,"WEDOS Internet, a.s.",3,365,False,,False,False,,benign,no_adverse_signal
856963.help,2026-07-20,11,2.2516291673878226,0.5454545454545454,0,0.0,-11.717822222222221,low,0.4444,0,0.8333333333333334,False,NXDOMAIN,0,,0,0,False,False,0,,,,"NameSilo, LLC",3,365,True,,,False,,benign,no_adverse_signal
zxzabs.com,2026-07-20,10,2.2516291673878226,0.0,0,0.2,-9.244933333333332,low,0.6154,3,0.8333333333333334,True,NOERROR,2,300,0,2,False,False,2,13335,US,False,NAMECHEAP INC,4,365,True,,False,False,,benign,no_adverse_signal
gb699.xyz,2026-07-20,9,1.9219280948873623,0.3333333333333333,0,0.0,-10.590714285714284,high,0.4444,2,0.8,True,NOERROR,2,300,0,2,False,False,2,13335,US,False,Dynadot Inc,3,365,False,,False,False,,benign,no_adverse_signal
xponential.shop,2026-07-20,15,3.121928094887362,0.0,0,0.6666666666666666,-6.406964705882353,low,0.5,2,0.9,True,NOERROR,1,300,0,2,False,False,0,206834,DE,False,,,,False,,False,False,,benign,no_adverse_signal
nextcartonline.com,2026-07-20,18,3.182005814760214,0.0,0,0.5555555555555556,-6.353912,low,0.6364,3,0.7142857142857143,True,NOERROR,2,60,0,2,False,False,2,47583,LT,True,"HOSTINGER operations, UAB",3,365,False,,False,False,,benign,no_adverse_signal
roamly.org,2026-07-20,10,2.584962500721156,0.0,0,0.5,-7.978755555555555,low,0.6,3,1.0,True,NOERROR,2,3600,1,2,True,False,0,16509,US,True,TotallyDomain LLC,3,365,False,,False,False,,benign,no_adverse_signal
coywolf-truck.online,2026-07-20,20,3.3927474104487847,0.0,1,0.3333333333333333,-8.3477,medium,0.4545,2,0.8461538461538461,True,NOERROR,2,300,5,2,True,False,2,13335,US,False,NAMECHEAP INC,2,365,True,,False,False,False,benign,no_adverse_signal
naskhinougat.shop,2026-07-20,17,3.2516291673878226,0.0,0,0.7142857142857143,-7.300452380952382,low,0.5385,3,0.8333333333333334,True,NOERROR,2,300,0,2,False,False,2,13335,US,False,,,,False,,False,False,,benign,no_adverse_signal
visionbkservices.com,2026-07-20,20,3.1556390622295662,0.0,0,0.6,-6.9298758620689656,low,0.6207,4,0.625,True,NOERROR,2,3600,0,2,False,False,0,16509,US,True,"GoDaddy.com, LLC",2,365,False,,False,False,,benign,no_adverse_signal
arcoing.com.mx,2026-07-20,14,2.807354922057604,0.0,0,0.75,-6.335118181818182,low,0.5882,2,1.0,True,NOERROR,4,14400,1,4,True,False,0,53831,US,False,Key-Systems GmbH,4,365,False,,False,False,False,benign,no_adverse_signal
gpt66.cyou,2026-07-20,10,1.9219280948873623,0.2,0,0.0,-10.424885714285713,low,0.6,3,0.8,False,NOERROR,0,,0,2,False,False,0,,,,GLOBAL ASSET DOMAINS INC,3,365,True,,,False,,benign,no_adverse_signal
shxiangnian.top,2026-07-20,15,2.663532754804255,0.0,0,0.5714285714285714,-7.685126315789474,high,0.5,3,0.6363636363636364,False,NOERROR,0,,2,2,False,False,0,,,,XinNet Technology Corporation,3,365,True,,,False,True,benign,no_adverse_signal
eneterna.com,2026-07-20,12,2.1556390622295662,0.0,0,1.0,-5.854046153846154,low,0.6667,2,0.625,True,NOERROR,1,3600,0,2,False,False,0,13335,CA,True,"GoDaddy.com, LLC",4,365,False,,False,False,,benign,no_adverse_signal
ediseslab.com,2026-07-20,13,2.725480556997868,0.0,0,0.8,-6.593946666666667,low,0.5714,2,0.7777777777777778,True,NOERROR,1,3600,1,3,False,False,0,52030,IT,True,Server Plan Srl,4,365,True,,False,False,False,benign,no_adverse_signal
my-destinariolands.com,2026-07-20,22,3.6143694458867563,0.0,1,0.5454545454545454,-6.574887878787879,low,0.4828,3,0.7222222222222222,True,NOERROR,2,300,0,2,False,False,2,13335,US,False,NAMECHEAP INC,4,365,True,,False,False,,benign,no_adverse_signal
xtd55.top,2026-07-20,9,1.9219280948873623,0.2222222222222222,0,0.0,-10.659642857142856,high,0.4,3,0.8,True,NOERROR,3,15,0,0,False,True,0,54801,SC,False,GoDaddy.com,3,365,True,,False,False,,benign,no_adverse_signal
mobile-douban.makeup,2026-07-20,20,3.3927474104487847,0.0,1,1.0,-7.008452173913043,low,0.5714,1,0.8461538461538461,False,NXDOMAIN,0,,0,0,False,False,0,,,,"Spaceship, Inc.",3,365,False,,,True,,malicious,spamhaus_dbl
aithumbnailstudio.com,2026-07-20,21,3.454822399946607,0.0,0,0.8888888888888888,-7.283893548387097,low,0.5517,3,0.7058823529411765,True,NOERROR,1,86400,3,2,True,False,0,15169,US,True,NAMECHEAP INC,3,365,True,,False,False,False,benign,no_adverse_signal
8fag.shop,2026-07-20,9,2.0,0.1111111111111111,0,0.5,-9.48514,low,0.4444,1,1.0,True,NOERROR,6,60,0,2,False,True,0,8075,KR,False,,,,False,,True,True,,malicious,spamhaus_zen
meteopuertobanus.com,2026-07-20,20,3.327819531114783,0.0,0,1.0,-6.9516,low,0.5385,2,0.6875,True,NOERROR,2,300,0,2,False,False,2,13335,US,False,"Spaceship, Inc.",3,365,False,,False,False,,benign,no_adverse_signal
clarityequityio.com,2026-07-20,19,3.3232314287976203,0.0,0,0.875,-7.5658259259259255,low,0.6364,2,0.7333333333333333,True,NOERROR,2,300,1,2,True,False,2,13335,US,False,PDR Ltd. d/b/a PublicDomainRegistry.com,3,365,True,,False,False,False,benign,no_adverse_signal
slopetrust.com,2026-07-20,14,2.9219280948873623,0.0,0,0.42857142857142855,-6.575729411764706,low,0.5714,2,0.8,False,NOERROR,0,,3,2,True,False,0,,,,"GoDaddy.com, LLC",4,365,False,,,False,False,benign,no_adverse_signal
jellycatsuomi.com,2026-07-20,17,3.5465935642949384,0.0,0,0.625,-7.428847826086956,low,0.4211,4,0.9230769230769231,False,NOERROR,0,,0,2,False,False,0,,,,"Vantage of Convergence (Chengdu) Technology Co., Ltd.",3,365,False,,,False,,benign,no_adverse_signal
cybermompf.com,2026-07-20,14,3.121928094887362,0.0,0,0.25,-7.5208941176470585,low,0.5,3,0.9,False,NOERROR,0,,0,2,False,False,0,,,,"Cloudflare, Inc.",3,365,True,,,False,,benign,no_adverse_signal
knowledgedocumentengine.com,2026-07-20,27,3.410099326733674,0.0,0,0.6428571428571429,-6.872851162790698,low,0.45,2,0.5652173913043478,True,NOERROR,2,120,0,4,False,False,0,16509,DE,True,"Name.com, Inc.",4,365,True,,False,False,,benign,no_adverse_signal
houseofmalakiyya.com,2026-07-20,20,3.452819531114783,0.0,0,1.0,-7.785662068965517,low,0.4348,2,0.75,True,NOERROR,1,1800,1,4,True,False,0,13335,CA,True,Squarespace Domains II LLC,4,365,True,,False,False,False,benign,no_adverse_signal
lnkwork.com,2026-07-20,11,2.5216406363433186,0.0,0,0.16666666666666666,-7.943354545454546,low,0.6154,4,0.8571428571428571,True,NOERROR,1,86400,0,2,False,False,0,16509,US,True,"TUCOWS.COM, CO.",372,730,True,,False,False,,benign,no_adverse_signal
moneyhub-avefefesora.click,2026-07-20,26,3.621928094887362,0.0,1,0.9,-7.525313513513513,medium,0.4242,2,0.7,True,NOERROR,2,300,0,2,False,False,2,13335,US,False,"Dynadot, LLC",3,365,False,,False,False,,benign,no_adverse_signal
themiamioasis.com,2026-07-20,17,2.8731406795131336,0.0,0,1.1666666666666667,-6.897500000000001,low,0.4762,2,0.6153846153846154,True,NOERROR,1,1800,0,0,False,False,0,58182,US,True,Wix.com Ltd.,1469,1826,False,,False,False,,benign,no_adverse_signal
nobletalehq.com,2026-07-20,15,3.095795255000934,0.0,0,0.5714285714285714,-6.989163157894736,low,0.5556,2,0.8181818181818182,True,NOERROR,2,600,0,2,False,False,0,16509,US,True,"GoDaddy.com, LLC",4,1826,False,,False,False,,benign,no_adverse_signal
taekwondoclasses.net,2026-07-20,20,3.327819531114783,0.0,0,0.6,-7.415534482758621,low,0.5217,2,0.6875,True,NOERROR,1,300,0,2,False,False,0,16509,US,False,"Cloudflare, Inc.",3,365,True,,False,False,,benign,no_adverse_signal
vip873.vip,2026-07-20,10,2.584962500721156,0.3,0,0.5,-10.641633333333333,low,0.5,1,1.0,True,NOERROR,2,300,0,2,False,False,2,13335,US,False,Dynadot Inc,3,365,True,,False,False,,benign,no_adverse_signal
jenbn.com,2026-07-20,9,1.9219280948873623,0.0,0,0.25,-8.529785714285714,low,0.5455,3,0.8,False,NOERROR,0,,3,2,True,False,0,,,,IONOS SE,3,365,True,,,False,False,benign,no_adverse_signal
quatromanos.com,2026-07-20,15,3.095795255000934,0.0,0,0.8333333333333334,-6.612363157894737,low,0.5556,2,0.8181818181818182,True,NOERROR,2,600,2,2,True,False,0,16509,US,True,"GoDaddy.com, LLC",4,365,False,,False,False,False,benign,no_adverse_signal
ryada.cloud,2026-07-20,11,1.9219280948873623,0.0,0,0.6666666666666666,-7.226500000000001,low,0.5455,2,0.8,True,NOERROR,2,300,0,2,False,False,2,13335,US,False,"HOSTINGER operations, UAB",3,365,False,,False,False,,benign,no_adverse_signal
62zhh.top,2026-07-20,9,1.9219280948873623,0.2222222222222222,0,0.0,-11.80787142857143,high,0.5,3,0.8,True,NOERROR,3,15,0,0,False,True,0,54801,SC,False,GoDaddy.com,4,365,True,,False,False,,benign,no_adverse_signal
paqctt896.shop,2026-07-20,14,2.94770277922009,0.21428571428571427,0,0.2,-10.633813333333334,low,0.4,4,0.8888888888888888,True,NOERROR,1,600,0,2,False,False,0,138968,HK,False,,,,False,,True,False,,malicious,spamhaus_zen
32hyz.top,2026-07-20,9,2.321928094887362,0.2222222222222222,0,0.0,-11.675771428571428,high,0.5,3,1.0,True,NOERROR,3,15,0,0,False,True,0,54801,SC,False,GoDaddy.com,4,365,True,,False,False,,benign,no_adverse_signal
nikibuilds.com,2026-07-20,14,2.8464393446710154,0.0,0,0.6666666666666666,-7.507688235294118,low,0.6667,3,0.8,True,NOERROR,2,1800,0,2,False,False,0,16509,US,False,"Name.com, Inc.",3,365,True,,False,False,,benign,no_adverse_signal
humubd.com,2026-07-20,10,2.2516291673878226,0.0,0,0.5,-8.389166666666666,low,0.5,2,0.8333333333333334,False,NOERROR,0,,0,2,False,False,0,,,,"Cloudflare, Inc.",3,365,True,,,False,,benign,no_adverse_signal
sensualintelligence.co.uk,2026-07-20,25,3.1158340921632197,0.0,0,0.7272727272727273,-6.288157142857143,low,0.4444,2,0.5263157894736842,True,NOERROR,1,86400,1,4,True,False,1,13335,CA,True,Tucows Inc t/a Tucows [Tag = TUCOWS-CA],4,365,False,,False,False,False,benign,no_adverse_signal
noscere.xyz,2026-07-20,11,2.521640636343318,0.0,0,0.75,-6.578236363636364,high,0.6154,2,0.8571428571428571,True,NOERROR,1,3600,0,3,False,False,0,51557,TR,False,Isimtescil Bilisim A.S,3,365,True,,False,False,,benign,no_adverse_signal
twinko.info,2026-07-20,11,2.584962500721156,0.0,0,0.5,-6.921311111111112,medium,0.6667,2,1.0,True,NOERROR,1,86400,1,2,True,False,0,149197,US,True,,,,,,True,True,True,malicious,spamhaus_zen
eneth.net,2026-07-20,9,1.9219280948873623,0.0,0,0.6666666666666666,-5.8618999999999994,low,0.5455,2,0.8,True,NOERROR,1,7200,0,2,False,False,0,62214,HU,True,PDR Ltd. d/b/a PublicDomainRegistry.com,4,365,False,,False,False,,benign,no_adverse_signal
centraldopagamento.online,2026-07-20,25,3.4613201402110083,0.0,0,0.6363636363636364,-6.309112121212122,medium,0.4167,3,0.6666666666666666,True,NOERROR,2,1800,0,2,False,False,0,16509,US,False,Dynadot Inc,3,365,False,,False,False,,benign,no_adverse_signal
altbk.com,2026-07-20,9,2.321928094887362,0.0,0,0.25,-8.223242857142857,low,0.5455,4,1.0,True,NOERROR,2,10800,0,2,True,False,2,14618,US,True,DropCatch.com 1406 LLC,4,365,False,,False,False,,benign,no_adverse_signal
buildcrates.com,2026-07-20,15,3.459431618637298,0.0,0,0.5714285714285714,-6.987163157894737,low,0.5714,4,1.0,True,NOERROR,1,30,0,1,False,False,0,8151,MX,True,"Gransy, s.r.o.",2,365,False,,True,False,,malicious,spamhaus_zen
thehottiecollective.com,2026-07-20,23,2.879506460812007,0.0,0,0.7272727272727273,-6.617731428571428,low,0.4615,2,0.42105263157894735,True,NOERROR,2,3600,1,2,True,False,0,16509,US,True,"GoDaddy.com, LLC",2,731,False,,False,False,False,benign,no_adverse_signal
sifezoom.com,2026-07-20,12,2.75,0.0,0,1.0,-7.768507692307693,low,0.6667,1,0.875,True,NOERROR,1,300,0,2,False,False,0,931,US,False,NAMECHEAP INC,3,365,True,,False,False,,benign,no_adverse_signal
burvent.info,2026-07-20,12,2.807354922057604,0.0,0,0.4,-6.488781818181818,medium,0.6667,2,1.0,True,NOERROR,1,3600,0,3,False,False,0,197720,TR,True,,,,,,False,False,,benign,no_adverse_signal
vitebox.top,2026-07-20,11,2.807354922057604,0.0,0,0.75,-6.696718181818182,high,0.6667,1,1.0,True,NOERROR,1,10800,1,3,True,False,0,29169,FR,True,Gandi SAS,4,365,False,,False,False,False,benign,no_adverse_signal
atelier-nelson.com,2026-07-20,18,3.182005814760214,0.0,1,0.8571428571428571,-6.721944,low,0.5833,2,0.7142857142857143,True,NOERROR,1,1800,0,0,False,False,0,58182,US,True,Wix.com Ltd.,1469,1826,False,,False,False,,benign,no_adverse_signal
omegaphigroup-rh.com,2026-07-20,20,3.375,0.0,1,0.6666666666666666,-7.539651724137931,low,0.4138,2,0.6875,True,NOERROR,2,300,0,2,False,False,2,13335,US,False,"Cloudflare, Inc.",3,731,True,,False,False,,benign,no_adverse_signal
marlonsteiner.tech,2026-07-20,18,3.238901256602631,0.0,0,0.625,-6.213026086956521,low,0.5217,3,0.7692307692307693,True,NOERROR,1,60,0,0,False,False,0,,,False,Namify Domains Inc,3,365,False,,False,False,,benign,no_adverse_signal
velniaoil.com,2026-07-20,13,2.725480556997868,0.0,0,1.25,-7.56912,low,0.5333,2,0.7777777777777778,True,NOERROR,1,86400,0,4,False,False,1,13335,CA,True,"TUCOWS.COM, CO.",3,365,True,,False,False,,benign,no_adverse_signal
rabiedahy.com,2026-07-20,13,2.94770277922009,0.0,0,0.8,-7.6117333333333335,low,0.5,2,0.8888888888888888,True,NOERROR,1,4183,1,5,False,False,0,34119,GB,False,"Wild West Domains, LLC",2,365,False,,False,False,False,benign,no_adverse_signal
acnelabspro.com,2026-07-20,15,3.2776134368191165,0.0,0,0.5714285714285714,-6.9443,low,0.5263,4,0.9090909090909091,True,NOERROR,1,86400,0,2,False,False,0,16509,US,True,"TUCOWS.COM, CO.",372,730,True,,False,False,,benign,no_adverse_signal
freerandomdomainforautomatedtest126824.com,2026-07-20,42,3.8725416580096272,0.14285714285714285,0,0.7777777777777778,-7.158039726027397,low,0.3846,2,0.4473684210526316,True,NOERROR,1,600,1,2,False,False,0,47846,DE,False,IONOS SE,179,365,True,,False,False,False,benign,no_adverse_signal
weddinginforest.com,2026-07-20,19,3.3735572622751846,0.0,0,0.5,-6.40618888888889,low,0.5517,2,0.7333333333333333,True,NOERROR,2,600,0,2,False,False,0,16509,US,True,"GoDaddy.com, LLC",3,365,False,,False,False,,benign,no_adverse_signal
squad-13.xyz,2026-07-20,12,3.0,0.16666666666666666,1,0.6666666666666666,-8.656076923076922,high,0.4615,2,1.0,False,NOERROR,0,,0,2,False,False,0,,,,NAMECHEAP INC,3,731,True,,,False,,benign,no_adverse_signal
josianemaisonneuve.ca,2026-07-20,21,3.197159723424149,0.0,0,1.25,-6.934578787878788,low,0.4516,2,0.5555555555555556,True,NOERROR,1,3600,1,3,True,False,0,396982,NL,True,Open Provider Inc.,3,365,False,,False,False,False,benign,no_adverse_signal
x324ffx7i1.sbs,2026-07-20,14,2.9219280948873623,0.35714285714285715,0,0.25,-11.75745294117647,low,0.375,3,0.8,False,NOERROR,0,,0,0,False,False,0,,,,Porkbun LLC,4,365,False,,,False,,benign,no_adverse_signal
walletailira.com,2026-07-20,16,2.6258145836939115,0.0,0,1.0,-6.416795238095238,low,0.5,2,0.5833333333333334,True,NOERROR,2,3600,0,2,False,False,0,16509,US,True,"GoDaddy.com, LLC",3,1096,False,,False,False,,benign,no_adverse_signal
motait.com,2026-07-20,10,2.2516291673878226,0.0,0,1.0,-6.546466666666666,low,0.6667,1,0.8333333333333334,False,NOERROR,0,,0,2,False,False,0,,,,Alibaba Cloud Computing Ltd. d/b/a HiChina (www.net.cn),3,731,False,,,False,,benign,no_adverse_signal
dkuniform.com,2026-07-20,13,3.169925001442312,0.0,0,0.5,-7.37892,low,0.5714,2,1.0,True,NOERROR,1,3600,1,3,True,False,0,396982,NL,True,Hosting Concepts B.V. d/b/a Registrar.eu,4,365,True,,False,False,False,benign,no_adverse_signal
puretrycreatorflow.com,2026-07-20,22,3.392147223664534,0.0,0,0.5,-6.917330303030303,low,0.4324,5,0.6666666666666666,True,NOERROR,2,300,5,2,True,False,2,13335,US,False,PDR Ltd. d/b/a PublicDomainRegistry.com,3,365,True,,False,False,False,benign,no_adverse_signal
hubblx.com,2026-07-20,10,2.2516291673878226,0.0,0,0.2,-8.316177777777778,low,0.5,4,0.8333333333333334,True,NOERROR,4,14400,0,4,True,False,0,53831,US,False,Squarespace Domains LLC,4,1096,True,,False,False,,benign,no_adverse_signal
shanecom.com,2026-07-20,12,3.0,0.0,0,0.6,-6.061630769230769,low,0.5714,2,1.0,True,NOERROR,1,86400,0,2,False,False,0,16509,US,True,"TUCOWS.COM, CO.",372,730,True,,False,False,,benign,no_adverse_signal
sieleolaw.com,2026-07-20,13,2.725480556997868,0.0,0,1.25,-6.952066666666667,low,0.5882,1,0.7777777777777778,True,NOERROR,1,300,0,2,False,False,0,14061,US,False,NAMECHEAP INC,4,365,True,,False,False,,benign,no_adverse_signal
phantasmagoriallc.com,2026-07-20,21,3.4992275471326932,0.0,0,0.5454545454545454,-6.597358064516129,low,0.4828,3,0.7647058823529411,True,NOERROR,4,14400,1,4,True,False,0,53831,US,False,Squarespace Domains II LLC,3,365,True,,False,False,False,benign,no_adverse_signal
betterballotirvine.com,2026-07-20,22,3.197159723424149,0.0,0,0.6363636363636364,-6.460793939393939,low,0.4828,2,0.5555555555555556,True,NOERROR,2,300,0,3,False,False,0,2635,US,False,Automattic Inc.,2,365,True,,False,False,,benign,no_adverse_signal
pusatservice-tecnogas.com,2026-07-20,25,3.6537567082870006,0.0,1,0.6666666666666666,-6.9036923076923085,low,0.5294,2,0.6666666666666666,True,NOERROR,1,86400,1,2,True,False,0,16276,SG,True,CV. Rumahweb Indonesia,4,365,True,,False,False,False,benign,no_adverse_signal
nuevofrio.com,2026-07-20,13,2.94770277922009,0.0,0,1.25,-7.7993,low,0.5,2,0.8888888888888888,False,NOERROR,0,,2,2,True,False,0,,,,"Cloudflare, Inc.",3,365,True,,,False,False,benign,no_adverse_signal
adwokatheller.pl,2026-07-20,16,3.238901256602631,0.0,0,0.625,-7.013078260869565,low,0.6,2,0.7692307692307693,True,NOERROR,1,2000,1,2,True,False,0,60713,PL,True,PERSKIMEDIA Szymon Perski,4,365,False,,False,False,False,benign,no_adverse_signal
sww190.top,2026-07-20,10,2.2516291673878226,0.3,0,0.0,-11.115111111111112,high,0.4444,3,0.8333333333333334,True,NOERROR,2,300,0,2,False,False,2,13335,US,False,"Spaceship, Inc.",3,365,True,,False,False,,benign,no_adverse_signal
howwedomedia.com,2026-07-20,16,2.918295834054489,0.0,0,1.0,-6.988828571428572,low,0.5882,2,0.6666666666666666,True,NOERROR,2,600,0,2,False,False,0,16509,US,True,"GoDaddy.com, LLC",4,365,False,,False,False,,benign,no_adverse_signal
bobfishing.com,2026-07-20,14,2.9219280948873623,0.0,0,0.42857142857142855,-7.167923529411764,low,0.5882,2,0.8,True,NOERROR,1,3600,1,4,False,False,0,24940,DE,True,RegistryGate GmbH,3,365,True,,False,False,False,benign,no_adverse_signal
enjoy-bet-giris.icu,2026-07-20,19,3.5068905956085183,0.0,2,0.625,-7.888185185185185,low,0.4286,2,0.8,True,NOERROR,2,300,0,2,False,False,2,13335,US,False,"NICENIC INTERNATIONAL GROUP CO., LIMITED",3,365,False,,False,True,,malicious,spamhaus_dbl
scormforge.com,2026-07-20,14,2.9219280948873623,0.0,0,0.42857142857142855,-7.031558823529412,low,0.6667,3,0.8,False,NOERROR,0,,0,2,False,False,0,,,,"Cloudflare, Inc.",4,365,True,,,False,,benign,no_adverse_signal
learnixeducationalsolutions.com,2026-07-20,31,3.578056483244308,0.0,0,0.9285714285714286,-6.636352941176471,low,0.4545,2,0.48148148148148145,True,NOERROR,2,60,2,2,True,False,2,47583,CY,False,"HOSTINGER operations, UAB",4,365,False,,False,False,False,benign,no_adverse_signal
pistolo-portu.com,2026-07-20,17,3.0269868333592873,0.0,1,0.7142857142857143,-6.84211304347826,low,0.4762,2,0.6923076923076923,False,NOERROR,0,,0,2,False,False,0,,,,URL SOLUTIONS INC.,4,365,True,,,True,,malicious,spamhaus_dbl
traskil.com,2026-07-20,11,2.807354922057604,0.0,0,0.4,-6.691354545454545,low,0.6154,2,1.0,True,NOERROR,2,300,3,2,True,False,2,13335,US,False,NAMECHEAP INC,4,731,True,,False,False,False,benign,no_adverse_signal
nookcam.com,2026-07-20,11,2.5216406363433186,0.0,0,0.75,-7.322154545454546,low,0.5455,2,0.8571428571428571,True,NOERROR,1,600,2,2,True,False,0,13335,CA,True,"GoDaddy.com, LLC",3,365,False,,False,False,False,benign,no_adverse_signal
nyaraglobal.com,2026-07-20,15,2.8453509366224368,0.0,0,0.5714285714285714,-6.859736842105264,low,0.5714,2,0.7272727272727273,True,NOERROR,1,1800,5,2,True,False,0,22612,US,False,NAMECHEAP INC,3,365,True,,False,False,False,benign,no_adverse_signal
ce8vk5g.surf,2026-07-20,12,2.807354922057604,0.16666666666666666,0,0.25,-12.065045454545453,low,0.4,2,1.0,True,NOERROR,1,30,0,2,False,False,0,209242,US,False,Dynadot Inc,3,365,True,,True,False,,malicious,spamhaus_zen
tianteahouse.com,2026-07-20,16,3.0849625007211556,0.0,0,1.4,-6.5280571428571434,low,0.6316,2,0.75,True,NOERROR,3,3600,0,2,False,False,0,58182,US,True,Wix.com Ltd.,3,365,False,,False,False,,benign,no_adverse_signal
hg0l.click,2026-07-20,10,2.0,0.1,0,0.0,-12.123619999999999,medium,0.4444,2,1.0,True,NOERROR,1,360,5,2,True,False,0,396982,US,True,NAMECHEAP INC,3,365,False,,False,False,False,benign,no_adverse_signal
pinacotecanacional.com,2026-07-20,22,2.974937501201927,0.0,0,1.0,-6.309233333333333,low,0.4828,1,0.5,True,NOERROR,2,3600,0,2,False,False,0,16509,US,True,"GoDaddy.com, LLC",2,1096,False,,False,False,,benign,no_adverse_signal
tacchyd.com,2026-07-20,11,2.5216406363433186,0.0,0,0.16666666666666666,-7.718209090909091,low,0.5714,5,0.8571428571428571,True,NOERROR,1,28800,0,5,False,False,0,394695,AE,True,BigRock Solutions Ltd.,2,731,True,,False,False,,benign,no_adverse_signal
sibylchain.com,2026-07-20,14,3.121928094887362,0.0,0,0.42857142857142855,-7.744947058823529,low,0.5882,5,0.9,False,NOERROR,0,,1,2,True,False,0,,,,"Cloudflare, Inc.",3,365,True,,,False,False,benign,no_adverse_signal
snowigamer.com,2026-07-20,14,3.321928094887362,0.0,0,0.6666666666666666,-6.845288235294118,low,0.5714,2,1.0,True,NOERROR,1,14400,3,2,True,False,0,22612,US,True,NAMECHEAP INC,4,365,True,,False,False,False,benign,no_adverse_signal
mjbenterprisings.com,2026-07-20,20,3.375,0.0,0,0.3333333333333333,-6.9169241379310344,low,0.4571,3,0.6875,True,NOERROR,1,1800,2,2,True,False,0,22612,US,False,NAMECHEAP INC,3,365,True,,False,False,False,benign,no_adverse_signal
11yh33323gg36.shop,2026-07-20,18,2.4996981431844145,0.5,0,0.0,-11.087965217391304,low,0.3,2,0.5384615384615384,True,NOERROR,2,600,0,2,False,False,0,16509,US,True,,,,False,,False,False,,benign,no_adverse_signal
gbfdd.com,2026-07-20,9,1.9219280948873623,0.0,0,0.0,-10.303657142857142,low,0.5455,5,0.8,False,NOERROR,0,,0,2,False,False,0,,,,"Hefei Juming Network Technology Co., Ltd.",3,365,True,,,False,,benign,no_adverse_signal
w87430478.vip,2026-07-20,13,2.5032583347756456,0.6153846153846154,0,0.0,-11.56296,low,0.3333,1,0.6666666666666666,False,NOERROR,0,,0,2,False,False,0,,,,Dynadot Inc,4,365,True,,,True,,malicious,spamhaus_dbl
l1233.com,2026-07-20,9,1.9219280948873623,0.4444444444444444,0,0.0,-9.699414285714285,low,0.5,1,0.8,True,NOERROR,2,300,0,2,False,False,2,13335,US,False,"Spaceship, Inc.",3,365,False,,False,False,,benign,no_adverse_signal
gsc-fleet.org,2026-07-20,13,2.9477027792200903,0.0,1,0.3333333333333333,-7.954006666666667,low,0.5333,3,0.8888888888888888,False,NOERROR,0,,0,2,False,False,0,,,,"Cloudflare, Inc.",3,365,False,,,False,,benign,no_adverse_signal
rafaelnazario.com,2026-07-20,17,2.9312089489103235,0.0,0,1.1666666666666667,-7.606260869565217,low,0.5185,2,0.6923076923076923,False,NOERROR,0,,0,2,False,False,0,,,,"TUCOWS.COM, CO.",4756,5113,True,,,False,,benign,no_adverse_signal
protectldnfashion.shop,2026-07-20,22,3.734521664779752,0.0,0,0.4166666666666667,-6.934777419354839,low,0.5,6,0.8235294117647058,True,NOERROR,1,300,0,2,False,False,0,199242,US,False,,,,False,,False,False,,benign,no_adverse_signal
runtimecache.com,2026-07-20,16,3.251629167387823,0.0,0,0.7142857142857143,-6.469533333333333,low,0.6316,2,0.8333333333333334,True,NOERROR,2,3600,1,2,True,False,0,16509,US,True,"Gransy, s.r.o.",2,365,False,,False,False,,benign,no_adverse_signal
skiterfusion.digital,2026-07-20,20,3.2516291673878226,0.0,0,0.7142857142857143,-6.6777380952380945,low,0.5455,2,0.8333333333333334,True,NOERROR,2,300,0,2,False,False,2,13335,US,False,,,,,,False,False,,benign,no_adverse_signal
bianchimages.net,2026-07-20,16,3.2516291673878226,0.0,0,0.7142857142857143,-6.4480571428571425,low,0.5455,3,0.8333333333333334,True,NOERROR,2,300,0,2,False,False,2,13335,US,False,"Name.com, Inc.",2,365,True,,False,False,,benign,no_adverse_signal
z42zh.top,2026-07-20,9,1.9219280948873623,0.2222222222222222,0,0.0,-12.190371428571428,high,0.5,2,0.8,True,NOERROR,3,15,0,0,False,True,0,54801,SC,False,GoDaddy.com,4,365,True,,False,False,,benign,no_adverse_signal
barczyk.prof,2026-07-20,12,2.807354922057604,0.0,0,0.16666666666666666,-8.70749090909091,low,0.5455,5,1.0,False,NOERROR,0,,2,2,True,False,0,,,,,,,,,,False,True,benign,no_adverse_signal
safegirlx.com,2026-07-20,13,3.169925001442312,0.0,0,0.5,-8.440886666666666,low,0.5,3,1.0,True,NOERROR,1,600,0,2,False,False,0,,,False,Alibaba Cloud Computing Ltd. d/b/a HiChina (www.net.cn),4,365,False,,False,False,,benign,no_adverse_signal
tavolerno.club,2026-07-20,14,2.94770277922009,0.0,0,0.8,-6.8257666666666665,low,0.5714,2,0.8888888888888888,True,NOERROR,2,300,0,2,False,False,2,13335,US,False,NAMECHEAP INC,3,365,True,,False,False,,benign,no_adverse_signal
85zhv.top,2026-07-20,9,2.321928094887362,0.2222222222222222,0,0.0,-12.30027142857143,high,0.3636,3,1.0,True,NOERROR,3,15,0,0,False,True,0,54801,SC,False,GoDaddy.com,4,365,True,,False,False,,benign,no_adverse_signal
kalkulatorykredytu.pl,2026-07-20,21,3.239097917988786,0.0,0,0.5,-7.711918181818182,low,0.5161,4,0.5555555555555556,True,NOERROR,1,21600,1,2,True,False,0,48707,PL,False,Aftermarket.pl Limited,4,365,False,,False,False,False,benign,no_adverse_signal
96cp15.com,2026-07-20,10,2.584962500721156,0.4,0,0.0,-11.656877777777778,low,0.4,2,1.0,True,NOERROR,2,300,0,2,False,False,2,13335,US,False,"Spaceship, Inc.",3,365,False,,False,False,,benign,no_adverse_signal
melvianne.shop,2026-07-20,14,2.725480556997868,0.0,0,0.8,-6.900906666666667,low,0.6154,2,0.7777777777777778,True,NOERROR,1,3600,2,3,True,False,0,13335,CA,True,,,,False,,False,False,False,benign,no_adverse_signal
ediepeffleyportfolio.com,2026-07-20,24,3.1464393446710153,0.0,0,0.8181818181818182,-7.316986486486487,low,0.5161,3,0.5,True,NOERROR,2,120,0,4,False,False,0,16509,DE,True,"Name.com, Inc.",2,365,True,,False,False,,benign,no_adverse_signal
midexairlines.com,2026-07-20,17,3.180832987205441,0.0,0,0.8571428571428571,-6.705334782608696,low,0.5217,2,0.7692307692307693,True,NOERROR,1,1800,5,2,True,False,0,22612,US,False,NAMECHEAP INC,3,365,True,,False,False,False,benign,no_adverse_signal
remoteworkersconference.online,2026-07-20,30,3.1207505427313436,0.0,0,0.6428571428571429,-6.541532558139534,medium,0.4667,3,0.4782608695652174,True,NOERROR,1,7200,0,2,False,False,0,40676,VG,False,"NETWORK SOLUTIONS, LLC.",3,365,False,,False,False,,benign,no_adverse_signal
keepkithq.com,2026-07-20,13,2.725480556997868,0.0,0,0.5,-7.9447133333333335,low,0.5,3,0.7777777777777778,True,NOERROR,2,300,0,2,False,False,2,13335,US,False,"Cloudflare, Inc.",3,365,True,,False,False,,benign,no_adverse_signal
eziliving-can.com,2026-07-20,17,3.180832987205441,0.0,1,0.7142857142857143,-7.014404347826087,low,0.4545,2,0.7692307692307693,False,NOERROR,0,,3,2,True,False,0,,,,"Chengdu west dimension digital technology Co., LTD",4,365,True,,,False,False,benign,no_adverse_signal
breezecloudmaya.pics,2026-07-20,20,3.4565647621309536,0.0,0,0.875,-7.202481481481481,low,0.5,2,0.8,True,NOERROR,3,3603,3,3,False,False,0,63949,US,True,"NameSilo, LLC",4,365,True,,False,False,False,benign,no_adverse_signal
hcpptc.com,2026-07-20,10,1.9182958340544893,0.0,0,0.0,-8.814633333333333,low,0.7143,6,0.6666666666666666,True,NOERROR,1,300,0,0,False,False,0,58182,US,True,Wix.com Ltd.,373,730,True,,False,False,,benign,no_adverse_signal
agneschoi.com,2026-07-20,13,3.169925001442312,0.0,0,0.8,-6.938273333333333,low,0.5714,3,1.0,True,NOERROR,2,300,0,2,False,False,2,13335,US,False,"GMO Internet, Inc.",4,365,True,,False,False,,benign,no_adverse_signal
wpchatv1.com,2026-07-20,12,3.0,0.08333333333333333,0,0.16666666666666666,-8.037584615384615,low,0.625,4,1.0,True,NOERROR,2,300,0,2,False,False,2,13335,US,False,"NameSilo, LLC",4,365,True,,False,False,,benign,no_adverse_signal
escolhasdela.com.br,2026-07-20,19,2.918295834054489,0.0,0,0.7142857142857143,-7.006238095238095,low,0.5556,2,0.6666666666666666,True,NOERROR,1,50,0,2,False,False,0,47583,CY,False,,4,365,False,,False,False,,benign,no_adverse_signal
jatuphotographer.com,2026-07-20,20,3.25,0.0,0,0.6,-7.058479310344827,low,0.4545,2,0.625,True,NOERROR,2,3600,0,3,False,False,0,13335,US,False,"GMO Internet, Inc.",4,731,True,,False,False,,benign,no_adverse_signal
meetaccountingkings.com,2026-07-20,23,3.471354487013929,0.0,0,0.5833333333333334,-6.632802857142857,low,0.4286,3,0.631578947368421,True,NOERROR,2,300,1,2,True,False,2,13335,US,False,"GoDaddy.com, LLC",3,365,False,,False,False,False,benign,no_adverse_signal
8g25i.xyz,2026-07-20,9,2.321928094887362,0.3333333333333333,0,1.0,-12.272142857142857,high,0.4444,1,1.0,True,NOERROR,2,300,0,2,False,False,2,13335,US,False,"Spaceship, Inc.",3,365,False,,False,False,,benign,no_adverse_signal
juelfsfarms.com,2026-07-20,15,3.095795255000934,0.0,0,0.375,-8.050763157894735,low,0.5263,4,0.8181818181818182,True,NOERROR,4,14400,1,4,True,False,0,53831,US,False,Squarespace Domains II LLC,3,365,True,,False,False,False,benign,no_adverse_signal
g-stake.info,2026-07-20,12,2.807354922057604,0.0,1,0.5,-7.0312636363636365,medium,0.5714,2,1.0,True,NOERROR,2,600,0,2,False,False,0,16509,US,True,,,,,,False,False,,benign,no_adverse_signal
qfds.org,2026-07-20,8,2.0,0.0,0,0.0,-10.672979999999999,low,0.5714,4,1.0,True,NOERROR,1,3600,1,4,True,False,0,58262,IR,False,Key-Systems GmbH,3,365,True,,False,False,False,benign,no_adverse_signal
milestonebin.com,2026-07-20,16,3.084962500721156,0.0,0,0.7142857142857143,-6.219166666666666,low,0.5926,2,0.75,False,NOERROR,0,,0,2,False,False,0,,,,"Network Solutions, LLC",4,365,False,,,False,,benign,no_adverse_signal
ciel-gopanpally.in,2026-07-20,18,3.323231428797621,0.0,1,0.5555555555555556,-7.316414814814816,low,0.4762,3,0.7333333333333333,True,NOERROR,2,60,0,2,False,False,2,47583,LT,False,"HOSTINGER operations, UAB",4,365,False,,False,False,,benign,no_adverse_signal
eshopmart.online,2026-07-20,16,3.169925001442312,0.0,0,0.5,-6.620073333333334,medium,0.5333,2,1.0,True,NOERROR,1,14400,0,2,False,False,0,13335,CA,True,"HOSTINGER operations, UAB",3,365,False,,False,False,,benign,no_adverse_signal
aibizness.co.uk,2026-07-20,15,2.725480556997868,0.0,0,0.8,-7.497813333333334,low,0.5333,2,0.7777777777777778,True,NOERROR,2,3600,0,2,False,False,0,16509,US,True,"GoDaddy.com, LLC. [Tag = GODADDY]",5,365,False,,False,False,,benign,no_adverse_signal
mtojst.shop,2026-07-20,11,2.2516291673878226,0.0,0,0.2,-8.597544444444445,low,0.6667,3,0.8333333333333334,False,NOERROR,0,,0,2,False,False,0,,,,,,,False,,,False,,benign,no_adverse_signal
72yqt.top,2026-07-20,9,2.321928094887362,0.2222222222222222,0,0.0,-12.234457142857142,high,0.4,3,1.0,True,NOERROR,3,15,0,0,False,True,0,54801,SC,False,GoDaddy.com,4,365,True,,False,False,,benign,no_adverse_signal
ascendspiritpath.digital,2026-07-20,24,3.375,0.0,0,0.45454545454545453,-6.854596551724137,low,0.5517,4,0.6875,True,NOERROR,2,300,0,2,False,False,2,13335,US,False,,,,,,False,False,,benign,no_adverse_signal
wiseedits.com,2026-07-20,13,2.5032583347756456,0.0,0,0.8,-6.620993333333333,low,0.625,2,0.6666666666666666,False,NOERROR,0,,0,2,False,False,0,,,,"Cloudflare, Inc.",4,365,True,,,False,,benign,no_adverse_signal
goodtipsdaily.com,2026-07-20,17,3.238901256602631,0.0,0,0.625,-7.283304347826086,low,0.5,3,0.7692307692307693,True,NOERROR,1,35,0,2,False,False,1,60068,DE,True,"GoDaddy.com, LLC",4,365,False,,False,False,,benign,no_adverse_signal
magnetlifestyle.com,2026-07-20,19,3.3232314287976203,0.0,0,0.5,-6.95082962962963,low,0.5455,4,0.7333333333333333,False,timeout,0,,0,0,False,False,0,,,,"Gransy, s.r.o.",4,365,False,,,False,,benign,no_adverse_signal
mksport-gate.com,2026-07-20,16,3.4182958340544896,0.0,1,0.375,-7.190085714285715,low,0.5714,4,0.9166666666666666,True,NOERROR,1,3600,0,2,False,False,0,400619,SC,False,Eranet International Limited,2,365,True,,False,False,,benign,no_adverse_signal
daffodilastro.com,2026-07-20,17,3.0850551027564768,0.0,0,0.625,-6.988004347826086,low,0.5,3,0.6923076923076923,True,NOERROR,1,1799,5,2,True,False,0,47583,IN,True,NAMECHEAP INC,4,365,True,,False,False,False,benign,no_adverse_signal
sosabetgir.info,2026-07-20,15,3.121928094887362,0.0,0,0.6666666666666666,-7.28815294117647,medium,0.5263,2,0.9,True,NOERROR,2,300,0,2,False,False,2,13335,US,False,,,,,,False,False,,benign,no_adverse_signal
sapienscz.com,2026-07-20,13,2.94770277922009,0.0,0,0.5,-7.228026666666667,low,0.5556,4,0.8888888888888888,True,NOERROR,4,600,2,2,True,False,0,54113,US,True,"GoDaddy.com, LLC",4,365,False,,False,False,False,benign,no_adverse_signal
ehilpeqxwkmb.com,2026-07-20,16,3.418295834054489,0.0,0,0.3333333333333333,-9.803057142857144,low,0.5263,6,0.9166666666666666,False,NOERROR,0,,0,2,False,False,0,,,,"GMO Internet, Inc.",4,365,True,,,False,,benign,no_adverse_signal
guodwf.com,2026-07-20,10,2.584962500721156,0.0,0,0.5,-9.603211111111111,low,0.6,3,1.0,True,NOERROR,2,300,0,2,False,False,2,13335,US,False,"Spaceship, Inc.",3,365,False,,False,False,,benign,no_adverse_signal
withanswerengine.com,2026-07-20,20,3.1556390622295662,0.0,0,0.6,-6.493927586206897,low,0.5185,3,0.625,True,NOERROR,2,300,1,2,True,False,2,13335,US,False,"Spaceship, Inc.",3,365,False,,False,False,False,benign,no_adverse_signal
lynaxstore.com,2026-07-20,14,3.321928094887362,0.0,0,0.42857142857142855,-7.270223529411765,low,0.6316,3,1.0,True,NOERROR,2,300,0,2,False,False,2,13335,US,False,Turkticaret.net Yazılım Hizmetleri Sanayi ve Ticaret A.Ş.,3,365,False,,False,False,,benign,no_adverse_signal
graciassipnbiteuk.com,2026-07-20,21,3.572469458770136,0.0,0,0.7,-7.304032258064517,low,0.4615,3,0.7647058823529411,True,NOERROR,4,14400,1,4,True,False,0,53831,US,False,Squarespace Domains II LLC,4,365,True,,False,False,False,benign,no_adverse_signal
simpotics.store,2026-07-20,15,2.725480556997868,0.0,0,0.5,-6.617026666666666,low,0.625,2,0.7777777777777778,True,NOERROR,2,600,0,2,False,False,0,16509,US,True,,,,False,,False,False,,benign,no_adverse_signal
74chz.top,2026-07-20,9,2.321928094887362,0.2222222222222222,0,0.0,-10.784185714285714,high,0.3636,3,1.0,True,NOERROR,3,15,0,0,False,True,0,54801,SC,False,GoDaddy.com,4,365,True,,False,False,,benign,no_adverse_signal
systainerworld.shop,2026-07-20,19,3.521640636343319,0.0,0,0.4,-6.545576,low,0.6364,4,0.8571428571428571,True,NOERROR,1,300,0,2,False,False,0,,GE,False,,,,False,,False,False,,benign,no_adverse_signal
veratricoria.digital,2026-07-20,20,2.8553885422075336,0.0,0,1.0,-6.040119047619048,low,0.4545,2,0.6666666666666666,True,NOERROR,2,300,0,2,False,False,2,13335,US,False,,,,,,False,False,,benign,no_adverse_signal
wendymolina.top,2026-07-20,15,3.277613436819116,0.0,0,0.5714285714285714,-6.9696421052631585,high,0.5455,4,0.9090909090909091,True,NOERROR,2,600,0,2,False,False,0,16509,US,True,GoDaddy.com,4,365,True,,False,False,,benign,no_adverse_signal
rechnungsversand.info,2026-07-20,21,3.327819531114783,0.0,0,0.3333333333333333,-6.9428758620689655,medium,0.5217,4,0.6875,True,NOERROR,1,7200,1,2,True,False,0,34788,DE,True,,,,,,False,False,False,benign,no_adverse_signal
michaelamujicasteiner.net,2026-07-20,25,3.522571589136359,0.0,0,0.9090909090909091,-6.829148717948717,low,0.4828,2,0.6190476190476191,True,NOERROR,1,1800,0,0,False,False,0,58182,US,True,Wix.com Ltd.,1104,1461,True,,False,False,,benign,no_adverse_signal
679king1.online,2026-07-20,15,3.0,0.26666666666666666,0,0.3333333333333333,-9.199869230769231,medium,0.5333,2,1.0,True,NOERROR,2,300,0,2,False,False,2,13335,US,False,"Chengdu West Dimension Digital Technology Co., Ltd.",3,365,False,,False,False,,benign,no_adverse_signal
aalive.bio,2026-07-20,10,2.2516291673878226,0.0,0,2.0,-6.424988888888889,low,0.8,1,0.8333333333333334,True,NOERROR,2,300,0,2,False,False,2,13335,US,False,,,,,,False,False,,benign,no_adverse_signal
airisale.com,2026-07-20,12,2.5,0.0,0,1.6666666666666667,-6.397146153846155,low,0.5333,1,0.75,True,NOERROR,2,60,0,2,False,False,2,47583,LT,True,"HOSTINGER operations, UAB",3,365,False,,False,False,,benign,no_adverse_signal
james-horses.com,2026-07-20,16,3.0220552088742,0.0,1,0.5714285714285714,-6.851942857142857,low,0.56,2,0.75,True,NOERROR,1,150,1,2,False,False,1,8560,DE,True,InterNetX GmbH,4,365,True,,False,False,False,benign,no_adverse_signal
studiookur.com,2026-07-20,14,2.9219280948873623,0.0,0,1.0,-7.018947058823529,low,0.5455,2,0.8,True,NOERROR,4,14400,1,4,True,False,0,53831,US,False,Squarespace Domains II LLC,3,365,True,,False,False,False,benign,no_adverse_signal
freedomcrutch.com,2026-07-20,17,3.238901256602631,0.0,0,0.4444444444444444,-7.168717391304348,low,0.5455,3,0.7692307692307693,True,NOERROR,1,1800,5,2,True,False,0,22612,US,False,NAMECHEAP INC,3,365,True,,False,False,False,benign,no_adverse_signal
hxxp.net,2026-07-20,8,1.5,0.0,0,0.0,-9.87096,low,0.5714,4,0.75,True,NOERROR,2,300,0,2,True,False,2,14618,US,True,DropCatch.com 505 LLC,4,365,False,,False,False,,benign,no_adverse_signal
eddynpizzle.com,2026-07-20,15,2.9139770731827523,0.0,0,0.375,-8.348178947368421,low,0.5263,5,0.7272727272727273,False,NOERROR,0,,0,2,False,False,0,,,,Gname 231 Inc,3,365,False,,,False,,benign,no_adverse_signal
clockzonehq.com,2026-07-20,15,3.0957952550009344,0.0,0,0.375,-7.627836842105263,low,0.56,3,0.8181818181818182,True,NOERROR,2,10800,0,2,True,False,2,14618,US,True,DropCatch.com 600 LLC,4,365,False,,False,False,,benign,no_adverse_signal
hubisec.com,2026-07-20,11,2.807354922057604,0.0,0,0.75,-6.821454545454546,low,0.5714,1,1.0,False,NOERROR,0,,0,2,False,False,0,,,,"Shanghai Best Oray Information S&T Co., Ltd.",4,365,True,,,False,,benign,no_adverse_signal
a41347453.top,2026-07-20,13,2.4193819456463714,0.6153846153846154,0,1.0,-11.3689,high,0.3333,0,0.6666666666666666,False,NOERROR,0,,0,2,False,False,0,,,,Dynadot LLC,4,365,True,,,True,,malicious,spamhaus_dbl
zfta.cc,2026-07-20,7,2.0,0.0,0,0.3333333333333333,-9.4638,low,0.5,3,1.0,True,NOERROR,1,1,0,2,False,True,0,40065,US,False,"NameSilo, LLC",4,365,True,,False,False,,benign,no_adverse_signal
medexpert.partners,2026-07-20,18,2.6416041678685933,0.0,0,0.5,-6.5051266666666665,low,0.5714,2,0.7777777777777778,True,NOERROR,1,300,0,4,False,False,0,13335,DE,True,,,,,,False,False,,benign,no_adverse_signal
mixxflow.com,2026-07-20,12,2.75,0.0,0,0.3333333333333333,-8.198615384615383,low,0.5,4,0.875,True,NOERROR,1,300,0,4,False,False,0,13335,DE,True,"Name.com, Inc.",3,365,True,,False,False,,benign,no_adverse_signal
bxjmqz.com,2026-07-20,10,2.584962500721156,0.0,0,0.0,-11.690555555555555,low,0.4444,6,1.0,True,NOERROR,1,3600,1,4,True,False,0,14618,US,True,CNOBIN INFORMATION TECHNOLOGY LIMITED,376,730,False,,False,False,False,benign,no_adverse_signal
confettiandcollars.com,2026-07-20,22,3.503258334775645,0.0,0,0.5,-6.725551515151515,low,0.5185,3,0.6666666666666666,True,NOERROR,1,86400,0,2,False,False,0,16509,US,True,"TUCOWS.COM, CO.",372,730,True,,False,False,,benign,no_adverse_signal
t18848.com,2026-07-20,10,1.7924812503605778,0.5,0,0.0,-10.68768888888889,low,0.4,1,0.6666666666666666,True,NOERROR,1,900,0,2,False,False,0,136250,CN,False,"Chengdu west dimension digital technology Co., LTD",4,365,True,,False,False,,benign,no_adverse_signal
laboralconcursos.com.br,2026-07-20,23,3.077819531114783,0.0,0,0.6,-6.749144827586207,low,0.4828,2,0.5625,False,NOERROR,0,,1,2,True,False,0,,,,,4,365,False,,,False,,benign,no_adverse_signal
nebulacloudai.com,2026-07-20,17,3.238901256602631,0.0,0,1.1666666666666667,-6.757156521739131,low,0.5556,2,0.7692307692307693,False,NOERROR,0,,3,2,True,False,0,,,,"Amazon Registrar, Inc.",4,365,True,,,False,False,benign,no_adverse_signal
67fhz.top,2026-07-20,9,2.321928094887362,0.2222222222222222,0,0.0,-12.2795,high,0.3333,3,1.0,True,NOERROR,3,15,0,0,False,True,0,133199,HK,False,GoDaddy.com,4,365,True,,False,False,,benign,no_adverse_signal
8g89a.xyz,2026-07-20,9,1.9219280948873623,0.3333333333333333,0,1.0,-12.067185714285715,high,0.4,1,0.8,True,NOERROR,2,300,0,2,False,False,2,13335,US,False,"Spaceship, Inc.",3,365,False,,False,False,,benign,no_adverse_signal
tonmedecin.com,2026-07-20,14,2.9219280948873623,0.0,0,0.6666666666666666,-6.660823529411765,low,0.5882,2,0.8,True,NOERROR,2,3600,0,2,False,False,0,16509,US,True,"GoDaddy.com, LLC",3,365,False,,False,False,,benign,no_adverse_signal
dunnherefords.com,2026-07-20,17,3.0850551027564768,0.0,0,0.4444444444444444,-7.060273913043479,low,0.5,3,0.6923076923076923,False,NOERROR,0,,0,2,False,False,0,,,,Gname 194 Inc,3,365,False,,,False,,benign,no_adverse_signal
freerandomdomainforautomatedtest141851.com,2026-07-20,42,3.80004461847901,0.14285714285714285,0,0.7777777777777778,-7.189460273972603,low,0.3846,2,0.42105263157894735,True,NOERROR,1,600,1,2,False,False,0,47846,DE,False,IONOS SE,434,730,True,,False,False,False,benign,no_adverse_signal
lyvo-one.com,2026-07-20,12,2.75,0.0,1,0.75,-8.13006923076923,low,0.5455,3,0.875,True,NOERROR,1,300,2,3,True,False,0,396982,US,True,"Ascio Technologies, Inc",4,365,False,,False,False,False,benign,no_adverse_signal
micetourism.in,2026-07-20,14,3.0957952550009344,0.0,0,0.8333333333333334,-6.551505263157895,low,0.5333,2,0.8181818181818182,True,NOERROR,2,60,0,2,False,False,2,47583,LT,True,"HOSTINGER operations, UAB",4,365,False,,False,False,,benign,no_adverse_signal
29yqf.top,2026-07-20,9,2.321928094887362,0.2222222222222222,0,0.0,-12.751728571428572,high,0.4,3,1.0,True,NOERROR,3,15,0,0,False,True,0,54801,SC,False,GoDaddy.com,4,365,True,,False,False,,benign,no_adverse_signal
1111dab.com,2026-07-20,11,1.6644977792004614,0.36363636363636365,0,0.5,-9.353818181818182,low,0.4,1,0.5714285714285714,True,NOERROR,2,300,0,2,False,False,2,13335,US,False,"Gransy, s.r.o.",3,365,False,,False,False,,benign,no_adverse_signal
huidangmao.com,2026-07-20,14,3.121928094887362,0.0,0,1.0,-7.311023529411765,low,0.5556,3,0.9,False,NOERROR,0,,0,2,False,False,0,,,,"DNSPod, Inc.",3,365,False,,,False,,benign,no_adverse_signal
nationaljusticeact.com,2026-07-20,22,3.3082708345352603,0.0,0,0.8,-6.583415151515152,low,0.4828,2,0.6111111111111112,True,NOERROR,2,10800,2,2,True,False,2,14618,US,True,DropCatch.com 840 LLC,363,365,True,,False,False,False,benign,no_adverse_signal
cactusofthesea.com,2026-07-20,18,3.09306920777189,0.0,0,0.75,-6.8404,low,0.5,3,0.6428571428571429,True,NOERROR,3,3600,0,2,False,False,0,58182,US,True,Wix.com Ltd.,3,1096,True,,False,False,,benign,no_adverse_signal
templodeadoracaochurch.com.br,2026-07-20,29,3.4474015047059154,0.0,0,0.6923076923076923,-6.914412195121951,low,0.4,3,0.5454545454545454,True,NOERROR,2,27,0,2,False,False,0,397273,US,False,,5,1826,False,,False,False,,benign,no_adverse_signal
apexfreight.pro,2026-07-20,15,3.277613436819116,0.0,0,0.5714285714285714,-7.5751526315789475,low,0.5833,3,0.9090909090909091,True,NOERROR,1,3600,1,2,True,False,0,53667,LU,True,,,,,,False,False,False,benign,no_adverse_signal
xngkk.shop,2026-07-20,10,1.9219280948873623,0.0,0,0.0,-9.694185714285714,low,0.4444,5,0.8,False,NOERROR,0,,0,2,False,False,0,,,,,,,False,,,False,,benign,no_adverse_signal
cosjapanstore.com,2026-07-20,17,3.238901256602631,0.0,0,0.625,-6.8287826086956525,low,0.5455,3,0.7692307692307693,True,NOERROR,1,300,0,2,False,False,0,58065,CA,False,"Guizhou Zhongyu Zhike Network Technology Co., Ltd.",3,365,False,,False,False,,benign,no_adverse_signal
2028zm.com,2026-07-20,10,2.2516291673878226,0.4,0,0.0,-11.197122222222223,low,0.4444,2,0.8333333333333334,False,NOERROR,0,,0,4,False,False,0,,,,NAMECHEAP INC,4,365,True,,,False,,benign,no_adverse_signal
xn--666-5q3e281ly1i3k4b.online,2026-07-20,30,3.9361804341297555,0.36666666666666664,3,0.2857142857142857,-11.744490697674419,medium,0.3333,2,0.7391304347826086,True,NOERROR,1,600,0,2,False,False,0,4837,CN,False,"DNSPod, Inc.",4,365,False,,False,False,,benign,no_adverse_signal
pineburrbsa.click,2026-07-20,17,3.095795255000934,0.0,0,0.5714285714285714,-7.433131578947369,medium,0.6,4,0.8181818181818182,True,NOERROR,2,300,0,2,False,False,2,13335,US,False,"Dynadot, LLC",3,365,False,,False,False,,benign,no_adverse_signal
k52xyri.com,2026-07-20,11,2.807354922057604,0.18181818181818182,0,0.25,-11.159381818181819,low,0.4286,3,1.0,True,NOERROR,2,300,0,2,False,False,2,13335,US,False,"GoDaddy.com, LLC",4,365,False,,False,False,,benign,no_adverse_signal
xinxigu.vip,2026-07-20,11,2.2359263506290326,0.0,0,0.75,-8.201872727272727,low,0.5455,2,0.7142857142857143,True,NOERROR,1,1,0,2,False,False,0,59371,HK,False,Gname 002 Inc,3,365,True,,False,False,,benign,no_adverse_signal
online-kaiyun-app.com,2026-07-20,21,3.337175341123077,0.0,2,0.875,-7.3785741935483875,low,0.5333,2,0.6470588235294118,False,NOERROR,0,,0,2,False,False,0,,,,"GMO Internet, Inc.",3,365,True,,,False,,benign,no_adverse_signal
pottsworldclothing.com,2026-07-20,22,3.530493056757482,0.0,0,0.2857142857142857,-6.930642424242424,low,0.4615,5,0.7222222222222222,True,NOERROR,1,86400,0,4,False,False,1,13335,CA,True,"TUCOWS.COM, CO.",3,365,True,,False,False,,benign,no_adverse_signal
zephyrbarrowdepot.shop,2026-07-20,22,3.4548223999466066,0.0,0,0.4166666666666667,-7.900790322580645,low,0.5185,5,0.7058823529411765,True,NOERROR,1,1800,0,2,False,False,0,138995,JP,True,,,,False,,False,False,,benign,no_adverse_signal
hz29d.top,2026-07-20,9,2.321928094887362,0.2222222222222222,0,0.0,-12.23987142857143,high,0.4444,2,1.0,True,NOERROR,3,15,0,0,False,True,0,54801,SC,False,GoDaddy.com,4,365,True,,False,False,,benign,no_adverse_signal
18win2.win,2026-07-20,10,2.584962500721156,0.3,0,0.5,-8.993699999999999,low,0.4615,1,1.0,True,NOERROR,2,300,0,2,False,False,2,13335,US,False,Dynadot Inc,3,365,True,,False,False,,benign,no_adverse_signal
servicesarv.shop,2026-07-20,16,2.7321588913645702,0.0,0,0.5714285714285714,-6.3339105263157895,low,0.6667,2,0.6363636363636364,True,NOERROR,2,300,0,2,False,False,2,13335,US,False,,,,False,,False,False,,benign,no_adverse_signal
smartbutchers.pro,2026-07-20,17,3.238901256602631,0.0,0,0.3,-6.667326086956522,low,0.6,3,0.7692307692307693,True,NOERROR,1,3600,3,3,True,False,0,48287,RU,False,,,,,,False,False,False,benign,no_adverse_signal
monnalisadigitalagency.art,2026-07-20,26,3.4817145729860717,0.0,0,0.6923076923076923,-6.510695121951219,low,0.4242,3,0.5909090909090909,True,NOERROR,1,900,1,2,True,False,0,39729,IT,True,"ENOM, INC.",3,365,True,,False,False,False,benign,no_adverse_signal
rinduslota.com,2026-07-20,14,3.321928094887362,0.0,0,0.6666666666666666,-6.695247058823529,low,0.6,2,1.0,True,NOERROR,2,300,0,2,False,False,2,13335,US,False,Dominet (HK) Limited,4,365,False,,False,False,,benign,no_adverse_signal
0007733aybb4.shop,2026-07-20,17,2.688721875540867,0.47058823529411764,0,0.3333333333333333,-10.088852380952382,low,0.3158,3,0.5833333333333334,False,NOERROR,0,,0,2,False,False,0,,,,,,,False,,,False,,benign,no_adverse_signal
maelieshop.com,2026-07-20,14,3.121928094887362,0.0,0,1.0,-6.7859058823529415,low,0.5263,2,0.9,True,NOERROR,2,3600,0,2,False,False,0,16509,US,True,"GoDaddy.com, LLC",2,365,False,,False,False,,benign,no_adverse_signal
grandpashabt-canligiris.com,2026-07-20,27,3.621175542919471,0.0,1,0.4666666666666667,-6.9990232558139525,low,0.4118,3,0.6086956521739131,True,NOERROR,2,300,0,2,False,False,2,13335,US,False,"NICENIC INTERNATIONAL GROUP CO., LIMITED",3,365,False,,False,True,,malicious,spamhaus_dbl
bitcoin-wallet-generator.com,2026-07-20,28,3.6053885422075336,0.0,2,0.6923076923076923,-6.820971111111111,low,0.4545,2,0.5416666666666666,True,NOERROR,2,300,0,2,False,False,2,13335,US,False,"NameSilo, LLC",3,365,True,,False,False,,benign,no_adverse_signal
zrs62.top,2026-07-20,9,2.321928094887362,0.2222222222222222,0,0.0,-10.426628571428571,high,0.4,3,1.0,True,NOERROR,3,15,0,0,False,True,0,54801,SC,False,GoDaddy.com,4,365,True,,False,False,,benign,no_adverse_signal
sakura168.online,2026-07-20,16,2.94770277922009,0.1875,0,1.0,-8.244813333333333,medium,0.4615,1,0.8888888888888888,True,NOERROR,2,60,2,2,True,False,2,47583,LT,True,NAMECHEAP INC,4,365,True,,False,False,False,benign,no_adverse_signal
36hzz.top,2026-07-20,9,1.9219280948873623,0.2222222222222222,0,0.0,-11.524728571428572,high,0.5,3,0.8,True,NOERROR,3,15,0,0,False,True,0,54801,SC,False,GoDaddy.com,4,365,True,,False,False,,benign,no_adverse_signal
od57xw.com,2026-07-20,10,2.584962500721156,0.2,0,0.3333333333333333,-11.85668888888889,low,0.4615,2,1.0,False,NOERROR,0,,0,2,False,False,0,,,,"Spaceship, Inc.",4,365,False,,,False,,benign,no_adverse_signal
anonrank.com,2026-07-20,12,2.1556390622295662,0.0,0,0.6,-6.714715384615385,low,0.5333,2,0.625,True,NOERROR,2,120,0,4,False,False,0,16509,DE,True,NAMECHEAP INC,2,365,True,,False,False,,benign,no_adverse_signal
guiaretafinal.shop,2026-07-20,18,3.180832987205441,0.0,0,1.1666666666666667,-6.6667565217391305,low,0.5,1,0.7692307692307693,False,NXDOMAIN,0,,0,0,False,False,0,,,,,,,False,,,False,,benign,no_adverse_signal
mydigitaltelemarketing.com,2026-07-20,26,3.447401504705915,0.0,0,0.5714285714285714,-6.40150731707317,low,0.4667,3,0.5454545454545454,True,NOERROR,1,3600,1,2,True,False,0,19318,US,True,Dreamscape Networks International Pte Ltd,2220,2556,False,,False,False,False,benign,no_adverse_signal
apothemanalytics.com,2026-07-20,20,3.577819531114783,0.0,0,0.6,-6.481427586206896,low,0.6875,3,0.8125,True,NOERROR,1,600,0,2,False,False,0,9294,SC,False,"Chengdu west dimension digital technology Co., LTD",516,1095,True,,True,False,,malicious,spamhaus_zen
rc4zxlar.top,2026-07-20,12,2.75,0.08333333333333333,0,0.16666666666666666,-10.350761538461539,high,0.5333,3,0.875,True,NOERROR,3,60,0,2,False,True,0,138995,US,False,Dominet (HK) Limited,3,365,True,,True,True,,malicious,spamhaus_zen
holi-ganbeet.net,2026-07-20,16,3.4182958340544896,0.0,1,0.8333333333333334,-7.332052380952381,low,0.5217,2,0.9166666666666666,True,NOERROR,2,300,0,2,False,False,2,13335,US,False,"Sav.com, LLC",3,365,False,,False,False,,benign,no_adverse_signal
ggspklimaks.biz,2026-07-20,15,2.9139770731827523,0.0,0,0.2222222222222222,-7.94162105263158,low,0.5263,6,0.7272727272727273,True,NOERROR,2,300,0,2,False,False,2,13335,US,False,"NameCheap, Inc.",3,,True,,False,False,,benign,no_adverse_signal
gleba-yingyingcai.com.cn,2026-07-20,24,3.175123135113461,0.0,1,0.6,-7.6728387096774195,low,0.4706,3,0.5882352941176471,True,NOERROR,1,599,0,2,False,False,0,58658,US,False,北京新网数码信息技术有限公司,9,365,False,,False,False,,benign,no_adverse_signal
solacejet.com,2026-07-20,13,2.94770277922009,0.0,0,0.8,-7.3047200000000005,low,0.5714,1,0.8888888888888888,True,NOERROR,2,3600,1,2,True,False,0,16509,US,True,UnstoppableUS3 LLC,2,365,False,,False,False,,benign,no_adverse_signal
hayatishdigital.de,2026-07-20,18,3.006238928653389,0.0,0,0.6666666666666666,-6.876851851851852,low,0.5217,3,0.6,True,NOERROR,1,1799,0,2,False,False,0,16509,US,True,,,,False,,False,False,,benign,no_adverse_signal
riyub.fun,2026-07-20,9,2.321928094887362,0.0,0,0.6666666666666666,-8.64617142857143,low,0.5455,1,1.0,True,NOERROR,2,300,0,2,False,False,2,13335,US,False,Alibaba Cloud Computing Ltd. d/b/a HiChina (www.net.cn),3,365,False,,False,False,,benign,no_adverse_signal
calzamodatpc.com,2026-07-20,16,3.0220552088742,0.0,0,0.5,-7.4824,low,0.5455,3,0.75,True,NOERROR,4,14400,0,4,True,False,0,53831,US,False,Squarespace Domains LLC,3,365,True,,False,False,,benign,no_adverse_signal
77yqf.top,2026-07-20,9,1.9219280948873623,0.2222222222222222,0,0.0,-12.531057142857142,high,0.4,3,0.8,True,NOERROR,3,15,0,0,False,True,0,54801,SC,False,GoDaddy.com,4,365,True,,False,False,,benign,no_adverse_signal
realagentdata.com,2026-07-20,17,2.7773627950641693,0.0,0,0.8571428571428571,-6.3527695652173914,low,0.5217,3,0.6153846153846154,True,NOERROR,2,10800,0,2,True,False,2,14618,US,True,DropCatch.com 1411 LLC,3,365,False,,False,False,,benign,no_adverse_signal
kiddystore.com,2026-07-20,14,3.121928094887362,0.0,0,0.42857142857142855,-6.870364705882353,low,0.5333,5,0.9,True,NOERROR,2,3600,1,2,True,False,0,16509,US,True,"Megazone Corp., dba HOSTING.KR",5508,5844,False,,False,False,,benign,no_adverse_signal
westsuburbaninsider.com,2026-07-20,23,3.3660913291191923,0.0,0,0.5833333333333334,-6.599394285714286,low,0.5882,3,0.5789473684210527,False,NOERROR,0,,0,2,False,False,0,,,,"Cloudflare, Inc.",4,365,True,,,False,,benign,no_adverse_signal
sossebibeln.se,2026-07-20,14,2.663532754804255,0.0,0,0.5714285714285714,-7.2248052631578945,low,0.5,2,0.6363636363636364,True,NOERROR,1,3600,0,2,False,False,0,25234,CZ,True,Loopia AB,3,365,False,,False,False,,benign,no_adverse_signal
60zzh.top,2026-07-20,9,1.9219280948873623,0.2222222222222222,0,0.0,-11.601814285714285,high,0.5,3,0.8,True,NOERROR,3,15,0,0,False,True,0,54801,SC,False,GoDaddy.com,4,365,True,,False,False,,benign,no_adverse_signal
sanctuaryflow.online,2026-07-20,20,3.5465935642949384,0.0,0,0.4444444444444444,-7.259139130434782,medium,0.6154,4,0.9230769230769231,True,NOERROR,1,14400,0,3,False,False,0,45638,AU,True,Synergy Wholesale Accreditations Pty Ltd,4,365,False,,False,False,,benign,no_adverse_signal
e234nisin.com,2026-07-20,13,2.725480556997868,0.23076923076923078,0,1.0,-8.858659999999999,low,0.4615,1,0.7777777777777778,True,NOERROR,1,300,0,2,False,False,0,206834,DE,False,Dynadot Inc,3,365,False,,False,False,,benign,no_adverse_signal
jbhumananalytica.com,2026-07-20,20,3.375,0.0,0,0.6,-6.9821,low,0.5,3,0.75,True,NOERROR,3,3600,1,2,True,False,0,58182,US,True,Wix.com Ltd.,4,365,False,,False,False,False,benign,no_adverse_signal
shopsteelnsmoke.com,2026-07-20,19,3.1395722619867223,0.0,0,0.5,-7.1749074074074075,low,0.4545,4,0.6666666666666666,True,NOERROR,1,86400,0,2,False,False,0,16509,US,True,"TUCOWS.COM, CO.",373,730,True,,False,False,,benign,no_adverse_signal
czatil.sbs,2026-07-20,10,2.584962500721156,0.0,0,0.5,-7.619777777777778,low,0.6,2,1.0,False,SERVFAIL,0,,0,0,False,False,0,,,,"Spaceship, Inc.",3,365,False,,,False,,benign,no_adverse_signal
dilwarhub.com,2026-07-20,13,3.169925001442312,0.0,0,0.5,-7.732193333333333,low,0.5882,2,1.0,True,NOERROR,2,60,2,2,True,False,2,47583,CY,False,"HOSTINGER operations, UAB",3,365,False,,False,False,False,benign,no_adverse_signal
naturallyquietcoloradocollective.co,2026-07-20,35,3.6053377974034158,0.0,0,0.7777777777777778,-6.8725688524590165,low,0.3636,4,0.4375,True,NOERROR,2,600,0,2,False,False,0,16509,US,True,"GoDaddy.com, LLC",5,365,False,,False,False,,benign,no_adverse_signal
purepetprofessionals.com,2026-07-20,24,3.408694969562842,0.0,0,0.6666666666666666,-6.719827027027027,low,0.4242,3,0.6,True,NOERROR,2,300,1,2,True,False,2,13335,US,False,PDR Ltd. d/b/a PublicDomainRegistry.com,4,365,True,,False,False,False,benign,no_adverse_signal
thatothubset.homes,2026-07-20,18,2.751629167387823,0.0,0,0.5,-6.827399999999999,low,0.5263,2,0.6666666666666666,False,NOERROR,0,,0,2,False,False,0,,,,"Spaceship, Inc.",4,365,False,,,False,,benign,no_adverse_signal
8g33t.xyz,2026-07-20,9,1.9219280948873623,0.3333333333333333,0,0.0,-11.751028571428572,high,0.4444,1,0.8,True,NOERROR,2,300,0,2,False,False,2,13335,US,False,"Spaceship, Inc.",3,365,False,,False,False,,benign,no_adverse_signal
uczvt.com,2026-07-20,9,2.321928094887362,0.0,0,0.25,-11.144528571428571,low,0.4444,4,1.0,True,NOERROR,1,14400,1,2,False,False,0,55688,ID,True,Web Commerce Communications Limited dba WebNic.cc,3,365,False,,False,False,False,benign,no_adverse_signal
multiplyyourcoaching.com,2026-07-20,24,3.721928094887362,0.0,0,0.5384615384615384,-7.228491891891892,low,0.4,4,0.7,True,NOERROR,1,300,0,2,False,False,0,13335,US,False,"Cloudflare, Inc.",4,365,True,,False,False,,benign,no_adverse_signal
iomsailboat-parts.com,2026-07-20,21,3.337175341123077,0.0,1,0.7777777777777778,-7.2657741935483875,low,0.4444,3,0.6470588235294118,True,NOERROR,3,3600,0,2,False,False,0,58182,US,True,Wix.com Ltd.,4,731,False,,False,False,,benign,no_adverse_signal
aquapilotlive.com,2026-07-20,17,3.238901256602631,0.0,0,1.1666666666666667,-7.173430434782609,low,0.5217,2,0.7692307692307693,True,NOERROR,1,1800,5,2,True,False,0,22612,US,False,NAMECHEAP INC,3,365,True,,False,False,False,benign,no_adverse_signal
prismcoelite.com,2026-07-20,16,3.2516291673878226,0.0,0,0.7142857142857143,-6.97055238095238,low,0.5263,3,0.8333333333333334,True,NOERROR,2,300,1,2,True,False,2,13335,US,False,PDR Ltd. d/b/a PublicDomainRegistry.com,4,365,True,,False,False,False,benign,no_adverse_signal
flipprxswap.com,2026-07-20,15,3.027169118440619,0.0,0,0.2222222222222222,-8.012173684210527,low,0.4762,6,0.8181818181818182,True,NOERROR,2,300,0,2,False,False,2,13335,US,False,"Spaceship, Inc.",3,365,False,,False,False,,benign,no_adverse_signal
hanzevents.com,2026-07-20,14,2.9219280948873623,0.0,0,0.42857142857142855,-6.9798294117647055,low,0.5217,3,0.8,False,NOERROR,0,,2,2,True,False,0,,,,"Spaceship, Inc.",4,365,False,,,False,False,benign,no_adverse_signal
shoplittlesalty.com,2026-07-20,19,3.139572261986723,0.0,0,0.36363636363636365,-6.786322222222221,low,0.5455,3,0.6666666666666666,True,NOERROR,2,3600,3,2,True,False,0,16509,US,True,"GoDaddy.com, LLC",3,365,False,,False,False,False,benign,no_adverse_signal
iceav.xyz,2026-07-20,9,2.321928094887362,0.0,0,1.5,-6.791571428571428,high,0.6,1,1.0,True,NOERROR,2,51,0,4,False,False,0,,US,False,Porkbun LLC,380,730,False,,False,False,,benign,no_adverse_signal
zurashop.com,2026-07-20,12,3.0,0.0,0,0.6,-6.644169230769231,low,0.5714,2,1.0,True,NOERROR,2,10800,0,2,True,False,2,14618,US,True,DropCatch.com 864 LLC,3,365,False,,False,False,,benign,no_adverse_signal
centrallojistabr.com.br,2026-07-20,23,3.5,0.0,0,0.45454545454545453,-6.613531034482758,low,0.5,3,0.75,False,NXDOMAIN,0,,0,0,False,False,0,,,,,4,365,False,,,False,,benign,no_adverse_signal
d77tw.top,2026-07-20,9,1.9219280948873623,0.2222222222222222,0,0.0,-11.041957142857143,high,0.6,2,0.8,True,NOERROR,3,15,0,0,False,True,0,133199,HK,False,GoDaddy.com,4,365,True,,False,False,,benign,no_adverse_signal
future-you-fund.com,2026-07-20,19,3.1068905956085184,0.0,2,0.8571428571428571,-7.897466666666666,low,0.48,2,0.6666666666666666,True,NOERROR,1,300,0,4,False,False,0,396982,US,True,"Name.com, Inc.",3,365,True,,False,False,,benign,no_adverse_signal
xxd70.top,2026-07-20,9,1.9219280948873623,0.2222222222222222,0,0.0,-11.420871428571429,high,0.4,3,0.8,True,NOERROR,3,15,0,0,False,True,0,54801,SC,False,GoDaddy.com,3,365,True,,False,False,,benign,no_adverse_signal
iskconworldwide.org,2026-07-20,19,3.3735572622751855,0.0,0,0.5,-7.4220851851851855,low,0.5455,4,0.7333333333333333,True,NOERROR,2,600,0,2,False,False,0,16509,US,True,"GoDaddy.com, LLC",430,1461,False,,False,False,,benign,no_adverse_signal
sabiltgirzsi2026.com,2026-07-20,20,3.452819531114783,0.2,0,0.5,-8.97161379310345,low,0.4167,3,0.75,True,NOERROR,1,300,0,2,False,False,0,213995,GB,False,Dynadot Inc,4,365,False,,True,True,,malicious,spamhaus_zen
seminolestatecollege.info,2026-07-20,25,3.203701696057348,0.0,0,0.8181818181818182,-6.264062162162162,medium,0.5,2,0.55,True,NOERROR,1,14400,1,4,True,False,0,13335,CA,True,,,,,,False,False,False,benign,no_adverse_signal
kapita88.club,2026-07-20,13,2.5,0.15384615384615385,0,1.0,-7.946453846153846,low,0.5,1,0.75,True,NOERROR,1,300,0,2,False,False,0,206834,DE,False,Dynadot Inc,3,365,True,,False,False,,benign,no_adverse_signal
awicw.asia,2026-07-20,10,1.9219280948873623,0.0,0,0.6666666666666666,-8.013314285714285,low,0.5455,2,0.8,False,NOERROR,0,,0,2,False,False,0,,,,Alibaba Cloud Computing Ltd. d/b/a HiChina (www.net.cn),3,365,True,,,False,,benign,no_adverse_signal
eak333.net,2026-07-20,10,1.792481250360578,0.3,0,2.0,-9.230222222222222,low,0.5,1,0.6666666666666666,True,NOERROR,2,300,0,2,False,False,2,13335,US,False,Dynadot Inc,3,365,False,,False,False,,benign,no_adverse_signal
paloaltokitchenremodel.com,2026-07-20,26,3.629219686524096,0.0,0,0.6923076923076923,-6.818580487804878,low,0.4737,3,0.6363636363636364,True,NOERROR,2,300,0,2,False,False,0,16509,US,True,"Spaceship, Inc.",3,365,False,,False,False,,benign,no_adverse_signal
raintrinkets.com,2026-07-20,16,2.918295834054489,0.0,0,0.5,-6.149019047619047,low,0.5714,3,0.6666666666666666,True,NOERROR,1,14400,1,2,True,False,0,13335,US,True,"Network Solutions, LLC",3,365,True,,False,False,False,benign,no_adverse_signal
batchdashes.com,2026-07-20,15,2.9139770731827523,0.0,0,0.375,-6.9358894736842105,low,0.5556,4,0.7272727272727273,False,NOERROR,0,,0,2,False,False,0,,,,"Network Solutions, LLC",4,365,False,,,False,,benign,no_adverse_signal
renqiuyun.com,2026-07-20,13,2.725480556997868,0.0,0,0.8,-8.514686666666666,low,0.5333,2,0.7777777777777778,True,NOERROR,3,1,0,2,False,False,0,134175,HK,False,Gname 492 Inc,3,365,False,,False,False,,benign,no_adverse_signal
bdkc4444.com,2026-07-20,12,2.0,0.3333333333333333,0,0.0,-10.401538461538461,low,0.3636,4,0.625,True,NOERROR,2,300,0,2,False,False,2,13335,US,False,"Spaceship, Inc.",3,365,False,,False,False,,benign,no_adverse_signal
66669c.com,2026-07-20,10,1.2516291673878228,0.5,0,0.0,-10.372277777777777,low,0.2222,1,0.5,True,NOERROR,2,300,0,2,False,False,2,13335,US,False,"GMO Internet, Inc.",4,365,True,,False,False,,benign,no_adverse_signal
1op40.homes,2026-07-20,11,2.321928094887362,0.2727272727272727,0,1.0,-11.596928571428572,low,0.5,1,1.0,True,NOERROR,1,360,5,2,True,False,0,396982,US,True,NAMECHEAP INC,4,365,False,,False,False,False,benign,no_adverse_signal
frorn-cmpsports.com.cn,2026-07-20,22,3.189898095464288,0.0,1,0.16666666666666666,-7.323474074074074,low,0.5,5,0.6666666666666666,True,NOERROR,1,600,0,2,False,False,0,58658,US,False,北京新网数码信息技术有限公司,9,365,False,,False,False,,benign,no_adverse_signal
linktostore.bio,2026-07-20,15,3.095795255000934,0.0,0,0.5714285714285714,-6.210426315789474,low,0.7059,3,0.8181818181818182,True,NOERROR,2,300,0,2,False,False,2,13335,US,False,,,,,,False,False,,benign,no_adverse_signal
8ccc.xyz,2026-07-20,8,0.8112781244591328,0.125,0,0.0,-9.55958,high,0.5714,3,0.5,True,NOERROR,2,300,0,2,False,False,2,13335,US,False,Dynadot Inc,3,365,False,,False,False,,benign,no_adverse_signal
19482657.com,2026-07-20,12,3.0,0.6666666666666666,0,0.0,-11.892315384615385,low,0.3636,0,1.0,True,NOERROR,1,1,0,2,False,True,0,54801,HK,False,Realtime Register B.V.,4,365,False,,False,False,,benign,no_adverse_signal
billingstaff.com,2026-07-20,16,3.084962500721156,0.0,0,0.3333333333333333,-6.467871428571429,low,0.5,4,0.75,True,NOERROR,1,3600,0,2,False,False,0,14618,US,True,DropCatch.com 1400 LLC,4,365,True,,False,False,,benign,no_adverse_signal
lohakw.com,2026-07-20,10,2.584962500721156,0.0,0,0.5,-8.30031111111111,low,0.5455,2,1.0,True,NOERROR,1,86400,0,2,False,False,0,16509,US,True,"TUCOWS.COM, CO.",373,730,True,,False,False,,benign,no_adverse_signal
floripapeopleclub.com,2026-07-20,21,3.292770193936991,0.0,0,0.7,-6.890770967741935,low,0.4545,2,0.6470588235294118,True,NOERROR,1,300,0,2,False,False,0,16509,US,False,Hosting Concepts B.V. d/b/a Registrar.eu,3,365,True,,False,False,,benign,no_adverse_signal
discountcasinoslot.com,2026-07-20,22,3.1971597234241487,0.0,0,0.6363636363636364,-6.518763636363636,low,0.5161,3,0.5555555555555556,True,NOERROR,1,1800,5,2,True,False,0,22612,US,False,NAMECHEAP INC,4,365,False,,False,False,False,benign,no_adverse_signal
xeh85.top,2026-07-20,9,2.321928094887362,0.2222222222222222,0,0.5,-11.888757142857143,high,0.3636,1,1.0,True,NOERROR,3,15,0,0,False,True,0,54801,SC,False,GoDaddy.com,4,365,True,,False,False,,benign,no_adverse_signal
joyavip.org,2026-07-20,11,2.807354922057604,0.0,0,0.75,-7.637281818181818,low,0.4615,1,1.0,True,NOERROR,2,300,0,2,False,False,2,13335,US,False,Dynadot Inc,3,365,False,,False,False,,benign,no_adverse_signal
99chz.top,2026-07-20,9,1.9219280948873623,0.2222222222222222,0,0.0,-10.745500000000002,high,0.3636,3,0.8,True,NOERROR,3,15,0,0,False,True,0,54801,SC,False,GoDaddy.com,4,365,True,,False,False,,benign,no_adverse_signal
hashmo.dev,2026-07-20,10,2.2516291673878226,0.0,0,0.5,-7.315055555555555,low,0.5,3,0.8333333333333334,True,NOERROR,2,300,0,2,False,False,2,13335,US,False,,,,False,,False,False,,benign,no_adverse_signal
maisontesco.com,2026-07-20,15,3.095795255000934,0.0,0,0.8333333333333334,-6.175284210526316,low,0.5833,2,0.8181818181818182,True,NOERROR,4,14400,1,4,True,False,0,53831,US,False,Squarespace Domains II LLC,4,365,True,,False,False,False,benign,no_adverse_signal
kphiaagendaamento7091.click,2026-07-20,27,3.8208888513501877,0.14814814814814814,0,0.8888888888888888,-7.926792307692308,medium,0.4,3,0.7619047619047619,True,NOERROR,2,300,0,2,False,False,2,13335,US,False,Global Domain Group LLC,3,365,False,,False,False,,benign,no_adverse_signal
com014978.com,2026-07-20,13,3.169925001442312,0.46153846153846156,0,0.5,-10.787433333333333,low,0.375,1,1.0,False,timeout,0,,0,0,False,False,0,,,,Xin Net Technology Corporation,372,730,False,,,False,,benign,no_adverse_signal
profitableflow.com,2026-07-20,18,3.378783493486176,0.0,0,0.5555555555555556,-6.868212,low,0.5185,2,0.7857142857142857,True,NOERROR,2,10800,0,2,True,False,2,14618,US,True,DomainPrime.com LLC,3,365,False,,False,False,,benign,no_adverse_signal
solitaire.health,2026-07-20,16,2.94770277922009,0.0,0,1.25,-6.209280000000001,low,0.6316,1,0.8888888888888888,True,NOERROR,1,14399,1,2,True,False,0,47846,DE,False,,,,,,False,False,,benign,no_adverse_signal
q4ytf.casino,2026-07-20,12,2.321928094887362,0.08333333333333333,0,0.0,-11.982000000000001,low,0.4444,3,1.0,True,NOERROR,1,300,0,2,False,False,0,57724,RU,True,,,,,,False,False,,benign,no_adverse_signal
voidmeadow.com,2026-07-20,14,2.9219280948873623,0.0,0,1.0,-7.2874647058823525,low,0.6667,2,0.8,True,NOERROR,1,300,0,2,False,False,0,14061,US,False,"Cloudflare, Inc.",3,365,True,,True,False,,malicious,spamhaus_zen
uxbwefby.xyz,2026-07-20,12,2.75,0.0,0,0.3333333333333333,-9.927892307692307,high,0.5714,3,0.875,True,NOERROR,2,300,0,2,False,False,2,13335,US,False,Dynadot Inc,4,365,False,,False,False,,benign,no_adverse_signal
haasflow.com,2026-07-20,12,2.75,0.0,0,0.6,-7.6287692307692305,low,0.4762,3,0.875,True,NOERROR,2,600,0,2,False,False,0,16509,US,True,"GoDaddy.com, LLC",4,1096,False,,False,False,,benign,no_adverse_signal
inovixtechnology.com,2026-07-20,20,3.452819531114783,0.0,0,0.6,-7.013810344827586,low,0.4762,3,0.75,True,NOERROR,2,1800,0,2,False,False,0,16509,US,False,TuringSign Inc. d/b/a Cosmotown,376,730,False,,False,False,,benign,no_adverse_signal
sendstable.xyz,2026-07-20,14,2.9219280948873623,0.0,0,0.42857142857142855,-6.342588235294118,high,0.5455,4,0.8,True,NOERROR,1,1800,5,2,True,False,0,22612,US,False,NAMECHEAP INC,4,365,True,,False,False,False,benign,no_adverse_signal
75bet.best,2026-07-20,10,2.321928094887362,0.2,0,0.5,-9.003142857142857,low,0.5,1,1.0,True,NOERROR,2,300,0,2,False,False,2,13335,US,False,Dynadot Inc,4,365,True,,False,False,,benign,no_adverse_signal
nexo-ltd.com,2026-07-20,12,3.0,0.0,1,0.4,-8.628753846153845,low,0.5333,3,1.0,True,NOERROR,1,86400,0,2,False,False,0,16509,US,True,"TUCOWS.COM, CO.",372,730,True,,False,False,,benign,no_adverse_signal
heavymusicmerch.co.uk,2026-07-20,21,3.373557262275185,0.0,0,0.5,-7.371777777777778,low,0.5217,3,0.7333333333333333,True,NOERROR,2,600,0,2,False,False,0,16509,US,True,"GoDaddy.com, LLC. [Tag = GODADDY]",6,365,False,,False,False,,benign,no_adverse_signal
gutleben.site,2026-07-20,13,2.75,0.0,0,0.6,-7.331223076923077,medium,0.5714,2,0.875,True,NOERROR,1,50,0,2,False,False,0,47583,CY,False,"HOSTINGER operations, UAB",2,365,False,,False,False,,benign,no_adverse_signal
a41343858.top,2026-07-20,13,2.5032583347756456,0.6153846153846154,0,1.0,-11.080153333333334,high,0.3333,0,0.6666666666666666,False,NOERROR,0,,0,2,False,False,0,,,,Dynadot LLC,4,365,True,,,True,,malicious,spamhaus_dbl
usenextset.com.br,2026-07-20,17,2.4464393446710155,0.0,0,0.6666666666666666,-6.708617647058823,low,0.5556,3,0.6,True,NOERROR,2,300,0,2,False,False,2,13335,US,False,,4,365,False,,False,False,,benign,no_adverse_signal
11hxe.top,2026-07-20,9,1.9219280948873623,0.2222222222222222,0,0.5,-11.291628571428571,high,0.4,2,0.8,True,NOERROR,3,15,0,0,False,True,0,54801,SC,False,GoDaddy.com,4,365,True,,False,False,,benign,no_adverse_signal
znq56.top,2026-07-20,9,2.321928094887362,0.2222222222222222,0,0.0,-12.489457142857145,high,0.4444,3,1.0,True,NOERROR,3,15,0,0,False,True,0,54801,SC,False,GoDaddy.com,4,365,True,,False,False,,benign,no_adverse_signal
rallyviz.com,2026-07-20,12,2.75,0.0,0,0.3333333333333333,-7.406330769230769,low,0.5263,4,0.875,True,NOERROR,2,300,0,2,False,False,2,13335,US,False,"Cloudflare, Inc.",3,365,True,,False,False,,benign,no_adverse_signal
tonyandguyhairdressinghennur.com,2026-07-20,32,3.580050351464738,0.0,0,0.47368421052631576,-7.211994339622642,low,0.3784,3,0.4642857142857143,True,NOERROR,1,3600,2,2,True,False,0,47583,IN,False,"GoDaddy.com, LLC",4,365,False,,False,False,False,benign,no_adverse_signal
20hqz.top,2026-07-20,9,2.321928094887362,0.2222222222222222,0,0.0,-11.366200000000001,high,0.5,3,1.0,True,NOERROR,3,15,0,0,False,True,0,54801,SC,False,GoDaddy.com,4,365,True,,False,False,,benign,no_adverse_signal
bada4d.club,2026-07-20,11,1.9182958340544893,0.09090909090909091,0,0.6666666666666666,-8.444522222222222,low,0.5455,1,0.6666666666666666,True,NOERROR,1,300,0,2,False,False,0,206834,DE,False,Dynadot Inc,3,365,True,,False,False,,benign,no_adverse_signal
jacobnahsohn.com,2026-07-20,16,2.9182958340544896,0.0,0,0.5,-8.200804761904763,low,0.5556,2,0.6666666666666666,True,NOERROR,2,60,0,2,False,False,2,47583,LT,False,"HOSTINGER operations, UAB",4,365,False,,False,False,,benign,no_adverse_signal
emergingaiagents.com,2026-07-20,20,3.0306390622295662,0.0,0,0.7777777777777778,-6.515455172413794,low,0.4615,3,0.5625,True,NOERROR,2,600,0,2,False,False,0,16509,US,True,"Wild West Domains, LLC",3,365,False,,False,False,,benign,no_adverse_signal
lagnt.com,2026-07-20,9,2.321928094887362,0.0,0,0.25,-7.618057142857142,low,0.5455,3,1.0,True,NOERROR,1,300,0,2,False,False,0,40034,VG,False,"Network Solutions, LLC",4,365,True,,False,False,,benign,no_adverse_signal
mw-meanwell.com,2026-07-20,15,2.7321588913645702,0.0,1,0.42857142857142855,-7.832947368421053,low,0.5,2,0.6363636363636364,False,timeout,0,,0,0,False,False,0,,,,Eranet International Limited,3,365,True,,,False,,benign,no_adverse_signal
tutorcrux.com,2026-07-20,13,2.5032583347756456,0.0,0,0.5,-7.396393333333333,low,0.4762,3,0.6666666666666666,True,NOERROR,1,3600,0,2,False,False,0,14618,US,True,Atom.com Domains LLC,4,365,False,,False,False,,benign,no_adverse_signal
xouli.asia,2026-07-20,10,2.321928094887362,0.0,0,1.5,-8.435028571428571,low,0.6154,1,1.0,False,NOERROR,0,,0,2,False,False,0,,,,Alibaba Cloud Computing Ltd. d/b/a HiChina (www.net.cn),3,365,True,,,False,,benign,no_adverse_signal
liviste.ch,2026-07-20,10,2.5216406363433186,0.0,0,0.75,-6.071509090909092,low,0.7273,2,0.8571428571428571,False,SERVFAIL,0,,0,0,False,False,0,,,,,,,False,,,False,,benign,no_adverse_signal
beautilism.com,2026-07-20,14,3.121928094887362,0.0,0,1.0,-6.769005882352941,low,0.5,2,0.9,True,NOERROR,1,300,0,2,False,False,0,396982,US,True,UnstoppableUS4 LLC,3,365,False,,False,False,,benign,no_adverse_signal
teslatoto03.com,2026-07-20,15,2.8453509366224368,0.13333333333333333,0,0.8,-7.676752631578948,low,0.4762,2,0.7272727272727273,True,NOERROR,2,300,5,2,True,False,2,13335,US,False,NAMECHEAP INC,3,365,True,,False,False,False,benign,no_adverse_signal
rainbow-9.com,2026-07-20,13,3.169925001442312,0.07692307692307693,1,0.75,-8.238526666666667,low,0.5263,2,1.0,True,NOERROR,4,60,0,4,False,False,0,16509,US,True,"Amazon Registrar, Inc.",4,365,True,,False,False,,benign,no_adverse_signal
zz32f.top,2026-07-20,9,1.9219280948873623,0.2222222222222222,0,0.0,-11.959042857142858,high,0.4286,2,0.8,True,NOERROR,3,15,0,0,False,True,0,54801,SC,False,GoDaddy.com,4,365,True,,False,False,,benign,no_adverse_signal
semihackers.com,2026-07-20,15,3.0957952550009344,0.0,0,0.5714285714285714,-6.866215789473684,low,0.5556,2,0.8181818181818182,True,NOERROR,1,600,0,2,False,False,0,132203,JP,False,"GoDaddy.com, LLC",4,365,False,,True,False,,malicious,spamhaus_zen
litaddress.com,2026-07-20,14,2.9219280948873623,0.0,0,0.42857142857142855,-6.578923529411765,low,0.6,3,0.8,True,NOERROR,1,86400,0,2,False,False,0,16509,US,True,"TUCOWS.COM, CO.",1104,1461,True,,False,False,,benign,no_adverse_signal
filmerch.com,2026-07-20,12,3.0,0.0,0,0.3333333333333333,-6.57353076923077,low,0.5,3,1.0,True,NOERROR,1,1800,0,4,False,False,0,54113,US,False,Squarespace Domains LLC,2,365,True,,False,False,,benign,no_adverse_signal
act444.net,2026-07-20,10,1.792481250360578,0.3,0,0.5,-9.170422222222221,low,0.5,2,0.6666666666666666,True,NOERROR,2,300,0,2,False,False,2,13335,US,False,Dynadot Inc,3,365,False,,False,False,,benign,no_adverse_signal
souleymanecamara.com,2026-07-20,20,3.25,0.0,0,1.0,-6.609313793103448,low,0.5,2,0.6875,True,NOERROR,2,300,0,3,False,False,0,2635,US,False,Automattic Inc.,3,365,True,,False,False,,benign,no_adverse_signal
egujido.com,2026-07-20,11,2.807354922057604,0.0,0,1.3333333333333333,-8.211945454545456,low,0.5,1,1.0,False,NOERROR,0,,0,2,False,False,0,,,,Gname 244 Inc,3,365,False,,,False,,benign,no_adverse_signal
wietholt-guidedbuying.shop,2026-07-20,26,3.6897037321995474,0.0,1,0.6666666666666666,-7.520720512820513,low,0.4,2,0.6666666666666666,True,NOERROR,1,150,1,2,False,False,1,8560,DE,True,,,,False,,False,False,False,benign,no_adverse_signal
meucnpj.shop,2026-07-20,12,2.807354922057604,0.0,0,0.4,-8.999172727272727,low,0.4762,4,1.0,False,NXDOMAIN,0,,0,0,False,False,0,,,,,,,False,,,False,,benign,no_adverse_signal
ac-vrf-go.com,2026-07-20,13,2.94770277922009,0.0,2,0.4,-9.711733333333333,low,0.5455,3,0.8888888888888888,False,NOERROR,0,,0,2,False,False,0,,,,"Cloudflare, Inc.",4,365,True,,,False,,benign,no_adverse_signal
michaudsignaturegroup.com,2026-07-20,25,3.7849418274376423,0.0,0,0.75,-6.850879487179488,low,0.4444,2,0.7142857142857143,True,NOERROR,1,3600,2,4,True,False,1,8560,US,True,IONOS SE,4,365,True,,False,False,False,benign,no_adverse_signal
bqlawyer.com,2026-07-20,12,3.0,0.0,0,0.3333333333333333,-9.109515384615385,low,0.5333,3,1.0,True,NOERROR,1,300,0,2,False,False,0,206834,DE,False,Dynadot Inc,4,365,False,,False,False,,benign,no_adverse_signal
talogue.com,2026-07-20,11,2.807354922057604,0.0,0,1.3333333333333333,-6.665345454545454,low,0.5714,1,1.0,False,NOERROR,0,,0,3,False,False,0,,,,DREAMHOST,4,365,True,,,False,,benign,no_adverse_signal
estateoaoes.org,2026-07-20,15,2.299896391167891,0.0,0,1.75,-7.056678947368421,low,0.5882,2,0.45454545454545453,True,NOERROR,1,14400,1,2,False,False,0,54548,US,True,IONOS SE,3,365,False,,True,True,True,malicious,spamhaus_zen
jobpromarketing.com,2026-07-20,19,3.640223928941851,0.0,0,0.5,-6.608933333333334,low,0.5455,3,0.8666666666666667,True,NOERROR,2,300,1,2,True,False,2,13335,US,False,PDR Ltd. d/b/a PublicDomainRegistry.com,3,365,True,,False,False,False,benign,no_adverse_signal
campkoblhill.com,2026-07-20,16,3.188721875540867,0.0,0,0.3333333333333333,-8.091785714285715,low,0.5263,3,0.8333333333333334,True,NOERROR,1,300,0,2,False,False,0,40034,VG,False,"Network Solutions, LLC",2,1826,True,,False,False,,benign,no_adverse_signal
unbeweavable.co,2026-07-20,15,2.8553885422075336,0.0,0,1.0,-7.469366666666666,low,0.5263,2,0.6666666666666666,False,NOERROR,0,,0,2,False,False,0,,,,"Cloudflare, Inc.",3,365,True,,,False,,benign,no_adverse_signal
biotechsecurities.com,2026-07-20,21,3.175123135113461,0.0,0,0.8888888888888888,-6.681103225806452,low,0.4828,3,0.5882352941176471,True,NOERROR,2,3600,1,2,True,False,0,16509,US,True,UnstoppableUS4 LLC,3,365,False,,False,False,,benign,no_adverse_signal
kb500.xyz,2026-07-20,9,1.9219280948873623,0.3333333333333333,0,0.0,-11.231871428571429,high,0.25,2,0.8,True,NOERROR,2,300,0,2,False,False,2,13335,US,False,Dynadot Inc,3,365,False,,False,False,,benign,no_adverse_signal
2299bat.ws,2026-07-20,10,2.2359263506290326,0.4,0,0.5,-9.4134,low,0.4,1,0.7142857142857143,True,NOERROR,2,300,0,2,False,False,2,13335,US,False,Dynadot,7,365,False,,False,False,,benign,no_adverse_signal
familypaws.store,2026-07-20,16,3.121928094887362,0.0,0,0.42857142857142855,-7.161788235294118,low,0.5556,3,0.9,True,NOERROR,1,86400,0,4,False,False,1,13335,CA,True,,,,False,,False,False,,benign,no_adverse_signal
webhived.com,2026-07-20,12,2.75,0.0,0,0.6,-7.190323076923077,low,0.6154,2,0.875,False,NOERROR,0,,3,2,True,False,0,,,,"Amazon Registrar, Inc.",4,365,True,,,False,False,benign,no_adverse_signal
hoki885shop.com,2026-07-20,15,2.9139770731827523,0.2,0,0.6,-8.982884210526317,low,0.4444,2,0.7272727272727273,True,NOERROR,2,300,0,2,False,False,0,13335,GB,False,Web Commerce Communications Limited dba WebNic.cc,3,365,False,,False,True,,malicious,spamhaus_dbl
mossfy.net,2026-07-20,10,2.2516291673878226,0.0,0,0.2,-7.93301111111111,low,0.5333,4,0.8333333333333334,False,NOERROR,0,,1,2,False,False,0,,,,Alibaba Cloud Computing Ltd. d/b/a HiChina (www.net.cn),4,365,False,,,False,True,benign,no_adverse_signal
19yqf.top,2026-07-20,9,2.321928094887362,0.2222222222222222,0,0.0,-12.38547142857143,high,0.4,3,1.0,True,NOERROR,3,15,0,0,False,True,0,54801,SC,False,GoDaddy.com,4,365,True,,False,False,,benign,no_adverse_signal
yikanglvzhou.top,2026-07-20,16,3.584962500721156,0.0,0,0.5,-8.531361904761905,high,0.5,6,1.0,False,timeout,0,,0,0,False,False,0,,,,"Bangning Digital Technology Co.,Ltd",4,365,True,,,False,,benign,no_adverse_signal
red-taxi.pro,2026-07-20,12,3.0,0.0,1,0.75,-7.6841,low,0.5714,1,1.0,True,NOERROR,1,3600,0,3,False,False,0,48287,RU,False,,,,,,False,False,,benign,no_adverse_signal
hexacarbo.com.br,2026-07-20,16,2.94770277922009,0.0,0,0.8,-7.150473333333333,low,0.4706,2,0.8888888888888888,True,NOERROR,1,50,0,2,False,False,0,47583,CY,False,,5,365,False,,False,False,,benign,no_adverse_signal
vday.club,2026-07-20,9,2.0,0.0,0,0.3333333333333333,-7.8081000000000005,low,0.6,2,1.0,False,NOERROR,0,,0,2,False,False,0,,,,"Hefei Juming Network Technology Co., Ltd.",1,365,True,,,False,,benign,no_adverse_signal
slcpress.com,2026-07-20,12,2.4056390622295662,0.0,0,0.14285714285714285,-7.431907692307693,low,0.6667,5,0.75,True,NOERROR,1,50,0,2,False,False,0,47583,CY,False,"HOSTINGER operations, UAB",3,365,False,,False,False,,benign,no_adverse_signal
gajalua.com,2026-07-20,11,2.1280852788913944,0.0,0,1.3333333333333333,-7.93369090909091,low,0.5333,1,0.7142857142857143,True,NOERROR,1,150,1,2,False,False,1,8560,DE,True,InterNetX GmbH,2,365,True,,False,False,False,benign,no_adverse_signal
proofyourreal.com,2026-07-20,17,2.9689185639620974,0.0,0,0.8571428571428571,-7.170513043478261,low,0.4545,2,0.6923076923076923,True,NOERROR,1,300,1,2,False,False,1,51191,DE,True,"Ascio Technologies, Inc",4,365,False,,False,False,False,benign,no_adverse_signal
interglobalcomm.com,2026-07-20,19,3.506890595608519,0.0,0,0.5,-6.544877777777778,low,0.56,3,0.8,True,NOERROR,1,1800,2,2,True,False,0,22612,US,False,NAMECHEAP INC,3,365,True,,False,False,False,benign,no_adverse_signal
deltaflex-pvc.sk,2026-07-20,16,3.3927474104487847,0.0,1,0.3333333333333333,-8.25654347826087,low,0.5,3,0.8461538461538461,True,NOERROR,1,3600,7,2,False,False,0,24806,CZ,True,"Brainsum, s.r.o.",4392,4748,False,,False,False,False,benign,no_adverse_signal
isabelleboundylcsw.com,2026-07-20,22,3.5724312513221195,0.0,0,0.5,-7.469421212121213,low,0.4615,7,0.7222222222222222,True,NOERROR,4,14400,0,4,True,False,0,53831,US,False,Squarespace Domains LLC,4,1461,True,,False,False,,benign,no_adverse_signal
roundupweekly.com,2026-07-20,17,3.3927474104487847,0.0,0,0.625,-7.646878260869565,low,0.5263,3,0.8461538461538461,True,NOERROR,1,3600,0,2,False,False,0,40509,US,True,Wix.com Ltd.,3,365,False,,False,False,,benign,no_adverse_signal
dvso.lol,2026-07-20,8,2.0,0.0,0,0.3333333333333333,-9.26878,low,0.6667,3,1.0,True,NOERROR,1,360,5,2,True,False,0,396982,US,True,NAMECHEAP INC,3,365,False,,False,False,False,benign,no_adverse_signal
vamortgagetx.com,2026-07-20,16,3.084962500721156,0.0,0,0.5,-7.271104761904762,low,0.5217,3,0.75,False,NOERROR,0,,0,2,False,False,0,,,,TuringSign Inc. d/b/a Cosmotown,3,365,False,,,False,,benign,no_adverse_signal
ksboy.asia,2026-07-20,10,2.321928094887362,0.0,0,0.25,-8.04432857142857,low,0.5,3,1.0,False,NOERROR,0,,0,2,False,False,0,,,,Alibaba Cloud Computing Ltd. d/b/a HiChina (www.net.cn),3,365,True,,,False,,benign,no_adverse_signal
ainocodetools.com,2026-07-20,17,3.085055102756477,0.0,0,1.1666666666666667,-6.6195956521739125,low,0.6154,2,0.7692307692307693,True,NOERROR,2,0,0,4,False,False,0,,US,False,Porkbun LLC,379,730,False,,False,False,,benign,no_adverse_signal
drogadron.com,2026-07-20,13,2.5032583347756456,0.0,0,0.5,-6.900386666666666,low,0.5333,2,0.6666666666666666,True,NOERROR,2,300,0,2,False,False,2,13335,US,False,"Cloudflare, Inc.",4,365,True,,False,False,,benign,no_adverse_signal
zzv39.top,2026-07-20,9,1.9219280948873623,0.2222222222222222,0,0.0,-11.516628571428571,high,0.3636,3,0.8,True,NOERROR,3,15,0,0,False,True,0,54801,SC,False,GoDaddy.com,4,365,True,,False,False,,benign,no_adverse_signal
the-avengers-streaming.com,2026-07-20,26,3.4594316186372973,0.0,2,0.5384615384615384,-6.547787804878048,low,0.4848,3,0.5454545454545454,True,NOERROR,4,30,0,2,False,False,8,212317,US,True,Domain Science Kutatasi Szolgaltato,5,365,True,,False,False,,benign,no_adverse_signal
5895008.com,2026-07-20,11,1.9502120649147465,0.6363636363636364,0,0.0,-11.101336363636364,low,0.2,0,0.5714285714285714,False,NOERROR,0,,0,2,False,False,0,,,,Gname 200 Inc,3,365,False,,,False,,benign,no_adverse_signal
700523.sbs,2026-07-20,10,2.2516291673878226,0.6,0,0.0,-10.47172222222222,low,0.2222,0,0.8333333333333334,True,NOERROR,1,1,0,2,False,True,0,4907,JP,False,Dynadot Inc,3,365,False,,True,True,,malicious,spamhaus_zen
kaiyun-dealer.com,2026-07-20,17,3.3927474104487847,0.0,1,1.0,-7.402847826086957,low,0.64,1,0.8461538461538461,True,NOERROR,1,3600,0,2,False,False,0,400619,SC,False,Eranet International Limited,2,365,True,,False,False,,benign,no_adverse_signal
rndrbank.shop,2026-07-20,13,2.5,0.0,0,0.14285714285714285,-7.2842153846153845,low,0.625,5,0.75,True,NOERROR,2,3600,5,8,True,False,2,205787,DE,True,,,,False,,False,False,False,benign,no_adverse_signal
coinvestpy.com,2026-07-20,14,3.321928094887362,0.0,0,0.42857142857142855,-7.2156352941176465,low,0.5263,4,1.0,True,NOERROR,1,1800,5,2,True,False,0,22612,US,False,NAMECHEAP INC,4,365,True,,False,False,False,benign,no_adverse_signal
bizarfashion.nl,2026-07-20,15,3.2516291673878226,0.0,0,0.7142857142857143,-7.041704761904762,low,0.4762,2,0.8333333333333334,True,NOERROR,1,1800,0,4,False,False,0,206834,DE,False,DEVEXPANSE LTD,4,,False,,False,False,,benign,no_adverse_signal
futureglasstechnologies.co.uk,2026-07-20,29,3.675310868912364,0.0,0,0.6428571428571429,-6.776553488372093,low,0.5556,3,0.6086956521739131,True,NOERROR,2,600,2,2,True,False,0,16509,US,True,123-Reg Limited t/a 123-reg [Tag = 123-REG],6,1096,False,,False,False,False,benign,no_adverse_signal
salondeon.com,2026-07-20,13,2.725480556997868,0.0,0,0.8,-6.338833333333333,low,0.6,2,0.7777777777777778,True,NOERROR,1,1800,0,0,False,False,0,58182,US,True,Wix.com Ltd.,1103,1461,False,,False,False,,benign,no_adverse_signal
abogado-cripto.com,2026-07-20,18,3.3248629576173574,0.0,1,0.8571428571428571,-7.446644,low,0.5,2,0.7857142857142857,True,NOERROR,2,3600,2,2,True,False,0,16509,US,True,"GoDaddy.com, LLC",4,365,False,,False,False,False,benign,no_adverse_signal
6yfx.shop,2026-07-20,9,2.0,0.1111111111111111,0,0.0,-11.3495,low,0.5714,3,1.0,True,NOERROR,6,60,0,2,False,True,0,8075,KR,False,,,,False,,True,False,,malicious,spamhaus_zen
hamsteritude.com,2026-07-20,16,3.2516291673878226,0.0,0,0.7142857142857143,-6.404619047619047,low,0.7,3,0.8333333333333334,False,NOERROR,0,,0,2,True,False,0,,,,Infomaniak Network SA,3,365,False,,,False,,benign,no_adverse_signal
oijenseweg20.nl,2026-07-20,15,3.188721875540867,0.13333333333333333,0,1.0,-8.472585714285714,low,0.4545,2,0.8333333333333334,True,NOERROR,1,1800,0,3,False,False,1,20857,NL,True,team.blue nl B.V.,4,,False,,False,False,,benign,no_adverse_signal
tinhealthcare.com,2026-07-20,17,3.0850551027564768,0.0,0,0.625,-6.622552173913044,low,0.6316,4,0.6923076923076923,True,NOERROR,2,22,0,4,False,False,0,,US,False,Porkbun LLC,380,730,False,,False,False,,benign,no_adverse_signal
00bridge.icu,2026-07-20,12,2.75,0.16666666666666666,0,0.5,-8.1683,low,0.5,2,0.875,True,NOERROR,2,300,5,2,True,False,2,13335,US,False,NAMECHEAP INC,3,365,True,,False,False,False,benign,no_adverse_signal
boschsecurity.shop,2026-07-20,18,3.3927474104487847,0.0,0,0.4444444444444444,-6.849486956521739,low,0.5217,4,0.8461538461538461,True,NOERROR,2,3600,1,2,True,False,0,16509,US,True,,,,False,,False,False,,benign,no_adverse_signal
robinzi.xyz,2026-07-20,11,2.521640636343318,0.0,0,0.75,-7.441363636363636,high,0.5455,2,0.8571428571428571,True,NOERROR,1,1799,5,2,True,False,0,210976,NL,False,NAMECHEAP INC,3,365,True,,False,False,False,benign,no_adverse_signal
c0agchlea1dqtb.top,2026-07-20,18,3.521640636343319,0.1111111111111111,0,0.3333333333333333,-9.981868,high,0.4762,4,0.8571428571428571,True,NOERROR,3,60,0,2,False,True,0,152194,CN,False,Dynadot LLC,3,365,True,,True,True,,malicious,spamhaus_zen
nabung77p.com,2026-07-20,13,2.725480556997868,0.15384615384615385,0,0.4,-8.414913333333333,low,0.5,2,0.7777777777777778,True,NOERROR,2,300,0,2,False,False,2,13335,US,False,Dominet (HK) Limited,3,365,False,,False,False,,benign,no_adverse_signal
cheapestflyingautoinsurancecom.com,2026-07-20,34,3.9395722619867226,0.0,0,0.6666666666666666,-6.709429824561403,low,0.4103,5,0.5666666666666667,True,NOERROR,2,600,0,2,False,False,0,16509,US,True,"GoDaddy.com, LLC",3,365,False,,False,False,,benign,no_adverse_signal
tynemouthmedia.com,2026-07-20,18,3.3787834934861767,0.0,0,0.75,-7.006364,low,0.5833,3,0.7857142857142857,False,NOERROR,0,,3,2,True,False,0,,,,"Amazon Registrar, Inc.",3,365,True,,,False,False,benign,no_adverse_signal
786adc.org,2026-07-20,10,2.584962500721156,0.3,0,0.5,-10.596277777777779,low,0.4444,2,1.0,True,NOERROR,2,300,0,2,False,False,2,13335,US,False,Dynadot Inc,3,365,False,,False,False,,benign,no_adverse_signal
3uad.shop,2026-07-20,9,2.0,0.1111111111111111,0,2.0,-9.75634,low,0.5,1,1.0,True,NOERROR,6,60,0,2,False,True,0,8075,KR,False,,,,False,,False,True,,malicious,spamhaus_dbl
nourssineconstruction.com,2026-07-20,25,3.08232813685843,0.0,0,0.6153846153846154,-6.383228205128205,low,0.5294,4,0.42857142857142855,True,NOERROR,1,1800,5,2,True,False,0,22612,US,False,NAMECHEAP INC,3,365,True,,False,False,False,benign,no_adverse_signal
washingtonpalestiniansfc.com,2026-07-20,28,3.5739348962840563,0.0,0,0.5,-6.6114999999999995,low,0.6842,4,0.5833333333333334,True,NOERROR,2,600,0,2,False,False,0,16509,US,True,"GoDaddy.com, LLC",3,365,False,,False,False,,benign,no_adverse_signal
xxi.rest,2026-07-20,8,0.9182958340544896,0.0,0,0.5,-8.543466666666665,low,0.5455,2,0.6666666666666666,True,NOERROR,1,360,5,2,True,False,0,396982,US,True,NAMECHEAP INC,3,365,False,,False,False,False,benign,no_adverse_signal
xdkhou.shop,2026-07-20,11,2.584962500721156,0.0,0,0.5,-8.885,low,0.4615,4,1.0,False,NOERROR,0,,0,2,False,False,0,,,,,,,False,,,False,,benign,no_adverse_signal
hulacise.org,2026-07-20,12,3.0,0.0,0,1.0,-6.989223076923077,low,0.5714,1,1.0,True,NOERROR,2,600,0,2,False,False,0,16509,US,True,"GoDaddy.com, LLC",3,365,False,,False,False,,benign,no_adverse_signal
redneckhummus.com,2026-07-20,17,3.238901256602631,0.0,0,0.4444444444444444,-7.37934347826087,low,0.5,3,0.7692307692307693,True,NOERROR,2,600,0,2,False,False,0,16509,US,True,"GoDaddy.com, LLC",4,1096,False,,False,False,,benign,no_adverse_signal
inlinkpay.com,2026-07-20,13,2.725480556997868,0.0,0,0.5,-6.76312,low,0.625,3,0.7777777777777778,True,NOERROR,2,10800,0,2,True,False,2,14618,US,True,DropCatch.com 678 LLC,4,365,False,,False,False,,benign,no_adverse_signal
g98ga.top,2026-07-20,9,1.9219280948873623,0.2222222222222222,0,0.5,-11.558542857142857,high,0.4,1,0.8,True,NOERROR,3,15,0,0,False,True,0,133199,HK,False,GoDaddy.com,4,365,True,,False,False,,benign,no_adverse_signal
emarab.id,2026-07-20,9,2.2516291673878226,0.0,0,1.0,-6.067833333333334,low,0.5455,1,0.8333333333333334,True,NOERROR,1,3600,0,3,False,False,0,14061,SG,False,,,,False,,True,False,,malicious,spamhaus_zen
nhz69.top,2026-07-20,9,2.321928094887362,0.2222222222222222,0,0.0,-12.179085714285716,high,0.5,3,1.0,True,NOERROR,3,15,0,0,False,True,0,54801,SC,False,GoDaddy.com,4,365,True,,False,False,,benign,no_adverse_signal
hz72a.top,2026-07-20,9,2.321928094887362,0.2222222222222222,0,0.5,-12.654942857142858,high,0.3636,2,1.0,True,NOERROR,3,15,0,0,False,True,0,133199,HK,False,GoDaddy.com,4,365,True,,False,False,,benign,no_adverse_signal
w46468.com,2026-07-20,10,1.9182958340544893,0.5,0,0.0,-11.362566666666666,low,0.2222,1,0.6666666666666666,True,NOERROR,1,600,0,2,False,False,0,9294,SC,False,"GMO Internet, Inc.",4,365,True,,False,False,,benign,no_adverse_signal
pendish.life,2026-07-20,12,2.807354922057604,0.0,0,0.4,-6.2516727272727275,low,0.7143,2,1.0,False,NOERROR,0,,0,5,False,False,0,,,,,,,False,,,False,,benign,no_adverse_signal
zr65e.top,2026-07-20,9,2.321928094887362,0.2222222222222222,0,0.5,-12.029642857142857,high,0.6,2,1.0,True,NOERROR,3,15,0,0,False,True,0,54801,SC,False,GoDaddy.com,4,365,True,,False,False,,benign,no_adverse_signal
hz52k.top,2026-07-20,9,2.321928094887362,0.2222222222222222,0,0.0,-12.722542857142857,high,0.3333,2,1.0,True,NOERROR,3,15,0,0,False,True,0,54801,SC,False,GoDaddy.com,4,365,True,,False,False,,benign,no_adverse_signal
hz75w.top,2026-07-20,9,2.321928094887362,0.2222222222222222,0,0.0,-12.8952,high,0.3636,2,1.0,True,NOERROR,3,15,0,0,False,True,0,54801,SC,False,GoDaddy.com,4,365,True,,False,False,,benign,no_adverse_signal
staticequipmentacademy.com,2026-07-20,26,3.5383105956150054,0.0,0,0.6923076923076923,-6.831443902439024,low,0.4737,2,0.5909090909090909,True,NOERROR,2,120,0,4,False,False,0,16509,DE,True,BigRock Solutions Ltd.,3,365,False,,False,False,,benign,no_adverse_signal
xorb0fo6.top,2026-07-20,12,2.75,0.16666666666666666,0,0.5,-10.646992307692308,high,0.4615,2,0.875,True,NOERROR,3,60,0,2,False,True,0,138995,US,False,Dominet (HK) Limited,3,365,True,,True,True,,malicious,spamhaus_zen
meundiqesofficial.store,2026-07-20,23,3.572469458770136,0.0,0,0.8888888888888888,-7.450461290322581,low,0.4545,2,0.7647058823529411,True,NOERROR,2,300,0,2,False,False,2,13335,US,False,,,,False,,False,False,,benign,no_adverse_signal
kevinholstege.com,2026-07-20,17,3.334679141051595,0.0,0,0.625,-7.0595608695652174,low,0.4615,3,0.8461538461538461,True,NOERROR,2,600,0,2,False,False,0,16509,US,True,"GoDaddy.com, LLC",4,365,False,,False,False,,benign,no_adverse_signal
kacyumara.shop,2026-07-20,14,2.6416041678685933,0.0,0,0.8,-7.389993333333334,low,0.5333,2,0.7777777777777778,True,NOERROR,1,60,0,2,False,False,0,13335,CA,True,,,,False,,False,False,,benign,no_adverse_signal
imempoweredclasses.com,2026-07-20,22,3.3502090290998976,0.0,0,0.6363636363636364,-6.733060606060606,low,0.6,3,0.6666666666666666,True,NOERROR,1,3600,1,3,True,False,0,396982,NL,True,Hosting Concepts B.V. d/b/a Registrar.eu,4,365,True,,False,False,False,benign,no_adverse_signal
zz28f.top,2026-07-20,9,1.9219280948873623,0.2222222222222222,0,0.0,-11.484271428571429,high,0.4286,2,0.8,True,NOERROR,3,15,0,0,False,True,0,54801,SC,False,GoDaddy.com,4,365,True,,False,False,,benign,no_adverse_signal
dabrosresindeco.com.ar,2026-07-20,22,3.2402239289418517,0.0,0,0.6666666666666666,-6.614877777777777,low,0.4615,2,0.6666666666666666,True,NOERROR,2,60,0,4,False,False,0,273584,BR,False,nicar,22,364,False,,False,False,,benign,no_adverse_signal
guest-assistcheck.rest,2026-07-20,22,3.2639334294856344,0.0,1,0.45454545454545453,-6.838674193548387,low,0.5,4,0.6470588235294118,True,NOERROR,2,300,0,2,False,False,2,13335,US,False,Global Domain Group LLC,4,365,False,,False,False,,benign,no_adverse_signal
qdghghgd.asia,2026-07-20,13,1.9056390622295665,0.0,0,0.0,-10.538115384615384,low,0.4286,8,0.5,True,NOERROR,1,600,1,2,True,False,0,13335,CA,True,Alibaba Cloud Computing Ltd. d/b/a HiChina (www.net.cn),3,365,True,,False,False,False,benign,no_adverse_signal
bizplex.us,2026-07-20,10,2.807354922057604,0.0,0,0.4,-7.863009090909091,low,0.5333,3,1.0,False,NOERROR,0,,0,2,False,False,0,,,,"Cloudflare, Inc.",3,365,False,,,False,,benign,no_adverse_signal
earthwisesupplements.com,2026-07-20,24,3.4841837197791885,0.0,0,0.5384615384615384,-6.7640864864864865,low,0.5143,4,0.65,True,NOERROR,2,10800,0,2,True,False,2,14618,US,True,DropCatch.com 529 LLC,4,365,False,,False,False,,benign,no_adverse_signal
novexa.news,2026-07-20,11,2.584962500721156,0.0,0,1.0,-7.165511111111111,low,0.5455,1,1.0,True,NOERROR,1,14400,0,2,False,False,0,16509,US,False,,,,,,False,False,,benign,no_adverse_signal
zephyrnotary.com,2026-07-20,16,3.2516291673878226,0.0,0,0.3333333333333333,-7.7163,low,0.5556,5,0.8333333333333334,True,NOERROR,2,3600,0,2,False,False,0,16509,US,True,"GoDaddy.com, LLC",3,731,False,,False,False,,benign,no_adverse_signal
zhonganyuan.top,2026-07-20,15,2.8453509366224368,0.0,0,0.5714285714285714,-7.255273684210526,high,0.4706,2,0.7272727272727273,False,NOERROR,0,,0,4,False,False,0,,,,XinNet Technology Corporation,3,365,True,,,False,,benign,no_adverse_signal
digjaya-fatihah.com,2026-07-20,19,3.106890595608519,0.0,1,0.75,-8.185403703703704,low,0.4444,2,0.6666666666666666,True,NOERROR,1,14400,1,2,True,False,0,46050,ID,True,Web Commerce Communications Limited dba WebNic.cc,4,365,False,,False,False,False,benign,no_adverse_signal
89dzh.top,2026-07-20,9,2.321928094887362,0.2222222222222222,0,0.0,-11.446014285714286,high,0.4444,3,1.0,True,NOERROR,3,15,0,0,False,True,0,54801,SC,False,GoDaddy.com,4,365,True,,False,False,,benign,no_adverse_signal
purfeqonline.uk,2026-07-20,15,3.2516291673878226,0.0,0,0.7142857142857143,-7.6085095238095235,low,0.6087,2,0.8333333333333334,False,NOERROR,0,,0,2,False,False,0,,,,"Cloudflare, Inc. [Tag = CLOUDFLARE]",4,365,False,,,False,,benign,no_adverse_signal
k98zh.top,2026-07-20,9,2.321928094887362,0.2222222222222222,0,0.0,-12.436000000000002,high,0.3333,2,1.0,True,NOERROR,3,15,0,0,False,True,0,54801,SC,False,GoDaddy.com,4,365,True,,False,False,,benign,no_adverse_signal
zrk81.top,2026-07-20,9,2.321928094887362,0.2222222222222222,0,0.0,-11.59897142857143,high,0.4444,3,1.0,True,NOERROR,3,15,0,0,False,True,0,54801,SC,False,GoDaddy.com,4,365,True,,False,False,,benign,no_adverse_signal
clickehsolutionsgroup.com,2026-07-20,25,3.689703732199547,0.0,0,0.6153846153846154,-6.978448717948718,low,0.4878,4,0.6666666666666666,True,NOERROR,1,3600,1,4,True,False,0,14618,US,True,PDR Ltd. d/b/a PublicDomainRegistry.com,3,365,True,,False,False,False,benign,no_adverse_signal
criscofoods.com,2026-07-20,15,2.663532754804255,0.0,0,0.5714285714285714,-6.971289473684211,low,0.625,2,0.6363636363636364,False,NOERROR,0,,3,2,True,False,0,,,,"Amazon Registrar, Inc.",4,365,True,,,False,False,benign,no_adverse_signal
hedgemena.net,2026-07-20,13,2.6416041678685933,0.0,0,0.8,-6.62956,low,0.625,2,0.7777777777777778,True,NOERROR,2,600,0,2,False,False,0,16509,US,True,"GoDaddy.com, LLC",4,1096,False,,False,False,,benign,no_adverse_signal
h84ncq.top,2026-07-20,10,2.584962500721156,0.2,0,0.0,-11.903322222222222,high,0.4615,3,1.0,False,NOERROR,0,,0,2,False,False,0,,,,Chengdu west dimension digital,4,365,True,,,False,,benign,no_adverse_signal
dallapartners.co.uk,2026-07-20,19,3.0269868333592873,0.0,0,0.4444444444444444,-6.391252173913045,low,0.5714,3,0.6923076923076923,True,NOERROR,2,300,0,2,False,False,2,13335,US,False,"Cloudflare, Inc. [Tag = CLOUDFLARE]",5,365,False,,False,False,,benign,no_adverse_signal
atlas-federalservices.com,2026-07-20,25,3.3680424225727155,0.0,1,0.6666666666666666,-6.721984615384615,low,0.5882,2,0.5714285714285714,True,NOERROR,2,3600,0,2,False,False,0,16509,US,True,"GoDaddy.com, LLC",4,365,False,,False,False,,benign,no_adverse_signal
fanoume.com,2026-07-20,11,2.807354922057604,0.0,0,1.3333333333333333,-7.025954545454545,low,0.7692,1,1.0,True,NOERROR,2,300,3,2,True,False,2,13335,US,False,"OVH, SAS",4,365,True,,False,False,False,benign,no_adverse_signal
moranikhub.co.ke,2026-07-20,16,3.321928094887362,0.0,0,0.6666666666666666,-7.076776470588236,low,0.5,2,1.0,True,NOERROR,1,300,0,2,False,False,0,,DE,True,HostPinnacle Cloud Limited,5,365,False,,False,False,,benign,no_adverse_signal
bisaagri.com,2026-07-20,12,2.5,0.0,0,1.0,-7.295107692307692,low,0.5882,2,0.75,True,NOERROR,1,300,3,2,True,False,0,16509,US,True,CV. Rumahweb Indonesia,4,365,True,,False,False,False,benign,no_adverse_signal
jpbroadcast.live,2026-07-20,16,3.277613436819116,0.0,0,0.375,-7.577831578947369,low,0.5556,4,0.9090909090909091,True,NOERROR,1,14400,1,2,True,False,0,53850,US,True,,,,False,,False,False,False,benign,no_adverse_signal
whrdqs.com,2026-07-20,10,2.584962500721156,0.0,0,0.0,-10.803477777777779,low,0.5455,6,1.0,False,NOERROR,0,,0,2,False,False,0,,,,"GMO Internet, Inc.",4,365,True,,,False,,benign,no_adverse_signal
nexuscircles.com,2026-07-20,16,3.084962500721156,0.0,0,0.5,-7.203314285714286,low,0.48,3,0.75,False,NOERROR,0,,0,3,False,False,0,,,,"TUCOWS.COM, CO.",2,365,True,,,True,,malicious,spamhaus_dbl
84gzh.top,2026-07-20,9,2.321928094887362,0.2222222222222222,0,0.0,-11.462428571428571,high,0.4,3,1.0,True,NOERROR,3,15,0,0,False,True,0,54801,SC,False,GoDaddy.com,4,365,True,,False,False,,benign,no_adverse_signal
z61ha.top,2026-07-20,9,2.321928094887362,0.2222222222222222,0,0.5,-11.836842857142857,high,0.3636,1,1.0,True,NOERROR,3,15,0,0,False,True,0,54801,SC,False,GoDaddy.com,4,365,True,,False,False,,benign,no_adverse_signal
shaktitg.com,2026-07-20,12,2.75,0.0,0,0.3333333333333333,-7.398946153846154,low,0.625,2,0.875,True,NOERROR,1,50,0,2,False,False,0,47583,CY,False,"HOSTINGER operations, UAB",3,365,False,,False,False,,benign,no_adverse_signal
muslimahinacademia.ca,2026-07-20,21,3.197159723424149,0.0,0,1.0,-6.843966666666667,low,0.4828,2,0.6111111111111112,True,NOERROR,1,10800,0,2,False,False,0,398101,US,True,"Go Daddy Domains Canada, Inc",4,365,True,,False,False,,benign,no_adverse_signal
qz91h.top,2026-07-20,9,2.321928094887362,0.2222222222222222,0,0.0,-12.386685714285715,high,0.25,2,1.0,True,NOERROR,3,15,0,0,False,True,0,133199,HK,False,GoDaddy.com,4,365,True,,False,False,,benign,no_adverse_signal
mlm9i-v5xqf-wheizx.xyz,2026-07-20,22,3.7254805569978675,0.09090909090909091,2,0.2727272727272727,-11.285593939393939,high,0.3636,3,0.7777777777777778,True,NOERROR,2,600,0,2,False,False,0,16509,US,True,"GoDaddy.com, LLC",3,365,False,,False,False,,benign,no_adverse_signal
moxsfg.com,2026-07-20,10,2.584962500721156,0.0,0,0.2,-9.252077777777778,low,0.5333,4,1.0,False,NOERROR,0,,0,2,False,False,0,,,,"DNSPod, Inc.",3,365,False,,,False,,benign,no_adverse_signal
beeshiddengems.com,2026-07-20,18,2.950212064914747,0.0,0,0.5555555555555556,-6.985256000000001,low,0.5,2,0.6428571428571429,True,NOERROR,1,86400,0,2,False,False,0,16509,US,True,"TUCOWS.COM, CO.",1104,1461,True,,False,False,,benign,no_adverse_signal
apple-banana-cherry.com,2026-07-20,23,3.3005590923909534,0.0,2,0.5454545454545454,-6.920014285714286,low,0.5,3,0.5789473684210527,False,timeout,0,,0,0,False,False,0,,,,"GMO Internet, Inc.",3,365,True,,,False,,benign,no_adverse_signal
yapridu.com,2026-07-20,11,2.807354922057604,0.0,0,0.75,-7.081490909090909,low,0.6667,2,1.0,True,NOERROR,1,300,2,4,True,False,0,397273,US,False,IONOS SE,3,365,True,,False,False,False,benign,no_adverse_signal
xf4u3g.com,2026-07-20,10,2.584962500721156,0.2,0,0.3333333333333333,-12.461355555555556,low,0.3333,2,1.0,True,NOERROR,1,1800,2,2,True,False,1,396982,US,True,Dynadot Inc,3,365,False,,True,True,False,malicious,spamhaus_zen
engowear.com,2026-07-20,12,2.75,0.0,0,1.0,-6.762653846153847,low,0.5333,2,0.875,True,NOERROR,2,1200,0,2,False,False,0,16509,US,True,"Spaceship, Inc.",4,365,False,,False,False,,benign,no_adverse_signal
modvero.shop,2026-07-20,12,2.5216406363433186,0.0,0,0.75,-7.101363636363636,low,0.5714,2,0.8571428571428571,True,NOERROR,1,3600,0,2,False,False,0,13335,CA,True,,,,False,,False,False,,benign,no_adverse_signal
veluma-home.com,2026-07-20,15,3.0957952550009344,0.0,1,1.0,-7.164126315789474,low,0.4762,1,0.8181818181818182,True,NOERROR,1,86400,0,4,False,False,1,13335,CA,True,"TUCOWS.COM, CO.",3,365,True,,False,False,,benign,no_adverse_signal
kteamall.com,2026-07-20,12,2.5,0.0,0,0.6,-6.478061538461538,low,0.5714,2,0.75,True,NOERROR,2,600,0,2,False,False,0,16509,US,True,"GoDaddy.com, LLC",3,365,False,,False,False,,benign,no_adverse_signal
valcedo.com,2026-07-20,11,2.807354922057604,0.0,0,0.75,-7.156899999999999,low,0.5333,2,1.0,True,NOERROR,1,60,2,2,True,False,0,13335,CA,True,"HOSTINGER operations, UAB",2,365,False,,False,False,False,benign,no_adverse_signal
xgd77.top,2026-07-20,9,1.9219280948873623,0.2222222222222222,0,0.0,-10.696742857142857,high,0.6,3,0.8,True,NOERROR,3,15,0,0,False,True,0,54801,SC,False,GoDaddy.com,3,365,True,,False,False,,benign,no_adverse_signal
faturecomfotografia.site,2026-07-20,24,3.286629486786195,0.0,0,0.9,-6.9986628571428575,medium,0.4444,2,0.5789473684210527,True,NOERROR,2,300,0,2,False,False,2,13335,US,False,"GoDaddy.com, LLC",3,365,False,,False,False,,benign,no_adverse_signal
freerandomdomainforautomatedtest177141.com,2026-07-20,42,3.7474130395316414,0.14285714285714285,0,0.7777777777777778,-7.1902,low,0.3846,2,0.39473684210526316,True,NOERROR,1,600,1,2,False,False,0,47846,DE,False,IONOS SE,224,365,True,,False,False,False,benign,no_adverse_signal
mewewear.com,2026-07-20,12,2.1556390622295662,0.0,0,1.0,-7.118976923076923,low,0.5333,1,0.625,True,NOERROR,2,3600,0,2,False,False,0,16509,US,True,"GoDaddy.com, LLC",3,1096,False,,False,False,,benign,no_adverse_signal
two10media.com,2026-07-20,14,3.321928094887362,0.14285714285714285,0,1.0,-8.1636,low,0.6667,2,1.0,True,NOERROR,2,300,2,2,True,False,2,47583,LT,False,"HOSTINGER operations, UAB",4,731,False,,False,False,False,benign,no_adverse_signal
n-w-5-t.com,2026-07-20,11,2.1280852788913944,0.09090909090909091,3,0.0,-10.970172727272727,low,0.4286,1,0.7142857142857143,False,NOERROR,0,,0,2,False,False,0,,,,"Cloudflare, Inc.",4,1826,True,,,False,,benign,no_adverse_signal
harodeliveryservices.com,2026-07-20,24,3.3841837197791884,0.0,0,0.6666666666666666,-6.33847027027027,low,0.6061,3,0.6,True,NOERROR,2,60,2,2,True,False,2,47583,LT,False,"HOSTINGER operations, UAB",4,365,False,,False,False,False,benign,no_adverse_signal
agendamentoawoarklab628.click,2026-07-20,29,3.7579254136901956,0.10344827586206896,0,0.8181818181818182,-7.656974418604651,medium,0.4118,3,0.6956521739130435,True,NOERROR,2,300,0,2,False,False,2,13335,US,False,Global Domain Group LLC,3,365,False,,False,False,,benign,no_adverse_signal
councilclerk.com,2026-07-20,16,3.0220552088742005,0.0,0,0.5,-6.990566666666666,low,0.5263,3,0.75,True,NOERROR,2,600,0,2,False,False,0,16509,US,True,"GoDaddy.com, LLC",3,365,False,,False,False,,benign,no_adverse_signal
metzconciergerie.fr,2026-07-20,19,3.125,0.0,0,0.7777777777777778,-6.988210344827586,low,0.4516,3,0.625,True,NOERROR,4,14400,0,4,True,False,0,53831,US,False,KEY-SYSTEMS GmbH,2,364,False,,False,False,,benign,no_adverse_signal
nobody-taught-us.com,2026-07-20,20,3.5,0.0,2,0.5555555555555556,-8.181703448275861,low,0.4138,3,0.75,True,NOERROR,3,3600,0,2,False,False,0,58182,US,True,Wix.com Ltd.,3,1096,True,,False,False,,benign,no_adverse_signal
robi.fun,2026-07-20,8,2.0,0.0,0,1.0,-6.63878,low,0.6,1,1.0,True,NOERROR,2,300,0,2,False,False,2,13335,US,False,"Cloudflare, Inc.",3,365,True,,False,False,,benign,no_adverse_signal
974.lol,2026-07-20,7,1.584962500721156,0.42857142857142855,0,0.0,-12.1623,low,0.2857,0,1.0,True,NOERROR,4,1799,5,2,True,False,0,54113,US,True,NAMECHEAP INC,3,365,True,,False,False,False,benign,no_adverse_signal
12betchinhthuc9.com,2026-07-20,19,3.3232314287976203,0.15789473684210525,0,0.3333333333333333,-8.055896296296297,low,0.4,4,0.7333333333333333,False,NOERROR,0,,0,2,False,False,0,,,,"Spaceship, Inc.",3,365,False,,,False,,benign,no_adverse_signal
apijayamen.com,2026-07-20,14,2.8464393446710154,0.0,0,1.0,-7.300217647058823,low,0.5263,1,0.8,True,NOERROR,2,300,0,2,False,False,0,13335,US,False,NAMECHEAP INC,3,365,True,,False,False,,benign,no_adverse_signal
galacticsmp.fun,2026-07-20,15,3.0957952550009344,0.0,0,0.375,-6.836405263157894,low,0.5556,4,0.8181818181818182,True,NOERROR,2,300,0,2,False,False,2,13335,US,False,"HOSTINGER operations, UAB",3,365,False,,False,False,,benign,no_adverse_signal
hniyrc.shop,2026-07-20,11,2.584962500721156,0.0,0,0.2,-9.494188888888889,low,0.6667,3,1.0,False,NOERROR,0,,0,2,False,False,0,,,,,,,False,,,False,,benign,no_adverse_signal
aspendetail.com.br,2026-07-20,18,3.0957952550009344,0.0,0,0.8333333333333334,-6.348352631578948,low,0.5882,2,0.8181818181818182,True,NOERROR,3,3600,0,2,False,False,0,58182,US,True,,4,365,False,,False,False,,benign,no_adverse_signal
770win1.vip,2026-07-20,11,2.5216406363433186,0.36363636363636365,0,0.5,-9.739063636363637,low,0.4286,1,0.8571428571428571,True,NOERROR,2,300,0,2,False,False,2,13335,US,False,"NameSilo, LLC",3,365,True,,False,False,,benign,no_adverse_signal
lightyear.media,2026-07-20,15,3.169925001442312,0.0,0,0.5,-7.304860000000001,low,0.5333,4,1.0,True,NOERROR,2,42,0,4,False,False,0,,US,False,,,,,,False,False,,benign,no_adverse_signal
gram.solutions,2026-07-20,14,2.0,0.0,0,0.3333333333333333,-6.16832,low,0.6667,2,1.0,True,NOERROR,2,3600,1,2,True,False,0,16509,US,True,,,,,,False,False,,benign,no_adverse_signal
creposts.com,2026-07-20,12,2.75,0.0,0,0.3333333333333333,-6.391692307692308,low,0.6667,3,0.875,True,NOERROR,2,300,0,2,False,False,2,13335,US,False,"Cloudflare, Inc.",4,365,True,,False,False,,benign,no_adverse_signal
nothingtoprovebook.com,2026-07-20,22,3.3027227528624894,0.0,0,0.6363636363636364,-6.718654545454545,low,0.5,3,0.6666666666666666,True,NOERROR,4,14400,0,4,True,False,0,53831,US,False,Squarespace Domains LLC,4,731,True,,False,False,,benign,no_adverse_signal
nhpqucx1785.cc,2026-07-20,14,3.459431618637298,0.2857142857142857,0,0.16666666666666666,-10.835526315789474,low,0.3158,4,1.0,True,NOERROR,13,10,0,2,False,True,0,64013,HK,False,Dynadot Inc,3,365,False,,False,True,,malicious,spamhaus_dbl
joelkelseymusic.com,2026-07-20,19,3.3232314287976203,0.0,0,0.6666666666666666,-7.685244444444444,low,0.4348,2,0.7333333333333333,True,NOERROR,2,3600,0,2,False,False,0,16509,US,True,"GoDaddy.com, LLC",3,365,False,,False,False,,benign,no_adverse_signal
closetauthoritync.com,2026-07-20,21,3.572469458770136,0.0,0,0.5454545454545454,-6.767364516129032,low,0.5833,4,0.7647058823529411,True,NOERROR,1,1800,0,2,False,False,0,16509,US,False,"GoDaddy.com, LLC",4,1096,False,,False,False,,benign,no_adverse_signal
marieclairemckelvey.com,2026-07-20,23,3.1952959344962166,0.0,0,0.7272727272727273,-7.0804285714285715,low,0.4516,3,0.5263157894736842,True,NOERROR,4,14400,0,4,True,False,0,53831,US,False,Squarespace Domains LLC,3,1096,True,,False,False,,benign,no_adverse_signal
dantzlerents.com,2026-07-20,16,3.084962500721156,0.0,0,0.3333333333333333,-6.954119047619047,low,0.5714,4,0.75,True,NOERROR,4,14400,1,4,True,False,0,53831,US,False,Squarespace Domains II LLC,4,365,True,,False,False,False,benign,no_adverse_signal
123bcom.fr,2026-07-20,10,2.807354922057604,0.3,0,0.3333333333333333,-8.805263636363636,low,0.4286,2,1.0,True,NOERROR,2,300,0,2,False,False,2,13335,US,False,Dynadot Inc,2,364,True,,False,False,,benign,no_adverse_signal
saiyo-uragawa.com,2026-07-20,17,3.085055102756477,0.0,1,1.4,-7.9407434782608695,low,0.4444,1,0.7692307692307693,True,NOERROR,2,300,0,2,False,False,2,13335,US,False,"GMO Internet, Inc.",3,365,True,,False,False,,benign,no_adverse_signal
akuphotostudio.com,2026-07-20,18,3.182005814760214,0.0,0,1.0,-6.904128000000001,low,0.56,2,0.7142857142857143,False,SERVFAIL,0,,0,0,False,False,0,,,,"GoDaddy.com, LLC",1506,1826,False,,,False,,benign,no_adverse_signal
canopyandmast.com,2026-07-20,17,3.180832987205441,0.0,0,0.4444444444444444,-6.9528173913043485,low,0.6,3,0.7692307692307693,True,NOERROR,2,300,0,3,False,False,0,2635,US,False,Automattic Inc.,2,365,True,,False,False,,benign,no_adverse_signal
ambuffer.com,2026-07-20,12,2.75,0.0,0,0.6,-7.593515384615385,low,0.5,2,0.875,True,NOERROR,2,300,2,2,True,False,2,13335,US,False,"GoDaddy.com, LLC",3,365,False,,False,False,False,benign,no_adverse_signal
sharp-cedar.com,2026-07-20,15,3.095795255000934,0.0,1,0.42857142857142855,-7.378815789473684,low,0.5556,2,0.8181818181818182,False,NOERROR,0,,3,2,True,False,0,,,,"GoDaddy.com, LLC",4,365,False,,,False,False,benign,no_adverse_signal
vm777login.club,2026-07-20,15,2.8464393446710154,0.2,0,0.4,-9.099741176470589,low,0.4706,2,0.8,True,NOERROR,2,300,0,2,False,False,2,13335,US,False,Dynadot Inc,4,365,True,,False,True,,malicious,spamhaus_dbl
liebrerock.com,2026-07-20,14,2.9219280948873623,0.0,0,0.6666666666666666,-6.806158823529412,low,0.5,2,0.8,True,NOERROR,1,50,0,2,False,False,0,47583,CY,False,"HOSTINGER operations, UAB",3,365,False,,False,False,,benign,no_adverse_signal
freerandomdomainforautomatedtest145675.com,2026-07-20,42,3.8725416580096272,0.14285714285714285,0,0.7777777777777778,-7.260338356164383,low,0.3846,2,0.4473684210526316,True,NOERROR,1,600,1,2,False,False,0,47846,DE,False,IONOS SE,351,365,True,,False,False,False,benign,no_adverse_signal
towtrucksatha755.com,2026-07-20,20,3.452819531114783,0.15,0,0.4444444444444444,-8.231793103448275,low,0.4545,3,0.75,True,NOERROR,2,60,0,2,False,False,2,47583,LT,False,"HOSTINGER operations, UAB",3,365,False,,False,False,,benign,no_adverse_signal
gardenpressmarket.info,2026-07-20,22,3.2927701939369904,0.0,0,0.4166666666666667,-6.458774193548387,medium,0.5385,3,0.6470588235294118,True,NOERROR,2,600,0,2,False,False,0,16509,US,True,,,,,,False,False,,benign,no_adverse_signal
keirin-index.com,2026-07-20,16,2.8553885422075336,0.0,1,0.8333333333333334,-7.006061904761904,low,0.4444,2,0.6666666666666666,True,NOERROR,1,3600,0,2,False,False,0,58791,JP,True,"GMO Internet, Inc.",4,365,True,,False,False,,benign,no_adverse_signal
gleba-shanheqipai.com.cn,2026-07-20,24,3.4548223999466066,0.0,1,0.7777777777777778,-7.651383870967742,low,0.4615,2,0.7058823529411765,True,NOERROR,1,600,0,2,False,False,0,58658,US,False,北京新网数码信息技术有限公司,9,365,False,,False,False,,benign,no_adverse_signal
woundedpride.org,2026-07-20,16,3.0220552088742005,0.0,0,0.7142857142857143,-6.9539904761904765,low,0.5714,3,0.75,True,NOERROR,1,3600,2,4,True,False,1,8560,DE,True,IONOS SE,2,365,False,,False,False,False,benign,no_adverse_signal
booksustenance.digital,2026-07-20,22,3.2359263506290326,0.0,0,0.75,-6.533308,low,0.5714,2,0.7142857142857143,True,NOERROR,2,300,0,2,False,False,2,13335,US,False,,,,,,False,False,,benign,no_adverse_signal
pawsthatcare.net,2026-07-20,16,3.0220552088742,0.0,0,0.5,-6.720247619047619,low,0.5556,4,0.75,True,NOERROR,1,86400,0,4,False,False,1,13335,CA,True,"TUCOWS.COM, CO.",3,365,True,,False,False,,benign,no_adverse_signal
maria-test.site,2026-07-20,15,2.9219280948873623,0.0,1,0.8,-6.561164705882353,medium,0.5556,2,0.8,True,NOERROR,1,900,1,2,False,False,0,39729,IT,True,REGISTER S.P.A.,3,365,True,,False,False,False,benign,no_adverse_signal
vanmendoza.com,2026-07-20,14,2.9219280948873623,0.0,0,0.6666666666666666,-7.223629411764706,low,0.5333,2,0.8,True,NOERROR,1,1799,5,2,True,False,0,16509,US,False,"NameCheap, Inc.",2,365,False,,False,False,False,benign,no_adverse_signal
zr80s.top,2026-07-20,9,2.321928094887362,0.2222222222222222,0,0.0,-12.489328571428572,high,0.4,2,1.0,True,NOERROR,3,15,0,0,False,True,0,133199,HK,False,GoDaddy.com,4,365,True,,False,False,,benign,no_adverse_signal
27t8.buzz,2026-07-20,9,2.0,0.3333333333333333,0,0.0,-12.3339,high,0.2857,1,1.0,True,NOERROR,2,300,0,2,False,False,2,13335,US,False,"Spaceship, Inc.",2,365,False,,False,False,,benign,no_adverse_signal
nuvoryxa.com,2026-07-20,12,3.0,0.0,0,0.6,-8.835338461538461,low,0.6154,3,1.0,True,NOERROR,2,60,0,2,False,False,2,47583,LT,False,"HOSTINGER operations, UAB",3,365,False,,False,False,,benign,no_adverse_signal
zypgmail.com,2026-07-20,12,3.0,0.0,0,0.3333333333333333,-8.23276923076923,low,0.7692,5,1.0,False,NOERROR,0,,3,2,True,False,0,,,,"Cloudflare, Inc.",3,365,True,,,False,False,benign,no_adverse_signal
cqqys.asia,2026-07-20,10,1.9219280948873623,0.0,0,0.0,-11.648200000000001,low,0.4,5,0.8,False,NOERROR,0,,0,2,False,False,0,,,,Alibaba Cloud Computing Ltd. d/b/a HiChina (www.net.cn),3,365,True,,,False,,benign,no_adverse_signal
quarkor.com,2026-07-20,11,2.521640636343318,0.0,0,0.75,-7.044018181818182,low,0.6667,2,0.8571428571428571,True,NOERROR,2,300,0,2,False,False,2,13335,US,False,"Cloudflare, Inc.",3,365,True,,False,False,,benign,no_adverse_signal
mega188mes.site,2026-07-20,15,2.7219280948873625,0.2,0,0.75,-8.22254705882353,medium,0.6316,1,0.7,True,NOERROR,2,300,0,2,False,False,2,13335,US,False,NAMECHEAP INC,3,365,True,,False,False,,benign,no_adverse_signal
meuo3gs.eu.cc,2026-07-20,13,1.0,0.07692307692307693,0,2.0,,low,,0,1.0,False,NOERROR,0,,0,2,False,False,0,,,,Gname.com Pte. Ltd.,10508,12217,True,,,True,,malicious,spamhaus_dbl
vovbx.com,2026-07-20,9,1.9219280948873623,0.0,0,0.25,-9.847399999999999,low,0.5455,3,0.8,True,NOERROR,2,300,0,2,False,False,2,13335,US,False,Gname 324 Inc,4,365,False,,False,False,,benign,no_adverse_signal
1y.world,2026-07-20,8,1.0,0.125,0,0.0,,low,,1,1.0,True,NOERROR,2,300,0,2,False,False,0,16509,US,True,,,,,,False,False,,benign,no_adverse_signal
sladesfarm.online,2026-07-20,17,2.9219280948873623,0.0,0,0.42857142857142855,-6.942382352941176,medium,0.7,2,0.8,True,NOERROR,2,300,3,2,True,False,2,13335,US,False,NAMECHEAP INC,3,365,True,,False,False,False,benign,no_adverse_signal
mommuum.com,2026-07-20,11,1.3787834934861753,0.0,0,0.75,-8.213436363636363,low,0.5,2,0.42857142857142855,True,NOERROR,2,300,0,2,False,False,2,13335,US,False,"GMO Internet, Inc.",4,365,True,,False,False,,benign,no_adverse_signal
lerantao-crown.com,2026-07-20,18,3.2359263506290334,0.0,1,0.625,-7.01908,low,0.5263,2,0.7142857142857143,False,NOERROR,0,,0,2,False,False,0,,,,Alibaba Cloud Computing Ltd. d/b/a HiChina (www.net.cn),4,365,False,,,False,,benign,no_adverse_signal
35bf.app,2026-07-20,8,2.0,0.25,0,0.0,-12.113240000000001,low,0.3077,2,1.0,True,NOERROR,2,300,0,2,False,False,2,13335,US,False,,,,False,,False,False,,benign,no_adverse_signal
k48zh.top,2026-07-20,9,2.321928094887362,0.2222222222222222,0,0.0,-12.487557142857144,high,0.3333,2,1.0,True,NOERROR,3,15,0,0,False,True,0,54801,SC,False,GoDaddy.com,4,365,True,,False,False,,benign,no_adverse_signal
musafierun.com,2026-07-20,14,3.121928094887362,0.0,0,1.0,-7.050294117647059,low,0.5556,1,0.9,False,NXDOMAIN,0,,0,0,False,False,0,,,,,,,,,,False,,benign,no_adverse_signal
atan.biz.id,2026-07-20,11,1.5,0.0,0,1.0,-5.70308,low,0.6667,1,0.75,True,NOERROR,2,300,1,2,True,False,2,13335,US,False,,,,False,,False,False,False,benign,no_adverse_signal
gisep.com,2026-07-20,9,2.321928094887362,0.0,0,0.6666666666666666,-6.841228571428572,low,0.6667,1,1.0,True,NOERROR,2,3600,1,2,True,False,0,16509,US,True,"Megazone Corp., dba HOSTING.KR",5497,5844,False,,False,False,,benign,no_adverse_signal
bcbhf.my,2026-07-20,8,1.9219280948873623,0.0,0,0.0,-9.817400000000001,low,0.5,5,0.8,True,NOERROR,1,600,0,2,False,True,0,132839,HK,False,"Dynadot, LLC",5,365,True,,False,True,,malicious,spamhaus_dbl
wmoth8.cyou,2026-07-20,11,2.584962500721156,0.09090909090909091,0,0.25,-8.661,low,0.5,2,1.0,True,NOERROR,9,3600,1,2,False,False,0,60592,CZ,False,"Gransy, s.r.o.",3,365,False,,True,False,False,malicious,spamhaus_zen
same-couch.com,2026-07-20,14,3.121928094887362,0.0,1,0.8,-6.901352941176471,low,0.5455,2,0.9,True,NOERROR,2,300,0,2,False,False,2,13335,US,False,"HOSTINGER operations, UAB",3,365,False,,False,False,,benign,no_adverse_signal
empowerlifelab.xyz,2026-07-20,18,3.3248629576173574,0.0,0,0.75,-6.926444,high,0.6154,2,0.7857142857142857,True,NOERROR,1,14400,0,2,False,False,0,24940,FI,True,"NicNames, Inc",3,365,True,,False,False,,benign,no_adverse_signal
darksentient.com,2026-07-20,16,3.084962500721156,0.0,0,0.5,-6.351638095238095,low,0.5,3,0.75,False,NOERROR,0,,3,2,True,False,0,,,,"Amazon Registrar, Inc.",4,365,True,,,False,False,benign,no_adverse_signal
alsprintshop.app,2026-07-20,16,3.2516291673878226,0.0,0,0.3333333333333333,-6.526133333333333,low,0.5,4,0.8333333333333334,True,NOERROR,1,300,0,2,False,False,0,24940,DE,True,,,,False,,False,False,,benign,no_adverse_signal
rosycheekscrafts.com,2026-07-20,20,3.327819531114783,0.0,0,0.3333333333333333,-7.389279310344827,low,0.4286,4,0.6875,False,NXDOMAIN,0,,0,0,False,False,0,,,,"GMO Internet, Inc.",3,365,True,,,False,,benign,no_adverse_signal
centurybelezia.luxury,2026-07-20,21,3.4677201004745006,0.0,0,0.75,-7.191184,low,0.5,3,0.8571428571428571,True,NOERROR,2,600,0,2,False,False,0,16509,US,True,"GoDaddy.com, LLC",3,365,True,,False,False,,benign,no_adverse_signal
littlelambcrochetpatterns.com,2026-07-20,29,3.559079570624174,0.0,0,0.3888888888888889,-6.970804255319148,low,0.4324,4,0.56,True,NOERROR,1,1799,1,2,True,False,0,13335,CA,True,NAMECHEAP INC,4,365,True,,False,False,False,benign,no_adverse_signal
rajsawari.com,2026-07-20,13,2.4193819456463714,0.0,0,0.8,-7.757140000000001,low,0.5882,2,0.6666666666666666,True,NOERROR,1,50,0,2,False,False,0,47583,CY,False,"HOSTINGER operations, UAB",4,365,False,,False,False,,benign,no_adverse_signal
narellemelbourne.com,2026-07-20,20,2.952819531114783,0.0,0,0.7777777777777778,-6.618555172413793,low,0.4828,2,0.5625,True,NOERROR,1,86400,0,4,False,False,1,13335,CA,True,"TUCOWS.COM, CO.",22,365,True,,False,False,,benign,no_adverse_signal
hz90c.top,2026-07-20,9,2.321928094887362,0.2222222222222222,0,0.0,-12.561142857142856,high,0.3333,2,1.0,True,NOERROR,3,15,0,0,False,True,0,133199,HK,False,GoDaddy.com,4,365,True,,False,False,,benign,no_adverse_signal
wclc43d.beer,2026-07-20,12,2.5216406363433186,0.16666666666666666,0,0.0,-10.611990909090908,low,0.5,4,0.8571428571428571,True,NOERROR,5,20,0,2,False,False,0,138415,HK,False,Dynadot Inc,3,365,True,,False,False,,benign,no_adverse_signal
71zhf.top,2026-07-20,9,2.321928094887362,0.2222222222222222,0,0.0,-12.361942857142859,high,0.3636,3,1.0,True,NOERROR,3,15,0,0,False,True,0,133199,HK,False,GoDaddy.com,4,365,True,,False,False,,benign,no_adverse_signal
lodsa.yoga,2026-07-20,10,2.321928094887362,0.0,0,0.6666666666666666,-7.3221428571428575,low,0.6667,2,1.0,False,NOERROR,0,,0,2,False,False,0,,,,NameMart Pte. Ltd.,3,365,True,,,False,,benign,no_adverse_signal
tozelo.com,2026-07-20,10,2.2516291673878226,0.0,0,1.0,-7.651911111111111,low,0.6154,1,0.8333333333333334,True,NOERROR,1,1800,5,2,True,False,0,22612,US,False,NAMECHEAP INC,2,365,True,,False,False,False,benign,no_adverse_signal
pentopiralivolaxilorikentodexo.digital,2026-07-20,38,3.53624341298306,0.0,0,0.875,-6.820438596491228,low,0.35,2,0.43333333333333335,True,NOERROR,1,300,5,2,True,False,0,,US,False,,,,,,False,False,False,benign,no_adverse_signal
elmundo.pl,2026-07-20,10,2.807354922057604,0.0,0,0.75,-7.119954545454546,low,0.5455,2,1.0,True,NOERROR,1,3600,0,2,False,False,0,57367,PL,True,DD sp. z o.o.,3,365,False,,False,False,,benign,no_adverse_signal
dewahoki303four.com,2026-07-20,19,3.6402239289418516,0.15789473684210525,0,1.0,-8.60777037037037,low,0.4,1,0.8666666666666667,True,NOERROR,2,300,0,2,False,False,2,13335,US,False,NAMECHEAP INC,4,365,True,,False,False,,benign,no_adverse_signal
tijaxterra.com,2026-07-20,14,2.7219280948873625,0.0,0,0.6666666666666666,-7.662964705882352,low,0.5882,2,0.7,True,NOERROR,1,300,1,2,False,False,1,51191,DE,True,"Ascio Technologies, Inc",4,365,False,,False,False,False,benign,no_adverse_signal
les-jardins-darchimbaud.com,2026-07-20,27,3.7622673906514943,0.0,2,0.5,-7.146569767441861,low,0.45,3,0.6521739130434783,True,NOERROR,2,60,0,2,False,False,2,47583,LT,False,"HOSTINGER operations, UAB",3,365,False,,False,False,,benign,no_adverse_signal
secuora.net,2026-07-20,11,2.807354922057604,0.0,0,1.3333333333333333,-7.2197545454545455,low,0.6667,1,1.0,True,NOERROR,2,1800,0,2,False,False,0,16509,US,False,"Name.com, Inc.",4,365,True,,False,False,,benign,no_adverse_signal
kristabelgold.com,2026-07-20,17,3.546593564294939,0.0,0,0.4444444444444444,-6.954530434782608,low,0.5263,2,0.9230769230769231,True,NOERROR,1,1,0,2,False,False,0,139880,SC,False,TuringSign Inc. d/b/a Cosmotown,3,365,False,,False,False,,benign,no_adverse_signal
dream-8.com,2026-07-20,11,2.807354922057604,0.09090909090909091,1,0.6666666666666666,-7.770581818181818,low,0.5455,2,1.0,True,NOERROR,1,1,0,2,False,False,0,206888,HK,False,July Name Limited,3,365,True,,False,False,,benign,no_adverse_signal
hh3jug.com,2026-07-20,10,2.2516291673878226,0.1,0,0.25,-10.639211111111111,low,0.4,2,0.8333333333333334,True,NOERROR,2,300,0,2,False,True,2,13335,US,False,Realtime Register B.V.,3,365,False,,False,False,,benign,no_adverse_signal
nearbuyyou.com,2026-07-20,14,2.9219280948873623,0.0,0,1.0,-7.931711764705883,low,0.4286,2,0.8,True,NOERROR,1,1800,5,2,True,False,0,22612,US,False,NAMECHEAP INC,4,365,True,,False,False,False,benign,no_adverse_signal
nookpick.com,2026-07-20,12,2.5,0.0,0,0.6,-7.380969230769231,low,0.5455,2,0.75,True,NOERROR,2,300,0,2,False,False,2,13335,US,False,NAMECHEAP INC,3,365,True,,False,False,,benign,no_adverse_signal
itsfarheen.com,2026-07-20,14,3.1219280948873624,0.0,0,0.6666666666666666,-7.424729411764706,low,0.5333,3,0.9,True,NOERROR,2,60,2,2,True,False,2,47583,CY,False,"HOSTINGER operations, UAB",3,365,False,,False,False,False,benign,no_adverse_signal
koalabro.com,2026-07-20,12,2.5,0.0,0,1.0,-7.1127,low,0.5882,2,0.75,True,NOERROR,2,3600,0,0,True,False,0,14061,US,False,DropCatch.com 536 LLC,4,365,False,,False,False,,benign,no_adverse_signal
wwu7h.cyou,2026-07-20,10,1.9219280948873623,0.1,0,0.3333333333333333,-12.111285714285714,low,0.5,2,0.8,True,NOERROR,9,3600,1,2,False,False,0,60592,CZ,False,"Gransy, s.r.o.",3,365,False,,True,False,False,malicious,spamhaus_zen
oaneonala.net,2026-07-20,13,2.197159723424149,0.0,0,2.0,-6.468593333333333,low,0.6,1,0.5555555555555556,True,NOERROR,1,1800,0,2,False,False,0,,,False,NAMECHEAP INC,4,365,False,,False,False,,benign,no_adverse_signal
cnouyi.services,2026-07-20,15,2.584962500721156,0.0,0,1.0,-8.309022222222222,low,0.5714,2,1.0,True,NOERROR,1,300,0,2,False,False,0,45102,HK,False,,,,,,False,False,,benign,no_adverse_signal
2019gy.com,2026-07-20,10,2.584962500721156,0.4,0,0.0,-10.962955555555556,low,0.4,2,1.0,False,NOERROR,0,,0,4,False,False,0,,,,"GMO Internet, Inc.",3,365,True,,,False,,benign,no_adverse_signal
truenwell.com,2026-07-20,13,2.725480556997868,0.0,0,0.5,-7.133013333333333,low,0.625,2,0.7777777777777778,True,NOERROR,1,1799,5,2,True,False,0,13335,CA,True,NAMECHEAP INC,4,365,True,,False,False,False,benign,no_adverse_signal
diaplexale.cyou,2026-07-20,15,2.7219280948873625,0.0,0,1.0,-6.930176470588235,low,0.5333,2,0.7,False,NOERROR,0,,0,0,False,False,0,,,,URL SOLUTIONS INC.,3,365,True,,,True,,malicious,spamhaus_dbl
aerodrome.network,2026-07-20,17,2.5032583347756456,0.0,0,1.25,-6.859953333333333,low,0.6154,2,0.6666666666666666,True,NOERROR,1,86400,0,2,False,False,0,16509,US,True,,,,,,False,False,,benign,no_adverse_signal
shenlanjf.com,2026-07-20,13,2.94770277922009,0.0,0,0.2857142857142857,-7.52534,low,0.5714,3,0.8888888888888888,True,NOERROR,2,300,0,2,False,False,2,13335,US,False,"GMO Internet, Inc.",4,365,True,,False,False,,benign,no_adverse_signal
blucerts.com,2026-07-20,12,3.0,0.0,0,0.3333333333333333,-6.804215384615385,low,0.625,3,1.0,True,NOERROR,1,86400,0,2,False,False,0,16509,US,True,"TUCOWS.COM, CO.",4390,4748,True,,False,False,,benign,no_adverse_signal
snp4sx.net,2026-07-20,10,2.2516291673878226,0.1,0,0.0,-11.332322222222224,low,0.4444,3,0.8333333333333334,True,NOERROR,2,300,0,2,False,False,0,13335,US,False,NAMECHEAP INC,4,365,True,,False,False,,benign,no_adverse_signal
x6rum-cv6y6-uturae.xyz,2026-07-20,22,3.419381945646371,0.13636363636363635,2,0.625,-10.267857575757574,high,0.4,2,0.6666666666666666,True,NOERROR,2,600,0,2,False,False,0,16509,US,True,"GoDaddy.com, LLC",3,365,False,,False,False,,benign,no_adverse_signal
zr42w.top,2026-07-20,9,2.321928094887362,0.2222222222222222,0,0.0,-11.781971428571428,high,0.4,2,1.0,True,NOERROR,3,15,0,0,False,True,0,54801,SC,False,GoDaddy.com,4,365,True,,False,False,,benign,no_adverse_signal
qwerfdxonline.com,2026-07-20,17,3.3927474104487847,0.0,0,0.4444444444444444,-7.940434782608696,low,0.5833,4,0.8461538461538461,True,NOERROR,4,14400,1,4,True,False,0,53831,US,False,Squarespace Domains II LLC,3,365,True,,False,False,False,benign,no_adverse_signal
nhatvipvnm.com,2026-07-20,14,2.9219280948873623,0.0,0,0.25,-8.273276470588236,low,0.5,4,0.8,True,NOERROR,1,600,0,2,False,False,0,134548,HK,False,Dominet (HK) Limited,3,365,False,,False,False,,benign,no_adverse_signal
moju139.com,2026-07-20,11,2.807354922057604,0.2727272727272727,0,1.0,-9.9612,low,0.4,1,1.0,True,NOERROR,2,300,0,2,False,False,2,13335,US,False,"GMO Internet, Inc.",4,365,True,,False,False,,benign,no_adverse_signal
xoomdl.com,2026-07-20,10,2.2516291673878226,0.0,0,0.5,-8.683866666666667,low,0.6,3,0.8333333333333334,True,NOERROR,2,300,0,2,False,False,2,13335,US,False,NAMECHEAP INC,4,365,True,,False,False,,benign,no_adverse_signal
bailaconmigoleadershipsolutions.com,2026-07-20,35,3.8488846166291197,0.0,0,0.8235294117647058,-6.708157627118644,low,0.4706,3,0.5483870967741935,True,NOERROR,3,3600,1,2,True,False,0,58182,US,True,Wix.com Ltd.,3,731,True,,False,False,False,benign,no_adverse_signal
texno-servis.uz,2026-07-20,15,3.2516291673878226,0.0,1,0.5714285714285714,-7.074761904761904,low,0.64,2,0.8333333333333334,True,NOERROR,1,600,2,4,True,False,1,9123,RU,True,SUVAN NET,6,365,False,,False,False,False,benign,no_adverse_signal
joinartisanhq.com,2026-07-20,17,3.238901256602631,0.0,0,0.625,-6.967708695652173,low,0.5217,3,0.7692307692307693,True,NOERROR,2,300,5,2,True,False,2,13335,US,False,Dynadot Inc,4,365,False,,False,False,False,benign,no_adverse_signal
edulove.info,2026-07-20,12,2.5216406363433186,0.0,0,1.3333333333333333,-7.088581818181819,medium,0.5455,1,0.8571428571428571,True,NOERROR,5,30,0,2,False,False,8,213230,US,True,,,,,,False,False,,benign,no_adverse_signal
fudokeikaku.org,2026-07-20,15,2.845350936622437,0.0,0,1.2,-7.917542105263158,low,0.4706,1,0.7272727272727273,True,NOERROR,1,3600,1,2,True,False,0,58791,JP,True,"GMO Internet Group, Inc. d/b/a Onamae.com",3,365,False,,False,False,False,benign,no_adverse_signal
runningwiththebullsandbears.com,2026-07-20,31,3.717850465126432,0.0,0,0.42105263157894735,-7.10998431372549,low,0.4211,4,0.5185185185185185,True,NOERROR,2,600,0,2,False,False,0,16509,US,True,"Wild West Domains, LLC",737,1095,False,,False,False,,benign,no_adverse_signal
serlwin.org,2026-07-20,11,2.807354922057604,0.0,0,0.4,-7.242045454545454,low,0.6667,3,1.0,True,NOERROR,2,300,0,2,False,False,2,13335,US,False,"Name.com, Inc.",3,365,False,,False,False,,benign,no_adverse_signal
salehh.space,2026-07-20,12,2.2516291673878226,0.0,0,0.5,-7.61661111111111,low,0.5455,2,0.8333333333333334,True,NOERROR,1,1800,5,2,True,False,0,22612,US,False,NAMECHEAP INC,4,365,True,,False,False,False,benign,no_adverse_signal
45ezh.top,2026-07-20,9,2.321928094887362,0.2222222222222222,0,0.5,-10.828385714285714,high,0.3636,2,1.0,True,NOERROR,3,15,0,0,False,True,0,133199,HK,False,GoDaddy.com,4,365,True,,False,False,,benign,no_adverse_signal
headaipushup.org,2026-07-20,16,2.9182958340544896,0.0,0,1.0,-7.151057142857143,low,0.5,2,0.6666666666666666,True,NOERROR,2,28,0,4,False,False,0,,US,False,Porkbun LLC,379,730,False,,False,False,,benign,no_adverse_signal
wevoy.com,2026-07-20,9,2.321928094887362,0.0,0,0.6666666666666666,-8.128471428571428,low,0.6,1,1.0,True,NOERROR,1,86400,0,2,False,False,0,16509,US,True,"TUCOWS.COM, CO.",3294,3652,True,,False,False,,benign,no_adverse_signal
alpinestarslab.shop,2026-07-20,19,3.182005814760214,0.0,0,0.5555555555555556,-6.4166240000000005,low,0.6087,3,0.7142857142857143,True,NOERROR,1,300,0,2,False,False,0,,GE,False,,,,False,,False,False,,benign,no_adverse_signal
cetiry.com,2026-07-20,10,2.584962500721156,0.0,0,0.5,-7.1382666666666665,low,0.6667,2,1.0,True,NOERROR,1,1800,5,2,True,False,0,22612,US,False,NAMECHEAP INC,3,365,True,,False,False,False,benign,no_adverse_signal
voyageursoapandcandlecraft.shop,2026-07-20,31,3.792376622970445,0.0,0,0.625,-7.190577551020408,low,0.4186,3,0.6153846153846154,True,NOERROR,1,300,0,2,False,False,0,199242,US,False,,,,False,,False,False,,benign,no_adverse_signal
zmlojo.com,2026-07-20,10,2.251629167387823,0.0,0,0.5,-9.257133333333334,low,0.5455,3,0.8333333333333334,False,NOERROR,0,,3,2,True,False,0,,,,"Amazon Registrar, Inc.",4,365,True,,,False,False,benign,no_adverse_signal
mesacadirasinop.com,2026-07-20,19,3.3232314287976203,0.0,0,0.875,-6.435325925925927,low,0.5,1,0.7333333333333333,True,NOERROR,1,50,0,2,False,False,0,47583,CY,False,"HOSTINGER operations, UAB",4,365,False,,False,False,,benign,no_adverse_signal
lifespringcancertreatmentcenter.com,2026-07-20,35,3.3972717134033132,0.0,0,0.47619047619047616,-6.429438983050848,low,0.4103,3,0.41935483870967744,True,NOERROR,2,5,0,4,False,False,0,,US,False,Porkbun LLC,5859,6209,False,,False,False,,benign,no_adverse_signal
ossebetguncelmerkez.com,2026-07-20,23,3.531630646367962,0.0,0,0.5833333333333334,-7.172028571428571,low,0.4444,2,0.7368421052631579,True,NOERROR,2,300,0,2,False,False,2,13335,US,False,"OnlineNIC, Inc.",4,365,False,,False,False,,benign,no_adverse_signal
magicofiexclusive.shop,2026-07-20,22,3.572469458770136,0.0,0,0.8888888888888888,-7.072877419354838,low,0.4828,3,0.7647058823529411,True,NOERROR,1,300,0,2,False,False,0,199242,US,False,,,,False,,False,False,,benign,no_adverse_signal
dentalnurseuniversity.com,2026-07-20,25,3.4632805178108113,0.0,0,0.6153846153846154,-6.701030769230769,low,0.5263,2,0.5714285714285714,True,NOERROR,2,10800,2,2,True,False,2,14618,US,True,"TurnCommerce, Inc. DBA NameBright.com",384,730,True,,False,False,False,benign,no_adverse_signal
ekgpotpourri.com,2026-07-20,16,3.084962500721156,0.0,0,0.7142857142857143,-8.014609523809524,low,0.4545,3,0.75,True,NOERROR,2,3600,0,2,False,False,0,16509,US,True,"GoDaddy.com, LLC",4,365,False,,False,False,,benign,no_adverse_signal
naplesgaragedoor.online,2026-07-20,23,3.202819531114783,0.0,0,0.7777777777777778,-6.806731034482758,medium,0.5,2,0.625,True,NOERROR,5,600,0,2,False,False,5,63949,DE,True,"GMO Internet, Inc.",3,365,True,,False,False,,benign,no_adverse_signal
gleba-bokeqipai.com.cn,2026-07-20,22,3.373557262275185,0.0,1,1.0,-7.941792592592593,low,0.5,2,0.7333333333333333,True,NOERROR,1,599,0,2,False,False,0,58658,US,False,北京新网数码信息技术有限公司,9,365,False,,False,False,,benign,no_adverse_signal
ankhway.online,2026-07-20,14,2.5216406363433186,0.0,0,0.4,-8.198745454545454,medium,0.5455,4,0.8571428571428571,True,NOERROR,1,3600,0,3,False,False,0,197720,TR,True,Turkticaret.net Yazılım Hizmetleri Sanayi ve Ticaret A.Ş.,2,365,False,,False,False,,benign,no_adverse_signal
3lamat.com,2026-07-20,10,2.2516291673878226,0.1,0,0.6666666666666666,-7.191888888888889,low,0.6154,1,0.8333333333333334,True,NOERROR,2,3600,0,2,False,False,0,16509,US,False,"GoDaddy.com, LLC",3,365,False,,False,False,,benign,no_adverse_signal
999quanxunbaicai.com.cn,2026-07-20,23,3.0306390622295662,0.13043478260869565,0,1.1666666666666667,-8.420655172413793,low,0.3478,2,0.5625,True,NOERROR,1,300,0,2,False,False,0,132839,HK,False,北京新网数码信息技术有限公司,11,365,False,,False,False,,benign,no_adverse_signal
lucky999.com,2026-07-20,12,2.4056390622295662,0.25,0,0.25,-8.919846153846153,low,0.5,3,0.75,True,NOERROR,2,3600,1,2,True,False,0,16509,US,True,"Megazone Corp., dba HOSTING.KR",6242,6574,False,,False,False,,benign,no_adverse_signal
sesa138.com,2026-07-20,11,2.5216406363433186,0.2727272727272727,0,1.0,-8.566109090909091,low,0.4706,1,0.8571428571428571,True,NOERROR,2,300,0,2,False,False,2,13335,US,False,NAMECHEAP INC,4,365,True,,False,False,,benign,no_adverse_signal
12hxr.top,2026-07-20,9,2.321928094887362,0.2222222222222222,0,0.0,-11.685471428571429,high,0.4444,3,1.0,True,NOERROR,3,15,0,0,False,True,0,133199,HK,False,GoDaddy.com,4,365,True,,False,False,,benign,no_adverse_signal
combatheatingandairllc.com,2026-07-20,26,3.641249800455479,0.0,0,0.5714285714285714,-6.595085365853659,low,0.4242,4,0.6363636363636364,True,NOERROR,1,3600,1,3,True,False,0,396982,NL,True,Hosting Concepts B.V. d/b/a Registrar.eu,2,365,True,,False,False,False,benign,no_adverse_signal
4hpdfga.sbs,2026-07-20,11,2.807354922057604,0.09090909090909091,0,0.2,-9.684990909090908,low,0.4286,5,1.0,False,NOERROR,0,,0,2,False,False,0,,,,"Spaceship, Inc.",3,365,False,,,False,,benign,no_adverse_signal
c4lover.com,2026-07-20,11,2.807354922057604,0.09090909090909091,0,0.5,-8.645545454545454,low,0.5714,1,1.0,False,NOERROR,0,,0,2,False,False,0,,,,"Cloudflare, Inc.",3,365,True,,,False,,benign,no_adverse_signal
winvn15.pro,2026-07-20,11,2.5216406363433186,0.18181818181818182,0,0.25,-9.357127272727272,low,0.4286,3,0.8571428571428571,True,NOERROR,2,300,0,2,False,False,2,13335,US,False,,,,,,False,False,,benign,no_adverse_signal
collettagency.com,2026-07-20,17,3.0850551027564768,0.0,0,0.4444444444444444,-6.57741304347826,low,0.4828,3,0.6923076923076923,True,NOERROR,2,14400,1,4,True,False,0,2635,US,False,Squarespace Domains II LLC,4,365,True,,False,False,False,benign,no_adverse_signal
finanzentrum.de,2026-07-20,15,3.188721875540867,0.0,0,0.5,-6.677176190476191,low,0.5217,3,0.8333333333333334,True,NOERROR,2,60,0,2,False,False,2,47583,LT,True,,,,False,,False,False,,benign,no_adverse_signal
jlusma.com,2026-07-20,10,2.584962500721156,0.0,0,0.5,-7.852344444444444,low,0.4706,2,1.0,False,NOERROR,0,,0,4,False,False,0,,,,"Amazon Registrar, Inc.",4,365,True,,,False,,benign,no_adverse_signal
opeterson.com,2026-07-20,13,2.725480556997868,0.0,0,0.8,-6.121153333333334,low,0.625,2,0.7777777777777778,False,NOERROR,0,,1,2,True,False,0,,,,Infomaniak Network SA,4,365,True,,,False,False,benign,no_adverse_signal
onnizlek.life,2026-07-20,13,2.75,0.0,0,0.6,-7.653184615384616,low,0.5455,2,0.875,True,NOERROR,1,300,5,2,True,False,1,,US,False,,,,False,,False,False,False,benign,no_adverse_signal
adventureloomhtx.com,2026-07-20,20,3.625,0.0,0,0.6,-7.304086206896551,low,0.4615,4,0.8125,True,NOERROR,1,600,1,2,True,False,0,398101,US,True,"GoDaddy.com, LLC",3,731,False,,False,False,False,benign,no_adverse_signal
h811.xyz,2026-07-20,8,1.5,0.375,0,0.0,-11.29946,high,0.2857,1,0.75,True,NOERROR,1,300,0,2,False,False,0,206834,DE,False,Dynadot Inc,4,365,False,,False,False,,benign,no_adverse_signal
y29t66.com,2026-07-20,10,2.2516291673878226,0.4,0,0.0,-11.745655555555555,low,0.3636,1,0.8333333333333334,True,NOERROR,2,300,0,2,False,False,2,13335,US,False,DropCatch.com 1123 LLC,3,365,False,,False,False,,benign,no_adverse_signal
xudad.life,2026-07-20,10,1.9219280948873623,0.0,0,0.6666666666666666,-8.430514285714287,low,0.5,1,0.8,True,NOERROR,1,1800,5,2,True,False,0,22612,US,False,,,,False,,False,False,False,benign,no_adverse_signal
banca281.online,2026-07-20,15,2.75,0.2,0,0.6666666666666666,-8.359169230769231,medium,0.5333,2,0.875,True,NOERROR,2,300,0,2,False,False,2,13335,US,False,"Chengdu West Dimension Digital Technology Co., Ltd.",3,365,False,,False,False,,benign,no_adverse_signal
z68hv.top,2026-07-20,9,2.321928094887362,0.2222222222222222,0,0.0,-12.255728571428572,high,0.3636,2,1.0,True,NOERROR,3,15,0,0,False,True,0,54801,SC,False,GoDaddy.com,4,365,True,,False,False,,benign,no_adverse_signal
gorzenai.com,2026-07-20,12,3.0,0.0,0,1.0,-7.340192307692307,low,0.7143,2,1.0,True,NOERROR,1,60,0,4,False,False,0,400940,US,False,"Name.com, Inc.",4,365,True,,False,False,,benign,no_adverse_signal
abardinthehand.com,2026-07-20,18,3.039148671903071,0.0,0,0.5555555555555556,-6.495,low,0.48,3,0.6428571428571429,True,NOERROR,2,3600,0,2,False,False,0,16509,US,True,"GoDaddy.com, LLC",2,1096,False,,False,False,,benign,no_adverse_signal
hydro-china.com,2026-07-20,15,3.2776134368191165,0.0,1,0.42857142857142855,-7.370363157894737,low,0.6667,4,0.9090909090909091,False,NOERROR,0,,0,2,False,False,0,,,,Gname 022 Inc,3,365,False,,,False,,benign,no_adverse_signal
leveredlive.com,2026-07-20,15,2.3685225277282065,0.0,0,0.8333333333333334,-6.486363157894736,low,0.5333,2,0.5454545454545454,True,NOERROR,4,14400,0,4,True,False,0,53831,US,False,Squarespace Domains LLC,3,365,True,,False,False,,benign,no_adverse_signal
re-specelixir.com,2026-07-20,17,3.0269868333592873,0.0,1,0.7142857142857143,-7.256752173913044,low,0.5455,2,0.6923076923076923,True,NOERROR,4,14400,0,4,True,False,0,53831,US,False,Squarespace Domains LLC,4,365,True,,False,False,,benign,no_adverse_signal
puntoamicozogno.com,2026-07-20,19,3.2402239289418517,0.0,0,0.875,-7.532025925925926,low,0.4762,2,0.7333333333333333,True,NOERROR,1,1800,5,2,True,False,0,22612,US,False,NAMECHEAP INC,2,365,True,,False,False,False,benign,no_adverse_signal
wellshowe.com,2026-07-20,13,2.5032583347756456,0.0,0,0.5,-6.892586666666667,low,0.5,4,0.6666666666666666,True,NOERROR,2,1800,0,2,False,False,0,16509,US,False,"Name.com, Inc.",4,365,True,,False,False,,benign,no_adverse_signal
freybytes.de,2026-07-20,12,2.725480556997868,0.0,0,0.2857142857142857,-7.4645,low,0.6667,4,0.7777777777777778,True,NOERROR,1,3600,0,5,False,False,0,197540,AT,True,,,,False,,False,False,,benign,no_adverse_signal
rukumat.com,2026-07-20,11,2.5216406363433186,0.0,0,0.75,-7.490345454545454,low,0.5455,1,0.8571428571428571,True,NOERROR,2,300,0,2,False,False,2,13335,US,False,Dynadot Inc,4,365,False,,False,False,,benign,no_adverse_signal
lisahallbrink.se,2026-07-20,16,3.0269868333592873,0.0,0,0.4444444444444444,-6.894639130434784,low,0.5714,4,0.6923076923076923,True,NOERROR,2,3600,0,2,False,False,0,39570,SE,False,Loopia AB,3,365,False,,False,False,,benign,no_adverse_signal
internationalhrforum.shop,2026-07-20,25,3.446439344671015,0.0,0,0.6666666666666666,-6.705521621621622,low,0.4375,4,0.6,False,NOERROR,0,,0,2,False,False,0,,,,,,,False,,,False,,benign,no_adverse_signal
avi8now.com,2026-07-20,11,2.807354922057604,0.09090909090909091,0,1.0,-9.580036363636363,low,0.5714,1,1.0,True,NOERROR,1,1800,2,2,True,False,0,16509,US,False,"Spaceship, Inc.",4,365,False,,False,False,False,benign,no_adverse_signal
rerunnable.com,2026-07-20,14,2.721928094887362,0.0,0,0.6666666666666666,-6.932364705882353,low,0.5,2,0.7,True,NOERROR,1,1800,5,2,True,False,0,22612,US,False,NAMECHEAP INC,4,365,True,,False,False,False,benign,no_adverse_signal
stocpulse.com,2026-07-20,13,2.94770277922009,0.0,0,0.5,-7.422300000000001,low,0.5333,2,0.8888888888888888,True,NOERROR,2,3600,0,2,False,False,0,16509,US,True,"GoDaddy.com, LLC",3,365,False,,False,False,,benign,no_adverse_signal
netbiti.com,2026-07-20,11,2.2359263506290326,0.0,0,0.75,-6.6036363636363635,low,0.6154,2,0.7142857142857143,True,NOERROR,2,8,0,4,False,False,0,,US,False,Porkbun LLC,381,730,False,,False,False,,benign,no_adverse_signal
i345.xyz,2026-07-20,8,2.0,0.375,0,1.0,-10.55172,high,0.4615,0,1.0,True,NOERROR,2,300,0,2,False,False,2,13335,US,False,Dynadot Inc,3,365,False,,False,False,,benign,no_adverse_signal
bingaproduction.com,2026-07-20,19,3.5068905956085183,0.0,0,0.6666666666666666,-6.571740740740741,low,0.5517,2,0.8,True,NOERROR,1,300,0,2,True,False,0,22612,US,True,"Spaceship, Inc.",4,365,False,,False,False,,benign,no_adverse_signal
ihs-techs.com,2026-07-20,13,2.725480556997868,0.0,1,0.3333333333333333,-7.620966666666666,low,0.5333,3,0.7777777777777778,True,NOERROR,1,3600,2,2,True,False,0,34619,TR,True,Nics Telekomunikasyon A.S.,4,365,True,,False,False,False,benign,no_adverse_signal
grike-v88sports.com.cn,2026-07-20,22,3.506890595608519,0.09090909090909091,1,0.3333333333333333,-8.137125925925927,low,0.4348,3,0.8,True,NOERROR,1,600,0,2,False,False,0,58658,US,False,北京新网数码信息技术有限公司,9,365,False,,False,False,,benign,no_adverse_signal
weqnb.com,2026-07-20,9,2.321928094887362,0.0,0,0.25,-10.632842857142858,low,0.6,3,1.0,True,NOERROR,2,300,0,2,False,False,2,13335,US,False,"HOSTINGER operations, UAB",4,365,False,,False,False,,benign,no_adverse_signal
dirty2clean.in,2026-07-20,14,3.459431618637298,0.07142857142857142,0,0.42857142857142855,-7.91618947368421,low,0.4706,3,1.0,True,NOERROR,2,300,0,2,False,False,2,13335,US,False,Endurance International Group India Private Limited,3,365,False,,False,False,,benign,no_adverse_signal
clinicallawnetwork.com,2026-07-20,22,3.350209029099897,0.0,0,0.5,-6.523736363636363,low,0.5882,2,0.6111111111111112,True,NOERROR,2,10800,2,2,True,False,2,14618,US,True,DropCatch.com 905 LLC,363,365,True,,False,False,False,benign,no_adverse_signal
nixarix.com,2026-07-20,11,2.2359263506290326,0.0,0,0.75,-7.392636363636364,low,0.5,1,0.7142857142857143,False,NOERROR,0,,3,2,True,False,0,,,,"Cloudflare, Inc.",3,365,True,,,False,False,benign,no_adverse_signal
alnooralmuben.com,2026-07-20,17,3.0850551027564768,0.0,0,0.8571428571428571,-7.27774347826087,low,0.5455,2,0.6923076923076923,True,NOERROR,2,60,2,2,True,False,2,47583,CY,False,"HOSTINGER operations, UAB",3,365,False,,False,False,False,benign,no_adverse_signal
tablisaas.com,2026-07-20,13,2.4193819456463714,0.0,0,0.8,-6.80304,low,0.625,2,0.6666666666666666,True,NOERROR,2,300,0,2,False,False,2,13335,US,False,"Cloudflare, Inc.",3,365,True,,False,False,,benign,no_adverse_signal
bellewhisper.com,2026-07-20,16,3.0220552088742,0.0,0,0.5,-6.903928571428571,low,0.4444,2,0.75,True,NOERROR,2,600,0,2,False,False,0,16509,US,True,"GoDaddy.com, LLC",2,365,False,,False,False,,benign,no_adverse_signal
builderschoicekitchencabinetsandbath.org,2026-07-20,40,3.731746181697386,0.0,0,0.5652173913043478,-6.784294202898551,low,0.3673,4,0.4166666666666667,True,NOERROR,1,1799,2,2,True,False,0,13335,US,False,NAMECHEAP INC,2,365,True,,False,False,False,benign,no_adverse_signal
100pannel.in,2026-07-20,12,2.725480556997868,0.25,0,0.5,-7.707040000000001,low,0.6667,2,0.7777777777777778,True,NOERROR,2,60,0,2,False,False,2,47583,CY,False,"HOSTINGER operations, UAB",3,365,False,,False,False,,benign,no_adverse_signal
juridocs-ros0392.org,2026-07-20,20,3.625,0.2,1,0.5714285714285714,-8.46933448275862,low,0.4,2,0.8125,True,NOERROR,1,86400,0,2,False,False,0,16509,US,True,"TUCOWS.COM, CO.",371,730,True,,False,False,,benign,no_adverse_signal
promobanki.site,2026-07-20,15,3.121928094887362,0.0,0,0.6666666666666666,-6.497199999999999,medium,0.5556,2,0.9,False,NXDOMAIN,0,,0,0,False,False,0,,,,Registrar of Domain Names REG.RU LLC,3,365,False,,,True,,malicious,spamhaus_dbl
dentistaph.com,2026-07-20,14,3.121928094887362,0.0,0,0.42857142857142855,-6.153147058823529,low,0.5714,2,0.9,True,NOERROR,2,1800,0,2,False,False,0,16509,US,False,"Name.com, Inc.",3,365,True,,False,False,,benign,no_adverse_signal
africanenergysustainability.com,2026-07-20,31,3.615817594675933,0.0,0,0.6875,-6.673956862745098,low,0.4186,4,0.5185185185185185,True,NOERROR,2,600,0,2,False,False,0,16509,US,True,"GoDaddy.com, LLC",3,365,False,,False,False,,benign,no_adverse_signal
saleemtextile.industries,2026-07-20,24,2.7773627950641693,0.0,0,0.8571428571428571,-7.149365217391304,low,0.5714,2,0.6153846153846154,True,NOERROR,1,14400,0,2,False,False,0,397273,US,False,,,,,,False,False,,benign,no_adverse_signal
gycox.asia,2026-07-20,10,2.321928094887362,0.0,0,0.25,-8.387514285714285,low,0.5,3,1.0,False,NOERROR,0,,0,2,False,False,0,,,,Alibaba Cloud Computing Ltd. d/b/a HiChina (www.net.cn),3,365,True,,,False,,benign,no_adverse_signal
eqfuqte.life,2026-07-20,12,2.2359263506290326,0.0,0,0.75,-10.7034,low,0.5714,2,0.7142857142857143,True,NOERROR,1,300,5,2,True,False,1,,US,False,,,,False,,False,False,False,benign,no_adverse_signal
brl821.com,2026-07-20,10,2.584962500721156,0.3,0,0.0,-10.3879,low,0.4,3,1.0,True,NOERROR,2,300,0,2,False,False,2,13335,US,False,Dominet (HK) Limited,3,365,False,,False,False,,benign,no_adverse_signal
shamaiminc.com,2026-07-20,14,2.721928094887362,0.0,0,0.6666666666666666,-6.468505882352941,low,0.5333,2,0.7,True,NOERROR,1,3600,0,2,False,False,0,16509,US,False,"GoDaddy.com, LLC",3,365,False,,False,False,,benign,no_adverse_signal
savinoonline.com,2026-07-20,16,2.8553885422075336,0.0,0,1.0,-6.238414285714286,low,0.6957,2,0.6666666666666666,False,NOERROR,0,,3,2,True,False,0,,,,IONOS SE,2,365,True,,,False,False,benign,no_adverse_signal
ometodogap.com.br,2026-07-20,17,2.8464393446710154,0.0,0,1.0,-6.734729411764706,low,0.5333,1,0.8,True,NOERROR,1,3600,1,2,True,False,0,16509,US,True,,10,365,False,,False,False,False,benign,no_adverse_signal
rueyee.com,2026-07-20,10,1.7924812503605778,0.0,0,2.0,-8.246633333333333,low,0.6,1,0.6666666666666666,False,NOERROR,0,,0,2,False,False,0,,,,TuringSign Inc. d/b/a Cosmotown,4,365,False,,,False,,benign,no_adverse_signal
importtoken.com,2026-07-20,15,3.095795255000934,0.0,0,0.5714285714285714,-6.704336842105263,low,0.5455,3,0.8181818181818182,True,NOERROR,1,3600,0,2,False,False,0,14618,US,True,DropCatch.com 1108 LLC,3,365,True,,False,False,,benign,no_adverse_signal
udangsehat.com,2026-07-20,14,3.121928094887362,0.0,0,0.6666666666666666,-7.016576470588236,low,0.5,3,0.9,True,NOERROR,2,300,0,2,False,False,2,13335,US,False,"GoDaddy.com, LLC",3,365,False,,False,False,,benign,no_adverse_signal
komatt.com,2026-07-20,10,2.2516291673878226,0.0,0,0.5,-6.511122222222222,low,0.6154,2,0.8333333333333334,True,NOERROR,1,1800,2,2,True,False,0,22612,US,False,NAMECHEAP INC,4,365,True,,False,False,False,benign,no_adverse_signal
heycommercialcleanyellow.com,2026-07-20,28,3.386842188131012,0.0,0,0.6,-7.017391111111111,low,0.4516,3,0.5,False,NOERROR,0,,0,2,False,False,0,,,,Porkbun LLC,3,365,False,,,False,,benign,no_adverse_signal
automacontability.shop,2026-07-20,22,3.292770193936991,0.0,0,0.8888888888888888,-6.385103225806452,low,0.5333,2,0.6470588235294118,True,NOERROR,2,300,5,2,True,False,2,13335,US,False,,,,False,,False,False,False,benign,no_adverse_signal
tuconciertoperu.com,2026-07-20,19,3.106890595608519,0.0,0,0.875,-6.700755555555555,low,0.5,2,0.6,True,NOERROR,1,1799,5,2,True,False,0,22612,US,False,"NameCheap, Inc.",3,365,False,,False,False,False,benign,no_adverse_signal
blur.page,2026-07-20,9,2.0,0.0,0,0.3333333333333333,-7.20308,low,0.6,2,1.0,True,NOERROR,1,14400,1,2,True,False,0,16276,CA,True,,,,False,,False,False,False,benign,no_adverse_signal
shivammultispecialtyhospital.com,2026-07-20,32,3.628085278891394,0.0,0,0.5555555555555556,-7.039750943396227,low,0.3889,4,0.5,True,NOERROR,1,50,0,2,False,False,0,47583,CY,False,"HOSTINGER operations, UAB",3,365,False,,False,False,,benign,no_adverse_signal
0k365.best,2026-07-20,10,2.321928094887362,0.4,0,0.0,-10.320642857142857,low,0.5,1,1.0,True,NOERROR,2,300,0,2,False,False,2,13335,US,False,Dynadot Inc,3,365,True,,False,False,,benign,no_adverse_signal
threegeneratequickfinancestrategy.help,2026-07-20,38,3.5923896659980405,0.0,0,0.65,-6.75117619047619,low,0.4,3,0.45454545454545453,True,NOERROR,2,9,0,4,False,False,0,,US,False,Porkbun LLC,382,730,False,,False,False,,benign,no_adverse_signal
recomendathon.com,2026-07-20,17,3.238901256602631,0.0,0,0.625,-6.134839130434783,low,0.5217,2,0.7692307692307693,True,NOERROR,2,120,0,4,False,False,0,16509,DE,True,"Name.com, Inc.",4,365,True,,False,False,,benign,no_adverse_signal
velorsend.com,2026-07-20,13,2.94770277922009,0.0,0,0.5,-6.32064,low,0.5,2,0.8888888888888888,True,NOERROR,2,600,0,2,False,False,0,16509,US,True,"GoDaddy.com, LLC",3,365,False,,False,False,,benign,no_adverse_signal
joaoshopcom.com,2026-07-20,15,2.7321588913645707,0.0,0,0.8333333333333334,-7.501757894736842,low,0.5,2,0.7272727272727273,True,NOERROR,3,3600,0,2,False,False,0,58182,US,True,Wix.com Ltd.,3,365,False,,False,False,,benign,no_adverse_signal
eldrholdings.com,2026-07-20,16,3.2516291673878226,0.0,0,0.3333333333333333,-7.143942857142856,low,0.6,4,0.8333333333333334,True,NOERROR,2,3600,1,2,True,False,0,16509,US,True,"GoDaddy.com, LLC",4,1096,False,,False,False,False,benign,no_adverse_signal
aic3.me,2026-07-20,7,2.0,0.14285714285714285,0,2.0,-8.43404,low,0.6,1,1.0,True,NOERROR,1,600,0,2,False,False,0,45102,HK,False,Alibaba Cloud Computing Ltd. d/b/a HiChina (www.net.cn),4,365,True,,False,False,,benign,no_adverse_signal
18yuan.cc,2026-07-20,9,2.584962500721156,0.2222222222222222,0,1.0,-9.612,low,0.5,1,1.0,True,NOERROR,1,1,0,2,False,True,0,40065,US,False,"NameSilo, LLC",3,365,True,,False,False,,benign,no_adverse_signal
showmehow.me,2026-07-20,12,2.5032583347756456,0.0,0,0.5,-7.559333333333333,low,0.4286,2,0.6666666666666666,True,NOERROR,2,600,0,2,False,False,0,16509,US,True,"GoDaddy.com, LLC",15,365,True,,False,False,,benign,no_adverse_signal
tekneda.cloud,2026-07-20,13,2.5216406363433186,0.0,0,0.75,-7.299390909090909,low,0.5714,2,0.8571428571428571,True,NOERROR,1,86400,0,2,False,False,0,16509,US,True,"TUCOWS.COM, CO.",1103,1461,True,,False,False,,benign,no_adverse_signal
certifiedorganiccooking.com,2026-07-20,27,3.414441303694973,0.0,0,0.7692307692307693,-6.730123255813954,low,0.4737,2,0.5217391304347826,True,NOERROR,1,86400,0,2,False,False,0,16509,US,True,"TUCOWS.COM, CO.",5851,6209,True,,False,False,,benign,no_adverse_signal
hircancheck.shop,2026-07-20,16,2.845350936622437,0.0,0,0.375,-6.7055842105263155,low,0.5556,3,0.7272727272727273,False,timeout,0,,0,0,False,False,0,,,,,,,False,,,False,,benign,no_adverse_signal
monicasantosstudio.com,2026-07-20,22,3.1971597234241487,0.0,0,0.8,-6.402718181818182,low,0.5333,3,0.5555555555555556,True,NOERROR,4,14400,0,4,True,False,0,53831,US,False,Squarespace Domains LLC,2,365,True,,False,False,,benign,no_adverse_signal
bigplayme.com,2026-07-20,13,3.169925001442312,0.0,0,0.5,-7.37102,low,0.5556,3,1.0,True,NOERROR,2,3600,2,2,True,False,0,16509,US,True,"GoDaddy.com, LLC",2,365,False,,False,False,False,benign,no_adverse_signal
goqlo.com,2026-07-20,9,1.9219280948873623,0.0,0,0.6666666666666666,-9.987257142857143,low,0.75,2,0.8,True,NOERROR,1,3600,0,2,False,False,1,13335,CA,True,"Cloudflare, Inc.",4,365,True,,False,False,,benign,no_adverse_signal
walterldavis.com,2026-07-20,16,3.2516291673878226,0.0,0,0.5,-6.688671428571428,low,0.5263,3,0.8333333333333334,True,NOERROR,1,86400,1,2,True,False,0,8560,US,True,"Network Solutions, LLC",2,365,True,,False,False,False,benign,no_adverse_signal
clubargentino.org,2026-07-20,17,3.546593564294939,0.0,0,0.625,-6.474917391304348,low,0.5217,2,0.9230769230769231,True,NOERROR,1,86400,3,2,True,False,0,15169,US,True,"GoDaddy.com, LLC",3,365,False,,False,False,False,benign,no_adverse_signal
tonalume.com,2026-07-20,12,3.0,0.0,0,1.0,-6.50196923076923,low,0.6667,1,1.0,True,NOERROR,2,300,0,2,True,False,2,13335,US,False,"OVH, SAS",3,365,True,,False,False,,benign,no_adverse_signal
cau08.casino,2026-07-20,12,2.321928094887362,0.16666666666666666,0,2.0,-10.246285714285715,low,0.5455,1,1.0,True,NOERROR,1,300,0,2,False,False,0,57724,RU,True,,,,,,False,False,,benign,no_adverse_signal
wearatcapacity.com,2026-07-20,18,2.950212064914747,0.0,0,0.75,-6.529012,low,0.5333,2,0.6428571428571429,True,NOERROR,1,86400,0,4,False,False,1,13335,CA,True,"TUCOWS.COM, CO.",3,365,True,,False,False,,benign,no_adverse_signal
sparklebrite.store,2026-07-20,18,3.2516291673878226,0.0,0,0.5,-6.741485714285714,low,0.56,3,0.8333333333333334,True,NOERROR,1,86400,0,4,False,False,1,13335,CA,True,,,,False,,False,False,,benign,no_adverse_signal
hzq9.top,2026-07-20,8,2.0,0.125,0,0.0,-12.22858,high,0.3077,3,1.0,True,NOERROR,3,15,0,0,False,True,0,54801,SC,False,GoDaddy.com,4,365,True,,False,False,,benign,no_adverse_signal
wholesalenearme.com,2026-07-20,19,3.1068905956085184,0.0,0,0.875,-6.538503703703704,low,0.48,2,0.6666666666666666,True,NOERROR,2,10800,0,2,True,False,2,14618,US,True,DropCatch.com 378 LLC,4,365,False,,False,False,,benign,no_adverse_signal
vmzen.com,2026-07-20,9,2.321928094887362,0.0,0,0.25,-9.435442857142858,low,0.6667,3,1.0,True,NOERROR,2,300,3,2,True,False,2,13335,US,False,"Cloudflare, Inc.",4,365,True,,False,False,False,benign,no_adverse_signal
tamrajeanart.com,2026-07-20,16,2.584962500721156,0.0,0,0.7142857142857143,-7.158780952380952,low,0.5455,2,0.5833333333333334,True,NOERROR,1,86400,0,4,False,False,1,13335,CA,True,"TUCOWS.COM, CO.",4,365,True,,False,False,,benign,no_adverse_signal
amanaexpresscourier.com,2026-07-20,23,3.3918926446809317,0.0,0,0.9,-6.5668999999999995,low,0.5517,3,0.631578947368421,False,NOERROR,0,,0,2,False,False,0,,,,Nics Telekomunikasyon A.S.,3,365,True,,,False,,benign,no_adverse_signal
secureprotectvpn.com,2026-07-20,20,3.202819531114783,0.0,0,0.45454545454545453,-6.828834482758621,low,0.5806,5,0.625,True,NOERROR,1,3600,0,3,False,False,1,16276,US,True,Internet Domain Service BS Corp.,3,365,True,,False,False,,benign,no_adverse_signal
6765-73.top,2026-07-20,11,2.2359263506290326,0.5454545454545454,1,0.0,-11.54548181818182,high,0.4,0,0.7142857142857143,False,NOERROR,0,,0,2,False,False,0,,,,"NameSilo, LLC",4,365,True,,,False,,benign,no_adverse_signal
ggfgt.com,2026-07-20,9,1.3709505944546687,0.0,0,0.0,-9.979942857142857,low,0.6,5,0.6,False,NOERROR,0,,0,2,False,False,0,,,,"eName Technology Co.,Ltd.",4,365,False,,,False,,benign,no_adverse_signal
bulgarianwildtruffles.com,2026-07-20,25,3.689703732199547,0.0,0,0.5,-7.513328205128205,low,0.4615,4,0.6666666666666666,False,SERVFAIL,0,,0,0,False,False,0,,,,"eNom, LLC",4,365,False,,,False,,benign,no_adverse_signal
wilpacafarm.com,2026-07-20,15,3.027169118440619,0.0,0,0.5714285714285714,-7.1613105263157895,low,0.4762,2,0.8181818181818182,True,NOERROR,2,30,0,2,True,False,2,14618,US,True,DropCatch.com 891 LLC,3,365,False,,False,False,,benign,no_adverse_signal
try-architect.com,2026-07-20,17,3.0269868333592873,0.0,1,0.3333333333333333,-6.907773913043479,low,0.6,3,0.6923076923076923,False,NOERROR,0,,1,2,True,False,0,,,,"Cloudflare, Inc.",4,365,True,,,False,False,benign,no_adverse_signal
thatetrickit.wiki,2026-07-20,17,2.751629167387823,0.0,0,0.5,-6.4294714285714285,low,0.6,2,0.6666666666666666,False,NOERROR,0,,0,2,False,False,0,,,,"Spaceship, Inc.",3,365,True,,,False,,benign,no_adverse_signal
workingschedule.info,2026-07-20,20,3.773557262275185,0.0,0,0.5,-6.788025925925926,medium,0.4762,5,0.9333333333333333,True,NOERROR,2,300,0,2,True,False,2,13335,US,False,,,,,,False,False,,benign,no_adverse_signal
whiterabbittradingqatar.com,2026-07-20,27,3.327484781955842,0.0,0,0.5333333333333333,-7.002709302325581,low,0.4118,3,0.5217391304347826,True,NOERROR,1,3600,1,4,True,False,1,48254,GB,True,"Spaceship, Inc.",4,365,False,,False,False,False,benign,no_adverse_signal
veersquarethane.com,2026-07-20,19,3.1068905956085184,0.0,0,0.875,-6.854692592592592,low,0.4615,3,0.6666666666666666,False,SERVFAIL,0,,0,0,False,False,0,,,,BigRock Solutions Ltd,3,365,False,,,False,,benign,no_adverse_signal
algoreve.ca,2026-07-20,11,2.75,0.0,0,1.0,-6.8647230769230765,low,0.5556,2,0.875,True,NOERROR,4,14400,0,4,True,False,0,53831,US,False,Squarespace Domains Canada Inc.,4,365,True,,False,False,,benign,no_adverse_signal
reneehair.shop,2026-07-20,14,2.4193819456463714,0.0,0,1.25,-6.82718,low,0.5333,1,0.6666666666666666,True,NOERROR,1,86400,0,4,False,False,1,13335,CA,True,,,,False,,False,False,,benign,no_adverse_signal
ganch-meiyasports.com.cn,2026-07-20,24,3.8521687236032816,0.0,1,0.45454545454545453,-7.202851612903226,low,0.56,3,0.8823529411764706,True,NOERROR,1,600,0,2,False,False,0,58658,US,False,北京新网数码信息技术有限公司,9,365,False,,False,False,,benign,no_adverse_signal
cedarplainpartners.site,2026-07-20,23,3.30827083453526,0.0,0,0.5,-6.67049393939394,medium,0.5185,3,0.6111111111111112,False,NXDOMAIN,0,,0,0,False,False,0,,,,,,,False,,,False,,benign,no_adverse_signal
getmobiah.com,2026-07-20,13,3.169925001442312,0.0,0,0.8,-7.13202,low,0.5882,2,1.0,True,NOERROR,1,300,0,2,False,False,0,24940,DE,True,Global Domain Group LLC,3,365,False,,False,False,,benign,no_adverse_signal
ivitasanadk.site,2026-07-20,16,2.845350936622437,0.0,0,0.8333333333333334,-6.789489473684211,medium,0.5,2,0.7272727272727273,True,NOERROR,2,60,0,2,False,False,2,47583,NL,False,"HOSTINGER operations, UAB",258,365,False,,False,False,,benign,no_adverse_signal
paysdeurope.help,2026-07-20,16,3.0957952550009344,0.0,0,0.8333333333333334,-7.121657894736842,low,0.5882,3,0.8181818181818182,True,NOERROR,1,60,0,2,False,False,0,61053,LT,False,"Spaceship, Inc.",2,365,False,,False,False,,benign,no_adverse_signal
mai-network.online,2026-07-20,18,3.459431618637298,0.0,1,0.6666666666666666,-6.893636842105263,medium,0.6667,2,1.0,True,NOERROR,5,600,0,2,False,False,5,63949,DE,True,"GMO Internet, Inc.",3,365,True,,False,False,,benign,no_adverse_signal
repairbuysell.com,2026-07-20,17,3.238901256602631,0.0,0,0.625,-7.202486956521739,low,0.4444,2,0.7692307692307693,True,NOERROR,1,7200,1,2,True,False,0,16276,SG,True,TuringSign Inc. d/b/a Cosmotown,757,1095,False,,False,False,False,benign,no_adverse_signal
mayagonzalezphoto.com,2026-07-20,21,3.41041725276052,0.0,0,0.7,-7.735838709677419,low,0.5,3,0.7058823529411765,True,NOERROR,2,600,0,2,False,False,0,13335,US,False,"GoDaddy.com, LLC",4,731,False,,False,False,,benign,no_adverse_signal
primebrandinghub.fr,2026-07-20,19,3.5,0.0,0,0.45454545454545453,-6.559420689655172,low,0.4828,3,0.75,True,NOERROR,2,300,0,2,False,False,2,13335,US,False,Dynadot Inc,2,364,True,,False,False,,benign,no_adverse_signal
fwzdl.ch,2026-07-20,8,2.321928094887362,0.0,0,0.0,-10.955385714285715,low,0.4444,5,1.0,True,NOERROR,1,1,0,2,False,True,0,209242,US,False,,,,False,,False,True,,malicious,spamhaus_dbl
marys-duftwelt.de,2026-07-20,17,3.6644977792004623,0.0,1,0.3,-7.91418,low,0.4444,3,0.9285714285714286,True,NOERROR,1,3600,2,4,True,False,1,8560,DE,True,,,,False,,False,False,False,benign,no_adverse_signal
947-54.top,2026-07-20,10,2.2516291673878226,0.5,1,0.0,-11.494511111111112,high,0.2,0,0.8333333333333334,False,NOERROR,0,,0,2,False,False,0,,,,"NameSilo, LLC",4,365,True,,,False,,benign,no_adverse_signal
migrate-moonbeam.live,2026-07-20,21,3.327819531114783,0.0,1,0.875,-7.0056206896551725,low,0.5,2,0.6875,True,NOERROR,2,300,0,2,False,False,2,13335,US,False,,,,False,,False,True,,malicious,spamhaus_dbl
st779max.com,2026-07-20,12,2.75,0.25,0,0.25,-9.864953846153846,low,0.4286,2,0.875,True,NOERROR,2,300,0,2,False,False,2,13335,US,False,Dominet (HK) Limited,3,365,False,,False,False,,benign,no_adverse_signal
gewinde-info.org,2026-07-20,16,3.0849625007211556,0.0,1,0.8333333333333334,-6.937447619047619,low,0.5263,2,0.75,False,NOERROR,0,,4,2,True,False,0,,,,"Cloudflare, Inc.",3,365,False,,,False,False,benign,no_adverse_signal
zhangweitc.com,2026-07-20,14,3.321928094887362,0.0,0,0.42857142857142855,-7.402241176470588,low,0.625,3,1.0,True,NOERROR,2,300,0,2,False,False,2,13335,US,False,Dominet (HK) Limited,4,365,False,,False,False,,benign,no_adverse_signal
restauranteelite.com,2026-07-20,20,2.952819531114783,0.0,0,1.0,-6.125731034482758,low,0.5714,2,0.5625,True,NOERROR,2,300,0,2,False,False,2,13335,US,False,"Gransy, s.r.o.",3,365,False,,False,False,,benign,no_adverse_signal
xph47.top,2026-07-20,9,2.321928094887362,0.2222222222222222,0,0.0,-10.661657142857143,high,0.5,3,1.0,True,NOERROR,3,15,0,0,False,True,0,54801,SC,False,GoDaddy.com,4,365,True,,False,False,,benign,no_adverse_signal
safetystealthlearning.info,2026-07-20,26,3.427333493898264,0.0,0,0.5,-6.747546153846153,medium,0.4828,4,0.5714285714285714,True,NOERROR,1,300,1,4,False,False,0,31034,IT,True,,,,,,False,False,False,benign,no_adverse_signal
myparms.com,2026-07-20,11,2.5216406363433186,0.0,0,0.16666666666666666,-7.168618181818181,low,0.5333,3,0.8571428571428571,True,NOERROR,2,60,0,2,False,False,2,47583,LT,True,"HOSTINGER operations, UAB",3,365,False,,False,False,,benign,no_adverse_signal
r45a3-ul645-vmhbqe.xyz,2026-07-20,22,3.8365916681089787,0.2727272727272727,2,0.42857142857142855,-11.910866666666667,high,0.3478,5,0.8333333333333334,True,NOERROR,2,600,0,2,False,False,0,16509,US,True,"GoDaddy.com, LLC",3,365,False,,False,False,,benign,no_adverse_signal
zenoxia.fr,2026-07-20,10,2.807354922057604,0.0,0,1.3333333333333333,-7.4115090909090915,low,0.5455,1,1.0,True,NOERROR,1,3600,3,2,True,False,0,16276,FR,True,OVH,2,1095,False,,False,False,False,benign,no_adverse_signal
joyrumson.com,2026-07-20,13,2.94770277922009,0.0,0,0.5,-7.86952,low,0.5714,2,0.8888888888888888,True,NOERROR,2,3600,2,2,True,False,0,16509,US,True,"GoDaddy.com, LLC",3,365,False,,False,False,False,benign,no_adverse_signal
our1vision.com,2026-07-20,14,2.9219280948873623,0.07142857142857142,0,1.25,-8.093829411764705,low,0.5,1,0.8,True,NOERROR,2,120,2,2,False,False,0,14618,US,True,"TUCOWS.COM, CO.",4,365,True,,False,False,False,benign,no_adverse_signal
pintgarden.co.kr,2026-07-20,16,3.121928094887362,0.0,0,0.42857142857142855,-6.585682352941176,low,0.6316,3,0.9,True,NOERROR,4,1800,0,4,False,False,0,4766,KR,False,"Gabia, Inc.(http://www.gabia.co.kr)",4,365,False,,False,False,,benign,no_adverse_signal
sv2v5.cyou,2026-07-20,10,1.9219280948873623,0.2,0,0.0,-12.237214285714286,low,0.5,2,0.8,True,NOERROR,9,3600,1,2,False,False,0,60592,CZ,False,"Gransy, s.r.o.",3,365,False,,True,False,False,malicious,spamhaus_zen
37dzh.top,2026-07-20,9,2.321928094887362,0.2222222222222222,0,0.0,-11.949685714285716,high,0.4444,3,1.0,True,NOERROR,3,15,0,0,False,True,0,54801,SC,False,GoDaddy.com,4,365,True,,False,False,,benign,no_adverse_signal
magangbps.my.id,2026-07-20,15,2.725480556997868,0.0,0,0.2857142857142857,-7.680313333333333,low,0.5882,5,0.7777777777777778,True,NOERROR,2,60,2,2,True,False,2,47583,LT,False,,,,False,,False,False,False,benign,no_adverse_signal
lifeology.day,2026-07-20,13,2.725480556997868,0.0,0,0.8,-7.249946666666667,low,0.5263,2,0.7777777777777778,True,NOERROR,2,24,0,4,False,False,0,,US,False,,,,,,False,False,,benign,no_adverse_signal
710r.buzz,2026-07-20,9,2.0,0.3333333333333333,0,0.0,-11.66088,high,0.2857,1,1.0,True,NOERROR,2,300,0,2,False,False,2,13335,US,False,"Spaceship, Inc.",3,365,False,,False,False,,benign,no_adverse_signal
xch55.top,2026-07-20,9,1.9219280948873623,0.2222222222222222,0,0.0,-9.56402857142857,high,0.4444,3,0.8,True,NOERROR,3,15,0,0,False,True,0,133199,HK,False,GoDaddy.com,4,365,True,,False,False,,benign,no_adverse_signal
euvva.asia,2026-07-20,10,1.9219280948873623,0.0,0,1.5,-10.121457142857142,low,0.5455,2,0.8,False,NOERROR,0,,0,2,False,False,0,,,,Alibaba Cloud Computing Ltd. d/b/a HiChina (www.net.cn),3,365,True,,,False,,benign,no_adverse_signal
centrallojistabr.online,2026-07-20,23,3.5,0.0,0,0.45454545454545453,-6.613531034482758,medium,0.5,3,0.75,True,NOERROR,1,3600,2,2,True,False,1,28299,BR,True,"ENOM, INC.",4,365,True,,False,False,False,benign,no_adverse_signal
myexports.com,2026-07-20,13,3.169925001442312,0.0,0,0.2857142857142857,-7.025806666666667,low,0.625,3,1.0,True,NOERROR,2,3600,1,2,True,False,0,16509,US,True,"Megazone Corp., dba HOSTING.KR",9883,10227,False,,False,False,,benign,no_adverse_signal
z63uh.top,2026-07-20,9,2.321928094887362,0.2222222222222222,0,0.5,-12.2569,high,0.5,1,1.0,True,NOERROR,3,15,0,0,False,True,0,133199,HK,False,GoDaddy.com,4,365,True,,False,False,,benign,no_adverse_signal
wangzjun.com,2026-07-20,12,2.75,0.0,0,0.3333333333333333,-8.531776923076922,low,0.4615,4,0.875,False,NOERROR,0,,2,2,False,False,0,,,,"Spaceship, Inc.",4,365,False,,,False,True,benign,no_adverse_signal
meowsmooch.com,2026-07-20,14,2.6464393446710153,0.0,0,0.6666666666666666,-7.567611764705881,low,0.4211,3,0.7,True,NOERROR,1,86400,0,2,False,False,0,16509,US,True,"TUCOWS.COM, CO.",372,730,True,,False,False,,benign,no_adverse_signal
dayak77resmi.com,2026-07-20,16,3.2516291673878226,0.125,0,0.6666666666666666,-8.530628571428572,low,0.4444,2,0.8333333333333334,False,SERVFAIL,0,,0,0,False,False,0,,,,"GoDaddy.com, LLC",3,365,False,,,False,,benign,no_adverse_signal
therealyou.dev,2026-07-20,14,3.121928094887362,0.0,0,1.0,-6.375935294117647,low,0.5217,2,0.9,True,NOERROR,2,1800,0,2,False,False,0,16509,US,False,,,,False,,False,False,,benign,no_adverse_signal
socialshot.ai,2026-07-20,13,2.9219280948873623,0.0,0,0.6666666666666666,-6.711541176470588,low,0.5333,3,0.8,True,NOERROR,1,60,0,2,False,False,0,400940,US,False,"Spaceship, Inc.",4,731,True,,False,False,,benign,no_adverse_signal
sosbhrefrigeracao.com.br,2026-07-20,24,3.337175341123077,0.0,0,0.7,-7.649480645161291,low,0.5714,4,0.6470588235294118,True,NOERROR,1,3600,1,2,True,False,0,16509,US,False,,4,365,False,,False,False,,benign,no_adverse_signal
invictuscyberprotect.com,2026-07-20,24,3.546439344671015,0.0,0,0.42857142857142855,-6.9562513513513515,low,0.5161,4,0.65,True,NOERROR,2,300,1,2,True,False,2,13335,US,False,Porkbun LLC,4,365,True,,False,False,False,benign,no_adverse_signal
trendyshelf.shop,2026-07-20,16,3.277613436819116,0.0,0,0.2222222222222222,-6.95897894736842,low,0.5263,5,0.9090909090909091,True,NOERROR,1,1800,0,2,False,False,0,132203,US,False,,,,False,,True,False,,malicious,spamhaus_zen
benqorza.life,2026-07-20,13,3.0,0.0,0,0.6,-8.8781,low,0.6154,2,1.0,True,NOERROR,1,300,5,2,True,False,1,,US,False,,,,False,,False,False,False,benign,no_adverse_signal
star-tenders.com,2026-07-20,16,2.918295834054489,0.0,1,0.375,-6.416314285714286,low,0.6207,2,0.6666666666666666,True,NOERROR,2,3600,0,2,False,False,0,16509,US,True,"GoDaddy.com, LLC",4,731,False,,False,False,,benign,no_adverse_signal
qarzmitranv.com,2026-07-20,15,3.0957952550009344,0.0,0,0.375,-8.044831578947369,low,0.5,3,0.8181818181818182,True,NOERROR,1,1800,5,2,True,False,0,22612,US,False,NAMECHEAP INC,4,365,True,,False,False,False,benign,no_adverse_signal
u2h6b.lol,2026-07-20,9,2.321928094887362,0.2222222222222222,0,0.5,-12.7135,low,0.3636,1,1.0,False,NXDOMAIN,0,,0,0,False,False,0,,,,NAMECHEAP INC,3,365,False,,,False,,benign,no_adverse_signal
2yqp.top,2026-07-20,8,2.0,0.125,0,0.0,-12.62606,high,0.4444,3,1.0,True,NOERROR,3,15,0,0,False,True,0,54801,SC,False,GoDaddy.com,4,365,True,,False,False,,benign,no_adverse_signal
ookatatamaru.shop,2026-07-20,17,2.5849625007211556,0.0,0,1.4,-6.395109523809524,low,0.5385,1,0.5833333333333334,True,NOERROR,1,600,0,2,False,False,0,141159,SC,False,,,,False,,False,False,,benign,no_adverse_signal
nsut.live,2026-07-20,9,2.0,0.0,0,0.3333333333333333,-7.1659999999999995,low,0.75,2,1.0,True,NOERROR,1,1800,5,2,True,False,0,22612,US,False,,,,False,,False,False,False,benign,no_adverse_signal
destaneedesign.com,2026-07-20,18,2.8073549220576046,0.0,0,0.75,-6.299908,low,0.5217,2,0.5714285714285714,False,NOERROR,0,,1,2,True,False,0,,,,"Spaceship, Inc.",3,365,False,,,False,False,benign,no_adverse_signal
ulou7398.space,2026-07-20,14,2.75,0.2857142857142857,0,3.0,-10.12076923076923,low,0.4615,1,0.875,True,NOERROR,1,1800,5,2,True,False,0,22612,US,False,NAMECHEAP INC,3,365,True,,False,False,False,benign,no_adverse_signal
canyonhearth.space,2026-07-20,18,3.084962500721156,0.0,0,0.5,-6.8299047619047615,low,0.5556,3,0.75,True,NOERROR,1,1800,5,2,True,False,0,22612,US,False,NAMECHEAP INC,3,365,True,,False,False,False,benign,no_adverse_signal
wecore.com,2026-07-20,10,2.2516291673878226,0.0,0,1.0,-6.296666666666667,low,0.6154,1,0.8333333333333334,True,NOERROR,2,3600,1,2,True,False,0,16509,US,True,"Megazone Corp., dba HOSTING.KR",6610,6939,False,,False,False,,benign,no_adverse_signal
zrf45.top,2026-07-20,9,2.321928094887362,0.2222222222222222,0,0.0,-10.732514285714286,high,0.5,3,1.0,True,NOERROR,3,15,0,0,False,True,0,54801,SC,False,GoDaddy.com,4,365,True,,False,False,,benign,no_adverse_signal
clicktendencias.store,2026-07-20,21,3.1898980954642875,0.0,0,0.5,-6.552240740740741,low,0.5,3,0.6666666666666666,True,NOERROR,1,86400,0,2,False,False,0,16509,US,True,,,,False,,False,False,,benign,no_adverse_signal
novaforg.shop,2026-07-20,13,2.75,0.0,0,0.6,-7.267807692307692,low,0.5263,2,0.875,True,NOERROR,1,60,0,2,False,False,0,13335,CA,True,,,,False,,False,False,,benign,no_adverse_signal
ceoramadainnseattle.com,2026-07-20,23,3.366091329119192,0.0,0,0.9,-6.735177142857143,low,0.5,3,0.631578947368421,True,NOERROR,3,300,1,2,False,False,1,135905,VN,False,iNET SOFTWARE COMPANY LIMITED,4,365,False,,False,False,False,benign,no_adverse_signal
awcln.asia,2026-07-20,10,2.321928094887362,0.0,0,0.25,-9.166071428571428,low,0.6,4,1.0,False,NOERROR,0,,0,2,False,False,0,,,,Alibaba Cloud Computing Ltd. d/b/a HiChina (www.net.cn),3,365,True,,,False,,benign,no_adverse_signal
elzalindemanshomes.com,2026-07-20,22,3.350209029099897,0.0,0,0.6363636363636364,-6.573069696969697,low,0.5,3,0.6111111111111112,False,NOERROR,0,,1,4,True,False,0,,,,"Spaceship, Inc.",2,365,False,,,False,False,benign,no_adverse_signal
waxtrix.com,2026-07-20,11,2.5216406363433186,0.0,0,0.4,-7.813336363636363,low,0.5714,3,0.8571428571428571,False,NOERROR,0,,3,2,True,False,0,,,,"Amazon Registrar, Inc.",4,365,True,,,False,False,benign,no_adverse_signal
resoluteprogramadvisors.com,2026-07-20,27,3.5883543471732335,0.0,0,0.6428571428571429,-6.676441860465116,low,0.4667,2,0.6086956521739131,True,NOERROR,1,7200,1,2,True,False,0,31898,US,False,"Network Solutions, LLC",3,365,True,,False,False,False,benign,no_adverse_signal
iunaprivatejets.com,2026-07-20,19,3.3735572622751855,0.0,0,0.875,-7.216729629629629,low,0.56,2,0.7333333333333333,True,NOERROR,1,900,1,2,True,False,0,16509,US,True,REGISTER S.P.A.,4,365,True,,False,False,False,benign,no_adverse_signal
alomsemart.com,2026-07-20,14,2.9219280948873623,0.0,0,0.6666666666666666,-6.5279058823529414,low,0.7059,2,0.8,True,NOERROR,2,300,0,2,False,False,0,16509,US,True,"Spaceship, Inc.",3,365,False,,False,False,,benign,no_adverse_signal
p61xqys.garden,2026-07-20,14,2.807354922057604,0.14285714285714285,0,0.0,-12.100390909090908,low,0.4286,4,1.0,True,NOERROR,1,30,0,2,False,False,0,209242,US,False,Dynadot Inc,3,365,True,,True,False,,malicious,spamhaus_zen
acggomarket.shop,2026-07-20,16,3.0957952550009344,0.0,0,0.5714285714285714,-7.243521052631579,low,0.5556,3,0.8181818181818182,True,NOERROR,1,300,0,2,False,False,0,199242,GE,False,,,,False,,False,False,,benign,no_adverse_signal
ayushkant.me,2026-07-20,12,2.94770277922009,0.0,0,0.5,-7.492473333333334,low,0.5333,3,0.8888888888888888,True,NOERROR,4,1800,5,2,True,False,0,54113,US,True,NAMECHEAP INC,4,365,True,,False,False,False,benign,no_adverse_signal
modosuperandome.online,2026-07-20,22,3.189898095464287,0.0,0,0.875,-6.432877777777778,medium,0.5217,2,0.6666666666666666,False,timeout,0,,0,0,False,False,0,,,,Dattatec Corp,4,365,False,,,False,,benign,no_adverse_signal
thelongerrand.com,2026-07-20,17,3.238901256602631,0.0,0,0.4444444444444444,-6.253947826086956,low,0.5833,2,0.7692307692307693,True,NOERROR,2,3600,0,2,False,False,0,16509,US,True,"GoDaddy.com, LLC",3,365,False,,False,False,,benign,no_adverse_signal
resilienttrackcoach.com,2026-07-20,23,3.471354487013929,0.0,0,0.5833333333333334,-6.73982,low,0.4516,4,0.631578947368421,True,NOERROR,2,600,0,2,False,False,0,16509,US,True,"GoDaddy.com, LLC",3,365,False,,False,False,,benign,no_adverse_signal
laza-rumodel001.com,2026-07-20,19,3.5068905956085183,0.15789473684210525,1,0.8333333333333334,-8.100774074074074,low,0.4762,1,0.8,True,NOERROR,1,300,0,2,False,False,0,212171,NL,False,"Cloudflare, Inc.",4,365,True,,False,False,,benign,no_adverse_signal
infinitiofcolumbia.com,2026-07-20,22,3.1916116417513782,0.0,0,1.0,-7.03570303030303,low,0.4286,2,0.6111111111111112,True,NOERROR,2,600,0,2,False,False,0,16509,US,True,"GoDaddy.com, LLC",4,365,False,,False,False,,benign,no_adverse_signal
xjd59.top,2026-07-20,9,2.321928094887362,0.2222222222222222,0,0.0,-11.686814285714286,high,0.3636,3,1.0,True,NOERROR,3,15,0,0,False,True,0,133199,HK,False,GoDaddy.com,3,365,True,,False,False,,benign,no_adverse_signal
enburgart.art,2026-07-20,13,2.94770277922009,0.0,0,0.5,-7.071266666666667,low,0.5333,2,0.8888888888888888,True,NOERROR,1,1800,5,2,True,False,0,22612,US,False,NAMECHEAP INC,3,365,True,,False,False,False,benign,no_adverse_signal
kcmediamix.com,2026-07-20,14,2.9219280948873623,0.0,0,0.6666666666666666,-7.210258823529411,low,0.6667,3,0.8,True,NOERROR,2,300,0,2,False,False,2,13335,US,False,"Spaceship, Inc.",4,365,False,,False,False,,benign,no_adverse_signal
jerukpontianak.com,2026-07-20,18,3.378783493486176,0.0,0,0.75,-7.25704,low,0.5217,2,0.7857142857142857,True,NOERROR,2,300,0,4,False,False,0,13335,US,False,CV. Rumahweb Indonesia,4,365,False,,False,False,,benign,no_adverse_signal
fv8066.club,2026-07-20,11,2.2516291673878226,0.36363636363636365,0,0.0,-11.382377777777778,low,0.2667,2,0.8333333333333334,True,NOERROR,2,300,0,2,False,False,2,13335,US,False,Dynadot Inc,3,365,True,,False,False,,benign,no_adverse_signal
mirok.ch,2026-07-20,8,2.321928094887362,0.0,0,0.6666666666666666,-6.9851,low,0.7692,1,1.0,True,NOERROR,1,10800,2,3,True,False,1,207143,CH,True,,,,False,,False,False,False,benign,no_adverse_signal
encanto-store.com,2026-07-20,17,3.0850551027564768,0.0,1,0.7142857142857143,-6.420482608695652,low,0.5263,2,0.6923076923076923,True,NOERROR,3,3600,0,2,False,False,0,58182,US,True,Wix.com Ltd.,4,365,False,,False,False,,benign,no_adverse_signal
powertohouse.com,2026-07-20,16,3.0220552088742,0.0,0,1.0,-6.832242857142857,low,0.5,2,0.75,True,NOERROR,1,300,2,4,True,False,0,397273,US,False,IONOS SE,4,365,True,,False,False,False,benign,no_adverse_signal
fillacupcafe.com,2026-07-20,16,2.918295834054489,0.0,0,0.7142857142857143,-7.222904761904762,low,0.48,2,0.6666666666666666,False,timeout,0,,0,0,False,False,0,,,,"GoDaddy.com, LLC",1141,1461,False,,,False,,benign,no_adverse_signal
hazellaunchhq.com,2026-07-20,17,3.0269868333592873,0.0,0,0.4444444444444444,-7.701147826086956,low,0.5455,5,0.6923076923076923,True,NOERROR,2,300,1,2,True,False,2,13335,US,False,PDR Ltd. d/b/a PublicDomainRegistry.com,3,365,False,,False,False,False,benign,no_adverse_signal
palmacabanaco.com,2026-07-20,17,2.6535442970305683,0.0,0,0.8571428571428571,-6.636295652173913,low,0.5217,2,0.6153846153846154,True,NOERROR,4,14400,1,4,True,False,0,53831,US,False,Squarespace Domains II LLC,3,365,True,,False,False,False,benign,no_adverse_signal
portuemprende.com,2026-07-20,17,3.0269868333592873,0.0,0,0.625,-6.616347826086956,low,0.5263,3,0.6923076923076923,True,NOERROR,1,1800,0,0,False,False,0,58182,US,True,Wix.com Ltd.,1103,1461,False,,False,False,,benign,no_adverse_signal
jl3434.com,2026-07-20,10,1.9182958340544896,0.4,0,0.0,-11.464911111111112,low,0.2857,2,0.6666666666666666,False,NOERROR,0,,0,2,False,False,0,,,,"GMO Internet, Inc.",3,365,True,,,False,,benign,no_adverse_signal
devintears.fun,2026-07-20,14,3.121928094887362,0.0,0,0.6666666666666666,-6.2183882352941175,low,0.8,2,0.9,True,NOERROR,2,24,0,4,False,False,0,,US,False,Porkbun LLC,381,730,False,,False,False,,benign,no_adverse_signal
theplannedbody.com,2026-07-20,18,3.378783493486176,0.0,0,0.4,-6.950036,low,0.4762,2,0.7857142857142857,True,NOERROR,1,1799,2,2,True,False,0,13335,CA,True,NAMECHEAP INC,4,365,True,,False,False,False,benign,no_adverse_signal
kiligverse.com,2026-07-20,14,2.9219280948873623,0.0,0,0.6666666666666666,-7.271788235294117,low,0.5714,2,0.8,True,NOERROR,1,300,2,4,True,False,0,397273,US,False,IONOS SE,264,365,True,,False,False,False,benign,no_adverse_signal
palpalsaju.com,2026-07-20,14,2.4464393446710155,0.0,0,0.6666666666666666,-7.498370588235295,low,0.5263,2,0.6,True,NOERROR,1,600,0,3,False,False,0,16509,US,False,"Gabia, Inc.",4,365,False,,False,False,,benign,no_adverse_signal
sharonpruiett.com,2026-07-20,17,3.3927474104487847,0.0,0,0.625,-7.064495652173912,low,0.6087,3,0.8461538461538461,True,NOERROR,1,86400,0,4,False,False,1,13335,CA,True,"TUCOWS.COM, CO.",3,365,True,,False,False,,benign,no_adverse_signal
quantummidwest.com,2026-07-20,18,3.3787834934861767,0.0,0,0.5555555555555556,-7.28486,low,0.5,2,0.7857142857142857,True,NOERROR,1,86400,0,4,False,False,1,13335,CA,True,"TUCOWS.COM, CO.",3,365,True,,False,False,,benign,no_adverse_signal
ai-tool-trial.com,2026-07-20,17,2.7773627950641693,0.0,2,1.2,-7.405500000000001,low,0.5,2,0.5384615384615384,True,NOERROR,1,3600,1,5,True,False,0,131965,JP,True,"XServer, Inc.",3,365,False,,False,False,False,benign,no_adverse_signal
betamail.net,2026-07-20,12,2.75,0.0,0,1.0,-6.130346153846154,low,0.6667,1,0.875,False,NOERROR,0,,0,3,False,False,0,,,,"TUCOWS.COM, CO.",3,731,True,,,False,,benign,no_adverse_signal
nenoshq.com,2026-07-20,11,2.5216406363433186,0.0,0,0.4,-7.270436363636364,low,0.5,3,0.8571428571428571,True,NOERROR,3,3600,0,2,False,False,0,58182,US,True,Wix.com Ltd.,4,365,False,,False,False,,benign,no_adverse_signal
ehshistoryproject.org,2026-07-20,21,3.381580488309164,0.0,0,0.4166666666666667,-7.118877419354839,low,0.5806,4,0.6470588235294118,True,NOERROR,1,300,0,2,False,False,0,141995,SG,True,Dynadot Inc,3,365,False,,False,False,,benign,no_adverse_signal
cooinnova.com,2026-07-20,13,2.4193819456463714,0.0,0,1.25,-7.121033333333333,low,0.5714,2,0.6666666666666666,True,NOERROR,1,3600,1,2,True,False,0,24940,DE,True,NAMECHEAP INC,3,365,False,,False,False,False,benign,no_adverse_signal
lynxspringsystems.com,2026-07-20,21,3.3815804883091634,0.0,0,0.13333333333333333,-7.339638709677419,low,0.56,7,0.7058823529411765,True,NOERROR,2,4,2,4,True,False,0,,US,False,Porkbun LLC,3,365,False,,False,False,False,benign,no_adverse_signal
themastersstudio.com,2026-07-20,20,3.2806390622295662,0.0,0,0.6,-6.3335793103448275,low,0.5185,4,0.6875,True,NOERROR,2,600,0,2,False,False,0,16509,US,True,"GoDaddy.com, LLC",3,365,False,,False,False,,benign,no_adverse_signal
caymanscalper.com,2026-07-20,17,3.180832987205441,0.0,0,0.4444444444444444,-6.826995652173913,low,0.5833,3,0.7692307692307693,False,timeout,0,,0,0,False,False,0,,,,CV. Rumahweb Indonesia,4,365,True,,,False,,benign,no_adverse_signal
nextextreme.us,2026-07-20,14,2.3685225277282065,0.0,0,0.5714285714285714,-6.758694736842105,low,0.5556,3,0.5454545454545454,True,NOERROR,1,86400,0,2,False,False,0,16509,US,True,Tucows Domains Inc.,373,365,False,,False,False,,benign,no_adverse_signal
xn--ey-uia.com,2026-07-20,14,2.8464393446710154,0.0,3,1.3333333333333333,-9.098129411764704,low,0.4,2,0.8,True,NOERROR,2,600,0,2,False,False,0,16509,US,True,"GoDaddy.com, LLC",4,365,False,,False,False,,benign,no_adverse_signal
topsolid.shop,2026-07-20,13,2.75,0.0,0,0.6,-6.823438461538462,low,0.5333,2,0.875,True,NOERROR,2,3600,1,2,True,False,0,16509,US,True,,,,False,,False,False,,benign,no_adverse_signal
smartercooking24.com,2026-07-20,20,3.75,0.1,0,0.5555555555555556,-6.7329275862068965,low,0.5385,2,0.875,True,NOERROR,1,1800,0,0,False,False,0,58182,US,True,Wix.com Ltd.,1103,1461,True,,False,False,,benign,no_adverse_signal
zzx19.top,2026-07-20,9,1.9219280948873623,0.2222222222222222,0,0.0,-10.907314285714287,high,0.3636,3,0.8,True,NOERROR,3,15,0,0,False,True,0,54801,SC,False,GoDaddy.com,4,365,True,,False,False,,benign,no_adverse_signal
znp43.top,2026-07-20,9,2.321928094887362,0.2222222222222222,0,0.0,-11.549957142857142,high,0.5,3,1.0,True,NOERROR,3,15,0,0,False,True,0,54801,SC,False,GoDaddy.com,4,365,True,,False,False,,benign,no_adverse_signal
opensalesforc.com,2026-07-20,17,3.238901256602631,0.0,0,0.625,-6.611969565217391,low,0.7826,2,0.7692307692307693,True,NOERROR,1,1799,5,2,True,False,0,24940,FI,True,NAMECHEAP INC,4,365,True,,False,False,False,benign,no_adverse_signal
romancewebtoons.com,2026-07-20,19,3.3232314287976203,0.0,0,0.6666666666666666,-6.708470370370371,low,0.56,2,0.7333333333333333,False,NOERROR,0,,0,2,False,False,0,,,,"GMO Internet, Inc.",3,365,True,,,False,,benign,no_adverse_signal
yl5561.com,2026-07-20,10,2.2516291673878226,0.4,0,0.0,-11.162655555555554,low,0.3636,2,0.8333333333333334,True,NOERROR,1,300,0,2,False,False,0,8796,US,False,"Gransy, s.r.o.",4,365,False,,False,False,,benign,no_adverse_signal
atlasliteraryagency.com,2026-07-20,23,3.3005590923909534,0.0,0,0.5833333333333334,-6.72928,low,0.5714,3,0.5789473684210527,True,NOERROR,1,3600,1,2,True,False,0,22612,US,True,"GoDaddy.com, LLC",4,1096,False,,False,False,False,benign,no_adverse_signal
1497777com-xlu15.cyou,2026-07-20,21,3.375,0.42857142857142855,1,0.5,-10.111468965517242,low,0.2857,2,0.75,True,NOERROR,9,3600,1,2,False,False,0,60592,CZ,False,"Gransy, s.r.o.",4,365,False,,True,False,False,malicious,spamhaus_zen
sharpdoc.ink,2026-07-20,12,3.0,0.0,0,0.3333333333333333,-7.418638461538462,low,0.6667,3,1.0,True,NOERROR,1,1800,5,2,True,False,0,22612,US,False,NAMECHEAP INC,3,365,True,,False,False,False,benign,no_adverse_signal
xxh27.top,2026-07-20,9,1.9219280948873623,0.2222222222222222,0,0.0,-11.278971428571428,high,0.4444,3,0.8,True,NOERROR,3,15,0,0,False,True,0,54801,SC,False,GoDaddy.com,4,365,True,,False,False,,benign,no_adverse_signal
velqarontymurex.com,2026-07-20,19,3.640223928941851,0.0,0,0.5,-7.750551851851852,low,0.48,4,0.8666666666666667,True,NOERROR,2,300,0,2,False,False,2,13335,US,False,Dynadot Inc,2,365,False,,False,False,,benign,no_adverse_signal
78796934.xyz,2026-07-20,12,2.5,0.6666666666666666,0,0.0,-10.919738461538461,high,0.3636,0,0.75,False,NOERROR,0,,0,2,False,False,0,,,,"NameSilo, LLC",4,365,True,,,False,,benign,no_adverse_signal
hillbillymonarchy.com,2026-07-20,21,3.2639334294856344,0.0,0,0.3076923076923077,-7.053461290322581,low,0.4286,4,0.6470588235294118,True,NOERROR,1,1800,5,2,True,False,0,22612,US,False,NAMECHEAP INC,3,365,True,,False,False,False,benign,no_adverse_signal
velvetquarrymarket.shop,2026-07-20,23,3.3082708345352603,0.0,0,0.5,-7.3605090909090904,low,0.4118,4,0.6111111111111112,True,NOERROR,1,1800,0,2,False,False,0,138995,JP,True,,,,False,,False,False,,benign,no_adverse_signal
datefaz.com,2026-07-20,11,2.5216406363433186,0.0,0,0.75,-7.078,low,0.5714,1,0.8571428571428571,True,NOERROR,1,3600,0,3,False,False,0,149440,JP,False,"NameSilo, LLC",4,365,True,,False,False,,benign,no_adverse_signal
besthealthdeals.site,2026-07-20,20,2.923231428797621,0.0,0,0.5,-6.658603703703704,medium,0.5714,4,0.5333333333333333,True,NOERROR,2,60,0,2,False,False,2,47583,LT,False,"HOSTINGER operations, UAB",3,365,False,,False,False,,benign,no_adverse_signal
543xvdms.com,2026-07-20,12,3.0,0.25,0,0.0,-11.042615384615384,low,0.375,5,1.0,True,NOERROR,1,10,0,2,False,True,0,209242,US,True,Dominet (HK) Limited,3,365,False,,False,True,,malicious,spamhaus_dbl
thevibefinds.com,2026-07-20,16,3.2516291673878226,0.0,0,0.5,-6.998047619047619,low,0.4706,3,0.8333333333333334,True,NOERROR,3,3600,0,2,False,False,0,58182,US,True,Wix.com Ltd.,2,365,False,,False,False,,benign,no_adverse_signal
trejdek.com,2026-07-20,11,2.5216406363433186,0.0,0,0.4,-8.355318181818182,low,0.5714,2,0.8571428571428571,True,NOERROR,1,900,1,3,True,False,0,60819,GB,True,SafeNames Ltd.,3,365,False,,False,False,False,benign,no_adverse_signal
smetrosacco.co.ke,2026-07-20,17,2.9139770731827523,0.0,0,0.5714285714285714,-6.716173684210526,low,0.5,2,0.7272727272727273,True,NOERROR,1,14400,1,4,True,False,0,28753,DE,True,HostPinnacle Cloud Limited,6,365,False,,False,False,False,benign,no_adverse_signal
pawchill.shop,2026-07-20,13,2.75,0.0,0,0.3333333333333333,-7.660507692307693,low,0.5714,3,0.875,True,NOERROR,1,3600,0,2,False,False,0,13335,CA,True,,,,False,,False,False,,benign,no_adverse_signal
ktlcapitals.com,2026-07-20,15,2.9139770731827523,0.0,0,0.375,-7.209610526315789,low,0.5333,4,0.7272727272727273,True,NOERROR,4,14400,1,4,True,False,0,53831,US,False,Squarespace Domains II LLC,3,365,True,,False,False,False,benign,no_adverse_signal
sensus.today,2026-07-20,12,1.7924812503605778,0.0,0,0.5,-6.477577777777778,low,0.5455,2,0.6666666666666666,True,NOERROR,1,10800,2,3,True,False,0,29169,FR,True,,,,,,False,False,False,benign,no_adverse_signal
mitrasri.id,2026-07-20,11,2.5,0.0,0,0.6,-6.842392307692307,low,0.5714,2,0.75,True,NOERROR,2,300,3,2,True,False,2,13335,US,False,,,,False,,False,False,False,benign,no_adverse_signal
turbopropertymaintenance.com,2026-07-20,28,3.5424812503605785,0.0,0,0.6,-6.559293333333334,low,0.4211,4,0.5416666666666666,True,NOERROR,1,14400,0,4,False,False,0,53831,US,False,Squarespace Domains II LLC,1119,1461,True,,False,False,,benign,no_adverse_signal
butterflyrastagirl.com,2026-07-20,22,3.419381945646371,0.0,0,0.38461538461538464,-7.044209090909091,low,0.4167,5,0.6666666666666666,True,NOERROR,1,300,0,2,False,False,0,40034,VG,False,"Network Solutions, LLC",0,365,False,,False,False,,benign,no_adverse_signal
asfrmuq.best,2026-07-20,12,2.807354922057604,0.0,0,0.4,-9.234718181818183,low,0.5,4,1.0,True,NOERROR,1,300,0,2,False,False,0,202226,US,False,Dynadot Inc,3,365,True,,False,True,,malicious,spamhaus_dbl
769605.cc,2026-07-20,9,2.2516291673878226,0.6666666666666666,0,0.0,-11.271422222222222,low,0.4444,0,0.8333333333333334,True,NOERROR,1,60,0,2,False,False,0,59371,HK,False,Dynadot Inc,4,365,False,,False,False,,benign,no_adverse_signal
effets-indesirables.fr,2026-07-20,22,3.366091329119191,0.0,1,0.6363636363636364,-6.881194285714286,low,0.4828,2,0.631578947368421,True,NOERROR,1,3600,3,2,True,False,0,16276,FR,True,OVH,2,1095,False,,False,False,False,benign,no_adverse_signal
postbaton.com,2026-07-20,13,2.725480556997868,0.0,0,0.5,-6.472160000000001,low,0.7,3,0.7777777777777778,True,NOERROR,2,300,1,2,True,False,2,13335,US,False,"GoDaddy.com, LLC",4,1096,False,,False,False,False,benign,no_adverse_signal
z98eh.top,2026-07-20,9,2.321928094887362,0.2222222222222222,0,0.5,-11.956028571428572,high,0.4444,1,1.0,True,NOERROR,3,15,0,0,False,True,0,54801,SC,False,GoDaddy.com,4,365,True,,False,False,,benign,no_adverse_signal
partaitogel.one,2026-07-20,15,3.0957952550009344,0.0,0,0.8333333333333334,-6.547110526315789,low,0.5455,2,0.8181818181818182,True,NOERROR,2,300,0,2,False,False,2,13335,US,False,Dynadot Inc,4,365,True,,False,False,,benign,no_adverse_signal
naxmere.co.uk,2026-07-20,13,2.521640636343318,0.0,0,0.75,-7.562481818181817,low,0.7273,2,0.8571428571428571,False,NOERROR,0,,0,2,False,False,0,,,,"Cloudflare, Inc. [Tag = CLOUDFLARE]",3,365,False,,,False,,benign,no_adverse_signal
vibranttiles.com,2026-07-20,16,3.2516291673878226,0.0,0,0.5,-6.629428571428571,low,0.5455,3,0.8333333333333334,True,NOERROR,2,3600,1,2,True,False,0,16509,US,True,UnstoppableUS4 LLC,3,365,True,,False,False,,benign,no_adverse_signal
fei1314.com,2026-07-20,11,2.521640636343318,0.36363636363636365,0,2.0,-10.373272727272727,low,0.4,1,0.8571428571428571,False,timeout,0,,0,0,False,False,0,,,,Eranet International Limited,3,365,True,,,False,,benign,no_adverse_signal
nm55.club,2026-07-20,9,1.5,0.2222222222222222,0,0.0,-11.28112,low,0.5,2,0.75,True,NOERROR,2,300,0,2,False,False,2,13335,US,False,Dynadot Inc,3,365,True,,False,False,,benign,no_adverse_signal
kennystopstealing.team,2026-07-20,22,3.4548223999466066,0.0,0,0.4166666666666667,-6.498154838709677,low,0.4242,5,0.7058823529411765,False,NOERROR,0,,0,2,False,False,0,,,,,,,,,,True,,malicious,spamhaus_dbl
koukaishinai-lab.com,2026-07-20,20,3.2806390622295662,0.0,1,1.1428571428571428,-7.273951724137931,low,0.4667,2,0.6875,True,NOERROR,4,14400,1,4,True,False,0,53831,US,False,Squarespace Domains II LLC,4,365,True,,False,False,False,benign,no_adverse_signal
4wb9bd.homes,2026-07-20,12,2.2516291673878226,0.16666666666666666,0,0.0,-11.751533333333334,low,0.4444,2,0.8333333333333334,True,NOERROR,1,360,5,2,True,False,0,396982,US,True,NAMECHEAP INC,3,365,False,,False,False,False,benign,no_adverse_signal
wavelengthtravelplanner.com,2026-07-20,27,3.2946635862096048,0.0,0,0.4375,-6.752990697674419,low,0.4,6,0.4782608695652174,True,NOERROR,1,300,0,4,False,False,0,396982,US,True,"Name.com, Inc.",2,365,True,,False,False,,benign,no_adverse_signal
zyjdchina.com,2026-07-20,13,3.169925001442312,0.0,0,0.2857142857142857,-8.362686666666667,low,0.625,6,1.0,False,NOERROR,0,,0,0,False,False,0,,,,Dominet (HK) Limited,3,365,False,,,False,,benign,no_adverse_signal
signatureofshe.com,2026-07-20,18,3.521640636343319,0.0,0,0.75,-7.176624,low,0.6,3,0.8571428571428571,True,NOERROR,1,1800,5,2,True,False,0,22612,US,False,NAMECHEAP INC,4,365,True,,False,False,False,benign,no_adverse_signal
qimanwu.top,2026-07-20,11,2.807354922057604,0.0,0,0.75,-8.010245454545455,high,0.5,2,1.0,True,NOERROR,1,600,0,2,False,False,0,,,False,West263 International Limited,3,365,True,,False,False,,benign,no_adverse_signal
mistersweets.de,2026-07-20,15,2.625814583693911,0.0,0,0.5,-6.459257142857142,low,0.5714,3,0.5833333333333334,True,NOERROR,3,900,1,3,True,False,3,24940,DE,True,,,,False,,False,False,,benign,no_adverse_signal
amateordenyespacios.com,2026-07-20,23,3.5368867237421666,0.0,0,0.9,-6.815465714285715,low,0.4444,2,0.6842105263157895,False,NOERROR,0,,3,2,True,False,0,,,,"Amazon Registrar, Inc.",4,365,True,,,False,False,benign,no_adverse_signal
novandiq.com,2026-07-20,12,2.75,0.0,0,0.6,-7.027007692307692,low,0.6154,2,0.875,False,NOERROR,0,,3,2,True,False,0,,,,"Spaceship, Inc.",3,365,False,,,False,False,benign,no_adverse_signal
slatlantica.com,2026-07-20,15,2.663532754804255,0.0,0,0.5714285714285714,-6.32701052631579,low,0.5882,2,0.6363636363636364,True,NOERROR,1,86400,0,2,False,False,0,16509,US,True,"TUCOWS.COM, CO.",372,730,True,,False,False,,benign,no_adverse_signal
s2vmp.com,2026-07-20,9,2.321928094887362,0.1111111111111111,0,0.0,-11.634985714285715,low,0.5,3,1.0,True,NOERROR,1,1800,0,2,False,False,0,15169,US,True,"GoDaddy.com, LLC",4,365,False,,False,False,,benign,no_adverse_signal
powerjetstream.com,2026-07-20,18,3.182005814760214,0.0,0,0.5555555555555556,-6.889972,low,0.5217,4,0.7142857142857143,True,NOERROR,1,1800,5,2,True,False,0,22612,US,False,NAMECHEAP INC,4,365,True,,False,False,False,benign,no_adverse_signal
15613lindaavenue.com,2026-07-20,20,3.5,0.25,0,1.2,-8.616548275862069,low,0.4545,2,0.75,True,NOERROR,2,300,5,2,True,True,0,16509,US,True,NAMECHEAP INC,4,365,True,,False,False,False,benign,no_adverse_signal
flawlesstaxation.global,2026-07-20,23,3.327819531114783,0.0,0,0.6,-6.980693103448276,low,0.6667,3,0.6875,True,NOERROR,1,3600,2,4,True,False,1,8560,DE,True,,,,,,False,False,False,benign,no_adverse_signal
kaseofis.xyz,2026-07-20,12,2.75,0.0,0,1.0,-7.145053846153846,high,0.5882,1,0.875,True,NOERROR,1,3600,0,3,False,False,0,51557,TR,False,Isimtescil Bilisim A.S,3,365,True,,False,False,,benign,no_adverse_signal
freshandfriendlylunch.com,2026-07-20,25,3.5944656369614516,0.0,0,0.3125,-7.06208717948718,low,0.4286,5,0.6190476190476191,True,NOERROR,3,3600,1,2,True,False,0,58182,US,True,Wix.com Ltd.,4,365,True,,False,False,False,benign,no_adverse_signal
marsbahis2026-girislerimtr.vip,2026-07-20,30,3.6714055834424966,0.13333333333333333,1,0.5,-8.020722448979592,low,0.3913,3,0.5769230769230769,True,NOERROR,2,300,0,2,False,False,2,13335,US,False,Dynadot Inc,3,365,True,,False,False,,benign,no_adverse_signal
prospective.website,2026-07-20,19,3.0957952550009344,0.0,0,0.5714285714285714,-6.423252631578947,low,0.5714,2,0.8181818181818182,True,NOERROR,2,3600,0,2,False,False,0,14618,US,True,"GoDaddy.com, LLC",2,365,False,,False,False,,benign,no_adverse_signal
foncampaign.online,2026-07-20,18,3.095795255000934,0.0,0,0.5714285714285714,-6.985878947368421,medium,0.5,2,0.8181818181818182,True,NOERROR,1,86400,0,2,False,False,1,9123,RU,True,Registrar of Domain Names REG.RU LLC,3,365,False,,False,False,,benign,no_adverse_signal
rechtsimpuls.com,2026-07-20,16,3.418295834054489,0.0,0,0.3333333333333333,-7.090233333333334,low,0.4516,4,0.9166666666666666,True,NOERROR,1,3600,2,4,True,False,1,8560,DE,True,IONOS SE,4,365,True,,False,False,False,benign,no_adverse_signal
sponsondoyle.cyou,2026-07-20,17,2.8553885422075336,0.0,0,0.5,-6.962804761904762,low,0.5455,2,0.6666666666666666,False,NOERROR,0,,0,0,False,False,0,,,,URL SOLUTIONS INC.,3,365,True,,,True,,malicious,spamhaus_dbl
bluepeakpropertyservices.com,2026-07-20,28,3.621653522439334,0.0,0,0.6,-6.9012199999999995,low,0.55,4,0.625,True,NOERROR,4,14400,1,4,True,False,0,53831,US,False,Squarespace Domains II LLC,3,365,True,,False,False,False,benign,no_adverse_signal
easyilaaz.com,2026-07-20,13,2.6416041678685933,0.0,0,1.25,-7.969006666666667,low,0.5,2,0.7777777777777778,True,NOERROR,2,300,2,4,True,False,0,13335,US,False,IONOS SE,4,365,True,,False,False,False,benign,no_adverse_signal
zzb63.top,2026-07-20,9,1.9219280948873623,0.2222222222222222,0,0.0,-11.0063,high,0.5,3,0.8,True,NOERROR,3,15,0,0,False,True,0,54801,SC,False,GoDaddy.com,4,365,True,,False,False,,benign,no_adverse_signal
kingh88.com,2026-07-20,11,2.521640636343318,0.18181818181818182,0,0.25,-8.271518181818182,low,0.5714,3,0.8571428571428571,True,NOERROR,2,300,0,2,False,False,2,13335,US,False,"COSMOTOWN, INC.",4,365,True,,False,False,,benign,no_adverse_signal
escueladetrenzas.com,2026-07-20,20,3.25,0.0,0,0.7777777777777778,-7.02096551724138,low,0.5333,2,0.6875,True,NOERROR,2,1800,0,2,False,False,0,16509,US,False,"Name.com, Inc.",3,365,True,,False,False,,benign,no_adverse_signal
popmylife.com,2026-07-20,13,2.94770277922009,0.0,0,0.5,-7.75302,low,0.5714,4,0.8888888888888888,True,NOERROR,2,10800,0,2,True,False,2,14618,US,True,DropCatch.com 408 LLC,4,365,False,,False,False,,benign,no_adverse_signal
extreme-katiecornell.info,2026-07-20,25,3.4414460711655215,0.0,1,0.7272727272727273,-6.83247027027027,medium,0.5185,3,0.65,True,NOERROR,2,600,0,2,False,False,0,16509,US,True,,,,,,False,False,,benign,no_adverse_signal
jhlparker.co.uk,2026-07-20,15,2.94770277922009,0.0,0,0.2857142857142857,-7.59008,low,0.5,4,0.8888888888888888,True,NOERROR,2,3600,0,2,False,False,0,16509,US,True,"GoDaddy.com, LLC. [Tag = GODADDY]",4,1096,False,,False,False,,benign,no_adverse_signal
expatsnetherlands.com,2026-07-20,21,3.337175341123077,0.0,0,0.4166666666666667,-6.664899999999999,low,0.5,3,0.6470588235294118,False,NOERROR,0,,0,4,False,False,0,,,,"Amazon Registrar, Inc.",4,365,True,,,False,,benign,no_adverse_signal
americanpatriotsecurity.com,2026-07-20,27,3.522711955680758,0.0,0,0.7692307692307693,-6.480446511627907,low,0.5405,2,0.5652173913043478,True,NOERROR,2,300,3,2,True,False,2,13335,US,False,"Cloudflare, Inc.",4,365,True,,False,False,False,benign,no_adverse_signal
proudbase.com,2026-07-20,13,3.169925001442312,0.0,0,0.8,-6.691753333333334,low,0.5556,2,1.0,True,NOERROR,2,300,0,2,False,False,2,13335,US,False,"Cloudflare, Inc.",4,365,True,,False,False,,benign,no_adverse_signal
casinopluscom.click,2026-07-20,19,3.238901256602631,0.0,0,0.625,-6.391969565217392,medium,0.5556,2,0.7692307692307693,True,NOERROR,2,300,0,2,False,False,2,13335,US,False,"Dynadot, LLC",3,365,False,,False,False,,benign,no_adverse_signal
toptop18.net,2026-07-20,12,2.25,0.16666666666666666,0,0.5,-8.150838461538461,low,0.4286,2,0.625,True,NOERROR,2,300,0,2,False,False,2,13335,US,False,Dynadot Inc,4,365,False,,False,False,,benign,no_adverse_signal
z54hu.top,2026-07-20,9,2.321928094887362,0.2222222222222222,0,0.5,-11.564614285714285,high,0.4444,1,1.0,True,NOERROR,3,15,0,0,False,True,0,133199,HK,False,GoDaddy.com,4,365,True,,False,False,,benign,no_adverse_signal
firstscoopstudios.com,2026-07-20,21,3.1018812234760182,0.0,0,0.5454545454545454,-6.849925806451613,low,0.5517,5,0.5882352941176471,True,NOERROR,4,14400,0,4,True,False,0,53831,US,False,Squarespace Domains LLC,3,731,True,,False,False,,benign,no_adverse_signal
getlaboratoriumsvr.shop,2026-07-20,23,3.5724312513221195,0.0,0,0.6363636363636364,-7.098424242424242,low,0.4571,4,0.7222222222222222,True,NOERROR,1,300,0,2,False,False,0,,GE,False,,,,False,,False,False,,benign,no_adverse_signal
ostiumbulletin.uno,2026-07-20,18,3.2359263506290334,0.0,0,0.75,-6.806636,low,0.5,2,0.7142857142857143,True,NOERROR,1,50,2,2,True,False,0,47583,CY,False,"HOSTINGER operations, UAB",3,365,False,,False,False,False,benign,no_adverse_signal
youthhockeyanswers.com,2026-07-20,22,3.6143694458867563,0.0,0,0.5,-7.188912121212121,low,0.4706,3,0.7222222222222222,True,NOERROR,1,300,0,4,False,False,0,47846,DE,False,"Name.com, Inc.",4,365,True,,False,False,,benign,no_adverse_signal
rentahottie.com,2026-07-20,15,2.845350936622437,0.0,0,0.8333333333333334,-6.580968421052631,low,0.5217,2,0.7272727272727273,True,NOERROR,2,600,0,2,False,False,0,16509,US,True,"GoDaddy.com, LLC",3,365,False,,False,False,,benign,no_adverse_signal
propertybazaar.homes,2026-07-20,20,2.9852281360342516,0.0,0,0.5555555555555556,-7.098804,low,0.5263,4,0.6428571428571429,True,NOERROR,2,3600,1,2,False,False,0,16509,US,True,"GoDaddy.com, LLC",3,365,False,,False,False,False,benign,no_adverse_signal
13yqu.top,2026-07-20,9,2.321928094887362,0.2222222222222222,0,0.5,-11.532885714285714,high,0.5,2,1.0,True,NOERROR,3,15,0,0,False,True,0,133199,HK,False,GoDaddy.com,4,365,True,,False,False,,benign,no_adverse_signal
zr99q.top,2026-07-20,9,1.9219280948873623,0.2222222222222222,0,0.0,-11.917042857142858,high,0.4,2,0.8,True,NOERROR,3,15,0,0,False,True,0,54801,SC,False,GoDaddy.com,4,365,True,,False,False,,benign,no_adverse_signal
tubeprn.pro,2026-07-20,11,2.807354922057604,0.0,0,0.4,-7.397254545454545,low,0.6154,3,1.0,True,NOERROR,2,300,0,2,False,False,2,13335,US,False,,,,,,False,False,,benign,no_adverse_signal
opstherapyservices.com,2026-07-20,22,3.419381945646371,0.0,0,0.5,-6.677178787878788,low,0.6471,4,0.6666666666666666,True,NOERROR,4,14400,1,4,True,False,0,53831,US,False,Squarespace Domains II LLC,2,365,True,,False,False,False,benign,no_adverse_signal
marconervetti.com,2026-07-20,17,3.238901256602631,0.0,0,0.625,-6.191895652173913,low,0.5385,2,0.7692307692307693,True,NOERROR,4,14400,1,4,True,False,0,53831,US,False,Squarespace Domains II LLC,4,365,True,,False,False,False,benign,no_adverse_signal
tumblingmachines.com,2026-07-20,20,3.625,0.0,0,0.45454545454545453,-6.515462068965517,low,0.5217,3,0.8125,True,NOERROR,2,30,0,2,True,False,2,14618,US,True,DropCatch.com 389 LLC,3,365,False,,False,False,,benign,no_adverse_signal
masconcursos.com,2026-07-20,16,2.8553885422075336,0.0,0,0.5,-6.699914285714287,low,0.56,2,0.6666666666666666,True,NOERROR,1,600,2,4,True,False,0,16509,US,True,Porkbun LLC,4,365,False,,False,False,False,benign,no_adverse_signal
agentcapitals.com,2026-07-20,17,3.180832987205441,0.0,0,0.625,-6.3961565217391305,low,0.5625,3,0.7692307692307693,True,NOERROR,1,3600,0,2,False,False,0,396982,US,True,"Cloudflare, Inc.",3,365,True,,False,False,,benign,no_adverse_signal
marvisai.online,2026-07-20,15,2.5,0.0,0,1.0,-6.549792307692308,medium,0.5556,2,0.75,True,NOERROR,1,300,0,2,False,False,0,214438,CA,False,"HOSTINGER operations, UAB",3,365,False,,False,False,,benign,no_adverse_signal
extrabetguncel.top,2026-07-20,18,3.3248629576173574,0.0,0,0.5555555555555556,-6.967804,high,0.4762,3,0.7857142857142857,True,NOERROR,1,300,0,2,False,False,0,206834,DE,False,Dynadot LLC,5,365,True,,False,False,,benign,no_adverse_signal
ceopoint.org,2026-07-20,12,2.75,0.0,0,1.0,-6.822615384615385,low,0.7778,2,0.875,True,NOERROR,2,180,0,4,False,False,0,16509,US,True,"Megazone Corp., dba HOSTING.KR",3,365,True,,False,False,,benign,no_adverse_signal
