domain,date_collected,domain_length,shannon_entropy,digit_ratio,hyphen_count,vowel_consonant_ratio,ngram_score,tld_risk_category,typosquatting_similarity,longest_consonant_run,unique_char_ratio,resolves_flag,rcode,num_a_records,min_ttl,mx_count,num_ns,has_spf,cname_present,num_aaaa_records,asn,geo_country,ptr_present,registrar,domain_age_days,registration_duration_days,privacy_protection_flag,abuseipdb_score,spamhaus_zen_listed,spamhaus_dbl_listed,mx_spamhaus_zen_listed,label,label_reason
omzscdzw.com,2026-07-23,12,2.75,0.0,0,0.14285714285714285,-9.882861538461539,low,0.5,7,0.875,False,NOERROR,0,,0,2,False,False,0,,,,TuringSign Inc. d/b/a Cosmotown,2,365,False,,,False,,benign,no_adverse_signal
a4878.com,2026-07-23,9,1.9219280948873623,0.4444444444444444,0,1.0,-11.704585714285715,low,0.25,0,0.8,True,NOERROR,2,3600,2,2,True,False,0,16509,US,True,"GoDaddy.com, LLC",2,365,False,16,False,False,False,benign,no_adverse_signal
hakim4dl.com,2026-07-23,12,3.0,0.08333333333333333,0,0.4,-9.222507692307692,low,0.5,2,1.0,True,NOERROR,2,300,0,2,False,False,2,13335,US,False,Dominet (HK) Limited,2,365,False,0,False,False,,benign,no_adverse_signal
spahr.top,2026-07-23,9,2.321928094887362,0.0,0,0.25,-7.776028571428571,high,0.6154,2,1.0,True,NOERROR,2,300,0,2,False,False,0,16509,US,True,"Spaceship, Inc.",2,365,True,14,False,False,,benign,no_adverse_signal
urkala.online,2026-07-23,13,2.251629167387823,0.0,0,1.0,-6.910344444444444,medium,0.5455,2,0.8333333333333334,True,NOERROR,1,3600,2,2,True,False,1,197695,RU,True,Registrar of Domain Names REG.RU LLC,2,365,False,0,False,False,False,benign,no_adverse_signal
streamx488.sbs,2026-07-23,14,3.1219280948873624,0.21428571428571427,0,0.4,-8.561029411764705,low,0.5263,3,0.9,True,NOERROR,1,300,0,2,False,False,0,32489,CA,True,"NameSilo, LLC",2,365,True,0,False,False,,benign,no_adverse_signal
mytozzi.com,2026-07-23,11,2.521640636343318,0.0,0,0.4,-8.461409090909092,low,0.5714,3,0.8571428571428571,True,NOERROR,4,600,0,3,False,False,0,15169,US,True,"Gabia, Inc.",1,365,False,0,False,False,,benign,no_adverse_signal
johnpersinger.com,2026-07-23,17,3.238901256602631,0.0,0,0.4444444444444444,-6.9763,low,0.6667,3,0.7692307692307693,True,NOERROR,2,3600,0,2,False,False,0,16509,US,True,"GoDaddy.com, LLC",1,1096,False,23,False,False,,benign,no_adverse_signal
felnora.org,2026-07-23,11,2.807354922057604,0.0,0,0.75,-7.223663636363637,low,0.5333,2,1.0,False,NOERROR,0,,0,2,False,False,0,,,,"Cloudflare, Inc.",1,365,False,,,False,,benign,no_adverse_signal
hdx01490164c.app,2026-07-23,16,3.084962500721156,0.5,0,0.0,-11.111109523809525,low,0.2727,3,0.75,False,NOERROR,0,,0,2,False,False,0,,,,,,,False,,,False,,benign,no_adverse_signal
simbanka.com,2026-07-23,12,2.75,0.0,0,0.6,-6.887023076923077,low,0.625,2,0.875,False,NOERROR,0,,0,2,False,False,0,,,,TuringSign Inc. d/b/a Cosmotown,2,365,False,,,False,,benign,no_adverse_signal
relivedeu.shop,2026-07-23,14,2.6416041678685933,0.0,0,1.25,-6.611140000000001,low,0.6316,1,0.7777777777777778,True,NOERROR,1,1800,5,2,True,False,0,16509,SG,True,,,,False,0,False,False,False,benign,no_adverse_signal
2khm.shop,2026-07-23,9,2.0,0.1111111111111111,0,0.0,-11.13356,low,0.5,3,1.0,True,NOERROR,6,60,0,2,False,True,0,8075,KR,False,,,,False,0,True,True,,malicious,spamhaus_zen
corbanlafon.com,2026-07-23,15,2.9139770731827523,0.0,0,0.5714285714285714,-6.958121052631578,low,0.5556,2,0.7272727272727273,False,NOERROR,0,,0,2,False,False,0,,,,"Cloudflare, Inc.",1,365,True,,,False,,benign,no_adverse_signal
izequielferreira.com.br,2026-07-23,23,2.9056390622295662,0.0,0,1.2857142857142858,-7.624213793103449,low,0.4444,2,0.5625,True,NOERROR,2,60,0,2,False,False,2,47583,FR,False,,2,365,False,0,False,False,,benign,no_adverse_signal
hunterdonhomesolutions.com,2026-07-23,26,3.4251185503571393,0.0,0,0.6923076923076923,-6.517960975609756,low,0.5238,2,0.5454545454545454,True,NOERROR,2,3600,2,2,True,False,0,16509,US,True,"GoDaddy.com, LLC",2,1096,False,22,False,False,False,benign,no_adverse_signal
tkbrich-bet.com,2026-07-23,15,3.0957952550009344,0.0,1,0.25,-7.821300000000001,low,0.5556,4,0.8181818181818182,True,NOERROR,2,600,0,2,False,False,0,16509,US,True,"GoDaddy.com, LLC",2,365,False,35,False,False,,benign,no_adverse_signal
fongimports.com,2026-07-23,15,3.2776134368191165,0.0,0,0.375,-6.629157894736842,low,0.5263,3,0.9090909090909091,True,NOERROR,2,3600,2,2,True,False,0,16509,US,True,"GoDaddy.com, LLC",2,365,False,23,False,False,False,benign,no_adverse_signal
norfolkstandard.com,2026-07-23,19,3.2402239289418526,0.0,0,0.36363636363636365,-6.8840407407407405,low,0.5217,4,0.6666666666666666,True,NOERROR,2,300,3,2,False,False,2,13335,US,False,REGISTER S.P.A.,2,365,True,0,False,False,False,benign,no_adverse_signal
osmo360.org,2026-07-23,11,2.5216406363433186,0.2727272727272727,0,1.0,-8.514818181818182,low,0.6,2,0.8571428571428571,True,NOERROR,2,300,0,2,False,False,2,13335,US,False,DYNADOT LLC,2,365,True,0,False,False,,benign,no_adverse_signal
o-direction.com,2026-07-23,15,3.0957952550009344,0.0,1,1.0,-6.612626315789473,low,0.5714,2,0.8181818181818182,True,NOERROR,1,1800,5,2,True,False,0,22612,US,False,NAMECHEAP INC,2,731,True,0,False,False,False,benign,no_adverse_signal
xkillensmediadeliver.info,2026-07-23,25,3.346439344671015,0.0,0,0.6666666666666666,-6.675567567567568,medium,0.5,3,0.6,True,NOERROR,2,300,1,2,True,False,2,13335,US,False,,,,,0,False,False,False,benign,no_adverse_signal
johnnyni.com,2026-07-23,12,2.4056390622295662,0.0,0,0.3333333333333333,-8.584161538461538,low,0.4286,5,0.75,False,NOERROR,0,,5,2,True,False,0,,,,"Cloudflare, Inc.",2,365,True,,,False,False,benign,no_adverse_signal
fatouseck.com,2026-07-23,13,3.169925001442312,0.0,0,0.8,-6.6548533333333335,low,0.5882,2,1.0,True,NOERROR,2,25,0,2,False,False,0,14618,US,True,"ENOM, INC.",1,365,True,0,False,False,,benign,no_adverse_signal
prime-prospect.com,2026-07-23,18,3.182005814760214,0.0,1,0.4444444444444444,-6.7495519999999996,low,0.5833,2,0.7142857142857143,True,NOERROR,2,3600,0,2,False,False,0,16509,US,True,"GoDaddy.com, LLC",1,365,False,16,False,False,,benign,no_adverse_signal
philadelphiadscrloans.com,2026-07-23,25,3.4632805178108104,0.0,0,0.5,-7.212717948717948,low,0.4138,5,0.5714285714285714,True,NOERROR,1,1800,5,2,True,False,0,22612,US,False,NAMECHEAP INC,2,365,True,0,False,False,False,benign,no_adverse_signal
idealhouseplanner.org,2026-07-23,21,3.4548223999466066,0.0,0,0.8888888888888888,-6.575974193548387,low,0.4444,2,0.7058823529411765,True,NOERROR,1,14400,1,2,True,False,0,147186,BG,False,NAMECHEAP INC,2,365,False,0,False,False,False,benign,no_adverse_signal
ds65vpx.top,2026-07-23,11,2.807354922057604,0.18181818181818182,0,0.0,-11.494654545454546,high,0.4615,3,1.0,True,NOERROR,4,59,0,2,False,False,0,400619,HK,False,"Spaceship, Inc.",2,365,True,0,True,False,,malicious,spamhaus_zen
games4girls.us,2026-07-23,14,3.0957952550009344,0.07142857142857142,0,0.42857142857142855,-8.131368421052633,low,0.6316,3,0.8181818181818182,True,NOERROR,1,1800,5,2,True,False,0,22612,US,False,NAMECHEAP INC,3,365,True,0,False,False,False,benign,no_adverse_signal
thegangsterreport.com,2026-07-23,21,3.1307179879273748,0.0,0,0.4166666666666667,-6.369558064516129,low,0.5185,4,0.5882352941176471,True,NOERROR,2,600,0,2,False,False,0,16509,US,True,"GoDaddy.com, LLC",2,365,False,35,False,False,,benign,no_adverse_signal
mopk88.cyou,2026-07-23,11,2.2516291673878226,0.18181818181818182,0,0.3333333333333333,-9.72328888888889,low,0.4444,2,0.8333333333333334,False,NOERROR,0,,0,2,False,False,0,,,,Gname.com Pte. Ltd.,2,365,True,,,False,,benign,no_adverse_signal
newhavengaragedoorpros.com,2026-07-23,26,3.413088436425757,0.0,0,0.6923076923076923,-6.778385365853658,low,0.4516,3,0.5454545454545454,True,NOERROR,2,300,0,2,False,False,0,16509,US,True,"Spaceship, Inc.",2,365,False,14,False,False,,benign,no_adverse_signal
cadoolacesko.cz,2026-07-23,15,2.8553885422075336,0.0,0,1.0,-6.70042380952381,low,0.5263,2,0.6666666666666666,True,NOERROR,2,300,0,2,False,False,2,13335,US,False,REG-ZONER,15,364,False,0,False,False,,benign,no_adverse_signal
idea-ukhta.ru,2026-07-23,13,3.121928094887362,0.0,1,1.25,-8.246064705882352,low,0.5,3,0.9,True,NOERROR,2,300,0,2,False,False,0,13335,US,False,DOMAINS-RU,2,365,False,0,False,False,,benign,no_adverse_signal
u888top.pro,2026-07-23,11,2.1280852788913944,0.2727272727272727,0,1.0,-8.812718181818182,low,0.4615,1,0.7142857142857143,True,NOERROR,2,300,0,2,False,False,2,13335,US,False,,,,,0,False,False,,benign,no_adverse_signal
xro0lrsd.top,2026-07-23,12,2.75,0.08333333333333333,0,0.16666666666666666,-10.769407692307691,high,0.4286,4,0.875,True,NOERROR,3,60,0,2,False,True,0,138995,US,False,Dominet (HK) Limited,2,365,True,0,True,True,,malicious,spamhaus_zen
easyweq.com,2026-07-23,11,2.5216406363433186,0.0,0,0.75,-8.310954545454546,low,0.6667,3,0.8571428571428571,True,NOERROR,1,3600,2,2,True,False,0,31898,IN,True,"Network Solutions, LLC",2,365,False,0,False,False,False,benign,no_adverse_signal
thecohesiveai.com,2026-07-23,17,3.0269868333592873,0.0,0,1.1666666666666667,-6.932813043478261,low,0.5,2,0.6923076923076923,True,NOERROR,2,3600,1,2,True,False,0,16509,US,True,UnstoppableUS3 LLC,2,365,False,27,False,False,,benign,no_adverse_signal
tennessee-tribune.info,2026-07-23,22,2.889549430862088,0.0,1,0.7777777777777778,-6.814467741935484,medium,0.4667,2,0.5294117647058824,True,NOERROR,1,3600,0,2,False,False,0,16509,US,False,,,,,0,False,False,,benign,no_adverse_signal
luxuryclothingshop.com,2026-07-23,22,3.7254805569978675,0.0,0,0.38461538461538464,-7.194566666666667,low,0.4138,4,0.7777777777777778,True,NOERROR,1,3600,1,4,True,False,0,14618,US,True,CNOBIN INFORMATION TECHNOLOGY LIMITED,374,730,False,0,False,False,False,benign,no_adverse_signal
levelsutrecht.nl,2026-07-23,16,3.0269868333592873,0.0,0,0.4444444444444444,-6.9001086956521736,low,0.5455,3,0.6923076923076923,True,NOERROR,2,300,0,2,False,False,2,13335,US,False,"NAMECHEAP, INC.",1,,False,0,False,False,,benign,no_adverse_signal
theanimeway.com,2026-07-23,15,3.095795255000934,0.0,0,0.8333333333333334,-6.54121052631579,low,0.5455,2,0.8181818181818182,True,NOERROR,2,600,0,2,False,False,0,16509,US,True,"GoDaddy.com, LLC",1,365,False,33,False,False,,benign,no_adverse_signal
habit.mx,2026-07-23,8,2.321928094887362,0.0,0,0.6666666666666666,-6.7678,low,0.75,1,1.0,True,NOERROR,2,3600,0,2,False,False,0,16509,US,True,GoDaddy.com,3,365,False,22,False,False,,benign,no_adverse_signal
ef99.club,2026-07-23,9,1.5,0.2222222222222222,0,1.0,-10.92962,low,0.5,1,0.75,False,timeout,0,,0,2,False,False,0,,,,DYNADOT LLC,2,365,True,,,False,,benign,no_adverse_signal
jysczm.com,2026-07-23,10,2.584962500721156,0.0,0,0.0,-9.692866666666667,low,0.4444,6,1.0,False,NOERROR,0,,0,2,False,False,0,,,,SGADDRESS PTE. LTD,2,365,False,,,False,,benign,no_adverse_signal
evlevatefitpdx.com,2026-07-23,18,3.182005814760214,0.0,0,0.5555555555555556,-7.959992,low,0.4762,4,0.7142857142857143,True,NOERROR,1,300,0,2,False,False,0,206834,DE,False,DYNADOT LLC,3,365,True,22,False,False,,benign,no_adverse_signal
mechipieretti.com,2026-07-23,17,2.8150724101159437,0.0,0,0.8571428571428571,-6.647526086956522,low,0.5455,2,0.6153846153846154,True,NOERROR,1,21600,0,2,False,False,0,16509,US,True,"TUCOWS.COM, CO.",370,730,True,0,False,False,,benign,no_adverse_signal
nbajqansaishenmeshihoukaishi1.com.cn,2026-07-23,36,3.5216055640184876,0.027777777777777776,0,0.75,-7.731456363636363,low,0.4,2,0.4827586206896552,True,NOERROR,1,300,0,2,False,False,0,132839,SC,False,北京新网数码信息技术有限公司,3,365,False,0,True,False,,malicious,spamhaus_zen
marvinzhang.com,2026-07-23,15,3.0957952550009344,0.0,0,0.375,-6.96347894736842,low,0.4762,3,0.8181818181818182,True,NOERROR,1,3600,1,4,True,False,0,14618,US,True,CNOBIN INFORMATION TECHNOLOGY LIMITED,374,730,False,0,False,False,False,benign,no_adverse_signal
xs8810.com,2026-07-23,10,2.2516291673878226,0.4,0,0.0,-10.171966666666668,low,0.3636,2,0.8333333333333334,True,NOERROR,1,600,0,2,False,False,0,9294,SC,False,Dominet (HK) Limited,2,365,False,0,False,False,,benign,no_adverse_signal
glyphcasino.com,2026-07-23,15,3.459431618637298,0.0,0,0.375,-7.365857894736842,low,0.5,6,1.0,True,NOERROR,2,300,0,2,False,False,2,13335,US,False,"Cloudflare, Inc.",1,365,True,0,False,False,,benign,no_adverse_signal
frezora.org,2026-07-23,11,2.5216406363433186,0.0,0,0.75,-7.104881818181818,low,0.5714,2,0.8571428571428571,True,NOERROR,1,21600,0,4,False,False,1,13335,CA,True,"TUCOWS.COM, CO.",1,365,True,0,False,False,,benign,no_adverse_signal
dioactive.com,2026-07-23,13,2.94770277922009,0.0,0,1.25,-6.8412,low,0.6667,2,0.8888888888888888,False,NXDOMAIN,0,,0,0,False,False,0,,,,,,,,,,False,,benign,no_adverse_signal
dabird.men,2026-07-23,10,2.2516291673878226,0.0,0,0.5,-7.289888888888888,low,0.6154,2,0.8333333333333334,True,NOERROR,2,300,0,2,False,False,0,16509,US,True,"Spaceship, Inc.",2,365,True,14,False,False,,benign,no_adverse_signal
sheetalglobal.co.uk,2026-07-23,19,3.0269868333592873,0.0,0,0.625,-6.8235782608695645,low,0.6087,3,0.6923076923076923,True,NOERROR,1,3600,0,2,False,False,0,14618,US,True,"Namecheap, Inc. t/a Spaceship [Tag = SPACESHIP]",5,365,False,0,False,False,,benign,no_adverse_signal
tgbotgcodrevit.ru,2026-07-23,17,3.182005814760214,0.0,0,0.4,-7.751064,low,0.5217,3,0.7142857142857143,True,NOERROR,2,300,2,2,True,False,2,13335,US,False,RU-CENTER-RU,3,365,False,0,False,False,False,benign,no_adverse_signal
ryansenhub.com,2026-07-23,14,3.121928094887362,0.0,0,0.42857142857142855,-7.0248647058823535,low,0.5,2,0.9,True,NOERROR,4,14400,1,4,True,False,0,53831,US,False,Squarespace Domains II LLC,2,365,True,15,False,False,False,benign,no_adverse_signal
nbaluxianggaoqnghuifangxiangmaci.com.cn,2026-07-23,39,3.4147170014624826,0.0,0,0.6842105263157895,-7.875826229508197,low,0.2791,4,0.4375,True,NOERROR,1,300,0,2,False,False,0,132839,SC,False,北京新网数码信息技术有限公司,3,365,False,0,False,False,,benign,no_adverse_signal
iwr-business-solutions.com,2026-07-23,26,3.3519530742463752,0.0,2,0.6666666666666666,-7.229407317073171,low,0.5946,2,0.5454545454545454,True,NOERROR,2,60,2,2,True,False,2,47583,FR,False,"HOSTINGER operations, UAB",2,731,False,0,False,False,False,benign,no_adverse_signal
ftcplj.com,2026-07-23,10,2.584962500721156,0.0,0,0.0,-9.145644444444445,low,0.5,6,1.0,False,NOERROR,0,,0,2,False,False,0,,,,July Name Limited,2,365,True,,,False,,benign,no_adverse_signal
onixblackwell.co.uk,2026-07-23,19,3.334679141051595,0.0,0,0.4444444444444444,-7.427917391304347,low,0.5,3,0.8461538461538461,True,NOERROR,2,3600,0,2,False,False,0,16509,US,True,"GoDaddy.com, LLC. [Tag = GODADDY]",3,365,False,24,False,False,,benign,no_adverse_signal
canyonstatescreens.info,2026-07-23,23,3.044110417748401,0.0,0,0.5,-6.356663636363637,medium,0.4828,3,0.5,False,NXDOMAIN,0,,0,0,False,False,0,,,,,,,,,,False,,benign,no_adverse_signal
51kannbamfgaoqng.com.cn,2026-07-23,23,3.2806390622295662,0.08695652173913043,0,0.4,-9.382441379310345,low,0.4545,3,0.6875,True,NOERROR,1,300,0,2,False,False,0,132839,SC,False,北京新网数码信息技术有限公司,3,365,False,0,False,False,,benign,no_adverse_signal
jxnc1hwj.com,2026-07-23,12,2.75,0.08333333333333333,0,0.0,-11.27573076923077,low,0.4,4,0.875,False,NOERROR,0,,0,2,False,False,0,,,,TuringSign Inc. d/b/a Cosmotown,2,365,False,,,False,,benign,no_adverse_signal
makrassystems.com,2026-07-23,17,2.7773627950641693,0.0,0,0.3,-7.009778260869565,low,0.6429,5,0.6153846153846154,True,NOERROR,1,1800,5,2,True,False,0,22612,US,False,NAMECHEAP INC,2,731,True,0,False,False,False,benign,no_adverse_signal
fabuleux.xyz,2026-07-23,12,2.75,0.0,0,1.0,-7.897253846153846,high,0.4615,1,0.875,True,NOERROR,2,27,0,4,False,False,0,,US,False,Porkbun LLC,2,365,False,0,False,False,,benign,no_adverse_signal
qh965.com,2026-07-23,9,2.321928094887362,0.3333333333333333,0,0.0,-11.493857142857141,low,0.2857,2,1.0,True,NOERROR,1,600,0,2,False,False,0,9294,SC,False,Dominet (HK) Limited,2,365,False,0,False,False,,benign,no_adverse_signal
sexybarcrawl.com,2026-07-23,16,3.2516291673878226,0.0,0,0.3333333333333333,-7.668471428571429,low,0.5,3,0.8333333333333334,True,NOERROR,2,600,0,2,False,False,0,16509,US,True,"GoDaddy.com, LLC",2,365,False,35,False,False,,benign,no_adverse_signal
iloveprefabs.com,2026-07-23,16,3.418295834054489,0.0,0,0.7142857142857143,-7.061347619047619,low,0.5882,2,0.9166666666666666,True,NOERROR,2,600,0,2,False,False,0,16509,US,True,"GoDaddy.com, LLC",1,365,False,35,False,False,,benign,no_adverse_signal
purefit.club,2026-07-23,12,2.807354922057604,0.0,0,0.75,-6.902772727272727,low,0.6154,1,1.0,True,NOERROR,2,3600,1,2,True,False,0,16509,US,True,"Spaceship, Inc.",2,365,True,53,False,False,,malicious,abuseipdb
thudparroqueozobrome.garden,2026-07-23,27,3.4841837197791885,0.0,0,0.8181818181818182,-7.86898108108108,low,0.3846,2,0.65,True,NOERROR,1,3600,0,2,False,False,0,54801,JP,False,"Spaceship, Inc.",2,365,True,0,False,False,,benign,no_adverse_signal
sbxusa.shop,2026-07-23,11,2.2516291673878226,0.0,0,0.5,-9.0243,low,0.5714,3,0.8333333333333334,True,NOERROR,1,300,0,2,False,False,0,,GE,False,,,,False,0,True,False,,malicious,spamhaus_zen
dearnhemselunch.nl,2026-07-23,18,3.3232314287976203,0.0,0,0.5,-7.028525925925925,low,0.4667,3,0.7333333333333333,True,NOERROR,1,300,2,2,True,False,0,14061,NL,True,Registrar.eu,14,,False,0,False,False,False,benign,no_adverse_signal
teknetra.org,2026-07-23,12,2.5,0.0,0,0.6,-6.678623076923078,low,0.625,2,0.75,True,NOERROR,1,50,0,2,False,False,0,47583,CY,False,"HOSTINGER operations, UAB",2,365,False,32,False,False,,benign,no_adverse_signal
turkiyeadvisor.co.uk,2026-07-23,20,3.521640636343319,0.0,0,0.75,-7.393552,low,0.48,2,0.8571428571428571,True,NOERROR,1,14400,1,4,True,False,1,42846,TR,True,"GoDaddy.com, LLC. [Tag = GODADDY]",17,365,False,0,False,False,False,benign,no_adverse_signal
halcrestroofing.com,2026-07-23,19,3.6402239289418516,0.0,0,0.5,-6.518255555555555,low,0.56,3,0.8666666666666667,True,NOERROR,1,21600,0,2,False,False,0,16509,US,True,"TUCOWS.COM, CO.",371,730,True,0,False,False,,benign,no_adverse_signal
precisionautomotive-diesel.com,2026-07-23,30,3.748328660365573,0.0,1,1.0833333333333333,-6.689797959183673,low,0.4118,2,0.6153846153846154,True,NOERROR,2,3600,0,2,False,False,0,16509,US,True,"GoDaddy.com, LLC",2,365,False,22,False,False,,benign,no_adverse_signal
abc8888.vip,2026-07-23,11,1.664497779200461,0.36363636363636365,0,0.5,-8.856263636363636,low,0.4,2,0.5714285714285714,True,NOERROR,2,300,0,2,False,False,2,13335,US,False,DYNADOT LLC,2,365,True,0,False,False,,benign,no_adverse_signal
dayimdevelopers.online,2026-07-23,22,3.4565647621309536,0.0,0,0.6666666666666666,-7.030566666666666,medium,0.5185,2,0.8,True,NOERROR,1,7200,0,2,False,False,0,40676,VG,False,"NETWORK SOLUTIONS, LLC.",2,365,False,0,False,False,,benign,no_adverse_signal
vinfastvf5.com,2026-07-23,14,2.9219280948873623,0.07142857142857142,0,0.2857142857142857,-8.02985882352941,low,0.5333,4,0.8,True,NOERROR,1,300,0,3,False,False,0,135905,VN,False,INET CORPORATION,2,365,True,0,True,False,,malicious,spamhaus_zen
spbpb.ru,2026-07-23,8,1.5219280948873621,0.0,0,0.0,-9.2245,low,0.5,5,0.6,True,NOERROR,1,21600,0,2,False,False,0,200350,RU,False,REGRU-RU,3,365,False,0,False,False,,benign,no_adverse_signal
melodicinstinct.com,2026-07-23,19,3.189898095464288,0.0,0,0.5,-6.531155555555556,low,0.5517,3,0.6666666666666666,True,NOERROR,2,600,2,4,True,False,0,16509,NL,True,Porkbun LLC,2,1096,False,9,False,False,False,benign,no_adverse_signal
hesapitem.com,2026-07-23,13,2.94770277922009,0.0,0,0.8,-6.4879,low,0.5714,1,0.8888888888888888,True,NOERROR,1,300,0,2,True,False,0,22612,US,True,"Spaceship, Inc.",2,365,False,0,False,False,,benign,no_adverse_signal
rkysupplements.com,2026-07-23,18,3.378783493486176,0.0,0,0.2727272727272727,-7.064324,low,0.5455,4,0.7857142857142857,True,NOERROR,1,21600,0,2,False,False,0,16509,US,True,"TUCOWS.COM, CO.",371,730,True,0,False,False,,benign,no_adverse_signal
luckylkai.net,2026-07-23,13,2.725480556997868,0.0,0,0.5,-8.0046,low,0.4762,5,0.7777777777777778,True,NOERROR,1,300,0,2,False,False,0,142403,HK,False,"Cloudflare, Inc.",2,365,True,0,True,True,,malicious,spamhaus_zen
eqikj.cn,2026-07-23,8,2.321928094887362,0.0,0,0.6666666666666666,-9.908814285714286,low,0.5,2,1.0,True,NOERROR,1,600,0,2,False,False,0,135097,SC,False,北京新网数码信息技术有限公司,3,365,False,0,False,False,,benign,no_adverse_signal
karl-heinz-handel.com,2026-07-23,21,3.381580488309164,0.0,2,0.5,-7.755109677419354,low,0.48,2,0.6470588235294118,True,NOERROR,1,3600,3,2,True,False,1,13335,CA,True,"Cloudflare, Inc.",2,365,True,0,False,False,False,benign,no_adverse_signal
rotarydistrict2475.org,2026-07-23,22,3.530493056757482,0.18181818181818182,0,0.4,-7.465360606060606,low,0.5,3,0.7222222222222222,True,NOERROR,1,900,1,2,True,False,0,39729,IT,True,Register SpA,2,365,False,0,False,False,False,benign,no_adverse_signal
ruyainsights.com,2026-07-23,16,3.2516291673878226,0.0,0,0.5,-7.150461904761905,low,0.6,4,0.8333333333333334,True,NOERROR,4,14400,0,2,False,False,0,15169,US,True,"HOSTINGER operations, UAB",2,365,False,0,False,False,,benign,no_adverse_signal
carveluntumultuously.beer,2026-07-23,25,3.403701696057348,0.0,0,0.6666666666666666,-7.47224054054054,low,0.4286,3,0.65,True,NOERROR,2,300,0,2,False,False,0,16509,US,True,"Spaceship, Inc.",2,365,True,14,False,False,,benign,no_adverse_signal
tremvoly.com,2026-07-23,12,3.0,0.0,0,0.3333333333333333,-7.626338461538461,low,0.5556,2,1.0,True,NOERROR,2,300,0,2,False,False,2,13335,US,False,"NameSilo, LLC",2,365,True,0,False,False,,benign,no_adverse_signal
cyleodonnell.com,2026-07-23,16,2.688721875540867,0.0,0,0.5,-7.136995238095238,low,0.6316,3,0.5833333333333334,True,NOERROR,1,21600,0,2,False,False,0,16509,US,True,"TUCOWS.COM, CO.",736,1095,True,0,False,False,,benign,no_adverse_signal
upskill-eg.com,2026-07-23,14,3.121928094887362,0.0,1,0.5,-8.010852941176472,low,0.4762,3,0.9,True,NOERROR,1,14400,1,2,True,False,0,29066,DE,True,"HOSTINGER operations, UAB",2151,2191,False,0,False,False,False,benign,no_adverse_signal
xl9.games,2026-07-23,9,1.584962500721156,0.1111111111111111,0,0.0,-11.653633333333334,low,0.5714,2,1.0,True,NOERROR,2,300,0,2,False,False,2,13335,US,False,,,,False,0,False,False,,benign,no_adverse_signal
munsonadvanced.com,2026-07-23,18,3.182005814760214,0.0,0,0.5555555555555556,-6.851312,low,0.4828,2,0.7142857142857143,True,NOERROR,1,300,0,0,False,False,0,58182,US,True,Wix.com Ltd.,371,730,True,0,False,False,,benign,no_adverse_signal
swastikaresidency.com,2026-07-23,21,3.454822399946607,0.0,0,0.5454545454545454,-6.595493548387098,low,0.4545,3,0.7058823529411765,True,NOERROR,1,1400,1,3,True,False,0,150055,IN,True,"Gransy, s.r.o.",2,365,False,0,False,False,False,benign,no_adverse_signal
tante777play.com,2026-07-23,16,2.8553885422075336,0.1875,0,0.5,-7.7489380952380955,low,0.4762,2,0.6666666666666666,True,NOERROR,1,300,0,2,True,False,0,22612,SG,True,NAMECHEAP INC,2,365,True,2,False,False,,benign,no_adverse_signal
aypmvf.com,2026-07-23,10,2.584962500721156,0.0,0,0.2,-9.946922222222222,low,0.5,5,1.0,True,NOERROR,2,300,0,2,False,False,2,13335,US,False,"Spaceship, Inc.",2,365,False,0,False,False,,benign,no_adverse_signal
makebeautyclub.shop,2026-07-23,19,3.2359263506290334,0.0,0,0.75,-7.253927999999999,low,0.48,4,0.7142857142857143,True,NOERROR,1,300,0,2,False,False,0,199242,GE,True,,,,False,0,False,False,,benign,no_adverse_signal
m31-verified.com,2026-07-23,16,3.2516291673878226,0.125,1,0.8,-8.708971428571427,low,0.48,1,0.8333333333333334,True,NOERROR,1,300,0,2,False,False,0,206834,DE,False,DYNADOT LLC,1,3653,True,22,False,False,,benign,no_adverse_signal
aaravtirk.online,2026-07-23,16,2.4193819456463714,0.0,0,0.8,-7.544286666666666,medium,0.5882,2,0.6666666666666666,True,NOERROR,1,1799,5,2,True,False,0,47583,FR,False,NAMECHEAP INC,2,365,True,0,False,False,False,benign,no_adverse_signal
ancra.sbs,2026-07-23,9,1.9219280948873623,0.0,0,0.6666666666666666,-6.538657142857143,low,0.6,3,0.8,True,NOERROR,2,300,0,2,False,False,2,13335,US,False,DYNADOT LLC,2,365,True,0,False,False,,benign,no_adverse_signal
dragon-money777-11.top,2026-07-23,22,3.4613201402110083,0.22727272727272727,2,0.5714285714285714,-8.186972727272726,high,0.3636,2,0.6666666666666666,True,NOERROR,1,300,0,2,False,False,0,206834,DE,False,Dynadot LLC,2,365,True,22,False,False,,benign,no_adverse_signal
phoebehaven.xyz,2026-07-23,15,2.845350936622437,0.0,0,0.8333333333333334,-7.3694,high,0.5556,2,0.7272727272727273,True,NOERROR,2,300,0,2,False,False,2,13335,US,False,NAMECHEAP INC,2,365,True,0,False,False,,benign,no_adverse_signal
fimkaportal.com,2026-07-23,15,3.277613436819116,0.0,0,0.5714285714285714,-7.084652631578947,low,0.6,2,0.9090909090909091,True,NOERROR,1,14400,0,3,False,False,0,24940,DE,True,Doruk Bilisim Teknolojileri Ltd,2,365,False,0,False,False,,benign,no_adverse_signal
vlogtx.quest,2026-07-23,12,2.584962500721156,0.0,0,0.2,-8.824677777777778,low,0.5714,3,1.0,False,NOERROR,0,,0,2,False,False,0,,,,DYNADOT LLC,2,365,True,,,False,,benign,no_adverse_signal
oyettyfoundation.org,2026-07-23,20,3.1556390622295662,0.0,0,0.7777777777777778,-6.965889655172413,low,0.5455,4,0.625,True,NOERROR,2,3600,0,2,False,False,0,16509,US,True,"GoDaddy.com, LLC",2,1826,False,22,False,False,,benign,no_adverse_signal
touchspect.com,2026-07-23,14,2.9219280948873623,0.0,0,0.42857142857142855,-7.1693235294117645,low,0.5,4,0.8,True,NOERROR,1,3600,0,2,False,False,0,398101,US,True,"GoDaddy.com, LLC",2,365,False,0,False,False,,benign,no_adverse_signal
cobaltclaim.com,2026-07-23,15,2.9139770731827523,0.0,0,0.5714285714285714,-7.0289,low,0.5455,4,0.7272727272727273,True,NOERROR,2,3600,1,2,True,False,0,16509,US,True,Unstoppable Domains Inc.,412,730,False,53,False,False,,malicious,abuseipdb
challengedesafio.online,2026-07-23,23,3.452819531114783,0.0,0,0.7777777777777778,-6.659355172413793,medium,0.5185,2,0.75,True,NOERROR,2,300,0,2,False,False,2,13335,US,False,"HOSTINGER operations, UAB",2,365,False,0,False,False,,benign,no_adverse_signal
moviesz.xyz,2026-07-23,11,2.807354922057604,0.0,0,0.75,-7.006045454545455,high,0.5556,2,1.0,True,NOERROR,1,1800,5,2,True,False,0,22612,US,False,NAMECHEAP INC,2,365,True,0,False,False,False,benign,no_adverse_signal
amicalolaemctrust.net,2026-07-23,21,3.3371753411230776,0.0,0,0.7,-6.996341935483871,low,0.6429,4,0.6470588235294118,True,NOERROR,2,300,0,2,False,False,2,13335,US,False,"EnCirca, Inc.",2,1826,True,0,False,False,,benign,no_adverse_signal
monopoly.beer,2026-07-23,13,2.4056390622295662,0.0,0,0.6,-6.7917000000000005,low,0.5,2,0.75,True,NOERROR,1,600,0,2,False,False,0,45102,SG,False,Alibaba Cloud Computing Ltd. d/b/a HiChina (www.net.cn),2,365,True,0,False,False,,benign,no_adverse_signal
n247qfu2.shop,2026-07-23,13,2.75,0.3076923076923077,0,0.3333333333333333,-11.26793076923077,low,0.3636,2,0.875,True,NOERROR,2,300,0,2,False,False,0,16509,US,True,,,,False,14,False,False,,benign,no_adverse_signal
onlinedoxne.com,2026-07-23,15,2.663532754804255,0.0,0,0.8333333333333334,-6.7408052631578945,low,0.6316,2,0.6363636363636364,True,NOERROR,1,300,0,2,False,False,0,206264,HK,True,"Spaceship, Inc.",1,365,False,0,False,True,,malicious,spamhaus_dbl
gypsy-dungeon.party,2026-07-23,19,3.238901256602631,0.0,1,0.3333333333333333,-8.040565217391304,low,0.5,5,0.7692307692307693,True,NOERROR,2,300,0,2,False,False,2,13335,US,False,"Cloudflare, Inc.",1,365,True,0,False,False,,benign,no_adverse_signal
lenderorg.com,2026-07-23,13,2.725480556997868,0.0,0,0.5,-6.313926666666666,low,0.5714,2,0.7777777777777778,True,NOERROR,1,7200,0,2,False,False,0,31898,US,False,"Network Solutions, LLC",2,365,True,0,False,False,,benign,no_adverse_signal
vibranche.com,2026-07-23,13,3.169925001442312,0.0,0,0.5,-6.504053333333333,low,0.625,3,1.0,False,NXDOMAIN,0,,0,0,False,False,0,,,,"GMO Internet, Inc.",2,365,True,,,False,,benign,no_adverse_signal
huanle6936.cc,2026-07-23,13,3.1219280948873624,0.3076923076923077,0,1.0,-9.334082352941175,low,0.5,2,0.9,False,NOERROR,0,,0,2,False,False,0,,,,"NameSilo, LLC",2,365,True,,,False,,benign,no_adverse_signal
ssvip667.top,2026-07-23,12,2.5,0.25,0,0.25,-9.678792307692307,high,0.4286,3,0.75,True,NOERROR,1,600,0,2,False,False,0,138415,HK,False,Eranet International Limited,2,365,True,0,False,False,,benign,no_adverse_signal
katygutterpros.com,2026-07-23,18,3.3248629576173574,0.0,0,0.4,-7.215644,low,0.5455,3,0.7857142857142857,True,NOERROR,2,1800,0,2,False,False,0,16509,US,False,NAMECHEAP INC,2,365,True,0,False,False,,benign,no_adverse_signal
portal-meudetran-ms-app.online,2026-07-23,30,3.555533151426996,0.0,3,0.5384615384615384,-7.097362790697674,medium,0.4,2,0.5652173913043478,True,NOERROR,1,300,0,2,False,False,0,47583,BR,False,"NicNames, Inc",2,365,True,0,True,False,,malicious,spamhaus_zen
dhns-inserm.com,2026-07-23,15,3.095795255000934,0.0,1,0.25,-7.21171052631579,low,0.6087,4,0.8181818181818182,True,NOERROR,2,300,0,2,True,False,2,14618,US,True,DropCatch.com 1503 LLC,2,365,False,0,False,False,,benign,no_adverse_signal
pureinbloom.com,2026-07-23,15,3.277613436819116,0.0,0,0.8333333333333334,-6.894384210526316,low,0.5,3,0.9090909090909091,True,NOERROR,1,300,0,2,False,False,0,40034,VG,False,"Network Solutions, LLC",2,365,True,24,False,False,,benign,no_adverse_signal
ananay-cl.club,2026-07-23,14,2.4193819456463714,0.0,1,0.6,-7.015973333333333,low,0.4615,2,0.6666666666666666,True,NOERROR,1,300,2,2,True,False,0,22612,US,True,"Spaceship, Inc.",2,365,True,0,False,False,False,benign,no_adverse_signal
nanas31998.com,2026-07-23,14,2.7219280948873625,0.35714285714285715,0,0.6666666666666666,-8.978958823529412,low,0.4286,1,0.7,True,NOERROR,1,1800,5,2,True,False,0,22612,US,False,NAMECHEAP INC,2,365,True,0,False,False,False,benign,no_adverse_signal
liyuan-kb.top,2026-07-23,13,3.169925001442312,0.0,1,0.6,-8.743866666666666,high,0.6667,2,1.0,False,NOERROR,0,,0,2,False,False,0,,,,Alibaba Cloud Computing Ltd. d/b/a HiChina (www.net.cn),2,365,True,,,False,,benign,no_adverse_signal
amprterimaqq.site,2026-07-23,17,2.918295834054489,0.0,0,0.5,-7.362347619047618,medium,0.5,4,0.6666666666666666,True,NOERROR,2,300,5,2,True,False,2,13335,US,False,NAMECHEAP INC,2,365,True,0,False,False,False,benign,no_adverse_signal
dg99.io,2026-07-23,7,1.5,0.2857142857142857,0,0.0,-10.67654,low,0.4,2,0.75,True,NOERROR,2,300,0,2,False,False,2,13335,US,False,DYNADOT LLC,3,365,True,0,False,False,,benign,no_adverse_signal
uweitui.com,2026-07-23,11,2.2359263506290326,0.0,0,2.5,-7.784236363636364,low,0.6154,1,0.7142857142857143,False,NOERROR,0,,0,2,False,False,0,,,,"COSMOTOWN, INC.",2,365,False,,,False,,benign,no_adverse_signal
nbaquduipaihangbangnba.com.cn,2026-07-23,29,3.0792258015191023,0.0,0,0.6923076923076923,-7.8230463414634155,low,0.3636,4,0.45454545454545453,True,NOERROR,1,300,0,2,False,False,0,132839,SC,False,北京新网数码信息技术有限公司,3,365,False,0,False,False,,benign,no_adverse_signal
storap.app,2026-07-23,10,2.584962500721156,0.0,0,0.5,-5.827533333333333,low,0.6667,2,1.0,True,NOERROR,2,300,0,2,False,False,2,13335,US,False,,,,False,0,False,False,,benign,no_adverse_signal
nextlevelgamingpodcast.com,2026-07-23,26,3.788754913993502,0.0,0,0.4666666666666667,-6.9860243902439025,low,0.4444,3,0.6818181818181818,True,NOERROR,1,600,2,2,True,False,0,16509,US,True,"GoDaddy.com, LLC",1,365,False,0,False,False,False,benign,no_adverse_signal
tangx.click,2026-07-23,11,2.321928094887362,0.0,0,0.25,-6.872114285714285,medium,0.6,3,1.0,True,NOERROR,2,300,0,2,False,False,2,13335,US,False,DYNADOT LLC,2,365,True,0,False,False,,benign,no_adverse_signal
tiffanybymargie.com,2026-07-23,19,3.3735572622751846,0.0,0,0.5,-7.659325925925926,low,0.4828,5,0.7333333333333333,True,NOERROR,2,3600,2,2,True,False,0,16509,US,True,"GoDaddy.com, LLC",2,731,False,24,False,False,False,benign,no_adverse_signal
hannahmeadow.xyz,2026-07-23,16,2.8553885422075336,0.0,0,0.7142857142857143,-7.204747619047619,high,0.5,2,0.6666666666666666,True,NOERROR,2,300,0,2,False,False,2,13335,US,False,NAMECHEAP INC,2,365,True,0,False,False,,benign,no_adverse_signal
dizhuiz.cc,2026-07-23,10,2.2359263506290326,0.0,0,0.75,-8.305872727272726,low,0.5455,2,0.7142857142857143,True,NOERROR,1,1,0,2,False,True,0,40065,US,False,"NameSilo, LLC",3,365,True,0,False,False,,benign,no_adverse_signal
best-casinos-online-australia.sbs,2026-07-23,33,3.53850987421411,0.0,3,0.8571428571428571,-6.555274545454545,low,0.4762,3,0.4482758620689655,False,NOERROR,0,,0,2,False,False,0,,,,"Spaceship, Inc.",2,365,False,,,False,,benign,no_adverse_signal
jademesasweets.com,2026-07-23,18,2.7534343861887853,0.0,0,0.75,-6.894728,low,0.5455,2,0.5714285714285714,True,NOERROR,4,14400,1,4,True,False,0,53831,US,False,Squarespace Domains II LLC,1,365,True,32,False,False,False,benign,no_adverse_signal
casibom-girisresmi.com,2026-07-23,22,3.239097917988786,0.0,1,0.7,-7.3959484848484855,low,0.4138,2,0.6111111111111112,True,NOERROR,2,300,0,2,False,False,2,13335,US,False,"NICENIC INTERNATIONAL GROUP CO., LIMITED",1,365,False,0,False,True,,malicious,spamhaus_dbl
kitchenrack.shop,2026-07-23,16,3.0957952550009344,0.0,0,0.375,-6.731384210526316,low,0.5556,3,0.8181818181818182,True,NOERROR,1,1800,0,2,False,False,0,132203,US,False,,,,False,0,True,False,,malicious,spamhaus_zen
streekfood.com,2026-07-23,14,2.9219280948873623,0.0,0,0.6666666666666666,-7.0389647058823535,low,0.5882,3,0.8,False,SERVFAIL,0,,0,0,False,False,0,,,,Hosting Concepts B.V. d/b/a Registrar.eu,2,365,True,,,False,,benign,no_adverse_signal
mamaafrikanatural.com,2026-07-23,21,2.9398290174664026,0.0,0,0.8888888888888888,-6.888341935483871,low,0.4516,2,0.5882352941176471,True,NOERROR,2,3600,3,2,True,False,0,16509,US,True,"GoDaddy.com, LLC",2,365,False,22,False,False,False,benign,no_adverse_signal
refuelsocial.com,2026-07-23,16,3.2516291673878226,0.0,0,1.0,-7.208728571428571,low,0.5263,2,0.8333333333333334,True,NOERROR,2,3600,1,2,True,False,0,16509,US,True,UnstoppableUS2 LLC,2,365,False,27,False,False,,benign,no_adverse_signal
xn--r8s20z.cc,2026-07-23,13,3.121928094887362,0.23076923076923078,2,0.0,-11.045317647058823,low,0.4,2,0.9,True,NOERROR,1,10800,0,2,False,False,0,16509,US,True,DYNADOT LLC,3,365,True,24,False,False,,benign,no_adverse_signal
lemori.app,2026-07-23,10,2.584962500721156,0.0,0,1.0,-6.4183111111111115,low,0.5455,1,1.0,True,NOERROR,2,300,2,2,True,False,2,13335,US,False,,,,False,0,False,False,False,benign,no_adverse_signal
lumesilver.com,2026-07-23,14,2.9219280948873623,0.0,0,0.6666666666666666,-6.816188235294118,low,0.5714,2,0.8,True,NOERROR,3,3600,0,2,False,False,0,58182,US,True,Wix.com Ltd.,2,365,False,23,False,False,,benign,no_adverse_signal
skjerpingen.no,2026-07-23,14,3.095795255000934,0.0,0,0.375,-7.4591,low,0.6316,3,0.8181818181818182,True,NOERROR,1,14400,1,3,True,False,0,200719,SE,False,,2,,False,0,False,False,False,benign,no_adverse_signal
ylume.dev.br,2026-07-23,12,2.321928094887362,0.0,0,0.6666666666666666,-7.616485714285714,low,0.5455,2,1.0,True,NOERROR,4,3600,1,2,True,False,0,54113,US,True,,4,365,False,24,False,False,False,benign,no_adverse_signal
geert.fr,2026-07-23,8,1.9219280948873623,0.0,0,0.6666666666666666,-6.498728571428572,low,0.6154,2,0.8,True,NOERROR,1,14400,2,3,True,False,0,,,False,XNS Registrar B.V.,0,364,False,0,False,False,False,benign,no_adverse_signal
ecce.games,2026-07-23,10,1.0,0.0,0,1.0,-7.16892,low,0.5714,2,0.5,True,NOERROR,2,600,0,2,False,False,0,16509,US,True,,,,False,35,False,False,,benign,no_adverse_signal
assetcrown.org,2026-07-23,14,3.121928094887362,0.0,0,0.42857142857142855,-6.945611764705882,low,0.5,3,0.9,True,NOERROR,1,14400,1,2,True,False,0,19318,US,True,"NameSilo, LLC",19,365,False,0,False,False,False,benign,no_adverse_signal
fictionfoxx.com,2026-07-23,15,2.7321588913645702,0.0,0,0.5714285714285714,-6.867968421052631,low,0.5556,2,0.6363636363636364,True,NOERROR,2,3600,0,2,False,False,0,16509,US,True,"GoDaddy.com, LLC",2,731,False,23,False,False,,benign,no_adverse_signal
wishokasino.fi,2026-07-23,14,2.9139770731827523,0.0,0,0.8333333333333334,-6.625973684210527,low,0.5,2,0.7272727272727273,True,NOERROR,2,300,0,2,False,False,2,13335,US,False,Registrar.eu,2,365,False,0,False,False,,benign,no_adverse_signal
vladtoy.ru,2026-07-23,10,2.807354922057604,0.0,0,0.4,-7.867718181818182,low,0.6667,2,1.0,True,NOERROR,1,3600,2,2,True,False,1,197695,RU,True,REGRU-RU,3,365,False,0,False,False,False,benign,no_adverse_signal
888fwz.com,2026-07-23,10,1.7924812503605778,0.3,0,0.0,-10.254933333333334,low,0.3077,3,0.6666666666666666,True,NOERROR,2,300,0,2,False,False,2,13335,US,False,Dominet (HK) Limited,2,365,False,0,False,False,,benign,no_adverse_signal
aakashhq.com,2026-07-23,12,2.1556390622295662,0.0,0,0.6,-8.326876923076922,low,0.5714,4,0.625,True,NOERROR,2,300,0,2,True,False,2,13335,US,False,"Cloudflare, Inc.",2,365,True,0,False,False,,benign,no_adverse_signal
cinecebola.xyz,2026-07-23,14,2.9219280948873623,0.0,0,1.0,-6.58614705882353,high,0.5333,1,0.8,False,NOERROR,0,,0,2,False,False,0,,,,"Spaceship, Inc.",2,365,False,,,False,,benign,no_adverse_signal
rootedingracellc.org,2026-07-23,20,3.375,0.0,0,0.6,-6.428506896551725,low,0.5,3,0.6875,True,NOERROR,4,14400,1,4,True,False,0,53831,US,False,Squarespace Domains II LLC,1,365,True,43,False,False,False,benign,no_adverse_signal
thestarsthatwatched.com,2026-07-23,23,2.925853014561282,0.0,0,0.35714285714285715,-6.528797142857143,low,0.5161,4,0.47368421052631576,True,NOERROR,4,14400,1,4,True,False,0,53831,US,False,Squarespace Domains II LLC,2,365,True,32,False,False,False,benign,no_adverse_signal
otoupdate.my.id,2026-07-23,15,2.725480556997868,0.0,0,1.25,-6.710566666666667,low,0.6364,2,0.7777777777777778,True,NOERROR,1,600,1,2,True,False,1,63949,SG,True,,,,False,0,False,False,False,benign,no_adverse_signal
238win.online,2026-07-23,13,2.584962500721156,0.23076923076923078,0,0.5,-9.758422222222222,medium,0.4615,1,1.0,True,NOERROR,1,1800,0,2,False,False,1,47583,BR,False,"HOSTINGER operations, UAB",1,365,False,0,False,False,,benign,no_adverse_signal
cozyhomesempireltd.com,2026-07-23,22,3.6835423624332306,0.0,0,0.5,-7.415606060606061,low,0.4516,3,0.7777777777777778,True,NOERROR,1,14400,1,3,True,False,0,16276,FR,True,"NameSilo, LLC",2,365,False,0,False,True,False,malicious,spamhaus_dbl
avendres.com,2026-07-23,12,2.75,0.0,0,0.6,-6.316715384615384,low,0.6667,3,0.875,False,NOERROR,0,,1,2,True,False,0,,,,NETIM,2,365,True,,,False,False,benign,no_adverse_signal
2226333ldstu0.top,2026-07-23,17,2.9689185639620974,0.47058823529411764,0,0.25,-9.816747826086957,high,0.32,4,0.6923076923076923,False,NOERROR,0,,0,2,False,False,0,,,,"Spaceship, Inc.",2,365,True,,,False,,benign,no_adverse_signal
ovarento.digital,2026-07-23,16,2.75,0.0,0,1.0,-6.235961538461538,low,0.5556,2,0.875,True,NOERROR,2,300,0,2,False,False,2,13335,US,False,,,,,0,False,False,,benign,no_adverse_signal
seinoshoji.net,2026-07-23,14,2.721928094887362,0.0,0,1.0,-7.159964705882352,low,0.5333,2,0.7,True,NOERROR,4,14400,1,4,True,False,0,53831,US,False,Squarespace Domains II LLC,2,365,True,15,False,False,False,benign,no_adverse_signal
1gon.pro,2026-07-23,8,2.0,0.125,0,0.5,-8.180679999999999,low,0.5714,1,1.0,True,NOERROR,2,300,0,2,False,False,2,13335,US,False,,,,,0,False,False,,benign,no_adverse_signal
softbytex.store,2026-07-23,15,2.94770277922009,0.0,0,0.2857142857142857,-7.5624866666666675,low,0.5,5,0.8888888888888888,True,NOERROR,2,300,0,2,False,False,2,13335,US,False,,,,False,0,False,False,,benign,no_adverse_signal
calculadoraalicia.digital,2026-07-23,25,2.7274972248524723,0.0,0,1.125,-6.842445161290323,low,0.4615,2,0.47058823529411764,True,NOERROR,2,300,5,2,True,False,2,13335,US,False,,,,,0,False,False,False,benign,no_adverse_signal
syntharimnzd.live,2026-07-23,17,3.418295834054489,0.0,0,0.2,-7.976309523809523,low,0.5455,5,0.9166666666666666,True,NOERROR,2,300,0,2,False,False,2,13335,US,False,,,,False,0,False,False,,benign,no_adverse_signal
coopercappartners.com,2026-07-23,21,3.0574760762899316,0.0,0,0.5454545454545454,-6.461690322580645,low,0.4828,3,0.5294117647058824,True,NOERROR,2,300,1,2,True,False,2,13335,US,False,Porkbun LLC,1,365,False,0,False,False,False,benign,no_adverse_signal
c8bet.io,2026-07-23,8,2.321928094887362,0.125,0,0.3333333333333333,-9.034571428571429,low,0.5,1,1.0,True,NOERROR,2,300,0,2,False,False,2,13335,US,False,DYNADOT LLC,3,365,True,0,False,False,,benign,no_adverse_signal
udixsoftwater.com,2026-07-23,17,3.546593564294939,0.0,0,0.625,-7.199847826086956,low,0.5,3,0.9230769230769231,True,NOERROR,2,3600,1,2,True,False,0,16509,US,True,"GoDaddy.com, LLC",2,365,False,22,False,False,,benign,no_adverse_signal
recykol.com,2026-07-23,11,2.807354922057604,0.0,0,0.4,-8.26410909090909,low,0.5333,3,1.0,True,NOERROR,1,21600,3,2,True,False,0,15169,US,True,"TUCOWS.COM, CO.",2,365,True,0,False,False,False,benign,no_adverse_signal
mancingduit263jpx.site,2026-07-23,22,3.8521687236032816,0.13636363636363635,0,0.4,-8.63827741935484,medium,0.4348,3,0.8823529411764706,True,NOERROR,2,300,0,2,False,False,2,13335,US,False,NAMECHEAP INC,2,365,True,0,False,False,,benign,no_adverse_signal
syrianrealty.com,2026-07-23,16,3.0849625007211556,0.0,0,0.5,-7.150085714285715,low,0.5,3,0.75,False,NOERROR,0,,0,2,False,False,0,,,,"Cloudflare, Inc.",2,365,True,,,False,,benign,no_adverse_signal
esegends.cc,2026-07-23,11,2.1556390622295662,0.0,0,0.6,-6.567584615384616,low,0.5714,3,0.625,True,NOERROR,2,300,0,2,False,False,2,13335,US,False,NAMECHEAP INC,3,365,False,0,False,False,,benign,no_adverse_signal
strongerathome.fit,2026-07-23,18,3.2359263506290334,0.0,0,0.5555555555555556,-6.126732,low,0.5455,3,0.7142857142857143,True,NOERROR,1,1800,5,2,True,False,0,22612,US,False,NAMECHEAP INC,2,365,True,0,False,False,False,benign,no_adverse_signal
felicitasgiftstore.shop,2026-07-23,23,3.3082708345352603,0.0,0,0.6363636363636364,-6.865545454545455,low,0.4516,4,0.6111111111111112,True,NOERROR,1,300,0,2,False,False,0,199242,US,False,,,,False,0,False,False,,benign,no_adverse_signal
thefemalecompanystore.shop,2026-07-23,26,3.6304126608739975,0.0,0,0.6153846153846154,-6.543702564102564,low,0.6471,4,0.6666666666666666,True,NOERROR,1,300,0,2,False,False,0,,GE,False,,,,False,0,True,False,,malicious,spamhaus_zen
kfkcpe.com,2026-07-23,10,2.2516291673878226,0.0,0,0.2,-10.043133333333333,low,0.5455,5,0.8333333333333334,False,NOERROR,0,,2,2,False,False,0,,,,NAMECHEAP INC,2,365,True,,,False,False,benign,no_adverse_signal
untyck.click,2026-07-23,12,2.584962500721156,0.0,0,0.2,-7.674433333333334,medium,0.6154,5,1.0,True,NOERROR,2,300,0,2,False,False,2,13335,US,False,"GMO Internet, Inc.",2,365,False,0,False,False,,benign,no_adverse_signal
viutoto-puncak.shop,2026-07-23,19,3.3787834934861767,0.0,1,0.8571428571428571,-7.6693,low,0.4762,2,0.7857142857142857,True,NOERROR,2,300,0,2,False,False,2,13335,US,False,,,,False,0,False,False,,benign,no_adverse_signal
palisadescompensation.com,2026-07-23,25,3.4632805178108104,0.0,0,0.75,-6.349905128205128,low,0.5,2,0.5714285714285714,True,NOERROR,2,3600,0,2,False,False,0,16509,US,True,"GoDaddy.com, LLC",2,365,False,22,False,False,,benign,no_adverse_signal
berrychapternewsschool.mom,2026-07-23,26,3.6635327548042538,0.0,0,0.375,-6.845400000000001,low,0.4118,5,0.6363636363636364,True,NOERROR,2,300,0,2,False,False,2,13335,US,False,"NameSilo, LLC",2,365,True,0,False,False,,benign,no_adverse_signal
casamovils.com,2026-07-23,14,2.9219280948873623,0.0,0,0.6666666666666666,-6.706305882352941,low,0.5714,2,0.8,True,NOERROR,4,14400,0,4,True,False,0,53831,US,False,Squarespace Domains LLC,2,1096,True,15,False,False,,benign,no_adverse_signal
sltopic.com,2026-07-23,11,2.807354922057604,0.0,0,0.4,-7.199218181818182,low,0.6154,3,1.0,True,NOERROR,2,3600,0,2,False,False,0,16509,US,True,"GoDaddy.com, LLC",2,365,False,22,False,False,,benign,no_adverse_signal
cctvnbazhibozaixianguankanq.com.cn,2026-07-23,34,3.6302753548819777,0.0,0,0.5882352941176471,-7.944631372549019,low,0.3158,6,0.5555555555555556,True,NOERROR,1,300,0,2,False,False,0,132839,SC,False,北京新网数码信息技术有限公司,3,365,False,0,True,False,,malicious,spamhaus_zen
mine-pro.com,2026-07-23,12,3.0,0.0,1,0.75,-6.5445,low,0.625,2,1.0,True,NOERROR,1,600,0,2,False,False,0,13335,DE,True,"GoDaddy.com, LLC",2,1096,False,68,False,False,,malicious,abuseipdb
inventvlbe.vu,2026-07-23,13,2.721928094887362,0.0,0,0.42857142857142855,-7.535494117647058,low,0.6,5,0.7,True,NOERROR,2,300,0,2,False,False,2,13335,US,False,DYNADOT LLC,3,365,True,0,False,False,,benign,no_adverse_signal
cobalt-group.fr,2026-07-23,15,3.418295834054489,0.0,1,0.5714285714285714,-7.160076190476191,low,0.5263,2,0.9166666666666666,True,NOERROR,4,14400,0,2,False,False,0,54113,US,True,Hostinger operations UAB,1,1095,False,24,False,False,,benign,no_adverse_signal
hqr-valeo.com,2026-07-23,13,3.169925001442312,0.0,1,0.6,-8.72094,low,0.5333,3,1.0,True,NOERROR,1,900,5,2,True,False,0,400956,US,True,"TUCOWS.COM, CO.",1830,2191,True,0,False,False,False,benign,no_adverse_signal
tiger-iptv.com,2026-07-23,14,2.9219280948873623,0.0,1,0.5,-7.575782352941176,low,0.5556,3,0.8,True,NOERROR,2,300,0,2,False,False,2,13335,US,False,NAMECHEAP INC,2,365,True,0,False,False,,benign,no_adverse_signal
urbanfurbabies.com,2026-07-23,18,3.039148671903071,0.0,0,0.75,-7.2781839999999995,low,0.4444,2,0.6428571428571429,True,NOERROR,1,600,1,2,False,False,0,47846,DE,False,IONOS SE,1099,1461,True,0,False,False,False,benign,no_adverse_signal
darfiny.com,2026-07-23,11,2.807354922057604,0.0,0,0.4,-7.1450545454545455,low,0.5714,2,1.0,True,NOERROR,1,1800,0,0,False,False,0,58182,US,True,Wix.com Ltd.,735,1095,False,0,False,False,,benign,no_adverse_signal
mnk88.club,2026-07-23,10,1.9219280948873623,0.2,0,0.0,-10.551928571428572,low,0.5,3,0.8,True,NOERROR,1,300,0,2,False,False,0,206834,DE,False,DYNADOT LLC,2,365,True,22,False,False,,benign,no_adverse_signal
bhh9s2w4g9.shop,2026-07-23,15,2.9219280948873623,0.26666666666666666,0,0.0,-12.364241176470589,low,0.3158,3,0.8,True,NOERROR,2,300,0,2,False,False,2,13335,US,False,,,,False,0,False,False,,benign,no_adverse_signal
earldelapointe.fr,2026-07-23,17,3.182005814760214,0.0,0,1.0,-6.4798,low,0.6667,3,0.7142857142857143,True,NOERROR,1,3600,3,2,True,False,0,16276,FR,True,OVH,1,364,False,16,False,False,False,benign,no_adverse_signal
shopbloomaire.com,2026-07-23,17,3.334679141051595,0.0,0,0.8571428571428571,-6.720086956521739,low,0.5455,3,0.8461538461538461,True,NOERROR,2,600,0,2,False,False,0,16509,US,True,"GoDaddy.com, LLC",2,365,False,33,False,False,,benign,no_adverse_signal
aloftusre.com,2026-07-23,13,3.169925001442312,0.0,0,0.8,-7.412393333333333,low,0.6667,2,1.0,True,NOERROR,3,60,0,4,False,False,0,14618,US,True,"GoDaddy.com, LLC",2,365,False,0,False,False,,benign,no_adverse_signal
mysteriousthingstarot.com,2026-07-23,25,3.4992275417233567,0.0,0,0.5,-6.3958641025641025,low,0.5161,4,0.6190476190476191,True,NOERROR,1,300,0,4,False,False,0,13335,DE,True,"Name.com, Inc.",1,365,True,68,False,False,,malicious,abuseipdb
123yh33323aa70.online,2026-07-23,21,2.692380602454975,0.47619047619047616,0,1.0,-10.792668,medium,0.2857,2,0.5714285714285714,False,NOERROR,0,,0,2,False,False,0,,,,"GoDaddy.com, LLC",2,365,False,,,False,,benign,no_adverse_signal
nexauroraeado.club,2026-07-23,18,2.8731406795131336,0.0,0,1.6,-7.239565217391304,low,0.5263,1,0.6153846153846154,True,NOERROR,2,300,0,2,False,False,2,13335,US,False,"NameSilo, LLC",2,365,True,0,False,False,,benign,no_adverse_signal
fishingboatcupholder.com,2026-07-23,24,4.021928094887362,0.0,0,0.5384615384615384,-7.071956756756757,low,0.4286,3,0.85,True,NOERROR,2,600,0,2,False,False,0,16509,US,True,"GoDaddy.com, LLC",1,365,False,33,False,False,,benign,no_adverse_signal
memberplus168x1.website,2026-07-23,23,3.5068905956085183,0.17391304347826086,0,0.375,-8.469903703703704,low,0.4,3,0.8,True,NOERROR,1,10800,0,2,False,False,0,26496,US,True,"GoDaddy.com, LLC",2,365,False,0,False,False,,benign,no_adverse_signal
2nbe.shop,2026-07-23,9,2.0,0.1111111111111111,0,0.5,-9.61086,low,0.5714,2,1.0,True,NOERROR,6,60,0,2,False,True,0,8075,KR,False,,,,False,0,False,True,,malicious,spamhaus_dbl
08970dh.icu,2026-07-23,11,2.5216406363433186,0.45454545454545453,0,0.0,-12.174000000000001,low,0.2667,2,0.8571428571428571,False,NOERROR,0,,0,2,False,False,0,,,,Gname.com Pte. Ltd.,2,365,True,,,False,,benign,no_adverse_signal
rajputcomputers.com,2026-07-23,19,3.3735572622751846,0.0,0,0.5,-7.292614814814815,low,0.5455,2,0.7333333333333333,True,NOERROR,2,3600,0,2,False,False,0,16509,US,True,"GoDaddy.com, LLC",2,365,False,23,False,False,,benign,no_adverse_signal
lespecsitems.shop,2026-07-23,17,2.792481250360578,0.0,0,0.5,-6.799085714285714,low,0.6,2,0.6666666666666666,True,NOERROR,1,300,0,2,False,False,0,199242,GE,True,,,,False,0,False,False,,benign,no_adverse_signal
oknortheast.in,2026-07-23,14,3.0957952550009344,0.0,0,0.5714285714285714,-6.614036842105262,low,0.6,3,0.8181818181818182,True,NOERROR,4,600,0,2,False,False,0,15169,US,True,GoDaddy,7,1096,False,0,False,False,,benign,no_adverse_signal
evolearnvox.club,2026-07-23,16,2.9139770731827523,0.0,0,0.8333333333333334,-7.291047368421053,low,0.4706,3,0.7272727272727273,True,NOERROR,3,3603,0,3,False,False,0,63949,US,True,"NameSilo, LLC",2,365,True,1,False,False,,benign,no_adverse_signal
tas-prime.kz,2026-07-23,12,3.169925001442312,0.0,1,0.6,-6.863706666666667,low,0.6154,2,1.0,True,NOERROR,1,3600,1,3,True,False,0,16509,US,False,,,,,0,False,False,False,benign,no_adverse_signal
letsgetdigitalmanchester.com,2026-07-23,28,3.501629167387823,0.0,0,0.5,-6.550464444444444,low,0.45,3,0.5416666666666666,True,NOERROR,1,14400,3,2,True,False,0,22612,SG,True,DYNADOT LLC,2,365,True,0,False,False,False,benign,no_adverse_signal
gestaoivesp.com,2026-07-23,15,3.0957952550009344,0.0,0,0.8333333333333334,-6.916168421052631,low,0.5556,2,0.8181818181818182,True,NOERROR,1,1800,0,0,False,False,0,58182,US,True,Wix.com Ltd.,371,730,False,0,False,False,,benign,no_adverse_signal
29256.st,2026-07-23,8,1.9219280948873623,0.625,0,0.0,-11.060457142857143,low,0.25,0,0.8,True,NOERROR,1,60,0,2,False,False,0,59371,HK,False,Dynadot,2,365,True,0,False,False,,benign,no_adverse_signal
170021bb.com,2026-07-23,12,2.25,0.5,0,0.0,-10.981215384615384,low,0.3636,2,0.625,True,NOERROR,8,8,0,2,False,False,0,7536,TW,False,"GoDaddy.com, LLC",2,365,False,0,False,False,,benign,no_adverse_signal
zookay.org,2026-07-23,10,2.2516291673878226,0.0,0,1.0,-7.255077777777777,low,0.6,1,0.8333333333333334,True,NOERROR,1,300,2,3,True,False,1,29097,CH,True,"Ascio Technologies, Inc. Danmark - Filial af Ascio technologies, Inc. USA",2,365,False,0,False,False,False,benign,no_adverse_signal
1260clay303.com,2026-07-23,15,3.095795255000934,0.4666666666666667,0,0.3333333333333333,-9.855021052631578,low,0.4444,2,0.8181818181818182,True,NOERROR,2,3600,0,2,False,False,0,16509,US,True,"GoDaddy.com, LLC",2,365,False,16,False,False,,benign,no_adverse_signal
drstacyfurlow.online,2026-07-23,20,3.5465935642949384,0.0,0,0.3,-7.580478260869565,medium,0.6154,4,0.9230769230769231,True,NOERROR,1,14400,1,2,True,False,0,13335,US,True,"NETWORK SOLUTIONS, LLC.",2,365,False,0,False,False,False,benign,no_adverse_signal
tamerapyronix.com,2026-07-23,17,3.3927474104487847,0.0,0,0.625,-6.874165217391304,low,0.5263,3,0.8461538461538461,True,NOERROR,2,60,2,2,True,False,2,47583,FR,False,"HOSTINGER operations, UAB",2,365,False,0,False,False,False,benign,no_adverse_signal
lamtec-pt.com,2026-07-23,13,2.94770277922009,0.0,1,0.3333333333333333,-7.9521533333333325,low,0.5263,2,0.8888888888888888,True,NOERROR,1,14400,1,2,True,False,0,50474,FR,True,ONLINE SAS,2,365,True,0,False,False,False,benign,no_adverse_signal
cfxfind.com,2026-07-23,11,2.5216406363433186,0.0,0,0.16666666666666666,-8.647054545454544,low,0.5,4,0.8571428571428571,True,NOERROR,2,300,0,2,False,False,2,13335,US,False,"Cloudflare, Inc.",2,365,True,0,False,False,,benign,no_adverse_signal
sarnavik.com,2026-07-23,12,2.75,0.0,0,0.6,-6.935176923076923,low,0.5,2,0.875,False,NOERROR,0,,3,2,True,False,0,,,,"Spaceship, Inc.",2,365,False,,,False,False,benign,no_adverse_signal
atlasnest.click,2026-07-23,15,2.5032583347756456,0.0,0,0.5,-6.575566666666666,medium,0.6667,2,0.6666666666666666,False,NOERROR,0,,3,2,True,False,0,,,,"Spaceship, Inc.",2,365,False,,,False,False,benign,no_adverse_signal
luxeamedia.com,2026-07-23,14,2.921928094887362,0.0,0,1.5,-7.266682352941177,low,0.6667,1,0.8,False,timeout,0,,0,0,False,False,0,,,,"NetEarth One, Inc.",2,365,False,,,False,,benign,no_adverse_signal
nexuscodigo-divino.com,2026-07-23,22,3.4193819456463714,0.0,1,0.8888888888888888,-7.201969696969697,low,0.3871,2,0.6666666666666666,True,NOERROR,2,300,0,2,False,False,2,47583,LT,True,"HOSTINGER operations, UAB",2,365,False,2,False,False,,benign,no_adverse_signal
733392a.cc,2026-07-23,10,2.1280852788913944,0.6,0,1.0,-11.059981818181818,low,0.2,0,0.7142857142857143,True,NOERROR,8,60,0,2,False,False,0,7536,TW,False,"GoDaddy.com, LLC",3,365,False,0,False,False,,benign,no_adverse_signal
t6tr.cn,2026-07-23,7,1.5,0.14285714285714285,0,0.0,-10.50368,low,0.5455,2,0.75,True,NOERROR,1,1,0,2,False,True,0,40065,US,False,厦门市中资源网络服务有限公司,9,365,False,0,False,True,,malicious,spamhaus_dbl
tkvip.bio,2026-07-23,9,2.321928094887362,0.0,0,0.25,-8.646471428571429,low,0.5455,3,1.0,True,NOERROR,2,300,0,2,False,False,2,13335,US,False,,,,,0,False,False,,benign,no_adverse_signal
badakmacau.shop,2026-07-23,15,2.5219280948873624,0.0,0,1.0,-7.401311764705882,low,0.5333,2,0.7,True,NOERROR,2,300,0,2,False,False,2,13335,US,False,,,,False,0,False,False,,benign,no_adverse_signal
watermarkpoolpros.com,2026-07-23,21,3.2927701939369904,0.0,0,0.5454545454545454,-6.741254838709677,low,0.48,3,0.6470588235294118,True,NOERROR,1,300,0,3,False,False,0,14618,US,True,"TUCOWS.COM, CO.",2,365,True,2,False,False,,benign,no_adverse_signal
fafa4d.top,2026-07-23,10,1.9182958340544893,0.1,0,0.6666666666666666,-9.0687,high,0.5,1,0.6666666666666666,True,NOERROR,1,1800,5,2,True,False,0,22612,US,False,NAMECHEAP INC,2,365,True,1,False,False,False,benign,no_adverse_signal
jcy654.top,2026-07-23,10,2.584962500721156,0.3,0,0.0,-11.169233333333333,high,0.4,3,1.0,True,NOERROR,3,3600,1,2,True,False,0,63949,US,True,"NameSilo, LLC",366,730,True,0,False,False,True,benign,no_adverse_signal
nuxebeautyhub.shop,2026-07-23,18,3.0269868333592873,0.0,0,0.8571428571428571,-7.957021739130434,low,0.4706,3,0.6923076923076923,True,NOERROR,1,300,0,2,False,False,0,,GE,False,,,,False,0,False,False,,benign,no_adverse_signal
meeteducationsuite.com,2026-07-23,22,3.239097917988786,0.0,0,1.25,-6.508272727272727,low,0.5185,2,0.6111111111111112,True,NOERROR,2,300,5,2,True,False,2,13335,US,False,PDR Ltd. d/b/a PublicDomainRegistry.com,2,365,True,0,False,False,False,benign,no_adverse_signal
cfsfprojectxk.today,2026-07-23,19,3.3927474104487847,0.0,0,0.18181818181818182,-8.87208695652174,low,0.6087,6,0.8461538461538461,True,NOERROR,1,300,5,2,True,False,0,15317,US,True,,,,,0,False,False,False,benign,no_adverse_signal
artbyshane.com,2026-07-23,14,3.121928094887362,0.0,0,0.42857142857142855,-6.976335294117647,low,0.5882,6,0.9,True,NOERROR,1,1800,0,0,False,False,0,58182,US,True,Wix.com Ltd.,735,1095,True,0,False,False,,benign,no_adverse_signal
bzmhgo.cc,2026-07-23,9,2.584962500721156,0.0,0,0.2,-10.84218888888889,low,0.4444,5,1.0,True,NOERROR,1,1,0,2,False,True,0,40065,US,False,"NameSilo, LLC",2,365,True,0,False,False,,benign,no_adverse_signal
arahair.co.za,2026-07-23,13,1.8423709931771088,0.0,0,1.3333333333333333,-6.7103909090909095,low,0.6154,1,0.5714285714285714,True,NOERROR,1,1800,3,2,True,False,0,13335,CA,True,Register Domain SA,3,365,False,0,False,False,False,benign,no_adverse_signal
pkmtoyhouse.shop,2026-07-23,16,3.277613436819116,0.0,0,0.5714285714285714,-8.193436842105262,low,0.4706,4,0.9090909090909091,True,NOERROR,1,300,0,2,False,False,0,,GE,False,,,,False,0,False,False,,benign,no_adverse_signal
emblenlogo.com,2026-07-23,14,2.7219280948873625,0.0,0,0.6666666666666666,-6.938976470588236,low,0.5556,3,0.7,True,NOERROR,1,21600,3,4,True,False,1,13335,CA,True,"TUCOWS.COM, CO.",2,365,True,0,False,False,False,benign,no_adverse_signal
bokepindo.team,2026-07-23,14,2.94770277922009,0.0,0,0.8,-6.659400000000001,low,0.625,2,0.8888888888888888,True,NOERROR,2,300,0,2,False,False,2,13335,US,False,,,,,0,False,False,,benign,no_adverse_signal
signatureonceofficial.com,2026-07-23,25,3.5944656369614525,0.0,0,0.9090909090909091,-6.889910256410256,low,0.4865,2,0.6190476190476191,True,NOERROR,1,21600,0,4,False,False,1,13335,CA,True,"TUCOWS.COM, CO.",2,365,True,0,False,False,,benign,no_adverse_signal
ihnlhrqf.shop,2026-07-23,13,2.75,0.0,0,0.14285714285714285,-10.818161538461538,low,0.4615,7,0.875,True,NOERROR,1,300,0,2,False,False,0,13335,US,False,,,,False,0,False,False,,benign,no_adverse_signal
bumibol.biz.id,2026-07-23,14,2.5216406363433186,0.0,0,0.75,-7.605599999999999,low,0.6154,1,0.8571428571428571,True,NOERROR,2,300,0,2,False,False,2,13335,US,False,,,,False,0,False,False,,benign,no_adverse_signal
jk-global.com,2026-07-23,13,2.94770277922009,0.0,1,0.3333333333333333,-7.963673333333333,low,0.6316,2,0.8888888888888888,True,NOERROR,2,3600,1,2,True,False,0,16509,US,True,"Sav.com, LLC",2,365,False,27,False,False,,benign,no_adverse_signal
millwrightmachinery.com,2026-07-23,23,3.5766176449086644,0.0,0,0.35714285714285715,-7.0306685714285715,low,0.4375,4,0.6842105263157895,True,NOERROR,1,3600,2,4,True,False,1,8560,US,True,IONOS SE,2,365,True,0,False,False,False,benign,no_adverse_signal
shopsaverstreet.co.uk,2026-07-23,21,3.0062389286533904,0.0,0,0.5,-6.409588888888889,low,0.48,4,0.6,True,NOERROR,1,21600,1,4,True,False,1,13335,CA,True,Tucows Inc t/a Tucows [Tag = TUCOWS-CA],3,365,False,0,False,False,False,benign,no_adverse_signal
zouexport.com,2026-07-23,13,2.94770277922009,0.0,0,0.8,-7.3245000000000005,low,0.5,2,0.8888888888888888,True,NOERROR,1,300,1,2,True,False,0,206834,DE,False,"Gransy, s.r.o.",2,365,False,22,False,False,False,benign,no_adverse_signal
jamgrowthcollective.info,2026-07-23,24,3.7216117239699007,0.0,0,0.46153846153846156,-7.168797142857143,medium,0.4828,4,0.7368421052631579,True,NOERROR,2,600,0,2,False,False,0,16509,US,True,,,,,35,False,False,,benign,no_adverse_signal
burnana.kr,2026-07-23,10,2.235926350629032,0.0,0,0.75,-6.551081818181817,low,0.5455,2,0.7142857142857143,True,NOERROR,4,60,0,4,False,False,8,16509,US,True,"Gabia, Inc.(http://www.gabia.co.kr)",3,365,False,0,False,False,,benign,no_adverse_signal
ofmettle.com,2026-07-23,12,2.5,0.0,0,0.6,-7.467476923076924,low,0.5,3,0.75,True,NOERROR,2,3600,0,2,False,False,0,16509,US,True,"GoDaddy.com, LLC",1,1826,False,23,False,False,,benign,no_adverse_signal
askcore.dev,2026-07-23,11,2.807354922057604,0.0,0,0.75,-7.053590909090909,low,0.5882,3,1.0,True,NOERROR,1,300,0,4,False,False,0,14061,SG,False,,,,False,0,False,False,,benign,no_adverse_signal
florentissimoholdings.com,2026-07-23,25,3.5225715891363594,0.0,0,0.5,-6.607458974358974,low,0.4615,3,0.6190476190476191,True,NOERROR,1,60,1,2,True,False,0,394456,US,True,DomainRegistry.com LLC,2,365,False,0,False,False,False,benign,no_adverse_signal
cragr-mobile63.info,2026-07-23,19,3.6644977792004623,0.10526315789473684,1,0.5714285714285714,-8.163368,medium,0.6364,2,0.9285714285714286,True,NOERROR,2,300,0,2,False,False,2,13335,US,False,,,,,0,False,True,,malicious,spamhaus_dbl
queenshanymanservices.com,2026-07-23,25,3.46328051781081,0.0,0,0.6153846153846154,-6.562553846153847,low,0.5405,3,0.6190476190476191,False,NOERROR,0,,1,3,True,False,0,,,,"TUCOWS.COM, CO.",2,365,True,,,False,False,benign,no_adverse_signal
k2nari.xyz,2026-07-23,10,2.584962500721156,0.1,0,0.6666666666666666,-9.056844444444444,high,0.6,1,1.0,False,NOERROR,0,,5,2,True,False,0,,,,NAMECHEAP INC,2,365,False,,,False,False,benign,no_adverse_signal
popwork.space,2026-07-23,13,2.2359263506290326,0.0,0,0.4,-7.408945454545455,low,0.6667,2,0.7142857142857143,True,NOERROR,1,1800,5,2,True,False,0,22612,US,False,NAMECHEAP INC,2,365,True,0,False,False,False,benign,no_adverse_signal
basildart.com,2026-07-23,13,2.94770277922009,0.0,0,0.5,-6.547866666666667,low,0.625,2,0.8888888888888888,True,NOERROR,2,600,0,2,False,False,0,16509,US,True,"GoDaddy.com, LLC",2,365,False,33,False,False,,benign,no_adverse_signal
lovethycelfeatery.online,2026-07-23,24,3.2639334294856344,0.0,0,0.5454545454545454,-7.170496774193548,medium,0.4865,4,0.6470588235294118,True,NOERROR,1,7200,0,2,False,False,0,40676,VG,False,"NETWORK SOLUTIONS, LLC.",2,365,False,0,False,False,,benign,no_adverse_signal
mlhockey.org,2026-07-23,12,3.0,0.0,0,0.3333333333333333,-7.706730769230769,low,0.5714,3,1.0,True,NOERROR,2,14400,0,4,True,False,0,16509,US,True,Squarespace Domains LLC,1,1096,True,29,False,False,,benign,no_adverse_signal
atandaverified.store,2026-07-23,20,3.039148671903071,0.0,0,1.0,-6.5164599999999995,low,0.5714,2,0.6428571428571429,False,timeout,0,,0,2,False,False,0,,,,,,,False,,,False,,benign,no_adverse_signal
thecultureofjoyai.online,2026-07-23,24,3.6168746059562227,0.0,0,0.8888888888888888,-7.609906451612903,medium,0.4348,2,0.7647058823529411,True,NOERROR,1,1800,5,2,True,False,0,22612,US,False,NAMECHEAP INC,2,365,True,0,False,False,False,benign,no_adverse_signal
algtech.net,2026-07-23,11,2.807354922057604,0.0,0,0.4,-7.250909090909091,low,0.6154,3,1.0,True,NOERROR,1,50,2,2,True,False,0,47583,CY,False,"HOSTINGER operations, UAB",2,731,False,32,False,False,False,benign,no_adverse_signal
celebsvibes.com,2026-07-23,15,2.663532754804255,0.0,0,0.5714285714285714,-7.285073684210527,low,0.5833,3,0.6363636363636364,True,NOERROR,1,1799,5,2,True,False,0,22612,US,False,NAMECHEAP INC,2,365,True,0,False,False,False,benign,no_adverse_signal
jmsmsc.click,2026-07-23,12,1.9182958340544893,0.0,0,0.0,-8.613455555555555,medium,0.4615,6,0.6666666666666666,False,NOERROR,0,,1,2,False,False,0,,,,"NameSilo, LLC",2,365,True,,,False,False,benign,no_adverse_signal
kuzbasspechat.ru,2026-07-23,16,3.3927474104487847,0.0,0,0.4444444444444444,-7.336091304347826,low,0.5714,3,0.8461538461538461,True,NOERROR,2,300,0,2,False,False,2,13335,US,False,DOMAINSHOP-RU,15,365,False,0,False,False,,benign,no_adverse_signal
wim789.app,2026-07-23,10,2.584962500721156,0.3,0,0.5,-9.833411111111111,low,0.4444,1,1.0,True,NOERROR,2,300,0,2,False,False,2,13335,US,False,,,,False,0,False,False,,benign,no_adverse_signal
localiiq.com,2026-07-23,12,2.5,0.0,0,1.0,-7.260646153846154,low,0.5,1,0.75,True,NOERROR,1,21600,0,2,False,False,0,16509,US,True,"TUCOWS.COM, CO.",371,730,True,0,False,False,,benign,no_adverse_signal
jhbzpf577.vip,2026-07-23,13,2.9477027792200903,0.23076923076923078,0,0.0,-11.252846666666667,low,0.375,6,0.8888888888888888,True,NOERROR,13,10,0,2,False,True,0,64013,HK,False,DYNADOT LLC,2,365,True,2,False,False,,benign,no_adverse_signal
hackahub.com.br,2026-07-23,15,2.5,0.0,0,0.6,-7.300923076923078,low,0.625,2,0.75,True,NOERROR,2,3600,0,2,False,False,0,16509,US,True,,3,1096,False,22,False,False,,benign,no_adverse_signal
oachadinho.live,2026-07-23,15,2.721928094887362,0.0,0,1.0,-6.854552941176471,low,0.5333,2,0.7,True,NOERROR,1,300,0,2,False,False,0,16509,US,False,,,,False,0,False,False,,benign,no_adverse_signal
thelifestoryofmrz.com,2026-07-23,21,3.4992275471326932,0.0,0,0.4166666666666667,-7.550325806451613,low,0.5,4,0.7058823529411765,True,NOERROR,2,20,0,4,False,False,0,,US,False,Porkbun LLC,1109,1461,False,0,False,False,,benign,no_adverse_signal
hormonetrackers.com,2026-07-23,19,3.3232314287976203,0.0,0,0.5,-6.121788888888888,low,0.5455,2,0.7333333333333333,True,NOERROR,2,600,0,2,False,False,0,16509,US,True,"GoDaddy.com, LLC",2,365,False,35,False,False,,benign,no_adverse_signal
turkishairlinesvactionsdepartment.info,2026-07-23,38,3.8391081341821707,0.0,0,0.5714285714285714,-6.717250793650794,medium,0.5,3,0.5151515151515151,False,NOERROR,0,,2,2,True,False,0,,,,,,,,,,False,False,benign,no_adverse_signal
hefif.com,2026-07-23,9,1.9219280948873623,0.0,0,0.6666666666666666,-7.561428571428571,low,0.6,1,0.8,True,NOERROR,1,300,0,2,False,False,0,43298,RU,False,"Cloudflare, Inc.",2,365,True,0,False,False,,benign,no_adverse_signal
warnercenter.info,2026-07-23,17,2.625814583693911,0.0,0,0.5,-6.027609523809524,medium,0.5263,2,0.5833333333333334,True,NOERROR,2,300,0,2,False,False,0,16509,US,True,,,,,9,False,False,,benign,no_adverse_signal
66886696.icu,2026-07-23,12,1.2987949406953985,0.6666666666666666,0,0.0,-10.237607692307693,low,0.1818,0,0.375,True,NOERROR,1,10800,2,3,True,False,0,29169,FR,True,Gandi SAS,2,365,True,0,False,False,False,benign,no_adverse_signal
purelyviora.com,2026-07-23,15,3.277613436819116,0.0,0,0.8333333333333334,-7.27602105263158,low,0.5,3,0.9090909090909091,True,NOERROR,1,1799,5,2,True,False,0,13335,CA,True,NAMECHEAP INC,2,365,True,0,False,False,False,benign,no_adverse_signal
mymightydollar.com,2026-07-23,18,3.378783493486176,0.0,0,0.2727272727272727,-7.4952760000000005,low,0.4762,5,0.7857142857142857,False,NXDOMAIN,0,,0,0,False,False,0,,,,,,,,,,False,,benign,no_adverse_signal
lucidjulietfloral.com,2026-07-23,21,3.381580488309164,0.0,0,0.7,-7.5201161290322585,low,0.4444,3,0.7058823529411765,True,NOERROR,2,10800,2,2,True,False,2,14618,US,True,DropCatch.com 1335 LLC,2,365,True,0,False,False,False,benign,no_adverse_signal
appstorepro.online,2026-07-23,18,2.6635327548042547,0.0,0,0.5714285714285714,-6.3065,medium,0.5833,4,0.6363636363636364,True,NOERROR,1,300,0,2,False,False,0,213230,US,True,"GoDaddy.com, LLC",2,365,False,0,False,False,,benign,no_adverse_signal
getintervento.com,2026-07-23,17,2.8150724101159437,0.0,0,0.625,-5.859052173913043,low,0.6364,2,0.6153846153846154,True,NOERROR,4,3600,2,2,True,False,0,54113,US,True,"GoDaddy.com, LLC",2,365,False,39,False,False,False,benign,no_adverse_signal
slotgacor4dred.com,2026-07-23,18,3.378783493486176,0.05555555555555555,0,0.4444444444444444,-7.7580160000000005,low,0.5455,2,0.7857142857142857,True,NOERROR,2,300,0,2,False,False,2,13335,US,False,"GoDaddy.com, LLC",2,365,False,0,False,False,,benign,no_adverse_signal
rootbridgeit.info,2026-07-23,17,2.9182958340544896,0.0,0,0.7142857142857143,-7.1460380952380955,medium,0.5,3,0.6666666666666666,True,NOERROR,2,600,0,2,False,False,0,16509,US,True,,,,,35,False,False,,benign,no_adverse_signal
tkonfido.com,2026-07-23,12,2.75,0.0,0,0.6,-7.545299999999999,low,0.5882,2,0.875,False,NOERROR,0,,0,2,True,False,0,,,,Infomaniak Network SA,2,365,False,,,False,,benign,no_adverse_signal
santaanagaragedoorpros.com,2026-07-23,26,3.0494520727893937,0.0,0,0.8333333333333334,-6.660870731707318,low,0.4242,3,0.45454545454545453,True,NOERROR,2,300,0,2,False,False,0,16509,US,True,"Spaceship, Inc.",2,365,False,14,False,False,,benign,no_adverse_signal
xn--i8su1tblp4ll.cc,2026-07-23,19,3.577819531114783,0.15789473684210525,2,0.2222222222222222,-11.016110344827586,low,0.4,4,0.8125,True,NOERROR,1,10800,0,2,False,False,0,16509,US,True,DYNADOT LLC,3,365,True,24,False,False,,benign,no_adverse_signal
zonabolamenang.store,2026-07-23,20,2.9852281360342525,0.0,0,0.75,-6.4211,low,0.48,2,0.6428571428571429,True,NOERROR,4,1799,5,2,True,False,0,15169,US,True,,,,False,0,False,False,False,benign,no_adverse_signal
675048738.xyz,2026-07-23,13,2.725480556997868,0.6923076923076923,0,0.0,-11.561193333333334,high,0.3333,0,0.7777777777777778,True,NOERROR,10,300,0,2,False,False,0,133201,HK,False,"NameSilo, LLC",2,365,True,0,False,False,,benign,no_adverse_signal
shortpro.sbs,2026-07-23,12,2.5,0.0,0,0.3333333333333333,-6.5525,low,0.5714,4,0.75,True,NOERROR,2,60,0,2,False,False,2,47583,FR,False,"HOSTINGER operations, UAB",2,365,False,0,False,False,,benign,no_adverse_signal
langqing726.com,2026-07-23,15,3.095795255000934,0.2,0,0.3333333333333333,-8.683636842105264,low,0.5,3,0.8181818181818182,True,NOERROR,1,1800,0,2,False,False,0,40065,US,False,"Spaceship, Inc.",2,365,False,0,False,False,,benign,no_adverse_signal
nextway.rent,2026-07-23,12,2.807354922057604,0.0,0,0.4,-7.408745454545454,low,0.5714,3,1.0,True,NOERROR,1,3600,3,2,True,False,0,16276,FR,True,"OVH, SAS",2,365,True,16,False,False,False,benign,no_adverse_signal
fytool.com,2026-07-23,10,2.251629167387823,0.0,0,0.5,-7.624766666666667,low,0.6154,3,0.8333333333333334,False,timeout,0,,0,0,False,False,0,,,,Xin Net Technology Corporation,372,730,False,,,False,,benign,no_adverse_signal
meridiantrustfinance.site,2026-07-23,25,3.4464393446710155,0.0,0,0.6666666666666666,-6.353043243243244,medium,0.5161,3,0.6,True,NOERROR,1,14400,1,2,True,False,0,53667,LU,True,Global Domain Group LLC,2,365,False,13,False,True,False,malicious,spamhaus_dbl
look4.ch,2026-07-23,8,1.9219280948873623,0.125,0,1.0,-7.990242857142857,low,0.6667,1,0.8,False,NOERROR,0,,0,3,False,False,0,,,,,,,False,,,False,,benign,no_adverse_signal
solarfieldz.live,2026-07-23,16,3.277613436819116,0.0,0,0.5714285714285714,-7.440821052631579,low,0.48,3,0.9090909090909091,True,NOERROR,2,300,0,2,False,False,2,13335,US,False,,,,False,0,False,False,,benign,no_adverse_signal
dakshj.in,2026-07-23,9,2.584962500721156,0.0,0,0.2,-8.231288888888889,low,0.5,4,1.0,True,NOERROR,2,60,0,2,False,False,2,47583,FR,False,"HOSTINGER operations, UAB",3,365,False,0,False,False,,benign,no_adverse_signal
scmtcsc.com,2026-07-23,11,1.8423709931771088,0.0,0,0.0,-8.555145454545455,low,0.6,7,0.5714285714285714,False,NOERROR,0,,0,2,False,False,0,,,,TuringSign Inc. d/b/a Cosmotown,2,365,False,,,False,,benign,no_adverse_signal
vadezir.shop,2026-07-23,12,2.807354922057604,0.0,0,0.75,-7.90440909090909,low,0.5714,1,1.0,True,NOERROR,1,60,0,2,False,False,0,13335,CA,True,,,,False,0,False,False,,benign,no_adverse_signal
simplesaleconnecticut.com,2026-07-23,25,3.463280517810811,0.0,0,0.6153846153846154,-6.479620512820513,low,0.5,3,0.5714285714285714,True,NOERROR,2,300,0,2,False,False,2,13335,US,False,"GoDaddy.com, LLC",2,365,False,0,False,False,,benign,no_adverse_signal
jimothycoon.info,2026-07-23,16,3.027169118440619,0.0,0,0.5714285714285714,-7.443026315789473,medium,0.5455,4,0.8181818181818182,True,NOERROR,1,14399,1,2,True,False,0,47846,DE,False,,,,,20,False,False,,benign,no_adverse_signal
tenka.ia.br,2026-07-23,11,2.321928094887362,0.0,0,0.6666666666666666,-6.771214285714286,low,0.5455,2,1.0,True,NOERROR,1,3600,0,2,False,False,0,14618,US,True,,,,False,0,False,False,,benign,no_adverse_signal
joycasino-dhr157.xyz,2026-07-23,20,3.875,0.15,1,0.5,-8.491396551724138,high,0.4138,3,0.9375,True,NOERROR,1,300,0,2,False,False,0,206834,DE,False,DYNADOT LLC,2,365,True,22,False,False,,benign,no_adverse_signal
ariomovie.site,2026-07-23,14,2.725480556997868,0.0,0,2.0,-6.569100000000001,medium,0.625,1,0.7777777777777778,True,NOERROR,2,300,0,2,False,False,2,13335,US,False,NAMECHEAP INC,2,365,True,0,False,False,,benign,no_adverse_signal
mustafaproducts.store,2026-07-23,21,3.3735572622751846,0.0,0,0.5,-6.978899999999999,low,0.5333,3,0.7333333333333333,True,NOERROR,2,60,0,2,False,False,2,47583,FR,False,,,,False,0,False,False,,benign,no_adverse_signal
nexavarhub.com,2026-07-23,14,3.121928094887362,0.0,0,0.6666666666666666,-7.628341176470589,low,0.5556,2,0.9,False,NOERROR,0,,0,2,False,False,0,,,,"Cloudflare, Inc.",2,365,True,,,False,,benign,no_adverse_signal
infinitecreativeslabdepot.co.uk,2026-07-23,31,3.6536606896881847,0.0,0,0.7857142857142857,-6.627965957446809,low,0.5455,2,0.6,True,NOERROR,2,300,1,2,True,False,2,13335,US,False,Porkbun LLC [Tag = PORKBUN],3,365,False,0,False,False,False,benign,no_adverse_signal
archiesplus.com,2026-07-23,15,3.277613436819116,0.0,0,0.5714285714285714,-6.601273684210526,low,0.6667,3,0.9090909090909091,True,NOERROR,1,300,0,2,False,False,0,13335,CA,True,"HOSTINGER operations, UAB",2,365,False,0,False,False,,benign,no_adverse_signal
olimp-apk-app.xyz,2026-07-23,17,2.7773627950641697,0.0,2,0.5714285714285714,-7.774326086956522,high,0.5263,2,0.6153846153846154,True,NOERROR,1,1800,5,2,True,False,0,22612,US,False,NAMECHEAP INC,2,365,True,0,False,False,False,benign,no_adverse_signal
s-derm.com,2026-07-23,10,2.584962500721156,0.0,1,0.25,-6.957688888888889,low,0.6,2,1.0,False,NXDOMAIN,0,,0,0,False,False,0,,,,,,,,,,False,,benign,no_adverse_signal
vestaselect.com,2026-07-23,15,2.663532754804255,0.0,0,0.5714285714285714,-6.081952631578947,low,0.6316,2,0.6363636363636364,True,NOERROR,1,1800,5,2,True,False,0,22612,US,False,NAMECHEAP INC,2,3653,True,1,False,False,False,benign,no_adverse_signal
ustakecover.us,2026-07-23,14,3.277613436819116,0.0,0,0.8333333333333334,-6.414536842105263,low,0.6667,2,0.9090909090909091,True,NOERROR,1,300,0,2,False,False,0,13335,US,False,DYNADOT LLC,2,365,True,0,False,False,,benign,no_adverse_signal
okzvonok.ru,2026-07-23,11,2.1556390622295662,0.0,0,0.6,-9.002392307692308,low,0.6667,3,0.625,True,NOERROR,1,21600,0,2,False,False,0,216246,RU,False,REGRU-RU,3,365,False,0,True,False,,malicious,spamhaus_zen
salorglobal.net,2026-07-23,15,2.663532754804255,0.0,0,0.5714285714285714,-6.757626315789474,low,0.6667,3,0.6363636363636364,True,NOERROR,2,600,0,2,False,False,0,16509,US,True,"GoDaddy.com, LLC",2,365,False,33,False,False,,benign,no_adverse_signal
woitzik-kunst.de,2026-07-23,16,3.238901256602631,0.0,1,0.5,-8.55128695652174,low,0.48,3,0.7692307692307693,True,NOERROR,9,3600,1,2,False,False,0,60592,CZ,False,,,,False,0,True,False,False,malicious,spamhaus_zen
sygj305.xyz,2026-07-23,11,2.807354922057604,0.2727272727272727,0,0.0,-11.210254545454545,high,0.4286,4,1.0,True,NOERROR,1,300,0,2,False,False,0,206834,DE,False,DYNADOT LLC,2,365,True,22,False,False,,benign,no_adverse_signal
orokutazo.hu,2026-07-23,12,2.6416041678685933,0.0,0,1.25,-7.43754,low,0.6154,1,0.7777777777777778,True,NOERROR,1,3600,1,4,True,False,0,62214,HU,True,,6,,False,0,False,False,False,benign,no_adverse_signal
jxlndx.com,2026-07-23,10,2.2516291673878226,0.0,0,0.0,-10.443488888888888,low,0.5,6,0.8333333333333334,True,NOERROR,1,1,0,2,False,False,0,137951,ZA,False,TuringSign Inc. d/b/a Cosmotown,2,365,False,0,False,False,,benign,no_adverse_signal
marshalenglish.com,2026-07-23,18,3.2359263506290334,0.0,0,0.4,-6.457404,low,0.48,3,0.7142857142857143,True,NOERROR,2,600,0,2,False,False,0,13335,US,False,"DNSPod, Inc.",2,365,False,0,False,False,,benign,no_adverse_signal
lebearresort.com,2026-07-23,16,2.792481250360578,0.0,0,0.7142857142857143,-6.483814285714286,low,0.6087,2,0.6666666666666666,True,NOERROR,3,3600,0,2,False,False,0,58182,US,True,"TUCOWS.COM, CO.",8770,9862,True,23,False,False,,benign,no_adverse_signal
slz2025-pb.zone,2026-07-23,15,3.121928094887362,0.26666666666666666,1,0.0,-10.920888235294118,low,0.375,3,0.9,True,NOERROR,1,35,5,2,True,True,1,212238,DE,True,,,,,1,False,False,False,benign,no_adverse_signal
anascottusa.com,2026-07-23,15,2.663532754804255,0.0,0,0.8333333333333334,-6.8224526315789475,low,0.5333,2,0.6363636363636364,True,NOERROR,1,14400,1,2,False,False,0,13335,DE,True,PDR Ltd. d/b/a PublicDomainRegistry.com,2,365,False,68,False,False,False,malicious,abuseipdb
venuswithmoon.top,2026-07-23,17,3.3927474104487847,0.0,0,0.625,-7.3439565217391305,high,0.4348,3,0.8461538461538461,False,NOERROR,0,,0,2,False,False,0,,,,Alibaba Cloud Computing Ltd. d/b/a HiChina (www.net.cn),2,365,True,,,False,,benign,no_adverse_signal
bainbrothers.com,2026-07-23,16,3.2516291673878226,0.0,0,0.5,-6.638333333333334,low,0.5714,3,0.8333333333333334,True,NOERROR,2,300,0,2,False,False,0,16509,US,True,"Spaceship, Inc.",2,365,False,14,False,False,,benign,no_adverse_signal
solevana.sbs,2026-07-23,12,2.75,0.0,0,1.0,-6.682307692307693,low,0.5714,1,0.875,True,NOERROR,1,1800,5,2,True,False,0,13335,CA,True,NAMECHEAP INC,2,365,True,0,False,False,False,benign,no_adverse_signal
incatek.co.uk,2026-07-23,13,2.807354922057604,0.0,0,0.75,-6.387572727272727,low,0.6667,2,1.0,True,NOERROR,1,3600,0,2,False,False,0,14618,US,True,"Namecheap, Inc. t/a Spaceship [Tag = SPACESHIP]",5,365,False,0,False,False,,benign,no_adverse_signal
davynana.info,2026-07-23,13,2.1556390622295662,0.0,0,0.6,-7.575284615384616,medium,0.5882,3,0.625,True,NOERROR,1,3600,2,4,True,False,1,8560,DE,True,,,,,0,False,False,False,benign,no_adverse_signal
circuitboardsolution.com,2026-07-23,24,3.4464393446710155,0.0,0,0.8181818181818182,-7.157164864864864,low,0.55,3,0.6,True,NOERROR,1,21600,0,2,False,False,0,16509,US,True,"TUCOWS.COM, CO.",736,1095,True,0,False,False,,benign,no_adverse_signal
feizhoulanqulsaizhibo.com.cn,2026-07-23,28,3.594465636961452,0.0,0,0.9090909090909091,-8.040164102564102,low,0.4242,2,0.6190476190476191,True,NOERROR,1,300,0,2,False,False,0,132839,SC,False,北京新网数码信息技术有限公司,3,365,False,0,False,False,,benign,no_adverse_signal
yamachan.ehime.jp,2026-07-23,17,2.4056390622295662,0.0,0,0.6,-6.330053846153846,low,0.5714,2,0.75,True,NOERROR,1,3600,1,5,True,False,0,131965,JP,True,,3,376,False,0,False,False,False,benign,no_adverse_signal
bigleaswholesale.com,2026-07-23,20,3.1556390622295662,0.0,0,0.7777777777777778,-6.985355172413793,low,0.4615,3,0.625,True,NOERROR,2,3600,0,2,False,False,0,16509,US,True,"GoDaddy.com, LLC",2,365,False,22,False,False,,benign,no_adverse_signal
dass573.com,2026-07-23,11,2.5216406363433186,0.2727272727272727,0,0.3333333333333333,-9.314618181818183,low,0.4,2,0.8571428571428571,True,NOERROR,2,300,0,2,False,False,2,13335,US,False,DYNADOT LLC,2,365,True,0,False,False,,benign,no_adverse_signal
myptvlabs.shop,2026-07-23,14,3.169925001442312,0.0,0,0.125,-8.092873333333333,low,0.625,6,1.0,True,NOERROR,1,300,0,2,False,False,0,,GE,False,,,,False,0,False,False,,benign,no_adverse_signal
3afarm.com,2026-07-23,10,2.2516291673878226,0.1,0,0.6666666666666666,-8.251366666666666,low,0.6,2,0.8333333333333334,True,NOERROR,2,300,0,2,False,False,2,13335,US,False,"Cloudflare, Inc.",2,365,True,0,False,False,,benign,no_adverse_signal
puppami.com,2026-07-23,11,2.1280852788913944,0.0,0,0.75,-7.334836363636364,low,0.5333,2,0.7142857142857143,True,NOERROR,1,1800,2,2,True,False,0,22612,US,False,NAMECHEAP INC,2,365,True,0,False,False,False,benign,no_adverse_signal
28680oldestonerd.com,2026-07-23,20,3.5,0.25,0,0.5714285714285714,-8.12856896551724,low,0.4375,2,0.75,True,NOERROR,2,300,0,2,False,False,2,13335,US,False,"ENOM, INC.",2,365,True,0,False,False,,benign,no_adverse_signal
celovendostore.shop,2026-07-23,19,3.128085278891395,0.0,0,0.75,-6.200164,low,0.5833,2,0.7142857142857143,True,NOERROR,1,300,0,2,False,False,0,,GE,False,,,,False,0,True,False,,malicious,spamhaus_zen
panorama.plus,2026-07-23,13,2.4056390622295662,0.0,0,1.0,-6.127853846153846,low,0.5714,1,0.75,False,NOERROR,0,,0,2,False,False,0,,,,,,,,,,False,,benign,no_adverse_signal
28fix.my.id,2026-07-23,11,2.321928094887362,0.18181818181818182,0,0.5,-9.799242857142858,low,0.5,1,1.0,False,NOERROR,0,,3,2,True,False,0,,,,,,,False,,,False,False,benign,no_adverse_signal
bestinsurancecharleston.com,2026-07-23,27,3.555533151426996,0.0,0,0.5333333333333333,-6.191013953488372,low,0.4516,2,0.5652173913043478,True,NOERROR,2,600,0,2,False,False,0,16509,US,True,"GoDaddy.com, LLC",1,365,False,33,False,False,,benign,no_adverse_signal
omahaepoxysurface.com,2026-07-23,21,3.572469458770136,0.0,0,0.8888888888888888,-7.63123870967742,low,0.4375,3,0.7647058823529411,True,NOERROR,2,600,0,2,False,False,0,16509,US,True,"GoDaddy.com, LLC",1,365,False,33,False,False,,benign,no_adverse_signal
cleansimpleeatsstore.com,2026-07-23,24,3.384183719779189,0.0,0,0.6666666666666666,-6.556227027027027,low,0.6061,4,0.6,True,NOERROR,2,300,0,2,False,False,2,13335,US,False,TuringSign Inc. d/b/a Cosmotown,2,365,False,0,False,False,,benign,no_adverse_signal
jsspdzp.cc,2026-07-23,10,2.2359263506290326,0.0,0,0.0,-9.511663636363636,low,0.4615,7,0.7142857142857143,True,NOERROR,1,1,0,2,False,True,0,40065,US,False,"NameSilo, LLC",3,365,True,0,False,False,,benign,no_adverse_signal
telanganasiconstableexampro.com,2026-07-23,31,3.6763906325796274,0.0,0,0.6875,-6.435903921568628,low,0.5116,3,0.5555555555555556,True,NOERROR,1,300,0,2,False,False,0,14061,IN,False,"Cloudflare, Inc.",2,365,True,8,False,False,,benign,no_adverse_signal
turkiyesarisayfalar.com,2026-07-23,23,3.260828171224455,0.0,0,0.7272727272727273,-7.233194285714286,low,0.4,2,0.5789473684210527,True,NOERROR,1,14400,1,2,True,False,0,219450,TR,True,ODTU Gelistirme Vakfi Bilgi Teknolojileri Sanayi Ve Ticaret Anonim Sirketi,6578,6939,True,0,False,False,False,benign,no_adverse_signal
femsoftware.com.br,2026-07-23,18,3.0957952550009344,0.0,0,0.5714285714285714,-7.1532,low,0.5217,3,0.8181818181818182,True,NOERROR,1,7200,1,4,True,False,0,51713,GB,True,,2,731,False,4,False,False,False,benign,no_adverse_signal
s8bet.mobi,2026-07-23,10,2.321928094887362,0.1,0,0.3333333333333333,-9.295371428571428,low,0.5455,1,1.0,True,NOERROR,2,300,0,2,False,False,2,13335,US,False,,,,,0,False,False,,benign,no_adverse_signal
alpottica.com,2026-07-23,13,2.725480556997868,0.0,0,0.8,-6.643960000000001,low,0.5333,2,0.7777777777777778,True,NOERROR,1,3600,1,3,False,False,0,51557,TR,False,Isimtescil Bilisim A.S,2,365,True,0,False,False,False,benign,no_adverse_signal
heritagefoodsfarm.shop,2026-07-23,22,3.4992275471326932,0.0,0,0.7,-6.9488,low,0.4615,3,0.7058823529411765,True,NOERROR,1,300,0,2,False,False,0,199242,US,False,,,,False,0,False,False,,benign,no_adverse_signal
mzlzh9kk.top,2026-07-23,12,2.5,0.08333333333333333,0,0.0,-11.827738461538463,high,0.4,5,0.75,True,NOERROR,3,60,0,2,False,True,0,138995,US,False,Dominet (HK) Limited,2,365,True,0,True,True,,malicious,spamhaus_zen
tempets-online.com,2026-07-23,18,3.182005814760214,0.0,1,0.625,-6.62966,low,0.7273,2,0.7142857142857143,True,NOERROR,2,60,0,2,False,False,2,47583,FR,False,"HOSTINGER operations, UAB",2,365,False,0,False,False,,benign,no_adverse_signal
zy88.asia,2026-07-23,9,1.5,0.2222222222222222,0,0.0,-10.61402,low,0.2857,2,0.75,True,NOERROR,1,300,0,2,False,False,0,206834,DE,False,DYNADOT LLC,2,365,True,22,False,False,,benign,no_adverse_signal
corewild.hu,2026-07-23,11,3.0,0.0,0,0.6,-6.694376923076923,low,0.6667,2,1.0,True,NOERROR,1,3600,0,4,False,False,0,13335,CA,True,,3,,False,0,False,False,,benign,no_adverse_signal
westbendgaragedoorpros.com,2026-07-23,26,3.4474015047059154,0.0,0,0.5714285714285714,-6.838287804878049,low,0.4615,3,0.5454545454545454,True,NOERROR,2,300,0,2,False,False,0,16509,US,True,"Spaceship, Inc.",2,365,False,14,False,False,,benign,no_adverse_signal
chipteriumch.com,2026-07-23,16,3.084962500721156,0.0,0,0.5,-7.122466666666666,low,0.5,3,0.75,True,NOERROR,2,300,0,2,False,False,2,13335,US,False,"Spaceship, Inc.",2,365,False,0,False,False,,benign,no_adverse_signal
tricoreofficial.com,2026-07-23,19,3.0565647621309537,0.0,0,0.875,-6.5865,low,0.5161,2,0.6,False,NOERROR,0,,1,3,True,False,0,,,,"TUCOWS.COM, CO.",2,365,True,,,False,False,benign,no_adverse_signal
nftrenches.com,2026-07-23,14,2.9219280948873623,0.0,0,0.25,-6.814947058823529,low,0.5556,4,0.8,False,SERVFAIL,0,,0,0,False,False,0,,,,NAMECHEAP INC,2,365,True,,,False,,benign,no_adverse_signal
vipwins.icu,2026-07-23,11,2.5216406363433186,0.0,0,0.4,-7.331927272727273,low,0.5714,2,0.8571428571428571,False,NOERROR,0,,0,2,False,False,0,,,,"Spaceship, Inc.",2,365,False,,,False,,benign,no_adverse_signal
elvinaprime.com,2026-07-23,15,3.0957952550009344,0.0,0,0.8333333333333334,-6.785131578947368,low,0.5714,2,0.8181818181818182,True,NOERROR,2,300,0,2,False,False,2,13335,US,False,"Vantage of Convergence (Chengdu) Technology Co., Ltd.",2,365,False,0,False,False,,benign,no_adverse_signal
thepeanjoan4inc.com,2026-07-23,19,3.32323142879762,0.05263157894736842,0,0.75,-7.927274074074074,low,0.5385,2,0.7333333333333333,True,NOERROR,1,3600,2,4,True,False,1,8560,US,True,IONOS SE,1,365,True,0,False,False,False,benign,no_adverse_signal
hqh3althcare.com,2026-07-23,16,3.0220552088742,0.0625,0,0.375,-8.82962380952381,low,0.5556,4,0.75,True,NOERROR,1,21600,0,2,False,False,0,16509,US,True,"TUCOWS.COM, CO.",371,730,True,0,False,False,,benign,no_adverse_signal
basculescale.digital,2026-07-23,20,2.7516291673878226,0.0,0,0.7142857142857143,-6.68632380952381,low,0.5455,2,0.5833333333333334,True,NOERROR,2,300,0,2,False,False,2,13335,US,False,,,,,0,False,False,,benign,no_adverse_signal
hopper-ph.com,2026-07-23,13,2.4193819456463714,0.0,1,0.3333333333333333,-7.360153333333333,low,0.5714,2,0.6666666666666666,False,NOERROR,0,,5,2,True,False,0,,,,NAMECHEAP INC,2,365,True,,,False,False,benign,no_adverse_signal
wangrunzi.com,2026-07-23,13,2.94770277922009,0.0,0,0.5,-7.5644800000000005,low,0.5333,3,0.8888888888888888,True,NOERROR,1,1,0,2,False,False,0,59371,HK,False,TuringSign Inc. d/b/a Cosmotown,2,365,False,0,False,False,,benign,no_adverse_signal
syruiyouran.com,2026-07-23,15,2.9139770731827523,0.0,0,0.8333333333333334,-7.7047263157894745,low,0.5,3,0.7272727272727273,True,NOERROR,1,600,0,2,False,True,0,45102,HK,False,"Chengdu west dimension digital technology Co., LTD",2,1826,True,0,False,False,,benign,no_adverse_signal
greenpig.autos,2026-07-23,14,2.5,0.0,0,0.6,-7.070253846153846,low,0.5714,2,0.75,True,NOERROR,2,300,0,2,False,False,2,13335,US,False,NAMECHEAP INC,2,365,True,0,False,False,,benign,no_adverse_signal
annegabinho.com.br,2026-07-23,18,2.845350936622437,0.0,0,0.8333333333333334,-6.932115789473685,low,0.5,2,0.7272727272727273,True,NOERROR,1,0,0,4,False,False,0,16509,US,False,,3,365,False,0,False,False,,benign,no_adverse_signal
ganondata.com,2026-07-23,13,2.4193819456463714,0.0,0,0.8,-6.306053333333334,low,0.625,2,0.6666666666666666,True,NOERROR,2,300,0,2,False,False,2,13335,US,False,NAMECHEAP INC,2,365,True,0,False,False,,benign,no_adverse_signal
90phut22.xyz,2026-07-23,12,2.75,0.3333333333333333,0,0.3333333333333333,-9.738361538461538,high,0.4615,2,0.875,True,NOERROR,1,3600,1,2,True,False,0,133618,US,True,CommuniGal Communication Ltd.,1,365,False,0,False,False,False,benign,no_adverse_signal
qjbst.com,2026-07-23,9,2.321928094887362,0.0,0,0.0,-10.419728571428573,low,0.5,5,1.0,True,NOERROR,2,300,0,2,False,False,2,13335,US,False,July Name Limited,2,365,True,0,False,False,,benign,no_adverse_signal
hs6dkn8n.top,2026-07-23,12,2.75,0.16666666666666666,0,0.0,-11.699961538461539,high,0.375,3,0.875,True,NOERROR,3,60,0,2,False,True,0,138995,US,False,Dominet (HK) Limited,2,365,True,0,True,True,,malicious,spamhaus_zen
730730tt.app,2026-07-23,12,2.0,0.5,0,0.0,-11.35013076923077,low,0.3636,2,0.5,True,NOERROR,1,60,0,2,False,False,1,,,False,,,,False,0,False,False,,benign,no_adverse_signal
officefurniture-pdx.online,2026-07-23,26,3.576617644908665,0.0,1,0.6363636363636364,-7.479097142857142,medium,0.48,3,0.6842105263157895,True,NOERROR,2,600,0,2,False,False,0,16509,US,True,"GoDaddy.com, LLC",1,365,False,33,False,False,,benign,no_adverse_signal
qidiya.com,2026-07-23,10,2.2516291673878226,0.0,0,1.0,-8.346522222222223,low,0.6667,1,0.8333333333333334,True,NOERROR,1,600,0,2,False,False,0,135377,HK,False,Alibaba Cloud Computing Ltd. d/b/a HiChina (www.net.cn),1,365,False,0,True,True,,malicious,spamhaus_zen
getstromspanordique.shop,2026-07-23,24,3.7216117239699,0.0,0,0.5833333333333334,-6.900334285714285,low,0.5185,4,0.7368421052631579,True,NOERROR,1,300,0,2,False,False,0,199242,GE,True,,,,False,0,False,False,,benign,no_adverse_signal
casinonorsk24.com,2026-07-23,17,3.238901256602631,0.11764705882352941,0,0.5714285714285714,-7.1774956521739135,low,0.5926,3,0.7692307692307693,True,NOERROR,1,3600,1,2,True,False,0,200088,PL,False,Registrar of Domain Names REG.RU LLC,2,365,False,0,False,False,False,benign,no_adverse_signal
thegwinnettangels.com,2026-07-23,21,3.1307179879273748,0.0,0,0.4166666666666667,-6.801725806451612,low,0.6923,2,0.5882352941176471,True,NOERROR,2,300,0,2,False,False,2,13335,US,False,"Spaceship, Inc.",2,365,False,0,False,False,,benign,no_adverse_signal
toan10.com,2026-07-23,10,2.584962500721156,0.2,0,1.0,-8.445822222222223,low,0.5714,1,1.0,True,NOERROR,2,300,0,2,False,False,2,13335,US,False,DYNADOT LLC,2,365,True,0,False,False,,benign,no_adverse_signal
cherokee-casino-fort-gibson.com,2026-07-23,31,3.7360069464476573,0.0,3,0.7142857142857143,-7.171964705882353,low,0.3784,2,0.5555555555555556,True,NOERROR,1,300,0,2,False,False,0,206834,DE,False,DYNADOT LLC,2,365,True,22,False,False,,benign,no_adverse_signal
lumihavenlyo.club,2026-07-23,17,3.418295834054489,0.0,0,0.7142857142857143,-7.576642857142857,low,0.5,3,0.9166666666666666,True,NOERROR,3,3603,0,3,False,False,0,63949,US,True,"NameSilo, LLC",2,365,True,1,False,False,,benign,no_adverse_signal
ww2facts.net,2026-07-23,12,2.75,0.08333333333333333,0,0.16666666666666666,-9.081030769230768,low,0.5,3,0.875,False,NOERROR,0,,0,2,False,False,0,,,,DropCatch.com 983 LLC,3,365,True,,,False,,benign,no_adverse_signal
shopmaria.org,2026-07-23,13,2.94770277922009,0.0,0,0.8,-6.66646,low,0.625,2,0.8888888888888888,True,NOERROR,1,21600,0,2,False,False,0,16509,US,True,"TUCOWS.COM, CO.",371,730,True,0,False,False,,benign,no_adverse_signal
paten33slot.com,2026-07-23,15,3.095795255000934,0.13333333333333333,0,0.5,-8.098273684210525,low,0.5556,2,0.8181818181818182,True,NOERROR,1,300,0,2,True,False,0,22612,SG,True,NAMECHEAP INC,2,365,True,2,False,False,,benign,no_adverse_signal
wdbjpcdn.com,2026-07-23,12,2.75,0.0,0,0.0,-9.206223076923077,low,0.6154,8,0.875,True,NOERROR,1,600,3,2,True,False,0,37963,CN,False,Alibaba Cloud Computing Ltd. d/b/a HiChina (www.net.cn),2,365,False,0,True,False,False,malicious,spamhaus_zen
acexporters.com,2026-07-23,15,3.095795255000934,0.0,0,0.5714285714285714,-6.4057157894736845,low,0.6667,2,0.8181818181818182,False,timeout,0,,0,2,False,False,0,,,,"GoDaddy.com, LLC",2,1096,False,,,False,,benign,no_adverse_signal
hkgroupfw.com,2026-07-23,13,3.169925001442312,0.0,0,0.2857142857142857,-8.561033333333334,low,0.5,4,1.0,True,NOERROR,1,50,1,2,False,False,0,47583,CY,False,"HOSTINGER operations, UAB",2,365,False,32,False,False,False,benign,no_adverse_signal
troygb.shop,2026-07-23,11,2.584962500721156,0.0,0,0.2,-8.26978888888889,low,0.5,3,1.0,True,NOERROR,2,600,0,2,False,False,0,16509,US,True,,,,False,35,False,False,,benign,no_adverse_signal
hemisfearroadside.com,2026-07-23,21,3.2195282822995477,0.0,0,0.8888888888888888,-7.089587096774193,low,0.4828,2,0.5882352941176471,True,NOERROR,3,3600,0,2,False,False,0,58182,US,True,Wix.com Ltd.,2,365,False,17,False,False,,benign,no_adverse_signal
alicelanecollective.com,2026-07-23,23,2.945038697540244,0.0,0,0.9,-6.189297142857143,low,0.5161,2,0.47368421052631576,True,NOERROR,4,14400,1,4,True,False,0,53831,US,False,Squarespace Domains II LLC,2,365,True,15,False,False,False,benign,no_adverse_signal
california18wheeleraccident.com,2026-07-23,31,3.708048150071232,0.06451612903225806,0,0.7857142857142857,-7.212082352941176,low,0.4103,2,0.5555555555555556,False,NOERROR,0,,0,2,False,False,0,,,,"Cloudflare, Inc.",2,365,True,,,False,,benign,no_adverse_signal
yqswlb.top,2026-07-23,10,2.584962500721156,0.0,0,0.0,-10.458,high,0.5455,6,1.0,False,NOERROR,0,,0,2,False,False,0,,,,July Name Limited,2,365,True,,,False,,benign,no_adverse_signal
breatheeyewearofficial.shop,2026-07-23,27,3.4428621651554656,0.0,0,1.0,-6.896926829268293,low,0.4242,2,0.5909090909090909,True,NOERROR,1,300,0,2,False,False,0,199242,GE,False,,,,False,0,False,False,,benign,no_adverse_signal
7bbt.shop,2026-07-23,9,1.5,0.1111111111111111,0,0.0,-10.1369,low,0.5714,3,0.75,True,NOERROR,6,60,0,2,False,True,0,8075,KR,False,,,,False,0,False,True,,malicious,spamhaus_dbl
maymacbinhminh.com.vn,2026-07-23,21,2.896291529045928,0.0,0,0.4,-7.669048,low,0.4138,3,0.5714285714285714,True,NOERROR,1,360,0,3,True,False,0,45544,VN,True,,,,,56,False,False,,malicious,abuseipdb
0880626.email,2026-07-23,13,1.950212064914747,0.5384615384615384,0,0.0,-10.646263636363637,low,0.2,0,0.5714285714285714,False,NOERROR,0,,0,0,False,False,0,,,,,,,,,,False,,benign,no_adverse_signal
oskplotnicki.mom,2026-07-23,16,3.084962500721156,0.0,0,0.5,-7.467366666666666,low,0.5263,4,0.75,True,NOERROR,2,300,0,2,False,False,2,13335,US,False,Dynadot Inc,2,365,False,0,False,False,,benign,no_adverse_signal
13485resource.com,2026-07-23,17,3.3927474104487847,0.29411764705882354,0,1.0,-8.729356521739131,low,0.5217,2,0.8461538461538461,True,NOERROR,1,600,0,2,False,False,0,54600,US,False,Gname 142 Inc,2,365,False,0,False,False,,benign,no_adverse_signal
rylsian.day,2026-07-23,11,2.807354922057604,0.0,0,0.4,-7.598518181818181,low,0.625,4,1.0,False,NOERROR,0,,0,2,False,False,0,,,,,,,,,,False,,benign,no_adverse_signal
hi-tyk.com,2026-07-23,10,2.584962500721156,0.0,1,0.25,-9.140755555555556,low,0.5,3,1.0,True,NOERROR,2,300,5,2,True,False,2,13335,US,False,PDR Ltd. d/b/a PublicDomainRegistry.com,2,365,True,0,False,False,False,benign,no_adverse_signal
mec88.asia,2026-07-23,10,1.9219280948873623,0.2,0,0.5,-9.201028571428571,low,0.4444,1,0.8,True,NOERROR,1,300,0,2,False,False,0,206834,DE,False,Dynadot Inc,2,365,True,22,False,False,,benign,no_adverse_signal
m8ok.win,2026-07-23,8,2.0,0.125,0,0.5,-11.340860000000001,low,0.5,1,1.0,True,NOERROR,2,300,0,2,False,False,2,13335,US,False,Porkbun,2,365,True,0,False,False,,benign,no_adverse_signal
pub.bio,2026-07-23,7,1.584962500721156,0.0,0,0.5,-6.962266666666667,low,0.5455,1,1.0,True,NOERROR,1,900,1,2,False,False,0,15348,CA,False,,,,,0,False,False,False,benign,no_adverse_signal
1490157.com,2026-07-23,11,2.5216406363433186,0.6363636363636364,0,0.0,-10.840218181818182,low,0.2,0,0.8571428571428571,True,NOERROR,1,900,0,2,False,False,0,132203,SG,False,"Chengdu west dimension digital technology Co., LTD",2,365,True,0,True,False,,malicious,spamhaus_zen
viig.life,2026-07-23,9,1.5,0.0,0,1.0,-8.07222,low,0.6,1,0.75,True,NOERROR,1,1800,5,2,True,False,0,22612,US,False,,,,False,0,False,False,False,benign,no_adverse_signal
mas4business.com,2026-07-23,16,2.9182958340544896,0.0625,0,0.5714285714285714,-7.392080952380953,low,0.5926,2,0.75,False,NOERROR,0,,0,2,False,False,0,,,,DomainRegistry.com LLC,2,365,False,,,False,,benign,no_adverse_signal
skinhypeph.click,2026-07-23,16,2.9219280948873623,0.0,0,0.25,-7.9236,medium,0.6667,4,0.8,True,NOERROR,1,3600,0,3,False,False,0,131392,VN,True,"GMO Internet, Inc.",2,365,False,0,False,False,,benign,no_adverse_signal
lordserial-lordfilm.rest,2026-07-23,24,3.2608281712244547,0.0,1,0.5,-7.014931428571429,low,0.3871,3,0.5789473684210527,True,NOERROR,1,3600,0,2,False,False,0,207728,NL,True,"Spaceship, Inc.",2,365,False,0,False,False,,benign,no_adverse_signal
attdirectplans.shop,2026-07-23,19,3.3248629576173574,0.0,0,0.4,-6.820556,low,0.5,4,0.7857142857142857,True,NOERROR,2,300,0,2,False,False,0,16509,US,True,,,,False,14,False,False,,benign,no_adverse_signal
sandrix.fr,2026-07-23,10,2.807354922057604,0.0,0,0.4,-6.645472727272727,low,0.7143,3,1.0,True,NOERROR,2,60,2,2,True,False,2,47583,FR,False,Hostinger operations UAB,1,364,False,0,False,False,False,benign,no_adverse_signal
betflik199.asia,2026-07-23,15,3.1219280948873624,0.2,0,0.4,-8.303417647058822,low,0.5882,3,0.9,True,NOERROR,2,300,0,2,False,False,2,13335,US,False,"Spaceship, Inc.",2,365,True,0,False,False,,benign,no_adverse_signal
hellowebuildyourweb.com,2026-07-23,23,3.3263604079526936,0.0,0,0.7272727272727273,-7.263862857142857,low,0.4516,3,0.5789473684210527,True,NOERROR,4,30,0,2,False,False,8,213230,US,True,Domain Science Kutatasi Szolgaltato,3,365,True,0,False,False,,benign,no_adverse_signal
mydesertit.com,2026-07-23,14,2.9219280948873623,0.0,0,0.42857142857142855,-6.588164705882353,low,0.5882,3,0.8,False,NOERROR,0,,1,4,True,False,0,,,,Porkbun LLC,1,365,False,,,False,False,benign,no_adverse_signal
401precon.com,2026-07-23,13,3.169925001442312,0.23076923076923078,0,0.5,-7.975813333333334,low,0.625,2,1.0,True,NOERROR,1,1800,5,2,True,False,0,22612,US,False,NAMECHEAP INC,2,365,True,0,False,False,False,benign,no_adverse_signal
2011nbazongjuesailuxiang.com.cn,2026-07-23,31,3.855388542207534,0.12903225806451613,0,0.8181818181818182,-8.112486666666666,low,0.3721,3,0.6666666666666666,True,NOERROR,1,300,0,2,False,False,0,132839,SC,False,北京新网数码信息技术有限公司,3,365,False,0,True,False,,malicious,spamhaus_zen
tigbuyspreadsheet.living,2026-07-23,24,3.572469458770136,0.0,0,0.5454545454545454,-7.243696774193548,low,0.5333,4,0.7647058823529411,True,NOERROR,1,60,0,2,False,False,0,16509,US,True,"Spaceship, Inc.",2,365,False,0,False,False,,benign,no_adverse_signal
diamondpeakcontracting.com,2026-07-23,26,3.572623663895163,0.0,0,0.5714285714285714,-6.644204878048781,low,0.4848,3,0.5909090909090909,True,NOERROR,4,14400,0,4,True,False,0,53831,US,False,Squarespace Domains LLC,1,1096,True,32,False,False,,benign,no_adverse_signal
drastrogalla.com,2026-07-23,16,2.8553885422075336,0.0,0,0.5,-6.371280952380952,low,0.48,3,0.6666666666666666,True,NOERROR,2,3600,0,2,False,False,0,13335,US,False,"GoDaddy.com, LLC",1,365,False,0,False,False,,benign,no_adverse_signal
thepyepatch.com,2026-07-23,15,2.7321588913645702,0.0,0,0.375,-7.48311052631579,low,0.5263,3,0.6363636363636364,False,NXDOMAIN,0,,0,0,False,False,0,,,,,,,,,,False,,benign,no_adverse_signal
seedfundsevadalfoundation.in,2026-07-23,28,3.433269689515108,0.0,0,0.7857142857142857,-6.926406382978724,low,0.4889,3,0.48,True,NOERROR,1,14400,2,2,True,False,0,16509,US,False,"HOSTINGER operations, UAB",3,365,False,0,False,False,False,benign,no_adverse_signal
slotheroescasino.co.uk,2026-07-23,22,3.2806390622295662,0.0,0,0.7777777777777778,-6.4081,low,0.4762,2,0.6875,True,NOERROR,2,300,0,2,False,False,2,13335,US,False,Hosting Concepts B.V. [Tag = REGISTRAR-EU],13,365,False,0,False,False,,benign,no_adverse_signal
weisuyin.com,2026-07-23,12,2.75,0.0,0,1.0,-7.899353846153845,low,0.5,1,0.875,False,NOERROR,0,,0,2,False,False,0,,,,TuringSign Inc. d/b/a Cosmotown,2,365,False,,,False,,benign,no_adverse_signal
cmfbd.enterprises,2026-07-23,17,2.321928094887362,0.0,0,0.0,-10.289857142857143,low,0.6,5,1.0,True,NOERROR,1,1,0,2,False,True,0,138995,SC,False,,,,,0,False,False,,benign,no_adverse_signal
sss23456.com,2026-07-23,12,2.4056390622295662,0.4166666666666667,0,0.0,-9.593161538461539,low,0.3636,3,0.75,True,NOERROR,2,300,0,2,False,False,2,13335,US,False,"GoDaddy.com, LLC",2,365,False,0,False,False,,benign,no_adverse_signal
trustvape1.com,2026-07-23,14,3.121928094887362,0.07142857142857142,0,0.5,-7.503917647058823,low,0.6,3,0.9,True,NOERROR,4,30,3,2,True,False,0,396982,US,True,"TUCOWS.COM, CO.",2,365,True,5,False,False,False,benign,no_adverse_signal
aslankayamotorlupanjur.com,2026-07-23,26,3.4771752334356236,0.0,0,0.6923076923076923,-7.208663414634147,low,0.4848,2,0.5909090909090909,True,NOERROR,3,3600,0,2,False,False,0,58182,US,True,Wix.com Ltd.,2,365,True,19,False,False,,benign,no_adverse_signal
spanline.dev,2026-07-23,12,2.75,0.0,0,0.6,-5.983446153846154,low,0.7143,2,0.875,True,NOERROR,2,300,1,2,False,False,2,13335,US,False,,,,False,0,False,False,False,benign,no_adverse_signal
blusarena.online,2026-07-23,16,2.94770277922009,0.0,0,0.8,-6.418786666666667,medium,0.5263,2,0.8888888888888888,True,NOERROR,1,10800,2,3,True,False,0,29169,FR,True,Gandi SAS,2,365,False,0,False,False,False,benign,no_adverse_signal
listofexcludedpersons.com,2026-07-23,25,3.6537567082870006,0.0,0,0.5,-6.9957179487179495,low,0.4571,3,0.6666666666666666,True,NOERROR,2,3600,0,2,False,False,0,16509,US,True,"GoDaddy.com, LLC",1,365,False,23,False,False,,benign,no_adverse_signal
powerfluency.com,2026-07-23,16,3.418295834054489,0.0,0,0.5,-7.2419,low,0.5,3,0.9166666666666666,True,NOERROR,2,3600,1,2,True,False,0,16509,US,True,Dynadot Inc,3,365,False,27,False,False,,benign,no_adverse_signal
santander-mexico.com,2026-07-23,20,3.625,0.0,1,0.6666666666666666,-6.690810344827586,low,0.5517,2,0.8125,True,NOERROR,1,14400,2,2,True,False,0,31898,BR,True,PDR Ltd. d/b/a PublicDomainRegistry.com,2,365,False,0,False,False,False,benign,no_adverse_signal
sparkocloud.site,2026-07-23,16,3.277613436819116,0.0,0,0.5714285714285714,-6.698157894736842,medium,0.6667,2,0.9090909090909091,True,NOERROR,2,300,0,2,False,False,2,13335,US,False,NAMECHEAP INC,2,365,False,0,False,False,,benign,no_adverse_signal
crownforeigncurrency.com,2026-07-23,24,3.2464393446710154,0.0,0,0.42857142857142855,-7.2666270270270275,low,0.4865,3,0.55,False,NOERROR,0,,3,2,True,False,0,,,,"Spaceship, Inc.",2,365,False,,,False,False,benign,no_adverse_signal
redwoodreachgroup.com,2026-07-23,21,3.292770193936991,0.0,0,0.7,-7.201493548387097,low,0.4828,4,0.6470588235294118,False,SERVFAIL,0,,0,0,False,False,0,,,,"ENOM, INC.",1,365,True,,,False,,benign,no_adverse_signal
novadrynandcaptainconcretesolutions.com,2026-07-23,39,3.6715815881262834,0.0,0,0.5909090909090909,-6.796643283582089,low,0.4167,4,0.42857142857142855,True,NOERROR,4,14400,1,4,True,False,0,53831,US,False,Squarespace Domains II LLC,2,365,True,33,False,False,False,benign,no_adverse_signal
jeilcasting.co.kr,2026-07-23,17,3.277613436819116,0.0,0,0.5714285714285714,-6.807147368421053,low,0.5455,2,0.9090909090909091,True,NOERROR,2,300,3,2,True,False,2,13335,US,False,"Gabia, Inc.(http://www.gabia.co.kr)",3,365,False,0,False,False,False,benign,no_adverse_signal
techservicepro.ru,2026-07-23,17,3.182005814760214,0.0,0,0.5555555555555556,-6.470216000000001,low,0.64,3,0.7142857142857143,True,NOERROR,1,14400,0,2,False,False,0,197695,RU,False,REGRU-RU,2,365,False,0,False,False,,benign,no_adverse_signal
ertid.life,2026-07-23,10,2.321928094887362,0.0,0,0.6666666666666666,-6.375857142857143,low,0.5455,2,1.0,True,NOERROR,1,1800,5,2,True,False,0,22612,US,False,,,,False,2,False,False,False,benign,no_adverse_signal
kh8ffjy.com,2026-07-23,11,2.521640636343318,0.09090909090909091,0,0.0,-11.624872727272729,low,0.4286,4,0.8571428571428571,True,NOERROR,2,300,0,2,False,False,2,13335,US,False,"SNAPNAMES 62, LLC",2,365,False,0,False,False,,benign,no_adverse_signal
careeradvantagesolutions.xyz,2026-07-23,28,3.636842188131012,0.0,0,0.8461538461538461,-6.37794,high,0.4615,2,0.5833333333333334,True,NOERROR,2,600,0,2,False,False,0,16509,US,True,"GoDaddy.com, LLC",2,365,False,35,False,False,,benign,no_adverse_signal
flowpet.fr,2026-07-23,10,2.807354922057604,0.0,0,0.4,-7.495336363636364,low,0.5333,2,1.0,True,NOERROR,1,21600,0,4,False,False,1,13335,CA,True,EPAG Domainservices GmbH,0,364,False,0,False,False,,benign,no_adverse_signal
gotasdejardin.com,2026-07-23,17,3.3927474104487847,0.0,0,0.625,-7.195578260869565,low,0.5,2,0.8461538461538461,True,NOERROR,1,21600,0,4,False,False,1,13335,CA,True,"TUCOWS.COM, CO.",1,365,True,0,False,False,,benign,no_adverse_signal
st-annepalace.com,2026-07-23,17,3.0269868333592873,0.0,1,0.7142857142857143,-6.807273913043478,low,0.5263,2,0.6923076923076923,False,NOERROR,0,,0,4,False,False,0,,,,"GoDaddy.com, LLC",2,1096,False,,,False,,benign,no_adverse_signal
tsforrad.com,2026-07-23,12,2.75,0.0,0,0.3333333333333333,-7.07176923076923,low,0.625,3,0.875,True,NOERROR,1,300,0,4,False,False,0,13335,DE,True,"Name.com, Inc.",2,365,True,68,False,False,,malicious,abuseipdb
xsdng30.app,2026-07-23,11,2.807354922057604,0.18181818181818182,0,0.0,-9.276781818181819,low,0.5,5,1.0,True,NOERROR,2,300,0,2,False,False,2,13335,US,False,,,,False,0,False,False,,benign,no_adverse_signal
qggqdd.com,2026-07-23,10,1.584962500721156,0.0,0,0.0,-12.114266666666667,low,0.4615,6,0.5,False,NOERROR,0,,0,2,False,False,0,,,,Alibaba Cloud Computing Ltd. d/b/a HiChina (www.net.cn),2,365,False,,,False,,benign,no_adverse_signal
tathyanews.in,2026-07-23,13,2.9219280948873623,0.0,0,0.42857142857142855,-6.780194117647059,low,0.5333,3,0.8,True,NOERROR,2,3600,0,2,False,False,0,16509,US,True,,,,False,24,False,False,,benign,no_adverse_signal
yourdogtrainingblog.com,2026-07-23,23,3.4316235658474303,0.0,0,0.5833333333333334,-6.909334285714286,low,0.4828,4,0.631578947368421,True,NOERROR,1,3600,1,4,True,False,0,14618,US,True,CNOBIN INFORMATION TECHNOLOGY LIMITED,374,730,False,0,False,False,False,benign,no_adverse_signal
screenr8.de,2026-07-23,11,2.5,0.09090909090909091,0,0.4,-7.746769230769231,low,0.5714,3,0.75,True,NOERROR,4,30,0,2,False,False,8,213230,US,True,,,,False,0,False,False,,benign,no_adverse_signal
duobaodan.com,2026-07-23,13,2.5032583347756456,0.0,0,1.25,-7.6454933333333335,low,0.5882,1,0.6666666666666666,True,NOERROR,1,3600,1,4,True,False,0,14618,US,True,CNOBIN INFORMATION TECHNOLOGY LIMITED,374,730,False,0,False,False,False,benign,no_adverse_signal
homebuildplans.com,2026-07-23,18,3.6644977792004623,0.0,0,0.5555555555555556,-6.983788,low,0.5185,4,0.9285714285714286,True,NOERROR,2,300,0,2,False,False,2,13335,US,False,"Cloudflare, Inc.",2,365,True,0,False,False,,benign,no_adverse_signal
tourguidebooking.com,2026-07-23,20,3.327819531114783,0.0,0,1.0,-6.794182758620689,low,0.6087,2,0.6875,True,NOERROR,4,1,0,2,False,False,0,134175,HK,False,Gname 141 Inc,2,365,False,0,False,False,,benign,no_adverse_signal
z6b3hf.com,2026-07-23,10,2.584962500721156,0.2,0,0.0,-12.8191,low,0.4444,2,1.0,True,NOERROR,2,300,0,2,False,True,2,13335,US,False,Realtime Register B.V.,2,365,False,0,False,False,,benign,no_adverse_signal
obsesseddressed.com,2026-07-23,19,2.2825887305018333,0.0,0,0.5,-6.806422222222222,low,0.5,3,0.4,True,NOERROR,2,300,3,2,True,False,2,13335,US,False,"Cloudflare, Inc.",2,365,True,0,False,False,False,benign,no_adverse_signal
s110.app,2026-07-23,8,1.5,0.375,0,0.0,-9.7005,low,0.2857,1,0.75,True,NOERROR,2,300,0,2,False,False,2,13335,US,False,,,,False,0,False,False,,benign,no_adverse_signal
ride4you.ca,2026-07-23,11,3.0,0.09090909090909091,0,1.3333333333333333,-8.2909,low,0.5714,1,1.0,True,NOERROR,1,50,0,2,False,False,0,47583,CY,False,Open Provider Inc.,3,365,True,32,False,False,,benign,no_adverse_signal
wellopoma.space,2026-07-23,15,2.725480556997868,0.0,0,0.8,-6.741479999999999,low,0.5333,2,0.7777777777777778,True,NOERROR,2,300,0,2,False,False,0,13335,US,False,NAMECHEAP INC,2,365,False,0,False,False,,benign,no_adverse_signal
utilitymap.org,2026-07-23,14,2.9219280948873623,0.0,0,0.6666666666666666,-6.81485294117647,low,0.5,3,0.8,True,NOERROR,2,14400,0,4,False,False,0,13335,US,False,PDR Ltd. d/b/a PublicDomainRegistry.com,2,365,False,0,False,False,,benign,no_adverse_signal
hudmao.com,2026-07-23,10,2.584962500721156,0.0,0,1.0,-8.088033333333334,low,0.5,2,1.0,False,NOERROR,0,,0,2,False,False,0,,,,July Name Limited,2,365,True,,,False,,benign,no_adverse_signal
homewealth.app,2026-07-23,14,2.9219280948873623,0.0,0,0.6666666666666666,-6.644082352941176,low,0.75,3,0.8,True,NOERROR,2,3600,0,2,False,False,0,16509,US,True,,,,False,22,False,False,,benign,no_adverse_signal
unidadbloque.com,2026-07-23,16,3.2516291673878226,0.0,0,1.0,-7.499242857142858,low,0.5455,3,0.8333333333333334,False,NOERROR,0,,3,2,True,False,0,,,,"Cloudflare, Inc.",2,365,True,,,False,False,benign,no_adverse_signal
theluxuriousjewellery.com,2026-07-23,25,3.46328051781081,0.0,0,0.75,-7.40045641025641,low,0.375,2,0.6190476190476191,True,NOERROR,2,3600,0,2,False,False,0,16509,US,True,"GoDaddy.com, LLC",2,365,False,23,False,False,,benign,no_adverse_signal
faint-pull-still-marks.com,2026-07-23,26,3.51602764126623,0.0,3,0.35714285714285715,-7.2495463414634145,low,0.4,3,0.5909090909090909,True,NOERROR,1,1800,5,2,True,False,0,24940,DE,True,NAMECHEAP INC,2,365,False,0,False,False,False,benign,no_adverse_signal
coolscandi.com,2026-07-23,14,2.9219280948873623,0.0,0,0.6666666666666666,-6.498417647058823,low,0.5333,3,0.8,True,NOERROR,1,3600,1,4,True,False,0,14618,US,True,PDR Ltd. d/b/a PublicDomainRegistry.com,2,365,True,0,False,False,False,benign,no_adverse_signal
voguebf.com,2026-07-23,11,2.807354922057604,0.0,0,0.75,-8.1634,low,0.5,2,1.0,True,NOERROR,1,300,0,2,False,False,0,24940,FI,True,"Gransy, s.r.o.",2,365,False,0,False,False,,benign,no_adverse_signal
bjjhgg.com,2026-07-23,10,1.9182958340544896,0.0,0,0.0,-10.526055555555555,low,0.4615,6,0.6666666666666666,True,NOERROR,2,300,0,2,False,False,2,13335,US,False,July Name Limited,2,365,True,0,False,False,,benign,no_adverse_signal
axinlog.com,2026-07-23,11,2.807354922057604,0.0,0,0.75,-7.1510181818181815,low,0.5455,2,1.0,True,NOERROR,1,1,0,2,False,False,0,59371,HK,False,TuringSign Inc. d/b/a Cosmotown,2,365,False,0,False,False,,benign,no_adverse_signal
parlay77.digital,2026-07-23,16,2.5,0.125,0,0.5,-7.964884615384615,low,0.5333,2,0.75,True,NOERROR,1,3600,1,2,True,False,0,154177,SG,False,,,,,0,True,True,,malicious,spamhaus_zen
ridergest.com,2026-07-23,13,2.725480556997868,0.0,0,0.5,-6.2216933333333335,low,0.6667,2,0.7777777777777778,True,NOERROR,2,300,3,2,True,False,2,13335,US,False,"Cloudflare, Inc.",2,365,True,0,False,False,False,benign,no_adverse_signal
barbosaebarbozaconsultoriademarketingdigitalltda.de,2026-07-23,51,3.829448698502606,0.0,0,0.7142857142857143,-6.909796774193548,low,0.3284,4,0.3541666666666667,True,NOERROR,1,14400,0,2,False,False,0,24940,DE,True,,,,False,0,False,False,,benign,no_adverse_signal
bowento-immobilien.de,2026-07-23,21,3.197159723424149,0.0,1,0.8888888888888888,-7.132942424242424,low,0.6154,2,0.5555555555555556,True,NOERROR,1,600,2,3,True,False,0,8648,DE,True,,,,False,0,False,False,False,benign,no_adverse_signal
groundedhorizons.org,2026-07-23,20,3.327819531114783,0.0,0,0.6,-6.8309310344827585,low,0.5517,2,0.6875,True,NOERROR,4,14400,0,4,True,False,0,53831,US,False,Squarespace Domains LLC,2,365,True,33,False,False,,benign,no_adverse_signal
kdsngo.in,2026-07-23,9,2.584962500721156,0.0,0,0.2,-8.790733333333334,low,0.5714,5,1.0,True,NOERROR,1,14400,1,2,True,False,0,24940,DE,True,GoDaddy,3,365,False,0,False,False,False,benign,no_adverse_signal
lodara.xyz,2026-07-23,10,2.251629167387823,0.0,0,1.0,-6.4832777777777775,high,0.625,1,0.8333333333333334,True,NOERROR,1,1799,1,2,False,False,0,16509,US,False,NAMECHEAP INC,1,365,True,0,False,False,False,benign,no_adverse_signal
ohbet.pro,2026-07-23,9,2.321928094887362,0.0,0,0.6666666666666666,-7.987614285714286,low,0.6154,2,1.0,True,NOERROR,2,300,0,2,False,False,2,13335,US,False,,,,,0,False,False,,benign,no_adverse_signal
magicspoonmarket.shop,2026-07-23,21,3.625,0.0,0,0.6,-6.725910344827586,low,0.5161,3,0.8125,True,NOERROR,1,300,0,2,False,False,0,199242,GE,True,,,,False,0,False,False,,benign,no_adverse_signal
local-flow.net,2026-07-23,14,2.6464393446710153,0.0,1,0.5,-7.278705882352941,low,0.4615,2,0.7,True,NOERROR,2,300,0,2,False,False,2,13335,US,False,"Cloudflare, Inc.",2,365,True,0,False,False,,benign,no_adverse_signal
finanzasl-cdmx.com,2026-07-23,18,3.521640636343319,0.0,1,0.3,-7.942668,low,0.5,4,0.8571428571428571,True,NOERROR,2,300,0,2,False,False,2,13335,US,False,"Gransy, s.r.o.",2,365,False,0,False,False,,benign,no_adverse_signal
reimortgageswebinar.com,2026-07-23,23,3.43162356584743,0.0,0,0.7272727272727273,-6.904325714285714,low,0.4444,3,0.631578947368421,True,NOERROR,2,3600,2,2,True,False,0,16509,US,True,"GoDaddy.com, LLC",2,1096,False,24,False,False,False,benign,no_adverse_signal
gamingrgb.com,2026-07-23,13,2.6416041678685933,0.0,0,0.2857142857142857,-7.196746666666667,low,0.5263,5,0.7777777777777778,True,NOERROR,1,3600,0,2,False,False,0,23470,US,True,Wix.com Ltd.,2,365,False,100,True,False,,malicious,spamhaus_zen
sanmiguelmultiservices.net,2026-07-23,26,3.5383105956150054,0.0,0,0.6923076923076923,-6.996019512195121,low,0.6286,2,0.5909090909090909,True,NOERROR,2,3600,0,2,False,False,0,16509,US,True,"GoDaddy.com, LLC",2,1096,False,23,False,False,,benign,no_adverse_signal
abservicesrls.net,2026-07-23,17,3.0269868333592873,0.0,0,0.4444444444444444,-7.1240695652173915,low,0.6923,4,0.6923076923076923,True,NOERROR,1,3600,1,4,True,False,0,31034,IT,True,"TUCOWS.COM, CO.",2,365,True,0,False,False,False,benign,no_adverse_signal
apibetid.com,2026-07-23,12,2.75,0.0,0,1.0,-6.8317,low,0.5,1,0.875,True,NOERROR,1,300,0,2,True,False,0,22612,SG,True,NAMECHEAP INC,2,365,True,2,False,False,,benign,no_adverse_signal
greenseal.store,2026-07-23,15,2.6416041678685933,0.0,0,0.8,-6.26196,low,0.5,2,0.7777777777777778,True,NOERROR,1,21600,0,2,False,False,0,16509,US,True,,,,False,0,False,False,,benign,no_adverse_signal
urasescalenu.digital,2026-07-23,20,2.918295834054489,0.0,0,1.0,-6.439476190476191,low,0.5556,2,0.6666666666666666,True,NOERROR,2,300,0,2,False,False,2,13335,US,False,,,,,0,False,False,,benign,no_adverse_signal
happyshop.ac,2026-07-23,12,2.4193819456463714,0.0,0,0.2857142857142857,-7.20478,low,0.5556,5,0.6666666666666666,False,NOERROR,0,,0,2,False,False,0,,,,NAMECHEAP INC,3,365,True,,,False,,benign,no_adverse_signal
ttk-tts.ru,2026-07-23,10,1.6644977792004614,0.0,1,0.0,-8.943563636363637,low,0.5263,3,0.5714285714285714,False,NOERROR,0,,0,4,False,False,0,,,,RU-CENTER-RU,3,365,False,,,False,,benign,no_adverse_signal
hs-grandblue.com,2026-07-23,16,3.584962500721156,0.0,1,0.375,-7.317557142857143,low,0.4706,4,1.0,False,NOERROR,0,,0,2,False,False,0,,,,Gname 402 Inc,2,365,False,,,False,,benign,no_adverse_signal
nfmk0fcx.top,2026-07-23,12,2.75,0.08333333333333333,0,0.0,-11.578253846153846,high,0.4286,4,0.875,True,NOERROR,3,60,0,2,False,True,0,138995,US,False,Dominet (HK) Limited,2,365,True,0,True,True,,malicious,spamhaus_zen
promo.directory,2026-07-23,15,1.9219280948873623,0.0,0,0.6666666666666666,-6.3062,low,0.6667,2,0.8,True,NOERROR,4,14400,0,4,True,False,0,53831,US,False,,,,,33,False,False,,benign,no_adverse_signal
adobet88ok.com,2026-07-23,14,2.9219280948873623,0.14285714285714285,0,1.0,-8.285064705882354,low,0.6667,1,0.8,True,NOERROR,1,300,0,2,True,False,0,22612,SG,True,NAMECHEAP INC,2,365,True,2,False,False,,benign,no_adverse_signal
17635.app,2026-07-23,9,2.321928094887362,0.5555555555555556,0,0.0,-11.218842857142858,low,0.75,0,1.0,False,NXDOMAIN,0,,0,0,False,False,0,,,,,,,False,,,False,,benign,no_adverse_signal
forkypig.com,2026-07-23,12,3.0,0.0,0,0.3333333333333333,-7.635192307692307,low,0.5333,4,1.0,True,NOERROR,4,14400,0,4,True,False,0,53831,US,False,Squarespace Domains LLC,1,731,True,32,False,False,,benign,no_adverse_signal
hakimigraphics.com,2026-07-23,18,3.182005814760214,0.0,0,0.5555555555555556,-7.173576000000001,low,0.48,2,0.7142857142857143,True,NOERROR,2,300,3,2,True,False,0,16509,US,False,"Cloudflare, Inc.",2,365,True,0,False,False,False,benign,no_adverse_signal
xedobo-rutumu.info,2026-07-23,18,3.1808329872054406,0.0,1,1.0,-8.0491,medium,0.4762,1,0.7692307692307693,True,NOERROR,2,300,1,2,False,False,2,13335,US,False,,,,,0,False,False,False,benign,no_adverse_signal
marshalsmardigras.com,2026-07-23,21,2.939829017466402,0.0,0,0.4166666666666667,-6.621335483870968,low,0.5714,3,0.5294117647058824,True,NOERROR,2,3600,0,2,False,False,0,16509,US,True,"GoDaddy.com, LLC",2,365,False,22,False,False,,benign,no_adverse_signal
nam1999.com,2026-07-23,11,2.128085278891394,0.36363636363636365,0,0.5,-8.884981818181817,low,0.5455,1,0.7142857142857143,True,NOERROR,2,300,0,2,False,False,2,13335,US,False,Dynadot Inc,2,365,False,0,False,False,,benign,no_adverse_signal
brunolima.net,2026-07-23,13,3.169925001442312,0.0,0,0.8,-6.91008,low,0.5,2,1.0,False,NXDOMAIN,0,,0,0,False,False,0,,,,"GMO Internet, Inc.",3,365,True,,,False,,benign,no_adverse_signal
habbeje.top,2026-07-23,11,2.2359263506290326,0.0,0,0.75,-8.328718181818182,high,0.5,2,0.7142857142857143,True,NOERROR,2,300,0,2,False,False,2,13335,US,False,PDR Ltd. d/b/a PublicDomainRegistry.com,2,365,True,0,False,False,,benign,no_adverse_signal
parmartravelsjaipur.com,2026-07-23,23,3.300559092390953,0.0,0,0.5833333333333334,-7.053868571428572,low,0.5,3,0.631578947368421,True,NOERROR,1,300,2,2,True,False,0,22612,US,True,"Spaceship, Inc.",2,365,False,0,False,False,False,benign,no_adverse_signal
o1m2zr.com,2026-07-23,10,2.584962500721156,0.2,0,0.3333333333333333,-12.504055555555556,low,0.5,2,1.0,True,NOERROR,2,300,0,2,False,True,2,13335,US,False,Realtime Register B.V.,2,365,False,0,False,False,,benign,no_adverse_signal
lohrasupinder.com.de,2026-07-23,20,1.584962500721156,0.0,0,0.5,-5.649566666666666,low,0.6,1,1.0,True,NOERROR,2,300,0,2,False,False,2,13335,US,False,,,,False,0,False,False,,benign,no_adverse_signal
staci.space,2026-07-23,11,2.321928094887362,0.0,0,0.6666666666666666,-6.112414285714286,low,0.7273,2,1.0,False,NOERROR,0,,0,2,False,False,0,,,,"GoDaddy.com, LLC",2,365,False,,,False,,benign,no_adverse_signal
ceilryan.com,2026-07-23,12,3.0,0.0,0,0.6,-7.895530769230769,low,0.6154,3,1.0,True,NOERROR,2,600,0,2,False,False,0,16509,US,True,"GoDaddy.com, LLC",2,365,False,33,False,False,,benign,no_adverse_signal
thedailyhealthhq.com,2026-07-23,20,3.0,0.0,0,0.45454545454545453,-7.306334482758621,low,0.5455,5,0.5625,True,NOERROR,1,1799,5,2,True,False,0,13335,US,False,NAMECHEAP INC,2,365,True,0,False,False,False,benign,no_adverse_signal
mura-mocock-quina.top,2026-07-23,21,3.381580488309164,0.0,2,0.875,-7.843038709677419,high,0.4444,2,0.6470588235294118,True,NOERROR,2,300,0,2,False,False,2,13335,US,False,"NameSilo, LLC",2,365,True,0,False,False,,benign,no_adverse_signal
seryn.cloud,2026-07-23,11,2.321928094887362,0.0,0,0.25,-6.822057142857143,low,0.7273,3,1.0,True,NOERROR,1,3600,3,2,True,False,0,16276,FR,True,"OVH, SAS",2,365,True,16,False,False,False,benign,no_adverse_signal
rvnnay.co.uk,2026-07-23,12,2.2516291673878226,0.0,0,0.2,-8.464322222222222,low,0.4615,4,0.8333333333333334,True,NOERROR,1,3600,0,2,False,False,0,14618,US,True,"Namecheap, Inc. t/a Spaceship [Tag = SPACESHIP]",5,365,False,0,False,False,,benign,no_adverse_signal
shxiesi.com,2026-07-23,11,2.2359263506290326,0.0,0,0.75,-8.407645454545454,low,0.6154,3,0.7142857142857143,False,NOERROR,0,,0,2,False,False,0,,,,SGADDRESS PTE. LTD,2,365,False,,,False,,benign,no_adverse_signal
profshina-mv.ru,2026-07-23,15,3.584962500721156,0.0,1,0.375,-7.712066666666666,low,0.5,3,1.0,True,NOERROR,1,3600,1,4,True,False,0,44094,RU,True,REGRU-RU,3,365,False,0,False,False,False,benign,no_adverse_signal
gamma-pharmaceutical.com,2026-07-23,24,3.403701696057348,0.0,1,0.7272727272727273,-6.987145945945946,low,0.4138,2,0.65,True,NOERROR,2,3600,0,2,False,False,0,16509,US,True,"GoDaddy.com, LLC",2,1096,False,23,False,False,,benign,no_adverse_signal
marealtag.live,2026-07-23,14,2.6416041678685933,0.0,0,0.8,-6.109453333333334,low,0.5333,2,0.7777777777777778,True,NOERROR,2,300,0,2,False,False,2,13335,US,False,,,,False,0,False,False,,benign,no_adverse_signal
serverthailand253ok.lat,2026-07-23,23,3.932138039759373,0.13043478260869565,0,0.6,-7.665537142857143,low,0.4444,3,0.8421052631578947,True,NOERROR,2,300,1,2,False,False,2,13335,US,False,"GoDaddy.com, LLC",2,365,False,0,False,False,False,benign,no_adverse_signal
villapoolvilla.com,2026-07-23,18,2.406666316740689,0.0,0,0.75,-6.9247320000000006,low,0.4762,2,0.42857142857142855,False,NOERROR,0,,0,2,False,False,0,,,,"GMO Internet, Inc.",2,1096,True,,,False,,benign,no_adverse_signal
bimbo-adekanmbi.com,2026-07-23,19,3.189898095464287,0.0,1,0.75,-7.906614814814815,low,0.4762,3,0.6666666666666666,True,NOERROR,1,14400,3,2,True,False,0,22612,US,True,NAMECHEAP INC,2,365,True,0,False,False,False,benign,no_adverse_signal
thestartupir.com,2026-07-23,16,3.0220552088742005,0.0,0,0.5,-6.418338095238095,low,0.5556,2,0.75,True,NOERROR,1,300,0,2,False,False,0,4766,KR,False,"Cloudflare, Inc.",2,365,True,0,False,False,,benign,no_adverse_signal
zetakopro.com,2026-07-23,13,2.94770277922009,0.0,0,0.8,-7.0362,low,0.5455,2,0.8888888888888888,True,NOERROR,1,1799,1,2,True,False,0,22612,US,False,NAMECHEAP INC,2,365,True,0,False,False,False,benign,no_adverse_signal
cordc.buzz,2026-07-23,10,1.9219280948873623,0.0,0,0.25,-6.775514285714286,high,0.75,3,0.8,True,NOERROR,2,300,0,2,False,False,2,13335,US,False,"Spaceship, Inc.",2,365,False,0,False,False,,benign,no_adverse_signal
oroval.cyou,2026-07-23,11,2.2516291673878226,0.0,0,1.0,-6.722177777777778,low,0.6667,1,0.8333333333333334,True,NOERROR,2,300,0,2,False,False,2,13335,US,False,Dynadot Inc,2,365,False,0,False,False,,benign,no_adverse_signal
ket04.tech,2026-07-23,10,2.321928094887362,0.2,0,0.5,-9.654342857142856,low,0.4444,1,1.0,True,NOERROR,2,300,0,2,False,False,2,13335,US,False,Dynadot Inc,2,365,False,0,False,False,,benign,no_adverse_signal
tradimis.com,2026-07-23,12,2.75,0.0,0,0.6,-6.450815384615385,low,0.6316,2,0.875,True,NOERROR,1,21600,3,2,True,False,0,396982,FR,True,"OVH, SAS",2,365,True,0,False,False,False,benign,no_adverse_signal
radiscope.site,2026-07-23,14,3.169925001442312,0.0,0,0.8,-6.403926666666666,medium,0.625,2,1.0,True,NOERROR,2,300,0,2,False,False,2,13335,US,False,NAMECHEAP INC,2,365,False,0,False,False,,benign,no_adverse_signal
obsidra.xyz,2026-07-23,11,2.807354922057604,0.0,0,0.75,-7.189454545454546,high,0.5455,2,1.0,True,NOERROR,1,1799,5,2,True,False,0,16509,US,False,NAMECHEAP INC,2,365,True,0,False,False,False,benign,no_adverse_signal
vskzppa.com,2026-07-23,11,2.521640636343318,0.0,0,0.16666666666666666,-9.74149090909091,low,0.5,6,0.8571428571428571,False,timeout,0,,0,0,False,False,0,,,,"Bizcn.com,Inc.",2,365,True,,,True,,malicious,spamhaus_dbl
vancouvertrenchlessrepair.ca,2026-07-23,28,3.603856189774724,0.0,0,0.5625,-6.798221276595744,low,0.4118,4,0.56,True,NOERROR,1,60,0,2,False,False,0,16509,US,False,Tucows.com Co.,2,365,True,0,False,False,,benign,no_adverse_signal
norvant.store,2026-07-23,13,2.5216406363433186,0.0,0,0.4,-6.836636363636364,low,0.5714,2,0.8571428571428571,True,NOERROR,1,1800,0,2,False,False,1,47583,CY,False,,,,False,32,False,False,,benign,no_adverse_signal
glowfusionn.sbs,2026-07-23,15,3.095795255000934,0.0,0,0.5714285714285714,-7.264131578947369,low,0.5161,2,0.8181818181818182,False,NOERROR,0,,0,2,False,False,0,,,,Dynadot Inc,2,365,False,,,False,,benign,no_adverse_signal
b2bpromax.com,2026-07-23,13,2.94770277922009,0.07692307692307693,0,0.3333333333333333,-8.244546666666666,low,0.4615,3,0.8888888888888888,True,NOERROR,1,300,0,2,False,False,0,40034,VG,False,"Network Solutions, LLC",2,365,True,24,False,False,,benign,no_adverse_signal
saiflows.com,2026-07-23,12,2.75,0.0,0,0.6,-7.365061538461538,low,0.5714,2,0.875,False,NOERROR,0,,0,2,False,False,0,,,,"Cloudflare, Inc.",2,365,True,,,False,,benign,no_adverse_signal
abudhabi8.click,2026-07-23,15,2.725480556997868,0.06666666666666667,0,1.0,-8.224233333333334,medium,0.4444,2,0.7777777777777778,True,NOERROR,1,300,0,2,False,False,0,206834,DE,False,"Dynadot, LLC",2,365,False,22,False,False,,benign,no_adverse_signal
vvckni.top,2026-07-23,10,2.2516291673878226,0.0,0,0.2,-9.277444444444445,high,0.5455,5,0.8333333333333334,False,NOERROR,0,,0,2,False,False,0,,,,July Name Limited,2,365,True,,,False,,benign,no_adverse_signal
stop51.com,2026-07-23,10,2.584962500721156,0.2,0,0.3333333333333333,-8.679344444444446,low,0.5,2,1.0,True,NOERROR,2,3600,0,2,False,False,0,16509,US,True,"GoDaddy.com, LLC",1,1096,False,22,False,False,,benign,no_adverse_signal
ymm-wangjuntao.top,2026-07-23,18,3.3787834934861767,0.0,1,0.4444444444444444,-8.145788,high,0.4545,3,0.7857142857142857,True,NOERROR,1,600,0,2,False,False,0,16509,US,False,Alibaba Cloud Computing Ltd. d/b/a HiChina (www.net.cn),3,365,True,0,False,False,,benign,no_adverse_signal
agrocota.agr.br,2026-07-23,15,2.5,0.0,0,1.0,-6.7386307692307685,low,0.5556,2,0.75,True,NOERROR,1,3600,0,2,False,False,0,16509,US,False,,6,365,False,0,False,False,,benign,no_adverse_signal
naunganp.blog,2026-07-23,13,2.1556390622295662,0.0,0,0.6,-6.932369230769231,low,0.5333,2,0.625,True,NOERROR,2,300,0,2,False,False,2,13335,US,False,Dynadot LLC,2,365,True,0,False,False,,benign,no_adverse_signal
hebeijiyang.com,2026-07-23,15,3.0957952550009344,0.0,0,0.8333333333333334,-7.864384210526315,low,0.625,2,0.8181818181818182,False,NOERROR,0,,0,2,False,False,0,,,,Alibaba Cloud Computing Ltd. d/b/a HiChina (www.net.cn),2,365,False,,,False,,benign,no_adverse_signal
futuresclock.com,2026-07-23,16,3.2516291673878226,0.0,0,0.5,-6.59687619047619,low,0.5263,3,0.8333333333333334,True,NOERROR,2,300,0,2,True,False,2,13335,US,False,"Cloudflare, Inc.",2,365,True,0,False,False,,benign,no_adverse_signal
preman189slot.com,2026-07-23,17,3.7004397181410926,0.17647058823529413,0,0.42857142857142855,-8.29,low,0.5185,2,1.0,True,NOERROR,1,300,0,2,True,False,0,22612,SG,True,NAMECHEAP INC,2,365,True,2,False,False,,benign,no_adverse_signal
monopetalaegambogic.garden,2026-07-23,26,3.43162356584743,0.0,0,0.9,-6.960191428571428,low,0.4444,2,0.631578947368421,True,NOERROR,1,3600,0,2,False,False,0,401701,HK,False,"Spaceship, Inc.",2,365,True,0,True,False,,malicious,spamhaus_zen
irongrove.club,2026-07-23,14,2.725480556997868,0.0,0,0.8,-6.585346666666666,low,0.5714,3,0.7777777777777778,True,NOERROR,1,1317,1,2,True,False,0,133618,US,True,"GoDaddy.com, LLC",2,365,True,0,False,False,False,benign,no_adverse_signal
suta-de-cashew.com,2026-07-23,18,3.2359263506290334,0.0,2,0.7142857142857143,-7.325476,low,0.5,2,0.7142857142857143,True,NOERROR,1,1799,5,2,True,False,0,13335,US,False,NAMECHEAP INC,2,365,True,0,False,False,False,benign,no_adverse_signal
majorbummerofficial.com,2026-07-23,23,3.471354487013929,0.0,0,0.7272727272727273,-7.2197257142857145,low,0.4828,2,0.631578947368421,True,NOERROR,2,3600,0,2,False,False,0,16509,US,True,"GoDaddy.com, LLC",2,365,False,23,False,False,,benign,no_adverse_signal
try-enableall.shop,2026-07-23,18,3.0269868333592873,0.0,1,0.5,-7.0712913043478265,low,0.5,3,0.6923076923076923,False,NOERROR,0,,1,2,True,False,0,,,,,,,False,,,False,False,benign,no_adverse_signal
narcolepsyhope.com,2026-07-23,18,3.378783493486176,0.0,0,0.5555555555555556,-7.168372000000001,low,0.4444,4,0.7857142857142857,True,NOERROR,1,3600,4,2,True,False,0,14337,US,False,"Spaceship, Inc.",2,365,False,0,False,False,False,benign,no_adverse_signal
ir09dg3x.top,2026-07-23,12,3.0,0.25,0,0.25,-12.109046153846153,high,0.4615,2,1.0,True,NOERROR,3,60,0,2,False,True,0,138995,US,False,Dominet (HK) Limited,2,365,True,0,True,True,,malicious,spamhaus_zen
jjbroadus.com,2026-07-23,13,2.94770277922009,0.0,0,0.5,-8.329180000000001,low,0.5714,4,0.8888888888888888,True,NOERROR,4,14400,0,4,True,False,0,53831,US,False,Squarespace Domains LLC,2,1826,True,15,False,False,,benign,no_adverse_signal
spicyconnect.com,2026-07-23,16,3.0220552088742005,0.0,0,0.3333333333333333,-6.784014285714286,low,0.75,3,0.75,True,NOERROR,2,10800,0,2,True,False,2,14618,US,True,DropCatch.com 369 LLC,2,365,False,0,False,False,,benign,no_adverse_signal
galactic-helper.com,2026-07-23,19,3.373557262275185,0.0,1,0.5555555555555556,-6.971033333333334,low,0.5714,2,0.7333333333333333,True,NOERROR,1,3600,3,2,True,False,0,16276,FR,True,"OVH, SAS",2,365,True,16,False,False,False,benign,no_adverse_signal
pakchoices.com,2026-07-23,14,3.121928094887362,0.0,0,0.6666666666666666,-7.287235294117647,low,0.625,3,0.9,True,NOERROR,1,3600,2,2,True,False,0,13335,CA,True,"GoDaddy.com, LLC",2,731,False,0,False,False,False,benign,no_adverse_signal
bayoublueprlnt.com,2026-07-23,18,3.3787834934861767,0.0,0,0.5555555555555556,-7.857480000000001,low,0.5,5,0.7857142857142857,False,NOERROR,0,,1,4,True,False,0,,,,"Wild West Domains, LLC",2,365,False,,,False,False,benign,no_adverse_signal
yamainvestments.com,2026-07-23,19,3.1068905956085193,0.0,0,0.5,-6.472655555555555,low,0.5333,3,0.6,True,NOERROR,1,600,0,2,False,False,0,13335,DE,True,"GoDaddy.com, LLC",1,1096,False,68,False,False,,malicious,abuseipdb
remisspot.org,2026-07-23,13,2.94770277922009,0.0,0,0.5,-6.615806666666667,low,0.5556,3,0.8888888888888888,True,NOERROR,1,21600,0,2,False,False,0,16509,US,True,"TUCOWS.COM, CO.",371,730,True,0,False,False,,benign,no_adverse_signal
471675.me,2026-07-23,9,2.2516291673878226,0.6666666666666666,0,0.0,-11.087333333333333,low,0.4444,0,0.8333333333333334,False,NOERROR,0,,0,2,False,False,0,,,,GNAME.COM PTE. LTD.,91,365,True,,,False,,benign,no_adverse_signal
thfzie.top,2026-07-23,10,2.584962500721156,0.0,0,0.5,-9.647711111111112,high,0.6,4,1.0,False,NOERROR,0,,0,2,False,False,0,,,,July Name Limited,2,365,True,,,False,,benign,no_adverse_signal
flyinchaos.com,2026-07-23,14,3.321928094887362,0.0,0,0.42857142857142855,-7.287964705882352,low,0.5556,3,1.0,True,NOERROR,2,120,0,4,False,False,2,16509,DE,True,Porkbun LLC,2,365,False,15,False,False,,benign,no_adverse_signal
techymess.help,2026-07-23,14,2.725480556997868,0.0,0,0.2857142857142857,-6.901333333333333,low,0.5556,4,0.7777777777777778,False,NXDOMAIN,0,,0,0,False,False,0,,,,"GMO Internet, Inc.",2,365,True,,,False,,benign,no_adverse_signal
trioseoleague.info,2026-07-23,18,3.180832987205441,0.0,0,1.6,-7.00325652173913,medium,0.5,2,0.7692307692307693,False,NOERROR,0,,1,4,True,False,0,,,,,,,,,,False,False,benign,no_adverse_signal
techpulsecentral.com,2026-07-23,20,3.327819531114783,0.0,0,0.45454545454545453,-6.721455172413793,low,0.5,3,0.6875,True,NOERROR,2,60,0,2,False,False,2,47583,FR,False,"HOSTINGER operations, UAB",2,365,False,0,False,False,,benign,no_adverse_signal
dpp-ready.net,2026-07-23,13,2.725480556997868,0.0,1,0.3333333333333333,-7.942986666666667,low,0.5556,3,0.7777777777777778,True,NOERROR,1,150,1,2,False,False,1,8560,DE,True,InterNetX GmbH,3,365,True,0,False,False,False,benign,no_adverse_signal
massostart.com.br,2026-07-23,17,2.4464393446710155,0.0,0,0.42857142857142855,-6.11135294117647,low,0.5556,2,0.6,True,NOERROR,1,3600,0,3,False,False,0,27715,BR,True,,7,365,False,0,False,False,,benign,no_adverse_signal
ev0v0p1l.top,2026-07-23,12,2.5,0.25,0,0.25,-12.760023076923078,high,0.4,1,0.75,True,NOERROR,3,60,0,2,False,True,0,138995,US,False,Dominet (HK) Limited,2,365,True,0,True,True,,malicious,spamhaus_zen
vignolatechnologiesconsultingllc.com,2026-07-23,36,3.503928031846024,0.0,0,0.5238095238095238,-6.810677049180328,low,0.449,5,0.40625,True,NOERROR,4,14400,1,4,True,False,0,53831,US,False,Squarespace Domains II LLC,2,365,True,15,False,False,False,benign,no_adverse_signal
glsdgsl.com,2026-07-23,11,1.950212064914747,0.0,0,0.0,-8.832527272727273,low,0.5714,7,0.5714285714285714,False,NOERROR,0,,0,2,False,False,0,,,,"DNSPod, Inc.",2,365,False,,,False,,benign,no_adverse_signal
infiesinfluence.com,2026-07-23,19,2.822579761842491,0.0,0,0.875,-6.780577777777778,low,0.4348,3,0.5333333333333333,True,NOERROR,1,1800,0,0,False,False,0,58182,US,True,Wix.com Ltd.,736,1095,False,0,False,False,,benign,no_adverse_signal
carolinakisses.com,2026-07-23,18,3.1820058147602133,0.0,0,0.75,-6.497348,low,0.5185,2,0.7142857142857143,True,NOERROR,1,21600,0,2,False,False,0,16509,US,True,"TUCOWS.COM, CO.",6946,7305,True,0,False,False,,benign,no_adverse_signal
kincstarkupa.hu,2026-07-23,15,3.2516291673878226,0.0,0,0.5,-6.897133333333334,low,0.6667,4,0.8333333333333334,True,NOERROR,1,3600,2,2,True,False,0,51013,HU,True,,3,,False,0,False,False,False,benign,no_adverse_signal
hello88top.vip,2026-07-23,14,2.721928094887362,0.14285714285714285,0,0.6,-8.126199999999999,low,0.5,2,0.7,True,NOERROR,2,300,0,2,False,False,2,13335,US,False,"Spaceship, Inc.",2,365,True,0,False,False,,benign,no_adverse_signal
cucumber-gcpo.com,2026-07-23,17,3.180832987205441,0.0,1,0.5,-8.188017391304347,low,0.4828,3,0.7692307692307693,True,NOERROR,1,300,1,2,True,False,0,9919,HK,False,"GMO Internet, Inc.",2,365,False,0,True,True,True,malicious,spamhaus_zen
around757.lol,2026-07-23,13,2.9477027792200903,0.23076923076923078,0,1.0,-8.799006666666665,low,0.5,2,0.8888888888888888,False,NOERROR,0,,0,2,False,False,0,,,,NAMECHEAP INC,1,365,True,,,False,,benign,no_adverse_signal
brilunix.com,2026-07-23,12,2.75,0.0,0,0.6,-7.174069230769231,low,0.5455,2,0.875,True,NOERROR,2,300,0,2,False,False,2,13335,US,False,"Gransy, s.r.o.",2,365,False,0,False,False,,benign,no_adverse_signal
entrebosques.info,2026-07-23,17,3.0220552088742005,0.0,0,0.7142857142857143,-6.951847619047619,medium,0.56,3,0.75,True,NOERROR,4,14400,1,4,True,False,0,53831,US,False,,,,,43,False,False,False,benign,no_adverse_signal
nezleru.life,2026-07-23,12,2.5216406363433186,0.0,0,0.75,-7.632227272727272,low,0.5333,2,0.8571428571428571,True,NOERROR,1,1800,5,2,True,False,0,22612,US,False,,,,False,0,False,False,False,benign,no_adverse_signal
admex.ai,2026-07-23,8,2.321928094887362,0.0,0,0.6666666666666666,-7.229914285714286,low,0.7273,2,1.0,False,NOERROR,0,,0,2,False,False,0,,,,"Cloudflare, Inc",3,731,True,,,False,,benign,no_adverse_signal
elisesparkle.com,2026-07-23,16,2.8553885422075336,0.0,0,0.7142857142857143,-6.6080523809523815,low,0.6364,3,0.6666666666666666,True,NOERROR,1,1800,0,0,False,False,0,58182,US,True,Wix.com Ltd.,371,730,True,0,False,False,,benign,no_adverse_signal
consultingfournia.com,2026-07-23,21,3.4548223999466066,0.0,0,0.7,-6.759535483870968,low,0.4828,3,0.7058823529411765,True,NOERROR,2,300,1,2,True,False,2,13335,US,False,PDR Ltd. d/b/a PublicDomainRegistry.com,1,365,True,0,False,False,False,benign,no_adverse_signal
onlinecasino5dollarminimumdeposit.com,2026-07-23,37,3.677139104850461,0.02702702702702703,0,0.7777777777777778,-7.09735873015873,low,0.3922,2,0.45454545454545453,True,NOERROR,2,300,0,2,False,False,2,13335,US,False,NAMECHEAP INC,2,365,True,0,False,False,,benign,no_adverse_signal
pinup-irs.top,2026-07-23,13,2.725480556997868,0.0,1,0.6,-8.00216,high,0.5556,2,0.7777777777777778,True,NOERROR,1,7200,0,3,False,False,0,57724,RU,True,"NameSilo, LLC",2,365,True,0,False,True,,malicious,spamhaus_dbl
mesoncasafrasco.com,2026-07-23,19,3.0062389286533895,0.0,0,0.6666666666666666,-6.583918518518519,low,0.4348,2,0.6,True,NOERROR,2,60,2,2,True,False,2,47583,FR,False,"HOSTINGER operations, UAB",2,365,False,0,False,False,False,benign,no_adverse_signal
creditsifter.com,2026-07-23,16,2.918295834054489,0.0,0,0.5,-6.703142857142857,low,0.5556,2,0.6666666666666666,True,NOERROR,1,300,0,2,False,False,0,396982,US,True,"Cloudflare, Inc.",1,365,True,38,False,False,,benign,no_adverse_signal
xinxueapp.com,2026-07-23,13,2.725480556997868,0.0,0,0.8,-8.00996,low,0.5,2,0.7777777777777778,False,timeout,0,,0,0,False,False,0,,,,Xin Net Technology Corporation,736,1095,True,,,False,,benign,no_adverse_signal
gawin88.app,2026-07-23,11,2.521640636343318,0.18181818181818182,0,0.6666666666666666,-7.983518181818181,low,0.5333,1,0.8571428571428571,True,NOERROR,2,300,0,2,False,False,2,13335,US,False,,,,False,0,False,False,,benign,no_adverse_signal
snortbuddyflyca.com,2026-07-23,19,3.640223928941852,0.0,0,0.25,-7.7466888888888885,low,0.48,7,0.8666666666666667,True,NOERROR,1,1800,5,2,True,False,0,20473,JP,True,"NameCheap, Inc.",2,365,False,0,False,False,False,benign,no_adverse_signal
stunningflex.shop,2026-07-23,17,3.188721875540867,0.0,0,0.3333333333333333,-7.143309523809524,low,0.5556,4,0.8333333333333334,True,NOERROR,2,300,0,2,False,False,2,13335,US,False,,,,False,0,False,False,,benign,no_adverse_signal
howtofixacne.com,2026-07-23,16,3.418295834054489,0.0,0,0.7142857142857143,-7.951995238095238,low,0.5556,2,0.9166666666666666,True,NOERROR,2,300,0,2,False,False,2,13335,US,False,NAMECHEAP INC,2,365,True,0,False,False,,benign,no_adverse_signal
nbaquanmingxingkoulandasaiguanjunchulu.com.cn,2026-07-23,45,3.611590422196637,0.0,0,0.7272727272727273,-7.458082191780822,low,0.3448,3,0.4473684210526316,True,NOERROR,1,300,0,2,False,False,0,132839,SC,False,北京新网数码信息技术有限公司,3,365,False,0,True,False,,malicious,spamhaus_zen
valley-heron.com,2026-07-23,16,3.2516291673878226,0.0,1,0.5714285714285714,-7.048266666666667,low,0.4762,2,0.8333333333333334,True,NOERROR,2,300,0,2,False,False,2,13335,US,False,NAMECHEAP INC,2,365,True,0,False,False,,benign,no_adverse_signal
nichescents.store,2026-07-23,17,2.7321588913645702,0.0,0,0.375,-6.30998947368421,low,0.5714,3,0.6363636363636364,True,NOERROR,2,600,0,2,False,False,0,16509,US,True,,,,False,33,False,False,,benign,no_adverse_signal
57948c.icu,2026-07-23,10,2.584962500721156,0.5,0,0.0,-11.9946,low,0.2222,1,1.0,False,NOERROR,0,,0,2,False,False,0,,,,Gname.com Pte. Ltd.,2,365,True,,,False,,benign,no_adverse_signal
tjrequityllc.net,2026-07-23,16,3.2516291673878226,0.0,0,0.3333333333333333,-8.275157142857143,low,0.5,5,0.8333333333333334,True,NOERROR,3,3600,0,2,False,False,0,58182,US,True,Wix.com Ltd.,2,365,False,17,False,False,,benign,no_adverse_signal
etch-and-ink.co.uk,2026-07-23,18,3.2516291673878226,0.0,2,0.42857142857142855,-7.389738095238096,low,0.5263,3,0.8333333333333334,True,NOERROR,1,3600,1,3,True,False,0,8560,GB,False,Fasthosts Internet Ltd [Tag = LIVEDOMAINS],4,365,False,0,False,False,False,benign,no_adverse_signal
tclgaragedoorsservice.site,2026-07-23,26,3.463280517810811,0.0,0,0.6153846153846154,-6.861658974358974,medium,0.5405,4,0.5714285714285714,True,NOERROR,2,60,2,2,True,False,2,47583,FR,False,"HOSTINGER operations, UAB",2,365,False,0,False,False,False,benign,no_adverse_signal
goldy365.org,2026-07-23,12,3.0,0.25,0,0.25,-8.569961538461538,low,0.5333,3,1.0,True,NOERROR,2,600,0,2,False,False,0,16509,US,True,"GoDaddy.com, LLC",2,365,False,35,False,False,,benign,no_adverse_signal
hundred-co-ltd.com,2026-07-23,18,3.3248629576173574,0.0,2,0.3333333333333333,-7.800988,low,0.4444,3,0.7857142857142857,True,NOERROR,1,3600,1,5,True,False,0,131965,JP,True,"GMO Internet, Inc.",2,365,True,0,False,False,False,benign,no_adverse_signal
trustpilotaerialconsulting.com,2026-07-23,30,3.565448371820825,0.0,0,0.625,-6.723191836734694,low,0.5556,3,0.5,True,NOERROR,2,14400,0,4,True,False,0,13335,US,False,Squarespace Domains LLC,2,365,True,0,False,False,,benign,no_adverse_signal
199128a.cc,2026-07-23,10,2.2359263506290326,0.6,0,1.0,-10.56609090909091,low,0.2,0,0.7142857142857143,True,NOERROR,3,300,0,2,False,False,0,8075,HK,False,Dynadot Inc,2,365,False,0,False,False,,benign,no_adverse_signal
privacylance.com,2026-07-23,16,3.2516291673878226,0.0,0,0.5,-6.986185714285715,low,0.5556,3,0.8333333333333334,True,NOERROR,1,1800,5,2,True,False,0,22612,US,False,NAMECHEAP INC,2,731,True,0,False,False,False,benign,no_adverse_signal
789win4.pro,2026-07-23,11,2.807354922057604,0.36363636363636365,0,0.5,-9.55320909090909,low,0.4286,1,1.0,True,NOERROR,2,300,0,2,False,False,2,13335,US,False,,,,,0,False,False,,benign,no_adverse_signal
redist.pl,2026-07-23,9,2.584962500721156,0.0,0,0.5,-5.9111,low,0.8333,2,1.0,True,NOERROR,1,3600,0,2,False,False,0,24940,DE,True,DomainProfi GmbH,1,365,False,0,False,False,,benign,no_adverse_signal
thryveboutique.com,2026-07-23,18,3.378783493486176,0.0,0,0.75,-7.7233719999999995,low,0.5714,5,0.7857142857142857,True,NOERROR,2,300,1,2,True,False,2,13335,US,False,NAMECHEAP INC,1,365,True,0,False,False,False,benign,no_adverse_signal
flx-productions.com,2026-07-23,19,3.7735572622751845,0.0,1,0.4,-7.425885185185185,low,0.4828,3,0.9333333333333333,True,NOERROR,2,600,0,2,False,False,0,16509,US,True,"GoDaddy.com, LLC",2,365,False,35,False,False,,benign,no_adverse_signal
smtjaobh.cc,2026-07-23,11,3.0,0.0,0,0.3333333333333333,-9.414692307692308,low,0.5714,4,1.0,True,NOERROR,1,1,0,2,False,True,0,40065,US,False,"NameSilo, LLC",3,365,True,0,False,False,,benign,no_adverse_signal
888vndcom.org,2026-07-23,13,2.6416041678685933,0.23076923076923078,0,0.2,-8.65392,low,0.5333,4,0.7777777777777778,True,NOERROR,2,300,0,2,False,False,2,13335,US,False,Dynadot Inc,2,365,False,0,False,False,,benign,no_adverse_signal
rudy.archi,2026-07-23,10,2.0,0.0,0,0.3333333333333333,-7.8395600000000005,low,0.5714,2,1.0,True,NOERROR,1,300,1,2,True,False,0,29222,CH,True,,,,,0,False,False,False,benign,no_adverse_signal
gowithjoeguntersville.com,2026-07-23,25,3.689703732199547,0.0,0,0.6153846153846154,-7.465428205128205,low,0.4865,3,0.6666666666666666,True,NOERROR,2,600,0,2,False,False,0,16509,US,True,"GoDaddy.com, LLC",2,365,False,35,False,False,,benign,no_adverse_signal
whathetrack.com,2026-07-23,15,2.9139770731827523,0.0,0,0.375,-6.412363157894737,low,0.6667,2,0.7272727272727273,True,NOERROR,2,300,0,2,False,False,0,16509,US,False,"Cloudflare, Inc.",2,365,True,0,False,False,,benign,no_adverse_signal
kaolijia.club,2026-07-23,13,2.5,0.0,0,1.6666666666666667,-7.915461538461538,low,0.5333,1,0.75,False,NOERROR,0,,0,2,False,False,0,,,,Alibaba Cloud Computing Ltd. d/b/a HiChina (www.net.cn),2,365,True,,,False,,benign,no_adverse_signal
txajp.top,2026-07-23,9,2.321928094887362,0.0,0,0.25,-10.508585714285715,high,0.5,2,1.0,True,NOERROR,2,300,0,2,False,False,0,16509,US,True,"Spaceship, Inc.",2,365,True,9,False,False,,benign,no_adverse_signal
usedvinsights.com,2026-07-23,17,3.180832987205441,0.0,0,0.4444444444444444,-6.936152173913043,low,0.6452,4,0.7692307692307693,True,NOERROR,2,300,1,2,True,False,2,13335,US,False,NAMECHEAP INC,2,365,True,0,False,False,False,benign,no_adverse_signal
thepepcollection.com,2026-07-23,20,3.077819531114783,0.0,0,0.6,-6.648131034482758,low,0.5217,2,0.5625,True,NOERROR,4,14400,0,4,True,False,0,53831,US,False,Squarespace Domains LLC,2,731,True,32,False,False,,benign,no_adverse_signal
pkbq2u.sbs,2026-07-23,10,2.584962500721156,0.1,0,0.25,-11.913966666666667,low,0.4444,4,1.0,True,NOERROR,2,300,0,2,False,False,2,13335,US,False,NAMECHEAP INC,2,365,True,0,False,False,,benign,no_adverse_signal
mariaguseva.ru,2026-07-23,14,3.027169118440619,0.0,0,1.2,-6.908857894736843,low,0.5833,1,0.8181818181818182,True,NOERROR,1,600,2,4,True,False,0,54113,US,True,RU-CENTER-RU,3,365,False,38,False,False,False,benign,no_adverse_signal
ck222bn.com,2026-07-23,11,2.1280852788913944,0.2727272727272727,0,0.0,-10.247545454545454,low,0.4286,2,0.7142857142857143,True,NOERROR,2,300,0,2,False,False,2,13335,US,False,NAMECHEAP INC,2,365,True,0,False,False,,benign,no_adverse_signal
rightrailco.com,2026-07-23,15,3.0957952550009344,0.0,0,0.5714285714285714,-6.891278947368422,low,0.5,4,0.8181818181818182,True,NOERROR,2,300,1,2,True,False,2,13335,US,False,"Cloudflare, Inc.",2,365,True,0,False,False,False,benign,no_adverse_signal
preludeapps.com,2026-07-23,15,2.845350936622437,0.0,0,0.5714285714285714,-6.846284210526315,low,0.5556,3,0.7272727272727273,True,NOERROR,1,900,1,2,False,False,0,15348,CA,False,"TUCOWS.COM, CO.",2,365,True,0,False,False,False,benign,no_adverse_signal
maison-mcsa.com,2026-07-23,15,2.9139770731827523,0.0,1,0.6666666666666666,-7.4135210526315785,low,0.5263,3,0.7272727272727273,True,NOERROR,1,3600,3,2,True,False,0,16276,FR,True,"OVH, SAS",2,365,True,16,False,False,False,benign,no_adverse_signal
app24a.com,2026-07-23,10,1.9182958340544893,0.2,0,1.0,-9.390588888888889,low,0.5455,2,0.6666666666666666,True,NOERROR,2,300,0,2,False,False,2,13335,US,False,Dominet (HK) Limited,2,365,False,0,False,False,,benign,no_adverse_signal
kf22.net,2026-07-23,8,1.5,0.25,0,0.0,-11.8146,low,0.2857,2,0.75,True,NOERROR,1,600,0,2,False,False,0,9294,SC,False,Dominet (HK) Limited,3,365,False,0,False,False,,benign,no_adverse_signal
frequencyofchange.org,2026-07-23,21,3.4548223999466066,0.0,0,0.5454545454545454,-7.402148387096775,low,0.4828,3,0.7058823529411765,True,NOERROR,3,3600,0,2,False,False,0,58182,US,True,"TUCOWS.COM, CO.",2,365,True,17,False,False,,benign,no_adverse_signal
ventaempresasjavierpinto.com,2026-07-23,28,3.4701755214643453,0.0,0,0.7142857142857143,-6.9255844444444445,low,0.4324,3,0.5,False,SERVFAIL,0,,0,0,False,False,0,,,,"TUCOWS.COM, CO.",428,730,True,,,False,,benign,no_adverse_signal
skylineimmigrationservices.com,2026-07-23,30,3.6573852766501784,0.0,0,0.625,-6.609444897959183,low,0.5238,4,0.5769230769230769,True,NOERROR,1,600,0,2,False,True,0,9294,SC,False,"GMO Internet, Inc.",2,365,True,0,False,False,,benign,no_adverse_signal
manodepot.com,2026-07-23,13,2.94770277922009,0.0,0,0.8,-6.479786666666667,low,0.6,1,0.8888888888888888,True,NOERROR,2,300,0,2,False,False,2,13335,US,False,"TUCOWS.COM, CO.",2,365,True,0,False,True,,malicious,spamhaus_dbl
tralance.app,2026-07-23,12,2.75,0.0,0,0.6,-5.8720384615384615,low,0.5882,2,0.875,True,NOERROR,1,14400,1,3,True,False,0,31477,NL,True,,,,False,0,False,False,False,benign,no_adverse_signal
sakalajewelleryhouse.com,2026-07-23,24,3.3464393446710154,0.0,0,0.8181818181818182,-7.172086486486487,low,0.45,3,0.6,True,NOERROR,2,60,2,2,True,False,2,47583,FR,False,"HOSTINGER operations, UAB",2,365,False,0,False,False,False,benign,no_adverse_signal
duzhe888.com,2026-07-23,12,2.4056390622295662,0.25,0,0.6666666666666666,-9.218523076923077,low,0.5,2,0.75,True,NOERROR,1,600,0,2,False,False,0,142286,HK,False,"GMO Internet, Inc.",2,365,True,0,True,False,,malicious,spamhaus_zen
o7jd53eio-al849.vip,2026-07-23,19,3.773557262275185,0.3157894736842105,1,1.6666666666666667,-11.129748148148147,low,0.381,2,0.9333333333333333,False,NOERROR,0,,0,2,False,False,0,,,,Dynadot Inc,2,365,True,,,False,,benign,no_adverse_signal
warwickcybersecurity.com,2026-07-23,24,3.446439344671015,0.0,0,0.42857142857142855,-7.149575675675675,low,0.4516,5,0.6,True,NOERROR,4,14400,0,4,True,False,0,53831,US,False,Squarespace Domains LLC,2,365,True,15,False,False,,benign,no_adverse_signal
spacepex.com,2026-07-23,12,2.5,0.0,0,0.6,-6.839876923076924,low,0.5714,2,0.75,True,NOERROR,1,1842,0,2,False,False,0,14618,US,True,Atom.com Domains LLC,2,365,False,0,False,False,,benign,no_adverse_signal
fortisvalorescomercial.shop,2026-07-23,27,3.481714572986073,0.0,0,0.6923076923076923,-6.513112195121951,low,0.4848,2,0.5454545454545454,True,NOERROR,1,300,0,2,True,False,0,22612,SG,True,,,,False,0,False,False,,benign,no_adverse_signal
calaihub.com,2026-07-23,12,2.75,0.0,0,1.0,-7.104307692307693,low,0.625,1,0.875,True,NOERROR,1,300,0,4,False,False,0,13335,DE,True,"Name.com, Inc.",2,365,True,68,False,False,,malicious,abuseipdb
bika.live,2026-07-23,9,2.0,0.0,0,1.0,-7.2773200000000005,low,0.6667,1,1.0,False,NOERROR,0,,0,2,False,False,0,,,,,,,False,,,False,,benign,no_adverse_signal
coharmoniouslyplaguy.beer,2026-07-23,25,3.6841837197791882,0.0,0,0.6666666666666666,-7.3907135135135125,low,0.4444,5,0.7,True,NOERROR,2,300,0,2,False,False,0,16509,US,True,"Spaceship, Inc.",2,365,True,9,False,False,,benign,no_adverse_signal
nbazhibozaixianguankanmftengxunshipin.com.cn,2026-07-23,44,3.7264597060809272,0.0,0,0.6086956521739131,-7.707315492957746,low,0.2692,4,0.4594594594594595,True,NOERROR,1,300,0,2,False,False,0,132839,SC,False,北京新网数码信息技术有限公司,3,365,False,0,False,False,,benign,no_adverse_signal
hrconstructionroof.com,2026-07-23,22,3.127986806877675,0.0,0,0.5,-6.910672727272727,low,0.4375,4,0.5555555555555556,True,NOERROR,1,3600,1,2,True,False,0,16509,US,True,"GoDaddy.com, LLC",2,365,False,29,False,False,False,benign,no_adverse_signal
zeusplugin.com,2026-07-23,14,3.121928094887362,0.0,0,0.6666666666666666,-7.5072117647058825,low,0.6316,3,0.9,True,NOERROR,1,1800,2,2,True,False,1,47583,BR,False,"HOSTINGER operations, UAB",2,365,False,0,False,False,False,benign,no_adverse_signal
ecology-rag.com,2026-07-23,15,3.095795255000934,0.0,1,0.6666666666666666,-7.455084210526316,low,0.5263,2,0.8181818181818182,True,NOERROR,1,600,0,2,False,False,0,45090,CN,False,"DNSPod, Inc.",2,365,False,0,True,False,,malicious,spamhaus_zen
foravianzoom.shop,2026-07-23,17,3.0220552088742,0.0,0,1.0,-6.844652380952381,low,0.5556,2,0.75,True,NOERROR,1,21600,3,2,True,False,0,15169,US,True,,,,False,0,True,False,False,malicious,spamhaus_zen
sentinelclinicalsolutions.com,2026-07-23,29,3.1736606896881856,0.0,0,0.6666666666666666,-6.294812765957447,low,0.5333,3,0.4,True,NOERROR,1,21600,0,2,False,False,0,16509,US,True,"TUCOWS.COM, CO.",2197,2556,True,0,False,False,,benign,no_adverse_signal
usa-cholibrium.com,2026-07-23,18,3.521640636343319,0.0,1,0.8571428571428571,-7.20014,low,0.4,2,0.8571428571428571,True,NOERROR,1,1800,5,2,True,False,0,22612,US,False,NAMECHEAP INC,2,365,True,0,False,False,False,benign,no_adverse_signal
cwpkj13fuz9m.top,2026-07-23,16,3.584962500721156,0.1875,0,0.125,-11.345319047619048,high,0.3333,5,1.0,True,NOERROR,4,3600,0,2,False,False,0,50113,RU,False,Onlinenic Inc,2,365,True,0,False,False,,benign,no_adverse_signal
vywwjp.com,2026-07-23,10,2.2516291673878226,0.0,0,0.0,-11.272666666666666,low,0.4444,6,0.8333333333333334,True,NOERROR,2,300,0,2,False,False,2,13335,US,False,"Spaceship, Inc.",2,365,False,0,False,False,,benign,no_adverse_signal
tidalsmp.org,2026-07-23,12,3.0,0.0,0,0.3333333333333333,-7.310376923076922,low,0.5,4,1.0,False,NOERROR,0,,0,4,True,False,0,,,,Squarespace Domains LLC,2,365,True,,,False,,benign,no_adverse_signal
ottoframe.com,2026-07-23,13,2.725480556997868,0.0,0,0.8,-6.81348,low,0.5556,2,0.7777777777777778,True,NOERROR,2,1800,0,2,False,False,0,16509,US,False,"Name.com, Inc.",2,365,True,0,False,False,,benign,no_adverse_signal
melihaar.com,2026-07-23,12,2.75,0.0,0,1.0,-7.386438461538462,low,0.6154,1,0.875,True,NOERROR,1,3600,0,2,False,False,0,58182,US,True,Wix.com Ltd.,43,365,False,19,False,False,,benign,no_adverse_signal
guincho24horasurgente.site,2026-07-23,26,3.7256507561120933,0.07692307692307693,0,0.7272727272727273,-7.20148717948718,medium,0.4118,3,0.6666666666666666,True,NOERROR,2,60,0,2,False,False,2,47583,FR,False,"HOSTINGER operations, UAB",2,365,False,0,False,False,,benign,no_adverse_signal
oficinadocorposuplementos.com.br,2026-07-23,32,3.6994705707972515,0.0,0,0.7857142857142857,-6.654663829787235,low,0.45,2,0.6,True,NOERROR,1,3600,0,2,False,False,0,16509,US,False,,20,365,False,0,False,False,,benign,no_adverse_signal
owonprecision.com,2026-07-23,17,3.0269868333592873,0.0,0,0.8571428571428571,-6.891773913043478,low,0.5455,3,0.6923076923076923,False,NOERROR,0,,0,2,False,False,0,,,,"DNSPod, Inc.",2,365,False,,,False,,benign,no_adverse_signal
jamesbond.work,2026-07-23,14,3.169925001442312,0.0,0,0.5,-6.787013333333333,low,0.5333,2,1.0,False,NOERROR,0,,0,4,False,False,0,,,,NOM-IQ Ltd dba Com Laude,2,365,True,,,False,,benign,no_adverse_signal
agencefocus.com,2026-07-23,15,3.095795255000934,0.0,0,0.8333333333333334,-6.933868421052632,low,0.5,2,0.8181818181818182,True,NOERROR,2,1200,0,2,False,False,0,16509,US,True,Gname 057 Inc,2,365,False,9,False,False,,benign,no_adverse_signal
gca2rev.com,2026-07-23,11,2.807354922057604,0.09090909090909091,0,0.5,-9.189363636363636,low,0.5,2,1.0,False,NXDOMAIN,0,,0,0,False,False,0,,,,Fewmoretaps OU d/b/a Trustname.com,2,365,False,,,True,,malicious,spamhaus_dbl
dct.mx,2026-07-23,6,1.584962500721156,0.0,0,0.0,-8.884599999999999,low,0.6667,3,1.0,True,NOERROR,1,7200,1,4,True,False,0,211126,MX,True,Wingu Networks S.A de C.V.,4,365,False,0,False,False,False,benign,no_adverse_signal
advantagza.org,2026-07-23,14,2.5219280948873624,0.0,0,0.6666666666666666,-7.573535294117647,low,0.6,2,0.7,True,NOERROR,2,300,0,2,False,False,2,13335,US,False,"NameSilo, LLC",2,365,False,0,False,False,,benign,no_adverse_signal
overthroned.com,2026-07-23,15,2.9139770731827523,0.0,0,0.5714285714285714,-6.467410526315789,low,0.5,4,0.7272727272727273,True,NOERROR,2,300,0,2,False,False,0,16509,US,False,"Cloudflare, Inc.",2,365,True,0,False,False,,benign,no_adverse_signal
xn--fiqv7s569a.com,2026-07-23,18,3.6644977792004623,0.2222222222222222,2,0.3333333333333333,-10.766764,low,0.3333,2,0.9285714285714286,False,NOERROR,0,,0,2,False,False,0,,,,Alibaba Cloud Computing Ltd. d/b/a HiChina (www.net.cn),4,365,False,,,False,,benign,no_adverse_signal
dianjingzhibopingtaituijian.cn,2026-07-23,30,3.332429281549888,0.0,0,0.8,-7.4002647058823525,low,0.3784,4,0.48148148148148145,True,NOERROR,1,300,0,2,False,False,0,132839,HK,False,北京新网数码信息技术有限公司,5,365,False,0,False,False,,benign,no_adverse_signal
memorialmemory.ru,2026-07-23,17,2.8073549220576046,0.0,0,0.75,-6.75058,low,0.5,2,0.5714285714285714,True,NOERROR,1,21600,0,2,False,False,0,197695,RU,False,REGRU-RU,3,365,False,2,False,False,,benign,no_adverse_signal
chipwallace194.help,2026-07-23,19,3.378783493486176,0.15789473684210525,0,0.5714285714285714,-7.924664,low,0.4444,2,0.7857142857142857,False,NXDOMAIN,0,,0,0,False,False,0,,,,"GMO Internet, Inc.",2,365,True,,,False,,benign,no_adverse_signal
stratatecheducationgroup.com,2026-07-23,28,3.636842188131012,0.0,0,0.7142857142857143,-6.251093333333333,low,0.4091,3,0.5833333333333334,True,NOERROR,2,3600,1,2,True,False,0,16509,US,True,"GoDaddy.com, LLC",1,365,False,53,False,False,,malicious,abuseipdb
ptnova.bond,2026-07-23,11,2.584962500721156,0.0,0,0.5,-7.878266666666666,low,0.5455,3,1.0,True,NOERROR,2,300,0,2,False,False,2,13335,US,False,NAMECHEAP INC,2,365,False,0,False,False,,benign,no_adverse_signal
novalaward.com,2026-07-23,14,2.8464393446710154,0.0,0,0.6666666666666666,-6.7255529411764705,low,0.5,2,0.8,True,NOERROR,2,600,0,2,False,False,0,16509,US,True,"GoDaddy.com, LLC",1,365,False,35,False,False,,benign,no_adverse_signal
specialtyflooringinc.org,2026-07-23,24,3.6841837197791887,0.0,0,0.5384615384615384,-6.830394594594595,low,0.4667,5,0.7,True,NOERROR,4,14400,1,4,True,False,0,53831,US,False,Squarespace Domains II LLC,2,365,True,33,False,False,False,benign,no_adverse_signal
pueblotowingco.com,2026-07-23,18,3.4677201004745006,0.0,0,0.75,-7.028132,low,0.5714,3,0.8571428571428571,True,NOERROR,2,300,0,2,False,False,2,13335,US,False,"Cloudflare, Inc.",2,365,True,0,False,False,,benign,no_adverse_signal
commercialoperation.online,2026-07-23,26,3.366091329119192,0.0,0,0.9,-6.282354285714286,medium,0.4615,2,0.5789473684210527,True,NOERROR,1,300,1,3,True,False,0,31898,DE,False,"HOSTINGER operations, UAB",2,365,False,0,False,False,False,benign,no_adverse_signal
snastgras.click,2026-07-23,15,2.4193819456463714,0.0,0,0.2857142857142857,-6.882713333333333,medium,0.6667,4,0.6666666666666666,False,NOERROR,0,,0,2,False,False,0,,,,"Spaceship, Inc.",2,365,False,,,False,,benign,no_adverse_signal
belillamultimedios.com,2026-07-23,22,3.239097917988786,0.0,0,0.8,-6.633230303030303,low,0.5,2,0.6111111111111112,True,NOERROR,2,300,0,2,False,False,2,13335,US,False,"GoDaddy.com, LLC",2,365,False,0,False,False,,benign,no_adverse_signal
fleetbound.dev,2026-07-23,14,3.121928094887362,0.0,0,0.6666666666666666,-6.915623529411765,low,0.5333,2,0.9,False,NOERROR,0,,0,2,False,False,0,,,,,,,False,,,False,,benign,no_adverse_signal
xgnfwtdt.top,2026-07-23,12,2.75,0.0,0,0.0,-10.559661538461539,high,0.4615,8,0.875,True,NOERROR,3,60,0,2,False,True,0,138995,US,False,Dominet (HK) Limited,2,365,True,0,True,True,,malicious,spamhaus_zen
meatme.store,2026-07-23,12,1.9182958340544893,0.0,0,1.0,-6.837066666666667,low,0.7143,2,0.6666666666666666,True,NOERROR,1,3600,1,2,True,False,0,209242,US,True,,,,False,0,False,False,False,benign,no_adverse_signal
sso-nihil.com,2026-07-23,13,2.725480556997868,0.0,1,0.6,-8.1254,low,0.5,2,0.7777777777777778,True,NOERROR,1,21600,0,4,False,False,0,203273,US,True,PDR Ltd. d/b/a PublicDomainRegistry.com,1,365,False,0,False,True,,malicious,spamhaus_dbl
greatlakesindustrial.ca,2026-07-23,23,3.484183719779189,0.0,0,0.6666666666666666,-6.540062162162163,low,0.4828,3,0.6,True,NOERROR,2,600,1,2,True,False,0,16509,US,True,"Wild West Domains Canada, Inc.",3,365,True,17,False,False,False,benign,no_adverse_signal
defi-carrot.xyz,2026-07-23,15,3.277613436819116,0.0,1,0.6666666666666666,-7.2480631578947365,high,0.5714,2,0.9090909090909091,True,NOERROR,1,3600,0,2,False,False,0,59692,AE,True,Unstoppable Domains Inc.,2,365,False,0,False,True,,malicious,spamhaus_dbl
alaboden.se,2026-07-23,11,2.75,0.0,0,1.0,-6.487807692307692,low,0.6667,1,0.875,True,NOERROR,1,600,2,2,True,False,1,41528,SE,True,LoopiaGroup2,2,365,False,0,False,False,False,benign,no_adverse_signal
bradorcandles.com,2026-07-23,17,3.238901256602631,0.0,0,0.4444444444444444,-6.564069565217392,low,0.5263,3,0.7692307692307693,True,NOERROR,1,14400,0,2,False,False,1,13335,CA,True,"HOSTINGER operations, UAB",2,365,False,0,False,False,,benign,no_adverse_signal
nextlvlcnc.com,2026-07-23,14,2.7219280948873625,0.0,0,0.1111111111111111,-9.072282352941176,low,0.4706,8,0.7,True,NOERROR,1,21600,0,2,False,False,0,16509,US,True,"TUCOWS.COM, CO.",736,1095,True,0,False,False,,benign,no_adverse_signal
wheredoestheevidencelead.com,2026-07-23,28,3.3035088547976788,0.0,0,0.8461538461538461,-6.604644444444444,low,0.3784,3,0.5833333333333334,True,NOERROR,1,7200,0,0,False,False,0,40034,VG,False,"Network Solutions, LLC",5851,6209,True,0,False,False,,benign,no_adverse_signal
ae88ae888.com,2026-07-23,13,1.4355205042826666,0.38461538461538464,0,4.0,-10.107560000000001,low,0.4,0,0.3333333333333333,True,NOERROR,2,300,0,2,False,False,2,13335,US,False,Dynadot Inc,2,365,False,0,False,False,,benign,no_adverse_signal
freelendingquote.com,2026-07-23,20,3.375,0.0,0,0.7777777777777778,-6.936658620689656,low,0.4615,3,0.75,True,NOERROR,3,3603,0,3,False,False,0,63949,US,True,"NameSilo, LLC",2,365,True,1,False,False,,benign,no_adverse_signal
m-3services.org,2026-07-23,15,3.095795255000934,0.06666666666666667,1,0.5,-7.838421052631579,low,0.8333,2,0.8181818181818182,True,NOERROR,2,600,0,2,False,False,0,16509,US,True,"GoDaddy.com, LLC",1,1096,False,35,False,False,,benign,no_adverse_signal
lolablanketsshop.shop,2026-07-23,21,3.327819531114783,0.0,0,0.45454545454545453,-6.708341379310345,low,0.4828,4,0.6875,True,NOERROR,1,300,0,2,False,False,0,,GE,False,,,,False,0,False,False,,benign,no_adverse_signal
azbluezone.com,2026-07-23,14,2.9219280948873623,0.0,0,1.0,-7.878476470588235,low,0.5333,3,0.8,True,NOERROR,2,600,0,2,False,False,0,16509,US,True,"GoDaddy.com, LLC",2,365,False,33,False,False,,benign,no_adverse_signal
test-multi-19.click,2026-07-23,19,3.180832987205441,0.10526315789473684,2,0.5,-7.8053,medium,0.4706,2,0.7692307692307693,True,NOERROR,2,300,0,2,False,False,2,13335,US,False,"Amazon Registrar, Inc.",2,365,True,0,False,False,,benign,no_adverse_signal
inventar.digital,2026-07-23,16,2.75,0.0,0,0.6,-6.135592307692307,low,0.6154,2,0.875,True,NOERROR,1,3600,0,2,False,False,0,16509,US,False,,,,,0,False,False,,benign,no_adverse_signal
astrozalpha.site,2026-07-23,16,3.027169118440619,0.0,0,0.5714285714285714,-7.082631578947368,medium,0.4706,3,0.8181818181818182,True,NOERROR,2,300,0,2,False,False,2,13335,US,False,NAMECHEAP INC,2,365,False,0,False,False,,benign,no_adverse_signal
finmai1.com,2026-07-23,11,2.5216406363433186,0.09090909090909091,0,1.0,-7.446381818181819,low,0.6154,2,0.8571428571428571,False,NOERROR,0,,0,2,False,False,0,,,,"Cloudflare, Inc.",2,365,True,,,False,,benign,no_adverse_signal
globaldttc.cam,2026-07-23,14,2.9219280948873623,0.0,0,0.25,-7.6690411764705875,low,0.6,5,0.8,True,NOERROR,3,3603,3,3,True,False,0,63949,US,True,"NameSilo, LLC",1,365,True,14,False,False,False,benign,no_adverse_signal
hvacrepairservice.net,2026-07-23,21,3.0574760762899316,0.0,0,0.7,-6.861516129032258,low,0.6,2,0.5294117647058824,True,NOERROR,1,600,0,2,False,False,0,16509,US,False,"GoDaddy.com, LLC",2,1096,False,0,False,False,,benign,no_adverse_signal
krishnastreetbullsprivatelimited.co.in,2026-07-23,38,3.7417292966721747,0.0,0,0.5238095238095238,-6.8248311475409835,low,0.4255,5,0.5,True,NOERROR,1,300,0,2,False,False,0,63949,IN,True,"HOSTINGER operations, UAB",2,365,False,0,False,False,,benign,no_adverse_signal
bxj01490165c.app,2026-07-23,16,3.2516291673878226,0.5,0,0.0,-11.323609523809523,low,0.3333,3,0.8333333333333334,False,NOERROR,0,,0,2,False,False,0,,,,,,,False,,,False,,benign,no_adverse_signal
rubrica.live,2026-07-23,12,2.5216406363433186,0.0,0,0.75,-6.855290909090908,low,0.5333,2,0.8571428571428571,True,NOERROR,2,300,0,2,False,False,2,13335,US,False,,,,False,0,False,False,,benign,no_adverse_signal
b--boo.com,2026-07-23,10,1.584962500721156,0.0,2,1.0,-8.922,low,0.4615,1,0.5,True,NOERROR,2,300,0,2,False,False,2,13335,US,False,NAMECHEAP INC,2,365,True,0,False,False,,benign,no_adverse_signal
arpric.ch,2026-07-23,9,2.2516291673878226,0.0,0,0.5,-6.619322222222222,low,0.5714,3,0.8333333333333334,True,NOERROR,1,300,1,2,True,False,1,29222,CH,True,,,,False,0,False,False,False,benign,no_adverse_signal
320477.help,2026-07-23,11,2.2516291673878226,0.5454545454545454,0,0.0,-10.556488888888888,low,0.4444,0,0.8333333333333334,False,NXDOMAIN,0,,0,0,False,False,0,,,,Dynadot Inc,2,365,False,,,False,,benign,no_adverse_signal
pinup-kwc69.cam,2026-07-23,15,3.2776134368191165,0.13333333333333333,1,0.3333333333333333,-9.528236842105263,low,0.4444,3,0.9090909090909091,True,NOERROR,1,60,0,2,False,False,0,211381,NL,True,Dynadot Inc,2,365,False,0,False,False,,benign,no_adverse_signal
zdche.tech,2026-07-23,10,2.321928094887362,0.0,0,0.25,-8.425471428571429,low,0.5455,4,1.0,True,NOERROR,1,600,0,2,False,False,0,37963,CN,False,Alibaba Cloud Computing Ltd. d/b/a HiChina (www.net.cn),2,1096,False,0,True,False,,malicious,spamhaus_zen
djsmith.io,2026-07-23,10,2.807354922057604,0.0,0,0.16666666666666666,-8.183181818181819,low,0.6,4,1.0,True,NOERROR,2,1799,5,2,True,False,0,22612,US,False,NAMECHEAP INC,3,365,True,0,False,False,False,benign,no_adverse_signal
getsmartshelf.in,2026-07-23,16,3.238901256602631,0.0,0,0.3,-6.647321739130434,low,0.5385,4,0.7692307692307693,True,NOERROR,1,3600,0,2,False,False,0,13335,CA,True,GoDaddy,2,365,False,0,False,False,,benign,no_adverse_signal
ledge-rock-designs.com,2026-07-23,22,3.4613201402110083,0.0,2,0.45454545454545453,-7.370415151515152,low,0.56,3,0.6666666666666666,True,NOERROR,4,14400,0,4,True,False,0,53831,US,False,Squarespace Domains LLC,1,731,True,15,False,False,,benign,no_adverse_signal
colegio-barbiana.com,2026-07-23,20,3.327819531114783,0.0,1,1.1428571428571428,-7.092555172413793,low,0.5385,2,0.6875,True,NOERROR,3,600,0,2,False,False,0,16509,US,True,"GoDaddy.com, LLC",1,365,False,33,False,False,,benign,no_adverse_signal
authorityspeakingengine.com,2026-07-23,27,3.6424896731661263,0.0,0,0.7692307692307693,-6.58856046511628,low,0.3871,4,0.6086956521739131,True,NOERROR,1,1800,5,2,True,False,0,22612,US,False,NAMECHEAP INC,2,365,True,0,False,False,False,benign,no_adverse_signal
yeahbas.com,2026-07-23,11,2.5216406363433186,0.0,0,0.75,-8.235090909090909,low,0.5714,2,0.8571428571428571,True,NOERROR,1,3600,2,4,True,False,1,8560,DE,True,IONOS SE,2,365,True,8,False,False,False,benign,no_adverse_signal
hazelhurora.pro,2026-07-23,15,2.9139770731827523,0.0,0,0.8333333333333334,-7.537342105263157,low,0.5882,2,0.7272727272727273,True,NOERROR,3,3603,0,3,False,False,0,63949,US,True,,,,,1,False,False,,benign,no_adverse_signal
waqzi.life,2026-07-23,10,2.321928094887362,0.0,0,0.6666666666666666,-10.381957142857143,low,0.6667,2,1.0,True,NOERROR,1,1800,5,2,True,False,0,22612,US,False,,,,False,0,False,False,False,benign,no_adverse_signal
u888win.asia,2026-07-23,12,2.1280852788913944,0.25,0,1.0,-8.599645454545454,low,0.4615,1,0.7142857142857143,True,NOERROR,2,300,0,2,False,False,2,13335,US,False,Dynadot Inc,3,365,True,0,False,False,,benign,no_adverse_signal
gg8834.app,2026-07-23,10,1.9182958340544893,0.4,0,0.0,-10.164766666666667,low,0.3636,2,0.6666666666666666,True,NOERROR,2,300,0,2,False,False,2,13335,US,False,,,,False,0,False,False,,benign,no_adverse_signal
fislag.com.mx,2026-07-23,13,2.584962500721156,0.0,0,0.5,-7.090222222222222,low,0.5455,2,1.0,True,NOERROR,1,14400,1,3,True,False,0,17378,US,True,NEUBOX Internet SA de CV,3,365,False,0,False,False,False,benign,no_adverse_signal
royalfortune.cfd,2026-07-23,16,3.2516291673878226,0.0,0,0.7142857142857143,-6.9855238095238095,low,0.5556,2,0.8333333333333334,True,NOERROR,2,300,0,2,False,False,2,13335,US,False,NAMECHEAP INC,2,365,False,0,False,False,,benign,no_adverse_signal
hhm88.club,2026-07-23,10,1.5219280948873621,0.2,0,0.0,-10.764928571428571,low,0.3636,3,0.6,True,NOERROR,1,300,0,2,False,False,0,206834,DE,False,Dynadot Inc,2,365,True,22,False,False,,benign,no_adverse_signal
bettwoon1092.com,2026-07-23,16,3.2516291673878226,0.25,0,0.6,-8.350642857142857,low,0.4444,3,0.8333333333333334,True,NOERROR,2,300,0,2,False,False,2,13335,US,False,Dynadot Inc,2,365,False,0,False,False,,benign,no_adverse_signal
66zz1app.com,2026-07-23,12,2.25,0.25,0,0.25,-10.446307692307691,low,0.4615,2,0.625,True,NOERROR,2,300,0,2,False,False,2,13335,US,False,"Spaceship, Inc.",2,365,False,0,False,False,,benign,no_adverse_signal
varda-standard.com,2026-07-23,18,2.7534343861887853,0.0,1,0.4444444444444444,-6.667816,low,0.5455,2,0.5714285714285714,True,NOERROR,1,1800,1,2,True,False,0,12996,NO,False,Name SRS AB,2,365,True,0,False,False,False,benign,no_adverse_signal
rdevoshire.com,2026-07-23,14,2.9219280948873623,0.0,0,0.6666666666666666,-6.9584882352941175,low,0.6,2,0.8,True,NOERROR,1,600,1,2,True,False,0,13335,US,False,Xin Net Technology Corporation,384,730,True,0,False,False,False,benign,no_adverse_signal
simon-simonjan.dev,2026-07-23,18,2.8962915290459286,0.0,1,0.625,-7.119792,low,0.48,2,0.5714285714285714,True,NOERROR,1,3600,2,4,True,False,1,8560,DE,True,,,,False,0,False,False,False,benign,no_adverse_signal
velamy.site,2026-07-23,11,2.584962500721156,0.0,0,0.5,-6.756644444444444,medium,0.6,2,1.0,True,NOERROR,2,60,2,2,True,False,2,47583,FR,False,"HOSTINGER operations, UAB",2,365,False,0,False,False,False,benign,no_adverse_signal
consideration.shop,2026-07-23,18,3.238901256602631,0.0,0,0.8571428571428571,-5.8922869565217395,low,0.5,2,0.7692307692307693,True,NOERROR,1,300,0,2,False,False,0,,GE,False,,,,False,0,False,False,,benign,no_adverse_signal
stylesl.com.br,2026-07-23,14,2.2359263506290326,0.0,0,0.16666666666666666,-7.049745454545455,low,0.5333,4,0.7142857142857143,True,NOERROR,2,300,0,2,False,False,2,13335,US,False,,3,365,False,0,False,False,,benign,no_adverse_signal
sawsawan.com,2026-07-23,12,1.9056390622295665,0.0,0,0.6,-7.3981615384615385,low,0.7143,2,0.5,False,NOERROR,0,,0,2,False,False,0,,,,"Cloudflare, Inc.",2,365,True,,,False,,benign,no_adverse_signal
bigfootcontractor.com,2026-07-23,21,3.101881223476018,0.0,0,0.5454545454545454,-6.7421612903225805,low,0.5161,3,0.5882352941176471,True,NOERROR,1,3600,1,3,True,False,0,396982,NL,True,Hosting Concepts B.V. d/b/a Registrar.eu,2,365,True,0,False,False,False,benign,no_adverse_signal
kingdomeyewear.site,2026-07-23,19,3.4677201004744997,0.0,0,0.75,-7.064896,medium,0.5,3,0.8571428571428571,False,timeout,0,,0,0,False,False,0,,,,Dattatec Corp,1,365,False,,,False,,benign,no_adverse_signal
8xsd.shop,2026-07-23,9,2.0,0.1111111111111111,0,0.0,-10.618640000000001,low,0.4615,3,1.0,True,NOERROR,6,60,0,2,False,True,0,8075,KR,False,,,,False,0,True,True,,malicious,spamhaus_zen
yueanwl.com,2026-07-23,11,2.807354922057604,0.0,0,0.75,-8.491854545454546,low,0.5,3,1.0,False,timeout,0,,0,0,False,False,0,,,,Xin Net Technology Corporation,2197,2556,False,,,False,,benign,no_adverse_signal
mild178ok.com,2026-07-23,13,3.169925001442312,0.23076923076923078,0,0.5,-9.684059999999999,low,0.4706,2,1.0,True,NOERROR,1,300,0,2,True,False,0,22612,SG,True,NAMECHEAP INC,2,365,True,2,False,False,,benign,no_adverse_signal
truvoyapp.com,2026-07-23,13,2.9477027792200903,0.0,0,0.5,-7.7432799999999995,low,0.4706,2,0.8888888888888888,True,NOERROR,2,300,1,2,False,False,2,13335,US,False,NAMECHEAP INC,2,365,True,0,False,False,False,benign,no_adverse_signal
real-talk-realty.com,2026-07-23,20,2.9056390622295662,0.0,2,0.5555555555555556,-7.2425310344827585,low,0.4615,3,0.5,True,NOERROR,1,300,2,4,True,False,0,397273,US,False,IONOS SE,21,365,True,26,False,False,False,benign,no_adverse_signal
asdak5588-akk.top,2026-07-23,17,2.6612262562697895,0.23529411764705882,1,0.6,-9.488726086956522,high,0.3529,2,0.5384615384615384,True,NOERROR,1,300,0,2,False,False,0,134548,HK,False,Dynadot LLC,2,365,True,0,False,False,,benign,no_adverse_signal
dashjunch.com,2026-07-23,13,2.94770277922009,0.0,0,0.2857142857142857,-7.64098,low,0.5556,3,0.8888888888888888,True,NOERROR,2,300,0,2,False,False,2,13335,US,False,"Spaceship, Inc.",2,365,False,0,False,False,,benign,no_adverse_signal
rustverve.lol,2026-07-23,13,2.503258334775646,0.0,0,0.5,-6.535986666666667,low,0.625,3,0.6666666666666666,True,NOERROR,2,18,0,4,False,False,0,,US,False,Porkbun LLC,2,365,False,0,False,False,,benign,no_adverse_signal
greenmethanolprices.com,2026-07-23,23,3.6163485660751626,0.0,0,0.5833333333333334,-6.713,low,0.5,3,0.7368421052631579,True,NOERROR,1,600,2,3,True,False,0,202108,DE,False,united domains AG,2,365,False,0,False,False,False,benign,no_adverse_signal
pawvevrly.com,2026-07-23,13,2.94770277922009,0.0,0,0.2857142857142857,-8.824033333333334,low,0.5714,4,0.8888888888888888,True,NOERROR,1,21600,0,2,False,False,0,16509,US,True,"TUCOWS.COM, CO.",371,730,True,0,False,False,,benign,no_adverse_signal
platinumink5.com,2026-07-23,16,3.2516291673878226,0.0625,0,0.5714285714285714,-7.105147619047619,low,0.5263,2,0.8333333333333334,True,NOERROR,4,14400,0,4,True,False,0,53831,US,False,Squarespace Domains LLC,1,365,True,43,False,False,,benign,no_adverse_signal
infraben.ch,2026-07-23,11,2.75,0.0,0,0.6,-6.731376923076923,low,0.5714,3,0.875,True,NOERROR,4,3600,2,4,True,False,4,54113,US,True,,,,False,38,False,False,False,benign,no_adverse_signal
reachamerivestgroup.com,2026-07-23,23,3.642149881636903,0.0,0,0.7272727272727273,-6.395617142857143,low,0.5333,4,0.7368421052631579,True,NOERROR,2,300,1,2,True,False,2,13335,US,False,PDR Ltd. d/b/a PublicDomainRegistry.com,2,365,True,0,False,False,False,benign,no_adverse_signal
soulsneakers.co.uk,2026-07-23,18,3.0220552088742005,0.0,0,0.7142857142857143,-7.0294,low,0.5263,3,0.75,True,NOERROR,1,600,0,2,False,False,0,13335,CA,True,123-Reg Limited t/a 123-reg [Tag = 123-REG],3,365,False,0,False,False,,benign,no_adverse_signal
compcapitall.com,2026-07-23,16,2.918295834054489,0.0,0,0.5,-6.6758523809523815,low,0.6316,3,0.6666666666666666,True,NOERROR,2,300,0,2,False,False,2,13335,US,False,Dynadot Inc,2,365,False,0,False,False,,benign,no_adverse_signal
bitzyplay.com,2026-07-23,13,2.94770277922009,0.0,0,0.2857142857142857,-7.73756,low,0.5333,5,0.8888888888888888,True,NOERROR,1,20413,0,2,False,False,0,16509,US,True,"TUCOWS.COM, CO.",371,730,True,0,False,False,,benign,no_adverse_signal
hanerenvironmental.com,2026-07-23,22,3.239097917988786,0.0,0,0.6363636363636364,-6.375330303030303,low,0.5,2,0.6111111111111112,True,NOERROR,1,300,3,2,True,False,0,140810,VN,False,"Cloudflare, Inc.",1,365,True,0,False,False,False,benign,no_adverse_signal
jktechnic.solutions,2026-07-23,19,2.94770277922009,0.0,0,0.2857142857142857,-7.409806666666666,low,0.5882,3,0.8888888888888888,True,NOERROR,1,3600,3,2,True,False,0,16276,FR,True,,,,,16,False,False,False,benign,no_adverse_signal
beluzzo.com.br,2026-07-23,14,2.521640636343318,0.0,0,0.75,-8.022645454545454,low,0.4615,2,0.8571428571428571,True,NOERROR,1,3600,1,2,True,False,1,22548,BR,True,,3,365,False,0,False,False,,benign,no_adverse_signal
dash-dividas.online,2026-07-23,19,2.688721875540867,0.0,1,0.5714285714285714,-7.215738095238095,medium,0.4444,2,0.5833333333333334,True,NOERROR,2,1800,0,2,False,False,0,16509,US,False,"Name.com, Inc.",2,365,False,0,False,False,,benign,no_adverse_signal
cherishedpetal.com,2026-07-23,18,3.3248629576173574,0.0,0,0.5555555555555556,-6.593708,low,0.4545,2,0.7857142857142857,True,NOERROR,1,21600,0,2,False,False,0,16509,US,True,"TUCOWS.COM, CO.",371,730,True,0,False,False,,benign,no_adverse_signal
6623bz.app,2026-07-23,10,2.2516291673878226,0.4,0,0.0,-11.458400000000001,low,0.4444,2,0.8333333333333334,True,NOERROR,2,300,0,2,False,False,2,13335,US,False,,,,False,0,False,False,,benign,no_adverse_signal
asnailssandiego.com,2026-07-23,19,3.006238928653389,0.0,0,0.875,-7.026644444444445,low,0.4667,3,0.6,True,NOERROR,2,300,0,2,False,False,2,47583,LT,True,"HOSTINGER operations, UAB",2,731,False,2,False,False,,benign,no_adverse_signal
aicharm.net,2026-07-23,11,2.5216406363433186,0.0,0,0.75,-6.428,low,0.5714,2,0.8571428571428571,False,timeout,0,,0,0,False,False,0,,,,"Gabia, Inc.",3,365,False,,,False,,benign,no_adverse_signal
kaokaotalk.com,2026-07-23,14,2.1709505944546685,0.0,0,1.0,-7.595429411764705,low,0.5714,2,0.5,True,NOERROR,1,300,0,2,False,False,0,206834,DE,False,Dynadot Inc,2,365,False,22,False,False,,benign,no_adverse_signal
earlyyearscompass.org,2026-07-23,21,3.1751231351134614,0.0,0,0.5454545454545454,-7.275977419354838,low,0.4667,4,0.5882352941176471,True,NOERROR,1,300,0,4,False,False,0,13335,DE,True,"Name.com, Inc.",2,365,False,68,False,False,,malicious,abuseipdb
wumaavav.wiki,2026-07-23,13,2.1556390622295662,0.0,0,1.0,-8.247176923076923,low,0.4615,1,0.625,True,NOERROR,1,1,0,2,False,True,0,40065,US,False,"NameSilo, LLC",2,365,True,0,False,False,,benign,no_adverse_signal
wearlucien.shop,2026-07-23,15,3.121928094887362,0.0,0,1.0,-7.149982352941176,low,0.5882,2,0.9,True,NOERROR,1,300,0,2,False,False,0,199242,GE,True,,,,False,0,False,False,,benign,no_adverse_signal
emeraldgreenlawnco.com,2026-07-23,22,3.2810361125534233,0.0,0,0.6363636363636364,-7.1290818181818185,low,0.5385,4,0.6111111111111112,True,NOERROR,2,300,2,4,True,False,0,16509,US,True,IONOS SE,1,365,True,0,False,False,False,benign,no_adverse_signal
avf-logistics.com,2026-07-23,17,3.392747410448785,0.0,1,0.5,-7.7235130434782615,low,0.5,2,0.8461538461538461,True,NOERROR,1,3600,3,2,True,False,0,16276,FR,True,"OVH, SAS",2,365,True,16,False,False,False,benign,no_adverse_signal
baseflownet.net,2026-07-23,15,3.277613436819116,0.0,0,0.5714285714285714,-6.998652631578947,low,0.5263,2,0.9090909090909091,True,NOERROR,2,300,0,2,False,False,2,13335,US,False,NAMECHEAP INC,3,365,True,0,False,False,,benign,no_adverse_signal
idtheftquiz.org,2026-07-23,15,3.0957952550009344,0.0,0,0.5714285714285714,-8.133236842105262,low,0.4706,3,0.8181818181818182,True,NOERROR,2,300,0,2,False,False,2,13335,US,False,"Spaceship, Inc.",2,365,False,0,False,False,,benign,no_adverse_signal
romescotvexa.click,2026-07-23,18,3.2516291673878226,0.0,0,0.7142857142857143,-6.9615285714285715,medium,0.5,2,0.8333333333333334,True,NOERROR,2,300,0,2,False,False,2,13335,US,False,"Spaceship, Inc.",2,365,False,0,False,False,,benign,no_adverse_signal
isaacastillo-studio.net,2026-07-23,23,3.181366328891458,0.0,1,1.0,-6.885305714285715,low,0.6452,2,0.5263157894736842,True,NOERROR,3,3600,0,2,False,False,0,58182,US,True,Wix.com Ltd.,2,365,True,23,False,False,,benign,no_adverse_signal
tabooswx.club,2026-07-23,13,2.75,0.0,0,0.6,-7.658046153846153,low,0.6667,3,0.875,True,NOERROR,1,469,1,2,True,False,0,133618,US,True,"GoDaddy.com, LLC",2,365,True,0,False,False,False,benign,no_adverse_signal
mtbusinessdoc.online,2026-07-23,20,3.334679141051595,0.0,0,0.4444444444444444,-6.935186956521739,medium,0.6429,3,0.8461538461538461,True,NOERROR,1,7200,0,2,False,False,0,40676,VG,False,"NETWORK SOLUTIONS, LLC.",2,365,False,0,False,False,,benign,no_adverse_signal
arkada748-casino.top,2026-07-23,20,3.5,0.15,1,1.0,-8.282058620689655,high,0.4545,2,0.8125,True,NOERROR,1,3600,0,2,True,False,0,59692,AE,True,PDR Ltd,2,365,False,0,False,False,,benign,no_adverse_signal
rarekuno.com,2026-07-23,12,2.75,0.0,0,1.0,-7.115161538461539,low,0.5455,1,0.875,False,NOERROR,0,,1,3,False,False,0,,,,INWX GmbH,2,365,True,,,False,False,benign,no_adverse_signal
verificpagi.com.br,2026-07-23,18,3.027169118440619,0.0,0,0.8333333333333334,-6.926236842105263,low,0.48,2,0.8181818181818182,True,NOERROR,2,300,0,2,False,False,2,13335,US,False,,3,365,False,0,False,False,,benign,no_adverse_signal
abf111.net,2026-07-23,10,1.792481250360578,0.3,0,0.5,-9.943766666666667,low,0.3636,2,0.6666666666666666,False,NOERROR,0,,0,2,False,False,0,,,,SGADDRESS PTE. LTD,3,365,False,,,False,,benign,no_adverse_signal
dukun77.top,2026-07-23,11,2.2359263506290326,0.18181818181818182,0,0.6666666666666666,-8.862163636363636,high,0.6667,1,0.7142857142857143,True,NOERROR,2,60,2,2,True,False,2,47583,FR,False,NAMECHEAP INC,2,365,True,0,False,False,False,benign,no_adverse_signal
mitypropertiesandinvestments.com,2026-07-23,32,3.512188403968661,0.0,0,0.47368421052631576,-6.489398113207548,low,0.4186,4,0.4642857142857143,True,NOERROR,1,21600,0,2,False,False,0,16509,US,True,"TUCOWS.COM, CO.",371,730,True,0,False,False,,benign,no_adverse_signal
gatewaysupperclub.com,2026-07-23,21,3.6168746059562227,0.0,0,0.5454545454545454,-6.975216129032257,low,0.5385,3,0.7647058823529411,True,NOERROR,1,1800,5,2,True,False,0,22612,US,False,NAMECHEAP INC,1,365,True,0,False,False,False,benign,no_adverse_signal
xiejiaojiao.com,2026-07-23,15,2.481714572986073,0.0,0,2.6666666666666665,-8.425063157894737,low,0.5882,1,0.5454545454545454,False,NOERROR,0,,0,2,False,False,0,,,,Gname 022 Inc,2,365,False,,,False,,benign,no_adverse_signal
bacher.lol,2026-07-23,10,2.584962500721156,0.0,0,0.5,-6.151466666666667,low,0.7692,2,1.0,False,NOERROR,0,,0,2,False,False,0,,,,NAMECHEAP INC,1,731,True,,,False,,benign,no_adverse_signal
redproclink.com,2026-07-23,15,3.2776134368191165,0.0,0,0.375,-6.607647368421053,low,0.5714,3,0.9090909090909091,False,NOERROR,0,,0,4,False,False,0,,,,"TUCOWS.COM, CO.",2,365,True,,,False,,benign,no_adverse_signal
mdi716.ru,2026-07-23,9,2.584962500721156,0.3333333333333333,0,0.5,-10.885200000000001,low,0.5455,2,1.0,True,NOERROR,1,3600,2,2,True,False,0,29182,RU,True,ARDIS-RU,2,365,False,0,False,False,False,benign,no_adverse_signal
bchqlud.com,2026-07-23,11,2.807354922057604,0.0,0,0.16666666666666666,-9.80650909090909,low,0.6667,5,1.0,False,timeout,0,,0,0,False,False,0,,,,"Bizcn.com,Inc.",2,365,True,,,True,,malicious,spamhaus_dbl
babyphatfashion.shop,2026-07-23,20,3.32323142879762,0.0,0,0.5,-7.2254555555555555,low,0.5385,4,0.7333333333333333,True,NOERROR,1,300,0,2,False,False,0,,GE,False,,,,False,0,False,False,,benign,no_adverse_signal
boying113.com,2026-07-23,13,2.9477027792200903,0.23076923076923078,0,0.5,-8.597579999999999,low,0.625,2,0.8888888888888888,True,NOERROR,2,300,0,2,False,False,2,13335,US,False,"Gransy, s.r.o.",2,365,False,0,False,False,,benign,no_adverse_signal
growingmindsbooks.com,2026-07-23,21,3.337175341123077,0.0,0,0.4166666666666667,-6.951370967741935,low,0.4444,4,0.6470588235294118,True,NOERROR,4,14400,1,4,True,False,0,53831,US,False,Squarespace Domains II LLC,1,365,True,43,False,False,False,benign,no_adverse_signal
zendiamond.online,2026-07-23,17,2.9219280948873623,0.0,0,0.6666666666666666,-6.384505882352942,medium,0.6364,2,0.8,True,NOERROR,1,3600,0,2,True,False,0,34619,TR,True,Nics Telekomunikasyon A.S.,2,365,True,1,False,False,,benign,no_adverse_signal
veterancall.com,2026-07-23,15,2.9139770731827523,0.0,0,0.5714285714285714,-6.004884210526316,low,0.5263,2,0.7272727272727273,True,NOERROR,1,1800,0,4,False,False,0,16509,US,False,"Gabia, Inc.",1,731,False,0,False,False,,benign,no_adverse_signal
jrszhibonbazaixianzhibohuifang.com.cn,2026-07-23,37,3.5525842461721626,0.0,0,0.6666666666666666,-8.04491403508772,low,0.2857,5,0.4666666666666667,True,NOERROR,1,300,0,2,False,False,0,132839,SC,False,北京新网数码信息技术有限公司,3,365,False,0,False,False,,benign,no_adverse_signal
gaquev.life,2026-07-23,11,2.584962500721156,0.0,0,1.0,-8.378655555555556,low,0.5455,1,1.0,True,NOERROR,1,1800,5,2,True,False,0,22612,US,False,,,,False,1,False,False,False,benign,no_adverse_signal
wuzixian.top,2026-07-23,12,2.75,0.0,0,1.0,-8.441376923076923,high,0.5333,1,0.875,True,NOERROR,1,600,0,2,False,False,0,142286,HK,False,"Hefei Juming Network Technology Co., Ltd.",2,365,True,0,True,False,,malicious,spamhaus_zen
launchmysite.space,2026-07-23,18,3.584962500721156,0.0,0,0.5,-7.1884523809523815,low,0.5833,6,1.0,True,NOERROR,1,50,0,2,False,False,0,47583,CY,False,"HOSTINGER operations, UAB",2,365,False,32,False,False,,benign,no_adverse_signal
naijatempo.ng,2026-07-23,13,3.121928094887362,0.0,0,1.0,-7.208352941176471,low,0.5,2,0.9,True,NOERROR,2,300,0,2,False,False,2,13335,US,False,TRUEHOST CLOUD,2,365,False,0,False,False,,benign,no_adverse_signal
hddistrollc.com,2026-07-23,15,3.0957952550009344,0.0,0,0.2222222222222222,-7.002652631578947,low,0.5,3,0.8181818181818182,True,NOERROR,2,300,0,3,False,False,0,16509,US,True,"TUCOWS.COM, CO.",1,365,True,0,False,False,,benign,no_adverse_signal
vn88.sbs,2026-07-23,8,1.5,0.25,0,0.0,-10.30154,low,0.4444,2,0.75,True,NOERROR,1,300,0,2,False,False,0,206834,DE,False,Dynadot Inc,2,365,False,22,False,False,,benign,no_adverse_signal
maxviro.homes,2026-07-23,13,2.807354922057604,0.0,0,0.75,-7.608990909090909,low,0.5556,2,1.0,True,NOERROR,1,1800,1,2,False,False,0,,,False,NAMECHEAP INC,2,365,False,0,False,False,False,benign,no_adverse_signal
digaole22.com,2026-07-23,13,2.9477027792200903,0.15384615384615385,0,1.3333333333333333,-8.250626666666667,low,0.5333,1,0.8888888888888888,True,NOERROR,1,600,0,2,False,False,0,132839,SC,False,Realtime Register B.V.,2,365,False,0,False,False,,benign,no_adverse_signal
onlinedrillingllc.com,2026-07-23,21,2.8451442836760017,0.0,0,0.4166666666666667,-6.5433677419354845,low,0.56,5,0.5294117647058824,True,NOERROR,2,3600,0,2,False,False,0,16509,US,True,"GoDaddy.com, LLC",2,1096,False,16,False,False,,benign,no_adverse_signal
cauyejandmanemdaer.com,2026-07-23,22,3.127986806877675,0.0,0,0.8,-7.917133333333333,low,0.5,3,0.5555555555555556,True,NOERROR,2,300,1,2,True,False,2,13335,US,False,IONOS SE,2,365,True,0,False,False,False,benign,no_adverse_signal
judexfragrance.com,2026-07-23,18,3.378783493486176,0.0,0,0.5555555555555556,-7.19832,low,0.4762,3,0.7857142857142857,True,NOERROR,1,60,0,2,False,False,0,16509,US,False,"HOSTINGER operations, UAB",2,365,False,0,False,False,,benign,no_adverse_signal
julesin.space,2026-07-23,13,2.807354922057604,0.0,0,0.75,-6.758545454545454,low,0.5455,1,1.0,True,NOERROR,1,3600,1,2,True,False,0,58182,US,True,"TUCOWS.COM, CO.",2061,3287,True,17,False,False,False,benign,no_adverse_signal
mdissionfurniture.shop,2026-07-23,22,3.337175341123077,0.0,0,0.7,-6.9291064516129035,low,0.4615,2,0.6470588235294118,True,NOERROR,1,1800,0,2,False,False,0,132203,US,False,,,,False,0,True,False,,malicious,spamhaus_zen
propertiesbycrownstones.com,2026-07-23,27,3.4357554339416274,0.0,0,0.4375,-6.830737209302326,low,0.4737,5,0.5217391304347826,True,NOERROR,1,3600,2,4,True,False,1,8560,DE,True,IONOS SE,2,365,True,0,False,False,False,benign,no_adverse_signal
fixbet.website,2026-07-23,14,2.584962500721156,0.0,0,0.5,-7.583877777777777,low,0.6,2,1.0,True,NOERROR,2,300,0,2,False,False,2,13335,US,False,"Sav.com, LLC",2,365,False,0,False,False,,benign,no_adverse_signal
lotuscranemountain.com,2026-07-23,22,3.4613201402110083,0.0,0,0.8,-6.523427272727273,low,0.5,3,0.6666666666666666,True,NOERROR,2,3600,0,2,False,False,0,16509,US,True,"GoDaddy.com, LLC",1,365,False,22,False,False,,benign,no_adverse_signal
thebutlerschocolates.shop,2026-07-23,25,3.346439344671015,0.0,0,0.5384615384615384,-6.650575675675676,low,0.5,4,0.55,True,NOERROR,1,300,0,2,False,False,0,199242,GE,True,,,,False,0,False,False,,benign,no_adverse_signal
iseeziapo.shop,2026-07-23,14,2.725480556997868,0.0,0,2.0,-7.4380266666666675,low,0.5,1,0.7777777777777778,False,NOERROR,0,,0,2,False,False,0,,,,,,,False,,,False,,benign,no_adverse_signal
918451c.cc,2026-07-23,10,2.5216406363433186,0.6,0,0.0,-10.902672727272728,low,0.2,1,0.8571428571428571,False,NOERROR,0,,0,2,False,False,0,,,,"NameSilo, LLC",3,365,True,,,False,,benign,no_adverse_signal
ovtlaws.xyz,2026-07-23,11,2.807354922057604,0.0,0,0.4,-8.213563636363636,high,0.625,3,1.0,True,NOERROR,2,300,3,2,True,False,2,13335,US,False,NAMECHEAP INC,2,365,True,0,False,False,False,benign,no_adverse_signal
fuelcalculate.com,2026-07-23,17,2.7192945256669794,0.0,0,0.8571428571428571,-7.159530434782608,low,0.5263,2,0.5384615384615384,True,NOERROR,2,300,0,2,False,False,2,13335,US,False,"GoDaddy.com, LLC",2,365,False,0,False,False,,benign,no_adverse_signal
avianzasystems.com,2026-07-23,18,3.128085278891395,0.0,0,0.5555555555555556,-7.058044,low,0.6897,4,0.7142857142857143,True,NOERROR,2,60,0,2,False,False,2,47583,FR,False,"HOSTINGER operations, UAB",2,365,False,0,False,False,,benign,no_adverse_signal
cal-burn.fit,2026-07-23,12,3.0,0.0,1,0.4,-7.534423076923077,low,0.5714,2,1.0,True,NOERROR,2,120,0,4,False,False,0,16509,DE,True,"Name.com, Inc.",1,365,True,15,False,False,,benign,no_adverse_signal
yeonsuvisitcare.site,2026-07-23,20,3.5068905956085183,0.0,0,0.875,-6.976107407407407,medium,0.5,2,0.8,True,NOERROR,2,60,2,2,True,False,2,47583,FR,False,"HOSTINGER operations, UAB",2,365,False,0,False,False,False,benign,no_adverse_signal
alpha-strategistslimited.com,2026-07-23,28,3.4906015629507228,0.0,1,0.5333333333333333,-6.825946666666667,low,0.4375,4,0.5416666666666666,True,NOERROR,1,1800,2,2,True,False,1,47583,BR,False,"HOSTINGER operations, UAB",2,365,False,0,False,False,False,benign,no_adverse_signal
fzhandel.store,2026-07-23,14,3.0,0.0,0,0.3333333333333333,-7.290415384615385,low,0.5714,3,1.0,True,NOERROR,1,150,1,2,False,False,1,8560,DE,True,,,,False,0,False,False,False,benign,no_adverse_signal
lineperspective.com,2026-07-23,19,3.106890595608518,0.0,0,0.6666666666666666,-6.2983925925925925,low,0.6667,3,0.6666666666666666,True,NOERROR,2,300,1,2,True,False,2,13335,US,False,PDR Ltd. d/b/a PublicDomainRegistry.com,2,365,True,0,False,False,False,benign,no_adverse_signal
cydolofac2.top,2026-07-23,14,2.9219280948873623,0.07142857142857142,0,0.5,-8.118823529411765,high,0.5,3,0.8,False,NOERROR,0,,0,2,False,False,0,,,,Dynadot LLC,2,365,True,,,False,,benign,no_adverse_signal
littlepawsxshop.store,2026-07-23,21,3.373557262275185,0.0,0,0.36363636363636365,-7.562496296296296,low,0.48,5,0.7333333333333333,True,NOERROR,1,14400,0,2,False,False,0,13335,CA,True,,,,False,0,False,False,,benign,no_adverse_signal
bovedu.life,2026-07-23,11,2.584962500721156,0.0,0,1.0,-7.124622222222222,low,0.5714,1,1.0,False,NOERROR,0,,0,2,False,False,0,,,,,,,False,,,False,,benign,no_adverse_signal
rungo.app,2026-07-23,9,2.321928094887362,0.0,0,0.6666666666666666,-6.724157142857143,low,0.75,2,1.0,False,NOERROR,0,,0,2,False,False,0,,,,,,,False,,,False,,benign,no_adverse_signal
canineconservancy.org,2026-07-23,21,3.1018812234760182,0.0,0,0.5454545454545454,-6.238051612903226,low,0.5,3,0.5882352941176471,True,NOERROR,1,300,0,4,False,False,0,47846,DE,False,"Name.com, Inc.",2,365,False,9,False,False,,benign,no_adverse_signal
vwofkearnymesa.com,2026-07-23,18,3.521640636343319,0.0,0,0.5555555555555556,-8.086464,low,0.5714,4,0.8571428571428571,True,NOERROR,1,300,0,2,False,False,0,40034,VG,False,"SBSNames, LLC",403,730,False,24,False,False,,benign,no_adverse_signal
executiveaicoachreview.com,2026-07-23,26,3.317640005966217,0.0,0,1.2,-7.180273170731708,low,0.3784,3,0.5454545454545454,True,NOERROR,2,1800,0,2,False,False,0,16509,US,False,"Name.com, Inc.",2,365,True,0,False,False,,benign,no_adverse_signal
nefesototamir.com,2026-07-23,17,3.238901256602631,0.0,0,0.8571428571428571,-6.881808695652174,low,0.4545,1,0.7692307692307693,True,NOERROR,2,300,0,2,False,False,2,13335,US,False,"Cloudflare, Inc.",2,365,True,0,False,False,,benign,no_adverse_signal
ouxiangvip.com,2026-07-23,14,3.121928094887362,0.0,0,1.0,-7.735317647058823,low,0.5556,3,0.9,False,NOERROR,0,,0,2,False,False,0,,,,TuringSign Inc. d/b/a Cosmotown,2,365,False,,,False,,benign,no_adverse_signal
xyinder.ru,2026-07-23,10,2.807354922057604,0.0,0,0.4,-6.910109090909091,low,0.6154,2,1.0,True,NOERROR,1,60,0,2,False,False,0,39134,RU,False,REGTIME-RU,369,365,False,0,False,False,,benign,no_adverse_signal
hwatranport.com,2026-07-23,15,2.913977073182752,0.0,0,0.375,-6.555468421052631,low,0.5714,2,0.7272727272727273,True,NOERROR,2,3600,0,2,False,False,0,16509,US,True,"GoDaddy.com, LLC",2,365,False,23,False,False,,benign,no_adverse_signal
forgedstrength.shop,2026-07-23,19,3.2359263506290334,0.0,0,0.2727272727272727,-6.7597439999999995,low,0.5,4,0.7142857142857143,True,NOERROR,1,21600,0,2,False,False,0,16509,US,True,,,,False,0,False,False,,benign,no_adverse_signal
aptekapodzlotymlwem.pl,2026-07-23,22,3.511085408180427,0.0,0,0.46153846153846156,-8.307271428571429,low,0.4516,5,0.631578947368421,True,NOERROR,1,21600,1,2,True,False,0,48707,PL,False,Aftermarket.pl Limited,2,365,False,0,False,False,False,benign,no_adverse_signal
acceso-inicio.info,2026-07-23,18,2.8150724101159437,0.0,1,1.4,-7.027926086956522,medium,0.4762,2,0.6153846153846154,True,NOERROR,2,300,0,2,False,False,2,13335,US,False,,,,,0,False,False,,benign,no_adverse_signal
ezlogon.com,2026-07-23,11,2.521640636343318,0.0,0,0.75,-7.616036363636363,low,0.5455,2,0.8571428571428571,False,NOERROR,0,,0,2,False,False,0,,,,Gname 010 Inc,2,365,False,,,False,,benign,no_adverse_signal
xn--2h7b1z.net,2026-07-23,14,3.121928094887362,0.21428571428571427,2,0.0,-11.35005882352941,low,0.3077,2,0.9,True,NOERROR,1,3600,0,2,False,False,0,58182,US,True,Wix.com Ltd.,21,731,True,17,False,False,,benign,no_adverse_signal
op-energetics.com,2026-07-23,17,3.334679141051595,0.0,1,0.7142857142857143,-6.904573913043479,low,0.5455,2,0.8461538461538461,True,NOERROR,2,600,0,2,False,False,0,16509,US,True,"GoDaddy.com, LLC",2,365,False,35,False,False,,benign,no_adverse_signal
tourismeapp.com,2026-07-23,15,3.277613436819116,0.0,0,0.8333333333333334,-6.668231578947368,low,0.5455,2,0.9090909090909091,True,NOERROR,1,21600,3,2,True,False,0,396982,US,True,"TUCOWS.COM, CO.",954,1096,True,0,False,False,False,benign,no_adverse_signal
albunuelas.com,2026-07-23,14,2.721928094887362,0.0,0,1.0,-7.329470588235294,low,0.5556,2,0.7,True,NOERROR,1,900,1,2,True,False,0,39729,IT,True,NOMINALIA INTERNET S.L.,2,365,True,0,False,False,False,benign,no_adverse_signal
theestmethod.com,2026-07-23,16,2.625814583693911,0.0,0,0.5,-6.700238095238094,low,0.48,3,0.5833333333333334,True,NOERROR,2,3600,0,2,False,False,0,16509,US,True,"GoDaddy.com, LLC",2,1096,False,23,False,False,,benign,no_adverse_signal
thachcaoxanh.com,2026-07-23,16,2.625814583693911,0.0,0,0.5,-7.716404761904762,low,0.4545,3,0.5833333333333334,False,NOERROR,0,,0,2,False,False,0,,,,MAT BAO CORPORATION,2,365,False,,,False,,benign,no_adverse_signal
carlink-ai.net,2026-07-23,14,2.9219280948873623,0.0,1,0.8,-7.025741176470588,low,0.5556,2,0.8,True,NOERROR,1,50,0,2,False,False,0,47583,CY,False,"HOSTINGER operations, UAB",2,365,False,32,False,False,,benign,no_adverse_signal
gdm5u3.com,2026-07-23,10,2.584962500721156,0.2,0,0.3333333333333333,-11.408944444444444,low,0.4444,3,1.0,True,NOERROR,3,14400,1,2,True,False,0,63949,US,True,DomainPrime.com LLC,2,365,True,0,False,False,False,benign,no_adverse_signal
digdogdoug.com,2026-07-23,14,2.1709505944546685,0.0,0,0.6666666666666666,-7.950688235294117,low,0.5,2,0.5,True,NOERROR,1,10800,2,3,True,False,0,29169,FR,True,Gandi SAS,2,365,True,0,False,False,False,benign,no_adverse_signal
watermemaybe.com,2026-07-23,16,2.8553885422075336,0.0,0,0.7142857142857143,-6.7661428571428575,low,0.5263,2,0.6666666666666666,True,NOERROR,2,3600,0,2,False,False,0,16509,US,True,"GoDaddy.com, LLC",2,365,False,22,False,False,,benign,no_adverse_signal
grefnob.space,2026-07-23,13,2.807354922057604,0.0,0,0.4,-7.982127272727272,low,0.5714,2,1.0,True,NOERROR,1,3600,1,4,True,False,0,16003,NL,True,Dynadot Inc,2,365,False,0,False,False,False,benign,no_adverse_signal
zxcai.fun,2026-07-23,9,2.321928094887362,0.0,0,0.6666666666666666,-8.472228571428571,low,0.6667,3,1.0,True,NOERROR,1,3600,0,3,False,False,0,154177,US,False,"NameSilo, LLC",2,365,True,0,True,True,,malicious,spamhaus_zen
atlaas.mx,2026-07-23,9,1.7924812503605778,0.0,0,1.0,-7.2940000000000005,low,0.6667,2,0.6666666666666666,True,NOERROR,2,300,2,2,True,False,2,47583,CY,False,"Namecheap, Inc.",6,365,True,1,False,False,False,benign,no_adverse_signal
baseflowprime.net,2026-07-23,17,3.5465935642949384,0.0,0,0.625,-7.148126086956522,low,0.5,3,0.9230769230769231,True,NOERROR,2,300,0,2,False,False,2,13335,US,False,NAMECHEAP INC,3,365,True,0,False,False,,benign,no_adverse_signal
wikdawebsites.com,2026-07-23,17,3.085055102756477,0.0,0,0.625,-7.187252173913044,low,0.6923,2,0.6923076923076923,True,NOERROR,2,120,0,4,False,False,0,16509,DE,True,NAMECHEAP INC,2,365,True,17,False,False,,benign,no_adverse_signal
deedtrigger.com,2026-07-23,15,2.481714572986073,0.0,0,0.5714285714285714,-7.113668421052631,low,0.625,3,0.5454545454545454,True,NOERROR,2,600,2,2,True,False,0,16509,US,True,"GoDaddy.com, LLC",2,365,False,33,False,False,False,benign,no_adverse_signal
andrijdavid.com,2026-07-23,15,2.663532754804255,0.0,0,0.5714285714285714,-7.537026315789473,low,0.6667,3,0.6363636363636364,False,NOERROR,0,,0,2,False,False,0,,,,"Cloudflare, Inc.",2,365,True,,,False,,benign,no_adverse_signal
gardenvistahub.com,2026-07-23,18,3.6644977792004623,0.0,0,0.5555555555555556,-6.755024,low,0.6,2,0.9285714285714286,True,NOERROR,2,300,0,2,False,False,2,13335,US,False,West263 International Limited,2,365,True,0,False,False,,benign,no_adverse_signal
valentinadigital.com,2026-07-23,20,3.0306390622295662,0.0,0,0.7777777777777778,-6.197972413793103,low,0.5,2,0.5625,True,NOERROR,1,300,0,4,False,False,0,396982,US,True,"Name.com, Inc.",2,365,True,0,True,False,,malicious,spamhaus_zen
thisisnotsupported.com,2026-07-23,22,3.30827083453526,0.0,0,0.5,-6.785330303030303,low,0.5161,2,0.6111111111111112,False,NOERROR,0,,3,2,True,False,0,,,,"Cloudflare, Inc.",2,365,True,,,False,False,benign,no_adverse_signal
areniliticpalololobtail.surf,2026-07-23,28,3.170543891762937,0.0,0,0.9166666666666666,-6.832532558139535,low,0.4242,2,0.4782608695652174,True,NOERROR,2,300,0,2,False,False,0,16509,US,True,"Spaceship, Inc.",2,365,True,14,False,False,,benign,no_adverse_signal
valentinaxo.com,2026-07-23,15,3.0957952550009344,0.0,0,0.8333333333333334,-6.741147368421052,low,0.5714,2,0.8181818181818182,False,timeout,0,,0,0,False,False,0,,,,NAMECHEAP INC,1,365,False,,,False,,benign,no_adverse_signal
naazelle.com,2026-07-23,12,2.25,0.0,0,1.0,-7.312292307692307,low,0.5333,2,0.625,True,NOERROR,1,3600,0,2,False,False,0,13335,CA,True,"GoDaddy.com, LLC",2,365,False,0,False,False,,benign,no_adverse_signal
poststation.nl,2026-07-23,14,2.663532754804255,0.0,0,0.5714285714285714,-5.931900000000001,low,0.7273,4,0.6363636363636364,True,NOERROR,1,150,1,2,False,False,1,6724,DE,True,Domain Robot,4,,False,0,False,False,False,benign,no_adverse_signal
angelogomess.com.br,2026-07-23,19,2.9182958340544896,0.0,0,0.7142857142857143,-6.362671428571428,low,0.5714,2,0.6666666666666666,True,NOERROR,1,50,3,2,True,False,0,47583,CY,False,,3,365,False,32,False,False,False,benign,no_adverse_signal
pinkrockadvisory.com,2026-07-23,20,3.5,0.0,0,0.45454545454545453,-7.072296551724138,low,0.5333,3,0.75,True,NOERROR,1,600,3,2,True,False,0,16509,US,True,"GoDaddy.com, LLC",2,365,False,29,False,False,False,benign,no_adverse_signal
twincasino.one,2026-07-23,14,2.9219280948873623,0.0,0,0.6666666666666666,-6.330270588235294,low,0.5556,2,0.8,True,NOERROR,3,60,0,2,False,False,0,211381,NL,True,Dynadot Inc,2,365,True,0,False,False,,benign,no_adverse_signal
vibrustudio3d.com,2026-07-23,17,3.238901256602631,0.058823529411764705,0,0.7142857142857143,-7.622373913043479,low,0.72,2,0.7692307692307693,True,NOERROR,4,14400,1,4,True,False,0,53831,US,False,Squarespace Domains II LLC,2,365,True,32,False,False,False,benign,no_adverse_signal
lastrespects.io,2026-07-23,15,2.8553885422075336,0.0,0,0.3333333333333333,-6.260190476190476,low,0.5556,3,0.6666666666666666,True,NOERROR,1,300,0,2,False,False,0,16509,US,False,"HOSTINGER operations, UAB",3,365,True,0,False,False,,benign,no_adverse_signal
widahamidi.com,2026-07-23,14,2.446439344671015,0.0,0,1.0,-7.118323529411764,low,0.5556,1,0.6,True,NOERROR,2,120,0,4,False,False,0,16509,DE,True,"Name.com, Inc.",2,365,True,15,False,False,,benign,no_adverse_signal
wholesalecitystyle.shop,2026-07-23,23,3.30827083453526,0.0,0,0.5,-6.861599999999999,low,0.4615,6,0.6111111111111112,True,NOERROR,1,300,0,2,False,False,0,199242,US,False,,,,False,0,False,False,,benign,no_adverse_signal
finance94-minima43.sbs,2026-07-23,22,3.30827083453526,0.18181818181818182,1,0.8571428571428571,-8.404521212121212,low,0.3871,2,0.6111111111111112,False,NXDOMAIN,0,,0,0,False,False,0,,,,NAMECHEAP INC,2,365,False,,,False,,benign,no_adverse_signal
granddiwalimela.com,2026-07-23,19,3.189898095464287,0.0,0,0.6666666666666666,-6.815648148148148,low,0.56,3,0.6666666666666666,True,NOERROR,2,300,0,2,False,False,2,13335,US,False,NAMECHEAP INC,2,365,True,0,False,False,,benign,no_adverse_signal
mymealteamsix.com,2026-07-23,17,3.0269868333592873,0.0,0,0.625,-7.086639130434783,low,0.5,3,0.6923076923076923,True,NOERROR,1,300,0,2,False,False,0,206834,DE,False,"Gransy, s.r.o.",2,365,False,22,False,False,,benign,no_adverse_signal
adanos.tech,2026-07-23,11,2.2516291673878226,0.0,0,1.0,-6.472288888888889,low,0.7273,1,0.8333333333333334,True,NOERROR,1,14400,1,3,True,False,0,41079,PL,True,PDR Ltd. d/b/a PublicDomainRegistry.com,2,365,False,0,False,False,False,benign,no_adverse_signal
fv88-01.com,2026-07-23,11,2.5216406363433186,0.36363636363636365,1,0.0,-10.776072727272727,low,0.3636,2,0.8571428571428571,False,NOERROR,0,,0,2,False,False,0,,,,NAMECHEAP INC,2,365,True,,,False,,benign,no_adverse_signal
uiabyux.com,2026-07-23,11,2.5216406363433186,0.0,0,1.3333333333333333,-8.601054545454545,low,0.5714,2,0.8571428571428571,True,NOERROR,2,300,0,2,False,False,2,13335,US,False,"Spaceship, Inc.",2,365,False,0,False,False,,benign,no_adverse_signal
xcdrev.com,2026-07-23,10,2.584962500721156,0.0,0,0.2,-7.6276777777777784,low,0.5455,4,1.0,True,NOERROR,1,50,0,2,False,False,0,47583,CY,False,"HOSTINGER operations, UAB",2,365,False,32,False,False,,benign,no_adverse_signal
lzphj.com,2026-07-23,9,2.321928094887362,0.0,0,0.0,-10.845185714285716,low,0.5,5,1.0,False,NOERROR,0,,0,2,False,False,0,,,,SGADDRESS PTE. LTD,2,365,False,,,False,,benign,no_adverse_signal
companypodcast.com,2026-07-23,18,3.2359263506290334,0.0,0,0.4,-6.911508,low,0.6667,3,0.7142857142857143,True,NOERROR,1,300,0,2,False,True,0,13335,US,False,OregonURLs.com LLC,2,365,True,0,False,False,,benign,no_adverse_signal
jacktattoo.com,2026-07-23,14,2.4464393446710155,0.0,0,0.6666666666666666,-6.969988235294117,low,0.5,3,0.6,True,NOERROR,2,3600,1,2,True,False,0,16509,US,True,Alibaba Cloud Computing Ltd. d/b/a HiChina (www.net.cn),2,365,False,27,False,False,,benign,no_adverse_signal
antienhotel.com,2026-07-23,15,2.9139770731827523,0.0,0,0.8333333333333334,-6.4514578947368415,low,0.5,2,0.7272727272727273,False,NOERROR,0,,0,4,False,False,0,,,,Nhan Hoa Software Company Ltd.,2,365,True,,,False,,benign,no_adverse_signal
cochrane-residence.com,2026-07-23,22,3.239097917988786,0.0,1,0.7,-6.7123606060606065,low,0.5143,3,0.6111111111111112,True,NOERROR,2,60,0,2,False,False,2,47583,FR,False,"HOSTINGER operations, UAB",2,365,False,0,False,False,,benign,no_adverse_signal
nas-chat.com,2026-07-23,12,2.75,0.0,1,0.4,-6.7752,low,0.75,2,0.875,True,NOERROR,1,21600,0,2,False,False,0,16509,US,True,"TUCOWS.COM, CO.",371,730,True,0,False,False,,benign,no_adverse_signal
flurstrasse205.de,2026-07-23,17,3.3248629576173574,0.17647058823529413,0,0.375,-7.5142999999999995,low,0.5185,4,0.7857142857142857,True,NOERROR,1,300,2,2,True,False,1,24940,DE,True,,,,False,0,False,False,False,benign,no_adverse_signal
omnicentraltesoro.shop,2026-07-23,22,3.3371753411230776,0.0,0,0.7,-6.4121096774193544,low,0.5333,3,0.6470588235294118,True,NOERROR,1,300,0,2,True,False,0,22612,SG,True,,,,False,0,False,False,,benign,no_adverse_signal
mdyy68.top,2026-07-23,10,2.2516291673878226,0.2,0,0.0,-11.25018888888889,high,0.4,4,0.8333333333333334,False,NXDOMAIN,0,,0,0,False,False,0,,,,,,,False,,,False,,benign,no_adverse_signal
ndalupugliese.com,2026-07-23,17,3.238901256602631,0.0,0,0.8571428571428571,-7.399152173913043,low,0.5217,2,0.7692307692307693,True,NOERROR,4,14400,0,4,True,False,0,53831,US,False,Squarespace Domains LLC,2,1096,True,32,False,False,,benign,no_adverse_signal
351987.xyz,2026-07-23,10,2.584962500721156,0.6,0,0.0,-10.684022222222222,high,0.2667,0,1.0,False,NOERROR,0,,0,2,False,False,0,,,,"Cloudflare, Inc.",2,365,True,,,False,,benign,no_adverse_signal
revoltosos.net,2026-07-23,14,2.6464393446710157,0.0,0,0.6666666666666666,-7.086411764705882,low,0.5,2,0.7,False,NOERROR,0,,0,2,False,False,0,,,,"Cloudflare, Inc.",2,365,True,,,False,,benign,no_adverse_signal
velvynhealth.com,2026-07-23,16,2.9182958340544896,0.0,0,0.3333333333333333,-7.802271428571428,low,0.6667,5,0.6666666666666666,True,NOERROR,2,300,0,2,False,False,0,16509,US,True,"Spaceship, Inc.",2,365,False,9,False,False,,benign,no_adverse_signal
ucchristus-chile.com,2026-07-23,20,3.202819531114783,0.0,1,0.5,-7.063668965517241,low,0.4545,4,0.625,True,NOERROR,2,300,1,2,True,False,2,13335,US,False,PDR Ltd. d/b/a PublicDomainRegistry.com,2,365,True,0,False,False,False,benign,no_adverse_signal
t666.run,2026-07-23,8,0.8112781244591328,0.375,0,0.0,-9.95962,low,0.2857,1,0.5,True,NOERROR,2,300,0,2,False,False,2,13335,US,False,,,,,0,False,False,,benign,no_adverse_signal
customwallz.com,2026-07-23,15,3.277613436819116,0.0,0,0.375,-7.3671,low,0.5263,3,0.9090909090909091,True,NOERROR,2,3600,0,2,False,False,0,16509,US,True,"GoDaddy.com, LLC",1,365,False,23,False,False,,benign,no_adverse_signal
seenledger.com,2026-07-23,14,2.5219280948873624,0.0,0,0.6666666666666666,-6.860223529411765,low,0.625,2,0.7,False,NOERROR,0,,0,2,False,False,0,,,,"Cloudflare, Inc.",2,365,True,,,False,,benign,no_adverse_signal
diasmoluluchsie.online,2026-07-23,22,3.3735572622751855,0.0,0,0.875,-7.339766666666667,medium,0.4545,3,0.7333333333333333,True,NOERROR,1,3600,2,2,True,False,1,197695,RU,True,Registrar of Domain Names REG.RU LLC,2,365,False,0,False,False,False,benign,no_adverse_signal
tokeneveryday.com,2026-07-23,17,3.180832987205441,0.0,0,0.625,-6.877769565217392,low,0.5,3,0.7692307692307693,True,NOERROR,2,600,0,2,False,False,0,16509,US,True,"GoDaddy.com, LLC",2,1096,False,35,False,False,,benign,no_adverse_signal
y7133237.vip,2026-07-23,12,2.1556390622295662,0.5833333333333334,0,0.0,-10.868423076923078,low,0.3636,1,0.625,False,NOERROR,0,,0,2,False,False,0,,,,Dynadot Inc,2,365,True,,,True,,malicious,spamhaus_dbl
ytspe.cc,2026-07-23,8,2.321928094887362,0.0,0,0.25,-7.384657142857143,low,0.6,4,1.0,True,NOERROR,1,1,0,2,False,True,0,40065,US,False,"NameSilo, LLC",2,365,True,0,False,False,,benign,no_adverse_signal
sihuzy.cc,2026-07-23,9,2.584962500721156,0.0,0,0.5,-9.187,low,0.6,2,1.0,True,NOERROR,1,1,0,2,False,True,0,40065,US,False,"NameSilo, LLC",2,365,True,0,False,False,,benign,no_adverse_signal
domantasdvariskis.com,2026-07-23,21,3.2927701939369904,0.0,0,0.5454545454545454,-6.871854838709678,low,0.5,3,0.6470588235294118,False,NOERROR,0,,0,2,False,False,0,,,,"Cloudflare, Inc.",2,365,True,,,False,,benign,no_adverse_signal
atsc.xyz,2026-07-23,8,2.0,0.0,0,0.3333333333333333,-6.6211199999999995,high,0.6,3,1.0,True,NOERROR,1,300,0,2,False,False,0,47846,DE,False,"Sav.com, LLC",2,365,False,13,False,False,,benign,no_adverse_signal
laurelgaragedoorpros.com,2026-07-23,24,3.1464393446710153,0.0,0,0.8181818181818182,-6.8541297297297294,low,0.4865,3,0.5,True,NOERROR,2,300,0,2,False,False,0,16509,US,True,"Spaceship, Inc.",2,365,False,9,False,False,,benign,no_adverse_signal
albula.one,2026-07-23,10,1.9182958340544893,0.0,0,1.0,-7.325577777777777,low,0.6154,2,0.6666666666666666,True,NOERROR,2,600,0,2,False,False,0,16509,US,True,"GoDaddy.com, LLC",2,365,True,35,False,False,,benign,no_adverse_signal
sorrelglade.info,2026-07-23,16,2.913977073182752,0.0,0,0.5714285714285714,-7.155873684210526,medium,0.5556,3,0.7272727272727273,True,NOERROR,2,300,0,2,False,False,2,13335,US,False,,,,,0,False,False,,benign,no_adverse_signal
alexandramacdonaldhomes.com,2026-07-23,27,3.377278130987436,0.0,0,0.6428571428571429,-6.788202325581395,low,0.4375,3,0.5217391304347826,True,NOERROR,2,60,2,4,True,False,0,,US,False,Porkbun LLC,1,1826,False,0,False,False,False,benign,no_adverse_signal
martinstowing.ca,2026-07-23,16,3.238901256602631,0.0,0,0.4444444444444444,-6.103269565217391,low,0.4762,3,0.7692307692307693,True,NOERROR,2,600,0,2,False,False,0,16509,US,True,"Go Daddy Domains Canada, Inc",6,365,True,33,False,False,,benign,no_adverse_signal
snapvirexo.com,2026-07-23,14,3.321928094887362,0.0,0,0.6666666666666666,-7.595158823529412,low,0.5333,2,1.0,True,NOERROR,2,300,0,2,False,False,2,13335,US,False,"NameSilo, LLC",2,365,True,0,False,False,,benign,no_adverse_signal
happytailpuppiesstore.shop,2026-07-23,26,3.363286923996055,0.0,0,0.6153846153846154,-7.077417948717948,low,0.4706,4,0.5714285714285714,True,NOERROR,1,300,0,2,False,False,0,199242,GE,True,,,,False,0,False,False,,benign,no_adverse_signal
japaneseventures.com,2026-07-23,20,3.125,0.0,0,0.7777777777777778,-6.375089655172414,low,0.5385,2,0.625,True,NOERROR,2,10800,0,2,True,False,2,14618,US,True,DropCatch.com 1187 LLC,2,365,False,0,False,False,,benign,no_adverse_signal
physio-capital.com,2026-07-23,18,3.378783493486176,0.0,1,0.625,-7.1814480000000005,low,0.5455,4,0.7857142857142857,True,NOERROR,1,3600,3,2,True,False,0,16276,FR,True,"OVH, SAS",2,1826,True,16,False,False,False,benign,no_adverse_signal
hiddenforestlane.shop,2026-07-23,21,3.452819531114783,0.0,0,0.6,-6.576734482758621,low,0.48,3,0.75,True,NOERROR,2,300,0,2,False,False,2,13335,US,False,,,,False,0,False,False,,benign,no_adverse_signal
ehecujuf.shop,2026-07-23,13,2.5,0.0,0,1.0,-8.508330769230769,low,0.4,1,0.75,True,NOERROR,1,1800,0,2,False,False,0,199242,GE,False,,,,False,0,False,False,,benign,no_adverse_signal
plantaboutique.com,2026-07-23,18,3.378783493486176,0.0,0,1.0,-6.753696,low,0.56,2,0.7857142857142857,True,NOERROR,1,1,0,2,False,False,0,134175,HK,False,TuringSign Inc. d/b/a Cosmotown,2,365,False,0,False,False,,benign,no_adverse_signal
westpalmtoprated.com,2026-07-23,20,3.327819531114783,0.0,0,0.45454545454545453,-6.931989655172414,low,0.5517,3,0.6875,True,NOERROR,2,300,3,2,True,False,2,13335,US,False,Squarespace Domains LLC,2,365,True,0,False,False,False,benign,no_adverse_signal
myalignbydesign.com,2026-07-23,19,3.373557262275185,0.0,0,0.36363636363636365,-7.5047703703703705,low,0.5217,5,0.7333333333333333,True,NOERROR,2,287,2,4,True,False,0,16509,US,True,Porkbun LLC,2,365,False,29,False,False,False,benign,no_adverse_signal
tqz8j.cn,2026-07-23,8,2.321928094887362,0.125,0,0.0,-12.837985714285713,low,0.3333,3,1.0,False,NOERROR,0,,0,3,False,False,0,,,,Web Commerce Communications Limited,3,365,False,,,True,,malicious,spamhaus_dbl
vvtrade.store,2026-07-23,13,2.5216406363433186,0.0,0,0.4,-7.717154545454545,low,0.5556,4,0.8571428571428571,True,NOERROR,2,3600,0,2,False,False,0,16509,US,True,,,,False,22,False,False,,benign,no_adverse_signal
ndbbr.ch,2026-07-23,8,1.9219280948873623,0.0,0,0.0,-8.4086,low,0.5,5,0.8,False,SERVFAIL,0,,0,0,False,False,0,,,,,,,False,,,False,,benign,no_adverse_signal
trendicoo.in,2026-07-23,12,2.9477027792200903,0.0,0,0.8,-6.1746,low,0.8421,2,0.8888888888888888,True,NOERROR,1,300,0,2,False,False,0,16509,US,False,"HOSTINGER operations, UAB",3,365,False,0,False,False,,benign,no_adverse_signal
dddxblcs.ca,2026-07-23,11,2.4056390622295662,0.0,0,0.0,-9.469653846153845,low,0.4615,8,0.75,True,NOERROR,1,3600,1,3,True,False,0,396982,NL,True,Open Provider Inc.,2,365,False,0,False,False,False,benign,no_adverse_signal
riseleadsalchemist.com,2026-07-23,22,3.30827083453526,0.0,0,0.6363636363636364,-6.593884848484848,low,0.4828,3,0.6111111111111112,True,NOERROR,2,300,1,2,True,False,2,13335,US,False,"GoDaddy.com, LLC",2,365,False,0,False,False,False,benign,no_adverse_signal
tenis-kremnica.sk,2026-07-23,17,3.3787834934861767,0.0,1,0.625,-7.342568,low,0.5455,2,0.7857142857142857,True,NOERROR,2,3600,1,2,False,False,0,16509,DE,True,"ACTIVE 24, s.r.o.",5120,5478,False,0,False,False,False,benign,no_adverse_signal
shoumonraifuku.com,2026-07-23,18,3.3248629576173574,0.0,0,1.0,-7.510560000000001,low,0.4762,2,0.7857142857142857,False,timeout,0,,0,0,False,False,0,,,,"XServer, Inc.",2,365,False,,,False,,benign,no_adverse_signal
stackpro.homes,2026-07-23,14,3.0,0.0,0,0.3333333333333333,-6.6563384615384615,low,0.6667,4,1.0,False,NOERROR,0,,0,2,False,False,0,,,,"Spaceship, Inc.",2,365,False,,,False,,benign,no_adverse_signal
inexplorado.com,2026-07-23,15,3.277613436819116,0.0,0,0.8333333333333334,-6.446157894736842,low,0.5,3,0.9090909090909091,False,NOERROR,0,,1,4,True,False,0,,,,NAMECHEAP INC,2,365,True,,,False,False,benign,no_adverse_signal
codepostaltoulouse.com,2026-07-23,22,3.169925001442312,0.0,0,1.0,-6.513427272727272,low,0.4444,2,0.5555555555555556,True,NOERROR,1,300,0,2,False,False,0,16509,US,False,"Gransy, s.r.o.",2,365,False,0,False,False,,benign,no_adverse_signal
nexmproxy.com,2026-07-23,13,2.94770277922009,0.0,0,0.2857142857142857,-7.595046666666666,low,0.5,4,0.8888888888888888,False,NOERROR,0,,0,2,False,False,0,,,,"Cloudflare, Inc.",2,365,True,,,False,,benign,no_adverse_signal
mdsaudeocupacional.com,2026-07-23,22,3.4613201402110083,0.0,0,1.0,-7.135463636363637,low,0.4286,3,0.6666666666666666,True,NOERROR,2,600,0,2,False,False,0,16509,US,True,"GoDaddy.com, LLC",2,365,False,35,False,False,,benign,no_adverse_signal
sygj295.xyz,2026-07-23,11,2.807354922057604,0.2727272727272727,0,0.0,-10.962,high,0.4286,4,1.0,True,NOERROR,1,300,0,2,False,False,0,206834,DE,False,Dynadot Inc,2,365,False,22,False,False,,benign,no_adverse_signal
xm5rkyd3nm.lol,2026-07-23,14,3.121928094887362,0.14285714285714285,0,0.0,-11.515935294117648,low,0.4444,4,0.9,False,timeout,0,,0,0,False,False,0,,,,Dynadot Inc,1,365,False,,,False,,benign,no_adverse_signal
braimkher.com,2026-07-23,13,2.94770277922009,0.0,0,0.5,-7.666806666666667,low,0.5714,3,0.8888888888888888,True,NOERROR,1,300,0,2,False,False,0,13335,DE,True,"HOSTINGER operations, UAB",2,365,False,68,False,False,,malicious,abuseipdb
yourdigitalpartner.id,2026-07-23,21,3.5724312513221195,0.0,0,0.6363636363636364,-6.627315151515152,low,0.5,3,0.7222222222222222,True,NOERROR,2,60,2,2,True,False,2,47583,FR,False,,,,False,0,False,False,False,benign,no_adverse_signal
mathiascom.com,2026-07-23,14,2.9219280948873623,0.0,0,0.6666666666666666,-6.493070588235294,low,0.5556,2,0.8,True,NOERROR,4,14400,1,4,True,False,0,53831,US,False,Squarespace Domains II LLC,2,365,True,33,False,False,False,benign,no_adverse_signal
paperless-desk.com,2026-07-23,18,2.9852281360342525,0.0,1,0.4444444444444444,-6.832388,low,0.6087,2,0.6428571428571429,True,NOERROR,1,300,0,2,False,False,0,202412,US,False,"NICENIC INTERNATIONAL GROUP CO., LIMITED",2,365,False,0,True,True,,malicious,spamhaus_zen
lipsite.uk,2026-07-23,10,2.5216406363433186,0.0,0,0.75,-6.629254545454546,low,0.7143,2,0.8571428571428571,True,NOERROR,1,300,0,2,False,False,0,24940,DE,True,"Cloudflare, Inc. [Tag = CLOUDFLARE]",3,365,False,0,False,False,,benign,no_adverse_signal
lunixpet.shop,2026-07-23,13,3.0,0.0,0,0.6,-7.2634,low,0.5556,2,1.0,True,NOERROR,1,3600,0,2,False,False,0,13335,CA,True,,,,False,0,False,False,,benign,no_adverse_signal
beehiveenginering.com,2026-07-23,21,2.727497224852472,0.0,0,0.8888888888888888,-6.5600387096774195,low,0.4444,2,0.47058823529411764,True,NOERROR,2,40,2,4,True,False,0,,US,False,Porkbun LLC,2,365,False,0,False,False,False,benign,no_adverse_signal
gorailn8n.top,2026-07-23,13,2.9477027792200903,0.07692307692307693,0,0.6,-8.328986666666667,high,0.5714,2,0.8888888888888888,False,NOERROR,0,,0,3,False,False,0,,,,NAMECHEAP INC,2,365,True,,,False,,benign,no_adverse_signal
8bbet.io,2026-07-23,8,1.9219280948873623,0.125,0,0.3333333333333333,-8.672357142857143,low,0.5,2,0.8,True,NOERROR,2,300,0,2,False,False,2,13335,US,False,Dynadot Inc,3,365,True,0,False,False,,benign,no_adverse_signal
badgertoolbeltselite.shop,2026-07-23,25,3.246439344671015,0.0,0,0.6666666666666666,-6.834056756756756,low,0.4828,3,0.55,True,NOERROR,1,300,0,2,False,False,0,199242,US,False,,,,False,0,False,False,,benign,no_adverse_signal
assemblyst.co.uk,2026-07-23,16,2.8464393446710154,0.0,0,0.25,-7.107511764705882,low,0.5217,6,0.8,True,NOERROR,2,300,3,2,True,False,2,13335,US,False,"Cloudflare, Inc. [Tag = CLOUDFLARE]",3,365,False,0,False,False,False,benign,no_adverse_signal
lockesdocks.com,2026-07-23,15,2.7321588913645702,0.0,0,0.375,-6.918052631578948,low,0.5,3,0.6363636363636364,True,NOERROR,2,120,0,4,False,False,0,16509,DE,True,"Name.com, Inc.",1,365,True,15,False,False,,benign,no_adverse_signal
spectrovault.com,2026-07-23,16,3.418295834054489,0.0,0,0.5,-7.005838095238095,low,0.5,3,0.9166666666666666,False,NOERROR,0,,1,2,False,False,0,,,,Alibaba Cloud Computing Ltd. d/b/a HiChina (www.net.cn),2,365,False,,,False,True,benign,no_adverse_signal
sipchase.com,2026-07-23,12,2.75,0.0,0,0.6,-6.9462769230769235,low,0.625,3,0.875,True,NOERROR,2,1800,2,2,True,False,0,16509,US,False,"Name.com, Inc.",2,365,True,0,False,False,False,benign,no_adverse_signal
onrampprocess.com,2026-07-23,17,3.085055102756477,0.0,0,0.4444444444444444,-6.937360869565218,low,0.6364,4,0.6923076923076923,True,NOERROR,2,3600,5,2,True,False,0,16509,US,True,"GoDaddy.com, LLC",2,365,False,16,False,False,False,benign,no_adverse_signal
getbriarpatch.com,2026-07-23,17,3.238901256602631,0.0,0,0.4444444444444444,-6.917365217391304,low,0.5455,3,0.7692307692307693,True,NOERROR,2,600,0,2,False,False,0,16509,US,True,"GoDaddy.com, LLC",1,365,False,35,False,False,,benign,no_adverse_signal
domino278qiu.site,2026-07-23,17,3.2516291673878226,0.17647058823529413,0,1.25,-9.108161904761905,medium,0.5,1,0.8333333333333334,True,NOERROR,2,300,0,2,False,False,2,13335,US,False,"Spaceship, Inc.",2,365,False,0,False,False,,benign,no_adverse_signal
weillen.ru,2026-07-23,10,2.2359263506290326,0.0,0,0.75,-6.749018181818181,low,0.6667,2,0.7142857142857143,False,timeout,0,,0,0,False,False,0,,,,DOMAINSHOP-RU,2,365,False,,,False,,benign,no_adverse_signal
vergerfleuri.click,2026-07-23,18,2.792481250360578,0.0,0,0.7142857142857143,-6.87927619047619,medium,0.4444,3,0.6666666666666666,True,NOERROR,2,300,0,2,False,False,2,13335,US,False,"Dynadot, LLC",2,365,False,0,False,False,,benign,no_adverse_signal
astromiafal.info,2026-07-23,16,3.027169118440619,0.0,0,0.8333333333333334,-6.6878210526315796,medium,0.5714,3,0.8181818181818182,True,NOERROR,1,3600,0,3,False,False,0,197720,TR,True,,,,,0,False,False,,benign,no_adverse_signal
lonestar-lawncare-and-landscaping.com,2026-07-23,37,3.6313883471435844,0.0,3,0.5,-6.880334920634921,low,0.383,4,0.45454545454545453,True,NOERROR,1,3600,1,3,True,False,0,396982,NL,True,Hosting Concepts B.V. d/b/a Registrar.eu,2,365,True,0,False,False,False,benign,no_adverse_signal
moqar.net,2026-07-23,9,2.321928094887362,0.0,0,0.6666666666666666,-9.5524,low,0.5,1,1.0,True,NOERROR,1,1800,0,0,False,False,0,58182,US,True,Wix.com Ltd.,737,1095,True,0,False,False,,benign,no_adverse_signal
cliffchancelaw.com,2026-07-23,18,3.039148671903071,0.0,0,0.4,-7.00582,low,0.5217,4,0.6428571428571429,True,NOERROR,1,300,2,2,True,False,0,13335,DE,True,NAMECHEAP INC,2,365,True,68,False,False,False,malicious,abuseipdb
buildyourboss.uk,2026-07-23,16,3.085055102756477,0.0,0,0.625,-7.484117391304348,low,0.4762,3,0.6923076923076923,True,NOERROR,2,600,0,2,False,False,0,16509,US,True,123-Reg Limited t/a 123-reg [Tag = 123-REG],5,1096,False,17,False,False,,benign,no_adverse_signal
xiu2009xiu.cc,2026-07-23,13,2.5219280948873624,0.3076923076923077,0,2.0,-10.53809411764706,low,0.4286,1,0.6,False,NOERROR,0,,0,2,False,False,0,,,,"NameSilo, LLC",2,365,True,,,False,,benign,no_adverse_signal
rosslyn-schweiz.ch,2026-07-23,18,3.5898980954642865,0.0,1,0.2727272727272727,-7.896351851851851,low,0.4167,5,0.8666666666666667,True,NOERROR,1,300,2,3,True,False,1,29097,CH,True,,,,False,0,False,False,False,benign,no_adverse_signal
celebnoodle.com,2026-07-23,15,2.663532754804255,0.0,0,0.8333333333333334,-7.341031578947368,low,0.6316,2,0.6363636363636364,True,NOERROR,2,3600,0,2,False,False,0,16509,US,True,"GoDaddy.com, LLC",2,365,False,22,False,False,,benign,no_adverse_signal
crianca-esperanca.biz,2026-07-23,21,2.984234164652489,0.0,1,0.7777777777777778,-6.738351612903226,low,0.5294,2,0.5294117647058824,True,NOERROR,2,300,0,2,False,False,2,13335,US,False,Dynadot Inc,2,,True,0,False,False,,benign,no_adverse_signal
tawwinmyanmarmalayy.com,2026-07-23,23,2.9258530145612824,0.0,0,0.46153846153846156,-7.383125714285715,low,0.4848,3,0.47368421052631576,True,NOERROR,1,3600,1,3,True,False,0,135161,TH,True,"GMO Internet, Inc.",2,365,True,0,False,False,False,benign,no_adverse_signal
omnote.online,2026-07-23,13,2.2516291673878226,0.0,0,1.0,-7.246988888888889,medium,0.6667,2,0.8333333333333334,True,NOERROR,1,1799,5,2,False,False,0,16509,US,False,NAMECHEAP INC,2,365,True,0,False,False,False,benign,no_adverse_signal
jetbrainss5.yachts,2026-07-23,18,3.277613436819116,0.05555555555555555,0,0.42857142857142855,-7.369568421052632,low,0.5,3,0.9090909090909091,False,NOERROR,0,,3,2,True,False,0,,,,"Spaceship, Inc.",2,365,False,,,False,False,benign,no_adverse_signal
khabq.top,2026-07-23,9,2.321928094887362,0.0,0,0.25,-8.661342857142857,high,0.4444,2,1.0,True,NOERROR,1,1800,0,2,False,False,0,58658,US,False,"Spaceship, Inc.",2,365,True,0,False,False,,benign,no_adverse_signal
chinagoodszone.com,2026-07-23,18,3.3248629576173574,0.0,0,0.75,-6.96898,low,0.4762,3,0.7857142857142857,True,NOERROR,1,50,0,2,False,False,0,47583,CY,False,"HOSTINGER operations, UAB",2,365,False,32,False,False,,benign,no_adverse_signal
southernoakeventrentals.com,2026-07-23,27,3.414441303694973,0.0,0,0.6428571428571429,-6.564493023255813,low,0.4242,3,0.5217391304347826,True,NOERROR,4,14400,1,4,True,False,0,53831,US,False,Squarespace Domains II LLC,2,365,True,15,False,False,False,benign,no_adverse_signal
sacredhome.site,2026-07-23,15,3.121928094887362,0.0,0,0.6666666666666666,-6.964117647058823,medium,0.6,2,0.9,True,NOERROR,2,60,0,2,False,False,2,47583,FR,False,"HOSTINGER operations, UAB",2,365,False,0,False,False,,benign,no_adverse_signal
elangwinid.com,2026-07-23,14,2.9219280948873623,0.0,0,0.6666666666666666,-6.764352941176471,low,0.5333,3,0.8,True,NOERROR,1,299,0,2,True,False,0,22612,SG,True,NAMECHEAP INC,2,365,True,2,False,False,,benign,no_adverse_signal
loot1007.net,2026-07-23,12,2.5,0.3333333333333333,0,1.0,-8.459576923076924,low,0.5,1,0.75,True,NOERROR,2,1800,0,2,False,False,0,16509,US,False,"Name.com, Inc.",2,365,True,0,False,False,,benign,no_adverse_signal
twilight.skin,2026-07-23,13,2.5,0.0,0,0.3333333333333333,-7.040923076923077,low,0.5714,3,0.75,False,NOERROR,0,,0,2,False,False,0,,,,Dynadot Inc,2,365,False,,,False,,benign,no_adverse_signal
payableneeded.icu,2026-07-23,17,2.7773627950641693,0.0,0,0.8571428571428571,-6.783778260869566,low,0.5263,2,0.6153846153846154,True,NOERROR,2,300,0,2,False,False,2,13335,US,False,"NameSilo, LLC",2,365,True,0,False,False,,benign,no_adverse_signal
feralcipher.lol,2026-07-23,15,3.0957952550009344,0.0,0,0.5714285714285714,-7.005605263157896,low,0.5556,2,0.8181818181818182,True,NOERROR,2,1,0,4,False,False,0,,US,False,Porkbun LLC,2,365,False,0,False,False,,benign,no_adverse_signal
beydentankara.com,2026-07-23,17,3.0269868333592873,0.0,0,0.625,-6.762921739130435,low,0.5217,2,0.6923076923076923,True,NOERROR,1,1800,0,0,False,False,0,58182,US,True,Wix.com Ltd.,736,1095,True,0,False,False,,benign,no_adverse_signal
abastecimiento-agua-potable.online,2026-07-23,34,3.676390632579627,0.0,2,1.0833333333333333,-7.091398039215686,medium,0.439,2,0.5555555555555556,True,NOERROR,2,60,2,2,True,False,2,47583,FR,False,"HOSTINGER operations, UAB",1,365,False,0,False,False,False,benign,no_adverse_signal
glass-core.com,2026-07-23,14,3.121928094887362,0.0,1,0.5,-6.5862058823529415,low,0.5217,2,0.9,False,NOERROR,0,,0,2,False,False,0,,,,"DNSPod, Inc.",2,1826,False,,,False,,benign,no_adverse_signal
wakeememory.com,2026-07-23,15,2.8453509366224368,0.0,0,0.8333333333333334,-7.034505263157894,low,0.4706,2,0.7272727272727273,False,NOERROR,0,,0,2,False,False,0,,,,"Spaceship, Inc.",2,365,False,,,False,,benign,no_adverse_signal
finesmart.art,2026-07-23,13,3.169925001442312,0.0,0,0.5,-6.028253333333334,low,0.5556,2,1.0,False,NOERROR,0,,0,2,False,False,0,,,,"Spaceship, Inc.",2,365,True,,,False,,benign,no_adverse_signal
rogerplanella.com,2026-07-23,17,2.8731406795131336,0.0,0,0.625,-6.447039130434783,low,0.5263,3,0.6153846153846154,True,NOERROR,2,60,2,2,True,False,2,47583,FR,False,"HOSTINGER operations, UAB",2,365,False,0,False,False,False,benign,no_adverse_signal
globalhealthcareconsultants.com,2026-07-23,31,3.541743520601859,0.0,0,0.5,-6.644803921568627,low,0.4545,4,0.48148148148148145,True,NOERROR,2,3600,0,2,False,False,0,16509,US,True,"GoDaddy.com, LLC",2,365,False,23,False,False,,benign,no_adverse_signal
friendlycheckcashing.com,2026-07-23,24,3.6841837197791887,0.0,0,0.3333333333333333,-6.89925945945946,low,0.4667,6,0.7,True,NOERROR,1,14400,3,2,True,False,0,22612,US,True,NAMECHEAP INC,2,365,True,0,False,False,False,benign,no_adverse_signal
hu55.club,2026-07-23,9,1.5,0.2222222222222222,0,1.0,-10.86654,low,0.5,1,0.75,True,NOERROR,1,300,0,2,False,False,0,206834,DE,False,Dynadot Inc,2,365,True,22,False,False,,benign,no_adverse_signal
realcases.org,2026-07-23,13,2.503258334775646,0.0,0,0.8,-6.347973333333333,low,0.5714,2,0.6666666666666666,True,NOERROR,2,600,0,2,False,False,0,16509,US,True,"GoDaddy.com, LLC",2,365,False,35,False,False,,benign,no_adverse_signal
ajototook.com,2026-07-23,13,2.0588138903312014,0.0,0,1.25,-7.049486666666667,low,0.625,1,0.5555555555555556,True,NOERROR,1,300,0,2,True,False,0,22612,SG,True,NAMECHEAP INC,2,365,True,0,False,False,,benign,no_adverse_signal
elisabethcbryant.me,2026-07-23,19,3.5,0.0,0,0.45454545454545453,-7.379913793103449,low,0.5,6,0.75,True,NOERROR,2,600,0,2,False,False,0,16509,US,True,"Wild West Domains, LLC",4,365,True,9,False,False,,benign,no_adverse_signal
xn--qkq60ec9b19d2ud.com,2026-07-23,23,3.826874881864637,0.2608695652173913,2,0.2222222222222222,-11.407365714285714,low,0.3125,3,0.7894736842105263,False,NOERROR,0,,0,2,False,False,0,,,,"Xiamen Nawang Technology Co., Ltd",5,1826,True,,,False,,benign,no_adverse_signal
infect.life,2026-07-23,11,2.584962500721156,0.0,0,0.5,-6.927277777777778,low,0.6,2,1.0,True,NOERROR,2,3600,1,2,True,False,0,16509,US,True,,,,False,53,False,False,,malicious,abuseipdb
1xbet-bko36.top,2026-07-23,15,3.277613436819116,0.2,1,0.4,-9.28368947368421,high,0.4211,2,0.9090909090909091,True,NOERROR,1,60,0,2,False,False,0,211381,NL,True,Dynadot LLC,2,365,True,0,False,False,,benign,no_adverse_signal
direct5780355.pro,2026-07-23,17,3.334679141051595,0.4117647058823529,0,0.5,-9.726695652173913,low,0.4615,2,0.8461538461538461,False,NOERROR,0,,0,2,False,False,0,,,,,,,,,,False,,benign,no_adverse_signal
business-consult.pro,2026-07-23,20,3.25,0.0,1,0.5,-6.4975517241379315,low,0.6452,2,0.6875,True,NOERROR,1,3600,3,3,True,False,0,48287,RU,True,,,,,0,False,False,False,benign,no_adverse_signal
ankhsync.store,2026-07-23,14,2.75,0.0,0,0.14285714285714285,-8.20626923076923,low,0.625,7,0.875,True,NOERROR,2,300,0,2,False,False,2,13335,US,False,,,,False,0,False,False,,benign,no_adverse_signal
ikontoto.pics,2026-07-23,13,2.1556390622295662,0.0,0,1.0,-6.604269230769232,low,0.5882,2,0.625,True,NOERROR,2,300,0,2,False,False,2,13335,US,False,NAMECHEAP INC,2,365,True,0,False,False,,benign,no_adverse_signal
keralaayurvedaliving.shop,2026-07-23,25,3.4219280948873623,0.0,0,0.8181818181818182,-6.864132432432433,low,0.4138,2,0.6,True,NOERROR,1,300,0,2,False,False,0,,GE,False,,,,False,0,False,False,,benign,no_adverse_signal
lyrika.se,2026-07-23,9,2.584962500721156,0.0,0,0.5,-7.746377777777777,low,0.4615,3,1.0,True,NOERROR,1,3600,1,3,True,False,0,48854,DK,True,Simply.com,2,365,False,0,False,False,False,benign,no_adverse_signal
dee-fns.com,2026-07-23,11,2.5216406363433186,0.0,1,0.5,-8.523136363636365,low,0.6,3,0.8571428571428571,True,NOERROR,4,14400,0,4,True,False,0,53831,US,False,Squarespace Domains LLC,2,365,True,15,False,False,,benign,no_adverse_signal
21brnuve.com,2026-07-23,12,3.0,0.16666666666666666,0,0.5,-9.895323076923075,low,0.6154,3,1.0,True,NOERROR,1,300,0,2,False,False,0,16509,IE,True,NAMECHEAP INC,2,365,True,0,False,False,,benign,no_adverse_signal
ftijty.top,2026-07-23,10,2.2516291673878226,0.0,0,0.2,-9.639566666666667,high,0.5,3,0.8333333333333334,False,NOERROR,0,,0,2,False,False,0,,,,July Name Limited,2,365,True,,,False,,benign,no_adverse_signal
2027rdv.fr,2026-07-23,10,2.5216406363433186,0.4,0,0.0,-10.681081818181818,low,0.3636,3,0.8571428571428571,True,NOERROR,1,3600,3,2,True,False,0,16276,FR,True,OVH,1,364,False,16,False,False,False,benign,no_adverse_signal
openjoker.com,2026-07-23,13,2.725480556997868,0.0,0,0.8,-7.16852,low,0.5714,2,0.7777777777777778,True,NOERROR,2,3600,1,2,True,False,0,16509,US,True,Octopusdomains.net LLC,2,365,False,53,False,False,,malicious,abuseipdb
eur-hkb77.xyz,2026-07-23,13,2.9477027792200903,0.15384615384615385,1,0.5,-9.970166666666668,high,0.4,3,0.8888888888888888,True,NOERROR,2,300,0,2,False,False,2,13335,US,False,Dynadot Inc,1,365,False,0,False,False,,benign,no_adverse_signal
8kip7i2.top,2026-07-23,11,2.5216406363433186,0.2727272727272727,0,1.0,-11.004945454545455,high,0.5,1,0.8571428571428571,True,NOERROR,8,60,0,2,False,True,0,55933,HK,True,Dynadot LLC,2,365,True,0,True,True,,malicious,spamhaus_zen
wisdom.boats,2026-07-23,12,2.584962500721156,0.0,0,0.5,-7.178066666666666,low,0.6154,2,1.0,False,NOERROR,0,,3,2,True,False,0,,,,"NameSilo, LLC",1,365,True,,,False,False,benign,no_adverse_signal
da88fun.onl,2026-07-23,11,2.5216406363433186,0.18181818181818182,0,0.6666666666666666,-9.16529090909091,low,0.4615,1,0.8571428571428571,True,NOERROR,2,300,0,2,False,False,2,13335,US,False,,,,,0,False,False,,benign,no_adverse_signal
mentionaly.com,2026-07-23,14,3.121928094887362,0.0,0,0.6666666666666666,-5.975311764705882,low,0.5556,2,0.9,True,NOERROR,2,600,0,2,False,False,0,16509,US,True,"GoDaddy.com, LLC",2,365,False,33,False,False,,benign,no_adverse_signal
xn--n8jaep2em2xtc4716cwc6f.xn--q9jyb4c,2026-07-23,38,4.056020968057881,0.2631578947368421,4,0.23076923076923078,-11.000408163265305,low,0.2439,3,0.6923076923076923,True,NOERROR,1,300,0,2,False,False,0,206834,DE,False,,,,,22,False,False,,benign,no_adverse_signal
epornko.vu,2026-07-23,10,2.5216406363433186,0.0,0,0.75,-6.8921,low,0.5455,3,0.8571428571428571,True,NOERROR,2,300,0,2,False,False,2,13335,US,False,Dynadot Inc,3,365,True,0,False,False,,benign,no_adverse_signal
vavo-store.com,2026-07-23,14,2.9219280948873623,0.0,1,0.8,-7.132105882352941,low,0.5333,2,0.8,True,NOERROR,1,21600,0,4,False,False,1,13335,CA,True,"TUCOWS.COM, CO.",1,365,True,0,False,False,,benign,no_adverse_signal
nbazongjuesaiqangqdazhan.com.cn,2026-07-23,31,3.517894147619623,0.0,0,0.6,-8.40056,low,0.3721,4,0.5833333333333334,True,NOERROR,1,300,0,2,False,False,0,132839,SC,False,北京新网数码信息技术有限公司,3,365,False,0,True,False,,malicious,spamhaus_zen
tipobet7241.com,2026-07-23,15,3.2776134368191165,0.26666666666666666,0,0.75,-8.81906842105263,low,0.4706,1,0.9090909090909091,True,NOERROR,1,1800,5,2,True,False,0,22612,US,False,NAMECHEAP INC,1,365,True,0,False,False,False,benign,no_adverse_signal
abovebeyondroofingmaters.com,2026-07-23,28,3.7201755214643457,0.0,0,0.7142857142857143,-6.861235555555556,low,0.4186,3,0.625,True,NOERROR,1,1800,0,0,False,False,0,58182,US,True,Wix.com Ltd.,1466,1826,False,0,False,False,,benign,no_adverse_signal
tmkprmusic.com,2026-07-23,14,3.121928094887362,0.0,0,0.25,-8.28765294117647,low,0.5,6,0.9,True,NOERROR,1,1800,5,2,True,False,0,22612,US,False,NAMECHEAP INC,2,365,True,2,False,False,False,benign,no_adverse_signal
9339.cz,2026-07-23,7,1.0,0.5714285714285714,0,0.0,-10.83954,low,0.2857,0,0.5,True,NOERROR,20,10,0,4,False,True,0,133199,HK,False,REG-KEYSYSTEMS,2,364,False,0,False,False,,benign,no_adverse_signal
chicagoceramictintshop.com,2026-07-23,26,3.5160276412662297,0.0,0,0.5714285714285714,-6.537917073170732,low,0.4375,4,0.5909090909090909,True,NOERROR,2,3600,0,2,False,False,0,16509,US,True,"GoDaddy.com, LLC",1,1096,False,22,False,False,,benign,no_adverse_signal
6umb.shop,2026-07-23,9,2.0,0.1111111111111111,0,0.5,-10.73762,low,0.6,2,1.0,True,NOERROR,6,60,0,2,False,True,0,8075,KR,False,,,,False,0,True,True,,malicious,spamhaus_zen
kleinkunstkoor.nl,2026-07-23,17,3.182005814760214,0.0,0,0.5555555555555556,-7.4231039999999995,low,0.6,4,0.7142857142857143,True,NOERROR,1,1800,0,4,False,False,0,206834,DE,False,DEVEXPANSE LTD,3,,False,0,False,False,,benign,no_adverse_signal
navigatorcic.com,2026-07-23,16,3.084962500721156,0.0,0,0.7142857142857143,-6.884242857142857,low,0.5263,2,0.75,True,NOERROR,2,3600,0,2,False,False,0,16509,US,True,"GoDaddy.com, LLC",2,365,False,22,False,False,,benign,no_adverse_signal
seikol.sbs,2026-07-23,10,2.584962500721156,0.0,0,1.0,-7.5905555555555555,low,0.6,1,1.0,True,NOERROR,2,300,0,2,False,False,2,13335,US,False,NAMECHEAP INC,2,365,True,0,False,False,,benign,no_adverse_signal
gourmetgarden-catering.com,2026-07-23,26,3.538310595615006,0.0,1,0.6153846153846154,-6.637517073170732,low,0.5263,2,0.5909090909090909,True,NOERROR,1,3600,1,5,True,False,0,131965,JP,True,"XServer, Inc.",2,365,False,0,False,False,False,benign,no_adverse_signal
aprxjxj.com,2026-07-23,11,2.235926350629032,0.0,0,0.16666666666666666,-10.092236363636363,low,0.5,6,0.7142857142857143,False,timeout,0,,0,0,False,False,0,,,,"Bizcn.com,Inc.",2,365,True,,,True,,malicious,spamhaus_dbl
trivatech.info,2026-07-23,14,2.94770277922009,0.0,0,0.5,-6.268993333333333,medium,0.6667,2,0.8888888888888888,True,NOERROR,1,21600,0,4,False,False,0,16509,US,False,,,,,0,False,False,,benign,no_adverse_signal
sparkleader.net,2026-07-23,15,2.913977073182752,0.0,0,0.5714285714285714,-6.515315789473684,low,0.5833,3,0.7272727272727273,True,NOERROR,4,14400,1,4,True,False,0,53831,US,False,Squarespace Domains II LLC,2,365,True,32,False,False,False,benign,no_adverse_signal
tutorialwordpress.net,2026-07-23,21,3.4548223999466066,0.0,0,0.5454545454545454,-6.746925806451612,low,0.6923,4,0.7058823529411765,True,NOERROR,1,300,0,2,False,False,0,14618,US,True,TuringSign Inc. d/b/a Cosmotown,3,365,False,0,False,False,,benign,no_adverse_signal
bbsp808.cyou,2026-07-23,12,2.2359263506290326,0.25,0,0.0,-10.226772727272728,low,0.4286,4,0.7142857142857143,True,NOERROR,2,300,0,2,False,False,2,13335,US,False,Dynadot Inc,2,365,False,0,False,False,,benign,no_adverse_signal
18ibet.com,2026-07-23,10,2.584962500721156,0.2,0,1.0,-9.018588888888889,low,0.6,1,1.0,True,NOERROR,2,300,0,2,False,False,2,13335,US,False,"Gransy, s.r.o.",2,365,False,0,False,False,,benign,no_adverse_signal
kelhurst.shop,2026-07-23,13,3.0,0.0,0,0.3333333333333333,-7.568823076923077,low,0.5333,3,1.0,True,NOERROR,2,300,0,2,False,False,2,13335,US,False,,,,False,0,False,False,,benign,no_adverse_signal
signatureformen.shop,2026-07-23,20,3.506890595608519,0.0,0,0.6666666666666666,-6.687844444444444,low,0.6154,2,0.8,True,NOERROR,1,1799,3,2,True,False,0,13335,CA,True,,,,False,0,False,False,False,benign,no_adverse_signal
hueharmony.website,2026-07-23,18,3.121928094887362,0.0,0,0.6666666666666666,-7.292305882352942,low,0.5,2,0.9,True,NOERROR,2,300,0,2,False,False,2,13335,US,False,"NameSilo, LLC",2,365,True,0,False,False,,benign,no_adverse_signal
n17thstreetcottages.com,2026-07-23,23,3.2813734094119904,0.08695652173913043,0,0.4166666666666667,-7.5102914285714295,low,0.5,5,0.631578947368421,True,NOERROR,2,600,0,2,False,False,0,16509,US,True,"GoDaddy.com, LLC",2,365,False,35,False,False,,benign,no_adverse_signal
