domain,date_collected,domain_length,shannon_entropy,digit_ratio,hyphen_count,vowel_consonant_ratio,ngram_score,tld_risk_category,typosquatting_similarity,longest_consonant_run,unique_char_ratio,resolves_flag,rcode,num_a_records,min_ttl,mx_count,num_ns,has_spf,cname_present,num_aaaa_records,asn,geo_country,ptr_present,registrar,domain_age_days,registration_duration_days,privacy_protection_flag,abuseipdb_score,spamhaus_zen_listed,spamhaus_dbl_listed,mx_spamhaus_zen_listed,label,label_reason
603555.cn,2026-07-05,9,1.792481250360578,0.6666666666666666,0,0.0,-10.371222222222222,low,0.4444,0,0.6666666666666666,True,NOERROR,1,900,0,2,False,False,0,45102,HK,False,北京新网数码信息技术有限公司,15,365,False,0,False,False,,benign,no_adverse_signal
puppenflohmarkt.de,2026-07-05,18,3.589898095464287,0.0,0,0.36363636363636365,-7.5386444444444445,low,0.4615,3,0.8666666666666667,True,NOERROR,2,300,0,2,False,False,2,13335,US,False,,,,False,0,False,False,,benign,no_adverse_signal
jasmalightklee.help,2026-07-05,19,3.378783493486176,0.0,0,0.5555555555555556,-7.58248,low,0.5217,5,0.7857142857142857,False,NOERROR,0,,0,2,False,False,0,,,,Porkbun LLC,2,365,False,,,False,,benign,no_adverse_signal
pomnim.digital,2026-07-05,14,2.2516291673878226,0.0,0,0.5,-7.418055555555556,low,0.5,2,0.8333333333333334,True,NOERROR,2,300,0,2,False,False,2,13335,US,False,,,,,0,,False,,benign,no_adverse_signal
xabclpptr.shop,2026-07-05,14,2.94770277922009,0.0,0,0.125,-8.718979999999998,low,0.4706,7,0.8888888888888888,True,NOERROR,1,300,0,2,False,False,0,132203,US,False,,,,False,18,True,False,,malicious,spamhaus_zen
edboyclub.xyz,2026-07-05,13,2.94770277922009,0.0,0,0.5,-7.705073333333333,high,0.4706,3,0.8888888888888888,True,NOERROR,2,40,0,4,False,False,0,16509,US,True,Porkbun LLC,382,730,False,0,False,False,,benign,no_adverse_signal
useagentex.com,2026-07-05,14,2.8464393446710154,0.0,0,1.0,-6.224441176470588,low,0.5556,2,0.8,True,NOERROR,2,300,0,2,False,False,0,16509,US,True,"Spaceship, Inc.",2,365,False,1,False,False,,benign,no_adverse_signal
dentsam.online,2026-07-05,14,2.807354922057604,0.0,0,0.4,-6.299254545454545,medium,0.6,3,1.0,True,NOERROR,1,3600,0,2,True,False,0,34619,TR,True,Nics Telekomunikasyon A.S.,2,365,True,2,False,False,,benign,no_adverse_signal
prodottiprofessionalituttocapellifaidate.bologna.it,2026-07-05,51,3.5970851333950873,0.0,0,0.8181818181818182,-6.729263636363636,low,0.3273,2,0.35,False,NXDOMAIN,0,,0,0,False,False,0,,,,,,,,,,False,,benign,no_adverse_signal
blossompgapk.com,2026-07-05,16,3.084962500721156,0.0,0,0.3333333333333333,-7.460361904761904,low,0.5714,3,0.75,True,NOERROR,2,300,0,2,False,False,2,13335,US,False,Dominet (HK) Limited,2,365,False,0,False,False,,benign,no_adverse_signal
agentlyusedcarhood.com,2026-07-05,22,3.7254805569978675,0.0,0,0.6363636363636364,-7.161824242424243,low,0.4828,4,0.7777777777777778,True,NOERROR,2,300,0,2,False,False,2,13335,US,False,"Name.com, Inc.",1,365,True,0,False,False,,benign,no_adverse_signal
wises.me,2026-07-05,8,1.9219280948873623,0.0,0,0.6666666666666666,-6.564257142857143,low,0.6667,1,0.8,True,NOERROR,2,300,3,2,True,False,2,13335,US,False,"Cloudflare, Inc",16,731,True,0,False,False,False,benign,no_adverse_signal
purplepets.co.uk,2026-07-05,16,2.6464393446710153,0.0,0,0.42857142857142855,-7.097805882352941,low,0.5556,3,0.7,True,NOERROR,5,30,0,2,False,False,8,213230,US,True,Domain Science Ltd t/a autoBackorder [Tag = AUTOBACKORDER],18,365,False,0,False,False,,benign,no_adverse_signal
winbig.cyou,2026-07-05,11,2.2516291673878226,0.0,0,0.5,-7.159622222222222,low,0.6667,2,0.8333333333333334,True,NOERROR,2,300,0,2,False,False,0,16509,US,True,"Spaceship, Inc.",1,365,False,1,False,False,,benign,no_adverse_signal
drive-autophagy.eu,2026-07-05,18,3.7735572622751845,0.0,1,0.75,-7.3321962962962965,low,0.4545,2,0.9333333333333333,True,NOERROR,1,3600,0,2,False,False,0,26383,IE,True,Autónomos (Sole Trader),,,False,0,False,True,,malicious,spamhaus_dbl
ptmegabajaharapanindah.my.id,2026-07-05,28,3.293455052528059,0.0,0,0.6923076923076923,-7.073751219512195,low,0.4242,3,0.5909090909090909,True,NOERROR,1,10800,1,2,True,False,0,214882,ID,True,,,,False,73,True,False,True,malicious,spamhaus_zen
illuviatingconchometry.beer,2026-07-05,27,3.7887549139935026,0.0,0,0.5714285714285714,-6.7333292682926835,low,0.4571,3,0.6818181818181818,True,NOERROR,2,300,0,2,False,False,0,16509,US,True,"Spaceship, Inc.",2,365,True,1,False,,,benign,no_adverse_signal
joyorathluxuryleather.co.uk,2026-07-05,27,3.403989446485262,0.0,0,0.6153846153846154,-7.358038461538462,low,0.4286,3,0.5238095238095238,True,NOERROR,1,10800,3,2,True,False,0,15169,GB,True,Fasthosts Internet Ltd [Tag = LIVEDOMAINS],1173,1461,False,0,False,False,False,benign,no_adverse_signal
72njdg.bond,2026-07-05,11,2.584962500721156,0.18181818181818182,0,0.0,-11.266333333333334,low,0.4,4,1.0,True,NOERROR,1,900,0,2,False,False,0,132839,US,False,"Chengdu west dimension digital technology Co., LTD",2,365,True,0,False,False,,benign,no_adverse_signal
riff-beach.store,2026-07-05,16,3.121928094887362,0.0,1,0.5,-7.86734705882353,low,0.4706,2,0.9,False,NOERROR,0,,0,4,False,False,0,,,,,,,False,,,False,,benign,no_adverse_signal
afa.im,2026-07-05,6,0.9182958340544896,0.0,0,2.0,-7.205933333333333,low,0.5714,1,0.6666666666666666,False,NOERROR,0,,0,2,False,False,0,,,,,,,False,,,False,,benign,no_adverse_signal
fxreceipt.xyz,2026-07-05,13,2.94770277922009,0.0,0,0.5,-8.412366666666667,high,0.5333,3,0.8888888888888888,True,NOERROR,2,3600,1,2,True,False,0,16509,US,True,"GMO Internet, Inc.",2,365,True,71,False,False,,malicious,abuseipdb
refeel.it,2026-07-05,9,1.7924812503605778,0.0,0,1.0,-7.000666666666667,low,0.5455,1,0.6666666666666666,True,NOERROR,2,600,0,2,False,False,0,16509,US,True,Key-Systems GmbH,4,364,True,31,False,False,,benign,no_adverse_signal
sista.id,2026-07-05,8,1.9219280948873623,0.0,0,0.6666666666666666,-5.844671428571429,low,0.7692,2,0.8,True,NOERROR,2,300,0,2,False,False,2,13335,US,False,,,,False,0,False,False,,benign,no_adverse_signal
kk2605ccv6.cyou,2026-07-05,15,2.7219280948873625,0.3333333333333333,0,0.0,-11.628164705882353,low,0.3529,3,0.7,False,NOERROR,0,,0,2,False,False,0,,,,"Spaceship, Inc.",2,365,False,,,False,,benign,no_adverse_signal
844822.com,2026-07-05,10,1.584962500721156,0.6,0,0.0,-11.731033333333334,low,0.2222,0,0.5,False,NOERROR,0,,0,2,False,False,0,,,,"GMO Internet, Inc.",1,365,True,,,False,,benign,no_adverse_signal
huafuzc.cn,2026-07-05,10,2.5216406363433186,0.0,0,0.75,-9.018427272727273,low,0.4615,2,0.8571428571428571,False,timeout,0,,0,0,False,False,0,,,,北京新网数码信息技术有限公司,384,730,False,,,False,,benign,no_adverse_signal
acjapan.com.cn,2026-07-05,14,2.1280852788913944,0.0,0,0.75,-7.721845454545454,low,0.6154,2,0.7142857142857143,True,NOERROR,1,1,0,2,False,False,0,40065,US,False,合肥聚名网络科技有限公司,11,365,False,0,False,False,,benign,no_adverse_signal
shrinkyblue.com,2026-07-05,15,3.459431618637298,0.0,0,0.375,-7.4988631578947365,low,0.5263,5,1.0,True,NOERROR,2,3600,0,2,False,False,0,16509,US,True,"GoDaddy.com, LLC",1,365,True,24,False,False,,benign,no_adverse_signal
sophyunivers.com,2026-07-05,16,3.418295834054489,0.0,0,0.5,-7.120595238095238,low,0.5,3,0.9166666666666666,True,NOERROR,2,3600,0,2,False,False,0,16509,US,True,"GoDaddy.com, LLC",1,365,True,18,False,False,,benign,no_adverse_signal
sellhome.uk,2026-07-05,11,2.5,0.0,0,0.6,-6.854130769230769,low,0.5333,3,0.75,True,NOERROR,2,300,0,2,False,False,0,16509,US,True,"Namecheap, Inc. t/a Spaceship [Tag = SPACESHIP]",12,365,False,1,False,False,,benign,no_adverse_signal
prefinancement.fr,2026-07-05,17,3.128085278891395,0.0,0,0.5555555555555556,-6.305008,low,0.4828,2,0.7142857142857143,True,NOERROR,1,10800,1,2,True,False,0,47846,DE,False,SCALEWAY,1120,1460,False,25,False,False,False,benign,no_adverse_signal
4r6kgh7o.com,2026-07-05,12,3.0,0.25,0,0.25,-12.420623076923077,low,0.4,3,1.0,True,NOERROR,2,300,0,2,False,False,2,13335,US,False,Dynadot Inc,2,1096,False,0,False,False,,benign,no_adverse_signal
didsburycivicsociety.org.uk,2026-07-05,27,3.3841837197791884,0.0,0,0.5384615384615384,-7.45951081081081,low,0.4286,3,0.6,True,NOERROR,2,300,0,2,False,False,2,13335,US,False,"Namecheap, Inc. [Tag = NAMECHEAP-INC]",13,365,False,0,False,False,,benign,no_adverse_signal
practisrh.fr,2026-07-05,12,2.94770277922009,0.0,0,0.2857142857142857,-7.292739999999999,low,0.5333,3,0.8888888888888888,True,NOERROR,1,3600,3,2,True,False,0,16276,FR,True,OVH,3,1095,False,0,False,False,False,benign,no_adverse_signal
urolog-szczecin.pl,2026-07-05,18,3.506890595608519,0.0,1,0.5555555555555556,-8.266722222222223,low,0.4444,4,0.8,True,NOERROR,2,300,0,2,False,False,2,13335,US,False,OVH SAS,8,365,False,0,False,False,,benign,no_adverse_signal
giambrevar.click,2026-07-05,16,2.9219280948873623,0.0,0,0.6666666666666666,-7.141741176470588,medium,0.5882,3,0.8,True,NOERROR,2,300,0,2,False,False,2,13335,US,False,NAMECHEAP INC,2,365,True,0,False,,,benign,no_adverse_signal
44web.de,2026-07-05,8,1.9219280948873623,0.25,0,0.5,-9.411771428571429,low,0.6,1,0.8,True,NOERROR,1,7200,1,2,True,False,0,34788,DE,True,,,,False,0,False,False,False,benign,no_adverse_signal
troncaldelcaribe.com.co,2026-07-05,23,3.375,0.0,0,0.6,-6.616896551724137,low,0.4615,2,0.6875,True,NOERROR,2,300,0,2,False,False,2,13335,US,False,NAMECHEAP INC,12,365,True,0,False,False,,benign,no_adverse_signal
5736.ag,2026-07-05,7,2.0,0.5714285714285714,0,0.0,-10.53456,low,0.5714,0,1.0,True,NOERROR,1,600,0,2,False,True,0,8075,JP,False,GNAME.COM PTE. LTD.,16,365,True,0,False,False,,benign,no_adverse_signal
rastafarian.nl,2026-07-05,14,2.5503407095463886,0.0,0,0.8333333333333334,-6.307331578947368,low,0.5455,2,0.6363636363636364,True,NOERROR,2,300,0,2,False,False,2,13335,US,False,"NAMECHEAP, INC.",16,,False,0,False,False,,benign,no_adverse_signal
andyparkin.co.uk,2026-07-05,16,2.9219280948873623,0.0,0,0.42857142857142855,-6.826770588235295,low,0.6667,4,0.8,True,NOERROR,2,600,2,2,True,False,0,16509,US,True,123-Reg Limited t/a 123-reg [Tag = 123-REG],18,365,False,0,False,False,False,benign,no_adverse_signal
litteragraphis.be,2026-07-05,17,3.2359263506290334,0.0,0,0.5555555555555556,-6.539199999999999,low,0.5217,2,0.7142857142857143,True,NOERROR,2,300,0,2,False,False,0,13335,US,False,,755,,False,0,False,False,,benign,no_adverse_signal
tongzhang-ml.com,2026-07-05,16,3.2516291673878226,0.0,1,0.2222222222222222,-7.772380952380952,low,0.4762,4,0.8333333333333334,True,NOERROR,1,1800,2,2,True,False,0,22612,US,False,NAMECHEAP INC,1,365,True,0,False,False,False,benign,no_adverse_signal
greenwich.ir,2026-07-05,12,2.94770277922009,0.0,0,0.5,-7.003133333333333,low,0.5333,2,0.8888888888888888,True,NOERROR,1,3600,1,2,True,False,0,204213,IR,True,,,,False,0,True,False,True,malicious,spamhaus_zen
propercoffeehouse.co.uk,2026-07-05,23,2.984234164652489,0.0,0,0.8888888888888888,-6.891809677419355,low,0.4138,2,0.5294117647058824,True,NOERROR,2,300,3,2,True,False,2,13335,US,False,"Dynadot, LLC t/a Dynadot [Tag = DYNADOT]",15,365,False,0,False,False,False,benign,no_adverse_signal
tomypeña.com,2026-07-05,12,3.0,0.0,0,0.6,-9.915430769230769,low,0.6154,3,1.0,True,NOERROR,2,1800,0,2,False,False,0,16509,US,False,"Name.com, Inc.",1,365,True,0,False,False,,benign,no_adverse_signal
aiyinkun.cn,2026-07-05,11,2.5,0.0,0,1.0,-7.890076923076923,low,0.7143,2,0.75,False,NOERROR,0,,0,2,False,False,0,,,,长春市智绘网络科技有限公司,8,365,False,,,False,,benign,no_adverse_signal
jiangsusw.cn,2026-07-05,12,2.94770277922009,0.0,0,0.5,-7.25298,low,0.4706,3,0.8888888888888888,True,NOERROR,1,300,0,2,False,False,0,132203,KR,False,阿里云计算有限公司（万网）,3,365,False,2,True,False,,malicious,spamhaus_zen
ldservice.cn,2026-07-05,12,2.94770277922009,0.0,0,0.5,-6.452073333333334,low,0.72,3,0.8888888888888888,False,NOERROR,0,,2,2,False,False,0,,,,北京新网数码信息技术有限公司,4,365,False,,,False,True,benign,no_adverse_signal
sandsiog.org,2026-07-05,12,2.75,0.0,0,0.6,-6.839576923076923,low,0.6154,3,0.875,True,NOERROR,1,1800,0,2,False,False,0,,,True,NAMECHEAP INC,2,365,False,0,False,False,,benign,no_adverse_signal
parroquiasantacruz.cl,2026-07-05,21,3.350209029099897,0.0,0,0.8,-7.234654545454546,low,0.4516,2,0.6666666666666666,False,NOERROR,0,,0,2,False,False,0,,,,,,,False,,,False,,benign,no_adverse_signal
3dprotoparts.cn,2026-07-05,15,2.918295834054489,0.06666666666666667,0,0.375,-6.848447619047619,low,0.5714,3,0.6666666666666666,False,NOERROR,0,,0,2,False,False,0,,,,浙江贰贰网络有限公司,13,365,False,,,False,,benign,no_adverse_signal
freewallpapers.me,2026-07-05,17,2.8962915290459277,0.0,0,0.5555555555555556,-6.746132,low,0.4762,3,0.5714285714285714,True,NOERROR,2,300,0,2,False,False,2,13335,US,False,NAMECHEAP INC,9,365,True,0,False,False,,benign,no_adverse_signal
motoplex.com.br,2026-07-05,15,2.75,0.0,0,0.6,-6.553930769230769,low,0.6154,2,0.875,True,NOERROR,1,1800,2,2,True,False,1,47583,BR,False,,331,365,False,0,False,False,False,benign,no_adverse_signal
leafordinals.xyz,2026-07-05,16,3.2516291673878226,0.0,0,0.7142857142857143,-6.549285714285714,high,0.5263,2,0.8333333333333334,True,NOERROR,2,3600,1,2,True,False,0,16509,US,True,"GMO Internet, Inc.",2,365,True,29,False,False,,benign,no_adverse_signal
highlyagentic.xyz,2026-07-05,17,3.238901256602631,0.0,0,0.4444444444444444,-7.063686956521739,high,0.5,4,0.7692307692307693,True,NOERROR,2,3600,1,2,True,False,0,16509,US,True,"GMO Internet, Inc.",2,365,True,71,False,False,,malicious,abuseipdb
kiulink.cn,2026-07-05,10,2.2359263506290326,0.0,0,0.75,-7.498554545454545,low,0.6154,2,0.7142857142857143,False,NOERROR,0,,0,2,False,False,0,,,,域见未来（北京）科技有限公司,15,365,False,,,False,,benign,no_adverse_signal
kassenagentur.de,2026-07-05,16,3.0850551027564768,0.0,0,0.625,-6.403678260869566,low,0.5263,2,0.6923076923076923,True,NOERROR,2,300,0,2,False,False,2,13335,US,False,,,,False,0,False,False,,benign,no_adverse_signal
theinstitute.me,2026-07-05,15,2.584962500721156,0.0,0,0.7142857142857143,-6.4443238095238105,low,0.5556,3,0.5833333333333334,True,NOERROR,2,3600,1,2,True,False,0,16509,US,True,Dominet (HK) Limited,5,365,True,29,False,False,,benign,no_adverse_signal
masterformaustralia.com.au,2026-07-05,26,3.2608281712244542,0.0,0,0.7272727272727273,-6.27602,low,0.5143,3,0.5789473684210527,True,NOERROR,1,300,1,2,True,False,0,45671,AU,True,Synergy Wholesale Accreditations Pty Ltd,,,False,0,False,False,False,benign,no_adverse_signal
careerzon.org,2026-07-05,13,2.725480556997868,0.0,0,0.8,-6.716946666666667,low,0.625,2,0.7777777777777778,True,NOERROR,1,1800,2,2,True,False,1,47583,US,False,"HOSTINGER operations, UAB",1,365,False,0,False,False,False,benign,no_adverse_signal
hotelpriceagent.org,2026-07-05,19,3.4565647621309536,0.0,0,0.6666666666666666,-6.4395444444444445,low,0.5161,3,0.8,True,NOERROR,2,300,0,2,False,False,2,13335,US,False,"Cloudflare, Inc.",2,365,False,0,False,False,,benign,no_adverse_signal
stratlab.me,2026-07-05,11,2.5,0.0,0,0.3333333333333333,-6.308176923076923,low,0.625,3,0.75,True,NOERROR,1,300,0,3,False,False,0,26347,US,True,"ENOM, INC.",4,365,True,0,False,False,,benign,no_adverse_signal
doblock.com.br,2026-07-05,14,2.5216406363433186,0.0,0,0.4,-6.803472727272728,low,0.6667,2,0.8571428571428571,False,NOERROR,0,,1,2,True,False,0,,,,,4,365,False,,,False,,benign,no_adverse_signal
stig-master.ru,2026-07-05,14,3.0957952550009344,0.0,1,0.42857142857142855,-6.6930736842105265,low,0.6,2,0.8181818181818182,True,NOERROR,1,300,2,6,True,False,0,198610,RU,True,BEGET-RU,1,365,False,0,False,False,False,benign,no_adverse_signal
mohamed-sama.cyou,2026-07-05,17,2.792481250360578,0.0,1,0.8333333333333334,-7.088480952380952,low,0.5833,1,0.6666666666666666,True,NOERROR,1,600,0,4,False,False,0,16509,US,True,Porkbun LLC,2,365,False,29,False,False,,benign,no_adverse_signal
kreativwerkstatt.co,2026-07-05,19,3.0,0.0,0,0.45454545454545453,-7.162589655172414,low,0.5714,4,0.5625,True,NOERROR,2,300,0,2,False,False,2,13335,US,False,"Spaceship, Inc.",16,365,False,0,False,False,,benign,no_adverse_signal
soltechenergy.com.br,2026-07-05,20,3.334679141051595,0.0,0,0.4444444444444444,-6.571047826086956,low,0.5263,3,0.8461538461538461,True,NOERROR,1,10800,2,2,True,False,0,31898,BR,True,,14,365,False,0,False,False,False,benign,no_adverse_signal
drear.pl,2026-07-05,8,1.9219280948873623,0.0,0,0.6666666666666666,-6.069971428571429,low,0.6667,2,0.8,True,NOERROR,1,10800,1,2,True,False,0,48707,PL,False,Aftermarket.pl Limited,1,365,False,0,False,False,False,benign,no_adverse_signal
https-trip75att.ru,2026-07-05,18,2.999581230646064,0.1111111111111111,1,0.2,-8.797637037037036,low,0.4762,5,0.6666666666666666,True,NOERROR,2,300,0,2,False,False,2,13335,US,False,REGRU-RU,2,365,False,0,False,True,,malicious,spamhaus_dbl
2mgon.lol,2026-07-05,9,2.321928094887362,0.1111111111111111,0,0.3333333333333333,-9.005914285714287,low,0.6667,2,1.0,True,NOERROR,3,10800,1,2,True,False,0,63949,US,True,Dynadot Inc,2,365,False,0,False,False,False,benign,no_adverse_signal
webtips.co,2026-07-05,10,2.807354922057604,0.0,0,0.4,-7.452890909090908,low,0.5455,2,1.0,True,NOERROR,2,3600,1,2,True,False,0,16509,US,True,"Spaceship, Inc.",13,365,False,71,False,False,,malicious,abuseipdb
massi.me,2026-07-05,8,1.9219280948873623,0.0,0,0.6666666666666666,-6.208142857142858,low,0.6667,2,0.8,True,NOERROR,2,3600,1,2,True,False,0,16509,US,True,Dominet (HK) Limited,10,365,True,71,False,False,,malicious,abuseipdb
mojekasino.cz,2026-07-05,13,3.121928094887362,0.0,0,1.0,-7.1392999999999995,low,0.5,1,0.9,True,NOERROR,1,3600,1,2,False,False,0,20473,GB,True,REG-WEDOS,2989,3286,False,0,False,False,False,benign,no_adverse_signal
localhomerenovation.help,2026-07-05,24,3.40582225028569,0.0,0,0.9,-6.44448,low,0.4706,2,0.631578947368421,True,NOERROR,2,30,0,4,False,False,0,16509,US,True,Porkbun LLC,380,730,False,2,False,False,,benign,no_adverse_signal
youjobs.lk,2026-07-05,10,2.5216406363433186,0.0,0,0.75,-7.8601090909090905,low,0.5714,2,0.8571428571428571,True,NOERROR,1,300,0,2,False,False,0,13335,DE,True,,,,,38,False,False,,benign,no_adverse_signal
gbrivaj.com,2026-07-05,11,2.807354922057604,0.0,0,0.4,-7.845518181818182,low,0.5333,3,1.0,True,NOERROR,1,1800,5,2,True,False,0,22612,US,False,NAMECHEAP INC,2,365,True,0,False,False,False,benign,no_adverse_signal
thiswasleicestershire.co.uk,2026-07-05,27,3.1182751607709758,0.0,0,0.6153846153846154,-6.73792564102564,low,0.5161,3,0.47619047619047616,False,NOERROR,0,,0,2,False,False,0,,,,"Namecheap, Inc. [Tag = NAMECHEAP-INC]",5,365,False,,,False,,benign,no_adverse_signal
twaps.ru,2026-07-05,8,2.321928094887362,0.0,0,0.25,-7.355485714285714,low,0.6154,2,1.0,False,timeout,0,,0,2,False,False,0,,,,REGRU-RU,2,365,False,,,False,,benign,no_adverse_signal
zzstr.cn,2026-07-05,8,1.9219280948873623,0.0,0,0.0,-7.9918,low,0.5455,5,0.8,True,NOERROR,1,600,0,2,False,False,0,132839,SC,False,广东时代互联科技有限公司,16,365,False,0,False,False,,benign,no_adverse_signal
hennyblaas.nl,2026-07-05,13,2.9219280948873623,0.0,0,0.42857142857142855,-7.480111764705883,low,0.4706,5,0.8,True,NOERROR,2,300,0,2,False,False,2,13335,US,False,"NAMECHEAP, INC.",16,,False,0,False,True,,malicious,spamhaus_dbl
velvaere.store,2026-07-05,14,2.1556390622295662,0.0,0,1.0,-7.482546153846154,low,0.6154,2,0.625,True,NOERROR,1,7200,0,4,False,False,1,13335,CA,True,,,,False,0,False,False,,benign,no_adverse_signal
next-canna.com,2026-07-05,14,2.6464393446710157,0.0,1,0.5,-7.140829411764706,low,0.5333,2,0.7,True,NOERROR,2,3600,0,2,False,False,0,16509,US,True,"GoDaddy.com, LLC",1,365,True,24,False,False,,benign,no_adverse_signal
ufa-certa.ru,2026-07-05,12,2.94770277922009,0.0,1,1.0,-7.525253333333334,low,0.5,2,0.8888888888888888,True,NOERROR,1,10800,0,4,False,False,0,8342,RU,True,RU-CENTER-RU,3,365,False,0,False,False,,benign,no_adverse_signal
letsdoeit-x.com,2026-07-05,15,3.0957952550009344,0.0,1,0.6666666666666666,-7.826294736842105,low,0.4762,3,0.8181818181818182,False,NOERROR,0,,0,2,False,False,0,,,,"GMO Internet, Inc.",2,365,True,,,False,,benign,no_adverse_signal
sunnieberning.com,2026-07-05,17,2.7773627950641693,0.0,0,0.625,-6.712452173913044,low,0.4762,2,0.6153846153846154,True,NOERROR,2,900,1,2,False,False,0,16509,NL,True,"TUCOWS.COM, CO.",1,365,True,0,False,False,False,benign,no_adverse_signal
clubesdegolfe.com.br,2026-07-05,20,3.180832987205441,0.0,0,0.625,-7.342726086956522,low,0.4762,2,0.7692307692307693,True,NOERROR,1,10800,1,2,True,False,0,47846,DE,False,,3766,4017,False,25,False,,False,benign,no_adverse_signal
koucaitong.cn,2026-07-05,13,3.121928094887362,0.0,0,1.0,-6.9336529411764705,low,0.5,2,0.9,False,NOERROR,0,,0,2,False,False,0,,,,广东时代互联科技有限公司,9,365,False,,,False,,benign,no_adverse_signal
chambea.mx,2026-07-05,10,2.5216406363433186,0.0,0,0.75,-6.706654545454546,low,0.5556,2,0.8571428571428571,False,SERVFAIL,0,,0,0,False,False,0,,,,NEUBOX Internet SA de CV,8,365,False,,,False,,benign,no_adverse_signal
bulges.uk.com,2026-07-05,13,1.0,0.0,0,1.0,,low,,1,1.0,True,NOERROR,2,300,0,2,False,False,2,13335,US,False,,,,,0,False,False,,benign,no_adverse_signal
edugrowdigital.com,2026-07-05,18,3.378783493486176,0.0,0,0.75,-7.248316,low,0.5,2,0.7857142857142857,True,NOERROR,1,10800,0,2,False,False,0,16509,US,False,"HOSTINGER operations, UAB",2,365,False,0,False,False,,benign,no_adverse_signal
girlshostelinkota.in,2026-07-05,20,3.4992275471326932,0.0,0,0.5454545454545454,-6.597319354838709,low,0.5,4,0.7058823529411765,True,NOERROR,1,10800,1,2,True,False,0,46606,US,True,Endurance International Group India Private Limited,75,365,False,0,False,False,False,benign,no_adverse_signal
cloudpool.co,2026-07-05,12,2.4193819456463714,0.0,0,0.8,-6.833986666666666,low,0.7143,2,0.6666666666666666,True,NOERROR,1,1800,5,2,True,False,0,22612,US,False,NAMECHEAP INC,3,365,True,0,False,False,False,benign,no_adverse_signal
thehubsocials.online,2026-07-05,20,3.3927474104487847,0.0,0,0.625,-7.089313043478262,medium,0.5,2,0.8461538461538461,True,NOERROR,1,600,0,4,False,False,0,327979,ZA,True,Diamatrix C.C.,2,365,False,0,False,False,,benign,no_adverse_signal
yimengzhuji.cn,2026-07-05,14,3.2776134368191165,0.0,0,0.5714285714285714,-8.072926315789474,low,0.5,4,0.9090909090909091,False,NOERROR,0,,0,4,False,False,0,,,,厦门三五互联信息有限公司,1,365,False,,,False,,benign,no_adverse_signal
aplos.me,2026-07-05,8,2.321928094887362,0.0,0,0.6666666666666666,-6.813028571428572,low,0.6154,2,1.0,True,NOERROR,2,3600,1,2,True,False,0,16509,US,True,Dominet (HK) Limited,5,365,True,29,False,False,,benign,no_adverse_signal
arabsdrip.com,2026-07-05,13,2.725480556997868,0.0,0,0.5,-7.2020333333333335,low,0.5333,4,0.7777777777777778,True,NOERROR,1,10800,0,4,False,False,1,13335,CA,True,"TUCOWS.COM, CO.",2,365,True,0,False,False,,benign,no_adverse_signal
iv26.cn,2026-07-05,7,2.0,0.2857142857142857,0,1.0,-10.267199999999999,low,0.5714,1,1.0,True,NOERROR,1,600,0,2,False,False,0,54600,US,False,广东时代互联科技有限公司,9,365,False,0,False,False,,benign,no_adverse_signal
hendersonimmigrationlaw.com,2026-07-05,27,3.675310868912364,0.0,0,0.6428571428571429,-6.5265069767441855,low,0.45,2,0.6086956521739131,False,NOERROR,0,,0,2,False,False,0,,,,"Cloudflare, Inc.",1,731,True,,,False,,benign,no_adverse_signal
enlaes.com,2026-07-05,10,2.2516291673878226,0.0,0,1.0,-7.568644444444445,low,0.6154,2,0.8333333333333334,True,NOERROR,1,1800,5,2,True,False,0,22612,US,False,NAMECHEAP INC,1,365,True,0,False,,False,benign,no_adverse_signal
yizhu.love,2026-07-05,10,2.321928094887362,0.0,0,0.6666666666666666,-9.036442857142857,low,0.5455,2,1.0,False,NOERROR,0,,0,0,False,False,0,,,,"Chengdu West Dimension Digital Technology Co., LTD",2,365,False,,,False,,benign,no_adverse_signal
jaaedr.com,2026-07-05,10,2.2516291673878226,0.0,0,1.0,-8.54141111111111,low,0.5455,2,0.8333333333333334,True,NOERROR,2,300,0,2,False,False,2,13335,US,False,"Cloudflare, Inc.",2,365,True,0,False,False,,benign,no_adverse_signal
citywaste.co.za,2026-07-05,15,2.94770277922009,0.0,0,0.5,-6.865866666666666,low,0.5333,3,0.8888888888888888,True,NOERROR,1,3600,1,2,True,False,0,24940,DE,True,Hostking,18,365,False,0,False,False,False,benign,no_adverse_signal
hed-hair.co.uk,2026-07-05,14,2.75,0.0,1,0.75,-7.608553846153845,low,0.4615,1,0.875,True,NOERROR,1,3600,1,4,True,False,1,48254,GB,True,20i Ltd [Tag = STACK],3,365,False,0,False,False,False,benign,no_adverse_signal
jreuniverse.ai,2026-07-05,14,2.845350936622437,0.0,0,0.8333333333333334,-6.913447368421053,low,0.6667,2,0.7272727272727273,True,NOERROR,2,3600,0,2,False,False,0,16509,US,True,"GoDaddy.com, LLC",3,731,True,24,False,False,,benign,no_adverse_signal
hongzhan.net.cn,2026-07-05,15,2.5,0.0,0,0.3333333333333333,-7.413223076923076,low,0.4706,4,0.75,False,NOERROR,0,,0,2,False,False,0,,,,深圳市万维网信息技术有限公司,6,365,False,,,False,,benign,no_adverse_signal
agentdespair.xyz,2026-07-05,16,3.2516291673878226,0.0,0,0.7142857142857143,-6.589942857142857,high,0.5263,3,0.8333333333333334,True,NOERROR,2,3600,1,2,True,False,0,16509,US,True,"GMO Internet, Inc.",1,365,True,29,False,False,,benign,no_adverse_signal
gzjike.com,2026-07-05,10,2.584962500721156,0.0,0,0.5,-9.717155555555557,low,0.4615,3,1.0,True,NOERROR,2,300,0,2,False,False,2,13335,US,False,Dominet (HK) Limited,1,365,False,0,False,False,,benign,no_adverse_signal
widekit.xyz,2026-07-05,11,2.5216406363433186,0.0,0,0.75,-7.114218181818182,high,0.5714,1,0.8571428571428571,True,NOERROR,2,3600,1,2,True,False,0,16509,US,True,"GMO Internet, Inc.",1,365,True,71,False,False,,malicious,abuseipdb
cremationservice.co.uk,2026-07-05,22,3.327819531114783,0.0,0,0.7777777777777778,-6.061168965517242,low,0.5806,2,0.6875,True,NOERROR,1,3600,0,2,True,False,0,16509,IE,True,John Thurlbeck [Tag = DOTSTERS],835,1095,False,0,False,False,,benign,no_adverse_signal
gcsp.com.cn,2026-07-05,11,2.0,0.0,0,0.0,-8.42534,low,0.5,4,1.0,True,NOERROR,1,600,0,2,False,False,0,,,False,北京新网数码信息技术有限公司,13,365,False,0,True,True,,malicious,spamhaus_zen
swapsnakes.xyz,2026-07-05,14,2.6464393446710153,0.0,0,0.42857142857142855,-7.464823529411765,high,0.5,3,0.7,True,NOERROR,2,3600,1,2,True,False,0,16509,US,True,"GMO Internet, Inc.",2,365,True,71,False,False,,malicious,abuseipdb
abostos.com,2026-07-05,11,2.2359263506290326,0.0,0,0.75,-6.369963636363637,low,0.5714,2,0.7142857142857143,False,SERVFAIL,0,,0,0,False,False,0,,,,"GoDaddy.com, LLC",2,365,True,,,False,,benign,no_adverse_signal
virko.dk,2026-07-05,8,2.321928094887362,0.0,0,0.6666666666666666,-7.509042857142857,low,0.6667,2,1.0,False,SERVFAIL,0,,0,0,False,False,0,,,,Simply.com A/S,9,364,True,,,,,unknown,no_reputation_coverage
jtzq.cn,2026-07-05,7,2.0,0.0,0,0.0,-10.599,low,0.4,4,1.0,False,NOERROR,0,,0,2,False,False,0,,,,深圳英迈思信息技术有限公司,16,365,False,,,False,,benign,no_adverse_signal
90211.ee,2026-07-05,8,1.9219280948873623,0.625,0,0.0,-10.027157142857144,low,0.25,0,0.8,True,NOERROR,1,1,0,2,False,True,0,4907,JP,False,ALMIC OÜ,2,365,False,0,True,True,,malicious,spamhaus_zen
utvtron.com,2026-07-05,11,2.5216406363433186,0.0,0,0.4,-7.552809090909091,low,0.5714,4,0.8571428571428571,True,NOERROR,4,10800,0,4,True,False,0,53831,US,False,Squarespace Domains LLC,2,1096,True,32,False,False,,benign,no_adverse_signal
vinyl-casino-website.com,2026-07-05,24,3.6841837197791887,0.0,2,0.6363636363636364,-7.335513513513513,low,0.4848,3,0.7,True,NOERROR,1,300,0,2,False,False,0,206834,DE,False,"Gransy, s.r.o.",2,365,False,11,False,False,,benign,no_adverse_signal
chqpgs.com.cn,2026-07-05,13,2.584962500721156,0.0,0,0.0,-10.439755555555557,low,0.5455,6,1.0,False,timeout,0,,0,0,False,False,0,,,,武汉物与伦比科技有限公司,385,730,False,,,False,,benign,no_adverse_signal
luminaacademy.vn,2026-07-05,16,3.180832987205441,0.0,0,0.8571428571428571,-6.984247826086956,low,0.5455,2,0.7692307692307693,False,NOERROR,0,,1,2,True,False,0,,,,,,,,,,False,,benign,no_adverse_signal
funplay.me,2026-07-05,10,2.807354922057604,0.0,0,0.4,-7.053181818181818,low,0.6667,3,1.0,True,NOERROR,2,3600,1,2,True,False,0,16509,US,True,Dominet (HK) Limited,10,365,True,29,False,,,benign,no_adverse_signal
happynurie.info,2026-07-05,15,3.121928094887362,0.0,0,0.6666666666666666,-7.569164705882353,medium,0.5333,4,0.9,False,NOERROR,0,,0,2,False,False,0,,,,,,,,,,False,,benign,no_adverse_signal
popordinals.xyz,2026-07-05,15,3.0957952550009344,0.0,0,0.5714285714285714,-6.409363157894737,high,0.5556,2,0.8181818181818182,True,NOERROR,2,3600,1,2,True,False,0,16509,US,True,"GMO Internet, Inc.",2,365,True,29,False,False,,benign,no_adverse_signal
subs-elysium.online,2026-07-05,19,3.0220552088742,0.0,1,0.5714285714285714,-7.941,medium,0.4762,3,0.75,True,NOERROR,1,10800,0,2,False,False,0,197695,RU,False,Registrar of Domain Names REG.RU LLC,2,365,False,0,False,False,,benign,no_adverse_signal
chcipneu.cz,2026-07-05,11,2.75,0.0,0,0.6,-8.179169230769231,low,0.5714,3,0.875,True,NOERROR,1,3600,1,2,False,False,0,20473,GB,True,REG-WEDOS,2985,3286,False,0,False,False,False,benign,no_adverse_signal
humbledapps.xyz,2026-07-05,15,3.277613436819116,0.0,0,0.375,-7.086163157894737,high,0.5,3,0.9090909090909091,True,NOERROR,2,3600,1,2,True,False,0,16509,US,True,"GMO Internet, Inc.",2,365,True,71,False,False,,malicious,abuseipdb
brittneyrgb.com,2026-07-05,15,2.9139770731827523,0.0,0,0.2222222222222222,-8.01111052631579,low,0.5556,4,0.7272727272727273,True,NOERROR,1,1800,0,0,False,False,0,58182,US,True,Wix.com Ltd.,2197,2556,False,0,False,False,,benign,no_adverse_signal
sexywomen.co.uk,2026-07-05,15,2.94770277922009,0.0,0,0.5,-7.5069,low,0.5,3,0.8888888888888888,True,NOERROR,1,3600,0,2,False,False,0,24940,DE,True,DomainProfi GmbH t/a CatchTiger [Tag = CATCHTIGER],3,365,False,0,False,False,,benign,no_adverse_signal
push28.tv,2026-07-05,9,2.584962500721156,0.2222222222222222,0,0.3333333333333333,-8.753866666666667,low,0.4444,2,1.0,True,NOERROR,2,300,0,2,False,False,2,13335,US,False,"Spaceship, Inc.",4,365,True,0,False,False,,benign,no_adverse_signal
afrpantherzoom.help,2026-07-05,19,3.378783493486176,0.0,0,0.5555555555555556,-7.23662,low,0.5,3,0.7857142857142857,True,NOERROR,1,300,0,2,False,False,0,931,US,False,"NameSilo, LLC",2,365,True,0,False,False,,benign,no_adverse_signal
42solvangct.com,2026-07-05,15,3.459431618637298,0.13333333333333333,0,0.2857142857142857,-8.617184210526315,low,0.5,4,1.0,True,NOERROR,2,300,5,2,True,True,0,16509,US,True,NAMECHEAP INC,1,365,True,0,False,False,False,benign,no_adverse_signal
smxsfqjwj.cn,2026-07-05,12,2.725480556997868,0.0,0,0.0,-11.540633333333334,low,0.4211,9,0.7777777777777778,False,NOERROR,0,,0,2,False,False,0,,,,云南蓝队云计算有限公司,16,365,False,,,False,,benign,no_adverse_signal
emailland.ir,2026-07-05,12,2.725480556997868,0.0,0,0.8,-6.06358,low,0.625,2,0.7777777777777778,True,NOERROR,1,10800,1,2,True,False,0,57497,IR,True,,,,False,51,False,False,False,malicious,abuseipdb
karatedapps.xyz,2026-07-05,15,2.8453509366224368,0.0,0,0.5714285714285714,-6.452889473684211,high,0.5263,3,0.7272727272727273,True,NOERROR,2,3600,1,2,True,False,0,16509,US,True,"GMO Internet, Inc.",2,365,True,29,False,False,,benign,no_adverse_signal
ctrlc.cn,2026-07-05,8,1.9219280948873623,0.0,0,0.0,-8.106757142857143,low,0.5455,5,0.8,False,NOERROR,0,,0,2,False,False,0,,,,腾讯云计算（北京）有限责任公司,5,3653,False,,,False,,benign,no_adverse_signal
justlightphoto.com.au,2026-07-05,21,3.182005814760214,0.0,0,0.4,-7.1534640000000005,low,0.56,5,0.7142857142857143,True,NOERROR,1,10800,0,3,False,False,0,45102,HK,False,Synergy Wholesale Accreditations Pty Ltd,,,False,0,False,False,,benign,no_adverse_signal
blackout.pw,2026-07-05,11,3.0,0.0,0,0.6,-6.857369230769231,low,0.6154,2,1.0,True,NOERROR,1,3600,0,2,False,False,0,14618,US,True,"GoDaddy.com, LLC",8,365,True,0,False,False,,benign,no_adverse_signal
trainingintelligence.de,2026-07-05,23,2.9841837197791885,0.0,0,0.6666666666666666,-6.125945945945946,low,0.5161,2,0.45,True,NOERROR,2,300,0,2,False,False,2,13335,US,False,,,,False,0,False,False,,benign,no_adverse_signal
nicki.me,2026-07-05,8,1.9219280948873623,0.0,0,0.6666666666666666,-6.448057142857143,low,0.75,2,0.8,True,NOERROR,2,3600,1,2,True,False,0,16509,US,True,Dominet (HK) Limited,10,365,True,71,False,False,,malicious,abuseipdb
84121.cn,2026-07-05,8,1.9219280948873623,0.625,0,0.0,-10.148228571428572,low,0.25,0,0.8,True,NOERROR,1,1,0,2,False,True,0,4907,JP,False,Dynadot Inc,3,365,False,0,True,False,,malicious,spamhaus_zen
loisswap.xyz,2026-07-05,12,2.75,0.0,0,0.6,-7.4234230769230765,high,0.5,3,0.875,True,NOERROR,2,3600,1,2,True,False,0,16509,US,True,"GMO Internet, Inc.",2,365,True,29,False,False,,benign,no_adverse_signal
aigenthitech.com,2026-07-05,16,2.9182958340544896,0.0,0,0.7142857142857143,-6.417580952380953,low,0.5556,3,0.6666666666666666,True,NOERROR,2,3600,0,2,False,False,0,16509,US,True,"GoDaddy.com, LLC",2,365,True,29,False,False,,benign,no_adverse_signal
sxhtyyls.cn,2026-07-05,11,2.5,0.0,0,0.0,-10.297461538461537,low,0.5333,8,0.75,False,NOERROR,0,,0,2,False,False,0,,,,成都世纪东方网络通信有限公司,11,365,False,,,False,,benign,no_adverse_signal
paopaoh.cn,2026-07-05,10,1.950212064914747,0.0,0,1.3333333333333333,-8.235454545454546,low,0.6154,1,0.5714285714285714,False,NOERROR,0,,0,4,False,False,0,,,,厦门三五互联信息有限公司,0,365,False,,,False,,benign,no_adverse_signal
orizone.fr,2026-07-05,10,2.5216406363433186,0.0,0,1.3333333333333333,-6.616172727272727,low,0.8333,1,0.8571428571428571,True,NOERROR,2,3600,3,2,True,False,0,16509,US,False,OVH,0,1095,False,0,False,False,False,benign,no_adverse_signal
passwordad.xyz,2026-07-05,14,2.7219280948873625,0.0,0,0.42857142857142855,-6.946264705882353,high,0.5,3,0.7,True,NOERROR,2,3600,1,2,True,False,0,16509,US,True,"GMO Internet, Inc.",2,365,True,71,False,False,,malicious,abuseipdb
devopschels.co.ke,2026-07-05,17,3.0957952550009344,0.0,0,0.375,-7.067189473684211,low,0.5,4,0.8181818181818182,True,NOERROR,1,3600,1,2,True,False,0,329184,ZA,True,HOSTAFRICA EAC,5,365,False,0,False,False,False,benign,no_adverse_signal
fifhtrid.click,2026-07-05,14,2.5,0.0,0,0.3333333333333333,-8.205253846153846,medium,0.4615,4,0.75,True,NOERROR,2,300,0,2,False,False,0,13335,US,False,Global Domain Group LLC,2,365,False,0,False,False,,benign,no_adverse_signal
tampervault.xyz,2026-07-05,15,3.0957952550009344,0.0,0,0.5714285714285714,-6.956094736842105,high,0.5455,2,0.8181818181818182,True,NOERROR,2,3600,1,2,True,False,0,16509,US,True,"GMO Internet, Inc.",2,365,True,29,False,False,,benign,no_adverse_signal
washingtonautowholesale.com,2026-07-05,27,3.501397825434103,0.0,0,0.7692307692307693,-6.716911627906977,low,0.5946,3,0.5217391304347826,True,NOERROR,1,1,0,2,False,False,0,211392,GB,False,TuringSign Inc. d/b/a Cosmotown,2,365,False,0,False,False,,benign,no_adverse_signal
getlogicshift.store,2026-07-05,19,3.238901256602631,0.0,0,0.4444444444444444,-7.138069565217392,low,0.4762,3,0.7692307692307693,True,NOERROR,2,600,0,2,False,False,0,16509,US,True,,,,False,31,False,False,,benign,no_adverse_signal
narativ.homes,2026-07-05,13,2.5216406363433186,0.0,0,0.75,-6.098809090909091,low,0.6667,1,0.8571428571428571,False,NOERROR,0,,1,2,True,False,0,,,,NAMECHEAP INC,1,365,True,,,False,False,benign,no_adverse_signal
serapian.co.uk,2026-07-05,14,2.75,0.0,0,1.0,-6.1166,low,0.8,1,0.875,True,NOERROR,1,10800,1,2,True,False,0,47846,DE,False,"Dynadot, LLC t/a Dynadot [Tag = DYNADOT]",7,365,False,25,False,False,False,benign,no_adverse_signal
cgj.ca,2026-07-05,6,1.584962500721156,0.0,0,0.0,-11.12,low,0.5,3,1.0,True,NOERROR,1,3600,0,2,False,False,0,206834,CA,False,8648255 CANADA LTD. O/A Dynadot LLC,4441,4748,True,0,False,False,,benign,no_adverse_signal
h2oclothing.com,2026-07-05,15,3.0957952550009344,0.06666666666666667,0,0.42857142857142855,-7.589131578947368,low,0.5556,2,0.8181818181818182,True,NOERROR,2,10800,0,2,True,False,2,14618,US,True,DropCatch.com 1245 LLC,1,365,False,0,False,False,,benign,no_adverse_signal
pocket-option70.trade,2026-07-05,21,3.3232314287976203,0.09523809523809523,1,0.7142857142857143,-7.680222222222222,low,0.56,2,0.7333333333333333,True,NOERROR,1,300,0,2,False,False,0,200019,CH,True,Dynadot Inc,2,365,True,0,,False,,benign,no_adverse_signal
histeroscopiagoias.com.br,2026-07-05,25,3.266332639970623,0.0,0,1.0,-6.756721212121212,low,0.4444,2,0.6111111111111112,False,NOERROR,0,,1,2,True,False,0,,,,,452,730,False,,,False,,benign,no_adverse_signal
sywzk.cn,2026-07-05,8,2.321928094887362,0.0,0,0.0,-10.769957142857143,low,0.4444,5,1.0,True,NOERROR,1,1,0,2,False,False,0,139880,SC,False,合肥欢鹿网络科技有限公司,6,365,False,0,False,False,,benign,no_adverse_signal
meucamarada.com.br,2026-07-05,18,2.5503407095463886,0.0,0,1.2,-6.664715789473684,low,0.4706,1,0.6363636363636364,False,NOERROR,0,,0,2,False,False,0,,,,,9,365,False,,,False,,benign,no_adverse_signal
grandvenuestyle.pro,2026-07-05,19,3.4565647621309536,0.0,0,0.5,-6.93702962962963,low,0.5217,4,0.8,True,NOERROR,2,300,5,2,True,False,2,13335,US,False,,,,,0,False,False,False,benign,no_adverse_signal
milliondollarauthormediaart.com,2026-07-05,31,3.4117518537749354,0.0,0,0.8,-6.549333333333334,low,0.3902,2,0.4444444444444444,True,NOERROR,1,3600,1,4,True,False,0,396982,US,True,PDR Ltd. d/b/a PublicDomainRegistry.com,2,365,True,0,False,False,False,benign,no_adverse_signal
rtr4v.bet,2026-07-05,9,1.9219280948873623,0.1111111111111111,0,0.0,-10.076342857142858,low,0.5455,3,0.8,True,NOERROR,1,300,0,2,False,False,0,206834,DE,False,,,,,11,False,,,benign,no_adverse_signal
991992.cc,2026-07-05,9,1.2516291673878228,0.6666666666666666,0,0.0,-10.526566666666666,low,0.2222,0,0.5,True,NOERROR,1,300,0,2,False,False,0,979,US,False,Dynadot Inc,18,365,False,0,False,False,,benign,no_adverse_signal
588-h.net,2026-07-05,9,1.9219280948873623,0.3333333333333333,1,0.0,-10.271828571428571,low,0.25,1,0.8,True,NOERROR,2,300,1,2,False,False,2,13335,US,False,Dynadot Inc,2,365,False,0,False,False,False,benign,no_adverse_signal
yosatta.com,2026-07-05,11,2.235926350629032,0.0,0,0.75,-7.036463636363636,low,0.6667,2,0.7142857142857143,True,NOERROR,1,3600,0,2,False,False,0,852,CA,True,"Network Solutions, LLC",2,365,True,0,False,False,,benign,no_adverse_signal
648434.vip,2026-07-05,10,1.7924812503605778,0.6,0,0.0,-11.1438,low,0.4444,0,0.6666666666666666,True,NOERROR,9,60,0,2,False,True,0,152194,JP,False,Dynadot Inc,2,365,True,0,True,False,,malicious,spamhaus_zen
85jjl.com,2026-07-05,9,1.9219280948873623,0.2222222222222222,0,0.0,-12.555857142857144,low,0.3077,3,0.8,True,NOERROR,1,60,0,2,False,True,0,139341,SG,False,Dynadot Inc,2,365,False,0,True,False,,malicious,spamhaus_zen
noiratelieratx.com,2026-07-05,18,3.09306920777189,0.0,0,1.0,-6.8209360000000006,low,0.5455,2,0.6428571428571429,True,NOERROR,2,3600,1,2,True,False,0,16509,US,True,"GoDaddy.com, LLC",2,365,True,24,False,False,False,benign,no_adverse_signal
pointdopet.com.br,2026-07-05,17,2.721928094887362,0.0,0,0.6666666666666666,-6.8977176470588235,low,0.6316,3,0.7,False,NOERROR,0,,1,2,True,False,0,,,,,17,731,False,,,False,,benign,no_adverse_signal
theravensshoppe.com,2026-07-05,19,3.189898095464288,0.0,0,0.5,-6.531785185185186,low,0.4615,4,0.6666666666666666,True,NOERROR,2,3600,0,2,False,False,0,16509,US,True,"GoDaddy.com, LLC",1,365,True,29,False,,,benign,no_adverse_signal
emucasinos.net,2026-07-05,14,3.121928094887362,0.0,0,1.0,-6.7008294117647065,low,0.5217,1,0.9,False,NOERROR,0,,0,0,False,False,0,,,,URL SOLUTIONS INC.,3,365,True,,,True,,malicious,spamhaus_dbl
max-ff43ge3w.shop,2026-07-05,17,3.2516291673878226,0.17647058823529413,1,0.3333333333333333,-10.653595238095239,low,0.4762,2,0.8333333333333334,True,NOERROR,1,300,0,2,False,False,0,197695,RU,True,,,,False,0,False,False,,benign,no_adverse_signal
writesonicdrive.com,2026-07-05,19,3.32323142879762,0.0,0,0.6666666666666666,-6.705144444444445,low,0.48,3,0.7333333333333333,True,NOERROR,2,14,0,4,False,False,0,16509,US,True,Porkbun LLC,381,730,False,2,False,,,benign,no_adverse_signal
47598040.app,2026-07-05,12,2.5,0.6666666666666666,0,0.0,-11.276723076923076,low,0.1818,0,0.75,True,NOERROR,2,600,0,2,False,False,0,16509,US,True,,,,False,37,False,False,,benign,no_adverse_signal
pristix.world,2026-07-05,13,2.5216406363433186,0.0,0,0.4,-6.353263636363636,low,0.5455,2,0.8571428571428571,True,NOERROR,2,300,0,2,False,False,2,13335,US,False,,,,,0,False,False,,benign,no_adverse_signal
xuzewb179.vip,2026-07-05,13,3.169925001442312,0.23076923076923078,0,0.5,-10.590026666666667,low,0.375,2,1.0,True,NOERROR,1,10,0,2,False,True,0,209242,US,True,Dynadot Inc,1,365,True,0,False,True,,malicious,spamhaus_dbl
cottonbreath.info,2026-07-05,17,3.0220552088742,0.0,0,0.5,-6.7492,medium,0.4762,3,0.75,True,NOERROR,1,1800,5,2,True,False,0,22612,US,False,,,,,0,,False,False,benign,no_adverse_signal
myvmemento.com,2026-07-05,14,2.6464393446710153,0.0,0,0.42857142857142855,-7.555264705882354,low,0.5333,4,0.7,True,NOERROR,2,0,2,4,True,False,0,16509,US,True,Porkbun LLC,1,365,False,7,False,,False,benign,no_adverse_signal
saifmnasri.tn,2026-07-05,13,2.721928094887362,0.0,0,0.6666666666666666,-8.35984705882353,low,0.5714,3,0.7,False,SERVFAIL,0,,0,0,False,False,0,,,,OOREDOO,1805,,False,,,False,,benign,no_adverse_signal
vipbaji.click,2026-07-05,13,2.5216406363433186,0.0,0,0.75,-8.1224,medium,0.6154,2,0.8571428571428571,True,NOERROR,1,300,0,2,False,False,0,206834,DE,False,"Dynadot, LLC",2,365,False,11,False,False,,benign,no_adverse_signal
manualtherapyclinic.com,2026-07-05,23,3.5766176449086653,0.0,0,0.5833333333333334,-6.670034285714285,low,0.5185,4,0.6842105263157895,True,NOERROR,1,1800,5,2,True,False,0,22612,US,False,NAMECHEAP INC,1,365,True,0,False,,False,benign,no_adverse_signal
findacnow.com,2026-07-05,13,2.94770277922009,0.0,0,0.5,-6.973873333333334,low,0.625,2,0.8888888888888888,True,NOERROR,1,600,0,2,False,False,0,16509,US,False,Realtime Register B.V.,2,365,False,0,False,False,,benign,no_adverse_signal
currentdesk.xyz,2026-07-05,15,3.095795255000934,0.0,0,0.375,-6.862657894736842,high,0.6667,3,0.8181818181818182,True,NOERROR,1,900,0,3,False,False,0,198037,NL,False,Hosting Concepts B.V. d/b/a Registrar.eu,2,365,True,0,False,,,benign,no_adverse_signal
brand-tag.org.uk,2026-07-05,16,2.94770277922009,0.0,1,0.3333333333333333,-7.035853333333334,low,0.5,2,0.8888888888888888,False,SERVFAIL,0,,0,0,False,False,0,,,,Team Blue Internet Services UK Limited t/a Team Blue Internet Services Limited t/a names.co.uk [Tag = NAMESCO],6366,6939,False,,,False,,benign,no_adverse_signal
mygift.co.za,2026-07-05,12,2.584962500721156,0.0,0,0.2,-8.099322222222222,low,0.6667,3,1.0,True,NOERROR,1,3600,0,2,False,False,0,206834,CA,False,Salestrar,11,365,False,0,False,False,,benign,no_adverse_signal
safeclass.xyz,2026-07-05,13,2.4193819456463714,0.0,0,0.5,-6.825793333333333,high,0.5882,2,0.6666666666666666,True,NOERROR,2,3600,1,2,True,False,0,16509,US,True,"GMO Internet, Inc.",2,365,True,29,False,False,,benign,no_adverse_signal
opalineaesteticsconsulting.net,2026-07-05,30,3.47834596772504,0.0,0,0.7333333333333333,-6.450369387755102,low,0.4878,3,0.46153846153846156,True,NOERROR,3,3600,0,2,False,False,0,58182,US,True,Wix.com Ltd.,2,365,True,19,False,False,,benign,no_adverse_signal
chimikau-hundeerlebnisreisen.de,2026-07-05,31,3.6514789228933084,0.0,1,0.8,-7.437383018867925,low,0.3415,2,0.5357142857142857,True,NOERROR,1,1799,0,2,False,False,0,14061,US,False,,,,False,0,False,False,,benign,no_adverse_signal
sanasana.com.ar,2026-07-05,15,1.5,0.0,0,1.0,-6.209423076923077,low,0.6667,1,0.375,True,NOERROR,1,10800,1,2,False,False,0,264649,AR,True,nicar,3751,4066,False,0,False,False,False,benign,no_adverse_signal
medicinecasebulletin.com,2026-07-05,24,3.384183719779189,0.0,0,0.8181818181818182,-6.395986486486486,low,0.4324,2,0.6,True,NOERROR,1,1800,5,2,True,False,0,22612,US,False,NAMECHEAP INC,2,365,True,0,False,False,False,benign,no_adverse_signal
maconprogress.com,2026-07-05,17,3.238901256602631,0.0,0,0.4444444444444444,-6.483430434782608,low,0.5455,3,0.7692307692307693,False,NOERROR,0,,1,3,True,False,0,,,,"TUCOWS.COM, CO.",1,365,True,,,False,False,benign,no_adverse_signal
tactum.es,2026-07-05,9,2.2516291673878226,0.0,0,0.5,-6.930811111111111,low,0.5,2,0.8333333333333334,True,NOERROR,1,900,1,5,True,False,0,8560,ES,False,,,,False,0,False,False,False,benign,no_adverse_signal
startupcenter.fi,2026-07-05,16,3.0269868333592873,0.0,0,0.4444444444444444,-6.376060869565218,low,0.5263,2,0.6923076923076923,False,SERVFAIL,0,,0,0,False,False,0,,,,Planeetta Internet Oy,11,365,False,,,False,,benign,no_adverse_signal
openpredicta.xyz,2026-07-05,16,3.2516291673878226,0.0,0,0.7142857142857143,-6.621323809523809,high,0.5882,3,0.8333333333333334,True,NOERROR,2,300,0,2,False,False,2,13335,US,False,"GoDaddy.com, LLC",2,365,True,0,False,False,,benign,no_adverse_signal
zhekou365.cn,2026-07-05,12,3.169925001442312,0.25,0,1.0,-8.812146666666667,low,0.4444,2,1.0,False,NOERROR,0,,0,2,False,False,0,,,,北京新网数码信息技术有限公司,3,365,False,,,False,,benign,no_adverse_signal
napzb.cn,2026-07-05,8,2.321928094887362,0.0,0,0.25,-9.868942857142857,low,0.5,3,1.0,True,NOERROR,1,1,0,2,False,False,0,24544,HK,False,北京中万网络科技有限责任公司,16,365,False,0,True,False,,malicious,spamhaus_zen
clearwatercarwashhub.com,2026-07-05,24,3.2841837197791888,0.0,0,0.5384615384615384,-7.050097297297298,low,0.4118,3,0.55,True,NOERROR,1,1800,0,0,False,False,0,58182,US,True,Wix.com Ltd.,735,1095,False,0,False,False,,benign,no_adverse_signal
junghye.com,2026-07-05,11,2.807354922057604,0.0,0,0.4,-8.333,low,0.6154,4,1.0,True,NOERROR,2,300,0,2,False,False,2,13335,US,False,"Gabia, Inc.",1,365,False,0,False,False,,benign,no_adverse_signal
astrapi-as.gr,2026-07-05,13,2.6464393446710153,0.0,1,0.8,-6.772276470588235,low,0.5882,3,0.7,False,NOERROR,0,,0,2,False,False,0,,,,,,,,,,False,,benign,no_adverse_signal
smartee.ca,2026-07-05,10,2.521640636343318,0.0,0,0.75,-6.234418181818182,low,0.7,2,0.8571428571428571,True,NOERROR,1,1800,5,2,True,False,0,22612,US,False,Go Get Canada Domain Registrar Ltd.,14,365,True,0,False,,False,benign,no_adverse_signal
xn--v0q8q86ddxkisweob.top,2026-07-05,25,3.916126946588283,0.16,2,0.25,-10.860041025641026,high,0.3333,4,0.7619047619047619,False,NOERROR,0,,0,2,False,False,0,,,,,,,False,,,False,,benign,no_adverse_signal
rjccpanama.com,2026-07-05,14,2.6464393446710153,0.0,0,0.42857142857142855,-7.828705882352941,low,0.5333,5,0.7,True,NOERROR,1,1800,0,0,False,False,0,58182,US,True,Wix.com Ltd.,1467,1826,True,0,False,False,,benign,no_adverse_signal
89fcrr.com,2026-07-05,10,2.2516291673878226,0.2,0,0.0,-10.448577777777778,low,0.5,4,0.8333333333333334,True,NOERROR,2,300,0,2,False,False,2,13335,US,False,Dominet (HK) Limited,1,365,False,0,False,False,,benign,no_adverse_signal
dirtyfrenchies.fr,2026-07-05,17,3.378783493486176,0.0,0,0.4,-6.886436,low,0.5,5,0.7857142857142857,False,NOERROR,0,,3,2,True,False,0,,,,GANDI,3,364,False,,,False,False,benign,no_adverse_signal
toetanchamon-amsterdam.nl,2026-07-05,25,3.3908054820769813,0.0,1,0.6153846153846154,-6.793363414634146,low,0.5405,3,0.5454545454545454,True,NOERROR,2,300,0,2,False,False,2,13335,US,False,"NAMECHEAP, INC.",4,,False,0,False,False,,benign,no_adverse_signal
klobutowski.de,2026-07-05,14,3.0957952550009344,0.0,0,0.5714285714285714,-7.540805263157895,low,0.5263,3,0.8181818181818182,True,NOERROR,1,3600,0,2,False,False,0,24940,DE,True,,,,False,0,False,False,,benign,no_adverse_signal
sweetriot.co.uk,2026-07-05,15,2.725480556997868,0.0,0,0.8,-6.777779999999999,low,0.6316,2,0.7777777777777778,True,NOERROR,1,3600,0,2,False,False,0,14618,US,True,"Namecheap, Inc. t/a Spaceship [Tag = SPACESHIP]",4,365,False,0,False,False,,benign,no_adverse_signal
royalgroup.live,2026-07-05,15,2.9219280948873623,0.0,0,0.6666666666666666,-7.173647058823529,low,0.5,3,0.8,True,NOERROR,1,1799,5,2,True,False,0,40676,US,True,,,,False,0,False,False,False,benign,no_adverse_signal
acumuladoreselectricos.es,2026-07-05,25,3.4817145729860726,0.0,0,0.8333333333333334,-6.635907317073171,low,0.4571,3,0.5454545454545454,True,NOERROR,2,3600,1,2,True,False,0,16509,US,True,,,,False,29,False,False,,benign,no_adverse_signal
apparelcopilot.xyz,2026-07-05,18,3.039148671903071,0.0,0,0.75,-6.762484,high,0.5833,2,0.6428571428571429,True,NOERROR,2,3600,1,2,True,False,0,16509,US,True,"GMO Internet, Inc.",1,365,True,71,False,False,,malicious,abuseipdb
x-mi.nl,2026-07-05,7,2.0,0.0,1,0.5,-8.49076,low,0.6,1,1.0,False,NOERROR,0,,2,2,True,False,0,,,,The Registrar Company B.V.,14,,False,,,False,,benign,no_adverse_signal
love-electronics.co.uk,2026-07-05,22,3.327819531114783,0.0,1,0.6666666666666666,-6.727658620689655,low,0.5,3,0.6875,True,NOERROR,1,3600,0,2,False,False,0,206834,CA,False,Simeon Chakalov [Tag = SCHAKALOV],15,365,False,0,False,False,,benign,no_adverse_signal
arroyoinsdirect.info,2026-07-05,20,3.32323142879762,0.0,0,0.6666666666666666,-7.055892592592592,medium,0.5714,3,0.7333333333333333,True,NOERROR,2,300,1,2,True,False,2,13335,US,False,,,,,0,False,False,False,benign,no_adverse_signal
tanja-styling.de,2026-07-05,16,3.238901256602631,0.0,1,0.3333333333333333,-7.09725652173913,low,0.5,4,0.7692307692307693,False,NOERROR,0,,3,2,True,False,0,,,,,,,False,,,False,False,benign,no_adverse_signal
vknmetau.dp.ua,2026-07-05,14,3.0,0.0,0,0.6,-7.961615384615385,low,0.5882,4,1.0,True,NOERROR,2,300,0,2,False,False,2,13335,US,False,"ТОВ ""НІК.ЮЕЙ""",9,365,False,0,False,,,benign,no_adverse_signal
kassenhost.com,2026-07-05,14,2.8464393446710154,0.0,0,0.42857142857142855,-6.554229411764705,low,0.5714,2,0.8,True,NOERROR,2,300,0,2,False,False,2,13335,US,False,"GoDaddy.com, LLC",1,365,True,0,False,False,,benign,no_adverse_signal
waermepumpe-einbauen.de,2026-07-05,23,3.2414460711655217,0.0,1,1.1111111111111112,-7.843308108108109,low,0.4138,2,0.55,True,NOERROR,2,300,3,2,True,False,2,13335,US,False,,,,False,0,False,False,False,benign,no_adverse_signal
scienceunderislam.com,2026-07-05,21,3.337175341123077,0.0,0,0.7,-6.675096774193548,low,0.6,2,0.6470588235294118,True,NOERROR,1,600,0,2,False,False,0,136038,KR,False,"GMO Internet, Inc.",1,365,True,0,True,False,,malicious,spamhaus_zen
doyevaristo.click,2026-07-05,17,3.2776134368191165,0.0,0,0.8333333333333334,-7.182242105263159,medium,0.5714,2,0.9090909090909091,False,SERVFAIL,0,,0,0,False,False,0,,,,"GMO Internet, Inc.",2,365,True,,,False,,benign,no_adverse_signal
vipphotographes.fr,2026-07-05,18,3.32323142879762,0.0,0,0.5,-7.031407407407407,low,0.48,3,0.7333333333333333,True,NOERROR,1,3600,0,2,False,False,0,24940,DE,True,TLD Registrar Solutions Ltd,14,730,False,0,False,,,benign,no_adverse_signal
aberi.de,2026-07-05,8,2.321928094887362,0.0,0,1.5,-6.155542857142857,low,0.6154,1,1.0,True,NOERROR,1,3600,0,2,False,False,0,24940,DE,True,,,,False,0,False,False,,benign,no_adverse_signal
parxi.com.br,2026-07-05,12,2.321928094887362,0.0,0,0.6666666666666666,-7.856142857142857,low,0.8,2,1.0,True,NOERROR,1,10800,1,2,True,False,0,31898,BR,True,,3393,3652,False,0,False,False,False,benign,no_adverse_signal
dastakjewels.in,2026-07-05,15,3.084962500721156,0.0,0,0.5,-7.426919047619048,low,0.48,2,0.75,True,NOERROR,1,3600,0,2,False,False,0,13335,US,False,"GoDaddy.com, LLC",3,365,False,0,False,False,,benign,no_adverse_signal
goinnovatecre.com,2026-07-05,17,3.238901256602631,0.0,0,0.8571428571428571,-6.816891304347826,low,0.5455,2,0.7692307692307693,True,NOERROR,2,48,0,4,False,False,0,16509,US,True,Porkbun LLC,382,730,False,2,False,False,,benign,no_adverse_signal
workflowconsulting.co,2026-07-05,21,3.5724312513221195,0.0,0,0.38461538461538464,-7.027033333333334,low,0.4375,4,0.7222222222222222,True,NOERROR,1,1800,3,2,True,False,0,22612,US,False,NAMECHEAP INC,4,365,True,0,False,False,False,benign,no_adverse_signal
ashhrise.com,2026-07-05,12,2.5,0.0,0,0.6,-7.515015384615385,low,0.5714,4,0.75,True,NOERROR,1,1800,5,2,True,False,0,24940,DE,True,NAMECHEAP INC,2,365,False,0,False,False,False,benign,no_adverse_signal
originalglugglejug.com,2026-07-05,22,3.03856233607563,0.0,0,0.6363636363636364,-7.668415151515152,low,0.4167,3,0.5555555555555556,True,NOERROR,2,3600,0,2,False,False,0,16509,US,True,"GoDaddy.com, LLC",2,365,True,51,False,False,,malicious,abuseipdb
joyland.kr,2026-07-05,10,2.807354922057604,0.0,0,0.4,-7.244054545454546,low,0.6154,2,1.0,False,SERVFAIL,0,,0,0,False,False,0,,,,"Asadal, Inc.(http://www.asadal.co.kr)",5,731,False,,,False,,benign,no_adverse_signal
thesbitcoin.xyz,2026-07-05,15,3.0957952550009344,0.0,0,0.5714285714285714,-6.880136842105263,high,0.5714,2,0.8181818181818182,True,NOERROR,2,3600,1,2,True,False,0,16509,US,True,"GMO Internet, Inc.",1,365,True,71,False,False,,malicious,abuseipdb
600401.cn,2026-07-05,9,1.7924812503605778,0.6666666666666666,0,0.0,-10.4456,low,0.4444,0,0.6666666666666666,True,NOERROR,1,900,0,2,False,False,0,45102,HK,False,北京新网数码信息技术有限公司,15,365,False,0,False,False,,benign,no_adverse_signal
brawnsdev.xyz,2026-07-05,13,3.169925001442312,0.0,0,0.2857142857142857,-7.5705,high,0.5714,4,1.0,True,NOERROR,2,3600,1,2,True,False,0,16509,US,True,"GMO Internet, Inc.",1,365,True,71,False,False,,malicious,abuseipdb
bpfebenql.shop,2026-07-05,14,2.725480556997868,0.0,0,0.2857142857142857,-9.20504,low,0.4444,3,0.7777777777777778,True,NOERROR,1,300,0,2,False,False,0,132203,US,False,,,,False,18,True,True,,malicious,spamhaus_zen
chdgo.com,2026-07-05,9,2.321928094887362,0.0,0,0.25,-8.866757142857143,low,0.5333,4,1.0,False,NOERROR,0,,0,2,False,False,0,,,,Alibaba Cloud Computing Ltd. d/b/a HiChina (www.net.cn),2,365,False,,,False,,benign,no_adverse_signal
sensimh.cc,2026-07-05,10,2.5216406363433186,0.0,0,0.4,-6.849390909090909,low,0.6,2,0.8571428571428571,True,NOERROR,1,1,0,2,False,True,0,40065,US,False,"NameSilo, LLC",2,365,True,0,False,False,,benign,no_adverse_signal
rajatot05c.site,2026-07-05,15,2.9219280948873623,0.13333333333333333,0,0.6,-9.08015882352941,medium,0.4444,1,0.8,True,NOERROR,2,300,0,2,False,False,2,13335,US,False,NAMECHEAP INC,2,365,True,0,False,False,,benign,no_adverse_signal
sgweb.cn,2026-07-05,8,2.321928094887362,0.0,0,0.25,-8.400985714285714,low,0.6667,3,1.0,True,NOERROR,1,900,0,2,False,False,0,17561,PE,False,阿里云计算有限公司（万网）,2,365,False,0,False,False,,benign,no_adverse_signal
wiss.su,2026-07-05,7,1.5,0.0,0,0.3333333333333333,-6.76306,low,0.6667,2,0.75,True,NOERROR,1,3600,2,2,False,False,0,29182,RU,True,REGTIME-SU,2,365,False,0,False,,False,benign,no_adverse_signal
hm88n.net,2026-07-05,9,1.9219280948873623,0.2222222222222222,0,0.0,-11.445757142857143,low,0.5,2,0.8,True,NOERROR,2,57,0,4,False,False,0,16509,US,True,Porkbun LLC,383,730,False,2,False,False,,benign,no_adverse_signal
geomap.me,2026-07-05,9,2.584962500721156,0.0,0,1.0,-6.877866666666667,low,0.5455,1,1.0,True,NOERROR,2,3600,1,2,True,False,0,16509,US,True,Dominet (HK) Limited,10,365,True,71,False,False,,malicious,abuseipdb
taistr.com,2026-07-05,10,2.2516291673878226,0.0,0,0.5,-6.063188888888889,low,0.7143,3,0.8333333333333334,True,NOERROR,1,1,0,2,False,False,0,134175,HK,False,TuringSign Inc. d/b/a Cosmotown,2,365,False,0,False,False,,benign,no_adverse_signal
holimarine.co.uk,2026-07-05,16,3.121928094887362,0.0,0,1.0,-6.0243,low,0.5714,1,0.9,True,NOERROR,2,60,2,2,True,False,2,47583,DE,False,"Namecheap, Inc. [Tag = NAMECHEAP-INC]",16,365,False,4,False,False,False,benign,no_adverse_signal
milkycloud.online,2026-07-05,17,3.121928094887362,0.0,0,0.42857142857142855,-7.290882352941177,medium,0.7778,5,0.9,True,NOERROR,1,1800,5,2,True,False,0,16276,US,True,NAMECHEAP INC,1,365,True,0,False,False,False,benign,no_adverse_signal
vern.cn,2026-07-05,7,2.0,0.0,0,0.3333333333333333,-5.82906,low,0.6667,2,1.0,True,NOERROR,1,300,1,2,True,True,0,132203,SG,False,北京国科云计算技术有限公司（原北京中科三方网络技术有限公司）,21,365,False,0,True,False,False,malicious,spamhaus_zen
kawaiillm.xyz,2026-07-05,13,2.5032583347756456,0.0,0,0.8,-7.841513333333334,high,0.6154,3,0.6666666666666666,True,NOERROR,2,3600,1,2,True,False,0,16509,US,True,"GMO Internet, Inc.",2,365,True,71,False,False,,malicious,abuseipdb
super83.net,2026-07-05,11,2.807354922057604,0.18181818181818182,0,0.6666666666666666,-8.388509090909091,low,0.6667,1,1.0,True,NOERROR,3,3603,0,3,False,False,0,63949,US,True,"NameSilo, LLC",2,365,True,0,False,False,,benign,no_adverse_signal
littleredtractor.org.uk,2026-07-05,23,2.952819531114783,0.0,0,0.45454545454545453,-6.550137931034483,low,0.48,3,0.5625,True,NOERROR,1,3600,0,0,False,False,0,16509,IE,True,Domain Services &amp; Management Ltd t/a DOMAIN SERVICES & MANAGEMENT LTD [Tag = DSMLTD],17,365,False,0,False,False,,benign,no_adverse_signal
bigkid.eu,2026-07-05,9,2.2516291673878226,0.0,0,0.5,-8.1742,low,0.6,2,0.8333333333333334,True,NOERROR,1,10800,1,2,True,False,0,47846,DE,False,Vimexx,,,False,10,False,False,False,benign,no_adverse_signal
amybfortexas.com,2026-07-05,16,3.418295834054489,0.0,0,0.5,-7.580347619047619,low,0.5556,4,0.9166666666666666,True,NOERROR,1,10800,0,2,False,False,0,16509,US,True,"TUCOWS.COM, CO.",370,730,True,0,False,False,,benign,no_adverse_signal
e77m30.surf,2026-07-05,11,2.2516291673878226,0.36363636363636365,0,1.0,-11.643777777777778,low,0.4444,1,0.8333333333333334,True,NOERROR,1,30,0,2,False,False,0,209242,US,False,Dynadot Inc,2,365,True,2,True,False,,malicious,spamhaus_zen
trestabelas.com.br,2026-07-05,18,2.7321588913645702,0.0,0,0.5714285714285714,-6.077368421052632,low,0.6,2,0.6363636363636364,True,NOERROR,1,1800,2,3,True,False,0,13335,DE,True,,9,365,False,38,False,False,False,benign,no_adverse_signal
26886.me,2026-07-05,8,1.5219280948873621,0.625,0,0.0,-10.101628571428572,low,0.25,0,0.6,True,NOERROR,1,3600,0,4,False,False,0,35908,US,False,Dynadot Inc,3,365,True,0,False,False,,benign,no_adverse_signal
strefapodlog.eu,2026-07-05,15,3.4182958340544896,0.0,0,0.5,-6.974528571428571,low,0.5217,3,0.9166666666666666,True,NOERROR,2,300,0,2,False,False,2,13335,US,False,INWX GmbH,,,False,0,False,False,,benign,no_adverse_signal
tinytv.co,2026-07-05,9,2.2516291673878226,0.0,0,0.2,-7.400044444444445,low,0.6154,4,0.8333333333333334,True,NOERROR,1,3600,1,2,True,False,0,133618,US,True,CommuniGal Communication Ltd.,10,365,False,0,False,False,,benign,no_adverse_signal
zoiejewels.com,2026-07-05,14,2.8464393446710154,0.0,0,1.0,-8.274511764705881,low,0.4706,2,0.8,True,NOERROR,1,10800,0,4,False,False,1,13335,CA,True,"TUCOWS.COM, CO.",2,365,True,0,False,False,,benign,no_adverse_signal
novirixshop.com,2026-07-05,15,3.0957952550009344,0.0,0,0.5714285714285714,-7.1797894736842105,low,0.4706,3,0.8181818181818182,True,NOERROR,1,10800,0,2,False,False,0,16509,US,True,"TUCOWS.COM, CO.",370,730,True,0,False,False,,benign,no_adverse_signal
eliahelayel.site,2026-07-05,16,2.413088436425758,0.0,0,1.2,-6.933142105263158,medium,0.5,1,0.5454545454545454,True,NOERROR,2,120,0,4,False,False,0,16509,DE,True,NAMECHEAP INC,1,365,True,16,False,,,benign,no_adverse_signal
schumacher.com.cn,2026-07-05,17,2.9219280948873623,0.0,0,0.42857142857142855,-6.575429411764706,low,0.5882,3,0.8,True,NOERROR,1,3600,0,0,False,False,0,132203,SG,False,贵州中域智科网络技术有限公司,10,365,False,0,True,False,,malicious,spamhaus_zen
doctorschoicesupplemets.com,2026-07-05,27,3.522711955680758,0.0,0,0.5333333333333333,-6.722579069767442,low,0.4103,4,0.5652173913043478,True,NOERROR,2,10800,0,4,False,False,0,399522,US,False,"DNC Holdings, Inc",2,365,True,0,False,False,,benign,no_adverse_signal
quill.kr,2026-07-05,8,1.9219280948873623,0.0,0,0.6666666666666666,-6.9607,low,0.5,2,0.8,True,NOERROR,2,180,0,4,False,False,0,16509,US,True,Megazone(http://HOSTING.KR),11,365,False,0,False,False,,benign,no_adverse_signal
remyjanyne.com,2026-07-05,14,2.7219280948873625,0.0,0,0.42857142857142855,-7.829570588235294,low,0.5,3,0.7,True,NOERROR,2,60,2,4,True,False,0,16509,US,True,Porkbun LLC,2,365,False,0,False,False,False,benign,no_adverse_signal
quietudp.live,2026-07-05,13,2.75,0.0,0,1.0,-7.6702076923076925,low,0.5333,2,0.875,True,NOERROR,2,300,0,2,False,False,2,13335,US,False,,,,False,0,False,False,,benign,no_adverse_signal
tjzdbdfyy.cn,2026-07-05,12,2.725480556997868,0.0,0,0.0,-10.83788,low,0.4,9,0.7777777777777778,True,NOERROR,1,100,0,2,False,False,0,45102,HK,False,北京新网数码信息技术有限公司,6,365,False,0,False,False,,benign,no_adverse_signal
sazaniassociates.org.uk,2026-07-05,23,2.875,0.0,0,1.0,-6.816058620689654,low,0.48,2,0.5625,True,NOERROR,1,3600,0,0,False,False,0,16509,IE,True,Domainlore LLC [Tag = DOMAINLORE],8,365,False,0,False,False,,benign,no_adverse_signal
hohensyguide.online,2026-07-05,19,3.2516291673878226,0.0,0,0.7142857142857143,-7.539128571428571,medium,0.4762,4,0.8333333333333334,True,NOERROR,2,300,0,2,False,False,2,13335,US,False,NAMECHEAP INC,2,365,False,0,False,False,,benign,no_adverse_signal
beautneckia.world,2026-07-05,17,3.0957952550009344,0.0,0,1.2,-7.123557894736842,low,0.5556,2,0.8181818181818182,True,NOERROR,2,300,0,2,False,False,2,13335,US,False,,,,,0,False,False,,benign,no_adverse_signal
chemicalscience.in,2026-07-05,18,2.9232314287976204,0.0,0,0.6666666666666666,-6.544877777777778,low,0.5,3,0.6,True,NOERROR,2,300,5,2,True,False,2,13335,US,False,NAMECHEAP INC,6,365,True,0,,False,False,benign,no_adverse_signal
remission.eu,2026-07-05,12,2.725480556997868,0.0,0,0.8,-6.428513333333333,low,0.5263,2,0.7777777777777778,True,NOERROR,1,10800,1,2,True,False,0,47846,DE,False,Vimexx,,,False,10,False,False,False,benign,no_adverse_signal
traceycarter.co.za,2026-07-05,18,2.5220552088742,0.0,0,0.5,-6.5892285714285705,low,0.5385,2,0.5,True,NOERROR,1,600,1,4,True,False,0,327979,ZA,True,DIAMATRIX C.C.,5,365,False,0,False,False,False,benign,no_adverse_signal
psicologacharito.com,2026-07-05,20,3.327819531114783,0.0,0,0.7777777777777778,-6.498534482758621,low,0.5217,2,0.6875,True,NOERROR,1,3600,0,2,False,False,0,16509,DE,True,"GoDaddy.com, LLC",2,365,True,0,False,False,,benign,no_adverse_signal
zimmererinnungfilstal.de,2026-07-05,24,3.5585186130489053,0.0,0,0.5,-6.973820512820512,low,0.4,3,0.6190476190476191,True,NOERROR,1,300,0,2,False,False,0,206834,DE,False,,,,False,11,False,False,,benign,no_adverse_signal
familycare.me,2026-07-05,13,3.121928094887362,0.0,0,0.6666666666666666,-6.6974,low,0.5263,3,0.9,True,NOERROR,2,3600,0,0,True,False,0,16509,US,True,"ENOM, INC.",3,365,True,29,False,False,,benign,no_adverse_signal
xasjztgs11.com,2026-07-05,14,2.9219280948873623,0.14285714285714285,0,0.14285714285714285,-10.106405882352941,low,0.4444,6,0.8,True,NOERROR,2,30,0,2,True,False,2,14618,US,True,DropCatch.com 641 LLC,1,365,False,0,False,False,,benign,no_adverse_signal
midnightroast.in,2026-07-05,16,3.3927474104487847,0.0,0,0.4444444444444444,-7.089530434782609,low,0.5455,4,0.8461538461538461,False,NOERROR,0,,3,2,True,False,0,,,,Gandi SAS,8,365,False,,,False,False,benign,no_adverse_signal
buzuluk-alcomed.ru,2026-07-05,18,3.4565647621309536,0.0,1,0.75,-7.804418518518519,low,0.48,2,0.8,True,NOERROR,1,300,2,6,True,False,0,198610,RU,True,BEGET-RU,3,365,False,1,False,False,False,benign,no_adverse_signal
cedefifree.xyz,2026-07-05,14,2.321928094887362,0.0,0,1.0,-7.120188235294117,high,0.5333,2,0.6,True,NOERROR,2,3600,1,2,True,False,0,16509,US,True,"GMO Internet, Inc.",2,365,True,71,False,False,,malicious,abuseipdb
globaldealshopping.net,2026-07-05,22,3.4613201402110083,0.0,0,0.5,-6.6143363636363635,low,0.5,3,0.6666666666666666,True,NOERROR,3,3603,0,3,False,False,0,63949,US,True,"NameSilo, LLC",2,365,True,0,False,False,,benign,no_adverse_signal
fishkaiser.com,2026-07-05,14,2.9219280948873623,0.0,0,0.6666666666666666,-7.012729411764705,low,0.5263,3,0.8,True,NOERROR,1,10800,0,3,True,False,1,197540,DE,True,"Ascio Technologies, Inc",2,365,False,0,False,False,,benign,no_adverse_signal
ribana.store,2026-07-05,12,2.251629167387823,0.0,0,1.0,-6.362744444444444,low,0.6154,1,0.8333333333333334,True,NOERROR,1,600,0,2,False,False,0,63949,SG,True,,,,False,0,False,False,,benign,no_adverse_signal
ivyhealth.co,2026-07-05,12,2.94770277922009,0.0,0,0.5,-7.727333333333333,low,0.8,3,0.8888888888888888,False,NOERROR,0,,0,2,False,False,0,,,,"Cloudflare, Inc.",2,365,True,,,False,,benign,no_adverse_signal
2yns.cn,2026-07-05,7,2.0,0.14285714285714285,0,0.0,-10.04218,low,0.6,3,1.0,True,NOERROR,1,1,0,2,False,False,0,133744,US,False,广东金万邦科技投资有限公司,5,365,False,0,False,False,,benign,no_adverse_signal
picklespeed.app,2026-07-05,15,2.845350936622437,0.0,0,0.5714285714285714,-6.747426315789474,low,0.5,3,0.7272727272727273,True,NOERROR,2,300,0,2,False,False,2,13335,US,False,,,,False,0,False,False,,benign,no_adverse_signal
ucentric.de,2026-07-05,11,2.75,0.0,0,0.6,-6.221684615384616,low,0.5714,3,0.875,True,NOERROR,1,7200,1,2,True,False,0,34788,DE,True,,,,False,0,False,False,False,benign,no_adverse_signal
essiesculinaria.nl,2026-07-05,18,3.0062389286533895,0.0,0,1.1428571428571428,-6.54517037037037,low,0.4615,2,0.6,True,NOERROR,2,300,0,2,False,False,2,13335,US,False,"NAMECHEAP, INC.",10,,False,0,False,False,,benign,no_adverse_signal
papalnix.cn,2026-07-05,11,2.5,0.0,0,0.6,-7.312715384615384,low,0.7143,2,0.75,False,timeout,0,,0,0,False,False,0,,,,北京新网数码信息技术有限公司,385,730,False,,,False,,benign,no_adverse_signal
shannonandbrett.com,2026-07-05,19,3.106890595608519,0.0,0,0.36363636363636365,-6.692170370370371,low,0.48,4,0.6666666666666666,True,NOERROR,5,60,0,2,False,False,5,14618,US,True,"ENOM, INC.",1,365,True,0,False,False,,benign,no_adverse_signal
wichitahousebuyers.com,2026-07-05,22,3.6143694458867563,0.0,0,0.8,-6.9958757575757575,low,0.4571,2,0.7222222222222222,False,NOERROR,0,,3,2,True,False,0,,,,"GMO Internet, Inc.",2,365,True,,,False,False,benign,no_adverse_signal
qentra.nl,2026-07-05,9,2.584962500721156,0.0,0,0.5,-6.814533333333333,low,0.6667,3,1.0,True,NOERROR,1,10800,1,3,True,False,0,16509,US,False,Registrar.eu,3,,False,0,False,False,False,benign,no_adverse_signal
kidspartyfavours.nl,2026-07-05,19,3.625,0.0,0,0.45454545454545453,-7.286875862068966,low,0.4828,4,0.8125,True,NOERROR,2,300,0,2,False,False,2,13335,US,False,Dynadot LLC,18,,False,0,False,False,,benign,no_adverse_signal
bitfind.shop,2026-07-05,12,2.5216406363433186,0.0,0,0.4,-6.851581818181819,low,0.6,2,0.8571428571428571,True,NOERROR,2,300,0,2,False,False,2,13335,US,False,,,,False,0,False,False,,benign,no_adverse_signal
gaming.kz,2026-07-05,9,2.2516291673878226,0.0,0,0.5,-5.7932999999999995,low,0.6154,2,0.8333333333333334,False,SERVFAIL,0,,0,0,False,False,0,,,,,,,,,,False,,benign,no_adverse_signal
alcrecorrespondente.site,2026-07-05,24,3.2608281712244547,0.0,0,0.5833333333333334,-6.351574285714286,medium,0.5,3,0.5789473684210527,True,NOERROR,1,10800,0,2,False,False,0,268581,BR,False,"HOSTINGER operations, UAB",2,365,False,0,False,False,,benign,no_adverse_signal
sciguidance.com,2026-07-05,15,3.0957952550009344,0.0,0,0.8333333333333334,-7.076084210526316,low,0.5263,2,0.8181818181818182,True,NOERROR,2,3600,0,2,False,False,0,16509,US,True,"GoDaddy.com, LLC",1,365,True,24,False,,,benign,no_adverse_signal
beso.net.cn,2026-07-05,11,2.0,0.0,0,1.0,-6.47124,low,0.6,1,1.0,False,NOERROR,0,,0,2,False,False,0,,,,阿里云计算有限公司（万网）,11,1826,False,,,False,,benign,no_adverse_signal
novakglobal.net,2026-07-05,15,2.9139770731827523,0.0,0,0.5714285714285714,-7.447747368421053,low,0.6667,3,0.7272727272727273,True,NOERROR,2,300,5,2,True,False,2,13335,US,False,NAMECHEAP INC,2,731,True,0,False,False,False,benign,no_adverse_signal
m8wafu070334.yoga,2026-07-05,17,3.251629167387823,0.4117647058823529,0,0.6666666666666666,-11.287600000000001,low,0.3333,1,0.8333333333333334,False,NOERROR,0,,0,2,False,False,0,,,,Alibaba Cloud Computing Ltd. d/b/a HiChina (www.net.cn),2,365,True,,,False,,benign,no_adverse_signal
zlib.re,2026-07-05,7,2.0,0.0,0,0.3333333333333333,-7.59246,low,0.6,2,1.0,True,NOERROR,2,300,0,2,False,False,2,13335,US,False,Hosting Concepts B.V. d/b/a Openprovider,,,False,0,False,False,,benign,no_adverse_signal
twistlog.com,2026-07-05,12,2.75,0.0,0,0.3333333333333333,-6.886715384615385,low,0.5714,3,0.875,True,NOERROR,1,1799,5,2,True,False,0,16509,US,False,"NameCheap, Inc.",2,365,False,0,False,False,False,benign,no_adverse_signal
ortacaharem15.click,2026-07-05,19,3.180832987205441,0.10526315789473684,0,0.8333333333333334,-7.401204347826087,medium,0.5263,2,0.7692307692307693,True,NOERROR,2,300,0,2,False,False,2,13335,US,False,"Dynadot, LLC",2,365,False,0,False,False,,benign,no_adverse_signal
elkoch.cz,2026-07-05,9,2.584962500721156,0.0,0,0.5,-7.675544444444444,low,0.6154,2,1.0,True,NOERROR,1,300,0,4,False,False,1,208414,CZ,True,REG-WEDOS,2,364,False,0,False,False,,benign,no_adverse_signal
karenastyle.es,2026-07-05,14,3.0957952550009344,0.0,0,0.5714285714285714,-6.537047368421053,low,0.5,4,0.8181818181818182,True,NOERROR,2,300,0,2,False,False,0,13335,US,False,,,,False,0,False,False,,benign,no_adverse_signal
acefencing.ca,2026-07-05,13,2.721928094887362,0.0,0,0.6666666666666666,-6.668235294117647,low,0.5,2,0.7,True,NOERROR,1,3600,0,2,False,False,0,16509,US,False,"Go Daddy Domains Canada, Inc",15,1096,False,0,False,False,,benign,no_adverse_signal
schrittmacher-fuer-maenner.de,2026-07-05,29,3.5465935642949384,0.0,2,0.5,-7.317267346938776,low,0.3784,4,0.5,True,NOERROR,1,10800,0,0,False,False,0,196763,DE,False,,,,False,0,False,False,,benign,no_adverse_signal
loyale.com.au,2026-07-05,13,2.2516291673878226,0.0,0,1.0,-6.967888888888889,low,0.6667,1,0.8333333333333334,True,NOERROR,1,3600,0,2,False,False,0,133618,AU,True,DROP.com.au Pty Ltd,,,False,0,False,,,benign,no_adverse_signal
yakinhai.online,2026-07-05,15,2.5,0.0,0,1.0,-7.154961538461539,medium,0.5714,2,0.75,True,NOERROR,2,600,0,2,False,False,0,16509,US,True,"GoDaddy.com, LLC",1,365,False,31,False,False,,benign,no_adverse_signal
expatbizhub.com,2026-07-05,15,3.277613436819116,0.0,0,0.5714285714285714,-7.755194736842106,low,0.4706,2,0.9090909090909091,True,NOERROR,2,600,0,2,False,False,0,16509,US,True,"GoDaddy.com, LLC",2,1826,True,37,False,False,,benign,no_adverse_signal
kexuema.cn,2026-07-05,10,2.5216406363433186,0.0,0,1.3333333333333333,-7.890972727272728,low,0.4762,1,0.8571428571428571,False,NOERROR,0,,0,4,False,False,0,,,,厦门三五互联信息有限公司,0,365,False,,,,,unknown,no_reputation_coverage
uskp.pl,2026-07-05,7,2.0,0.0,0,0.3333333333333333,-8.39336,low,0.6667,3,1.0,True,NOERROR,1,10800,1,2,True,False,0,50840,PL,True,premium.pl Sp. z o.o.,2578,2922,False,0,False,False,False,benign,no_adverse_signal
confrontedgpt.xyz,2026-07-05,17,3.238901256602631,0.0,0,0.3,-7.06344347826087,high,0.6087,4,0.7692307692307693,True,NOERROR,2,3600,1,2,True,False,0,16509,US,True,"GMO Internet, Inc.",2,365,True,71,False,False,,malicious,abuseipdb
555qq6.app,2026-07-05,10,1.4591479170272448,0.4,0,0.0,-12.297877777777778,low,0.2222,2,0.5,True,NOERROR,2,300,0,2,False,False,2,13335,US,False,,,,False,0,False,False,,benign,no_adverse_signal
andloop.org,2026-07-05,11,2.521640636343318,0.0,0,0.75,-6.895545454545455,low,0.6154,3,0.8571428571428571,True,NOERROR,2,3600,0,2,False,False,0,16509,US,True,"GoDaddy.com, LLC",1,365,False,24,False,False,,benign,no_adverse_signal
db567.app,2026-07-05,9,2.321928094887362,0.3333333333333333,0,0.0,-11.738214285714287,low,0.4444,2,1.0,True,NOERROR,2,300,0,2,False,False,2,13335,US,False,,,,False,0,False,False,,benign,no_adverse_signal
pates-daminiani.fr,2026-07-05,18,3.1395722619867232,0.0,1,1.0,-6.544751851851852,low,0.5,1,0.6666666666666666,False,NOERROR,0,,0,2,False,False,0,,,,Hosting Concepts B.V. d/b/a Openprovider,18,364,False,,,False,,benign,no_adverse_signal
mercuryagent.global,2026-07-05,19,3.2516291673878226,0.0,0,0.5,-6.755347619047619,low,0.5185,2,0.8333333333333334,True,NOERROR,3,3600,1,2,True,False,0,58182,US,True,,,,,19,False,False,False,benign,no_adverse_signal
bruehmeister.com,2026-07-05,16,3.0220552088742,0.0,0,0.7142857142857143,-7.26967142857143,low,0.6,2,0.75,True,NOERROR,2,300,2,2,True,False,2,13335,US,False,Porkbun LLC,2,365,False,0,False,False,False,benign,no_adverse_signal
fugi.com.br,2026-07-05,11,2.0,0.0,0,1.0,-8.53148,low,0.5,1,1.0,False,NOERROR,0,,1,2,True,False,0,,,,,18,365,True,,,False,,benign,no_adverse_signal
plugd.pro,2026-07-05,9,2.321928094887362,0.0,0,0.25,-8.082442857142857,low,0.6,2,1.0,True,NOERROR,1,150,1,2,False,False,1,6724,DE,True,,,,,0,False,False,False,benign,no_adverse_signal
wgzjx.cn,2026-07-05,8,2.321928094887362,0.0,0,0.0,-12.160942857142857,low,0.5,5,1.0,False,NOERROR,0,,0,2,False,False,0,,,,广东金万邦科技投资有限公司,6,365,False,,,False,,benign,no_adverse_signal
newimage.me,2026-07-05,11,2.75,0.0,0,1.0,-6.647476923076923,low,0.6154,1,0.875,True,NOERROR,2,3600,1,2,True,False,0,16509,US,True,Dominet (HK) Limited,10,365,True,29,False,False,,benign,no_adverse_signal
f2fspacealttra4fficservices.autos,2026-07-05,33,3.531941205546659,0.06060606060606061,0,0.47058823529411764,-7.676688235294118,low,0.6122,4,0.48148148148148145,False,NOERROR,0,,0,2,False,False,0,,,,"NameSilo, LLC",2,365,True,,,False,,benign,no_adverse_signal
omnimedia6726.shop,2026-07-05,18,3.238901256602631,0.2222222222222222,0,1.25,-8.685978260869565,low,0.5556,2,0.7692307692307693,False,NOERROR,0,,1,2,False,False,0,,,,,,,False,,,False,False,benign,no_adverse_signal
bedroombox.co.za,2026-07-05,16,2.6464393446710153,0.0,0,0.6666666666666666,-7.1263941176470595,low,0.7059,2,0.7,True,NOERROR,1,7200,1,4,True,False,0,37611,ZA,True,Afrihost,4,365,False,0,False,,False,benign,no_adverse_signal
zk020.com,2026-07-05,9,1.9219280948873623,0.3333333333333333,0,0.0,-11.608,low,0.4,2,0.8,True,NOERROR,2,30,0,2,True,False,2,14618,US,True,DropCatch.com 959 LLC,1,365,False,0,False,False,,benign,no_adverse_signal
47598143.app,2026-07-05,12,2.75,0.6666666666666666,0,0.0,-11.366861538461539,low,0.3636,0,0.875,True,NOERROR,2,600,0,2,False,False,0,16509,US,True,,,,False,37,False,False,,benign,no_adverse_signal
1stchoicegasservicesltd.co.uk,2026-07-05,29,3.5883543471732335,0.034482758620689655,0,0.4666666666666667,-7.017716279069767,low,0.5641,4,0.6086956521739131,True,NOERROR,2,600,0,2,False,False,0,16509,US,True,"GoDaddy.com, LLC. [Tag = GODADDY]",6,1096,False,37,False,False,,benign,no_adverse_signal
생할.com,2026-07-05,6,1.0,0.0,0,0.0,,low,,2,1.0,True,NOERROR,2,180,0,4,False,False,0,16509,US,True,"Megazone Corp., dba HOSTING.KR",1,365,False,0,False,False,,benign,no_adverse_signal
chiefofstaffinstitute.ai,2026-07-05,24,3.2135132560090707,0.0,0,0.6153846153846154,-7.038789743589743,low,0.4516,3,0.5238095238095238,True,NOERROR,1,600,0,2,False,False,0,55293,US,False,"GoDaddy.com, LLC",5,731,True,0,False,False,,benign,no_adverse_signal
danielkrieg.de,2026-07-05,14,3.095795255000934,0.0,0,0.8333333333333334,-7.382526315789474,low,0.5,3,0.8181818181818182,True,NOERROR,2,300,0,2,False,False,2,13335,US,False,,,,False,0,False,False,,benign,no_adverse_signal
onlinecricketids.com,2026-07-05,20,3.327819531114783,0.0,0,0.6,-6.313110344827586,low,0.5517,2,0.6875,True,NOERROR,1,1800,5,2,True,False,0,22612,US,False,NAMECHEAP INC,2,365,True,0,False,False,False,benign,no_adverse_signal
knowtheevent.com,2026-07-05,16,2.8553885422075336,0.0,0,0.5,-7.109157142857144,low,0.4545,3,0.6666666666666666,True,NOERROR,2,300,0,2,False,False,2,13335,US,False,"NameSilo, LLC",1,365,True,0,False,False,,benign,no_adverse_signal
allototo10.makeup,2026-07-05,17,2.446439344671015,0.11764705882352941,0,1.0,-7.029582352941176,low,0.5385,2,0.6,True,NOERROR,2,300,0,2,False,False,0,13335,GB,False,NAMECHEAP INC,2,365,True,2,False,False,,benign,no_adverse_signal
ctfs.co.uk,2026-07-05,10,2.0,0.0,0,0.0,-8.95368,low,0.5714,4,1.0,True,NOERROR,1,3600,0,2,False,False,0,206834,CA,False,D Frankland [Tag = FRANKLAND],8847,9131,False,0,False,False,,benign,no_adverse_signal
beautyeliminate.world,2026-07-05,21,3.189898095464287,0.0,0,1.1428571428571428,-6.788388888888888,low,0.4615,2,0.6666666666666666,True,NOERROR,2,300,0,2,False,False,2,13335,US,False,,,,,0,False,False,,benign,no_adverse_signal
picktechs.com,2026-07-05,13,2.94770277922009,0.0,0,0.2857142857142857,-6.916593333333334,low,0.5556,3,0.8888888888888888,True,NOERROR,3,3600,0,2,False,False,0,58182,US,True,Wix.com Ltd.,1,365,False,9,False,False,,benign,no_adverse_signal
62929.cc,2026-07-05,8,1.5219280948873621,0.625,0,0.0,-11.228885714285715,low,0.25,0,0.6,True,NOERROR,2,300,0,2,False,False,2,13335,US,False,"Spaceship, Inc.",2,365,False,0,False,False,,benign,no_adverse_signal
762469523.xyz,2026-07-05,13,2.725480556997868,0.6923076923076923,0,0.0,-11.172986666666667,high,0.3333,0,0.7777777777777778,False,NOERROR,0,,0,2,False,False,0,,,,"NameSilo, LLC",2,365,True,,,False,,benign,no_adverse_signal
littleceo.cn,2026-07-05,12,2.5032583347756456,0.0,0,0.8,-7.027153333333333,low,0.5333,3,0.6666666666666666,False,NOERROR,0,,0,2,False,False,0,,,,北京新网数码信息技术有限公司,1479,1826,False,,,False,,benign,no_adverse_signal
sovvi.org,2026-07-05,9,1.9219280948873623,0.0,0,0.6666666666666666,-8.830014285714286,low,0.5,2,0.8,False,NOERROR,0,,0,2,False,False,0,,,,"Cloudflare, Inc.",1,365,False,,,False,,benign,no_adverse_signal
holasoyfrancys.com,2026-07-05,18,3.2359263506290334,0.0,0,0.4,-7.353516,low,0.4667,4,0.7142857142857143,True,NOERROR,1,1800,0,2,False,False,1,47583,BR,False,"HOSTINGER operations, UAB",1,365,False,0,False,False,,benign,no_adverse_signal
jackbitcasinos.net,2026-07-05,18,3.2359263506290334,0.0,0,0.5555555555555556,-6.801748,low,0.5217,3,0.7142857142857143,True,NOERROR,2,300,0,2,False,False,2,13335,US,False,URL SOLUTIONS INC.,3,365,True,0,False,False,,benign,no_adverse_signal
bobabnovakijab.info,2026-07-05,19,2.7534343861887853,0.0,0,0.75,-7.8613480000000004,medium,0.4762,2,0.5714285714285714,True,NOERROR,1,1800,5,2,True,False,0,22612,US,False,,,,,0,False,False,False,benign,no_adverse_signal
dnastrings.co.za,2026-07-05,16,2.9219280948873623,0.0,0,0.25,-6.216311764705883,low,0.6667,3,0.8,False,NOERROR,0,,3,2,True,False,0,,,,Gandi,9,365,False,,,False,False,benign,no_adverse_signal
kotobuki-pro.com,2026-07-05,16,3.0220552088742,0.0,1,0.8333333333333334,-7.669785714285715,low,0.6,2,0.75,True,NOERROR,1,3600,1,5,True,False,0,131965,JP,True,"XServer, Inc.",2,365,False,0,False,False,False,benign,no_adverse_signal
06098.cn,2026-07-05,8,1.9219280948873623,0.625,0,0.0,-10.685157142857141,low,0.5,0,0.8,True,NOERROR,1,600,0,2,False,False,0,45102,HK,False,阿里云计算有限公司（万网）,8,365,False,0,False,False,,benign,no_adverse_signal
eroticmonkey.io,2026-07-05,15,3.2516291673878226,0.0,0,0.7142857142857143,-6.907909523809524,low,0.5185,2,0.8333333333333334,True,NOERROR,2,300,0,2,False,False,2,13335,US,False,"Spaceship, Inc.",4,365,True,0,False,False,,benign,no_adverse_signal
gcustom.com.br,2026-07-05,14,2.807354922057604,0.0,0,0.4,-7.055672727272727,low,0.5333,2,1.0,True,NOERROR,2,1800,0,2,False,False,0,16509,US,False,,13,365,False,0,False,False,,benign,no_adverse_signal
paru.com.ar,2026-07-05,11,2.0,0.0,0,1.0,-6.40584,low,0.5714,1,1.0,True,NOERROR,1,300,5,2,False,False,1,209242,US,False,nicar,4462,4763,False,46,,False,False,benign,no_adverse_signal
datafob.com.br,2026-07-05,14,2.5216406363433186,0.0,0,0.75,-7.022200000000001,low,0.625,1,0.8571428571428571,True,NOERROR,2,300,0,2,False,False,2,13335,US,False,,6,1096,False,0,False,False,,benign,no_adverse_signal
yishe-prox.com,2026-07-05,14,3.321928094887362,0.0,1,0.5,-7.297723529411765,low,0.5556,2,1.0,False,NOERROR,0,,0,2,False,False,0,,,,"Cloudflare, Inc.",2,365,True,,,False,,benign,no_adverse_signal
goldenbahis904.cam,2026-07-05,18,3.8073549220576055,0.16666666666666666,0,0.5714285714285714,-8.251208,low,0.5833,2,1.0,True,NOERROR,2,300,0,2,False,False,2,13335,US,False,Dynadot Inc,2,365,False,0,False,False,,benign,no_adverse_signal
kibabnovatejab.info,2026-07-05,19,3.128085278891395,0.0,0,0.75,-7.671664,medium,0.4762,2,0.7142857142857143,True,NOERROR,1,1800,5,2,True,False,0,22612,US,False,,,,,0,False,False,False,benign,no_adverse_signal
kissasian.is,2026-07-05,12,2.197159723424149,0.0,0,0.8,-6.617633333333333,low,0.5556,2,0.5555555555555556,False,NOERROR,0,,0,2,False,False,0,,,,,10,365,False,,,False,,benign,no_adverse_signal
thesocialtable.co,2026-07-05,17,3.2359263506290326,0.0,0,0.75,-6.579724,low,0.5385,2,0.7142857142857143,True,NOERROR,3,3600,0,2,False,False,0,58182,US,True,Tucows Domains Inc.,17,365,False,9,False,False,,benign,no_adverse_signal
kuangt.cn,2026-07-05,9,2.584962500721156,0.0,0,0.5,-7.2374222222222215,low,0.5,3,1.0,True,NOERROR,1,600,0,2,False,False,0,58061,US,False,阿里云计算有限公司（万网）,5,365,False,0,False,False,,benign,no_adverse_signal
coaching-space.de,2026-07-05,17,3.3248629576173574,0.0,1,0.625,-6.871192,low,0.4762,2,0.7857142857142857,True,NOERROR,1,3600,0,2,False,False,0,24940,DE,True,,,,False,0,False,False,,benign,no_adverse_signal
buyviralai.cyou,2026-07-05,15,2.9219280948873623,0.0,0,1.0,-7.558629411764706,low,0.4762,2,0.8,False,NOERROR,0,,0,2,False,False,0,,,,Dynadot Inc,2,365,False,,,False,,benign,no_adverse_signal
catanien.de,2026-07-05,11,2.5,0.0,0,1.0,-6.189246153846154,low,0.5882,1,0.75,True,NOERROR,1,3600,0,2,False,False,0,24940,DE,True,,,,False,0,False,False,,benign,no_adverse_signal
lp-clean-renove.fr,2026-07-05,18,3.189898095464287,0.0,2,0.625,-7.299285185185186,low,0.4667,2,0.6666666666666666,True,NOERROR,1,3600,2,4,True,False,1,8560,DE,True,IONOS SE,1,364,False,1,False,False,False,benign,no_adverse_signal
veniron.com,2026-07-05,11,2.5216406363433186,0.0,0,0.75,-6.515654545454546,low,0.5882,1,0.8571428571428571,False,NOERROR,0,,0,2,False,False,0,,,,"Cloudflare, Inc.",1,731,True,,,False,,benign,no_adverse_signal
flickwin.com,2026-07-05,12,2.75,0.0,0,0.3333333333333333,-7.029723076923077,low,0.7143,3,0.875,True,NOERROR,2,3600,1,2,True,False,0,16509,US,True,"Gransy, s.r.o.",1,365,False,71,False,False,,malicious,abuseipdb
sman2lampung.biz.id,2026-07-05,19,3.0849625007211556,0.05263157894736842,0,0.375,-8.030842857142856,low,0.6316,2,0.75,True,NOERROR,2,300,0,2,False,False,2,13335,US,False,,,,False,0,False,False,,benign,no_adverse_signal
asrecibo.com,2026-07-05,12,3.0,0.0,0,1.0,-7.3442,low,0.6154,2,1.0,True,NOERROR,3,10800,0,3,False,False,0,22894,MX,True,Akky Online Solutions S.A. de C.V.,2579,2922,True,0,False,False,,benign,no_adverse_signal
inhlanganoyabantu.com,2026-07-05,21,3.1462863706621045,0.0,0,0.7,-7.024193548387097,low,0.4286,3,0.6470588235294118,True,NOERROR,2,600,0,2,False,False,0,16509,US,True,"GoDaddy.com, LLC",1,1096,True,31,False,False,,benign,no_adverse_signal
0629166.com,2026-07-05,11,2.1280852788913944,0.6363636363636364,0,0.0,-10.929045454545454,low,0.4,0,0.7142857142857143,True,NOERROR,1,600,0,2,False,False,0,9294,SC,False,"GMO Internet, Inc.",2,365,True,0,False,False,,benign,no_adverse_signal
savi34.ee,2026-07-05,9,2.584962500721156,0.2222222222222222,0,1.0,-9.112255555555556,low,0.5,1,1.0,True,NOERROR,1,1800,2,3,True,False,0,61189,EE,True,Elkdata OÜ,2,365,False,0,False,False,False,benign,no_adverse_signal
robotbureau.xyz,2026-07-05,15,2.7321588913645702,0.0,0,1.2,-6.969042105263158,high,0.5217,2,0.6363636363636364,True,NOERROR,2,3600,1,2,True,False,0,16509,US,True,"GMO Internet, Inc.",2,365,True,71,False,False,,malicious,abuseipdb
chame.io,2026-07-05,8,2.321928094887362,0.0,0,0.6666666666666666,-5.986071428571429,low,0.6667,2,1.0,True,NOERROR,1,1799,5,2,True,False,0,54113,US,False,NAMECHEAP INC,4,365,True,0,False,False,False,benign,no_adverse_signal
maasacademy.com,2026-07-05,15,2.5503407095463886,0.0,0,0.8333333333333334,-6.956484210526316,low,0.4706,2,0.6363636363636364,True,NOERROR,1,1800,5,2,True,False,0,22612,US,False,NAMECHEAP INC,2,365,True,0,False,False,False,benign,no_adverse_signal
vugtigellatoiledgrintern.garden,2026-07-05,31,3.4276942711037672,0.0,0,0.6,-7.163508888888888,low,0.439,3,0.5,True,NOERROR,2,300,0,2,False,False,0,16509,US,True,"Spaceship, Inc.",2,365,True,1,False,False,,benign,no_adverse_signal
masjidlocator.in,2026-07-05,16,3.3927474104487847,0.0,0,0.625,-7.405921739130434,low,0.5455,2,0.8461538461538461,True,NOERROR,2,300,0,2,False,False,2,13335,US,False,"GoDaddy.com, LLC",14,365,False,0,False,False,,benign,no_adverse_signal
downza.com.cn,2026-07-05,13,2.584962500721156,0.0,0,0.5,-8.321744444444445,low,0.5,3,1.0,True,NOERROR,2,300,0,2,False,False,2,13335,US,False,腾讯云计算（北京）有限责任公司,3,365,False,0,False,False,,benign,no_adverse_signal
tracefuseboost.co,2026-07-05,17,3.2359263506290326,0.0,0,0.75,-6.739504,low,0.5455,2,0.7142857142857143,True,NOERROR,2,9,0,4,False,False,0,16509,US,True,Porkbun,394,730,False,2,False,False,,benign,no_adverse_signal
businessfundingprinsights.com,2026-07-05,29,3.379470570797251,0.0,0,0.3888888888888889,-6.674882978723404,low,0.6,4,0.52,True,NOERROR,1,1800,5,2,True,False,0,22612,US,False,NAMECHEAP INC,2,365,True,0,False,False,False,benign,no_adverse_signal
rewardnfts.xyz,2026-07-05,14,3.121928094887362,0.0,0,0.25,-7.4438,high,0.5333,6,0.9,True,NOERROR,2,3600,1,2,True,False,0,16509,US,True,"GMO Internet, Inc.",2,365,True,29,False,False,,benign,no_adverse_signal
befenischmallenberg.de,2026-07-05,22,3.5110854081804264,0.0,0,0.46153846153846156,-6.961157142857143,low,0.4848,4,0.6842105263157895,True,NOERROR,2,300,0,2,False,False,2,13335,US,False,,,,False,0,False,False,,benign,no_adverse_signal
anwangspw7.com,2026-07-05,14,2.721928094887362,0.07142857142857142,0,0.2857142857142857,-8.338435294117646,low,0.5556,5,0.7,True,NOERROR,1,1,0,2,False,True,0,40065,US,False,"NameSilo, LLC",2,365,True,0,False,False,,benign,no_adverse_signal
kinetic-house.ru,2026-07-05,16,3.3927474104487847,0.0,1,1.0,-6.678617391304348,low,0.5,1,0.8461538461538461,True,NOERROR,1,10800,0,2,False,False,0,197695,RU,False,REGRU-RU,2,365,False,0,False,False,,benign,no_adverse_signal
jxdz.org.cn,2026-07-05,11,2.0,0.0,0,0.0,-11.05738,low,0.5,4,1.0,True,NOERROR,1,1,0,2,False,False,0,40065,US,False,郑州龙名网络科技有限公司,13,365,False,0,False,False,,benign,no_adverse_signal
restrike.hr,2026-07-05,11,2.5,0.0,0,0.6,-6.155084615384615,low,0.7143,3,0.75,True,NOERROR,1,10800,1,2,True,False,0,61211,HR,True,,2881,3231,False,0,False,False,False,benign,no_adverse_signal
akmusicvideo.com,2026-07-05,16,3.418295834054489,0.0,0,1.0,-7.536085714285714,low,0.6087,2,0.9166666666666666,True,NOERROR,2,26,0,4,False,False,0,16509,US,True,Porkbun LLC,743,1095,False,2,False,False,,benign,no_adverse_signal
ojy.uk,2026-07-05,6,1.584962500721156,0.0,0,0.5,-10.128533333333333,low,0.4444,2,1.0,True,NOERROR,2,300,3,2,True,False,2,13335,US,False,Voove Limited [Tag = VOOVE],15,365,False,0,False,False,False,benign,no_adverse_signal
lakewood.me,2026-07-05,11,2.75,0.0,0,1.0,-7.312115384615385,low,0.5,1,0.875,True,NOERROR,2,3600,1,2,True,False,0,16509,US,True,Dominet (HK) Limited,5,365,True,29,False,,,benign,no_adverse_signal
tbillrestake.xyz,2026-07-05,16,3.084962500721156,0.0,0,0.5,-6.785357142857143,high,0.5,3,0.75,True,NOERROR,2,3600,1,2,True,False,0,16509,US,True,"GMO Internet, Inc.",1,365,True,29,False,False,,benign,no_adverse_signal
rf-marketingagencycrew.com,2026-07-05,26,3.663532754804254,0.0,1,0.4,-7.0185512195121955,low,0.5,5,0.6363636363636364,True,NOERROR,2,300,1,2,True,False,2,13335,US,False,Dynadot Inc,1,365,False,0,False,False,False,benign,no_adverse_signal
pbc888login.net,2026-07-05,15,3.027169118440619,0.2,0,0.3333333333333333,-9.02308947368421,low,0.5263,3,0.8181818181818182,True,NOERROR,1,300,0,2,False,False,0,206834,DE,False,Dynadot Inc,3,365,False,11,False,False,,benign,no_adverse_signal
lauravphotography.co.uk,2026-07-05,23,3.337175341123077,0.0,0,0.5454545454545454,-7.3874387096774194,low,0.5,3,0.6470588235294118,False,NOERROR,0,,3,2,True,False,0,,,,"Namecheap, Inc. [Tag = NAMECHEAP-INC]",13,365,False,,,False,False,benign,no_adverse_signal
pmfet.ch,2026-07-05,8,2.321928094887362,0.0,0,0.25,-8.766371428571428,low,0.5455,3,1.0,True,NOERROR,1,60,0,2,False,True,0,59371,HK,False,,,,False,0,False,True,,malicious,spamhaus_dbl
blockchainchina.xyz,2026-07-05,19,3.0565647621309546,0.0,0,0.5,-6.596185185185186,high,0.6364,4,0.6,True,NOERROR,2,43,0,4,False,False,0,16509,US,True,Porkbun LLC,381,730,False,2,False,False,,benign,no_adverse_signal
cashflowintake.xyz,2026-07-05,18,3.6644977792004623,0.0,0,0.5555555555555556,-6.941520000000001,high,0.5217,4,0.9285714285714286,True,NOERROR,2,3600,1,2,True,False,0,16509,US,True,"GMO Internet, Inc.",2,365,True,71,False,False,,malicious,abuseipdb
tradepayclient.xyz,2026-07-05,18,3.3787834934861767,0.0,0,0.5555555555555556,-6.530824,high,0.5,3,0.7857142857142857,True,NOERROR,2,3600,1,2,True,False,0,16509,US,True,"GMO Internet, Inc.",2,365,True,71,False,False,,malicious,abuseipdb
harrisonroofinghelensburgh.com,2026-07-05,30,3.53641423712223,0.0,0,0.5294117647058824,-7.063687755102041,low,0.3889,3,0.5,True,NOERROR,1,10800,3,2,True,False,0,15169,GB,True,"TUCOWS.COM, CO.",420,730,True,0,False,,False,benign,no_adverse_signal
suff.eu,2026-07-05,7,1.5,0.0,0,0.3333333333333333,-8.28698,low,0.5714,2,0.75,True,NOERROR,1,10800,1,2,True,False,0,47846,DE,False,"Dynadot, LLC",,,False,10,False,False,False,benign,no_adverse_signal
decorationmobilier.com,2026-07-05,22,3.419381945646371,0.0,0,1.0,-6.395033333333333,low,0.5385,2,0.6666666666666666,True,NOERROR,1,3600,0,2,False,False,0,13335,CA,True,"GoDaddy.com, LLC",2,365,True,0,False,False,,benign,no_adverse_signal
tannenbaumfarm.de,2026-07-05,17,2.9852281360342516,0.0,0,0.5555555555555556,-7.36308,low,0.4545,2,0.6428571428571429,True,NOERROR,1,3600,0,2,False,False,0,24940,DE,True,,,,False,0,False,False,,benign,no_adverse_signal
thisjustin.co,2026-07-05,13,2.721928094887362,0.0,0,0.42857142857142855,-7.132341176470588,low,0.5455,2,0.7,True,NOERROR,2,3600,1,2,True,False,0,16509,US,True,"Spaceship, Inc.",6,365,False,71,False,False,,malicious,abuseipdb
aiczoin.com.cn,2026-07-05,14,2.5216406363433186,0.0,0,1.3333333333333333,-8.179554545454545,low,0.6154,2,0.8571428571428571,True,NOERROR,2,300,0,2,False,False,2,13335,US,False,Web Commerce Communications Limited,2,365,False,0,False,True,,malicious,spamhaus_dbl
firmlyswap.xyz,2026-07-05,14,3.321928094887362,0.0,0,0.25,-8.009911764705882,high,0.5333,6,1.0,True,NOERROR,2,3600,1,2,True,False,0,16509,US,True,"GMO Internet, Inc.",2,365,True,29,False,False,,benign,no_adverse_signal
solarbt.pl,2026-07-05,10,2.807354922057604,0.0,0,0.4,-7.215481818181818,low,0.5714,3,1.0,True,NOERROR,2,300,0,2,False,False,2,13335,US,False,Dynadot LLC,9,365,False,0,False,False,,benign,no_adverse_signal
xrny.cloud,2026-07-05,10,2.0,0.0,0,0.0,-9.445699999999999,low,0.5714,4,1.0,False,NOERROR,0,,0,2,False,False,0,,,,Alibaba Cloud Computing Ltd.,1,365,False,,,False,,benign,no_adverse_signal
jiweishuyuan.cn,2026-07-05,15,3.2516291673878226,0.0,0,1.0,-8.111985714285714,low,0.4706,2,0.8333333333333334,True,NOERROR,1,1,0,2,False,False,0,53587,US,False,大庆市卓创多媒体制作有限公司,14,365,False,0,False,False,,benign,no_adverse_signal
coinmarketcap.me,2026-07-05,16,3.3927474104487847,0.0,0,0.625,-6.678943478260869,low,0.5,2,0.8461538461538461,True,NOERROR,2,3600,1,2,True,False,0,16509,US,True,Dominet (HK) Limited,10,365,True,29,False,False,,benign,no_adverse_signal
magvid.cn,2026-07-05,9,2.584962500721156,0.0,0,0.5,-7.647833333333334,low,0.7273,2,1.0,False,NOERROR,0,,0,2,False,False,0,,,,北京新网数码信息技术有限公司,2209,2556,False,,,False,,benign,no_adverse_signal
stephencowangolf.com,2026-07-05,20,3.625,0.0,0,0.45454545454545453,-6.904137931034483,low,0.5,2,0.8125,False,NOERROR,0,,3,2,True,False,0,,,,"Amazon Registrar, Inc.",2,365,True,,,False,False,benign,no_adverse_signal
hidemyemails.link,2026-07-05,17,3.0849625007211556,0.0,0,0.7142857142857143,-7.140238095238095,medium,0.6,2,0.75,True,NOERROR,1,1800,5,2,True,False,0,22612,US,False,NAMECHEAP INC,2,365,True,0,False,,False,benign,no_adverse_signal
burnsdev.xyz,2026-07-05,12,3.0,0.0,0,0.3333333333333333,-7.276938461538462,high,0.5217,4,1.0,True,NOERROR,2,3600,1,2,True,False,0,16509,US,True,"GMO Internet, Inc.",2,365,True,71,False,False,,malicious,abuseipdb
comfortshopping.de,2026-07-05,18,3.456564762130954,0.0,0,0.36363636363636365,-6.671825925925925,low,0.5,4,0.8,True,NOERROR,2,300,0,2,False,False,2,13335,US,False,,,,False,0,False,False,,benign,no_adverse_signal
memoryragvault.xyz,2026-07-05,18,3.3787834934861767,0.0,0,0.5555555555555556,-7.769184,high,0.4545,3,0.7857142857142857,True,NOERROR,2,3600,1,2,True,False,0,16509,US,True,"GMO Internet, Inc.",1,365,True,71,False,False,,malicious,abuseipdb
huaxin54.shop,2026-07-05,13,3.0,0.15384615384615385,0,1.0,-9.177853846153846,low,0.5714,1,1.0,True,NOERROR,2,300,0,2,False,False,2,13335,US,False,,,,False,0,False,False,,benign,no_adverse_signal
acquiredapps.xyz,2026-07-05,16,3.2516291673878226,0.0,0,0.7142857142857143,-7.2877285714285716,high,0.5455,3,0.8333333333333334,True,NOERROR,2,3600,1,2,True,False,0,16509,US,True,"GMO Internet, Inc.",2,365,True,71,False,False,,malicious,abuseipdb
ricardodeoliveira.com.br,2026-07-05,24,3.057476076289932,0.0,0,1.125,-6.686548387096774,low,0.5517,2,0.5294117647058824,True,NOERROR,1,3600,4,3,True,False,0,27715,BR,False,,5520,5844,False,0,False,False,False,benign,no_adverse_signal
fishtoken.io,2026-07-05,12,3.169925001442312,0.0,0,0.5,-7.135113333333334,low,0.5714,3,1.0,True,NOERROR,2,3600,0,2,False,False,0,16509,US,True,"GoDaddy.com, LLC",13,365,True,24,False,False,,benign,no_adverse_signal
gsbsamajblore.org,2026-07-05,17,3.238901256602631,0.0,0,0.4444444444444444,-7.743060869565217,low,0.5217,4,0.7692307692307693,True,NOERROR,1,50,0,2,False,False,0,47583,CY,False,"HOSTINGER operations, UAB",2,365,False,33,False,False,,benign,no_adverse_signal
klimaanlagecheck.com,2026-07-05,20,3.202819531114783,0.0,0,0.6,-6.927737931034483,low,0.5926,2,0.625,True,NOERROR,2,300,0,2,False,False,0,16509,US,True,"Spaceship, Inc.",2,365,False,1,False,False,,benign,no_adverse_signal
47598905.app,2026-07-05,12,2.5,0.6666666666666666,0,0.0,-11.089723076923077,low,0.1818,0,0.75,True,NOERROR,2,600,0,2,False,False,0,16509,US,True,,,,False,31,False,False,,benign,no_adverse_signal
qwxyrc69.vip,2026-07-05,12,3.0,0.16666666666666666,0,0.0,-10.956453846153845,low,0.375,6,1.0,True,NOERROR,1,10,0,2,False,True,0,209242,US,True,Dynadot Inc,1,365,True,0,False,True,,malicious,spamhaus_dbl
compliantllm.xyz,2026-07-05,16,3.0220552088742,0.0,0,0.3333333333333333,-6.919861904761905,high,0.5556,5,0.75,True,NOERROR,2,3600,1,2,True,False,0,16509,US,True,"GMO Internet, Inc.",2,365,True,71,False,False,,malicious,abuseipdb
ekfhjgsbdhvbfuaqebhg.store,2026-07-05,26,3.5464393446710156,0.0,0,0.25,-10.301475675675675,low,0.3448,12,0.65,True,NOERROR,1,7200,0,4,False,False,1,13335,CA,True,,,,False,0,False,,,benign,no_adverse_signal
eled.me,2026-07-05,7,1.5,0.0,0,1.0,-6.20866,low,0.7273,1,0.75,True,NOERROR,2,3600,1,2,True,False,0,16509,US,True,Dominet (HK) Limited,10,365,True,29,False,False,,benign,no_adverse_signal
sqsorteos.com,2026-07-05,13,2.4193819456463714,0.0,0,0.5,-7.666533333333334,low,0.5333,3,0.6666666666666666,True,NOERROR,1,300,2,4,True,False,0,47583,US,True,"Name.com, Inc.",2,365,True,0,False,False,False,benign,no_adverse_signal
jokedapp.xyz,2026-07-05,12,2.75,0.0,0,0.6,-7.163184615384615,high,0.5185,2,0.875,True,NOERROR,2,3600,1,2,True,False,0,16509,US,True,"GMO Internet, Inc.",2,365,True,71,False,False,,malicious,abuseipdb
ptc-conveyancing.co.uk,2026-07-05,22,3.4056390622295662,0.0,1,0.36363636363636365,-7.209865517241379,low,0.5,3,0.75,True,NOERROR,2,300,0,2,False,False,2,13335,US,False,"Namecheap, Inc. [Tag = NAMECHEAP-INC]",8,365,False,0,False,False,,benign,no_adverse_signal
margenfeld-foto.de,2026-07-05,18,3.5068905956085183,0.0,1,0.5555555555555556,-7.417377777777777,low,0.48,2,0.8,True,NOERROR,1,7200,1,2,True,False,0,34788,DE,True,,,,False,0,False,False,False,benign,no_adverse_signal
310zhibopindao.com.cn,2026-07-05,21,3.521640636343319,0.14285714285714285,0,0.8333333333333334,-8.545563999999999,low,0.4762,2,0.8571428571428571,True,NOERROR,1,300,0,2,False,False,0,132839,CL,False,合肥欢鹿网络科技有限公司,10,365,False,0,False,False,,benign,no_adverse_signal
villabetlem.nl,2026-07-05,14,2.8453509366224368,0.0,0,0.5714285714285714,-6.7000789473684215,low,0.5263,2,0.7272727272727273,True,NOERROR,2,300,0,2,False,False,2,13335,US,False,"NAMECHEAP, INC.",14,,False,0,False,False,,benign,no_adverse_signal
galileo.uk.com,2026-07-05,14,1.0,0.0,0,1.0,,low,,1,1.0,False,NOERROR,0,,0,0,False,False,0,,,,,,,,,,False,,benign,no_adverse_signal
clevelcareers.com,2026-07-05,17,2.6235166412180155,0.0,0,0.625,-6.46874347826087,low,0.5333,2,0.5384615384615384,True,NOERROR,1,10800,1,2,True,False,0,46606,US,True,"GoDaddy.com, LLC",2,365,True,0,False,False,False,benign,no_adverse_signal
flairplay.co.uk,2026-07-05,15,2.725480556997868,0.0,0,0.5,-6.86876,low,0.5333,3,0.7777777777777778,True,NOERROR,1,1800,5,2,True,False,0,22612,US,False,"Namecheap, Inc. [Tag = NAMECHEAP-INC]",11,365,False,0,False,False,False,benign,no_adverse_signal
rs-complex.de,2026-07-05,13,3.321928094887362,0.0,1,0.2857142857142857,-6.861223529411765,low,0.5333,3,1.0,True,NOERROR,1,3600,0,2,False,False,0,24940,DE,True,,,,False,0,False,False,,benign,no_adverse_signal
soumilive.com,2026-07-05,13,2.94770277922009,0.0,0,1.25,-6.727180000000001,low,0.6154,1,0.8888888888888888,False,NOERROR,0,,0,4,False,False,0,,,,Dominet (HK) Limited,2,365,False,,,False,,benign,no_adverse_signal
npikit.dev,2026-07-05,10,2.2516291673878226,0.0,0,0.5,-7.3553999999999995,low,0.6667,2,0.8333333333333334,True,NOERROR,2,600,0,2,False,False,0,16509,US,True,,,,False,37,False,False,,benign,no_adverse_signal
vimezz.nl,2026-07-05,9,2.2516291673878226,0.0,0,0.5,-7.713044444444445,low,0.7273,2,0.8333333333333334,True,NOERROR,1,1800,5,2,True,False,0,22612,US,False,"NAMECHEAP, INC.",18,,False,0,False,False,False,benign,no_adverse_signal
hillsmadetactical.com,2026-07-05,21,3.175123135113461,0.0,0,0.5454545454545454,-6.547483870967742,low,0.5217,4,0.5882352941176471,True,NOERROR,1,1800,0,0,False,False,0,58182,US,True,Wix.com Ltd.,1102,1461,True,0,False,False,,benign,no_adverse_signal
cayena.pt,2026-07-05,9,2.2516291673878226,0.0,0,1.0,-7.264577777777777,low,0.7273,1,0.8333333333333334,True,NOERROR,1,60,2,4,True,False,0,24768,PT,True,,,,False,0,False,False,False,benign,no_adverse_signal
cosmeticsandpharmacy.com,2026-07-05,24,3.6464393446710153,0.0,0,0.42857142857142855,-6.870667567567567,low,0.4375,4,0.7,True,NOERROR,2,28,0,4,False,False,0,16509,US,True,Porkbun LLC,1475,1826,False,2,False,False,,benign,no_adverse_signal
coralwisp.com,2026-07-05,13,3.169925001442312,0.0,0,0.5,-6.838373333333333,low,0.6,2,1.0,True,NOERROR,2,300,3,2,True,False,2,13335,US,False,NAMECHEAP INC,2,365,True,0,False,False,False,benign,no_adverse_signal
hotnewsnigeria.com,2026-07-05,18,3.378783493486176,0.0,0,0.75,-6.928804,low,0.4828,3,0.7857142857142857,True,NOERROR,1,3600,1,2,True,False,0,329184,ZA,True,Web4Africa Inc.,2,365,True,0,False,False,False,benign,no_adverse_signal
kimah.co,2026-07-05,8,2.321928094887362,0.0,0,0.6666666666666666,-7.054571428571428,low,0.6154,1,1.0,True,NOERROR,2,300,5,2,True,False,2,13335,US,False,NAMECHEAP INC,12,365,True,0,False,False,False,benign,no_adverse_signal
wnsdg.com,2026-07-05,9,2.321928094887362,0.0,0,0.0,-8.5771,low,0.6,5,1.0,True,NOERROR,2,600,0,2,False,False,0,16509,US,True,"GoDaddy.com, LLC",2,365,True,31,False,False,,benign,no_adverse_signal
kugeltank.de,2026-07-05,12,2.94770277922009,0.0,0,0.5,-7.2662933333333335,low,0.5,2,0.8888888888888888,True,NOERROR,1,10800,1,2,True,False,0,47846,DE,False,,,,False,10,False,False,False,benign,no_adverse_signal
9bsgq.top,2026-07-05,9,2.321928094887362,0.1111111111111111,0,0.0,-10.693414285714285,high,0.4444,4,1.0,True,NOERROR,3,60,0,2,False,True,0,209242,US,False,"Spaceship, Inc.",2,365,True,0,False,True,,malicious,spamhaus_dbl
demon888.store,2026-07-05,14,2.4056390622295662,0.21428571428571427,0,0.6666666666666666,-7.625192307692307,low,0.5,1,0.75,True,NOERROR,2,300,3,2,True,False,2,13335,US,False,,,,False,0,False,False,False,benign,no_adverse_signal
robotpray.xyz,2026-07-05,13,2.725480556997868,0.0,0,0.5,-7.124499999999999,high,0.5714,3,0.7777777777777778,True,NOERROR,2,3600,1,2,True,False,0,16509,US,True,"GMO Internet, Inc.",2,365,True,29,False,False,,benign,no_adverse_signal
nycmarket.xyz,2026-07-05,13,3.169925001442312,0.0,0,0.2857142857142857,-7.262966666666667,high,0.5333,4,1.0,True,NOERROR,2,3600,1,2,True,False,0,16509,US,True,"GMO Internet, Inc.",2,365,True,29,False,False,,benign,no_adverse_signal
coiffurenael.fr,2026-07-05,15,3.2516291673878226,0.0,0,1.0,-7.566333333333334,low,0.6316,2,0.8333333333333334,False,NOERROR,0,,0,3,False,False,0,,,,Hosting Concepts B.V. d/b/a Openprovider,3,364,True,,,False,,benign,no_adverse_signal
pizzariajo.com.br,2026-07-05,17,2.721928094887362,0.0,0,1.0,-7.773341176470588,low,0.4706,2,0.7,True,NOERROR,1,10800,2,2,True,False,0,31898,BR,False,,3,731,False,0,False,False,False,benign,no_adverse_signal
cocina.pw,2026-07-05,9,2.2516291673878226,0.0,0,1.0,-6.5351,low,0.6154,1,0.8333333333333334,True,NOERROR,1,3600,0,2,False,False,0,14618,US,True,"GoDaddy.com, LLC",3,365,True,0,False,False,,benign,no_adverse_signal
info-alzamarquality.com,2026-07-05,23,3.6163485660751626,0.0,1,0.8,-7.461328571428571,low,0.4615,2,0.7368421052631579,True,NOERROR,1,10800,1,4,True,False,0,58487,ID,True,CV. Rumahweb Indonesia,2,365,False,0,False,False,,benign,no_adverse_signal
jtsm2008.cn,2026-07-05,11,2.75,0.36363636363636365,0,0.0,-9.70496153846154,low,0.4286,4,0.875,True,NOERROR,1,600,0,2,False,False,0,54600,US,False,广东时代互联科技有限公司,9,365,False,0,False,,,benign,no_adverse_signal
bf8888.cc,2026-07-05,9,1.2516291673878228,0.4444444444444444,0,0.0,-9.933522222222223,low,0.2222,2,0.5,True,NOERROR,2,300,0,2,False,False,2,13335,US,False,"Spaceship, Inc.",9,365,False,0,False,False,,benign,no_adverse_signal
kimpro.golf,2026-07-05,11,2.584962500721156,0.0,0,0.5,-6.838355555555555,low,0.7143,3,1.0,True,NOERROR,1,300,0,2,False,False,0,132203,KR,False,,,,,0,True,False,,malicious,spamhaus_zen
stonekey.uk,2026-07-05,11,2.75,0.0,0,0.6,-6.659223076923078,low,0.5455,2,0.875,False,NOERROR,0,,5,2,True,False,0,,,,"Cloudflare, Inc. [Tag = CLOUDFLARE]",18,365,False,,,False,False,benign,no_adverse_signal
grupoalcatraz.com.mx,2026-07-05,20,3.180832987205441,0.0,0,0.625,-7.230860869565217,low,0.5714,2,0.7692307692307693,True,NOERROR,2,300,0,2,False,False,2,13335,US,False,"Namecheap, Inc.",3,365,True,0,False,False,,benign,no_adverse_signal
bachao.cn,2026-07-05,9,2.2516291673878226,0.0,0,1.0,-6.783266666666666,low,0.6154,2,0.8333333333333334,True,NOERROR,2,300,0,2,False,False,2,13335,US,False,广东时代互联科技有限公司,12,365,False,0,False,False,,benign,no_adverse_signal
jaya9bet.wine,2026-07-05,13,2.75,0.07692307692307693,0,0.75,-8.65056923076923,low,0.5,1,0.875,True,NOERROR,1,300,0,2,False,False,0,206834,DE,False,,,,,11,False,False,,benign,no_adverse_signal
unsysirido.media,2026-07-05,16,2.9219280948873623,0.0,0,0.6666666666666666,-7.217552941176471,low,0.5,4,0.8,True,NOERROR,2,300,0,2,False,False,2,13335,US,False,,,,,0,False,False,,benign,no_adverse_signal
apply.uk.com,2026-07-05,12,1.0,0.0,0,1.0,,low,,1,1.0,False,NOERROR,0,,0,0,False,False,0,,,,,,,,,,False,,benign,no_adverse_signal
terra-group.eu,2026-07-05,14,3.027169118440619,0.0,1,0.6666666666666666,-7.026257894736841,low,0.4706,2,0.8181818181818182,True,NOERROR,2,3600,1,2,True,False,0,16509,US,True,"Dynadot, LLC",,,False,29,False,False,,benign,no_adverse_signal
hirbood.ir,2026-07-05,10,2.521640636343318,0.0,0,0.75,-7.054536363636364,low,0.5,2,0.8571428571428571,True,NOERROR,1,10800,1,2,False,False,0,204213,IR,True,,,,False,0,False,False,False,benign,no_adverse_signal
mcpapplab.xyz,2026-07-05,13,2.4193819456463714,0.0,0,0.2857142857142857,-7.170393333333333,high,0.5714,3,0.6666666666666666,True,NOERROR,2,3600,1,2,True,False,0,16509,US,True,"GMO Internet, Inc.",2,365,True,71,False,False,,malicious,abuseipdb
blackpink.web.id,2026-07-05,16,2.94770277922009,0.0,0,0.2857142857142857,-6.95098,low,0.5714,3,0.8888888888888888,False,SERVFAIL,0,,0,0,False,False,0,,,,,,,False,,,False,,benign,no_adverse_signal
fordjoosse.nl,2026-07-05,13,2.6464393446710157,0.0,0,0.6666666666666666,-7.395488235294117,low,0.5333,3,0.7,True,NOERROR,1,10800,3,2,True,False,0,22612,US,True,"NAMECHEAP, INC.",4,,False,1,False,False,False,benign,no_adverse_signal
bondspirit.de,2026-07-05,13,3.1219280948873624,0.0,0,0.42857142857142855,-6.754558823529412,low,0.5556,4,0.9,True,NOERROR,1,900,0,3,False,False,0,206834,DE,False,,,,False,0,False,False,,benign,no_adverse_signal
akura.com.mx,2026-07-05,12,1.9219280948873623,0.0,0,1.5,-6.969342857142856,low,0.6667,1,0.8,False,NOERROR,0,,0,2,False,False,0,,,,Dynadot Inc,12,365,True,,,False,,benign,no_adverse_signal
digiturksatinal.com,2026-07-05,19,3.323231428797621,0.0,0,0.6666666666666666,-6.592788888888889,low,0.4545,3,0.7333333333333333,True,NOERROR,2,300,0,2,False,False,2,13335,US,False,Atak Domain,2,365,False,0,False,False,,benign,no_adverse_signal
sakyraabbitt.com,2026-07-05,16,2.855388542207534,0.0,0,0.5,-8.073266666666667,low,0.5556,3,0.6666666666666666,True,NOERROR,1,10800,0,4,False,False,0,53831,US,False,Squarespace Domains LLC,434,730,True,23,False,False,,benign,no_adverse_signal
jitawin.bio,2026-07-05,11,2.5216406363433186,0.0,0,0.75,-7.071072727272727,low,0.5,1,0.8571428571428571,True,NOERROR,1,300,0,2,False,False,0,206834,DE,False,,,,,11,False,False,,benign,no_adverse_signal
muranyi.co.uk,2026-07-05,13,2.807354922057604,0.0,0,0.75,-7.144072727272728,low,0.6154,2,1.0,True,NOERROR,4,10800,0,4,True,False,0,53831,US,False,Squarespace Domains LLC t/a SQUARESPACE DOMAINS [Tag = SQUARESPACE],3,365,False,23,False,False,,benign,no_adverse_signal
luxuryadventureweek.com,2026-07-05,23,3.471354487013928,0.0,0,0.7272727272727273,-7.370528571428571,low,0.4375,2,0.6842105263157895,False,NOERROR,0,,0,3,False,False,0,,,,DREAMHOST,1,365,True,,,False,,benign,no_adverse_signal
bestetextify.cyou,2026-07-05,17,2.792481250360578,0.0,0,0.5,-6.798190476190476,low,0.5263,2,0.6666666666666666,False,NOERROR,0,,0,2,False,False,0,,,,Dynadot Inc,2,365,False,,,False,,benign,no_adverse_signal
yngjgw.cn,2026-07-05,9,2.2516291673878226,0.0,0,0.0,-9.982844444444446,low,0.4,6,0.8333333333333334,True,NOERROR,1,30,0,2,False,False,0,135357,HK,False,武汉物与伦比科技有限公司,10,365,False,0,False,False,,benign,no_adverse_signal
5449c.cn,2026-07-05,8,1.9219280948873623,0.5,0,0.0,-11.954785714285714,low,0.25,1,0.8,True,NOERROR,1,300,0,2,False,False,0,174,US,False,Dynadot Inc,170,365,False,0,False,False,,benign,no_adverse_signal
skasia.tech,2026-07-05,11,1.9182958340544893,0.0,0,1.0,-6.806088888888889,low,0.6,2,0.6666666666666666,False,NOERROR,0,,3,2,True,False,0,,,,"Amazon Registrar, Inc.",2,365,True,,,False,False,benign,no_adverse_signal
yummysoiree.com,2026-07-05,15,2.9139770731827523,0.0,0,0.8333333333333334,-7.685389473684211,low,0.5,4,0.7272727272727273,True,NOERROR,1,300,0,2,False,False,0,38719,AU,True,Dreamscape Networks International Pte Ltd,1132,1461,False,0,False,False,,benign,no_adverse_signal
ciara-store.mom,2026-07-05,15,3.095795255000934,0.0,1,1.0,-6.51681052631579,low,0.5,2,0.8181818181818182,True,NOERROR,2,300,0,2,False,False,2,13335,US,False,Dynadot Inc,2,365,False,0,False,False,,benign,no_adverse_signal
nimatkaja.com,2026-07-05,13,2.6416041678685933,0.0,0,0.8,-7.341213333333333,low,0.5,2,0.7777777777777778,True,NOERROR,1,1800,0,0,False,False,0,58182,US,True,Wix.com Ltd.,1467,1826,False,0,False,False,,benign,no_adverse_signal
proficientdesigners.in,2026-07-05,22,3.4316235658474303,0.0,0,0.5833333333333334,-6.674751428571429,low,0.5185,3,0.631578947368421,True,NOERROR,2,300,0,2,False,False,2,13335,US,False,NAMECHEAP INC,3749,4017,True,0,False,False,,benign,no_adverse_signal
yvlrjjxed.shop,2026-07-05,14,2.94770277922009,0.0,0,0.125,-11.199593333333333,low,0.4286,7,0.8888888888888888,True,NOERROR,1,300,0,2,False,False,0,132203,US,False,,,,False,18,True,False,,malicious,spamhaus_zen
frd.hk,2026-07-05,6,1.584962500721156,0.0,0,0.0,-8.076233333333333,low,0.5455,3,1.0,True,NOERROR,1,10800,1,2,False,False,0,13335,CA,True,SPEEDY GROUP CORP. LIMITED,11,365,False,0,False,False,False,benign,no_adverse_signal
matthewhana.net.au,2026-07-05,18,2.663532754804255,0.0,0,0.5714285714285714,-6.852752631578948,low,0.4545,3,0.6363636363636364,True,NOERROR,1,10800,0,3,False,False,0,45638,AU,True,Synergy Wholesale Accreditations Pty Ltd,,,False,0,False,,,benign,no_adverse_signal
zhiri.com.cn,2026-07-05,12,1.9219280948873623,0.0,0,0.6666666666666666,-7.455971428571429,low,0.5,2,0.8,False,NOERROR,0,,0,2,False,False,0,,,,商中在线科技股份有限公司,4,365,False,,,False,,benign,no_adverse_signal
maccord.mk,2026-07-05,10,2.5216406363433186,0.0,0,0.4,-6.587609090909091,low,0.5882,2,0.8571428571428571,True,NOERROR,1,10800,1,2,True,False,0,24940,FI,True,MKHOST-REG,,,False,0,False,False,False,benign,no_adverse_signal
orrzvi.cn,2026-07-05,9,2.2516291673878226,0.0,0,0.5,-9.672466666666667,low,0.5,4,0.8333333333333334,True,NOERROR,1,1,0,2,False,False,0,55933,HK,True,郑州龙名网络科技有限公司,18,365,False,0,True,False,,malicious,spamhaus_zen
plotsure.in,2026-07-05,11,3.0,0.0,0,0.6,-6.600407692307693,low,0.5882,2,1.0,True,NOERROR,1,300,0,2,False,False,0,206834,DE,False,"Dynadot, LLC",3,365,False,11,False,False,,benign,no_adverse_signal
townsshop.co,2026-07-05,12,2.725480556997868,0.0,0,0.2857142857142857,-7.222693333333334,low,0.5,5,0.7777777777777778,True,NOERROR,2,300,1,2,True,False,2,13335,US,False,Dynadot Inc,13,365,False,0,False,False,False,benign,no_adverse_signal
maplecashin.com,2026-07-05,15,3.2776134368191165,0.0,0,0.5714285714285714,-6.331905263157895,low,0.6,2,0.9090909090909091,True,NOERROR,2,300,0,2,False,False,2,13335,US,False,NAMECHEAP INC,2,365,True,0,False,False,,benign,no_adverse_signal
crafteestaff.com,2026-07-05,16,2.688721875540867,0.0,0,0.5,-6.882276190476191,low,0.5556,2,0.5833333333333334,True,NOERROR,1,300,2,2,True,False,0,13335,US,False,"HOSTINGER operations, UAB",2,365,False,0,False,False,False,benign,no_adverse_signal
ronait.nl,2026-07-05,9,2.584962500721156,0.0,0,1.0,-6.3908000000000005,low,0.6667,1,1.0,True,NOERROR,2,300,0,2,False,False,2,13335,US,False,"NAMECHEAP, INC.",5,,False,0,False,False,,benign,no_adverse_signal
xsesolutionstorage.com,2026-07-05,22,3.419381945646371,0.0,0,0.8,-6.442348484848485,low,0.4828,3,0.6666666666666666,True,NOERROR,4,10800,1,4,True,False,0,53831,US,False,Squarespace Domains II LLC,1,365,True,32,False,False,False,benign,no_adverse_signal
ahmadpoor.ir,2026-07-05,12,2.725480556997868,0.0,0,0.8,-7.6139600000000005,low,0.5714,2,0.7777777777777778,False,timeout,0,,0,0,False,False,0,,,,,,,False,,,False,,benign,no_adverse_signal
oqudowec.shop,2026-07-05,13,2.75,0.0,0,1.0,-8.000253846153846,low,0.5,1,0.875,True,NOERROR,1,1800,0,2,False,False,0,396073,US,True,,,,False,0,False,False,,benign,no_adverse_signal
clausesvault.xyz,2026-07-05,16,2.918295834054489,0.0,0,0.7142857142857143,-7.349733333333334,high,0.5,2,0.6666666666666666,True,NOERROR,2,3600,1,2,True,False,0,16509,US,True,"GMO Internet, Inc.",2,365,True,71,False,False,,malicious,abuseipdb
deltalaw.com.au,2026-07-05,15,2.5,0.0,0,0.6,-6.5307,low,0.6667,2,0.75,False,SERVFAIL,0,,0,0,False,False,0,,,,Tucows (Australia) Pty Ltd trading as OpenSRS,,,False,,,False,,benign,no_adverse_signal
pezet-couineaux.fr,2026-07-05,18,3.456564762130954,0.0,1,1.3333333333333333,-7.45427037037037,low,0.5217,1,0.8,True,NOERROR,1,3600,3,2,True,False,0,16276,FR,True,OVH,3,364,False,0,False,False,False,benign,no_adverse_signal
cuentosqueeligen.com,2026-07-05,20,3.25,0.0,0,1.0,-7.0859,low,0.4348,2,0.6875,False,SERVFAIL,0,,0,0,False,False,0,,,,dattatec.com SRL,1,365,False,,,False,,benign,no_adverse_signal
ganzy.net.cn,2026-07-05,12,2.321928094887362,0.0,0,0.25,-7.979571428571428,low,0.6,3,1.0,True,NOERROR,1,1,0,2,False,False,0,40065,US,False,佛山市亿动网络有限公司,13,365,False,0,False,False,,benign,no_adverse_signal
primesquare.pl,2026-07-05,14,3.0957952550009344,0.0,0,0.8333333333333334,-6.807378947368422,low,0.5714,2,0.8181818181818182,True,NOERROR,1,3600,0,3,False,False,0,58321,PL,False,cyber_Folks S.A.,10,365,False,0,False,False,,benign,no_adverse_signal
inarco.co,2026-07-05,9,2.584962500721156,0.0,0,1.0,-6.231311111111111,low,0.6,2,1.0,True,NOERROR,1,10800,1,4,True,False,0,55293,US,True,"GoDaddy.com, LLC",4079,5843,True,0,False,False,False,benign,no_adverse_signal
gothajaunt.info,2026-07-05,15,2.9219280948873623,0.0,0,0.6666666666666666,-7.4678,medium,0.5,2,0.8,True,NOERROR,1,60,0,2,False,True,0,210756,RU,False,,,,,0,False,False,,benign,no_adverse_signal
mairiehuos.com,2026-07-05,14,3.121928094887362,0.0,0,1.5,-7.4336529411764705,low,0.5556,1,0.9,True,NOERROR,1,3600,3,2,True,False,0,16276,FR,True,"OVH, SAS",2,365,True,0,False,False,False,benign,no_adverse_signal
retiringadviser.co.uk,2026-07-05,21,3.1395722619867223,0.0,0,0.6666666666666666,-6.466722222222222,low,0.5385,2,0.6666666666666666,False,NXDOMAIN,0,,0,0,False,False,0,,,,Fasthosts Internet Ltd [Tag = LIVEDOMAINS],760,730,False,,,False,,benign,no_adverse_signal
innovationdesignlab.it,2026-07-05,22,3.366091329119191,0.0,0,0.7272727272727273,-6.730222857142857,low,0.4828,3,0.631578947368421,True,NOERROR,1,3600,0,2,False,False,0,60798,IT,True,Algorithmedia S.r.l.,4,364,False,0,False,False,,benign,no_adverse_signal
swapcurse.xyz,2026-07-05,13,2.94770277922009,0.0,0,0.5,-7.388933333333333,high,0.5882,2,0.8888888888888888,True,NOERROR,2,3600,1,2,True,False,0,16509,US,True,"GMO Internet, Inc.",2,365,True,29,False,False,,benign,no_adverse_signal
csinvest.pt,2026-07-05,11,2.75,0.0,0,0.3333333333333333,-6.5948769230769235,low,0.5882,2,0.875,True,NOERROR,1,3600,3,4,True,False,0,33876,PT,True,,,,False,0,,False,False,benign,no_adverse_signal
cuddlycatcrafts.com,2026-07-05,19,3.1898980954642875,0.0,0,0.25,-7.669159259259259,low,0.5,5,0.6666666666666666,True,NOERROR,1,10800,0,2,False,False,0,16509,US,True,"TUCOWS.COM, CO.",371,730,True,0,False,False,,benign,no_adverse_signal
creditflows.xyz,2026-07-05,15,3.459431618637298,0.0,0,0.375,-6.975873684210526,high,0.5882,3,1.0,True,NOERROR,2,3600,1,2,True,False,0,16509,US,True,"GMO Internet, Inc.",2,365,True,71,False,False,,malicious,abuseipdb
nopressurenetworking.net,2026-07-05,24,3.4086949695628417,0.0,0,0.5384615384615384,-6.39487027027027,low,0.5455,2,0.6,True,NOERROR,2,600,0,2,False,False,0,16509,US,True,"GoDaddy.com, LLC",3,365,True,31,False,False,,benign,no_adverse_signal
porsch-car43.com,2026-07-05,16,3.2516291673878226,0.125,1,0.2857142857142857,-7.842980952380952,low,0.4167,4,0.8333333333333334,True,NOERROR,2,300,0,2,False,False,2,13335,US,False,Dynadot Inc,2,365,False,0,False,False,,benign,no_adverse_signal
bearmarketrecord.com,2026-07-05,20,3.077819531114783,0.0,0,0.6,-6.247268965517242,low,0.5,2,0.625,True,NOERROR,1,1800,5,2,True,False,0,22612,US,False,NAMECHEAP INC,1,365,True,0,False,False,False,benign,no_adverse_signal
pigscloud.xyz,2026-07-05,13,3.169925001442312,0.0,0,0.5,-7.0874,high,0.8,4,1.0,True,NOERROR,2,3600,1,2,True,False,0,16509,US,True,"GMO Internet, Inc.",2,365,True,71,False,False,,malicious,abuseipdb
cinema77b.com,2026-07-05,13,2.9477027792200903,0.15384615384615385,0,0.75,-7.845246666666667,low,0.5714,1,0.8888888888888888,True,NOERROR,2,300,0,2,False,False,2,13335,US,False,Dominet (HK) Limited,2,365,False,0,False,False,,benign,no_adverse_signal
bjz.cz,2026-07-05,6,1.584962500721156,0.0,0,0.0,-10.729766666666668,low,0.3333,3,1.0,True,NOERROR,1,300,3,4,False,False,0,197019,CZ,True,REG-WEDOS,6275,6573,False,0,False,False,False,benign,no_adverse_signal
coachxiaohao.com,2026-07-05,16,2.4591479170272446,0.0,0,1.4,-8.38892857142857,low,0.5,3,0.5,True,NOERROR,2,1800,0,2,False,False,0,16509,US,False,"Name.com, Inc.",2,365,True,0,False,False,,benign,no_adverse_signal
fetalcentercentromedico.com.br,2026-07-05,30,3.3444569352411984,0.0,0,0.6428571428571429,-6.241251162790698,low,0.4848,3,0.5217391304347826,True,NOERROR,1,1800,2,2,True,False,1,47583,BR,False,,2606,2922,False,0,False,False,False,benign,no_adverse_signal
gzldjz.cn,2026-07-05,9,2.2516291673878226,0.0,0,0.0,-11.130688888888889,low,0.4,6,0.8333333333333334,True,NOERROR,1,300,0,2,False,False,0,132203,KR,False,郑州世纪创联电子科技开发有限公司,20,365,False,2,True,False,,malicious,spamhaus_zen
mixcertificate-team.com,2026-07-05,23,3.1813663288914587,0.0,1,0.8,-6.903888571428571,low,0.4118,2,0.5263157894736842,True,NOERROR,2,300,0,2,False,False,0,16509,US,True,"Spaceship, Inc.",2,365,False,1,False,False,,benign,no_adverse_signal
visgrid.company,2026-07-05,15,2.5216406363433186,0.0,0,0.4,-7.214463636363636,low,0.6154,3,0.8571428571428571,True,NOERROR,2,300,0,2,False,False,2,13335,US,False,,,,,0,False,False,,benign,no_adverse_signal
zksecurityhub.xyz,2026-07-05,17,3.5465935642949384,0.0,0,0.4444444444444444,-7.471160869565217,high,0.5263,3,0.9230769230769231,True,NOERROR,2,3600,1,2,True,False,0,16509,US,True,"GMO Internet, Inc.",2,365,True,29,False,False,,benign,no_adverse_signal
k591134.cc,2026-07-05,10,2.521640636343318,0.6,0,0.0,-10.809163636363637,low,0.4,1,0.8571428571428571,False,NOERROR,0,,0,2,False,False,0,,,,Dynadot Inc,2,365,False,,,True,,malicious,spamhaus_dbl
558866.cc,2026-07-05,9,1.584962500721156,0.6666666666666666,0,0.0,-10.164233333333334,low,0.2222,0,0.5,True,NOERROR,2,45,0,2,False,False,0,7483,TW,False,Dynadot Inc,14,365,False,0,False,False,,benign,no_adverse_signal
ekonorba.lt,2026-07-05,11,2.75,0.0,0,1.0,-7.093876923076923,low,0.5,2,0.875,True,NOERROR,2,300,0,2,False,False,2,13335,US,False,,11,366,False,0,False,False,,benign,no_adverse_signal
electrabarf.cz,2026-07-05,14,2.9139770731827523,0.0,0,0.5714285714285714,-6.539726315789474,low,0.5263,3,0.7272727272727273,False,NOERROR,0,,0,2,False,False,0,,,,REG-GRANSY,3,364,False,,,False,,benign,no_adverse_signal
megagrafic.com.mx,2026-07-05,17,2.9219280948873623,0.0,0,0.6666666666666666,-6.890535294117647,low,0.625,2,0.8,True,NOERROR,4,10800,5,3,True,False,0,15169,US,True,Key-Systems GmbH,3737,4017,False,0,False,False,False,benign,no_adverse_signal
tesuqan.com,2026-07-05,11,2.807354922057604,0.0,0,0.75,-8.578927272727272,low,0.5556,1,1.0,True,NOERROR,1,1,0,2,False,True,0,152194,SG,False,Realtime Register B.V.,2,365,False,0,True,True,,malicious,spamhaus_zen
superspice.eu,2026-07-05,13,2.721928094887362,0.0,0,0.6666666666666666,-6.488017647058824,low,0.7368,3,0.7,True,NOERROR,5,30,0,2,False,False,8,213230,US,True,Domain Science Ltd,,,False,0,False,False,,benign,no_adverse_signal
czechporn.me,2026-07-05,12,2.94770277922009,0.0,0,0.2857142857142857,-7.527299999999999,low,0.6316,3,0.8888888888888888,True,NOERROR,1,1800,5,2,True,False,0,22612,US,False,NAMECHEAP INC,14,365,True,0,False,False,False,benign,no_adverse_signal
47598209.app,2026-07-05,12,2.75,0.6666666666666666,0,0.0,-11.2008,low,0.3077,0,0.875,True,NOERROR,2,600,0,2,False,False,0,16509,US,True,,,,False,37,False,False,,benign,no_adverse_signal
promptber.xyz,2026-07-05,13,2.725480556997868,0.0,0,0.2857142857142857,-7.115286666666666,high,0.5556,4,0.7777777777777778,True,NOERROR,2,3600,1,2,True,False,0,16509,US,True,"GMO Internet, Inc.",1,365,True,71,False,False,,malicious,abuseipdb
era-ai.net,2026-07-05,10,2.2516291673878226,0.0,1,4.0,-7.211444444444445,low,0.6667,1,0.8333333333333334,True,NOERROR,2,600,0,2,False,False,0,16509,US,True,"GoDaddy.com, LLC",3,365,True,37,False,False,,benign,no_adverse_signal
easysi.shop,2026-07-05,11,2.2516291673878226,0.0,0,1.0,-6.937777777777778,low,0.6,3,0.8333333333333334,True,NOERROR,1,3600,0,2,False,False,0,396982,US,True,,,,False,7,False,False,,benign,no_adverse_signal
peranocarpentry.com,2026-07-05,19,3.0565647621309533,0.0,0,0.5,-6.443033333333333,low,0.48,4,0.6,False,NOERROR,0,,0,2,False,False,0,,,,"Cloudflare, Inc.",1,365,True,,,False,,benign,no_adverse_signal
flux-collective.lat,2026-07-05,19,3.323231428797621,0.0,1,0.5555555555555556,-7.110292592592593,low,0.4828,2,0.7333333333333333,True,NOERROR,2,300,0,2,False,False,2,13335,US,False,Global Domain Group LLC,2,365,False,0,False,False,,benign,no_adverse_signal
01340.cn,2026-07-05,8,1.9219280948873623,0.625,0,0.0,-10.337957142857144,low,0.5,0,0.8,True,NOERROR,1,600,0,2,False,False,0,45102,HK,False,阿里云计算有限公司（万网）,8,365,False,0,False,False,,benign,no_adverse_signal
freeforaudio.com,2026-07-05,16,2.9182958340544896,0.0,0,1.4,-6.747061904761905,low,0.5263,2,0.6666666666666666,True,NOERROR,2,60,0,4,False,False,0,16509,US,True,Porkbun LLC,381,730,False,0,False,False,,benign,no_adverse_signal
tmraz.com,2026-07-05,9,2.321928094887362,0.0,0,0.25,-8.315771428571429,low,0.5455,3,1.0,False,NOERROR,0,,0,2,False,False,0,,,,"GMO Internet, Inc.",1,365,True,,,False,,benign,no_adverse_signal
stream.com.ng,2026-07-05,13,2.584962500721156,0.0,0,0.5,-5.800566666666667,low,0.6667,3,1.0,True,NOERROR,1,7200,1,4,True,False,0,51713,GB,True,Dotifi Limited,2607,2922,False,0,False,,False,benign,no_adverse_signal
candyallendressage.com,2026-07-05,22,3.1971597234241487,0.0,0,0.5,-6.5899,low,0.5,3,0.5555555555555556,True,NOERROR,1,10800,0,2,False,False,0,16509,US,True,"TUCOWS.COM, CO.",5118,5478,True,0,False,False,,benign,no_adverse_signal
tranisposi.it,2026-07-05,13,2.9219280948873623,0.0,0,0.6666666666666666,-6.240135294117647,low,0.5556,2,0.8,True,NOERROR,2,300,0,2,False,False,2,13335,US,False,Key-Systems GmbH,4,364,True,0,False,False,,benign,no_adverse_signal
buywego6.site,2026-07-05,13,3.0,0.07692307692307693,0,0.75,-9.227384615384615,medium,0.5,2,1.0,True,NOERROR,1,10800,3,2,True,False,0,22612,US,True,NAMECHEAP INC,2,365,True,0,False,False,False,benign,no_adverse_signal
incisozluk.com.tr,2026-07-05,17,3.121928094887362,0.0,0,0.6666666666666666,-8.03414705882353,low,0.5333,2,0.9,True,NOERROR,2,300,0,2,False,False,2,13335,US,False,,750,1094,True,0,,False,,benign,no_adverse_signal
ctoalls.cn,2026-07-05,10,2.521640636343318,0.0,0,0.4,-7.0112272727272735,low,0.5882,3,0.8571428571428571,True,NOERROR,1,600,0,2,False,False,0,398478,HK,False,广东时代互联科技有限公司,8,365,False,0,False,False,,benign,no_adverse_signal
amiresp.ir,2026-07-05,10,2.807354922057604,0.0,0,0.75,-6.234509090909091,low,0.5882,2,1.0,True,NOERROR,1,10800,1,2,True,False,0,24940,FI,True,,,,False,0,False,False,False,benign,no_adverse_signal
bestpremiummarket.com,2026-07-05,21,3.2927701939369904,0.0,0,0.5454545454545454,-6.8077645161290326,low,0.4667,4,0.6470588235294118,True,NOERROR,2,300,0,2,False,False,0,16509,US,False,"HOSTINGER operations, UAB",2,365,False,0,False,False,,benign,no_adverse_signal
steelforum.com.cn,2026-07-05,17,3.121928094887362,0.0,0,0.6666666666666666,-6.866164705882353,low,0.5882,2,0.9,False,NOERROR,0,,0,2,False,False,0,,,,广州名扬信息科技有限公司,5,365,False,,,False,,benign,no_adverse_signal
nailduongsinh.com.vn,2026-07-05,20,3.180832987205441,0.0,0,0.625,-7.2749,low,0.5,3,0.7692307692307693,True,NOERROR,1,3600,0,2,False,False,0,135905,VN,False,,,,,0,False,False,,benign,no_adverse_signal
jojobet.es,2026-07-05,10,2.2359263506290326,0.0,0,0.75,-7.5457636363636365,low,0.5333,1,0.7142857142857143,True,NOERROR,2,300,0,2,False,False,2,13335,US,False,,,,False,0,False,False,,benign,no_adverse_signal
successmath.life,2026-07-05,16,2.845350936622437,0.0,0,0.375,-6.894163157894737,low,0.5,3,0.7272727272727273,True,NOERROR,1,900,1,3,True,False,0,24940,DE,True,,,,False,2,False,False,False,benign,no_adverse_signal
true-colors-niigata.com,2026-07-05,23,3.6163485660751635,0.0,2,0.8888888888888888,-7.360074285714286,low,0.5185,2,0.6842105263157895,True,NOERROR,1,3600,0,4,False,False,0,396982,US,True,"GMO Internet, Inc.",2,365,True,0,False,False,,benign,no_adverse_signal
synclass.net,2026-07-05,12,2.4056390622295662,0.0,0,0.14285714285714285,-6.973807692307692,low,0.5333,5,0.75,True,NOERROR,4,10800,0,4,True,False,0,53831,US,False,Squarespace Domains LLC,2,365,True,23,False,False,,benign,no_adverse_signal
partscore.ai,2026-07-05,12,2.94770277922009,0.0,0,0.5,-6.074526666666667,low,0.625,4,0.8888888888888888,True,NOERROR,1,3600,0,2,False,False,0,14618,US,True,"Spaceship, Inc.",2,731,True,0,,False,,benign,no_adverse_signal
52317.co,2026-07-05,8,2.321928094887362,0.625,0,0.0,-10.574342857142856,low,0.25,0,1.0,True,NOERROR,1,1,0,2,False,True,0,4907,JP,False,Dynadot Inc,3,365,False,0,True,False,,malicious,spamhaus_zen
qldheal.com,2026-07-05,11,2.5216406363433186,0.0,0,0.4,-7.987054545454546,low,0.6154,4,0.8571428571428571,True,NOERROR,1,1,0,2,False,False,0,211392,GB,False,TuringSign Inc. d/b/a Cosmotown,2,365,False,0,False,False,,benign,no_adverse_signal
umrahvergelijken.nl,2026-07-05,19,3.577819531114783,0.0,0,0.6,-8.06761379310345,low,0.4444,2,0.8125,True,NOERROR,1,10800,1,3,True,False,1,24940,DE,True,XNS Registrar B.V.,13,,False,0,False,False,False,benign,no_adverse_signal
footixshop.com,2026-07-05,14,2.8464393446710154,0.0,0,0.6666666666666666,-7.2224941176470585,low,0.5,3,0.8,True,NOERROR,1,3600,3,2,True,False,0,13335,CA,True,"OVH, SAS",1,365,True,0,False,False,False,benign,no_adverse_signal
hormuzmedia.com,2026-07-05,15,3.277613436819116,0.0,0,0.8333333333333334,-7.363315789473684,low,0.625,2,0.9090909090909091,False,SERVFAIL,0,,0,0,False,False,0,,,,Key-Systems GmbH,2,365,True,,,False,,benign,no_adverse_signal
arainjewellers.tech,2026-07-05,19,3.039148671903071,0.0,0,0.75,-6.7593,low,0.5926,2,0.6428571428571429,True,NOERROR,1,1800,0,2,True,False,0,47583,LT,True,"HOSTINGER operations, UAB",2,365,False,0,False,False,,benign,no_adverse_signal
thepsychologicaltechnologist.nl,2026-07-05,31,3.556656707462823,0.0,0,0.47368421052631576,-6.805941509433962,low,0.4091,5,0.4642857142857143,True,NOERROR,2,300,0,2,False,False,2,13335,US,False,Dynadot LLC,9,,False,0,False,False,,benign,no_adverse_signal
dafabnovamulab.info,2026-07-05,19,3.09306920777189,0.0,0,0.75,-7.563484,medium,0.5,2,0.7142857142857143,True,NOERROR,1,1800,5,2,True,False,0,22612,US,False,,,,,0,False,False,False,benign,no_adverse_signal
securibain.ch,2026-07-05,13,3.121928094887362,0.0,0,1.0,-6.648205882352941,low,0.6667,1,0.9,False,NOERROR,0,,0,2,False,False,0,,,,,,,False,,,False,,benign,no_adverse_signal
antea.in,2026-07-05,8,1.9219280948873623,0.0,0,1.5,-5.754257142857143,low,0.6667,2,0.8,True,NOERROR,1,3600,0,2,False,False,0,206834,CA,False,Costrar EOOD,17,365,False,0,False,False,,benign,no_adverse_signal
flowmont.pl,2026-07-05,11,2.75,0.0,0,0.3333333333333333,-7.228592307692308,low,0.5556,2,0.875,True,NOERROR,1,10800,1,2,True,False,0,48707,PL,False,Aftermarket.pl Limited,15,365,False,0,False,False,False,benign,no_adverse_signal
shopliorahair.com,2026-07-05,17,2.9312089489103235,0.0,0,0.8571428571428571,-6.782095652173913,low,0.5,2,0.6153846153846154,True,NOERROR,1,10800,0,4,False,False,1,13335,CA,True,"TUCOWS.COM, CO.",1,365,True,0,False,False,,benign,no_adverse_signal
zoeysky.xyz,2026-07-05,11,2.521640636343318,0.0,0,0.4,-8.428054545454545,high,0.5714,4,0.8571428571428571,False,NOERROR,0,,0,2,False,False,0,,,,Alibaba Cloud Computing Ltd. d/b/a HiChina (www.net.cn),2,365,False,,,False,,benign,no_adverse_signal
bebidasdelivery-ze.shop,2026-07-05,23,3.3921472236645345,0.0,1,0.7,-7.285475757575758,low,0.6,2,0.6666666666666666,True,NOERROR,1,300,0,2,False,False,0,33837,SE,True,,,,False,0,False,False,,benign,no_adverse_signal
trendbot.io,2026-07-05,11,2.75,0.0,0,0.3333333333333333,-6.636123076923076,low,0.6667,3,0.875,True,NOERROR,2,600,0,2,False,False,0,16509,US,True,"GoDaddy.com, LLC",10,365,True,31,False,False,,benign,no_adverse_signal
sdrsjhgc.cn,2026-07-05,11,2.75,0.0,0,0.0,-9.694976923076924,low,0.4615,8,0.875,False,NOERROR,0,,0,4,False,False,0,,,,厦门三五互联信息有限公司,1,365,False,,,False,,benign,no_adverse_signal
sbsgaming2.sbs,2026-07-05,14,2.9219280948873623,0.07142857142857142,0,0.2857142857142857,-7.491864705882353,low,0.5882,4,0.8,True,NOERROR,2,300,0,2,False,False,2,13335,US,False,Dynadot Inc,2,365,False,0,False,False,,benign,no_adverse_signal
denkbuero.de,2026-07-05,12,2.94770277922009,0.0,0,0.8,-7.46932,low,0.5714,3,0.8888888888888888,True,NOERROR,1,3600,0,2,False,False,0,24940,DE,True,,,,False,0,False,False,,benign,no_adverse_signal
insultdapp.xyz,2026-07-05,14,3.1219280948873624,0.0,0,0.42857142857142855,-7.058517647058824,high,0.5455,3,0.9,True,NOERROR,2,3600,1,2,True,False,0,16509,US,True,"GMO Internet, Inc.",1,365,True,71,False,False,,malicious,abuseipdb
inversionesconstructorasycontables.com,2026-07-05,38,3.598369003512378,0.0,0,0.5454545454545454,-6.384476923076923,low,0.3333,4,0.4117647058823529,True,NOERROR,4,10800,1,4,True,False,0,53831,US,False,Squarespace Domains II LLC,2,365,False,32,False,False,False,benign,no_adverse_signal
xn--80agbqqswp.xn--p1ai,2026-07-05,23,3.521640636343319,0.13043478260869565,4,0.1111111111111111,-10.352991999999999,low,0.381,7,0.8571428571428571,True,NOERROR,1,10800,0,2,False,False,0,8342,RU,False,,,,,0,False,False,,benign,no_adverse_signal
lostsagana.com,2026-07-05,14,2.6464393446710153,0.0,0,0.6666666666666666,-6.571858823529412,low,0.5714,3,0.7,True,NOERROR,2,300,0,2,False,False,2,13335,US,False,PT Biznet GIO Nusantara,2,365,True,0,False,False,,benign,no_adverse_signal
tokenfend.xyz,2026-07-05,13,2.725480556997868,0.0,0,0.5,-6.999413333333334,high,0.5455,2,0.7777777777777778,True,NOERROR,2,3600,1,2,True,False,0,16509,US,True,"GMO Internet, Inc.",2,365,True,29,False,False,,benign,no_adverse_signal
encender.co.zw,2026-07-05,14,2.1556390622295662,0.0,0,0.6,-5.96263076923077,low,0.6154,2,0.625,False,NOERROR,0,,0,2,False,False,0,,,,,,,,,,,,unknown,no_reputation_coverage
varom.it,2026-07-05,8,2.321928094887362,0.0,0,0.6666666666666666,-6.6445,low,0.6667,1,1.0,True,NOERROR,2,300,1,4,False,False,0,16509,US,True,Netsons S.r.l.,5,364,False,0,False,False,False,benign,no_adverse_signal
rarebeutyshop.com,2026-07-05,17,3.3927474104487847,0.0,0,0.625,-7.123704347826087,low,0.5,4,0.8461538461538461,True,NOERROR,2,300,0,2,False,False,2,13335,US,False,Alibaba Cloud Computing Ltd. d/b/a HiChina (www.net.cn),2,365,False,0,False,False,,benign,no_adverse_signal
bu4s3bx.com,2026-07-05,11,2.5216406363433186,0.18181818181818182,0,0.25,-12.229572727272727,low,0.4,2,0.8571428571428571,True,NOERROR,2,300,0,2,False,False,2,13335,US,False,"GMO Internet, Inc.",1,365,True,0,False,False,,benign,no_adverse_signal
weareuxu.com,2026-07-05,12,2.5,0.0,0,1.6666666666666667,-7.534438461538461,low,0.6154,1,0.75,True,NOERROR,1,1800,5,2,True,False,0,22612,US,False,NAMECHEAP INC,2,365,True,0,False,False,False,benign,no_adverse_signal
trotpan.pro,2026-07-05,11,2.5216406363433186,0.0,0,0.4,-6.687581818181818,low,0.6154,2,0.8571428571428571,True,NOERROR,2,300,0,2,False,False,2,13335,US,False,,,,,0,False,False,,benign,no_adverse_signal
sun71.com.br,2026-07-05,12,2.321928094887362,0.16666666666666666,0,0.5,-9.665428571428572,low,0.5,1,1.0,False,NOERROR,0,,1,2,True,False,0,,,,,13,,False,,,False,,benign,no_adverse_signal
codificar.co,2026-07-05,12,2.725480556997868,0.0,0,0.8,-6.6641,low,0.6316,1,0.7777777777777778,True,NOERROR,2,300,0,2,False,False,2,13335,US,False,NAMECHEAP INC,7,365,True,0,False,False,,benign,no_adverse_signal
af-schiffahrt.de,2026-07-05,16,3.0269868333592873,0.0,1,0.3333333333333333,-8.208586956521739,low,0.4762,3,0.6923076923076923,False,NOERROR,0,,2,2,True,False,0,,,,,,,False,,,False,False,benign,no_adverse_signal
19138.xyz,2026-07-05,9,1.9219280948873623,0.5555555555555556,0,0.0,-10.143071428571428,high,0.5,0,0.8,False,NXDOMAIN,0,,0,0,False,False,0,,,,NameMart Pte. Ltd.,2,365,False,,,False,,benign,no_adverse_signal
longviewdirectgroup.com,2026-07-05,23,3.7216117239699003,0.0,0,0.5833333333333334,-7.273782857142858,low,0.5,4,0.7368421052631579,True,NOERROR,2,300,0,2,False,False,0,16509,US,True,"Spaceship, Inc.",1,365,False,1,False,False,,benign,no_adverse_signal
metacortexsac.com,2026-07-05,17,3.0850551027564768,0.0,0,0.625,-6.7159826086956524,low,0.5,2,0.6923076923076923,True,NOERROR,1,10800,1,2,True,False,0,19148,US,True,"Spaceship, Inc.",1,365,False,0,False,False,False,benign,no_adverse_signal
zbyiu.shop,2026-07-05,10,2.321928094887362,0.0,0,0.6666666666666666,-10.201814285714287,low,0.6,3,1.0,True,NOERROR,2,300,0,2,False,False,2,13335,US,False,,,,False,0,False,False,,benign,no_adverse_signal
theisland.is,2026-07-05,12,3.169925001442312,0.0,0,0.5,-6.52618,low,0.6,2,1.0,True,NOERROR,1,1800,5,2,True,False,0,22612,US,False,,9,365,False,0,False,False,False,benign,no_adverse_signal
gametopics.com.mx,2026-07-05,17,3.321928094887362,0.0,0,0.6666666666666666,-6.380723529411765,low,0.6667,2,1.0,True,NOERROR,2,300,0,3,False,False,0,273584,BR,False,Tucows.com Co.,4,365,True,0,False,False,,benign,no_adverse_signal
nebraska.com.mx,2026-07-05,15,2.75,0.0,0,0.6,-6.918323076923077,low,0.6667,2,0.875,True,NOERROR,1,10800,1,0,False,False,0,46475,US,True,Hosting-Mexico,13,365,False,0,False,,False,benign,no_adverse_signal
synergyhomes.my,2026-07-05,15,3.0849625007211556,0.0,0,0.3333333333333333,-7.226590476190476,low,0.5,4,0.75,True,NOERROR,2,300,0,2,False,False,2,13335,US,False,NAMECHEAP INC,8,365,True,0,False,False,,benign,no_adverse_signal
pqno.com.br,2026-07-05,11,2.0,0.0,0,0.3333333333333333,-10.2959,low,0.5,3,1.0,True,NOERROR,2,3600,0,2,False,False,0,273584,BR,False,,17,365,False,0,False,False,,benign,no_adverse_signal
rudeboards.com,2026-07-05,14,2.9219280948873623,0.0,0,0.6666666666666666,-7.164276470588235,low,0.5882,3,0.8,True,NOERROR,2,120,0,4,False,False,0,16509,DE,True,"Name.com, Inc.",1,365,True,18,False,False,,benign,no_adverse_signal
meestcalgary.ca,2026-07-05,15,3.2516291673878226,0.0,0,0.5,-6.828857142857143,low,0.5263,3,0.8333333333333334,True,NOERROR,1,10800,1,2,True,False,0,16276,CA,True,WHC Online Solutions Inc.,10,365,True,0,False,False,,benign,no_adverse_signal
sandersonhighschool.co.uk,2026-07-05,25,3.3918926446809317,0.0,0,0.46153846153846156,-6.813674285714286,low,0.4615,5,0.631578947368421,True,NOERROR,2,300,0,2,False,False,2,13335,US,False,"Namecheap, Inc. t/a Spaceship [Tag = SPACESHIP]",12,365,False,0,False,False,,benign,no_adverse_signal
15882.cc,2026-07-05,8,1.9219280948873623,0.625,0,0.0,-10.386785714285713,low,0.25,0,0.8,True,NOERROR,1,1800,0,2,False,False,0,134548,KR,False,"Spaceship, Inc.",3,365,False,0,False,False,,benign,no_adverse_signal
tlaser.com.ar,2026-07-05,13,2.584962500721156,0.0,0,0.5,-6.169888888888888,low,0.6154,2,1.0,True,NOERROR,1,1800,2,2,True,False,1,47583,BR,False,nicar,4468,4769,False,0,False,False,False,benign,no_adverse_signal
libertadvault.com,2026-07-05,17,3.238901256602631,0.0,0,0.625,-6.9646,low,0.5,2,0.7692307692307693,True,NOERROR,1,3600,1,2,True,False,0,398101,US,True,"GoDaddy.com, LLC",2,731,True,0,False,False,False,benign,no_adverse_signal
nerdprompt.xyz,2026-07-05,14,2.9219280948873623,0.0,0,0.25,-7.012611764705882,high,0.5714,4,0.8,True,NOERROR,2,3600,1,2,True,False,0,16509,US,True,"GMO Internet, Inc.",1,365,True,29,False,False,,benign,no_adverse_signal
progress-lab.co.uk,2026-07-05,18,3.2516291673878226,0.0,1,0.375,-6.865709523809524,low,0.5385,2,0.8333333333333334,True,NOERROR,1,3600,1,3,True,False,0,396982,NL,True,Hosting Concepts B.V. [Tag = REGISTRAR-EU],4,365,False,7,False,False,False,benign,no_adverse_signal
vegetini.com,2026-07-05,12,2.5,0.0,0,1.0,-6.370261538461539,low,0.5714,1,0.75,True,NOERROR,1,10800,1,4,True,False,1,13335,CA,True,"TUCOWS.COM, CO.",2,365,True,0,False,False,False,benign,no_adverse_signal
enjoyeverymoments.site,2026-07-05,22,3.146286370662105,0.0,0,0.5454545454545454,-7.255712903225806,medium,0.5,3,0.5882352941176471,True,NOERROR,2,300,0,2,False,False,0,13335,US,False,NAMECHEAP INC,2,365,True,0,False,False,,benign,no_adverse_signal
properscan.ae,2026-07-05,13,2.9219280948873623,0.0,0,0.42857142857142855,-6.205329411764706,low,0.6667,3,0.8,True,NOERROR,2,300,0,2,False,False,2,13335,US,False,,,,False,0,False,False,,benign,no_adverse_signal
digitalbox.uk,2026-07-05,13,3.121928094887362,0.0,0,0.6666666666666666,-6.702252941176471,low,0.625,2,0.9,True,NOERROR,1,300,0,2,False,False,0,16509,US,True,Mark Adams t/a 3DWeb.co.uk [Tag = 3DWEB],2283,2556,False,0,False,False,,benign,no_adverse_signal
foodhall88.nl,2026-07-05,13,2.7219280948873625,0.15384615384615385,0,0.6,-7.924370588235295,low,0.4444,2,0.7,False,NOERROR,0,,0,2,False,False,0,,,,DEVEXPANSE LTD,12,,False,,,False,,benign,no_adverse_signal
goesadvocacia.adv.br,2026-07-05,20,3.0269868333592873,0.0,0,1.1666666666666667,-7.353521739130435,low,0.5333,2,0.6923076923076923,True,NOERROR,2,300,1,2,True,False,2,13335,US,False,,1139,2192,False,0,False,False,False,benign,no_adverse_signal
prospen.site,2026-07-05,12,2.5216406363433186,0.0,0,0.4,-6.320936363636363,medium,0.6667,2,0.8571428571428571,True,NOERROR,1,50,0,2,False,False,0,47583,CY,False,"HOSTINGER operations, UAB",1,365,False,33,False,False,,benign,no_adverse_signal
newcontractingtechnicsllc.com,2026-07-05,29,3.4292750707107125,0.0,0,0.3157894736842105,-6.887370212765957,low,0.4706,5,0.52,True,NOERROR,1,3600,1,4,True,False,1,48254,GB,True,NAMECHEAP INC,2,365,True,0,False,False,False,benign,no_adverse_signal
joky.eu,2026-07-05,7,2.0,0.0,0,0.3333333333333333,-8.267240000000001,low,0.5,2,1.0,True,NOERROR,1,10800,1,2,True,False,0,47846,DE,False,Maxer Host Limited,,,False,10,False,False,False,benign,no_adverse_signal
7u1o7.cyou,2026-07-05,10,1.9219280948873623,0.3,0,2.0,-12.8553,low,0.5,0,0.8,True,NOERROR,9,3600,1,2,False,False,0,60592,CZ,False,"Gransy, s.r.o.",1,365,False,0,True,False,False,malicious,spamhaus_zen
tpsbretagne.fr,2026-07-05,14,3.0957952550009344,0.0,0,0.375,-7.473242105263158,low,0.5556,5,0.8181818181818182,True,NOERROR,1,3600,3,2,True,False,0,16276,FR,True,OVH,1,1095,False,0,False,False,False,benign,no_adverse_signal
promoclient.info,2026-07-05,16,3.277613436819116,0.0,0,0.5714285714285714,-6.559636842105263,medium,0.48,2,0.9090909090909091,True,NOERROR,2,9,1,4,True,False,0,16509,US,True,,,,,0,False,False,False,benign,no_adverse_signal
vividsappro.com,2026-07-05,15,2.9139770731827523,0.0,0,0.5714285714285714,-6.885757894736842,low,0.4762,3,0.7272727272727273,False,SERVFAIL,0,,0,0,False,False,0,,,,"XServer, Inc.",1,365,False,,,False,,benign,no_adverse_signal
iagentmovement.xyz,2026-07-05,18,3.039148671903071,0.0,0,0.75,-6.540508,high,0.5217,3,0.6428571428571429,True,NOERROR,2,3600,1,2,True,False,0,16509,US,True,"GMO Internet, Inc.",1,365,True,71,False,False,,malicious,abuseipdb
bee365.app,2026-07-05,10,2.2516291673878226,0.3,0,2.0,-8.419966666666667,low,0.5333,1,0.8333333333333334,True,NOERROR,2,300,0,2,False,False,2,13335,US,False,,,,False,0,False,False,,benign,no_adverse_signal
mcplinkvault.xyz,2026-07-05,16,3.418295834054489,0.0,0,0.3333333333333333,-7.710414285714286,high,0.5556,4,0.9166666666666666,True,NOERROR,2,3600,1,2,True,False,0,16509,US,True,"GMO Internet, Inc.",2,365,True,71,False,False,,malicious,abuseipdb
botscrossfx.xyz,2026-07-05,15,2.845350936622437,0.0,0,0.2222222222222222,-7.480815789473684,high,0.5,4,0.7272727272727273,True,NOERROR,2,3600,1,2,True,False,0,16509,US,True,"GMO Internet, Inc.",2,365,True,71,False,False,,malicious,abuseipdb
zielonogorski.pl,2026-07-05,16,3.180832987205441,0.0,0,0.8571428571428571,-7.127647826086957,low,0.5,3,0.7692307692307693,True,NOERROR,2,300,1,2,True,False,2,13335,US,False,OVH SAS,2575,2922,False,0,False,False,False,benign,no_adverse_signal
919011.top,2026-07-05,10,1.4591479170272448,0.6,0,0.0,-10.44278888888889,high,0.2222,0,0.5,True,NOERROR,9,60,0,2,False,True,0,152194,JP,False,GLOBAL ASSET DOMAINS INC.,2,365,True,0,True,True,,malicious,spamhaus_zen
bentge.shop,2026-07-05,11,2.2516291673878226,0.0,0,0.5,-6.946744444444445,low,0.6154,3,0.8333333333333334,True,NOERROR,1,60,0,2,False,False,0,13335,CA,True,,,,False,0,False,False,,benign,no_adverse_signal
platxexts.click,2026-07-05,15,2.725480556997868,0.0,0,0.2857142857142857,-8.339013333333334,medium,0.5714,3,0.7777777777777778,True,NOERROR,2,300,0,2,False,False,2,13335,US,False,Global Domain Group LLC,2,365,False,0,False,False,,benign,no_adverse_signal
750532.shop,2026-07-05,11,2.2516291673878226,0.5454545454545454,0,0.0,-11.564455555555556,low,0.2222,0,0.8333333333333334,True,NOERROR,1,1,0,2,False,True,0,4907,JP,False,,,,False,0,True,True,,malicious,spamhaus_zen
thesleeptribe.com,2026-07-05,17,2.931208948910323,0.0,0,0.625,-6.991804347826087,low,0.5263,3,0.6923076923076923,True,NOERROR,2,3600,1,2,False,False,0,16509,US,True,"GoDaddy.com, LLC",2,365,True,18,False,False,False,benign,no_adverse_signal
bridgeautos.co.uk,2026-07-05,17,3.459431618637298,0.0,0,0.8333333333333334,-6.8886631578947375,low,0.5556,2,1.0,True,NOERROR,1,60,0,0,False,False,0,,,True,PDR Ltd. d/b/a PublicDomainRegistry.com [Tag = PDR-IN],465,730,False,0,False,False,,benign,no_adverse_signal
zhtep.cn,2026-07-05,8,2.321928094887362,0.0,0,0.25,-8.567342857142858,low,0.5,3,1.0,True,NOERROR,1,900,0,2,False,False,0,135097,SC,False,昆明乐网数码科技有限公司,16,365,False,0,False,False,,benign,no_adverse_signal
alpamayo-bergsteigen.de,2026-07-05,23,3.746439344671015,0.0,1,0.7272727272727273,-7.31728918918919,low,0.4667,4,0.75,True,NOERROR,1,10800,3,2,True,False,0,22612,US,True,,,,False,0,False,False,False,benign,no_adverse_signal
outfiz.de,2026-07-05,9,2.584962500721156,0.0,0,1.0,-7.8345111111111105,low,0.5455,2,1.0,True,NOERROR,1,3600,0,2,False,False,0,24940,DE,True,,,,False,0,False,False,,benign,no_adverse_signal
genmingfang.cn,2026-07-05,14,2.59490661824394,0.0,0,0.375,-6.9528842105263164,low,0.5,3,0.6363636363636364,True,NOERROR,1,600,0,2,False,False,0,142286,HK,False,域见未来（北京）科技有限公司,13,365,False,0,True,False,,malicious,spamhaus_zen
paulbaby.shop,2026-07-05,13,2.5,0.0,0,0.6,-7.828076923076923,low,0.6667,2,0.75,False,NOERROR,0,,0,2,False,False,0,,,,,,,False,,,False,,benign,no_adverse_signal
greeneadetoxon.world,2026-07-05,20,2.950212064914747,0.0,0,1.0,-6.884644,low,0.5,2,0.6428571428571429,True,NOERROR,2,300,0,2,False,False,2,13335,US,False,,,,,0,False,False,,benign,no_adverse_signal
drnolanbodah.store,2026-07-05,18,2.918295834054489,0.0,0,0.5,-7.357857142857144,low,0.5263,3,0.6666666666666666,True,NOERROR,2,600,0,2,False,False,0,16509,US,True,,,,False,31,False,False,,benign,no_adverse_signal
a575g.bet,2026-07-05,9,1.9219280948873623,0.3333333333333333,0,1.0,-12.310828571428571,low,0.4,1,0.8,True,NOERROR,1,300,0,2,False,False,0,206834,DE,False,,,,,11,False,False,,benign,no_adverse_signal
uppercrustsouth.com,2026-07-05,19,3.056564762130954,0.0,0,0.5,-6.865155555555555,low,0.48,3,0.6,True,NOERROR,4,10800,0,4,True,False,0,53831,US,False,Squarespace Domains LLC,1,1096,True,23,False,False,,benign,no_adverse_signal
kyros.no,2026-07-05,8,2.321928094887362,0.0,0,0.25,-7.767128571428572,low,0.6154,3,1.0,True,NOERROR,1,600,2,2,True,False,0,39783,NO,False,,11,,False,0,False,False,False,benign,no_adverse_signal
baim44.biz,2026-07-05,10,2.2516291673878226,0.2,0,1.0,-9.200988888888888,low,0.5455,1,0.8333333333333334,True,NOERROR,2,300,0,2,False,False,2,13335,US,False,Dynadot Inc,2,,True,0,False,False,,benign,no_adverse_signal
rowaadteh.com,2026-07-05,13,2.94770277922009,0.0,0,0.8,-7.7043333333333335,low,0.5556,2,0.8888888888888888,False,NOERROR,0,,0,2,False,False,0,,,,"Network Solutions, LLC",1,365,True,,,False,,benign,no_adverse_signal
hitchcraft.com.au,2026-07-05,17,2.721928094887362,0.0,0,0.25,-7.368670588235294,low,0.5882,5,0.7,True,NOERROR,1,10800,3,3,True,False,0,45638,AU,True,Synergy Wholesale Accreditations Pty Ltd,,,False,0,False,False,False,benign,no_adverse_signal
shbelieve.cn,2026-07-05,12,2.6416041678685933,0.0,0,0.8,-7.312913333333333,low,0.6154,3,0.7777777777777778,False,NOERROR,0,,0,2,False,False,0,,,,广州名扬信息科技有限公司,5,365,False,,,False,,benign,no_adverse_signal
casacom.com.mx,2026-07-05,14,2.2359263506290326,0.0,0,0.75,-6.352963636363636,low,0.6667,1,0.7142857142857143,True,NOERROR,2,300,0,2,False,False,2,13335,US,False,Registrar.eu,7,365,False,0,False,False,,benign,no_adverse_signal
moorepen.cn,2026-07-05,11,2.5,0.0,0,1.0,-6.500807692307693,low,0.6154,1,0.75,True,NOERROR,1,600,0,2,False,False,0,45102,HK,False,合肥聚名网络科技有限公司,9,365,False,0,False,False,,benign,no_adverse_signal
schema.fit,2026-07-05,10,2.584962500721156,0.0,0,0.5,-6.2789,low,0.5714,3,1.0,False,NOERROR,0,,0,2,False,False,0,,,,"Spaceship, Inc.",2,365,True,,,False,,benign,no_adverse_signal
bemymall.ru,2026-07-05,11,2.5,0.0,0,0.3333333333333333,-7.223130769230769,low,0.5,3,0.75,True,NOERROR,1,10800,0,2,False,False,0,57043,DE,False,REGRU-RU,2,365,False,5,False,False,,benign,no_adverse_signal
bayscales.com,2026-07-05,13,2.725480556997868,0.0,0,0.5,-6.560313333333334,low,0.5333,3,0.7777777777777778,True,NOERROR,1,300,0,4,False,False,0,13335,DE,True,"Name.com, Inc.",2,365,True,38,False,False,,benign,no_adverse_signal
bzvmnl.com,2026-07-05,10,2.584962500721156,0.0,0,0.0,-10.830655555555555,low,0.5,6,1.0,True,NOERROR,1,150,1,2,False,False,1,8560,DE,True,InterNetX GmbH,1,365,True,0,False,False,False,benign,no_adverse_signal
shopperly.app,2026-07-05,13,2.94770277922009,0.0,0,0.2857142857142857,-6.80214,low,0.625,3,0.8888888888888888,True,NOERROR,2,3600,1,2,True,False,0,16509,US,True,,,,False,71,False,False,,malicious,abuseipdb
radion.me,2026-07-05,9,2.584962500721156,0.0,0,1.0,-5.948733333333333,low,0.6,1,1.0,True,NOERROR,2,3600,1,2,True,False,0,16509,US,True,Dominet (HK) Limited,10,365,True,29,False,,,benign,no_adverse_signal
clevercartau.com,2026-07-05,16,2.918295834054489,0.0,0,0.7142857142857143,-6.4180190476190475,low,0.5263,2,0.6666666666666666,True,NOERROR,1,10800,0,2,False,False,0,16509,US,True,"TUCOWS.COM, CO.",371,730,True,0,False,False,,benign,no_adverse_signal
08051.cn,2026-07-05,8,1.9219280948873623,0.625,0,0.0,-10.816028571428571,low,0.25,0,0.8,True,NOERROR,1,600,0,2,False,False,0,45102,HK,False,阿里云计算有限公司（万网）,8,365,False,0,False,False,,benign,no_adverse_signal
mifdy.cc,2026-07-05,8,2.321928094887362,0.0,0,0.25,-9.599714285714287,low,0.5714,3,1.0,True,NOERROR,1,1,0,2,False,True,0,40065,US,False,"NameSilo, LLC",2,365,True,0,False,False,,benign,no_adverse_signal
warta.in.ua,2026-07-05,11,1.9219280948873623,0.0,0,0.6666666666666666,-6.054314285714286,low,0.6667,2,0.8,True,NOERROR,2,300,0,2,False,False,2,13335,US,False,"""НІК.Юей""",9,365,False,0,False,False,,benign,no_adverse_signal
monitorgospodarczy.pl,2026-07-05,21,3.614369445886757,0.0,0,0.5,-7.053339393939394,low,0.4615,4,0.7777777777777778,True,NOERROR,1,10800,1,2,True,False,0,48707,PL,False,Aftermarket.pl Limited,12,365,False,0,False,False,False,benign,no_adverse_signal
zaknihovny.cz,2026-07-05,13,3.121928094887362,0.0,0,0.42857142857142855,-8.659070588235295,low,0.4615,3,0.9,True,NOERROR,2,300,0,2,False,False,2,13335,US,False,REG-GRANSY,18,364,False,0,False,False,,benign,no_adverse_signal
balee.cc,2026-07-05,8,1.9219280948873623,0.0,0,1.5,-6.281999999999999,low,0.6,1,0.8,True,NOERROR,1,1,0,2,False,True,0,40065,US,False,"NameSilo, LLC",6,365,True,0,False,False,,benign,no_adverse_signal
obrazynaplatne.cz,2026-07-05,17,3.3248629576173574,0.0,0,0.5555555555555556,-7.309912000000001,low,0.5,3,0.7857142857142857,True,NOERROR,1,3600,0,2,False,False,0,24940,DE,True,REG-DOMAINPROFI,13,364,False,0,False,False,,benign,no_adverse_signal
honestual-work.site,2026-07-05,19,3.6644977792004623,0.0,1,0.625,-6.8578600000000005,medium,0.6087,2,0.9285714285714286,False,timeout,0,,1,2,False,False,0,,,,"GMO Internet, Inc.",2,365,True,,,False,,benign,no_adverse_signal
algorithmicfinance.com.au,2026-07-05,25,3.5724312513221195,0.0,0,0.6363636363636364,-7.080112121212121,low,0.48,3,0.7222222222222222,True,NOERROR,1,3600,1,2,True,False,0,133618,US,True,DROP.com.au Pty Ltd,,,False,0,False,False,,benign,no_adverse_signal
conses.tp.it,2026-07-05,12,2.251629167387823,0.0,0,0.5,-6.010211111111111,low,0.6667,2,0.8333333333333334,False,NXDOMAIN,0,,0,0,False,False,0,,,,,,,,,,False,,benign,no_adverse_signal
helpwright.com,2026-07-05,14,3.121928094887362,0.0,0,0.25,-7.900494117647059,low,0.5217,4,0.9,True,NOERROR,1,3600,2,4,True,False,1,8560,DE,True,IONOS SE,2,365,True,0,False,False,False,benign,no_adverse_signal
peopleyes.com,2026-07-05,13,2.4193819456463714,0.0,0,0.8,-7.2583,low,0.5714,2,0.6666666666666666,True,NOERROR,2,10800,0,2,True,False,2,14618,US,True,DropCatch.com 459 LLC,2,365,False,0,False,False,,benign,no_adverse_signal
wolfesdrywallrepair.com,2026-07-05,23,3.4316235658474303,0.0,0,0.46153846153846156,-7.599574285714286,low,0.4138,5,0.631578947368421,True,NOERROR,2,27,2,4,True,False,0,16509,US,True,Porkbun LLC,1,365,False,0,False,False,False,benign,no_adverse_signal
dreamlife.gr,2026-07-05,12,2.94770277922009,0.0,0,0.8,-6.990853333333333,low,0.625,2,0.8888888888888888,True,NOERROR,1,3600,1,2,True,False,0,32244,US,True,,,,,0,False,False,False,benign,no_adverse_signal
campanhacompleta.com.br,2026-07-05,23,3.125,0.0,0,0.6,-6.617448275862069,low,0.5926,3,0.625,True,NOERROR,2,300,0,2,False,False,2,13335,US,False,,5527,6210,False,0,False,False,,benign,no_adverse_signal
v8699.cc,2026-07-05,8,1.9219280948873623,0.5,0,0.0,-11.357985714285714,low,0.25,1,0.8,True,NOERROR,1,1800,0,2,False,False,0,134548,HK,False,"Spaceship, Inc.",8,365,False,0,False,False,,benign,no_adverse_signal
social-impact.nl,2026-07-05,16,3.238901256602631,0.0,1,0.7142857142857143,-7.1409391304347825,low,0.5263,2,0.7692307692307693,True,NOERROR,1,3600,2,3,True,False,0,13335,DE,True,Realtime Register,11,,False,38,False,False,False,benign,no_adverse_signal
artroalivio.info,2026-07-05,16,2.7321588913645702,0.0,0,1.2,-6.677810526315789,medium,0.5455,3,0.6363636363636364,True,NOERROR,2,300,0,2,False,False,2,13335,US,False,,,,,0,False,False,,benign,no_adverse_signal
eckosmetologia.pl,2026-07-05,17,3.3248629576173574,0.0,0,1.0,-6.933708,low,0.5,2,0.7857142857142857,True,NOERROR,1,10800,1,2,True,False,0,20853,PL,True,OVH SAS,3,365,False,0,False,False,False,benign,no_adverse_signal
doorcraftersgarage-door-repair.org,2026-07-05,34,3.3600115303896283,0.0,2,0.75,-7.1363157894736835,low,0.4255,3,0.43333333333333335,True,NOERROR,2,300,1,2,True,False,2,13335,US,False,NAMECHEAP INC,1,365,True,0,False,False,False,benign,no_adverse_signal
aposteriori.pl,2026-07-05,14,2.913977073182752,0.0,0,1.2,-6.102315789473685,low,0.5263,2,0.7272727272727273,True,NOERROR,1,10800,1,2,True,False,0,48707,PL,False,Aftermarket.pl Limited,5,365,False,0,False,False,False,benign,no_adverse_signal
drybridge.ge,2026-07-05,12,2.725480556997868,0.0,0,0.2857142857142857,-7.543293333333334,low,0.5,5,0.7777777777777778,True,NOERROR,1,120,0,2,False,False,0,20545,GE,False,domenebi.ge,3,366,False,0,False,False,,benign,no_adverse_signal
chainian.xyz,2026-07-05,12,2.25,0.0,0,1.0,-6.167869230769231,high,0.6667,2,0.625,True,NOERROR,2,3600,1,2,True,False,0,16509,US,True,"GMO Internet, Inc.",1,365,True,29,False,False,,benign,no_adverse_signal
finno-ugristik.at,2026-07-05,17,3.3248629576173574,0.0,1,0.625,-7.494968,low,0.5,2,0.7857142857142857,True,NOERROR,2,300,0,2,False,False,2,13335,US,False,Dynadot INC ( https://nic.at/registrar/650 ),,,False,0,False,False,,benign,no_adverse_signal
silicascarcare.us,2026-07-05,17,2.699513850319966,0.0,0,0.75,-6.224944000000001,low,0.5833,2,0.5,True,NOERROR,1,600,2,3,True,False,1,51013,SK,True,"Ascio Technologies, Inc. Danmark - Filial af Ascio technologies, Inc. USA",3,365,False,1,False,False,False,benign,no_adverse_signal
faithvault.xyz,2026-07-05,14,2.9219280948873623,0.0,0,0.6666666666666666,-7.831294117647059,high,0.5333,3,0.8,True,NOERROR,2,3600,1,2,True,False,0,16509,US,True,"GMO Internet, Inc.",2,365,True,29,False,False,,benign,no_adverse_signal
malscollective.com,2026-07-05,18,3.182005814760214,0.0,0,0.5555555555555556,-6.4417,low,0.5517,3,0.7142857142857143,True,NOERROR,1,10800,0,4,False,False,1,13335,CA,True,"TUCOWS.COM, CO.",2,365,True,0,False,False,,benign,no_adverse_signal
pxkv.cn,2026-07-05,7,2.0,0.0,0,0.0,-11.47264,low,0.5714,4,1.0,True,NOERROR,1,1,0,2,False,False,0,53587,US,False,广州名扬信息科技有限公司,13,365,False,0,False,False,,benign,no_adverse_signal
christinemilesconsulting.com,2026-07-05,28,3.5220552088742005,0.0,0,0.5,-6.324371111111111,low,0.4615,3,0.5416666666666666,True,NOERROR,2,45,0,4,False,False,0,16509,US,True,Porkbun LLC,382,730,False,2,False,False,,benign,no_adverse_signal
horus-medical.fr,2026-07-05,16,3.7004397181410926,0.0,1,0.7142857142857143,-6.696752173913044,low,0.5556,1,1.0,True,NOERROR,1,3600,0,2,False,False,0,24940,DE,True,TLD Registrar Solutions Ltd,5,730,False,0,False,False,,benign,no_adverse_signal
listenlightning.asia,2026-07-05,20,2.872905595320056,0.0,0,0.36363636363636365,-6.572214814814815,low,0.4667,4,0.5333333333333333,False,NOERROR,0,,1,2,True,False,0,,,,Alibaba Cloud Computing Ltd. d/b/a HiChina (www.net.cn),2,365,True,,,False,False,benign,no_adverse_signal
f5r8gwb.asia,2026-07-05,12,2.807354922057604,0.16666666666666666,0,0.0,-12.125672727272727,low,0.5455,3,1.0,False,NOERROR,0,,1,2,False,False,0,,,,"DNSPod, Inc.",2,365,True,,,False,True,benign,no_adverse_signal
ambar.id,2026-07-05,8,1.9219280948873623,0.0,0,0.6666666666666666,-6.774,low,0.6667,2,0.8,False,NOERROR,0,,0,2,False,False,0,,,,,,,False,,,False,,benign,no_adverse_signal
memucogni.online,2026-07-05,16,2.94770277922009,0.0,0,0.8,-7.727,medium,0.4762,2,0.8888888888888888,True,NOERROR,1,1800,0,2,False,False,1,47583,BR,False,"HOSTINGER operations, UAB",1,365,False,0,False,False,,benign,no_adverse_signal
slotastic-casino-website.com,2026-07-05,28,3.438721875540867,0.0,2,0.6923076923076923,-6.772897777777778,low,0.45,2,0.5,True,NOERROR,1,300,0,2,False,False,0,206834,DE,False,"Gransy, s.r.o.",2,365,False,11,False,False,,benign,no_adverse_signal
thebeautygazette.com,2026-07-05,20,2.875,0.0,0,0.7777777777777778,-7.124248275862069,low,0.5,3,0.5625,True,NOERROR,1,1800,0,2,False,False,1,47583,US,False,"HOSTINGER operations, UAB",2,365,False,0,False,False,,benign,no_adverse_signal
taskflowcloud.xyz,2026-07-05,17,3.3927474104487847,0.0,0,0.4444444444444444,-7.4078739130434785,high,0.6087,4,0.8461538461538461,True,NOERROR,2,3600,1,2,True,False,0,16509,US,True,"GMO Internet, Inc.",2,365,True,71,False,False,,malicious,abuseipdb
vendefrata.pro,2026-07-05,14,2.9219280948873623,0.0,0,0.6666666666666666,-6.470982352941176,low,0.5882,2,0.8,True,NOERROR,1,60,0,2,False,True,0,210756,RU,False,,,,,0,False,True,,malicious,spamhaus_dbl
yieldthemes.xyz,2026-07-05,15,3.027169118440619,0.0,0,0.5714285714285714,-7.095305263157894,high,0.5714,4,0.8181818181818182,True,NOERROR,2,3600,1,2,True,False,0,16509,US,True,"GMO Internet, Inc.",1,365,True,71,False,False,,malicious,abuseipdb
gofitness.ai,2026-07-05,12,2.9477027792200903,0.0,0,0.5,-6.93732,low,0.5333,2,0.8888888888888888,True,NOERROR,2,600,0,2,False,False,0,16509,US,True,"GoDaddy.com, LLC",3,731,True,37,False,False,,benign,no_adverse_signal
8766f.cc,2026-07-05,8,1.9219280948873623,0.5,0,0.0,-11.541357142857143,low,0.25,1,0.8,True,NOERROR,2,300,0,2,False,False,2,13335,US,False,"Spaceship, Inc.",18,365,False,0,False,False,,benign,no_adverse_signal
sxsmu.cn,2026-07-05,8,1.9219280948873623,0.0,0,0.25,-9.190985714285715,low,0.6,4,0.8,True,NOERROR,1,1,0,2,False,False,0,59371,HK,False,甘肃云创空间网络科技有限公司,2,365,False,0,False,False,,benign,no_adverse_signal
skill-city.net.pl,2026-07-05,17,2.9219280948873623,0.0,1,0.2857142857142857,-7.385635294117647,low,0.5556,2,0.8,True,NOERROR,2,300,0,2,False,False,2,13335,US,False,Hosting Concepts B.V.,17,365,False,0,False,False,,benign,no_adverse_signal
iromi.ru,2026-07-05,8,1.9219280948873623,0.0,0,1.5,-6.582485714285714,low,0.7273,1,0.8,True,NOERROR,1,10800,0,2,False,False,0,197695,RU,False,REGRU-RU,1,365,False,0,False,False,,benign,no_adverse_signal
qebop.ru,2026-07-05,8,2.321928094887362,0.0,0,0.6666666666666666,-8.504885714285715,low,0.6,1,1.0,True,NOERROR,1,3600,2,2,True,False,1,197695,RU,True,REGRU-RU,2,365,False,0,False,False,False,benign,no_adverse_signal
ara.tw,2026-07-05,6,0.9182958340544896,0.0,0,2.0,-5.462633333333334,low,0.6,1,0.6666666666666666,False,NOERROR,0,,0,2,False,False,0,,,,PCHOME,13,365,True,,,False,,benign,no_adverse_signal
fanos.org.uk,2026-07-05,12,2.321928094887362,0.0,0,0.6666666666666666,-6.552328571428572,low,0.7273,1,1.0,True,NOERROR,2,300,0,2,False,False,2,13335,US,False,"GoDaddy.com, LLC. [Tag = GODADDY]",7,365,False,0,False,False,,benign,no_adverse_signal
thenovahub.net,2026-07-05,14,3.121928094887362,0.0,0,0.6666666666666666,-7.099952941176471,low,0.5556,2,0.9,True,NOERROR,2,163,0,2,False,False,0,16509,US,True,"Cloudflare, Inc.",2,365,True,29,False,False,,benign,no_adverse_signal
wyxwz.cn,2026-07-05,8,1.9219280948873623,0.0,0,0.0,-11.318285714285716,low,0.5,5,0.8,False,NOERROR,0,,0,4,False,False,0,,,,阿里云计算有限公司（万网）,2,365,False,,,False,,benign,no_adverse_signal
ukashgroveview.com,2026-07-05,18,3.521640636343319,0.0,0,0.75,-7.3598040000000005,low,0.48,4,0.8571428571428571,True,NOERROR,2,300,0,2,False,False,2,13335,US,False,NAMECHEAP INC,2,365,True,0,False,False,,benign,no_adverse_signal
newthaihe.com,2026-07-05,13,2.725480556997868,0.0,0,0.8,-7.57702,low,0.625,3,0.7777777777777778,True,NOERROR,1,1800,0,2,False,False,1,47583,MY,False,"HOSTINGER operations, UAB",2,365,False,0,False,False,,benign,no_adverse_signal
mp3jay.com,2026-07-05,10,2.584962500721156,0.1,0,0.25,-9.781622222222222,low,0.5,2,1.0,False,SERVFAIL,0,,0,0,False,False,0,,,,Synergy Wholesale Accreditations Pty Ltd,9143,9496,True,,,False,,benign,no_adverse_signal
lawson.pl,2026-07-05,9,2.584962500721156,0.0,0,0.5,-6.766388888888889,low,0.6667,2,1.0,True,NOERROR,1,10800,1,2,True,False,0,48707,PL,False,Aftermarket.pl Limited,15,365,False,0,False,False,False,benign,no_adverse_signal
lcyxgt.cn,2026-07-05,9,2.584962500721156,0.0,0,0.0,-10.202766666666667,low,0.4615,6,1.0,True,NOERROR,1,600,0,2,False,False,0,398478,HK,False,广东时代互联科技有限公司,8,365,False,0,False,False,,benign,no_adverse_signal
gardenfriedchicken.es,2026-07-05,21,3.350209029099897,0.0,0,0.5,-6.882509090909092,low,0.48,3,0.6111111111111112,True,NOERROR,1,900,0,3,False,False,0,206834,DE,False,,,,False,0,False,False,,benign,no_adverse_signal
playnesto.top,2026-07-05,13,3.169925001442312,0.0,0,0.5,-6.340646666666667,high,0.7,2,1.0,True,NOERROR,2,300,0,2,False,False,2,13335,US,False,Alibaba Cloud Computing Ltd. d/b/a HiChina (www.net.cn),2,365,True,0,False,False,,benign,no_adverse_signal
asgp.fr,2026-07-05,7,2.0,0.0,0,0.3333333333333333,-8.59806,low,0.5714,3,1.0,True,NOERROR,1,10800,2,3,True,False,1,24940,DE,True,XNS Registrar B.V.,18,364,False,0,False,False,False,benign,no_adverse_signal
znzhkrm.cn,2026-07-05,10,2.5216406363433186,0.0,0,0.0,-9.906699999999999,low,0.4615,7,0.8571428571428571,True,NOERROR,1,600,0,2,False,False,0,132839,SC,False,广东时代互联科技有限公司,14,365,False,0,False,False,,benign,no_adverse_signal
wazifaforlove.in,2026-07-05,16,3.238901256602631,0.0,0,0.8571428571428571,-7.446321739130434,low,0.4444,2,0.7692307692307693,True,NOERROR,2,300,0,2,False,False,2,13335,US,False,NAMECHEAP INC,10,365,True,0,False,False,,benign,no_adverse_signal
solarbestai.com,2026-07-05,15,3.0957952550009344,0.0,0,0.8333333333333334,-6.372105263157895,low,0.5882,2,0.8181818181818182,False,NOERROR,0,,0,2,False,False,0,,,,"Cloudflare, Inc.",2,365,True,,,False,,benign,no_adverse_signal
luxurystakes.xyz,2026-07-05,16,3.2516291673878226,0.0,0,0.5,-7.473214285714286,high,0.5,4,0.8333333333333334,True,NOERROR,2,3600,1,2,True,False,0,16509,US,True,"GMO Internet, Inc.",1,365,True,29,False,False,,benign,no_adverse_signal
frevoyza-hcp.com,2026-07-05,16,3.584962500721156,0.0,1,0.375,-8.808680952380953,low,0.4211,3,1.0,False,NOERROR,0,,0,4,True,False,0,,,,"CSC Corporate Domains, Inc.",2,365,False,,,False,,benign,no_adverse_signal
southoxonautoelectronics.co.uk,2026-07-05,30,3.486440501696145,0.0,0,0.8461538461538461,-6.914111111111111,low,0.4324,3,0.5416666666666666,True,NOERROR,2,600,0,2,False,False,0,16509,US,True,123-Reg Limited t/a 123-reg [Tag = 123-REG],5,1096,False,19,False,False,,benign,no_adverse_signal
businessportret.nl,2026-07-05,18,3.1898980954642875,0.0,0,0.5,-6.140025925925926,low,0.6,3,0.6666666666666666,True,NOERROR,1,300,1,3,True,False,1,34762,NL,True,team.blue nl B.V.,9,,False,0,False,False,False,benign,no_adverse_signal
azhidkih.ru,2026-07-05,11,2.5,0.0,0,0.6,-8.755776923076924,low,0.5,2,0.75,False,NOERROR,0,,1,2,True,False,0,,,,REGRU-RU,3,365,False,,,False,False,benign,no_adverse_signal
newdefend.cn,2026-07-05,12,2.197159723424149,0.0,0,0.5,-7.244346666666667,low,0.6667,2,0.5555555555555556,False,NOERROR,0,,0,2,False,False,0,,,,佛山市亿动网络有限公司,16,365,False,,,False,,benign,no_adverse_signal
uconvert.co.uk,2026-07-05,14,3.0,0.0,0,0.6,-6.485007692307693,low,0.6154,2,1.0,True,NOERROR,2,600,0,2,False,False,0,16509,US,True,123-Reg Limited t/a 123-reg [Tag = 123-REG],7,365,False,0,False,False,,benign,no_adverse_signal
andrea-s-kochwelt.de,2026-07-05,20,3.734521664779752,0.0,2,0.5,-7.690970967741936,low,0.4667,3,0.8235294117647058,True,NOERROR,1,1799,0,2,False,False,0,14061,SG,False,,,,False,0,False,False,,benign,no_adverse_signal
ectdf17et893lg-je8s.com,2026-07-05,23,3.7871439606981383,0.2608695652173913,1,0.3333333333333333,-10.89778857142857,low,0.3704,4,0.7894736842105263,True,NOERROR,2,600,0,2,False,False,0,16509,US,True,"GoDaddy.com, LLC",2,365,True,31,False,False,,benign,no_adverse_signal
257563.sbs,2026-07-05,10,2.2516291673878226,0.6,0,0.0,-11.3003,low,0.4444,0,0.8333333333333334,True,NOERROR,2,300,0,2,False,False,2,13335,US,False,"Spaceship, Inc.",2,365,False,0,False,False,,benign,no_adverse_signal
polishglamboutique.com,2026-07-05,22,3.7254805569978675,0.0,0,0.8,-7.297409090909091,low,0.4444,4,0.7777777777777778,True,NOERROR,1,10800,0,4,False,False,1,13335,CA,True,"TUCOWS.COM, CO.",1,365,True,0,False,False,,benign,no_adverse_signal
printcarepharma.com.br,2026-07-05,22,3.139572261986723,0.0,0,0.5,-6.446822222222222,low,0.5833,3,0.6666666666666666,True,NOERROR,3,3600,0,2,False,False,0,58182,US,True,,3,365,False,9,False,False,,benign,no_adverse_signal
matrixbit.cn,2026-07-05,12,2.725480556997868,0.0,0,0.5,-7.079933333333333,low,0.6154,2,0.7777777777777778,False,NOERROR,0,,3,2,True,False,0,,,,阿里云计算有限公司（万网）,4,365,False,,,False,False,benign,no_adverse_signal
wwwforcode-media.ru,2026-07-05,19,3.327819531114783,0.0,1,0.6666666666666666,-7.3180172413793105,low,0.5185,4,0.6875,True,NOERROR,1,3600,1,0,False,False,0,48287,RU,True,RU-CENTER-RU,3,365,False,0,False,False,False,benign,no_adverse_signal
rohegoholdings.com,2026-07-05,18,3.182005814760214,0.0,0,0.5555555555555556,-7.156908,low,0.5926,3,0.7142857142857143,False,NOERROR,0,,0,2,False,False,0,,,,"Cloudflare, Inc.",2,365,True,,,False,,benign,no_adverse_signal
gptsupervision.xyz,2026-07-05,18,3.378783493486176,0.0,0,0.5555555555555556,-6.825748,high,0.5455,4,0.7857142857142857,True,NOERROR,2,3600,1,2,True,False,0,16509,US,True,"GMO Internet, Inc.",2,365,True,29,False,False,,benign,no_adverse_signal
reflektiere.de,2026-07-05,14,2.5503407095463886,0.0,0,0.8333333333333334,-7.1161315789473685,low,0.5556,2,0.6363636363636364,True,NOERROR,1,150,1,2,False,False,1,8560,DE,True,,,,False,2,False,False,False,benign,no_adverse_signal
kkbar-961.com,2026-07-05,13,2.94770277922009,0.23076923076923078,1,0.25,-9.969706666666667,low,0.3529,3,0.8888888888888888,True,NOERROR,2,300,0,2,False,False,2,13335,US,False,NAMECHEAP INC,2,365,False,0,False,False,,benign,no_adverse_signal
kinobe.co.uk,2026-07-05,12,2.584962500721156,0.0,0,1.0,-6.537122222222222,low,0.6667,1,1.0,False,NOERROR,0,,0,2,False,False,0,,,,"Cloudflare, Inc. [Tag = CLOUDFLARE]",4,365,False,,,False,,benign,no_adverse_signal
nexor6.com,2026-07-05,10,2.584962500721156,0.1,0,0.6666666666666666,-8.703044444444444,low,0.5455,1,1.0,True,NOERROR,2,300,0,2,False,False,2,13335,US,False,Dynadot Inc,2,365,False,0,False,False,,benign,no_adverse_signal
crownedgesolutions.net,2026-07-05,22,3.572431251322119,0.0,0,0.6363636363636364,-6.7447060606060605,low,0.5789,2,0.7222222222222222,False,NOERROR,0,,1,3,True,False,0,,,,"TUCOWS.COM, CO.",2,365,True,,,False,False,benign,no_adverse_signal
forthcloverspark.info,2026-07-05,21,3.577819531114783,0.0,0,0.3333333333333333,-6.539217241379311,medium,0.5455,5,0.8125,True,NOERROR,2,300,5,2,True,False,2,13335,US,False,,,,,0,False,False,False,benign,no_adverse_signal
clicksmart.nl,2026-07-05,13,3.121928094887362,0.0,0,0.25,-6.498188235294117,low,0.625,4,0.9,True,NOERROR,2,300,0,2,False,False,2,13335,US,False,Dynadot LLC,10,,False,0,False,False,,benign,no_adverse_signal
decgolf.com,2026-07-05,11,2.807354922057604,0.0,0,0.4,-7.741163636363637,low,0.5455,2,1.0,True,NOERROR,4,10800,0,4,True,False,0,53831,US,False,Squarespace Domains LLC,2,365,True,23,False,False,,benign,no_adverse_signal
bmaelectric.com.mx,2026-07-05,18,3.095795255000934,0.0,0,0.5714285714285714,-6.894863157894736,low,0.6316,3,0.8181818181818182,False,SERVFAIL,0,,0,0,False,False,0,,,,"AKKY ONLINE SOLUTIONS, S.A. DE C.V.",3307,3652,False,,,False,,benign,no_adverse_signal
jgtps.cn,2026-07-05,8,2.321928094887362,0.0,0,0.0,-9.605514285714287,low,0.5,5,1.0,True,NOERROR,1,600,0,2,False,False,0,133731,JP,True,北京万维通港科技有限公司,10,365,False,0,True,False,,malicious,spamhaus_zen
nirvana-essen.de,2026-07-05,16,2.8731406795131336,0.0,1,0.7142857142857143,-7.220847826086956,low,0.4615,2,0.6153846153846154,True,NOERROR,1,50,0,2,False,False,0,47583,CY,False,,,,False,33,False,False,,benign,no_adverse_signal
nayaaii.com,2026-07-05,11,1.8423709931771084,0.0,0,2.5,-8.030727272727272,low,0.6154,1,0.5714285714285714,True,NOERROR,1,10800,1,3,True,False,0,29169,FR,True,Gandi SAS,2,365,True,0,False,False,False,benign,no_adverse_signal
segrobe.digital,2026-07-05,15,2.5216406363433186,0.0,0,0.75,-6.926481818181818,low,0.6154,2,0.8571428571428571,True,NOERROR,2,300,0,2,False,False,2,13335,US,False,,,,,0,False,False,,benign,no_adverse_signal
naturopathy.ca,2026-07-05,14,3.0957952550009344,0.0,0,0.5714285714285714,-6.804421052631579,low,0.6,3,0.8181818181818182,True,NOERROR,5,600,1,2,True,False,5,63949,DE,True,Namespro Solutions Inc.,2222,2556,True,0,False,False,False,benign,no_adverse_signal
clipperdapps.xyz,2026-07-05,16,2.9182958340544896,0.0,0,0.3333333333333333,-6.835328571428572,high,0.4762,3,0.75,True,NOERROR,2,3600,1,2,True,False,0,16509,US,True,"GMO Internet, Inc.",2,365,True,71,False,False,,malicious,abuseipdb
firsthumaindemand.com,2026-07-05,21,3.4992275471326932,0.0,0,0.5454545454545454,-6.505903225806452,low,0.5,4,0.7058823529411765,True,NOERROR,2,34,0,4,False,False,0,16509,US,True,Porkbun LLC,743,1095,False,0,False,False,,benign,no_adverse_signal
thebox.network,2026-07-05,14,2.584962500721156,0.0,0,0.5,-6.685077777777778,low,0.5455,2,1.0,True,NOERROR,1,10800,1,2,True,False,0,47846,DE,False,,,,,25,False,False,False,benign,no_adverse_signal
thearchivespost.com,2026-07-05,19,3.3735572622751855,0.0,0,0.5,-6.233396296296297,low,0.6364,3,0.7333333333333333,True,NOERROR,1,10800,0,4,False,False,1,13335,CA,True,"TUCOWS.COM, CO.",2,365,True,0,False,False,,benign,no_adverse_signal
cliponearphones.com,2026-07-05,19,3.3735572622751846,0.0,0,0.6666666666666666,-6.582922222222222,low,0.5,3,0.7333333333333333,True,NOERROR,2,22,2,4,True,False,0,16509,US,True,Porkbun LLC,2,365,False,7,False,False,False,benign,no_adverse_signal
77620.bid,2026-07-05,9,1.9219280948873623,0.5555555555555556,0,0.0,-10.913742857142859,low,0.5,0,0.8,True,NOERROR,3,600,0,2,False,True,0,152194,JP,False,,,,False,0,True,True,,malicious,spamhaus_zen
ommm.me,2026-07-05,7,0.8112781244591328,0.0,0,0.3333333333333333,-8.23232,low,0.5,3,0.5,True,NOERROR,2,3600,1,2,True,False,0,16509,US,True,Dominet (HK) Limited,10,365,True,29,False,False,,benign,no_adverse_signal
ashleyhunter.co.uk,2026-07-05,18,3.2516291673878226,0.0,0,0.5,-7.147123809523809,low,0.5714,3,0.8333333333333334,True,NOERROR,2,300,3,2,True,False,2,13335,US,False,Voove Limited [Tag = VOOVE],10,365,False,0,False,False,False,benign,no_adverse_signal
vertma.lt,2026-07-05,9,2.584962500721156,0.0,0,0.5,-6.370411111111111,low,0.5714,3,1.0,True,NOERROR,2,300,0,2,False,False,2,13335,US,False,,11,366,False,0,False,False,,benign,no_adverse_signal
greenpool.io,2026-07-05,12,2.725480556997868,0.0,0,0.8,-6.77172,low,0.5333,2,0.7777777777777778,True,NOERROR,1,3600,1,2,True,False,0,133618,AU,True,CommuniGal Communication Ltd.,10,365,True,0,False,False,,benign,no_adverse_signal
megalure.digital,2026-07-05,16,2.75,0.0,0,1.0,-6.741415384615385,low,0.6154,1,0.875,True,NOERROR,2,300,0,2,False,False,2,13335,US,False,,,,,0,False,False,,benign,no_adverse_signal
inkpetal.app,2026-07-05,12,3.0,0.0,0,0.6,-6.873223076923077,low,0.6154,3,1.0,True,NOERROR,1,600,0,4,False,False,0,16509,US,False,,,,False,0,False,False,,benign,no_adverse_signal
tavo681n.shop,2026-07-05,13,3.0,0.23076923076923078,0,0.6666666666666666,-10.337015384615386,low,0.4615,1,1.0,True,NOERROR,2,300,0,2,False,False,2,13335,US,False,,,,False,0,False,False,,benign,no_adverse_signal
411bioworks.org,2026-07-05,15,3.0957952550009344,0.2,0,0.6,-8.341263157894737,low,0.5556,3,0.8181818181818182,True,NOERROR,4,10800,0,4,True,False,0,53831,US,False,Squarespace Domains LLC,1,365,True,31,False,False,,benign,no_adverse_signal
sun-power-ua.com,2026-07-05,16,3.2516291673878226,0.0,2,1.0,-7.794928571428572,low,0.5,1,0.8333333333333334,True,NOERROR,1,10800,1,3,False,False,0,16509,US,False,"NicNames, Inc",2,365,True,0,False,False,False,benign,no_adverse_signal
soldieragentic.xyz,2026-07-05,18,3.52164063634332,0.0,0,0.75,-6.3471519999999995,high,0.5455,2,0.8571428571428571,True,NOERROR,2,3600,1,2,True,False,0,16509,US,True,"GMO Internet, Inc.",1,365,True,71,False,False,,malicious,abuseipdb
dhyana-nature.fr,2026-07-05,16,3.180832987205441,0.0,1,0.7142857142857143,-7.457308695652174,low,0.6364,3,0.7692307692307693,True,NOERROR,1,10800,0,4,False,False,1,13335,CA,True,EPAG Domainservices GmbH,1,364,False,0,False,False,,benign,no_adverse_signal
hrtea.cn,2026-07-05,8,2.321928094887362,0.0,0,0.6666666666666666,-7.220042857142857,low,0.5455,3,1.0,False,NOERROR,0,,0,2,False,False,0,,,,腾讯云计算（北京）有限责任公司,2,365,False,,,False,,benign,no_adverse_signal
thri.gov.et,2026-07-05,11,2.0,0.0,0,0.3333333333333333,-7.228020000000001,low,0.6,3,1.0,True,NOERROR,1,10800,1,2,True,False,0,33182,US,True,,,,,0,False,False,False,benign,no_adverse_signal
boatrubtrim.store,2026-07-05,17,2.9139770731827523,0.0,0,0.5714285714285714,-7.283773684210527,low,0.5,3,0.7272727272727273,True,NOERROR,2,600,0,2,False,False,0,16509,US,True,,,,False,31,False,False,,benign,no_adverse_signal
skylayer.in,2026-07-05,11,2.75,0.0,0,0.3333333333333333,-7.377630769230769,low,0.6154,4,0.875,True,NOERROR,2,300,0,2,False,False,2,13335,US,False,"GoDaddy.com, LLC",53,365,False,0,False,False,,benign,no_adverse_signal
energybimcert.eu,2026-07-05,16,3.180832987205441,0.0,0,0.4444444444444444,-7.355260869565217,low,0.5714,4,0.7692307692307693,True,NOERROR,1,3600,0,2,False,False,0,206834,CA,False,Registrar.eu,,,False,0,False,False,,benign,no_adverse_signal
atlasbusinesspark.co.uk,2026-07-05,23,3.337175341123077,0.0,0,0.5454545454545454,-6.555377419354839,low,0.6154,3,0.7058823529411765,True,NOERROR,4,10800,0,4,True,False,0,53831,US,False,Squarespace Domains LLC t/a SQUARESPACE DOMAINS [Tag = SQUARESPACE],5,365,False,31,False,False,,benign,no_adverse_signal
chimneyagentic.xyz,2026-07-05,18,3.2359263506290334,0.0,0,0.5555555555555556,-6.899876000000001,high,0.5,2,0.7142857142857143,True,NOERROR,2,3600,1,2,True,False,0,16509,US,True,"GMO Internet, Inc.",1,365,True,71,False,False,,malicious,abuseipdb
achim-silz.de,2026-07-05,13,3.121928094887362,0.0,1,0.5,-7.796382352941176,low,0.5556,2,0.9,True,NOERROR,1,3600,2,4,True,False,1,8560,DE,True,,,,False,15,False,False,False,benign,no_adverse_signal
maturetube.me,2026-07-05,13,2.7219280948873625,0.0,0,1.0,-6.5551,low,0.625,1,0.7,True,NOERROR,2,300,0,2,False,False,2,13335,US,False,NAMECHEAP INC,10,365,True,0,False,False,,benign,no_adverse_signal
x1jogo0.com,2026-07-05,11,2.521640636343318,0.18181818181818182,0,0.6666666666666666,-10.082027272727272,low,0.4286,1,0.8571428571428571,True,NOERROR,2,300,0,2,False,False,2,13335,US,False,Dominet (HK) Limited,1,365,False,0,False,False,,benign,no_adverse_signal
831726.cn,2026-07-05,9,2.584962500721156,0.6666666666666666,0,0.0,-11.381822222222223,low,0.4444,0,1.0,True,NOERROR,1,1,0,2,False,True,0,4907,JP,False,邦宁数字技术股份有限公司,191,365,False,0,True,False,,malicious,spamhaus_zen
twiter.cz,2026-07-05,9,2.2516291673878226,0.0,0,0.5,-6.309055555555556,low,0.9231,2,0.8333333333333334,True,NOERROR,1,3600,1,2,False,False,0,20473,GB,True,REG-WEDOS,5913,6208,False,0,False,False,False,benign,no_adverse_signal
3bdtjl.net,2026-07-05,10,2.584962500721156,0.1,0,0.0,-11.127533333333334,low,0.4444,5,1.0,True,NOERROR,2,300,0,2,False,False,2,13335,US,False,Dynadot Inc,3,365,False,0,False,False,,benign,no_adverse_signal
zlfan.cn,2026-07-05,8,2.321928094887362,0.0,0,0.25,-8.269714285714286,low,0.5455,3,1.0,False,NOERROR,0,,0,2,False,False,0,,,,上海美橙科技信息发展有限公司,12,1096,False,,,False,,benign,no_adverse_signal
celujwzawody.pl,2026-07-05,15,3.418295834054489,0.0,0,0.5,-9.047919047619049,low,0.5,3,0.9166666666666666,True,NOERROR,2,300,0,2,False,False,2,13335,US,False,Aftermarket.pl Limited,16,365,False,0,False,False,,benign,no_adverse_signal
ydmarket.co.kr,2026-07-05,14,3.0,0.0,0,0.3333333333333333,-6.973176923076924,low,0.5333,3,1.0,False,SERVFAIL,0,,0,0,False,False,0,,,,"Gabia, Inc.(http://www.gabia.co.kr)",3,365,False,,,False,,benign,no_adverse_signal
globalgrowthsolution.com,2026-07-05,24,3.4841837197791885,0.0,0,0.5384615384615384,-7.105564864864864,low,0.55,4,0.65,True,NOERROR,2,3600,5,2,True,False,0,16509,US,True,"GoDaddy.com, LLC",2,365,True,18,False,False,False,benign,no_adverse_signal
home-vodafone.top,2026-07-05,17,3.180832987205441,0.0,1,1.0,-7.241386956521739,high,0.5,1,0.7692307692307693,True,NOERROR,1,600,0,2,False,False,0,132203,DE,False,GLOBAL ASSET DOMAINS INC.,2,365,True,0,True,True,,malicious,spamhaus_zen
brianna-cordero.com,2026-07-05,19,3.189898095464287,0.0,1,0.75,-6.68302962962963,low,0.4828,2,0.6666666666666666,True,NOERROR,2,300,0,2,False,False,2,13335,US,False,"Cloudflare, Inc.",2,365,True,0,False,False,,benign,no_adverse_signal
sc-house.it,2026-07-05,11,2.75,0.0,1,0.75,-7.4881153846153845,low,0.5333,2,0.875,False,NOERROR,0,,3,2,True,False,0,,,,Realtime Register B.V.,10,364,True,,,False,False,benign,no_adverse_signal
lunettedalbergia.shop,2026-07-05,21,3.327819531114783,0.0,0,0.7777777777777778,-6.791458620689656,low,0.5217,2,0.6875,True,NOERROR,1,1800,0,2,False,False,0,132203,US,False,,,,False,1,True,False,,malicious,spamhaus_zen
mishuland.cn,2026-07-05,12,3.169925001442312,0.0,0,0.5,-6.64616,low,0.5,2,1.0,True,NOERROR,1,600,0,2,False,False,0,132839,SC,False,广东时代互联科技有限公司,15,365,False,0,False,,,benign,no_adverse_signal
tetu.com.tr,2026-07-05,11,1.5,0.0,0,1.0,-6.77008,low,0.75,1,0.75,True,NOERROR,1,3600,0,2,True,False,0,34619,TR,True,,12,364,False,0,False,False,,benign,no_adverse_signal
jointlybots.xyz,2026-07-05,15,3.0957952550009344,0.0,0,0.375,-7.286689473684211,high,0.5,5,0.8181818181818182,True,NOERROR,2,3600,1,2,True,False,0,16509,US,True,"GMO Internet, Inc.",2,365,True,71,False,False,,malicious,abuseipdb
procesinvest.be,2026-07-05,15,3.2516291673878226,0.0,0,0.5,-6.365166666666666,low,0.5714,2,0.8333333333333334,True,NOERROR,1,3600,2,3,True,False,1,34762,BE,True,,408,,False,0,False,False,False,benign,no_adverse_signal
ebqob01.vip,2026-07-05,11,2.5216406363433186,0.18181818181818182,0,0.6666666666666666,-11.124263636363636,low,0.5,2,0.8571428571428571,True,NOERROR,21,10,0,2,False,True,0,64013,HK,False,Dynadot Inc,2,365,True,0,False,True,,malicious,spamhaus_dbl
graaiers.nl,2026-07-05,11,2.5,0.0,0,1.0,-7.0665000000000004,low,0.625,2,0.75,True,NOERROR,1,3600,1,3,True,False,0,51942,NL,True,NameWeb,18,,False,0,False,False,False,benign,no_adverse_signal
benteng786mika.pro,2026-07-05,18,3.521640636343319,0.16666666666666666,0,0.5714285714285714,-8.478664,low,0.381,2,0.8571428571428571,True,NOERROR,2,300,0,2,False,False,2,13335,US,False,,,,,0,False,False,,benign,no_adverse_signal
ragdatadesk.xyz,2026-07-05,15,2.8453509366224368,0.0,0,0.5714285714285714,-6.812847368421052,high,0.6316,2,0.7272727272727273,True,NOERROR,2,3600,1,2,True,False,0,16509,US,True,"GMO Internet, Inc.",2,365,True,29,False,False,,benign,no_adverse_signal
serkanarpac.de,2026-07-05,14,2.8453509366224368,0.0,0,0.5714285714285714,-6.670473684210527,low,0.5556,2,0.7272727272727273,True,NOERROR,2,300,0,2,False,False,2,13335,US,False,,,,False,0,False,False,,benign,no_adverse_signal
wearehumanhuman.com,2026-07-05,19,2.9232314287976213,0.0,0,0.875,-6.897881481481481,low,0.4167,2,0.5333333333333333,False,NOERROR,0,,3,2,True,False,0,,,,Key-Systems GmbH,1,365,True,,,False,False,benign,no_adverse_signal
cloudmium.net,2026-07-05,13,2.725480556997868,0.0,0,0.8,-7.129533333333333,low,0.7143,2,0.7777777777777778,True,NOERROR,1,300,0,2,False,False,0,45102,ID,False,"DNC Holdings, Inc",2,365,True,0,False,False,,benign,no_adverse_signal
restaurant-riegelhof.ch,2026-07-05,23,3.6464393446710153,0.0,1,0.7272727272727273,-7.039789189189189,low,0.4865,2,0.7,True,NOERROR,1,3600,1,2,True,False,0,47583,DE,True,,,,False,0,False,False,False,benign,no_adverse_signal
alboompro.com.br,2026-07-05,16,2.6416041678685933,0.0,0,0.8,-6.81364,low,0.5556,3,0.7777777777777778,True,NOERROR,1,3600,0,2,False,False,0,14618,US,True,,2620,3288,False,0,False,False,,benign,no_adverse_signal
zhiyi100.cn,2026-07-05,11,2.5,0.2727272727272727,0,0.6666666666666666,-9.496407692307692,low,0.4,2,0.75,False,NOERROR,0,,0,2,False,False,0,,,,昆明乐网数码科技有限公司,2,365,False,,,False,,benign,no_adverse_signal
bdolaw.pl,2026-07-05,9,2.584962500721156,0.0,0,0.5,-7.4125000000000005,low,0.6154,2,1.0,False,NOERROR,0,,0,3,False,False,0,,,,home.pl sp. z o.o.,1846,2191,False,,,False,,benign,no_adverse_signal
watchlistrail.xyz,2026-07-05,17,3.085055102756477,0.0,0,0.4444444444444444,-6.528486956521739,high,0.5714,4,0.6923076923076923,True,NOERROR,2,3600,1,2,True,False,0,16509,US,True,"GMO Internet, Inc.",2,365,True,29,False,False,,benign,no_adverse_signal
citrinefilm.com,2026-07-05,15,3.027169118440619,0.0,0,0.5714285714285714,-6.595968421052631,low,0.5556,2,0.8181818181818182,True,NOERROR,2,600,0,2,False,False,0,16509,US,True,"GoDaddy.com, LLC",1,1096,True,37,False,False,,benign,no_adverse_signal
fucuige.cn,2026-07-05,10,2.5216406363433186,0.0,0,1.3333333333333333,-8.187472727272727,low,0.4706,1,0.8571428571428571,False,NOERROR,0,,2,2,False,False,0,,,,北京新网数码信息技术有限公司,9,365,False,,,False,True,benign,no_adverse_signal
alisonlea.co.uk,2026-07-05,15,2.725480556997868,0.0,0,1.25,-6.350213333333333,low,0.6154,2,0.7777777777777778,True,NOERROR,2,300,0,2,False,False,2,13335,US,False,"Namecheap, Inc. [Tag = NAMECHEAP-INC]",16,365,False,0,False,,,benign,no_adverse_signal
fgkx09dm.com,2026-07-05,12,3.0,0.16666666666666666,0,0.0,-12.239053846153846,low,0.4286,4,1.0,True,NOERROR,2,300,0,2,False,False,2,13335,US,False,Dynadot Inc,2,1096,False,0,False,False,,benign,no_adverse_signal
bcpdigitalmarketinggo.com,2026-07-05,25,3.748994803525096,0.0,0,0.5,-6.980192307692308,low,0.4375,4,0.7142857142857143,True,NOERROR,2,29,0,4,False,False,0,16509,US,True,Porkbun LLC,380,730,False,2,False,False,,benign,no_adverse_signal
securitysystems.uk.com,2026-07-05,22,1.0,0.0,0,1.0,,low,,1,1.0,False,NOERROR,0,,0,0,False,False,0,,,,,,,,,,False,,benign,no_adverse_signal
melifera.com.co,2026-07-05,15,2.75,0.0,0,1.0,-6.415692307692307,low,0.625,1,0.875,True,NOERROR,1,300,0,2,False,False,0,206834,DE,False,Dynadot Inc,9,365,False,11,False,False,,benign,no_adverse_signal
game374321.com,2026-07-05,14,3.121928094887362,0.42857142857142855,0,1.0,-9.583358823529412,low,0.4444,1,0.9,True,NOERROR,2,58,0,4,False,False,0,16509,US,True,Porkbun LLC,380,730,False,2,False,False,,benign,no_adverse_signal
tkpk-taka.com,2026-07-05,13,2.197159723424149,0.0,1,0.3333333333333333,-8.746293333333334,low,0.5,4,0.5555555555555556,True,NOERROR,1,300,0,2,False,False,0,206834,DE,False,Dynadot Inc,2,365,False,11,False,False,,benign,no_adverse_signal
tx315.com.cn,2026-07-05,12,2.321928094887362,0.25,0,0.0,-11.2483,low,0.4444,2,1.0,False,NOERROR,0,,0,2,False,False,0,,,,阿里云计算有限公司（万网）,4,1096,False,,,False,,benign,no_adverse_signal
han-shu.cn,2026-07-05,10,2.5216406363433186,0.0,1,0.5,-7.234590909090909,low,0.5455,2,0.8571428571428571,True,NOERROR,1,1,0,2,False,False,0,398993,JP,False,邦宁数字技术股份有限公司,269,365,False,0,False,False,,benign,no_adverse_signal
bitmatch.io,2026-07-05,11,2.75,0.0,0,0.3333333333333333,-6.66883076923077,low,0.625,3,0.875,True,NOERROR,2,300,0,2,False,False,2,13335,US,False,"Spaceship, Inc.",15,365,True,0,False,False,,benign,no_adverse_signal
shirtrobot.xyz,2026-07-05,14,2.721928094887362,0.0,0,0.42857142857142855,-6.855270588235293,high,0.5833,3,0.7,True,NOERROR,2,3600,1,2,True,False,0,16509,US,True,"GMO Internet, Inc.",2,365,True,71,False,False,,malicious,abuseipdb
maxwell.co.za,2026-07-05,13,2.521640636343318,0.0,0,0.4,-7.7302,low,0.5455,2,0.8571428571428571,True,NOERROR,1,3600,0,2,False,False,0,206834,CA,False,Salestrar,13,365,False,0,False,False,,benign,no_adverse_signal
malamahanadu.in,2026-07-05,15,2.4508257945180882,0.0,0,1.0,-6.595895238095238,low,0.6,1,0.5833333333333334,True,NOERROR,2,600,0,2,False,False,0,16509,US,True,"GoDaddy.com, LLC",16,365,False,37,False,False,,benign,no_adverse_signal
laserowezabiegi.pl,2026-07-05,18,3.323231428797621,0.0,0,1.1428571428571428,-7.246937037037037,low,0.5,1,0.7333333333333333,True,NOERROR,1,10800,1,2,True,False,0,48707,PL,False,Aftermarket.pl Limited,5,365,False,0,False,False,False,benign,no_adverse_signal
thecollegebaseballdirectory.shop,2026-07-05,32,3.5841600771843285,0.0,0,0.5882352941176471,-6.60506862745098,low,0.45,3,0.5185185185185185,True,NOERROR,2,300,0,2,False,False,0,16509,US,True,,,,False,1,False,False,,benign,no_adverse_signal
casamentopronto.com.br,2026-07-05,22,3.1898980954642875,0.0,0,0.6666666666666666,-6.17122962962963,low,0.5517,2,0.6666666666666666,False,NOERROR,0,,1,2,True,False,0,,,,,5,365,False,,,False,,benign,no_adverse_signal
stephwinterflorals.co.uk,2026-07-05,24,3.614369445886757,0.0,0,0.38461538461538464,-6.801160606060606,low,0.5185,3,0.7222222222222222,True,NOERROR,2,300,3,2,True,False,2,13335,US,False,Ionos SE [Tag = 1AND1],5,731,False,0,False,False,False,benign,no_adverse_signal
kuakezy.com,2026-07-05,11,2.5216406363433186,0.0,0,0.75,-8.440136363636363,low,0.5,2,0.8571428571428571,True,NOERROR,1,300,0,2,False,True,0,13335,US,False,DropCatch.com 1034 LLC,1,365,True,0,False,False,,benign,no_adverse_signal
barbarabucher.de,2026-07-05,16,2.6031579868726,0.0,0,0.625,-6.742573913043477,low,0.5263,2,0.5384615384615384,True,NOERROR,1,3600,0,2,False,False,0,24940,DE,True,,,,False,0,False,False,,benign,no_adverse_signal
adamjamesloveswomen.com,2026-07-05,23,3.286629486786195,0.0,0,0.7272727272727273,-7.1188714285714285,low,0.4706,2,0.5789473684210527,False,NOERROR,0,,0,2,False,False,0,,,,NAMECHEAP INC,1,365,True,,,False,,benign,no_adverse_signal
shopshay.ca,2026-07-05,11,2.5,0.0,0,0.3333333333333333,-6.9661923076923085,low,0.6667,3,0.75,True,NOERROR,1,1800,3,2,True,False,0,22612,US,False,Go Get Canada Domain Registrar Ltd.,8,365,False,0,False,False,False,benign,no_adverse_signal
bomberosminaclavero.org.ar,2026-07-05,26,3.471354487013928,0.0,0,0.7272727272727273,-6.6471285714285715,low,0.48,2,0.631578947368421,True,NOERROR,1,10800,1,2,True,False,0,27823,AR,True,nicar,4615,4929,False,0,False,False,False,benign,no_adverse_signal
355betox.com,2026-07-05,12,2.75,0.25,0,0.6666666666666666,-8.787715384615385,low,0.4615,1,0.875,True,NOERROR,2,300,0,2,False,False,2,13335,US,False,Dominet (HK) Limited,1,365,False,0,False,False,,benign,no_adverse_signal
quaysirby.co,2026-07-05,12,2.94770277922009,0.0,0,0.5,-7.846026666666666,low,0.4444,3,0.8888888888888888,True,NOERROR,2,600,0,2,False,False,0,16509,US,True,"GoDaddy.com, LLC",3,365,True,31,False,False,,benign,no_adverse_signal
keepvitalmx.com,2026-07-05,15,3.2776134368191165,0.0,0,0.5714285714285714,-7.688173684210526,low,0.5,3,0.9090909090909091,True,NOERROR,2,3600,0,2,False,False,0,16509,US,True,"GoDaddy.com, LLC",2,365,True,18,False,False,,benign,no_adverse_signal
idn89n.com,2026-07-05,10,2.2516291673878226,0.2,0,0.3333333333333333,-9.8955,low,0.5,2,0.8333333333333334,True,NOERROR,2,300,0,2,False,False,2,13335,US,False,Dominet (HK) Limited,2,365,False,0,False,False,,benign,no_adverse_signal
masamori.com.cn,2026-07-05,15,2.5,0.0,0,1.0,-6.403153846153846,low,0.5263,1,0.75,True,NOERROR,1,600,0,2,False,False,0,398478,HK,False,广东时代互联科技有限公司,11,365,False,0,False,False,,benign,no_adverse_signal
hypebase.de,2026-07-05,11,2.75,0.0,0,0.6,-7.295392307692307,low,0.6154,3,0.875,True,NOERROR,1,10800,1,2,True,False,0,47846,DE,False,,,,False,10,False,False,False,benign,no_adverse_signal
einfache-rezepte-kochen.de,2026-07-05,26,3.501397825434103,0.0,2,0.75,-7.463918604651163,low,0.3871,2,0.6086956521739131,True,NOERROR,1,3600,1,4,True,False,0,48324,DE,True,,,,False,0,False,False,False,benign,no_adverse_signal
bpcmeat.co.za,2026-07-05,13,2.807354922057604,0.0,0,0.4,-8.123218181818181,low,0.5714,4,1.0,False,NOERROR,0,,0,4,False,False,0,,,,BAS Hosting,13,365,False,,,False,,benign,no_adverse_signal
wharfreef.com,2026-07-05,13,2.503258334775646,0.0,0,0.5,-7.238919999999999,low,0.5333,3,0.6666666666666666,True,NOERROR,1,60,0,2,False,False,0,13335,US,False,Global Domain Group LLC,2,365,False,0,False,False,,benign,no_adverse_signal
r1330.cn,2026-07-05,8,1.9219280948873623,0.5,0,0.0,-10.966028571428572,low,0.5,1,0.8,True,NOERROR,1,600,0,2,False,False,0,54600,US,False,广东时代互联科技有限公司,9,365,False,0,False,False,,benign,no_adverse_signal
echocomputers.net,2026-07-05,17,3.238901256602631,0.0,0,0.625,-6.534469565217392,low,0.6,2,0.7692307692307693,False,NOERROR,0,,1,4,True,False,0,,,,DEVEXPANSE LTD d/b/a Regery.com,3,365,True,,,False,False,benign,no_adverse_signal
port1.store,2026-07-05,11,2.321928094887362,0.09090909090909091,0,0.3333333333333333,-7.007842857142857,low,0.5455,2,1.0,True,NOERROR,1,3600,2,4,True,False,1,8560,DE,True,,,,False,0,False,False,False,benign,no_adverse_signal
urbicon.es,2026-07-05,10,2.807354922057604,0.0,0,0.75,-6.745254545454546,low,0.6154,2,1.0,True,NOERROR,1,3600,1,2,True,False,0,8560,ES,False,,,,False,0,False,False,False,benign,no_adverse_signal
notarioensevilla.es,2026-07-05,19,3.25,0.0,0,1.0,-6.7177137931034485,low,0.4828,2,0.625,True,NOERROR,1,3600,0,2,False,False,0,206834,CA,False,,,,False,0,False,False,,benign,no_adverse_signal
evalpkiguard.xyz,2026-07-05,16,3.418295834054489,0.0,0,0.7142857142857143,-7.931985714285714,high,0.5217,3,0.9166666666666666,True,NOERROR,2,3600,1,2,True,False,0,16509,US,True,"GMO Internet, Inc.",2,365,True,71,False,False,,malicious,abuseipdb
tnn.kz,2026-07-05,6,0.9182958340544896,0.0,0,0.0,-8.611466666666667,low,0.6667,3,0.6666666666666666,True,NOERROR,1,10800,1,3,True,False,1,48716,KZ,True,,,,,0,False,False,False,benign,no_adverse_signal
jgh.college,2026-07-05,11,1.584962500721156,0.0,0,0.0,-9.793066666666666,low,0.5,3,1.0,False,NOERROR,0,,0,2,False,False,0,,,,"Chengdu west dimension digital technology Co., LTD",2,365,True,,,False,,benign,no_adverse_signal
schoolphysicalform.org,2026-07-05,22,3.4613201402110083,0.0,0,0.38461538461538464,-7.152699999999999,low,0.5,5,0.6666666666666666,True,NOERROR,2,600,0,2,False,False,0,16509,US,True,"GoDaddy.com, LLC",2,731,False,31,False,False,,benign,no_adverse_signal
facelessfunnelschool.com,2026-07-05,24,3.208694969562842,0.0,0,0.5384615384615384,-6.861572972972973,low,0.4286,4,0.5,True,NOERROR,1,300,0,2,False,False,0,40034,VG,False,"Network Solutions, LLC",1,365,True,33,False,False,,benign,no_adverse_signal
e-banina.guru,2026-07-05,13,2.5,0.0,1,1.3333333333333333,-6.627984615384615,low,0.5714,1,0.75,True,NOERROR,1,300,0,2,False,False,0,25513,RU,False,,,,,0,False,False,,benign,no_adverse_signal
toto.by,2026-07-05,7,1.0,0.0,0,1.0,-6.16692,low,0.6,1,0.5,True,NOERROR,1,300,0,2,False,False,0,51115,RU,False,"Reliable Software, Ltd",4,365,False,0,False,False,,benign,no_adverse_signal
absolut-sound.fr,2026-07-05,16,3.238901256602631,0.0,1,0.7142857142857143,-7.247360869565218,low,0.4848,2,0.7692307692307693,True,NOERROR,1,3600,2,2,False,False,0,16276,FR,True,OVH,4045,4383,False,0,False,False,False,benign,no_adverse_signal
governapis.xyz,2026-07-05,14,3.321928094887362,0.0,0,0.6666666666666666,-6.50505294117647,high,0.7,2,1.0,True,NOERROR,2,3600,1,2,True,False,0,16509,US,True,"GMO Internet, Inc.",2,365,True,71,False,False,,malicious,abuseipdb
bostonasianfoodnetwork.com,2026-07-05,26,3.442862165155465,0.0,0,0.6923076923076923,-6.510741463414634,low,0.5263,2,0.5909090909090909,True,NOERROR,4,10800,5,4,False,False,0,53831,US,False,Squarespace Domains LLC,235,365,True,31,False,False,False,benign,no_adverse_signal
dressabelle.com.sg,2026-07-05,18,2.6635327548042547,0.0,0,0.5714285714285714,-6.50521052631579,low,0.5333,2,0.6363636363636364,True,NOERROR,1,10800,0,0,False,False,0,38532,SG,False,Exabytes Network (Singapore) Pte Ltd,13,365,False,0,False,False,,benign,no_adverse_signal
tzhaide.com.cn,2026-07-05,14,2.807354922057604,0.0,0,0.75,-7.760027272727272,low,0.5455,3,1.0,False,timeout,0,,0,0,False,False,0,,,,武汉物与伦比科技有限公司,385,730,False,,,False,,benign,no_adverse_signal
cakeshop.me,2026-07-05,11,3.0,0.0,0,0.6,-6.7945,low,0.5333,2,1.0,True,NOERROR,1,3600,0,2,False,False,0,14618,US,True,"ENOM, INC.",17,365,True,0,False,False,,benign,no_adverse_signal
flightyield.xyz,2026-07-05,15,3.0957952550009344,0.0,0,0.375,-7.480221052631579,high,0.5263,4,0.8181818181818182,True,NOERROR,2,3600,1,2,True,False,0,16509,US,True,"GMO Internet, Inc.",1,365,True,71,False,False,,malicious,abuseipdb
castevents.pt,2026-07-05,13,2.721928094887362,0.0,0,0.42857142857142855,-6.1489529411764705,low,0.56,3,0.7,True,NOERROR,1,300,0,2,False,False,0,24940,DE,True,,,,False,0,False,False,,benign,no_adverse_signal
beyondfitness.in,2026-07-05,16,3.238901256602631,0.0,0,0.4444444444444444,-7.147978260869565,low,0.5217,3,0.7692307692307693,False,NOERROR,0,,0,2,False,False,0,,,,"HOSTINGER operations, UAB",10,365,False,,,False,,benign,no_adverse_signal
datasetail.xyz,2026-07-05,14,2.6464393446710153,0.0,0,1.0,-6.193711764705882,high,0.5556,1,0.7,True,NOERROR,2,3600,1,2,True,False,0,16509,US,True,"GMO Internet, Inc.",1,365,True,29,False,False,,benign,no_adverse_signal
soinature.fr,2026-07-05,12,3.169925001442312,0.0,0,1.25,-6.55324,low,0.8,1,1.0,True,NOERROR,1,3600,2,4,True,False,1,8560,DE,True,IONOS SE,12,364,False,9,False,False,False,benign,no_adverse_signal
xn--ixwz0aj57a.club,2026-07-05,19,3.378783493486176,0.15789473684210525,2,0.5,-11.28798,low,0.381,3,0.7857142857142857,True,NOERROR,1,600,0,2,False,False,0,45090,CN,False,"DNSPod, Inc.",3,365,True,0,True,False,,malicious,spamhaus_zen
odinmod.net,2026-07-05,11,2.2359263506290326,0.0,0,0.75,-6.9528727272727275,low,0.6154,2,0.7142857142857143,False,NOERROR,0,,0,2,False,False,0,,,,Eranet International Limited,2,365,True,,,,,unknown,no_reputation_coverage
mymsenergy.com,2026-07-05,14,2.721928094887362,0.0,0,0.25,-7.221241176470588,low,0.625,4,0.7,False,NOERROR,0,,0,4,False,False,0,,,,PDR Ltd. d/b/a PublicDomainRegistry.com,2,365,True,,,False,,benign,no_adverse_signal
ciancreski.media,2026-07-05,16,2.9219280948873623,0.0,0,0.6666666666666666,-6.587035294117648,low,0.5263,3,0.8,True,NOERROR,2,300,0,2,False,False,2,13335,US,False,,,,,0,False,False,,benign,no_adverse_signal
k19earth.com,2026-07-05,12,3.0,0.16666666666666666,0,0.5,-8.901623076923077,low,0.5714,3,1.0,True,NOERROR,1,50,0,2,False,False,0,47583,CY,False,"HOSTINGER operations, UAB",2,365,False,33,False,False,,benign,no_adverse_signal
hezelawyer.cn,2026-07-05,13,2.8464393446710154,0.0,0,0.6666666666666666,-7.795564705882352,low,0.5,2,0.8,True,NOERROR,1,1,0,2,False,False,0,133744,US,False,郑州世纪创联电子科技开发有限公司,11,365,False,0,False,,,benign,no_adverse_signal
127dy.cn,2026-07-05,8,2.321928094887362,0.375,0,0.0,-10.859957142857143,low,0.4444,2,1.0,False,NXDOMAIN,0,,0,0,False,False,0,,,,,,,,,,False,,benign,no_adverse_signal
signatureadvisory.us,2026-07-05,20,3.6168746059562227,0.0,0,0.7,-6.7477967741935485,low,0.5217,2,0.7647058823529411,True,NOERROR,1,10800,3,2,True,False,0,22612,US,True,NAMECHEAP INC,2,365,True,0,False,False,False,benign,no_adverse_signal
dushengxing.cn,2026-07-05,14,3.095795255000934,0.0,0,0.375,-7.0913,low,0.625,3,0.8181818181818182,False,NOERROR,0,,0,2,False,False,0,,,,腾讯云计算（北京）有限责任公司,2,365,False,,,False,,benign,no_adverse_signal
sanweifp.com.cn,2026-07-05,15,3.0,0.0,0,0.6,-7.947584615384615,low,0.5714,2,1.0,True,NOERROR,1,1,0,2,False,False,0,59371,HK,False,杭州名商网络有限公司,11,365,False,0,False,False,,benign,no_adverse_signal
wyposazeniegastro.pl,2026-07-05,20,3.6168746059562227,0.0,0,0.7,-7.171232258064516,low,0.4615,3,0.7647058823529411,False,SERVFAIL,0,,0,0,False,False,0,,,,cyber_Folks S.A.,12,365,False,,,False,,benign,no_adverse_signal
add-ons.in,2026-07-05,10,2.5216406363433186,0.0,1,0.5,-7.7924,low,0.6667,2,0.8571428571428571,False,NOERROR,0,,2,0,True,False,0,,,,Endurance International Group India Private Limited,3,365,False,,,False,False,benign,no_adverse_signal
innovatconsulting.com,2026-07-05,21,3.2639334294856344,0.0,0,0.5454545454545454,-6.603883870967741,low,0.4828,2,0.6470588235294118,True,NOERROR,1,1800,0,2,False,False,1,47583,FR,False,"HOSTINGER operations, UAB",2,365,False,0,False,False,,benign,no_adverse_signal
repairtech.pl,2026-07-05,13,2.9219280948873623,0.0,0,0.6666666666666666,-6.45274705882353,low,0.6316,2,0.8,True,NOERROR,1,3600,1,2,True,False,0,12618,PL,True,nazwa.pl sp. z o.o.,9,365,False,0,False,False,False,benign,no_adverse_signal
niuye.cc,2026-07-05,8,2.321928094887362,0.0,0,1.5,-8.367357142857143,low,0.5455,1,1.0,True,NOERROR,1,600,0,2,False,False,0,45102,SG,False,"Spaceship, Inc.",11,365,False,0,False,,,benign,no_adverse_signal
qrlink.tn,2026-07-05,9,2.584962500721156,0.0,0,0.2,-7.5936666666666675,low,0.6667,3,1.0,True,NOERROR,1,3600,3,2,True,False,1,16276,FR,True,OVH,179,,False,7,False,False,False,benign,no_adverse_signal
publicbrief.xyz,2026-07-05,15,3.095795255000934,0.0,0,0.5714285714285714,-7.209978947368421,high,0.5263,3,0.8181818181818182,True,NOERROR,1,900,0,3,False,False,0,198037,NL,False,Hosting Concepts B.V. d/b/a Registrar.eu,2,365,True,0,False,False,,benign,no_adverse_signal
roofview.co.uk,2026-07-05,14,2.75,0.0,0,1.0,-7.852992307692308,low,0.5882,2,0.875,True,NOERROR,1,10800,1,3,True,False,0,13213,GB,True,UK-2 Limited t/a UK2 [Tag = UK2NET],3,365,False,0,False,False,False,benign,no_adverse_signal
myaiswap.xyz,2026-07-05,12,2.75,0.0,0,0.6,-7.662315384615384,high,0.5714,2,0.875,True,NOERROR,2,3600,1,2,True,False,0,16509,US,True,"GMO Internet, Inc.",1,365,True,29,False,False,,benign,no_adverse_signal
12-78-xz-rethipqsdyms.vip,2026-07-05,25,4.070656113151928,0.16,3,0.16666666666666666,-10.037320512820513,low,0.3226,7,0.8571428571428571,False,SERVFAIL,0,,0,0,False,False,0,,,,Dynadot Inc,2,365,True,,,False,,benign,no_adverse_signal
project-one-muyiwa.online,2026-07-05,25,3.8365916681089787,0.0,2,0.7777777777777778,-7.889590909090908,medium,0.5,2,0.8333333333333334,False,NOERROR,0,,5,2,True,False,0,,,,NAMECHEAP INC,2,365,True,,,False,False,benign,no_adverse_signal
awcgn.wiki,2026-07-05,10,2.321928094887362,0.0,0,0.25,-9.74862857142857,low,0.6,4,1.0,True,NOERROR,1,1,0,2,False,True,0,40065,US,False,"NameSilo, LLC",2,365,True,0,False,,,benign,no_adverse_signal
xn--dr-med-schrder-5pb.com,2026-07-05,26,3.4085490968753076,0.038461538461538464,5,0.14285714285714285,-8.540551219512196,low,0.4,5,0.5909090909090909,True,NOERROR,1,0,0,2,False,False,0,12915,DE,False,"Ascio Technologies, Inc",3,365,False,0,False,False,,benign,no_adverse_signal
prooptimalunlimited.com,2026-07-05,23,3.4713544870139286,0.0,0,0.7272727272727273,-6.709157142857143,low,0.4706,2,0.631578947368421,True,NOERROR,1,600,1,4,True,False,0,16509,US,True,Dynadot Inc,2,365,False,1,False,False,False,benign,no_adverse_signal
zapateria.eu,2026-07-05,12,2.6416041678685933,0.0,0,1.25,-6.327086666666667,low,0.5882,1,0.7777777777777778,True,NOERROR,1,300,0,2,False,False,0,47846,DE,False,Vimexx,,,False,10,False,False,,benign,no_adverse_signal
kotta.online,2026-07-05,12,1.9219280948873623,0.0,0,0.6666666666666666,-7.041814285714286,medium,0.6667,2,0.8,True,NOERROR,2,3600,2,2,True,False,0,16509,US,True,"GoDaddy.com, LLC",2,365,False,51,False,False,False,malicious,abuseipdb
whigsdefi.xyz,2026-07-05,13,2.94770277922009,0.0,0,0.5,-7.760953333333333,high,0.5,3,0.8888888888888888,True,NOERROR,2,3600,1,2,True,False,0,16509,US,True,"GMO Internet, Inc.",2,365,True,71,False,False,,malicious,abuseipdb
track-css-sa.com,2026-07-05,16,2.688721875540867,0.0,2,0.25,-7.433095238095238,low,0.48,3,0.5833333333333334,True,NOERROR,1,600,0,2,False,False,0,13335,DE,True,"GoDaddy.com, LLC",1,365,True,38,False,False,,benign,no_adverse_signal
punjabjewellerslegacy.com,2026-07-05,25,3.5944656369614516,0.0,0,0.5,-7.554684615384615,low,0.4375,3,0.6666666666666666,True,NOERROR,1,10800,0,2,False,False,0,47583,IN,True,"HOSTINGER operations, UAB",2,365,False,0,False,False,,benign,no_adverse_signal
emre-tasci.dvag,2026-07-05,15,3.121928094887362,0.0,1,0.8,-7.550682352941177,low,0.5882,2,0.9,True,NOERROR,1,300,1,5,True,False,1,207048,DE,True,Key-Systems GmbH,1,365,True,0,False,False,,benign,no_adverse_signal
psef.de,2026-07-05,7,2.0,0.0,0,0.3333333333333333,-7.53862,low,0.5714,2,1.0,True,NOERROR,1,10800,1,2,True,False,0,47846,DE,False,,,,False,10,False,False,False,benign,no_adverse_signal
mcetakademi.com,2026-07-05,15,2.9139770731827523,0.0,0,0.8333333333333334,-7.014173684210527,low,0.5882,2,0.7272727272727273,True,NOERROR,1,3600,2,2,True,False,0,34619,TR,True,Nics Telekomunikasyon A.S.,2,365,True,2,False,False,False,benign,no_adverse_signal
prapancacatering.com,2026-07-05,20,3.0,0.0,0,0.6,-6.157868965517242,low,0.4667,2,0.5625,True,NOERROR,1,600,0,2,False,False,0,132839,ZA,False,Dominet (HK) Limited,1,365,False,0,False,False,,benign,no_adverse_signal
retailanderson.info,2026-07-05,19,3.2359263506290334,0.0,0,0.75,-6.086212000000001,medium,0.5714,2,0.7142857142857143,True,NOERROR,2,300,0,2,False,False,2,13335,US,False,,,,,0,False,False,,benign,no_adverse_signal
diegeburtstagsfee.ch,2026-07-05,20,3.2639334294856344,0.0,0,0.7,-7.322274193548387,low,0.4706,4,0.6470588235294118,True,NOERROR,1,300,2,3,True,False,1,29097,CH,True,,,,False,0,False,False,False,benign,no_adverse_signal
yaarwinboss.com,2026-07-05,15,3.0957952550009344,0.0,0,0.5714285714285714,-7.532915789473685,low,0.6316,2,0.8181818181818182,True,NOERROR,1,600,5,2,True,False,0,22612,US,True,NAMECHEAP INC,2,365,True,0,False,False,False,benign,no_adverse_signal
remoteassistant.me,2026-07-05,18,3.0062389286533895,0.0,0,0.6666666666666666,-6.211766666666667,low,0.5833,2,0.6,True,NOERROR,2,300,0,2,False,False,2,13335,US,False,Dynadot Inc,11,365,True,0,False,False,,benign,no_adverse_signal
alipan.com.ar,2026-07-05,13,2.2516291673878226,0.0,0,1.0,-6.315777777777778,low,0.6667,1,0.8333333333333334,True,NOERROR,1,600,1,3,True,False,0,11042,US,True,nicar,362,729,False,0,False,False,False,benign,no_adverse_signal
agiapidao.xyz,2026-07-05,13,2.4193819456463714,0.0,0,2.0,-7.243146666666666,high,0.5333,1,0.6666666666666666,True,NOERROR,2,3600,1,2,True,False,0,16509,US,True,"GMO Internet, Inc.",1,365,True,29,False,False,,benign,no_adverse_signal
aceptr31.store,2026-07-05,14,3.0,0.14285714285714285,0,0.5,-8.468646153846153,low,0.5,3,1.0,True,NOERROR,1,300,0,2,False,False,0,16509,US,True,,,,False,0,False,False,,benign,no_adverse_signal
emeraldslot.us,2026-07-05,14,3.0957952550009344,0.0,0,0.5714285714285714,-6.615563157894737,low,0.5,4,0.8181818181818182,True,NOERROR,2,300,0,2,False,False,2,13335,US,False,"Spaceship, Inc.",2,365,False,0,False,False,,benign,no_adverse_signal
assaggio.mx,2026-07-05,11,2.25,0.0,0,1.0,-7.292300000000001,low,0.6154,2,0.625,True,NOERROR,1,3600,1,1,True,False,0,16276,CA,True,"AKKY ONLINE SOLUTIONS, S.A. DE C.V.",3672,4017,False,0,False,False,False,benign,no_adverse_signal
airdropscores.xyz,2026-07-05,17,3.0269868333592873,0.0,0,0.625,-6.666678260869565,high,0.5455,3,0.6923076923076923,True,NOERROR,2,3600,1,2,True,False,0,16509,US,True,"GMO Internet, Inc.",2,365,True,71,False,False,,malicious,abuseipdb
amlabosystem.lt,2026-07-05,15,3.084962500721156,0.0,0,0.5,-7.053557142857143,low,0.7407,4,0.75,True,NOERROR,1,50,0,2,False,False,0,47583,CY,False,,3,732,False,33,False,False,,benign,no_adverse_signal
1325nr0703404.yoga,2026-07-05,18,3.0269868333592873,0.6111111111111112,0,0.0,-11.684721739130435,low,0.25,2,0.6923076923076923,False,NOERROR,0,,0,2,False,False,0,,,,Alibaba Cloud Computing Ltd. d/b/a HiChina (www.net.cn),2,365,True,,,False,,benign,no_adverse_signal
prestigeplumbing.com.au,2026-07-05,23,3.5,0.0,0,0.45454545454545453,-6.669603448275862,low,0.4516,2,0.75,True,NOERROR,2,3600,1,3,True,False,0,16509,DE,True,Domain Directors Pty Ltd trading as Instra,,,False,0,False,False,False,benign,no_adverse_signal
shijuesheji.cn,2026-07-05,14,2.550340709546388,0.0,0,0.8333333333333334,-7.938089473684211,low,0.5714,2,0.5454545454545454,True,NOERROR,1,1,0,2,False,False,0,24544,HK,False,合肥寻云网络科技有限公司,16,365,False,0,True,False,,malicious,spamhaus_zen
inchcloud.xyz,2026-07-05,13,2.94770277922009,0.0,0,0.5,-6.7637,high,0.8,5,0.8888888888888888,True,NOERROR,2,3600,1,2,True,False,0,16509,US,True,"GMO Internet, Inc.",2,365,True,71,False,False,,malicious,abuseipdb
layer2wallet.io,2026-07-05,15,2.8553885422075336,0.06666666666666667,0,0.5714285714285714,-7.706528571428571,low,0.4444,2,0.6666666666666666,True,NOERROR,1,1800,2,2,True,False,0,47583,FR,False,"HOSTINGER operations, UAB",2,365,True,0,False,False,False,benign,no_adverse_signal
schankanlagen.de,2026-07-05,16,2.9689185639620974,0.0,0,0.4444444444444444,-6.6204913043478255,low,0.5217,3,0.6923076923076923,True,NOERROR,1,3600,1,2,True,False,1,24940,DE,True,,,,False,0,False,False,,benign,no_adverse_signal
hostcrackr.com,2026-07-05,14,2.9219280948873623,0.0,0,0.25,-6.742364705882353,low,0.5556,4,0.8,True,NOERROR,1,300,0,2,False,False,0,206834,DE,False,"Gransy, s.r.o.",1,365,False,11,False,False,,benign,no_adverse_signal
secondemain.co,2026-07-05,14,3.0957952550009344,0.0,0,0.8333333333333334,-6.082778947368421,low,0.6,2,0.8181818181818182,True,NOERROR,2,300,0,2,False,False,2,13335,US,False,NAMECHEAP INC,12,365,True,0,False,False,,benign,no_adverse_signal
horstdieterhenseler.de,2026-07-05,22,3.070847093622518,0.0,0,0.5833333333333334,-6.6231857142857145,low,0.4667,4,0.5263157894736842,True,NOERROR,2,300,0,2,False,False,2,13335,US,False,,,,False,0,False,False,,benign,no_adverse_signal
baoen.org.cn,2026-07-05,12,2.321928094887362,0.0,0,1.5,-7.990142857142857,low,0.6,1,1.0,False,NOERROR,0,,0,2,False,False,0,,,,北京宏网神州科技发展有限公司,5,365,False,,,False,,benign,no_adverse_signal
digicore.site,2026-07-05,13,2.75,0.0,0,1.0,-6.283407692307692,medium,0.75,1,0.875,True,NOERROR,1,600,0,2,False,False,0,142286,HK,False,"XIAMEN CHINASOURCE INTERNET SERVICE CO., LTD.",4,365,True,0,False,False,,benign,no_adverse_signal
hgkunp.cn,2026-07-05,9,2.584962500721156,0.0,0,0.2,-9.40537777777778,low,0.4706,3,1.0,True,NOERROR,2,300,0,2,False,False,2,13335,US,False,北京新网数码信息技术有限公司,14,365,False,0,False,False,,benign,no_adverse_signal
55ok.top,2026-07-05,8,1.5,0.25,0,1.0,-11.31968,high,0.5,1,0.75,True,NOERROR,1,60,5,2,True,False,0,401696,SC,False,NAMECHEAP INC,2,1096,True,0,False,False,False,benign,no_adverse_signal
portfoliorail.xyz,2026-07-05,17,2.8731406795131336,0.0,0,0.8571428571428571,-6.599934782608695,high,0.4615,3,0.6153846153846154,True,NOERROR,2,3600,1,2,True,False,0,16509,US,True,"GMO Internet, Inc.",2,365,True,29,False,False,,benign,no_adverse_signal
marksohngen.nl,2026-07-05,14,3.277613436819116,0.0,0,0.375,-7.1769842105263155,low,0.5,3,0.9090909090909091,True,NOERROR,2,300,0,2,False,False,2,13335,US,False,DEVEXPANSE LTD,17,,False,0,False,False,,benign,no_adverse_signal
lenovochilecompra.cl,2026-07-05,20,3.4548223999466066,0.0,0,0.7,-6.706412903225806,low,0.4615,3,0.7058823529411765,False,NOERROR,0,,0,2,False,False,0,,,,Dynadot INC,13,365,False,,,False,,benign,no_adverse_signal
nvtxel.cn,2026-07-05,9,2.584962500721156,0.0,0,0.2,-9.865922222222222,low,0.7273,4,1.0,False,NOERROR,0,,0,2,False,False,0,,,,成都垦派科技有限公司,10,365,False,,,False,,benign,no_adverse_signal
elbgewuerze.de,2026-07-05,14,2.7321588913645707,0.0,0,0.8333333333333334,-8.640357894736843,low,0.5,3,0.7272727272727273,False,NOERROR,0,,0,2,False,False,0,,,,,,,False,,,False,,benign,no_adverse_signal
uvip.net.cn,2026-07-05,11,2.0,0.0,0,1.0,-7.77602,low,0.5714,1,1.0,True,NOERROR,1,1,0,2,False,False,0,59371,HK,False,长沙小豆网络科技有限公司,3,365,False,0,False,False,,benign,no_adverse_signal
marriagethoughts.com,2026-07-05,20,3.375,0.0,0,0.6,-6.925972413793103,low,0.4828,4,0.6875,True,NOERROR,1,1800,2,2,True,False,1,47583,IN,False,"GoDaddy.com, LLC",2,365,True,0,False,False,False,benign,no_adverse_signal
mariyaunderwear.com,2026-07-05,19,3.139572261986723,0.0,0,0.875,-6.976299999999999,low,0.6429,2,0.6666666666666666,True,NOERROR,2,300,0,2,False,False,2,13335,US,False,"Cloudflare, Inc.",2,365,True,0,False,False,,benign,no_adverse_signal
skyblueinsurancereviews.com,2026-07-05,27,3.6211755429194716,0.0,0,0.6428571428571429,-6.864913953488372,low,0.4242,5,0.6086956521739131,True,NOERROR,2,600,0,2,False,False,0,16509,US,True,"GoDaddy.com, LLC",2,1826,True,31,False,False,,benign,no_adverse_signal
imagint.eu,2026-07-05,10,2.5216406363433186,0.0,0,0.75,-6.269472727272728,low,0.6667,2,0.8571428571428571,True,NOERROR,1,300,1,4,False,False,0,31034,IT,True,Aruba S.p.A.,,,False,0,False,False,False,benign,no_adverse_signal
rajcomputerstore.online,2026-07-05,23,3.327819531114783,0.0,0,0.6,-6.796834482758621,medium,0.5217,3,0.6875,True,NOERROR,2,300,3,2,True,False,0,16509,US,False,PDR Ltd. d/b/a PublicDomainRegistry.com,1,365,False,0,False,False,False,benign,no_adverse_signal
bridgewaymotorsltd.co.uk,2026-07-05,24,3.7254805569978675,0.0,0,0.38461538461538464,-7.321760606060606,low,0.4138,5,0.7777777777777778,True,NOERROR,2,300,1,2,True,False,2,13335,US,False,Swiftcom IT Group Ltd t/a Swift Internet [Tag = SWIFTINTERNET],37,365,False,0,False,False,False,benign,no_adverse_signal
3dthomas.nl,2026-07-05,11,3.0,0.09090909090909091,0,0.4,-7.355961538461538,low,0.5333,3,1.0,True,NOERROR,1,600,1,3,True,False,1,206281,NL,True,ZXCS,11,,False,4,False,False,False,benign,no_adverse_signal
ligakanan.mom,2026-07-05,13,2.4193819456463714,0.0,0,0.8,-6.732646666666667,low,0.5333,1,0.6666666666666666,True,NOERROR,2,300,0,2,False,False,2,13335,US,False,NAMECHEAP INC,2,365,True,0,False,False,,benign,no_adverse_signal
l9dx6.cyou,2026-07-05,10,2.321928094887362,0.2,0,0.0,-12.530114285714287,low,0.4,2,1.0,True,NOERROR,9,3600,1,2,False,False,0,60592,CZ,False,"Gransy, s.r.o.",1,365,False,0,True,False,False,malicious,spamhaus_zen
agentproofgate.xyz,2026-07-05,18,3.09306920777189,0.0,0,0.75,-6.958768,high,0.5,4,0.6428571428571429,True,NOERROR,2,3600,1,2,True,False,0,16509,US,True,"GMO Internet, Inc.",2,365,True,29,False,False,,benign,no_adverse_signal
sanserifbantererscarbonise.beer,2026-07-05,31,3.2577560641285173,0.0,0,0.625,-6.526144897959183,low,0.4118,3,0.4230769230769231,True,NOERROR,2,300,0,2,False,False,0,16509,US,True,"Spaceship, Inc.",2,365,True,1,False,False,,benign,no_adverse_signal
stumpysbunches.com.au,2026-07-05,21,3.3248629576173574,0.0,0,0.2727272727272727,-7.5318439999999995,low,0.5,5,0.7857142857142857,True,NOERROR,2,600,0,2,False,False,0,16509,US,True,GoDaddy.com LLC trading as GoDaddy.com,,,False,37,False,False,,benign,no_adverse_signal
fmr851ui8a33t-ft71j.com,2026-07-05,23,3.7216117239699007,0.34782608695652173,1,0.42857142857142855,-11.986414285714286,low,0.3077,3,0.7368421052631579,False,NOERROR,0,,0,2,False,False,0,,,,"GoDaddy.com, LLC",2,365,True,,,True,,malicious,spamhaus_dbl
mqy60aa7.shop,2026-07-05,13,2.75,0.23076923076923078,0,0.6666666666666666,-11.338192307692308,low,0.3636,3,0.875,False,NOERROR,0,,0,2,False,False,0,,,,,,,False,,,False,,benign,no_adverse_signal
logicpro.kr,2026-07-05,11,2.75,0.0,0,0.6,-6.957746153846154,low,0.625,3,0.875,False,SERVFAIL,0,,0,0,False,False,0,,,,Whois Corp.(http://whois.co.kr),3,365,False,,,False,,benign,no_adverse_signal
not.cx,2026-07-05,6,1.584962500721156,0.0,0,0.5,-6.359166666666667,low,0.6667,1,1.0,False,SERVFAIL,0,,0,0,False,False,0,,,,West263 International Limited,6,365,False,,,False,,benign,no_adverse_signal
i77rpwcw.com,2026-07-05,12,2.5,0.16666666666666666,0,0.2,-11.106561538461538,low,0.3636,5,0.75,True,NOERROR,2,300,0,2,False,False,2,13335,US,False,Dynadot Inc,2,365,False,0,False,False,,benign,no_adverse_signal
lithotomiesbrownshirt.surf,2026-07-05,26,3.427333493898265,0.0,0,0.5,-6.974092307692308,low,0.4,4,0.5714285714285714,True,NOERROR,1,600,0,2,False,False,0,54801,JP,False,Dominet (HK) Limited,2,365,True,0,False,True,,malicious,spamhaus_dbl
goparty.co,2026-07-05,10,2.807354922057604,0.0,0,0.4,-6.716427272727273,low,0.5714,3,1.0,True,NOERROR,2,1200,0,2,False,False,0,16509,US,True,"Spaceship, Inc.",12,365,False,0,False,False,,benign,no_adverse_signal
yzwlt.cn,2026-07-05,8,2.321928094887362,0.0,0,0.0,-10.271928571428571,low,0.5,5,1.0,False,NOERROR,0,,2,2,False,False,0,,,,北京新网数码信息技术有限公司,3,365,False,,,False,True,benign,no_adverse_signal
audiostud.io,2026-07-05,12,2.725480556997868,0.0,0,1.25,-6.64398,low,0.5556,2,0.7777777777777778,True,NOERROR,1,300,2,2,True,False,0,8560,US,True,IONOS SE,8,365,True,0,False,False,False,benign,no_adverse_signal
otterandivycostudio.com,2026-07-05,23,3.5368867237421666,0.0,0,0.7272727272727273,-6.840617142857143,low,0.5,3,0.6842105263157895,True,NOERROR,2,600,0,2,False,False,0,16509,US,True,"GoDaddy.com, LLC",2,365,True,37,False,False,,benign,no_adverse_signal
melbet-yilw.top,2026-07-05,15,3.0957952550009344,0.0,1,0.42857142857142855,-8.389731578947368,high,0.5263,2,0.8181818181818182,True,NOERROR,1,7200,0,3,False,False,0,57724,RU,True,"NameSilo, LLC",2,365,True,0,False,False,,benign,no_adverse_signal
listendo.app,2026-07-05,12,3.0,0.0,0,0.6,-5.926884615384615,low,0.5714,2,1.0,True,NOERROR,1,3600,0,2,False,False,0,212219,TR,True,,,,False,0,False,False,,benign,no_adverse_signal
momss.in,2026-07-05,8,1.5219280948873621,0.0,0,0.25,-7.421228571428571,low,0.6,3,0.6,True,NOERROR,1,1800,0,2,False,False,1,47583,IN,False,"HOSTINGER operations, UAB",17,365,False,0,False,False,,benign,no_adverse_signal
sd1986.cn,2026-07-05,9,2.584962500721156,0.4444444444444444,0,0.0,-10.663555555555554,low,0.4444,2,1.0,True,NOERROR,1,900,0,4,False,False,0,400619,US,False,阿里云计算有限公司（万网）,16,365,False,0,False,False,,benign,no_adverse_signal
dlsv.cn,2026-07-05,7,2.0,0.0,0,0.0,-8.8763,low,0.6,4,1.0,True,NOERROR,1,600,0,2,False,False,0,54600,US,False,广东时代互联科技有限公司,14,365,False,0,False,False,,benign,no_adverse_signal
hatsaniran.com,2026-07-05,14,2.6464393446710153,0.0,0,0.6666666666666666,-6.473105882352941,low,0.5556,2,0.7,False,SERVFAIL,0,,0,0,False,False,0,,,,WHC Online Solutions Inc,1,365,True,,,False,,benign,no_adverse_signal
sman1tangerang.biz.id,2026-07-05,21,2.9852281360342516,0.047619047619047616,0,0.4444444444444444,-6.934740000000001,low,0.56,2,0.6428571428571429,True,NOERROR,2,300,0,2,False,False,2,13335,US,False,,,,False,0,False,False,,benign,no_adverse_signal
parkishfart.qpon,2026-07-05,16,3.0957952550009344,0.0,0,0.375,-7.05938947368421,low,0.4545,3,0.8181818181818182,False,NOERROR,0,,0,0,False,False,0,,,,URL SOLUTIONS INC.,2,365,True,,,True,,malicious,spamhaus_dbl
providentlegal.world,2026-07-05,20,3.521640636343319,0.0,0,0.5555555555555556,-6.461728000000001,low,0.4545,3,0.8571428571428571,True,NOERROR,2,300,2,2,True,False,2,13335,US,False,,,,,0,False,False,False,benign,no_adverse_signal
seoservicesinaustralia.com.au,2026-07-05,29,3.3564924137968233,0.0,0,1.0,-6.275478048780488,low,0.5143,3,0.5454545454545454,True,NOERROR,1,600,0,2,False,False,0,24940,FI,True,GoDaddy.com LLC trading as GoDaddy.com,,,False,0,False,False,,benign,no_adverse_signal
atlaseye.ai,2026-07-05,11,2.5,0.0,0,1.0,-7.095646153846153,low,0.5882,2,0.75,True,NOERROR,2,300,0,2,False,False,2,13335,US,False,NAMECHEAP INC,3,731,True,0,False,False,,benign,no_adverse_signal
naosazi.com,2026-07-05,11,2.5216406363433186,0.0,0,1.3333333333333333,-7.882481818181819,low,0.7273,1,0.8571428571428571,False,NOERROR,0,,0,2,False,False,0,,,,"Spaceship, Inc.",2,365,False,,,False,,benign,no_adverse_signal
cartaodigital.com.br,2026-07-05,20,3.0269868333592873,0.0,0,0.8571428571428571,-6.582360869565217,low,0.5217,2,0.6923076923076923,False,NOERROR,0,,1,2,True,False,0,,,,,17,365,False,,,False,,benign,no_adverse_signal
rivierapartners.eu,2026-07-05,18,2.9735572622751847,0.0,0,0.6666666666666666,-6.358822222222222,low,0.5455,3,0.6,True,NOERROR,2,600,0,2,False,False,0,16509,US,True,"GoDaddy.com, LLC",,,False,37,False,False,,benign,no_adverse_signal
clientradarai.com,2026-07-05,17,3.0269868333592873,0.0,0,0.8571428571428571,-6.177639130434783,low,0.5263,3,0.6923076923076923,True,NOERROR,1,3600,0,4,False,False,1,396982,US,True,"Name.com, Inc.",2,365,True,0,True,False,,malicious,spamhaus_zen
ecosystemagents.ru,2026-07-05,18,3.1395722619867223,0.0,0,0.5,-6.419322222222222,low,0.5,4,0.6666666666666666,False,NOERROR,0,,0,4,False,False,0,,,,SELECTEL-RU,1,365,False,,,False,,benign,no_adverse_signal
samerobot.xyz,2026-07-05,13,2.94770277922009,0.0,0,0.8,-6.400266666666667,high,0.5556,1,0.8888888888888888,True,NOERROR,2,3600,1,2,True,False,0,16509,US,True,"GMO Internet, Inc.",2,365,True,71,False,False,,malicious,abuseipdb
locatroc.fr,2026-07-05,11,2.5,0.0,0,0.6,-6.415715384615385,low,0.5882,2,0.75,True,NOERROR,1,900,1,2,True,False,0,34762,IT,True,AMEN / Agence des Médias Numériques,1,364,False,0,False,False,False,benign,no_adverse_signal
cantandoconadriana.com.ar,2026-07-05,25,2.747167197306934,0.0,0,0.8,-6.267387878787879,low,0.5517,2,0.4444444444444444,False,SERVFAIL,0,,0,0,False,False,0,,,,nicar,4702,5050,False,,,,,unknown,no_reputation_coverage
terravitalongozpark.online,2026-07-05,26,3.5368867237421666,0.0,0,0.5833333333333334,-6.88126,medium,0.4444,2,0.6842105263157895,True,NOERROR,1,3600,0,3,False,False,0,197720,TR,True,Turkticaret.net Yazılım Hizmetleri Sanayi ve Ticaret A.Ş.,2,365,False,0,False,False,,benign,no_adverse_signal
seasonitme.com,2026-07-05,14,2.9219280948873623,0.0,0,1.0,-6.577347058823529,low,0.5833,2,0.8,True,NOERROR,2,300,0,2,False,False,2,13335,US,False,"Name.com, Inc.",2,365,False,0,False,False,,benign,no_adverse_signal
ailix.de,2026-07-05,8,1.9219280948873623,0.0,0,1.5,-6.569985714285714,low,0.6667,1,0.8,True,NOERROR,1,10800,1,2,True,False,0,47846,DE,False,,,,False,10,False,False,False,benign,no_adverse_signal
xn--k-p93b.cc,2026-07-05,13,2.8464393446710154,0.15384615384615385,3,0.0,-10.794623529411766,low,0.3333,2,0.8,True,NOERROR,3,0,0,0,False,True,0,8075,HK,False,"GoDaddy.com, LLC",8,365,True,0,False,False,,benign,no_adverse_signal
terraaustralfishing.cl,2026-07-05,22,3.43162356584743,0.0,0,0.5833333333333334,-6.6614257142857145,low,0.4242,3,0.631578947368421,True,NOERROR,2,120,0,4,False,False,0,16509,DE,True,,,,False,18,False,False,,benign,no_adverse_signal
castiro7ek.studio,2026-07-05,17,3.321928094887362,0.058823529411764705,0,0.8,-8.293070588235295,low,0.5,2,1.0,False,NOERROR,0,,0,4,False,False,0,,,,,,,False,,,False,,benign,no_adverse_signal
rc56.cc,2026-07-05,7,2.0,0.2857142857142857,0,0.0,-11.215,low,0.4,2,1.0,True,NOERROR,3,2876,0,2,False,True,0,401701,HK,False,Dynadot Inc,3,365,False,0,False,False,,benign,no_adverse_signal
bialystokuptodate.pl,2026-07-05,20,3.572469458770136,0.0,0,0.7,-6.93591935483871,low,0.5333,4,0.7647058823529411,False,NOERROR,0,,0,3,False,False,0,,,,Hosting Concepts B.V.,7,365,False,,,False,,benign,no_adverse_signal
spaceddefi.xyz,2026-07-05,14,2.9219280948873623,0.0,0,0.6666666666666666,-7.036617647058824,high,0.5,2,0.8,True,NOERROR,2,3600,1,2,True,False,0,16509,US,True,"GMO Internet, Inc.",2,365,True,71,False,False,,malicious,abuseipdb
capever.de,2026-07-05,10,2.521640636343318,0.0,0,0.75,-6.685036363636363,low,0.6667,1,0.8571428571428571,True,NOERROR,2,9,0,4,False,False,0,16509,US,True,,,,False,0,False,False,,benign,no_adverse_signal
mcfest.tr,2026-07-05,9,2.584962500721156,0.0,0,0.2,-7.774922222222222,low,0.6667,3,1.0,True,NOERROR,2,300,0,2,False,False,2,13335,US,False,,9,364,True,0,False,False,,benign,no_adverse_signal
magiccarwash.com.au,2026-07-05,19,3.0220552088742,0.0,0,0.5,-7.121557142857144,low,0.4762,2,0.75,True,NOERROR,2,3600,1,2,True,False,0,16509,US,True,Synergy Wholesale Accreditations Pty Ltd,,,False,71,False,False,,malicious,abuseipdb
momentsbots.xyz,2026-07-05,15,2.7321588913645702,0.0,0,0.375,-6.770731578947369,high,0.5455,4,0.6363636363636364,True,NOERROR,2,3600,1,2,True,False,0,16509,US,True,"GMO Internet, Inc.",2,365,True,71,False,False,,malicious,abuseipdb
stphawards.co.uk,2026-07-05,16,2.9219280948873623,0.0,0,0.25,-7.198964705882354,low,0.5882,4,0.8,False,NOERROR,0,,3,2,True,False,0,,,,"Namecheap, Inc. [Tag = NAMECHEAP-INC]",15,365,False,,,False,False,benign,no_adverse_signal
nwentao1.cn,2026-07-05,11,2.75,0.09090909090909091,0,0.75,-7.679707692307693,low,0.5333,2,0.875,True,NOERROR,1,600,0,2,False,False,0,26658,US,False,域见未来（北京）科技有限公司,14,365,False,0,True,False,,malicious,spamhaus_zen
commonmattergrooming.info,2026-07-05,25,3.121928094887362,0.0,0,0.5384615384615384,-6.535345945945946,medium,0.4,3,0.5,True,NOERROR,2,600,0,2,False,False,0,16509,US,True,,,,,31,False,False,,benign,no_adverse_signal
visibly.co.za,2026-07-05,13,2.5216406363433186,0.0,0,0.4,-7.1121727272727275,low,0.5333,3,0.8571428571428571,True,NOERROR,2,300,0,2,False,False,2,13335,US,False,Dynadot LLC,13,365,False,0,False,False,,benign,no_adverse_signal
plotsrobot.xyz,2026-07-05,14,2.6464393446710153,0.0,0,0.42857142857142855,-7.130176470588235,high,0.5556,3,0.7,True,NOERROR,2,3600,1,2,True,False,0,16509,US,True,"GMO Internet, Inc.",2,365,True,29,False,False,,benign,no_adverse_signal
cerivmorhub.digital,2026-07-05,19,3.277613436819116,0.0,0,0.5714285714285714,-7.474984210526316,low,0.4706,2,0.9090909090909091,True,NOERROR,2,300,0,2,False,False,2,13335,US,False,,,,,0,False,False,,benign,no_adverse_signal
ko888.cn,2026-07-05,8,1.3709505944546687,0.375,0,1.0,-9.781899999999998,low,0.4444,1,0.6,True,NOERROR,1,1,0,2,False,False,0,53587,US,False,昆明乐网数码科技有限公司,14,365,False,0,False,False,,benign,no_adverse_signal
centralbrandworks.co,2026-07-05,20,3.572469458770136,0.0,0,0.3076923076923077,-6.644122580645162,low,0.6,3,0.7647058823529411,True,NOERROR,4,10800,0,4,True,False,0,53831,US,False,Key-Systems GmbH,3,365,True,32,False,,,benign,no_adverse_signal
pluseconomy.com.br,2026-07-05,18,3.277613436819116,0.0,0,0.5714285714285714,-6.561852631578947,low,0.5263,2,0.9090909090909091,True,NOERROR,1,1800,2,2,True,False,1,47583,BR,False,,408,1096,False,0,False,False,False,benign,no_adverse_signal
nelum.co,2026-07-05,8,2.321928094887362,0.0,0,0.6666666666666666,-6.916428571428571,low,0.6,1,1.0,True,NOERROR,1,1800,5,2,True,False,0,22612,US,False,NAMECHEAP INC,9,365,True,0,False,False,False,benign,no_adverse_signal
myprojects.my.id,2026-07-05,16,3.321928094887362,0.0,0,0.25,-7.2872941176470585,low,0.8,4,1.0,False,NOERROR,0,,0,2,False,False,0,,,,,,,False,,,False,,benign,no_adverse_signal
fencerobot.xyz,2026-07-05,14,2.9219280948873623,0.0,0,0.6666666666666666,-6.605205882352941,high,0.5556,2,0.8,True,NOERROR,2,3600,1,2,True,False,0,16509,US,True,"GMO Internet, Inc.",2,365,True,71,False,False,,malicious,abuseipdb
smart-coverage-hub.com,2026-07-05,22,3.7254805569978675,0.0,2,0.6,-6.911448484848485,low,0.5161,2,0.7777777777777778,False,timeout,0,,0,2,False,False,2,,,,"Spaceship, Inc.",1,365,False,,,False,,benign,no_adverse_signal
hghg.ir,2026-07-05,7,1.0,0.0,0,0.0,-10.15858,low,0.5455,4,0.5,True,NOERROR,1,3600,0,0,False,False,0,34918,IR,False,,,,False,0,False,False,,benign,no_adverse_signal
vitalook.in,2026-07-05,11,2.75,0.0,0,1.0,-6.311753846153847,low,0.6667,1,0.875,False,NOERROR,0,,0,3,False,False,0,,,,"NameSilo, LLC",7677,8035,False,,,False,,benign,no_adverse_signal
insolvencyanswers.co.uk,2026-07-05,23,3.4104172527605203,0.0,0,0.4166666666666667,-6.947,low,0.4706,3,0.7058823529411765,True,NOERROR,2,600,0,2,False,False,0,16509,US,True,123-Reg Limited t/a 123-reg [Tag = 123-REG],9,365,False,0,False,False,,benign,no_adverse_signal
knobprompt.xyz,2026-07-05,14,2.9219280948873623,0.0,0,0.25,-7.622017647058823,high,0.4615,3,0.8,True,NOERROR,2,3600,1,2,True,False,0,16509,US,True,"GMO Internet, Inc.",1,365,True,29,False,False,,benign,no_adverse_signal
noemirivashairstudio.com,2026-07-05,24,3.521928094887362,0.0,0,1.0,-6.937154054054053,low,0.5,3,0.65,False,SERVFAIL,0,,0,0,False,False,0,,,,Neubox Internet S.A. de C.V.,2,365,False,,,False,,benign,no_adverse_signal
tinytags.eu,2026-07-05,11,2.75,0.0,0,0.3333333333333333,-7.311753846153847,low,0.5882,3,0.875,True,NOERROR,1,10800,1,3,True,False,0,213035,NL,True,Registrar.eu,,,False,0,True,False,True,malicious,spamhaus_zen
mniumlithiumsforeadapt.beer,2026-07-05,27,3.754441845713344,0.0,0,0.6923076923076923,-7.364743902439025,low,0.3871,3,0.6818181818181818,True,NOERROR,1,3600,0,2,False,False,0,401701,HK,False,"Spaceship, Inc.",2,365,True,0,True,False,,malicious,spamhaus_zen
sdayourhealth.com,2026-07-05,17,3.3927474104487847,0.0,0,0.625,-7.0223826086956525,low,0.6316,3,0.8461538461538461,True,NOERROR,1,3600,1,2,True,False,0,16509,US,True,"GoDaddy.com, LLC",1,365,True,29,False,False,False,benign,no_adverse_signal
ylc5888.com,2026-07-05,11,2.128085278891394,0.36363636363636365,0,0.0,-10.551954545454546,low,0.3333,3,0.7142857142857143,False,NOERROR,0,,0,2,False,False,0,,,,"GMO Internet, Inc.",2,365,True,,,False,,benign,no_adverse_signal
custodia-clara.live,2026-07-05,19,3.3248629576173565,0.0,1,0.8571428571428571,-6.728524,low,0.5455,2,0.7857142857142857,True,NOERROR,2,300,0,2,False,False,2,13335,US,False,,,,False,0,False,False,,benign,no_adverse_signal
bludogbranding.com,2026-07-05,18,3.2359263506290334,0.0,0,0.4,-6.92948,low,0.5455,3,0.7142857142857143,False,NOERROR,0,,1,2,True,False,0,,,,"Cloudflare, Inc.",2,365,True,,,False,False,benign,no_adverse_signal
eurorailswitch.xyz,2026-07-05,18,3.521640636343319,0.0,0,0.75,-6.981052,high,0.5217,3,0.8571428571428571,True,NOERROR,2,3600,1,2,True,False,0,16509,US,True,"GMO Internet, Inc.",2,365,True,71,False,False,,malicious,abuseipdb
dollarrailrisk.xyz,2026-07-05,18,2.8423709931771084,0.0,0,0.5555555555555556,-7.031536,high,0.48,2,0.5714285714285714,True,NOERROR,2,3600,1,2,True,False,0,16509,US,True,"GMO Internet, Inc.",2,365,True,29,False,False,,benign,no_adverse_signal
y78p.cc,2026-07-05,7,2.0,0.2857142857142857,0,0.0,-12.39132,low,0.4444,1,1.0,True,NOERROR,2,300,0,2,False,False,2,13335,US,False,"Spaceship, Inc.",10,365,False,0,False,False,,benign,no_adverse_signal
70554.cc,2026-07-05,8,1.9219280948873623,0.625,0,0.0,-11.34,low,0.25,0,0.8,True,NOERROR,1,1,0,2,False,True,0,4907,JP,False,Dynadot Inc,5,365,False,0,True,False,,malicious,spamhaus_zen
pelkruvilanz.live,2026-07-05,17,3.418295834054489,0.0,0,0.5,-7.775038095238095,low,0.5,3,0.9166666666666666,True,NOERROR,2,300,0,2,False,False,2,13335,US,False,,,,False,0,False,False,,benign,no_adverse_signal
framemound.shop,2026-07-05,15,3.121928094887362,0.0,0,0.6666666666666666,-6.507170588235294,low,0.5,2,0.9,True,NOERROR,1,1800,0,2,False,False,0,132203,US,False,,,,False,1,True,False,,malicious,spamhaus_zen
bachactivity.pl,2026-07-05,15,2.918295834054489,0.0,0,0.5,-6.569671428571429,low,0.5263,2,0.6666666666666666,True,NOERROR,2,300,0,2,False,False,2,13335,US,False,cyber_Folks S.A.,13,365,False,0,False,False,,benign,no_adverse_signal
fernandaecarlosgustavo.com,2026-07-05,26,3.6412498004554785,0.0,0,0.6923076923076923,-7.045685365853659,low,0.4,2,0.6363636363636364,True,NOERROR,1,44,0,3,False,False,0,15830,BR,False,"Name.com, Inc.",1,365,False,0,False,False,,benign,no_adverse_signal
freidarothmanjewelry.shop,2026-07-05,25,3.7464393446710154,0.0,0,0.5384615384615384,-7.43004054054054,low,0.4444,3,0.75,True,NOERROR,2,300,0,2,False,False,2,13335,US,False,,,,False,0,False,False,,benign,no_adverse_signal
wheek-studios.com,2026-07-05,17,3.3927474104487847,0.0,1,0.7142857142857143,-7.328017391304348,low,0.48,2,0.8461538461538461,True,NOERROR,1,10800,0,3,True,False,1,206281,NL,True,Key-Systems GmbH,2,365,True,0,False,False,,benign,no_adverse_signal
estak.eu,2026-07-05,8,2.321928094887362,0.0,0,0.6666666666666666,-5.908414285714286,low,0.6154,2,1.0,True,NOERROR,1,900,1,3,True,False,0,49604,EE,True,Zone Media OÜ,,,False,0,False,False,False,benign,no_adverse_signal
zajczewski.pl,2026-07-05,13,3.121928094887362,0.0,0,0.42857142857142855,-9.044264705882354,low,0.4706,3,0.9,True,NOERROR,1,10800,1,2,True,False,0,8308,PL,True,Globtel Internet Szymon Hersztek,3909,4018,False,0,False,False,False,benign,no_adverse_signal
amerant.click,2026-07-05,13,2.5216406363433186,0.0,0,0.75,-5.621627272727273,medium,0.6154,2,0.8571428571428571,True,NOERROR,2,300,0,2,False,False,2,13335,US,False,Global Domain Group LLC,2,365,False,0,False,False,,benign,no_adverse_signal
arcommercegroupinc.com,2026-07-05,22,3.30827083453526,0.0,0,0.6363636363636364,-6.671127272727273,low,0.4375,2,0.6111111111111112,False,NOERROR,0,,2,2,True,False,0,,,,"Spaceship, Inc.",2,365,False,,,False,False,benign,no_adverse_signal
