domain,date_collected,domain_length,shannon_entropy,digit_ratio,hyphen_count,vowel_consonant_ratio,ngram_score,tld_risk_category,typosquatting_similarity,longest_consonant_run,unique_char_ratio,resolves_flag,rcode,num_a_records,min_ttl,mx_count,num_ns,has_spf,cname_present,num_aaaa_records,asn,geo_country,ptr_present,registrar,domain_age_days,registration_duration_days,privacy_protection_flag,abuseipdb_score,spamhaus_zen_listed,spamhaus_dbl_listed,mx_spamhaus_zen_listed,label,label_reason
driftcoworkstack.click,2026-07-22,22,3.375,0.0,0,0.3333333333333333,-7.0339,medium,0.4828,4,0.6875,True,NOERROR,2,300,0,2,False,False,2,13335,US,False,"Dynadot, LLC",2,365,False,0,False,False,,benign,no_adverse_signal
webmaxhd.chat,2026-07-22,13,3.0,0.0,0,0.3333333333333333,-8.125869230769231,low,0.6154,3,1.0,True,NOERROR,4,30,0,2,False,False,8,213230,US,True,,,,False,0,False,False,,benign,no_adverse_signal
oksex.net,2026-07-22,9,2.321928094887362,0.0,0,0.6666666666666666,-7.149928571428572,low,0.6,2,1.0,True,NOERROR,1,300,0,2,False,False,0,14618,US,True,TuringSign Inc. d/b/a Cosmotown,3,365,False,0,False,False,,benign,no_adverse_signal
winegate.app,2026-07-22,12,2.75,0.0,0,1.0,-6.232353846153846,low,0.6667,1,0.875,True,NOERROR,1,1800,2,3,True,False,0,61189,EE,True,,,,False,0,False,False,False,benign,no_adverse_signal
ducks.live,2026-07-22,10,2.321928094887362,0.0,0,0.25,-7.246942857142857,low,0.8333,3,1.0,True,NOERROR,1,1800,0,2,False,False,1,47583,CY,False,,,,False,32,False,False,,benign,no_adverse_signal
reverainstitute.net,2026-07-22,19,3.006238928653389,0.0,0,0.875,-6.259974074074074,low,0.56,3,0.6,True,NOERROR,1,1800,5,2,True,False,0,22612,US,False,NAMECHEAP INC,2,365,True,0,False,False,False,benign,no_adverse_signal
uswin.pro,2026-07-22,9,2.321928094887362,0.0,0,0.6666666666666666,-7.0426714285714285,low,0.6667,2,1.0,True,NOERROR,2,300,0,2,False,False,2,13335,US,False,,,,,0,False,False,,benign,no_adverse_signal
pogtactical.net,2026-07-22,15,2.9139770731827523,0.0,0,0.5714285714285714,-6.852247368421053,low,0.6667,2,0.7272727272727273,True,NOERROR,1,3600,2,4,True,False,1,8560,US,True,IONOS SE,2,365,True,0,False,False,False,benign,no_adverse_signal
3ding.shop,2026-07-22,10,2.321928094887362,0.1,0,0.3333333333333333,-7.5307,low,0.6667,2,1.0,True,NOERROR,1,14400,1,2,True,False,1,47302,CH,True,,,,False,0,False,False,False,benign,no_adverse_signal
rhys.ninja,2026-07-22,10,2.0,0.0,0,0.0,-8.91138,low,0.5333,4,1.0,False,NOERROR,0,,0,4,False,False,0,,,,,,,,,,False,,benign,no_adverse_signal
a142.buzz,2026-07-22,9,2.0,0.3333333333333333,0,1.0,-10.70334,high,0.5714,0,1.0,True,NOERROR,2,300,0,2,False,False,2,13335,US,False,"Spaceship, Inc.",1,365,False,0,False,False,,benign,no_adverse_signal
beforexylophone.xyz,2026-07-22,19,3.2729055953200556,0.0,0,0.6666666666666666,-7.248181481481481,high,0.4545,3,0.7333333333333333,True,NOERROR,1,14400,0,2,False,False,0,24940,FI,True,"NicNames, Inc",1,365,True,3,False,False,,benign,no_adverse_signal
fortressmasters101.garden,2026-07-22,25,3.127986806877675,0.12,0,0.36363636363636365,-6.704736363636364,low,0.5,3,0.5555555555555556,True,NOERROR,2,300,0,2,False,False,2,13335,US,False,Dynadot Inc,2,365,True,0,False,False,,benign,no_adverse_signal
unitedcenter.shop,2026-07-22,17,2.8553885422075336,0.0,0,0.7142857142857143,-6.254609523809524,low,0.5263,2,0.6666666666666666,True,NOERROR,2,300,5,2,True,False,2,13335,US,False,,,,False,0,False,False,False,benign,no_adverse_signal
caixalabmove.click,2026-07-22,18,3.188721875540867,0.0,0,1.0,-7.555619047619048,medium,0.5455,2,0.8333333333333334,True,NOERROR,2,300,0,2,False,False,2,13335,US,False,"NameSilo, LLC",2,365,True,0,False,False,,benign,no_adverse_signal
mk-hd.net,2026-07-22,9,2.321928094887362,0.0,1,0.0,-9.702342857142856,low,0.4615,2,1.0,True,NOERROR,1,3600,1,2,True,False,0,9371,JP,True,"Japan Registry Services Co.,Ltd.(JPRS)",3,365,False,0,False,False,False,benign,no_adverse_signal
strengthgainnutritioqz.xyz,2026-07-22,26,3.4817145729860717,0.0,0,0.4666666666666667,-7.469280487804878,high,0.4375,5,0.5909090909090909,True,NOERROR,2,300,0,2,False,False,2,13335,US,False,"NameSilo, LLC",2,365,True,0,False,False,,benign,no_adverse_signal
socnzdm.top,2026-07-22,11,2.807354922057604,0.0,0,0.16666666666666666,-9.016436363636364,high,0.5,5,1.0,True,NOERROR,2,300,0,2,False,False,2,13335,US,False,"NameSilo, LLC",2,365,True,0,False,False,,benign,no_adverse_signal
readysetapp.shop,2026-07-22,16,2.9139770731827523,0.0,0,0.5714285714285714,-6.742031578947369,low,0.5263,3,0.7272727272727273,True,NOERROR,2,300,0,2,False,False,2,13335,US,False,,,,False,0,False,False,,benign,no_adverse_signal
marketingconsultoria2026.cfd,2026-07-22,28,4.001629167387823,0.14285714285714285,0,0.6666666666666666,-7.053308888888889,low,0.4375,3,0.7083333333333334,True,NOERROR,2,120,0,4,False,False,0,16509,DE,True,Dynadot Inc,1,365,False,17,False,False,,benign,no_adverse_signal
39126.app,2026-07-22,9,2.321928094887362,0.5555555555555556,0,0.0,-10.856871428571429,low,0.5,0,1.0,True,NOERROR,2,600,0,2,False,False,0,16509,US,True,,,,False,33,False,False,,benign,no_adverse_signal
dsadjkj.shop,2026-07-22,12,2.2359263506290326,0.0,0,0.16666666666666666,-9.271236363636364,low,0.5,4,0.7142857142857143,True,NOERROR,2,600,0,2,False,False,0,16509,US,True,,,,False,33,False,False,,benign,no_adverse_signal
zeusy.net,2026-07-22,9,2.321928094887362,0.0,0,0.6666666666666666,-8.231242857142856,low,0.6667,2,1.0,True,NOERROR,1,1800,1,2,False,False,0,22612,US,False,NAMECHEAP INC,2,365,True,0,False,False,False,benign,no_adverse_signal
beamifece.website,2026-07-22,17,2.6416041678685933,0.0,0,1.25,-7.04702,low,0.625,1,0.7777777777777778,True,NOERROR,2,300,0,2,False,False,2,13335,US,False,NAMECHEAP INC,2,365,False,0,False,False,,benign,no_adverse_signal
59593200720xisdnwzvuv647.top,2026-07-22,28,3.9701755214643457,0.5,0,0.25,-10.778902222222221,high,0.25,6,0.7083333333333334,False,NOERROR,0,,0,2,False,False,0,,,,GoDaddy.com,2,365,True,,,False,,benign,no_adverse_signal
rpgmakeruniverse.shop,2026-07-22,21,3.4056390622295662,0.0,0,0.6,-6.9569965517241386,low,0.5455,4,0.75,True,NOERROR,1,300,0,2,False,False,0,,GE,False,,,,False,0,False,False,,benign,no_adverse_signal
gna777-3f.top,2026-07-22,13,2.6416041678685933,0.3076923076923077,1,0.3333333333333333,-10.227133333333335,high,0.4286,2,0.7777777777777778,True,NOERROR,3,3603,0,3,False,False,0,63949,US,True,"NameSilo, LLC",2,365,True,9,False,False,,benign,no_adverse_signal
v11av2359.xyz,2026-07-22,13,2.725480556997868,0.46153846153846156,0,0.5,-11.06552,high,0.3333,1,0.7777777777777778,True,NOERROR,3,14400,1,2,True,False,0,63949,US,True,Dynadot Inc,2,365,False,0,False,False,False,benign,no_adverse_signal
ebai.xyz,2026-07-22,8,2.0,0.0,0,3.0,-6.8633,high,0.75,1,1.0,False,NOERROR,0,,0,2,False,False,0,,,,"Spaceship, Inc.",2,365,False,,,False,,benign,no_adverse_signal
chefmath.cfd,2026-07-22,12,2.75,0.0,0,0.3333333333333333,-7.208861538461538,low,0.7143,2,0.875,True,NOERROR,2,300,0,2,False,False,2,13335,US,False,NAMECHEAP INC,1,365,True,0,False,False,,benign,no_adverse_signal
444038.xyz,2026-07-22,10,1.7924812503605778,0.6,0,0.0,-10.401066666666667,high,0.2222,0,0.6666666666666666,True,NOERROR,1,300,0,2,False,False,0,906,US,True,"NameSilo, LLC",2,365,True,0,False,False,,benign,no_adverse_signal
buytecnifibre.shop,2026-07-22,18,3.238901256602631,0.0,0,0.625,-7.5279869565217385,low,0.5517,2,0.7692307692307693,True,NOERROR,1,300,0,2,False,False,0,199242,US,False,,,,False,0,False,False,,benign,no_adverse_signal
w23hm.top,2026-07-22,9,2.321928094887362,0.2222222222222222,0,0.0,-11.259471428571429,high,0.5,2,1.0,True,NOERROR,3,10,0,0,False,True,0,54801,SC,False,GoDaddy.com,2,365,True,0,False,False,,benign,no_adverse_signal
hotbzucecu.today,2026-07-22,16,2.9219280948873623,0.0,0,0.6666666666666666,-8.222611764705883,low,0.4706,3,0.8,True,NOERROR,5,600,0,2,False,False,0,63023,DE,True,,,,,0,False,False,,benign,no_adverse_signal
kapten69activate.shop,2026-07-22,21,3.2806390622295662,0.09523809523809523,0,0.75,-7.888179310344828,low,0.5,2,0.6875,True,NOERROR,2,300,0,2,False,False,2,13335,US,False,,,,False,0,False,False,,benign,no_adverse_signal
stylehub99.shop,2026-07-22,15,3.1219280948873624,0.13333333333333333,0,0.3333333333333333,-8.311676470588235,low,0.5,4,0.9,True,NOERROR,1,1799,5,2,True,False,0,396982,US,True,,,,False,0,True,False,False,malicious,spamhaus_zen
your-narley.app,2026-07-22,15,3.0957952550009344,0.0,1,0.6666666666666666,-7.479789473684211,low,0.5882,2,0.8181818181818182,False,NOERROR,0,,0,2,False,False,0,,,,,,,False,,,False,,benign,no_adverse_signal
ethrstudios.net,2026-07-22,15,3.0957952550009344,0.0,0,0.5714285714285714,-6.9842,low,0.5714,5,0.8181818181818182,True,NOERROR,1,7200,1,2,False,False,0,29873,US,True,"Network Solutions, LLC",2,365,True,0,False,False,False,benign,no_adverse_signal
karmaandluckdesign.shop,2026-07-22,23,3.5724312513221195,0.0,0,0.5,-7.219260606060606,low,0.48,3,0.7222222222222222,True,NOERROR,1,300,0,2,False,False,0,199242,GE,False,,,,False,0,False,False,,benign,no_adverse_signal
1upy.shop,2026-07-22,9,2.0,0.1111111111111111,0,0.5,-9.892520000000001,low,0.5714,2,1.0,True,NOERROR,6,60,0,2,False,True,0,8075,KR,False,,,,False,0,True,True,,malicious,spamhaus_zen
dondean.shop,2026-07-22,12,2.2359263506290326,0.0,0,0.75,-6.283827272727273,low,0.625,2,0.7142857142857143,True,NOERROR,2,600,0,2,False,False,0,16509,US,True,,,,False,33,False,False,,benign,no_adverse_signal
188beg.tech,2026-07-22,11,2.2516291673878226,0.2727272727272727,0,0.5,-9.1312,low,0.4444,1,0.8333333333333334,True,NOERROR,2,300,0,2,False,False,2,13335,US,False,Dynadot Inc,2,365,False,0,False,False,,benign,no_adverse_signal
readinglampp.shop,2026-07-22,17,3.2516291673878226,0.0,0,0.5,-6.536142857142858,low,0.5217,3,0.8333333333333334,True,NOERROR,1,1800,0,2,False,False,0,132203,US,False,,,,False,0,True,False,,malicious,spamhaus_zen
melodydock.click,2026-07-22,16,2.921928094887362,0.0,0,0.42857142857142855,-7.403494117647059,medium,0.5,3,0.8,True,NOERROR,2,300,0,2,False,False,2,13335,US,False,NAMECHEAP INC,2,365,False,0,False,False,,benign,no_adverse_signal
vga.lat,2026-07-22,7,1.584962500721156,0.0,0,0.5,-8.672600000000001,low,0.5,2,1.0,True,NOERROR,1,1800,0,2,False,False,0,45903,VN,True,"Spaceship, Inc.",2,365,False,0,True,False,,malicious,spamhaus_zen
animas.live,2026-07-22,11,2.2516291673878226,0.0,0,1.0,-6.109588888888889,low,0.6154,1,0.8333333333333334,True,NOERROR,4,14400,0,4,True,False,0,53831,US,False,,,,False,15,False,False,,benign,no_adverse_signal
celil17500.xyz,2026-07-22,14,2.9219280948873623,0.35714285714285715,0,0.6666666666666666,-9.184158823529412,high,0.4706,1,0.8,True,NOERROR,2,30,0,4,False,False,0,,US,False,Porkbun LLC,379,730,False,0,False,False,,benign,no_adverse_signal
designlevel.app,2026-07-22,15,2.8453509366224368,0.0,0,0.5714285714285714,-7.0032421052631575,low,0.5333,3,0.7272727272727273,True,NOERROR,1,600,0,4,False,False,0,16509,US,False,,,,False,0,False,False,,benign,no_adverse_signal
diegofindz.shop,2026-07-22,15,2.9219280948873623,0.0,0,0.6666666666666666,-7.301594117647059,low,0.5263,3,0.8,True,NOERROR,2,300,0,2,False,False,2,13335,US,False,,,,False,0,False,False,,benign,no_adverse_signal
bj6616.tech,2026-07-22,11,1.7924812503605778,0.36363636363636365,0,0.0,-11.283933333333332,low,0.4444,2,0.6666666666666666,True,NOERROR,2,300,0,2,False,False,2,13335,US,False,Dynadot Inc,2,365,False,0,False,False,,benign,no_adverse_signal
solvwe.net,2026-07-22,10,2.584962500721156,0.0,0,0.5,-8.699922222222222,low,0.6,3,1.0,True,NOERROR,2,600,0,2,False,False,0,16509,US,True,"GoDaddy.com, LLC",3,365,False,33,False,False,,benign,no_adverse_signal
fozcaa2615.xyz,2026-07-22,14,3.121928094887362,0.2857142857142857,0,1.0,-10.141788235294118,high,0.4211,2,0.9,True,NOERROR,2,16,0,4,False,False,0,,US,False,Porkbun LLC,379,730,False,0,False,False,,benign,no_adverse_signal
hwdhome.shop,2026-07-22,12,2.5216406363433186,0.0,0,0.4,-8.298481818181818,low,0.6,4,0.8571428571428571,True,NOERROR,1,300,0,2,False,False,0,199242,GE,True,,,,False,0,False,False,,benign,no_adverse_signal
loveelixirparfums.shop,2026-07-22,22,3.6168746059562227,0.0,0,0.7,-7.44801935483871,low,0.4167,2,0.7647058823529411,True,NOERROR,1,300,0,2,False,False,0,199242,US,False,,,,False,0,False,False,,benign,no_adverse_signal
yyweslo18.shop,2026-07-22,14,2.94770277922009,0.14285714285714285,0,0.4,-8.648253333333333,low,0.4545,3,0.8888888888888888,True,NOERROR,1,600,0,2,False,False,0,16509,KR,True,,,,False,0,False,False,,benign,no_adverse_signal
ustzst.top,2026-07-22,10,1.9182958340544893,0.0,0,0.2,-8.224377777777779,high,0.5714,5,0.6666666666666666,False,NOERROR,0,,0,4,False,False,0,,,,"NameSilo, LLC",2,365,True,,,False,,benign,no_adverse_signal
gianmarcodelfreo.app,2026-07-22,20,3.5,0.0,0,0.7777777777777778,-6.9061551724137935,low,0.5185,3,0.75,True,NOERROR,1,1800,5,2,True,False,0,22612,US,False,,,,False,0,False,False,False,benign,no_adverse_signal
theserkenlabs262.cfd,2026-07-22,20,3.452819531114783,0.15,0,0.4444444444444444,-7.526051724137932,low,0.5333,2,0.75,True,NOERROR,2,60,0,4,False,False,0,,US,False,Porkbun LLC,379,730,False,0,False,False,,benign,no_adverse_signal
cybermaxza.click,2026-07-22,16,3.1219280948873624,0.0,0,0.42857142857142855,-7.917958823529411,medium,0.4444,3,0.9,True,NOERROR,3,3603,0,3,False,False,0,63949,US,True,"NameSilo, LLC",2,365,True,9,False,False,,benign,no_adverse_signal
chatiks.tech,2026-07-22,12,2.807354922057604,0.0,0,0.4,-6.644636363636365,low,0.5714,2,1.0,True,NOERROR,1,86400,0,2,False,False,0,216154,NL,True,Registrar of Domain Names REG.RU LLC,2,365,False,0,False,False,,benign,no_adverse_signal
supportmediahub.shop,2026-07-22,20,3.640223928941851,0.0,0,0.6666666666666666,-6.870140740740741,low,0.5217,3,0.8666666666666667,True,NOERROR,1,60,5,2,True,False,0,14061,DE,False,,,,False,0,False,False,False,benign,no_adverse_signal
xiaoyu8023.top,2026-07-22,14,3.321928094887362,0.2857142857142857,0,2.0,-9.947929411764706,high,0.5,1,1.0,False,NXDOMAIN,0,,0,0,False,False,0,,,,,,,False,,,False,,benign,no_adverse_signal
enak-setiap-hari.xyz,2026-07-22,20,3.327819531114783,0.0,2,1.0,-7.402479310344828,high,0.4444,1,0.6875,True,NOERROR,2,300,0,2,False,False,2,13335,US,False,NAMECHEAP INC,2,365,True,0,False,False,,benign,no_adverse_signal
nohu-ok.run,2026-07-22,11,2.5216406363433186,0.0,1,1.0,-8.950654545454546,low,0.5714,1,0.8571428571428571,True,NOERROR,2,300,0,2,False,False,2,13335,US,False,,,,,0,False,False,,benign,no_adverse_signal
358704.vip,2026-07-22,10,2.584962500721156,0.6,0,0.0,-11.447844444444444,low,0.4444,0,1.0,True,NOERROR,1,600,0,2,False,True,0,49870,SC,False,Dynadot Inc,2,365,True,0,True,True,,malicious,spamhaus_zen
www888bet.pro,2026-07-22,13,2.113283334294875,0.23076923076923078,0,0.2,-9.307646666666667,low,0.5,3,0.5555555555555556,True,NOERROR,2,300,0,2,False,False,2,13335,US,False,,,,,0,False,False,,benign,no_adverse_signal
kenceng.shop,2026-07-22,12,2.2359263506290326,0.0,0,0.4,-6.261563636363636,low,0.6154,2,0.7142857142857143,True,NOERROR,1,1800,5,2,True,False,0,16509,US,False,,,,False,0,False,False,False,benign,no_adverse_signal
sspjw.shop,2026-07-22,10,1.9219280948873623,0.0,0,0.0,-9.779542857142857,low,0.5,5,0.8,True,NOERROR,1,60,0,2,False,False,0,59371,HK,False,,,,False,0,False,False,,benign,no_adverse_signal
blackbrownie.shop,2026-07-22,17,3.418295834054489,0.0,0,0.5,-7.391685714285715,low,0.48,4,0.9166666666666666,True,NOERROR,1,3600,1,3,True,False,0,49604,EE,True,,,,False,0,False,False,False,benign,no_adverse_signal
u514.vip,2026-07-22,8,2.0,0.375,0,1.0,-11.04562,low,0.2857,0,1.0,True,NOERROR,2,300,0,2,False,False,2,13335,US,False,"Spaceship, Inc.",2,365,True,0,False,False,,benign,no_adverse_signal
immoleadhabitat.pro,2026-07-22,19,3.189898095464287,0.0,0,0.875,-6.963396296296296,low,0.4762,2,0.6666666666666666,False,SERVFAIL,0,,0,0,False,False,0,,,,,,,,,,False,,benign,no_adverse_signal
zenithfinacialgroup.shop,2026-07-22,24,3.787143960698138,0.0,0,0.7272727272727273,-6.998477142857142,low,0.4375,3,0.7894736842105263,True,NOERROR,2,600,0,2,False,False,0,16509,US,True,,,,False,33,False,False,,benign,no_adverse_signal
f168b.tech,2026-07-22,10,2.321928094887362,0.3,0,0.0,-10.617957142857142,low,0.5,1,1.0,True,NOERROR,2,300,0,2,False,False,2,13335,US,False,Dynadot Inc,2,365,False,0,False,False,,benign,no_adverse_signal
ued4uyzd.top,2026-07-22,12,2.5,0.08333333333333333,0,0.75,-10.754176923076924,high,0.4706,3,0.75,True,NOERROR,3,60,0,2,False,True,0,138995,US,False,Dominet (HK) Limited,2,365,True,0,True,True,,malicious,spamhaus_zen
gampov.forum,2026-07-22,12,2.584962500721156,0.0,0,0.5,-6.950055555555555,low,0.5714,2,1.0,True,NOERROR,2,300,0,2,False,False,2,13335,US,False,NAMECHEAP INC,1,365,True,0,False,False,,benign,no_adverse_signal
yzyb.net,2026-07-22,8,1.5,0.0,0,0.0,-9.966660000000001,low,0.3636,4,0.75,True,NOERROR,2,300,0,2,True,False,2,14618,US,True,DropCatch.com 643 LLC,3,365,False,0,False,False,,benign,no_adverse_signal
trendingplay.shop,2026-07-22,17,3.418295834054489,0.0,0,0.3333333333333333,-6.380466666666667,low,0.5455,4,0.9166666666666666,True,NOERROR,1,60,5,2,True,False,0,14061,NL,False,,,,False,0,False,False,False,benign,no_adverse_signal
71eduwzmail.xyz,2026-07-22,15,3.459431618637298,0.13333333333333333,0,0.8,-9.378047368421052,high,0.5333,3,1.0,False,NOERROR,0,,1,2,False,False,0,,,,"DNSPod, Inc.",2,365,False,,,False,False,benign,no_adverse_signal
theracorepharm.shop,2026-07-22,19,3.039148671903071,0.0,0,0.5555555555555556,-6.310432,low,0.4545,2,0.6428571428571429,True,NOERROR,2,300,0,2,False,False,2,13335,US,False,,,,False,0,False,False,,benign,no_adverse_signal
rinsasbiet.bond,2026-07-22,15,2.9219280948873623,0.0,0,0.6666666666666666,-6.952241176470588,low,0.5333,2,0.8,True,NOERROR,2,300,0,2,False,False,2,13335,US,False,NAMECHEAP INC,2,365,True,0,False,False,,benign,no_adverse_signal
lavosperformancecollection.shop,2026-07-22,31,3.6133373140453067,0.0,0,0.625,-6.524320408163266,low,0.4571,2,0.5384615384615384,True,NOERROR,1,300,0,2,False,False,0,199242,GE,True,,,,False,0,False,False,,benign,no_adverse_signal
thailottplusx.net,2026-07-22,17,3.180832987205441,0.0,0,0.4444444444444444,-7.2175782608695656,low,0.5,4,0.7692307692307693,True,NOERROR,2,300,0,2,False,False,2,13335,US,False,NAMECHEAP INC,2,365,True,0,False,False,,benign,no_adverse_signal
bringbold.shop,2026-07-22,14,2.94770277922009,0.0,0,0.2857142857142857,-6.82204,low,0.6154,3,0.8888888888888888,True,NOERROR,2,300,0,2,False,False,2,13335,US,False,,,,False,0,False,False,,benign,no_adverse_signal
r19urgk.garden,2026-07-22,14,2.5216406363433186,0.14285714285714285,0,0.25,-10.777609090909092,low,0.4286,3,0.8571428571428571,True,NOERROR,5,30,0,2,False,False,0,138415,HK,False,Dynadot Inc,2,365,True,0,False,False,,benign,no_adverse_signal
blackberry.pizza,2026-07-22,16,2.9219280948873623,0.0,0,0.25,-7.101305882352941,low,0.5333,3,0.8,False,NOERROR,0,,1,4,False,False,0,,,,,,,,,,False,False,benign,no_adverse_signal
hotbxufedo.today,2026-07-22,16,3.121928094887362,0.0,0,0.6666666666666666,-8.805729411764705,low,0.4706,3,0.9,True,NOERROR,5,600,0,2,False,False,0,24940,DE,True,,,,,0,False,False,,benign,no_adverse_signal
aerre.shop,2026-07-22,10,1.5219280948873621,0.0,0,1.5,-7.011414285714286,low,0.6,2,0.6,True,NOERROR,1,300,0,2,False,False,0,,GE,False,,,,False,0,True,True,,malicious,spamhaus_zen
lanemotherworld.pics,2026-07-22,20,3.373557262275185,0.0,0,0.5,-6.596981481481482,low,0.5161,3,0.7333333333333333,True,NOERROR,3,3603,3,3,False,False,0,63949,US,True,"NameSilo, LLC",2,365,True,9,False,False,False,benign,no_adverse_signal
tyga168x.click,2026-07-22,14,3.0,0.21428571428571427,0,0.25,-9.672284615384616,medium,0.4286,3,1.0,True,NOERROR,1,1800,5,2,True,False,0,22612,US,False,NAMECHEAP INC,2,365,True,0,False,False,False,benign,no_adverse_signal
t8e56bx1.top,2026-07-22,12,3.0,0.3333333333333333,0,0.3333333333333333,-12.606123076923078,high,0.4615,2,1.0,True,NOERROR,3,60,0,2,False,True,0,138995,US,False,Dominet (HK) Limited,2,365,True,0,True,True,,malicious,spamhaus_zen
koreanskincarenow.shop,2026-07-22,22,3.2195282822995477,0.0,0,0.7,-6.418274193548387,low,0.4667,3,0.5882352941176471,True,NOERROR,1,300,0,2,False,False,0,,GE,False,,,,False,0,True,False,,malicious,spamhaus_zen
bdll5780306.pro,2026-07-22,15,3.095795255000934,0.4666666666666667,0,0.0,-11.252773684210528,low,0.4,4,0.8181818181818182,False,NXDOMAIN,0,,0,0,False,False,0,,,,,,,,,,False,,benign,no_adverse_signal
bwin.cloud,2026-07-22,10,2.0,0.0,0,0.3333333333333333,-7.392239999999999,low,0.75,2,1.0,True,NOERROR,2,1200,0,2,False,False,0,16509,US,True,"Dynadot, LLC",2,365,False,0,False,False,,benign,no_adverse_signal
lively-watchtower-core.study,2026-07-22,28,3.606936732175322,0.0,2,0.5384615384615384,-7.171139024390245,low,0.4138,4,0.5909090909090909,True,NOERROR,2,300,0,2,False,False,2,13335,US,False,Dynadot Inc,2,365,True,0,False,False,,benign,no_adverse_signal
dwg288lup.live,2026-07-22,14,2.94770277922009,0.21428571428571427,0,0.2,-10.754366666666668,low,0.4,3,0.8888888888888888,True,NOERROR,2,300,0,2,False,False,2,13335,US,False,,,,False,0,False,False,,benign,no_adverse_signal
rzscjv.shop,2026-07-22,11,2.584962500721156,0.0,0,0.0,-10.859722222222222,low,0.4615,6,1.0,True,NOERROR,2,300,0,2,False,False,2,13335,US,False,,,,False,0,False,False,,benign,no_adverse_signal
mooneyhub.click,2026-07-22,15,2.94770277922009,0.0,0,0.8,-7.214666666666667,medium,0.5,2,0.8888888888888888,False,NOERROR,0,,0,4,False,False,0,,,,"Amazon Registrar, Inc.",2,365,True,,,False,,benign,no_adverse_signal
odunpazaribayen.xyz,2026-07-22,19,3.456564762130953,0.0,0,0.875,-7.3798259259259265,high,0.5385,2,0.8,True,NOERROR,2,300,0,2,False,False,2,13335,US,False,Dynadot Inc,2,365,False,0,False,False,,benign,no_adverse_signal
fvn22.top,2026-07-22,9,1.9219280948873623,0.2222222222222222,0,0.0,-10.552314285714285,high,0.4444,3,0.8,True,NOERROR,3,10,0,0,False,True,0,133199,HK,False,GoDaddy.com,2,365,True,0,False,True,,malicious,spamhaus_dbl
mustafadmr1610xyz.xyz,2026-07-22,21,3.734521664779752,0.19047619047619047,0,0.3,-8.84203870967742,high,0.4,3,0.8235294117647058,True,NOERROR,2,49,0,4,False,False,0,,US,False,Porkbun LLC,379,730,False,0,False,False,,benign,no_adverse_signal
688888967.xyz,2026-07-22,13,1.6577427265048887,0.6923076923076923,0,0.0,-9.679286666666666,high,0.1667,0,0.4444444444444444,False,NOERROR,0,,0,4,False,False,0,,,,"Name.com, Inc.",2,365,True,,,False,,benign,no_adverse_signal
j130h.vip,2026-07-22,9,2.321928094887362,0.3333333333333333,0,0.0,-12.089371428571429,low,0.5,1,1.0,False,timeout,0,,0,0,False,False,0,,,,NameMart Pte. Ltd.,2,365,True,,,True,,malicious,spamhaus_dbl
magicflare.shop,2026-07-22,15,3.121928094887362,0.0,0,0.6666666666666666,-7.042458823529412,low,0.6,3,0.9,False,NOERROR,0,,2,2,True,False,0,,,,,,,False,,,False,False,benign,no_adverse_signal
turkishairlines.click,2026-07-22,21,3.3232314287976203,0.0,0,0.6666666666666666,-6.582492592592593,medium,0.48,2,0.7333333333333333,True,NOERROR,1,600,2,4,True,False,0,198610,RU,True,"NameSilo, LLC",2,365,True,0,False,False,False,benign,no_adverse_signal
clearsidespot.cfd,2026-07-22,17,3.3927474104487847,0.0,0,0.625,-6.3828956521739135,low,0.6,2,0.8461538461538461,True,NOERROR,1,1800,5,2,True,False,0,22612,US,False,NAMECHEAP INC,2,365,True,0,False,False,False,benign,no_adverse_signal
hotpkgame.app,2026-07-22,13,3.169925001442312,0.0,0,0.5,-7.631886666666667,low,0.5556,4,1.0,True,NOERROR,1,300,0,2,False,False,0,206834,DE,False,,,,False,22,False,False,,benign,no_adverse_signal
n3xbu8rgw02.pro,2026-07-22,15,3.459431618637298,0.26666666666666666,0,0.16666666666666666,-11.494236842105263,low,0.3529,3,1.0,True,NOERROR,16,60,5,2,True,True,0,138415,SC,False,,,,,0,False,False,False,benign,no_adverse_signal
umb.chat,2026-07-22,8,1.584962500721156,0.0,0,0.5,-7.395033333333333,low,0.6667,2,1.0,True,NOERROR,1,86400,0,2,False,False,0,16509,US,True,,,,False,0,False,False,,benign,no_adverse_signal
majesticpalacemeadow.website,2026-07-22,28,3.4841837197791885,0.0,0,0.8181818181818182,-6.871194594594594,low,0.5161,2,0.65,True,NOERROR,2,300,2,2,True,False,2,13335,US,False,NAMECHEAP INC,2,365,True,0,False,False,False,benign,no_adverse_signal
winxplay99x.live,2026-07-22,16,3.095795255000934,0.125,0,0.2857142857142857,-8.427157894736842,low,0.5,4,0.8181818181818182,False,SERVFAIL,0,,0,0,False,False,0,,,,,,,False,,,False,,benign,no_adverse_signal
kbjyvrmnqlzp.shop,2026-07-22,17,3.584962500721156,0.0,0,0.0,-11.001438095238095,low,0.3529,12,1.0,False,NOERROR,0,,0,3,False,False,0,,,,,,,False,,,True,,malicious,spamhaus_dbl
almanbront.media,2026-07-22,16,2.9219280948873623,0.0,0,0.42857142857142855,-6.739258823529412,low,0.7059,3,0.8,True,NOERROR,2,300,0,2,False,False,2,13335,US,False,,,,,0,False,False,,benign,no_adverse_signal
goldlegendpartners.study,2026-07-22,24,3.350209029099897,0.0,0,0.38461538461538464,-6.829630303030303,low,0.5333,3,0.6111111111111112,True,NOERROR,2,300,0,2,False,False,2,13335,US,False,Dynadot Inc,2,365,True,0,False,False,,benign,no_adverse_signal
cgns95.click,2026-07-22,12,2.584962500721156,0.16666666666666666,0,0.0,-10.2394,medium,0.4615,4,1.0,False,NXDOMAIN,0,,0,0,False,False,0,,,,Global Domain Group LLC,2,365,False,,,False,,benign,no_adverse_signal
w2865vv1.xyz,2026-07-22,12,2.75,0.4166666666666667,0,0.0,-11.720523076923078,high,0.3333,2,0.875,False,NOERROR,0,,0,2,False,False,0,,,,"GoDaddy.com, LLC",2,365,False,,,False,,benign,no_adverse_signal
cpc3.tech,2026-07-22,9,1.5,0.1111111111111111,0,0.0,-9.7851,low,0.6,3,0.75,True,NOERROR,2,300,0,2,False,False,2,13335,US,False,Dynadot Inc,2,365,False,0,False,False,,benign,no_adverse_signal
wapideu.pro,2026-07-22,11,2.807354922057604,0.0,0,1.3333333333333333,-6.981318181818182,low,0.6667,1,1.0,True,NOERROR,2,300,0,2,False,False,2,13335,US,False,,,,,0,False,False,,benign,no_adverse_signal
mosaiko.app,2026-07-22,11,2.5216406363433186,0.0,0,1.3333333333333333,-7.246863636363637,low,0.5455,1,0.8571428571428571,True,NOERROR,1,14000,0,2,False,False,0,47583,DE,True,,,,False,0,False,False,,benign,no_adverse_signal
gndgdu31.xyz,2026-07-22,12,2.5,0.16666666666666666,0,0.2,-9.868207692307692,high,0.5455,5,0.75,True,NOERROR,2,59,0,4,False,False,0,,US,False,Porkbun LLC,379,730,False,0,False,False,,benign,no_adverse_signal
bsm.energy,2026-07-22,10,1.584962500721156,0.0,0,0.0,-8.389633333333334,low,0.6667,3,1.0,True,NOERROR,2,3600,1,2,True,False,0,16509,US,True,,,,,26,False,False,,benign,no_adverse_signal
elvdenimdenim.shop,2026-07-22,18,2.7192945256669794,0.0,0,0.625,-7.491421739130434,low,0.5263,3,0.5384615384615384,True,NOERROR,1,300,0,2,False,False,0,,GE,False,,,,False,0,False,False,,benign,no_adverse_signal
pedernales.shop,2026-07-22,15,2.8464393446710154,0.0,0,0.6666666666666666,-6.228123529411765,low,0.5882,2,0.8,False,NOERROR,0,,2,2,True,False,0,,,,,,,False,,,False,False,benign,no_adverse_signal
n0ksh.xyz,2026-07-22,9,2.321928094887362,0.1111111111111111,0,0.0,-10.693185714285715,high,0.5,3,1.0,True,NOERROR,2,300,0,2,False,False,2,13335,US,False,"NameSilo, LLC",2,365,True,0,False,False,,benign,no_adverse_signal
texerxvlna.xyz,2026-07-22,14,2.9219280948873623,0.0,0,0.42857142857142855,-9.086123529411765,high,0.5556,5,0.8,True,NOERROR,2,300,0,2,False,False,2,13335,US,False,"Chengdu west dimension digital technology Co., LTD",2,365,True,0,False,False,,benign,no_adverse_signal
awhiskin.xyz,2026-07-22,12,2.75,0.0,0,0.6,-7.430761538461539,high,0.5455,2,0.875,True,NOERROR,2,300,0,2,True,False,2,13335,US,False,"Cloudflare, Inc.",2,365,True,0,False,False,,benign,no_adverse_signal
lescotonsderomanestore.shop,2026-07-22,27,3.243300368538957,0.0,0,0.6923076923076923,-6.141107317073171,low,0.4737,3,0.5,True,NOERROR,1,300,0,2,False,False,0,199242,GE,False,,,,False,0,False,False,,benign,no_adverse_signal
fvz10.top,2026-07-22,9,2.321928094887362,0.2222222222222222,0,0.0,-12.305214285714285,high,0.4444,3,1.0,True,NOERROR,3,10,0,0,False,True,0,152194,SG,False,GoDaddy.com,2,365,True,0,True,True,,malicious,spamhaus_zen
e28vn.tech,2026-07-22,10,2.321928094887362,0.2,0,0.5,-11.270757142857141,low,0.4444,2,1.0,True,NOERROR,2,300,0,2,False,False,2,13335,US,False,Dynadot Inc,2,365,False,0,False,False,,benign,no_adverse_signal
amanride.africa,2026-07-22,15,2.75,0.0,0,1.0,-6.583615384615385,low,0.7368,2,0.875,True,NOERROR,1,300,5,2,True,False,0,24940,DE,True,NAMECHEAP INC,1,365,True,0,False,False,False,benign,no_adverse_signal
fx88.tech,2026-07-22,9,1.5,0.2222222222222222,0,0.0,-11.13662,low,0.5714,2,0.75,True,NOERROR,2,300,0,2,False,False,2,13335,US,False,Dynadot Inc,2,365,False,0,False,False,,benign,no_adverse_signal
btakp.top,2026-07-22,9,2.321928094887362,0.0,0,0.25,-8.354757142857142,high,0.6154,2,1.0,True,NOERROR,1,1800,0,2,False,False,0,58658,US,False,"Spaceship, Inc.",2,365,True,0,False,False,,benign,no_adverse_signal
gridlawai.net,2026-07-22,13,2.725480556997868,0.0,0,0.8,-7.344433333333333,low,0.5333,2,0.7777777777777778,True,NOERROR,2,600,0,2,False,False,0,16509,US,True,"GoDaddy.com, LLC",3,365,False,33,False,False,,benign,no_adverse_signal
20xks.top,2026-07-22,9,2.321928094887362,0.2222222222222222,0,0.0,-11.8503,high,0.4444,3,1.0,True,NOERROR,3,10,0,0,False,True,0,152194,SG,False,GoDaddy.com,2,365,True,0,True,True,,malicious,spamhaus_zen
d6ckcnho.top,2026-07-22,12,2.75,0.08333333333333333,0,0.16666666666666666,-9.693569230769231,high,0.5556,5,0.875,True,NOERROR,3,60,0,2,False,True,0,138995,US,False,Dominet (HK) Limited,2,365,True,0,True,True,,malicious,spamhaus_zen
afrasi.net,2026-07-22,10,2.2516291673878226,0.0,0,1.0,-6.675622222222223,low,0.5714,2,0.8333333333333334,True,NOERROR,1,3600,2,3,True,False,0,28855,FR,False,"COREhub, S.R.L.",1107,1461,False,0,False,False,False,benign,no_adverse_signal
hmzkalic.xyz,2026-07-22,12,3.0,0.0,0,0.3333333333333333,-8.456923076923077,high,0.625,4,1.0,True,NOERROR,2,47,0,4,False,False,0,,US,False,Porkbun LLC,379,730,False,0,False,False,,benign,no_adverse_signal
simas.shop,2026-07-22,10,1.9219280948873623,0.0,0,0.6666666666666666,-6.223942857142857,low,0.6667,1,0.8,True,NOERROR,2,3600,1,2,True,False,0,16509,US,True,,,,False,54,False,False,,malicious,abuseipdb
xa2jd.top,2026-07-22,9,2.321928094887362,0.1111111111111111,0,0.3333333333333333,-12.264842857142858,high,0.5,2,1.0,True,NOERROR,1,1,0,2,False,False,0,54801,US,False,July Name Limited,2,365,True,0,False,True,,malicious,spamhaus_dbl
j129h.vip,2026-07-22,9,2.321928094887362,0.3333333333333333,0,0.0,-11.168971428571428,low,0.25,1,1.0,False,timeout,0,,0,0,False,False,0,,,,NameMart Pte. Ltd.,2,365,True,,,True,,malicious,spamhaus_dbl
frunvex.shop,2026-07-22,12,2.807354922057604,0.0,0,0.4,-7.750336363636364,low,0.6,2,1.0,True,NOERROR,2,300,3,2,True,False,2,13335,US,False,,,,False,0,False,False,False,benign,no_adverse_signal
188888928.xyz,2026-07-22,13,1.4466166676282082,0.6923076923076923,0,0.0,-9.259246666666666,high,0.1667,0,0.4444444444444444,False,NOERROR,0,,0,4,False,False,0,,,,"Name.com, Inc.",2,365,True,,,False,,benign,no_adverse_signal
windd8.tech,2026-07-22,11,2.251629167387823,0.09090909090909091,0,0.25,-7.922922222222222,low,0.6667,3,0.8333333333333334,True,NOERROR,2,300,0,2,False,False,2,13335,US,False,Dynadot Inc,2,365,False,0,False,False,,benign,no_adverse_signal
chloeelysse.art,2026-07-22,15,2.6635327548042547,0.0,0,0.5714285714285714,-7.70348947368421,low,0.5263,4,0.6363636363636364,True,NOERROR,4,14400,0,4,True,False,0,53831,US,False,Squarespace Domains II LLC,2,1096,True,15,False,False,,benign,no_adverse_signal
vmmanager.website,2026-07-22,17,2.725480556997868,0.0,0,0.5,-6.947046666666666,low,0.6087,3,0.7777777777777778,True,NOERROR,2,300,0,2,False,False,2,13335,US,False,"OVH, SAS",2,365,True,0,False,False,,benign,no_adverse_signal
暖小伟.vip,2026-07-22,7,1.584962500721156,0.0,0,0.0,-15.7755,low,0.0,3,1.0,True,NOERROR,21,60,0,2,False,True,0,8796,SC,False,Dynadot Inc,2,365,True,0,True,True,,malicious,spamhaus_zen
h2consult.net,2026-07-22,13,3.169925001442312,0.07692307692307693,0,0.3333333333333333,-7.8618733333333335,low,0.5263,2,1.0,True,NOERROR,1,600,1,2,False,False,0,47846,DE,False,IONOS SE,369,730,True,0,False,False,False,benign,no_adverse_signal
bepilotlab.pro,2026-07-22,14,2.9219280948873623,0.0,0,0.6666666666666666,-7.111717647058823,low,0.625,2,0.8,True,NOERROR,3,3603,0,3,False,False,0,63949,US,True,,,,,1,False,False,,benign,no_adverse_signal
proinvestment.tech,2026-07-22,18,3.238901256602631,0.0,0,0.4444444444444444,-6.504665217391305,low,0.5455,3,0.7692307692307693,True,NOERROR,1,7200,1,4,True,False,0,211912,US,True,"GoDaddy.com, LLC",2,365,False,0,False,False,False,benign,no_adverse_signal
everlastingbond.net,2026-07-22,19,3.640223928941852,0.0,0,0.5,-6.415425925925926,low,0.5385,3,0.8666666666666667,True,NOERROR,1,86400,0,2,False,False,0,16509,US,True,"TUCOWS.COM, CO.",372,730,True,0,False,False,,benign,no_adverse_signal
carptank.xyz,2026-07-22,12,2.75,0.0,0,0.3333333333333333,-6.956546153846154,high,0.6667,3,0.875,True,NOERROR,1,900,3,5,False,False,0,44925,IS,True,PDR Ltd. d/b/a PublicDomainRegistry.com,2,365,False,3,False,False,False,benign,no_adverse_signal
ek13ccr4.top,2026-07-22,12,2.75,0.25,0,0.25,-10.571492307692306,high,0.4615,3,0.875,False,NOERROR,0,,0,2,False,False,0,,,,Dynadot LLC,2,365,True,,,False,,benign,no_adverse_signal
globalficial.shop,2026-07-22,17,2.8553885422075336,0.0,0,0.7142857142857143,-6.8034333333333326,low,0.5455,2,0.6666666666666666,True,NOERROR,1,1800,5,2,True,False,0,22612,US,False,,,,False,0,False,False,False,benign,no_adverse_signal
mouldingsdesign.net,2026-07-22,19,3.240223928941852,0.0,0,0.5,-7.050888888888888,low,0.5,4,0.6666666666666666,False,NOERROR,0,,1,3,True,False,0,,,,Key-Systems GmbH,2,365,True,,,False,False,benign,no_adverse_signal
garuda88.llc,2026-07-22,12,2.5,0.16666666666666666,0,1.0,-7.998192307692308,low,0.5263,1,0.75,True,NOERROR,1,1800,5,2,True,False,0,22612,US,False,,,,,0,False,False,False,benign,no_adverse_signal
prestagestion.app,2026-07-22,17,3.238901256602631,0.0,0,0.625,-5.832026086956521,low,0.6667,2,0.7692307692307693,True,NOERROR,1,300,0,4,False,False,0,13335,DE,True,,,,False,48,False,False,,benign,no_adverse_signal
scoredosts.xyz,2026-07-22,14,2.6464393446710153,0.0,0,0.42857142857142855,-6.241011764705882,high,0.5882,3,0.7,True,NOERROR,1,1800,5,2,True,False,0,22612,US,False,NAMECHEAP INC,2,365,True,0,False,False,False,benign,no_adverse_signal
peri0560xyz.xyz,2026-07-22,15,3.277613436819116,0.26666666666666666,0,0.4,-10.271468421052631,high,0.4444,3,0.9090909090909091,True,NOERROR,2,46,0,4,False,False,0,,US,False,Porkbun LLC,379,730,False,0,False,False,,benign,no_adverse_signal
vesselgolfpremium.shop,2026-07-22,22,3.454822399946607,0.0,0,0.5454545454545454,-7.365067741935484,low,0.4,4,0.7058823529411765,True,NOERROR,1,300,0,2,False,False,0,199242,GE,True,,,,False,0,False,False,,benign,no_adverse_signal
locas20.xyz,2026-07-22,11,2.807354922057604,0.18181818181818182,0,0.6666666666666666,-7.479481818181818,high,0.5714,1,1.0,True,NOERROR,2,38,0,4,False,False,0,,US,False,Porkbun LLC,379,730,False,0,False,False,,benign,no_adverse_signal
1xbet-goaj.top,2026-07-22,14,3.321928094887362,0.07142857142857142,1,0.6,-8.341311764705882,high,0.4,2,1.0,True,NOERROR,2,60,0,2,False,False,2,13335,US,False,"NameSilo, LLC",2,365,True,0,False,False,,benign,no_adverse_signal
m7e5mxx6.vip,2026-07-22,12,2.5,0.25,0,0.25,-12.1818,low,0.4286,3,0.75,False,NOERROR,0,,0,2,False,False,0,,,,Dynadot Inc,2,365,True,,,True,,malicious,spamhaus_dbl
83562143.top,2026-07-22,12,2.75,0.6666666666666666,0,0.0,-11.250861538461539,high,0.3636,0,0.875,False,NOERROR,0,,0,2,False,False,0,,,,Dynadot LLC,2,365,True,,,False,,benign,no_adverse_signal
qurenova.pro,2026-07-22,12,3.0,0.0,0,1.0,-6.892484615384616,low,0.6154,1,1.0,True,NOERROR,2,300,0,2,False,False,2,13335,US,False,,,,,0,False,False,,benign,no_adverse_signal
premierequinepro.shop,2026-07-22,21,2.952819531114783,0.0,0,1.0,-6.814137931034482,low,0.4615,2,0.5625,True,NOERROR,1,300,0,2,False,False,0,,GE,False,,,,False,0,False,False,,benign,no_adverse_signal
06z9.buzz,2026-07-22,9,2.0,0.3333333333333333,0,0.0,-12.89904,high,0.2857,1,1.0,True,NOERROR,2,300,0,2,False,False,2,13335,US,False,"Spaceship, Inc.",1,365,False,0,False,False,,benign,no_adverse_signal
nodeware.net,2026-07-22,12,2.75,0.0,0,1.0,-6.627807692307693,low,0.6154,1,0.875,True,NOERROR,2,3600,1,2,True,False,0,16509,US,True,"GoDaddy.com, LLC",2,731,False,22,False,False,False,benign,no_adverse_signal
eventdistrict.xyz,2026-07-22,17,3.0269868333592873,0.0,0,0.4444444444444444,-6.482939130434782,high,0.6957,3,0.6923076923076923,True,NOERROR,2,300,5,2,True,False,2,13335,US,False,NAMECHEAP INC,2,365,True,0,False,False,False,benign,no_adverse_signal
bobona.app,2026-07-22,10,1.9182958340544893,0.0,0,1.0,-6.79,low,0.6154,1,0.6666666666666666,True,NOERROR,2,300,0,2,False,False,2,13335,US,False,,,,False,0,False,False,,benign,no_adverse_signal
eyeconsultants.click,2026-07-22,20,3.2359263506290334,0.0,0,0.5555555555555556,-6.730424,medium,0.5161,3,0.7142857142857143,True,NOERROR,1,14400,3,2,True,False,0,215365,DE,True,NAMECHEAP INC,2,365,True,0,False,False,False,benign,no_adverse_signal
morallymusicalstud.today,2026-07-22,24,3.4613201402110083,0.0,0,0.5,-6.744712121212121,low,0.4828,4,0.6666666666666666,True,NOERROR,2,300,0,2,False,False,2,13335,US,False,,,,,0,False,False,,benign,no_adverse_signal
plusoneph.xyz,2026-07-22,13,2.94770277922009,0.0,0,0.5,-6.765626666666666,high,0.5,2,0.8888888888888888,True,NOERROR,1,300,0,2,False,False,0,16509,US,False,"HOSTINGER operations, UAB",2,365,False,0,False,False,,benign,no_adverse_signal
esenyurtbayen.xyz,2026-07-22,17,3.0269868333592873,0.0,0,0.625,-7.319513043478262,high,0.5217,3,0.6923076923076923,True,NOERROR,2,300,0,2,False,False,2,13335,US,False,Dynadot Inc,2,365,False,0,False,False,,benign,no_adverse_signal
rizecayev.pro,2026-07-22,13,2.94770277922009,0.0,0,0.8,-7.827046666666666,low,0.4762,1,0.8888888888888888,True,NOERROR,2,300,0,2,False,False,2,13335,US,False,,,,,0,False,False,,benign,no_adverse_signal
sirsux.shop,2026-07-22,11,2.2516291673878226,0.0,0,0.5,-8.03791111111111,low,0.5455,2,0.8333333333333334,True,NOERROR,2,300,3,2,True,False,2,13335,US,False,,,,False,0,False,False,False,benign,no_adverse_signal
bsideslv.net,2026-07-22,12,2.75,0.0,0,0.3333333333333333,-7.589992307692308,low,0.625,3,0.875,False,NOERROR,0,,0,2,False,False,0,,,,Gandi SAS,4762,5479,True,,,False,,benign,no_adverse_signal
q31hm.top,2026-07-22,9,2.321928094887362,0.2222222222222222,0,0.0,-12.502457142857143,high,0.3077,2,1.0,True,NOERROR,3,10,0,0,False,True,0,133199,HK,False,GoDaddy.com,2,365,True,0,False,False,,benign,no_adverse_signal
keshis.app,2026-07-22,10,2.2516291673878226,0.0,0,0.5,-6.636666666666667,low,0.5455,2,0.8333333333333334,True,NOERROR,2,48,0,4,False,False,0,,US,False,,,,False,0,False,False,,benign,no_adverse_signal
dischidurevolirecords.net,2026-07-22,25,3.3320953986601696,0.0,0,0.6153846153846154,-6.785794871794872,low,0.5,3,0.5238095238095238,True,NOERROR,1,86400,0,2,False,False,0,16509,US,True,"TUCOWS.COM, CO.",372,730,True,0,False,False,,benign,no_adverse_signal
21dpg.top,2026-07-22,9,2.321928094887362,0.2222222222222222,0,0.0,-10.743585714285715,high,0.4444,3,1.0,False,NOERROR,0,,0,2,False,False,0,,,,Dynadot LLC,2,365,True,,,False,,benign,no_adverse_signal
kingkong88.website,2026-07-22,18,2.5219280948873624,0.1111111111111111,0,0.3333333333333333,-7.622229411764706,low,0.4706,3,0.6,True,NOERROR,1,3600,1,2,True,False,0,138915,SG,False,"NameSilo, LLC",2,365,True,0,True,True,,malicious,spamhaus_zen
gg2u.tech,2026-07-22,9,1.5,0.1111111111111111,0,0.5,-11.90458,low,0.5714,2,0.75,True,NOERROR,2,300,0,2,False,False,2,13335,US,False,Dynadot Inc,2,365,False,0,False,False,,benign,no_adverse_signal
sq0zq.shop,2026-07-22,10,1.9219280948873623,0.1,0,0.0,-12.716642857142858,low,0.4,2,0.8,True,NOERROR,1,600,0,2,False,False,0,399077,SG,False,,,,False,0,True,False,,malicious,spamhaus_zen
yjfaff538.vip,2026-07-22,13,2.6416041678685933,0.23076923076923078,0,0.2,-10.449819999999999,low,0.3333,3,0.7777777777777778,True,NOERROR,13,10,0,2,False,True,0,64013,HK,False,Dynadot Inc,2,365,True,15,False,True,,malicious,spamhaus_dbl
577597.vip,2026-07-22,10,1.4591479170272448,0.6,0,0.0,-10.932511111111111,low,0.3636,0,0.5,True,NOERROR,3,600,0,2,False,True,0,400619,SC,False,Dynadot Inc,2,365,True,0,True,False,,malicious,spamhaus_zen
azimutpade.lat,2026-07-22,14,3.121928094887362,0.0,0,1.0,-7.556188235294117,low,0.5556,2,0.9,True,NOERROR,2,22,0,4,False,False,0,,US,False,Porkbun LLC,379,730,False,0,False,False,,benign,no_adverse_signal
bidetattachments.click,2026-07-22,22,3.25,0.0,0,0.45454545454545453,-6.591431034482759,medium,0.5385,3,0.6875,True,NOERROR,2,300,0,2,False,False,2,13335,US,False,"Dynadot, LLC",2,365,False,0,False,False,,benign,no_adverse_signal
kavbet.website,2026-07-22,14,2.584962500721156,0.0,0,0.5,-8.18688888888889,low,0.5714,2,1.0,True,NOERROR,2,300,0,2,False,False,2,13335,US,False,"Sav.com, LLC",2,365,False,0,False,False,,benign,no_adverse_signal
g88vin.tech,2026-07-22,11,2.2516291673878226,0.18181818181818182,0,0.3333333333333333,-9.06728888888889,low,0.5455,1,0.8333333333333334,True,NOERROR,2,300,0,2,False,False,2,13335,US,False,Dynadot Inc,2,365,False,0,False,False,,benign,no_adverse_signal
northley.shop,2026-07-22,13,3.0,0.0,0,0.3333333333333333,-7.039538461538461,low,0.5714,4,1.0,True,NOERROR,2,300,0,2,False,False,2,13335,US,False,,,,False,0,False,False,,benign,no_adverse_signal
n50nso.top,2026-07-22,10,2.2516291673878226,0.2,0,0.3333333333333333,-10.642122222222222,high,0.5,2,0.8333333333333334,False,NOERROR,0,,0,2,False,False,0,,,,"Todaynic.com, Inc.",2,365,True,,,False,,benign,no_adverse_signal
basforum.app,2026-07-22,12,3.0,0.0,0,0.6,-7.057823076923077,low,0.6154,2,1.0,True,NOERROR,2,1800,0,2,False,False,0,16509,US,False,,,,False,0,False,False,,benign,no_adverse_signal
umr0tnsu.top,2026-07-22,12,2.75,0.08333333333333333,0,0.4,-10.132115384615386,high,0.5455,3,0.875,True,NOERROR,3,60,0,2,False,True,0,138995,US,False,Dominet (HK) Limited,2,365,True,0,True,True,,malicious,spamhaus_zen
yhevevolucom1.top,2026-07-22,17,3.238901256602631,0.058823529411764705,0,0.7142857142857143,-7.688973913043478,high,0.4444,2,0.7692307692307693,False,NOERROR,0,,0,2,False,False,0,,,,Dynadot LLC,2,365,True,,,False,,benign,no_adverse_signal
trolkley.shop,2026-07-22,13,2.75,0.0,0,0.3333333333333333,-7.581646153846153,low,0.5,3,0.875,True,NOERROR,1,1800,0,2,False,False,0,132203,US,False,,,,False,0,True,False,,malicious,spamhaus_zen
113527.top,2026-07-22,10,2.2516291673878226,0.6,0,0.0,-10.356433333333333,high,0.4444,0,0.8333333333333334,False,timeout,0,,0,0,False,False,0,,,,Web Commerce Communications Ltd,17,365,True,,,True,,malicious,spamhaus_dbl
bpakh.top,2026-07-22,9,2.321928094887362,0.0,0,0.25,-8.495742857142856,high,0.5455,2,1.0,True,NOERROR,1,1800,0,2,False,False,0,58658,US,False,"Spaceship, Inc.",2,365,True,0,False,False,,benign,no_adverse_signal
repama.shop,2026-07-22,11,2.251629167387823,0.0,0,1.0,-6.479833333333334,low,0.5333,1,0.8333333333333334,False,NOERROR,0,,2,2,True,False,0,,,,,,,False,,,False,False,benign,no_adverse_signal
thekairyu.shop,2026-07-22,14,3.169925001442312,0.0,0,0.8,-7.469573333333333,low,0.5333,2,1.0,True,NOERROR,1,300,0,2,False,False,0,199242,US,False,,,,False,0,False,False,,benign,no_adverse_signal
cevtbyzh.shop,2026-07-22,13,3.0,0.0,0,0.14285714285714285,-9.673353846153846,low,0.5,6,1.0,True,NOERROR,2,300,0,2,False,False,2,13335,US,False,,,,False,0,False,False,,benign,no_adverse_signal
dewi800.net,2026-07-22,11,2.521640636343318,0.2727272727272727,0,1.0,-9.463581818181819,low,0.4615,1,0.8571428571428571,True,NOERROR,1,300,0,2,False,False,0,206834,DE,False,Dynadot Inc,3,365,False,22,False,False,,benign,no_adverse_signal
waterboiz.shop,2026-07-22,14,3.169925001442312,0.0,0,0.8,-7.072033333333334,low,0.625,2,1.0,True,NOERROR,1,86400,0,2,False,False,0,16509,US,True,,,,False,0,False,False,,benign,no_adverse_signal
83562104.top,2026-07-22,12,3.0,0.6666666666666666,0,0.0,-11.121430769230768,high,0.5455,0,1.0,False,NOERROR,0,,0,2,False,False,0,,,,Dynadot LLC,2,365,True,,,False,,benign,no_adverse_signal
sfyhuaguangll.top,2026-07-22,17,3.085055102756477,0.0,0,0.4444444444444444,-8.09646956521739,high,0.4762,4,0.6923076923076923,False,NOERROR,0,,2,2,False,False,0,,,,XinNet Technology Corporation,2,365,True,,,False,True,benign,no_adverse_signal
12nk88.tech,2026-07-22,11,2.2516291673878226,0.36363636363636365,0,0.0,-11.0829,low,0.4,2,0.8333333333333334,True,NOERROR,2,300,0,2,False,False,2,13335,US,False,Dynadot Inc,2,365,False,0,False,False,,benign,no_adverse_signal
instal-app.xyz,2026-07-22,14,2.9219280948873623,0.0,1,0.5,-6.541717647058824,high,0.6316,3,0.8,True,NOERROR,2,300,0,2,False,False,2,13335,US,False,Global Domain Group LLC,2,365,False,0,False,False,,benign,no_adverse_signal
kassiopea.pro,2026-07-22,13,2.725480556997868,0.0,0,1.25,-6.817926666666667,low,0.5714,2,0.7777777777777778,True,NOERROR,2,300,1,2,False,False,0,48287,RU,False,,,,,0,False,False,False,benign,no_adverse_signal
cratosroyalbet1.click,2026-07-22,21,3.3735572622751846,0.047619047619047616,0,0.5555555555555556,-7.276944444444444,medium,0.5,2,0.7333333333333333,False,NOERROR,0,,0,2,False,False,0,,,,NAMECHEAP,2,365,False,,,False,,benign,no_adverse_signal
adbm.live,2026-07-22,9,2.0,0.0,0,0.3333333333333333,-8.57962,low,0.6667,3,1.0,True,NOERROR,1,300,0,2,False,False,0,19318,US,True,,,,False,0,False,True,,malicious,spamhaus_dbl
grandgamer.net,2026-07-22,14,2.721928094887362,0.0,0,0.42857142857142855,-6.293070588235294,low,0.5714,3,0.7,True,NOERROR,2,300,0,2,False,False,0,16509,US,True,"Spaceship, Inc.",3,365,False,0,False,False,,benign,no_adverse_signal
u73hm.top,2026-07-22,9,2.321928094887362,0.2222222222222222,0,0.5,-12.4567,high,0.3636,2,1.0,True,NOERROR,3,10,0,0,False,True,0,54801,SC,False,GoDaddy.com,2,365,True,0,False,False,,benign,no_adverse_signal
facetofacegamesdirect.shop,2026-07-22,26,3.3680424225727146,0.0,0,0.75,-6.741730769230769,low,0.4706,2,0.5714285714285714,True,NOERROR,1,300,0,2,False,False,0,199242,US,False,,,,False,0,False,False,,benign,no_adverse_signal
tj77.vin,2026-07-22,8,1.5,0.25,0,0.0,-11.38208,low,0.4444,2,0.75,True,NOERROR,2,300,0,2,False,False,2,13335,US,False,,,,,0,False,False,,benign,no_adverse_signal
pt8ifqcz.top,2026-07-22,12,3.0,0.08333333333333333,0,0.16666666666666666,-12.072323076923077,high,0.5333,4,1.0,True,NOERROR,3,60,0,2,False,True,0,138995,US,False,Dominet (HK) Limited,2,365,True,0,True,True,,malicious,spamhaus_zen
bigwin69.live,2026-07-22,13,2.75,0.15384615384615385,0,0.5,-8.576838461538461,low,0.5333,2,0.875,True,NOERROR,1,1686,1,2,True,False,0,133618,AU,True,,,,False,0,False,False,False,benign,no_adverse_signal
frescsting.bond,2026-07-22,15,3.121928094887362,0.0,0,0.25,-6.361558823529412,low,0.5217,4,0.9,True,NOERROR,2,300,0,2,False,False,2,13335,US,False,NAMECHEAP INC,2,365,True,0,False,False,,benign,no_adverse_signal
hannahmartinhouse.shop,2026-07-22,22,3.248365046750904,0.0,0,0.7,-6.82608064516129,low,0.48,2,0.6470588235294118,True,NOERROR,1,300,0,2,False,False,0,,GE,False,,,,False,0,False,False,,benign,no_adverse_signal
theattic.team,2026-07-22,13,2.4056390622295662,0.0,0,0.6,-6.259884615384616,low,0.7143,2,0.75,True,NOERROR,1,300,2,4,True,False,0,397273,US,False,,,,,27,False,False,False,benign,no_adverse_signal
docu4572670.pro,2026-07-22,15,3.277613436819116,0.4666666666666667,0,1.0,-10.948873684210527,low,0.375,1,0.9090909090909091,False,NXDOMAIN,0,,0,0,False,False,0,,,,,,,,,,False,,benign,no_adverse_signal
udinecomputer.net,2026-07-22,17,3.3927474104487847,0.0,0,0.8571428571428571,-6.357104347826088,low,0.5385,2,0.8461538461538461,True,NOERROR,1,3600,1,4,False,False,0,31034,IT,True,"TUCOWS.COM, CO.",3,365,True,0,False,False,False,benign,no_adverse_signal
c88m.tech,2026-07-22,9,1.5,0.2222222222222222,0,0.0,-10.23998,low,0.4,1,0.75,True,NOERROR,2,300,0,2,False,False,2,13335,US,False,Dynadot Inc,2,365,False,0,False,False,,benign,no_adverse_signal
blocksol.vip,2026-07-22,12,2.5,0.0,0,0.3333333333333333,-6.818038461538462,low,0.625,3,0.75,True,NOERROR,2,300,0,2,False,False,2,13335,US,False,"Spaceship, Inc.",2,365,True,0,False,False,,benign,no_adverse_signal
4ryr.shop,2026-07-22,9,1.5,0.1111111111111111,0,0.0,-10.43566,low,0.4,3,0.75,True,NOERROR,6,60,0,2,False,True,0,8075,KR,False,,,,False,0,True,True,,malicious,spamhaus_zen
verninenova.cfd,2026-07-22,15,2.663532754804255,0.0,0,0.8333333333333334,-6.376257894736842,low,0.4762,2,0.6363636363636364,True,NOERROR,2,300,0,2,False,False,2,13335,US,False,"Spaceship, Inc.",2,365,False,0,False,False,,benign,no_adverse_signal
getexploring.live,2026-07-22,17,3.2516291673878226,0.0,0,0.5,-6.440423809523809,low,0.5263,3,0.8333333333333334,True,NOERROR,1,86400,0,2,False,False,0,16509,US,True,,,,False,0,False,False,,benign,no_adverse_signal
jomcuwjz.shop,2026-07-22,13,2.75,0.0,0,0.3333333333333333,-10.128284615384615,low,0.4286,3,0.875,True,NOERROR,2,300,0,2,False,False,2,13335,US,False,,,,False,0,False,False,,benign,no_adverse_signal
535m.buzz,2026-07-22,9,1.5,0.3333333333333333,0,0.0,-12.17172,high,0.2857,1,0.75,True,NOERROR,2,300,0,2,False,False,2,13335,US,False,"Spaceship, Inc.",1,365,False,0,False,False,,benign,no_adverse_signal
tolunay33.xyz,2026-07-22,13,2.9477027792200903,0.15384615384615385,0,0.75,-8.118360000000001,high,0.5,1,0.8888888888888888,True,NOERROR,2,25,0,4,False,False,0,,US,False,Porkbun LLC,379,730,False,0,False,False,,benign,no_adverse_signal
joehoodoo.art,2026-07-22,13,1.8799649487271108,0.0,0,2.0,-7.563806666666666,low,0.5,1,0.5555555555555556,True,NOERROR,2,300,0,2,False,False,2,13335,US,False,NAMECHEAP INC,2,365,True,0,False,False,,benign,no_adverse_signal
qh77.tech,2026-07-22,9,1.5,0.2222222222222222,0,0.0,-11.17862,low,0.4444,2,0.75,True,NOERROR,2,300,0,2,False,False,2,13335,US,False,Dynadot Inc,2,365,False,0,False,False,,benign,no_adverse_signal
torqueo.shop,2026-07-22,12,2.5216406363433186,0.0,0,1.3333333333333333,-7.9490454545454545,low,0.6667,2,0.8571428571428571,True,NOERROR,1,900,1,3,True,False,1,200000,UA,True,,,,False,0,False,False,False,benign,no_adverse_signal
voxels.lol,2026-07-22,10,2.584962500721156,0.0,0,0.5,-7.858833333333333,low,0.6154,2,1.0,True,NOERROR,2,300,0,2,False,False,2,13335,US,False,Porkbun LLC,1,365,False,0,False,False,,benign,no_adverse_signal
7zmd.shop,2026-07-22,9,2.0,0.1111111111111111,0,0.0,-11.4792,low,0.5,3,1.0,True,NOERROR,6,60,0,2,False,True,0,8075,KR,False,,,,False,0,True,True,,malicious,spamhaus_zen
migaki.studio,2026-07-22,13,2.2516291673878226,0.0,0,1.0,-7.4070333333333345,low,0.6667,1,0.8333333333333334,True,NOERROR,2,5,1,4,False,False,0,,US,False,,,,False,0,False,False,False,benign,no_adverse_signal
bsaxrtns.xyz,2026-07-22,12,2.75,0.0,0,0.14285714285714285,-8.706353846153846,high,0.5,5,0.875,True,NOERROR,1,1,5,2,True,True,0,215365,DE,True,NAMECHEAP INC,2,365,True,0,False,False,False,benign,no_adverse_signal
profit-urf.xyz,2026-07-22,14,2.9219280948873623,0.0,1,0.5,-7.681923529411765,high,0.5,2,0.8,True,NOERROR,2,300,0,2,False,False,2,13335,US,False,NAMECHEAP INC,2,365,True,0,False,False,,benign,no_adverse_signal
meheng999.buzz,2026-07-22,14,2.4193819456463714,0.21428571428571427,0,0.5,-8.320266666666667,high,0.4286,2,0.6666666666666666,True,NOERROR,2,300,0,2,False,False,2,13335,US,False,"Spaceship, Inc.",2,365,False,0,False,False,,benign,no_adverse_signal
millbankhardware.shop,2026-07-22,21,3.452819531114783,0.0,0,0.45454545454545453,-7.031058620689655,low,0.48,3,0.75,True,NOERROR,2,600,0,2,False,False,0,16509,US,True,,,,False,33,False,False,,benign,no_adverse_signal
lql5px.top,2026-07-22,10,2.2516291673878226,0.1,0,0.0,-12.337711111111112,high,0.4,3,0.8333333333333334,False,NOERROR,0,,0,2,False,False,0,,,,"Todaynic.com, Inc.",2,365,True,,,True,,malicious,spamhaus_dbl
misgucionc.center,2026-07-22,17,2.9219280948873623,0.0,0,0.6666666666666666,-7.442894117647059,low,0.5714,2,0.8,True,NOERROR,2,300,0,2,False,False,2,13335,US,False,,,,,0,False,False,,benign,no_adverse_signal
jpod4572683.pro,2026-07-22,15,3.459431618637298,0.4666666666666667,0,0.3333333333333333,-10.644831578947368,low,0.3529,2,1.0,False,NXDOMAIN,0,,0,0,False,False,0,,,,,,,,,,False,,benign,no_adverse_signal
verghinflu.cfd,2026-07-22,14,3.321928094887362,0.0,0,0.42857142857142855,-7.168305882352941,low,0.5882,3,1.0,True,NOERROR,2,300,0,2,False,False,2,13335,US,False,NAMECHEAP INC,2,365,True,0,False,False,,benign,no_adverse_signal
womenhealthtoday.shop,2026-07-22,21,3.375,0.0,0,0.6,-6.980410344827587,low,0.5455,4,0.6875,True,NOERROR,2,60,0,2,False,False,2,47583,DE,False,,,,False,0,False,False,,benign,no_adverse_signal
nscaura.shop,2026-07-22,12,2.521640636343318,0.0,0,0.75,-6.857609090909091,low,0.625,3,0.8571428571428571,True,NOERROR,1,300,0,2,False,False,0,,GE,False,,,,False,0,True,True,,malicious,spamhaus_zen
dahonglaya.farm,2026-07-22,15,2.8464393446710154,0.0,0,0.6666666666666666,-6.917335294117647,low,0.5,3,0.8,True,NOERROR,1,1800,5,2,True,False,0,22612,US,False,,,,,0,False,False,False,benign,no_adverse_signal
hotbjelume.today,2026-07-22,16,3.121928094887362,0.0,0,0.6666666666666666,-8.076882352941176,low,0.4706,3,0.9,True,NOERROR,5,600,0,2,False,False,0,24940,DE,True,,,,,0,False,False,,benign,no_adverse_signal
tzsc1adyal.lol,2026-07-22,14,3.121928094887362,0.07142857142857142,0,0.2857142857142857,-9.199082352941176,low,0.5,4,0.9,False,NOERROR,0,,0,2,False,False,0,,,,Dynadot Inc,2,365,False,,,False,,benign,no_adverse_signal
r8lzl8s.garden,2026-07-22,14,2.2359263506290326,0.14285714285714285,0,0.0,-12.377545454545453,low,0.4286,3,0.7142857142857143,True,NOERROR,5,30,0,2,False,False,0,138415,HK,False,Dynadot Inc,2,365,True,0,False,False,,benign,no_adverse_signal
16ananalysisu.xyz,2026-07-22,17,3.0269868333592873,0.11764705882352941,0,0.8333333333333334,-7.6050260869565225,high,0.5143,3,0.6923076923076923,False,NOERROR,0,,0,2,False,False,0,,,,"GoDaddy.com, LLC",2,365,False,,,False,,benign,no_adverse_signal
thevow.shop,2026-07-22,11,2.584962500721156,0.0,0,0.5,-7.569611111111111,low,0.5455,2,1.0,False,NOERROR,0,,2,2,True,False,0,,,,,,,False,,,False,False,benign,no_adverse_signal
sawer55.click,2026-07-22,13,2.521640636343318,0.15384615384615385,0,0.6666666666666666,-8.581381818181818,medium,0.5263,1,0.8571428571428571,True,NOERROR,2,300,0,2,False,False,2,13335,US,False,"Dynadot, LLC",2,365,False,0,False,False,,benign,no_adverse_signal
688888957.xyz,2026-07-22,13,1.8799649487271108,0.6923076923076923,0,0.0,-9.69394,high,0.2222,0,0.5555555555555556,False,NOERROR,0,,0,4,False,False,0,,,,"Name.com, Inc.",2,365,True,,,False,,benign,no_adverse_signal
winxinshop.top,2026-07-22,14,2.9219280948873623,0.0,0,0.42857142857142855,-6.9722470588235295,high,0.5,3,0.8,False,NOERROR,0,,0,2,False,False,0,,,,Alibaba Cloud Computing Ltd. d/b/a HiChina (www.net.cn),3,1096,True,,,False,,benign,no_adverse_signal
voterus.live,2026-07-22,12,2.807354922057604,0.0,0,0.75,-6.560172727272728,low,0.6154,1,1.0,True,NOERROR,1,60,0,2,False,False,0,200823,SC,False,,,,False,0,False,False,,benign,no_adverse_signal
91spk.net,2026-07-22,9,2.321928094887362,0.2222222222222222,0,0.0,-10.438528571428572,low,0.5,3,1.0,True,NOERROR,1,1,0,2,False,True,0,40065,US,False,"NameSilo, LLC",2,365,True,0,False,False,,benign,no_adverse_signal
cleansiimpleeatsco.shop,2026-07-22,23,3.350209029099897,0.0,0,0.8,-6.904345454545455,low,0.4828,3,0.6111111111111112,True,NOERROR,1,1800,5,2,True,False,0,13335,CA,True,,,,False,0,False,False,False,benign,no_adverse_signal
malevigorgidepro.shop,2026-07-22,21,3.375,0.0,0,0.7777777777777778,-6.909565517241379,low,0.5385,2,0.6875,True,NOERROR,2,300,0,2,False,False,2,13335,US,False,,,,False,0,False,False,,benign,no_adverse_signal
panmanoyster.cfd,2026-07-22,16,3.2516291673878226,0.0,0,0.5,-6.654928571428572,low,0.64,3,0.8333333333333334,True,NOERROR,2,300,0,2,False,False,2,13335,US,False,"Spaceship, Inc.",2,365,False,0,False,False,,benign,no_adverse_signal
5umq.shop,2026-07-22,9,2.0,0.1111111111111111,0,0.5,-11.9866,low,0.4444,2,1.0,True,NOERROR,6,60,0,2,False,True,0,8075,KR,False,,,,False,0,True,True,,malicious,spamhaus_zen
aviatorbonanza.website,2026-07-22,22,2.950212064914747,0.0,0,1.0,-6.866556,low,0.48,2,0.6428571428571429,False,NXDOMAIN,0,,0,0,False,False,0,,,,"GoDaddy.com, LLC",2,365,False,,,False,,benign,no_adverse_signal
dnzmrt.xyz,2026-07-22,10,2.584962500721156,0.0,0,0.0,-9.381177777777777,high,0.5,6,1.0,True,NOERROR,2,60,0,4,False,False,0,,US,False,Porkbun LLC,379,730,False,0,False,False,,benign,no_adverse_signal
turtlewaxshine.shop,2026-07-22,19,3.521640636343319,0.0,0,0.5555555555555556,-7.292268,low,0.5217,3,0.8571428571428571,True,NOERROR,1,300,0,2,False,False,0,199242,GE,True,,,,False,0,False,False,,benign,no_adverse_signal
9ldbmk8.top,2026-07-22,11,2.807354922057604,0.18181818181818182,0,0.0,-10.75980909090909,high,0.4,5,1.0,False,NOERROR,0,,0,2,False,False,0,,,,"Todaynic.com, Inc.",2,365,True,,,False,,benign,no_adverse_signal
id1v2.top,2026-07-22,9,2.321928094887362,0.2222222222222222,0,0.5,-11.4709,high,0.5,1,1.0,True,NOERROR,2,300,0,2,False,False,2,13335,US,False,GoDaddy.com,2,365,True,0,False,False,,benign,no_adverse_signal
a1h07ehbkf18cy.top,2026-07-22,18,3.521640636343319,0.2777777777777778,0,0.2857142857142857,-11.746384,high,0.3636,4,0.8571428571428571,True,NOERROR,3,60,0,2,False,True,0,152194,CN,False,Dynadot LLC,2,365,True,0,True,True,,malicious,spamhaus_zen
465346.vip,2026-07-22,10,1.9182958340544893,0.6,0,0.0,-10.868033333333333,low,0.4444,0,0.6666666666666666,True,NOERROR,1,60,0,2,False,True,0,59371,HK,False,Dynadot Inc,2,365,True,0,False,False,,benign,no_adverse_signal
naturecorner.cfd,2026-07-22,16,2.8553885422075336,0.0,0,0.7142857142857143,-6.174252380952381,low,0.6667,2,0.6666666666666666,True,NOERROR,2,300,0,2,False,False,2,13335,US,False,"Spaceship, Inc.",2,365,False,0,False,False,,benign,no_adverse_signal
83562147.top,2026-07-22,12,3.0,0.6666666666666666,0,0.0,-11.190215384615385,high,0.3636,0,1.0,False,NOERROR,0,,0,2,False,False,0,,,,Dynadot LLC,2,365,True,,,False,,benign,no_adverse_signal
blazp.top,2026-07-22,9,2.321928094887362,0.0,0,0.25,-7.898871428571428,high,0.5,2,1.0,True,NOERROR,1,1800,0,2,False,False,0,134175,HK,False,"Spaceship, Inc.",2,365,True,0,False,False,,benign,no_adverse_signal
bj163.net,2026-07-22,9,2.321928094887362,0.3333333333333333,0,0.0,-11.103842857142856,low,0.75,2,1.0,True,NOERROR,2,30,0,2,True,False,2,14618,US,True,DropCatch.com 913 LLC,3,365,False,0,False,False,,benign,no_adverse_signal
paraconsulting.tech,2026-07-22,19,3.521640636343319,0.0,0,0.5555555555555556,-6.214152,low,0.48,2,0.8571428571428571,True,NOERROR,1,86400,0,2,False,False,0,16509,US,True,"TUCOWS.COM, CO.",371,730,True,0,False,False,,benign,no_adverse_signal
grevinomurikira.shop,2026-07-22,20,3.2729055953200556,0.0,0,0.875,-6.904896296296296,low,0.4118,2,0.7333333333333333,True,NOERROR,1,300,0,2,False,False,0,132203,US,False,,,,False,0,True,False,,malicious,spamhaus_zen
betterpoint.shop,2026-07-22,16,2.845350936622437,0.0,0,0.5714285714285714,-6.351426315789474,low,0.5714,2,0.7272727272727273,True,NOERROR,2,300,0,2,False,False,2,13335,US,False,,,,False,0,False,False,,benign,no_adverse_signal
hs1663.xyz,2026-07-22,10,2.251629167387823,0.4,0,0.0,-10.388688888888888,high,0.6667,2,0.8333333333333334,True,NOERROR,2,12,0,4,False,False,0,,US,False,Porkbun LLC,379,730,False,0,False,False,,benign,no_adverse_signal
qxyouwen2.top,2026-07-22,13,3.169925001442312,0.07692307692307693,0,0.6,-9.20002,high,0.5,3,1.0,True,NOERROR,2,300,0,2,False,False,2,13335,US,False,"NameSilo, LLC",2,365,True,0,False,False,,benign,no_adverse_signal
clientmonger.cloud,2026-07-22,18,3.2516291673878226,0.0,0,0.5,-6.45897619047619,low,0.5556,3,0.8333333333333334,True,NOERROR,1,50000,0,2,False,False,0,47583,US,True,"HOSTINGER operations, UAB",2,365,False,0,False,False,,benign,no_adverse_signal
wildforgiveness.shop,2026-07-22,20,3.5068905956085192,0.0,0,0.5,-6.918288888888889,low,0.6154,3,0.8,True,NOERROR,2,300,0,2,False,False,2,13335,US,False,,,,False,0,False,False,,benign,no_adverse_signal
mickypedia.net,2026-07-22,14,3.121928094887362,0.0,0,0.6666666666666666,-6.934458823529412,low,0.7368,4,0.9,True,NOERROR,1,150,1,2,False,False,1,6724,DE,True,InterNetX GmbH,2,365,True,0,False,False,False,benign,no_adverse_signal
nicholasshou.top,2026-07-22,16,3.084962500721156,0.0,0,0.7142857142857143,-6.486990476190476,high,0.5556,3,0.75,False,NOERROR,0,,0,2,False,False,0,,,,"DNSPod, Inc.",2,365,True,,,False,,benign,no_adverse_signal
qgqjyedi.click,2026-07-22,14,2.75,0.0,0,0.3333333333333333,-10.347592307692308,medium,0.4615,5,0.875,False,NOERROR,0,,0,2,False,False,0,,,,"Dynadot, LLC",2,365,False,,,False,,benign,no_adverse_signal
azuritepro.xyz,2026-07-22,14,3.121928094887362,0.0,0,1.0,-6.808323529411765,high,0.6667,2,0.9,True,NOERROR,2,3600,2,2,True,False,0,16509,US,True,"GoDaddy.com, LLC",2,365,False,22,False,False,True,benign,no_adverse_signal
mahjongx757jp.live,2026-07-22,18,3.3927474104487847,0.16666666666666666,0,0.25,-10.152669565217392,low,0.4762,3,0.8461538461538461,True,NOERROR,2,300,0,2,False,False,2,13335,US,False,,,,False,0,False,False,,benign,no_adverse_signal
wearoleadanyc.shop,2026-07-22,18,3.180832987205441,0.0,0,0.8571428571428571,-6.709217391304349,low,0.5714,3,0.7692307692307693,True,NOERROR,1,300,0,2,False,False,0,199242,GE,False,,,,False,0,False,False,,benign,no_adverse_signal
denozucova.shop,2026-07-22,15,3.121928094887362,0.0,0,1.0,-7.786041176470589,low,0.4286,1,0.9,False,NOERROR,0,,0,2,False,False,0,,,,,,,False,,,False,,benign,no_adverse_signal
olcaygulsenofficial.shop,2026-07-22,24,3.4713544870139286,0.0,0,0.7272727272727273,-7.390694285714286,low,0.4444,2,0.631578947368421,True,NOERROR,1,300,0,2,False,False,0,,GE,False,,,,False,0,True,False,,malicious,spamhaus_zen
massagechair.direct,2026-07-22,19,3.0220552088742,0.0,0,0.7142857142857143,-6.532585714285714,low,0.4615,2,0.75,True,NOERROR,1,300,0,2,False,False,0,206834,DE,False,,,,False,22,False,False,,benign,no_adverse_signal
umberharvestbasket.shop,2026-07-22,23,3.350209029099897,0.0,0,0.5,-6.926772727272727,low,0.5185,3,0.6111111111111112,False,SERVFAIL,0,,0,0,False,False,0,,,,,,,False,,,False,,benign,no_adverse_signal
hbzmkj.top,2026-07-22,10,2.584962500721156,0.0,0,0.0,-10.944188888888888,high,0.4444,6,1.0,False,NOERROR,0,,0,2,False,False,0,,,,Gname.com Pte. Ltd.,1,365,True,,,False,,benign,no_adverse_signal
gran-game.pro,2026-07-22,13,2.725480556997868,0.0,1,0.6,-6.730546666666667,low,0.6154,2,0.7777777777777778,True,NOERROR,2,300,0,2,False,False,2,13335,US,False,,,,,0,False,False,,benign,no_adverse_signal
neodolva.click,2026-07-22,14,2.75,0.0,0,1.0,-7.583584615384615,medium,0.5333,2,0.875,True,NOERROR,3,3603,0,3,False,False,0,63949,US,True,"NameSilo, LLC",2,365,True,9,False,False,,benign,no_adverse_signal
viasolbanca.shop,2026-07-22,16,3.027169118440619,0.0,0,0.8333333333333334,-6.836747368421053,low,0.5714,2,0.8181818181818182,True,NOERROR,1,300,0,2,True,False,0,22612,SG,True,,,,False,0,False,False,,benign,no_adverse_signal
purebeautypurebeautyselect.shop,2026-07-22,31,3.2287219294299225,0.0,0,0.8571428571428571,-7.0477122448979586,low,0.375,3,0.4230769230769231,True,NOERROR,1,300,0,2,False,False,0,206834,DE,False,,,,False,22,False,False,,benign,no_adverse_signal
conchechough.shop,2026-07-22,17,2.625814583693911,0.0,0,0.5,-6.7019,low,0.48,3,0.5833333333333334,True,NOERROR,1,300,0,2,False,False,0,58061,NL,False,,,,False,0,False,False,,benign,no_adverse_signal
promo-peatrj.shop,2026-07-22,17,3.084962500721156,0.0,1,0.5714285714285714,-7.668157142857142,low,0.5,3,0.75,True,NOERROR,1,300,0,2,False,False,0,44051,DE,True,,,,False,0,False,False,,benign,no_adverse_signal
39208.app,2026-07-22,9,2.321928094887362,0.5555555555555556,0,0.0,-10.687457142857143,low,0.5,0,1.0,True,NOERROR,2,600,0,2,False,False,0,16509,US,True,,,,False,33,False,False,,benign,no_adverse_signal
resolutions.cpa,2026-07-22,15,3.095795255000934,0.0,0,0.8333333333333334,-6.252610526315789,low,0.5556,2,0.8181818181818182,True,NOERROR,1,3600,1,2,True,False,0,14618,US,True,"EnCirca, Inc.",419,730,True,0,False,False,False,benign,no_adverse_signal
3255660.top,2026-07-22,11,2.2359263506290326,0.6363636363636364,0,0.0,-10.95030909090909,high,0.6,0,0.7142857142857143,True,NOERROR,1,300,0,2,False,False,0,401701,SC,False,Dynadot LLC,2,365,True,0,False,False,,benign,no_adverse_signal
e48587925.top,2026-07-22,13,2.725480556997868,0.6153846153846154,0,1.0,-11.609926666666667,high,0.3077,0,0.7777777777777778,False,NOERROR,0,,0,2,False,False,0,,,,Dynadot LLC,2,365,True,,,True,,malicious,spamhaus_dbl
herramientaspro.shop,2026-07-22,20,3.32323142879762,0.0,0,0.6666666666666666,-6.406814814814815,low,0.48,3,0.7333333333333333,True,NOERROR,2,300,0,2,False,False,0,13335,US,False,,,,False,0,False,False,,benign,no_adverse_signal
116zd.shop,2026-07-22,10,1.9219280948873623,0.3,0,0.0,-11.250414285714285,low,0.5,2,0.8,False,timeout,0,,0,0,False,False,0,,,,,,,False,,,False,,benign,no_adverse_signal
sdufaudhfh.shop,2026-07-22,15,2.5219280948873624,0.0,0,0.42857142857142855,-9.305882352941175,low,0.4545,4,0.6,True,NOERROR,2,600,0,2,False,False,0,16509,US,True,,,,False,33,False,False,,benign,no_adverse_signal
ydsyo.app,2026-07-22,9,1.9219280948873623,0.0,0,0.25,-8.516171428571429,low,0.5455,4,0.8,True,NOERROR,1,86400,0,2,False,False,0,16509,US,True,,,,False,0,False,False,,benign,no_adverse_signal
88cld.tech,2026-07-22,10,1.9219280948873623,0.2,0,0.0,-9.228785714285715,low,0.6,3,0.8,True,NOERROR,2,300,0,2,False,False,2,13335,US,False,Dynadot Inc,2,365,False,0,False,False,,benign,no_adverse_signal
69z8.buzz,2026-07-22,9,2.0,0.3333333333333333,0,0.0,-11.52706,high,0.2857,1,1.0,True,NOERROR,2,300,0,2,False,False,2,13335,US,False,"Spaceship, Inc.",2,365,False,0,False,False,,benign,no_adverse_signal
aphelion-rise.click,2026-07-22,19,3.3927474104487847,0.0,1,1.0,-6.99848695652174,medium,0.5263,2,0.8461538461538461,True,NOERROR,2,300,0,2,False,False,2,13335,US,False,Porkbun LLC,2,365,False,0,False,False,,benign,no_adverse_signal
fulcrux.app,2026-07-22,11,2.5216406363433186,0.0,0,0.4,-8.447354545454546,low,0.6154,3,0.8571428571428571,True,NOERROR,2,40,0,4,False,False,0,,US,False,,,,False,0,False,False,,benign,no_adverse_signal
orvly.app,2026-07-22,9,2.321928094887362,0.0,0,0.25,-8.860114285714285,low,0.5455,4,1.0,True,NOERROR,2,300,0,2,False,False,2,13335,US,False,,,,False,0,False,False,,benign,no_adverse_signal
gardenseed.website,2026-07-22,18,2.6464393446710153,0.0,0,0.6666666666666666,-6.4364,low,0.5556,2,0.7,True,NOERROR,2,38,0,4,False,False,0,,US,False,Porkbun LLC,378,730,False,0,False,False,,benign,no_adverse_signal
trekker.pro,2026-07-22,11,1.9502120649147465,0.0,0,0.4,-7.262381818181819,low,0.5714,2,0.5714285714285714,True,NOERROR,1,600,2,4,True,False,0,8359,RU,False,,,,,0,False,False,False,benign,no_adverse_signal
irthoutlet.shop,2026-07-22,15,2.8464393446710154,0.0,0,0.6666666666666666,-6.802041176470588,low,0.5,3,0.8,True,NOERROR,2,300,0,2,False,False,2,13335,US,False,,,,False,0,False,False,,benign,no_adverse_signal
playreels.video,2026-07-22,15,2.725480556997868,0.0,0,0.5,-6.876413333333333,low,0.5714,2,0.7777777777777778,True,NOERROR,2,300,0,2,False,False,2,13335,US,False,,,,,0,False,False,,benign,no_adverse_signal
bqxfb.cfd,2026-07-22,9,1.9219280948873623,0.0,0,0.0,-11.915157142857144,low,0.5,5,0.8,True,NOERROR,2,28,0,4,False,False,0,,US,False,Porkbun LLC,379,730,False,0,False,False,,benign,no_adverse_signal
lordfilmvenus.lat,2026-07-22,17,3.5465935642949384,0.0,0,0.4444444444444444,-7.516865217391304,low,0.5926,3,0.9230769230769231,True,NOERROR,1,1800,0,2,False,False,0,59729,BG,True,"Spaceship, Inc.",2,365,False,0,False,False,,benign,no_adverse_signal
amberfieldaisle.shop,2026-07-22,20,3.1898980954642875,0.0,0,0.875,-7.095114814814814,low,0.5,2,0.6666666666666666,True,NOERROR,1,86400,3,2,True,False,0,15169,US,True,,,,False,0,False,False,False,benign,no_adverse_signal
georgewade.art,2026-07-22,14,2.6464393446710153,0.0,0,1.0,-7.204676470588235,low,0.4762,2,0.7,True,NOERROR,1,50,0,2,False,False,0,47583,CY,False,"HOSTINGER operations, UAB",2,365,True,32,False,False,,benign,no_adverse_signal
fins-devground.lol,2026-07-22,18,3.521640636343319,0.0,1,0.4444444444444444,-7.115116,low,0.5,3,0.8571428571428571,True,NOERROR,2,300,0,2,False,False,2,13335,US,False,Key-Systems GmbH,2,365,True,0,False,False,,benign,no_adverse_signal
2d87l0g6581oex.top,2026-07-22,18,3.6644977792004623,0.4444444444444444,0,0.5,-12.214103999999999,high,0.3636,1,0.9285714285714286,True,NOERROR,3,60,0,2,False,True,0,152194,CN,False,Dynadot LLC,2,365,True,0,True,True,,malicious,spamhaus_zen
fayzd.shop,2026-07-22,10,2.321928094887362,0.0,0,0.25,-9.678214285714287,low,0.5455,3,1.0,True,NOERROR,1,50,0,2,False,False,0,47583,CY,False,,,,False,32,False,False,,benign,no_adverse_signal
fwind1.cfd,2026-07-22,10,2.584962500721156,0.1,0,0.25,-7.923666666666667,low,0.6154,2,1.0,True,NOERROR,2,300,2,2,True,False,2,13335,US,False,"Spaceship, Inc.",2,365,False,0,False,False,False,benign,no_adverse_signal
8vmnl1r.top,2026-07-22,11,2.807354922057604,0.18181818181818182,0,0.0,-11.642709090909092,high,0.4615,4,1.0,True,NOERROR,3,3600,1,2,True,False,0,63949,US,True,"NameSilo, LLC",366,730,True,0,False,False,True,benign,no_adverse_signal
provenance.bond,2026-07-22,15,2.9219280948873623,0.0,0,0.6666666666666666,-6.278,low,0.5882,2,0.8,True,NOERROR,1,50,0,2,False,False,0,47583,CY,False,"HOSTINGER operations, UAB",2,365,False,32,False,False,,benign,no_adverse_signal
gosparkrecruiting.live,2026-07-22,22,3.572469458770136,0.0,0,0.5454545454545454,-6.791335483870967,low,0.5714,3,0.7647058823529411,False,NOERROR,0,,1,4,True,False,0,,,,,,,False,,,False,False,benign,no_adverse_signal
9hry.shop,2026-07-22,9,2.0,0.1111111111111111,0,0.0,-10.31566,low,0.5,3,1.0,True,NOERROR,6,60,0,2,False,True,0,8075,KR,False,,,,False,0,True,True,,malicious,spamhaus_zen
keyforloader.shop,2026-07-22,17,3.084962500721156,0.0,0,0.7142857142857143,-7.037338095238095,low,0.5556,2,0.75,True,NOERROR,2,300,0,2,False,False,2,13335,US,False,,,,False,0,False,False,,benign,no_adverse_signal
ultrawatchtowertrend.click,2026-07-22,26,3.384183719779189,0.0,0,0.42857142857142855,-6.767910810810811,medium,0.5,4,0.6,True,NOERROR,2,300,0,2,False,False,2,13335,US,False,"Dynadot, LLC",2,365,False,0,False,False,,benign,no_adverse_signal
glp1daily.today,2026-07-22,15,2.94770277922009,0.06666666666666667,0,0.3333333333333333,-8.90058,low,0.5714,3,0.8888888888888888,True,NOERROR,4,60,0,4,False,False,0,16509,US,True,,,,,0,False,False,,benign,no_adverse_signal
ra790.top,2026-07-22,9,2.321928094887362,0.3333333333333333,0,1.0,-10.288971428571429,high,0.4,1,1.0,True,NOERROR,1,300,0,2,False,False,1,55547,IN,False,"Spaceship, Inc.",2,365,True,0,True,False,,malicious,spamhaus_zen
texeroxxsy.shop,2026-07-22,15,2.6464393446710153,0.0,0,0.42857142857142855,-7.842082352941177,low,0.4762,4,0.7,True,NOERROR,2,300,0,2,False,False,2,13335,US,False,,,,False,0,False,False,,benign,no_adverse_signal
nettlequillpantry.shop,2026-07-22,22,3.2927701939369904,0.0,0,0.4166666666666667,-7.043654838709677,low,0.4444,4,0.6470588235294118,True,NOERROR,1,86400,3,2,True,False,0,15169,US,True,,,,False,0,False,False,False,benign,no_adverse_signal
wexbet.top,2026-07-22,10,2.2516291673878226,0.0,0,0.5,-7.7545222222222225,high,0.7273,2,0.8333333333333334,True,NOERROR,1,600,0,2,False,False,0,,US,False,Web Commerce Communications Ltd,367,730,True,0,False,False,,benign,no_adverse_signal
powitchcode.click,2026-07-22,17,3.0957952550009344,0.0,0,0.5714285714285714,-7.1719526315789475,medium,0.5882,4,0.8181818181818182,True,NOERROR,2,300,0,2,False,False,2,13335,US,False,"Spaceship, Inc.",2,365,False,0,False,False,,benign,no_adverse_signal
f4iaerqz.top,2026-07-22,12,3.0,0.08333333333333333,0,0.75,-10.349215384615386,high,0.4615,3,1.0,True,NOERROR,3,60,0,2,False,True,0,138995,US,False,Dominet (HK) Limited,2,365,True,0,True,True,,malicious,spamhaus_zen
jessless.shop,2026-07-22,13,1.75,0.0,0,0.3333333333333333,-6.840884615384615,low,0.4762,3,0.5,True,NOERROR,2,14,0,4,False,False,0,,US,False,,,,False,0,False,False,,benign,no_adverse_signal
belgradebooking.net,2026-07-22,19,3.373557262275185,0.0,0,0.6666666666666666,-6.72172962962963,low,0.6364,3,0.7333333333333333,True,NOERROR,2,300,0,2,True,False,2,14618,US,True,DropCatch.com 1293 LLC,3,365,False,0,False,False,,benign,no_adverse_signal
nj6ufex7.top,2026-07-22,12,3.0,0.16666666666666666,0,0.5,-11.573376923076923,high,0.4286,2,1.0,True,NOERROR,3,60,0,2,False,True,0,138995,US,False,Dominet (HK) Limited,2,365,True,0,True,True,,malicious,spamhaus_zen
stga88.pro,2026-07-22,10,2.2516291673878226,0.2,0,0.3333333333333333,-8.888144444444444,low,0.5333,3,0.8333333333333334,True,NOERROR,2,300,0,2,False,False,2,13335,US,False,,,,,0,False,False,,benign,no_adverse_signal
vhod91-casino.buzz,2026-07-22,18,3.5465935642949384,0.1111111111111111,1,0.6666666666666666,-8.576039130434783,high,0.4348,2,0.9230769230769231,True,NOERROR,1,3600,0,3,False,False,0,48753,MD,True,"NameSilo, LLC",2,365,False,0,False,False,,benign,no_adverse_signal
armeniaairways.click,2026-07-22,20,2.950212064914747,0.0,0,1.0,-7.2020159999999995,medium,0.5217,2,0.6428571428571429,True,NOERROR,1,600,2,4,True,False,0,198610,RU,True,"NameSilo, LLC",2,365,True,0,False,False,False,benign,no_adverse_signal
mediasmkt.cfd,2026-07-22,13,2.94770277922009,0.0,0,0.5,-7.4046199999999995,low,0.7143,4,0.8888888888888888,True,NOERROR,2,120,0,4,False,False,0,16509,DE,True,Dynadot Inc,2,365,False,15,False,False,,benign,no_adverse_signal
pxu3tigt.top,2026-07-22,12,2.75,0.08333333333333333,0,0.4,-10.406653846153846,high,0.5,2,0.875,True,NOERROR,3,60,0,2,False,True,0,138995,US,False,Dominet (HK) Limited,2,365,True,0,True,True,,malicious,spamhaus_zen
breoko.app,2026-07-22,10,2.251629167387823,0.0,0,1.0,-7.544733333333334,low,0.6,2,0.8333333333333334,True,NOERROR,2,300,1,2,True,False,2,13335,US,False,,,,False,0,False,False,False,benign,no_adverse_signal
cilentoo.shop,2026-07-22,13,2.75,0.0,0,1.0,-6.374484615384616,low,0.5714,2,0.875,True,NOERROR,1,50,0,2,False,False,0,47583,CY,False,,,,False,32,False,False,,benign,no_adverse_signal
thespiderrock.pro,2026-07-22,17,3.3927474104487847,0.0,0,0.4444444444444444,-6.553195652173913,low,0.5,2,0.8461538461538461,True,NOERROR,2,600,0,2,False,False,0,16509,US,True,,,,,33,False,False,,benign,no_adverse_signal
northhouse.consulting,2026-07-22,21,2.9219280948873623,0.0,0,0.6666666666666666,-6.998235294117647,low,0.5,4,0.8,True,NOERROR,2,600,0,4,False,False,0,2635,US,True,,,,,0,False,False,,benign,no_adverse_signal
nera.chat,2026-07-22,9,2.0,0.0,0,1.0,-5.53152,low,0.6667,1,1.0,False,timeout,0,,0,0,False,False,0,,,,,,,False,,,False,,benign,no_adverse_signal
opencms.app,2026-07-22,11,2.807354922057604,0.0,0,0.4,-7.258500000000001,low,0.7143,4,1.0,True,NOERROR,1,1799,5,2,True,False,0,24940,FI,True,,,,False,0,False,False,False,benign,no_adverse_signal
eviswonderjamas.net,2026-07-22,19,3.5068905956085183,0.0,0,0.6666666666666666,-7.094625925925926,low,0.4545,2,0.8,True,NOERROR,2,600,0,2,False,False,0,16509,US,True,"GoDaddy.com, LLC",3,365,False,33,False,False,,benign,no_adverse_signal
ffalf.top,2026-07-22,9,1.3709505944546687,0.0,0,0.25,-7.689342857142857,high,0.5455,2,0.6,True,NOERROR,2,300,0,2,False,False,0,16509,US,True,"Spaceship, Inc.",2,365,True,0,False,False,,benign,no_adverse_signal
today-battle-ridge.garden,2026-07-22,25,3.4613201402110083,0.0,2,0.6,-7.47989696969697,low,0.4828,3,0.6666666666666666,True,NOERROR,2,300,0,2,False,False,2,13335,US,False,Dynadot Inc,2,365,True,0,False,False,,benign,no_adverse_signal
garantia.net,2026-07-22,12,2.4056390622295662,0.0,0,1.0,-6.068361538461539,low,0.6154,2,0.75,True,NOERROR,1,86400,0,2,False,False,0,16509,US,True,"TUCOWS.COM, CO.",8408,8766,True,0,False,False,,benign,no_adverse_signal
esumabrusi.media,2026-07-22,16,2.9219280948873623,0.0,0,1.0,-7.071052941176471,low,0.5,2,0.8,True,NOERROR,2,300,0,2,False,False,2,13335,US,False,,,,,0,False,False,,benign,no_adverse_signal
39bujmxt5u.casa,2026-07-22,15,3.121928094887362,0.2,0,0.4,-11.711017647058824,low,0.5,4,0.9,True,NOERROR,1,300,0,2,False,False,0,134548,HK,False,Dynadot Inc,2,365,True,0,False,False,,benign,no_adverse_signal
theclosetcollection.shop,2026-07-22,24,2.996641328663725,0.0,0,0.5833333333333334,-6.396468571428571,low,0.5128,2,0.47368421052631576,True,NOERROR,1,300,0,2,False,False,0,199242,GE,True,,,,False,0,False,False,,benign,no_adverse_signal
classicbuilds.net,2026-07-22,17,2.873140679513133,0.0,0,0.4444444444444444,-7.213704347826087,low,0.5714,3,0.6153846153846154,True,NOERROR,2,1800,0,2,False,False,0,16509,US,False,"Name.com, Inc.",3,365,True,0,False,False,,benign,no_adverse_signal
kitapianujatit.shop,2026-07-22,19,2.78845045730829,0.0,0,1.0,-7.13472,low,0.4545,1,0.5714285714285714,False,NOERROR,0,,0,2,False,False,0,,,,,,,False,,,False,,benign,no_adverse_signal
myresume.pics,2026-07-22,13,2.5,0.0,0,0.6,-7.078192307692309,low,0.5882,3,0.75,True,NOERROR,2,300,0,2,False,False,2,13335,US,False,"Spaceship, Inc.",2,365,False,0,False,False,,benign,no_adverse_signal
seyitgazibayen.xyz,2026-07-22,18,3.2359263506290334,0.0,0,0.75,-7.81898,high,0.4762,2,0.7142857142857143,True,NOERROR,2,300,0,2,False,False,2,13335,US,False,Dynadot Inc,2,365,False,0,False,False,,benign,no_adverse_signal
brokenchainbarber.shop,2026-07-22,22,3.1751231351134614,0.0,0,0.5454545454545454,-6.748383870967742,low,0.4516,3,0.5882352941176471,True,NOERROR,4,14400,0,4,True,False,0,53831,US,False,,,,False,15,False,False,,benign,no_adverse_signal
6387daja0260-fdab270fani20fa.vip,2026-07-22,32,3.553090083530327,0.40625,1,0.75,-10.353577358490567,low,0.2857,2,0.5,True,NOERROR,2,300,0,2,False,False,2,13335,US,False,Dynadot Inc,2,731,True,0,False,False,,benign,no_adverse_signal
yidai.run,2026-07-22,9,1.9219280948873623,0.0,0,1.5,-7.301414285714286,low,0.5455,1,0.8,False,NXDOMAIN,0,,0,0,False,False,0,,,,,,,,,,False,,benign,no_adverse_signal
alvoraa.shop,2026-07-22,12,2.1280852788913944,0.0,0,1.3333333333333333,-7.586681818181819,low,0.5714,2,0.7142857142857143,True,NOERROR,1,3600,0,2,False,False,0,13335,CA,True,,,,False,0,False,False,,benign,no_adverse_signal
abstuffonline.vip,2026-07-22,17,3.3927474104487847,0.0,0,0.625,-6.856921739130435,low,0.6667,3,0.8461538461538461,True,NOERROR,2,300,0,2,False,False,2,13335,US,False,Dynadot Inc,2,365,True,0,False,False,,benign,no_adverse_signal
fatchai.top,2026-07-22,11,2.5216406363433186,0.0,0,0.75,-6.711390909090909,high,0.6667,3,0.8571428571428571,False,NOERROR,0,,0,2,False,False,0,,,,Alibaba Cloud Computing Ltd. d/b/a HiChina (www.net.cn),153,365,True,,,False,,benign,no_adverse_signal
996yk.shop,2026-07-22,10,1.9219280948873623,0.3,0,0.0,-11.673714285714286,low,0.3077,2,0.8,False,timeout,0,,0,0,False,False,0,,,,,,,False,,,False,,benign,no_adverse_signal
thdhcc.net,2026-07-22,10,1.9182958340544896,0.0,0,0.0,-9.115922222222222,low,0.5,6,0.6666666666666666,True,NOERROR,2,300,0,2,False,False,2,13335,US,False,"GoDaddy.com, LLC",3,365,False,0,False,False,,benign,no_adverse_signal
qsbahmani.shop,2026-07-22,14,2.94770277922009,0.0,0,0.5,-8.006253333333333,low,0.5333,3,0.8888888888888888,True,NOERROR,2,60,0,0,False,False,0,7979,LU,False,,,,False,0,False,True,,malicious,spamhaus_dbl
getkekkshop.shop,2026-07-22,16,2.845350936622437,0.0,0,0.375,-7.830594736842104,low,0.4444,4,0.7272727272727273,True,NOERROR,2,300,0,2,False,False,2,13335,US,False,,,,False,0,False,False,,benign,no_adverse_signal
4zqb.shop,2026-07-22,9,2.0,0.1111111111111111,0,0.0,-12.746640000000001,low,0.2857,3,1.0,True,NOERROR,6,60,0,2,False,True,0,8075,KR,False,,,,False,0,False,True,,malicious,spamhaus_dbl
litetoto.shop,2026-07-22,13,2.1556390622295662,0.0,0,1.0,-6.284584615384616,low,0.5714,1,0.625,True,NOERROR,2,300,0,2,False,False,2,13335,US,False,,,,False,0,False,False,,benign,no_adverse_signal
cavrelio.art,2026-07-22,12,3.0,0.0,0,1.0,-7.2935923076923075,low,0.5714,2,1.0,True,NOERROR,1,1800,5,2,True,False,0,22612,US,False,NAMECHEAP INC,2,365,True,0,False,False,False,benign,no_adverse_signal
4b45a476.top,2026-07-22,12,2.4056390622295662,0.5,0,1.0,-11.940046153846152,high,0.3333,1,0.75,True,NOERROR,1,600,0,2,False,False,0,45090,CN,False,"DNSPod, Inc.",2,365,True,0,True,False,,malicious,spamhaus_zen
imovia.pro,2026-07-22,10,2.2516291673878226,0.0,0,2.0,-6.6656,low,0.6667,1,0.8333333333333334,True,NOERROR,1,1800,2,2,True,False,1,47583,FR,False,,,,,0,False,False,False,benign,no_adverse_signal
responsible-gambling-uk.top,2026-07-22,27,3.8279097821439705,0.0,2,0.5,-6.994697674418604,high,0.4667,3,0.6521739130434783,True,NOERROR,1,3600,0,3,False,False,0,51167,FR,True,"NameSilo, LLC",1,365,True,0,False,False,,benign,no_adverse_signal
bukutamu.pro,2026-07-22,12,2.4056390622295662,0.0,0,1.0,-7.713299999999999,low,0.5,1,0.75,True,NOERROR,1,14400,0,2,False,False,0,16509,US,False,,,,,0,False,False,,benign,no_adverse_signal
fulizaboost.click,2026-07-22,17,3.277613436819116,0.0,0,0.8333333333333334,-7.233689473684211,medium,0.5263,2,0.9090909090909091,True,NOERROR,2,300,0,2,False,False,2,13335,US,False,"Spaceship, Inc.",2,365,False,0,False,False,,benign,no_adverse_signal
pauseandgo.xyz,2026-07-22,14,3.121928094887362,0.0,0,1.0,-6.967229411764706,high,0.5263,3,0.9,True,NOERROR,1,3600,0,3,False,False,0,51557,TR,False,Isimtescil Bilisim A.S,2,365,True,0,False,False,,benign,no_adverse_signal
5r81.buzz,2026-07-22,9,2.0,0.3333333333333333,0,0.0,-11.947199999999999,high,0.2857,1,1.0,True,NOERROR,2,300,0,2,False,False,2,13335,US,False,"Spaceship, Inc.",2,365,False,0,False,False,,benign,no_adverse_signal
edgequest.app,2026-07-22,13,2.6416041678685933,0.0,0,0.8,-7.298953333333333,low,0.6667,2,0.7777777777777778,True,NOERROR,1,10800,2,3,True,False,0,29169,FR,True,,,,False,0,False,False,False,benign,no_adverse_signal
bmalz.top,2026-07-22,9,2.321928094887362,0.0,0,0.25,-7.848585714285714,high,0.6667,2,1.0,True,NOERROR,1,1800,0,2,False,False,0,134175,HK,False,"Spaceship, Inc.",2,365,True,0,False,False,,benign,no_adverse_signal
yawnmarket.shop,2026-07-22,15,3.121928094887362,0.0,0,0.42857142857142855,-7.4276294117647055,low,0.5882,3,0.9,True,NOERROR,2,300,0,2,False,False,2,13335,US,False,,,,False,0,False,False,,benign,no_adverse_signal
jkkamsesanaqq.net,2026-07-22,17,2.8731406795131336,0.0,0,0.4444444444444444,-8.094034782608697,low,0.4545,3,0.6153846153846154,True,NOERROR,1,1799,5,2,True,False,1,59711,NL,False,NAMECHEAP INC,3,365,True,0,False,False,False,benign,no_adverse_signal
laundrygrabit.shop,2026-07-22,18,3.3927474104487847,0.0,0,0.4444444444444444,-7.250830434782609,low,0.56,6,0.8461538461538461,True,NOERROR,2,300,0,2,False,False,2,13335,US,False,,,,False,0,False,False,,benign,no_adverse_signal
dgi-careers-performance.cfd,2026-07-22,27,3.5670402169265785,0.0,2,0.6153846153846154,-6.887860465116279,low,0.4848,2,0.6086956521739131,True,NOERROR,2,300,0,2,False,False,2,13335,US,False,TuringSign Inc. d/b/a Cosmotown,2,365,False,0,False,False,,benign,no_adverse_signal
x06x3g.top,2026-07-22,10,2.2516291673878226,0.3,0,0.0,-12.82917777777778,high,0.4444,1,0.8333333333333334,False,NOERROR,0,,0,2,False,False,0,,,,Dynadot LLC,2,365,True,,,True,,malicious,spamhaus_dbl
masarak.tech,2026-07-22,12,2.1280852788913944,0.0,0,0.75,-6.445463636363636,low,0.6154,1,0.7142857142857143,True,NOERROR,1,14400,0,4,False,False,0,16509,US,False,Namify Domains Inc,2,365,False,0,False,False,,benign,no_adverse_signal
dmq7v2.top,2026-07-22,10,2.584962500721156,0.2,0,0.0,-12.674466666666667,high,0.4,3,1.0,False,NOERROR,0,,0,2,False,False,0,,,,"Todaynic.com, Inc.",2,365,True,,,True,,malicious,spamhaus_dbl
upgrademarvel.shop,2026-07-22,18,3.238901256602631,0.0,0,0.625,-6.7985304347826085,low,0.5,3,0.7692307692307693,True,NOERROR,2,300,0,2,False,False,2,13335,US,False,,,,False,0,False,False,,benign,no_adverse_signal
megamart.lol,2026-07-22,12,2.5,0.0,0,0.6,-6.073253846153847,low,0.6667,2,0.75,True,NOERROR,2,300,0,2,False,False,2,13335,US,False,Dynadot Inc,2,365,False,0,False,False,,benign,no_adverse_signal
chitalivingbeyond.shop,2026-07-22,22,3.6901165175936654,0.0,0,0.5454545454545454,-6.722016129032258,low,0.48,3,0.8235294117647058,True,NOERROR,1,300,0,2,False,False,0,,GE,False,,,,False,0,False,False,,benign,no_adverse_signal
789p-ok.top,2026-07-22,11,2.807354922057604,0.2727272727272727,1,0.5,-10.289900000000001,high,0.4286,1,1.0,True,NOERROR,2,300,0,2,False,False,2,13335,US,False,Dynadot LLC,2,365,True,0,False,False,,benign,no_adverse_signal
zelyon.xyz,2026-07-22,10,2.584962500721156,0.0,0,0.5,-7.491877777777778,high,0.6,2,1.0,True,NOERROR,2,300,0,2,False,False,2,13335,US,False,"Cloudflare, Inc.",2,365,True,0,False,False,,benign,no_adverse_signal
666881ldsec6.top,2026-07-22,16,2.751629167387823,0.4375,0,0.25,-9.751009523809524,high,0.3636,3,0.6666666666666666,False,NOERROR,0,,0,2,False,False,0,,,,"Spaceship, Inc.",2,365,True,,,False,,benign,no_adverse_signal
paragonan.institute,2026-07-22,19,2.4193819456463714,0.0,0,0.8,-6.286913333333333,low,0.625,1,0.6666666666666666,True,NOERROR,2,300,0,2,False,False,2,13335,US,False,,,,,0,False,False,,benign,no_adverse_signal
toffi.xyz,2026-07-22,9,1.9219280948873623,0.0,0,0.6666666666666666,-7.193957142857142,high,0.7273,2,0.8,True,NOERROR,2,3600,1,2,True,False,0,16509,US,True,Gname 009 Inc,2,365,True,54,False,False,,malicious,abuseipdb
purpbins.xyz,2026-07-22,12,2.75,0.0,0,0.3333333333333333,-7.651707692307692,high,0.5,3,0.875,True,NOERROR,2,57,0,4,False,False,0,,US,False,Porkbun LLC,379,730,False,0,False,False,,benign,no_adverse_signal
8mbg.shop,2026-07-22,9,2.0,0.1111111111111111,0,0.0,-10.62632,low,0.5,3,1.0,True,NOERROR,6,60,0,2,False,True,0,8075,KR,False,,,,False,0,True,True,,malicious,spamhaus_zen
273d.buzz,2026-07-22,9,2.0,0.3333333333333333,0,0.0,-11.51502,high,0.5,1,1.0,True,NOERROR,2,300,0,2,False,False,2,13335,US,False,"Spaceship, Inc.",2,365,False,0,False,False,,benign,no_adverse_signal
grpi.pro,2026-07-22,8,2.0,0.0,0,0.3333333333333333,-8.01492,low,0.5714,3,1.0,True,NOERROR,1,14400,1,2,True,False,0,31898,BR,True,,,,,0,False,False,False,benign,no_adverse_signal
corespotview.lat,2026-07-22,16,3.2516291673878226,0.0,0,0.7142857142857143,-6.510004761904763,low,0.5714,2,0.8333333333333334,True,NOERROR,1,1800,5,2,True,False,0,22612,US,False,NAMECHEAP INC,2,365,True,0,False,False,False,benign,no_adverse_signal
carboncommons.net,2026-07-22,17,2.8731406795131336,0.0,0,0.4444444444444444,-6.565600000000001,low,0.6429,2,0.6153846153846154,True,NOERROR,1,3152,0,2,False,False,0,32244,US,False,Rebel.com,3,365,True,0,False,False,,benign,no_adverse_signal
wxdefend.net,2026-07-22,12,2.5,0.0,0,0.3333333333333333,-7.985384615384616,low,0.5714,3,0.75,True,NOERROR,1,300,0,4,False,False,0,47846,DE,False,"Name.com, Inc.",3,365,True,8,False,False,,benign,no_adverse_signal
dddiversifiedservices.shop,2026-07-22,26,2.83256087505669,0.0,0,0.6153846153846154,-6.8060307692307696,low,0.5405,3,0.38095238095238093,True,NOERROR,1,3600,2,4,True,False,1,8560,US,True,,,,False,0,False,False,False,benign,no_adverse_signal
fabrt.tech,2026-07-22,10,2.321928094887362,0.0,0,0.25,-7.656357142857142,low,0.5455,3,1.0,True,NOERROR,2,300,0,2,False,False,2,13335,US,False,Dynadot Inc,2,365,False,0,False,False,,benign,no_adverse_signal
asjhdkfhks.shop,2026-07-22,15,2.7219280948873625,0.0,0,0.1111111111111111,-10.667141176470588,low,0.4,9,0.7,True,NOERROR,2,600,0,2,False,False,0,16509,US,True,,,,False,33,False,False,,benign,no_adverse_signal
53333730.xyz,2026-07-22,12,1.5487949406953985,0.6666666666666666,0,0.0,-10.234846153846153,high,0.3636,0,0.5,True,NOERROR,1,900,1,3,True,False,0,200000,UA,True,Hosting Ukraine LLC,2,365,True,0,False,False,False,benign,no_adverse_signal
technicalauthentications.live,2026-07-22,29,3.292481250360578,0.0,0,0.7142857142857143,-6.214904444444445,low,0.4571,3,0.4583333333333333,True,NOERROR,3,3603,0,3,False,False,0,63949,US,True,,,,False,1,False,False,,benign,no_adverse_signal
dargrax.pro,2026-07-22,11,2.2359263506290326,0.0,0,0.4,-7.212445454545454,low,0.5263,3,0.7142857142857143,True,NOERROR,2,300,0,2,False,False,2,13335,US,False,,,,,0,False,False,,benign,no_adverse_signal
northb.shop,2026-07-22,11,2.584962500721156,0.0,0,0.2,-6.969877777777778,low,0.5,4,1.0,True,NOERROR,1,300,0,2,False,False,0,199242,US,False,,,,False,0,False,False,,benign,no_adverse_signal
rugbyic.lat,2026-07-22,11,2.807354922057604,0.0,0,0.4,-8.871763636363637,low,0.5333,3,1.0,False,NOERROR,0,,0,2,False,False,0,,,,Porkbun LLC,2,365,False,,,False,,benign,no_adverse_signal
divismande.media,2026-07-22,16,2.9219280948873623,0.0,0,0.6666666666666666,-6.4057352941176475,low,0.5714,2,0.8,True,NOERROR,2,300,0,2,False,False,2,13335,US,False,,,,,0,False,False,,benign,no_adverse_signal
sic88.tech,2026-07-22,10,1.9219280948873623,0.2,0,0.5,-9.102285714285715,low,0.5455,1,0.8,True,NOERROR,2,300,0,2,False,False,2,13335,US,False,Dynadot Inc,2,365,False,0,False,False,,benign,no_adverse_signal
39261.app,2026-07-22,9,2.321928094887362,0.5555555555555556,0,0.0,-11.020071428571429,low,0.5,0,1.0,True,NOERROR,2,600,0,2,False,False,0,16509,US,True,,,,False,33,False,False,,benign,no_adverse_signal
tcsrkgp.homes,2026-07-22,13,2.807354922057604,0.0,0,0.0,-9.320736363636364,low,0.5,7,1.0,False,NXDOMAIN,0,,0,0,False,False,0,,,,NameMart Pte. Ltd.,2,365,False,,,False,,benign,no_adverse_signal
sese10m.vip,2026-07-22,11,2.2359263506290326,0.18181818181818182,0,0.6666666666666666,-8.491818181818182,low,0.4706,1,0.7142857142857143,True,NOERROR,1,10,0,2,False,True,0,8075,HK,False,Dynadot Inc,2,365,True,0,False,False,,benign,no_adverse_signal
farmarks.net,2026-07-22,12,2.5,0.0,0,0.3333333333333333,-6.523430769230769,low,0.6154,3,0.75,True,NOERROR,2,600,0,2,False,False,0,16509,US,True,"GoDaddy.com, LLC",3,365,False,33,False,False,,benign,no_adverse_signal
ev66.tech,2026-07-22,9,1.5,0.2222222222222222,0,1.0,-10.74786,low,0.4,1,0.75,True,NOERROR,2,300,0,2,False,False,2,13335,US,False,Dynadot Inc,2,365,False,0,False,False,,benign,no_adverse_signal
aiserials.click,2026-07-22,15,2.5032583347756456,0.0,0,1.25,-6.253293333333334,medium,0.5556,2,0.6666666666666666,True,NOERROR,1,3600,0,2,False,False,0,33842,RU,False,Global Domain Group LLC,2,365,False,0,False,False,,benign,no_adverse_signal
cehz.click,2026-07-22,10,2.0,0.0,0,0.3333333333333333,-9.01152,medium,0.4,2,1.0,True,NOERROR,1,1800,5,2,True,False,0,22612,US,False,NAMECHEAP INC,1,365,True,0,False,False,False,benign,no_adverse_signal
worshipconti.app,2026-07-22,16,3.2516291673878226,0.0,0,0.5,-6.674419047619048,low,0.5385,3,0.8333333333333334,True,NOERROR,1,1800,0,3,False,False,0,16509,US,False,,,,False,0,False,False,,benign,no_adverse_signal
getwagley.shop,2026-07-22,14,2.725480556997868,0.0,0,0.5,-7.1621999999999995,low,0.5714,2,0.7777777777777778,True,NOERROR,2,600,0,2,False,False,0,16509,US,True,,,,False,33,False,False,,benign,no_adverse_signal
u35hm.top,2026-07-22,9,2.321928094887362,0.2222222222222222,0,0.5,-12.36897142857143,high,0.3636,2,1.0,True,NOERROR,3,10,0,0,False,True,0,54801,SC,False,GoDaddy.com,2,365,True,0,False,False,,benign,no_adverse_signal
fan12.xyz,2026-07-22,9,2.321928094887362,0.2222222222222222,0,0.5,-8.386700000000001,high,0.5455,1,1.0,True,NOERROR,1,1494,1,2,True,False,0,133618,US,True,CommuniGal Communication Ltd.,1,365,False,7,False,False,False,benign,no_adverse_signal
fnbb4369.shop,2026-07-22,13,2.75,0.3076923076923077,0,0.0,-10.489346153846155,low,0.3636,4,0.875,True,NOERROR,1,1800,5,2,True,False,0,22612,US,False,,,,False,0,False,False,False,benign,no_adverse_signal
onemanadvertising.xyz,2026-07-22,21,3.454822399946607,0.0,0,0.7,-6.233777419354839,high,0.4848,2,0.7058823529411765,True,NOERROR,2,300,0,2,False,False,2,13335,US,False,Hosting Concepts B.V. d/b/a Registrar.eu,2,365,True,0,False,False,,benign,no_adverse_signal
essentiallifehealth.shop,2026-07-22,24,3.050301855434982,0.0,0,0.7272727272727273,-6.549954285714286,low,0.48,3,0.47368421052631576,True,NOERROR,2,60,0,2,False,False,2,47583,LT,True,,,,False,1,False,False,,benign,no_adverse_signal
melbet-tr.website,2026-07-22,17,2.725480556997868,0.0,1,0.3333333333333333,-7.246173333333333,low,0.4706,2,0.7777777777777778,True,NOERROR,2,300,0,2,False,False,2,13335,US,False,"Sav.com, LLC",2,365,False,0,False,False,,benign,no_adverse_signal
pgcombo168s.click,2026-07-22,17,3.277613436819116,0.17647058823529413,0,0.3333333333333333,-8.901731578947368,medium,0.5,3,0.9090909090909091,True,NOERROR,2,300,0,2,False,False,2,13335,US,False,NAMECHEAP INC,2,365,True,0,False,False,,benign,no_adverse_signal
bbakg.top,2026-07-22,9,1.9219280948873623,0.0,0,0.25,-8.482171428571428,high,0.6154,2,0.8,True,NOERROR,1,1800,0,2,False,False,0,134175,HK,False,"Spaceship, Inc.",2,365,True,0,False,False,,benign,no_adverse_signal
ltbl.studio,2026-07-22,11,1.5,0.0,0,0.0,-8.015640000000001,low,0.6,4,0.75,True,NOERROR,2,300,0,3,False,False,0,2635,US,False,,,,False,0,False,False,,benign,no_adverse_signal
xy824axd.top,2026-07-22,12,2.75,0.25,0,0.25,-11.160115384615384,high,0.4,2,0.875,True,NOERROR,3,60,0,2,False,True,0,138995,US,False,Dominet (HK) Limited,2,365,True,0,True,True,,malicious,spamhaus_zen
zuxatie.pro,2026-07-22,11,2.807354922057604,0.0,0,1.3333333333333333,-8.312527272727273,low,0.5455,1,1.0,True,NOERROR,2,300,1,2,True,False,2,13335,US,False,,,,,0,False,False,False,benign,no_adverse_signal
m1-connect.net,2026-07-22,14,2.9219280948873623,0.07142857142857142,1,0.3333333333333333,-7.6185,low,0.64,2,0.8,True,NOERROR,1,3600,2,4,True,False,1,8560,US,True,IONOS SE,2,365,True,0,False,False,False,benign,no_adverse_signal
nvujyadf.top,2026-07-22,12,3.0,0.0,0,0.3333333333333333,-9.876299999999999,high,0.4615,2,1.0,False,NOERROR,0,,0,2,False,False,0,,,,Dynadot LLC,2,365,True,,,False,,benign,no_adverse_signal
cerenavci35.xyz,2026-07-22,15,3.0957952550009344,0.13333333333333333,0,0.8,-8.10506842105263,high,0.4706,2,0.8181818181818182,True,NOERROR,2,34,0,4,False,False,0,,US,False,Porkbun LLC,379,730,False,0,False,False,,benign,no_adverse_signal
tzsc1adybj.lol,2026-07-22,14,3.321928094887362,0.07142857142857142,0,0.125,-9.713982352941176,low,0.4444,4,1.0,False,NOERROR,0,,0,2,False,False,0,,,,Dynadot Inc,2,365,False,,,False,,benign,no_adverse_signal
zimrax.shop,2026-07-22,11,2.584962500721156,0.0,0,0.5,-8.374588888888889,low,0.5,2,1.0,False,NOERROR,0,,0,2,False,False,0,,,,,,,False,,,False,,benign,no_adverse_signal
syl0041.vip,2026-07-22,11,2.521640636343318,0.36363636363636365,0,0.0,-10.551427272727272,low,0.3636,3,0.8571428571428571,False,NOERROR,0,,0,2,False,False,0,,,,Eranet International Limited,2,365,True,,,False,,benign,no_adverse_signal
exclusiveentryhub.pro,2026-07-22,21,3.6901165175936654,0.0,0,0.5454545454545454,-7.109435483870969,low,0.5217,5,0.8235294117647058,True,NOERROR,2,300,5,2,True,False,2,13335,US,False,,,,,0,False,False,False,benign,no_adverse_signal
neryx.shop,2026-07-22,10,2.321928094887362,0.0,0,0.25,-7.378014285714286,low,0.6,3,1.0,False,SERVFAIL,0,,0,0,False,False,0,,,,,,,False,,,False,,benign,no_adverse_signal
sv39.tech,2026-07-22,9,2.0,0.2222222222222222,0,0.0,-10.97532,low,0.5714,2,1.0,True,NOERROR,2,300,0,2,False,False,2,13335,US,False,Dynadot Inc,2,365,False,0,False,False,,benign,no_adverse_signal
meet-viewers.team,2026-07-22,17,2.9182958340544896,0.0,1,0.8333333333333334,-7.0792142857142855,low,0.56,2,0.75,False,NOERROR,0,,0,2,False,False,0,,,,,,,,,,False,,benign,no_adverse_signal
5579606.vip,2026-07-22,11,2.2359263506290326,0.6363636363636364,0,0.0,-10.878745454545454,low,0.4,0,0.7142857142857143,False,NOERROR,0,,0,2,False,False,0,,,,NameMart Pte. Ltd.,2,365,True,,,False,,benign,no_adverse_signal
ozi350735.xyz,2026-07-22,13,2.725480556997868,0.46153846153846156,0,2.0,-11.241526666666665,high,0.4444,1,0.7777777777777778,True,NOERROR,2,11,0,4,False,False,0,,US,False,Porkbun LLC,379,730,False,0,False,False,,benign,no_adverse_signal
r67a0u.top,2026-07-22,10,2.584962500721156,0.3,0,2.0,-12.863966666666666,high,0.4444,1,1.0,False,NOERROR,0,,0,2,False,False,0,,,,Dynadot LLC,2,365,True,,,True,,malicious,spamhaus_dbl
immoleadnetwork.pro,2026-07-22,19,3.506890595608518,0.0,0,0.6666666666666666,-6.757288888888889,low,0.5806,2,0.8,True,NOERROR,1,1800,2,2,True,False,1,47583,FR,False,,,,,0,False,False,False,benign,no_adverse_signal
omr36.xyz,2026-07-22,9,2.321928094887362,0.2222222222222222,0,0.5,-9.637942857142857,high,0.5455,2,1.0,True,NOERROR,2,4,0,4,False,False,0,,US,False,Porkbun LLC,379,730,False,0,False,False,,benign,no_adverse_signal
9r45.buzz,2026-07-22,9,2.0,0.3333333333333333,0,0.0,-12.16198,high,0.2857,1,1.0,True,NOERROR,2,300,0,2,False,False,2,13335,US,False,"Spaceship, Inc.",1,365,False,0,False,False,,benign,no_adverse_signal
digitalintelligence.art,2026-07-22,23,3.0105709342684834,0.0,0,0.7272727272727273,-6.141865714285714,low,0.4444,2,0.47368421052631576,True,NOERROR,1,1800,5,2,True,False,0,22612,US,False,NAMECHEAP INC,2,365,True,0,False,False,False,benign,no_adverse_signal
myslot.lat,2026-07-22,10,2.584962500721156,0.0,0,0.2,-7.173211111111111,low,0.7273,4,1.0,True,NOERROR,2,300,0,2,False,False,2,13335,US,False,NAMECHEAP INC,2,365,True,0,False,False,,benign,no_adverse_signal
newsync.app,2026-07-22,11,2.5216406363433186,0.0,0,0.16666666666666666,-7.321645454545455,low,0.5714,5,0.8571428571428571,True,NOERROR,2,1800,0,2,False,False,0,16509,US,False,,,,False,0,False,False,,benign,no_adverse_signal
culticcromer.shop,2026-07-22,17,3.0220552088742005,0.0,0,0.5,-6.835542857142857,low,0.5,3,0.75,True,NOERROR,2,300,0,2,False,False,2,13335,US,False,,,,False,0,False,False,,benign,no_adverse_signal
mozartcompany.shop,2026-07-22,18,3.238901256602631,0.0,0,0.4444444444444444,-6.991017391304347,low,0.5217,3,0.7692307692307693,True,NOERROR,2,600,0,2,False,False,0,16509,US,True,,,,False,33,False,False,,benign,no_adverse_signal
susu88.website,2026-07-22,14,1.584962500721156,0.14285714285714285,0,1.0,-8.570511111111111,low,0.5455,1,0.5,True,NOERROR,1,3600,1,2,True,False,0,154177,SG,False,"NameSilo, LLC",2,365,True,0,True,True,,malicious,spamhaus_zen
cltfjoik.shop,2026-07-22,13,3.0,0.0,0,0.3333333333333333,-9.265138461538461,low,0.4615,5,1.0,True,NOERROR,1,300,0,2,False,False,0,13335,US,False,,,,False,0,False,False,,benign,no_adverse_signal
p35f6b.top,2026-07-22,10,2.584962500721156,0.3,0,0.0,-12.218499999999999,high,0.4444,1,1.0,True,NOERROR,4,60,0,2,False,True,0,40065,US,False,Dynadot LLC,2,365,True,1,False,True,,malicious,spamhaus_dbl
o8010.cfd,2026-07-22,9,1.9219280948873623,0.4444444444444444,0,1.0,-10.268157142857143,low,0.25,0,0.8,True,NOERROR,2,300,0,2,False,False,2,13335,US,False,"NameSilo, LLC",2,365,True,0,False,False,,benign,no_adverse_signal
53762180.top,2026-07-22,12,3.0,0.6666666666666666,0,0.0,-10.87963076923077,high,0.5455,0,1.0,False,NOERROR,0,,0,2,False,False,0,,,,Dynadot LLC,2,365,True,,,False,,benign,no_adverse_signal
小馬哥.top,2026-07-22,7,1.584962500721156,0.0,0,0.0,-15.7755,high,0.0,3,1.0,False,SERVFAIL,0,,0,0,False,False,0,,,,,,,False,,,False,,benign,no_adverse_signal
39326.app,2026-07-22,9,1.9219280948873623,0.5555555555555556,0,0.0,-11.948057142857142,low,0.5,0,0.8,True,NOERROR,2,600,0,2,False,False,0,16509,US,True,,,,False,33,False,False,,benign,no_adverse_signal
aihustler.shop,2026-07-22,14,3.169925001442312,0.0,0,0.8,-7.210373333333334,low,0.5882,3,1.0,True,NOERROR,1,50,1,2,False,False,0,47583,CY,False,,,,False,32,False,False,False,benign,no_adverse_signal
redickgo.xyz,2026-07-22,12,3.0,0.0,0,0.6,-7.178299999999999,high,0.6667,3,1.0,True,NOERROR,1,7200,0,2,False,False,0,210976,NL,False,"NICENIC INTERNATIONAL GROUP CO., LIMITED",2,365,False,0,False,True,,malicious,spamhaus_dbl
megawin188prq.live,2026-07-22,18,3.546593564294939,0.16666666666666666,0,0.42857142857142855,-8.718047826086956,low,0.4211,3,0.9230769230769231,True,NOERROR,2,300,0,2,False,False,2,13335,US,False,,,,False,0,False,False,,benign,no_adverse_signal
robus-capitaltd.top,2026-07-22,19,3.640223928941852,0.0,1,0.5555555555555556,-6.942522222222222,high,0.48,3,0.8666666666666667,False,NOERROR,0,,3,4,True,False,0,,,,PDR Ltd,2,365,False,,,False,False,benign,no_adverse_signal
operationworks.shop,2026-07-22,19,3.3248629576173574,0.0,0,0.75,-6.432704,low,0.6667,3,0.7857142857142857,True,NOERROR,2,300,0,2,False,False,2,13335,US,False,,,,False,0,False,False,,benign,no_adverse_signal
curinecumbly.shop,2026-07-22,17,3.2516291673878226,0.0,0,0.5,-6.918685714285713,low,0.5263,4,0.8333333333333334,True,NOERROR,2,300,0,2,False,False,2,13335,US,False,,,,False,0,False,False,,benign,no_adverse_signal
alacabayen.xyz,2026-07-22,14,2.5219280948873624,0.0,0,1.0,-6.796623529411765,high,0.6,1,0.7,True,NOERROR,2,300,0,2,False,False,2,13335,US,False,Dynadot Inc,2,365,False,0,False,False,,benign,no_adverse_signal
ndossantos.lat,2026-07-22,14,2.446439344671015,0.0,0,0.42857142857142855,-6.492317647058823,low,0.5263,2,0.6,True,NOERROR,1,1800,0,2,False,False,0,24940,DE,True,"Spaceship, Inc.",2,365,False,0,False,False,,benign,no_adverse_signal
cuahdf.net,2026-07-22,10,2.584962500721156,0.0,0,0.5,-8.716655555555555,low,0.5455,3,1.0,True,NOERROR,2,30,0,2,True,False,2,14618,US,True,DropCatch.com 1013 LLC,3,365,False,2,False,False,,benign,no_adverse_signal
thesillmarket.shop,2026-07-22,18,3.238901256602631,0.0,0,0.4444444444444444,-6.521360869565217,low,0.5,3,0.7692307692307693,True,NOERROR,1,300,0,2,False,False,0,,GE,False,,,,False,0,True,False,,malicious,spamhaus_zen
apexityleads.xyz,2026-07-22,16,3.2516291673878226,0.0,0,0.7142857142857143,-7.063819047619048,high,0.5714,3,0.8333333333333334,False,NOERROR,0,,5,2,False,False,0,,,,NAMECHEAP INC,2,365,True,,,False,False,benign,no_adverse_signal
irestorelaseronline.shop,2026-07-22,24,3.0503018554349817,0.0,0,0.9,-5.827311428571429,low,0.5882,2,0.47368421052631576,True,NOERROR,1,300,0,2,False,False,0,199242,GE,True,,,,False,0,False,False,,benign,no_adverse_signal
next-impact-care.garden,2026-07-22,23,3.375,0.0,2,0.5555555555555556,-7.195672413793103,low,0.5,2,0.6875,True,NOERROR,2,300,0,2,False,False,2,13335,US,False,Dynadot Inc,2,365,True,0,False,False,,benign,no_adverse_signal
8x44.buzz,2026-07-22,9,1.5,0.3333333333333333,0,0.0,-11.78596,high,0.2857,1,0.75,True,NOERROR,2,300,0,2,False,False,2,13335,US,False,"Spaceship, Inc.",1,365,False,0,False,False,,benign,no_adverse_signal
mespilleally.cfd,2026-07-22,16,2.7516291673878226,0.0,0,0.5,-6.430366666666667,low,0.5263,3,0.6666666666666666,True,NOERROR,2,300,0,2,False,False,2,13335,US,False,"Spaceship, Inc.",2,365,False,0,False,False,,benign,no_adverse_signal
vavada212.lol,2026-07-22,13,2.197159723424149,0.23076923076923078,0,1.0,-8.425566666666667,low,0.4706,1,0.5555555555555556,True,NOERROR,1,14400,1,2,True,False,0,48282,RU,True,NAMECHEAP INC,1,365,True,0,False,False,False,benign,no_adverse_signal
gamesselect.shop,2026-07-22,16,2.8453509366224368,0.0,0,0.5714285714285714,-6.089126315789474,low,0.6316,2,0.7272727272727273,True,NOERROR,1,300,0,2,False,False,0,199242,GE,False,,,,False,0,True,False,,malicious,spamhaus_zen
resmedhub.shop,2026-07-22,14,2.94770277922009,0.0,0,0.5,-7.057013333333333,low,0.5333,2,0.8888888888888888,True,NOERROR,1,300,0,2,False,False,0,,GE,False,,,,False,0,False,False,,benign,no_adverse_signal
goosethebandmerch.shop,2026-07-22,22,3.572469458770136,0.0,0,0.5454545454545454,-6.574741935483871,low,0.5455,3,0.7647058823529411,True,NOERROR,1,300,0,2,False,False,0,199242,US,False,,,,False,0,False,False,,benign,no_adverse_signal
kmatck450.shop,2026-07-22,14,2.94770277922009,0.21428571428571427,0,0.2,-9.03678,low,0.5263,3,0.8888888888888888,True,NOERROR,1,600,0,2,False,False,0,55933,HK,False,,,,False,0,True,False,,malicious,spamhaus_zen
boszjg.art,2026-07-22,10,2.584962500721156,0.0,0,0.2,-9.224466666666666,low,0.4615,4,1.0,False,NOERROR,0,,0,4,False,False,0,,,,NAMECHEAP INC,2,365,True,,,False,,benign,no_adverse_signal
mvfunding.capital,2026-07-22,17,2.94770277922009,0.0,0,0.2857142857142857,-7.64574,low,0.5333,3,0.8888888888888888,True,NOERROR,2,600,1,2,True,False,0,16509,US,True,,,,,33,False,False,False,benign,no_adverse_signal
fjpgdk599.shop,2026-07-22,14,2.9477027792200903,0.21428571428571427,0,0.0,-11.392373333333333,low,0.3333,6,0.8888888888888888,True,NOERROR,1,600,0,2,False,False,0,55933,HK,False,,,,False,0,True,False,,malicious,spamhaus_zen
augmentedindividual.net,2026-07-22,23,3.3263604079526936,0.0,0,0.9,-6.860434285714286,low,0.4167,2,0.5789473684210527,False,NOERROR,0,,0,2,False,False,0,,,,DomainRegistry.com LLC,2,365,False,,,False,,benign,no_adverse_signal
sales.education,2026-07-22,15,1.9219280948873623,0.0,0,0.6666666666666666,-6.0037714285714285,low,0.6667,1,0.8,False,NOERROR,0,,0,2,False,False,0,,,,,,,,,,False,,benign,no_adverse_signal
pokuntfeeder.cfd,2026-07-22,16,3.188721875540867,0.0,0,0.7142857142857143,-7.1849428571428575,low,0.4762,3,0.8333333333333334,False,NOERROR,0,,0,0,False,False,0,,,,URL SOLUTIONS INC.,1,365,True,,,True,,malicious,spamhaus_dbl
1win-52o23.buzz,2026-07-22,15,3.1219280948873624,0.3333333333333333,1,1.0,-9.875358823529412,high,0.4706,1,0.9,True,NOERROR,2,300,0,2,False,False,2,13335,US,False,NAMECHEAP INC,2,365,True,0,False,False,,benign,no_adverse_signal
ecrcrakde.shop,2026-07-22,14,2.5032583347756456,0.0,0,0.5,-7.763293333333333,low,0.5333,4,0.6666666666666666,True,NOERROR,1,300,0,2,False,False,0,132203,US,False,,,,False,0,True,False,,malicious,spamhaus_zen
umptf.vip,2026-07-22,9,2.321928094887362,0.0,0,0.25,-8.578957142857144,low,0.5,4,1.0,True,NOERROR,1,60,0,2,False,True,0,9294,US,False,Dynadot Inc,2,365,True,0,True,False,,malicious,spamhaus_zen
apexaistudio.net,2026-07-22,16,3.2516291673878226,0.0,0,1.4,-7.024747619047619,low,0.5833,2,0.8333333333333334,True,NOERROR,1,1800,2,2,True,False,0,22612,US,False,NAMECHEAP INC,3,365,True,1,False,False,False,benign,no_adverse_signal
seensocial.xyz,2026-07-22,14,2.9219280948873623,0.0,0,1.0,-6.6172941176470585,high,0.5556,2,0.8,True,NOERROR,2,3600,0,2,False,False,0,16509,US,True,"GoDaddy.com, LLC",2,365,False,22,False,False,,benign,no_adverse_signal
69.studio,2026-07-22,9,1.0,0.2222222222222222,0,0.0,,low,,0,1.0,True,NOERROR,1,600,2,4,True,False,0,16509,US,False,,,,False,0,False,False,False,benign,no_adverse_signal
kelleci3131.xyz,2026-07-22,15,2.7321588913645702,0.26666666666666666,0,0.75,-8.577442105263158,high,0.5556,2,0.6363636363636364,True,NOERROR,2,34,0,4,False,False,0,,US,False,Porkbun LLC,379,730,False,0,False,False,,benign,no_adverse_signal
l1rmd5.top,2026-07-22,10,2.584962500721156,0.2,0,0.0,-10.9788,high,0.4286,3,1.0,True,NOERROR,3,3603,0,3,False,False,0,63949,US,True,"NameSilo, LLC",2,365,True,14,False,False,,benign,no_adverse_signal
ycyy666.vip,2026-07-22,11,1.4488156357251847,0.2727272727272727,0,0.0,-10.424363636363635,low,0.3333,4,0.42857142857142855,True,NOERROR,2,120,0,2,False,True,0,59371,HK,False,Gname.com Pte. Ltd.,2,365,True,0,False,False,,benign,no_adverse_signal
powertt-lp.click,2026-07-22,16,2.9219280948873623,0.0,1,0.2857142857142857,-7.861729411764706,medium,0.4545,3,0.8,True,NOERROR,2,300,0,2,False,False,2,13335,US,False,NAMECHEAP INC,2,365,True,0,False,False,,benign,no_adverse_signal
861uiv.buzz,2026-07-22,11,2.584962500721156,0.2727272727272727,0,2.0,-11.36658888888889,high,0.4444,1,1.0,True,NOERROR,2,300,0,2,False,False,2,13335,US,False,"NameSilo, LLC",2,365,True,0,False,False,,benign,no_adverse_signal
656756.vip,2026-07-22,10,1.4591479170272448,0.6,0,0.0,-11.259844444444445,low,0.2667,0,0.5,True,NOERROR,8,60,0,2,False,True,8,139057,SC,False,Dynadot Inc,2,365,True,0,True,False,,malicious,spamhaus_zen
ryandev.lol,2026-07-22,11,2.807354922057604,0.0,0,0.4,-6.694263636363636,low,0.7692,2,1.0,True,NOERROR,1,300,0,2,True,False,0,214663,US,False,"HOSTINGER operations, UAB",2,365,False,0,False,False,,benign,no_adverse_signal
noorstudio.shop,2026-07-22,15,2.8464393446710154,0.0,0,1.0,-6.744717647058824,low,0.5455,3,0.8,True,NOERROR,1,86400,0,4,False,False,1,13335,CA,True,,,,False,0,False,False,,benign,no_adverse_signal
tedxgainesville.net,2026-07-22,19,3.323231428797621,0.0,0,0.6666666666666666,-7.3055814814814815,low,0.5385,3,0.7333333333333333,True,NOERROR,2,600,0,2,False,False,0,16509,US,True,"GoDaddy.com, LLC",2,731,False,33,False,False,,benign,no_adverse_signal
bpafk.top,2026-07-22,9,2.321928094887362,0.0,0,0.25,-9.826057142857142,high,0.5,2,1.0,True,NOERROR,1,1800,0,2,False,False,0,58658,US,False,"Spaceship, Inc.",2,365,True,0,False,False,,benign,no_adverse_signal
avigailjewelry.shop,2026-07-22,19,3.2359263506290334,0.0,0,0.75,-7.897776,low,0.4615,3,0.7142857142857143,True,NOERROR,1,300,2,4,True,False,0,397273,US,False,,,,False,27,False,False,False,benign,no_adverse_signal
ownitwithedith.shop,2026-07-22,19,2.8423709931771084,0.0,0,0.5555555555555556,-7.046684,low,0.5,2,0.5714285714285714,True,NOERROR,2,600,0,2,False,False,0,16509,US,True,,,,False,33,False,False,,benign,no_adverse_signal
urda.xyz,2026-07-22,8,2.0,0.0,0,1.0,-7.2156199999999995,high,0.6667,2,1.0,True,NOERROR,1,1799,5,2,True,False,0,22612,US,False,NAMECHEAP INC,2,731,True,0,False,False,False,benign,no_adverse_signal
nightingaledeclaration.net,2026-07-22,26,3.4474015047059146,0.0,0,0.6923076923076923,-6.360809756097561,low,0.5641,3,0.5454545454545454,False,NOERROR,0,,0,2,False,False,0,,,,URL SOLUTIONS INC.,3,365,True,,,False,,benign,no_adverse_signal
vn88-ok.lol,2026-07-22,11,2.5216406363433186,0.18181818181818182,1,0.3333333333333333,-10.403536363636364,low,0.375,2,0.8571428571428571,True,NOERROR,2,300,0,2,False,False,2,13335,US,False,Dynadot Inc,2,365,False,0,False,False,,benign,no_adverse_signal
basahsetek.pics,2026-07-22,15,2.721928094887362,0.0,0,0.6666666666666666,-7.217276470588235,low,0.5263,2,0.7,True,NOERROR,2,40,0,4,False,False,0,,US,False,Porkbun LLC,379,730,False,0,False,False,,benign,no_adverse_signal
d82-fsju2890fdsjo20fsdn2893.vip,2026-07-22,31,3.531941205546659,0.3870967741935484,1,0.16666666666666666,-10.789411764705882,low,0.2553,4,0.48148148148148145,True,NOERROR,1,300,0,2,False,False,0,206834,DE,False,Dynadot Inc,2,731,True,22,False,False,,benign,no_adverse_signal
i505x99p.top,2026-07-22,12,2.5,0.4166666666666667,0,0.5,-11.758715384615385,high,0.3333,1,0.75,True,NOERROR,3,60,0,2,False,True,0,138995,US,False,Dominet (HK) Limited,2,365,True,0,True,True,,malicious,spamhaus_zen
judithlloyd.net,2026-07-22,15,3.095795255000934,0.0,0,0.375,-7.875,low,0.5556,4,0.8181818181818182,True,NOERROR,1,14400,0,4,False,False,0,209242,AU,False,Squarespace Domains LLC,758,1095,True,7,False,False,,benign,no_adverse_signal
zx8.tech,2026-07-22,8,1.584962500721156,0.125,0,0.0,-12.061566666666666,low,0.3333,2,1.0,True,NOERROR,2,300,0,2,False,False,2,13335,US,False,Dynadot Inc,2,365,False,0,False,False,,benign,no_adverse_signal
finzaeasea.buzz,2026-07-22,15,2.6464393446710153,0.0,0,1.5,-7.449758823529412,high,0.6667,2,0.7,False,NXDOMAIN,0,,0,0,False,False,0,,,,"NameSilo, LLC",2,365,True,,,False,,benign,no_adverse_signal
az777.tech,2026-07-22,10,1.3709505944546687,0.3,0,1.0,-10.081685714285713,low,0.5,1,0.6,True,NOERROR,2,300,0,2,False,False,2,13335,US,False,Dynadot Inc,2,365,False,0,False,False,,benign,no_adverse_signal
skyhavenagentsolutions.shop,2026-07-22,27,3.663532754804254,0.0,0,0.5714285714285714,-6.781929268292683,low,0.5714,4,0.6363636363636364,True,NOERROR,2,600,0,2,False,False,0,16509,US,True,,,,False,33,False,False,,benign,no_adverse_signal
getthenailbarbeautyandco.shop,2026-07-22,29,3.6887218755408675,0.0,0,0.7142857142857143,-6.9797400000000005,low,0.4118,3,0.625,True,NOERROR,1,300,0,2,False,False,0,199242,US,False,,,,False,0,False,False,,benign,no_adverse_signal
adlwau291.vip,2026-07-22,13,2.94770277922009,0.23076923076923078,0,1.0,-9.544426666666668,low,0.4286,3,0.8888888888888888,True,NOERROR,1,60,0,2,False,True,0,38186,HK,True,Dynadot Inc,2,365,True,0,True,True,,malicious,spamhaus_zen
baso09.xyz,2026-07-22,10,2.584962500721156,0.2,0,1.0,-9.516633333333333,high,0.5,1,1.0,True,NOERROR,2,3,0,4,False,False,0,,US,False,Porkbun LLC,379,730,False,0,False,False,,benign,no_adverse_signal
tyjjft.shop,2026-07-22,11,1.9182958340544893,0.0,0,0.0,-10.210777777777778,low,0.4,6,0.6666666666666666,False,NOERROR,0,,0,2,False,False,0,,,,,,,False,,,False,,benign,no_adverse_signal
meditsinaimmunitet.run,2026-07-22,22,2.974937501201927,0.0,0,0.8,-6.632978787878788,low,0.5385,2,0.5,True,NOERROR,1,60,0,2,False,True,1,210756,RU,False,,,,,0,False,False,,benign,no_adverse_signal
virgo222s.click,2026-07-22,15,2.6416041678685933,0.2,0,0.5,-9.2686,medium,0.5,2,0.7777777777777778,True,NOERROR,2,300,5,2,True,False,2,13335,US,False,NAMECHEAP INC,2,365,True,0,False,False,False,benign,no_adverse_signal
flint.app,2026-07-22,9,2.321928094887362,0.0,0,0.25,-5.862085714285714,low,0.7273,2,1.0,True,NOERROR,1,1800,5,2,True,False,0,22612,US,False,,,,False,0,False,False,False,benign,no_adverse_signal
fgmm.net,2026-07-22,8,1.5,0.0,0,0.0,-10.178279999999999,low,0.4444,4,0.75,True,NOERROR,2,300,0,2,False,False,0,16509,US,True,"Spaceship, Inc.",3,365,False,0,False,False,,benign,no_adverse_signal
siamkorea.net,2026-07-22,13,2.94770277922009,0.0,0,1.25,-7.120826666666667,low,0.5714,2,0.8888888888888888,False,timeout,0,,0,0,False,False,0,,,,"Gabia, Inc.",3,1096,False,,,False,,benign,no_adverse_signal
brandsofgermanyexpress.shop,2026-07-22,27,3.6292196865240958,0.0,0,0.375,-6.9438707317073165,low,0.5,3,0.6363636363636364,True,NOERROR,1,300,0,2,False,False,0,,GE,False,,,,False,0,True,False,,malicious,spamhaus_zen
flex-stone.partners,2026-07-22,19,3.121928094887362,0.0,1,0.5,-6.905876470588235,low,0.625,2,0.9,True,NOERROR,2,24,2,4,True,False,0,,US,False,,,,,0,False,False,False,benign,no_adverse_signal
fichas-praia.net,2026-07-22,16,3.0220552088742,0.0,1,0.8333333333333334,-6.991652380952381,low,0.5217,2,0.75,True,NOERROR,2,300,0,2,False,False,2,13335,US,False,NAMECHEAP INC,3,365,True,0,False,False,,benign,no_adverse_signal
zeltranis.team,2026-07-22,14,3.169925001442312,0.0,0,0.5,-6.55576,low,0.5333,3,1.0,True,NOERROR,1,300,2,2,True,False,0,22612,US,True,,,,,0,False,False,False,benign,no_adverse_signal
zk1j6jgj.top,2026-07-22,12,2.4056390622295662,0.16666666666666666,0,0.0,-12.429130769230769,high,0.3636,3,0.75,True,NOERROR,3,60,0,2,False,True,0,138995,US,False,Dominet (HK) Limited,2,365,True,0,True,True,,malicious,spamhaus_zen
floridasurplus.fashion,2026-07-22,22,3.2359263506290326,0.0,0,0.5555555555555556,-6.915744,low,0.4348,3,0.7142857142857143,True,NOERROR,2,4,0,4,False,False,0,,US,False,Porkbun,2,365,True,0,False,False,,benign,no_adverse_signal
photofitti.center,2026-07-22,17,2.446439344671016,0.0,0,0.6666666666666666,-6.946623529411765,low,0.4762,2,0.6,True,NOERROR,2,300,0,2,False,False,2,13335,US,False,,,,,0,False,False,,benign,no_adverse_signal
hollio.shop,2026-07-22,11,1.9182958340544893,0.0,0,1.0,-6.515833333333333,low,0.5714,2,0.6666666666666666,True,NOERROR,1,300,0,2,False,False,0,,GE,False,,,,False,0,False,False,,benign,no_adverse_signal
8vn777.tech,2026-07-22,11,1.792481250360578,0.36363636363636365,0,0.0,-10.593844444444445,low,0.5455,2,0.6666666666666666,True,NOERROR,2,300,0,2,False,False,2,13335,US,False,Dynadot Inc,2,365,False,0,False,False,,benign,no_adverse_signal
vw85n4epc.top,2026-07-22,13,3.169925001442312,0.23076923076923078,0,0.2,-11.657246666666667,high,0.4,2,1.0,True,NOERROR,3,3600,1,2,True,False,0,63949,US,True,"NameSilo, LLC",366,730,True,1,False,False,True,benign,no_adverse_signal
stoovplace.shop,2026-07-22,15,3.121928094887362,0.0,0,0.6666666666666666,-7.030729411764706,low,0.5882,3,0.9,True,NOERROR,1,300,0,2,False,False,0,,GE,False,,,,False,0,False,False,,benign,no_adverse_signal
squaretable.shop,2026-07-22,16,3.095795255000934,0.0,0,0.8333333333333334,-6.761315789473684,low,0.5217,2,0.8181818181818182,True,NOERROR,1,1800,0,2,False,False,0,132203,US,False,,,,False,0,True,False,,malicious,spamhaus_zen
ceystudio.xyz,2026-07-22,13,3.169925001442312,0.0,0,0.8,-7.206113333333334,high,0.5714,3,1.0,True,NOERROR,1,3600,0,2,True,False,0,34619,TR,True,Nics Telekomunikasyon A.S.,2,365,True,1,False,False,,benign,no_adverse_signal
gkwhnqnklksu.lat,2026-07-22,16,3.0220552088742,0.0,0,0.09090909090909091,-10.356814285714286,low,0.4,11,0.75,True,NOERROR,2,300,0,2,False,False,2,13335,US,False,"GoDaddy.com, LLC",2,365,False,0,False,False,,benign,no_adverse_signal
leopamorat.buzz,2026-07-22,15,2.9219280948873623,0.0,0,1.0,-6.712552941176471,high,0.5556,1,0.8,True,NOERROR,2,300,0,2,False,False,2,13335,US,False,NAMECHEAP INC,2,365,True,0,False,False,,benign,no_adverse_signal
novabox.lol,2026-07-22,11,2.5216406363433186,0.0,0,0.75,-7.225936363636364,low,0.6154,1,0.8571428571428571,True,NOERROR,2,300,0,2,False,False,2,13335,US,False,Global Domain Group LLC,2,365,False,0,False,False,,benign,no_adverse_signal
whatstrue.news,2026-07-22,14,2.94770277922009,0.0,0,0.5,-6.869433333333333,low,0.5882,4,0.8888888888888888,False,NOERROR,0,,0,2,False,False,0,,,,,,,,,,False,,benign,no_adverse_signal
mrsofttechnologies.tech,2026-07-22,23,3.5724312513221195,0.0,0,0.5,-7.095748484848484,low,0.4706,3,0.7222222222222222,True,NOERROR,1,60,0,2,False,False,0,,IN,True,"HOSTINGER operations, UAB",2,365,False,0,False,False,,benign,no_adverse_signal
tulvarion.shop,2026-07-22,14,3.169925001442312,0.0,0,0.8,-7.247346666666667,low,0.6,2,1.0,True,NOERROR,2,300,0,2,False,False,0,16509,US,True,,,,False,0,False,False,,benign,no_adverse_signal
georgelegal.app,2026-07-22,15,2.413088436425758,0.0,0,0.8333333333333334,-6.789447368421054,low,0.5882,2,0.5454545454545454,True,NOERROR,1,60,0,2,True,False,0,57910,ES,True,,,,False,0,False,False,,benign,no_adverse_signal
56xku.top,2026-07-22,9,2.321928094887362,0.2222222222222222,0,0.5,-11.722328571428571,high,0.4444,2,1.0,True,NOERROR,3,10,0,0,False,True,0,152194,SG,False,GoDaddy.com,2,365,True,0,True,False,,malicious,spamhaus_zen
simeiportl.click,2026-07-22,16,3.121928094887362,0.0,0,0.6666666666666666,-6.7703235294117645,medium,0.5517,3,0.9,True,NOERROR,1,3603,0,3,False,False,0,400343,CA,True,"NameSilo, LLC",2,365,True,0,False,False,,benign,no_adverse_signal
cobaltpin.study,2026-07-22,15,3.169925001442312,0.0,0,0.5,-7.055246666666666,low,0.5556,3,1.0,True,NOERROR,2,300,0,2,False,False,2,13335,US,False,Global Domain Group LLC,2,365,True,0,False,False,,benign,no_adverse_signal
w777.vin,2026-07-22,8,0.8112781244591328,0.375,0,0.0,-10.45362,low,0.4444,1,0.5,True,NOERROR,2,300,0,2,False,False,2,13335,US,False,,,,,0,False,False,,benign,no_adverse_signal
pawreset.shop,2026-07-22,13,2.75,0.0,0,0.6,-7.164930769230769,low,0.6154,2,0.875,True,NOERROR,1,50,0,2,False,False,0,47583,CY,False,,,,False,32,False,False,,benign,no_adverse_signal
serenityflux.shop,2026-07-22,17,3.418295834054489,0.0,0,0.5,-6.916133333333333,low,0.5263,4,0.9166666666666666,True,NOERROR,2,300,0,2,False,False,2,13335,US,False,,,,False,0,False,False,,benign,no_adverse_signal
elninyo.top,2026-07-22,11,2.5216406363433186,0.0,0,0.75,-7.576454545454545,high,0.5714,2,0.8571428571428571,True,NOERROR,1,3603,2,3,True,False,0,58061,NL,False,"NameSilo, LLC",2,365,True,0,False,False,False,benign,no_adverse_signal
celtabet-yeni.vip,2026-07-22,17,3.180832987205441,0.0,1,0.7142857142857143,-7.586956521739131,low,0.4444,2,0.7692307692307693,False,NOERROR,0,,0,2,False,False,0,,,,"NameSilo, LLC",2,365,True,,,False,,benign,no_adverse_signal
eceleemew.shop,2026-07-22,14,1.8799649487271108,0.0,0,1.25,-6.857126666666667,low,0.5,1,0.5555555555555556,False,NOERROR,0,,0,2,False,False,0,,,,,,,False,,,False,,benign,no_adverse_signal
padn3v8s4xwnkc.top,2026-07-22,18,3.6644977792004623,0.16666666666666666,0,0.1,-10.849924000000001,high,0.4211,5,0.9285714285714286,True,NOERROR,3,60,0,2,False,True,0,152194,CN,False,Dynadot LLC,2,365,True,0,True,True,,malicious,spamhaus_zen
5cbz.shop,2026-07-22,9,2.0,0.1111111111111111,0,0.0,-11.37022,low,0.5,3,1.0,True,NOERROR,6,60,0,2,False,True,0,8075,KR,False,,,,False,0,False,True,,malicious,spamhaus_dbl
mensupportqc.shop,2026-07-22,17,3.418295834054489,0.0,0,0.3333333333333333,-7.508547619047619,low,0.5,4,0.9166666666666666,True,NOERROR,2,300,0,2,False,False,2,13335,US,False,,,,False,0,False,False,,benign,no_adverse_signal
5r2dxw.top,2026-07-22,10,2.584962500721156,0.2,0,0.0,-12.105155555555557,high,0.4,3,1.0,False,NOERROR,0,,0,2,False,False,0,,,,"Todaynic.com, Inc.",2,365,True,,,True,,malicious,spamhaus_dbl
gfxoz.top,2026-07-22,9,2.321928094887362,0.0,0,0.25,-10.868957142857143,high,0.5455,3,1.0,True,NOERROR,1,3603,0,3,False,False,0,149440,MY,True,"NameSilo, LLC",2,365,True,0,False,False,,benign,no_adverse_signal
nooklio.shop,2026-07-22,12,2.1280852788913944,0.0,0,1.3333333333333333,-7.1404272727272735,low,0.5714,2,0.7142857142857143,True,NOERROR,1,1800,5,2,True,False,0,22612,US,False,,,,False,0,False,False,False,benign,no_adverse_signal
king77.tech,2026-07-22,11,2.2516291673878226,0.18181818181818182,0,0.3333333333333333,-7.643755555555556,low,0.6154,2,0.8333333333333334,True,NOERROR,2,300,0,2,False,False,2,13335,US,False,Dynadot Inc,2,365,False,0,False,False,,benign,no_adverse_signal
tokwen.top,2026-07-22,10,2.584962500721156,0.0,0,0.5,-7.7917555555555555,high,0.5455,2,1.0,False,NOERROR,0,,0,2,False,False,0,,,,Dynadot LLC,1,365,True,,,False,,benign,no_adverse_signal
btakm.top,2026-07-22,9,2.321928094887362,0.0,0,0.25,-8.390057142857142,high,0.6667,2,1.0,True,NOERROR,1,1800,0,2,False,False,0,58658,US,False,"Spaceship, Inc.",2,365,True,0,False,False,,benign,no_adverse_signal
vty20.tech,2026-07-22,10,2.321928094887362,0.2,0,0.0,-10.597114285714285,low,0.6667,3,1.0,True,NOERROR,2,300,0,2,False,False,2,13335,US,False,Dynadot Inc,2,365,False,0,False,False,,benign,no_adverse_signal
todz.live,2026-07-22,9,2.0,0.0,0,0.3333333333333333,-7.797879999999999,low,0.5,2,1.0,True,NOERROR,1,1800,0,2,False,False,0,132203,HK,False,,,,False,0,True,False,,malicious,spamhaus_zen
klayer.tech,2026-07-22,11,2.584962500721156,0.0,0,0.5,-6.964011111111111,low,0.5455,2,1.0,True,NOERROR,1,14400,0,4,False,False,0,16509,US,False,Namify Domains Inc,2,365,False,0,False,False,,benign,no_adverse_signal
irany-it.xyz,2026-07-22,12,2.75,0.0,1,0.75,-7.4459,high,0.5714,2,0.875,True,NOERROR,2,300,1,2,False,False,2,13335,US,False,Dynadot Inc,2,365,False,0,False,False,False,benign,no_adverse_signal
m88-ok.buzz,2026-07-22,11,2.2516291673878226,0.18181818181818182,1,0.5,-10.245266666666668,high,0.4286,1,0.8333333333333334,True,NOERROR,2,300,0,2,False,False,2,13335,US,False,Dynadot Inc,2,365,False,0,False,False,,benign,no_adverse_signal
derssl.top,2026-07-22,10,2.251629167387823,0.0,0,0.2,-6.703733333333333,high,0.6,4,0.8333333333333334,True,NOERROR,2,300,0,2,False,False,2,13335,US,False,"NameSilo, LLC",2,365,True,0,False,False,,benign,no_adverse_signal
thewellnesspath.shop,2026-07-22,20,3.0565647621309537,0.0,0,0.36363636363636365,-6.757859259259259,low,0.4348,3,0.6,False,NXDOMAIN,0,,0,0,False,False,0,,,,,,,False,,,False,,benign,no_adverse_signal
60762144.top,2026-07-22,12,2.5,0.6666666666666666,0,0.0,-10.727076923076924,high,0.3636,0,0.75,False,timeout,0,,0,0,False,False,0,,,,Dynadot LLC,2,365,True,,,False,,benign,no_adverse_signal
finanzen-invest.app,2026-07-22,19,3.1068905956085184,0.0,1,0.5555555555555556,-6.955848148148148,low,0.5,2,0.6666666666666666,True,NOERROR,1,1800,5,2,True,False,0,22612,US,False,,,,False,0,False,False,False,benign,no_adverse_signal
foxbet24.top,2026-07-22,12,3.0,0.16666666666666666,0,0.5,-7.990661538461539,high,0.5714,2,1.0,True,NOERROR,3,300,0,2,False,False,3,13335,US,False,URL Solutions Inc.,2,365,True,0,False,True,,malicious,spamhaus_dbl
serv5780269.pro,2026-07-22,15,3.459431618637298,0.4666666666666667,0,0.3333333333333333,-10.127194736842105,low,0.3636,2,1.0,False,NXDOMAIN,0,,0,0,False,False,0,,,,,,,,,,False,,benign,no_adverse_signal
chunkden.net,2026-07-22,12,2.75,0.0,0,0.3333333333333333,-7.415976923076924,low,0.5714,3,0.875,False,NOERROR,0,,5,2,True,False,0,,,,NAMECHEAP INC,3,365,True,,,False,False,benign,no_adverse_signal
bethesdagearworld.shop,2026-07-22,22,3.4548223999466066,0.0,0,0.5454545454545454,-6.881654838709677,low,0.5,3,0.7058823529411765,True,NOERROR,1,300,0,2,False,False,0,199242,GE,False,,,,False,0,True,False,,malicious,spamhaus_zen
meridivo.shop,2026-07-22,13,2.75,0.0,0,1.0,-6.633876923076922,low,0.6154,1,0.875,True,NOERROR,2,300,0,2,False,False,2,13335,US,False,,,,False,0,False,False,,benign,no_adverse_signal
peoplegrid.xyz,2026-07-22,14,2.9219280948873623,0.0,0,0.6666666666666666,-6.99900588235294,high,0.5882,2,0.8,True,NOERROR,1,3600,1,2,True,False,0,133618,AU,True,CommuniGal Communication Ltd.,1,365,False,0,False,False,False,benign,no_adverse_signal
r88d.tech,2026-07-22,9,1.5,0.2222222222222222,0,0.0,-10.48324,low,0.4444,1,0.75,True,NOERROR,2,300,0,2,False,False,2,13335,US,False,Dynadot Inc,2,365,False,0,False,False,,benign,no_adverse_signal
8usbgd.top,2026-07-22,10,2.584962500721156,0.1,0,0.25,-10.022655555555556,high,0.5,4,1.0,False,NXDOMAIN,0,,0,0,False,False,0,,,,"NameSilo, LLC",2,365,True,,,False,,benign,no_adverse_signal
holyshit.website,2026-07-22,16,2.75,0.0,0,0.3333333333333333,-7.0707615384615385,low,0.4706,4,0.875,True,NOERROR,1,1799,5,2,True,False,0,201814,PL,False,NAMECHEAP INC,2,365,True,0,True,False,False,malicious,spamhaus_zen
adkinshomeservices.forum,2026-07-22,24,3.5304930567574826,0.0,0,0.6363636363636364,-6.486824242424243,low,0.7097,3,0.7222222222222222,True,NOERROR,2,1,1,4,True,False,0,,US,False,Porkbun LLC,1,365,False,0,False,False,False,benign,no_adverse_signal
lobey.live,2026-07-22,10,2.321928094887362,0.0,0,0.6666666666666666,-7.113157142857142,low,0.6,1,1.0,True,NOERROR,2,300,0,2,False,False,2,13335,US,False,,,,False,0,False,False,,benign,no_adverse_signal
gauqh4ij68u.shop,2026-07-22,16,3.277613436819116,0.1875,0,1.0,-11.91881052631579,low,0.375,2,0.9090909090909091,False,NOERROR,0,,0,2,False,False,0,,,,,,,False,,,False,,benign,no_adverse_signal
4ubeauty.net,2026-07-22,12,2.75,0.08333333333333333,0,1.3333333333333333,-7.872923076923077,low,0.5714,2,0.875,True,NOERROR,1,86400,0,2,False,False,0,16509,US,True,"TUCOWS.COM, CO.",737,1095,True,0,False,False,,benign,no_adverse_signal
168166.vip,2026-07-22,10,1.4591479170272448,0.6,0,0.0,-10.07492222222222,low,0.4444,0,0.5,True,NOERROR,1,600,0,2,False,False,0,9294,SC,False,NameMart Pte. Ltd.,2,365,True,0,False,False,,benign,no_adverse_signal
dsmcollect.shop,2026-07-22,15,2.9219280948873623,0.0,0,0.25,-6.994311764705882,low,0.5556,4,0.8,True,NOERROR,1,300,0,2,False,False,0,199242,GE,True,,,,False,0,False,False,,benign,no_adverse_signal
cnass.cfd,2026-07-22,9,1.9219280948873623,0.0,0,0.25,-6.9198571428571425,low,0.6667,2,0.8,True,NOERROR,2,300,0,2,False,False,0,16509,US,True,"Spaceship, Inc.",2,365,False,0,False,False,,benign,no_adverse_signal
vuno.chat,2026-07-22,9,2.0,0.0,0,1.0,-8.16394,low,0.6,1,1.0,True,NOERROR,1,1799,5,2,True,False,0,13335,US,False,,,,False,0,False,False,False,benign,no_adverse_signal
jlt526.top,2026-07-22,10,2.584962500721156,0.3,0,0.0,-11.528055555555556,high,0.4,3,1.0,False,NXDOMAIN,0,,0,0,False,False,0,,,,,,,False,,,False,,benign,no_adverse_signal
disonimbia.center,2026-07-22,17,2.8464393446710154,0.0,0,1.0,-6.812205882352941,low,0.5,2,0.8,True,NOERROR,2,300,0,2,False,False,2,13335,US,False,,,,,0,False,False,,benign,no_adverse_signal
tidewatersurfaces.net,2026-07-22,21,3.337175341123077,0.0,0,0.7,-6.7132387096774195,low,0.5385,2,0.6470588235294118,False,NOERROR,0,,2,4,True,False,0,,,,Porkbun LLC,2,365,False,,,False,False,benign,no_adverse_signal
sercan3398.xyz,2026-07-22,14,3.1219280948873624,0.2857142857142857,0,0.5,-8.456641176470589,high,0.5556,2,0.9,True,NOERROR,2,34,0,4,False,False,0,,US,False,Porkbun LLC,379,730,False,0,False,False,,benign,no_adverse_signal
jntokc.app,2026-07-22,10,2.584962500721156,0.0,0,0.2,-8.069266666666667,low,0.5455,3,1.0,True,NOERROR,2,30,0,4,False,False,0,,US,False,,,,False,0,False,False,,benign,no_adverse_signal
x6n-cq8r1.net,2026-07-22,13,3.169925001442312,0.23076923076923078,1,0.0,-11.947239999999999,low,0.4286,2,1.0,True,NOERROR,1,60,0,2,False,True,0,16509,JP,True,Gname.com Pte. Ltd.,3,365,True,0,False,False,,benign,no_adverse_signal
hqf-pdf.net,2026-07-22,11,2.5216406363433186,0.0,1,0.0,-10.767172727272728,low,0.4,3,0.8571428571428571,True,NOERROR,1,3600,3,2,True,False,0,16276,FR,True,"OVH, SAS",3,1096,True,10,False,False,False,benign,no_adverse_signal
myfkd.net,2026-07-22,9,2.321928094887362,0.0,0,0.0,-10.458985714285715,low,0.5,5,1.0,False,NOERROR,0,,1,2,True,False,0,,,,"Cloudflare, Inc.",2,731,True,,,False,False,benign,no_adverse_signal
22r5ga.top,2026-07-22,10,2.2516291673878226,0.3,0,0.5,-11.760233333333334,high,0.4444,1,0.8333333333333334,False,NOERROR,0,,0,2,False,False,0,,,,"Todaynic.com, Inc.",2,365,True,,,True,,malicious,spamhaus_dbl
4592hm.buzz,2026-07-22,11,2.584962500721156,0.36363636363636365,0,0.0,-11.77508888888889,high,0.4,2,1.0,True,NOERROR,2,300,0,2,False,False,2,13335,US,False,"NameSilo, LLC",2,365,True,0,False,False,,benign,no_adverse_signal
axrealex.pro,2026-07-22,12,2.25,0.0,0,1.0,-7.320461538461538,low,0.5263,2,0.625,True,NOERROR,3,3603,0,3,False,False,0,63949,US,True,,,,,9,False,False,,benign,no_adverse_signal
征途国际.vip,2026-07-22,8,2.0,0.0,0,0.0,-15.765899999999998,low,0.0,4,1.0,True,NOERROR,1,10800,0,2,False,False,0,16509,US,True,Dynadot Inc,2,365,True,24,False,False,,benign,no_adverse_signal
birutoto.cloud,2026-07-22,14,2.5,0.0,0,1.0,-6.917861538461538,low,0.5556,1,0.75,True,NOERROR,2,300,0,2,False,False,2,13335,US,False,GoDaddy,2,365,False,0,False,False,,benign,no_adverse_signal
huibanuja.shop,2026-07-22,14,2.725480556997868,0.0,0,1.25,-8.05326,low,0.5333,1,0.7777777777777778,True,NOERROR,2,300,0,2,False,False,2,13335,US,False,,,,False,0,False,False,,benign,no_adverse_signal
zeytinburnubayen.xyz,2026-07-22,20,3.202819531114783,0.0,0,0.6,-7.7479,high,0.4348,2,0.625,True,NOERROR,2,300,0,2,False,False,2,13335,US,False,Dynadot Inc,2,365,False,0,False,False,,benign,no_adverse_signal
open6d.xyz,2026-07-22,10,2.584962500721156,0.1,0,0.6666666666666666,-8.829777777777778,high,0.7692,1,1.0,False,NOERROR,0,,0,2,False,False,0,,,,Alibaba Cloud Computing Ltd. d/b/a HiChina (www.net.cn),2,3653,False,,,False,,benign,no_adverse_signal
83562129.top,2026-07-22,12,2.75,0.6666666666666666,0,0.0,-11.065484615384616,high,0.3636,0,0.875,False,NOERROR,0,,0,2,False,False,0,,,,Dynadot LLC,2,365,True,,,False,,benign,no_adverse_signal
my-productte.click,2026-07-22,18,3.4182958340544896,0.0,1,0.375,-7.498538095238096,medium,0.5455,3,0.9166666666666666,True,NOERROR,2,300,0,2,False,False,2,13335,US,False,Global Domain Group LLC,2,365,False,0,False,False,,benign,no_adverse_signal
heartbeats.pro,2026-07-22,14,2.721928094887362,0.0,0,0.6666666666666666,-6.560958823529411,low,0.5385,3,0.7,True,NOERROR,1,86400,0,2,False,False,0,16509,US,True,,,,,0,False,False,,benign,no_adverse_signal
cdm0.homes,2026-07-22,10,2.0,0.1,0,0.0,-10.514520000000001,low,0.6667,3,1.0,True,NOERROR,1,360,5,2,True,False,0,396982,US,True,NAMECHEAP INC,2,365,False,0,False,False,False,benign,no_adverse_signal
devineintelligence4me.net,2026-07-22,25,3.105672184271432,0.04,0,0.8181818181818182,-6.879658974358974,low,0.4516,2,0.5238095238095238,True,NOERROR,2,600,0,2,False,False,0,16509,US,True,"GoDaddy.com, LLC",3,365,False,33,False,False,,benign,no_adverse_signal
gmuewd255.vip,2026-07-22,13,2.9477027792200903,0.23076923076923078,0,0.5,-9.638959999999999,low,0.4286,2,0.8888888888888888,True,NOERROR,1,60,0,2,False,True,0,38186,HK,True,Dynadot Inc,2,365,True,0,True,True,,malicious,spamhaus_zen
barongmng.xyz,2026-07-22,13,2.725480556997868,0.0,0,0.2857142857142857,-7.34584,high,0.5,5,0.7777777777777778,True,NOERROR,2,48,0,4,False,False,0,,US,False,Porkbun LLC,379,730,False,0,False,False,,benign,no_adverse_signal
beautytemporaltion.courses,2026-07-22,26,3.572431251322119,0.0,0,0.8,-6.645106060606061,low,0.5517,3,0.7222222222222222,True,NOERROR,2,300,0,2,False,False,2,13335,US,False,Dynadot Inc,2,365,True,0,False,False,,benign,no_adverse_signal
1ffx.shop,2026-07-22,9,1.5,0.1111111111111111,0,0.0,-10.913120000000001,low,0.5714,3,0.75,True,NOERROR,6,60,0,2,False,True,0,8075,KR,False,,,,False,0,True,True,,malicious,spamhaus_zen
53762146.top,2026-07-22,12,2.75,0.6666666666666666,0,0.0,-10.94493076923077,high,0.3636,0,0.875,False,NOERROR,0,,0,2,False,False,0,,,,Dynadot LLC,2,365,True,,,False,,benign,no_adverse_signal
5mrm.shop,2026-07-22,9,1.5,0.1111111111111111,0,0.0,-10.43968,low,0.4444,3,0.75,True,NOERROR,6,60,0,2,False,True,0,8075,KR,False,,,,False,0,True,True,,malicious,spamhaus_zen
trivialos.app,2026-07-22,13,2.94770277922009,0.0,0,0.8,-6.519873333333334,low,0.5263,2,0.8888888888888888,True,NOERROR,2,1800,0,2,False,False,0,16509,US,False,,,,False,0,False,False,,benign,no_adverse_signal
news-bbcnow.tech,2026-07-22,16,2.9139770731827523,0.0,1,0.25,-7.875305263157895,low,0.4706,4,0.7272727272727273,True,NOERROR,1,86400,0,2,False,False,0,216071,NL,True,Registrar of Domain Names REG.RU LLC,2,365,False,0,False,False,,benign,no_adverse_signal
inkwellco-lab.design,2026-07-22,20,3.334679141051595,0.0,1,0.5,-7.572391304347826,low,0.4444,3,0.8461538461538461,False,NOERROR,0,,2,2,True,False,0,,,,https://www.spaceship.com/,2,1096,True,,,False,False,benign,no_adverse_signal
mytechtrove.shop,2026-07-22,16,3.095795255000934,0.0,0,0.375,-6.863684210526316,low,0.5455,4,0.8181818181818182,True,NOERROR,1,86400,0,2,False,False,0,16509,US,True,,,,False,0,False,False,,benign,no_adverse_signal
messwuger.top,2026-07-22,13,2.725480556997868,0.0,0,0.5,-7.632006666666667,high,0.5333,3,0.7777777777777778,False,timeout,0,,0,0,False,False,0,,,,Chengdu west dimension digital,2,365,True,,,False,,benign,no_adverse_signal
r7e9j.click,2026-07-22,11,2.321928094887362,0.18181818181818182,0,0.5,-12.808842857142858,medium,0.5,1,1.0,True,NOERROR,1,360,5,2,True,False,0,396982,US,True,NAMECHEAP INC,2,365,False,0,False,False,False,benign,no_adverse_signal
pinnaclemarket.shop,2026-07-22,19,3.378783493486176,0.0,0,0.5555555555555556,-6.550276,low,0.6087,2,0.7857142857142857,True,NOERROR,2,300,0,2,False,False,2,13335,US,False,,,,False,0,False,False,,benign,no_adverse_signal
kinoknigiiskusstvo.run,2026-07-22,22,2.974937501201927,0.0,0,0.6363636363636364,-7.6576121212121215,low,0.4,4,0.5,True,NOERROR,1,60,0,2,False,True,1,210756,RU,False,,,,,0,False,True,,malicious,spamhaus_dbl
nalehatko.pro,2026-07-22,13,2.94770277922009,0.0,0,0.8,-7.1705266666666665,low,0.5882,2,0.8888888888888888,True,NOERROR,1,1800,2,2,True,False,0,197019,CZ,False,,,,,0,False,False,False,benign,no_adverse_signal
myals.top,2026-07-22,9,2.321928094887362,0.0,0,0.25,-7.121257142857142,high,0.6667,2,1.0,True,NOERROR,2,300,0,2,False,False,0,16509,US,True,"Spaceship, Inc.",2,365,True,0,False,False,,benign,no_adverse_signal
rightlysacredsquid.shop,2026-07-22,23,3.7254805569978675,0.0,0,0.38461538461538464,-7.5071393939393944,low,0.4667,6,0.7777777777777778,True,NOERROR,1,1800,5,2,True,False,0,22612,US,False,,,,False,0,False,False,False,benign,no_adverse_signal
slothoky288wd.live,2026-07-22,18,3.3927474104487847,0.16666666666666666,0,0.25,-8.816217391304347,low,0.4,2,0.8461538461538461,True,NOERROR,2,300,0,2,False,False,2,13335,US,False,,,,False,0,False,False,,benign,no_adverse_signal
8m3rm7.top,2026-07-22,10,2.2516291673878226,0.3,0,0.0,-12.134422222222222,high,0.375,2,0.8333333333333334,False,NOERROR,0,,0,2,False,False,0,,,,"Todaynic.com, Inc.",2,365,True,,,True,,malicious,spamhaus_dbl
vn690.tech,2026-07-22,10,2.321928094887362,0.3,0,0.0,-10.903171428571428,low,0.5,2,1.0,True,NOERROR,2,300,0,2,False,False,2,13335,US,False,Dynadot Inc,2,365,False,0,False,False,,benign,no_adverse_signal
algyccgh.shop,2026-07-22,13,2.5,0.0,0,0.14285714285714285,-9.58573076923077,low,0.5,7,0.75,True,NOERROR,2,300,0,2,False,False,2,13335,US,False,,,,False,0,False,False,,benign,no_adverse_signal
ordercore.app,2026-07-22,13,2.197159723424149,0.0,0,0.8,-6.1573,low,0.5714,2,0.5555555555555556,True,NOERROR,1,50,0,2,False,False,0,47583,CY,False,,,,False,32,False,False,,benign,no_adverse_signal
wanderingwell.net,2026-07-22,17,3.085055102756477,0.0,0,0.4444444444444444,-6.468991304347826,low,0.5,3,0.6923076923076923,False,NOERROR,0,,0,3,False,False,0,,,,DREAMHOST,3,365,True,,,False,,benign,no_adverse_signal
decoflor.art,2026-07-22,12,2.75,0.0,0,0.6,-6.887653846153847,low,0.5333,2,0.875,True,NOERROR,1,3600,3,2,True,False,0,16276,FR,True,"OVH, SAS",2,365,True,10,False,False,False,benign,no_adverse_signal
pr1v8.chat,2026-07-22,10,2.321928094887362,0.2,0,0.0,-11.994885714285715,low,0.5,2,1.0,True,NOERROR,1,1800,5,2,True,False,0,22612,US,False,,,,False,0,False,False,False,benign,no_adverse_signal
theserkenlabs298.cfd,2026-07-22,20,3.577819531114783,0.15,0,0.4444444444444444,-7.606962068965517,low,0.5333,2,0.8125,True,NOERROR,2,38,0,4,False,False,0,,US,False,Porkbun LLC,379,730,False,0,False,False,,benign,no_adverse_signal
cascadedesign.net,2026-07-22,17,2.931208948910323,0.0,0,0.625,-6.580865217391305,low,0.5833,2,0.6153846153846154,True,NOERROR,2,30,0,2,True,False,2,14618,US,True,DropCatch.com 1294 LLC,3,365,False,0,False,False,,benign,no_adverse_signal
favpet.shop,2026-07-22,11,2.584962500721156,0.0,0,0.5,-8.091144444444446,low,0.5455,2,1.0,True,NOERROR,1,60,5,2,True,False,0,14618,US,True,,,,False,0,False,False,False,benign,no_adverse_signal
jitu89.website,2026-07-22,14,2.584962500721156,0.14285714285714285,0,1.0,-9.29278888888889,low,0.5,1,1.0,True,NOERROR,1,14400,1,2,True,False,0,38623,KH,False,"NameSilo, LLC",2,365,True,0,True,False,True,malicious,spamhaus_zen
tamiconsultoriavendasltda.lat,2026-07-22,29,3.653660689688185,0.0,0,0.6666666666666666,-6.821908510638298,low,0.4103,4,0.56,True,NOERROR,1,3600,0,2,False,False,0,24940,DE,True,"Spaceship, Inc.",2,365,False,0,False,False,,benign,no_adverse_signal
pakbikes.net,2026-07-22,12,2.75,0.0,0,0.6,-7.7389,low,0.6154,2,0.875,True,NOERROR,2,300,0,2,True,False,2,14618,US,True,DropCatch.com 1124 LLC,3,365,False,0,False,False,,benign,no_adverse_signal
24xkp.top,2026-07-22,9,2.321928094887362,0.2222222222222222,0,0.0,-11.3117,high,0.4,3,1.0,True,NOERROR,3,10,0,0,False,True,0,152194,SG,False,GoDaddy.com,2,365,True,0,True,True,,malicious,spamhaus_zen
xhamster25.lat,2026-07-22,14,3.321928094887362,0.14285714285714285,0,0.3333333333333333,-7.536982352941177,low,0.8889,3,1.0,True,NOERROR,2,300,0,2,False,False,2,13335,US,False,"Spaceship, Inc.",2,365,False,0,False,False,,benign,no_adverse_signal
olutunomo.shop,2026-07-22,14,2.4193819456463714,0.0,0,1.25,-6.997506666666666,low,0.625,1,0.6666666666666666,True,NOERROR,1,14400,1,4,True,False,0,14555,US,True,,,,False,0,False,False,False,benign,no_adverse_signal
redwoodprecisioncoverage.click,2026-07-22,30,3.4701755214643453,0.0,0,0.8461538461538461,-6.816764444444444,medium,0.4242,3,0.5416666666666666,True,NOERROR,2,15,1,4,True,False,0,,US,False,Porkbun LLC,1,365,False,0,False,False,False,benign,no_adverse_signal
dfgvdgvkj.shop,2026-07-22,14,2.5032583347756456,0.0,0,0.0,-11.12636,low,0.375,9,0.6666666666666666,True,NOERROR,2,600,0,2,False,False,0,16509,US,True,,,,False,33,False,False,,benign,no_adverse_signal
felobater.xyz,2026-07-22,13,2.94770277922009,0.0,0,0.8,-6.4022266666666665,high,0.6667,1,0.8888888888888888,True,NOERROR,2,8,0,4,False,False,0,,US,False,Porkbun LLC,379,730,False,0,False,False,,benign,no_adverse_signal
raynesbabyworldhome.shop,2026-07-22,24,3.616348566075163,0.0,0,0.46153846153846156,-7.405362857142857,low,0.4516,4,0.6842105263157895,True,NOERROR,1,300,0,2,False,False,0,,GE,False,,,,False,0,False,False,,benign,no_adverse_signal
hkpy.shop,2026-07-22,9,2.0,0.0,0,0.0,-10.1702,low,0.5714,4,1.0,True,NOERROR,3,3600,1,2,True,False,0,63949,US,True,,,,False,0,False,False,True,benign,no_adverse_signal
rinsasvene.pro,2026-07-22,14,2.7219280948873625,0.0,0,0.6666666666666666,-6.671335294117647,low,0.5333,2,0.7,True,NOERROR,2,300,0,2,False,False,2,13335,US,False,,,,,0,False,False,,benign,no_adverse_signal
speechbydesign.studio,2026-07-22,21,3.3248629576173574,0.0,0,0.4,-7.432404,low,0.4762,5,0.7857142857142857,True,NOERROR,4,14400,0,4,True,False,0,53831,US,False,,,,False,15,False,False,,benign,no_adverse_signal
teodipresu.center,2026-07-22,17,3.121928094887362,0.0,0,1.0,-6.915305882352941,low,0.6316,2,0.9,True,NOERROR,2,300,0,2,False,False,2,13335,US,False,,,,,0,False,False,,benign,no_adverse_signal
p982.buzz,2026-07-22,9,2.0,0.3333333333333333,0,0.0,-11.70278,high,0.4,1,1.0,True,NOERROR,2,300,0,2,False,False,2,13335,US,False,"Spaceship, Inc.",1,365,False,0,False,False,,benign,no_adverse_signal
lima120417giris.xyz,2026-07-22,19,3.4565647621309536,0.3157894736842105,0,0.8,-8.872522222222223,high,0.4211,1,0.8,True,NOERROR,2,47,0,4,False,False,0,,US,False,Porkbun LLC,379,730,False,0,False,False,,benign,no_adverse_signal
vip558bvt.live,2026-07-22,14,2.725480556997868,0.21428571428571427,0,0.2,-10.499246666666666,low,0.3529,3,0.7777777777777778,True,NOERROR,2,300,0,2,False,False,2,13335,US,False,,,,False,0,False,False,,benign,no_adverse_signal
ochrelix.shop,2026-07-22,13,3.0,0.0,0,0.6,-6.946784615384615,low,0.5333,3,1.0,True,NOERROR,1,600,0,2,False,False,0,13335,CA,True,,,,False,0,False,False,,benign,no_adverse_signal
8636.app,2026-07-22,8,1.5,0.5,0,0.0,-11.1721,low,0.5714,0,0.75,True,NOERROR,2,3600,0,2,False,False,0,16509,US,True,,,,False,11,False,False,,benign,no_adverse_signal
souldebt.xyz,2026-07-22,12,3.0,0.0,0,0.6,-7.618323076923077,high,0.5556,2,1.0,True,NOERROR,2,300,0,2,False,False,2,13335,US,False,Alibaba Cloud Computing Ltd. d/b/a HiChina (www.net.cn),2,365,False,0,False,False,,benign,no_adverse_signal
premierinvitationclub.xyz,2026-07-22,25,3.6304126608739975,0.0,0,0.75,-6.501553846153846,high,0.4375,3,0.6666666666666666,True,NOERROR,2,300,5,2,True,False,2,13335,US,False,NAMECHEAP INC,2,365,True,0,False,False,False,benign,no_adverse_signal
circoglamtu.center,2026-07-22,18,3.2776134368191165,0.0,0,0.5714285714285714,-7.493863157894737,low,0.5,2,0.9090909090909091,True,NOERROR,2,300,0,2,False,False,2,13335,US,False,,,,,0,False,False,,benign,no_adverse_signal
sc08rdc5.top,2026-07-22,12,2.75,0.25,0,0.0,-11.367938461538461,high,0.5714,3,0.875,False,NOERROR,0,,0,2,False,False,0,,,,Dynadot LLC,2,365,True,,,False,,benign,no_adverse_signal
touchlamop.shop,2026-07-22,15,3.121928094887362,0.0,0,0.6666666666666666,-7.3051941176470585,low,0.5,3,0.9,True,NOERROR,1,1800,0,2,False,False,0,132203,US,False,,,,False,0,True,False,,malicious,spamhaus_zen
spotlightadvocate.net,2026-07-22,21,3.572469458770136,0.0,0,0.5454545454545454,-7.022854838709678,low,0.4615,3,0.7647058823529411,True,NOERROR,1,1800,5,2,True,False,0,22612,US,False,NAMECHEAP INC,3,365,True,0,False,False,False,benign,no_adverse_signal
voidlabs.llc,2026-07-22,12,3.0,0.0,0,0.6,-7.513753846153846,low,0.6667,2,1.0,True,NOERROR,1,1800,1,2,False,False,0,22612,US,False,,,,,0,False,False,False,benign,no_adverse_signal
lamarcaseguros.xyz,2026-07-22,18,3.182005814760214,0.0,0,0.75,-6.574884,high,0.5185,2,0.7142857142857143,True,NOERROR,1,50,2,2,True,False,0,47583,CY,False,"HOSTINGER operations, UAB",2,365,False,32,False,False,False,benign,no_adverse_signal
grippo.shop,2026-07-22,11,2.251629167387823,0.0,0,0.5,-7.0239111111111106,low,0.6,2,0.8333333333333334,True,NOERROR,1,3600,0,2,False,False,0,13335,CA,True,,,,False,0,False,False,,benign,no_adverse_signal
nohu-ok.lol,2026-07-22,11,2.5216406363433186,0.0,1,1.0,-8.950654545454546,low,0.5714,1,0.8571428571428571,True,NOERROR,2,300,0,2,False,False,2,13335,US,False,Dynadot Inc,2,365,False,0,False,False,,benign,no_adverse_signal
68w.tech,2026-07-22,8,1.584962500721156,0.25,0,0.0,-11.745666666666667,low,0.3333,1,1.0,True,NOERROR,2,300,0,2,False,False,2,13335,US,False,Dynadot Inc,2,365,False,0,False,False,,benign,no_adverse_signal
datapoolio.tech,2026-07-22,15,2.6464393446710153,0.0,0,1.5,-6.467482352941176,low,0.5882,1,0.7,False,NOERROR,0,,0,3,False,False,0,,,,"TUCOWS.COM, CO.",2,731,True,,,False,,benign,no_adverse_signal
wunschgutscheinplus.shop,2026-07-22,24,3.43162356584743,0.0,0,0.35714285714285715,-7.433325714285715,low,0.4444,5,0.631578947368421,True,NOERROR,1,300,0,2,False,False,0,199242,US,False,,,,False,0,False,False,,benign,no_adverse_signal
je777.vin,2026-07-22,9,1.3709505944546687,0.3333333333333333,0,1.0,-9.490342857142858,low,0.4,1,0.6,True,NOERROR,2,300,0,2,False,False,2,13335,US,False,,,,,0,False,False,,benign,no_adverse_signal
hongyes.net,2026-07-22,11,2.807354922057604,0.0,0,0.4,-7.347381818181819,low,0.6,3,1.0,True,NOERROR,1,1,0,2,False,True,0,40065,US,False,"NameSilo, LLC",2,365,True,0,False,False,,benign,no_adverse_signal
bedsidebasics.shop,2026-07-22,18,2.7192945256669794,0.0,0,0.625,-6.834956521739131,low,0.5,2,0.5384615384615384,True,NOERROR,1,1800,0,2,False,False,0,132203,US,False,,,,False,0,True,False,,malicious,spamhaus_zen
keluaranjitu.net,2026-07-22,16,3.2516291673878226,0.0,0,1.0,-7.2794952380952385,low,0.5263,2,0.8333333333333334,True,NOERROR,1,1800,5,2,True,False,0,22612,US,False,NAMECHEAP INC,3,365,True,0,False,False,False,benign,no_adverse_signal
morrisinjury.law,2026-07-22,16,3.0220552088742,0.0,0,0.5,-7.204985714285714,low,0.4615,2,0.75,True,NOERROR,2,600,0,2,False,False,0,16509,US,True,"GoDaddy.com, LLC",1,365,True,33,False,False,,benign,no_adverse_signal
hotbropuxo.today,2026-07-22,16,2.8464393446710154,0.0,0,0.6666666666666666,-7.892558823529411,low,0.4706,3,0.8,True,NOERROR,5,600,0,2,False,False,0,63023,DE,True,,,,,0,False,False,,benign,no_adverse_signal
k8us.tech,2026-07-22,9,2.0,0.1111111111111111,0,0.5,-11.736540000000002,low,0.6,1,1.0,True,NOERROR,2,300,0,2,False,False,2,13335,US,False,Dynadot Inc,2,365,False,0,False,False,,benign,no_adverse_signal
getsynverso.shop,2026-07-22,16,3.0957952550009344,0.0,0,0.375,-6.9767789473684205,low,0.5556,5,0.8181818181818182,True,NOERROR,2,300,5,2,True,False,2,13335,US,False,,,,False,0,False,False,False,benign,no_adverse_signal
d7j3a4tr.top,2026-07-22,12,3.0,0.25,0,0.25,-12.064807692307692,high,0.4706,2,1.0,True,NOERROR,3,60,0,2,False,True,0,138995,US,False,Dominet (HK) Limited,2,365,True,0,True,True,,malicious,spamhaus_zen
53441231.cfd,2026-07-22,12,2.25,0.6666666666666666,0,0.0,-10.281692307692309,low,0.1818,0,0.625,True,NOERROR,2,300,0,2,False,False,2,13335,US,False,"Spaceship, Inc.",2,365,False,0,False,False,,benign,no_adverse_signal
myhanro.shop,2026-07-22,12,2.807354922057604,0.0,0,0.4,-7.676381818181818,low,0.5714,3,1.0,True,NOERROR,1,300,0,2,False,False,0,199242,US,False,,,,False,0,False,False,,benign,no_adverse_signal
spectrumdiscounts.cheap,2026-07-22,23,3.4548223999466066,0.0,0,0.4166666666666667,-6.890032258064516,low,0.5161,3,0.7058823529411765,True,NOERROR,1,1800,5,2,True,False,0,22612,US,False,,,,,0,False,False,False,benign,no_adverse_signal
supportmedialy.shop,2026-07-22,19,3.6644977792004623,0.0,0,0.5555555555555556,-6.60038,low,0.5714,3,0.9285714285714286,True,NOERROR,1,60,5,2,True,False,0,14061,DE,False,,,,False,0,False,False,False,benign,no_adverse_signal
hamza0025.xyz,2026-07-22,13,2.725480556997868,0.3076923076923077,0,0.6666666666666666,-9.625673333333333,high,0.4615,2,0.7777777777777778,True,NOERROR,2,17,0,4,False,False,0,,US,False,Porkbun LLC,379,730,False,0,False,False,,benign,no_adverse_signal
selidify.net,2026-07-22,12,2.75,0.0,0,0.6,-7.030284615384615,low,0.5333,2,0.875,False,timeout,0,,0,0,False,False,0,,,,"ENOM, INC.",2,1826,True,,,False,,benign,no_adverse_signal
plumaqqpg.vip,2026-07-22,13,2.725480556997868,0.0,0,0.2857142857142857,-9.32136,low,0.5,4,0.7777777777777778,True,NOERROR,2,300,0,2,False,False,2,13335,US,False,Gname.com Pte. Ltd.,2,365,True,0,False,False,,benign,no_adverse_signal
kras296.website,2026-07-22,15,2.807354922057604,0.2,0,0.3333333333333333,-9.32160909090909,low,0.4615,2,1.0,True,NOERROR,1,300,0,2,False,False,0,63473,CH,True,Registrar of Domain Names REG.RU LLC,2,365,False,0,False,False,,benign,no_adverse_signal
doudou0623.click,2026-07-22,16,2.721928094887362,0.25,0,2.0,-9.278447058823529,medium,0.4211,1,0.7,False,NOERROR,0,,0,2,False,False,0,,,,Alibaba Cloud Computing Ltd.,5,365,False,,,False,,benign,no_adverse_signal
lateefxlabs.xyz,2026-07-22,15,2.9139770731827523,0.0,0,0.5714285714285714,-7.834657894736842,high,0.5556,3,0.7272727272727273,True,NOERROR,2,46,0,4,False,False,0,,US,False,Porkbun LLC,2,365,False,0,False,False,,benign,no_adverse_signal
888nem.tech,2026-07-22,11,1.7924812503605778,0.2727272727272727,0,0.5,-8.756566666666666,low,0.4444,1,0.6666666666666666,True,NOERROR,2,300,0,2,False,False,2,13335,US,False,Dynadot Inc,2,365,False,0,False,False,,benign,no_adverse_signal
tywwq.vip,2026-07-22,9,1.9219280948873623,0.0,0,0.0,-10.5041,low,0.5,5,0.8,True,NOERROR,2,300,0,2,False,False,2,13335,US,False,Gname.com Pte. Ltd.,2,365,True,,False,False,,benign,no_adverse_signal
pbads.top,2026-07-22,9,2.321928094887362,0.0,0,0.25,-7.453314285714286,high,0.6,2,1.0,True,NOERROR,2,300,0,2,False,False,0,16509,US,True,"Spaceship, Inc.",2,365,True,0,False,False,,benign,no_adverse_signal
zogryn.pro,2026-07-22,10,2.584962500721156,0.0,0,0.2,-8.289955555555556,low,0.6,4,1.0,True,NOERROR,2,300,0,2,False,False,2,13335,US,False,,,,,,False,False,,benign,no_adverse_signal
28xka.top,2026-07-22,9,2.321928094887362,0.2222222222222222,0,0.5,-11.388,high,0.4444,2,1.0,True,NOERROR,3,10,0,0,False,True,0,152194,SG,False,GoDaddy.com,2,365,True,0,True,True,,malicious,spamhaus_zen
88hi.tech,2026-07-22,9,1.5,0.2222222222222222,0,1.0,-10.16556,low,0.4444,1,0.75,True,NOERROR,2,300,0,2,False,False,2,13335,US,False,Dynadot Inc,2,365,False,,False,False,,benign,no_adverse_signal
eymen75.xyz,2026-07-22,11,2.5216406363433186,0.18181818181818182,0,0.6666666666666666,-8.968527272727274,high,0.5455,2,0.8571428571428571,True,NOERROR,2,25,0,4,False,False,0,,US,False,Porkbun LLC,379,730,False,0,False,False,,benign,no_adverse_signal
blakelyclothinglook.shop,2026-07-22,24,3.471354487013928,0.0,0,0.46153846153846156,-6.834422857142857,low,0.4667,4,0.6842105263157895,True,NOERROR,1,300,0,2,False,False,0,199242,GE,False,,,,False,,False,False,,benign,no_adverse_signal
plushforherboost.shop,2026-07-22,21,3.327819531114783,0.0,0,0.45454545454545453,-7.0995448275862065,low,0.4615,3,0.6875,True,NOERROR,1,300,0,2,False,False,0,199242,US,False,,,,False,,False,False,,benign,no_adverse_signal
new88b.tech,2026-07-22,11,2.251629167387823,0.18181818181818182,0,0.3333333333333333,-9.155011111111111,low,0.4615,1,0.8333333333333334,True,NOERROR,2,300,0,2,False,False,2,13335,US,False,Dynadot Inc,2,365,False,,False,False,,benign,no_adverse_signal
mentorbizblueprint.click,2026-07-22,24,3.503258334775645,0.0,0,0.5,-6.966272727272727,medium,0.5,3,0.6666666666666666,True,NOERROR,2,300,0,2,False,False,2,13335,US,False,"Dynadot, LLC",2,365,False,,False,False,,benign,no_adverse_signal
demiurge.art,2026-07-22,12,2.75,0.0,0,1.0,-7.389484615384616,low,0.6154,2,0.875,True,NOERROR,2,600,0,2,False,False,0,16509,US,True,"GoDaddy.com, LLC",2,365,True,33,False,False,,benign,no_adverse_signal
veepsmarket.shop,2026-07-22,16,3.027169118440619,0.0,0,0.5714285714285714,-6.865726315789474,low,0.5,3,0.8181818181818182,True,NOERROR,1,300,0,2,False,False,0,,GE,False,,,,False,,True,False,,malicious,spamhaus_zen
t4hm.top,2026-07-22,8,2.0,0.125,0,0.0,-11.37898,high,0.5,2,1.0,True,NOERROR,3,10,0,0,False,True,0,133199,HK,False,GoDaddy.com,2,365,True,,False,False,,benign,no_adverse_signal
maybysuit.shop,2026-07-22,14,2.94770277922009,0.0,0,0.5,-7.99446,low,0.5,4,0.8888888888888888,True,NOERROR,1,1800,5,2,True,False,0,22612,US,False,,,,False,,False,False,False,benign,no_adverse_signal
tronlysweetgames.website,2026-07-22,24,3.452819531114783,0.0,0,0.45454545454545453,-6.906013793103448,low,0.48,5,0.75,True,NOERROR,2,300,0,2,False,False,2,13335,US,False,NAMECHEAP INC,2,365,False,,False,False,,benign,no_adverse_signal
warmpicturestory.pics,2026-07-22,21,3.577819531114783,0.0,0,0.45454545454545453,-6.5971586206896555,low,0.56,3,0.8125,True,NOERROR,2,300,0,2,False,False,2,13335,US,False,"Spaceship, Inc.",2,365,False,,False,False,,benign,no_adverse_signal
watchtower-shift.study,2026-07-22,22,3.452819531114783,0.0,1,0.36363636363636365,-7.2882310344827586,low,0.5217,4,0.75,True,NOERROR,2,300,0,2,False,False,2,13335,US,False,Dynadot Inc,2,365,True,,False,False,,benign,no_adverse_signal
slickgorillacollection.shop,2026-07-22,27,3.283326937686059,0.0,0,0.5714285714285714,-6.7042,low,0.4762,3,0.5454545454545454,True,NOERROR,1,300,0,2,False,False,0,199242,US,False,,,,False,,False,False,,benign,no_adverse_signal
tt88code.click,2026-07-22,14,2.5,0.14285714285714285,0,0.5,-8.595392307692308,medium,0.5,2,0.75,False,NOERROR,0,,0,2,False,False,0,,,,"Dynadot, LLC",2,365,False,,,False,,benign,no_adverse_signal
4xwn.shop,2026-07-22,9,2.0,0.1111111111111111,0,0.0,-11.98376,low,0.4,3,1.0,True,NOERROR,6,60,0,2,False,True,0,8075,KR,False,,,,False,0,True,True,,malicious,spamhaus_zen
good8.tech,2026-07-22,10,1.9219280948873623,0.1,0,1.0,-8.0494,low,0.75,1,0.8,True,NOERROR,2,300,0,2,False,False,2,13335,US,False,Dynadot Inc,2,365,False,,False,False,,benign,no_adverse_signal
dripcasino-de.top,2026-07-22,17,3.3927474104487847,0.0,1,0.7142857142857143,-6.989056521739131,high,0.4706,2,0.8461538461538461,True,NOERROR,2,300,0,2,False,False,2,13335,US,False,Cosmotown,2,365,False,,False,False,,benign,no_adverse_signal
kx8.bingo,2026-07-22,9,1.584962500721156,0.1111111111111111,0,0.0,-11.471633333333335,low,0.3333,2,1.0,True,NOERROR,2,300,0,2,False,False,2,13335,US,False,,,,,,False,False,,benign,no_adverse_signal
00110.vip,2026-07-22,9,0.9709505944546686,0.5555555555555556,0,0.0,-9.258771428571427,low,0.25,0,0.4,True,NOERROR,1,600,0,2,False,False,0,9294,SC,False,NameMart Pte. Ltd.,2,365,True,,False,False,,benign,no_adverse_signal
riaccinfro.live,2026-07-22,15,2.721928094887362,0.0,0,0.6666666666666666,-6.987652941176471,low,0.5,3,0.7,True,NOERROR,2,300,0,2,False,False,2,13335,US,False,,,,False,,False,False,,benign,no_adverse_signal
assemblylabelco.shop,2026-07-22,20,3.0565647621309537,0.0,0,0.5,-7.275099999999999,low,0.4828,5,0.6,True,NOERROR,1,300,0,2,False,False,0,,GE,False,,,,False,,True,False,,malicious,spamhaus_zen
therewillbehellto.pay,2026-07-22,21,2.9109922530150456,0.0,0,0.5454545454545454,-6.976270967741935,low,0.4286,3,0.5294117647058824,True,NOERROR,4,14400,0,4,True,False,0,53831,US,False,,,,,15,False,False,,benign,no_adverse_signal
zrhkvnp.garden,2026-07-22,14,2.807354922057604,0.0,0,0.0,-10.861954545454545,low,0.4286,7,1.0,True,NOERROR,5,30,0,2,False,False,0,138415,HK,False,Dynadot Inc,2,365,True,0,False,False,,benign,no_adverse_signal
triturecto.media,2026-07-22,16,2.6464393446710153,0.0,0,0.6666666666666666,-6.2896,low,0.6667,2,0.7,True,NOERROR,2,300,0,2,False,False,2,13335,US,False,,,,,,False,False,,benign,no_adverse_signal
fkgtx.homes,2026-07-22,11,2.321928094887362,0.0,0,0.0,-11.039614285714284,low,0.5,5,1.0,False,NXDOMAIN,0,,0,0,False,False,0,,,,NAMECHEAP INC,2,365,False,,,False,,benign,no_adverse_signal
56ys.net,2026-07-22,8,2.0,0.25,0,0.0,-11.77268,low,0.4444,2,1.0,False,NXDOMAIN,0,,0,0,False,False,0,,,,,,,,,,False,,benign,no_adverse_signal
flatpacklife.shop,2026-07-22,17,3.084962500721156,0.0,0,0.5,-6.983328571428571,low,0.5556,3,0.75,True,NOERROR,1,1800,0,2,False,False,0,132203,US,False,,,,False,0,True,False,,malicious,spamhaus_zen
qh235.tech,2026-07-22,10,2.321928094887362,0.3,0,0.0,-11.347385714285716,low,0.2857,2,1.0,True,NOERROR,2,300,0,2,False,False,2,13335,US,False,Dynadot Inc,2,365,False,,False,False,,benign,no_adverse_signal
bornovabayen.xyz,2026-07-22,16,2.918295834054489,0.0,0,0.7142857142857143,-7.081447619047618,high,0.5,2,0.6666666666666666,True,NOERROR,2,300,0,2,False,False,2,13335,US,False,Dynadot Inc,2,365,False,,False,False,,benign,no_adverse_signal
cerahsepertilangit.shop,2026-07-22,23,3.461320140211008,0.0,0,0.6363636363636364,-6.7505848484848485,low,0.4706,2,0.6666666666666666,True,NOERROR,2,300,0,2,False,False,2,13335,US,False,,,,False,,False,False,,benign,no_adverse_signal
wjgnhweg.shop,2026-07-22,13,2.5,0.0,0,0.14285714285714285,-9.371284615384615,low,0.4286,6,0.75,True,NOERROR,1,1800,5,2,True,False,0,22612,US,False,,,,False,,False,False,False,benign,no_adverse_signal
dlstl.xyz,2026-07-22,9,1.9219280948873623,0.0,0,0.0,-7.780642857142857,high,0.6667,5,0.8,False,NOERROR,0,,0,2,False,False,0,,,,"HOSTINGER operations, UAB",26,365,False,,,False,,benign,no_adverse_signal
klinecollectivehub.shop,2026-07-22,23,3.419381945646371,0.0,0,0.6363636363636364,-6.516851515151515,low,0.5333,2,0.6666666666666666,True,NOERROR,1,300,0,2,False,False,0,,GE,False,,,,False,,False,False,,benign,no_adverse_signal
ebonitoto.lat,2026-07-22,13,2.4193819456463714,0.0,0,1.25,-6.450446666666666,low,0.5,1,0.6666666666666666,True,NOERROR,2,300,0,2,False,False,2,13335,US,False,NAMECHEAP INC,2,365,True,,False,False,,benign,no_adverse_signal
horse-gelatin.shop,2026-07-22,18,3.5465935642949384,0.0,1,0.7142857142857143,-6.748791304347827,low,0.5455,2,0.9230769230769231,True,NOERROR,2,600,0,2,False,False,0,16509,US,True,,,,False,33,False,False,,benign,no_adverse_signal
hotampeai.shop,2026-07-22,14,2.94770277922009,0.0,0,1.25,-6.900593333333333,low,0.6667,2,0.8888888888888888,True,NOERROR,2,300,0,2,False,False,2,13335,US,False,,,,False,,False,False,,benign,no_adverse_signal
hiclup.tech,2026-07-22,11,2.584962500721156,0.0,0,0.5,-7.23118888888889,low,0.7692,2,1.0,True,NOERROR,2,300,0,2,False,False,2,13335,US,False,Dynadot Inc,2,365,False,,False,False,,benign,no_adverse_signal
66vn.tech,2026-07-22,9,1.5,0.2222222222222222,0,0.0,-11.492740000000001,low,0.4444,2,0.75,True,NOERROR,2,300,0,2,False,False,2,13335,US,False,Dynadot Inc,2,365,False,,False,False,,benign,no_adverse_signal
triscene.app,2026-07-22,12,2.75,0.0,0,0.6,-6.332030769230769,low,0.5714,2,0.875,True,NOERROR,1,300,0,3,False,False,0,16509,SE,True,,,,False,,False,False,,benign,no_adverse_signal
prexhobbycentral.shop,2026-07-22,21,3.625,0.0,0,0.3333333333333333,-7.215110344827586,low,0.4375,4,0.8125,True,NOERROR,1,300,0,2,False,False,0,199242,US,False,,,,False,,False,False,,benign,no_adverse_signal
evoolipxnvsdg.shop,2026-07-22,18,3.3927474104487847,0.0,0,0.4444444444444444,-8.6087,low,0.5,7,0.8461538461538461,True,NOERROR,2,300,0,2,False,False,2,13335,US,False,,,,False,,False,False,,benign,no_adverse_signal
jawa99.website,2026-07-22,14,1.9182958340544896,0.14285714285714285,0,1.0,-9.324033333333334,low,0.5,1,0.6666666666666666,True,NOERROR,1,14400,1,2,True,False,0,38623,KH,False,"NameSilo, LLC",2,365,True,0,True,False,True,malicious,spamhaus_zen
w0q.homes,2026-07-22,9,1.584962500721156,0.1111111111111111,0,0.0,-13.316233333333335,low,0.3333,1,1.0,True,NOERROR,1,360,5,2,True,False,0,396982,US,True,NAMECHEAP INC,2,365,False,,False,False,False,benign,no_adverse_signal
cable3188.top,2026-07-22,13,2.9477027792200903,0.3076923076923077,0,0.6666666666666666,-8.475813333333333,high,0.4706,2,0.8888888888888888,True,NOERROR,2,300,0,2,False,False,2,13335,US,False,Dynadot LLC,2,365,True,,False,False,,benign,no_adverse_signal
2azt.shop,2026-07-22,9,2.0,0.1111111111111111,0,0.5,-10.68014,low,0.5714,2,1.0,True,NOERROR,6,60,0,2,False,True,0,8075,KR,False,,,,False,0,False,True,,malicious,spamhaus_dbl
fansbydstyle.shop,2026-07-22,17,3.2516291673878226,0.0,0,0.2,-7.6438999999999995,low,0.5556,9,0.8333333333333334,True,NOERROR,1,300,0,2,False,False,0,,GE,False,,,,False,,False,False,,benign,no_adverse_signal
menghuanhoushan88.xyz,2026-07-22,21,3.175123135113461,0.09523809523809523,0,0.6666666666666666,-7.236670967741936,high,0.4286,3,0.5882352941176471,False,NOERROR,0,,0,2,False,False,0,,,,Alibaba Cloud Computing Ltd. d/b/a HiChina (www.net.cn),2,365,False,,,False,,benign,no_adverse_signal
thegoodlaifu.net,2026-07-22,16,3.418295834054489,0.0,0,1.0,-7.3191523809523815,low,0.5455,2,0.9166666666666666,True,NOERROR,2,1800,0,2,False,False,0,16509,US,False,"Name.com, Inc.",2,365,True,0,False,False,,benign,no_adverse_signal
bdzzym217.vip,2026-07-22,13,2.94770277922009,0.23076923076923078,0,0.0,-10.69458,low,0.4,6,0.8888888888888888,True,NOERROR,1,60,0,2,False,True,0,38186,HK,True,Dynadot Inc,2,365,True,0,True,True,,malicious,spamhaus_zen
hashcubs.xyz,2026-07-22,12,2.5,0.0,0,0.3333333333333333,-7.762869230769231,high,0.5333,3,0.75,True,NOERROR,2,3600,0,2,False,False,0,16509,US,True,"GoDaddy.com, LLC",2,1096,False,22,False,False,,benign,no_adverse_signal
objects-id9477629.top,2026-07-22,21,3.8521687236032816,0.3333333333333333,1,0.5,-9.756841935483871,high,0.3704,3,0.8823529411764706,True,NOERROR,1,60,0,2,False,False,0,200019,SE,True,Global Domain Group LLC,1,365,True,,False,True,,malicious,spamhaus_dbl
novaroanv.shop,2026-07-22,14,2.2810361125534238,0.0,0,0.8,-7.162486666666666,low,0.4706,2,0.5555555555555556,False,timeout,0,,0,0,False,False,0,,,,,,,False,,,False,,benign,no_adverse_signal
rjryotwicgvcg.click,2026-07-22,19,3.238901256602631,0.0,0,0.18181818181818182,-9.469178260869565,medium,0.4444,5,0.7692307692307693,True,NOERROR,1,60,0,2,False,False,0,214036,DE,True,Global Domain Group LLC,2,365,False,,False,False,,benign,no_adverse_signal
bqarz.top,2026-07-22,9,2.321928094887362,0.0,0,0.25,-10.084728571428572,high,0.5,2,1.0,True,NOERROR,1,1800,0,2,False,False,0,134175,HK,False,"Spaceship, Inc.",2,365,True,,False,False,,benign,no_adverse_signal
bbanl.top,2026-07-22,9,1.9219280948873623,0.0,0,0.25,-7.136871428571429,high,0.6154,2,0.8,True,NOERROR,1,1800,0,2,False,False,0,134175,HK,False,"Spaceship, Inc.",2,365,True,,False,False,,benign,no_adverse_signal
cexahl368.vip,2026-07-22,13,3.169925001442312,0.23076923076923078,0,0.5,-9.497253333333333,low,0.5,2,1.0,True,NOERROR,1,60,0,2,False,True,0,38186,HK,True,Dynadot Inc,2,365,True,0,True,True,,malicious,spamhaus_zen
segoca28.xyz,2026-07-22,12,3.0,0.16666666666666666,0,1.0,-8.191546153846154,high,0.4444,1,1.0,True,NOERROR,2,24,0,4,False,False,0,,US,False,Porkbun LLC,379,730,False,0,False,False,,benign,no_adverse_signal
theodon.pro,2026-07-22,11,2.521640636343318,0.0,0,0.75,-6.865763636363636,low,0.5714,2,0.8571428571428571,True,NOERROR,2,120,0,4,False,False,0,16509,DE,True,,,,,17,False,False,,benign,no_adverse_signal
nxcuei.shop,2026-07-22,11,2.584962500721156,0.0,0,1.0,-8.938277777777778,low,0.5,3,1.0,True,NOERROR,1,300,0,2,False,False,0,63949,US,True,,,,False,14,False,False,,benign,no_adverse_signal
bmagk.top,2026-07-22,9,2.321928094887362,0.0,0,0.25,-8.270185714285715,high,0.5455,2,1.0,True,NOERROR,1,1800,0,2,False,False,0,134175,HK,False,"Spaceship, Inc.",2,365,True,,False,False,,benign,no_adverse_signal
io9huu3z.top,2026-07-22,12,2.75,0.16666666666666666,0,2.0,-11.690007692307692,high,0.5,1,0.875,True,NOERROR,3,60,0,2,False,True,0,138995,US,False,Dominet (HK) Limited,2,365,True,0,True,True,,malicious,spamhaus_zen
stonkz.green,2026-07-22,12,2.584962500721156,0.0,0,0.2,-7.223922222222222,low,0.5,3,1.0,True,NOERROR,1,1800,5,2,True,False,0,22612,US,False,,,,,,False,False,False,benign,no_adverse_signal
abcd1238.buzz,2026-07-22,13,3.0,0.3076923076923077,0,0.3333333333333333,-9.404307692307693,high,0.4615,3,1.0,True,NOERROR,1,600,0,2,False,False,0,132813,HK,False,"GoDaddy.com, LLC",2,365,False,,False,False,,benign,no_adverse_signal
anytimelandscaping.pro,2026-07-22,22,3.530493056757482,0.0,0,0.5,-6.49480303030303,low,0.56,4,0.7222222222222222,True,NOERROR,1,300,2,2,True,False,0,22612,US,True,,,,,,False,False,False,benign,no_adverse_signal
rexanoame.click,2026-07-22,15,2.725480556997868,0.0,0,1.25,-7.17862,medium,0.625,1,0.7777777777777778,True,NOERROR,2,300,0,2,False,False,2,13335,US,False,"Dynadot, LLC",2,365,False,,False,False,,benign,no_adverse_signal
radevscabe.live,2026-07-22,15,2.9219280948873623,0.0,0,0.6666666666666666,-7.083747058823529,low,0.5333,3,0.8,True,NOERROR,2,300,0,2,False,False,2,13335,US,False,,,,False,,False,False,,benign,no_adverse_signal
treasuretrailsgear.shop,2026-07-22,23,2.974937501201927,0.0,0,0.8,-6.671251515151515,low,0.5161,3,0.5,True,NOERROR,1,300,0,2,False,False,0,,GE,False,,,,False,,False,False,,benign,no_adverse_signal
parvi.xyz,2026-07-22,9,2.321928094887362,0.0,0,0.6666666666666666,-6.484757142857143,high,0.6,2,1.0,True,NOERROR,1,3600,0,2,True,False,0,34619,TR,True,Nics Telekomunikasyon A.S.,2,365,True,1,False,False,,benign,no_adverse_signal
teachtoolhub.forum,2026-07-22,18,3.084962500721156,0.0,0,0.7142857142857143,-7.2716047619047615,low,0.5263,3,0.75,True,NOERROR,2,300,0,2,False,False,2,13335,US,False,"NameSilo, LLC",2,365,True,,False,False,,benign,no_adverse_signal
notophyll.xyz,2026-07-22,13,2.725480556997868,0.0,0,0.2857142857142857,-7.668686666666667,high,0.5,5,0.7777777777777778,False,timeout,0,,0,0,False,False,0,,,,Dynadot Inc,42,365,False,,,False,,benign,no_adverse_signal
rolixa.click,2026-07-22,12,2.584962500721156,0.0,0,1.0,-7.118655555555555,medium,0.6667,1,1.0,True,NOERROR,1,300,0,2,False,False,0,393960,GB,True,"Sav.com, LLC",2,365,False,,False,False,,benign,no_adverse_signal
5hxk.shop,2026-07-22,9,2.0,0.1111111111111111,0,0.0,-12.09194,low,0.2857,3,1.0,True,NOERROR,6,60,0,2,False,True,0,8075,KR,False,,,,False,0,True,True,,malicious,spamhaus_zen
baskilbayen.xyz,2026-07-22,15,3.0957952550009344,0.0,0,0.5714285714285714,-7.336368421052631,high,0.5333,2,0.8181818181818182,True,NOERROR,2,300,0,2,False,False,2,13335,US,False,Dynadot Inc,2,365,False,,False,False,,benign,no_adverse_signal
a8vnwyfc.top,2026-07-22,12,3.0,0.08333333333333333,0,0.16666666666666666,-10.943846153846152,high,0.4615,6,1.0,True,NOERROR,3,60,0,2,False,True,0,138995,US,False,Dominet (HK) Limited,2,365,True,0,True,True,,malicious,spamhaus_zen
fvx10.top,2026-07-22,9,2.321928094887362,0.2222222222222222,0,0.0,-11.092457142857143,high,0.5,3,1.0,True,NOERROR,3,10,0,0,False,True,0,152194,SG,False,GoDaddy.com,2,365,True,,True,True,,malicious,spamhaus_zen
orgcdn68.lol,2026-07-22,12,3.0,0.16666666666666666,0,0.2,-8.991753846153845,low,0.6667,5,1.0,True,NOERROR,2,300,0,2,False,False,2,13335,US,False,Porkbun LLC,2,365,False,,False,False,,benign,no_adverse_signal
phrasyframe.click,2026-07-22,17,3.095795255000934,0.0,0,0.375,-7.337442105263158,medium,0.4706,4,0.8181818181818182,True,NOERROR,2,300,0,2,False,False,2,13335,US,False,"Spaceship, Inc.",2,365,False,,False,False,,benign,no_adverse_signal
freego.top,2026-07-22,10,2.2516291673878226,0.0,0,1.0,-6.867344444444445,high,0.6667,2,0.8333333333333334,False,NOERROR,0,,0,2,False,False,0,,,,NAMECHEAP INC,2,731,True,,,False,,benign,no_adverse_signal
dropsofmoto.shop,2026-07-22,16,2.7321588913645707,0.0,0,0.5714285714285714,-7.317357894736841,low,0.6,2,0.7272727272727273,True,NOERROR,2,600,0,2,False,False,0,16509,US,True,,,,False,33,False,False,,benign,no_adverse_signal
x88win.pro,2026-07-22,10,2.2516291673878226,0.2,0,0.3333333333333333,-8.981322222222223,low,0.4615,1,0.8333333333333334,True,NOERROR,1,300,0,2,False,False,0,206834,DE,False,,,,,22,False,False,,benign,no_adverse_signal
tuftopia.net,2026-07-22,12,2.75,0.0,0,1.0,-7.732261538461539,low,0.5714,2,0.875,True,NOERROR,1,1800,0,0,False,False,0,58182,US,True,Wix.com Ltd.,737,1095,True,,False,False,,benign,no_adverse_signal
aureaneurowellnes.shop,2026-07-22,22,3.028639311838575,0.0,0,1.125,-6.7620387096774195,low,0.5333,3,0.5294117647058824,True,NOERROR,2,60,0,2,False,False,2,47583,LT,False,,,,False,,False,False,,benign,no_adverse_signal
482txgur333.app,2026-07-22,15,3.027169118440619,0.4,0,0.25,-10.800952631578946,low,0.3636,3,0.8181818181818182,False,NOERROR,0,,0,2,False,False,0,,,,,,,False,,,False,,benign,no_adverse_signal
tolendo.app,2026-07-22,11,2.5216406363433186,0.0,0,0.75,-6.421372727272726,low,0.5882,2,0.8571428571428571,True,NOERROR,1,300,0,4,False,False,0,13335,DE,True,,,,False,48,False,False,,benign,no_adverse_signal
tripplanningguide.xyz,2026-07-22,21,3.2927701939369904,0.0,0,0.5454545454545454,-6.79086129032258,high,0.5714,3,0.6470588235294118,True,NOERROR,2,300,0,2,False,False,2,13335,US,False,NAMECHEAP INC,2,365,True,,False,False,,benign,no_adverse_signal
info4572738.pro,2026-07-22,15,3.277613436819116,0.4666666666666667,0,1.0,-10.635642105263159,low,0.375,2,0.9090909090909091,False,NXDOMAIN,0,,0,0,False,False,0,,,,,,,,,,False,,benign,no_adverse_signal
kenvale.top,2026-07-22,11,2.5216406363433186,0.0,0,0.75,-6.92950909090909,high,0.5714,2,0.8571428571428571,False,NOERROR,0,,1,2,True,False,0,,,,"Spaceship, Inc.",2,365,True,,,False,False,benign,no_adverse_signal
pinnaclelogisticssolutions.net,2026-07-22,30,3.3825680832760763,0.0,0,0.625,-6.615867346938776,low,0.5217,3,0.46153846153846156,True,NOERROR,4,14400,1,4,True,False,0,53831,US,False,Squarespace Domains II LLC,49,365,False,15,False,False,False,benign,no_adverse_signal
porscheaustraliastore.shop,2026-07-22,26,3.4273334938982645,0.0,0,0.75,-6.175417948717948,low,0.5294,4,0.5714285714285714,True,NOERROR,1,300,0,2,False,False,0,199242,GE,False,,,,False,,False,False,,benign,no_adverse_signal
logan.pet,2026-07-22,9,2.321928094887362,0.0,0,0.6666666666666666,-6.374828571428572,low,0.6,1,1.0,True,NOERROR,4,30,0,2,False,False,8,24940,DE,True,,,,,,False,False,,benign,no_adverse_signal
nextgen-corp.net,2026-07-22,16,3.2516291673878226,0.0,1,0.375,-7.2171619047619044,low,0.48,3,0.8333333333333334,True,NOERROR,2,3600,0,2,False,False,0,16509,US,True,"GoDaddy.com, LLC",2,365,False,22,False,False,,benign,no_adverse_signal
fatboyhome.shop,2026-07-22,15,3.121928094887362,0.0,0,0.6666666666666666,-7.6141588235294115,low,0.5556,2,0.9,True,NOERROR,1,300,0,2,False,False,0,199242,US,False,,,,False,,False,False,,benign,no_adverse_signal
mc678.xyz,2026-07-22,9,2.321928094887362,0.3333333333333333,0,0.0,-11.340014285714286,high,0.4,2,1.0,True,NOERROR,2,300,0,2,False,False,2,13335,US,False,Dynadot Inc,2,365,False,,False,False,,benign,no_adverse_signal
yveuo.buzz,2026-07-22,10,2.321928094887362,0.0,0,1.5,-8.935557142857144,high,0.6,2,1.0,True,NOERROR,2,300,0,2,False,False,2,13335,US,False,Dynadot Inc,2,365,False,,False,False,,benign,no_adverse_signal
blazj.top,2026-07-22,9,2.321928094887362,0.0,0,0.25,-8.622142857142856,high,0.5,2,1.0,True,NOERROR,1,1800,0,2,False,False,0,134175,HK,False,"Spaceship, Inc.",2,365,True,,False,False,,benign,no_adverse_signal
gm-epros.top,2026-07-22,12,3.0,0.0,1,0.4,-8.073707692307691,high,0.625,2,1.0,True,NOERROR,1,600,0,2,False,False,0,132839,ZA,False,Gname.com Pte. Ltd.,1,365,True,,False,False,,benign,no_adverse_signal
creatormonetizationsupportnetworkhubai.click,2026-07-22,44,3.8205898566665453,0.0,0,0.7272727272727273,-6.703783561643835,medium,0.3774,3,0.4473684210526316,False,NXDOMAIN,0,,0,0,False,False,0,,,,"Dynadot, LLC",2,365,False,,,True,,malicious,spamhaus_dbl
taskspartners.live,2026-07-22,18,2.8731406795131336,0.0,0,0.3,-6.72251304347826,low,0.5714,4,0.6153846153846154,True,NOERROR,1,300,0,4,False,False,0,13335,DE,True,,,,False,48,False,False,,benign,no_adverse_signal
flyyfish.top,2026-07-22,12,2.5,0.0,0,0.14285714285714285,-8.21013076923077,high,0.4444,5,0.75,False,NOERROR,0,,0,2,False,False,0,,,,Alibaba Cloud Computing Ltd. d/b/a HiChina (www.net.cn),2,3653,True,,,False,,benign,no_adverse_signal
yumuc8j59c.casa,2026-07-22,15,2.9219280948873623,0.2,0,0.4,-11.28705294117647,low,0.4,1,0.8,True,NOERROR,1,600,0,2,False,False,0,134548,HK,False,Dynadot Inc,2,365,True,,False,False,,benign,no_adverse_signal
namijerrr.tech,2026-07-22,14,2.6416041678685938,0.0,0,0.5,-7.754373333333334,low,0.6154,3,0.7777777777777778,False,NOERROR,0,,0,4,False,False,0,,,,Namify Domains Inc,2,365,False,,,False,,benign,no_adverse_signal
thernlunedsboutique.shop,2026-07-22,24,3.536886723742166,0.0,0,0.7272727272727273,-7.2336285714285715,low,0.4286,3,0.6842105263157895,True,NOERROR,2,300,0,2,False,False,2,13335,US,False,,,,False,,False,False,,benign,no_adverse_signal
learning-ai.xyz,2026-07-22,15,2.913977073182752,0.0,1,1.0,-6.809489473684211,high,0.4706,2,0.7272727272727273,True,NOERROR,1,1800,0,2,False,False,0,14618,US,True,"GoDaddy.com, LLC",2,365,False,,False,False,,benign,no_adverse_signal
volatilewave.shop,2026-07-22,17,2.918295834054489,0.0,0,1.0,-6.772633333333333,low,0.5,1,0.6666666666666666,True,NOERROR,2,300,0,2,False,False,2,13335,US,False,,,,False,,False,False,,benign,no_adverse_signal
sebarad.tech,2026-07-22,12,2.521640636343318,0.0,0,0.75,-6.435499999999999,low,0.5714,1,0.8571428571428571,True,NOERROR,2,300,5,4,False,False,0,208414,CZ,True,"WEDOS Internet, a.s.",2,365,False,,False,False,False,benign,no_adverse_signal
essenciabella.shop,2026-07-22,18,2.8731406795131336,0.0,0,0.8571428571428571,-6.52704347826087,low,0.48,2,0.6153846153846154,True,NOERROR,1,50,0,2,False,False,0,47583,CY,False,,,,False,32,False,False,,benign,no_adverse_signal
systemblack.app,2026-07-22,15,3.2776134368191165,0.0,0,0.2222222222222222,-6.745752631578947,low,0.6316,4,0.9090909090909091,True,NOERROR,1,600,0,2,False,False,0,16509,US,False,,,,False,0,False,False,,benign,no_adverse_signal
4bpw.shop,2026-07-22,9,2.0,0.1111111111111111,0,0.0,-11.10938,low,0.4,3,1.0,True,NOERROR,6,60,0,2,False,True,0,8075,KR,False,,,,False,0,True,True,,malicious,spamhaus_zen
vollbrechthof.shop,2026-07-22,18,3.238901256602631,0.0,0,0.3,-7.239286956521739,low,0.4762,4,0.7692307692307693,False,NOERROR,0,,1,2,False,False,0,,,,,,,False,,,False,False,benign,no_adverse_signal
kirae.studio,2026-07-22,12,2.321928094887362,0.0,0,1.5,-7.295242857142857,low,0.6,1,1.0,True,NOERROR,1,300,0,4,False,False,0,13335,CA,True,,,,False,0,False,False,,benign,no_adverse_signal
thespicehousehq.shop,2026-07-22,20,3.1395722619867223,0.0,0,0.6666666666666666,-7.013381481481481,low,0.5,2,0.6666666666666666,True,NOERROR,1,300,0,2,False,False,0,,GE,False,,,,False,,False,False,,benign,no_adverse_signal
ss65reg8.top,2026-07-22,12,2.75,0.25,0,0.25,-10.431076923076924,high,0.5455,2,0.875,False,NOERROR,0,,0,2,False,False,0,,,,Dynadot LLC,2,365,True,,,False,,benign,no_adverse_signal
brjmqgtq.net,2026-07-22,12,2.75,0.0,0,0.0,-12.129700000000001,low,0.381,8,0.875,False,NOERROR,0,,0,2,False,False,0,,,,SGADDRESS PTE. LTD,3,365,False,,,False,,benign,no_adverse_signal
pkaff.top,2026-07-22,9,1.9219280948873623,0.0,0,0.25,-8.50077142857143,high,0.5,2,0.8,True,NOERROR,2,300,0,2,False,False,0,16509,US,True,"Spaceship, Inc.",2,365,True,0,False,False,,benign,no_adverse_signal
burgamarket.shop,2026-07-22,16,3.095795255000934,0.0,0,0.5714285714285714,-6.528873684210526,low,0.5556,2,0.8181818181818182,True,NOERROR,1,300,0,2,False,False,0,,GE,False,,,,False,0,False,False,,benign,no_adverse_signal
1win-gvnu.lol,2026-07-22,13,2.94770277922009,0.07692307692307693,1,0.4,-9.223006666666667,low,0.5,3,0.8888888888888888,True,NOERROR,1,1800,5,2,True,False,0,22612,US,False,NAMECHEAP INC,2,365,True,0,False,False,False,benign,no_adverse_signal
grandpashabellyeni.top,2026-07-22,22,3.5724312513221195,0.0,0,0.5,-6.801739393939394,high,0.4828,3,0.7222222222222222,False,NOERROR,0,,0,2,False,False,0,,,,"NICENIC INTERNATIONAL GROUP CO., LIMITED",2,365,False,,,True,,malicious,spamhaus_dbl
buybijouxmedusa.shop,2026-07-22,20,3.4565647621309536,0.0,0,0.875,-8.21822962962963,low,0.4615,2,0.8,True,NOERROR,1,300,0,2,False,False,0,199242,GE,False,,,,False,0,False,False,,benign,no_adverse_signal
partaturvapro.pro,2026-07-22,17,2.6612262562697895,0.0,0,0.625,-6.628434782608696,low,0.5385,2,0.5384615384615384,True,NOERROR,1,900,1,3,True,False,1,16276,FR,True,,,,,,False,False,False,benign,no_adverse_signal
hmhfzifi.top,2026-07-22,12,2.25,0.0,0,0.3333333333333333,-9.971184615384617,high,0.5,5,0.625,True,NOERROR,3,60,0,2,False,True,0,138995,US,False,Dominet (HK) Limited,2,365,True,0,True,True,,malicious,spamhaus_zen
dlargex.click,2026-07-22,13,2.807354922057604,0.0,0,0.4,-7.208909090909091,medium,0.5882,2,1.0,True,NOERROR,2,300,0,2,False,False,2,13335,US,False,NAMECHEAP INC,2,1096,False,,False,False,,benign,no_adverse_signal
praxima.pro,2026-07-22,11,2.5216406363433186,0.0,0,0.75,-7.267381818181818,low,0.5,2,0.8571428571428571,True,NOERROR,2,300,0,2,False,False,2,13335,US,False,,,,,,False,False,,benign,no_adverse_signal
melodykneetool.forum,2026-07-22,20,2.9852281360342525,0.0,0,0.75,-7.535888,low,0.4545,4,0.6428571428571429,True,NOERROR,2,300,0,2,False,False,2,13335,US,False,NAMECHEAP INC,2,365,True,,False,False,,benign,no_adverse_signal
suiscreener.xyz,2026-07-22,15,2.663532754804255,0.0,0,0.8333333333333334,-6.616431578947368,high,0.5263,3,0.6363636363636364,True,NOERROR,1,1799,5,2,True,False,0,19318,US,True,NAMECHEAP INC,2,365,True,,False,False,False,benign,no_adverse_signal
ff68.tech,2026-07-22,9,1.5,0.2222222222222222,0,0.0,-11.73136,low,0.4615,2,0.75,True,NOERROR,2,300,0,2,False,False,2,13335,US,False,Dynadot Inc,2,365,False,,False,False,,benign,no_adverse_signal
craftyy59.xyz,2026-07-22,13,2.94770277922009,0.15384615384615385,0,0.16666666666666666,-9.526993333333333,high,0.5,4,0.8888888888888888,True,NOERROR,2,58,0,4,False,False,0,,US,False,Porkbun LLC,379,730,False,0,False,False,,benign,no_adverse_signal
fc8.shop,2026-07-22,8,1.584962500721156,0.125,0,0.0,-10.704099999999999,low,0.5,2,1.0,True,NOERROR,1,300,0,2,False,False,0,142002,TW,False,,,,False,,True,False,,malicious,spamhaus_zen
lavcad.top,2026-07-22,10,2.2516291673878226,0.0,0,0.5,-7.7073222222222215,high,0.7273,2,0.8333333333333334,False,NOERROR,0,,0,2,False,False,0,,,,Dynadot LLC,2,365,True,,,False,,benign,no_adverse_signal
imsohappyms.xyz,2026-07-22,15,2.9139770731827523,0.0,0,0.375,-7.924131578947369,high,0.4348,5,0.7272727272727273,True,NOERROR,1,1800,5,2,True,False,0,22612,US,False,NAMECHEAP INC,2,365,True,,False,False,False,benign,no_adverse_signal
thekiwimidwife.net,2026-07-22,18,2.950212064914747,0.0,0,0.75,-7.727764,low,0.4444,2,0.6428571428571429,True,NOERROR,1,300,0,0,False,False,0,58182,US,True,Wix.com Ltd.,371,730,True,,False,False,,benign,no_adverse_signal
39245.app,2026-07-22,9,2.321928094887362,0.5555555555555556,0,0.0,-10.943785714285713,low,0.2857,0,1.0,True,NOERROR,2,600,0,2,False,False,0,16509,US,True,,,,False,33,False,False,,benign,no_adverse_signal
panshelf.shop,2026-07-22,13,3.0,0.0,0,0.3333333333333333,-6.689461538461539,low,0.7143,3,1.0,True,NOERROR,1,1800,0,2,False,False,0,132203,US,False,,,,False,0,True,False,,malicious,spamhaus_zen
erypiqyj.top,2026-07-22,12,2.75,0.0,0,0.3333333333333333,-9.250692307692308,high,0.5333,3,0.875,True,NOERROR,3,60,0,2,False,True,0,138995,US,False,Dominet (HK) Limited,2,365,True,0,True,True,,malicious,spamhaus_zen
suhailic.shop,2026-07-22,13,2.75,0.0,0,1.0,-7.217207692307692,low,0.5714,1,0.875,False,NOERROR,0,,0,2,False,False,0,,,,,,,False,,,False,,benign,no_adverse_signal
66301ldsec9.top,2026-07-22,15,3.2776134368191165,0.4,0,0.25,-9.950363157894737,high,0.4211,3,0.9090909090909091,False,NOERROR,0,,0,2,False,False,0,,,,"Spaceship, Inc.",2,365,True,,,False,,benign,no_adverse_signal
onereward.africa,2026-07-22,16,2.725480556997868,0.0,0,0.8,-6.237246666666667,low,0.5714,2,0.7777777777777778,True,NOERROR,1,7200,1,4,False,False,0,37153,ZA,True,OpenSRS,2,365,False,,False,False,False,benign,no_adverse_signal
amcfurniturehouse.shop,2026-07-22,22,3.572469458770136,0.0,0,0.8888888888888888,-7.227183870967742,low,0.5217,3,0.7647058823529411,True,NOERROR,1,300,0,2,False,False,0,199242,GE,True,,,,False,,False,False,,benign,no_adverse_signal
yelpebarca.media,2026-07-22,16,2.9219280948873623,0.0,0,0.6666666666666666,-7.2534294117647065,low,0.5455,2,0.8,True,NOERROR,2,300,0,2,False,False,2,13335,US,False,,,,,,False,False,,benign,no_adverse_signal
qdepiao.net,2026-07-22,11,2.807354922057604,0.0,0,1.3333333333333333,-7.913481818181818,low,0.6154,2,1.0,False,NOERROR,0,,0,2,False,False,0,,,,SGADDRESS PTE. LTD,3,365,False,,,False,,benign,no_adverse_signal
liujingcai.shop,2026-07-22,15,2.8464393446710154,0.0,0,1.0,-7.626899999999999,low,0.5556,3,0.8,True,NOERROR,1,50,0,2,False,False,0,47583,CY,False,,,,False,32,False,False,,benign,no_adverse_signal
clb8.tech,2026-07-22,9,2.0,0.1111111111111111,0,0.0,-9.51472,low,0.5455,3,1.0,True,NOERROR,2,300,0,2,False,False,2,13335,US,False,Dynadot Inc,2,365,False,,False,False,,benign,no_adverse_signal
outcomeowl.net,2026-07-22,14,2.8464393446710154,0.0,0,1.0,-7.234023529411765,low,0.5882,2,0.8,True,NOERROR,1,3600,1,3,True,False,0,16686,CA,True,"easyDNS Technologies, Inc.",3,365,True,,False,False,False,benign,no_adverse_signal
senaku.xyz,2026-07-22,10,2.584962500721156,0.0,0,1.0,-6.851522222222222,high,0.6,1,1.0,True,NOERROR,1,7200,0,4,False,False,0,209242,IM,False,Dynadot Inc,2,365,False,,False,False,,benign,no_adverse_signal
inboxsignal.pics,2026-07-22,16,3.0957952550009344,0.0,0,0.5714285714285714,-7.367900000000001,low,0.5,2,0.8181818181818182,True,NOERROR,2,300,0,2,False,False,2,13335,US,False,"Spaceship, Inc.",2,365,False,,False,False,,benign,no_adverse_signal
obloos284.vip,2026-07-22,13,2.6416041678685933,0.23076923076923078,0,1.0,-8.399980000000001,low,0.5333,2,0.7777777777777778,True,NOERROR,1,60,0,2,False,True,0,38186,HK,True,Dynadot Inc,2,365,True,0,True,True,,malicious,spamhaus_zen
yusufakca978.xyz,2026-07-22,16,3.2516291673878226,0.1875,0,0.8,-9.555533333333333,high,0.4,2,0.8333333333333334,True,NOERROR,2,57,0,4,False,False,0,,US,False,Porkbun LLC,379,730,False,0,False,False,,benign,no_adverse_signal
ip665x.click,2026-07-22,12,2.2516291673878226,0.25,0,0.5,-10.88938888888889,medium,0.4,1,0.8333333333333334,False,NXDOMAIN,0,,0,0,False,False,0,,,,Global Domain Group LLC,2,365,False,,,False,,benign,no_adverse_signal
h1t82q.top,2026-07-22,10,2.584962500721156,0.3,0,0.0,-12.40948888888889,high,0.4,1,1.0,False,NOERROR,0,,0,2,False,False,0,,,,"Todaynic.com, Inc.",2,365,True,,,True,,malicious,spamhaus_dbl
8zdt.shop,2026-07-22,9,2.0,0.1111111111111111,0,0.0,-11.90606,low,0.4,3,1.0,True,NOERROR,6,60,0,2,False,True,0,8075,KR,False,,,,False,0,True,True,,malicious,spamhaus_zen
1wincasinos-official-license.lol,2026-07-22,32,3.4547012441673477,0.03125,2,0.7857142857142857,-6.973011320754717,low,0.3721,2,0.42857142857142855,True,NOERROR,2,300,0,2,False,False,2,13335,US,False,NAMECHEAP INC,2,365,True,,False,False,,benign,no_adverse_signal
67xky.top,2026-07-22,9,2.321928094887362,0.2222222222222222,0,0.0,-12.172985714285716,high,0.4444,3,1.0,True,NOERROR,3,10,0,0,False,True,0,139646,HK,False,GoDaddy.com,2,365,True,,False,True,,malicious,spamhaus_dbl
zuklein.lat,2026-07-22,11,2.807354922057604,0.0,0,0.75,-7.92249090909091,low,0.5455,2,1.0,True,NOERROR,1,300,0,2,False,False,0,,,False,Global Domain Group LLC,2,365,False,,True,False,,malicious,spamhaus_zen
ilkerkak.xyz,2026-07-22,12,2.4056390622295662,0.0,0,0.6,-7.405923076923077,high,0.5714,2,0.75,True,NOERROR,2,29,0,4,False,False,0,,US,False,Porkbun LLC,379,730,False,0,False,False,,benign,no_adverse_signal
ffalw.top,2026-07-22,9,1.9219280948873623,0.0,0,0.25,-7.848171428571428,high,0.5455,2,0.8,True,NOERROR,2,300,0,2,False,False,0,16509,US,True,"Spaceship, Inc.",2,365,True,0,False,False,,benign,no_adverse_signal
polivex.cfd,2026-07-22,11,2.807354922057604,0.0,0,0.75,-6.51539090909091,low,0.7273,1,1.0,True,NOERROR,2,300,0,2,False,False,0,16509,US,True,"Spaceship, Inc.",2,365,False,0,False,False,,benign,no_adverse_signal
http---drainas.wine,2026-07-22,19,3.182005814760214,0.0,3,0.375,-8.158492,low,0.5,4,0.7142857142857143,True,NOERROR,1,10800,2,3,True,False,0,29169,FR,True,,,,,0,False,False,False,benign,no_adverse_signal
freelancer.ninja,2026-07-22,16,2.6464393446710153,0.0,0,0.6666666666666666,-6.186205882352941,low,0.5882,2,0.7,True,NOERROR,1,50,0,2,False,False,0,47583,CY,False,,,,,32,False,False,,benign,no_adverse_signal
bujairamidirect.shop,2026-07-22,20,3.32323142879762,0.0,0,0.875,-7.066655555555555,low,0.5,2,0.7333333333333333,True,NOERROR,1,300,0,2,False,False,0,199242,US,False,,,,False,,False,False,,benign,no_adverse_signal
qz56789.net,2026-07-22,11,2.807354922057604,0.45454545454545453,0,0.0,-11.158763636363636,low,0.3077,2,1.0,False,NOERROR,0,,0,2,False,False,0,,,,SGADDRESS PTE. LTD,3,365,False,,,False,,benign,no_adverse_signal
nideckerhq.shop,2026-07-22,15,3.121928094887362,0.0,0,0.42857142857142855,-7.183564705882353,low,0.625,3,0.9,True,NOERROR,1,300,0,2,False,False,0,,GE,False,,,,False,,False,False,,benign,no_adverse_signal
v6v4080.xyz,2026-07-22,11,2.2359263506290326,0.45454545454545453,0,0.0,-11.904936363636363,high,0.4,1,0.7142857142857143,True,NOERROR,3,14400,1,2,True,False,0,63949,US,True,Dynadot Inc,2,365,False,0,False,False,False,benign,no_adverse_signal
thistlewillowmart.shop,2026-07-22,22,3.292770193936991,0.0,0,0.4166666666666667,-6.954751612903226,low,0.5185,3,0.6470588235294118,True,NOERROR,1,86400,3,2,True,False,0,15169,US,True,,,,False,,False,False,False,benign,no_adverse_signal
buyglucavit-fr.shop,2026-07-22,19,3.6644977792004623,0.0,1,0.4444444444444444,-8.0421,low,0.4545,3,0.9285714285714286,True,NOERROR,2,60,0,2,False,False,2,47583,CY,False,,,,False,,False,False,,benign,no_adverse_signal
myzyaf.cfd,2026-07-22,10,2.2516291673878226,0.0,0,0.2,-9.520466666666668,low,0.5,4,0.8333333333333334,True,NOERROR,2,300,0,2,False,False,2,13335,US,False,"NameSilo, LLC",2,365,True,,False,False,,benign,no_adverse_signal
drimovex.pro,2026-07-22,12,3.0,0.0,0,0.6,-6.918092307692307,low,0.6667,2,1.0,True,NOERROR,2,300,0,2,False,False,2,13335,US,False,,,,,,False,False,,benign,no_adverse_signal
xingchehu.top,2026-07-22,13,2.94770277922009,0.0,0,0.5,-7.19994,high,0.4706,4,0.8888888888888888,False,NXDOMAIN,0,,0,0,False,False,0,,,,XinNet Technology Corporation,2,365,True,,,False,,benign,no_adverse_signal
podker.top,2026-07-22,10,2.584962500721156,0.0,0,0.5,-7.679633333333332,high,0.6667,2,1.0,False,NOERROR,0,,0,2,False,False,0,,,,Alibaba Cloud Computing Ltd. d/b/a HiChina (www.net.cn),2,365,True,,,False,,benign,no_adverse_signal
open2.lat,2026-07-22,9,2.321928094887362,0.1111111111111111,0,1.0,-7.241185714285714,low,0.8,1,1.0,False,NOERROR,0,,2,2,True,False,0,,,,"Spaceship, Inc.",2,365,False,,,False,True,benign,no_adverse_signal
hotbtupeze.today,2026-07-22,16,2.9219280948873623,0.0,0,0.6666666666666666,-8.129635294117648,low,0.4706,3,0.8,True,NOERROR,5,600,0,2,False,False,0,63023,DE,True,,,,,,False,False,,benign,no_adverse_signal
rate.dance,2026-07-22,10,2.0,0.0,0,1.0,-5.60116,low,0.6667,1,1.0,False,NOERROR,0,,5,2,True,False,0,,,,,,,,,,False,False,benign,no_adverse_signal
apexitygrow.xyz,2026-07-22,15,3.459431618637298,0.0,0,0.5714285714285714,-7.378552631578947,high,0.4444,4,1.0,True,NOERROR,1,60,1,4,True,False,0,16509,US,True,NAMECHEAP INC,2,365,True,,False,False,False,benign,no_adverse_signal
jiaxuankj.top,2026-07-22,13,2.725480556997868,0.0,0,0.8,-8.47908,high,0.4545,3,0.7777777777777778,False,NOERROR,0,,0,2,False,False,0,,,,Gname.com Pte. Ltd.,1,365,True,,,False,,benign,no_adverse_signal
downloadvidmateapp.click,2026-07-22,24,3.419381945646371,0.0,0,0.6363636363636364,-7.018960606060606,medium,0.4615,3,0.6666666666666666,True,NOERROR,2,300,0,2,False,False,2,13335,US,False,NAMECHEAP INC,2,365,True,,False,False,,benign,no_adverse_signal
afxai.app,2026-07-22,9,1.9219280948873623,0.0,0,1.5,-9.738471428571428,low,0.6,2,0.8,True,NOERROR,2,300,0,2,False,False,0,16509,US,False,,,,False,,False,False,,benign,no_adverse_signal
tubeltrogo.center,2026-07-22,17,2.9219280948873623,0.0,0,0.6666666666666666,-6.875264705882352,low,0.625,3,0.8,True,NOERROR,2,300,0,2,False,False,2,13335,US,False,,,,,,False,False,,benign,no_adverse_signal
mephsw583.vip,2026-07-22,13,3.169925001442312,0.23076923076923078,0,0.2,-10.023806666666667,low,0.4706,4,1.0,True,NOERROR,1,60,0,2,False,True,0,38186,HK,True,Dynadot Inc,2,365,True,0,True,True,,malicious,spamhaus_zen
longfeng166.top,2026-07-22,15,2.913977073182752,0.2,0,0.3333333333333333,-8.040257894736841,high,0.4706,3,0.7272727272727273,False,NXDOMAIN,0,,0,0,False,False,0,,,,,,,False,,,False,,benign,no_adverse_signal
wyjq.net,2026-07-22,8,2.0,0.0,0,0.0,-11.643379999999999,low,0.5714,4,1.0,True,NOERROR,2,30,0,2,True,False,2,14618,US,True,DropCatch.com 1479 LLC,3,365,False,0,False,False,,benign,no_adverse_signal
brojpp.shop,2026-07-22,11,2.2516291673878226,0.0,0,0.2,-8.77731111111111,low,0.5,3,0.8333333333333334,True,NOERROR,2,300,0,2,False,False,2,13335,US,False,,,,False,,False,False,,benign,no_adverse_signal
silver-voyage-dome.click,2026-07-22,24,3.5724312513221195,0.0,2,0.7777777777777778,-7.581851515151515,medium,0.4286,2,0.7222222222222222,True,NOERROR,2,300,0,2,False,False,2,13335,US,False,"Dynadot, LLC",2,365,False,,False,False,,benign,no_adverse_signal
id91872.click,2026-07-22,13,2.807354922057604,0.38461538461538464,0,1.0,-11.282827272727273,medium,0.3636,1,1.0,True,NOERROR,1,600,0,2,False,False,0,,US,False,Web Commerce Communications Ltd.,367,730,False,0,False,True,,malicious,spamhaus_dbl
99vn.tech,2026-07-22,9,1.5,0.2222222222222222,0,0.0,-10.49964,low,0.4444,2,0.75,True,NOERROR,2,300,0,2,False,False,2,13335,US,False,Dynadot Inc,2,365,False,,False,False,,benign,no_adverse_signal
akygtrs7.top,2026-07-22,12,3.0,0.08333333333333333,0,0.16666666666666666,-9.352030769230769,high,0.4615,6,1.0,True,NOERROR,3,60,0,2,False,True,0,138995,US,False,Dominet (HK) Limited,2,365,True,0,True,True,,malicious,spamhaus_zen
bmalf.top,2026-07-22,9,2.321928094887362,0.0,0,0.25,-7.488985714285714,high,0.6667,2,1.0,True,NOERROR,1,1800,0,2,False,False,0,134175,HK,False,"Spaceship, Inc.",2,365,True,,False,False,,benign,no_adverse_signal
careerportrait.pro,2026-07-22,18,2.8073549220576037,0.0,0,0.75,-6.271072,low,0.5217,3,0.5714285714285714,True,NOERROR,1,3600,3,2,True,False,0,16276,FR,True,,,,,10,False,False,False,benign,no_adverse_signal
hqmainos2.top,2026-07-22,13,3.169925001442312,0.07692307692307693,0,0.6,-7.925726666666667,high,0.5882,3,1.0,False,NOERROR,0,,0,2,False,False,0,,,,Dynadot LLC,2,365,True,,,False,,benign,no_adverse_signal
all-paradox-radio.courses,2026-07-22,25,3.0286393118385755,0.0,2,0.875,-7.205809677419355,low,0.4,2,0.5294117647058824,True,NOERROR,2,300,0,2,False,False,2,13335,US,False,Dynadot Inc,2,365,True,,False,False,,benign,no_adverse_signal
kithpoint.shop,2026-07-22,14,2.725480556997868,0.0,0,0.5,-7.05038,low,0.6316,3,0.7777777777777778,True,NOERROR,1,300,0,2,False,False,0,199242,GE,False,,,,False,,False,False,,benign,no_adverse_signal
brumtace.shop,2026-07-22,13,3.0,0.0,0,0.6,-7.3626,low,0.6154,2,1.0,True,NOERROR,1,60,3,2,True,False,0,13335,CA,True,,,,False,0,False,False,False,benign,no_adverse_signal
dfdf.top,2026-07-22,8,1.0,0.0,0,0.0,-9.539480000000001,high,0.4,4,0.5,True,NOERROR,2,300,0,2,False,False,2,13335,US,False,Dynadot LLC,2,365,True,0,False,False,,benign,no_adverse_signal
ok35.tech,2026-07-22,9,2.0,0.2222222222222222,0,1.0,-10.621080000000001,low,0.5,1,1.0,True,NOERROR,2,300,0,2,False,False,2,13335,US,False,Dynadot Inc,2,365,False,,False,False,,benign,no_adverse_signal
cnsric.net,2026-07-22,10,2.2516291673878226,0.0,0,0.2,-7.518055555555555,low,0.6667,4,0.8333333333333334,False,timeout,0,,0,0,False,False,0,,,,Xin Net Technology Corporation,372,730,True,,,False,,benign,no_adverse_signal
gltrdz.cfd,2026-07-22,10,2.584962500721156,0.0,0,0.0,-8.697844444444444,low,0.5,6,1.0,True,NOERROR,1,600,0,2,False,False,0,132203,DE,False,NameMart Pte. Ltd.,2,365,False,,True,False,,malicious,spamhaus_zen
53762171.top,2026-07-22,12,2.5,0.6666666666666666,0,0.0,-10.964092307692308,high,0.3636,0,0.75,False,NOERROR,0,,0,2,False,False,0,,,,Dynadot LLC,2,365,True,,,False,,benign,no_adverse_signal
ok365f.tech,2026-07-22,11,2.584962500721156,0.2727272727272727,0,0.5,-9.625577777777778,low,0.5333,1,1.0,True,NOERROR,2,300,0,2,False,False,2,13335,US,False,Dynadot Inc,2,365,False,,False,False,,benign,no_adverse_signal
lovesplendid.shop,2026-07-22,17,3.084962500721156,0.0,0,0.5,-6.562604761904763,low,0.5556,3,0.75,True,NOERROR,1,300,0,2,False,False,0,,GE,False,,,,False,,False,False,,benign,no_adverse_signal
macgudu.net,2026-07-22,11,2.521640636343318,0.0,0,0.75,-8.242263636363637,low,0.5333,2,0.8571428571428571,True,NOERROR,2,30,0,2,True,False,2,14618,US,True,DropCatch.com 464 LLC,3,365,False,0,False,False,,benign,no_adverse_signal
河南烩面.手机,2026-07-22,7,2.0,0.0,0,0.0,-15.765899999999998,low,0.0,4,1.0,False,NXDOMAIN,0,,0,0,False,False,0,,,,"Beijing HuaRui Wireless Technology Co., Ltd",2,365,False,,,False,,benign,no_adverse_signal
brado.app,2026-07-22,9,2.321928094887362,0.0,0,0.6666666666666666,-6.299557142857142,low,0.6,2,1.0,True,NOERROR,2,3600,0,2,False,False,0,16509,US,True,,,,False,22,False,False,,benign,no_adverse_signal
jetbrainse1.lat,2026-07-22,15,3.2776134368191165,0.06666666666666667,0,0.6666666666666666,-7.142157894736842,low,0.5714,3,0.9090909090909091,False,NOERROR,0,,3,2,True,False,0,,,,"Spaceship, Inc.",2,365,False,,,False,False,benign,no_adverse_signal
bd5.vin,2026-07-22,7,1.584962500721156,0.14285714285714285,0,0.0,-11.363033333333334,low,0.5,2,1.0,True,NOERROR,2,300,0,2,False,False,2,13335,US,False,,,,,,False,False,,benign,no_adverse_signal
5m47.buzz,2026-07-22,9,2.0,0.3333333333333333,0,0.0,-12.262640000000001,high,0.2857,1,1.0,True,NOERROR,2,300,0,2,False,False,2,13335,US,False,"Spaceship, Inc.",1,365,False,,False,False,,benign,no_adverse_signal
dorsaleaxo.click,2026-07-22,16,2.9219280948873623,0.0,0,1.0,-7.255323529411765,medium,0.625,2,0.8,True,NOERROR,2,300,0,2,False,False,2,13335,US,False,"Spaceship, Inc.",2,365,False,,False,False,,benign,no_adverse_signal
explorerdashboutique.courses,2026-07-22,28,3.7841837197791888,0.0,0,0.8181818181818182,-7.160216216216216,low,0.4706,3,0.75,True,NOERROR,2,300,0,2,False,False,2,13335,US,False,Dynadot Inc,2,365,True,,False,False,,benign,no_adverse_signal
optigrove.shop,2026-07-22,14,2.94770277922009,0.0,0,0.8,-7.012033333333333,low,0.5,2,0.8888888888888888,True,NOERROR,1,300,0,2,False,False,0,199242,GE,False,,,,False,,False,False,,benign,no_adverse_signal
apkgamezone.xyz,2026-07-22,15,3.0957952550009344,0.0,0,0.8333333333333334,-7.338589473684211,high,0.5882,3,0.8181818181818182,True,NOERROR,1,1800,5,2,True,False,0,22612,US,False,NAMECHEAP INC,2,365,True,,False,False,False,benign,no_adverse_signal
hookbin.shop,2026-07-22,12,2.5216406363433186,0.0,0,0.75,-7.282518181818182,low,0.7143,2,0.8571428571428571,True,NOERROR,2,300,0,2,False,False,0,16509,US,True,,,,False,0,False,False,,benign,no_adverse_signal
toffeecreamglow.shop,2026-07-22,20,3.32323142879762,0.0,0,0.6666666666666666,-7.237466666666666,low,0.5217,3,0.7333333333333333,True,NOERROR,2,300,0,2,False,False,2,13335,US,False,,,,False,,False,False,,benign,no_adverse_signal
real-swiftservice.click,2026-07-22,23,3.454822399946607,0.0,1,0.6,-6.954722580645161,medium,0.6,3,0.7058823529411765,True,NOERROR,2,300,0,2,False,False,2,13335,US,False,"Dynadot, LLC",2,365,False,,False,False,,benign,no_adverse_signal
kcassessoriacontabilefinanceirakcontabilidadeegestaofinanceiral.lat,2026-07-22,67,3.6619706558337595,0.0,0,0.8529411764705882,-6.740452032520325,low,0.2564,2,0.23809523809523808,True,NOERROR,1,3600,0,2,False,False,0,24940,DE,True,"Spaceship, Inc.",2,365,False,0,False,False,,benign,no_adverse_signal
vectorpin.click,2026-07-22,15,3.169925001442312,0.0,0,0.5,-6.56762,medium,0.5263,2,1.0,True,NOERROR,2,300,0,2,False,False,2,13335,US,False,Global Domain Group LLC,2,365,False,,False,False,,benign,no_adverse_signal
cloufinity.net,2026-07-22,14,3.121928094887362,0.0,0,0.6666666666666666,-6.815358823529412,low,0.7,2,0.9,False,NOERROR,0,,0,2,False,False,0,,,,"OVH, SAS",3,365,True,,,False,,benign,no_adverse_signal
x9m-2vkc8.vip,2026-07-22,13,3.169925001442312,0.23076923076923078,1,0.0,-12.462860000000001,low,0.3636,3,1.0,True,NOERROR,1,60,0,2,False,True,0,16509,SG,True,"GoDaddy.com, LLC",2,365,True,,False,True,,malicious,spamhaus_dbl
794.homes,2026-07-22,9,1.584962500721156,0.3333333333333333,0,0.0,-11.044666666666666,low,0.2857,0,1.0,True,NOERROR,1,360,5,2,True,False,0,396982,US,True,NAMECHEAP INC,2,365,False,,False,False,False,benign,no_adverse_signal
thejaypatelgroup.net,2026-07-22,20,3.5,0.0,0,0.6,-7.235779310344828,low,0.4545,3,0.75,True,NOERROR,2,600,1,4,True,False,0,16509,US,True,"Amazon Registrar, Inc.",1882,2191,True,,False,False,False,benign,no_adverse_signal
pbatd.top,2026-07-22,9,2.321928094887362,0.0,0,0.25,-7.897328571428572,high,0.6154,2,1.0,True,NOERROR,2,300,0,2,False,False,0,16509,US,True,"Spaceship, Inc.",2,365,True,0,False,False,,benign,no_adverse_signal
harrierridge.wine,2026-07-22,17,2.584962500721156,0.0,0,0.7142857142857143,-6.857480952380953,low,0.5714,2,0.5833333333333334,True,NOERROR,2,51,0,4,False,False,0,,US,False,,,,,0,False,False,,benign,no_adverse_signal
cutlerandgrossshop.shop,2026-07-22,23,3.6835423624332306,0.0,0,0.38461538461538464,-6.910821212121212,low,0.4615,4,0.7777777777777778,True,NOERROR,1,300,0,2,False,False,0,199242,GE,True,,,,False,,False,False,,benign,no_adverse_signal
35wguz.top,2026-07-22,10,2.584962500721156,0.2,0,0.3333333333333333,-11.246766666666666,high,0.4444,2,1.0,False,NOERROR,0,,0,2,False,False,0,,,,"Todaynic.com, Inc.",2,365,True,,,True,,malicious,spamhaus_dbl
crava.chat,2026-07-22,10,1.9219280948873623,0.0,0,0.6666666666666666,-6.8345714285714285,low,0.8,2,0.8,True,NOERROR,1,600,1,2,False,False,0,51468,DK,True,,,,False,,False,False,,benign,no_adverse_signal
rwltrn215.vip,2026-07-22,13,2.94770277922009,0.23076923076923078,0,0.0,-9.547699999999999,low,0.4,6,0.8888888888888888,True,NOERROR,1,60,0,2,False,True,0,38186,HK,True,Dynadot Inc,2,365,True,0,True,True,,malicious,spamhaus_zen
ropmtemr.top,2026-07-22,12,2.5,0.0,0,0.3333333333333333,-8.030438461538463,high,0.6154,3,0.75,True,NOERROR,3,60,0,2,False,True,0,138995,US,False,Dominet (HK) Limited,2,365,True,0,True,True,,malicious,spamhaus_zen
storepilotai.pro,2026-07-22,16,3.084962500721156,0.0,0,1.0,-6.378585714285714,low,0.6364,2,0.75,True,NOERROR,2,300,3,2,True,False,2,13335,US,False,,,,,,False,False,False,benign,no_adverse_signal
bhacg.top,2026-07-22,9,2.321928094887362,0.0,0,0.25,-7.996042857142856,high,0.6667,2,1.0,True,NOERROR,1,1800,0,2,False,False,0,58658,US,False,"Spaceship, Inc.",2,365,True,,False,False,,benign,no_adverse_signal
xexbrulstar.pro,2026-07-22,15,3.0957952550009344,0.0,0,0.375,-7.6895263157894735,low,0.4444,3,0.8181818181818182,True,NOERROR,2,300,0,2,False,False,2,13335,US,False,,,,,,False,False,,benign,no_adverse_signal
vn187.tech,2026-07-22,10,2.321928094887362,0.3,0,0.0,-11.121657142857144,low,0.4444,2,1.0,True,NOERROR,2,300,0,2,False,False,2,13335,US,False,Dynadot Inc,2,365,False,,False,False,,benign,no_adverse_signal
autihorrzeacsess.live,2026-07-22,21,3.327819531114783,0.0,0,0.7777777777777778,-7.657313793103448,low,0.5,3,0.6875,True,NOERROR,2,300,0,2,False,False,2,13335,US,False,,,,False,,False,False,,benign,no_adverse_signal
83562199.top,2026-07-22,12,2.75,0.6666666666666666,0,0.0,-11.150523076923076,high,0.3636,0,0.875,False,NOERROR,0,,0,2,False,False,0,,,,Dynadot LLC,2,365,True,,,False,,benign,no_adverse_signal
helmsley.top,2026-07-22,12,2.5,0.0,0,0.3333333333333333,-7.5955076923076925,high,0.5333,4,0.75,False,NOERROR,0,,1,2,True,False,0,,,,"Spaceship, Inc.",2,365,True,,,False,False,benign,no_adverse_signal
infourok.shop,2026-07-22,13,2.75,0.0,0,1.0,-6.663846153846153,low,0.5333,2,0.875,True,NOERROR,1,86400,0,2,False,False,0,197695,RU,False,,,,False,,False,False,,benign,no_adverse_signal
moneymattersllc.net,2026-07-22,19,3.3735572622751855,0.0,0,0.36363636363636365,-6.910111111111111,low,0.5333,5,0.7333333333333333,False,NOERROR,0,,3,2,True,False,0,,,,TuringSign Inc. d/b/a Cosmotown,2,365,False,,,False,False,benign,no_adverse_signal
myeveryday.shop,2026-07-22,15,2.6464393446710153,0.0,0,0.42857142857142855,-7.45285294117647,low,0.5714,3,0.7,True,NOERROR,1,1800,5,2,True,False,0,22612,US,False,,,,False,,False,False,False,benign,no_adverse_signal
epicboxes.net,2026-07-22,13,2.94770277922009,0.0,0,0.8,-7.714160000000001,low,0.6667,2,0.8888888888888888,True,NOERROR,3,3600,5,2,True,False,0,58182,US,True,Wix.com Ltd.,736,1095,False,,False,False,False,benign,no_adverse_signal
quartzharborcorner.shop,2026-07-22,23,3.3027227528624894,0.0,0,0.5,-7.058921212121212,low,0.4348,4,0.6666666666666666,True,NOERROR,1,86400,3,2,True,False,0,15169,US,True,,,,False,,False,False,False,benign,no_adverse_signal
lmkm1021.shop,2026-07-22,13,2.5,0.3076923076923077,0,0.0,-10.393092307692307,low,0.3077,4,0.75,True,NOERROR,1,1800,5,2,True,False,0,22612,US,False,,,,False,,False,False,False,benign,no_adverse_signal
zela.finance,2026-07-22,12,2.0,0.0,0,1.0,-6.8898399999999995,low,0.5455,1,1.0,True,NOERROR,1,60,1,2,False,False,1,40509,US,True,,,,,,False,False,False,benign,no_adverse_signal
go123.vin,2026-07-22,9,2.321928094887362,0.3333333333333333,0,1.0,-8.886142857142856,low,0.5,1,1.0,True,NOERROR,2,300,0,2,False,False,2,13335,US,False,,,,,,False,False,,benign,no_adverse_signal
chebengzi.net,2026-07-22,13,2.94770277922009,0.0,0,0.5,-7.407906666666666,low,0.4615,3,0.8888888888888888,False,NOERROR,0,,0,2,False,False,0,,,,Alibaba Cloud Computing Ltd. d/b/a HiChina (www.net.cn),3,365,False,,,False,,benign,no_adverse_signal
istermiras.center,2026-07-22,17,2.721928094887362,0.0,0,0.6666666666666666,-6.272435294117647,low,0.5556,2,0.7,True,NOERROR,2,300,0,2,False,False,2,13335,US,False,,,,,,False,False,,benign,no_adverse_signal
global-press-space.click,2026-07-22,24,3.350209029099897,0.0,2,0.45454545454545453,-6.893060606060606,medium,0.5,2,0.6111111111111112,True,NOERROR,2,300,0,2,False,False,2,13335,US,False,"Dynadot, LLC",2,365,False,,False,False,,benign,no_adverse_signal
234524.vip,2026-07-22,10,1.9182958340544893,0.6,0,0.0,-10.103877777777777,low,0.2667,0,0.6666666666666666,False,NOERROR,0,,0,2,False,False,0,,,,Gname.com Pte. Ltd.,2,365,True,,,False,,benign,no_adverse_signal
quantumdrip.net,2026-07-22,15,3.2776134368191165,0.0,0,0.5714285714285714,-7.4369421052631575,low,0.5556,3,0.9090909090909091,True,NOERROR,1,86400,0,2,False,False,0,16509,US,True,"TUCOWS.COM, CO.",371,730,True,0,False,False,,benign,no_adverse_signal
prisque.art,2026-07-22,11,2.807354922057604,0.0,0,0.75,-7.363590909090909,low,0.5333,2,1.0,True,NOERROR,3,3600,0,2,False,False,0,58182,US,True,"TUCOWS.COM, CO.",2,1096,True,,False,False,,benign,no_adverse_signal
tokenizedassets.net,2026-07-22,19,3.139572261986723,0.0,0,0.6666666666666666,-6.883188888888889,low,0.5714,2,0.6666666666666666,True,NOERROR,1,3600,0,2,True,False,0,133618,US,True,Dynadot Inc,733,1095,False,,False,False,,benign,no_adverse_signal
loom.energy,2026-07-22,11,1.5,0.0,0,1.0,-6.4224000000000006,low,0.75,1,0.75,False,NOERROR,0,,0,2,False,False,0,,,,,,,,,,False,,benign,no_adverse_signal
cihetnath.click,2026-07-22,15,2.725480556997868,0.0,0,0.5,-7.455753333333333,medium,0.6667,2,0.7777777777777778,True,NOERROR,2,300,0,2,False,False,2,13335,US,False,NAMECHEAP INC,2,365,True,,False,False,,benign,no_adverse_signal
qcdpeglbodgd.casa,2026-07-22,17,3.0220552088742005,0.0,0,0.2,-8.75325238095238,low,0.5263,4,0.75,True,NOERROR,2,300,0,2,False,False,2,13335,US,False,Sav.com LLC,2,365,True,,False,False,,benign,no_adverse_signal
disazoenjail.shop,2026-07-22,17,3.2516291673878226,0.0,0,1.0,-7.680033333333333,low,0.5556,2,0.8333333333333334,True,NOERROR,2,300,0,2,False,False,2,13335,US,False,,,,False,,False,False,,benign,no_adverse_signal
usahouse.net,2026-07-22,12,2.5,0.0,0,1.6666666666666667,-6.856484615384615,low,0.5,1,0.75,True,NOERROR,2,3600,1,2,True,False,0,16509,US,True,"Spaceship, Inc.",3,365,False,54,False,False,,malicious,abuseipdb
flatfylgryx.pro,2026-07-22,15,2.9139770731827523,0.0,0,0.1,-8.573015789473684,low,0.4444,8,0.7272727272727273,True,NOERROR,2,300,0,2,False,False,2,13335,US,False,,,,,,False,False,,benign,no_adverse_signal
greaterfool.lol,2026-07-22,15,2.9139770731827523,0.0,0,0.8333333333333334,-6.396042105263158,low,0.5556,2,0.7272727272727273,True,NOERROR,1,300,0,2,False,False,0,16509,US,False,Dynadot Inc,1,365,False,0,False,False,,benign,no_adverse_signal
113hs.shop,2026-07-22,10,1.9219280948873623,0.3,0,0.0,-11.212814285714286,low,0.5,2,0.8,True,NOERROR,1,600,0,2,False,True,0,152194,HK,False,,,,False,,True,False,,malicious,spamhaus_zen
quillsong.app,2026-07-22,13,2.94770277922009,0.0,0,0.5,-6.8753866666666665,low,0.4762,3,0.8888888888888888,True,NOERROR,1,1800,0,2,False,False,1,47583,CY,False,,,,False,32,False,False,,benign,no_adverse_signal
729591.vip,2026-07-22,10,2.2516291673878226,0.6,0,0.0,-11.017755555555555,low,0.2222,0,0.8333333333333334,False,NOERROR,0,,0,2,False,False,0,,,,Gname.com Pte. Ltd.,2,365,True,,,False,,benign,no_adverse_signal
culture254.live,2026-07-22,15,3.121928094887362,0.2,0,0.75,-8.239094117647058,low,0.5,2,0.9,True,NOERROR,1,1799,5,2,True,False,0,8075,NL,False,,,,False,,False,False,False,benign,no_adverse_signal
wyqugio.xyz,2026-07-22,11,2.807354922057604,0.0,0,0.75,-9.226145454545454,high,0.5,3,1.0,True,NOERROR,2,300,0,2,False,False,2,13335,US,False,NAMECHEAP INC,2,365,True,,False,False,,benign,no_adverse_signal
ku4ael.top,2026-07-22,10,2.584962500721156,0.1,0,1.5,-10.587633333333335,high,0.5,1,1.0,False,NOERROR,0,,0,2,False,False,0,,,,"Todaynic.com, Inc.",2,365,True,,,True,,malicious,spamhaus_dbl
easydigitalwinner.click,2026-07-22,23,3.4548223999466066,0.0,0,0.7,-6.87561935483871,medium,0.48,3,0.7058823529411765,True,NOERROR,2,300,0,2,False,False,2,13335,US,False,"Dynadot, LLC",2,365,False,,False,False,,benign,no_adverse_signal
19xky.top,2026-07-22,9,2.321928094887362,0.2222222222222222,0,0.0,-12.0607,high,0.4444,3,1.0,True,NOERROR,3,10,0,0,False,True,0,139646,HK,False,GoDaddy.com,2,365,True,,False,True,,malicious,spamhaus_dbl
authnetverification.top,2026-07-22,23,3.43162356584743,0.0,0,0.9,-6.601391428571429,high,0.4667,3,0.631578947368421,True,NOERROR,3,3603,0,3,False,False,0,63949,US,True,"NameSilo, LLC",2,365,True,9,False,True,,malicious,spamhaus_dbl
carmensaysstyle.shop,2026-07-22,20,3.1898980954642875,0.0,0,0.36363636363636365,-6.981362962962963,low,0.5333,6,0.6666666666666666,True,NOERROR,1,300,0,2,False,False,0,199242,GE,True,,,,False,,False,False,,benign,no_adverse_signal
vedistviro.click,2026-07-22,16,2.9219280948873623,0.0,0,0.6666666666666666,-6.737035294117647,medium,0.5,3,0.8,True,NOERROR,2,300,0,2,False,False,2,13335,US,False,"Spaceship, Inc.",2,365,False,,False,False,,benign,no_adverse_signal
cnpstudio.shop,2026-07-22,14,3.169925001442312,0.0,0,0.5,-7.387146666666666,low,0.5714,5,1.0,True,NOERROR,1,300,0,2,False,False,0,199242,US,False,,,,False,0,False,False,,benign,no_adverse_signal
c17870262.vip,2026-07-22,13,2.725480556997868,0.6153846153846154,0,0.0,-10.79004,low,0.4286,1,0.7777777777777778,False,NOERROR,0,,0,2,False,False,0,,,,Eranet International Limited,2,365,True,,,False,,benign,no_adverse_signal
alpshield.net,2026-07-22,13,2.94770277922009,0.0,0,0.5,-7.28254,low,0.5333,4,0.8888888888888888,True,NOERROR,1,3600,1,4,True,False,0,201199,CH,True,Vautron Rechenzentrum AG,3,365,True,,False,False,False,benign,no_adverse_signal
p275.buzz,2026-07-22,9,2.0,0.3333333333333333,0,0.0,-11.36596,high,0.4,1,1.0,True,NOERROR,2,300,0,2,False,False,2,13335,US,False,"Spaceship, Inc.",1,365,False,,False,False,,benign,no_adverse_signal
drinkteeccino.shop,2026-07-22,18,3.085055102756477,0.0,0,0.625,-7.098878260869566,low,0.5714,3,0.6923076923076923,True,NOERROR,1,300,0,2,False,False,0,199242,US,False,,,,False,,False,False,,benign,no_adverse_signal
lx027.top,2026-07-22,9,2.321928094887362,0.3333333333333333,0,0.0,-11.850728571428572,high,0.4444,2,1.0,False,NOERROR,0,,0,2,False,False,0,,,,Gname.com Pte. Ltd.,1,365,True,,,False,,benign,no_adverse_signal
faae.pro,2026-07-22,8,1.5,0.0,0,3.0,-9.02448,low,0.6,1,0.75,False,NOERROR,0,,0,2,False,False,0,,,,,,,,,,False,,benign,no_adverse_signal
gna777-2x.top,2026-07-22,13,2.6416041678685933,0.3076923076923077,1,0.3333333333333333,-9.949753333333332,high,0.4286,2,0.7777777777777778,True,NOERROR,3,3603,0,3,False,False,0,63949,US,True,"NameSilo, LLC",2,365,True,1,False,False,,benign,no_adverse_signal
jaspermeadowmart.shop,2026-07-22,21,3.327819531114783,0.0,0,0.6,-6.918027586206897,low,0.4516,2,0.6875,True,NOERROR,1,86400,3,2,True,False,0,15169,US,True,,,,False,0,False,False,False,benign,no_adverse_signal
neonvibe.study,2026-07-22,14,2.5,0.0,0,1.0,-7.120784615384616,low,0.5714,2,0.75,True,NOERROR,2,300,0,2,False,False,0,13335,US,False,NAMECHEAP INC,2,365,True,,False,False,,benign,no_adverse_signal
findwell.care,2026-07-22,13,2.75,0.0,0,0.3333333333333333,-6.8715769230769235,low,0.6667,3,0.875,True,NOERROR,2,300,1,2,False,False,2,13335,US,False,,,,,,False,False,False,benign,no_adverse_signal
aaram.homes,2026-07-22,11,1.3709505944546687,0.0,0,1.5,-6.458871428571428,low,0.6667,1,0.6,False,NOERROR,0,,2,4,True,False,0,,,,Squarespace Domains II LLC,1100,1461,True,,,False,False,benign,no_adverse_signal
mhtp35.xyz,2026-07-22,10,2.584962500721156,0.2,0,0.0,-10.119866666666667,high,0.4615,4,1.0,True,NOERROR,2,45,0,4,False,False,0,,US,False,Porkbun LLC,379,730,False,0,False,False,,benign,no_adverse_signal
mb6623.tech,2026-07-22,11,2.2516291673878226,0.36363636363636365,0,0.0,-10.904211111111112,low,0.4444,2,0.8333333333333334,True,NOERROR,2,300,0,2,False,False,2,13335,US,False,Dynadot Inc,2,365,False,,False,False,,benign,no_adverse_signal
agenbutrisegob.top,2026-07-22,18,3.3787834934861767,0.0,0,0.75,-7.038796,high,0.5,2,0.7857142857142857,True,NOERROR,1,300,0,2,False,False,0,132203,US,False,Dynadot LLC,2,365,True,,True,False,,malicious,spamhaus_zen
theremedy.house,2026-07-22,15,2.6416041678685933,0.0,0,0.5,-6.3874933333333335,low,0.5,2,0.7777777777777778,True,NOERROR,2,600,0,2,False,False,0,16509,US,True,,,,,33,False,False,,benign,no_adverse_signal
suite-wallets.app,2026-07-22,17,3.085055102756477,0.0,1,0.7142857142857143,-7.024965217391304,low,0.4762,2,0.6923076923076923,False,NXDOMAIN,0,,0,0,False,False,0,,,,,,,False,,,True,,malicious,spamhaus_dbl
tasapromocionmercantil.shop,2026-07-22,27,3.481714572986073,0.0,0,0.6923076923076923,-6.618826829268293,low,0.4667,2,0.5454545454545454,True,NOERROR,1,300,0,2,True,False,0,22612,SG,True,,,,False,0,False,False,,benign,no_adverse_signal
sunw.tech,2026-07-22,9,2.0,0.0,0,0.3333333333333333,-7.4762,low,0.5714,2,1.0,True,NOERROR,2,300,0,2,False,False,2,13335,US,False,Dynadot Inc,2,365,False,,False,False,,benign,no_adverse_signal
oag777.tech,2026-07-22,11,1.792481250360578,0.2727272727272727,0,2.0,-9.55018888888889,low,0.4,1,0.6666666666666666,True,NOERROR,2,300,0,2,False,False,2,13335,US,False,Dynadot Inc,2,365,False,,False,False,,benign,no_adverse_signal
ratandboacloset.shop,2026-07-22,20,3.3232314287976203,0.0,0,0.6666666666666666,-6.703014814814815,low,0.5385,3,0.7333333333333333,True,NOERROR,1,300,0,2,False,False,0,199242,US,False,,,,False,,False,False,,benign,no_adverse_signal
urge4572689.pro,2026-07-22,15,3.459431618637298,0.4666666666666667,0,1.0,-10.242842105263158,low,0.4,2,1.0,False,NXDOMAIN,0,,0,0,False,False,0,,,,,,,,,,False,,benign,no_adverse_signal
dn4k.shop,2026-07-22,9,2.0,0.1111111111111111,0,0.0,-10.61158,low,0.5714,2,1.0,False,NOERROR,0,,0,2,False,False,0,,,,,,,False,,,False,,benign,no_adverse_signal
0i16.buzz,2026-07-22,9,2.0,0.3333333333333333,0,1.0,-11.81468,high,0.5714,0,1.0,True,NOERROR,2,300,0,2,False,False,2,13335,US,False,"Spaceship, Inc.",1,365,False,,False,False,,benign,no_adverse_signal
cantolane.shop,2026-07-22,14,2.725480556997868,0.0,0,0.8,-6.085093333333333,low,0.6,2,0.7777777777777778,True,NOERROR,1,300,0,2,False,False,0,,GE,False,,,,False,,False,False,,benign,no_adverse_signal
meise003.vip,2026-07-22,12,2.5,0.25,0,1.5,-8.7875,low,0.5,1,0.75,True,NOERROR,6,180,0,2,False,True,0,139341,SG,False,Gname.com Pte. Ltd.,2,365,True,,True,True,,malicious,spamhaus_zen
88bf.net,2026-07-22,8,1.5,0.25,0,0.0,-10.82358,low,0.2857,2,0.75,False,NOERROR,0,,0,2,False,False,0,,,,Gname 302 Inc,3,365,False,,,False,,benign,no_adverse_signal
kkwn.tech,2026-07-22,9,1.5,0.0,0,0.0,-11.26738,low,0.5,4,0.75,True,NOERROR,2,300,0,2,False,False,2,13335,US,False,Dynadot Inc,2,365,False,,False,False,,benign,no_adverse_signal
besteucasinoforukplayers.net,2026-07-22,28,3.855388542207534,0.0,0,0.7142857142857143,-6.974393333333333,low,0.45,3,0.6666666666666666,False,NOERROR,0,,0,2,False,False,0,,,,NAMECHEAP INC,3,365,True,,,False,,benign,no_adverse_signal
mianmianba.vip,2026-07-22,14,2.2464393446710154,0.0,0,1.0,-7.132111764705883,low,0.5,2,0.5,False,NOERROR,0,,0,2,False,False,0,,,,Alibaba Cloud Computing Ltd. d/b/a HiChina (www.net.cn),2,365,True,,,False,,benign,no_adverse_signal
83562162.top,2026-07-22,12,2.5,0.6666666666666666,0,0.0,-11.131961538461537,high,0.3636,0,0.75,False,NOERROR,0,,0,2,False,False,0,,,,Dynadot LLC,2,365,True,,,False,,benign,no_adverse_signal
ftyogubv.top,2026-07-22,12,3.0,0.0,0,0.3333333333333333,-8.624430769230768,high,0.5333,3,1.0,True,NOERROR,3,60,0,2,False,True,0,138995,US,False,Dominet (HK) Limited,2,365,True,0,True,True,,malicious,spamhaus_zen
oxaciortho.homes,2026-07-22,16,2.8464393446710154,0.0,0,1.0,-7.181405882352941,low,0.5217,3,0.8,True,NOERROR,2,300,0,2,False,False,2,13335,US,False,NAMECHEAP INC,2,365,True,,False,False,,benign,no_adverse_signal
lhch69ac.top,2026-07-22,12,2.5,0.16666666666666666,0,0.2,-10.610838461538462,high,0.5333,4,0.75,True,NOERROR,3,60,0,2,False,True,0,138995,US,False,Dominet (HK) Limited,2,365,True,0,True,True,,malicious,spamhaus_zen
hgotop.shop,2026-07-22,11,2.2516291673878226,0.0,0,0.5,-7.292344444444445,low,0.6667,2,0.8333333333333334,False,NOERROR,0,,0,2,False,False,0,,,,,,,False,,,False,,benign,no_adverse_signal
jacksoinvestmenthomes.net,2026-07-22,25,3.558518613048906,0.0,0,0.5,-6.730905128205127,low,0.4118,3,0.6190476190476191,True,NOERROR,1,1800,0,0,False,False,0,58182,US,True,Wix.com Ltd.,372,730,True,,False,False,,benign,no_adverse_signal
trilhadaleitura.click,2026-07-22,21,3.0565647621309537,0.0,0,0.875,-6.951718518518519,medium,0.4828,2,0.6,True,NOERROR,1,60,0,2,False,False,0,13335,US,False,Global Domain Group LLC,1,365,False,,False,False,,benign,no_adverse_signal
bmk8b2igfl.casa,2026-07-22,15,3.121928094887362,0.13333333333333333,0,0.14285714285714285,-11.323841176470589,low,0.4706,3,0.9,False,timeout,0,,0,0,False,False,0,,,,Dynadot Inc,2,365,True,,,False,,benign,no_adverse_signal
esgreportly.xyz,2026-07-22,15,3.0957952550009344,0.0,0,0.375,-6.971715789473684,high,0.5714,4,0.8181818181818182,True,NOERROR,2,300,0,2,False,False,2,13335,US,False,"Spaceship, Inc.",2,365,False,,False,False,,benign,no_adverse_signal
88clp.tech,2026-07-22,10,1.9219280948873623,0.2,0,0.0,-9.715314285714285,low,0.4444,3,0.8,True,NOERROR,2,300,0,2,False,False,2,13335,US,False,Dynadot Inc,2,365,False,,False,False,,benign,no_adverse_signal
eventplanningvision.pro,2026-07-22,23,3.176110251517254,0.0,0,0.5833333333333334,-6.654688571428571,low,0.4667,4,0.5789473684210527,True,NOERROR,2,300,0,2,False,False,2,13335,US,False,,,,,,False,False,,benign,no_adverse_signal
bitgesell.finance,2026-07-22,17,2.725480556997868,0.0,0,0.5,-6.809193333333334,low,0.5714,2,0.7777777777777778,True,NOERROR,1,3600,1,2,True,False,0,133618,US,True,,,,,,False,False,False,benign,no_adverse_signal
adidassuperstar.net,2026-07-22,19,3.0062389286533895,0.0,0,0.6666666666666666,-6.448774074074073,low,0.5217,3,0.6,True,NOERROR,2,30,0,2,True,False,2,14618,US,True,DropCatch.com 455 LLC,3,365,False,2,False,False,,benign,no_adverse_signal
159415.xyz,2026-07-22,10,1.9182958340544893,0.6,0,0.0,-11.459811111111112,high,0.2222,0,0.6666666666666666,False,NOERROR,0,,0,2,False,False,0,,,,"Spaceship, Inc.",2,1826,False,,,False,,benign,no_adverse_signal
xsgrgjgr.shop,2026-07-22,13,2.1556390622295662,0.0,0,0.0,-9.944553846153847,low,0.4286,8,0.625,True,NOERROR,2,600,0,2,False,False,0,16509,US,True,,,,False,33,False,False,,benign,no_adverse_signal
8c.top,2026-07-22,6,1.0,0.16666666666666666,0,0.0,,high,,1,1.0,True,NOERROR,1,3603,0,3,False,False,0,401701,HK,False,"NameSilo, LLC",2,365,True,,False,False,,benign,no_adverse_signal
