domain,date_collected,domain_length,shannon_entropy,digit_ratio,hyphen_count,vowel_consonant_ratio,ngram_score,tld_risk_category,typosquatting_similarity,longest_consonant_run,unique_char_ratio,resolves_flag,rcode,num_a_records,min_ttl,mx_count,num_ns,has_spf,cname_present,num_aaaa_records,asn,geo_country,ptr_present,registrar,domain_age_days,registration_duration_days,privacy_protection_flag,abuseipdb_score,spamhaus_zen_listed,spamhaus_dbl_listed,mx_spamhaus_zen_listed,label,label_reason
catconsultant.xyz,2026-07-12,17,2.8731406795131336,0.0,0,0.4444444444444444,-6.466282608695653,high,0.5455,2,0.6153846153846154,True,NOERROR,2,3600,1,2,True,False,0,16509,US,True,"GMO Internet, Inc.",3,365,True,25,False,False,,benign,no_adverse_signal
motiondrift.online,2026-07-12,18,2.9139770731827523,0.0,0,0.5714285714285714,-6.663678947368421,medium,0.5455,3,0.7272727272727273,True,NOERROR,2,300,0,2,False,False,2,13335,US,False,NAMECHEAP INC,3,365,True,0,False,False,,benign,no_adverse_signal
xtrenzoprs.buzz,2026-07-12,15,3.121928094887362,0.0,0,0.25,-7.531541176470589,high,0.5,3,0.9,True,NOERROR,2,300,0,2,False,False,0,13335,US,False,NAMECHEAP INC,3,365,True,0,False,False,,benign,no_adverse_signal
cinderfront.shop,2026-07-12,16,3.095795255000934,0.0,0,0.375,-6.460610526315789,low,0.6667,3,0.8181818181818182,True,NOERROR,2,3600,0,2,False,False,0,16509,US,True,,,,False,0,False,False,,benign,no_adverse_signal
pinguine.kr,2026-07-12,11,2.5,0.0,0,1.0,-6.388753846153846,low,0.625,2,0.75,True,NOERROR,2,3600,0,2,False,False,0,16509,US,True,"Inames Co., Ltd.(http://www.inames.co.kr)",4,365,False,22,False,False,,benign,no_adverse_signal
generatorhandbook.com,2026-07-12,21,3.337175341123077,0.0,0,0.7,-6.538316129032259,low,0.5,3,0.6470588235294118,True,NOERROR,1,1799,5,2,True,False,0,16509,US,True,NAMECHEAP INC,3,365,True,27,False,False,False,benign,no_adverse_signal
hjmanufacturing.tech,2026-07-12,20,3.506890595608518,0.0,0,0.5,-7.531862962962963,low,0.4,3,0.8,True,NOERROR,2,1799,5,2,True,False,0,16509,US,True,NAMECHEAP INC,3,365,True,0,False,False,False,benign,no_adverse_signal
726691.com,2026-07-12,10,2.2516291673878226,0.6,0,0.0,-11.219888888888889,low,0.2222,0,0.8333333333333334,False,NOERROR,0,,0,4,False,False,0,,,,"GoDaddy.com, LLC",3,365,False,,,False,,benign,no_adverse_signal
broxenyl-dengi.ru,2026-07-12,17,3.52164063634332,0.0,1,0.4444444444444444,-7.94744,low,0.4762,3,0.8571428571428571,True,NOERROR,1,3600,2,2,True,False,1,197695,RU,True,REGRU-RU,4,365,False,0,False,False,False,benign,no_adverse_signal
zephyrhq.info,2026-07-12,13,2.75,0.0,0,0.14285714285714285,-9.095984615384616,medium,0.4,6,0.875,True,NOERROR,2,300,1,2,True,False,2,13335,US,False,,,,,0,False,False,False,benign,no_adverse_signal
tag-fy.com,2026-07-12,10,2.584962500721156,0.0,1,0.25,-9.1197,low,0.4615,2,1.0,True,NOERROR,1,86400,1,2,True,False,0,24940,DE,True,PDR Ltd. d/b/a PublicDomainRegistry.com,3,365,False,0,False,False,False,benign,no_adverse_signal
shoelet.top,2026-07-12,11,2.521640636343318,0.0,0,0.75,-6.742136363636363,high,0.6667,2,0.8571428571428571,False,NOERROR,0,,0,2,False,False,0,,,,Alibaba Cloud Computing Ltd. d/b/a HiChina (www.net.cn),4,365,True,,,False,,benign,no_adverse_signal
frczech.blog,2026-07-12,12,2.5216406363433186,0.0,0,0.16666666666666666,-8.4241,low,0.5,4,0.8571428571428571,True,NOERROR,2,300,0,2,False,False,2,13335,US,False,Global Domain Group LLC,3,365,True,0,False,False,,benign,no_adverse_signal
flagada.app,2026-07-12,11,2.1280852788913944,0.0,0,0.75,-6.864754545454545,low,0.5,2,0.7142857142857143,True,NOERROR,1,10800,2,3,True,False,0,29169,FR,True,,,,False,0,False,False,False,benign,no_adverse_signal
hypossexpe2.top,2026-07-12,15,2.913977073182752,0.06666666666666667,0,0.42857142857142855,-7.675326315789474,high,0.4762,3,0.7272727272727273,False,NOERROR,0,,0,2,False,False,0,,,,Dynadot LLC,3,365,True,,,False,,benign,no_adverse_signal
willowwynd.com,2026-07-12,14,2.6464393446710153,0.0,0,0.25,-8.122570588235293,low,0.5333,5,0.7,True,NOERROR,1,1800,5,2,True,False,0,22612,US,False,NAMECHEAP INC,3,365,True,0,False,False,False,benign,no_adverse_signal
goldenpalaceeventos.com,2026-07-12,23,3.4058222502856896,0.0,0,0.7272727272727273,-6.721437142857143,low,0.5143,2,0.631578947368421,False,NOERROR,0,,1,2,False,False,0,,,,"NameCheap, Inc.",3,365,False,,,False,False,benign,no_adverse_signal
homessale.shop,2026-07-12,14,2.725480556997868,0.0,0,0.8,-6.1844,low,0.5333,2,0.7777777777777778,True,NOERROR,1,900,1,3,True,False,0,14061,DE,False,,,,False,0,False,False,False,benign,no_adverse_signal
38915.top,2026-07-12,9,2.321928094887362,0.5555555555555556,0,0.0,-10.55122857142857,high,0.2857,0,1.0,True,NOERROR,1,600,0,4,False,False,0,62468,US,False,NameMart Pte. Ltd.,3,365,False,0,True,False,,malicious,spamhaus_zen
w7q4r9.com,2026-07-12,10,2.584962500721156,0.3,0,0.0,-13.472122222222222,low,0.3636,1,1.0,False,NOERROR,0,,0,2,False,False,0,,,,"GMO Internet, Inc.",3,365,True,,,False,,benign,no_adverse_signal
llmtoy.xyz,2026-07-12,10,2.2516291673878226,0.0,0,0.2,-8.201022222222223,high,0.5714,4,0.8333333333333334,True,NOERROR,2,3600,1,2,True,False,0,16509,US,True,"GMO Internet, Inc.",4,365,True,25,False,False,,benign,no_adverse_signal
forst-grossostheim.de,2026-07-12,21,3.239097917988786,0.0,1,0.4166666666666667,-6.926154545454545,low,0.4167,3,0.6111111111111112,True,NOERROR,1,150,1,2,False,False,1,6724,DE,True,,,,False,0,False,False,False,benign,no_adverse_signal
bajji365.ws,2026-07-12,11,2.75,0.2727272727272727,0,0.6666666666666666,-9.487307692307692,low,0.4706,2,0.875,True,NOERROR,2,300,0,2,False,False,2,13335,US,False,DYNADOT LLC,5,365,True,0,False,False,,benign,no_adverse_signal
maisonfilms.io,2026-07-12,14,2.9139770731827523,0.0,0,0.5714285714285714,-6.927257894736842,low,0.5333,3,0.7272727272727273,True,NOERROR,4,14400,1,4,True,False,0,53831,US,False,Squarespace Domains LLC,4,365,True,21,False,False,False,benign,no_adverse_signal
vachaus.fr,2026-07-12,10,2.5216406363433186,0.0,0,0.75,-6.845218181818182,low,0.5333,2,0.8571428571428571,True,NOERROR,1,3600,2,4,True,False,1,8560,DE,True,IONOS SE,2,364,False,0,False,False,False,benign,no_adverse_signal
tarxy.io,2026-07-12,8,2.321928094887362,0.0,0,0.25,-7.990200000000001,low,0.6,3,1.0,True,NOERROR,2,600,5,2,False,False,0,16509,US,True,"GoDaddy.com, LLC",4,365,True,37,False,False,False,benign,no_adverse_signal
yangusjunk.com,2026-07-12,14,2.9219280948873623,0.0,0,0.42857142857142855,-7.782358823529413,low,0.4667,2,0.8,True,NOERROR,4,14400,0,4,True,False,0,53831,US,False,Squarespace Domains LLC,3,1096,True,21,False,False,,benign,no_adverse_signal
mountaintvguide.com,2026-07-12,19,3.373557262275185,0.0,0,0.875,-7.000685185185184,low,0.5385,4,0.7333333333333333,False,NOERROR,0,,3,2,True,False,0,,,,"Amazon Registrar, Inc.",3,365,True,,,False,False,benign,no_adverse_signal
4give8ters.com,2026-07-12,14,3.121928094887362,0.14285714285714285,0,0.6,-8.75491176470588,low,0.5882,2,0.9,False,NOERROR,0,,1,4,True,False,0,,,,"Wild West Domains, LLC",3,365,False,,,False,False,benign,no_adverse_signal
7play.store,2026-07-12,11,2.321928094887362,0.09090909090909091,0,0.3333333333333333,-7.6317,low,0.5455,2,1.0,True,NOERROR,2,300,0,2,False,False,2,13335,US,False,,,,False,0,False,False,,benign,no_adverse_signal
jisuyan.com,2026-07-12,11,2.807354922057604,0.0,0,0.75,-8.061836363636363,low,0.5,1,1.0,True,NOERROR,1,1799,5,2,True,False,0,8796,SC,False,"NameCheap, Inc.",3,365,False,0,False,False,False,benign,no_adverse_signal
interodigitalmediaworks.com,2026-07-12,27,3.6539967386657093,0.0,0,0.7692307692307693,-6.479655813953489,low,0.4444,3,0.6086956521739131,True,NOERROR,2,300,4,2,True,False,2,13335,US,False,"Cloudflare, Inc.",3,365,True,0,False,False,False,benign,no_adverse_signal
kheal88.com,2026-07-12,11,2.521640636343318,0.18181818181818182,0,0.6666666666666666,-8.278463636363636,low,0.6154,2,0.8571428571428571,True,NOERROR,2,300,0,2,False,False,2,13335,US,False,DYNADOT LLC,3,365,True,0,False,False,,benign,no_adverse_signal
61aa222.com,2026-07-12,11,1.8423709931771086,0.45454545454545453,0,2.0,-10.646081818181818,low,0.4,0,0.5714285714285714,True,NOERROR,2,300,0,2,False,False,2,13335,US,False,DYNADOT LLC,3,365,True,0,False,False,,benign,no_adverse_signal
seallm.xyz,2026-07-12,10,2.251629167387823,0.0,0,0.5,-6.5459,high,0.6,3,0.8333333333333334,True,NOERROR,2,3600,1,2,True,False,0,16509,US,True,"GMO Internet, Inc.",4,365,True,25,False,False,,benign,no_adverse_signal
healthpicksdaily.com,2026-07-12,20,3.5,0.0,0,0.45454545454545453,-7.096082758620689,low,0.5455,4,0.75,True,NOERROR,1,50,0,2,False,False,0,47583,CY,False,"HOSTINGER operations, UAB",3,365,False,31,False,False,,benign,no_adverse_signal
inaqixof.shop,2026-07-12,13,2.75,0.0,0,1.0,-8.770438461538461,low,0.5,1,0.875,True,NOERROR,1,1800,0,2,False,False,0,396073,US,True,,,,False,0,False,False,,benign,no_adverse_signal
brightfuturescareservices.com,2026-07-12,29,3.4936606896881854,0.0,0,0.5625,-6.562778723404255,low,0.5366,4,0.52,True,NOERROR,2,600,0,2,False,False,0,16509,US,True,"GoDaddy.com, LLC",3,365,False,37,False,False,,benign,no_adverse_signal
caepp.com,2026-07-12,9,1.9219280948873623,0.0,0,0.6666666666666666,-8.086357142857143,low,0.6,2,0.8,True,NOERROR,1,600,0,2,False,False,0,132839,US,False,Dominet (HK) Limited,3,365,False,0,False,False,,benign,no_adverse_signal
sxxzrc.com,2026-07-12,10,2.2516291673878226,0.0,0,0.0,-10.509344444444444,low,0.4444,6,0.8333333333333334,True,NOERROR,1,600,0,2,False,False,0,54600,US,False,Eranet International Limited,3,365,True,0,False,False,,benign,no_adverse_signal
clientrail.xyz,2026-07-12,14,2.9219280948873623,0.0,0,0.6666666666666666,-6.161870588235295,high,0.625,3,0.8,True,NOERROR,2,3600,1,2,True,False,0,16509,US,True,"GMO Internet, Inc.",4,365,True,25,False,False,,benign,no_adverse_signal
beverlyhillshydration.com,2026-07-12,25,3.689703732199547,0.0,0,0.4,-7.1972641025641035,low,0.5,7,0.6666666666666666,True,NOERROR,1,3600,2,4,True,False,1,8560,US,True,IONOS SE,3,365,True,0,False,False,False,benign,no_adverse_signal
lienanalytics.xyz,2026-07-12,17,3.0850551027564768,0.0,0,0.625,-6.510604347826087,high,0.7586,3,0.6923076923076923,True,NOERROR,2,3600,1,2,True,False,0,16509,US,True,"GMO Internet, Inc.",3,365,True,25,False,False,,benign,no_adverse_signal
pghappyapp.com,2026-07-12,14,1.9609640474436814,0.0,0,0.25,-7.7565647058823535,low,0.5,3,0.5,True,NOERROR,2,300,0,2,False,False,2,13335,US,False,Dominet (HK) Limited,3,365,False,0,False,False,,benign,no_adverse_signal
shan.solutions,2026-07-12,14,2.0,0.0,0,0.3333333333333333,-6.00168,low,0.6667,2,1.0,True,NOERROR,5,30,0,2,False,False,8,213230,US,True,,,,,0,False,False,,benign,no_adverse_signal
glorybound.shop,2026-07-12,15,3.121928094887362,0.0,0,0.42857142857142855,-6.9733,low,0.6667,3,0.9,True,NOERROR,1,300,0,2,False,False,0,199242,GE,False,,,,False,0,False,False,,benign,no_adverse_signal
dismate-offcial.com,2026-07-12,19,3.5068905956085183,0.0,1,0.75,-7.268777777777778,low,0.4615,3,0.8,True,NOERROR,1,3600,1,2,True,False,0,9371,JP,True,"Japan Registry Services Co.,Ltd.(JPRS)",3,365,False,0,False,False,False,benign,no_adverse_signal
evo67.info,2026-07-12,10,2.321928094887362,0.2,0,2.0,-10.206585714285714,medium,0.5455,1,1.0,True,NOERROR,1,14400,3,2,True,False,0,22612,US,True,,,,,0,False,False,False,benign,no_adverse_signal
trydimovpayroll.com,2026-07-12,19,3.3735572622751855,0.0,0,0.36363636363636365,-7.577044444444444,low,0.48,4,0.7333333333333333,False,NOERROR,0,,1,4,True,False,0,,,,PDR Ltd. d/b/a PublicDomainRegistry.com,3,365,True,,,False,False,benign,no_adverse_signal
techypoint.co.uk,2026-07-12,16,3.121928094887362,0.0,0,0.42857142857142855,-6.797864705882353,low,0.7,4,0.9,True,NOERROR,2,60,2,2,True,False,2,47583,LT,False,"Namecheap, Inc. [Tag = NAMECHEAP-INC]",5,365,False,0,False,False,False,benign,no_adverse_signal
icecube.wtf,2026-07-12,11,2.2359263506290326,0.0,0,1.3333333333333333,-6.874727272727273,low,0.5,1,0.7142857142857143,True,NOERROR,3,3600,0,2,False,False,0,63949,US,True,,,,,0,False,False,,benign,no_adverse_signal
jbfhjs.com,2026-07-12,10,2.2516291673878226,0.0,0,0.0,-11.016488888888889,low,0.4,6,0.8333333333333334,False,NOERROR,0,,0,2,False,False,0,,,,Alibaba Cloud Computing Ltd. d/b/a HiChina (www.net.cn),3,365,False,,,False,,benign,no_adverse_signal
txyl55.vip,2026-07-12,10,2.2516291673878226,0.2,0,0.0,-10.620011111111111,low,0.4615,4,0.8333333333333334,True,NOERROR,2,300,0,2,False,False,2,13335,US,False,Gname.com Pte. Ltd.,3,365,True,0,False,False,,benign,no_adverse_signal
penalretail.co.uk,2026-07-12,17,2.9139770731827523,0.0,0,0.8333333333333334,-6.560852631578947,low,0.5882,2,0.7272727272727273,True,NOERROR,2,3600,0,2,False,False,0,16509,US,True,"GoDaddy.com, LLC. [Tag = GODADDY]",7,731,False,0,False,False,,benign,no_adverse_signal
phillipsai.xyz,2026-07-12,14,2.446439344671015,0.0,0,0.6666666666666666,-7.027588235294117,high,0.5,2,0.6,True,NOERROR,2,3600,1,2,True,False,0,16509,US,True,"GMO Internet, Inc.",3,365,True,25,False,False,,benign,no_adverse_signal
zgame66.buzz,2026-07-12,12,2.521640636343318,0.16666666666666666,0,0.6666666666666666,-8.492609090909092,high,0.5455,2,0.8571428571428571,True,NOERROR,2,300,0,2,False,False,2,13335,US,False,"Spaceship, Inc.",3,365,False,0,False,False,,benign,no_adverse_signal
expatease.mx,2026-07-12,12,2.4193819456463714,0.0,0,1.25,-6.59356,low,0.75,2,0.6666666666666666,True,NOERROR,2,60,2,2,True,False,2,47583,LT,True,Registrar.eu,5,365,False,0,False,False,False,benign,no_adverse_signal
executiveapps.xyz,2026-07-12,17,3.180832987205441,0.0,0,0.8571428571428571,-7.116508695652174,high,0.5,3,0.7692307692307693,True,NOERROR,2,3600,1,2,True,False,0,16509,US,True,"GMO Internet, Inc.",3,365,True,25,False,False,,benign,no_adverse_signal
noebs.icu,2026-07-12,9,2.321928094887362,0.0,0,0.6666666666666666,-7.8403857142857145,low,0.6,2,1.0,False,NOERROR,0,,0,2,False,False,0,,,,"DNSPod, Inc.",3,365,False,,,False,,benign,no_adverse_signal
mightyfineflower.com,2026-07-12,20,3.625,0.0,0,0.45454545454545453,-7.188172413793104,low,0.4348,5,0.8125,True,NOERROR,2,3600,0,2,False,False,0,16509,US,True,"GoDaddy.com, LLC",3,365,False,22,False,False,,benign,no_adverse_signal
trailsmint.xyz,2026-07-12,14,2.9219280948873623,0.0,0,0.42857142857142855,-6.579676470588235,high,0.5714,3,0.8,True,NOERROR,2,3600,1,2,True,False,0,16509,US,True,"GMO Internet, Inc.",3,365,True,25,False,False,,benign,no_adverse_signal
490253r.com,2026-07-12,11,2.807354922057604,0.5454545454545454,0,0.0,-11.1469,low,0.3636,1,1.0,True,NOERROR,13,51,0,2,False,False,0,7483,TW,False,"GoDaddy.com, LLC",3,365,False,0,False,False,,benign,no_adverse_signal
americanbusinessgroup.net,2026-07-12,25,3.5944656369614516,0.0,0,0.75,-6.456897435897436,low,0.5,4,0.6190476190476191,True,NOERROR,1,14400,3,2,True,False,0,22612,US,True,"NameCheap, Inc.",4,365,False,0,False,False,False,benign,no_adverse_signal
petprouk.com,2026-07-12,12,2.75,0.0,0,0.6,-7.050661538461539,low,0.5263,3,0.875,True,NOERROR,1,86400,1,4,True,False,1,13335,CA,True,"TUCOWS.COM, CO.",3,365,True,0,False,False,False,benign,no_adverse_signal
swaioffer.top,2026-07-12,13,2.94770277922009,0.0,0,0.8,-7.5535266666666665,high,0.5333,2,0.8888888888888888,False,NXDOMAIN,0,,0,0,False,False,0,,,,"NameSilo, LLC",3,365,True,,,False,,benign,no_adverse_signal
sazes.org,2026-07-12,9,1.9219280948873623,0.0,0,0.6666666666666666,-7.761057142857142,low,0.6,1,0.8,True,NOERROR,1,14400,3,2,True,False,0,22612,US,True,"NameCheap, Inc.",3,365,False,0,False,False,False,benign,no_adverse_signal
thehomecushions.com,2026-07-12,19,3.189898095464287,0.0,0,0.6666666666666666,-6.640066666666667,low,0.4667,2,0.6666666666666666,True,NOERROR,1,1799,5,2,True,False,0,16509,US,False,"NameCheap, Inc.",3,365,False,0,False,False,False,benign,no_adverse_signal
devcasinoavantaj.com,2026-07-12,20,3.25,0.0,0,0.7777777777777778,-7.174513793103449,low,0.6154,2,0.6875,True,NOERROR,2,300,0,2,False,False,2,13335,US,False,DYNADOT LLC,3,365,True,0,False,False,,benign,no_adverse_signal
123kebab.re,2026-07-12,11,2.75,0.2727272727272727,0,0.6666666666666666,-9.076176923076924,low,0.5,1,0.875,True,NOERROR,1,21600,1,4,True,False,1,210403,FR,False,SAS Ligne Web Services - LWS,,,False,0,False,False,False,benign,no_adverse_signal
huangshipeng.com,2026-07-12,16,3.0849625007211556,0.0,0,0.5,-6.878914285714286,low,0.6,4,0.75,False,NOERROR,0,,3,2,True,False,0,,,,"Spaceship, Inc.",3,365,False,,,False,False,benign,no_adverse_signal
llmjeep.xyz,2026-07-12,11,2.2359263506290326,0.0,0,0.4,-8.591381818181818,high,0.4615,4,0.7142857142857143,True,NOERROR,2,3600,1,2,True,False,0,16509,US,True,"GMO Internet, Inc.",4,365,True,25,False,False,,benign,no_adverse_signal
rueglydn.surf,2026-07-12,13,3.0,0.0,0,0.3333333333333333,-8.096553846153846,low,0.5714,5,1.0,True,NOERROR,1,300,0,2,False,False,0,45102,HK,False,DYNADOT LLC,3,365,True,0,False,False,,benign,no_adverse_signal
redpositiva.com,2026-07-12,15,3.277613436819116,0.0,0,0.8333333333333334,-6.8004105263157895,low,0.5882,2,0.9090909090909091,True,NOERROR,1,300,0,2,False,False,0,14618,US,True,"Gransy, s.r.o.",3,365,False,0,False,False,,benign,no_adverse_signal
188m.bio,2026-07-12,8,1.5,0.375,0,0.0,-9.5146,low,0.2857,1,0.75,True,NOERROR,2,300,0,2,False,False,2,13335,US,False,,,,,0,False,False,,benign,no_adverse_signal
aibeesdatapro.com,2026-07-12,17,3.180832987205441,0.0,0,1.1666666666666667,-6.831473913043478,low,0.5,2,0.7692307692307693,True,NOERROR,2,600,0,2,False,False,0,16509,US,True,"GoDaddy.com, LLC",3,365,False,37,False,False,,benign,no_adverse_signal
cerumenspoon.com,2026-07-12,16,3.084962500721156,0.0,0,0.7142857142857143,-6.577676190476191,low,0.5,3,0.75,False,NOERROR,0,,3,2,True,False,0,,,,"Amazon Registrar, Inc.",3,365,True,,,False,False,benign,no_adverse_signal
yoniyacht.club,2026-07-12,14,2.94770277922009,0.0,0,0.5,-7.515586666666667,low,0.5882,3,0.8888888888888888,True,NOERROR,1,3600,0,3,True,False,0,6939,US,True,Porkbun,3,3653,True,0,False,False,,benign,no_adverse_signal
anchordairy2u.com,2026-07-12,17,3.3927474104487847,0.058823529411764705,0,0.7142857142857143,-7.515473913043478,low,0.64,3,0.8461538461538461,True,NOERROR,2,3600,0,2,False,False,0,16509,US,True,"GoDaddy.com, LLC",3,731,False,22,False,False,,benign,no_adverse_signal
promptlyapp.net,2026-07-12,15,2.7321588913645707,0.0,0,0.2222222222222222,-7.389784210526316,low,0.4706,5,0.7272727272727273,True,NOERROR,4,14400,0,4,True,False,0,53831,US,False,Squarespace Domains LLC,3,365,True,21,False,False,,benign,no_adverse_signal
xn--6nq95q00mcj6c.com,2026-07-12,21,3.381580488309164,0.2857142857142857,2,0.0,-11.736596774193549,low,0.24,3,0.6470588235294118,False,NXDOMAIN,0,,0,0,False,False,0,,,,Xin Net Technology Corporation,4,365,False,,,False,,benign,no_adverse_signal
woyqs.top,2026-07-12,9,2.321928094887362,0.0,0,0.25,-10.866614285714286,high,0.5,3,1.0,False,NOERROR,0,,0,2,False,False,0,,,,Dynadot LLC,3,365,True,,,False,,benign,no_adverse_signal
1setq.top,2026-07-12,9,2.321928094887362,0.1111111111111111,0,0.3333333333333333,-8.769785714285714,high,0.5455,2,1.0,True,NOERROR,8,60,0,2,False,True,0,8075,JP,False,"Spaceship, Inc.",3,365,True,0,False,True,,malicious,spamhaus_dbl
cozycurb.com,2026-07-12,12,2.75,0.0,0,0.3333333333333333,-8.463084615384615,low,0.4615,3,0.875,True,NOERROR,2,3600,1,2,True,False,0,16509,US,True,"GoDaddy.com, LLC",3,365,False,25,False,False,,benign,no_adverse_signal
vulkanplatinum21g.lol,2026-07-12,21,3.6168746059562227,0.09523809523809523,0,0.5,-8.03367741935484,low,0.5,3,0.7647058823529411,True,NOERROR,1,60,0,2,False,False,0,48282,RU,True,"Spaceship, Inc.",3,365,False,0,False,False,,benign,no_adverse_signal
designbrowser.xyz,2026-07-12,17,3.238901256602631,0.0,0,0.4444444444444444,-7.022200000000001,high,0.4762,4,0.7692307692307693,True,NOERROR,2,3600,1,2,True,False,0,16509,US,True,"GMO Internet, Inc.",3,365,True,25,False,False,,benign,no_adverse_signal
trkdrpath.monster,2026-07-12,17,2.725480556997868,0.0,0,0.125,-7.789666666666666,low,0.6667,6,0.7777777777777778,False,NOERROR,0,,0,2,False,False,0,,,,DYNADOT LLC,3,365,True,,,False,,benign,no_adverse_signal
wellnessinvestigator.com,2026-07-12,24,3.446439344671015,0.0,0,0.5384615384615384,-6.538505405405405,low,0.4828,3,0.6,True,NOERROR,1,7200,2,2,False,False,0,31898,US,True,"GoDaddy.com, LLC",3,365,False,0,False,False,False,benign,no_adverse_signal
javaturtlelodge.id,2026-07-12,18,3.3735572622751855,0.0,0,0.6666666666666666,-7.208992592592592,low,0.5833,3,0.7333333333333333,True,NOERROR,1,3600,1,2,True,False,0,141968,ID,True,,,,False,0,False,False,False,benign,no_adverse_signal
vidrepurposer.com,2026-07-12,17,3.0269868333592873,0.0,0,0.625,-6.888034782608696,low,0.5263,2,0.6923076923076923,False,NOERROR,0,,0,2,False,False,0,,,,Dominet (HK) Limited,3,365,False,,,False,,benign,no_adverse_signal
colegioayo.com,2026-07-12,14,2.8464393446710154,0.0,0,1.5,-7.4650058823529415,low,0.5,1,0.8,True,NOERROR,1,14400,1,2,True,False,0,17378,US,True,Neubox Internet S.A. de C.V.,3,365,True,0,False,False,False,benign,no_adverse_signal
realisticpilot.com,2026-07-12,18,3.182005814760214,0.0,0,0.75,-6.52858,low,0.6667,2,0.7142857142857143,True,NOERROR,1,300,0,2,False,False,0,40034,VG,False,"Network Solutions, LLC",3,1096,True,28,False,False,,benign,no_adverse_signal
unitycreativealb.com,2026-07-12,20,3.5,0.0,0,0.7777777777777778,-6.645475862068965,low,0.5714,4,0.75,True,NOERROR,4,14400,0,4,True,False,0,53831,US,False,Squarespace Domains LLC,3,365,True,21,False,False,,benign,no_adverse_signal
fynecountry.com,2026-07-12,15,3.0957952550009344,0.0,0,0.375,-6.930668421052633,low,0.5882,4,0.8181818181818182,False,timeout,0,,0,0,False,False,0,,,,"NameSilo, LLC",3,365,True,,,False,,benign,no_adverse_signal
winebrenner.fyi,2026-07-12,15,2.4130884364257574,0.0,0,0.5714285714285714,-6.363773684210526,low,0.5,2,0.5454545454545454,True,NOERROR,2,24,0,4,False,False,0,16509,US,True,,,,,1,False,False,,benign,no_adverse_signal
soobinlim.com,2026-07-12,13,2.725480556997868,0.0,0,0.8,-6.972853333333333,low,0.5,2,0.7777777777777778,True,NOERROR,2,3600,0,2,False,False,0,13335,US,False,"Network Solutions, LLC",3,365,True,0,False,False,,benign,no_adverse_signal
ledor.app,2026-07-12,9,2.321928094887362,0.0,0,0.6666666666666666,-6.5559714285714294,low,0.6,1,1.0,True,NOERROR,4,300,0,2,False,False,0,54113,US,True,,,,False,37,False,False,,benign,no_adverse_signal
rallioxs.boats,2026-07-12,14,2.75,0.0,0,0.6,-7.1829,low,0.625,2,0.875,False,NOERROR,0,,0,2,False,False,0,,,,Porkbun LLC,3,365,False,,,False,,benign,no_adverse_signal
angkasabet88.com,2026-07-12,16,3.0220552088742005,0.125,0,0.6666666666666666,-7.514842857142857,low,0.5,3,0.75,True,NOERROR,1,14400,3,2,True,False,0,22612,US,True,"NameCheap, Inc.",3,365,False,0,False,False,False,benign,no_adverse_signal
map-coaching.com,2026-07-12,16,3.2516291673878226,0.0,1,0.5714285714285714,-6.968714285714285,low,0.5556,2,0.8333333333333334,True,NOERROR,2,1,2,4,True,False,0,16509,US,True,Porkbun LLC,3,365,False,0,False,False,False,benign,no_adverse_signal
duoverticalsl.com,2026-07-12,17,3.546593564294939,0.0,0,0.625,-6.898569565217391,low,0.5455,3,0.9230769230769231,True,NOERROR,4,14400,1,4,True,False,0,53831,US,False,Squarespace Domains II LLC,3,365,True,21,False,False,False,benign,no_adverse_signal
urban-telecom.com,2026-07-12,17,3.546593564294939,0.0,1,0.7142857142857143,-6.704295652173913,low,0.6,2,0.9230769230769231,True,NOERROR,2,600,0,2,False,False,0,16509,US,True,"GoDaddy.com, LLC",3,365,False,37,False,False,,benign,no_adverse_signal
nichemarketeers.us,2026-07-12,18,3.2402239289418517,0.0,0,0.6666666666666666,-6.269555555555555,low,0.5,2,0.7333333333333333,False,NOERROR,0,,3,2,True,False,0,,,,Gandi SAS,4,365,False,,,False,False,benign,no_adverse_signal
canyoncommunicationhk.com,2026-07-12,25,3.27280432733462,0.0,0,0.6153846153846154,-6.80863076923077,low,0.5143,3,0.5238095238095238,True,NOERROR,1,1800,0,0,False,False,0,58182,US,True,Wix.com Ltd.,1103,1461,True,0,False,False,,benign,no_adverse_signal
mymotordesk.com,2026-07-12,15,3.0957952550009344,0.0,0,0.375,-6.7951736842105275,low,0.6316,3,0.8181818181818182,True,NOERROR,1,300,0,4,False,False,0,36351,US,True,"Name.com, Inc.",3,365,True,0,False,False,,benign,no_adverse_signal
larosamosquetainvita.com,2026-07-12,24,3.521928094887362,0.0,0,1.0,-6.878354054054054,low,0.4706,2,0.65,True,NOERROR,1,3600,0,2,False,False,0,209242,AU,False,"Cloudflare, Inc.",3,365,True,12,False,False,,benign,no_adverse_signal
apeterra.com,2026-07-12,12,2.25,0.0,0,1.0,-6.375584615384615,low,0.6154,2,0.625,True,NOERROR,1,900,1,2,True,False,0,51167,FR,True,REGISTER S.P.A.,3,365,True,0,False,False,False,benign,no_adverse_signal
rkgg9te.com,2026-07-12,11,2.5216406363433186,0.09090909090909091,0,0.2,-10.703236363636364,low,0.5,4,0.8571428571428571,True,NOERROR,2,300,0,2,False,False,2,13335,US,False,"GoDaddy.com, LLC",3,731,False,0,False,False,,benign,no_adverse_signal
astraimmi.com,2026-07-12,13,2.503258334775646,0.0,0,0.8,-6.552566666666666,low,0.5556,3,0.6666666666666666,False,NOERROR,0,,3,2,True,False,0,,,,"GMO Internet, Inc.",3,365,True,,,False,False,benign,no_adverse_signal
warriorwildcitadel.club,2026-07-12,23,3.197159723424149,0.0,0,0.6363636363636364,-7.106742424242425,low,0.4615,3,0.5555555555555556,True,NOERROR,2,300,0,2,False,False,2,13335,US,False,NAMECHEAP INC,3,365,True,0,False,False,,benign,no_adverse_signal
dreamjob.cloud,2026-07-12,14,3.0,0.0,0,0.6,-7.4427076923076925,low,0.5333,2,1.0,True,NOERROR,1,60,2,2,True,False,0,47583,US,True,"HOSTINGER operations, UAB",3,365,False,0,False,False,False,benign,no_adverse_signal
mcprunlogbank.xyz,2026-07-12,17,3.5465935642949384,0.0,0,0.3,-7.55095652173913,high,0.4762,4,0.9230769230769231,True,NOERROR,2,3600,1,2,True,False,0,16509,US,True,"GMO Internet, Inc.",3,365,True,25,False,False,,benign,no_adverse_signal
turnsllm.xyz,2026-07-12,12,2.75,0.0,0,0.14285714285714285,-7.612207692307692,high,0.5333,6,0.875,True,NOERROR,2,3600,1,2,True,False,0,16509,US,True,"GMO Internet, Inc.",3,365,True,25,False,False,,benign,no_adverse_signal
testartifacts.xyz,2026-07-12,17,2.7773627950641693,0.0,0,0.4444444444444444,-6.399330434782608,high,0.6316,3,0.6153846153846154,True,NOERROR,2,3600,1,2,True,False,0,16509,US,True,"GMO Internet, Inc.",3,365,True,25,False,False,,benign,no_adverse_signal
purposeful.global,2026-07-12,17,2.9219280948873623,0.0,0,0.6666666666666666,-7.486317647058823,low,0.4706,2,0.8,True,NOERROR,2,600,0,2,False,False,0,16509,US,True,,,,,37,False,False,,benign,no_adverse_signal
trustnoderoom.xyz,2026-07-12,17,3.0269868333592873,0.0,0,0.625,-6.6785565217391305,high,0.5217,3,0.6923076923076923,True,NOERROR,2,3600,1,2,True,False,0,16509,US,True,"GMO Internet, Inc.",3,365,True,25,False,False,,benign,no_adverse_signal
saveonshoppinghub.org,2026-07-12,21,3.4992275471326932,0.0,0,0.5454545454545454,-6.86823870967742,low,0.4444,3,0.7058823529411765,True,NOERROR,1,14400,1,2,True,False,0,16276,FR,True,NAMECHEAP INC,3,365,False,0,False,False,False,benign,no_adverse_signal
employmentdeliverygroup.com,2026-07-12,27,3.653996738665709,0.0,0,0.5333333333333333,-6.963034883720931,low,0.4571,4,0.6086956521739131,True,NOERROR,2,300,1,2,True,False,2,13335,US,False,"Gransy, s.r.o.",3,365,False,0,False,False,False,benign,no_adverse_signal
iremnurkoksal.com,2026-07-12,17,3.3927474104487847,0.0,0,0.625,-7.691039130434783,low,0.5263,2,0.8461538461538461,True,NOERROR,3,3600,0,2,False,False,0,58182,US,True,Wix.com Ltd.,3,365,False,17,False,False,,benign,no_adverse_signal
eduardoneuro.com.br,2026-07-12,19,2.751629167387823,0.0,0,1.4,-6.864809523809524,low,0.5217,2,0.5833333333333334,True,NOERROR,1,300,5,4,False,False,0,396982,BR,True,,5,365,False,0,False,False,False,benign,no_adverse_signal
herkulapp.com,2026-07-12,13,2.9477027792200903,0.0,0,0.5,-7.04344,low,0.5,2,0.8888888888888888,True,NOERROR,1,14400,3,2,True,False,0,22612,US,True,NAMECHEAP INC,3,365,True,0,False,False,False,benign,no_adverse_signal
ledevcomme.click,2026-07-12,16,2.6464393446710157,0.0,0,0.6666666666666666,-7.194088235294117,medium,0.5385,2,0.7,True,NOERROR,2,300,0,2,False,False,2,13335,US,False,NAMECHEAP INC,3,365,True,0,False,False,,benign,no_adverse_signal
myarchiveroom.com,2026-07-12,17,3.238901256602631,0.0,0,0.625,-6.587060869565217,low,0.7,3,0.7692307692307693,True,NOERROR,1,300,0,2,False,False,0,40034,VG,False,"Network Solutions, LLC",3,365,True,28,False,False,,benign,no_adverse_signal
bat8999.vip,2026-07-12,11,2.128085278891394,0.36363636363636365,0,0.5,-9.448427272727272,low,0.4,1,0.7142857142857143,True,NOERROR,2,300,0,2,False,False,2,13335,US,False,DYNADOT LLC,3,365,True,0,False,False,,benign,no_adverse_signal
jerkllm.xyz,2026-07-12,11,2.521640636343318,0.0,0,0.16666666666666666,-8.201872727272727,high,0.5455,5,0.8571428571428571,True,NOERROR,2,3600,1,2,True,False,0,16509,US,True,"GMO Internet, Inc.",4,365,True,25,False,False,,benign,no_adverse_signal
focusd.fr,2026-07-12,9,2.584962500721156,0.0,0,0.5,-7.5859,low,0.5455,2,1.0,True,NOERROR,1,3600,2,4,True,False,1,8560,DE,True,IONOS SE,2,364,False,0,False,False,False,benign,no_adverse_signal
lucky8.mx,2026-07-12,9,2.584962500721156,0.1111111111111111,0,0.25,-8.410455555555554,low,0.5556,3,1.0,True,NOERROR,2,300,0,2,False,False,2,13335,US,False,Dynadot Inc,7,365,True,0,False,False,,benign,no_adverse_signal
top88.spot,2026-07-12,10,1.9219280948873623,0.2,0,0.5,-8.923442857142858,low,0.5,1,0.8,True,NOERROR,2,300,0,2,False,False,0,16509,US,True,,,,,1,False,False,,benign,no_adverse_signal
heldenlexikon.de,2026-07-12,16,3.0269868333592873,0.0,0,0.625,-7.255908695652174,low,0.5,2,0.6923076923076923,True,NOERROR,1,7200,1,2,True,False,0,34788,DE,True,,,,False,0,False,False,False,benign,no_adverse_signal
egkrateia.net,2026-07-12,13,2.725480556997868,0.0,0,1.25,-8.06668,low,0.5882,3,0.7777777777777778,True,NOERROR,4,14400,5,4,False,False,0,53831,US,False,Squarespace Domains LLC,3,365,True,21,False,False,False,benign,no_adverse_signal
immobkapital.com,2026-07-12,16,3.084962500721156,0.0,0,0.7142857142857143,-7.329571428571429,low,0.5556,2,0.75,True,NOERROR,1,14400,1,2,True,False,0,44043,RO,True,"Gransy, s.r.o.",3,365,False,0,False,False,False,benign,no_adverse_signal
66ant.top,2026-07-12,9,1.9219280948873623,0.2222222222222222,0,0.5,-8.881242857142857,high,0.5,2,0.8,False,NXDOMAIN,0,,0,0,False,False,0,,,,,,,False,,,False,,benign,no_adverse_signal
stromascientific.com,2026-07-12,20,3.327819531114783,0.0,0,0.6,-6.448882758620689,low,0.5455,3,0.6875,False,NOERROR,0,,5,2,True,False,0,,,,"Cloudflare, Inc.",3,365,True,,,False,False,benign,no_adverse_signal
connectletter.xyz,2026-07-12,17,2.6612262562697895,0.0,0,0.4444444444444444,-6.414217391304347,high,0.6429,3,0.5384615384615384,True,NOERROR,2,3600,1,2,True,False,0,16509,US,True,"GMO Internet, Inc.",3,365,True,25,False,False,,benign,no_adverse_signal
n6v5w3.com,2026-07-12,10,2.584962500721156,0.3,0,0.0,-12.758233333333333,low,0.4444,1,1.0,False,NOERROR,0,,0,2,False,False,0,,,,"GMO Internet, Inc.",3,365,True,,,False,,benign,no_adverse_signal
modalityatlas.xyz,2026-07-12,17,3.0269868333592873,0.0,0,0.625,-6.7933,high,0.5217,2,0.6923076923076923,True,NOERROR,2,3600,1,2,True,False,0,16509,US,True,"GMO Internet, Inc.",3,365,True,25,False,False,,benign,no_adverse_signal
garethquinnredmond.com,2026-07-12,22,3.5724312513221195,0.0,0,0.5,-7.260309090909091,low,0.4848,3,0.7222222222222222,True,NOERROR,2,7,0,4,False,False,0,16509,US,True,Porkbun LLC,1111,1461,False,0,False,False,,benign,no_adverse_signal
cloudgamelounge.online,2026-07-12,22,3.2402239289418517,0.0,0,0.875,-6.467640740740741,medium,0.56,2,0.6666666666666666,True,NOERROR,2,300,0,2,False,False,2,13335,US,False,NAMECHEAP INC,3,365,False,0,False,False,,benign,no_adverse_signal
brightsavers.net,2026-07-12,16,3.2516291673878226,0.0,0,0.3333333333333333,-6.743057142857142,low,0.5882,4,0.8333333333333334,True,NOERROR,2,300,1,2,True,False,2,13335,US,False,"Cloudflare, Inc.",4,365,True,0,False,False,,benign,no_adverse_signal
booksmatter.click,2026-07-12,17,3.0957952550009344,0.0,0,0.5714285714285714,-6.592047368421053,medium,0.6,3,0.8181818181818182,True,NOERROR,2,56,0,4,False,False,0,16509,US,True,Porkbun LLC,745,1095,False,1,False,False,,benign,no_adverse_signal
belkiteam.online,2026-07-12,16,2.94770277922009,0.0,0,0.8,-6.841426666666666,medium,0.5882,2,0.8888888888888888,True,NOERROR,1,86400,0,2,False,False,0,197695,RU,False,Registrar of Domain Names REG.RU LLC,3,365,False,0,False,,,benign,no_adverse_signal
fountaynemanaging.com,2026-07-12,21,3.2195282822995477,0.0,0,0.7,-6.595012903225807,low,0.4848,2,0.6470588235294118,False,NOERROR,0,,3,2,True,False,0,,,,"Amazon Registrar, Inc.",3,365,True,,,False,False,benign,no_adverse_signal
judihoki187ok.lat,2026-07-12,17,3.238901256602631,0.17647058823529413,0,1.0,-9.355560869565217,low,0.4167,1,0.7692307692307693,True,NOERROR,2,300,1,2,False,False,2,13335,US,False,"GoDaddy.com, LLC",3,365,False,0,False,False,False,benign,no_adverse_signal
dramaplayesp.site,2026-07-12,17,3.0220552088742,0.0,0,0.5,-6.671704761904762,medium,0.5714,2,0.75,True,NOERROR,1,1800,0,2,False,False,1,47583,BR,False,"HOSTINGER operations, UAB",3,365,False,0,False,False,,benign,no_adverse_signal
nourivana.shop,2026-07-12,14,2.725480556997868,0.0,0,1.25,-6.586406666666666,low,0.5,1,0.7777777777777778,True,NOERROR,1,300,0,2,False,False,0,199242,US,False,,,,False,0,False,False,,benign,no_adverse_signal
baugut-ag.ch,2026-07-12,12,2.5032583347756456,0.0,1,1.0,-8.237093333333332,low,0.4444,1,0.6666666666666666,True,NOERROR,1,300,2,3,True,False,1,29097,CH,True,,,,False,0,False,False,False,benign,no_adverse_signal
focuspointnetworkpro.click,2026-07-12,26,3.521928094887362,0.0,0,0.5384615384615384,-6.982937837837838,medium,0.5161,4,0.65,True,NOERROR,2,300,0,2,True,False,2,13335,US,False,"Spaceship, Inc.",3,365,False,0,False,False,,benign,no_adverse_signal
transferairportmorocco.com,2026-07-12,26,3.295357051617442,0.0,0,0.5714285714285714,-6.733231707317073,low,0.4324,3,0.5454545454545454,True,NOERROR,1,1799,5,2,True,False,0,16509,US,False,NAMECHEAP INC,3,365,True,0,False,False,False,benign,no_adverse_signal
goldengrandofficial.com,2026-07-12,23,3.4058222502856905,0.0,0,0.5833333333333334,-6.642571428571429,low,0.5143,3,0.5789473684210527,False,NOERROR,0,,3,2,True,False,0,,,,"ENOM, INC.",3,365,True,,,False,False,benign,no_adverse_signal
stpetersburggutterco.com,2026-07-12,24,3.1464393446710153,0.0,0,0.42857142857142855,-7.188724324324324,low,0.4516,3,0.5,False,NOERROR,0,,0,2,False,False,0,,,,"Cloudflare, Inc.",3,365,True,,,False,,benign,no_adverse_signal
elvertonbit.tech,2026-07-12,16,3.0957952550009344,0.0,0,0.5714285714285714,-6.892273684210527,low,0.5714,2,0.8181818181818182,True,NOERROR,2,300,0,2,False,False,2,13335,US,False,NAMECHEAP INC,3,365,True,0,False,False,,benign,no_adverse_signal
enceepinschers.online,2026-07-12,21,2.8073549220576046,0.0,0,0.5555555555555556,-6.433908,medium,0.5217,4,0.5714285714285714,False,timeout,0,,0,0,False,False,0,,,,CV. Rumahweb Indonesia,3,365,False,,,False,,benign,no_adverse_signal
cegjpahpd.cc,2026-07-12,12,2.94770277922009,0.0,0,0.2857142857142857,-9.43042,low,0.5,3,0.8888888888888888,False,NOERROR,0,,0,2,False,False,0,,,,"GoDaddy.com, LLC",3,365,False,,,False,,benign,no_adverse_signal
vallauris.org,2026-07-12,13,2.725480556997868,0.0,0,0.8,-6.616586666666667,low,0.5882,2,0.7777777777777778,True,NOERROR,2,1800,0,2,False,False,0,16509,US,False,"Name.com, Inc.",3,365,False,0,False,False,,benign,no_adverse_signal
vexmarl.digital,2026-07-12,15,2.807354922057604,0.0,0,0.4,-7.4022,low,0.5714,2,1.0,True,NOERROR,2,300,0,2,False,False,2,13335,US,False,,,,,0,False,False,,benign,no_adverse_signal
trabs-bunias-ghats.rest,2026-07-12,23,3.30827083453526,0.0,2,0.45454545454545453,-7.427451515151515,low,0.4,2,0.6111111111111112,True,NOERROR,2,300,0,2,False,False,2,13335,US,False,"NameSilo, LLC",3,365,True,0,False,False,,benign,no_adverse_signal
kariannriley.com,2026-07-12,16,2.918295834054489,0.0,0,0.7142857142857143,-7.001304761904762,low,0.5,3,0.6666666666666666,True,NOERROR,2,600,0,2,False,False,0,16509,US,True,"GoDaddy.com, LLC",3,365,False,37,False,False,,benign,no_adverse_signal
erpbolt.com,2026-07-12,11,2.807354922057604,0.0,0,0.4,-7.648063636363636,low,0.5714,3,1.0,True,NOERROR,1,3600,0,2,False,False,0,14618,US,True,Atom.com Domains LLC,3,365,False,0,False,False,,benign,no_adverse_signal
junasul.onl,2026-07-12,11,2.5216406363433186,0.0,0,0.75,-7.199918181818182,low,0.5455,1,0.8571428571428571,True,NOERROR,2,300,0,2,False,False,2,13335,US,False,,,,,0,False,False,,benign,no_adverse_signal
fairfriend.xyz,2026-07-12,14,2.721928094887362,0.0,0,0.6666666666666666,-7.036735294117647,high,0.5333,3,0.7,True,NOERROR,2,3600,1,2,True,False,0,16509,US,True,"GMO Internet, Inc.",3,365,True,25,False,False,,benign,no_adverse_signal
maplefrontierclub.com,2026-07-12,21,3.734521664779752,0.0,0,0.5454545454545454,-6.7931838709677415,low,0.5185,3,0.8235294117647058,True,NOERROR,1,14400,3,2,True,False,0,22612,US,True,NAMECHEAP INC,3,365,True,0,False,False,False,benign,no_adverse_signal
thamtuhalong.com,2026-07-12,16,3.084962500721156,0.0,0,0.5,-7.355157142857143,low,0.5556,2,0.75,False,NOERROR,0,,0,3,False,False,0,,,,"GMO Internet, Inc.",3,731,False,,,False,,benign,no_adverse_signal
vairaydium.xyz,2026-07-12,14,2.9219280948873623,0.0,0,1.0,-7.518888235294118,high,0.5882,2,0.8,True,NOERROR,2,3600,1,2,True,False,0,16509,US,True,"GMO Internet, Inc.",3,365,True,25,False,False,,benign,no_adverse_signal
prestigedental.group,2026-07-12,20,3.3248629576173574,0.0,0,0.5555555555555556,-6.164656,low,0.6,2,0.7857142857142857,True,NOERROR,1,120,1,0,False,False,1,,,False,,,,False,0,False,False,,benign,no_adverse_signal
engineersfeed.xyz,2026-07-12,17,2.6535442970305683,0.0,0,0.8571428571428571,-6.785,high,0.5263,3,0.6153846153846154,True,NOERROR,2,3600,1,2,True,False,0,16509,US,True,"GMO Internet, Inc.",3,365,True,25,False,False,,benign,no_adverse_signal
rawaugust.com,2026-07-12,13,2.725480556997868,0.0,0,0.8,-7.529673333333333,low,0.5714,2,0.7777777777777778,True,NOERROR,3,3600,0,2,False,False,0,58182,US,True,Wix.com Ltd.,3,1096,False,18,False,False,,benign,no_adverse_signal
q-parkpayd.com,2026-07-12,14,2.9219280948873623,0.0,1,0.2857142857142857,-7.915770588235294,low,0.5,3,0.8,True,NOERROR,1,600,0,2,False,False,0,132203,DE,False,Dominet (HK) Limited,3,365,False,0,False,False,,benign,no_adverse_signal
betstrong108.com,2026-07-12,16,3.418295834054489,0.1875,0,0.2857142857142857,-7.295857142857143,low,0.4211,4,0.9166666666666666,True,NOERROR,1,86400,0,2,False,False,0,16509,US,True,"TUCOWS.COM, CO.",372,730,True,1,False,False,,benign,no_adverse_signal
gainedtrip.xyz,2026-07-12,14,3.121928094887362,0.0,0,0.6666666666666666,-6.728376470588236,high,0.5556,3,0.9,True,NOERROR,2,3600,1,2,True,False,0,16509,US,True,"GMO Internet, Inc.",3,365,True,63,False,False,,malicious,abuseipdb
salunara-herzverbunden.de,2026-07-12,25,3.5039975273348474,0.0,1,0.6153846153846154,-7.315175609756097,low,0.5143,3,0.5909090909090909,True,NOERROR,1,150,1,2,False,False,1,8560,DE,True,,,,False,0,False,False,False,benign,no_adverse_signal
sorielriowyn.com,2026-07-12,16,3.0849625007211556,0.0,0,0.7142857142857143,-7.699119047619048,low,0.5263,3,0.75,True,NOERROR,1,300,3,2,True,False,0,13335,CA,True,"Spaceship, Inc.",3,365,False,0,False,False,False,benign,no_adverse_signal
vecciimmol.center,2026-07-12,17,2.721928094887362,0.0,0,0.6666666666666666,-7.842682352941177,low,0.5333,2,0.7,True,NOERROR,2,300,0,2,False,False,2,13335,US,False,,,,,0,False,False,,benign,no_adverse_signal
h1m4s4k.com,2026-07-12,11,2.521640636343318,0.2727272727272727,0,0.0,-12.134436363636365,low,0.4,1,0.8571428571428571,False,NOERROR,0,,0,2,False,False,0,,,,"GoDaddy.com, LLC",3,365,False,,,False,,benign,no_adverse_signal
bimyard.ru,2026-07-12,10,2.807354922057604,0.0,0,0.4,-7.469263636363636,low,0.5455,2,1.0,True,NOERROR,1,86400,0,2,False,False,0,197695,RU,False,REGRU-RU,4,365,False,0,False,False,,benign,no_adverse_signal
u5am.lol,2026-07-12,8,2.0,0.125,0,2.0,-11.02022,low,0.5,1,1.0,True,NOERROR,1,360,5,2,True,False,0,396982,US,True,NAMECHEAP INC,3,365,False,0,False,False,False,benign,no_adverse_signal
5656.st,2026-07-12,7,1.0,0.5714285714285714,0,0.0,-11.1672,low,0.3077,0,0.5,True,NOERROR,12,300,0,2,False,True,0,209242,SG,False,Dynadot,5,365,True,0,False,False,,benign,no_adverse_signal
aldotv.xyz,2026-07-12,10,2.584962500721156,0.0,0,0.5,-7.187566666666667,high,0.5714,2,1.0,True,NOERROR,1,1799,5,2,True,False,0,32097,US,False,NAMECHEAP INC,3,365,True,0,False,False,False,benign,no_adverse_signal
simplywellwithtraci.com,2026-07-12,23,3.5368867237421666,0.0,0,0.35714285714285715,-7.2907971428571425,low,0.4138,5,0.6842105263157895,True,NOERROR,4,14400,5,4,False,False,0,53831,US,False,Squarespace Domains LLC,3,1096,True,21,False,False,False,benign,no_adverse_signal
4444gameapp.com,2026-07-12,15,2.3685225277282065,0.26666666666666666,0,0.75,-8.109657894736843,low,0.5263,2,0.5454545454545454,True,NOERROR,2,300,0,2,False,False,2,13335,US,False,Dominet (HK) Limited,3,365,False,0,False,False,,benign,no_adverse_signal
weeedu.academy,2026-07-12,14,1.7924812503605778,0.0,0,2.0,-7.1201333333333325,low,0.5455,1,0.6666666666666666,False,NOERROR,0,,5,2,True,False,0,,,,,,,,,,False,False,benign,no_adverse_signal
fidune.com,2026-07-12,10,2.584962500721156,0.0,0,1.0,-7.290222222222222,low,0.6,1,1.0,True,NOERROR,1,3600,1,2,True,False,0,9371,JP,True,"Japan Registry Services Co.,Ltd.(JPRS)",3,365,False,0,False,False,False,benign,no_adverse_signal
zork247.games,2026-07-12,13,2.807354922057604,0.23076923076923078,0,0.3333333333333333,-8.401581818181818,low,0.4286,2,1.0,True,NOERROR,1,50,0,2,False,False,0,47583,CY,False,,,,False,31,False,False,,benign,no_adverse_signal
mpamav.com,2026-07-12,10,1.9182958340544893,0.0,0,0.5,-6.957766666666667,low,0.5,2,0.6666666666666666,True,NOERROR,2,300,0,2,False,False,2,13335,US,False,NAMECHEAP INC,3,365,True,0,False,False,,benign,no_adverse_signal
8857.buzz,2026-07-12,9,1.5,0.4444444444444444,0,0.0,-10.37016,high,0.2222,0,0.75,True,NOERROR,2,300,0,2,False,False,2,13335,US,False,"Spaceship, Inc.",3,365,False,0,False,False,,benign,no_adverse_signal
socialgestor.com.br,2026-07-12,19,3.2516291673878226,0.0,0,0.7142857142857143,-6.565742857142858,low,0.6364,2,0.8333333333333334,True,NOERROR,1,3600,0,2,False,False,0,16509,US,False,,6,365,False,0,False,False,,benign,no_adverse_signal
llmbrows.xyz,2026-07-12,12,2.75,0.0,0,0.14285714285714285,-7.631423076923077,high,0.5,5,0.875,True,NOERROR,2,3600,1,2,True,False,0,16509,US,True,"GMO Internet, Inc.",3,365,True,25,False,False,,benign,no_adverse_signal
mostbet1.bid,2026-07-12,12,2.75,0.08333333333333333,0,0.4,-7.1083923076923075,low,0.5333,3,0.875,True,NOERROR,2,300,0,2,False,False,2,13335,US,False,,,,False,0,False,False,,benign,no_adverse_signal
deborahlivjohnson.web.id,2026-07-12,24,3.572469458770136,0.0,0,0.5454545454545454,-7.836032258064516,low,0.4667,3,0.7647058823529411,False,NOERROR,0,,0,2,False,False,0,,,,,,,False,,,False,,benign,no_adverse_signal
induscool.online,2026-07-12,16,2.9477027792200903,0.0,0,0.8,-6.61224,medium,0.5714,2,0.8888888888888888,True,NOERROR,2,300,0,2,False,False,2,13335,US,False,"GoDaddy.com, LLC",3,365,False,0,False,False,,benign,no_adverse_signal
bw66.buzz,2026-07-12,9,1.5,0.2222222222222222,0,0.0,-11.55146,high,0.2857,2,0.75,True,NOERROR,2,300,0,2,False,False,2,13335,US,False,"Spaceship, Inc.",3,365,False,0,False,False,,benign,no_adverse_signal
sofft.app,2026-07-12,9,1.9219280948873623,0.0,0,0.25,-7.7657,low,0.5714,3,0.8,True,NOERROR,1,300,3,2,True,False,0,54113,US,False,,,,False,0,False,False,False,benign,no_adverse_signal
connectoption.xyz,2026-07-12,17,2.6612262562697895,0.0,0,0.625,-6.330513043478261,high,0.5714,2,0.5384615384615384,True,NOERROR,2,3600,1,2,True,False,0,16509,US,True,"GMO Internet, Inc.",3,365,True,25,False,False,,benign,no_adverse_signal
plweew470.shop,2026-07-12,14,2.725480556997868,0.21428571428571427,0,0.5,-9.6975,low,0.4615,3,0.7777777777777778,True,NOERROR,1,600,0,2,False,False,0,55933,HK,False,,,,False,0,True,True,,malicious,spamhaus_zen
northamericanroadtrip.com,2026-07-12,25,3.403989446485261,0.0,0,0.6153846153846154,-6.6630128205128205,low,0.4375,3,0.5714285714285714,True,NOERROR,1,86400,0,2,False,False,0,16509,US,True,"TUCOWS.COM, CO.",1103,1461,True,1,False,False,,benign,no_adverse_signal
ayellm.xyz,2026-07-12,10,2.251629167387823,0.0,0,0.5,-7.3392333333333335,high,0.6,3,0.8333333333333334,True,NOERROR,2,3600,1,2,True,False,0,16509,US,True,"GMO Internet, Inc.",4,365,True,25,False,False,,benign,no_adverse_signal
mathurat.app,2026-07-12,12,2.5,0.0,0,0.6,-6.531253846153846,low,0.5714,2,0.75,True,NOERROR,1,3600,0,2,False,False,0,16509,US,True,,,,False,27,False,False,,benign,no_adverse_signal
thetruelifestyle.com,2026-07-12,20,3.077819531114783,0.0,0,0.6,-6.837731034482759,low,0.48,4,0.625,True,NOERROR,1,600,0,2,False,False,0,396982,HK,True,Gname 495 Inc,3,365,False,0,False,False,,benign,no_adverse_signal
mtci.us,2026-07-12,7,2.0,0.0,0,0.3333333333333333,-8.14414,low,0.6667,3,1.0,True,NOERROR,2,300,2,2,True,False,2,47583,LT,False,Hosting Concepts B.V. d/b/a Registrar.eu,3,365,False,0,False,False,False,benign,no_adverse_signal
stackdolomite.xyz,2026-07-12,17,3.3927474104487847,0.0,0,0.625,-6.753395652173913,high,0.6154,3,0.8461538461538461,True,NOERROR,2,3600,1,2,True,False,0,16509,US,True,"GMO Internet, Inc.",3,365,True,25,False,False,,benign,no_adverse_signal
overcometriggers.com,2026-07-12,20,3.1556390622295662,0.0,0,0.6,-6.448113793103448,low,0.5185,2,0.625,True,NOERROR,3,3600,1,2,True,False,0,58182,US,True,Wix.com Ltd.,3,365,True,18,False,False,False,benign,no_adverse_signal
trustpodstack.xyz,2026-07-12,17,3.180832987205441,0.0,0,0.3,-6.694,high,0.6957,3,0.7692307692307693,True,NOERROR,2,3600,1,2,True,False,0,16509,US,True,"GMO Internet, Inc.",3,365,True,25,False,False,,benign,no_adverse_signal
vns8011.com,2026-07-12,11,2.521640636343318,0.36363636363636365,0,0.0,-9.952881818181819,low,0.4,3,0.8571428571428571,True,NOERROR,1,600,0,2,False,False,0,132839,CL,False,"GMO Internet, Inc.",3,365,True,0,False,False,,benign,no_adverse_signal
jipupapp.com,2026-07-12,12,2.0,0.0,0,0.6,-7.758538461538462,low,0.5714,2,0.625,True,NOERROR,1,300,1,2,True,False,0,24940,DE,True,Global Domain Group LLC,3,365,False,0,False,False,False,benign,no_adverse_signal
wrhobpec.surf,2026-07-12,13,3.0,0.0,0,0.3333333333333333,-8.711538461538462,low,0.5455,3,1.0,False,NOERROR,0,,0,2,False,False,0,,,,Porkbun,3,365,True,,,False,,benign,no_adverse_signal
fakidano.surf,2026-07-12,13,2.75,0.0,0,1.0,-7.026138461538461,low,0.5714,1,0.875,True,NOERROR,1,300,0,2,False,False,0,45102,HK,False,DYNADOT LLC,3,365,True,4,False,False,,benign,no_adverse_signal
apsite.io,2026-07-12,9,2.584962500721156,0.0,0,1.0,-6.598888888888889,low,0.6667,2,1.0,True,NOERROR,2,60,0,4,False,False,0,14618,US,True,"GoDaddy.com, LLC",5,365,True,0,False,False,,benign,no_adverse_signal
diligentai.xyz,2026-07-12,14,2.8464393446710154,0.0,0,1.0,-6.427358823529412,high,0.5556,2,0.8,True,NOERROR,2,3600,1,2,True,False,0,16509,US,True,"GMO Internet, Inc.",4,365,True,25,False,False,,benign,no_adverse_signal
kaemoralith.info,2026-07-12,16,3.2776134368191165,0.0,0,0.8333333333333334,-6.8579684210526315,medium,0.6667,2,0.9090909090909091,True,NOERROR,1,300,5,2,True,False,0,16509,GB,True,,,,,0,False,False,False,benign,no_adverse_signal
rider88.cc,2026-07-12,10,2.2359263506290326,0.2,0,0.6666666666666666,-7.458036363636364,low,0.5714,1,0.7142857142857143,True,NOERROR,2,300,0,2,False,False,2,13335,US,False,DYNADOT LLC,4,365,True,0,False,False,,benign,no_adverse_signal
cunninglyauth.xyz,2026-07-12,17,3.180832987205441,0.0,0,0.4444444444444444,-7.266408695652173,high,0.48,4,0.7692307692307693,True,NOERROR,2,3600,1,2,True,False,0,16509,US,True,"GMO Internet, Inc.",3,365,True,25,False,False,,benign,no_adverse_signal
dhonihub.com,2026-07-12,12,2.75,0.0,0,0.6,-7.492807692307692,low,0.5714,2,0.875,True,NOERROR,1,1799,5,2,True,False,0,16509,US,False,NAMECHEAP INC,3,365,True,0,False,False,False,benign,no_adverse_signal
topdarknet.to,2026-07-12,13,3.121928094887362,0.0,0,0.42857142857142855,-7.078705882352941,low,0.5263,3,0.9,True,NOERROR,2,300,0,2,False,False,2,13335,US,False,Government of Kingdom of Tonga,11,731,False,0,False,False,,benign,no_adverse_signal
www689.net,2026-07-12,10,1.7924812503605778,0.3,0,0.0,-11.074211111111111,low,0.6667,3,0.6666666666666666,True,NOERROR,4,14400,1,4,True,False,0,53831,US,False,Squarespace Domains II LLC,3,365,True,21,False,False,False,benign,no_adverse_signal
itsadamko.com,2026-07-12,13,2.94770277922009,0.0,0,0.8,-7.565053333333334,low,0.5556,2,0.8888888888888888,True,NOERROR,2,300,0,2,False,False,2,13335,US,False,"Cloudflare, Inc.",3,365,True,0,False,False,,benign,no_adverse_signal
ctconciergecare.com,2026-07-12,19,2.923231428797621,0.0,0,0.6666666666666666,-6.637370370370371,low,0.5,3,0.6,True,NOERROR,2,600,0,2,False,False,0,16509,US,True,"GoDaddy.com, LLC",3,365,False,37,False,False,,benign,no_adverse_signal
grassrooftop.online,2026-07-12,19,2.8553885422075336,0.0,0,0.5,-7.078514285714285,medium,0.4762,3,0.6666666666666666,False,NOERROR,0,,0,3,False,False,0,,,,Key-Systems LLC,3,365,False,,,False,,benign,no_adverse_signal
tillness.com,2026-07-12,12,2.5,0.0,0,0.3333333333333333,-6.773000000000001,low,0.5333,3,0.75,True,NOERROR,2,1800,0,2,False,False,0,16509,US,False,"Name.com, Inc.",3,365,True,0,False,False,,benign,no_adverse_signal
structivo.io,2026-07-12,12,2.94770277922009,0.0,0,0.5,-6.820813333333333,low,0.6316,3,0.8888888888888888,True,NOERROR,1,1800,2,2,True,False,0,16509,US,False,"HOSTINGER operations, UAB",4,365,True,0,False,False,False,benign,no_adverse_signal
tracememories.xyz,2026-07-12,17,3.0269868333592873,0.0,0,0.8571428571428571,-6.418934782608696,high,0.5,2,0.6923076923076923,True,NOERROR,2,3600,1,2,True,False,0,16509,US,True,"GMO Internet, Inc.",3,365,True,25,False,False,,benign,no_adverse_signal
tukilove.com,2026-07-12,12,3.0,0.0,0,1.0,-7.310176923076924,low,0.5556,1,1.0,True,NOERROR,4,3600,0,3,False,False,0,54113,US,True,"XServer, Inc.",3,365,False,22,False,False,,benign,no_adverse_signal
owlquanta.com,2026-07-12,13,2.94770277922009,0.0,0,0.8,-8.03438,low,0.5,3,0.8888888888888888,True,NOERROR,1,7200,1,4,True,False,0,216180,AU,True,PDR Ltd. d/b/a PublicDomainRegistry.com,3,365,True,0,False,False,False,benign,no_adverse_signal
lpml.org,2026-07-12,8,1.5,0.0,0,0.0,-9.4174,low,0.5,4,0.75,True,NOERROR,2,1200,0,2,False,False,0,16509,US,True,"Spaceship, Inc.",3,365,False,0,False,False,,benign,no_adverse_signal
airdeploy.org,2026-07-12,13,3.169925001442312,0.0,0,0.8,-7.117313333333333,low,0.5714,2,1.0,True,NOERROR,1,1800,5,2,True,False,0,22612,US,False,NAMECHEAP INC,3,365,True,0,False,False,False,benign,no_adverse_signal
bivalt.fr,2026-07-12,9,2.584962500721156,0.0,0,0.5,-7.282022222222222,low,0.6667,2,1.0,True,NOERROR,1,3600,3,2,True,False,0,16509,US,False,OVH,4,364,False,0,False,False,False,benign,no_adverse_signal
fundopsclient.xyz,2026-07-12,17,3.5465935642949384,0.0,0,0.4444444444444444,-6.807830434782608,high,0.5,4,0.9230769230769231,True,NOERROR,2,3600,1,2,True,False,0,16509,US,True,"GMO Internet, Inc.",3,365,True,25,False,False,,benign,no_adverse_signal
denistech.co.uk,2026-07-12,15,2.94770277922009,0.0,0,0.5,-6.0047266666666665,low,0.6154,2,0.8888888888888888,True,NOERROR,2,300,1,2,False,False,2,13335,US,False,"Cloudflare, Inc. [Tag = CLOUDFLARE]",5,365,False,0,False,False,False,benign,no_adverse_signal
hondatoto252jpx.site,2026-07-12,20,3.3232314287976203,0.15,0,0.5,-8.683022222222222,medium,0.4167,3,0.7333333333333333,True,NOERROR,2,300,0,2,False,False,2,13335,US,False,NAMECHEAP INC,3,365,True,0,False,False,,benign,no_adverse_signal
tanxintx.cc,2026-07-12,11,2.25,0.0,0,0.3333333333333333,-7.4580692307692305,low,0.5263,3,0.625,True,NOERROR,1,1,0,2,False,True,0,40065,US,False,"NameSilo, LLC",4,365,True,0,False,False,,benign,no_adverse_signal
plowensign.com,2026-07-12,14,3.121928094887362,0.0,0,0.42857142857142855,-6.874894117647059,low,0.5333,2,0.9,False,NOERROR,0,,2,4,True,False,0,,,,"Name.com, Inc.",3,365,True,,,False,False,benign,no_adverse_signal
mtdcommerceco.com,2026-07-12,17,2.6612262562697895,0.0,0,0.4444444444444444,-7.167543478260869,low,0.4762,4,0.5384615384615384,True,NOERROR,2,600,0,2,False,False,0,16509,US,True,"GoDaddy.com, LLC",3,1096,False,37,False,False,,benign,no_adverse_signal
opennovadasite.com,2026-07-12,18,3.2359263506290334,0.0,0,1.0,-6.658384,low,0.6,2,0.7142857142857143,True,NOERROR,2,300,1,2,True,False,2,13335,US,False,Dominet (HK) Limited,3,365,False,0,False,False,False,benign,no_adverse_signal
u7g7.com,2026-07-12,8,1.5,0.25,0,1.0,-12.767140000000001,low,0.4444,1,0.75,True,NOERROR,1,300,0,2,False,False,0,206834,DE,False,DYNADOT LLC,3,365,True,19,False,False,,benign,no_adverse_signal
giig24ax.top,2026-07-12,12,2.5,0.16666666666666666,0,1.0,-9.946992307692309,high,0.4615,1,0.75,True,NOERROR,3,60,0,2,False,True,0,138995,US,False,Dominet (HK) Limited,3,365,True,0,True,True,,malicious,spamhaus_zen
jagaweningkaton.my.id,2026-07-12,21,3.1395722619867223,0.0,0,0.6666666666666666,-7.073677777777777,low,0.5,3,0.6666666666666666,True,NOERROR,1,14400,1,4,True,False,0,58487,ID,True,,,,False,0,False,False,False,benign,no_adverse_signal
mariondumaine.fr,2026-07-12,16,3.0850551027564768,0.0,0,1.1666666666666667,-6.285882608695652,low,0.5,2,0.6923076923076923,True,NOERROR,1,300,0,2,True,False,1,29222,CH,True,Infomaniak Network SA,2,364,False,3,False,False,,benign,no_adverse_signal
ed3mni.net,2026-07-12,10,2.584962500721156,0.1,0,0.6666666666666666,-10.119422222222221,low,0.5455,2,1.0,True,NOERROR,2,300,0,2,False,False,2,13335,US,False,NAMECHEAP INC,4,365,True,0,False,False,,benign,no_adverse_signal
removals.lol,2026-07-12,12,3.0,0.0,0,0.6,-6.703069230769231,low,0.5556,2,1.0,True,NOERROR,1,1800,0,2,False,False,0,22612,US,False,NAMECHEAP INC,3,365,True,0,False,False,,benign,no_adverse_signal
harmonysteep.store,2026-07-12,18,3.4182958340544896,0.0,0,0.5,-6.776604761904761,low,0.6,4,0.9166666666666666,True,NOERROR,1,600,3,2,True,False,0,16509,US,False,,,,False,0,False,False,False,benign,no_adverse_signal
qdd199.com,2026-07-12,10,1.9182958340544896,0.3,0,0.0,-10.840488888888888,low,0.3333,3,0.6666666666666666,True,NOERROR,1,600,0,2,False,False,0,134548,HK,False,Realtime Register B.V.,3,365,False,0,False,False,,benign,no_adverse_signal
gettablier.com,2026-07-12,14,2.9219280948873623,0.0,0,0.6666666666666666,-6.576194117647058,low,0.5455,2,0.8,True,NOERROR,1,3600,4,2,True,False,0,16276,FR,True,"OVH, SAS",3,365,True,0,False,False,False,benign,no_adverse_signal
chola.digital,2026-07-12,13,2.321928094887362,0.0,0,0.6666666666666666,-6.3488,low,0.5714,2,1.0,True,NOERROR,2,60,2,2,True,False,2,47583,FR,False,,,,,0,False,False,False,benign,no_adverse_signal
ashlandday.org,2026-07-12,14,2.6464393446710157,0.0,0,0.42857142857142855,-7.024370588235294,low,0.5556,3,0.7,False,NOERROR,0,,0,2,False,False,0,,,,"Cloudflare, Inc.",3,365,False,,,False,,benign,no_adverse_signal
7agfrw.cyou,2026-07-12,11,2.584962500721156,0.09090909090909091,0,0.25,-9.793877777777777,low,0.4444,4,1.0,True,NOERROR,9,3600,1,2,False,False,0,60592,CZ,False,"Gransy, s.r.o.",3,365,False,0,True,False,False,malicious,spamhaus_zen
shopexcluze.com,2026-07-12,15,3.277613436819116,0.0,0,0.5714285714285714,-7.449105263157896,low,0.5,3,0.9090909090909091,True,NOERROR,1,86400,1,4,True,False,1,13335,CA,True,"TUCOWS.COM, CO.",3,365,True,0,False,False,False,benign,no_adverse_signal
societyly.shop,2026-07-12,14,2.9477027792200903,0.0,0,0.5,-7.453213333333334,low,0.5333,4,0.8888888888888888,True,NOERROR,1,60,5,2,True,False,0,14061,NL,False,,,,False,0,False,False,False,benign,no_adverse_signal
jdpolymer.sbs,2026-07-12,13,3.169925001442312,0.0,0,0.2857142857142857,-7.57252,low,0.5556,3,1.0,True,NOERROR,2,300,0,2,False,False,2,13335,US,False,NAMECHEAP INC,3,365,True,0,False,False,,benign,no_adverse_signal
sovraoficial.com,2026-07-12,16,3.084962500721156,0.0,0,1.0,-7.523604761904762,low,0.5556,2,0.75,True,NOERROR,2,600,0,2,False,False,0,16509,US,True,"GoDaddy.com, LLC",3,365,False,37,False,False,,benign,no_adverse_signal
dhanwinrewards.com,2026-07-12,18,3.09306920777189,0.0,0,0.4,-7.190187999999999,low,0.5714,3,0.6428571428571429,False,NOERROR,0,,0,2,False,False,0,,,,Realtime Register B.V.,3,365,False,,,False,,benign,no_adverse_signal
fullservicecommercialcleaning.com,2026-07-12,33,3.5905710812598666,0.0,0,0.6111111111111112,-6.584047272727273,low,0.375,3,0.4827586206896552,False,NOERROR,0,,1,2,True,False,0,,,,Porkbun LLC,3,365,False,,,False,False,benign,no_adverse_signal
brookforestmitigationbank.com,2026-07-12,29,3.543465189601647,0.0,0,0.6666666666666666,-6.711336170212766,low,0.4762,3,0.52,True,NOERROR,1,1800,1,2,False,False,0,400724,CA,True,"ENOM, INC.",3,365,True,0,False,False,,benign,no_adverse_signal
bimb.online,2026-07-12,11,1.5,0.0,0,0.3333333333333333,-7.629720000000001,medium,0.75,2,0.75,True,NOERROR,3,3600,0,2,False,False,0,58182,US,True,"TUCOWS.COM, CO.",3,365,False,17,False,False,,benign,no_adverse_signal
getmuscleonglp.com,2026-07-12,18,3.378783493486176,0.0,0,0.4,-7.207152,low,0.4545,4,0.7857142857142857,True,NOERROR,2,120,2,4,True,False,0,16509,DE,True,"Name.com, Inc.",3,365,True,16,False,False,False,benign,no_adverse_signal
wowllm.xyz,2026-07-12,10,1.9182958340544893,0.0,0,0.2,-8.491444444444445,high,0.5,4,0.6666666666666666,True,NOERROR,2,3600,1,2,True,False,0,16509,US,True,"GMO Internet, Inc.",4,365,True,25,False,False,,benign,no_adverse_signal
ninano3949.com,2026-07-12,14,2.6464393446710157,0.2857142857142857,0,1.0,-8.624982352941176,low,0.4286,1,0.7,True,NOERROR,1,600,0,2,False,False,0,3786,KR,False,"Gabia, Inc.",376,730,False,0,False,False,,benign,no_adverse_signal
orifinance.com,2026-07-12,14,2.9219280948873623,0.0,0,1.0,-6.358682352941177,low,0.625,2,0.8,True,NOERROR,2,3600,1,2,True,False,0,16509,US,True,"GoDaddy.com, LLC",2602,2922,False,25,False,False,,benign,no_adverse_signal
invoicerd.com,2026-07-12,13,2.94770277922009,0.0,0,0.8,-7.019073333333334,low,0.5882,2,0.8888888888888888,True,NOERROR,2,207,0,2,False,False,0,16509,US,True,"Cloudflare, Inc.",3,365,True,7,False,False,,benign,no_adverse_signal
drobserissavingscircle.lat,2026-07-12,26,3.481714572986072,0.0,0,0.4666666666666667,-6.87530487804878,low,0.4138,4,0.5909090909090909,True,NOERROR,3,3603,0,3,False,False,0,63949,US,True,"NameSilo, LLC",3,365,True,0,False,False,,benign,no_adverse_signal
aluvaldesign.com,2026-07-12,16,3.2516291673878226,0.0,0,0.7142857142857143,-7.215357142857143,low,0.5714,2,0.8333333333333334,False,NOERROR,0,,1,2,True,False,0,,,,Infomaniak Network SA,3,365,False,,,False,False,benign,no_adverse_signal
pulaujdilub.site,2026-07-12,16,2.845350936622437,0.0,0,0.8333333333333334,-8.46208947368421,medium,0.4706,2,0.7272727272727273,True,NOERROR,2,300,0,2,False,False,2,13335,US,False,NAMECHEAP INC,3,365,True,0,False,False,,benign,no_adverse_signal
loaembedding.forum,2026-07-12,18,3.2516291673878226,0.0,0,0.7142857142857143,-7.34677619047619,low,0.5714,2,0.8333333333333334,False,NOERROR,0,,0,2,False,False,0,,,,Porkbun LLC,3,365,False,,,False,,benign,no_adverse_signal
m2gmbh.com,2026-07-12,10,2.2516291673878226,0.1,0,0.0,-11.469611111111112,low,0.5,4,0.8333333333333334,True,NOERROR,1,7200,1,2,True,False,0,34788,DE,True,RegistryGate GmbH,3,365,True,0,False,False,False,benign,no_adverse_signal
myauthteleservice.click,2026-07-12,23,3.4992275471326932,0.0,0,0.7,-6.684703225806452,medium,0.6,3,0.7647058823529411,False,NOERROR,0,,0,0,False,False,0,,,,DYNADOT LLC,3,365,True,,,False,,benign,no_adverse_signal
geoiniciativabolivia.org,2026-07-12,24,3.108694969562842,0.0,0,1.5,-6.795189189189189,low,0.4865,1,0.55,True,NOERROR,1,14400,1,2,True,False,0,46606,US,True,PDR Ltd. d/b/a PublicDomainRegistry.com,3,365,False,0,False,False,False,benign,no_adverse_signal
buffandgleam.com,2026-07-12,16,3.2516291673878226,0.0,0,0.5,-7.28305238095238,low,0.5556,4,0.8333333333333334,True,NOERROR,2,3600,1,2,False,False,0,16509,US,True,"GoDaddy.com, LLC",3,1096,False,22,False,False,False,benign,no_adverse_signal
rcjsgq.icu,2026-07-12,10,2.584962500721156,0.0,0,0.0,-10.416366666666667,low,0.4444,6,1.0,True,NOERROR,2,300,0,2,False,False,2,13335,US,False,DYNADOT LLC,3,365,True,0,False,False,,benign,no_adverse_signal
braideapp.xyz,2026-07-12,13,2.725480556997868,0.0,0,0.8,-6.5272,high,0.5714,2,0.7777777777777778,True,NOERROR,2,600,0,2,False,False,0,16509,US,True,"GoDaddy.com, LLC",3,365,False,37,False,False,,benign,no_adverse_signal
millionreport.xyz,2026-07-12,17,3.0850551027564768,0.0,0,0.625,-6.471939130434783,high,0.4828,2,0.6923076923076923,True,NOERROR,2,3600,1,2,True,False,0,16509,US,True,"GMO Internet, Inc.",3,365,True,25,False,False,,benign,no_adverse_signal
wbersbk.shop,2026-07-12,12,2.5216406363433186,0.0,0,0.16666666666666666,-7.926381818181818,low,0.6667,4,0.8571428571428571,True,NOERROR,1,600,0,2,False,False,0,13335,CA,True,,,,False,0,False,False,,benign,no_adverse_signal
buzzdaoapp.xyz,2026-07-12,14,2.7219280948873625,0.0,0,0.6666666666666666,-8.35820588235294,high,0.4444,3,0.7,True,NOERROR,2,3600,1,2,True,False,0,16509,US,True,"GMO Internet, Inc.",3,365,True,25,False,,,benign,no_adverse_signal
joinbrightvox.com,2026-07-12,17,3.3927474104487847,0.0,0,0.4444444444444444,-7.604108695652173,low,0.5385,4,0.8461538461538461,True,NOERROR,3,3603,0,3,False,False,0,63949,US,True,"NameSilo, LLC",3,365,True,0,False,False,,benign,no_adverse_signal
finalpoint.homes,2026-07-12,16,2.9219280948873623,0.0,0,0.6666666666666666,-6.451041176470588,low,0.6,2,0.8,False,SERVFAIL,0,,0,0,False,False,0,,,,"GoDaddy.com, LLC",3,365,False,,,False,,benign,no_adverse_signal
notconsulting.xyz,2026-07-12,17,3.0269868333592873,0.0,0,0.4444444444444444,-6.501195652173913,high,0.5714,2,0.6923076923076923,True,NOERROR,2,3600,1,2,True,False,0,16509,US,True,"GMO Internet, Inc.",3,365,True,25,False,False,,benign,no_adverse_signal
tvconsole.shop,2026-07-12,14,2.94770277922009,0.0,0,0.5,-6.998873333333333,low,0.5882,3,0.8888888888888888,True,NOERROR,1,86400,0,2,False,False,0,16509,US,True,,,,False,1,False,False,,benign,no_adverse_signal
cobrandshop.com,2026-07-12,15,3.2776134368191165,0.0,0,0.375,-6.654,low,0.5,4,0.9090909090909091,True,NOERROR,2,10800,0,2,True,False,2,14618,US,True,DropCatch.com 1176 LLC,3,365,False,0,False,False,,benign,no_adverse_signal
dagongsoftware.com,2026-07-12,18,3.3787834934861767,0.0,0,0.5555555555555556,-6.964951999999999,low,0.5,3,0.7857142857142857,True,NOERROR,1,600,0,4,False,False,0,9294,HK,False,Zname Ltd,3,365,False,0,False,False,,benign,no_adverse_signal
jeez99-th.com,2026-07-12,13,2.725480556997868,0.15384615384615385,1,0.5,-10.34078,low,0.4,2,0.7777777777777778,True,NOERROR,1,1800,5,2,True,False,0,22612,US,False,NAMECHEAP INC,3,365,True,0,False,False,False,benign,no_adverse_signal
cyber-ai.live,2026-07-12,13,3.0,0.0,1,0.75,-7.5403153846153845,low,0.5714,3,1.0,True,NOERROR,1,1799,5,2,True,False,0,16509,SG,True,,,,False,0,False,False,False,benign,no_adverse_signal
tinllm.xyz,2026-07-12,10,2.251629167387823,0.0,0,0.2,-7.424133333333334,high,0.6154,4,0.8333333333333334,True,NOERROR,2,3600,1,2,True,False,0,16509,US,True,"GMO Internet, Inc.",4,365,True,25,False,False,,benign,no_adverse_signal
egclo.com,2026-07-12,9,2.321928094887362,0.0,0,0.6666666666666666,-7.561057142857143,low,0.6,3,1.0,True,NOERROR,1,50,0,2,False,False,0,47583,CY,False,"HOSTINGER operations, UAB",3,365,False,31,False,False,,benign,no_adverse_signal
bahiscasıno687.com,2026-07-12,18,3.521640636343319,0.16666666666666666,0,0.5714285714285714,-9.63306,low,0.4211,3,0.8571428571428571,True,NOERROR,2,300,0,2,False,False,2,13335,US,False,"Spaceship, Inc.",3,365,False,0,False,False,,benign,no_adverse_signal
czcz1145.pics,2026-07-12,13,2.25,0.3076923076923077,0,0.0,-11.346246153846154,low,0.3636,4,0.625,False,NOERROR,0,,0,2,False,False,0,,,,"Spaceship, Inc.",3,365,False,,,False,,benign,no_adverse_signal
centralbuying.xyz,2026-07-12,17,3.5465935642949384,0.0,0,0.4444444444444444,-6.768547826086957,high,0.5263,3,0.9230769230769231,True,NOERROR,2,3600,1,2,True,False,0,16509,US,True,"GMO Internet, Inc.",3,365,True,25,False,False,,benign,no_adverse_signal
cantinhozap.com,2026-07-12,15,3.0957952550009344,0.0,0,0.5714285714285714,-7.031847368421052,low,0.5263,2,0.8181818181818182,True,NOERROR,2,3600,0,2,False,False,0,16509,US,True,"GoDaddy.com, LLC",3,365,False,22,False,False,,benign,no_adverse_signal
incl-strategies.com,2026-07-12,19,3.3735572622751855,0.0,1,0.5555555555555556,-6.851518518518518,low,0.56,3,0.7333333333333333,True,NOERROR,4,14400,0,4,True,False,0,53831,US,False,Squarespace Domains LLC,3,365,True,21,False,False,,benign,no_adverse_signal
swifthaullandscapesolutions.com,2026-07-12,31,3.7360069464476564,0.0,0,0.5882352941176471,-6.835049019607843,low,0.5532,4,0.5555555555555556,True,NOERROR,1,7200,1,4,True,False,0,14670,US,True,"GoDaddy.com, LLC",3,365,False,0,False,False,False,benign,no_adverse_signal
bqnqgy.com,2026-07-12,10,2.2516291673878226,0.0,0,0.0,-12.383266666666666,low,0.6,6,0.8333333333333334,False,NOERROR,0,,0,2,False,False,0,,,,Alibaba Cloud Computing Ltd. d/b/a HiChina (www.net.cn),3,365,False,,,False,,benign,no_adverse_signal
usevorá.com,2026-07-12,11,2.807354922057604,0.0,0,0.75,-8.60079090909091,low,0.6154,2,1.0,True,NOERROR,3,3600,0,2,False,False,0,58182,US,True,Wix.com Ltd.,3,365,False,18,False,False,,benign,no_adverse_signal
mallorcaeclipse2026.com,2026-07-12,23,3.5766176449086653,0.17391304347826086,0,0.6666666666666666,-7.670348571428572,low,0.48,2,0.6842105263157895,True,NOERROR,1,300,0,2,False,False,0,22612,US,True,"Spaceship, Inc.",3,365,False,0,False,False,,benign,no_adverse_signal
prefillos.com,2026-07-12,13,2.94770277922009,0.0,0,0.5,-6.6472066666666665,low,0.5556,2,0.8888888888888888,True,NOERROR,2,3600,1,2,True,False,0,16509,US,True,"Spaceship, Inc.",3,365,False,63,False,False,,malicious,abuseipdb
8503721.xyz,2026-07-12,11,2.807354922057604,0.6363636363636364,0,0.0,-10.824145454545455,high,0.2,0,1.0,True,NOERROR,1,120,0,2,False,False,0,133199,HK,False,"Spaceship, Inc.",4,365,False,0,False,False,,benign,no_adverse_signal
kanrungtech.com,2026-07-12,15,3.277613436819116,0.0,0,0.375,-7.134021052631579,low,0.5714,3,0.9090909090909091,True,NOERROR,1,14400,1,4,True,False,0,58487,ID,True,CV. Rumahweb Indonesia,3,365,False,0,False,False,False,benign,no_adverse_signal
core-tech.cloud,2026-07-12,15,2.725480556997868,0.0,1,0.6,-6.50102,low,0.5385,2,0.7777777777777778,True,NOERROR,1,50,2,2,True,False,0,47583,CY,False,"HOSTINGER operations, UAB",3,365,False,31,False,False,False,benign,no_adverse_signal
meritking-yenigirisadresi.cfd,2026-07-12,29,3.403074189428569,0.0,1,0.7142857142857143,-7.148514893617022,low,0.3684,2,0.52,False,NOERROR,0,,0,2,False,False,0,,,,"NICENIC INTERNATIONAL GROUP CO., LIMITED",3,365,False,,,True,,malicious,spamhaus_dbl
tuber.chat,2026-07-12,10,2.321928094887362,0.0,0,0.6666666666666666,-6.455785714285715,low,0.7273,1,1.0,True,NOERROR,5,30,0,2,False,False,8,212317,US,True,,,,False,0,False,False,,benign,no_adverse_signal
backshomerenovation.com,2026-07-12,23,3.681880802803402,0.0,0,0.7272727272727273,-6.396991428571429,low,0.4706,4,0.7368421052631579,True,NOERROR,2,120,0,4,False,False,0,16509,DE,True,"Name.com, Inc.",3,365,True,16,False,False,,benign,no_adverse_signal
alexbusinessschool.com,2026-07-12,22,3.3921472236645345,0.0,0,0.6363636363636364,-6.715124242424242,low,0.5455,5,0.6666666666666666,True,NOERROR,1,600,0,2,False,False,0,138415,HK,False,"GMO Internet, Inc.",3,365,True,0,False,False,,benign,no_adverse_signal
rafaelvalverde.com,2026-07-12,18,2.699513850319966,0.0,0,0.75,-7.5428560000000004,low,0.5,2,0.5,True,NOERROR,1,60,0,2,True,False,0,57910,ES,True,DonDominio (SCIP),3,365,True,0,False,False,,benign,no_adverse_signal
v2l1e.top,2026-07-12,9,2.321928094887362,0.2222222222222222,0,0.5,-12.6049,high,0.5455,1,1.0,False,NOERROR,0,,0,2,False,False,0,,,,"NameSilo, LLC",3,365,True,,,False,,benign,no_adverse_signal
lovepetstyle.net,2026-07-12,16,2.8553885422075336,0.0,0,0.5,-6.960561904761905,low,0.5,5,0.6666666666666666,True,NOERROR,1,3600,1,5,True,False,0,131965,JP,True,"XServer, Inc.",3,365,False,0,False,False,False,benign,no_adverse_signal
forecastsuite.xyz,2026-07-12,17,3.238901256602631,0.0,0,0.8571428571428571,-6.388282608695652,high,0.5455,3,0.7692307692307693,True,NOERROR,2,3600,1,2,True,False,0,16509,US,True,"GMO Internet, Inc.",3,365,True,25,False,False,,benign,no_adverse_signal
edgedirectory.xyz,2026-07-12,17,3.0269868333592873,0.0,0,0.625,-6.515152173913044,high,0.6154,2,0.6923076923076923,True,NOERROR,2,3600,1,2,True,False,0,16509,US,True,"GMO Internet, Inc.",3,365,True,25,False,False,,benign,no_adverse_signal
gunamarketer.in,2026-07-12,15,3.084962500721156,0.0,0,0.7142857142857143,-6.278909523809524,low,0.5263,2,0.75,True,NOERROR,2,60,0,2,False,False,2,47583,LT,True,"HOSTINGER operations, UAB",3,365,False,0,False,False,,benign,no_adverse_signal
lohnsteuerhilfe-polonez.de,2026-07-12,26,3.5883543471732335,0.0,1,0.6923076923076923,-7.577411627906978,low,0.4138,4,0.6086956521739131,False,NOERROR,0,,3,2,True,False,0,,,,,,,False,,,False,False,benign,no_adverse_signal
marrketshop.store,2026-07-12,17,3.277613436819116,0.0,0,0.375,-6.963210526315788,low,0.5,3,0.9090909090909091,True,NOERROR,4,3600,2,2,False,False,0,36351,US,True,,,,False,0,False,False,False,benign,no_adverse_signal
위고비.com,2026-07-12,7,1.584962500721156,0.0,0,0.0,-15.7755,low,0.0,3,1.0,True,NOERROR,2,180,0,4,False,False,0,16509,US,True,"Megazone Corp., dba HOSTING.KR",3,365,False,0,False,False,,benign,no_adverse_signal
tblegs.com,2026-07-12,10,2.584962500721156,0.0,0,0.2,-7.4967999999999995,low,0.5714,3,1.0,True,NOERROR,2,30,0,2,True,False,2,14618,US,True,DropCatch.com 1132 LLC,3,365,False,0,False,False,,benign,no_adverse_signal
a3q9k9v.com,2026-07-12,11,2.521640636343318,0.2727272727272727,0,0.3333333333333333,-12.563954545454544,low,0.3636,1,0.8571428571428571,False,NOERROR,0,,0,2,False,False,0,,,,"GoDaddy.com, LLC",3,365,False,,,False,,benign,no_adverse_signal
soccertickets.xyz,2026-07-12,17,2.873140679513133,0.0,0,0.4444444444444444,-6.525808695652175,high,0.5,2,0.6153846153846154,True,NOERROR,2,3600,1,2,True,False,0,16509,US,True,"GMO Internet, Inc.",3,365,True,25,False,False,,benign,no_adverse_signal
mcprevokeroom.xyz,2026-07-12,17,2.873140679513133,0.0,0,0.625,-7.147073913043478,high,0.5,4,0.6153846153846154,True,NOERROR,2,3600,1,2,True,False,0,16509,US,True,"GMO Internet, Inc.",3,365,True,25,False,False,,benign,no_adverse_signal
papapishu.com,2026-07-12,13,2.4193819456463714,0.0,0,0.8,-6.84254,low,0.5556,2,0.6666666666666666,True,NOERROR,4,1,0,2,False,False,0,134175,HK,False,Gname 361 Inc,3,365,False,0,False,False,,benign,no_adverse_signal
nexarpros.com,2026-07-12,13,2.94770277922009,0.0,0,0.5,-6.94866,low,0.5882,3,0.8888888888888888,True,NOERROR,2,600,0,2,False,False,0,16509,US,True,"GoDaddy.com, LLC",3,365,False,37,False,False,,benign,no_adverse_signal
eumeraai.com,2026-07-12,12,2.5,0.0,0,3.0,-7.090984615384615,low,0.7143,1,0.75,True,NOERROR,2,3600,1,2,True,False,0,16509,US,True,"GoDaddy.com, LLC",3,365,False,0,False,False,False,benign,no_adverse_signal
helenafortley.com,2026-07-12,17,3.180832987205441,0.0,0,0.625,-6.743030434782608,low,0.5263,3,0.7692307692307693,True,NOERROR,3,3600,0,2,False,False,0,58182,US,True,Wix.com Ltd.,3,365,False,18,False,False,,benign,no_adverse_signal
tmgde.my,2026-07-12,8,2.321928094887362,0.0,0,0.25,-8.889971428571428,low,0.6667,4,1.0,True,NOERROR,1,1,0,2,False,True,0,64013,SG,False,DYNADOT LLC,3,365,True,0,False,False,,benign,no_adverse_signal
atoutscharme.com,2026-07-12,16,3.2516291673878226,0.0,0,0.7142857142857143,-6.569938095238096,low,0.5556,4,0.8333333333333334,True,NOERROR,2,300,0,2,False,False,2,13335,US,False,NAMECHEAP INC,3,365,True,0,False,False,,benign,no_adverse_signal
f9m7b.top,2026-07-12,9,2.321928094887362,0.2222222222222222,0,0.0,-12.507957142857142,high,0.4444,1,1.0,False,NOERROR,0,,0,2,False,False,0,,,,"NameSilo, LLC",3,365,True,,,False,,benign,no_adverse_signal
yaolin-mach.com,2026-07-12,15,3.2776134368191165,0.0,1,0.6666666666666666,-7.131189473684211,low,0.5263,2,0.9090909090909091,False,NOERROR,0,,2,2,True,False,0,,,,Alibaba Cloud Computing Ltd. d/b/a HiChina (www.net.cn),4,365,False,,,False,False,benign,no_adverse_signal
continueebook.xyz,2026-07-12,17,3.0269868333592873,0.0,0,1.1666666666666667,-6.725721739130434,high,0.5714,2,0.6923076923076923,True,NOERROR,2,3600,1,2,True,False,0,16509,US,True,"GMO Internet, Inc.",3,365,True,25,False,False,,benign,no_adverse_signal
nexuscorelogistic.com,2026-07-12,21,3.4992275471326932,0.0,0,0.7,-6.548074193548387,low,0.4615,2,0.7058823529411765,True,NOERROR,2,60,0,2,False,False,2,47583,LT,False,"HOSTINGER operations, UAB",3,365,False,0,False,False,,benign,no_adverse_signal
kuaizhibo5.com,2026-07-12,14,3.121928094887362,0.07142857142857142,0,1.25,-8.726588235294118,low,0.5,2,0.9,True,NOERROR,1,600,0,2,False,False,0,132839,ZA,False,Dominet (HK) Limited,3,365,False,0,False,False,,benign,no_adverse_signal
loomiesexpresslogistics.com,2026-07-12,27,3.3116357394949603,0.0,0,0.6428571428571429,-6.542502325581395,low,0.5455,3,0.5217391304347826,True,NOERROR,1,35,1,2,True,False,0,60068,BG,True,Hosting Concepts B.V. d/b/a Registrar.eu,3,365,True,26,,False,False,benign,no_adverse_signal
playaircar.xyz,2026-07-12,14,2.6464393446710157,0.0,0,0.6666666666666666,-6.768758823529412,high,0.5714,2,0.7,True,NOERROR,2,3600,1,2,True,False,0,16509,US,True,"GMO Internet, Inc.",3,365,True,25,False,False,,benign,no_adverse_signal
proofdefender.xyz,2026-07-12,17,2.719294525666979,0.0,0,0.625,-7.059156521739131,high,0.4762,2,0.5384615384615384,True,NOERROR,2,3600,1,2,True,False,0,16509,US,True,"GMO Internet, Inc.",3,365,True,25,False,False,,benign,no_adverse_signal
singlemoroccans.com,2026-07-12,19,3.3735572622751855,0.0,0,0.5,-6.531940740740741,low,0.5217,3,0.7333333333333333,True,NOERROR,2,600,0,2,False,False,0,16509,US,True,"GoDaddy.com, LLC",3,365,False,37,False,False,,benign,no_adverse_signal
simly.fun,2026-07-12,9,2.321928094887362,0.0,0,0.25,-7.961657142857143,low,0.6,3,1.0,True,NOERROR,1,60,0,2,False,False,0,16509,US,False,"Spaceship, Inc.",3,365,False,0,False,False,,benign,no_adverse_signal
hufj049.top,2026-07-12,11,2.807354922057604,0.2727272727272727,0,0.3333333333333333,-11.350327272727272,high,0.3636,2,1.0,False,timeout,0,,0,0,False,True,0,,,,Gname.com Pte. Ltd.,3,365,True,,,False,,benign,no_adverse_signal
axokk.com,2026-07-12,9,1.9219280948873623,0.0,0,0.6666666666666666,-9.20477142857143,low,0.4615,2,0.8,True,NOERROR,4,60,0,2,False,False,0,16509,US,True,Realtime Register B.V.,3,365,False,0,,False,,benign,no_adverse_signal
justmimms.com,2026-07-12,13,2.4193819456463714,0.0,0,0.2857142857142857,-7.4855,low,0.5,3,0.6666666666666666,False,timeout,0,,0,0,False,False,0,,,,Wix.com Ltd.,1833,2191,False,,,False,,benign,no_adverse_signal
taskscoredesk.xyz,2026-07-12,17,3.0269868333592873,0.0,0,0.4444444444444444,-6.731165217391305,high,0.5714,4,0.6923076923076923,True,NOERROR,2,3600,1,2,True,False,0,16509,US,True,"GMO Internet, Inc.",3,365,True,25,False,False,,benign,no_adverse_signal
mailaccent.xyz,2026-07-12,14,2.9219280948873623,0.0,0,0.6666666666666666,-6.365488235294118,high,0.5714,2,0.8,True,NOERROR,2,3600,1,2,True,False,0,16509,US,True,"GMO Internet, Inc.",3,365,True,25,False,False,,benign,no_adverse_signal
crevro.com,2026-07-12,10,2.2516291673878226,0.0,0,0.5,-7.467133333333333,low,0.6667,2,0.8333333333333334,True,NOERROR,1,3600,0,2,False,False,0,14618,US,True,"Spaceship, Inc.",3,365,False,0,False,False,,benign,no_adverse_signal
78z.shop,2026-07-12,8,1.584962500721156,0.25,0,0.0,-12.170266666666668,low,0.3333,1,1.0,True,NOERROR,1,600,0,2,False,True,0,152194,HK,False,,,,False,0,True,True,,malicious,spamhaus_zen
idoniqftr.tech,2026-07-12,14,2.94770277922009,0.0,0,0.5,-8.631319999999999,low,0.5333,4,0.8888888888888888,True,NOERROR,1,7200,1,4,True,False,0,37611,ZA,True,"TUCOWS.COM, CO.",3,365,True,0,False,False,False,benign,no_adverse_signal
ascendacademyonline.com,2026-07-12,23,3.286629486786195,0.0,0,0.7272727272727273,-6.576368571428572,low,0.6,2,0.5789473684210527,True,NOERROR,1,300,2,4,True,False,0,13335,US,False,IONOS SE,19,365,True,0,False,False,False,benign,no_adverse_signal
ecolawinfo.org,2026-07-12,14,3.121928094887362,0.0,0,1.0,-6.644652941176471,low,0.5556,2,0.9,True,NOERROR,2,300,0,2,False,False,2,13335,US,False,DYNADOT LLC,3,365,True,0,False,False,,benign,no_adverse_signal
cybersecuritymythos.com,2026-07-12,23,3.4713544870139286,0.0,0,0.35714285714285715,-7.025194285714286,low,0.4118,6,0.631578947368421,True,NOERROR,1,1800,5,2,True,False,0,22612,US,False,NAMECHEAP INC,3,365,True,0,False,False,False,benign,no_adverse_signal
projectvex.info,2026-07-12,15,3.121928094887362,0.0,0,0.42857142857142855,-7.338517647058824,medium,0.7,3,0.9,True,NOERROR,2,300,0,2,False,False,2,13335,US,False,,,,,0,False,False,,benign,no_adverse_signal
1pantas.fit,2026-07-12,11,2.5216406363433186,0.09090909090909091,0,0.5,-6.814390909090909,low,0.5714,2,0.8571428571428571,True,NOERROR,1,1800,5,2,True,False,0,22612,US,False,NAMECHEAP INC,3,365,True,0,False,False,False,benign,no_adverse_signal
designfriends.xyz,2026-07-12,17,2.931208948910323,0.0,0,0.4444444444444444,-6.998104347826087,high,0.5263,4,0.6153846153846154,True,NOERROR,2,3600,1,2,True,False,0,16509,US,True,"GMO Internet, Inc.",3,365,True,25,False,False,,benign,no_adverse_signal
clefllm.xyz,2026-07-12,11,2.1280852788913944,0.0,0,0.16666666666666666,-7.876736363636363,high,0.5714,4,0.7142857142857143,True,NOERROR,2,3600,1,2,True,False,0,16509,US,True,"GMO Internet, Inc.",4,365,True,25,False,False,,benign,no_adverse_signal
brbet5577app.com,2026-07-12,16,2.9182958340544896,0.25,0,0.3333333333333333,-9.1769,low,0.4,3,0.6666666666666666,True,NOERROR,2,300,0,2,False,False,2,13335,US,False,Dominet (HK) Limited,3,365,False,0,False,False,,benign,no_adverse_signal
pms-cr.com,2026-07-12,10,2.584962500721156,0.0,1,0.0,-8.147255555555555,low,0.5,3,1.0,True,NOERROR,2,3600,0,2,False,False,0,16509,US,True,"GoDaddy.com, LLC",3,1096,False,22,False,False,,benign,no_adverse_signal
j9f4d8s3a6.beer,2026-07-12,15,3.321928094887362,0.3333333333333333,0,0.25,-12.08314705882353,low,0.3529,1,1.0,False,timeout,0,,0,2,False,True,0,,,,Alibaba Cloud Computing Ltd. d/b/a HiChina (www.net.cn),3,365,True,,,False,,benign,no_adverse_signal
apotic.fr,2026-07-12,9,2.584962500721156,0.0,0,1.0,-6.3192666666666675,low,0.6667,1,1.0,True,NOERROR,1,3600,3,2,True,False,0,16276,FR,True,OVH,2,1095,False,0,False,False,False,benign,no_adverse_signal
zc83p2l.click,2026-07-12,13,2.807354922057604,0.23076923076923078,0,0.0,-12.342045454545456,medium,0.4615,2,1.0,True,NOERROR,1,360,5,2,True,False,0,396982,US,True,NAMECHEAP INC,3,365,False,0,False,False,False,benign,no_adverse_signal
gpqb.surf,2026-07-12,9,2.0,0.0,0,0.0,-12.1127,low,0.5,4,1.0,False,NOERROR,0,,0,2,False,False,0,,,,"Spaceship, Inc.",3,365,True,,,False,,benign,no_adverse_signal
quotesplanner.xyz,2026-07-12,17,3.3927474104487847,0.0,0,0.625,-6.591969565217391,high,0.48,3,0.8461538461538461,True,NOERROR,2,3600,1,2,True,False,0,16509,US,True,"GMO Internet, Inc.",3,365,True,25,False,False,,benign,no_adverse_signal
zipperchocolate.org,2026-07-12,19,3.373557262275185,0.0,0,0.6666666666666666,-6.6622,low,0.5185,3,0.7333333333333333,True,NOERROR,2,300,0,2,False,False,2,13335,US,False,"NameSilo, LLC",3,365,False,0,False,False,,benign,no_adverse_signal
bahga.fun,2026-07-12,9,1.9219280948873623,0.0,0,0.6666666666666666,-8.501885714285715,low,0.5,2,0.8,True,NOERROR,1,600,0,2,False,False,0,138915,US,False,Alibaba Cloud Computing Ltd. d/b/a HiChina (www.net.cn),3,365,False,0,True,True,,malicious,spamhaus_zen
holidayhomestech.com,2026-07-12,20,3.452819531114783,0.0,0,0.6,-6.508741379310345,low,0.5,2,0.75,True,NOERROR,1,1800,0,0,False,False,0,58182,US,True,Wix.com Ltd.,737,1095,True,0,False,False,,benign,no_adverse_signal
gewozae.com,2026-07-12,11,2.5216406363433186,0.0,0,1.3333333333333333,-8.654463636363637,low,0.625,1,0.8571428571428571,True,NOERROR,2,300,0,2,False,False,2,13335,US,False,DYNADOT LLC,3,365,True,0,False,False,,benign,no_adverse_signal
1777980.com,2026-07-12,11,2.1280852788913944,0.6363636363636364,0,0.0,-10.330145454545454,low,0.3333,0,0.7142857142857143,True,NOERROR,13,39,0,2,False,False,0,7483,TW,False,"GoDaddy.com, LLC",3,365,False,0,False,False,,benign,no_adverse_signal
prompt-shot.ru,2026-07-12,14,2.9139770731827523,0.0,1,0.25,-7.21031052631579,low,0.5,3,0.7272727272727273,True,NOERROR,1,86400,0,2,False,False,0,9123,KZ,False,REGRU-RU,4,365,False,0,False,False,,benign,no_adverse_signal
w87439590.vip,2026-07-12,13,2.94770277922009,0.6153846153846154,0,0.0,-11.53386,low,0.3333,1,0.8888888888888888,False,NOERROR,0,,0,2,False,False,0,,,,DYNADOT LLC,3,365,True,,,True,,malicious,spamhaus_dbl
megapariapk.net,2026-07-12,15,2.8453509366224368,0.0,0,0.8333333333333334,-6.821631578947368,low,0.5455,2,0.7272727272727273,False,NOERROR,0,,0,2,False,False,0,,,,"Spaceship, Inc.",4,365,False,,,False,,benign,no_adverse_signal
rajapg.biz,2026-07-12,10,2.2516291673878226,0.0,0,0.5,-7.917544444444443,low,0.6154,2,0.8333333333333334,True,NOERROR,2,300,0,2,False,False,2,13335,US,False,DYNADOT LLC,3,365,True,0,False,False,,benign,no_adverse_signal
llmblues.xyz,2026-07-12,12,2.4056390622295662,0.0,0,0.3333333333333333,-7.574084615384615,high,0.4706,5,0.75,True,NOERROR,2,3600,1,2,True,False,0,16509,US,True,"GMO Internet, Inc.",3,365,True,25,False,False,,benign,no_adverse_signal
infernomovies.blog,2026-07-12,18,3.0850551027564768,0.0,0,0.8571428571428571,-6.6893,low,0.5455,2,0.6923076923076923,True,NOERROR,2,300,0,3,False,False,0,2635,US,False,Automattic Inc.,3,365,True,0,False,False,,benign,no_adverse_signal
ctaiwe52.top,2026-07-12,12,3.0,0.16666666666666666,0,1.0,-9.116807692307692,high,0.5,2,1.0,False,NOERROR,0,,0,2,False,False,0,,,,"NameSilo, LLC",3,365,True,,,False,,benign,no_adverse_signal
jakisch-foerderberatung.de,2026-07-12,26,4.023136955868885,0.0,1,0.5714285714285714,-7.252346511627907,low,0.4,3,0.782608695652174,True,NOERROR,1,3600,0,3,False,False,0,24940,DE,True,,,,False,0,False,False,,benign,no_adverse_signal
tradingcanopy.xyz,2026-07-12,17,3.3927474104487847,0.0,0,0.4444444444444444,-6.700378260869565,high,0.5833,3,0.8461538461538461,True,NOERROR,2,3600,1,2,True,False,0,16509,US,True,"GMO Internet, Inc.",3,365,True,25,False,False,,benign,no_adverse_signal
prepaidseo.xyz,2026-07-12,14,2.9219280948873623,0.0,0,1.0,-6.9532,high,0.5333,2,0.8,True,NOERROR,2,3600,1,2,True,False,0,16509,US,True,"GMO Internet, Inc.",3,365,True,25,False,False,,benign,no_adverse_signal
liberainmacastro.com,2026-07-12,20,3.452819531114783,0.0,0,0.7777777777777778,-6.309920689655172,low,0.4828,3,0.75,True,NOERROR,1,300,0,2,False,False,0,13335,US,False,"Cloudflare, Inc.",3,365,True,0,False,False,,benign,no_adverse_signal
zeus133oke.site,2026-07-12,15,2.9219280948873623,0.2,0,1.3333333333333333,-9.502117647058824,medium,0.4706,1,0.8,True,NOERROR,2,300,1,2,False,False,2,13335,US,False,"GoDaddy.com, LLC",3,365,False,0,False,False,False,benign,no_adverse_signal
dappbitpay.xyz,2026-07-12,14,2.6464393446710153,0.0,0,0.42857142857142855,-7.339041176470588,high,0.5,3,0.7,True,NOERROR,2,3600,1,2,True,False,0,16509,US,True,"GMO Internet, Inc.",4,365,True,25,False,False,,benign,no_adverse_signal
hollyraine.com,2026-07-12,14,3.121928094887362,0.0,0,0.6666666666666666,-6.722647058823529,low,0.5714,4,0.9,True,NOERROR,4,14400,0,4,True,False,0,53831,US,False,Squarespace Domains LLC,154,730,True,21,False,False,,benign,no_adverse_signal
heartwoodbuilders.ca,2026-07-12,20,3.6168746059562227,0.0,0,0.7,-6.975138709677419,low,0.5517,3,0.7647058823529411,True,NOERROR,2,3600,0,2,False,False,0,16509,US,True,"Go Daddy Domains Canada, Inc",4,1096,True,22,False,False,,benign,no_adverse_signal
xelqora.boats,2026-07-12,13,2.807354922057604,0.0,0,0.75,-8.889390909090908,low,0.6667,2,1.0,True,NOERROR,2,300,0,2,False,False,0,16509,US,True,"Spaceship, Inc.",3,365,False,1,False,False,,benign,no_adverse_signal
15811f.com,2026-07-12,10,1.7924812503605778,0.5,0,0.0,-10.702533333333333,low,0.2222,1,0.6666666666666666,True,NOERROR,1,600,0,4,False,False,0,62468,US,False,Dominet (HK) Limited,3,365,False,0,True,False,,malicious,spamhaus_zen
tensorstaking.xyz,2026-07-12,17,3.238901256602631,0.0,0,0.4444444444444444,-6.293852173913043,high,0.5833,3,0.7692307692307693,True,NOERROR,2,3600,1,2,True,False,0,16509,US,True,"GMO Internet, Inc.",3,365,True,25,False,False,,benign,no_adverse_signal
loanssentinel.xyz,2026-07-12,17,2.873140679513133,0.0,0,0.625,-6.255139130434783,high,0.5,3,0.6153846153846154,True,NOERROR,2,3600,1,2,True,False,0,16509,US,True,"GMO Internet, Inc.",3,365,True,25,False,False,,benign,no_adverse_signal
quer-gedacht.com,2026-07-12,16,3.418295834054489,0.0,1,0.5714285714285714,-7.468180952380952,low,0.5263,3,0.9166666666666666,False,NOERROR,0,,3,2,True,False,0,,,,"Amazon Registrar, Inc.",3,365,True,,,False,False,benign,no_adverse_signal
getmasseyservices.com,2026-07-12,21,3.1462863706621045,0.0,0,0.5454545454545454,-6.611877419354839,low,0.6667,2,0.6470588235294118,False,timeout,0,,0,0,False,False,0,,,,"Spaceship, Inc.",3,365,False,,,False,,benign,no_adverse_signal
gamestoprh.com,2026-07-12,14,3.321928094887362,0.0,0,0.42857142857142855,-6.527641176470588,low,0.5556,3,1.0,True,NOERROR,1,1800,5,2,True,False,0,22612,US,False,NAMECHEAP INC,3,365,True,0,False,False,False,benign,no_adverse_signal
dealerboy.com,2026-07-12,13,2.94770277922009,0.0,0,0.8,-6.647713333333333,low,0.5714,2,0.8888888888888888,True,NOERROR,2,10800,0,2,True,False,2,14618,US,True,DropCatch.com 1263 LLC,3,365,False,0,False,False,,benign,no_adverse_signal
ivylifestylemanagement.com,2026-07-12,26,3.4594316186372978,0.0,0,0.5714285714285714,-6.933887804878049,low,0.6061,4,0.5454545454545454,True,NOERROR,3,3600,0,2,False,False,0,58182,US,True,Wix.com Ltd.,3,365,True,18,False,False,,benign,no_adverse_signal
titleprofiler.xyz,2026-07-12,17,2.931208948910323,0.0,0,0.625,-6.726982608695652,high,0.5,2,0.6153846153846154,True,NOERROR,2,3600,1,2,True,False,0,16509,US,True,"GMO Internet, Inc.",3,365,True,25,False,False,,benign,no_adverse_signal
hk80256.com,2026-07-12,11,2.807354922057604,0.45454545454545453,0,0.0,-11.736836363636364,low,0.2353,2,1.0,True,NOERROR,1,300,0,4,False,False,0,63902,FR,False,"Name.com, Inc.",3,365,True,0,False,False,,benign,no_adverse_signal
firon.beer,2026-07-12,10,2.321928094887362,0.0,0,0.6666666666666666,-6.4799999999999995,low,0.6667,1,1.0,False,SERVFAIL,0,,0,0,False,False,0,,,,PDR Ltd. d/b/a PublicDomainRegistry.com,3,365,True,,,False,,benign,no_adverse_signal
deployed.llc,2026-07-12,12,2.5,0.0,0,0.6,-7.563338461538461,low,0.5714,2,0.75,True,NOERROR,2,5,0,4,False,False,0,16509,US,True,,,,,1,False,False,,benign,no_adverse_signal
doctorstohealth.com,2026-07-12,19,3.139572261986723,0.0,0,0.5,-6.671318518518518,low,0.5714,3,0.6666666666666666,True,NOERROR,1,3600,2,2,True,False,0,29873,US,True,"TUCOWS.COM, CO.",6947,8766,True,0,False,False,False,benign,no_adverse_signal
62644324.xyz,2026-07-12,12,1.9056390622295665,0.6666666666666666,0,0.0,-10.874638461538463,high,0.3636,0,0.5,False,NOERROR,0,,0,4,False,False,0,,,,Porkbun LLC,3,365,False,,,False,,benign,no_adverse_signal
wabisabilink.co.jp,2026-07-12,18,2.8553885422075336,0.0,0,0.7142857142857143,-6.805790476190476,low,0.4545,2,0.6666666666666666,True,NOERROR,1,3600,1,5,True,False,0,131965,JP,True,,4,,False,0,False,False,False,benign,no_adverse_signal
three4.net,2026-07-12,10,2.251629167387823,0.1,0,0.6666666666666666,-7.830344444444445,low,0.6,3,0.8333333333333334,False,NOERROR,0,,3,2,True,False,0,,,,"Amazon Registrar, Inc.",4,365,True,,,False,False,benign,no_adverse_signal
goldenvegass.com,2026-07-12,16,3.084962500721156,0.0,0,0.5,-6.843628571428572,low,0.5833,2,0.75,True,NOERROR,2,300,0,2,False,False,2,13335,US,False,DEVEXPANSE LTD d/b/a Regery.com,3,365,True,0,False,False,,benign,no_adverse_signal
expansaoacademy.com,2026-07-12,19,3.2402239289418517,0.0,0,0.875,-7.193322222222222,low,0.4762,2,0.7333333333333333,False,NOERROR,0,,0,2,False,False,0,,,,"HOSTINGER operations, UAB",3,365,False,,,False,,benign,no_adverse_signal
rebuildrouter.xyz,2026-07-12,17,3.0269868333592873,0.0,0,0.8571428571428571,-6.856173913043478,high,0.6,3,0.6923076923076923,True,NOERROR,2,3600,1,2,True,False,0,16509,US,True,"GMO Internet, Inc.",3,365,True,25,False,False,,benign,no_adverse_signal
llmlegs.xyz,2026-07-12,11,2.1280852788913944,0.0,0,0.16666666666666666,-8.269581818181818,high,0.5,4,0.7142857142857143,True,NOERROR,2,3600,1,2,True,False,0,16509,US,True,"GMO Internet, Inc.",4,365,True,25,False,False,,benign,no_adverse_signal
wardrobenest.shop,2026-07-12,17,3.2516291673878226,0.0,0,0.5,-6.527642857142857,low,0.6,3,0.8333333333333334,True,NOERROR,2,300,0,2,False,False,2,13335,US,False,,,,False,0,False,False,,benign,no_adverse_signal
mooretravelbyscott.com,2026-07-12,22,3.419381945646371,0.0,0,0.5,-6.906339393939394,low,0.4571,5,0.6666666666666666,True,NOERROR,1,600,0,2,False,False,0,398101,US,True,"GoDaddy.com, LLC",3,365,False,0,False,False,,benign,no_adverse_signal
binguo.xyz,2026-07-12,10,2.584962500721156,0.0,0,1.0,-7.0945,high,0.8,2,1.0,True,NOERROR,1,600,0,2,False,True,0,45102,HK,False,Alibaba Cloud Computing Ltd. d/b/a HiChina (www.net.cn),6,365,False,0,False,False,,benign,no_adverse_signal
jamtogel99fb.site,2026-07-12,17,3.4182958340544896,0.11764705882352941,0,0.42857142857142855,-8.87247619047619,medium,0.4,2,0.9166666666666666,True,NOERROR,2,300,0,2,False,False,2,13335,US,False,NAMECHEAP INC,3,365,True,0,False,False,,benign,no_adverse_signal
yvytuceqfidhxkfwrhiy.com,2026-07-12,24,3.7841837197791883,0.0,0,0.25,-10.05760810810811,low,0.3333,8,0.75,True,NOERROR,1,300,2,4,True,False,0,16509,US,True,DYNADOT LLC,3,365,True,0,False,False,False,benign,no_adverse_signal
hmtbuilder.autos,2026-07-12,16,3.321928094887362,0.0,0,0.42857142857142855,-7.990900000000001,low,0.5556,4,1.0,True,NOERROR,1,180,2,2,True,False,0,54113,US,False,"Spaceship, Inc.",3,365,False,0,False,False,False,benign,no_adverse_signal
yemekyerkenneizlesem.com,2026-07-12,24,2.939353872167201,0.0,0,0.6666666666666666,-7.464932432432432,low,0.4242,2,0.5,True,NOERROR,1,14400,1,4,False,False,0,16509,US,False,Atak Domain,3,365,False,0,False,False,False,benign,no_adverse_signal
snaplyagent.com,2026-07-12,15,3.0957952550009344,0.0,0,0.375,-6.953689473684211,low,0.6316,3,0.8181818181818182,True,NOERROR,1,600,1,2,True,False,0,12297,AM,False,"GoDaddy.com, LLC",3,1096,False,0,False,False,False,benign,no_adverse_signal
clinicaedybe.com.mx,2026-07-12,19,3.084962500721156,0.0,0,0.7142857142857143,-7.12747619047619,low,0.56,3,0.75,True,NOERROR,1,14400,1,3,True,False,0,17378,US,True,NEUBOX Internet SA de CV,5,1096,False,0,False,False,False,benign,no_adverse_signal
coachestra.com,2026-07-12,14,2.9219280948873623,0.0,0,0.6666666666666666,-6.363876470588235,low,0.5882,3,0.8,False,NOERROR,0,,0,2,False,False,0,,,,"Cloudflare, Inc.",3,365,True,,,False,,benign,no_adverse_signal
8w28.xyz,2026-07-12,8,1.5,0.375,0,0.0,-12.38678,high,0.5,1,0.75,True,NOERROR,2,300,0,2,False,False,2,13335,US,False,"Spaceship, Inc.",3,365,False,0,False,False,,benign,no_adverse_signal
myadhdgp.com,2026-07-12,12,2.75,0.0,0,0.14285714285714285,-9.21073076923077,low,0.5,5,0.875,True,NOERROR,1,14400,0,3,False,False,0,45638,AU,True,Synergy Wholesale Accreditations Pty Ltd,3,365,True,0,False,False,,benign,no_adverse_signal
joindimovauditors.com,2026-07-12,21,3.4104172527605203,0.0,0,0.8888888888888888,-6.814606451612904,low,0.5,2,0.7058823529411765,False,NOERROR,0,,1,4,True,False,0,,,,PDR Ltd. d/b/a PublicDomainRegistry.com,3,365,True,,,False,False,benign,no_adverse_signal
regularizeomt26net-app.com,2026-07-12,26,3.8796640049025934,0.07692307692307693,1,0.7272727272727273,-8.142453658536585,low,0.4324,2,0.7272727272727273,True,NOERROR,2,60,0,2,False,False,2,47583,LT,True,"HOSTINGER operations, UAB",3,365,False,0,False,False,,benign,no_adverse_signal
keysinsurance.xyz,2026-07-12,17,3.238901256602631,0.0,0,0.625,-6.5664,high,0.5455,2,0.7692307692307693,True,NOERROR,2,3600,1,2,True,False,0,16509,US,True,"GMO Internet, Inc.",3,365,True,25,False,False,,benign,no_adverse_signal
awesomeshadesolutions.com,2026-07-12,25,3.4632805178108104,0.0,0,0.9090909090909091,-6.530202564102564,low,0.5854,2,0.6190476190476191,True,NOERROR,1,600,0,2,False,False,0,398823,US,False,Dominet (HK) Limited,3,365,False,0,False,False,,benign,no_adverse_signal
llmessay.xyz,2026-07-12,12,2.5,0.0,0,0.3333333333333333,-6.921653846153846,high,0.5,3,0.75,True,NOERROR,2,3600,1,2,True,False,0,16509,US,True,"GMO Internet, Inc.",3,365,True,25,False,False,,benign,no_adverse_signal
veriteprojects.com,2026-07-12,18,3.182005814760214,0.0,0,0.5555555555555556,-6.648536,low,0.6429,3,0.7142857142857143,True,NOERROR,2,600,0,2,False,False,0,16509,US,True,"GoDaddy.com, LLC",3,365,False,37,False,False,,benign,no_adverse_signal
poiletmoustache.fr,2026-07-12,18,3.506890595608518,0.0,0,0.875,-6.6091999999999995,low,0.4762,2,0.8,True,NOERROR,1,3600,3,2,True,False,0,16276,FR,True,OVH,2,364,False,0,False,False,False,benign,no_adverse_signal
panambi.app,2026-07-12,11,2.5216406363433186,0.0,0,0.75,-6.567563636363636,low,0.6154,2,0.8571428571428571,True,NOERROR,2,300,3,2,True,False,2,13335,US,False,,,,False,0,False,False,False,benign,no_adverse_signal
82go.org,2026-07-12,8,2.0,0.25,0,1.0,-10.48212,low,0.5714,1,1.0,True,NOERROR,1,300,0,2,False,False,0,206834,DE,False,DYNADOT LLC,3,365,True,19,False,False,,benign,no_adverse_signal
wzzzgjxymta.top,2026-07-12,15,3.027169118440619,0.0,0,0.1,-10.19197894736842,high,0.375,10,0.8181818181818182,False,timeout,0,,0,0,False,False,0,,,,"COSMOTOWN, INC.",3,365,True,,,,,unknown,no_reputation_coverage
painelcrypto.com,2026-07-12,16,3.418295834054489,0.0,0,0.5,-7.155861904761904,low,0.5714,6,0.9166666666666666,True,NOERROR,1,1800,0,2,False,False,1,47583,CY,False,"HOSTINGER operations, UAB",3,365,False,31,False,False,,benign,no_adverse_signal
petcremationofboston.website,2026-07-12,28,3.4841837197791885,0.0,0,0.6666666666666666,-6.72822972972973,low,0.5143,3,0.65,True,NOERROR,1,1800,5,2,True,False,0,47583,US,False,NAMECHEAP INC,3,365,True,0,False,False,False,benign,no_adverse_signal
abelmcelroy.com,2026-07-12,15,3.095795255000934,0.0,0,0.5714285714285714,-7.76777894736842,low,0.5263,3,0.8181818181818182,True,NOERROR,2,3600,0,2,False,False,0,16509,US,True,"GoDaddy.com, LLC",3,1096,False,22,False,False,,benign,no_adverse_signal
nz1mall.com,2026-07-12,11,2.521640636343318,0.09090909090909091,0,0.2,-8.85430909090909,low,0.5455,2,0.8571428571428571,False,NOERROR,0,,3,2,True,False,0,,,,"Amazon Registrar, Inc.",3,365,True,,,False,False,benign,no_adverse_signal
astonrasuna.com,2026-07-12,15,2.663532754804255,0.0,0,0.8333333333333334,-6.635036842105262,low,0.5263,2,0.6363636363636364,True,NOERROR,1,60,1,4,False,False,0,16509,IE,True,"TUCOWS.COM, CO.",25,365,True,0,False,False,False,benign,no_adverse_signal
easywealthventures.info,2026-07-12,23,3.3921472236645345,0.0,0,0.6363636363636364,-7.06150606060606,medium,0.56,4,0.6666666666666666,True,NOERROR,1,14400,1,2,True,False,0,16276,CA,True,,,,,0,False,False,False,benign,no_adverse_signal
hereandhomeny.com,2026-07-12,17,3.0269868333592873,0.0,0,0.625,-6.544852173913044,low,0.5263,3,0.6923076923076923,True,NOERROR,4,14400,5,4,False,False,0,53831,US,False,Squarespace Domains LLC,3,1096,True,21,False,False,False,benign,no_adverse_signal
eligibilitydebtcheck.com,2026-07-12,24,3.2841837197791888,0.0,0,0.5384615384615384,-7.133394594594595,low,0.4286,4,0.55,True,NOERROR,2,300,0,2,False,False,2,13335,US,False,DYNADOT LLC,3,365,True,0,False,False,,benign,no_adverse_signal
zayaragcc.com,2026-07-12,13,2.4193819456463714,0.0,0,0.5,-7.7272533333333335,low,0.4545,3,0.6666666666666666,True,NOERROR,2,3600,0,2,False,False,0,16509,US,True,"GoDaddy.com, LLC",3,1096,False,0,False,False,,benign,no_adverse_signal
motelanna.pl,2026-07-12,12,2.725480556997868,0.0,0,0.8,-6.313793333333334,low,0.5333,2,0.7777777777777778,True,NOERROR,1,1800,0,2,False,False,0,57367,PL,True,AA sp. z o. o.,3,365,False,0,False,False,,benign,no_adverse_signal
io123123.shop,2026-07-12,13,2.25,0.46153846153846156,0,2.0,-9.488876923076923,low,0.3636,0,0.625,True,NOERROR,1,1800,0,2,False,False,0,906,US,True,,,,False,0,False,False,,benign,no_adverse_signal
hongkongscore.win,2026-07-12,17,3.0269868333592873,0.0,0,0.4444444444444444,-6.85675652173913,low,0.4545,4,0.6923076923076923,False,NOERROR,0,,0,2,False,False,0,,,,"Cloudflare, Inc.",3,365,True,,,False,,benign,no_adverse_signal
sportarc.ai,2026-07-12,11,2.75,0.0,0,0.3333333333333333,-5.982461538461539,low,0.5714,2,0.875,False,NOERROR,0,,0,2,False,False,0,,,,"Cloudflare, Inc",4,731,True,,,False,,benign,no_adverse_signal
geo-don161.ru,2026-07-12,13,2.9219280948873623,0.23076923076923078,1,1.0,-8.608964705882352,low,0.4706,1,0.8,False,NOERROR,0,,1,2,True,False,0,,,,REGRU-RU,4,365,False,,,False,False,benign,no_adverse_signal
ugcgov.org,2026-07-12,10,2.2516291673878226,0.0,0,0.5,-8.685388888888887,low,0.5,3,0.8333333333333334,True,NOERROR,2,300,0,2,False,False,2,13335,US,False,"GoDaddy.com, LLC",3,365,False,0,False,False,,benign,no_adverse_signal
govaccel.site,2026-07-12,13,2.75,0.0,0,0.6,-7.062923076923076,medium,0.5714,2,0.875,True,NOERROR,1,600,0,4,False,False,0,327979,ZA,True,Diamatrix C.C.,3,365,False,0,False,False,,benign,no_adverse_signal
51ycb.cc,2026-07-12,8,2.321928094887362,0.25,0,0.0,-11.5084,low,0.4444,3,1.0,True,NOERROR,1,1,0,2,False,True,0,40065,US,False,"NameSilo, LLC",3,365,True,0,False,False,,benign,no_adverse_signal
22c8.me,2026-07-12,7,1.5,0.42857142857142855,0,0.0,-10.940059999999999,low,0.2857,1,0.75,True,NOERROR,1,10800,0,2,False,False,0,16509,US,True,DYNADOT LLC,4,365,True,23,False,False,,benign,no_adverse_signal
raaoneconsole.com,2026-07-12,17,2.873140679513133,0.0,0,1.1666666666666667,-6.7522913043478265,low,0.5385,2,0.6153846153846154,True,NOERROR,1,50,0,2,False,False,0,47583,CY,False,"HOSTINGER operations, UAB",3,365,False,31,False,False,,benign,no_adverse_signal
flairstock.xyz,2026-07-12,14,3.321928094887362,0.0,0,0.42857142857142855,-6.669358823529412,high,0.625,3,1.0,True,NOERROR,2,3600,1,2,True,False,0,16509,US,True,"GMO Internet, Inc.",3,365,True,25,False,False,,benign,no_adverse_signal
shopdomain.xyz,2026-07-12,14,3.121928094887362,0.0,0,0.6666666666666666,-6.719229411764706,high,0.6087,2,0.9,True,NOERROR,2,3600,1,2,True,False,0,16509,US,True,"GMO Internet, Inc.",3,365,True,25,False,False,,benign,no_adverse_signal
pacificmarineresearch.com,2026-07-12,25,3.2602013508350773,0.0,0,0.75,-6.436848717948719,low,0.6316,3,0.5238095238095238,True,NOERROR,2,600,0,2,False,False,0,16509,US,True,"GoDaddy.com, LLC",3,1096,False,37,False,False,,benign,no_adverse_signal
wilsoninsurancegroup863.click,2026-07-12,29,3.8820451081368628,0.10344827586206896,0,0.6666666666666666,-7.403686046511628,medium,0.4118,2,0.6956521739130435,False,SERVFAIL,0,,0,0,False,False,0,,,,"GMO Internet, Inc.",3,365,True,,,False,,benign,no_adverse_signal
aifirms.uk,2026-07-12,10,2.5216406363433186,0.0,0,0.75,-7.447981818181819,low,0.6667,3,0.8571428571428571,False,NOERROR,0,,0,2,False,False,0,,,,"Cloudflare, Inc. [Tag = CLOUDFLARE]",5,365,False,,,False,,benign,no_adverse_signal
gmnutri.com,2026-07-12,11,2.807354922057604,0.0,0,0.4,-8.097545454545454,low,0.6,3,1.0,True,NOERROR,2,60,2,2,True,False,2,47583,LT,True,"HOSTINGER operations, UAB",3,365,False,0,False,False,False,benign,no_adverse_signal
agg888.my,2026-07-12,9,1.4591479170272448,0.3333333333333333,0,0.5,-8.933122222222222,low,0.3636,2,0.5,True,NOERROR,1,60,0,2,False,False,0,16509,JP,True,Gname.com Pte. Ltd.,4,365,True,0,False,False,,benign,no_adverse_signal
refpairubi.top,2026-07-12,14,2.9219280948873623,0.0,0,1.0,-7.625523529411765,high,0.4444,2,0.8,True,NOERROR,2,12,0,4,False,False,0,16509,US,True,Porkbun LLC,379,730,True,1,False,False,,benign,no_adverse_signal
dribbleaudit.com,2026-07-12,16,3.0849625007211556,0.0,0,0.7142857142857143,-7.0821,low,0.5,3,0.75,True,NOERROR,2,600,2,2,True,False,0,16509,US,True,"GoDaddy.com, LLC",3,365,False,37,False,False,False,benign,no_adverse_signal
mazyrae.com,2026-07-12,11,2.5216406363433186,0.0,0,0.75,-8.177981818181818,low,0.6667,3,0.8571428571428571,True,NOERROR,4,14400,1,4,True,False,0,53831,US,False,Squarespace Domains II LLC,3,365,True,21,False,False,False,benign,no_adverse_signal
web-intro.com,2026-07-12,13,3.169925001442312,0.0,1,0.6,-7.038740000000001,low,0.5714,3,1.0,False,NOERROR,0,,3,2,True,False,0,,,,"Amazon Registrar, Inc.",4,365,True,,,False,False,benign,no_adverse_signal
nartluap.org,2026-07-12,12,2.75,0.0,0,0.6,-7.448123076923077,low,0.5455,3,0.875,True,NOERROR,1,14400,1,2,True,False,0,14061,NL,True,PDR Ltd. d/b/a PublicDomainRegistry.com,3,365,False,0,False,False,False,benign,no_adverse_signal
merchantboard.xyz,2026-07-12,17,3.3927474104487847,0.0,0,0.4444444444444444,-6.552247826086956,high,0.5217,3,0.8461538461538461,True,NOERROR,2,3600,1,2,True,False,0,16509,US,True,"GMO Internet, Inc.",3,365,True,25,False,False,,benign,no_adverse_signal
chicken-roads-deutschland.com,2026-07-12,29,3.7834651896016465,0.0,2,0.4375,-7.1871936170212765,low,0.375,5,0.6,False,NOERROR,0,,0,0,False,False,0,,,,URL SOLUTIONS INC.,3,365,True,,,True,,malicious,spamhaus_dbl
bmwgading.store,2026-07-12,15,2.94770277922009,0.0,0,0.2857142857142857,-7.659633333333333,low,0.6154,4,0.8888888888888888,True,NOERROR,2,300,0,2,False,False,2,13335,US,False,,,,False,0,False,False,,benign,no_adverse_signal
jj37167.vip,2026-07-12,11,2.2359263506290326,0.45454545454545453,0,0.0,-11.648472727272726,low,0.4,2,0.7142857142857143,False,NOERROR,0,,0,2,False,False,0,,,,DYNADOT LLC,3,365,True,,,True,,malicious,spamhaus_dbl
zcardo.com,2026-07-12,10,2.584962500721156,0.0,0,0.5,-7.077277777777778,low,0.5455,2,1.0,True,NOERROR,1,3600,2,2,True,False,0,13335,CA,True,"GoDaddy.com, LLC",3,365,False,0,False,False,False,benign,no_adverse_signal
lifebridgebenefits.com,2026-07-12,22,3.239097917988786,0.0,0,0.6363636363636364,-7.070454545454545,low,0.4516,2,0.6111111111111112,False,NOERROR,0,,1,2,True,False,0,,,,"Spaceship, Inc.",3,365,False,,,False,False,benign,no_adverse_signal
profitpins.com,2026-07-12,14,2.9219280948873623,0.0,0,0.42857142857142855,-6.848664705882353,low,0.5,2,0.8,True,NOERROR,2,1800,1,2,True,False,0,16509,US,False,"Name.com, Inc.",3,365,True,0,False,False,False,benign,no_adverse_signal
instantxenonprime.com,2026-07-12,21,3.2639334294856344,0.0,0,0.5454545454545454,-6.99458064516129,low,0.5385,3,0.6470588235294118,False,NOERROR,0,,1,4,True,False,0,,,,PDR Ltd. d/b/a PublicDomainRegistry.com,3,365,True,,,False,False,benign,no_adverse_signal
dagheshwisshe.com,2026-07-12,17,2.8150724101159437,0.0,0,0.4444444444444444,-7.517047826086957,low,0.5455,3,0.6153846153846154,False,NOERROR,0,,0,0,False,False,0,,,,URL SOLUTIONS INC.,3,365,True,,,True,,malicious,spamhaus_dbl
allthingsoops.com,2026-07-12,17,3.238901256602631,0.0,0,0.4444444444444444,-6.865626086956522,low,0.5263,4,0.7692307692307693,True,NOERROR,1,3600,2,3,True,False,0,34762,BE,True,Combell NV,3,365,True,0,False,False,False,benign,no_adverse_signal
fucheng.online,2026-07-12,14,2.807354922057604,0.0,0,0.4,-6.8146545454545455,medium,0.5,2,1.0,False,NOERROR,0,,0,2,False,False,0,,,,DYNADOT LLC,3,365,False,,,False,,benign,no_adverse_signal
seblazar.com,2026-07-12,12,2.75,0.0,0,0.6,-7.175176923076923,low,0.5,2,0.875,False,NOERROR,0,,2,2,True,False,0,,,,"Spaceship, Inc.",3,365,False,,,False,False,benign,no_adverse_signal
argyllprivatecare.co.uk,2026-07-12,23,3.292770193936991,0.0,0,0.5454545454545454,-7.034658064516129,low,0.5,7,0.6470588235294118,True,NOERROR,1,3600,1,4,True,False,1,8560,DE,True,Ionos SE [Tag = 1AND1],6,365,False,1,False,False,False,benign,no_adverse_signal
365sgas.sbs,2026-07-12,11,2.521640636343318,0.2727272727272727,0,0.3333333333333333,-8.90608181818182,low,0.4,2,0.8571428571428571,True,NOERROR,2,300,0,2,False,False,2,13335,US,False,Dynadot Inc,3,365,False,0,False,False,,benign,no_adverse_signal
507239.com,2026-07-12,10,2.584962500721156,0.6,0,0.0,-11.832144444444445,low,0.2222,0,1.0,True,NOERROR,1,600,0,2,False,False,0,36352,US,True,"GMO Internet, Inc.",3,365,True,0,True,False,,malicious,spamhaus_zen
vavaagency.in,2026-07-12,13,2.6464393446710153,0.0,0,0.6666666666666666,-7.427811764705883,low,0.5,3,0.7,True,NOERROR,2,60,2,2,True,False,2,47583,CY,False,"HOSTINGER operations, UAB",3,731,False,0,False,False,False,benign,no_adverse_signal
beziqui.pro,2026-07-12,11,2.521640636343318,0.0,0,1.3333333333333333,-8.428127272727274,low,0.5455,1,0.8571428571428571,True,NOERROR,2,300,1,2,False,False,2,13335,US,False,,,,,0,False,False,True,benign,no_adverse_signal
visternacional.info,2026-07-12,19,3.378783493486176,0.0,0,0.75,-6.15682,medium,0.5,2,0.7857142857142857,True,NOERROR,2,300,0,2,False,False,2,13335,US,False,,,,,0,False,False,,benign,no_adverse_signal
bocajrsla.com,2026-07-12,13,2.94770277922009,0.0,0,0.5,-8.30152,low,0.5,4,0.8888888888888888,False,NOERROR,0,,3,2,True,False,0,,,,"Amazon Registrar, Inc.",3,365,True,,,False,False,benign,no_adverse_signal
kennethdixon.org,2026-07-12,16,3.0220552088742,0.0,0,0.5,-7.3651,low,0.5455,3,0.75,True,NOERROR,2,20,0,4,False,False,0,16509,US,True,Porkbun LLC,3,365,False,1,False,False,,benign,no_adverse_signal
balancereport.xyz,2026-07-12,17,3.238901256602631,0.0,0,0.625,-6.045078260869565,high,0.5455,2,0.7692307692307693,True,NOERROR,2,3600,1,2,True,False,0,16509,US,True,"GMO Internet, Inc.",3,365,True,25,False,False,,benign,no_adverse_signal
salaryinsider.online,2026-07-12,20,3.0850551027564768,0.0,0,0.625,-6.5632782608695655,medium,0.5714,2,0.6923076923076923,True,NOERROR,1,300,0,2,False,False,1,40509,US,True,Synergy Wholesale Accreditations Pty Ltd,3,365,False,0,False,False,,benign,no_adverse_signal
siktir.eu.cc,2026-07-12,12,1.0,0.0,0,2.0,,low,,0,1.0,True,NOERROR,2,300,0,2,False,False,2,13335,US,False,Gname.com Pte. Ltd.,10500,12217,True,0,False,True,,malicious,spamhaus_dbl
sustainableleadershipinstitute.co.uk,2026-07-12,36,3.4817276788697367,0.0,0,0.7647058823529411,-6.46321052631579,low,0.4,3,0.43333333333333335,True,NOERROR,2,3600,0,2,False,False,0,16509,US,True,"GoDaddy.com, LLC. [Tag = GODADDY]",5,1096,False,22,False,False,,benign,no_adverse_signal
le-sen.com,2026-07-12,10,2.2516291673878226,0.0,1,0.6666666666666666,-6.7932,low,0.6,1,0.8333333333333334,False,NOERROR,0,,3,2,True,False,0,,,,"Cloudflare, Inc.",3,1096,True,,,False,False,benign,no_adverse_signal
ercapital-vfm.nl,2026-07-12,16,3.5465935642949384,0.0,1,0.5,-7.7749434782608695,low,0.5,3,0.9230769230769231,True,NOERROR,1,900,1,2,True,False,1,3223,NL,True,mijn.host,4,,False,0,False,False,False,benign,no_adverse_signal
quarantinetee.xyz,2026-07-12,17,2.873140679513133,0.0,0,1.1666666666666667,-6.0951260869565225,high,0.5,2,0.6153846153846154,True,NOERROR,2,3600,1,2,True,False,0,16509,US,True,"GMO Internet, Inc.",3,365,True,25,False,False,,benign,no_adverse_signal
landskronadistillery.se,2026-07-12,23,3.484183719779189,0.0,0,0.42857142857142855,-6.602348648648649,low,0.4706,5,0.6,True,NOERROR,2,3600,2,2,True,False,0,39570,SE,False,Loopia AB,4,365,False,0,False,False,False,benign,no_adverse_signal
cloudstepmarket.shop,2026-07-12,20,3.6402239289418516,0.0,0,0.5,-6.664474074074074,low,0.64,3,0.8666666666666667,True,NOERROR,1,300,0,2,False,False,0,199242,US,False,,,,False,0,False,False,,benign,no_adverse_signal
papayabiscuit.club,2026-07-12,18,3.0269868333592873,0.0,0,0.8571428571428571,-7.280434782608695,low,0.5385,2,0.6923076923076923,True,NOERROR,2,300,0,2,False,False,2,13335,US,False,Porkbun,3,365,True,0,False,False,,benign,no_adverse_signal
elwmac6103.top,2026-07-12,14,3.321928094887362,0.2857142857142857,0,0.5,-10.083294117647059,high,0.4,3,1.0,True,NOERROR,1,60,0,2,False,True,0,38186,HK,True,Dynadot LLC,4,365,True,0,True,True,,malicious,spamhaus_zen
lakehousedocs.xyz,2026-07-12,17,3.238901256602631,0.0,0,0.8571428571428571,-7.0887782608695655,high,0.4615,2,0.7692307692307693,True,NOERROR,2,3600,1,2,True,False,0,16509,US,True,"GMO Internet, Inc.",3,365,True,25,False,False,,benign,no_adverse_signal
caletho.com,2026-07-12,11,2.807354922057604,0.0,0,0.75,-6.238154545454545,low,0.6154,2,1.0,True,NOERROR,1,3600,0,2,True,False,0,16276,CA,True,"OVH, SAS",3,365,True,0,False,False,,benign,no_adverse_signal
seven7s.shop,2026-07-12,12,2.2359263506290326,0.08333333333333333,0,0.5,-8.366118181818182,low,0.5263,1,0.7142857142857143,True,NOERROR,2,300,0,2,False,False,2,13335,US,False,,,,False,0,False,False,,benign,no_adverse_signal
mrping.shop,2026-07-12,11,2.584962500721156,0.0,0,0.2,-7.200066666666667,low,0.6,3,1.0,True,NOERROR,1,300,0,2,False,False,0,214922,IR,False,,,,False,0,False,False,,benign,no_adverse_signal
puntandpalate.com,2026-07-12,17,2.873140679513133,0.0,0,0.625,-6.513434782608695,low,0.5263,3,0.6153846153846154,True,NOERROR,4,14400,5,4,False,False,0,53831,US,False,Squarespace Domains LLC,3,365,True,21,False,False,False,benign,no_adverse_signal
moonandmanuscripts.com,2026-07-12,22,3.4613201402110083,0.0,0,0.5,-6.915157575757576,low,0.4615,3,0.6666666666666666,True,NOERROR,1,14400,3,2,True,False,0,22612,US,True,NAMECHEAP INC,3,365,True,0,False,False,False,benign,no_adverse_signal
bancabvempresas.shop,2026-07-12,20,3.1898980954642875,0.0,0,0.5,-7.191522222222222,low,0.56,3,0.6666666666666666,True,NOERROR,1,300,0,2,True,False,0,22612,US,True,,,,False,0,False,False,,benign,no_adverse_signal
diying.wiki,2026-07-12,11,2.2516291673878226,0.0,0,0.5,-7.450566666666666,low,0.6,2,0.8333333333333334,True,NOERROR,1,1,0,2,False,True,0,40065,US,False,"NameSilo, LLC",3,365,True,0,False,False,,benign,no_adverse_signal
clickthefuture.com,2026-07-12,18,3.2359263506290326,0.0,0,0.5555555555555556,-7.006576,low,0.5,4,0.7142857142857143,False,NOERROR,0,,3,2,True,False,0,,,,NAMECHEAP INC,3,365,True,,,False,False,benign,no_adverse_signal
specialreview.xyz,2026-07-12,17,3.180832987205441,0.0,0,0.8571428571428571,-6.968826086956523,high,0.4667,2,0.7692307692307693,True,NOERROR,2,3600,1,2,True,False,0,16509,US,True,"GMO Internet, Inc.",3,365,True,25,False,False,,benign,no_adverse_signal
cardholt.co.uk,2026-07-12,14,3.0,0.0,0,0.3333333333333333,-7.09726923076923,low,0.5333,3,1.0,True,NOERROR,1,600,3,2,True,False,0,16509,US,False,"GoDaddy.com, LLC. [Tag = GODADDY]",5,365,False,0,False,False,False,benign,no_adverse_signal
jatabad.net,2026-07-12,11,2.1280852788913944,0.0,0,0.75,-6.876754545454546,low,0.6154,1,0.7142857142857143,True,NOERROR,1,300,0,2,False,False,0,206834,DE,False,Dynadot Inc,4,365,False,19,False,False,,benign,no_adverse_signal
uasccorwanda.com,2026-07-12,16,3.0220552088742,0.0,0,0.7142857142857143,-7.158276190476191,low,0.5263,3,0.75,True,NOERROR,1,300,0,3,False,False,0,46844,US,False,"TUCOWS.COM, CO.",735,1095,True,0,False,False,,benign,no_adverse_signal
wakuwakuchatbot.com,2026-07-12,19,3.0565647621309537,0.0,0,0.6666666666666666,-7.696233333333334,low,0.4545,2,0.6,True,NOERROR,2,300,0,2,False,False,2,13335,US,False,Fewmoretaps OU d/b/a Trustname.com,3,365,False,0,False,False,,benign,no_adverse_signal
timberbeeworkshop.com,2026-07-12,21,3.4548223999466066,0.0,0,0.5454545454545454,-6.982903225806451,low,0.4286,4,0.7058823529411765,True,NOERROR,1,1800,5,2,True,False,0,22612,US,False,NAMECHEAP INC,3,365,True,0,False,False,False,benign,no_adverse_signal
thesunboundstudio.com,2026-07-12,21,3.2195282822995477,0.0,0,0.7,-6.801129032258065,low,0.5517,4,0.5882352941176471,True,NOERROR,4,14400,0,4,True,False,0,53831,US,False,Squarespace Domains LLC,3,731,True,21,False,False,,benign,no_adverse_signal
petoilgas.com,2026-07-12,13,3.169925001442312,0.0,0,0.8,-7.344973333333333,low,0.5556,2,1.0,False,NOERROR,0,,0,2,False,False,0,,,,CSL Computer Service Langenbach GmbH d/b/a joker.com,3,365,False,,,False,,benign,no_adverse_signal
sjdysk.wiki,2026-07-12,11,2.2516291673878226,0.0,0,0.0,-9.6123,low,0.5455,6,0.8333333333333334,True,NOERROR,1,1,0,2,False,True,0,40065,US,False,"NameSilo, LLC",3,365,True,0,False,False,,benign,no_adverse_signal
futacafe.com,2026-07-12,12,2.5,0.0,0,1.0,-7.09603076923077,low,0.5714,1,0.75,True,NOERROR,1,1800,5,2,True,False,0,22612,US,False,NAMECHEAP INC,3,365,True,0,False,False,False,benign,no_adverse_signal
tarjetamastercard.help,2026-07-12,22,2.939829017466402,0.0,0,0.5454545454545454,-6.514403225806452,low,0.5185,2,0.5294117647058824,True,NOERROR,1,300,0,2,False,False,0,132203,SG,False,Dynadot Inc,3,365,False,0,True,True,,malicious,spamhaus_zen
careloglog.com,2026-07-12,14,2.7219280948873625,0.0,0,0.6666666666666666,-6.255105882352941,low,0.5882,2,0.7,False,NOERROR,0,,0,4,False,False,0,,,,"Amazon Registrar, Inc.",3,365,True,,,False,,benign,no_adverse_signal
throughthestarline.com,2026-07-12,22,3.4193819456463714,0.0,0,0.5,-6.637890909090909,low,0.4828,4,0.6666666666666666,True,NOERROR,4,14400,0,4,True,False,0,53831,US,False,Squarespace Domains LLC,3,731,True,21,False,False,,benign,no_adverse_signal
maverickcreation.in,2026-07-12,19,3.375,0.0,0,0.7777777777777778,-6.419237931034483,low,0.5161,4,0.6875,True,NOERROR,1,600,2,2,True,False,0,13335,US,False,GoDaddy,3,365,False,0,False,False,False,benign,no_adverse_signal
falafelandfig.com,2026-07-12,17,2.8150724101159437,0.0,0,0.625,-7.016008695652174,low,0.5,3,0.6153846153846154,True,NOERROR,2,3600,0,2,False,False,0,16509,US,True,"GoDaddy.com, LLC",3,731,False,22,False,False,,benign,no_adverse_signal
pratikshachemicals.com,2026-07-12,22,3.4613201402110083,0.0,0,0.5,-6.630436363636363,low,0.4828,3,0.6666666666666666,True,NOERROR,2,10800,2,2,True,False,2,14618,US,True,DropCatch.com 424 LLC,3,365,True,0,False,False,False,benign,no_adverse_signal
meta-privacy-assistan.center,2026-07-12,28,3.4992275417233567,0.0,2,0.5833333333333334,-7.018920512820514,low,0.4667,2,0.6190476190476191,True,NOERROR,2,1800,0,2,False,False,0,16509,US,False,,,,,0,False,False,,benign,no_adverse_signal
thepepperpaws.com,2026-07-12,17,2.7192945256669794,0.0,0,0.4444444444444444,-7.0444956521739135,low,0.4762,2,0.6153846153846154,True,NOERROR,1,3600,0,2,False,False,0,13335,CA,True,"Spaceship, Inc.",3,365,False,0,False,False,,benign,no_adverse_signal
brentonia.shop,2026-07-12,14,2.94770277922009,0.0,0,0.8,-6.185253333333334,low,0.5714,2,0.8888888888888888,True,NOERROR,2,300,0,2,False,False,2,13335,US,False,,,,False,0,False,False,,benign,no_adverse_signal
luleaocr.se,2026-07-12,11,2.75,0.0,0,1.0,-7.72126923076923,low,0.6154,2,0.875,True,NOERROR,1,50,0,2,False,False,0,47583,CY,False,Registrar.eu,4,365,False,31,False,False,,benign,no_adverse_signal
tursem.online,2026-07-12,13,2.584962500721156,0.0,0,0.5,-6.752933333333334,medium,0.6667,2,1.0,True,NOERROR,2,300,0,2,False,False,2,13335,US,False,CV. Rumahweb Indonesia,3,365,False,0,False,False,,benign,no_adverse_signal
turgutlargaraj.de,2026-07-12,17,2.699513850319966,0.0,0,0.5555555555555556,-7.228696,low,0.48,2,0.5,True,NOERROR,5,30,0,2,False,False,8,24940,FI,True,,,,False,0,False,False,,benign,no_adverse_signal
liberaelpericardio.com,2026-07-12,22,3.155221528859512,0.0,0,1.0,-6.58319696969697,low,0.4286,2,0.5555555555555556,True,NOERROR,1,3600,0,2,False,False,0,8560,DE,True,"Arsys Internet, S.L. dba NICLINE.COM",3,365,True,0,False,False,,benign,no_adverse_signal
jrio.info,2026-07-12,9,2.0,0.0,0,1.0,-8.186119999999999,medium,0.6,2,1.0,True,NOERROR,1,360,5,2,True,False,0,396982,US,True,,,,,0,False,False,False,benign,no_adverse_signal
hotelswiss.ch,2026-07-12,13,2.8464393446710154,0.0,0,0.42857142857142855,-6.885405882352941,low,0.4706,3,0.8,False,SERVFAIL,0,,0,0,False,False,0,,,,,,,False,,,False,,benign,no_adverse_signal
vibeday.io,2026-07-12,10,2.807354922057604,0.0,0,0.75,-7.023572727272727,low,0.6154,1,1.0,True,NOERROR,2,600,0,2,False,False,0,16509,US,True,"GoDaddy.com, LLC",12,365,True,37,False,False,,benign,no_adverse_signal
goodthyme.ca,2026-07-12,12,2.94770277922009,0.0,0,0.5,-7.790066666666666,low,0.5556,5,0.8888888888888888,True,NOERROR,2,3600,0,2,False,False,0,16509,US,True,"Go Daddy Domains Canada, Inc",3,731,True,22,False,False,,benign,no_adverse_signal
fredagtacos.com,2026-07-12,15,3.277613436819116,0.0,0,0.5714285714285714,-7.043036842105264,low,0.5556,2,0.9090909090909091,True,NOERROR,2,600,0,2,False,False,0,16509,US,True,"GoDaddy.com, LLC",3,1096,False,37,False,False,,benign,no_adverse_signal
absolutejoker.com,2026-07-12,17,3.3927474104487847,0.0,0,0.8571428571428571,-7.3386000000000005,low,0.5,2,0.8461538461538461,True,NOERROR,2,2,2,4,True,False,0,16509,US,True,Porkbun LLC,3,1096,False,0,False,False,False,benign,no_adverse_signal
wumaqu.cc,2026-07-12,9,2.2516291673878226,0.0,0,1.0,-8.886566666666667,low,0.4615,1,0.8333333333333334,True,NOERROR,1,1,0,2,False,True,0,40065,US,False,"NameSilo, LLC",3,365,True,0,False,False,,benign,no_adverse_signal
arenaquestportal.site,2026-07-12,21,3.327819531114783,0.0,0,0.7777777777777778,-6.665351724137931,medium,0.5714,3,0.6875,True,NOERROR,2,300,0,2,False,False,0,16509,US,True,"Spaceship, Inc.",3,365,False,1,False,False,,benign,no_adverse_signal
simplemeshdev.quest,2026-07-12,19,3.0269868333592873,0.0,0,0.4444444444444444,-6.928504347826087,low,0.5217,3,0.6923076923076923,False,NOERROR,0,,0,2,False,False,0,,,,NAMECHEAP INC,3,365,True,,,False,,benign,no_adverse_signal
subdividedagi.xyz,2026-07-12,17,2.9689185639620974,0.0,0,0.8571428571428571,-7.280704347826087,high,0.4375,2,0.6923076923076923,True,NOERROR,2,3600,1,2,True,False,0,16509,US,True,"GMO Internet, Inc.",3,365,True,25,False,False,,benign,no_adverse_signal
onchainvibe.top,2026-07-12,15,3.0957952550009344,0.0,0,0.8333333333333334,-6.774221052631578,high,0.5556,3,0.8181818181818182,True,NOERROR,2,300,0,2,False,False,2,13335,US,False,Dynadot LLC,3,365,True,0,False,False,,benign,no_adverse_signal
deelightfully.ca,2026-07-12,16,3.180832987205441,0.0,0,0.4444444444444444,-7.316452173913044,low,0.48,4,0.7692307692307693,True,NOERROR,1,86400,0,4,False,False,1,13335,CA,True,Tucows.com Co.,4,365,True,0,False,False,,benign,no_adverse_signal
dozenllm.xyz,2026-07-12,12,2.75,0.0,0,0.3333333333333333,-8.131153846153847,high,0.6667,4,0.875,True,NOERROR,2,3600,1,2,True,False,0,16509,US,True,"GMO Internet, Inc.",3,365,True,25,False,False,,benign,no_adverse_signal
portalauditor.xyz,2026-07-12,17,3.0850551027564768,0.0,0,0.8571428571428571,-6.241378260869566,high,0.5455,2,0.6923076923076923,True,NOERROR,2,3600,1,2,True,False,0,16509,US,True,"GMO Internet, Inc.",3,365,True,25,False,False,,benign,no_adverse_signal
pleasanttrust.xyz,2026-07-12,17,3.0269868333592873,0.0,0,0.4444444444444444,-6.522065217391304,high,0.6667,4,0.6923076923076923,True,NOERROR,2,3600,1,2,True,False,0,16509,US,True,"GMO Internet, Inc.",3,365,True,25,False,False,,benign,no_adverse_signal
finalcoupon.com,2026-07-12,15,3.095795255000934,0.0,0,0.8333333333333334,-6.5687999999999995,low,0.5263,2,0.8181818181818182,True,NOERROR,2,60,2,2,True,False,2,47583,LT,True,"HOSTINGER operations, UAB",3,1096,False,0,False,,False,benign,no_adverse_signal
hellobighornweb.com,2026-07-12,19,3.2402239289418513,0.0,0,0.5,-6.939277777777778,low,0.4444,3,0.6666666666666666,False,NOERROR,0,,1,4,True,False,0,,,,"Spaceship, Inc.",3,365,False,,,False,False,benign,no_adverse_signal
finance97-fugiat72.sbs,2026-07-12,22,3.6143694458867563,0.18181818181818182,1,0.8571428571428571,-8.876039393939394,low,0.4167,2,0.7222222222222222,False,NOERROR,0,,0,2,False,False,0,,,,NAMECHEAP INC,3,365,False,,,False,,benign,no_adverse_signal
mailwanglins.web.id,2026-07-12,19,2.918295834054489,0.0,0,0.5,-6.64124761904762,low,0.5556,3,0.6666666666666666,False,NOERROR,0,,0,2,False,False,0,,,,,,,False,,,False,,benign,no_adverse_signal
dswsyi.top,2026-07-12,10,2.2516291673878226,0.0,0,0.2,-8.998366666666666,high,0.5,5,0.8333333333333334,False,NOERROR,0,,0,2,False,False,0,,,,"Todaynic.com, Inc.",3,365,True,,,True,,malicious,spamhaus_dbl
washthatcash.com,2026-07-12,16,2.4591479170272446,0.0,0,0.3333333333333333,-6.901404761904762,low,0.5556,4,0.5,True,NOERROR,1,86400,0,2,False,False,0,16509,US,True,"TUCOWS.COM, CO.",372,730,True,1,False,False,,benign,no_adverse_signal
expertselite.com,2026-07-12,16,2.751629167387823,0.0,0,0.7142857142857143,-6.4146,low,0.5714,3,0.6666666666666666,True,NOERROR,2,10800,0,2,True,False,2,14618,US,True,DropCatch.com 802 LLC,3,365,False,0,False,False,,benign,no_adverse_signal
aredanholding.com,2026-07-12,17,3.238901256602631,0.0,0,0.625,-6.5122,low,0.5714,2,0.7692307692307693,True,NOERROR,1,86400,0,2,False,False,0,16509,US,True,"TUCOWS.COM, CO.",1103,1461,True,1,False,False,,benign,no_adverse_signal
beste-iptv-nordic.com,2026-07-12,21,3.6168746059562227,0.0,2,0.5,-7.418667741935484,low,0.4828,3,0.7647058823529411,True,NOERROR,4,14400,0,2,False,False,0,54113,US,True,"HOSTINGER operations, UAB",3,365,False,37,False,False,,benign,no_adverse_signal
clasitop.com,2026-07-12,12,3.0,0.0,0,0.6,-6.300346153846154,low,0.6667,2,1.0,False,NOERROR,0,,3,2,True,False,0,,,,"Amazon Registrar, Inc.",3,365,True,,,False,False,benign,no_adverse_signal
maecicorca.blog,2026-07-12,15,2.6464393446710157,0.0,0,1.0,-7.1112882352941185,low,0.5333,2,0.7,True,NOERROR,2,300,0,2,False,False,2,13335,US,False,"Spaceship, Inc.",3,365,True,0,False,False,,benign,no_adverse_signal
formulauto.info,2026-07-12,15,2.9219280948873623,0.0,0,1.0,-6.874182352941176,medium,0.5333,2,0.8,True,NOERROR,1,3600,1,4,False,False,0,31034,IT,True,,,,,0,False,False,False,benign,no_adverse_signal
anotherroundhtx.co,2026-07-12,18,3.2402239289418517,0.0,0,0.5,-7.2123888888888885,low,0.4615,5,0.6666666666666666,True,NOERROR,3,3600,1,2,False,False,0,58182,US,True,Tucows Domains Inc.,4,365,False,18,False,False,False,benign,no_adverse_signal
manifestationontap.com,2026-07-12,22,3.155221528859512,0.0,0,0.8,-6.180651515151515,low,0.5517,2,0.5555555555555556,True,NOERROR,2,600,0,2,False,False,0,16509,US,True,"GoDaddy.com, LLC",3,365,False,37,False,False,,benign,no_adverse_signal
daikonauto.xyz,2026-07-12,14,2.9219280948873623,0.0,0,1.5,-6.904982352941176,high,0.6087,1,0.8,True,NOERROR,2,3600,1,2,True,False,0,16509,US,True,"GMO Internet, Inc.",4,365,True,25,False,False,,benign,no_adverse_signal
mainthermo.xyz,2026-07-12,14,3.121928094887362,0.0,0,0.6666666666666666,-6.219541176470589,high,0.6087,3,0.9,True,NOERROR,2,3600,1,2,True,False,0,16509,US,True,"GMO Internet, Inc.",3,365,True,25,False,False,,benign,no_adverse_signal
flex-jet.com,2026-07-12,12,2.75,0.0,1,0.4,-8.494046153846154,low,0.5333,2,0.875,True,NOERROR,1,60,0,2,True,False,0,14618,US,True,"Gransy, s.r.o.",3,365,False,0,False,False,,benign,no_adverse_signal
blogduit.com,2026-07-12,12,3.0,0.0,0,0.6,-7.5390461538461535,low,0.625,2,1.0,True,NOERROR,1,600,0,2,False,False,0,55933,GB,False,"GMO Internet, Inc.",3,365,True,0,True,True,,malicious,spamhaus_zen
acqformationdelaconstruction.com,2026-07-12,32,3.6995138503199656,0.0,0,0.6470588235294118,-6.751696226415095,low,0.5366,4,0.5357142857142857,True,NOERROR,2,600,0,2,False,False,0,16509,US,True,"GoDaddy.com, LLC",3,1096,False,37,False,False,,benign,no_adverse_signal
cross-method.com,2026-07-12,16,3.2516291673878226,0.0,1,0.375,-7.0829523809523804,low,0.5455,2,0.8333333333333334,False,NOERROR,0,,3,2,True,False,0,,,,"Amazon Registrar, Inc.",3,365,True,,,False,False,benign,no_adverse_signal
aqdf267.com,2026-07-12,11,2.807354922057604,0.2727272727272727,0,0.3333333333333333,-11.738218181818183,low,0.4,3,1.0,False,timeout,0,,0,0,False,False,0,,,,Xin Net Technology Corporation,373,730,True,,,False,,benign,no_adverse_signal
kikihahn.com,2026-07-12,12,2.25,0.0,0,0.6,-8.206346153846154,low,0.4706,2,0.625,True,NOERROR,1,7200,1,2,True,False,0,34788,DE,True,RegistryGate GmbH,3,365,True,0,False,False,False,benign,no_adverse_signal
seobytayyabaaijaz.com,2026-07-12,21,3.0071964896856174,0.0,0,0.8888888888888888,-8.269045161290322,low,0.4138,3,0.5882352941176471,True,NOERROR,2,60,0,2,False,False,2,47583,CY,False,"HOSTINGER operations, UAB",3,365,False,0,False,False,,benign,no_adverse_signal
skyshappyhanger.com,2026-07-12,19,3.2402239289418513,0.0,0,0.25,-7.2063296296296295,low,0.5217,5,0.6666666666666666,True,NOERROR,1,14400,5,4,False,False,0,27647,US,True,"Register.com, Inc.",3,365,True,0,False,False,False,benign,no_adverse_signal
perukirjalaskuri.fi,2026-07-12,19,3.202819531114783,0.0,0,0.7777777777777778,-7.511758620689656,low,0.4667,2,0.625,True,NOERROR,1,3600,0,3,False,False,0,24940,FI,True,Domainkeskus Oy,5,365,False,0,False,False,,benign,no_adverse_signal
pojay.com,2026-07-12,9,2.321928094887362,0.0,0,0.6666666666666666,-8.349357142857142,low,0.5455,1,1.0,True,NOERROR,2,10800,2,2,True,False,2,14618,US,True,DropCatch.com 1198 LLC,3,365,False,0,False,False,False,benign,no_adverse_signal
futuroseguro.life,2026-07-12,17,2.8553885422075336,0.0,0,1.0,-7.027933333333333,low,0.48,1,0.6666666666666666,True,NOERROR,2,60,0,2,False,False,2,47583,CY,False,,,,False,0,False,False,,benign,no_adverse_signal
plazainformativa.info,2026-07-12,21,3.375,0.0,0,0.7777777777777778,-6.6357965517241375,medium,0.5,2,0.75,True,NOERROR,2,300,0,2,False,False,2,13335,US,False,,,,,0,False,False,,benign,no_adverse_signal
voteyesforthcbeverages.org,2026-07-12,26,3.477175233435623,0.0,0,0.5714285714285714,-7.304382926829268,low,0.4706,5,0.5909090909090909,True,NOERROR,3,300,0,2,False,False,3,13335,US,False,Moniker Online Services LLC,3,365,True,0,False,False,,benign,no_adverse_signal
jddenver.org,2026-07-12,12,2.5,0.0,0,0.3333333333333333,-7.3627153846153846,low,0.625,3,0.75,True,NOERROR,2,600,0,2,False,False,0,16509,US,True,"GoDaddy.com, LLC",3,1826,False,37,False,False,,benign,no_adverse_signal
modalitywatch.xyz,2026-07-12,17,3.3927474104487847,0.0,0,0.4444444444444444,-6.876373913043478,high,0.5217,3,0.8461538461538461,True,NOERROR,2,3600,1,2,True,False,0,16509,US,True,"GMO Internet, Inc.",3,365,True,25,False,False,,benign,no_adverse_signal
roomsdeals.xyz,2026-07-12,14,2.9219280948873623,0.0,0,0.6666666666666666,-6.955170588235294,high,0.6316,3,0.8,True,NOERROR,2,300,0,2,False,False,0,16509,US,True,"Spaceship, Inc.",3,365,False,1,False,False,,benign,no_adverse_signal
woodlands.academy,2026-07-12,17,2.725480556997868,0.0,0,0.5,-6.90362,low,0.6667,3,0.7777777777777778,True,NOERROR,1,600,2,2,True,False,0,16509,US,False,,,,,0,False,False,False,benign,no_adverse_signal
casinoidx.buzz,2026-07-12,14,2.94770277922009,0.0,0,0.8,-6.92464,high,0.625,2,0.8888888888888888,True,NOERROR,2,300,0,2,False,False,2,13335,US,False,"Spaceship, Inc.",3,365,False,0,False,False,,benign,no_adverse_signal
getswimply.com,2026-07-12,14,3.321928094887362,0.0,0,0.25,-7.2347117647058825,low,0.5714,4,1.0,True,NOERROR,2,300,5,2,True,False,2,13335,US,False,PDR Ltd. d/b/a PublicDomainRegistry.com,3,365,True,0,False,False,False,benign,no_adverse_signal
vbj53s.online,2026-07-12,13,2.584962500721156,0.15384615384615385,0,0.0,-12.532622222222223,medium,0.4,3,1.0,False,NXDOMAIN,0,,0,0,False,False,0,,,,"HOSTINGER operations, UAB",3,365,False,,,False,,benign,no_adverse_signal
deepclubai.xyz,2026-07-12,14,3.121928094887362,0.0,0,1.0,-7.360511764705882,high,0.5556,3,0.9,True,NOERROR,2,3600,1,2,True,False,0,16509,US,True,"GMO Internet, Inc.",4,365,True,25,False,False,,benign,no_adverse_signal
fhiqesuk.shop,2026-07-12,13,3.0,0.0,0,0.6,-9.156892307692308,low,0.4615,2,1.0,True,NOERROR,1,1800,0,2,False,False,0,396073,US,True,,,,False,0,False,False,,benign,no_adverse_signal
lightpathsolutionsllc.com,2026-07-12,25,3.403989446485262,0.0,0,0.4,-7.14968717948718,low,0.439,5,0.5714285714285714,True,NOERROR,4,14400,0,4,True,False,0,53831,US,False,Squarespace Domains LLC,3,1096,True,21,False,False,,benign,no_adverse_signal
arrahma-ecole.fr,2026-07-12,16,3.0269868333592873,0.0,1,1.0,-7.506421739130434,low,0.5263,2,0.6923076923076923,True,NOERROR,1,14400,1,2,True,False,0,50474,FR,True,SCALEWAY,2,364,False,0,False,False,False,benign,no_adverse_signal
bleelab.com,2026-07-12,11,1.950212064914747,0.0,0,0.75,-6.578845454545455,low,0.5333,2,0.5714285714285714,True,NOERROR,1,14399,1,2,True,False,0,47846,DE,False,"Gransy, s.r.o.",3,365,False,23,False,False,,benign,no_adverse_signal
casino83vr.buzz,2026-07-12,15,3.321928094887362,0.13333333333333333,0,0.6,-8.967064705882352,high,0.5333,2,1.0,True,NOERROR,1,14400,1,2,True,False,0,48282,RU,True,NAMECHEAP INC,3,365,True,0,False,False,False,benign,no_adverse_signal
277bet1.com,2026-07-12,11,2.5216406363433186,0.36363636363636365,0,0.5,-9.079718181818182,low,0.4,1,0.8571428571428571,True,NOERROR,2,300,0,2,False,False,2,13335,US,False,Dynadot Inc,3,365,False,0,False,False,,benign,no_adverse_signal
masonconcrete.net,2026-07-12,17,3.085055102756477,0.0,0,0.625,-6.436956521739131,low,0.5714,3,0.6923076923076923,True,NOERROR,2,300,0,2,False,False,2,13335,US,False,Dynadot Inc,4,365,False,0,False,False,,benign,no_adverse_signal
genhalal.id,2026-07-12,11,2.5,0.0,0,0.6,-6.7406461538461535,low,0.5,2,0.75,True,NOERROR,1,14400,1,4,True,False,0,58487,ID,True,,,,False,0,False,False,False,benign,no_adverse_signal
varsitypartnersco.com,2026-07-12,21,3.4548223999466066,0.0,0,0.4166666666666667,-6.642516129032258,low,0.4667,3,0.7058823529411765,True,NOERROR,2,300,1,2,True,False,2,13335,US,False,Dominet (HK) Limited,3,365,False,0,False,False,False,benign,no_adverse_signal
thoughtpartnersllc.com,2026-07-12,22,3.5724312513221195,0.0,0,0.2857142857142857,-7.259284848484849,low,0.48,5,0.7222222222222222,True,NOERROR,4,14400,1,4,True,False,0,53831,US,False,Squarespace Domains II LLC,3,365,True,21,False,False,False,benign,no_adverse_signal
hodlfaites.xyz,2026-07-12,14,3.321928094887362,0.0,0,0.6666666666666666,-7.449205882352941,high,0.5,3,1.0,True,NOERROR,2,3600,1,2,True,False,0,16509,US,True,"GMO Internet, Inc.",3,365,True,25,False,False,,benign,no_adverse_signal
diosadelarosa.com,2026-07-12,17,2.873140679513133,0.0,0,1.1666666666666667,-6.547391304347826,low,0.5833,1,0.6153846153846154,True,NOERROR,2,600,0,2,False,False,0,16509,US,True,"GoDaddy.com, LLC",3,365,False,37,False,False,,benign,no_adverse_signal
yfh7b.lol,2026-07-12,9,2.321928094887362,0.1111111111111111,0,0.0,-11.805771428571429,low,0.4444,3,1.0,True,NOERROR,2,300,0,2,False,False,2,13335,US,False,Dynadot Inc,3,365,False,0,False,False,,benign,no_adverse_signal
kingston12ganja.ca,2026-07-12,18,3.323231428797621,0.1111111111111111,0,0.4444444444444444,-7.650514814814814,low,0.5,4,0.7333333333333333,True,NOERROR,1,86400,0,4,False,False,1,13335,CA,True,Tucows.com Co.,3,365,True,0,False,False,,benign,no_adverse_signal
peace-vibes.com,2026-07-12,15,3.027169118440619,0.0,1,1.0,-7.306336842105264,low,0.5,1,0.8181818181818182,True,NOERROR,4,14400,1,4,True,False,0,53831,US,False,Squarespace Domains II LLC,3,365,True,21,False,False,False,benign,no_adverse_signal
ptrzus.vip,2026-07-12,10,2.584962500721156,0.0,0,0.2,-9.079544444444444,low,0.5333,4,1.0,True,NOERROR,2,300,0,2,False,False,2,13335,US,False,NAMECHEAP INC,3,365,True,0,False,False,,benign,no_adverse_signal
heraranealen.com,2026-07-12,16,2.4591479170272446,0.0,0,1.0,-6.001742857142856,low,0.5217,1,0.5,True,NOERROR,2,300,0,2,False,False,0,16509,US,True,"Spaceship, Inc.",3,365,False,1,False,False,,benign,no_adverse_signal
ironroute.uk,2026-07-12,12,2.725480556997868,0.0,0,1.25,-6.837226666666667,low,0.5714,2,0.7777777777777778,True,NOERROR,1,300,0,2,False,False,0,906,US,True,"Cloudflare, Inc. [Tag = CLOUDFLARE]",5,365,False,0,False,False,,benign,no_adverse_signal
mainnetpod.xyz,2026-07-12,14,3.121928094887362,0.0,0,0.6666666666666666,-6.570782352941176,high,0.6087,2,0.9,True,NOERROR,2,3600,1,2,True,False,0,16509,US,True,"GMO Internet, Inc.",3,365,True,25,False,False,,benign,no_adverse_signal
acaisecurities.com,2026-07-12,18,2.8962915290459286,0.0,0,1.3333333333333333,-6.570768,low,0.5185,1,0.5714285714285714,True,NOERROR,5,21600,0,0,False,False,0,135377,HK,False,"22net, Inc.",3,365,False,0,True,False,,malicious,spamhaus_zen
garagedoormath.com,2026-07-12,18,3.039148671903071,0.0,0,0.75,-6.557364,low,0.5185,2,0.6428571428571429,True,NOERROR,2,300,0,2,False,False,2,13335,US,False,"Cloudflare, Inc.",3,365,True,0,False,False,,benign,no_adverse_signal
vibecode.how,2026-07-12,12,2.75,0.0,0,1.0,-6.806692307692307,low,0.6154,1,0.875,True,NOERROR,2,300,0,2,False,False,2,13335,US,False,,,,,0,False,False,,benign,no_adverse_signal
followthemoneyatx.com,2026-07-12,21,3.454822399946607,0.0,0,0.5454545454545454,-7.270416129032259,low,0.4242,3,0.7058823529411765,True,NOERROR,1,1800,0,4,True,False,0,16509,US,False,Squarespace Domains LLC,3,365,True,0,False,False,,benign,no_adverse_signal
liftmytrade.com,2026-07-12,15,3.277613436819116,0.0,0,0.375,-7.1821789473684206,low,0.5455,6,0.9090909090909091,True,NOERROR,1,1800,5,2,True,False,0,22612,US,False,NAMECHEAP INC,3,365,True,0,False,False,False,benign,no_adverse_signal
annualfiling-infra.com,2026-07-12,22,2.974937501201927,0.0,1,0.7,-7.103221212121212,low,0.4286,3,0.5,False,NOERROR,0,,1,4,True,False,0,,,,"Amazon Registrar, Inc.",3,365,True,,,False,False,benign,no_adverse_signal
paymaplab.xyz,2026-07-12,13,2.4193819456463714,0.0,0,0.5,-6.7965,high,0.6667,2,0.6666666666666666,True,NOERROR,2,3600,1,2,True,False,0,16509,US,True,"GMO Internet, Inc.",3,365,True,25,False,False,,benign,no_adverse_signal
anascreates.com,2026-07-12,15,2.663532754804255,0.0,0,0.8333333333333334,-6.221668421052632,low,0.5556,3,0.6363636363636364,True,NOERROR,2,60,2,2,True,False,2,47583,LT,False,"HOSTINGER operations, UAB",3,365,False,0,False,False,False,benign,no_adverse_signal
gerstdreef89.nl,2026-07-12,15,3.0220552088742,0.13333333333333333,0,0.42857142857142855,-8.081166666666666,low,0.4762,5,0.75,True,NOERROR,1,1800,0,3,False,False,1,20857,NL,True,team.blue nl B.V.,5,,False,0,False,False,,benign,no_adverse_signal
tecnopoinths.com,2026-07-12,16,3.0849625007211556,0.0,0,0.5,-7.017504761904762,low,0.6364,4,0.75,True,NOERROR,2,60,2,2,True,False,2,47583,CY,False,"HOSTINGER operations, UAB",3,365,False,0,False,False,False,benign,no_adverse_signal
1792543.xyz,2026-07-12,11,2.807354922057604,0.6363636363636364,0,0.0,-11.159136363636364,high,0.4,0,1.0,True,NOERROR,1,120,0,2,False,False,0,133199,HK,False,"Spaceship, Inc.",4,365,False,0,False,False,,benign,no_adverse_signal
controlverify.xyz,2026-07-12,17,3.3927474104487847,0.0,0,0.4444444444444444,-6.627382608695652,high,0.64,3,0.8461538461538461,True,NOERROR,2,3600,1,2,True,False,0,16509,US,True,"GMO Internet, Inc.",3,365,True,25,False,,,benign,no_adverse_signal
consentsettle.xyz,2026-07-12,17,2.6612262562697895,0.0,0,0.4444444444444444,-6.390447826086956,high,0.5,3,0.5384615384615384,True,NOERROR,2,3600,1,2,True,False,0,16509,US,True,"GMO Internet, Inc.",3,365,True,25,False,False,,benign,no_adverse_signal
mintsentience.xyz,2026-07-12,17,2.6612262562697895,0.0,0,0.625,-6.176813043478261,high,0.48,3,0.5384615384615384,True,NOERROR,2,3600,1,2,True,False,0,16509,US,True,"GMO Internet, Inc.",3,365,True,25,False,False,,benign,no_adverse_signal
qceom.com,2026-07-12,9,2.321928094887362,0.0,0,0.6666666666666666,-9.074142857142856,low,0.5455,2,1.0,True,NOERROR,1,10800,0,2,False,False,0,26496,SG,True,"GoDaddy.com, LLC",3,365,False,0,False,False,,benign,no_adverse_signal
mealprepai.net,2026-07-12,14,2.721928094887362,0.0,0,1.0,-6.777323529411765,low,0.5,3,0.7,True,NOERROR,2,300,0,2,False,False,2,13335,US,False,"Cloudflare, Inc.",3,365,True,0,False,False,,benign,no_adverse_signal
vectorgridinstantlyhub.com,2026-07-12,26,3.9705730958116834,0.0,0,0.375,-6.84069512195122,low,0.4828,5,0.7727272727272727,True,NOERROR,2,300,5,2,True,False,2,13335,US,False,PDR Ltd. d/b/a PublicDomainRegistry.com,3,365,True,0,False,False,False,benign,no_adverse_signal
meetharborworks.com,2026-07-12,19,3.323231428797621,0.0,0,0.5,-6.97671111111111,low,0.5,3,0.7333333333333333,False,NOERROR,0,,1,2,True,False,0,,,,"Cloudflare, Inc.",3,365,True,,,False,False,benign,no_adverse_signal
amlfilescanner.xyz,2026-07-12,18,3.2359263506290334,0.0,0,0.5555555555555556,-6.889968,high,0.5714,3,0.7142857142857143,True,NOERROR,2,3600,1,2,True,False,0,16509,US,True,"GMO Internet, Inc.",3,365,True,25,False,False,,benign,no_adverse_signal
emailprovider.org,2026-07-12,17,3.238901256602631,0.0,0,0.8571428571428571,-6.536186956521739,low,0.5833,3,0.7692307692307693,True,NOERROR,3,3600,1,2,True,False,0,63949,US,True,"NameSilo, LLC",367,730,False,0,False,False,True,benign,no_adverse_signal
flash24h.org,2026-07-12,12,2.75,0.16666666666666666,0,0.2,-8.053223076923077,low,0.5,2,0.875,True,NOERROR,2,300,0,2,False,False,2,13335,US,False,Dynadot Inc,3,365,False,0,False,False,,benign,no_adverse_signal
virginiabrokerofrecord.com,2026-07-12,26,3.408549096875308,0.0,0,0.6923076923076923,-6.821202439024391,low,0.4138,2,0.5909090909090909,False,NOERROR,0,,0,2,False,False,0,,,,"Cloudflare, Inc.",3,365,True,,,False,,benign,no_adverse_signal
vios4dw.com,2026-07-12,11,2.807354922057604,0.09090909090909091,0,0.5,-8.907572727272727,low,0.5,2,1.0,True,NOERROR,2,300,0,2,False,False,2,13335,US,False,Dominet (HK) Limited,3,365,False,0,False,False,,benign,no_adverse_signal
toolbomengine.xyz,2026-07-12,17,3.0269868333592873,0.0,0,0.8571428571428571,-6.645534782608695,high,0.5714,2,0.6923076923076923,True,NOERROR,2,3600,1,2,True,False,0,16509,US,True,"GMO Internet, Inc.",3,365,True,25,False,False,,benign,no_adverse_signal
stationaryagi.xyz,2026-07-12,17,3.0269868333592873,0.0,0,0.8571428571428571,-6.419817391304348,high,0.5833,2,0.6923076923076923,True,NOERROR,2,3600,1,2,True,False,0,16509,US,True,"GMO Internet, Inc.",3,365,True,25,False,False,,benign,no_adverse_signal
dronesmail.xyz,2026-07-12,14,3.321928094887362,0.0,0,0.6666666666666666,-6.334041176470588,high,0.5714,2,1.0,True,NOERROR,2,3600,1,2,True,False,0,16509,US,True,"GMO Internet, Inc.",4,365,True,25,False,False,,benign,no_adverse_signal
pechurina.com,2026-07-12,13,3.169925001442312,0.0,0,0.8,-6.582493333333333,low,0.625,2,1.0,True,NOERROR,2,600,0,2,False,False,0,16509,US,True,"GoDaddy.com, LLC",3,365,False,37,False,False,,benign,no_adverse_signal
zephvanalisexchange.click,2026-07-12,25,3.5368867237421666,0.0,0,0.5833333333333334,-7.005634285714286,medium,0.4878,3,0.6842105263157895,True,NOERROR,3,3603,0,3,False,False,0,63949,US,True,"NameSilo, LLC",3,365,True,0,False,False,,benign,no_adverse_signal
greeneraev.com,2026-07-12,14,2.321928094887362,0.0,0,1.0,-6.704882352941176,low,0.5333,2,0.6,False,NOERROR,0,,0,2,False,False,0,,,,"Cloudflare, Inc.",3,365,True,,,False,,benign,no_adverse_signal
mvpwashinghomes.com,2026-07-12,19,3.5068905956085183,0.0,0,0.36363636363636365,-7.297051851851852,low,0.6207,4,0.8,True,NOERROR,4,14400,1,4,True,False,0,53831,US,False,Squarespace Domains II LLC,3,365,True,21,False,False,False,benign,no_adverse_signal
meleniacaps.com,2026-07-12,15,3.0957952550009344,0.0,0,0.8333333333333334,-6.6249789473684215,low,0.5,2,0.8181818181818182,True,NOERROR,1,3600,2,2,True,False,0,13335,CA,True,"GoDaddy.com, LLC",3,365,False,0,False,False,False,benign,no_adverse_signal
generalhq.org,2026-07-12,13,2.94770277922009,0.0,0,0.5,-6.941973333333333,low,0.5333,3,0.8888888888888888,False,NOERROR,0,,0,2,False,False,0,,,,NAMECHEAP INC,3,365,True,,,False,,benign,no_adverse_signal
proofopslimit.xyz,2026-07-12,17,3.0269868333592873,0.0,0,0.625,-7.253630434782608,high,0.5,3,0.6923076923076923,True,NOERROR,2,3600,1,2,True,False,0,16509,US,True,"GMO Internet, Inc.",3,365,True,25,False,False,,benign,no_adverse_signal
maisonabraham.art,2026-07-12,17,2.9312089489103235,0.0,0,0.8571428571428571,-6.76638695652174,low,0.5217,2,0.6923076923076923,True,NOERROR,1,14400,1,4,True,False,0,13335,CA,True,Squarespace Domains II LLC,3,365,True,0,False,False,False,benign,no_adverse_signal
rozumnacesta.online,2026-07-12,19,3.4182958340544896,0.0,0,0.7142857142857143,-7.385323809523809,medium,0.5263,2,0.9166666666666666,True,NOERROR,1,300,0,2,True,False,0,44803,DK,False,NAMECHEAP INC,3,365,True,0,False,False,,benign,no_adverse_signal
upscaleproptrading.ru,2026-07-12,21,3.6835423624332306,0.0,0,0.5,-6.5848545454545455,low,0.5,3,0.7777777777777778,True,NOERROR,1,600,2,4,True,False,0,9123,RU,False,TIMEWEB-RU,4,365,False,0,True,False,False,malicious,spamhaus_zen
markromanbooks-info.com,2026-07-12,23,3.300559092390953,0.0,1,0.6363636363636364,-7.049651428571428,low,0.4615,3,0.5789473684210527,True,NOERROR,1,7200,0,2,False,False,0,31898,US,False,"Network Solutions, LLC",3,1096,True,0,False,False,,benign,no_adverse_signal
mainnetpfp.xyz,2026-07-12,14,2.9219280948873623,0.0,0,0.42857142857142855,-7.520017647058824,high,0.5714,4,0.8,True,NOERROR,2,3600,1,2,True,False,0,16509,US,True,"GMO Internet, Inc.",3,365,True,25,False,False,,benign,no_adverse_signal
buvcv8.lol,2026-07-12,10,2.2516291673878226,0.1,0,0.25,-10.948022222222223,low,0.4444,3,0.8333333333333334,True,NOERROR,2,300,0,2,False,False,2,13335,US,False,Dynadot Inc,3,365,False,0,False,False,,benign,no_adverse_signal
llumendins.com,2026-07-12,14,2.9219280948873623,0.0,0,0.42857142857142855,-6.519358823529411,low,0.5882,2,0.8,True,NOERROR,1,300,0,4,False,False,0,42612,ES,True,Dinahosting s.l.,3,365,True,0,False,False,,benign,no_adverse_signal
calzo.pro,2026-07-12,9,2.321928094887362,0.0,0,0.6666666666666666,-7.728585714285714,low,0.6667,2,1.0,True,NOERROR,2,300,0,2,False,False,2,13335,US,False,,,,,0,False,False,,benign,no_adverse_signal
scalebrooklynsolutions.com,2026-07-12,26,3.572623663895163,0.0,0,0.5714285714285714,-6.897780487804878,low,0.5714,5,0.6363636363636364,True,NOERROR,2,300,0,2,False,False,0,16509,US,True,"Spaceship, Inc.",3,365,False,1,False,False,,benign,no_adverse_signal
steadystreampartner.com,2026-07-12,23,3.14163540772496,0.0,0,0.46153846153846156,-6.471151428571428,low,0.4848,5,0.5263157894736842,True,NOERROR,2,26,2,4,True,False,0,16509,US,True,Porkbun LLC,3,365,False,0,False,False,False,benign,no_adverse_signal
peakpresences.com,2026-07-12,17,2.7773627950641693,0.0,0,0.625,-6.755604347826086,low,0.5385,3,0.6153846153846154,True,NOERROR,1,300,0,2,False,False,0,13335,US,False,"Cloudflare, Inc.",3,365,True,0,False,False,,benign,no_adverse_signal
nextstepcarreiras.com.br,2026-07-12,24,3.175123135113461,0.0,0,0.5454545454545454,-6.9900806451612905,low,0.5294,4,0.5882352941176471,True,NOERROR,2,120,0,4,False,False,0,16509,DE,True,,4,731,False,16,False,False,,benign,no_adverse_signal
yarockyarock.com,2026-07-12,16,2.584962500721156,0.0,0,0.5,-7.0837666666666665,low,0.4762,3,0.5,True,NOERROR,1,3600,1,2,True,False,0,209242,US,True,"GoDaddy.com, LLC",3,1096,False,0,False,False,False,benign,no_adverse_signal
indocai.org,2026-07-12,11,2.5216406363433186,0.0,0,1.3333333333333333,-6.445981818181818,low,0.6154,2,0.8571428571428571,True,NOERROR,2,300,0,2,False,False,2,13335,US,False,NAMECHEAP INC,3,365,True,0,False,False,,benign,no_adverse_signal
sarveshaaipl.com,2026-07-12,16,3.0220552088742,0.0,0,0.7142857142857143,-7.092080952380952,low,0.4545,2,0.75,True,NOERROR,1,600,1,4,True,False,0,16276,IN,True,"GoDaddy.com, LLC",3,365,False,0,False,False,False,benign,no_adverse_signal
v1-drops.com,2026-07-12,12,3.0,0.08333333333333333,1,0.2,-8.725407692307693,low,0.5333,2,1.0,False,NOERROR,0,,0,2,False,False,0,,,,"Cloudflare, Inc.",3,365,True,,,False,,benign,no_adverse_signal
novosuite.dev,2026-07-12,13,2.94770277922009,0.0,0,1.25,-7.169713333333333,low,0.5556,1,0.8888888888888888,True,NOERROR,1,600,0,4,False,False,0,24940,DE,True,,,,False,0,False,False,,benign,no_adverse_signal
bondsterminal.xyz,2026-07-12,17,3.5465935642949384,0.0,0,0.4444444444444444,-6.280339130434783,high,0.5,4,0.9230769230769231,True,NOERROR,2,3600,1,2,True,False,0,16509,US,True,"GMO Internet, Inc.",3,365,True,25,False,False,,benign,no_adverse_signal
slimme-huizen.com,2026-07-12,17,3.238901256602631,0.0,1,0.7142857142857143,-7.613139130434783,low,0.5217,2,0.7692307692307693,False,NOERROR,0,,0,2,False,False,0,,,,"Cloudflare, Inc.",3,365,True,,,False,,benign,no_adverse_signal
drunkenpalm.com,2026-07-12,15,3.277613436819116,0.0,0,0.375,-7.272873684210526,low,0.5,2,0.9090909090909091,True,NOERROR,2,600,0,2,False,False,0,16509,US,True,"GoDaddy.com, LLC",3,365,False,37,False,False,,benign,no_adverse_signal
cisuthresholds.click,2026-07-12,20,3.3248629576173574,0.0,0,0.4,-7.078112,medium,0.5,3,0.7857142857142857,False,NOERROR,0,,0,2,False,False,0,,,,Porkbun LLC,3,365,False,,,False,,benign,no_adverse_signal
furnteamboxhub.com,2026-07-12,18,3.521640636343319,0.0,0,0.5555555555555556,-7.3958960000000005,low,0.4762,3,0.8571428571428571,False,NXDOMAIN,0,,0,0,False,False,0,,,,"Spaceship, Inc.",3,365,False,,,False,,benign,no_adverse_signal
wyiin.com,2026-07-12,9,1.9219280948873623,0.0,0,0.6666666666666666,-9.4123,low,0.5,2,0.8,True,NOERROR,2,300,0,2,False,False,2,13335,US,False,"HOSTINGER operations, UAB",3,365,False,0,False,False,,benign,no_adverse_signal
xiiiacademy.fr,2026-07-12,14,2.845350936622437,0.0,0,1.2,-7.641752631578947,low,0.4444,2,0.7272727272727273,False,SERVFAIL,0,,0,0,False,False,0,,,,SCALEWAY,2,364,False,,,False,,benign,no_adverse_signal
simolapublishing.com,2026-07-12,20,3.452819531114783,0.0,0,0.6,-6.653244827586207,low,0.4615,2,0.75,False,timeout,0,,0,0,False,False,0,,,,"TUCOWS.COM, CO.",3,365,True,,,False,,benign,no_adverse_signal
woundllm.xyz,2026-07-12,12,2.75,0.0,0,0.3333333333333333,-7.781192307692308,high,0.5556,5,0.875,True,NOERROR,2,3600,1,2,True,False,0,16509,US,True,"GMO Internet, Inc.",3,365,True,25,False,False,,benign,no_adverse_signal
ingvarik-web.ru,2026-07-12,15,3.418295834054489,0.0,1,0.5714285714285714,-7.663038095238095,low,0.5217,3,0.9166666666666666,True,NOERROR,1,3600,2,2,True,False,1,197695,RU,True,REGRU-RU,4,365,False,0,False,False,False,benign,no_adverse_signal
ieq34q.garden,2026-07-12,13,2.2516291673878226,0.15384615384615385,0,1.0,-11.689344444444444,low,0.4,1,0.8333333333333334,True,NOERROR,5,30,0,2,False,False,0,138415,HK,False,Dynadot Inc,3,365,True,0,False,False,,benign,no_adverse_signal
kris.giving,2026-07-12,11,2.0,0.0,0,0.3333333333333333,-7.046200000000001,low,0.5714,2,1.0,True,NOERROR,1,600,0,4,False,False,0,61157,DE,False,Porkbun LLC,3,365,False,0,False,False,,benign,no_adverse_signal
token-fund.ch,2026-07-12,13,3.121928094887362,0.0,1,0.5,-7.370223529411765,low,0.5455,2,0.9,False,NXDOMAIN,0,,0,0,False,False,0,,,,,,,False,,,False,,benign,no_adverse_signal
gansnfngngmjgnvvmmv.site,2026-07-12,24,2.715326698771809,0.0,0,0.05555555555555555,-9.693620000000001,medium,0.3077,17,0.42105263157894735,False,NXDOMAIN,0,,0,0,False,False,0,,,,NAMECHEAP INC,3,365,True,,,True,,malicious,spamhaus_dbl
dilanonline.com,2026-07-12,15,2.663532754804255,0.0,0,0.8333333333333334,-6.174173684210527,low,0.7273,2,0.6363636363636364,False,NOERROR,0,,3,2,True,False,0,,,,"Amazon Registrar, Inc.",3,365,True,,,False,False,benign,no_adverse_signal
capinemarflow.com,2026-07-12,17,3.5465935642949384,0.0,0,0.625,-6.602195652173913,low,0.5385,3,0.9230769230769231,False,NOERROR,0,,0,3,False,False,0,,,,NAMECHEAP INC,3,365,True,,,False,,benign,no_adverse_signal
cipit88hdxjp.site,2026-07-12,17,3.0849625007211556,0.11764705882352941,0,0.25,-9.987619047619049,medium,0.4,5,0.75,True,NOERROR,2,300,0,2,False,False,2,13335,US,False,NAMECHEAP INC,3,365,True,0,False,False,,benign,no_adverse_signal
anhhanh54.top,2026-07-12,13,2.197159723424149,0.15384615384615385,0,0.4,-8.998966666666666,high,0.4444,3,0.5555555555555556,True,NOERROR,2,23,0,4,False,False,0,16509,US,True,Porkbun LLC,4,365,False,1,False,False,,benign,no_adverse_signal
melademia.org,2026-07-12,13,2.5032583347756456,0.0,0,1.25,-6.6016,low,0.7143,1,0.6666666666666666,True,NOERROR,2,600,5,2,True,False,0,16509,US,True,"GoDaddy.com, LLC",3,365,False,37,False,False,False,benign,no_adverse_signal
garillm.xyz,2026-07-12,11,2.521640636343318,0.0,0,0.4,-6.783345454545454,high,0.6667,3,0.8571428571428571,True,NOERROR,2,3600,1,2,True,False,0,16509,US,True,"GMO Internet, Inc.",4,365,True,25,False,False,,benign,no_adverse_signal
llmbrook.xyz,2026-07-12,12,2.5,0.0,0,0.3333333333333333,-7.481292307692308,high,0.5333,5,0.75,True,NOERROR,2,3600,1,2,True,False,0,16509,US,True,"GMO Internet, Inc.",3,365,True,25,False,False,,benign,no_adverse_signal
somosmark.com,2026-07-12,13,2.5032583347756456,0.0,0,0.5,-6.637106666666667,low,0.5,2,0.6666666666666666,False,NOERROR,0,,0,2,False,False,0,,,,"Cloudflare, Inc.",3,365,True,,,False,,benign,no_adverse_signal
treasuryworks.xyz,2026-07-12,17,3.180832987205441,0.0,0,0.4444444444444444,-6.9244956521739125,high,0.5,3,0.7692307692307693,True,NOERROR,2,3600,1,2,True,False,0,16509,US,True,"GMO Internet, Inc.",3,365,True,25,False,False,,benign,no_adverse_signal
meyuli.com,2026-07-12,10,2.584962500721156,0.0,0,1.0,-8.187833333333334,low,0.6,1,1.0,True,NOERROR,1,86400,0,2,False,False,0,16509,US,True,"TUCOWS.COM, CO.",372,730,True,1,False,False,,benign,no_adverse_signal
kartutoto3.com,2026-07-12,14,2.6464393446710157,0.07142857142857142,0,0.8,-7.034582352941177,low,0.4762,2,0.7,True,NOERROR,2,300,0,2,False,False,2,13335,US,False,Dominet (HK) Limited,3,365,False,0,False,False,,benign,no_adverse_signal
liviadantas.adv.br,2026-07-12,18,2.845350936622437,0.0,0,0.8333333333333334,-6.445336842105263,low,0.5882,2,0.7272727272727273,True,NOERROR,1,14400,1,2,True,False,0,30277,US,True,,5,365,False,0,False,False,False,benign,no_adverse_signal
28y187088.cc,2026-07-12,12,2.2810361125534233,0.6666666666666666,0,0.0,-11.456213333333332,low,0.2857,1,0.6666666666666666,False,NOERROR,0,,0,2,False,False,0,,,,"GoDaddy.com, LLC",3,365,False,,,False,,benign,no_adverse_signal
evvocrm.com.br,2026-07-12,14,2.5216406363433186,0.0,0,0.4,-8.613763636363636,low,0.5,3,0.8571428571428571,True,NOERROR,1,1800,2,2,True,False,0,47583,BR,False,,5,365,False,0,False,False,False,benign,no_adverse_signal
daydoon.com,2026-07-12,11,2.2359263506290326,0.0,0,0.75,-7.206372727272727,low,0.6667,2,0.7142857142857143,True,NOERROR,2,300,1,2,True,False,2,13335,US,False,Porkbun LLC,3,365,False,0,False,False,False,benign,no_adverse_signal
digihumm.shop,2026-07-12,13,2.5,0.0,0,0.6,-7.813138461538462,low,0.5714,2,0.75,True,NOERROR,1,300,1,2,True,False,0,16509,US,False,,,,False,0,False,False,False,benign,no_adverse_signal
ordercash.app,2026-07-12,13,2.94770277922009,0.0,0,0.5,-6.275086666666667,low,0.625,2,0.8888888888888888,False,NOERROR,0,,0,2,False,False,0,,,,,,,False,,,False,,benign,no_adverse_signal
lafayetteforklift.com,2026-07-12,21,3.175123135113461,0.0,0,0.5454545454545454,-7.350322580645161,low,0.48,3,0.5882352941176471,True,NOERROR,2,600,0,2,False,False,0,16509,US,True,"Wild West Domains, LLC",3,365,False,17,False,False,,benign,no_adverse_signal
all-vykrojki.ru,2026-07-12,15,3.2516291673878226,0.0,1,0.375,-9.24562380952381,low,0.4348,4,0.8333333333333334,True,NOERROR,2,300,0,2,False,False,2,13335,US,False,DOMAINSHOP-RU,13,365,False,0,False,False,,benign,no_adverse_signal
hliscorp736.click,2026-07-12,17,3.459431618637298,0.17647058823529413,0,0.3333333333333333,-8.321968421052631,medium,0.5556,2,1.0,False,timeout,0,,0,2,True,False,0,,,,"GMO Internet, Inc.",3,365,True,,,False,,benign,no_adverse_signal
lasavur.com,2026-07-12,11,2.5216406363433186,0.0,0,0.75,-7.633672727272727,low,0.6154,1,0.8571428571428571,True,NOERROR,2,600,0,2,False,False,0,16509,US,True,"GoDaddy.com, LLC",3,365,False,37,False,False,,benign,no_adverse_signal
revkyn.com,2026-07-12,10,2.584962500721156,0.0,0,0.2,-8.695577777777778,low,0.4615,4,1.0,True,NOERROR,2,600,0,2,False,False,0,16509,US,True,"GoDaddy.com, LLC",3,365,False,37,False,False,,benign,no_adverse_signal
note-rag.com,2026-07-12,12,3.0,0.0,1,0.75,-7.177984615384616,low,0.6154,1,1.0,False,NOERROR,0,,0,4,False,False,0,,,,Squarespace Domains II LLC,3,365,True,,,False,,benign,no_adverse_signal
loritos.mx,2026-07-12,10,2.5216406363433186,0.0,0,0.75,-6.305409090909091,low,0.6154,1,0.8571428571428571,True,NOERROR,2,300,3,2,True,False,2,13335,US,False,"Namecheap, Inc.",5,365,True,0,False,False,False,benign,no_adverse_signal
qingyanglinggan.com,2026-07-12,19,2.573557262275185,0.0,0,0.36363636363636365,-6.939425925925925,low,0.4167,3,0.4666666666666667,True,NOERROR,1,600,0,2,False,False,0,58061,US,False,Gname 196 Inc,3,365,False,0,False,False,,benign,no_adverse_signal
evaldocktrace.xyz,2026-07-12,17,3.238901256602631,0.0,0,0.625,-6.929430434782609,high,0.5455,4,0.7692307692307693,True,NOERROR,2,3600,1,2,True,False,0,16509,US,True,"GMO Internet, Inc.",3,365,True,25,False,False,,benign,no_adverse_signal
globalscreenpartners.com,2026-07-12,24,3.4464393446710155,0.0,0,0.42857142857142855,-6.638097297297297,low,0.5,4,0.6,True,NOERROR,1,3600,1,2,True,False,0,29873,US,True,"NETWORK SOLUTIONS, LLC.",3,365,False,0,False,False,False,benign,no_adverse_signal
tradewithsitesau.com,2026-07-12,20,3.202819531114783,0.0,0,0.7777777777777778,-6.762951724137931,low,0.5517,3,0.625,False,NOERROR,0,,0,2,False,False,0,,,,"Cloudflare, Inc.",3,365,True,,,False,,benign,no_adverse_signal
aec4444.net,2026-07-12,11,1.664497779200461,0.36363636363636365,0,2.0,-10.008136363636364,low,0.4,1,0.5714285714285714,True,NOERROR,2,300,0,2,False,False,2,13335,US,False,Dynadot Inc,3,365,False,0,False,False,,benign,no_adverse_signal
treeserviceofnorthliberty.com,2026-07-12,29,3.509275070710712,0.0,0,0.5625,-6.885800000000001,low,0.4444,4,0.56,True,NOERROR,4,14400,0,4,True,False,0,53831,US,False,Squarespace Domains LLC,4,365,True,21,False,False,,benign,no_adverse_signal
durratur.org,2026-07-12,12,2.1556390622295662,0.0,0,0.6,-7.013053846153846,low,0.5714,2,0.625,True,NOERROR,1,1800,1,2,True,False,0,45996,KR,False,NAMECHEAP INC,3,365,False,0,False,False,False,benign,no_adverse_signal
mi-tiendon.com,2026-07-12,14,2.9219280948873623,0.0,1,0.8,-7.123358823529411,low,0.5,2,0.8,False,NOERROR,0,,3,2,True,False,0,,,,"GMO Internet, Inc.",3,365,True,,,False,False,benign,no_adverse_signal
channelfiling.xyz,2026-07-12,17,3.0269868333592873,0.0,0,0.4444444444444444,-6.3890086956521746,high,0.5263,2,0.6923076923076923,True,NOERROR,2,3600,1,2,True,False,0,16509,US,True,"GMO Internet, Inc.",3,365,True,25,False,False,,benign,no_adverse_signal
tokenizedpicasso.xyz,2026-07-12,20,3.5,0.0,0,0.7777777777777778,-7.061217241379311,high,0.5385,2,0.75,True,NOERROR,1,600,0,4,False,False,0,16509,US,False,Porkbun LLC,3,365,False,0,False,False,,benign,no_adverse_signal
genecogni.com,2026-07-12,13,2.5032583347756456,0.0,0,0.8,-6.8202799999999995,low,0.5333,2,0.6666666666666666,False,NOERROR,0,,0,2,False,False,0,,,,DomainRegistry.com LLC,3,365,False,,,False,,benign,no_adverse_signal
tennisconnect.xyz,2026-07-12,17,2.6235166412180155,0.0,0,0.4444444444444444,-6.41151304347826,high,0.64,2,0.5384615384615384,True,NOERROR,2,3600,1,2,True,False,0,16509,US,True,"GMO Internet, Inc.",3,365,True,25,False,False,,benign,no_adverse_signal
yirinvyou01.com,2026-07-12,15,3.0957952550009344,0.13333333333333333,0,0.8,-9.086231578947368,low,0.4444,3,0.8181818181818182,False,NOERROR,0,,0,2,False,False,0,,,,"GoDaddy.com, LLC",3,365,False,,,False,,benign,no_adverse_signal
remebr.com,2026-07-12,10,1.9182958340544893,0.0,0,0.5,-6.769866666666666,low,0.6154,2,0.6666666666666666,True,NOERROR,1,1800,5,2,True,False,0,22612,US,False,NAMECHEAP INC,3,365,True,0,False,False,False,benign,no_adverse_signal
socolive55b.com,2026-07-12,15,3.0957952550009344,0.13333333333333333,0,0.8,-7.9075263157894735,low,0.5333,1,0.8181818181818182,True,NOERROR,2,45,0,4,False,False,0,16509,US,True,Porkbun LLC,380,730,False,0,False,False,,benign,no_adverse_signal
linkupgolf-sandiego.info,2026-07-12,24,3.7216117239699,0.0,1,0.6363636363636364,-7.50294,medium,0.4444,2,0.7368421052631579,True,NOERROR,1,60,6,2,True,False,0,20473,US,True,,,,,0,False,False,False,benign,no_adverse_signal
hiringchecker.xyz,2026-07-12,17,2.9312089489103235,0.0,0,0.4444444444444444,-6.645213043478261,high,0.5714,4,0.6153846153846154,True,NOERROR,2,3600,1,2,True,False,0,16509,US,True,"GMO Internet, Inc.",3,365,True,25,False,False,,benign,no_adverse_signal
bigbassbnz.guru,2026-07-12,15,2.6464393446710153,0.0,0,0.25,-8.083511764705882,low,0.5333,5,0.7,True,NOERROR,2,300,0,2,False,False,2,13335,US,False,,,,,0,False,False,,benign,no_adverse_signal
hallar.fi,2026-07-12,9,1.9182958340544893,0.0,0,0.5,-6.140444444444444,low,0.7143,2,0.6666666666666666,True,NOERROR,2,300,0,2,False,False,2,13335,US,False,Planeetta Internet Oy,4,365,False,0,False,False,,benign,no_adverse_signal
9bntb.top,2026-07-12,9,1.9219280948873623,0.1111111111111111,0,0.0,-9.5609,high,0.5455,4,0.8,True,NOERROR,8,60,0,2,False,True,0,209242,SG,False,"Spaceship, Inc.",3,365,True,0,False,True,,malicious,spamhaus_dbl
thesultanatehotels.com,2026-07-12,22,3.016875695766564,0.0,0,0.6363636363636364,-6.544106060606061,low,0.5185,2,0.5,True,NOERROR,2,60,1,2,True,False,2,47583,CY,False,"HOSTINGER operations, UAB",3,365,False,0,False,False,False,benign,no_adverse_signal
travelodisha.tours,2026-07-12,18,3.418295834054489,0.0,0,0.7142857142857143,-6.506771428571429,low,0.5,2,0.9166666666666666,True,NOERROR,1,1800,0,2,False,False,1,47583,US,False,,,,,0,False,False,,benign,no_adverse_signal
constructiq.org.uk,2026-07-12,18,3.0957952550009344,0.0,0,0.375,-6.667931578947368,low,0.5455,4,0.8181818181818182,True,NOERROR,2,600,0,2,False,False,0,16509,US,True,123-Reg Limited t/a 123-reg [Tag = 123-REG],7,365,False,17,False,False,,benign,no_adverse_signal
1stimpressionturf.com,2026-07-12,21,3.454822399946607,0.047619047619047616,0,0.45454545454545453,-6.674590322580645,low,0.5,3,0.7058823529411765,True,NOERROR,2,600,0,2,False,False,0,16509,US,True,"GoDaddy.com, LLC",3,731,False,37,False,False,,benign,no_adverse_signal
motorcycleaccidentattorneynearme.com,2026-07-12,36,3.4178377974034158,0.0,0,0.6,-6.778526229508197,low,0.3721,5,0.375,True,NOERROR,2,600,0,2,False,False,0,16509,US,True,"GoDaddy.com, LLC",3,365,False,37,False,False,,benign,no_adverse_signal
g28j94fp.top,2026-07-12,12,3.0,0.3333333333333333,0,0.0,-12.700769230769232,high,0.3333,2,1.0,True,NOERROR,3,60,0,2,False,True,0,138995,US,False,Dominet (HK) Limited,3,365,True,0,True,True,,malicious,spamhaus_zen
edurtshi.lat,2026-07-12,12,3.0,0.0,0,0.6,-6.956876923076924,low,0.5333,4,1.0,False,NOERROR,0,,0,2,False,False,0,,,,Porkbun LLC,3,365,False,,,False,,benign,no_adverse_signal
michaelplants.com,2026-07-12,17,3.3927474104487847,0.0,0,0.4444444444444444,-6.752660869565218,low,0.5714,3,0.8461538461538461,False,NOERROR,0,,3,2,True,False,0,,,,"Amazon Registrar, Inc.",3,365,True,,,False,False,benign,no_adverse_signal
anchorphy.cyou,2026-07-12,14,2.94770277922009,0.0,0,0.2857142857142857,-7.082726666666667,low,0.5714,4,0.8888888888888888,False,NOERROR,0,,0,2,False,False,0,,,,Porkbun LLC,3,365,False,,,False,,benign,no_adverse_signal
faelianfriends.com,2026-07-12,18,3.09306920777189,0.0,0,0.75,-7.0706560000000005,low,0.5,3,0.6428571428571429,True,NOERROR,2,3600,0,2,False,False,0,16509,US,True,"GoDaddy.com, LLC",3,365,False,22,False,False,,benign,no_adverse_signal
lockupbalance.xyz,2026-07-12,17,3.238901256602631,0.0,0,0.625,-6.937043478260869,high,0.5263,2,0.7692307692307693,True,NOERROR,2,3600,1,2,True,False,0,16509,US,True,"GMO Internet, Inc.",3,365,True,25,False,False,,benign,no_adverse_signal
promuno.cc,2026-07-12,10,2.5216406363433186,0.0,0,0.75,-6.871981818181819,low,0.6,2,0.8571428571428571,True,NOERROR,2,300,0,2,False,False,2,13335,US,False,Dynadot Inc,4,365,False,0,False,False,,benign,no_adverse_signal
dnorojto.shop,2026-07-12,13,2.4056390622295662,0.0,0,0.6,-7.90053076923077,low,0.5333,2,0.75,True,NOERROR,1,1800,0,2,False,False,0,396073,US,True,,,,False,0,False,False,,benign,no_adverse_signal
expresiva.net,2026-07-12,13,2.94770277922009,0.0,0,0.8,-6.720766666666666,low,0.6316,3,0.8888888888888888,False,NOERROR,0,,3,2,True,False,0,,,,"Amazon Registrar, Inc.",3,365,True,,,False,False,benign,no_adverse_signal
1ffqqf.sa.com,2026-07-12,13,1.0,0.07692307692307693,0,1.0,,low,,1,1.0,True,NOERROR,2,300,0,2,False,False,2,13335,US,False,,,,,0,False,False,,benign,no_adverse_signal
productgamefi.xyz,2026-07-12,17,3.7004397181410926,0.0,0,0.625,-7.135647826086957,high,0.5455,3,1.0,True,NOERROR,2,3600,1,2,True,False,0,16509,US,True,"GMO Internet, Inc.",3,365,True,25,False,False,,benign,no_adverse_signal
freezingpanel.xyz,2026-07-12,17,3.180832987205441,0.0,0,0.625,-6.874804347826086,high,0.5263,3,0.7692307692307693,True,NOERROR,2,3600,1,2,True,False,0,16509,US,True,"GMO Internet, Inc.",3,365,True,25,False,False,,benign,no_adverse_signal
1thaislots.online,2026-07-12,17,2.9219280948873623,0.058823529411764705,0,0.5,-7.387376470588235,medium,0.5556,2,0.8,True,NOERROR,2,300,0,2,False,False,2,13335,US,False,"GoDaddy.com, LLC",3,365,False,0,False,False,,benign,no_adverse_signal
grahveda.world,2026-07-12,14,2.75,0.0,0,0.6,-7.805369230769231,low,0.625,2,0.875,True,NOERROR,1,600,0,2,False,False,0,153250,IN,False,,,,,0,False,False,,benign,no_adverse_signal
lgag.org,2026-07-12,8,1.5,0.0,0,0.3333333333333333,-7.58578,low,0.5455,2,0.75,True,NOERROR,2,1200,0,2,False,False,0,16509,US,True,"Spaceship, Inc.",3,365,False,0,False,False,,benign,no_adverse_signal
miller-roofing.com,2026-07-12,18,3.2359263506290334,0.0,1,0.625,-6.849888,low,0.5517,2,0.7142857142857143,True,NOERROR,2,10800,0,2,True,False,2,14618,US,True,DropCatch.com 1125 LLC,3,365,False,0,False,False,,benign,no_adverse_signal
cavemanfire.com,2026-07-12,15,3.0957952550009344,0.0,0,0.8333333333333334,-6.779952631578947,low,0.5455,2,0.8181818181818182,True,NOERROR,2,600,2,2,True,False,0,16509,US,True,"GoDaddy.com, LLC",3,365,False,37,False,False,False,benign,no_adverse_signal
thequieteveningstudio.co.uk,2026-07-12,27,3.368042422572715,0.0,0,0.9090909090909091,-6.910407692307692,low,0.4242,4,0.5714285714285714,True,NOERROR,2,600,0,2,False,False,0,16509,US,True,123-Reg Limited t/a 123-reg [Tag = 123-REG],7,365,False,17,False,False,,benign,no_adverse_signal
sevencasinovip.com,2026-07-12,18,3.09306920777189,0.0,0,0.75,-6.462280000000001,low,0.4545,2,0.6428571428571429,True,NOERROR,1,1800,5,2,True,False,0,22612,US,False,NAMECHEAP INC,3,365,True,0,False,False,False,benign,no_adverse_signal
banzaara.com,2026-07-12,12,2.0,0.0,0,1.0,-7.187561538461538,low,0.5,2,0.625,True,NOERROR,2,3600,0,2,False,False,0,16509,US,True,"GoDaddy.com, LLC",3,365,False,22,False,,,benign,no_adverse_signal
do990.com,2026-07-12,9,1.9219280948873623,0.3333333333333333,0,1.0,-10.518600000000001,low,0.5,1,0.8,True,NOERROR,1,300,0,2,False,False,0,206834,DE,False,Dynadot Inc,3,365,False,19,False,False,,benign,no_adverse_signal
abdalsamea.ly,2026-07-12,13,2.5219280948873624,0.0,0,1.0,-7.125776470588235,low,0.5714,2,0.7,True,NOERROR,1,3600,0,5,False,False,0,329263,LY,True,Libyan Spider Network (loc),7,1096,False,0,False,False,,benign,no_adverse_signal
aviator63663.icu,2026-07-12,16,2.855388542207534,0.3125,0,1.3333333333333333,-8.795676190476192,low,0.5,1,0.6666666666666666,True,NOERROR,1,3600,2,2,True,False,0,9009,ES,False,"NICENIC INTERNATIONAL GROUP CO., LIMITED",3,365,False,0,True,True,True,malicious,spamhaus_zen
macretire.com,2026-07-12,13,2.725480556997868,0.0,0,0.8,-6.519653333333333,low,0.6316,2,0.7777777777777778,True,NOERROR,2,3600,0,2,False,False,0,16509,US,True,"GoDaddy.com, LLC",3,365,False,22,False,False,,benign,no_adverse_signal
gliderelic.shop,2026-07-12,15,2.721928094887362,0.0,0,0.6666666666666666,-6.2721647058823535,low,0.6,2,0.7,True,NOERROR,2,300,0,2,False,False,2,13335,US,False,,,,False,0,False,False,,benign,no_adverse_signal
tag-totald.sbs,2026-07-12,14,2.6464393446710153,0.0,1,0.5,-7.238458823529411,low,0.5556,2,0.7,True,NOERROR,2,300,0,2,False,False,2,13335,US,False,"NameSilo, LLC",3,365,True,0,False,False,,benign,no_adverse_signal
runbodhi.com,2026-07-12,12,3.0,0.0,0,0.6,-7.925476923076923,low,0.5455,2,1.0,False,NOERROR,0,,3,2,True,False,0,,,,"Amazon Registrar, Inc.",3,365,True,,,False,False,benign,no_adverse_signal
6906857.com,2026-07-12,11,2.5216406363433186,0.6363636363636364,0,0.0,-11.143436363636363,low,0.4,0,0.8571428571428571,True,NOERROR,2,300,0,2,False,False,2,13335,US,False,Realtime Register B.V.,3,365,False,0,False,False,,benign,no_adverse_signal
nearmesoftwashing.com,2026-07-12,21,3.6168746059562227,0.0,0,0.5454545454545454,-6.618822580645162,low,0.48,3,0.7647058823529411,True,NOERROR,1,300,0,0,False,False,0,58182,US,True,Wix.com Ltd.,372,730,True,0,False,False,,benign,no_adverse_signal
hellofundingfoxhill.com,2026-07-12,23,3.3005590923909534,0.0,0,0.46153846153846156,-7.217368571428572,low,0.4,3,0.5789473684210527,True,NOERROR,2,600,0,2,False,False,0,16509,US,True,"GoDaddy.com, LLC",3,365,False,37,False,False,,benign,no_adverse_signal
mytherapaws.com,2026-07-12,15,3.277613436819116,0.0,0,0.375,-6.767684210526316,low,0.5263,4,0.9090909090909091,True,NOERROR,1,3600,2,4,True,False,1,13335,CA,True,IONOS SE,3,365,True,0,False,False,False,benign,no_adverse_signal
guavaiire.autos,2026-07-12,15,2.725480556997868,0.0,0,2.0,-7.86234,low,0.5882,1,0.7777777777777778,False,NOERROR,0,,0,2,False,False,0,,,,Porkbun LLC,3,365,False,,,False,,benign,no_adverse_signal
mx999v.com,2026-07-12,10,1.7924812503605778,0.3,0,0.0,-10.595066666666668,low,0.3636,2,0.6666666666666666,True,NOERROR,1,300,0,2,False,False,0,206834,DE,False,Dynadot Inc,3,365,False,19,False,False,,benign,no_adverse_signal
jeeffzin.com.br,2026-07-12,15,2.5,0.0,0,0.6,-8.8035,low,0.4615,3,0.75,True,NOERROR,1,14400,1,2,True,False,0,16276,CA,True,,5,365,False,0,False,False,False,benign,no_adverse_signal
custodyrunner.xyz,2026-07-12,17,3.238901256602631,0.0,0,0.4444444444444444,-7.136052173913043,high,0.5714,3,0.7692307692307693,True,NOERROR,2,3600,1,2,True,False,0,16509,US,True,"GMO Internet, Inc.",3,365,True,25,False,False,,benign,no_adverse_signal
mayolixera.sbs,2026-07-12,14,3.121928094887362,0.0,0,1.0,-7.270341176470588,low,0.5714,1,0.9,True,NOERROR,2,300,0,2,False,False,2,13335,US,False,NAMECHEAP INC,3,365,True,0,False,False,,benign,no_adverse_signal
5459.buzz,2026-07-12,9,1.5,0.4444444444444444,0,0.0,-11.18038,high,0.25,0,0.75,True,NOERROR,2,300,0,2,False,False,2,13335,US,False,"Spaceship, Inc.",3,365,False,0,False,False,,benign,no_adverse_signal
fergusclark.com,2026-07-12,15,3.277613436819116,0.0,0,0.375,-6.980078947368421,low,0.5,3,0.9090909090909091,True,NOERROR,4,14400,0,4,True,False,0,53831,US,False,Squarespace Domains LLC,3,365,True,21,False,False,,benign,no_adverse_signal
osfht797fu3ts-k16vd.com,2026-07-12,23,3.826874881864636,0.2608695652173913,1,0.2,-11.049491428571429,low,0.3571,4,0.7894736842105263,False,NOERROR,0,,0,2,False,False,0,,,,"GoDaddy.com, LLC",3,365,False,,,True,,malicious,spamhaus_dbl
natumtekstil.com,2026-07-12,16,3.188721875540867,0.0,0,0.5,-7.2608523809523815,low,0.5556,3,0.8333333333333334,True,NOERROR,4,14400,1,4,True,False,0,53831,US,False,Squarespace Domains II LLC,3,365,True,21,False,False,False,benign,no_adverse_signal
gibtsheuteschnitzel.de,2026-07-12,22,3.43162356584743,0.0,0,0.46153846153846156,-7.571802857142857,low,0.4242,4,0.631578947368421,True,NOERROR,1,3600,0,3,False,False,1,24940,DE,True,,,,False,0,False,False,,benign,no_adverse_signal
live-jygame.com,2026-07-12,15,3.277613436819116,0.0,1,0.6666666666666666,-8.024099999999999,low,0.5714,3,0.9090909090909091,False,timeout,0,,0,0,False,False,0,,,,"GMO Internet, Inc.",3,365,True,,,False,,benign,no_adverse_signal
prettyprobae.org,2026-07-12,16,2.9182958340544896,0.0,0,0.5,-7.079238095238095,low,0.4762,5,0.6666666666666666,True,NOERROR,2,3600,0,2,False,False,0,16509,US,True,"GoDaddy.com, LLC",3,365,False,22,False,False,,benign,no_adverse_signal
limitprofiler.xyz,2026-07-12,17,3.0269868333592873,0.0,0,0.625,-6.762539130434782,high,0.4762,3,0.6923076923076923,True,NOERROR,2,3600,1,2,True,False,0,16509,US,True,"GMO Internet, Inc.",3,365,True,25,False,False,,benign,no_adverse_signal
gdkhthxgdvefr.online,2026-07-12,20,3.238901256602631,0.0,0,0.08333333333333333,-9.689830434782609,medium,0.4211,10,0.7692307692307693,False,NXDOMAIN,0,,0,0,False,False,0,,,,NAMECHEAP INC,3,365,True,,,False,,benign,no_adverse_signal
ygsolusitcorp2.top,2026-07-12,18,3.521640636343319,0.05555555555555555,0,0.4444444444444444,-7.691344,high,0.48,3,0.8571428571428571,False,NOERROR,0,,0,2,False,False,0,,,,Dynadot LLC,3,365,True,,,False,,benign,no_adverse_signal
simplyconversational.com,2026-07-12,24,3.721928094887362,0.0,0,0.5384615384615384,-6.528013513513513,low,0.5806,5,0.7,True,NOERROR,1,1799,5,2,True,False,0,16509,US,False,NAMECHEAP INC,3,365,True,0,False,False,False,benign,no_adverse_signal
doeringcore.online,2026-07-12,18,2.9139770731827523,0.0,0,0.8333333333333334,-6.622263157894737,medium,0.6316,3,0.7272727272727273,True,NOERROR,2,300,1,2,True,False,2,13335,US,False,Porkbun LLC,3,365,False,0,False,False,False,benign,no_adverse_signal
aifundingvault.com,2026-07-12,18,3.2359263506290334,0.0,0,0.75,-7.354375999999999,low,0.5,3,0.7142857142857143,True,NOERROR,2,600,0,2,False,False,0,16509,US,True,"GoDaddy.com, LLC",3,365,False,37,False,False,,benign,no_adverse_signal
caponbrain.xyz,2026-07-12,14,2.9219280948873623,0.0,0,0.6666666666666666,-6.727729411764706,high,0.5556,3,0.8,True,NOERROR,2,3600,1,2,True,False,0,16509,US,True,"GMO Internet, Inc.",4,365,True,25,False,False,,benign,no_adverse_signal
peranport.com,2026-07-12,13,2.725480556997868,0.0,0,0.5,-6.1205333333333325,low,0.5714,2,0.7777777777777778,True,NOERROR,1,3600,0,2,True,False,0,16509,US,False,Nics Telekomunikasyon A.S.,3,365,True,0,False,False,,benign,no_adverse_signal
onlymilfvideo.com,2026-07-12,17,3.238901256602631,0.0,0,0.625,-7.62144347826087,low,0.6364,4,0.7692307692307693,True,NOERROR,2,300,0,2,False,False,2,13335,US,False,Dynadot Inc,3,365,False,0,False,False,,benign,no_adverse_signal
efe03oku7nok-tr871fo.com,2026-07-12,24,3.6841837197791887,0.25,1,0.8571428571428571,-10.673472972972974,low,0.3636,2,0.7,True,NOERROR,2,600,0,2,False,False,0,16509,US,True,"GoDaddy.com, LLC",3,365,False,37,False,False,,benign,no_adverse_signal
4wygc.top,2026-07-12,9,2.321928094887362,0.1111111111111111,0,0.0,-11.464385714285713,high,0.4444,4,1.0,True,NOERROR,8,60,0,2,False,True,0,8075,JP,False,"Spaceship, Inc.",3,365,True,0,False,True,,malicious,spamhaus_dbl
founderscapitalinvestmentoffice.com,2026-07-12,35,3.824533406881911,0.0,0,0.631578947368421,-6.465706779661017,low,0.4545,3,0.5161290322580645,False,NOERROR,0,,1,4,True,False,0,,,,Porkbun LLC,3,365,False,,,False,False,benign,no_adverse_signal
k-c-health.org,2026-07-12,14,2.9219280948873623,0.0,2,0.3333333333333333,-7.760729411764706,low,0.75,3,0.8,False,NOERROR,0,,0,5,False,False,0,,,,Key-Systems GmbH,3,365,True,,,False,,benign,no_adverse_signal
bostontotocantik.store,2026-07-12,22,2.875,0.0,0,0.6,-6.29701724137931,low,0.4545,2,0.5625,False,NOERROR,0,,5,2,True,False,0,,,,,,,False,,,False,False,benign,no_adverse_signal
pyro.fit,2026-07-12,8,2.0,0.0,0,0.3333333333333333,-8.34888,low,0.5714,3,1.0,True,NOERROR,1,1800,5,2,True,False,0,22612,US,False,NAMECHEAP INC,3,365,True,0,False,False,False,benign,no_adverse_signal
khelibet.ws,2026-07-12,11,2.75,0.0,0,0.6,-6.800407692307692,low,0.5714,2,0.875,True,NOERROR,2,300,0,2,False,False,2,13335,US,False,Dynadot,10,365,False,0,False,False,,benign,no_adverse_signal
clipaircar.xyz,2026-07-12,14,2.5219280948873624,0.0,0,0.6666666666666666,-6.730294117647059,high,0.5,2,0.6,True,NOERROR,2,3600,1,2,True,False,0,16509,US,True,"GMO Internet, Inc.",4,365,True,25,False,False,,benign,no_adverse_signal
kazxu.com,2026-07-12,9,2.321928094887362,0.0,0,0.6666666666666666,-10.077171428571429,low,0.6,2,1.0,False,NOERROR,0,,0,2,False,False,0,,,,"Cloudflare, Inc.",3,365,True,,,False,,benign,no_adverse_signal
megalight.digital,2026-07-12,17,2.94770277922009,0.0,0,0.5,-6.67674,low,0.5714,3,0.8888888888888888,True,NOERROR,2,300,0,2,False,False,2,13335,US,False,,,,,0,False,False,,benign,no_adverse_signal
greenleaf.ink,2026-07-12,13,2.6416041678685933,0.0,0,0.8,-6.928366666666666,low,0.4706,2,0.7777777777777778,True,NOERROR,3,3600,0,2,False,False,0,63949,US,True,"Sav.com, LLC - 20",4,365,True,0,False,False,,benign,no_adverse_signal
designsubmit.com,2026-07-12,16,3.2516291673878226,0.0,0,0.5,-7.245614285714287,low,0.5714,3,0.8333333333333334,True,NOERROR,2,600,0,2,False,False,0,16509,US,True,"GoDaddy.com, LLC",3,1096,False,37,False,False,,benign,no_adverse_signal
tshjh.com,2026-07-12,9,1.9219280948873623,0.0,0,0.0,-9.586185714285715,low,0.5,5,0.8,False,NOERROR,0,,0,2,False,False,0,,,,Alibaba Cloud Computing Ltd. d/b/a HiChina (www.net.cn),3,365,False,,,False,,benign,no_adverse_signal
aisatelite.xyz,2026-07-12,14,2.5219280948873624,0.0,0,1.5,-6.1703705882352935,high,0.5882,1,0.6,True,NOERROR,2,600,0,2,False,False,0,16509,US,True,"GoDaddy.com, LLC",3,365,False,37,False,False,,benign,no_adverse_signal
betternetworktools.com,2026-07-12,22,3.086048612313038,0.0,0,0.5,-6.5440969696969695,low,0.5806,3,0.5555555555555556,False,NOERROR,0,,0,2,False,False,0,,,,"Cloudflare, Inc.",3,365,True,,,False,,benign,no_adverse_signal
jj37297.vip,2026-07-12,11,2.2359263506290326,0.45454545454545453,0,0.0,-12.051009090909092,low,0.3333,2,0.7142857142857143,False,NOERROR,0,,0,2,False,False,0,,,,Dynadot Inc,3,365,True,,,True,,malicious,spamhaus_dbl
tuijianwang.top,2026-07-12,15,2.913977073182752,0.0,0,0.8333333333333334,-7.548947368421053,high,0.48,2,0.7272727272727273,False,NOERROR,0,,0,0,False,False,0,,,,Dynadot LLC,3,365,True,,,False,,benign,no_adverse_signal
lakellm.xyz,2026-07-12,11,2.1280852788913944,0.0,0,0.4,-7.165881818181819,high,0.5455,3,0.7142857142857143,True,NOERROR,2,3600,1,2,True,False,0,16509,US,True,"GMO Internet, Inc.",4,365,True,25,False,False,,benign,no_adverse_signal
signalixa.company,2026-07-12,17,2.725480556997868,0.0,0,0.8,-7.047686666666666,low,0.6154,2,0.7777777777777778,True,NOERROR,2,300,0,2,False,False,2,13335,US,False,,,,,0,False,False,,benign,no_adverse_signal
indiefashionlane.shop,2026-07-12,21,3.1556390622295662,0.0,0,1.0,-6.509613793103448,low,0.5926,2,0.625,True,NOERROR,1,300,0,2,False,False,0,199242,GE,False,,,,False,0,False,False,,benign,no_adverse_signal
online-sweepstake-casino.com,2026-07-12,28,3.5220552088742005,0.0,2,0.8333333333333334,-6.761379999999999,low,0.5405,3,0.5416666666666666,False,NOERROR,0,,0,2,False,False,0,,,,"NICENIC INTERNATIONAL GROUP CO., LIMITED",3,365,False,,,True,,malicious,spamhaus_dbl
factur-pulse.com,2026-07-12,16,3.418295834054489,0.0,1,0.5714285714285714,-7.595614285714286,low,0.56,2,0.9166666666666666,True,NOERROR,2,3600,0,2,False,False,0,16509,US,True,"GoDaddy.com, LLC",3,365,False,0,False,False,,benign,no_adverse_signal
bradsdryrub.com,2026-07-12,15,2.663532754804255,0.0,0,0.2222222222222222,-7.807505263157895,low,0.5882,6,0.6363636363636364,True,NOERROR,1,86400,0,4,False,False,1,13335,CA,True,"TUCOWS.COM, CO.",3,365,True,0,False,False,,benign,no_adverse_signal
novabioresearchlab.site,2026-07-12,23,3.4613201402110083,0.0,0,0.8,-6.813481818181818,medium,0.6,4,0.6666666666666666,True,NOERROR,1,300,0,4,False,False,0,47846,DE,False,"Name.com, Inc.",3,365,False,7,False,False,,benign,no_adverse_signal
mkto-ajob2b30020141.com,2026-07-12,23,3.5766176449086657,0.391304347826087,1,0.5,-9.775431428571428,low,0.32,3,0.6842105263157895,True,NOERROR,1,300,0,3,True,False,0,8075,AU,False,NOM-IQ Ltd dba Com Laude,3,365,True,0,False,False,,benign,no_adverse_signal
aloha-van.net,2026-07-12,13,2.6416041678685933,0.0,1,1.0,-7.928813333333333,low,0.5882,1,0.7777777777777778,True,NOERROR,2,900,1,2,False,False,0,13335,US,False,"TUCOWS.COM, CO.",738,1095,True,0,False,False,False,benign,no_adverse_signal
aidispatcher.online,2026-07-12,19,3.2516291673878226,0.0,0,0.7142857142857143,-6.529880952380952,medium,0.6667,3,0.8333333333333334,True,NOERROR,1,600,2,4,True,False,0,44112,RU,True,"Regional Network Information Center, JSC dba RU-CENTER",3,365,True,1,False,False,False,benign,no_adverse_signal
41298.uk,2026-07-12,8,2.321928094887362,0.625,0,0.0,-10.3232,low,0.25,0,1.0,True,NOERROR,1,60,0,2,False,False,0,59371,HK,False,"Dynadot, LLC t/a Dynadot [Tag = DYNADOT]",4,365,False,0,False,False,,benign,no_adverse_signal
narrativogroup.com,2026-07-12,18,3.182005814760214,0.0,0,0.75,-6.781344000000001,low,0.4828,2,0.7142857142857143,True,NOERROR,1,86400,0,2,False,False,0,16509,US,True,"TUCOWS.COM, CO.",3294,3652,True,1,False,False,,benign,no_adverse_signal
strongexperience.club,2026-07-12,21,3.25,0.0,0,0.6,-6.407900000000001,low,0.5,3,0.6875,True,NOERROR,2,300,0,2,False,False,0,16509,US,False,"Cloudflare, Inc.",3,365,True,0,False,False,,benign,no_adverse_signal
5buvo3.app,2026-07-12,10,2.584962500721156,0.2,0,1.0,-10.915866666666666,low,0.4444,1,1.0,True,NOERROR,1,300,0,2,False,False,1,,,False,,,,False,0,False,False,,benign,no_adverse_signal
trailstickers.uk,2026-07-12,16,3.0850551027564768,0.0,0,0.4444444444444444,-6.250773913043478,low,0.5833,3,0.6923076923076923,True,NOERROR,1,1400,1,2,True,False,1,3170,GB,True,No Metric Limited t/a Digital Web Hosting [Tag = DWHUK],5,365,False,0,False,False,False,benign,no_adverse_signal
fusionbrowser.xyz,2026-07-12,17,3.238901256602631,0.0,0,0.625,-6.880886956521739,high,0.5263,3,0.7692307692307693,True,NOERROR,2,3600,1,2,True,False,0,16509,US,True,"GMO Internet, Inc.",3,365,True,25,False,False,,benign,no_adverse_signal
tiobym.com,2026-07-12,10,2.584962500721156,0.0,0,0.5,-7.902333333333333,low,0.6667,3,1.0,False,NOERROR,0,,0,2,False,False,0,,,,BF Internet Limited,3,365,False,,,True,,malicious,spamhaus_dbl
sensacijapolnd.site,2026-07-12,19,3.3787834934861767,0.0,0,0.5555555555555556,-7.458776,medium,0.5,3,0.7857142857142857,False,NXDOMAIN,0,,0,0,False,False,0,,,,NAMECHEAP INC,4,365,True,,,False,,benign,no_adverse_signal
xn--80aqedcar3aj.xn--p1ai,2026-07-12,25,3.577819531114783,0.16,4,0.5714285714285714,-9.726720689655172,low,0.381,2,0.8125,True,NOERROR,1,86400,0,2,False,False,0,197695,RU,False,,,,,0,False,False,,benign,no_adverse_signal
brutalismgame.com,2026-07-12,17,3.3927474104487847,0.0,0,0.625,-6.961995652173913,low,0.5385,3,0.8461538461538461,True,NOERROR,2,300,0,2,False,False,2,13335,US,False,NAMECHEAP INC,3,365,True,0,False,False,,benign,no_adverse_signal
slangishclothingstore.com,2026-07-12,25,3.4992275417233567,0.0,0,0.4,-6.549341025641025,low,0.4878,4,0.5714285714285714,True,NOERROR,1,86400,0,2,False,False,0,16509,US,True,"TUCOWS.COM, CO.",372,730,True,1,False,False,,benign,no_adverse_signal
nogod8.com,2026-07-12,10,2.2516291673878226,0.1,0,0.6666666666666666,-8.267877777777777,low,0.5,1,0.8333333333333334,True,NOERROR,2,300,0,2,False,False,2,13335,US,False,Dynadot Inc,3,365,False,0,False,False,,benign,no_adverse_signal
gothviolence.fun,2026-07-12,16,3.2516291673878226,0.0,0,0.7142857142857143,-7.248119047619047,low,0.5556,3,0.8333333333333334,True,NOERROR,1,3600,2,2,True,False,1,197695,RU,True,Registrar of Domain Names REG.RU LLC,19,365,False,0,False,False,False,benign,no_adverse_signal
studiogregoryfaia.design,2026-07-12,24,3.4992275471326932,0.0,0,0.8888888888888888,-7.2250645161290326,low,0.4545,3,0.7058823529411765,True,NOERROR,4,14400,0,4,True,False,0,53831,US,False,https://domains2.squarespace.com,3,1096,True,21,False,False,,benign,no_adverse_signal
meshwatchdesk.xyz,2026-07-12,17,3.238901256602631,0.0,0,0.3,-7.136369565217392,high,0.5714,4,0.7692307692307693,True,NOERROR,2,3600,1,2,True,False,0,16509,US,True,"GMO Internet, Inc.",3,365,True,25,False,False,,benign,no_adverse_signal
retire.cash,2026-07-12,11,1.9182958340544893,0.0,0,1.0,-6.269922222222222,low,0.6154,1,0.6666666666666666,True,NOERROR,2,1800,0,2,False,False,0,16509,US,False,,,,,0,False,False,,benign,no_adverse_signal
mystagex.com,2026-07-12,12,3.0,0.0,0,0.3333333333333333,-6.729269230769232,low,0.5882,4,1.0,False,NOERROR,0,,0,4,False,False,0,,,,"Amazon Registrar, Inc.",3,365,True,,,False,,benign,no_adverse_signal
140825.xyz,2026-07-12,10,2.584962500721156,0.6,0,0.0,-11.748188888888889,high,0.2222,0,1.0,True,NOERROR,2,300,0,2,False,False,0,16509,US,True,"Spaceship, Inc.",3,365,False,1,False,False,,benign,no_adverse_signal
pd-racing.store,2026-07-12,15,3.169925001442312,0.0,1,0.3333333333333333,-7.404073333333333,low,0.5882,2,1.0,True,NOERROR,1,150,1,2,False,False,1,8560,DE,True,,,,False,0,False,False,False,benign,no_adverse_signal
workloadboard.xyz,2026-07-12,17,2.8731406795131336,0.0,0,0.625,-7.237091304347826,high,0.5,3,0.6153846153846154,True,NOERROR,2,3600,1,2,True,False,0,16509,US,True,"GMO Internet, Inc.",3,365,True,25,False,False,,benign,no_adverse_signal
5bj9h5u.vip,2026-07-12,11,2.5216406363433186,0.2727272727272727,0,0.3333333333333333,-12.778418181818182,low,0.3636,2,0.8571428571428571,False,NOERROR,0,,0,2,False,False,0,,,,Dynadot Inc,3,365,True,,,False,,benign,no_adverse_signal
banlieueatelier.com,2026-07-12,19,2.9735572622751847,0.0,0,1.5,-6.75424074074074,low,0.5185,2,0.6,False,NOERROR,0,,3,2,True,False,0,,,,"HOSTINGER operations, UAB",3,365,False,,,False,False,benign,no_adverse_signal
accesstherapy.xyz,2026-07-12,17,3.0850551027564768,0.0,0,0.4444444444444444,-6.66048695652174,high,0.5,4,0.6923076923076923,True,NOERROR,2,3600,1,2,True,False,0,16509,US,True,"GMO Internet, Inc.",3,365,True,25,False,False,,benign,no_adverse_signal
vanjiwex.shop,2026-07-12,13,3.0,0.0,0,0.6,-8.254484615384616,low,0.5714,2,1.0,True,NOERROR,1,1800,0,2,False,False,0,396073,US,True,,,,False,0,False,False,,benign,no_adverse_signal
vitavigor.store,2026-07-12,15,2.725480556997868,0.0,0,0.8,-6.914493333333334,low,0.5556,1,0.7777777777777778,True,NOERROR,2,300,0,2,False,False,2,13335,US,False,,,,False,0,False,False,,benign,no_adverse_signal
virashotel.com,2026-07-12,14,3.321928094887362,0.0,0,0.6666666666666666,-6.282964705882353,low,0.5333,2,1.0,True,NOERROR,1,60,0,0,False,False,0,,,False,BigRock Solutions Ltd.,3,365,True,0,False,False,,benign,no_adverse_signal
limasvermesclove.space,2026-07-12,22,3.202819531114783,0.0,0,0.6,-6.6623,low,0.4615,3,0.625,True,NOERROR,2,300,0,2,False,False,2,13335,US,False,NAMECHEAP INC,3,365,False,0,False,False,,benign,no_adverse_signal
anomalytracker.xyz,2026-07-12,18,3.3248629576173574,0.0,0,0.5555555555555556,-6.47834,high,0.5217,4,0.7857142857142857,True,NOERROR,2,3600,1,2,True,False,0,16509,US,True,"GMO Internet, Inc.",3,365,True,25,False,False,,benign,no_adverse_signal
home-jy.com,2026-07-12,11,2.807354922057604,0.0,1,0.5,-8.292327272727272,low,0.4286,2,1.0,True,NOERROR,1,600,0,2,False,False,0,132839,CL,False,"GMO Internet, Inc.",3,365,True,0,False,False,,benign,no_adverse_signal
thedeorbitcompany.com,2026-07-12,21,3.734521664779752,0.0,0,0.5454545454545454,-6.792225806451613,low,0.5217,2,0.8235294117647058,False,NOERROR,0,,0,2,False,False,0,,,,"Cloudflare, Inc.",3,365,True,,,False,,benign,no_adverse_signal
steffysoitzen.com,2026-07-12,17,3.0850551027564768,0.0,0,0.4444444444444444,-7.912565217391305,low,0.4444,4,0.6923076923076923,True,NOERROR,1,3600,3,2,True,False,0,16276,FR,True,"OVH, SAS",3,1826,True,0,False,False,False,benign,no_adverse_signal
5dcp-team.com,2026-07-12,13,3.169925001442312,0.07692307692307693,1,0.4,-8.563333333333333,low,0.5,3,1.0,True,NOERROR,2,300,1,2,True,False,2,13335,US,False,Global Domain Group LLC,3,365,False,0,False,False,False,benign,no_adverse_signal
casadalva.com,2026-07-12,13,2.2810361125534233,0.0,0,0.8,-7.076406666666667,low,0.6,2,0.6666666666666666,False,NOERROR,0,,3,2,True,False,0,,,,"Cloudflare, Inc.",3,365,True,,,False,False,benign,no_adverse_signal
picksolvidigital.com,2026-07-12,20,3.375,0.0,0,0.6,-6.827362068965518,low,0.48,3,0.75,True,NOERROR,2,300,0,2,False,False,2,13335,US,False,"Spaceship, Inc.",3,365,False,0,False,False,,benign,no_adverse_signal
top-giftshop.my.id,2026-07-12,18,3.084962500721156,0.0,1,0.375,-7.662657142857142,low,0.4444,4,0.75,True,NOERROR,2,300,0,2,False,False,2,13335,US,False,,,,False,0,False,False,,benign,no_adverse_signal
genaonline.com,2026-07-12,14,2.6464393446710153,0.0,0,1.0,-6.336476470588235,low,0.6667,2,0.7,True,NOERROR,1,60,0,2,False,False,0,198610,RU,False,"Cloudflare, Inc.",3,365,True,0,False,False,,benign,no_adverse_signal
tofeetarufa.pro,2026-07-12,15,2.7321588913645702,0.0,0,1.2,-7.312521052631579,low,0.4545,1,0.6363636363636364,True,NOERROR,1,900,1,3,True,False,1,16276,FR,True,,,,,0,False,False,False,benign,no_adverse_signal
prediksi4d.online,2026-07-12,17,2.921928094887362,0.058823529411764705,0,0.5,-8.100558823529411,medium,0.5,2,0.8,True,NOERROR,2,300,0,2,False,False,2,13335,US,False,NAMECHEAP INC,3,365,True,0,False,False,,benign,no_adverse_signal
3kmus.top,2026-07-12,9,2.321928094887362,0.1111111111111111,0,0.3333333333333333,-9.433714285714286,high,0.5455,2,1.0,True,NOERROR,8,60,0,2,False,True,0,8075,JP,False,"Spaceship, Inc.",3,365,True,0,False,True,,malicious,spamhaus_dbl
6288937e79b5.com,2026-07-12,16,3.084962500721156,0.625,0,1.0,-11.592128571428571,low,0.2667,1,0.75,False,NOERROR,0,,0,2,False,False,0,,,,Dynadot Inc,3,365,False,,,False,,benign,no_adverse_signal
reflectiontrove.com,2026-07-12,19,3.1898980954642875,0.0,0,0.6666666666666666,-6.460500000000001,low,0.5217,3,0.6666666666666666,True,NOERROR,1,300,0,4,False,False,0,13335,DE,True,"Name.com, Inc.",3,365,True,32,False,False,,benign,no_adverse_signal
mardron.com,2026-07-12,11,2.5216406363433186,0.0,0,0.4,-6.395418181818181,low,0.6154,3,0.8571428571428571,True,NOERROR,2,300,0,2,False,False,2,13335,US,False,"Ascio Technologies, Inc",3,365,False,0,False,False,,benign,no_adverse_signal
presidentfeed.xyz,2026-07-12,17,2.9312089489103235,0.0,0,0.625,-6.646108695652174,high,0.5263,3,0.6923076923076923,True,NOERROR,2,3600,1,2,True,False,0,16509,US,True,"GMO Internet, Inc.",3,365,True,25,False,False,,benign,no_adverse_signal
appendssoothescalling.cyou,2026-07-12,26,3.5944656369614516,0.0,0,0.5,-6.471223076923077,low,0.4375,4,0.6190476190476191,False,NOERROR,0,,0,0,False,False,0,,,,URL SOLUTIONS INC.,3,365,True,,,True,,malicious,spamhaus_dbl
emintelekomdanismanlik.com,2026-07-12,26,3.322179345516666,0.0,0,0.6923076923076923,-6.717563414634146,low,0.4828,2,0.5,True,NOERROR,1,300,0,3,False,False,0,209242,AU,False,"TUCOWS.COM, CO.",3,365,True,12,False,False,,benign,no_adverse_signal
indianrealitystars.com,2026-07-12,22,3.197159723424149,0.0,0,0.6363636363636364,-6.327078787878788,low,0.5,4,0.5555555555555556,True,NOERROR,1,3600,1,4,True,False,1,48254,GB,True,NAMECHEAP INC,3,365,True,2,False,False,False,benign,no_adverse_signal
inventoryhub.co.il,2026-07-12,18,3.418295834054489,0.0,0,0.5,-6.854628571428572,low,0.5556,3,0.9166666666666666,True,NOERROR,2,1800,0,2,False,False,0,16509,US,False,InterSpace Ltd,,,False,0,False,False,,benign,no_adverse_signal
lifeguardcounseling.com,2026-07-12,23,3.6163485660751635,0.0,0,0.7272727272727273,-6.963048571428572,low,0.5,3,0.6842105263157895,True,NOERROR,2,60,0,2,False,False,2,47583,LT,True,"HOSTINGER operations, UAB",3,731,False,0,False,False,,benign,no_adverse_signal
samhyuncleanroom.com,2026-07-12,20,3.5,0.0,0,0.6,-7.482493103448276,low,0.5714,3,0.75,False,NOERROR,0,,2,2,False,False,0,,,,Xin Net Technology Corporation,3,365,False,,,False,True,benign,no_adverse_signal
uy88club.com,2026-07-12,12,2.5,0.16666666666666666,0,0.5,-9.322576923076923,low,0.5,2,0.75,True,NOERROR,2,300,0,2,False,False,2,13335,US,False,Dynadot Inc,3,365,False,0,False,False,,benign,no_adverse_signal
yesbingelabs.in,2026-07-12,15,3.0849625007211556,0.0,0,0.5,-6.905595238095239,low,0.5714,2,0.75,True,NOERROR,2,600,5,2,True,False,0,16509,US,True,GoDaddy,23,365,False,37,False,False,False,benign,no_adverse_signal
szhonshen.com,2026-07-12,13,2.5032583347756456,0.0,0,0.2857142857142857,-7.21588,low,0.5714,3,0.6666666666666666,True,NOERROR,1,600,0,2,False,True,0,132203,US,False,Alibaba Cloud Computing Ltd. d/b/a HiChina (www.net.cn),174,365,False,0,False,False,,benign,no_adverse_signal
composerunner.xyz,2026-07-12,17,3.085055102756477,0.0,0,0.625,-6.500565217391305,high,0.56,2,0.6923076923076923,True,NOERROR,2,3600,1,2,True,False,0,16509,US,True,"GMO Internet, Inc.",3,365,True,25,False,False,,benign,no_adverse_signal
aitalents.school,2026-07-12,16,2.725480556997868,0.0,0,0.8,-6.1121,low,0.5556,3,0.7777777777777778,True,NOERROR,1,50,0,2,False,False,0,47583,CY,False,,,,,31,False,False,,benign,no_adverse_signal
ulasunta.com,2026-07-12,12,2.5,0.0,0,1.0,-6.527792307692308,low,0.5882,2,0.75,True,NOERROR,2,120,0,4,False,False,0,16509,DE,True,"GoDaddy.com, LLC",3,365,False,16,False,False,,benign,no_adverse_signal
mkbiz.pl,2026-07-12,8,2.321928094887362,0.0,0,0.25,-8.957442857142857,low,0.5455,3,1.0,True,NOERROR,1,21600,1,2,True,False,0,48707,PL,False,Aftermarket.pl Limited,3,365,False,0,False,False,False,benign,no_adverse_signal
viredaraora.com,2026-07-12,15,2.5949066182439395,0.0,0,1.2,-6.683378947368421,low,0.5263,1,0.6363636363636364,True,NOERROR,2,300,0,2,False,False,0,16509,US,True,"Spaceship, Inc.",3,365,False,1,False,False,,benign,no_adverse_signal
bilbyx.com,2026-07-12,10,2.2516291673878226,0.0,0,0.2,-8.631388888888889,low,0.5714,4,0.8333333333333334,True,NOERROR,2,3600,0,2,False,False,0,16509,US,True,"GoDaddy.com, LLC",3,1096,False,22,False,False,,benign,no_adverse_signal
wiyokgvu.surf,2026-07-12,13,3.0,0.0,0,0.6,-10.17956923076923,low,0.5333,3,1.0,True,NOERROR,1,300,0,2,False,False,0,45102,HK,False,Dynadot Inc,3,365,True,0,False,False,,benign,no_adverse_signal
analoganalog.se,2026-07-12,15,2.2516291673878226,0.0,0,1.0,-6.200404761904762,low,0.4348,1,0.4166666666666667,True,NOERROR,2,3600,0,2,False,False,0,39570,SE,False,Loopia AB,4,365,False,0,False,False,,benign,no_adverse_signal
ltcsolutionss.com,2026-07-12,17,2.873140679513133,0.0,0,0.4444444444444444,-7.015082608695653,low,0.5455,4,0.6153846153846154,True,NOERROR,2,300,0,2,False,False,2,13335,US,False,Dynadot Inc,3,365,False,0,False,False,,benign,no_adverse_signal
claude-ciari.com,2026-07-12,16,3.084962500721156,0.0,1,1.2,-7.049671428571429,low,0.6667,2,0.75,False,NOERROR,0,,3,2,True,False,0,,,,"Amazon Registrar, Inc.",3,365,True,,,False,False,benign,no_adverse_signal
alvaromarlin.com,2026-07-12,16,2.8553885422075336,0.0,0,0.7142857142857143,-6.707076190476191,low,0.5556,2,0.6666666666666666,True,NOERROR,2,300,0,2,False,False,2,13335,US,False,"Cloudflare, Inc.",3,365,True,0,False,False,,benign,no_adverse_signal
graderbastion.xyz,2026-07-12,17,3.3927474104487847,0.0,0,0.625,-6.150713043478261,high,0.5455,2,0.8461538461538461,True,NOERROR,2,3600,1,2,True,False,0,16509,US,True,"GMO Internet, Inc.",3,365,True,25,False,False,,benign,no_adverse_signal
paeones.info,2026-07-12,12,2.5216406363433186,0.0,0,1.3333333333333333,-7.0071,medium,0.7143,1,0.8571428571428571,True,NOERROR,1,150,1,2,False,False,1,8560,DE,True,,,,,1,False,False,False,benign,no_adverse_signal
choreofactory.xyz,2026-07-12,17,3.0269868333592873,0.0,0,0.625,-6.723839130434783,high,0.5455,2,0.6923076923076923,True,NOERROR,2,3600,1,2,True,False,0,16509,US,True,"GMO Internet, Inc.",3,365,True,25,False,False,,benign,no_adverse_signal
domuspretoria.com,2026-07-12,17,3.3927474104487847,0.0,0,0.8571428571428571,-6.5758478260869575,low,0.5,3,0.8461538461538461,True,NOERROR,1,86400,3,2,True,False,0,43515,NL,True,"TUCOWS.COM, CO.",3,365,True,0,False,False,False,benign,no_adverse_signal
healthiesfoods.us,2026-07-12,17,3.2359263506290326,0.0,0,0.75,-6.878944000000001,low,0.6,3,0.7142857142857143,False,NOERROR,0,,0,2,False,False,0,,,,"Spaceship, Inc.",3,365,False,,,False,,benign,no_adverse_signal
amshumanservices.org,2026-07-12,20,3.327819531114783,0.0,0,0.6,-6.47933448275862,low,0.6897,3,0.6875,True,NOERROR,2,42,2,4,True,False,0,16509,US,True,Porkbun LLC,3,365,False,1,False,False,False,benign,no_adverse_signal
mobilnadietetyczka.pl,2026-07-12,21,3.7254805569978675,0.0,0,0.6363636363636364,-7.697639393939394,low,0.4615,5,0.7777777777777778,True,NOERROR,1,21600,1,2,True,False,0,48707,PL,False,"Fourth Dropcatchers, LLC",3,365,False,0,False,False,False,benign,no_adverse_signal
finark.net,2026-07-12,10,2.584962500721156,0.0,0,0.5,-6.187855555555555,low,0.6,2,1.0,True,NOERROR,2,1800,0,2,False,False,0,16509,US,False,"GoDaddy.com, LLC",4,365,False,0,False,False,,benign,no_adverse_signal
mist-coat-pl.shop,2026-07-12,17,3.2516291673878226,0.0,2,0.42857142857142855,-7.393185714285714,low,0.5,2,0.8333333333333334,True,NOERROR,1,600,0,2,False,False,0,13335,US,False,,,,False,0,False,False,,benign,no_adverse_signal
br850bet.com,2026-07-12,12,2.75,0.25,0,0.25,-9.86813846153846,low,0.4615,2,0.875,True,NOERROR,2,300,0,2,False,False,2,13335,US,False,Dominet (HK) Limited,3,365,False,0,False,False,,benign,no_adverse_signal
arkisworks.com,2026-07-12,14,2.721928094887362,0.0,0,0.42857142857142855,-7.098929411764706,low,0.6087,3,0.7,True,NOERROR,1,86400,3,2,True,False,0,15169,SG,True,Porkbun LLC,3,365,False,0,False,False,False,benign,no_adverse_signal
emsworthhandyman.co.uk,2026-07-12,22,3.5,0.0,0,0.3333333333333333,-7.334420689655172,low,0.4,4,0.75,True,NOERROR,2,120,2,4,False,False,0,16509,DE,True,"Name.com LLC t/a Name.com, Inc. [Tag = NAME-COM]",4,365,False,16,False,False,False,benign,no_adverse_signal
dvagh.com,2026-07-12,9,2.321928094887362,0.0,0,0.25,-8.159428571428572,low,0.5714,2,1.0,True,NOERROR,2,3600,1,2,True,False,0,16509,US,True,"SNAPNAMES 42, LLC",3,365,True,63,False,False,,malicious,abuseipdb
ambermeadows.xyz,2026-07-12,16,3.0849625007211556,0.0,0,0.7142857142857143,-6.858780952380952,high,0.5714,2,0.75,True,NOERROR,2,300,0,2,False,False,2,13335,US,False,NAMECHEAP INC,3,365,True,0,False,False,,benign,no_adverse_signal
proofresolver.xyz,2026-07-12,17,2.8150724101159437,0.0,0,0.625,-6.769934782608696,high,0.56,2,0.6153846153846154,True,NOERROR,2,3600,1,2,True,False,0,16509,US,True,"GMO Internet, Inc.",3,365,True,25,False,False,,benign,no_adverse_signal
alfabeli.com,2026-07-12,12,2.5,0.0,0,1.0,-7.047715384615385,low,0.5333,2,0.75,True,NOERROR,1,3600,3,2,True,False,0,16276,FR,True,"OVH, SAS",3,365,True,0,False,False,False,benign,no_adverse_signal
navmt.net,2026-07-12,9,2.321928094887362,0.0,0,0.25,-9.0042,low,0.6667,3,1.0,True,NOERROR,4,14400,0,4,True,False,0,53831,US,False,Squarespace Domains LLC,3,365,True,21,False,False,,benign,no_adverse_signal
gameflick.online,2026-07-12,16,3.169925001442312,0.0,0,0.5,-6.602486666666667,medium,0.6667,2,1.0,True,NOERROR,2,300,5,2,True,False,2,13335,US,False,NAMECHEAP INC,3,365,True,0,False,False,False,benign,no_adverse_signal
mrofy.com,2026-07-12,9,2.321928094887362,0.0,0,0.25,-8.275528571428572,low,0.5714,2,1.0,True,NOERROR,2,3600,0,2,False,False,0,16509,US,True,"GoDaddy.com, LLC",3,365,False,22,False,False,,benign,no_adverse_signal
ctaxsmile.ru,2026-07-12,12,3.169925001442312,0.0,0,0.5,-7.536833333333333,low,0.5882,3,1.0,True,NOERROR,1,600,2,6,True,False,0,198610,RU,True,BEGET-RU,4,365,False,0,False,False,False,benign,no_adverse_signal
hannahcarlsrud.de,2026-07-12,17,3.039148671903071,0.0,0,0.4,-7.580168,low,0.4762,4,0.6428571428571429,True,NOERROR,1,86399,2,3,True,False,1,197540,DE,True,,,,False,0,False,False,False,benign,no_adverse_signal
petit-lumiere.com,2026-07-12,17,3.0269868333592873,0.0,1,1.0,-7.2105,low,0.5,1,0.6923076923076923,True,NOERROR,4,14400,1,4,True,False,0,53831,US,False,Squarespace Domains II LLC,54,365,False,21,False,False,False,benign,no_adverse_signal
lakiconsult.com,2026-07-12,15,3.2776134368191165,0.0,0,0.5714285714285714,-6.810957894736842,low,0.5185,2,0.9090909090909091,False,timeout,0,,1,2,True,False,0,,,,THE REGISTRY AT INFO AVENUE,3,365,False,,,False,False,benign,no_adverse_signal
terapieessenoegizie.com,2026-07-12,23,3.076103170996721,0.0,0,1.375,-7.101257142857143,low,0.4138,2,0.5789473684210527,True,NOERROR,1,3600,3,2,True,False,0,16276,FR,True,"OVH, SAS",736,1095,True,0,False,False,False,benign,no_adverse_signal
enduljboutique.com,2026-07-12,18,3.3248629576173574,0.0,0,1.0,-8.1863,low,0.4762,3,0.7857142857142857,False,NOERROR,0,,3,2,True,False,0,,,,"Amazon Registrar, Inc.",3,365,True,,,False,False,benign,no_adverse_signal
ruenoensamw.org,2026-07-12,15,3.095795255000934,0.0,0,0.8333333333333334,-7.32741052631579,low,0.4762,2,0.8181818181818182,False,NOERROR,0,,0,2,False,False,0,,,,Dynadot Inc,3,365,False,,,False,,benign,no_adverse_signal
yourhandymanincincinnati.com,2026-07-12,28,3.2406015629507228,0.0,0,0.6,-6.819104444444444,low,0.4324,4,0.5,True,NOERROR,1,300,0,2,False,False,0,13335,US,False,"Cloudflare, Inc.",3,365,True,0,False,False,,benign,no_adverse_signal
exampleroofing.xyz,2026-07-12,18,3.521640636343319,0.0,0,0.75,-6.7199919999999995,high,0.6667,3,0.8571428571428571,True,NOERROR,1,600,0,2,False,False,0,13335,US,False,"NameSilo, LLC",3,365,True,0,False,False,,benign,no_adverse_signal
olympus785hokyy.lat,2026-07-12,19,3.4565647621309536,0.15789473684210525,0,0.3333333333333333,-9.351551851851852,low,0.4167,4,0.8,True,NOERROR,2,300,1,2,False,False,2,13335,US,False,"GoDaddy.com, LLC",4,365,False,0,False,False,False,benign,no_adverse_signal
gpkggonline.info,2026-07-12,16,2.8453509366224368,0.0,0,0.375,-7.539526315789474,medium,0.6316,5,0.7272727272727273,True,NOERROR,1,60,0,0,False,False,0,,,False,,,,,0,False,False,,benign,no_adverse_signal
kelmurex.digital,2026-07-12,16,2.75,0.0,0,0.6,-7.358876923076924,low,0.5714,2,0.875,True,NOERROR,1,300,0,2,False,False,0,206834,DE,False,,,,,19,False,False,,benign,no_adverse_signal
fatdragon.music,2026-07-12,15,2.94770277922009,0.0,0,0.5,-7.328146666666667,low,0.625,3,0.8888888888888888,True,NOERROR,1,3600,0,3,False,False,0,24940,FI,True,INWX GmbH,3,365,True,0,False,False,,benign,no_adverse_signal
verifyquantum.xyz,2026-07-12,17,3.546593564294939,0.0,0,0.625,-7.569304347826087,high,0.5,3,0.9230769230769231,True,NOERROR,2,3600,1,2,True,False,0,16509,US,True,"GMO Internet, Inc.",3,365,True,25,False,True,,malicious,spamhaus_dbl
entityfilebus.xyz,2026-07-12,17,3.238901256602631,0.0,0,0.625,-6.820313043478261,high,0.5217,3,0.7692307692307693,True,NOERROR,2,3600,1,2,True,False,0,16509,US,True,"GMO Internet, Inc.",3,365,True,25,False,False,,benign,no_adverse_signal
csakmoni.com,2026-07-12,12,3.0,0.0,0,0.6,-7.533684615384615,low,0.5714,2,1.0,True,NOERROR,1,900,3,2,True,False,0,16509,US,True,PDR Ltd. d/b/a PublicDomainRegistry.com,3,365,False,0,False,False,False,benign,no_adverse_signal
co-video.sbs,2026-07-12,12,2.75,0.0,1,1.3333333333333333,-7.384746153846153,low,0.6667,1,0.875,True,NOERROR,2,300,0,2,False,False,2,13335,US,False,"HOSTINGER operations, UAB",3,365,False,0,False,False,,benign,no_adverse_signal
pgnmc.my,2026-07-12,8,2.321928094887362,0.0,0,0.0,-9.460899999999999,low,0.5,5,1.0,True,NOERROR,1,3600,0,2,False,False,0,8796,US,False,"Dynadot, LLC",4,365,True,0,False,False,,benign,no_adverse_signal
booktasession.com,2026-07-12,17,2.9689185639620974,0.0,0,0.8571428571428571,-6.6070652173913045,low,0.6,2,0.6923076923076923,True,NOERROR,4,14400,0,4,True,False,0,53831,US,False,Squarespace Domains LLC,3,365,True,21,False,False,,benign,no_adverse_signal
verifybalance.xyz,2026-07-12,17,3.3927474104487847,0.0,0,0.625,-6.6774260869565225,high,0.5,3,0.8461538461538461,True,NOERROR,2,3600,1,2,True,False,0,16509,US,True,"GMO Internet, Inc.",3,365,True,25,False,True,,malicious,spamhaus_dbl
rovellefurlift.com,2026-07-12,18,3.039148671903071,0.0,0,0.5555555555555556,-7.046603999999999,low,0.4615,2,0.6428571428571429,True,NOERROR,1,86400,0,4,False,False,1,13335,CA,True,"TUCOWS.COM, CO.",3,365,True,0,False,False,,benign,no_adverse_signal
ganasy.com,2026-07-12,10,2.2516291673878226,0.0,0,0.5,-6.563033333333333,low,0.6,2,0.8333333333333334,False,NOERROR,0,,0,2,False,False,0,,,,"Cloudflare, Inc.",3,365,True,,,False,,benign,no_adverse_signal
oyfszg.com,2026-07-12,10,2.584962500721156,0.0,0,0.2,-10.3682,low,0.4615,5,1.0,False,NOERROR,0,,0,2,False,False,0,,,,Alibaba Cloud Computing Ltd. d/b/a HiChina (www.net.cn),3,365,False,,,False,,benign,no_adverse_signal
deploymentops.xyz,2026-07-12,17,3.238901256602631,0.0,0,0.4444444444444444,-6.9769695652173915,high,0.4615,2,0.7692307692307693,True,NOERROR,2,3600,1,2,True,False,0,16509,US,True,"GMO Internet, Inc.",3,365,True,25,False,False,,benign,no_adverse_signal
briefcloudly.com,2026-07-12,16,3.4182958340544896,0.0,0,0.5,-7.447014285714286,low,0.6667,3,0.9166666666666666,False,NOERROR,0,,0,2,False,False,0,,,,"Cloudflare, Inc.",3,365,True,,,False,,benign,no_adverse_signal
alhoceima-royal.de,2026-07-12,18,3.32323142879762,0.0,1,1.0,-7.59294074074074,low,0.4545,2,0.7333333333333333,True,NOERROR,1,1800,0,5,False,False,0,16509,US,True,,,,False,0,False,False,,benign,no_adverse_signal
happiness-workbook.com,2026-07-12,22,3.5724312513221195,0.0,1,0.5454545454545454,-7.033757575757576,low,0.5517,3,0.7222222222222222,True,NOERROR,1,100,0,3,True,False,0,48635,NL,True,Realtime Register B.V.,3,365,False,0,False,False,,benign,no_adverse_signal
westbowling.fr,2026-07-12,14,3.2776134368191165,0.0,0,0.375,-6.961468421052632,low,0.5556,3,0.9090909090909091,False,NOERROR,0,,3,2,True,False,0,,,,GANDI,2,364,False,,,False,False,benign,no_adverse_signal
ledgerhair.xyz,2026-07-12,14,2.9219280948873623,0.0,0,0.6666666666666666,-6.976005882352942,high,0.5556,2,0.8,True,NOERROR,2,3600,1,2,True,False,0,16509,US,True,"GMO Internet, Inc.",3,365,True,25,False,False,,benign,no_adverse_signal
beautifulbouquetgenerator.com,2026-07-12,29,3.4936606896881854,0.0,0,1.0833333333333333,-7.195597872340426,low,0.4118,2,0.52,True,NOERROR,2,60,2,2,True,False,2,47583,LT,False,"HOSTINGER operations, UAB",3,365,False,0,False,False,False,benign,no_adverse_signal
mailbuffer.xyz,2026-07-12,14,3.1219280948873624,0.0,0,0.6666666666666666,-7.420635294117647,high,0.5714,2,0.9,True,NOERROR,2,3600,1,2,True,False,0,16509,US,True,"GMO Internet, Inc.",3,365,True,25,False,False,,benign,no_adverse_signal
kismatics.org,2026-07-12,13,2.725480556997868,0.0,0,0.5,-6.426386666666668,low,0.6667,2,0.7777777777777778,True,NOERROR,2,600,0,2,False,False,0,16509,US,True,"GoDaddy.com, LLC",3,365,False,37,False,False,,benign,no_adverse_signal
multi-acker.de,2026-07-12,14,3.459431618637298,0.0,1,0.6666666666666666,-7.273552631578947,low,0.5882,2,1.0,True,NOERROR,1,86400,0,0,False,False,0,14061,DE,False,,,,False,0,False,False,,benign,no_adverse_signal
call127.com,2026-07-12,11,2.5216406363433186,0.2727272727272727,0,0.3333333333333333,-8.479845454545455,low,0.5455,2,0.8571428571428571,True,NOERROR,2,300,0,2,False,False,2,13335,US,False,"Cloudflare, Inc.",4,365,True,0,False,False,,benign,no_adverse_signal
處理器.com,2026-07-12,7,1.584962500721156,0.0,0,0.0,-15.7755,low,0.0,3,1.0,True,NOERROR,1,300,0,2,False,False,0,206834,DE,False,Dynadot Inc,3,365,False,19,False,False,,benign,no_adverse_signal
coolkidsbuybooks.com,2026-07-12,20,3.125,0.0,0,0.6,-7.636203448275863,low,0.4667,3,0.625,True,NOERROR,2,3600,0,2,False,False,0,16509,US,True,"GoDaddy.com, LLC",3,365,False,22,False,False,,benign,no_adverse_signal
energyzerbyamericanfitness.com,2026-07-12,30,3.5804621997271013,0.0,0,0.5294117647058824,-7.0245326530612235,low,0.4615,4,0.5384615384615384,True,NOERROR,2,84600,0,3,False,False,0,19551,US,True,Marcaria International LLC,3,1826,True,0,False,False,,benign,no_adverse_signal
thenakamura.com,2026-07-12,15,3.027169118440619,0.0,0,0.8333333333333334,-6.816310526315789,low,0.5882,2,0.8181818181818182,True,NOERROR,2,3600,0,2,False,False,0,16509,US,True,"GoDaddy.com, LLC",3,365,False,22,False,False,,benign,no_adverse_signal
workinghealth.xyz,2026-07-12,17,3.546593564294939,0.0,0,0.4444444444444444,-6.5478130434782615,high,0.6316,3,0.9230769230769231,True,NOERROR,2,3600,1,2,True,False,0,16509,US,True,"GMO Internet, Inc.",3,365,True,63,False,False,,malicious,abuseipdb
thecreativecube.art,2026-07-12,19,3.106890595608518,0.0,0,0.875,-6.540096296296296,low,0.6,2,0.6666666666666666,True,NOERROR,2,23,1,4,False,False,0,16509,US,True,Porkbun LLC,3,365,False,1,False,False,False,benign,no_adverse_signal
revantclientes.com.br,2026-07-12,21,3.182005814760214,0.0,0,0.5555555555555556,-6.433955999999999,low,0.5,4,0.7142857142857143,True,NOERROR,1,14400,1,2,True,False,0,31898,BR,True,,5,365,False,0,False,False,False,benign,no_adverse_signal
massalubrenseapartments.com,2026-07-12,27,3.2733494559629497,0.0,0,0.5333333333333333,-6.563616279069768,low,0.5263,3,0.4782608695652174,True,NOERROR,1,3600,3,2,True,False,1,16276,FR,True,"OVH, SAS",3,365,True,0,False,False,False,benign,no_adverse_signal
spartanoath.com,2026-07-12,15,2.8453509366224368,0.0,0,0.5714285714285714,-6.522368421052631,low,0.5263,2,0.7272727272727273,True,NOERROR,1,86400,0,4,False,False,1,13335,CA,True,"TUCOWS.COM, CO.",3,365,True,0,False,False,,benign,no_adverse_signal
cisslelm.website,2026-07-12,16,2.5,0.0,0,0.3333333333333333,-7.3818230769230775,low,0.5263,3,0.75,True,NOERROR,2,300,0,2,False,False,2,13335,US,False,NAMECHEAP INC,3,365,True,0,False,False,,benign,no_adverse_signal
tidetrustbankonline.com,2026-07-12,23,3.536886723742167,0.0,0,0.5833333333333334,-6.436411428571429,low,0.6,3,0.6842105263157895,True,NOERROR,1,14400,1,2,True,False,0,16276,FR,True,"Gransy, s.r.o.",3,365,False,1,,True,False,malicious,spamhaus_dbl
memoire-guigui.xyz,2026-07-12,18,2.8962915290459277,0.0,1,1.6,-7.724216,high,0.4444,1,0.5714285714285714,True,NOERROR,2,300,5,2,True,False,0,16509,US,True,NAMECHEAP INC,3,365,True,7,False,False,False,benign,no_adverse_signal
nostersemis.cfd,2026-07-12,15,2.8453509366224368,0.0,0,0.5714285714285714,-6.209263157894736,low,0.5556,2,0.7272727272727273,False,NOERROR,0,,0,0,False,False,0,,,,URL SOLUTIONS INC.,3,365,True,,,True,,malicious,spamhaus_dbl
vibby.ru,2026-07-12,8,1.9219280948873623,0.0,0,0.25,-8.046342857142857,low,0.5,3,0.8,True,NOERROR,1,86400,0,2,False,False,0,29182,RU,True,REGRU-RU,4,365,False,0,False,False,,benign,no_adverse_signal
mapan888apk.com,2026-07-12,15,2.413088436425758,0.2,0,0.6,-8.21671052631579,low,0.4,2,0.5454545454545454,True,NOERROR,2,300,0,2,False,False,2,13335,US,False,Dominet (HK) Limited,3,365,False,0,False,False,,benign,no_adverse_signal
dkjda.vip,2026-07-12,9,1.9219280948873623,0.0,0,0.25,-9.835400000000002,low,0.5,4,0.8,True,NOERROR,1,600,0,2,False,False,0,45753,HK,False,Dynadot Inc,3,365,True,0,False,False,,benign,no_adverse_signal
udderlyme.blog,2026-07-12,14,2.725480556997868,0.0,0,0.5,-7.332786666666666,low,0.5714,4,0.7777777777777778,True,NOERROR,2,300,0,2,False,False,2,13335,US,False,"Spaceship, Inc.",3,365,True,0,False,False,,benign,no_adverse_signal
getlovegc.net,2026-07-12,13,2.725480556997868,0.0,0,0.5,-7.339953333333333,low,0.5263,2,0.7777777777777778,True,NOERROR,3,3600,0,2,False,False,0,58182,US,True,Wix.com Ltd.,3,365,True,18,False,False,,benign,no_adverse_signal
pf97935126ah3.vip,2026-07-12,17,3.3927474104487847,0.5294117647058824,0,0.3333333333333333,-11.668752173913044,low,0.3158,2,0.8461538461538461,False,NOERROR,0,,0,2,False,False,0,,,,Gname.com Pte. Ltd.,3,365,True,,,False,,benign,no_adverse_signal
gamersgain.xyz,2026-07-12,14,2.9219280948873623,0.0,0,0.6666666666666666,-6.500211764705883,high,0.625,3,0.8,True,NOERROR,2,3600,1,2,True,False,0,16509,US,True,"GMO Internet, Inc.",3,365,True,25,False,False,,benign,no_adverse_signal
a77abc.org,2026-07-12,10,1.9182958340544893,0.2,0,1.0,-9.564366666666666,low,0.5,2,0.6666666666666666,True,NOERROR,2,300,0,2,False,False,2,13335,US,False,Dynadot Inc,3,365,False,0,False,False,,benign,no_adverse_signal
warehousehostel.com,2026-07-12,19,3.189898095464287,0.0,0,0.875,-6.49008888888889,low,0.4828,2,0.6666666666666666,True,NOERROR,1,1800,0,0,False,False,0,58182,US,True,Wix.com Ltd.,1468,1826,True,0,False,False,,benign,no_adverse_signal
javieripas.com,2026-07-12,14,2.9219280948873623,0.0,0,1.0,-6.631341176470588,low,0.5556,1,0.8,True,NOERROR,1,1800,5,2,True,False,0,54113,US,False,NAMECHEAP INC,3,365,True,0,False,False,False,benign,no_adverse_signal
desmosit.ai,2026-07-12,11,2.75,0.0,0,0.6,-6.688438461538461,low,0.5882,2,0.875,True,NOERROR,2,600,0,2,False,False,0,16509,US,True,"GoDaddy.com, LLC",14,731,True,37,False,False,,benign,no_adverse_signal
llmlakes.xyz,2026-07-12,12,2.4056390622295662,0.0,0,0.3333333333333333,-7.780592307692308,high,0.5,4,0.75,True,NOERROR,2,3600,1,2,True,False,0,16509,US,True,"GMO Internet, Inc.",3,365,True,25,False,False,,benign,no_adverse_signal
pwnubali.org,2026-07-12,12,3.0,0.0,0,0.6,-8.171623076923076,low,0.625,3,1.0,True,NOERROR,1,1800,5,2,True,False,0,22612,US,False,NAMECHEAP INC,3,365,True,0,False,False,False,benign,no_adverse_signal
timeshiftservices.online,2026-07-12,24,3.1307179879273748,0.0,0,0.5454545454545454,-6.494735483870968,medium,0.6667,3,0.5882352941176471,True,NOERROR,1,3600,2,4,True,False,0,397273,US,False,IONOS SE,4,365,False,16,False,False,False,benign,no_adverse_signal
allyearcash.com,2026-07-12,15,2.845350936622437,0.0,0,0.5714285714285714,-6.691047368421052,low,0.5263,3,0.7272727272727273,True,NOERROR,1,300,2,2,True,False,0,13335,DE,True,DropCatch.com 1520 LLC,3,1096,True,32,False,False,False,benign,no_adverse_signal
phigenicsllcphiw.com.de,2026-07-12,23,1.584962500721156,0.0,0,0.5,-5.649566666666666,low,0.6,1,1.0,True,NOERROR,2,300,0,2,False,False,2,13335,US,False,,,,False,0,False,False,,benign,no_adverse_signal
selenapalmiro.art,2026-07-12,17,3.238901256602631,0.0,0,0.8571428571428571,-6.729460869565218,low,0.5217,2,0.7692307692307693,True,NOERROR,4,14400,1,4,True,False,0,53831,US,False,Squarespace Domains II LLC,3,365,True,21,False,False,False,benign,no_adverse_signal
varimport.com,2026-07-12,13,2.94770277922009,0.0,0,0.5,-6.459813333333333,low,0.5714,2,0.8888888888888888,True,NOERROR,2,3600,1,2,True,False,0,16509,US,True,"GoDaddy.com, LLC",3,365,False,63,False,False,,malicious,abuseipdb
torinost.com,2026-07-12,12,2.5,0.0,0,0.6,-5.906984615384616,low,0.5455,2,0.75,True,NOERROR,1,600,0,2,False,False,0,13335,CA,True,"GoDaddy.com, LLC",3,365,False,0,False,False,,benign,no_adverse_signal
dustandiron.net,2026-07-12,15,3.0957952550009344,0.0,0,0.5714285714285714,-6.267778947368421,low,0.5714,2,0.8181818181818182,True,NOERROR,1,600,1,2,False,False,0,47846,DE,False,IONOS SE,370,730,True,0,False,False,False,benign,no_adverse_signal
last-call.org,2026-07-12,13,2.4193819456463714,0.0,1,0.3333333333333333,-6.50776,low,0.56,2,0.6666666666666666,True,NOERROR,4,600,0,4,False,False,0,54113,US,True,Porkbun LLC,3,365,False,22,False,False,,benign,no_adverse_signal
pacificlandsea.com,2026-07-12,18,3.182005814760214,0.0,0,0.75,-6.698696,low,0.5,3,0.7142857142857143,True,NOERROR,2,600,0,2,False,False,0,16509,US,True,"GoDaddy.com, LLC",3,365,False,37,False,False,,benign,no_adverse_signal
armazeholding.com,2026-07-12,17,3.5465935642949384,0.0,0,0.625,-6.986639130434782,low,0.6316,2,0.9230769230769231,True,NOERROR,4,600,1,2,True,False,0,54113,US,True,"GoDaddy.com, LLC",3,365,False,22,False,False,False,benign,no_adverse_signal
dimitripala.com,2026-07-12,15,2.8453509366224368,0.0,0,0.8333333333333334,-6.6793736842105265,low,0.5,2,0.7272727272727273,False,NOERROR,0,,0,2,False,False,0,,,,"Cloudflare, Inc.",3,365,True,,,False,,benign,no_adverse_signal
visionai.art,2026-07-12,12,2.4056390622295662,0.0,0,1.6666666666666667,-6.287346153846154,low,0.6667,1,0.75,True,NOERROR,2,3600,1,2,True,False,0,16509,US,True,"GoDaddy.com, LLC",4,365,True,63,False,False,,malicious,abuseipdb
insulinindex.com,2026-07-12,16,2.792481250360578,0.0,0,0.7142857142857143,-6.3052238095238105,low,0.5,2,0.6666666666666666,False,NOERROR,0,,0,2,False,False,0,,,,Gname 329 Inc,3,365,False,,,False,,benign,no_adverse_signal
92930796.com,2026-07-12,12,2.4056390622295662,0.6666666666666666,0,0.0,-11.372661538461537,low,0.3636,0,0.75,False,NOERROR,0,,0,2,False,False,0,,,,NAMECHEAP INC,3,365,True,,,False,,benign,no_adverse_signal
udo5wz.beer,2026-07-12,11,2.584962500721156,0.09090909090909091,0,0.6666666666666666,-10.8263,low,0.5,2,1.0,True,NOERROR,5,25,0,2,False,False,0,138415,HK,False,Dynadot Inc,3,365,True,0,False,False,,benign,no_adverse_signal
spacenexusxos.com,2026-07-12,17,3.0269868333592873,0.0,0,0.625,-7.501873913043479,low,0.4615,2,0.6923076923076923,True,NOERROR,1,600,0,2,False,False,0,45102,SG,False,"DNSPod, Inc.",3,365,False,0,False,False,,benign,no_adverse_signal
mentormain.xyz,2026-07-12,14,2.9219280948873623,0.0,0,0.6666666666666666,-5.972752941176471,high,0.625,2,0.8,True,NOERROR,2,3600,1,2,True,False,0,16509,US,True,"GMO Internet, Inc.",3,365,True,25,False,False,,benign,no_adverse_signal
venilio.net,2026-07-12,11,2.521640636343318,0.0,0,1.3333333333333333,-6.552536363636364,low,0.5714,1,0.8571428571428571,True,NOERROR,1,21600,1,4,True,False,1,210403,FR,False,LWS dba Ligne Web Services,463,730,False,0,False,False,False,benign,no_adverse_signal
hybriswear.com,2026-07-12,14,3.121928094887362,0.0,0,0.42857142857142855,-7.422735294117647,low,0.4762,4,0.9,True,NOERROR,2,300,0,2,False,False,2,13335,US,False,"Gransy, s.r.o.",3,365,False,0,False,False,,benign,no_adverse_signal
arnistonspahotel.com,2026-07-12,20,3.375,0.0,0,0.6,-6.485706896551724,low,0.4667,3,0.6875,False,NOERROR,0,,2,2,True,False,0,,,,"Spaceship, Inc.",3,365,False,,,False,False,benign,no_adverse_signal
syriabusinessnews.net,2026-07-12,21,3.051601636871704,0.0,0,0.5454545454545454,-6.8360806451612905,low,0.625,3,0.5882352941176471,True,NOERROR,2,600,0,2,False,False,0,16509,US,True,"GoDaddy.com, LLC",4,365,False,37,False,False,,benign,no_adverse_signal
cupoax.xyz,2026-07-12,10,2.584962500721156,0.0,0,1.0,-8.191233333333335,high,0.5455,1,1.0,False,NOERROR,0,,0,2,False,False,0,,,,"Spaceship, Inc.",3,365,False,,,False,,benign,no_adverse_signal
freakclaim.xyz,2026-07-12,14,3.121928094887362,0.0,0,0.6666666666666666,-7.203135294117647,high,0.5714,3,0.9,True,NOERROR,2,3600,1,2,True,False,0,16509,US,True,"GMO Internet, Inc.",3,365,True,25,False,False,,benign,no_adverse_signal
bajio-co.com,2026-07-12,12,2.75,0.0,1,1.3333333333333333,-7.9321153846153845,low,0.5,1,0.875,True,NOERROR,4,14400,1,4,True,False,0,53831,US,False,Squarespace Domains II LLC,3,365,True,21,False,False,False,benign,no_adverse_signal
innatewear.com,2026-07-12,14,2.721928094887362,0.0,0,1.0,-6.571388235294117,low,0.5455,2,0.7,True,NOERROR,2,300,0,2,False,False,0,16509,US,True,"Spaceship, Inc.",3,365,False,1,False,False,,benign,no_adverse_signal
njlwjq.com,2026-07-12,10,2.2516291673878226,0.0,0,0.0,-11.221422222222223,low,0.3636,6,0.8333333333333334,False,NOERROR,0,,0,4,False,False,0,,,,"Amazon Registrar, Inc.",3,365,True,,,False,,benign,no_adverse_signal
electraapps.studio,2026-07-12,18,2.9139770731827523,0.0,0,0.5714285714285714,-6.7165,low,0.5263,3,0.7272727272727273,False,NOERROR,0,,3,2,True,False,0,,,,,,,False,,,False,False,benign,no_adverse_signal
puffforless.com,2026-07-12,15,2.8453509366224368,0.0,0,0.375,-7.443668421052632,low,0.5882,3,0.7272727272727273,True,NOERROR,2,3600,0,2,False,False,0,16509,US,True,"GoDaddy.com, LLC",3,1096,False,22,False,False,,benign,no_adverse_signal
krassvegan.com,2026-07-12,14,2.9219280948873623,0.0,0,0.42857142857142855,-7.213288235294118,low,0.5333,3,0.8,True,NOERROR,1,86400,1,2,False,False,0,,,False,Vautron Rechenzentrum AG,3,365,True,0,False,False,False,benign,no_adverse_signal
meetaireal.com,2026-07-12,14,2.6464393446710153,0.0,0,1.5,-6.219176470588235,low,0.5714,1,0.7,True,NOERROR,2,600,0,2,False,False,0,16509,US,True,"GoDaddy.com, LLC",3,365,False,37,False,False,,benign,no_adverse_signal
precariums.com,2026-07-12,14,3.121928094887362,0.0,0,0.6666666666666666,-6.6850941176470595,low,0.5,2,0.9,True,NOERROR,2,600,0,2,False,False,0,16509,US,True,"GoDaddy.com, LLC",3,365,False,37,False,False,,benign,no_adverse_signal
deployquantum.xyz,2026-07-12,17,3.546593564294939,0.0,0,0.625,-7.795408695652173,high,0.4444,2,0.9230769230769231,False,timeout,0,,1,2,True,False,0,,,,"GMO Internet, Inc.",3,365,True,,,False,,benign,no_adverse_signal
cleanspark-wp.com,2026-07-12,17,3.3927474104487847,0.0,1,0.3333333333333333,-7.263921739130435,low,0.5,3,0.8461538461538461,True,NOERROR,2,300,0,2,False,False,2,13335,US,False,"Gransy, s.r.o.",3,365,False,0,False,False,,benign,no_adverse_signal
datboijonni.com,2026-07-12,15,2.913977073182752,0.0,0,0.8333333333333334,-7.807078947368421,low,0.5455,2,0.7272727272727273,True,NOERROR,2,300,5,2,True,False,0,16509,US,True,NAMECHEAP INC,3,365,True,7,False,False,False,benign,no_adverse_signal
clipairobo.xyz,2026-07-12,14,2.9219280948873623,0.0,0,1.0,-6.861711764705882,high,0.5333,2,0.8,True,NOERROR,2,3600,1,2,True,False,0,16509,US,True,"GMO Internet, Inc.",4,365,True,25,False,False,,benign,no_adverse_signal
padelempower.com,2026-07-12,16,3.0220552088742,0.0,0,0.7142857142857143,-6.671523809523809,low,0.5833,2,0.75,True,NOERROR,1,10800,0,2,False,False,0,16509,US,True,"Gransy, s.r.o.",4,365,False,23,False,False,,benign,no_adverse_signal
theclubhouselogin.com,2026-07-12,21,3.4992275471326932,0.0,0,0.7,-6.8103741935483875,low,0.4444,2,0.7058823529411765,True,NOERROR,1,1800,0,2,False,False,0,20473,AU,True,"Spaceship, Inc.",3,365,False,0,False,False,,benign,no_adverse_signal
ganttry.app,2026-07-12,11,2.521640636343318,0.0,0,0.16666666666666666,-6.8870272727272726,low,0.6154,5,0.8571428571428571,False,NOERROR,0,,0,2,False,False,0,,,,,,,False,,,False,,benign,no_adverse_signal
subreceipt.com,2026-07-12,14,3.121928094887362,0.0,0,0.6666666666666666,-7.403711764705882,low,0.5263,2,0.9,True,NOERROR,2,300,2,2,True,False,2,13335,US,False,"GoDaddy.com, LLC",3,365,False,0,False,False,True,benign,no_adverse_signal
sviyaga.com,2026-07-12,11,2.521640636343318,0.0,0,0.75,-8.043427272727273,low,0.5455,2,0.8571428571428571,False,NOERROR,0,,0,2,False,False,0,,,,Registrar of Domain Names REG.RU LLC,3,365,False,,,False,,benign,no_adverse_signal
pcnurotendao.org,2026-07-12,16,3.2516291673878226,0.0,0,0.7142857142857143,-7.2984857142857145,low,0.5556,3,0.8333333333333334,True,NOERROR,1,1800,5,2,True,False,0,22612,US,False,NAMECHEAP INC,3,365,True,0,False,False,False,benign,no_adverse_signal
genllm.xyz,2026-07-12,10,2.251629167387823,0.0,0,0.2,-7.628333333333334,high,0.6,4,0.8333333333333334,True,NOERROR,2,3600,1,2,True,False,0,16509,US,True,"GMO Internet, Inc.",4,365,True,25,False,False,,benign,no_adverse_signal
d7i4p6a2s9.monster,2026-07-12,18,3.321928094887362,0.2777777777777778,0,0.6666666666666666,-12.863370588235295,low,0.4211,1,1.0,True,NOERROR,1,1,0,2,False,True,0,134365,HK,False,Alibaba Cloud Computing Ltd. d/b/a HiChina (www.net.cn),3,365,False,0,False,False,,benign,no_adverse_signal
findthecheapesthealthcareinsurance.com,2026-07-12,38,3.5646852674027705,0.0,0,0.6190476190476191,-6.511032307692308,low,0.3774,4,0.4117647058823529,True,NOERROR,2,600,0,2,False,False,0,16509,US,True,"GoDaddy.com, LLC",3,365,False,37,False,False,,benign,no_adverse_signal
12game365.com,2026-07-12,13,3.169925001442312,0.38461538461538464,0,1.0,-8.483833333333333,low,0.4706,1,1.0,True,NOERROR,2,300,0,2,False,False,2,13335,US,False,Dynadot Inc,3,365,False,0,False,False,,benign,no_adverse_signal
ferradj.net,2026-07-12,11,2.5216406363433186,0.0,0,0.4,-7.219481818181818,low,0.5,2,0.8571428571428571,False,NOERROR,0,,3,2,True,False,0,,,,"Amazon Registrar, Inc.",3,365,True,,,False,False,benign,no_adverse_signal
memereum.com,2026-07-12,12,1.811278124459133,0.0,0,1.0,-6.694807692307692,low,0.6154,1,0.5,True,NOERROR,1,21600,0,2,False,False,0,17589,KR,False,DropCatch.com 526 LLC,3,365,False,0,True,False,,malicious,spamhaus_zen
em3.fun,2026-07-12,7,1.584962500721156,0.14285714285714285,0,1.0,-9.5953,low,0.5714,1,1.0,False,NXDOMAIN,0,,0,0,False,False,0,,,,,,,False,,,False,,benign,no_adverse_signal
ewagiqib.shop,2026-07-12,13,2.75,0.0,0,1.0,-8.793115384615385,low,0.5,1,0.875,True,NOERROR,1,1800,0,2,False,False,0,396073,US,True,,,,False,0,False,False,,benign,no_adverse_signal
tenoriaxdealresource.lat,2026-07-12,24,3.4841837197791885,0.0,0,1.0,-7.027059459459459,low,0.5333,2,0.65,True,NOERROR,3,3603,0,3,False,False,0,63949,US,True,"NameSilo, LLC",3,365,True,0,False,False,,benign,no_adverse_signal
new-org.net,2026-07-12,11,2.807354922057604,0.0,1,0.5,-8.105509090909091,low,0.5556,2,1.0,True,NOERROR,4,14400,1,4,True,False,0,53831,US,False,Squarespace Domains II LLC,3,365,True,21,False,False,False,benign,no_adverse_signal
njwf32jnjfa1.com,2026-07-12,16,2.8553885422075336,0.1875,0,0.125,-11.540142857142857,low,0.2857,4,0.6666666666666666,True,NOERROR,2,300,0,2,False,False,2,13335,US,False,"Cloudflare, Inc.",3,365,True,0,False,False,,benign,no_adverse_signal
yangyunke.uk,2026-07-12,12,2.725480556997868,0.0,0,0.5,-7.414646666666667,low,0.5333,3,0.7777777777777778,True,NOERROR,2,300,2,2,True,False,2,13335,US,False,"Cloudflare, Inc. [Tag = CLOUDFLARE]",6,365,False,0,False,False,True,benign,no_adverse_signal
familiarandfringe.com,2026-07-12,21,3.1751231351134614,0.0,0,0.7,-6.520770967741935,low,0.5,4,0.5882352941176471,True,NOERROR,1,60,2,4,True,False,0,54113,US,False,IONOS SE,3,365,True,0,False,False,False,benign,no_adverse_signal
gaiancient.xyz,2026-07-12,14,2.721928094887362,0.0,0,1.0,-6.567517647058824,high,0.56,2,0.7,True,NOERROR,2,3600,1,2,True,False,0,16509,US,True,"GMO Internet, Inc.",3,365,True,25,False,False,,benign,no_adverse_signal
theaiboxcompany.co.uk,2026-07-12,21,3.640223928941851,0.0,0,0.6666666666666666,-7.0545888888888895,low,0.5517,2,0.8666666666666667,True,NOERROR,1,50,0,2,False,False,0,47583,CY,False,Realtime Register BV t/a Axidomains [Tag = AXIDOMAINS],5,365,False,31,False,False,,benign,no_adverse_signal
helloconnectoneai.help,2026-07-12,22,3.0130709291038453,0.0,0,0.8888888888888888,-6.405374193548387,low,0.5,2,0.5294117647058824,True,NOERROR,2,300,1,2,True,False,2,13335,US,False,Porkbun LLC,3,365,False,0,False,False,False,benign,no_adverse_signal
fbbajee.net,2026-07-12,11,2.2359263506290326,0.0,0,0.75,-8.590345454545455,low,0.5,3,0.7142857142857143,True,NOERROR,1,300,0,2,False,False,0,206834,DE,False,Dynadot Inc,4,365,False,19,False,False,,benign,no_adverse_signal
rivven.shop,2026-07-12,11,2.2516291673878226,0.0,0,0.5,-7.777377777777777,low,0.6154,2,0.8333333333333334,True,NOERROR,1,60,0,2,False,False,0,13335,CA,True,,,,False,0,False,False,,benign,no_adverse_signal
axiejoy.com,2026-07-12,11,2.807354922057604,0.0,0,1.3333333333333333,-8.499163636363635,low,0.5,1,1.0,False,NOERROR,0,,3,2,True,False,0,,,,"Amazon Registrar, Inc.",3,365,True,,,False,False,benign,no_adverse_signal
rasdent.in,2026-07-12,10,2.807354922057604,0.0,0,0.4,-6.422545454545454,low,0.6154,2,1.0,True,NOERROR,1,600,0,2,False,False,0,16509,US,False,GoDaddy,5,1096,False,0,False,False,,benign,no_adverse_signal
migrationassurance.com,2026-07-12,22,3.461320140211008,0.0,0,0.8,-6.390787878787879,low,0.5185,2,0.6666666666666666,True,NOERROR,4,600,0,2,False,False,0,54113,US,True,"GoDaddy.com, LLC",3,1096,False,41,False,False,,benign,no_adverse_signal
hlesport3789b2.online,2026-07-12,21,3.8073549220576055,0.23809523809523808,0,0.2857142857142857,-8.702148,medium,0.4762,2,1.0,True,NOERROR,2,300,0,2,False,False,2,13335,US,False,"Spaceship, Inc.",3,365,False,0,False,False,,benign,no_adverse_signal
capybarabudgets.com,2026-07-12,19,3.4565647621309536,0.0,0,0.5,-7.268514814814814,low,0.48,3,0.8,True,NOERROR,1,86400,0,4,False,False,1,13335,CA,True,"TUCOWS.COM, CO.",3,365,True,0,False,False,,benign,no_adverse_signal
contextcortex.xyz,2026-07-12,17,2.7192945256669794,0.0,0,0.4444444444444444,-6.4888391304347826,high,0.4545,3,0.5384615384615384,True,NOERROR,2,3600,1,2,True,False,0,16509,US,True,"GMO Internet, Inc.",3,365,True,25,False,False,,benign,no_adverse_signal
otakulogia.com,2026-07-12,14,2.9219280948873623,0.0,0,1.5,-7.1859,low,0.5263,1,0.8,True,NOERROR,1,600,0,2,False,False,0,14061,US,False,"GoDaddy.com, LLC",3,365,False,0,False,False,,benign,no_adverse_signal
yal777.vip,2026-07-12,10,1.792481250360578,0.3,0,0.5,-8.839300000000001,low,0.5,1,0.6666666666666666,True,NOERROR,2,300,0,2,False,False,2,13335,US,False,Dynadot Inc,3,365,True,0,False,False,,benign,no_adverse_signal
sublimeidolshair.com,2026-07-12,20,3.452819531114783,0.0,0,0.7777777777777778,-6.9653586206896545,low,0.6154,3,0.75,False,NOERROR,0,,3,2,True,False,0,,,,"GMO Internet, Inc.",3,365,True,,,False,False,benign,no_adverse_signal
pacificpetsit.xyz,2026-07-12,17,2.8731406795131336,0.0,0,0.625,-7.088556521739131,high,0.4762,2,0.6153846153846154,True,NOERROR,2,600,0,2,False,False,0,16509,US,True,"GoDaddy.com, LLC",3,365,False,37,False,False,,benign,no_adverse_signal
redteamcipher.xyz,2026-07-12,17,3.180832987205441,0.0,0,0.625,-7.211373913043479,high,0.56,2,0.7692307692307693,True,NOERROR,2,3600,1,2,True,False,0,16509,US,True,"GMO Internet, Inc.",3,365,True,25,False,False,,benign,no_adverse_signal
brode2sacrecoeur.com,2026-07-12,20,3.1556390622295662,0.05,0,0.875,-7.804399999999999,low,0.4615,2,0.625,True,NOERROR,1,14400,1,2,True,False,0,36666,CA,True,WHC Online Solutions Inc,3,365,True,0,False,False,False,benign,no_adverse_signal
103075.cc,2026-07-12,9,2.2516291673878226,0.6666666666666666,0,0.0,-11.046655555555555,low,0.4444,0,0.8333333333333334,True,NOERROR,1,60,0,2,False,True,0,9294,US,False,Dynadot Inc,3,365,False,0,True,False,,malicious,spamhaus_zen
solucioneshd.com.mx,2026-07-12,19,3.2516291673878226,0.0,0,0.7142857142857143,-6.832914285714286,low,0.5455,3,0.8333333333333334,False,NOERROR,0,,3,2,True,False,0,,,,NEUBOX Internet SA de CV,5,365,False,,,False,False,benign,no_adverse_signal
bargainbarnexpress.info,2026-07-12,23,3.197159723424149,0.0,0,0.5,-6.729639393939394,medium,0.6429,3,0.5555555555555556,True,NOERROR,2,600,0,2,False,False,0,16509,US,True,,,,,37,False,False,,benign,no_adverse_signal
rishika-m.com,2026-07-12,13,2.94770277922009,0.0,1,0.6,-7.26492,low,0.4615,2,0.8888888888888888,True,NOERROR,2,120,0,4,False,False,0,16509,DE,True,"Name.com, Inc.",3,365,True,15,False,False,,benign,no_adverse_signal
boschway.ru,2026-07-12,11,3.0,0.0,0,0.3333333333333333,-7.253615384615385,low,0.5,4,1.0,True,NOERROR,1,86400,0,2,False,False,0,50340,RU,True,REGRU-RU,4,365,False,0,False,False,,benign,no_adverse_signal
111087-crypto.com,2026-07-12,17,3.334679141051595,0.35294117647058826,1,0.2,-9.38578695652174,low,0.4706,5,0.8461538461538461,True,NOERROR,2,300,0,2,False,False,2,13335,US,False,Dynadot Inc,3,365,False,0,False,False,,benign,no_adverse_signal
builtbydbh.com,2026-07-12,14,2.8464393446710154,0.0,0,0.25,-8.749123529411763,low,0.5882,7,0.8,True,NOERROR,2,3600,0,2,False,False,0,16509,US,True,"GoDaddy.com, LLC",3,365,False,0,False,False,,benign,no_adverse_signal
pokont.com,2026-07-12,10,2.2516291673878226,0.0,0,0.5,-6.809633333333333,low,0.6,2,0.8333333333333334,True,NOERROR,2,300,0,2,False,False,2,13335,US,False,Dynadot Inc,3,365,False,0,False,False,,benign,no_adverse_signal
jmails.shop,2026-07-12,11,2.584962500721156,0.0,0,0.5,-7.398977777777778,low,0.8,2,1.0,True,NOERROR,1,50,1,2,False,False,0,47583,CY,False,,,,False,31,False,False,False,benign,no_adverse_signal
openrender.id,2026-07-12,13,2.4464393446710155,0.0,0,0.6666666666666666,-6.380864705882352,low,0.5882,2,0.6,True,NOERROR,2,300,0,2,False,False,2,13335,US,False,,,,False,0,False,False,,benign,no_adverse_signal
maincherry.xyz,2026-07-12,14,3.1219280948873624,0.0,0,0.42857142857142855,-6.455158823529412,high,0.5455,3,0.9,True,NOERROR,2,3600,1,2,True,False,0,16509,US,True,"GMO Internet, Inc.",3,365,True,25,False,False,,benign,no_adverse_signal
macschecker.com,2026-07-12,15,2.8453509366224368,0.0,0,0.375,-6.686821052631579,low,0.4762,4,0.7272727272727273,True,NOERROR,1,14400,3,2,True,False,0,22612,US,True,NAMECHEAP INC,3,365,True,0,False,False,False,benign,no_adverse_signal
vayalabs.io,2026-07-12,11,2.4056390622295662,0.0,0,0.6,-7.111423076923076,low,0.6667,2,0.75,True,NOERROR,1,3600,0,2,False,False,0,16509,US,False,"GoDaddy.com, LLC",4,365,True,0,False,False,,benign,no_adverse_signal
360av.com.br,2026-07-12,12,2.321928094887362,0.25,0,1.0,-9.649514285714286,low,0.75,1,1.0,True,NOERROR,1,3600,4,3,True,False,0,27715,BR,False,,5,365,False,0,False,False,False,benign,no_adverse_signal
staywell.pro,2026-07-12,12,2.75,0.0,0,0.3333333333333333,-6.989623076923077,low,0.5,2,0.875,True,NOERROR,1,3600,3,2,True,False,0,16509,US,False,,,,,0,False,False,False,benign,no_adverse_signal
alpha-infotechs.com,2026-07-12,19,3.640223928941851,0.0,1,0.5555555555555556,-7.157525925925926,low,0.56,3,0.8666666666666667,True,NOERROR,2,3600,0,2,False,False,0,16509,US,True,"GoDaddy.com, LLC",3,365,False,22,False,False,,benign,no_adverse_signal
3614.pw,2026-07-12,7,2.0,0.5714285714285714,0,0.0,-10.76346,low,0.5714,0,1.0,True,NOERROR,1,300,0,2,False,False,0,201501,MH,False,Dynadot Inc,3,365,False,0,True,True,,malicious,spamhaus_zen
interodigitalmediahubco.com,2026-07-12,27,3.7409532604048397,0.0,0,0.9166666666666666,-6.650339534883721,low,0.4516,2,0.6521739130434783,True,NOERROR,2,300,4,2,True,False,2,13335,US,False,"Cloudflare, Inc.",3,365,True,0,False,False,False,benign,no_adverse_signal
becomeamplified.com,2026-07-12,19,3.323231428797621,0.0,0,0.875,-6.751159259259259,low,0.5455,3,0.7333333333333333,True,NOERROR,1,1800,0,0,False,False,0,58182,US,True,Wix.com Ltd.,372,730,False,0,False,False,,benign,no_adverse_signal
powetr.pro,2026-07-12,10,2.584962500721156,0.0,0,0.5,-6.850844444444444,low,0.6154,2,1.0,True,NOERROR,1,28800,0,5,False,False,0,207569,FI,True,,,,,0,False,False,,benign,no_adverse_signal
deafinfo.ca,2026-07-12,11,2.75,0.0,0,1.0,-6.865715384615385,low,0.5714,2,0.875,True,NOERROR,1,14440,1,2,True,False,0,397181,CA,True,WHC Online Solutions Inc.,13,365,True,0,False,False,False,benign,no_adverse_signal
