domain,date_collected,domain_length,shannon_entropy,digit_ratio,hyphen_count,vowel_consonant_ratio,ngram_score,tld_risk_category,typosquatting_similarity,longest_consonant_run,unique_char_ratio,resolves_flag,rcode,num_a_records,min_ttl,mx_count,num_ns,has_spf,cname_present,num_aaaa_records,asn,geo_country,ptr_present,registrar,domain_age_days,registration_duration_days,privacy_protection_flag,abuseipdb_score,spamhaus_zen_listed,spamhaus_dbl_listed,mx_spamhaus_zen_listed,label,label_reason
piperactiv.com,2026-07-28,14,2.9219280948873623,0.0,0,0.6666666666666666,-6.481541176470588,low,0.7273,2,0.8,True,NOERROR,4,14400,5,4,False,False,0,53831,US,False,Squarespace Domains LLC,4,1096,True,40,False,False,False,benign,no_adverse_signal
pradeshdarpan.com,2026-07-28,17,2.873140679513133,0.0,0,0.4444444444444444,-6.831934782608696,low,0.5217,3,0.6153846153846154,False,NOERROR,0,,0,2,False,False,0,,,,"Cloudflare, Inc.",4,365,True,,,False,,benign,no_adverse_signal
neloraxieva.world,2026-07-28,17,3.0957952550009344,0.0,0,1.2,-7.231126315789474,low,0.5217,1,0.8181818181818182,True,NOERROR,1,1800,5,2,True,False,0,22612,US,False,,,,,2,False,False,False,benign,no_adverse_signal
jiejieb10.top,2026-07-28,13,2.5032583347756456,0.15384615384615385,0,1.3333333333333333,-9.45046,high,0.4211,1,0.6666666666666666,False,NOERROR,0,,0,2,False,False,0,,,,NAMECHEAP INC,4,365,True,,,False,,benign,no_adverse_signal
schoolads.org,2026-07-28,13,2.725480556997868,0.0,0,0.5,-6.562153333333333,low,0.5556,3,0.7777777777777778,True,NOERROR,2,600,0,2,False,False,0,16509,US,True,"GoDaddy.com, LLC",4,365,False,34,False,False,,benign,no_adverse_signal
avatardep.info,2026-07-28,14,2.6416041678685933,0.0,0,0.8,-6.5806666666666676,medium,0.7059,2,0.7777777777777778,True,NOERROR,4,30,0,2,False,False,8,213230,US,True,,,,,0,False,False,,benign,no_adverse_signal
stimleyconsulting.com,2026-07-28,21,3.4992275471326932,0.0,0,0.4166666666666667,-6.840135483870967,low,0.5,2,0.7058823529411765,True,NOERROR,2,1799,1,2,True,False,0,13335,US,False,NAMECHEAP INC,4,365,True,0,False,False,False,benign,no_adverse_signal
snapntalk.com,2026-07-28,13,2.725480556997868,0.0,0,0.2857142857142857,-7.262746666666667,low,0.5882,3,0.7777777777777778,True,NOERROR,2,600,0,2,False,False,0,16509,US,True,"GoDaddy.com, LLC",3,1096,False,46,False,False,,benign,no_adverse_signal
amandasandberg.com,2026-07-28,18,2.950212064914747,0.0,0,0.5555555555555556,-6.416735999999999,low,0.5217,3,0.6428571428571429,True,NOERROR,1,1800,5,2,True,False,0,22612,US,False,NAMECHEAP INC,4,365,True,0,False,False,False,benign,no_adverse_signal
townsendlending.online,2026-07-28,22,3.1068905956085184,0.0,0,0.36363636363636365,-6.6638222222222225,medium,0.5455,3,0.6666666666666666,True,NOERROR,1,14400,0,3,False,False,0,45638,AU,True,Synergy Wholesale Accreditations Pty Ltd,4,365,False,0,False,False,,benign,no_adverse_signal
lebah4dagen.com,2026-07-28,15,3.0957952550009344,0.06666666666666667,0,0.6666666666666666,-8.356531578947369,low,0.5556,1,0.8181818181818182,True,NOERROR,2,300,0,2,False,False,2,13335,US,False,West263 International Limited,4,365,True,0,False,False,,benign,no_adverse_signal
hermandoaraujoimobiliaria.com.br,2026-07-28,32,3.3990795706241737,0.0,0,1.2727272727272727,-6.9441319148936165,low,0.4324,2,0.52,True,NOERROR,2,1800,0,2,False,False,0,16509,US,False,,6,365,False,0,False,False,,benign,no_adverse_signal
useescale.com,2026-07-28,13,2.4193819456463714,0.0,0,1.25,-6.40086,low,0.5263,2,0.6666666666666666,True,NOERROR,1,60,0,2,False,False,0,47583,FR,True,"HOSTINGER operations, UAB",4,365,False,0,False,False,,benign,no_adverse_signal
sv3688.vu,2026-07-28,9,2.2516291673878226,0.4444444444444444,0,0.0,-10.229933333333333,low,0.4444,2,0.8333333333333334,True,NOERROR,2,300,0,2,False,False,2,13335,US,False,DYNADOT LLC,7,365,True,0,False,False,,benign,no_adverse_signal
alfaromeo-kinogo.biz,2026-07-28,20,3.375,0.0,1,1.1428571428571428,-7.30281724137931,low,0.5217,2,0.75,True,NOERROR,2,300,0,3,False,False,2,13335,US,False,DYNADOT LLC,4,365,True,0,False,False,,benign,no_adverse_signal
jalansurgaterbaik.best,2026-07-28,22,3.4992275471326932,0.0,0,0.7,-6.75348064516129,low,0.48,2,0.7647058823529411,True,NOERROR,2,300,0,2,False,False,2,13335,US,False,"Spaceship, Inc.",4,365,True,0,False,False,,benign,no_adverse_signal
spyxbxg.com,2026-07-28,11,2.521640636343318,0.0,0,0.0,-10.222518181818181,low,0.4286,7,0.8571428571428571,False,timeout,0,,0,0,False,False,0,,,,Xin Net Technology Corporation,3660,4017,False,,,False,,benign,no_adverse_signal
skinbyas.com,2026-07-28,12,2.75,0.0,0,0.3333333333333333,-7.683830769230768,low,0.6667,3,0.875,True,NOERROR,2,3600,1,2,True,False,0,16509,US,True,"GoDaddy.com, LLC",3,365,False,18,False,False,False,benign,no_adverse_signal
dynadesigner.com,2026-07-28,16,3.0849625007211556,0.0,0,0.5,-6.809547619047619,low,0.5263,3,0.75,True,NOERROR,1,1800,5,2,True,False,0,22612,US,False,NAMECHEAP INC,3,365,True,0,False,False,False,benign,no_adverse_signal
taixiumd.com,2026-07-28,12,2.75,0.0,0,1.0,-8.007261538461538,low,0.5,2,0.875,True,NOERROR,2,300,0,2,False,False,0,16509,US,True,"Spaceship, Inc.",4,365,False,15,False,False,,benign,no_adverse_signal
flybuysactivee.news,2026-07-28,19,3.521640636343319,0.0,0,0.5555555555555556,-7.440408,low,0.48,4,0.8571428571428571,True,NOERROR,2,300,0,3,True,False,0,16509,US,True,,,,,0,False,False,,benign,no_adverse_signal
spicesrub.com,2026-07-28,13,2.94770277922009,0.0,0,0.5,-7.0953333333333335,low,0.5882,2,0.8888888888888888,True,NOERROR,2,300,0,2,False,False,2,13335,US,False,"Gransy, s.r.o.",4,365,False,0,False,False,,benign,no_adverse_signal
prime-painter.com,2026-07-28,17,3.0850551027564768,0.0,1,0.7142857142857143,-6.430552173913044,low,0.5714,2,0.6923076923076923,True,NOERROR,1,21600,0,2,False,False,0,16509,US,True,"TUCOWS.COM, CO.",373,730,True,0,False,False,,benign,no_adverse_signal
mobbleafterfriendedam.surf,2026-07-28,26,3.4399364703978077,0.0,0,0.6153846153846154,-6.968710256410256,low,0.4324,3,0.5714285714285714,True,NOERROR,1,3600,0,2,False,False,0,401701,HK,False,"Spaceship, Inc.",4,365,True,0,True,False,,malicious,spamhaus_zen
idnpokerlink.com,2026-07-28,16,3.084962500721156,0.0,0,0.5,-6.85107619047619,low,0.6316,3,0.75,True,NOERROR,2,300,0,2,False,False,2,13335,US,False,NAMECHEAP INC,4,365,True,0,False,False,,benign,no_adverse_signal
6ftx.top,2026-07-28,8,2.0,0.125,0,0.0,-11.26074,high,0.5714,3,1.0,True,NOERROR,1,600,0,2,False,True,0,8075,JP,False,"Spaceship, Inc.",4,365,True,0,False,False,,benign,no_adverse_signal
jchz1f.com,2026-07-28,10,2.584962500721156,0.1,0,0.0,-11.32388888888889,low,0.3333,4,1.0,True,NOERROR,2,300,0,2,False,True,2,13335,US,False,Realtime Register B.V.,4,365,False,0,False,False,,benign,no_adverse_signal
ciaomiia910.help,2026-07-28,16,2.845350936622437,0.1875,0,3.0,-8.77768947368421,low,0.5882,1,0.7272727272727273,False,NXDOMAIN,0,,0,0,False,False,0,,,,"GMO Internet, Inc.",4,365,True,,,False,,benign,no_adverse_signal
babylog.live,2026-07-28,12,2.5216406363433186,0.0,0,0.4,-7.594172727272727,low,0.5714,3,0.8571428571428571,True,NOERROR,1,14400,0,4,True,False,0,16509,US,True,,,,False,24,False,False,,benign,no_adverse_signal
beautysalonssatyourservice.com,2026-07-28,30,3.642371448743902,0.0,0,0.7333333333333333,-6.806897959183674,low,0.4583,3,0.5384615384615384,True,NOERROR,2,300,0,2,False,False,2,13335,US,False,"GoDaddy.com, LLC",3,365,False,0,False,False,,benign,no_adverse_signal
meteoalps.com,2026-07-28,13,2.94770277922009,0.0,0,0.8,-7.235673333333334,low,0.6316,3,0.8888888888888888,True,NOERROR,2,300,0,2,False,False,2,13335,US,False,"Amazon Registrar, Inc.",4,365,True,0,False,False,,benign,no_adverse_signal
eluskin-essence.com,2026-07-28,19,2.923231428797621,0.0,1,0.75,-6.940803703703704,low,0.5333,2,0.6,True,NOERROR,1,600,1,2,False,False,0,47846,DE,False,IONOS SE,735,1095,True,0,False,False,False,benign,no_adverse_signal
l5u-lvse.icu,2026-07-28,12,2.75,0.08333333333333333,1,0.5,-10.730469230769232,low,0.5,3,0.875,True,NOERROR,1,599,0,2,False,False,0,132839,US,False,"Zhengzhou Century Connect Electronic Technology Development Co., Ltd",4,365,False,0,False,False,,benign,no_adverse_signal
yashasvigroup.co.in,2026-07-28,19,3.3927474104487847,0.0,0,0.625,-7.145073913043478,low,0.4444,2,0.8461538461538461,True,NOERROR,2,600,0,2,False,False,0,16509,US,True,GoDaddy,5,365,False,46,False,False,,benign,no_adverse_signal
saxenabuilders.in,2026-07-28,17,3.3787834934861767,0.0,0,0.75,-7.34406,low,0.5455,2,0.7857142857142857,True,NOERROR,2,600,2,2,True,False,0,16509,US,True,GoDaddy,6,365,False,46,False,False,False,benign,no_adverse_signal
146-lvse.icu,2026-07-28,12,3.0,0.25,1,0.3333333333333333,-10.44916923076923,low,0.5,3,1.0,False,NOERROR,0,,0,2,False,False,0,,,,"Zhengzhou Century Connect Electronic Technology Development Co., Ltd",4,365,False,,,False,,benign,no_adverse_signal
778pix10.com,2026-07-28,12,2.75,0.4166666666666667,0,0.5,-9.867292307692308,low,0.4,1,0.875,True,NOERROR,2,300,0,2,False,False,2,13335,US,False,Dominet (HK) Limited,4,365,False,0,False,False,,benign,no_adverse_signal
sielubricacion.com.mx,2026-07-28,21,3.3248629576173574,0.0,0,1.0,-6.810435999999999,low,0.4615,2,0.7857142857142857,True,NOERROR,1,900,1,2,True,False,0,22611,US,True,NEUBOX Internet SA de CV,5,365,False,0,False,False,False,benign,no_adverse_signal
54507c.cc,2026-07-28,9,2.2516291673878226,0.5555555555555556,0,0.0,-11.610211111111111,low,0.2222,1,0.8333333333333334,True,NOERROR,3,300,0,2,False,False,0,8075,HK,False,DYNADOT LLC,4,365,True,0,True,False,,malicious,spamhaus_zen
rendaexata.site,2026-07-28,15,2.6464393446710153,0.0,0,1.0,-7.058594117647059,medium,0.5882,2,0.7,True,NOERROR,1,50,0,2,False,False,0,47583,CY,False,"HOSTINGER operations, UAB",4,365,False,35,False,False,,benign,no_adverse_signal
vedrikmail.com,2026-07-28,14,3.121928094887362,0.0,0,0.6666666666666666,-7.242888235294117,low,0.5714,2,0.9,True,NOERROR,1,50,0,2,False,False,0,47583,CY,False,"HOSTINGER operations, UAB",4,365,False,35,False,False,,benign,no_adverse_signal
officialbyshopp.com,2026-07-28,19,3.3735572622751855,0.0,0,0.5,-7.227962962962963,low,0.4762,5,0.7333333333333333,True,NOERROR,2,60,0,2,False,False,2,47583,DE,False,"HOSTINGER operations, UAB",3,365,False,1,False,False,,benign,no_adverse_signal
mackaliasus.xyz,2026-07-28,15,2.8453509366224368,0.0,0,0.8333333333333334,-6.697415789473684,high,0.4762,2,0.7272727272727273,True,NOERROR,2,11,0,4,False,False,0,,US,False,Porkbun LLC,380,730,False,3,False,False,,benign,no_adverse_signal
drinknotchd.com,2026-07-28,15,3.0957952550009344,0.0,0,0.2222222222222222,-7.212747368421053,low,0.6,4,0.8181818181818182,True,NOERROR,2,16,2,4,True,False,0,,US,False,Porkbun LLC,4,365,False,0,False,False,False,benign,no_adverse_signal
lakshyauniversalsolution.com,2026-07-28,28,3.6572682296173897,0.0,0,0.7142857142857143,-6.958397777777778,low,0.5909,4,0.5833333333333334,True,NOERROR,2,60,0,2,False,False,2,47583,DE,False,"HOSTINGER operations, UAB",3,365,False,1,False,False,,benign,no_adverse_signal
e8bb.one,2026-07-28,8,1.5,0.125,0,0.5,-11.8416,low,0.5714,2,0.75,True,NOERROR,2,300,0,2,False,False,2,13335,US,False,DYNADOT LLC,4,365,True,0,False,False,,benign,no_adverse_signal
elevationgolfandsports.xyz,2026-07-28,26,3.697845823084412,0.0,0,0.5714285714285714,-6.522129268292684,high,0.4737,4,0.6363636363636364,True,NOERROR,2,600,0,2,False,False,0,16509,US,True,"GoDaddy.com, LLC",4,365,False,34,False,False,,benign,no_adverse_signal
raja700id.com,2026-07-28,13,2.725480556997868,0.23076923076923078,0,1.0,-10.333599999999999,low,0.4706,1,0.7777777777777778,True,NOERROR,2,300,0,2,False,False,2,13335,US,False,"Gransy, s.r.o.",4,365,False,0,False,False,,benign,no_adverse_signal
imtiazmaldives.com,2026-07-28,18,3.182005814760214,0.0,0,0.75,-7.554464,low,0.48,2,0.7142857142857143,True,NOERROR,1,14400,1,2,False,False,0,63949,DE,True,Key-Systems GmbH,4,365,True,0,False,False,False,benign,no_adverse_signal
dragonflyboutiquehotel.com,2026-07-28,26,3.8796640049025934,0.0,0,0.6923076923076923,-7.241131707317073,low,0.4211,5,0.7272727272727273,True,NOERROR,1,14400,0,2,True,False,1,51468,DK,True,"TUCOWS.COM, CO.",4,365,True,0,False,False,,benign,no_adverse_signal
drinktick.app,2026-07-28,13,2.725480556997868,0.0,0,0.2857142857142857,-6.77048,low,0.5333,3,0.7777777777777778,True,NOERROR,2,300,0,2,False,False,2,13335,US,False,,,,False,0,False,False,,benign,no_adverse_signal
esthetio.com,2026-07-28,12,2.5,0.0,0,1.0,-6.183584615384616,low,0.6154,3,0.75,True,NOERROR,2,300,3,2,True,False,2,13335,US,False,"Cloudflare, Inc.",4,365,True,0,False,False,False,benign,no_adverse_signal
i-jes.org,2026-07-28,9,2.321928094887362,0.0,1,1.0,-8.79262857142857,low,0.5,1,1.0,True,NOERROR,2,300,0,2,False,False,2,13335,US,False,Gname.com Pte. Ltd.,4,365,False,0,False,False,,benign,no_adverse_signal
bluecollarconnect.info,2026-07-28,22,3.175123135113461,0.0,0,0.5454545454545454,-6.539974193548387,medium,0.6207,2,0.5882352941176471,True,NOERROR,4,14400,1,4,True,False,0,53831,US,False,,,,,40,False,False,False,benign,no_adverse_signal
networld.se,2026-07-28,11,3.0,0.0,0,0.3333333333333333,-6.4762692307692316,low,0.6316,3,1.0,True,NOERROR,2,3600,0,2,False,False,0,39570,SE,False,Loopia AB,4,365,False,1,False,False,,benign,no_adverse_signal
innovativehousingllc.com,2026-07-28,24,3.546439344671015,0.0,0,0.6666666666666666,-6.855116216216217,low,0.5,5,0.65,True,NOERROR,2,300,0,2,False,False,2,13335,US,False,Dynadot15 LLC,12,365,True,0,False,False,,benign,no_adverse_signal
slimsorteer.com,2026-07-28,15,2.9139770731827523,0.0,0,0.5714285714285714,-6.8143,low,0.5882,2,0.7272727272727273,True,NOERROR,2,300,0,2,False,False,2,13335,US,False,"Vantage of Convergence (Chengdu) Technology Co., Ltd.",3,365,False,0,False,False,,benign,no_adverse_signal
fdn.llc,2026-07-28,7,1.584962500721156,0.0,0,0.0,-8.449166666666667,low,0.75,3,1.0,True,NOERROR,1,1799,2,2,True,False,0,16509,US,False,,,,,0,False,False,False,benign,no_adverse_signal
eafx.web.id,2026-07-28,11,2.0,0.0,0,1.0,-9.00146,low,0.5714,2,1.0,True,NOERROR,2,60,2,2,True,False,2,47583,DE,False,,,,False,1,False,False,False,benign,no_adverse_signal
cjjbey.top,2026-07-28,10,2.2516291673878226,0.0,0,0.2,-10.0206,high,0.5,4,0.8333333333333334,True,NOERROR,1,3600,0,3,False,False,0,154177,KR,False,"NameSilo, LLC",4,365,True,0,False,False,,benign,no_adverse_signal
1v1vka.com,2026-07-28,10,1.9182958340544893,0.2,0,0.3333333333333333,-11.500377777777778,low,0.4,2,0.6666666666666666,True,NOERROR,2,300,0,2,False,False,2,13335,US,False,NameMart Pte. Ltd.,4,365,False,0,False,False,,benign,no_adverse_signal
duskbound.shop,2026-07-28,14,2.725480556997868,0.0,0,0.5,-7.539726666666667,low,0.5556,3,0.7777777777777778,True,NOERROR,1,300,0,2,False,False,0,199242,GE,False,,,,False,0,False,False,,benign,no_adverse_signal
wholehouse-cleaning.com,2026-07-28,23,3.5766176449086653,0.0,1,0.8,-6.7900914285714284,low,0.5,2,0.6842105263157895,True,NOERROR,2,120,0,4,False,False,0,16509,DE,True,"Spaceship, Inc.",3,365,False,27,False,False,,benign,no_adverse_signal
littlehugs.shop,2026-07-28,15,2.9219280948873623,0.0,0,0.42857142857142855,-7.5917176470588235,low,0.5,3,0.8,True,NOERROR,1,21600,0,4,False,False,1,13335,CA,True,,,,False,0,False,False,,benign,no_adverse_signal
dentalskincare.com,2026-07-28,18,3.3787834934861767,0.0,0,0.5555555555555556,-6.313896,low,0.5,3,0.7857142857142857,True,NOERROR,2,10800,0,2,True,False,2,14618,US,True,DropCatch.com 1417 LLC,4,365,False,3,False,False,,benign,no_adverse_signal
qorexis.co,2026-07-28,10,2.807354922057604,0.0,0,0.75,-7.5153727272727275,low,0.6154,1,1.0,True,NOERROR,1,50,0,2,False,False,0,47583,CY,False,Hosting Concepts B.V. d/b/a Registrar.eu,4,365,False,35,False,False,,benign,no_adverse_signal
9nowapp.com,2026-07-28,11,2.521640636343318,0.09090909090909091,0,0.5,-7.838818181818183,low,0.5333,2,0.8571428571428571,True,NOERROR,2,300,0,2,False,False,2,13335,US,False,DYNADOT LLC,4,365,True,0,False,False,,benign,no_adverse_signal
fantassistente.com,2026-07-28,18,2.699513850319966,0.0,0,0.5555555555555556,-6.025764000000001,low,0.6087,2,0.5,True,NOERROR,2,120,0,4,False,False,0,16509,DE,True,NAMECHEAP INC,4,365,True,27,False,False,,benign,no_adverse_signal
qslabs.click,2026-07-28,12,2.2516291673878226,0.0,0,0.2,-7.802022222222222,medium,0.6154,3,0.8333333333333334,False,NOERROR,0,,0,2,False,False,0,,,,"Spaceship, Inc.",4,365,False,,,False,,benign,no_adverse_signal
ultraepik.com,2026-07-28,13,3.169925001442312,0.0,0,0.8,-7.28632,low,0.625,3,1.0,False,NOERROR,0,,3,2,True,False,0,,,,"Cloudflare, Inc.",4,365,True,,,False,False,benign,no_adverse_signal
shoppening.shop,2026-07-28,15,2.9219280948873623,0.0,0,0.42857142857142855,-6.348423529411765,low,0.6667,2,0.8,True,NOERROR,1,600,0,2,False,False,0,13335,CA,True,,,,False,0,False,False,,benign,no_adverse_signal
berkshire-sentient.com,2026-07-28,22,3.169925001442312,0.0,1,0.5454545454545454,-6.605578787878788,low,0.4286,4,0.5555555555555556,False,NOERROR,0,,0,2,False,False,0,,,,"Cloudflare, Inc.",4,365,True,,,False,,benign,no_adverse_signal
polarisnature.org,2026-07-28,17,3.3927474104487847,0.0,0,0.8571428571428571,-6.494547826086956,low,0.6316,2,0.8461538461538461,False,NOERROR,0,,0,4,False,False,0,,,,HostPro Lab,4,365,False,,,False,,benign,no_adverse_signal
golden-ride.com,2026-07-28,15,3.095795255000934,0.0,1,0.6666666666666666,-7.119857894736842,low,0.6364,2,0.8181818181818182,True,NOERROR,1,3600,2,2,True,False,0,14618,US,True,"GoDaddy.com, LLC",4,365,False,0,False,False,False,benign,no_adverse_signal
haijiaoqianwanziyuanyuanchuang.cn,2026-07-28,33,3.306356847908402,0.0,0,1.0,-7.922089473684211,low,0.3158,3,0.43333333333333335,True,NOERROR,1,599,0,2,False,False,0,132839,HK,False,北京新网数码信息技术有限公司,5,365,False,0,True,False,,malicious,spamhaus_zen
yehapastry.com,2026-07-28,14,2.9219280948873623,0.0,0,0.42857142857142855,-7.24574705882353,low,0.5556,4,0.8,True,NOERROR,2,3600,0,2,False,False,0,16509,US,True,"GoDaddy.com, LLC",4,731,False,18,False,False,,benign,no_adverse_signal
trickymarketteachinghub.com,2026-07-28,27,3.708132064658602,0.0,0,0.4375,-6.688637209302326,low,0.45,4,0.6086956521739131,True,NOERROR,2,300,0,3,False,False,0,2635,US,False,Automattic Inc.,4,365,True,13,False,False,,benign,no_adverse_signal
nygcleanin.com,2026-07-28,14,2.8464393446710154,0.0,0,0.42857142857142855,-7.3885000000000005,low,0.625,5,0.8,True,NOERROR,1,21600,0,2,False,False,0,16509,US,True,"TUCOWS.COM, CO.",373,730,True,0,False,False,,benign,no_adverse_signal
giveortakequiz.com,2026-07-28,18,3.521640636343319,0.0,0,1.0,-7.414328,low,0.5217,2,0.8571428571428571,True,NOERROR,4,300,0,2,False,False,0,54113,US,True,"Cloudflare, Inc.",4,365,True,46,False,False,,benign,no_adverse_signal
1535.cz,2026-07-28,7,1.5,0.5714285714285714,0,0.0,-11.333540000000001,low,0.5714,0,0.75,True,NOERROR,19,10,0,4,False,True,0,133199,HK,False,REG-KEYSYSTEMS,5,364,False,0,False,False,,benign,no_adverse_signal
vtseg.com,2026-07-28,9,2.321928094887362,0.0,0,0.25,-7.8744000000000005,low,0.5455,3,1.0,True,NOERROR,4,14400,1,4,True,False,0,53831,US,False,Squarespace Domains II LLC,4,365,True,12,False,False,False,benign,no_adverse_signal
appso9.xyz,2026-07-28,10,2.2516291673878226,0.1,0,0.6666666666666666,-8.302855555555556,high,0.5714,3,0.8333333333333334,False,NXDOMAIN,0,,0,0,False,False,0,,,,,,,False,,,False,,benign,no_adverse_signal
useyourhead.ch,2026-07-28,14,3.0957952550009344,0.0,0,1.2,-7.182826315789474,low,0.5556,2,0.8181818181818182,False,NOERROR,0,,0,2,True,False,0,,,,,,,False,,,False,,benign,no_adverse_signal
watviz.com,2026-07-28,10,2.584962500721156,0.0,0,0.5,-7.465477777777778,low,0.6,2,1.0,True,NOERROR,2,9,2,4,True,False,0,,US,False,Porkbun LLC,4,365,False,0,False,False,False,benign,no_adverse_signal
getsupportexpert.top,2026-07-28,20,2.98345859334435,0.0,0,0.45454545454545453,-6.580803448275862,high,0.5,2,0.5625,False,NOERROR,0,,0,2,False,False,0,,,,PDR Ltd. d/b/a PublicDomainRegistry.com,4,365,False,,,False,,benign,no_adverse_signal
masarelakhwa.com,2026-07-28,16,2.9182958340544896,0.0,0,0.7142857142857143,-7.374880952380953,low,0.48,3,0.75,True,NOERROR,1,14400,1,4,True,False,0,24940,FI,True,"NameSilo, LLC",4,365,False,0,False,False,False,benign,no_adverse_signal
techjam.dev,2026-07-28,11,2.807354922057604,0.0,0,0.4,-7.503518181818182,low,0.5455,3,1.0,True,NOERROR,1,1800,5,2,True,False,0,22612,US,False,,,,False,0,False,False,False,benign,no_adverse_signal
ywcjlj.com,2026-07-28,10,2.251629167387823,0.0,0,0.0,-10.584933333333332,low,0.4444,6,0.8333333333333334,True,NOERROR,1,3600,0,4,True,False,0,14618,US,True,CNOBIN INFORMATION TECHNOLOGY LIMITED,376,730,False,0,False,False,,benign,no_adverse_signal
balconyplant.com,2026-07-28,16,3.084962500721156,0.0,0,0.3333333333333333,-6.72435238095238,low,0.5,4,0.75,True,NOERROR,2,300,0,2,False,False,2,13335,US,False,"Spaceship, Inc.",4,365,False,0,False,False,,benign,no_adverse_signal
gmrfo50d66c-lf36r.com,2026-07-28,21,3.572469458770136,0.2857142857142857,1,0.1111111111111111,-11.108364516129033,low,0.3478,4,0.7647058823529411,False,NOERROR,0,,0,2,False,False,0,,,,"GoDaddy.com, LLC",4,365,False,,,True,,malicious,spamhaus_dbl
kurtslifecoaching.com,2026-07-28,21,3.8521687236032816,0.0,0,0.5454545454545454,-6.897770967741935,low,0.4828,4,0.8823529411764706,True,NOERROR,1,3600,2,4,True,False,1,8560,US,True,IONOS SE,3,365,True,0,False,False,False,benign,no_adverse_signal
lockdaddy.xyz,2026-07-28,13,2.6416041678685933,0.0,0,0.2857142857142857,-7.516220000000001,high,0.75,3,0.7777777777777778,True,NOERROR,2,26,0,4,False,False,0,,US,False,Porkbun LLC,3,365,False,3,False,False,,benign,no_adverse_signal
fijaroshieldingsolutions.com,2026-07-28,28,3.6887218755408675,0.0,0,0.7142857142857143,-6.885373333333333,low,0.5455,3,0.625,True,NOERROR,2,600,0,2,False,False,0,16509,US,True,"GoDaddy.com, LLC",4,365,False,46,False,False,,benign,no_adverse_signal
baseshore.co,2026-07-28,12,2.725480556997868,0.0,0,0.8,-6.267693333333333,low,0.6316,2,0.7777777777777778,True,NOERROR,2,300,3,2,True,False,2,13335,US,False,OpusDNS GmbH,6,365,False,0,False,False,False,benign,no_adverse_signal
xn--mrkng5021-74a.com,2026-07-28,21,3.6901165175936654,0.2857142857142857,3,0.14285714285714285,-10.44246129032258,low,0.4286,5,0.8235294117647058,True,NOERROR,2,300,0,2,False,False,2,13335,US,False,"NICENIC INTERNATIONAL GROUP CO., LIMITED",5,365,False,0,False,True,,malicious,spamhaus_dbl
tyropurchase.com,2026-07-28,16,3.418295834054489,0.0,0,0.5,-7.123395238095237,low,0.5,3,0.9166666666666666,True,NOERROR,1,3600,0,2,False,False,1,13335,CA,True,"Cloudflare, Inc.",4,365,True,0,False,False,,benign,no_adverse_signal
kapa-more.xyz,2026-07-28,13,2.94770277922009,0.0,1,1.0,-7.2596533333333335,high,0.5455,1,0.8888888888888888,True,NOERROR,2,300,0,2,False,False,2,13335,US,False,"NameSilo, LLC",4,365,True,0,False,False,,benign,no_adverse_signal
alplumbernearme.de,2026-07-28,18,3.056564762130954,0.0,0,0.6666666666666666,-6.863377777777777,low,0.5333,3,0.6,True,NOERROR,2,3600,1,2,True,False,0,16509,US,True,,,,False,34,False,False,,benign,no_adverse_signal
gybzbtj.ltd,2026-07-28,11,2.5216406363433186,0.0,0,0.0,-10.73380909090909,low,0.4,7,0.8571428571428571,False,NOERROR,0,,0,2,False,False,0,,,,,,,,,,False,,benign,no_adverse_signal
jetnis.com,2026-07-28,10,2.584962500721156,0.0,0,0.5,-7.353455555555556,low,0.6,2,1.0,True,NOERROR,2,23,2,4,True,False,0,,US,False,Porkbun LLC,4,365,False,0,False,False,False,benign,no_adverse_signal
rhlamjnxzzljv.space,2026-07-28,19,3.238901256602631,0.0,0,0.08333333333333333,-10.41513043478261,low,0.3529,9,0.7692307692307693,False,NXDOMAIN,0,,0,0,False,False,0,,,,NAMECHEAP INC,4,365,True,,,False,,benign,no_adverse_signal
439757.xyz,2026-07-28,10,2.251629167387823,0.6,0,0.0,-11.780788888888887,high,0.3636,0,0.8333333333333334,True,NOERROR,2,300,0,2,False,False,2,13335,US,False,"Chengdu west dimension digital technology Co., LTD",4,365,True,0,False,False,,benign,no_adverse_signal
ironbravery.shop,2026-07-28,16,3.027169118440619,0.0,0,0.5714285714285714,-6.7324,low,0.625,3,0.8181818181818182,True,NOERROR,2,300,0,2,False,False,2,13335,US,False,,,,False,0,False,False,,benign,no_adverse_signal
officialdisruptors.shop,2026-07-28,23,3.4613201402110083,0.0,0,0.6363636363636364,-7.13540606060606,low,0.4706,2,0.6666666666666666,True,NOERROR,2,300,1,2,True,False,2,13335,US,False,,,,False,0,False,False,False,benign,no_adverse_signal
shengfu14changzucai.cn,2026-07-28,22,3.6163485660751635,0.09090909090909091,0,0.5454545454545454,-8.48028,low,0.4,3,0.6842105263157895,True,NOERROR,1,300,0,2,False,False,0,132839,HK,False,北京新网数码信息技术有限公司,6,365,False,0,False,False,,benign,no_adverse_signal
mdt359.ru,2026-07-28,9,2.584962500721156,0.3333333333333333,0,0.0,-10.920544444444443,low,0.4444,3,1.0,True,NOERROR,1,3600,2,2,True,False,0,29182,RU,True,ARDIS-RU,4,365,False,0,False,True,False,malicious,spamhaus_dbl
vlr-accompagnement.fr,2026-07-28,21,3.6143694458867563,0.0,1,0.4166666666666667,-7.442133333333333,low,0.5,3,0.7222222222222222,True,NOERROR,1,14400,1,3,True,False,0,16276,FR,True,Realtime Register B.V.,3,364,False,0,False,False,False,benign,no_adverse_signal
yflix.dev,2026-07-28,9,2.321928094887362,0.0,0,0.25,-7.467142857142858,low,0.6667,3,1.0,False,NOERROR,0,,0,2,False,False,0,,,,,,,False,,,False,,benign,no_adverse_signal
getyuefeng-knitting.com,2026-07-28,23,3.14163540772496,0.0,1,0.5,-7.506802857142857,low,0.4444,2,0.5263157894736842,True,NOERROR,2,300,1,2,True,False,2,13335,US,False,PDR Ltd. d/b/a PublicDomainRegistry.com,4,365,True,0,False,False,False,benign,no_adverse_signal
atlas-mts.net,2026-07-28,13,2.5032583347756456,0.0,1,0.3333333333333333,-7.747966666666667,low,0.6667,3,0.6666666666666666,True,NOERROR,1,600,0,2,False,False,0,132839,HK,False,Dynadot17 LLC,5,365,True,0,False,False,,benign,no_adverse_signal
dagegme.com,2026-07-28,11,2.2359263506290326,0.0,0,0.75,-7.579845454545454,low,0.6154,2,0.7142857142857143,True,NOERROR,2,300,0,2,False,False,2,13335,US,False,"GoDaddy.com, LLC",4,365,False,0,False,False,,benign,no_adverse_signal
roe-sport.icu,2026-07-28,13,2.725480556997868,0.0,1,0.6,-7.023086666666667,low,0.5882,2,0.7777777777777778,False,NOERROR,0,,0,2,False,False,0,,,,"Zhengzhou Century Connect Electronic Technology Development Co., Ltd",4,365,False,,,False,,benign,no_adverse_signal
yonoteam.store,2026-07-28,14,2.75,0.0,0,1.0,-6.511,low,0.5882,1,0.875,True,NOERROR,1,1800,5,2,True,False,0,22612,US,False,,,,False,0,False,False,False,benign,no_adverse_signal
sauq.online,2026-07-28,11,2.0,0.0,0,1.0,-8.70636,medium,0.5714,1,1.0,True,NOERROR,2,300,0,2,False,False,0,16509,US,True,"Spaceship, Inc.",3,365,False,15,False,False,,benign,no_adverse_signal
corvees.store,2026-07-28,13,2.521640636343318,0.0,0,0.75,-6.825854545454546,low,0.6154,2,0.8571428571428571,True,NOERROR,1,3600,4,2,True,False,0,16276,FR,True,,,,False,20,False,False,False,benign,no_adverse_signal
gyg888th.info,2026-07-28,13,2.1556390622295662,0.23076923076923078,0,0.0,-9.939953846153847,medium,0.4615,3,0.625,True,NOERROR,1,14400,3,2,True,False,0,22612,US,True,,,,,0,False,False,False,benign,no_adverse_signal
furniture77.com,2026-07-28,15,2.9139770731827523,0.13333333333333333,0,0.8,-7.574763157894737,low,0.5882,2,0.7272727272727273,True,NOERROR,2,300,0,2,False,False,2,13335,US,False,"Name.com, Inc.",371,730,False,0,False,False,,benign,no_adverse_signal
craftwave.world,2026-07-28,15,2.94770277922009,0.0,0,0.5,-7.22762,low,0.5714,3,0.8888888888888888,True,NOERROR,2,300,0,2,False,False,2,13335,US,False,,,,,0,False,False,,benign,no_adverse_signal
orsyu.buzz,2026-07-28,10,2.321928094887362,0.0,0,0.6666666666666666,-7.824114285714286,high,0.6,3,1.0,False,NXDOMAIN,0,,0,0,False,False,0,,,,DYNADOT LLC,4,365,True,,,True,,malicious,spamhaus_dbl
mmhyav.beer,2026-07-28,11,2.2516291673878226,0.0,0,0.2,-9.1861,low,0.4615,4,0.8333333333333334,True,NOERROR,2,300,0,2,False,False,2,13335,US,False,NameMart Pte. Ltd.,4,365,True,0,False,False,,benign,no_adverse_signal
northshoremediaproductionsnext.com,2026-07-28,34,3.739572261986723,0.0,0,0.5789473684210527,-6.7052929824561405,low,0.4,5,0.5,True,NOERROR,2,300,5,2,True,False,2,13335,US,False,"Gransy, s.r.o.",3,365,False,0,False,False,False,benign,no_adverse_signal
tmg-online.com,2026-07-28,14,3.121928094887362,0.0,1,0.5,-7.248647058823529,low,0.8889,3,0.9,True,NOERROR,4,30,0,2,False,False,8,24940,DE,True,Domain Science Kutatasi Szolgaltato,5,365,True,0,False,False,,benign,no_adverse_signal
dhllogisticsmoversandpackers.com,2026-07-28,32,3.9502120649147474,0.0,0,0.4,-6.80491320754717,low,0.4615,4,0.6071428571428571,True,NOERROR,2,60,0,2,False,False,2,47583,DE,False,"HOSTINGER operations, UAB",4,365,False,0,False,False,,benign,no_adverse_signal
fashvault.shop,2026-07-28,14,2.94770277922009,0.0,0,0.5,-7.7083466666666665,low,0.5882,3,0.8888888888888888,True,NOERROR,1,300,0,2,False,False,0,199242,US,False,,,,False,0,False,False,,benign,no_adverse_signal
bd-adat.com,2026-07-28,11,2.2359263506290326,0.0,1,0.5,-7.783772727272727,low,0.5714,2,0.7142857142857143,True,NOERROR,1,1800,0,0,False,False,0,58182,US,True,Wix.com Ltd.,738,1095,False,0,False,False,,benign,no_adverse_signal
secundariaparatodos.com,2026-07-28,23,3.40582225028569,0.0,0,0.9,-6.5622,low,0.4516,2,0.631578947368421,True,NOERROR,2,300,3,2,True,False,0,16509,US,False,"Cloudflare, Inc.",4,365,True,0,False,False,False,benign,no_adverse_signal
dashtechus.com,2026-07-28,14,2.9219280948873623,0.0,0,0.42857142857142855,-6.932676470588236,low,0.5714,3,0.8,True,NOERROR,1,21600,0,2,False,False,0,16509,US,True,,,,,0,False,False,,benign,no_adverse_signal
friperies.xyz,2026-07-28,13,2.5032583347756456,0.0,0,0.8,-6.459613333333333,high,0.5556,2,0.6666666666666666,True,NOERROR,2,27,0,4,False,False,0,,US,False,Porkbun LLC,746,1095,False,3,False,False,,benign,no_adverse_signal
sumphywickyupbottomried.garden,2026-07-28,30,3.914866303883101,0.0,0,0.4375,-7.959513953488372,low,0.4211,5,0.6956521739130435,True,NOERROR,2,300,0,2,False,False,0,16509,US,True,"Spaceship, Inc.",4,365,True,9,False,False,,benign,no_adverse_signal
yakuza77b.shop,2026-07-28,14,2.725480556997868,0.14285714285714285,0,0.75,-9.446246666666667,low,0.4615,1,0.7777777777777778,False,NOERROR,0,,0,2,False,False,0,,,,,,,False,,,False,,benign,no_adverse_signal
oyesintl.net,2026-07-28,12,3.0,0.0,0,0.6,-6.954138461538462,low,0.6154,3,1.0,True,NOERROR,3,3600,0,2,False,False,0,58182,US,True,Wix.com Ltd.,4,365,False,28,False,False,,benign,no_adverse_signal
268betka.com,2026-07-28,12,3.0,0.25,0,0.6666666666666666,-8.994323076923077,low,0.4615,2,1.0,True,NOERROR,2,300,0,2,False,False,2,13335,US,False,NameMart Pte. Ltd.,4,365,False,0,False,False,,benign,no_adverse_signal
import.sg,2026-07-28,9,2.584962500721156,0.0,0,0.5,-6.308277777777778,low,0.5455,2,1.0,True,NOERROR,1,300,2,2,True,False,0,47583,ID,False,GoCloudEasy Pte. Ltd.,5,365,False,0,False,False,False,benign,no_adverse_signal
treacyfamilyhq.com,2026-07-28,18,3.521640636343319,0.0,0,0.4,-7.538284,low,0.4545,4,0.8571428571428571,True,NOERROR,2,120,0,4,False,False,0,16509,DE,True,"Name.com, Inc.",4,365,True,27,False,False,,benign,no_adverse_signal
onemanassas.org,2026-07-28,15,2.413088436425758,0.0,0,0.8333333333333334,-6.263278947368422,low,0.5333,2,0.5454545454545454,True,NOERROR,1,900,1,2,True,False,0,54641,US,False,"GoDaddy.com, LLC",4,365,False,0,False,False,False,benign,no_adverse_signal
almadina-nbg.de,2026-07-28,15,3.0220552088742005,0.0,1,0.5714285714285714,-7.575266666666667,low,0.5455,3,0.75,True,NOERROR,1,3600,2,4,True,False,0,16509,US,True,,,,False,24,False,False,False,benign,no_adverse_signal
lovemylife.eu,2026-07-28,13,2.9219280948873623,0.0,0,0.6666666666666666,-7.269894117647059,low,0.5263,3,0.8,True,NOERROR,1,900,2,2,True,False,0,48896,PL,True,dhosting.pl Sp. z o.o.,,,False,0,False,False,False,benign,no_adverse_signal
chessdaily.online,2026-07-28,17,3.121928094887362,0.0,0,0.42857142857142855,-6.692558823529412,medium,0.5556,3,0.9,True,NOERROR,2,1800,0,2,False,False,0,16509,US,False,NAMECHEAP INC,4,365,True,0,False,False,,benign,no_adverse_signal
zucaiwanquanshuju.cn,2026-07-28,20,3.2195282822995477,0.0,0,0.8888888888888888,-7.955448387096774,low,0.4444,3,0.6470588235294118,True,NOERROR,1,300,0,2,False,False,0,132839,SC,False,北京新网数码信息技术有限公司,6,365,False,0,False,False,,benign,no_adverse_signal
45736553.xyz,2026-07-28,12,2.1556390622295662,0.6666666666666666,0,0.0,-10.406846153846153,high,0.3636,0,0.625,False,NOERROR,0,,0,2,False,False,0,,,,"NameSilo, LLC",4,365,True,,,False,,benign,no_adverse_signal
splendorejoyas.com,2026-07-28,18,3.378783493486176,0.0,0,0.5555555555555556,-7.101724000000001,low,0.5,3,0.7857142857142857,True,NOERROR,1,21600,0,4,False,False,1,13335,CA,True,"TUCOWS.COM, CO.",4,365,True,0,False,False,,benign,no_adverse_signal
subrosavintage.xyz,2026-07-28,18,3.521640636343319,0.0,0,0.75,-6.6852480000000005,high,0.5455,2,0.8571428571428571,False,NOERROR,0,,0,2,False,False,0,,,,NAMECHEAP INC,4,365,True,,,False,,benign,no_adverse_signal
blp661.org,2026-07-28,10,2.251629167387823,0.3,0,0.0,-11.155722222222222,low,0.4286,3,0.8333333333333334,True,NOERROR,2,300,0,2,False,False,2,13335,US,False,DYNADOT LLC,4,365,True,0,False,False,,benign,no_adverse_signal
jefferson.co.in,2026-07-28,15,2.725480556997868,0.0,0,0.5,-7.230226666666667,low,0.5,2,0.7777777777777778,True,NOERROR,2,300,0,2,False,False,2,13335,US,False,GoDaddy,5,1096,False,0,False,False,,benign,no_adverse_signal
webcoi.ch,2026-07-28,9,2.584962500721156,0.0,0,1.0,-7.319444444444445,low,0.7273,2,1.0,True,NOERROR,1,300,1,2,True,False,0,29222,CH,True,,,,False,0,False,False,False,benign,no_adverse_signal
stefanocacciatore.org,2026-07-28,21,3.175123135113461,0.0,0,0.8888888888888888,-6.700754838709678,low,0.4865,2,0.5882352941176471,True,NOERROR,4,300,3,2,True,False,0,54113,US,True,"Cloudflare, Inc.",4,365,False,44,False,False,False,benign,no_adverse_signal
odenbot.com,2026-07-28,11,2.5216406363433186,0.0,0,0.75,-6.888881818181818,low,0.5455,2,0.8571428571428571,True,NOERROR,1,3600,0,2,False,False,0,24940,DE,True,"Ascio Technologies, Inc",4,365,False,0,False,False,,benign,no_adverse_signal
missiya-nevypolnima.biz,2026-07-28,23,3.471354487013928,0.0,1,0.6363636363636364,-7.87456,low,0.4286,3,0.631578947368421,True,NOERROR,2,300,0,3,False,False,2,13335,US,False,DYNADOT LLC,3,365,True,0,False,False,,benign,no_adverse_signal
dungeonbrawlers.co,2026-07-28,18,3.5068905956085183,0.0,0,0.5,-7.150444444444445,low,0.5,3,0.8,True,NOERROR,1,300,0,2,False,False,0,16509,US,True,"Spaceship, Inc.",5,365,False,11,False,False,,benign,no_adverse_signal
dobempets.com,2026-07-28,13,2.94770277922009,0.0,0,0.5,-7.15092,low,0.5882,2,0.8888888888888888,True,NOERROR,1,21600,0,2,False,False,0,16509,US,True,"TUCOWS.COM, CO.",738,1095,True,0,False,False,,benign,no_adverse_signal
verlanthicketcorner.shop,2026-07-28,24,3.4316235658474303,0.0,0,0.46153846153846156,-6.36136,low,0.4828,3,0.631578947368421,True,NOERROR,1,21600,3,2,True,False,0,15169,US,True,,,,False,0,False,False,False,benign,no_adverse_signal
460072pp.com,2026-07-28,12,2.5,0.5,0,0.0,-11.078423076923077,low,0.3636,2,0.75,True,NOERROR,8,60,0,2,False,False,0,36002,HK,False,"GoDaddy.com, LLC",4,365,False,0,False,False,,benign,no_adverse_signal
shipwithmcglobal.com,2026-07-28,20,3.625,0.0,0,0.3333333333333333,-7.7619827586206895,low,0.5385,6,0.8125,False,timeout,0,,0,0,False,False,0,,,,"HOSTINGER operations, UAB",4,365,False,,,False,,benign,no_adverse_signal
moguchie-reyndzhery-zveromorfery.biz,2026-07-28,36,3.7272170014624826,0.0,2,0.5,-7.948624590163934,low,0.3636,5,0.5,True,NOERROR,2,300,0,3,False,False,2,13335,US,False,DYNADOT LLC,3,365,True,0,False,False,,benign,no_adverse_signal
dypp82.cyou,2026-07-28,11,2.2516291673878226,0.18181818181818182,0,0.0,-10.502511111111112,low,0.4444,4,0.8333333333333334,True,NOERROR,5,60,0,2,False,True,0,138415,HK,False,GLOBAL ASSET DOMAINS INC,4,365,True,0,False,True,,malicious,spamhaus_dbl
thoughtbuffer.app,2026-07-28,17,3.085055102756477,0.0,0,0.4444444444444444,-7.693934782608696,low,0.5,4,0.6923076923076923,False,NOERROR,0,,5,2,True,False,0,,,,,,,False,,,False,False,benign,no_adverse_signal
rtsfinancialusa.com,2026-07-28,19,3.189898095464287,0.0,0,0.6666666666666666,-6.777188888888889,low,0.4348,4,0.6666666666666666,True,NOERROR,1,1800,3,2,True,False,0,22612,US,False,"NameCheap, Inc.",4,365,False,1,False,False,False,benign,no_adverse_signal
corbelixuse.info,2026-07-28,16,3.277613436819116,0.0,0,0.8333333333333334,-7.115868421052632,medium,0.5882,2,0.9090909090909091,False,NOERROR,0,,1,2,True,False,0,,,,,,,,,,False,False,benign,no_adverse_signal
overtrelic.cyou,2026-07-28,15,2.9219280948873623,0.0,0,0.6666666666666666,-6.178976470588235,low,0.5556,3,0.8,False,NOERROR,0,,0,0,False,False,0,,,,URL SOLUTIONS INC.,3,365,True,,,True,,malicious,spamhaus_dbl
voteyesforney.net,2026-07-28,17,3.0269868333592873,0.0,0,0.625,-7.243869565217392,low,0.5217,2,0.6923076923076923,True,NOERROR,2,600,0,2,False,False,0,16509,US,True,"GoDaddy.com, LLC",4,365,False,34,False,,,benign,no_adverse_signal
79club.today,2026-07-28,12,2.584962500721156,0.16666666666666666,0,0.3333333333333333,-9.3339,low,0.5455,2,1.0,True,NOERROR,2,300,0,2,False,False,2,13335,US,False,,,,,0,False,False,,benign,no_adverse_signal
honestreview.sbs,2026-07-28,16,3.188721875540867,0.0,0,0.7142857142857143,-6.197842857142857,low,0.5217,3,0.8333333333333334,True,NOERROR,1,1800,0,2,False,False,1,47583,BR,False,"HOSTINGER operations, UAB",114,365,False,0,False,False,,benign,no_adverse_signal
xpfy108.top,2026-07-28,11,2.807354922057604,0.2727272727272727,0,0.0,-10.7451,high,0.4286,4,1.0,True,NOERROR,3,60,0,2,False,True,0,40065,US,False,Gname.com Pte. Ltd.,4,365,True,0,False,False,,benign,no_adverse_signal
chromatoforge.com,2026-07-28,17,3.180832987205441,0.0,0,0.625,-6.8227782608695655,low,0.5455,3,0.7692307692307693,True,NOERROR,1,1800,5,2,True,False,0,22612,US,False,NAMECHEAP INC,4,731,True,0,False,False,False,benign,no_adverse_signal
ragecheats.store,2026-07-28,16,2.9219280948873623,0.0,0,0.6666666666666666,-6.404647058823529,low,0.5556,2,0.8,True,NOERROR,1,60,2,2,True,False,0,58087,DE,True,,,,False,0,False,False,False,benign,no_adverse_signal
aspektbalans.online,2026-07-28,19,3.0220552088742,0.0,0,0.5,-7.0703047619047625,medium,0.6154,3,0.75,True,NOERROR,1,3600,0,2,True,False,1,197695,RU,True,Registrar of Domain Names REG.RU LLC,4,365,False,0,False,False,,benign,no_adverse_signal
jktjktagen.com,2026-07-28,14,2.721928094887362,0.0,0,0.25,-8.435788235294117,low,0.4286,6,0.7,True,NOERROR,2,300,0,2,False,False,2,13335,US,False,West263 International Limited,4,365,True,0,False,False,,benign,no_adverse_signal
chicagolegalconsultation.com,2026-07-28,28,3.459147917027245,0.0,0,0.7142857142857143,-6.555915555555556,low,0.4571,2,0.5,True,NOERROR,2,1200,0,2,False,False,0,16509,US,True,"Spaceship, Inc.",4,365,False,2,False,False,,benign,no_adverse_signal
657-win.com,2026-07-28,11,2.807354922057604,0.2727272727272727,1,0.5,-10.189327272727272,low,0.4286,1,1.0,True,NOERROR,2,300,0,2,False,False,2,13335,US,False,DYNADOT LLC,4,365,True,0,False,False,,benign,no_adverse_signal
gging.asia,2026-07-28,10,1.3709505944546687,0.0,0,0.25,-6.631385714285714,low,0.6667,2,0.6,False,NOERROR,0,,0,2,False,False,0,,,,Alibaba Cloud Computing Ltd. d/b/a HiChina (www.net.cn),4,365,True,,,False,,benign,no_adverse_signal
pliseatolyesi.com,2026-07-28,17,3.0850551027564768,0.0,0,0.8571428571428571,-6.789091304347826,low,0.5385,2,0.6923076923076923,False,SERVFAIL,0,,0,0,False,False,0,,,,Realtime Register B.V.,4,365,False,,,False,,benign,no_adverse_signal
9fu70g.xyz,2026-07-28,10,2.584962500721156,0.3,0,0.5,-12.536155555555556,high,0.3333,1,1.0,False,NOERROR,0,,0,2,False,False,0,,,,"GoDaddy.com, LLC",4,365,False,,,False,,benign,no_adverse_signal
guilloche.digital,2026-07-28,17,2.94770277922009,0.0,0,0.8,-6.784213333333333,low,0.4706,2,0.8888888888888888,True,NOERROR,2,300,0,2,False,False,2,13335,US,False,,,,,0,False,False,,benign,no_adverse_signal
marcloher.com,2026-07-28,13,2.94770277922009,0.0,0,0.5,-6.663273333333334,low,0.625,3,0.8888888888888888,True,NOERROR,1,3600,0,2,False,False,1,8560,DE,True,"Arsys Internet, S.L. dba NICLINE.COM",4,365,True,0,False,False,,benign,no_adverse_signal
jipan388.net,2026-07-28,12,2.75,0.25,0,0.6666666666666666,-9.012953846153847,low,0.5,1,0.875,True,NOERROR,2,300,1,2,False,False,2,13335,US,False,"GoDaddy.com, LLC",4,365,False,0,False,False,False,benign,no_adverse_signal
freshthreadshub.com,2026-07-28,19,3.1898980954642866,0.0,0,0.36363636363636365,-6.990351851851852,low,0.5,5,0.6666666666666666,True,NOERROR,1,1800,0,0,False,False,0,58182,US,True,Wix.com Ltd.,373,730,True,0,False,False,,benign,no_adverse_signal
kupu178rp.site,2026-07-28,14,2.725480556997868,0.21428571428571427,0,0.5,-10.696626666666667,medium,0.4,2,0.7777777777777778,True,NOERROR,2,300,0,2,False,False,2,13335,US,False,"NameSilo, LLC",4,365,True,0,False,False,,benign,no_adverse_signal
shift-oen.com,2026-07-28,13,3.169925001442312,0.0,1,0.6,-8.012193333333334,low,0.8,2,1.0,True,NOERROR,3,3600,5,2,True,False,0,58182,US,True,Wix.com Ltd.,4,365,True,28,False,False,False,benign,no_adverse_signal
socaldraftingdesign.com,2026-07-28,23,3.6163485660751644,0.0,0,0.46153846153846156,-6.917382857142857,low,0.4444,3,0.6842105263157895,True,NOERROR,4,14400,0,4,True,False,0,53831,US,False,Squarespace Domains LLC,4,365,True,40,False,False,,benign,no_adverse_signal
manaexams.com,2026-07-28,13,2.4193819456463714,0.0,0,0.8,-7.146366666666666,low,0.7,2,0.6666666666666666,True,NOERROR,2,600,0,2,False,False,0,16509,US,True,"GoDaddy.com, LLC",4,365,False,46,False,False,,benign,no_adverse_signal
wrcagents.com,2026-07-28,13,3.169925001442312,0.0,0,0.2857142857142857,-6.984433333333333,low,0.5714,3,1.0,True,NOERROR,2,3600,2,2,True,False,0,16509,US,True,"GoDaddy.com, LLC",4,365,False,24,False,False,False,benign,no_adverse_signal
almanaque.info,2026-07-28,14,2.6416041678685933,0.0,0,1.25,-7.255426666666667,medium,0.6,2,0.7777777777777778,True,NOERROR,1,300,0,2,False,False,0,206834,DE,False,,,,,24,False,False,,benign,no_adverse_signal
nsepulse.com,2026-07-28,12,2.5,0.0,0,0.6,-7.198838461538462,low,0.625,2,0.75,True,NOERROR,2,1200,0,2,False,False,0,16509,US,True,Gname 297 Inc,4,365,False,2,False,False,,benign,no_adverse_signal
aquelyo.fr,2026-07-28,10,2.807354922057604,0.0,0,1.3333333333333333,-7.901490909090909,low,0.6154,2,1.0,True,NOERROR,1,21600,0,4,False,False,1,13335,CA,True,EPAG Domainservices GmbH,3,364,False,0,False,False,,benign,no_adverse_signal
pixelfoundryhub.shop,2026-07-28,20,3.773557262275185,0.0,0,0.5,-7.656014814814815,low,0.4762,5,0.9333333333333333,True,NOERROR,2,300,0,2,False,False,2,13335,US,False,,,,False,0,False,False,,benign,no_adverse_signal
gunnergunner.com,2026-07-28,16,2.2516291673878226,0.0,0,0.5,-6.9084142857142865,low,0.4444,2,0.4166666666666667,True,NOERROR,1,300,0,2,False,False,0,40034,VG,False,"Network Solutions, LLC",3,365,False,20,False,False,,benign,no_adverse_signal
hlora.com.vn,2026-07-28,12,2.321928094887362,0.0,0,0.6666666666666666,-6.733185714285715,low,0.6,2,1.0,True,NOERROR,1,3600,0,2,False,False,0,135905,VN,False,,,,,0,False,False,,benign,no_adverse_signal
bestlifecoachco.com,2026-07-28,19,3.3232314287976212,0.0,0,0.6666666666666666,-7.085025925925926,low,0.4667,3,0.7333333333333333,True,NOERROR,1,300,0,3,False,False,0,209242,AU,False,"TUCOWS.COM, CO.",4,365,True,7,False,False,,benign,no_adverse_signal
passionredefined.com,2026-07-28,20,3.202819531114783,0.0,0,0.7777777777777778,-6.593117241379311,low,0.5,2,0.625,False,NOERROR,0,,3,2,True,False,0,,,,"Wild West Domains, LLC",4,365,False,,,False,False,benign,no_adverse_signal
kativap.com,2026-07-28,11,2.5216406363433186,0.0,0,0.75,-6.768945454545454,low,0.5455,1,0.8571428571428571,True,NOERROR,1,14400,1,2,True,False,0,37645,AO,True,PDR Ltd. d/b/a PublicDomainRegistry.com,3,365,True,0,False,False,False,benign,no_adverse_signal
individualcplclasses.com,2026-07-28,24,3.3086949695628416,0.0,0,0.5384615384615384,-7.17545945945946,low,0.4667,6,0.55,False,NOERROR,0,,3,2,True,False,0,,,,"GMO Internet, Inc.",4,365,True,,,False,False,benign,no_adverse_signal
isyspace.store,2026-07-28,14,2.75,0.0,0,0.6,-7.0198307692307695,low,0.6154,4,0.875,True,NOERROR,2,600,0,2,False,False,0,16509,US,True,,,,False,46,False,False,,benign,no_adverse_signal
gampangmaxwin.info,2026-07-28,18,2.873140679513133,0.0,0,0.4444444444444444,-7.166795652173913,medium,0.5455,3,0.6153846153846154,True,NOERROR,2,300,0,2,False,False,2,13335,US,False,,,,,0,False,False,,benign,no_adverse_signal
sandhands.store,2026-07-28,15,2.2810361125534238,0.0,0,0.2857142857142857,-6.605946666666667,low,0.5882,3,0.5555555555555556,True,NOERROR,1,3600,2,4,True,False,1,8560,DE,True,,,,False,13,False,False,False,benign,no_adverse_signal
carrierhb.com,2026-07-28,13,2.6416041678685933,0.0,0,0.5,-7.257206666666666,low,0.625,3,0.7777777777777778,False,NOERROR,0,,0,2,False,False,0,,,,Dynadot7 LLC,4,365,True,,,False,,benign,no_adverse_signal
beatsp286.help,2026-07-28,14,3.169925001442312,0.21428571428571427,0,0.5,-8.5151,low,0.4706,3,1.0,False,NXDOMAIN,0,,0,0,False,False,0,,,,"GMO Internet, Inc.",4,365,True,,,False,,benign,no_adverse_signal
parstreatment.com,2026-07-28,17,2.873140679513133,0.0,0,0.4444444444444444,-6.226821739130435,low,0.6429,4,0.6153846153846154,True,NOERROR,1,3600,1,2,True,False,0,212216,IR,True,Key-Systems GmbH,4,365,True,0,False,False,False,benign,no_adverse_signal
jimmyjamesgarage.com,2026-07-28,20,3.0306390622295662,0.0,0,0.6,-7.40078275862069,low,0.4615,4,0.5625,True,NOERROR,1,21600,0,2,False,False,0,16509,US,True,"TUCOWS.COM, CO.",373,730,True,0,False,False,,benign,no_adverse_signal
78kc.shop,2026-07-28,9,2.0,0.2222222222222222,0,0.0,-11.94228,low,0.4444,2,1.0,True,NOERROR,1,600,0,2,False,True,0,152194,HK,False,,,,False,0,True,False,,malicious,spamhaus_zen
4e82n.asia,2026-07-28,10,2.321928094887362,0.3,0,1.0,-12.61404285714286,low,0.4444,1,1.0,False,NOERROR,0,,0,2,False,False,0,,,,Alibaba Cloud Computing Ltd. d/b/a HiChina (www.net.cn),4,365,True,,,False,,benign,no_adverse_signal
tangentialapp.com,2026-07-28,17,2.8731406795131336,0.0,0,0.625,-6.174669565217392,low,0.5455,2,0.6153846153846154,True,NOERROR,1,1800,5,2,True,False,0,22612,US,False,NAMECHEAP INC,3,365,True,0,False,False,False,benign,no_adverse_signal
oldenbrook.org,2026-07-28,14,2.8464393446710154,0.0,0,0.6666666666666666,-6.987311764705883,low,0.5882,3,0.8,True,NOERROR,2,17,0,4,False,False,0,,US,False,Porkbun LLC,4,365,False,3,False,False,,benign,no_adverse_signal
kennethaigroup.com,2026-07-28,18,3.521640636343319,0.0,0,0.75,-6.717036,low,0.4615,2,0.8571428571428571,True,NOERROR,1,1799,2,2,True,False,0,13335,US,False,NAMECHEAP INC,3,365,True,0,False,False,False,benign,no_adverse_signal
ketsutouchiheikin.com,2026-07-28,21,3.2195282822995477,0.0,0,0.8888888888888888,-7.181412903225806,low,0.4545,2,0.5882352941176471,True,NOERROR,2,300,0,2,False,False,2,13335,US,False,"GMO Internet, Inc.",4,365,True,0,False,False,,benign,no_adverse_signal
mystrongroof.com,2026-07-28,16,3.0220552088742,0.0,0,0.3333333333333333,-6.69037619047619,low,0.5,5,0.75,True,NOERROR,5,300,5,2,True,False,8,16509,US,True,NAMECHEAP INC,3,365,True,0,False,False,False,benign,no_adverse_signal
rainbowroofing.online,2026-07-28,21,3.039148671903071,0.0,0,0.75,-7.119572000000001,medium,0.5714,2,0.6428571428571429,True,NOERROR,1,7200,1,2,True,False,0,216180,AU,True,Dreamscape Networks International Pte Ltd,4,365,False,49,False,False,False,benign,no_adverse_signal
319314xx.cc,2026-07-28,11,2.25,0.5454545454545454,0,0.0,-11.63926923076923,low,0.25,2,0.625,False,NOERROR,0,,0,2,False,False,0,,,,"NameSilo, LLC",5,365,True,,,False,,benign,no_adverse_signal
theshine3d.fr,2026-07-28,13,2.9219280948873623,0.07692307692307693,0,0.5,-7.153817647058823,low,0.5333,2,0.8,True,NOERROR,1,14400,1,2,True,False,0,50474,FR,True,IONOS SE,3,364,False,0,False,False,False,benign,no_adverse_signal
aonepostcloud.com,2026-07-28,17,3.334679141051595,0.0,0,0.8571428571428571,-6.496126086956521,low,0.6154,4,0.8461538461538461,True,NOERROR,2,600,0,2,False,False,0,16509,US,True,"GoDaddy.com, LLC",4,365,False,46,False,False,,benign,no_adverse_signal
sparock.org,2026-07-28,11,2.807354922057604,0.0,0,0.4,-6.380890909090909,low,0.6667,2,1.0,True,NOERROR,2,300,3,2,True,False,2,13335,US,False,"Cloudflare, Inc.",4,365,False,0,False,False,False,benign,no_adverse_signal
plokhie-banki.biz,2026-07-28,17,3.3927474104487847,0.0,1,0.7142857142857143,-7.623665217391305,low,0.5,2,0.8461538461538461,True,NOERROR,2,300,0,3,False,False,2,13335,US,False,DYNADOT LLC,3,365,True,0,False,False,,benign,no_adverse_signal
kbintundra.app,2026-07-28,14,3.121928094887362,0.0,0,0.42857142857142855,-6.928441176470589,low,0.5263,3,0.9,True,NOERROR,2,51,0,4,False,False,0,,US,False,,,,False,3,False,False,,benign,no_adverse_signal
h5yhao19.vip,2026-07-28,12,2.75,0.25,0,0.6666666666666666,-10.592676923076924,low,0.4,2,0.875,True,NOERROR,5,600,0,2,False,True,0,21859,HK,False,"GoDaddy.com, LLC",4,365,True,0,False,False,,benign,no_adverse_signal
royalcarpet.luxury,2026-07-28,18,3.0957952550009344,0.0,0,0.5714285714285714,-7.109994736842105,low,0.5556,2,0.8181818181818182,True,NOERROR,1,21600,0,2,False,False,0,16509,US,True,"TUCOWS.COM, CO.",373,730,True,0,False,False,,benign,no_adverse_signal
patient-network.com,2026-07-28,19,3.32323142879762,0.0,1,0.5555555555555556,-6.63988888888889,low,0.6452,2,0.7333333333333333,True,NOERROR,4,30,0,2,False,False,8,213230,US,True,Domain Science Kutatasi Szolgaltato,5,365,True,0,False,False,,benign,no_adverse_signal
karan.industries,2026-07-28,16,1.9219280948873623,0.0,0,0.6666666666666666,-5.9561142857142855,low,0.5455,1,0.8,True,NOERROR,2,3600,2,2,True,False,0,16509,US,True,,,,,18,False,False,False,benign,no_adverse_signal
bitlabtechnologies.com,2026-07-28,22,3.5032583347756456,0.0,0,0.6363636363636364,-7.03029696969697,low,0.4706,3,0.6666666666666666,True,NOERROR,2,54,0,4,False,False,0,,US,False,Porkbun LLC,1111,1461,False,3,False,False,,benign,no_adverse_signal
ankaramotorkirala.site,2026-07-28,22,2.889549430862088,0.0,0,0.8888888888888888,-6.4795,medium,0.4615,2,0.5294117647058824,True,NOERROR,2,300,0,2,False,False,2,13335,US,False,"GoDaddy.com, LLC",4,365,False,0,False,False,,benign,no_adverse_signal
scambuller.com,2026-07-28,14,3.1219280948873624,0.0,0,0.42857142857142855,-6.825670588235294,low,0.5556,2,0.9,True,NOERROR,2,300,0,2,False,False,2,13335,US,False,"Name.com, Inc.",4,365,True,0,False,False,,benign,no_adverse_signal
mitushak.com,2026-07-28,12,3.0,0.0,0,0.6,-6.922984615384616,low,0.5455,2,1.0,True,NOERROR,2,300,3,2,True,False,2,13335,US,False,"Cloudflare, Inc.",4,365,True,0,False,False,False,benign,no_adverse_signal
rendiworkm.info,2026-07-28,15,3.121928094887362,0.0,0,0.42857142857142855,-7.090288235294118,medium,0.6,3,0.9,True,NOERROR,2,300,0,2,False,False,2,13335,US,False,,,,,0,False,False,,benign,no_adverse_signal
memomail.fr,2026-07-28,11,2.4056390622295662,0.0,0,1.0,-6.546884615384615,low,0.6667,1,0.75,True,NOERROR,1,10800,1,3,True,False,0,31034,IT,True,EPAG Domainservices GmbH,3,364,False,0,False,False,False,benign,no_adverse_signal
furnado.ru,2026-07-28,10,2.807354922057604,0.0,0,0.75,-6.9326454545454546,low,0.6154,2,1.0,True,NOERROR,1,3600,0,2,False,False,1,197695,RU,False,REGRU-RU,371,365,False,0,False,False,,benign,no_adverse_signal
lyulee.biz,2026-07-28,10,1.9182958340544896,0.0,0,1.0,-8.0646,low,0.5,2,0.6666666666666666,True,NOERROR,1,300,0,2,False,False,0,206834,DE,False,DYNADOT LLC,4,365,True,24,False,False,,benign,no_adverse_signal
d0c-lvse.icu,2026-07-28,12,3.0,0.08333333333333333,1,0.2,-10.239269230769231,low,0.5,3,1.0,False,NOERROR,0,,0,2,False,False,0,,,,"Zhengzhou Century Connect Electronic Technology Development Co., Ltd",4,365,False,,,False,,benign,no_adverse_signal
bat-hellokitty.bet,2026-07-28,18,3.3248629576173574,0.0,1,0.4444444444444444,-7.298468000000001,low,0.4615,3,0.7857142857142857,True,NOERROR,2,300,0,2,False,False,2,13335,US,False,,,,,0,False,False,,benign,no_adverse_signal
yilingdesign.com,2026-07-28,16,2.8553885422075336,0.0,0,0.5,-6.889057142857142,low,0.6,3,0.6666666666666666,True,NOERROR,2,30,0,2,True,False,2,14618,US,True,DropCatch.com 648 LLC,4,365,False,0,False,False,,benign,no_adverse_signal
iggyav.com,2026-07-28,10,2.2516291673878226,0.0,0,0.5,-8.573577777777778,low,0.4444,3,0.8333333333333334,True,NOERROR,1,1800,0,0,False,False,0,58182,US,True,Wix.com Ltd.,2199,2556,False,0,False,False,,benign,no_adverse_signal
zenithquant.cc,2026-07-28,14,3.095795255000934,0.0,0,0.5714285714285714,-7.254321052631579,low,0.5,3,0.8181818181818182,True,NOERROR,1,1799,5,2,True,False,0,14061,DE,False,NAMECHEAP INC,5,365,True,1,False,False,False,benign,no_adverse_signal
30bet.run,2026-07-28,9,2.321928094887362,0.2222222222222222,0,0.5,-9.107142857142858,low,0.5,1,1.0,True,NOERROR,2,300,0,2,False,False,2,13335,US,False,,,,,0,False,False,,benign,no_adverse_signal
veigapunk.codes,2026-07-28,15,3.169925001442312,0.0,0,0.8,-7.476393333333333,low,0.5714,2,1.0,True,NOERROR,1,300,0,4,False,False,0,47846,DE,False,,,,,8,False,False,,benign,no_adverse_signal
luxury12b.com,2026-07-28,13,2.94770277922009,0.15384615384615385,0,0.4,-9.301693333333333,low,0.4,2,0.8888888888888888,True,NOERROR,2,300,0,2,False,False,2,13335,US,False,NameMart Pte. Ltd.,4,365,False,0,False,False,,benign,no_adverse_signal
sportfashionshoes.store,2026-07-28,23,3.2195282822995477,0.0,0,0.5454545454545454,-6.676835483870968,low,0.48,3,0.6470588235294118,True,NOERROR,1,300,0,2,False,False,0,16276,FR,True,,,,False,0,False,False,,benign,no_adverse_signal
banditskiy-bruklin.biz,2026-07-28,22,3.572431251322119,0.0,1,0.4166666666666667,-7.572072727272727,low,0.4167,3,0.7222222222222222,True,NOERROR,2,300,0,3,False,False,2,13335,US,False,DYNADOT LLC,3,365,True,0,False,False,,benign,no_adverse_signal
gkx-lvse.icu,2026-07-28,12,3.0,0.0,1,0.16666666666666666,-10.168330769230769,low,0.5,3,1.0,True,NOERROR,1,599,0,2,False,False,0,132839,US,False,"Zhengzhou Century Connect Electronic Technology Development Co., Ltd",4,365,False,0,False,False,,benign,no_adverse_signal
vancampingbox.com,2026-07-28,17,3.3927474104487847,0.0,0,0.4444444444444444,-6.810891304347826,low,0.5217,3,0.8461538461538461,True,NOERROR,1,150,1,2,False,False,1,8560,DE,True,InterNetX GmbH,4,365,True,0,False,False,False,benign,no_adverse_signal
coppertrail.click,2026-07-28,17,3.095795255000934,0.0,0,0.5714285714285714,-6.462505263157895,medium,0.625,3,0.8181818181818182,True,NOERROR,2,300,0,2,False,False,2,13335,US,False,NAMECHEAP INC,4,365,False,0,False,False,,benign,no_adverse_signal
акт.com,2026-07-28,7,1.584962500721156,0.0,0,0.0,-15.7755,low,0.0,3,1.0,True,NOERROR,1,21600,0,2,False,False,0,197695,RU,False,Registrar of Domain Names REG.RU LLC,4,365,False,2,False,False,,benign,no_adverse_signal
uca-international-consulting-logistics.com,2026-07-28,42,3.570332619710574,0.0,3,0.6666666666666666,-6.663494520547946,low,0.3396,2,0.34210526315789475,True,NOERROR,1,900,1,2,True,False,0,42868,TR,True,Realtime Register B.V.,4,365,False,0,False,False,False,benign,no_adverse_signal
martensinstitute.org,2026-07-28,20,3.0,0.0,0,0.6,-6.179848275862069,low,0.4615,3,0.5625,True,NOERROR,2,53,2,4,True,False,0,,US,False,Porkbun LLC,4,365,False,3,False,False,False,benign,no_adverse_signal
spotlightthermal.com,2026-07-28,20,3.452819531114783,0.0,0,0.3333333333333333,-6.829610344827586,low,0.5217,5,0.75,True,NOERROR,2,60,2,2,True,False,2,47583,DE,False,"HOSTINGER operations, UAB",4,1096,False,0,False,False,False,benign,no_adverse_signal
fzcxdkpp.com,2026-07-28,12,2.75,0.0,0,0.0,-11.211607692307693,low,0.4706,8,0.875,True,NOERROR,1,599,0,2,False,False,0,58061,US,False,TuringSign Inc. d/b/a Cosmotown,4,365,False,0,False,False,,benign,no_adverse_signal
schielood.pro,2026-07-28,13,2.9477027792200903,0.0,0,0.8,-6.638859999999999,low,0.625,3,0.8888888888888888,True,NOERROR,2,300,0,2,False,False,2,13335,US,False,,,,,0,False,False,,benign,no_adverse_signal
1w0-lvse.icu,2026-07-28,12,3.0,0.16666666666666666,1,0.25,-11.16699230769231,low,0.5,3,1.0,True,NOERROR,1,599,0,2,False,False,0,132839,SC,False,"Zhengzhou Century Connect Electronic Technology Development Co., Ltd",4,365,False,0,True,False,,malicious,spamhaus_zen
eowner.us,2026-07-28,9,2.2516291673878226,0.0,0,1.0,-7.256377777777778,low,0.6667,2,0.8333333333333334,True,NOERROR,2,600,0,2,False,False,0,16509,US,True,"GoDaddy.com, LLC",5,365,False,34,False,False,,benign,no_adverse_signal
l702.buzz,2026-07-28,9,2.0,0.3333333333333333,0,0.0,-11.13078,high,0.4,1,1.0,True,NOERROR,2,300,0,2,False,False,2,13335,US,False,"Spaceship, Inc.",4,365,False,0,False,False,,benign,no_adverse_signal
titan-security.org,2026-07-28,18,3.3248629576173574,0.0,1,0.625,-6.651884,low,0.5385,2,0.7857142857142857,False,NOERROR,0,,3,2,True,False,0,,,,"GMO Internet Group, Inc. d/b/a Onamae.com",4,365,False,,,False,False,benign,no_adverse_signal
meetscalefactory.com,2026-07-28,20,3.327819531114783,0.0,0,0.6,-6.650372413793104,low,0.5385,3,0.6875,True,NOERROR,2,600,0,2,False,False,0,16509,US,True,"GoDaddy.com, LLC",4,365,False,34,False,False,,benign,no_adverse_signal
vvbr11.com,2026-07-28,10,1.9182958340544896,0.2,0,0.0,-10.566077777777778,low,0.4,4,0.6666666666666666,True,NOERROR,2,300,0,2,False,False,2,13335,US,False,"GoDaddy.com, LLC",4,365,False,0,False,False,,benign,no_adverse_signal
kira1.shop,2026-07-28,10,2.321928094887362,0.1,0,1.0,-7.806357142857143,low,0.5,1,1.0,True,NOERROR,1,600,0,2,False,False,0,16509,US,False,,,,False,0,False,False,,benign,no_adverse_signal
evrank.se,2026-07-28,9,2.584962500721156,0.0,0,0.5,-7.202977777777777,low,0.7143,2,1.0,True,NOERROR,1,600,1,2,False,False,0,13335,DE,True,One.com,4,365,False,64,False,False,,malicious,abuseipdb
vidreality.org,2026-07-28,14,3.121928094887362,0.0,0,0.6666666666666666,-6.3595,low,0.5455,2,0.9,False,NXDOMAIN,0,,0,0,False,False,0,,,,,,,,,,False,,benign,no_adverse_signal
atv10.io,2026-07-28,8,2.321928094887362,0.25,0,0.5,-9.095242857142857,low,0.4444,2,1.0,True,NOERROR,2,300,0,2,False,False,2,13335,US,False,DYNADOT LLC,6,365,True,0,False,False,,benign,no_adverse_signal
u6yru-m361x-ixnzus.work,2026-07-28,23,3.5724312513221195,0.17391304347826086,2,0.5,-10.396763636363637,low,0.3333,3,0.7222222222222222,True,NOERROR,2,600,0,2,False,False,0,16509,US,True,"GoDaddy.com, LLC",4,365,True,46,False,False,,benign,no_adverse_signal
emilelasmar.com,2026-07-28,15,2.7321588913645702,0.0,0,0.8333333333333334,-6.5062263157894735,low,0.5556,2,0.6363636363636364,True,NOERROR,2,300,0,2,False,False,2,13335,US,False,"Cloudflare, Inc.",4,365,True,0,False,False,,benign,no_adverse_signal
chictrendroom.com,2026-07-28,17,3.238901256602631,0.0,0,0.4444444444444444,-6.567352173913044,low,0.6087,3,0.7692307692307693,True,NOERROR,1,14400,0,2,False,False,0,16276,CA,True,"Spaceship, Inc.",4,365,False,0,False,False,,benign,no_adverse_signal
3akbk9.top,2026-07-28,10,2.2516291673878226,0.2,0,0.3333333333333333,-10.755222222222223,high,0.4,3,0.8333333333333334,False,NOERROR,0,,0,2,False,False,0,,,,"Todaynic.com, Inc.",4,365,True,,,True,,malicious,spamhaus_dbl
collinsmont.com,2026-07-28,15,2.9139770731827523,0.0,0,0.375,-6.340505263157895,low,0.5263,3,0.7272727272727273,False,NOERROR,0,,0,2,False,False,0,,,,Tucows Domains Inc.,3,365,False,,,False,,benign,no_adverse_signal
gborku.com,2026-07-28,10,2.584962500721156,0.0,0,0.5,-7.523811111111111,low,0.6,2,1.0,True,NOERROR,2,600,0,2,False,False,0,16509,US,True,"GoDaddy.com, LLC",4,365,False,34,False,False,,benign,no_adverse_signal
blackhorseflooringsolutions.com,2026-07-28,31,3.7504647066537014,0.0,0,0.5882352941176471,-6.780292156862745,low,0.5106,3,0.5925925925925926,True,NOERROR,1,300,2,4,True,False,0,397273,US,False,IONOS SE,3,365,True,25,False,False,False,benign,no_adverse_signal
happyslothy.com,2026-07-28,15,2.9139770731827523,0.0,0,0.2222222222222222,-7.4658105263157895,low,0.5882,5,0.7272727272727273,False,NXDOMAIN,0,,0,0,False,False,0,,,,,,,,,,False,,benign,no_adverse_signal
mundotec.org,2026-07-28,12,3.0,0.0,0,0.6,-6.501192307692308,low,0.5,2,1.0,True,NOERROR,1,14400,1,2,True,False,0,63410,US,True,"Spaceship, Inc.",4,365,False,0,False,False,False,benign,no_adverse_signal
theturbanfordummies.com,2026-07-28,23,3.7216117239699003,0.0,0,0.5833333333333334,-7.073871428571429,low,0.5185,2,0.7368421052631579,True,NOERROR,1,1799,5,2,True,False,0,22612,US,False,NAMECHEAP INC,4,365,True,0,False,False,False,benign,no_adverse_signal
pauymati.com,2026-07-28,12,2.75,0.0,0,1.0,-7.8339384615384615,low,0.75,2,0.875,True,NOERROR,1,21600,0,2,False,False,0,16509,US,True,"TUCOWS.COM, CO.",738,1095,True,0,False,False,,benign,no_adverse_signal
nuberk.store,2026-07-28,12,2.584962500721156,0.0,0,0.5,-7.062266666666667,low,0.5714,2,1.0,True,NOERROR,2,600,0,2,False,False,0,16509,US,True,,,,False,46,False,False,,benign,no_adverse_signal
donahovault.com,2026-07-28,15,3.0957952550009344,0.0,0,0.8333333333333334,-7.308026315789474,low,0.5263,2,0.8181818181818182,True,NOERROR,2,3600,1,2,False,False,0,16509,US,True,"GoDaddy.com, LLC",4,365,False,18,False,False,False,benign,no_adverse_signal
kharvex.com,2026-07-28,11,2.807354922057604,0.0,0,0.4,-7.160772727272728,low,0.5714,2,1.0,True,NOERROR,2,48,2,4,True,False,0,,US,False,Porkbun LLC,4,1096,False,0,False,False,False,benign,no_adverse_signal
cradleandcouch.net,2026-07-28,18,3.182005814760214,0.0,0,0.5555555555555556,-6.8900559999999995,low,0.5161,3,0.7142857142857143,True,NOERROR,3,3600,0,2,False,False,0,58182,US,True,Wix.com Ltd.,4,365,True,24,False,False,,benign,no_adverse_signal
brightassistguide.com,2026-07-28,21,3.2927701939369904,0.0,0,0.5454545454545454,-6.964509677419355,low,0.5625,3,0.6470588235294118,True,NOERROR,2,600,0,2,False,False,0,16509,US,True,"GoDaddy.com, LLC",3,365,False,34,False,False,,benign,no_adverse_signal
shanshicoaching.com,2026-07-28,19,2.9232314287976204,0.0,0,0.5,-6.500551851851852,low,0.5455,3,0.5333333333333333,False,NOERROR,0,,0,2,False,False,0,,,,"DNSPod, Inc.",4,365,False,,,False,,benign,no_adverse_signal
honey-turkey.shop,2026-07-28,17,3.2516291673878226,0.0,1,0.5714285714285714,-7.372647619047619,low,0.5556,2,0.8333333333333334,True,NOERROR,2,60,0,2,False,False,2,47583,DE,False,,,,False,0,False,False,,benign,no_adverse_signal
syntaphoto.live,2026-07-28,15,2.9219280948873623,0.0,0,0.42857142857142855,-6.911935294117647,low,0.6667,4,0.8,True,NOERROR,2,300,0,2,False,False,2,13335,US,False,,,,False,0,False,False,,benign,no_adverse_signal
aeroiec.com,2026-07-28,11,2.5216406363433186,0.0,0,2.5,-7.457663636363637,low,0.6667,1,0.8571428571428571,True,NOERROR,1,1800,5,2,True,False,0,22612,US,False,NAMECHEAP INC,3,365,True,0,False,False,False,benign,no_adverse_signal
henlogar.com,2026-07-28,12,3.0,0.0,0,0.6,-6.659253846153846,low,0.5882,2,1.0,True,NOERROR,1,21600,3,2,True,False,0,396982,US,True,"TUCOWS.COM, CO.",4,365,True,0,False,False,False,benign,no_adverse_signal
nabodev.store,2026-07-28,13,2.807354922057604,0.0,0,0.75,-6.998518181818182,low,0.5455,1,1.0,True,NOERROR,1,14400,3,2,True,False,0,22612,GB,True,,,,False,0,False,False,False,benign,no_adverse_signal
htmlup.online,2026-07-28,13,2.584962500721156,0.0,0,0.2,-8.663622222222223,medium,0.6,4,1.0,True,NOERROR,1,300,1,2,True,False,0,7506,JP,False,"GMO Internet, Inc.",4,365,True,0,False,False,,benign,no_adverse_signal
brightomavu.world,2026-07-28,17,3.459431618637298,0.0,0,0.5714285714285714,-7.351163157894737,low,0.5,3,1.0,True,NOERROR,2,300,0,2,False,False,2,13335,US,False,,,,,0,False,False,,benign,no_adverse_signal
matrix-salon.com,2026-07-28,16,3.418295834054489,0.0,1,0.5714285714285714,-6.994980952380952,low,0.5263,2,0.9166666666666666,True,NOERROR,2,300,0,2,False,False,2,13335,US,False,"ENOM, INC.",4,365,True,0,False,False,,benign,no_adverse_signal
diker-m9sports.com.cn,2026-07-28,21,3.521640636343319,0.047619047619047616,1,0.3333333333333333,-7.99944,low,0.48,3,0.8571428571428571,True,NOERROR,1,600,0,2,False,False,0,58658,BR,False,北京新网数码信息技术有限公司,10,365,False,0,False,False,,benign,no_adverse_signal
herathlabs.com,2026-07-28,14,2.9219280948873623,0.0,0,0.42857142857142855,-6.683294117647058,low,0.625,3,0.8,True,NOERROR,1,50,0,2,False,False,0,47583,CY,False,"HOSTINGER operations, UAB",4,365,False,35,False,False,,benign,no_adverse_signal
sobetiro.com,2026-07-28,12,2.75,0.0,0,1.0,-6.839369230769231,low,0.5714,1,0.875,True,NOERROR,2,300,0,2,False,False,2,13335,US,False,DYNADOT LLC,4,365,True,0,False,False,,benign,no_adverse_signal
1a22.net,2026-07-28,8,1.5,0.375,0,1.0,-11.19696,low,0.5714,0,0.75,True,NOERROR,2,300,0,2,False,False,2,13335,US,False,DYNADOT LLC,5,365,True,0,False,False,,benign,no_adverse_signal
751-sport.icu,2026-07-28,13,3.169925001442312,0.23076923076923078,1,0.25,-8.133053333333333,low,0.5,2,1.0,True,NOERROR,1,599,0,2,False,False,0,132839,US,False,"Zhengzhou Century Connect Electronic Technology Development Co., Ltd",4,365,False,0,False,False,,benign,no_adverse_signal
ottoforfirms.com,2026-07-28,16,2.6887218755408666,0.0,0,0.5,-7.359314285714286,low,0.5882,3,0.5833333333333334,True,NOERROR,2,300,3,2,True,False,2,13335,US,False,"Cloudflare, Inc.",4,365,True,0,False,False,False,benign,no_adverse_signal
wbnbooks.shop,2026-07-28,13,2.5,0.0,0,0.3333333333333333,-8.142707692307692,low,0.5333,4,0.75,True,NOERROR,2,3600,2,2,True,False,0,16509,US,True,,,,False,18,False,False,False,benign,no_adverse_signal
vajuj.app,2026-07-28,9,1.9219280948873623,0.0,0,0.6666666666666666,-9.318342857142856,low,0.4615,1,0.8,False,NOERROR,0,,0,2,False,False,0,,,,,,,False,,,False,,benign,no_adverse_signal
rankplyteam.com,2026-07-28,15,3.2776134368191165,0.0,0,0.375,-7.0178631578947375,low,0.5333,6,0.9090909090909091,True,NOERROR,2,300,1,2,True,False,2,13335,US,False,PDR Ltd. d/b/a PublicDomainRegistry.com,4,365,True,0,False,False,False,benign,no_adverse_signal
shopredswestern.com,2026-07-28,19,3.1395722619867223,0.0,0,0.36363636363636365,-6.528174074074075,low,0.5625,3,0.6666666666666666,True,NOERROR,2,600,0,2,False,False,0,16509,US,True,"GoDaddy.com, LLC",4,365,False,34,False,False,,benign,no_adverse_signal
aajyqk.mom,2026-07-28,10,2.2516291673878226,0.0,0,0.5,-11.1469,low,0.4615,4,0.8333333333333334,True,NOERROR,2,300,0,2,False,False,2,13335,US,False,DYNADOT LLC,4,365,True,0,False,False,,benign,no_adverse_signal
tappancstour.hu,2026-07-28,15,3.084962500721156,0.0,0,0.5,-6.635309523809523,low,0.5217,4,0.75,True,NOERROR,1,600,2,3,True,False,1,51013,SK,False,,5,,False,0,False,False,False,benign,no_adverse_signal
ledi-generala.biz,2026-07-28,17,3.0269868333592873,0.0,1,1.0,-6.682686956521739,low,0.5,1,0.6923076923076923,True,NOERROR,2,300,0,3,False,False,2,13335,US,False,DYNADOT LLC,4,365,True,0,False,False,,benign,no_adverse_signal
crimsonlanelogistic.com,2026-07-28,23,3.4713544870139286,0.0,0,0.5833333333333334,-6.5208771428571435,low,0.4706,2,0.631578947368421,True,NOERROR,1,3600,2,4,True,False,1,8560,US,True,IONOS SE,4,365,True,0,False,False,False,benign,no_adverse_signal
solevixoran.world,2026-07-28,17,3.2776134368191165,0.0,0,0.8333333333333334,-7.104694736842106,low,0.5455,1,0.9090909090909091,True,NOERROR,2,300,0,2,False,False,2,13335,US,False,,,,,0,False,False,,benign,no_adverse_signal
f4fspace.shop,2026-07-28,13,2.75,0.07692307692307693,0,0.4,-8.9054,low,0.5714,3,0.875,False,NOERROR,0,,0,2,False,False,0,,,,,,,False,,,False,,benign,no_adverse_signal
apis.photos,2026-07-28,11,2.0,0.0,0,1.0,-6.53396,low,0.6,1,1.0,False,SERVFAIL,0,,0,0,False,False,0,,,,,,,,,,False,,benign,no_adverse_signal
divolixeria.world,2026-07-28,17,3.027169118440619,0.0,0,1.2,-7.0547894736842105,low,0.5556,1,0.8181818181818182,True,NOERROR,1,1800,5,2,True,False,0,22612,US,False,,,,,0,False,False,False,benign,no_adverse_signal
psychological-leadership.com,2026-07-28,28,3.7201755214643453,0.0,1,0.5333333333333333,-6.942975555555555,low,0.5,5,0.5833333333333334,True,NOERROR,1,3600,2,4,True,False,1,8560,DE,True,IONOS SE,4,365,True,0,False,False,False,benign,no_adverse_signal
r5r5agen.com,2026-07-28,12,2.5,0.16666666666666666,0,0.5,-10.428123076923075,low,0.4615,1,0.75,True,NOERROR,2,300,0,2,False,False,2,13335,US,False,NameMart Pte. Ltd.,4,365,False,0,False,False,,benign,no_adverse_signal
pevrilo.com,2026-07-28,11,2.807354922057604,0.0,0,0.75,-7.914127272727273,low,0.5455,2,1.0,False,NOERROR,0,,5,2,True,False,0,,,,"Cloudflare, Inc.",3,365,True,,,False,False,benign,no_adverse_signal
haus-of-social.com,2026-07-28,18,3.2359263506290334,0.0,2,1.0,-7.672452,low,0.4348,1,0.7142857142857143,True,NOERROR,1,3600,2,4,True,False,1,8560,DE,True,IONOS SE,4,365,True,0,False,False,False,benign,no_adverse_signal
oppatoto6login.com,2026-07-28,18,2.950212064914747,0.05555555555555555,0,0.8571428571428571,-7.8816880000000005,low,0.5455,2,0.6428571428571429,True,NOERROR,2,300,0,2,False,False,2,13335,US,False,NAMECHEAP INC,4,365,True,0,False,False,,benign,no_adverse_signal
jimandterryskidskorner.com,2026-07-28,26,3.550340709546388,0.0,0,0.375,-7.0729341463414634,low,0.4138,5,0.5909090909090909,False,NXDOMAIN,0,,0,0,False,False,0,,,,"GMO Internet, Inc.",4,365,True,,,False,,benign,no_adverse_signal
statementjewelry.org,2026-07-28,20,3.202819531114783,0.0,0,0.45454545454545453,-7.120227586206897,low,0.5455,3,0.6875,True,NOERROR,2,6,0,4,False,False,0,,US,False,,,,False,3,False,False,,benign,no_adverse_signal
amezza.com,2026-07-28,10,1.9182958340544896,0.0,0,1.0,-7.717511111111111,low,0.6,2,0.6666666666666666,False,timeout,0,,0,0,False,False,0,,,,"GoDaddy.com, LLC",4,365,False,,,False,,benign,no_adverse_signal
blockzeroindustries.com,2026-07-28,23,3.7216117239699007,0.0,0,0.5833333333333334,-6.9059228571428575,low,0.4828,3,0.7368421052631579,True,NOERROR,2,31,2,4,True,False,0,,US,False,Porkbun LLC,3,365,False,0,False,False,False,benign,no_adverse_signal
fyson.pw,2026-07-28,8,2.321928094887362,0.0,0,0.25,-7.637057142857143,low,0.5455,3,1.0,True,NOERROR,2,300,0,2,False,False,2,13335,US,False,"NameSilo, LLC",4,365,True,0,False,False,,benign,no_adverse_signal
rsnvip8agen.com,2026-07-28,15,3.277613436819116,0.06666666666666667,0,0.42857142857142855,-8.904468421052632,low,0.5333,4,0.9090909090909091,True,NOERROR,2,300,0,2,False,False,2,13335,US,False,West263 International Limited,4,365,True,0,False,False,,benign,no_adverse_signal
septicexpo.com,2026-07-28,14,2.9219280948873623,0.0,0,0.6666666666666666,-7.0902,low,0.5263,2,0.8,True,NOERROR,2,600,0,2,False,False,0,16509,US,True,"GoDaddy.com, LLC",4,365,False,34,False,False,,benign,no_adverse_signal
adinastudios.com,2026-07-28,16,2.9182958340544896,0.0,0,1.0,-6.416342857142857,low,0.5833,2,0.6666666666666666,True,NOERROR,4,14400,0,4,True,False,0,53831,US,False,Squarespace Domains LLC,4,365,True,29,False,False,,benign,no_adverse_signal
hutpn.sbs,2026-07-28,9,2.321928094887362,0.0,0,0.25,-8.537028571428571,low,0.5,3,1.0,True,NOERROR,1,1,0,2,False,True,0,4907,JP,False,DYNADOT LLC,4,365,True,0,True,True,,malicious,spamhaus_zen
biztechlabs.in,2026-07-28,14,3.2776134368191165,0.0,0,0.375,-7.476668421052632,low,0.5882,3,0.9090909090909091,True,NOERROR,2,1800,0,2,False,False,0,16509,US,False,Endurance International Group India Private Limited,4,365,False,0,False,False,,benign,no_adverse_signal
oisterwijk.online,2026-07-28,17,3.121928094887362,0.0,0,0.6666666666666666,-7.464347058823529,medium,0.5,2,0.9,True,NOERROR,1,21600,1,3,False,False,0,396982,NL,True,Hosting Concepts B.V. d/b/a Registrar.eu,4,365,False,0,False,False,False,benign,no_adverse_signal
lahdf-ruzrt-pjohja.work,2026-07-28,23,3.6143694458867563,0.0,2,0.3333333333333333,-9.419533333333334,low,0.3846,3,0.7222222222222222,True,NOERROR,2,600,0,2,False,False,0,16509,US,True,"GoDaddy.com, LLC",4,365,True,34,False,False,,benign,no_adverse_signal
g-fzen.my.id,2026-07-28,12,2.584962500721156,0.0,1,0.25,-9.667644444444445,low,0.6,2,1.0,False,NOERROR,0,,0,2,False,False,0,,,,,,,False,,,False,,benign,no_adverse_signal
healthnavia.com,2026-07-28,15,2.845350936622437,0.0,0,0.8333333333333334,-6.959036842105263,low,0.7059,4,0.7272727272727273,True,NOERROR,4,14400,0,4,True,False,0,53831,US,False,Squarespace Domains LLC,3,365,True,29,False,False,,benign,no_adverse_signal
askinlikmektebi.com,2026-07-28,19,3.139572261986723,0.0,0,0.6666666666666666,-7.4315037037037035,low,0.5,2,0.6666666666666666,True,NOERROR,2,300,0,3,True,False,0,2635,US,False,Automattic Inc.,4,365,True,0,False,False,,benign,no_adverse_signal
789bniagen.com,2026-07-28,14,3.121928094887362,0.21428571428571427,0,0.75,-8.459082352941175,low,0.5333,2,0.9,True,NOERROR,2,300,0,2,False,False,2,13335,US,False,West263 International Limited,4,365,True,0,False,False,,benign,no_adverse_signal
ankerbakstudio.dk,2026-07-28,17,3.521640636343319,0.0,0,0.75,-6.938812,low,0.5385,3,0.8571428571428571,True,NOERROR,1,600,0,3,False,False,0,48854,DK,True,Simply.com A/S,10,364,True,0,False,False,,benign,no_adverse_signal
workshopinnovisions.click,2026-07-28,25,3.076103170996722,0.0,0,0.5833333333333334,-6.6071,medium,0.4848,4,0.5263157894736842,True,NOERROR,2,300,0,2,False,False,2,13335,US,False,DYNADOT LLC,4,365,True,0,False,False,,benign,no_adverse_signal
zamspeciality.com,2026-07-28,17,3.3927474104487847,0.0,0,0.625,-6.828739130434783,low,0.5455,3,0.8461538461538461,True,NOERROR,2,300,0,2,False,False,2,13335,US,False,"Name.com, Inc.",4,365,True,0,False,False,,benign,no_adverse_signal
nagatotohoki.com,2026-07-28,16,2.8553885422075336,0.0,0,1.0,-6.952414285714285,low,0.5,1,0.6666666666666666,True,NOERROR,1,14400,1,4,True,False,0,199695,ID,False,Web Commerce Communications Limited dba WebNic.cc,3,365,False,9,False,False,False,benign,no_adverse_signal
khamphaalcatel.com,2026-07-28,18,2.950212064914747,0.0,0,0.5555555555555556,-7.131064,low,0.5217,3,0.6428571428571429,False,NOERROR,0,,0,2,False,False,0,,,,NAMECHEAP INC,4,365,True,,,False,,benign,no_adverse_signal
bansos78.com,2026-07-28,12,2.75,0.16666666666666666,0,0.5,-8.165207692307693,low,0.5,2,0.875,True,NOERROR,1,300,0,2,True,False,0,22612,US,True,NAMECHEAP INC,4,365,True,0,False,False,,benign,no_adverse_signal
mqii785.beer,2026-07-28,12,2.5216406363433186,0.25,0,1.0,-11.780736363636363,low,0.5455,2,0.8571428571428571,True,NOERROR,2,300,0,2,False,False,2,13335,US,False,DYNADOT LLC,3,365,True,0,False,False,,benign,no_adverse_signal
journeywithlibby.com,2026-07-28,20,3.625,0.0,0,0.45454545454545453,-7.50961724137931,low,0.4348,3,0.8125,True,NOERROR,2,39,2,4,True,False,0,,US,False,Porkbun LLC,4,365,False,0,False,False,False,benign,no_adverse_signal
kurosawa.pl,2026-07-28,11,2.75,0.0,0,1.0,-7.128053846153846,low,0.5714,1,0.875,True,NOERROR,1,21600,1,2,True,False,0,48707,PL,False,Aftermarket.pl Limited,4,365,False,0,False,False,False,benign,no_adverse_signal
entertheaquariusg.com.de,2026-07-28,24,1.584962500721156,0.0,0,0.5,-5.649566666666666,low,0.6,1,1.0,True,NOERROR,2,300,0,2,False,False,2,13335,US,False,,,,False,0,False,False,,benign,no_adverse_signal
belstok.com,2026-07-28,11,2.807354922057604,0.0,0,0.4,-6.650618181818182,low,0.5455,3,1.0,True,NOERROR,2,300,0,2,False,False,2,13335,US,False,"Spaceship, Inc.",3,365,False,0,False,False,,benign,no_adverse_signal
diker-yinhe.com.cn,2026-07-28,18,3.0957952550009344,0.0,1,0.6666666666666666,-7.901078947368421,low,0.5217,2,0.8181818181818182,True,NOERROR,1,599,0,2,False,False,0,58658,US,False,北京新网数码信息技术有限公司,10,365,False,0,False,False,,benign,no_adverse_signal
fymails.com,2026-07-28,11,2.807354922057604,0.0,0,0.4,-7.433209090909091,low,0.7273,3,1.0,True,NOERROR,2,300,3,2,True,False,2,13335,US,False,"Cloudflare, Inc.",4,365,True,0,False,False,False,benign,no_adverse_signal
df3403.com,2026-07-28,10,2.2516291673878226,0.4,0,0.0,-11.154511111111113,low,0.4444,2,0.8333333333333334,True,NOERROR,1,1,0,2,False,False,0,137951,ZA,False,TuringSign Inc. d/b/a Cosmotown,4,365,False,0,False,False,,benign,no_adverse_signal
anubis338.net,2026-07-28,13,2.9477027792200903,0.23076923076923078,0,1.0,-8.764326666666667,low,0.4706,1,0.8888888888888888,True,NOERROR,2,300,1,2,False,False,2,13335,US,False,"GoDaddy.com, LLC",4,365,False,0,False,False,False,benign,no_adverse_signal
u4j-sport.icu,2026-07-28,13,3.169925001442312,0.07692307692307693,1,0.4,-8.839713333333332,low,0.625,2,1.0,True,NOERROR,1,599,0,2,False,False,0,132839,SC,False,"Zhengzhou Century Connect Electronic Technology Development Co., Ltd",4,365,False,0,True,False,,malicious,spamhaus_zen
f4r1b9j.sbs,2026-07-28,11,2.807354922057604,0.2727272727272727,0,0.0,-12.859218181818182,low,0.4615,1,1.0,False,NOERROR,0,,0,2,False,False,0,,,,"Spaceship, Inc.",4,365,False,,,True,,malicious,spamhaus_dbl
kapepldiner.online,2026-07-28,18,3.095795255000934,0.0,0,0.5714285714285714,-6.865947368421053,medium,0.6316,3,0.8181818181818182,True,NOERROR,1,3600,2,2,True,False,1,197695,RU,True,Registrar of Domain Names REG.RU LLC,4,365,False,0,False,False,False,benign,no_adverse_signal
tbvtoys.shop,2026-07-28,12,2.5216406363433186,0.0,0,0.16666666666666666,-8.973218181818181,low,0.4615,4,0.8571428571428571,True,NOERROR,1,300,0,2,False,False,0,199242,GE,False,,,,False,0,False,False,,benign,no_adverse_signal
xn--307tmbet-95a.com,2026-07-28,20,3.577819531114783,0.25,3,0.3333333333333333,-10.149655172413793,low,0.3478,3,0.8125,True,NOERROR,2,600,0,2,False,False,0,16509,US,True,"GoDaddy.com, LLC",5,365,False,34,False,False,,benign,no_adverse_signal
dicht-kaifayule.com.cn,2026-07-28,22,3.6402239289418516,0.0,1,0.75,-7.995974074074074,low,0.4615,3,0.8666666666666667,True,NOERROR,1,599,0,2,False,False,0,134175,HK,False,北京新网数码信息技术有限公司,10,365,False,0,False,False,,benign,no_adverse_signal
cenabymichy.de,2026-07-28,14,3.0957952550009344,0.0,0,0.375,-7.444694736842105,low,0.5333,3,0.8181818181818182,True,NOERROR,2,3600,1,2,True,False,0,16509,US,True,,,,False,55,False,False,,malicious,abuseipdb
moya-devushka-kumikho.biz,2026-07-28,25,3.594465636961452,0.0,2,0.7272727272727273,-8.324164102564103,low,0.4138,3,0.6190476190476191,True,NOERROR,2,300,0,3,False,False,2,13335,US,False,DYNADOT LLC,3,365,True,0,False,False,,benign,no_adverse_signal
autosurf.space,2026-07-28,14,2.75,0.0,0,1.0,-6.985053846153846,low,0.625,2,0.875,True,NOERROR,2,300,0,2,False,False,2,13335,US,False,NAMECHEAP INC,4,365,True,0,False,False,,benign,no_adverse_signal
zhesw.cn,2026-07-28,8,2.321928094887362,0.0,0,0.25,-7.727385714285715,low,0.5,2,1.0,True,NOERROR,1,900,0,2,False,False,0,201501,MH,False,Dynadot Inc,4,365,False,0,True,True,,malicious,spamhaus_zen
belstonedistillery.com,2026-07-28,22,3.30827083453526,0.0,0,0.5,-6.32599696969697,low,0.4375,3,0.6111111111111112,False,NOERROR,0,,0,2,False,False,0,,,,"Cloudflare, Inc.",4,365,True,,,False,,benign,no_adverse_signal
sparkpathwaysforge.com,2026-07-28,22,3.5724312513221195,0.0,0,0.38461538461538464,-7.264139393939394,low,0.5806,3,0.7222222222222222,True,NOERROR,1,300,0,4,False,False,0,13335,DE,True,"Name.com, Inc.",4,365,True,64,False,False,,malicious,abuseipdb
zensoopt.com,2026-07-28,12,2.75,0.0,0,0.6,-7.087784615384615,low,0.5333,2,0.875,False,NXDOMAIN,0,,0,0,False,False,0,,,,,,,,,,False,,benign,no_adverse_signal
luminakms.com,2026-07-28,13,2.94770277922009,0.0,0,0.5,-7.617133333333333,low,0.5333,3,0.8888888888888888,True,NOERROR,1,300,0,4,False,False,0,396982,US,True,"Name.com, Inc.",3,365,True,36,False,False,,benign,no_adverse_signal
460072ff.com,2026-07-28,12,2.5,0.5,0,0.0,-11.360561538461537,low,0.3636,2,0.75,True,NOERROR,8,18,0,2,False,False,0,36002,SG,False,"GoDaddy.com, LLC",4,365,False,0,False,False,,benign,no_adverse_signal
zs1dr-64pxo-vywknc.work,2026-07-28,23,4.058813890331201,0.13043478260869565,2,0.08333333333333333,-11.237775757575758,low,0.3704,6,0.9444444444444444,True,NOERROR,2,600,0,2,False,False,0,16509,US,True,"GoDaddy.com, LLC",4,365,True,34,False,False,,benign,no_adverse_signal
cardinalstateworkforce.com,2026-07-28,26,3.663532754804254,0.0,0,0.5714285714285714,-6.6166,low,0.5,3,0.6363636363636364,True,NOERROR,2,300,3,2,True,False,2,13335,US,False,Porkbun LLC,4,365,False,0,False,False,False,benign,no_adverse_signal
crmwt.com,2026-07-28,9,2.321928094887362,0.0,0,0.0,-9.688628571428572,low,0.6667,5,1.0,True,NOERROR,1,300,0,2,False,False,0,396982,US,True,"HOSTINGER operations, UAB",4,365,False,36,False,False,,benign,no_adverse_signal
legrenierdesfetes.fr,2026-07-28,20,2.9398290174664026,0.0,0,0.7,-6.744458064516129,low,0.4667,2,0.5882352941176471,True,NOERROR,1,50,0,2,False,False,0,47583,CY,False,Hostinger operations UAB,3,364,False,35,False,False,,benign,no_adverse_signal
greengrill.shop,2026-07-28,15,2.5219280948873624,0.0,0,0.42857142857142855,-6.649470588235294,low,0.5,3,0.6,True,NOERROR,1,300,0,2,False,False,0,199242,GE,False,,,,False,0,False,False,,benign,no_adverse_signal
kordahmadi.com,2026-07-28,14,2.921928094887362,0.0,0,0.6666666666666666,-7.3411470588235295,low,0.625,2,0.8,False,NXDOMAIN,0,,0,0,False,False,0,,,,CSL Computer Service Langenbach GmbH d/b/a joker.com,4,365,False,,,False,,benign,no_adverse_signal
latarai.com,2026-07-28,11,2.1280852788913944,0.0,0,1.3333333333333333,-5.955554545454546,low,0.6154,1,0.7142857142857143,True,NOERROR,1,21600,0,2,False,False,0,16509,US,True,"TUCOWS.COM, CO.",373,730,True,0,False,False,,benign,no_adverse_signal
bkg-lvse.icu,2026-07-28,12,3.0,0.0,1,0.16666666666666666,-9.976615384615384,low,0.5,3,1.0,False,NOERROR,0,,0,2,False,False,0,,,,"Zhengzhou Century Connect Electronic Technology Development Co., Ltd",4,365,False,,,False,,benign,no_adverse_signal
ilcalabresedelnord.com,2026-07-28,22,3.30827083453526,0.0,0,0.6363636363636364,-6.835260606060606,low,0.4615,2,0.6111111111111112,True,NOERROR,2,300,1,4,False,False,0,13335,CA,True,"TUCOWS.COM, CO.",371,730,True,0,False,False,False,benign,no_adverse_signal
academiadnegocios.com,2026-07-28,21,3.219528282299548,0.0,0,1.125,-6.979990322580646,low,0.4516,2,0.5882352941176471,True,NOERROR,1,1800,5,2,True,False,0,22612,US,False,NAMECHEAP INC,4,365,True,0,False,False,False,benign,no_adverse_signal
2eef.top,2026-07-28,8,1.5,0.125,0,2.0,-9.082080000000001,high,0.5,1,0.75,True,NOERROR,1,600,0,2,False,True,0,8075,JP,False,"Spaceship, Inc.",4,365,True,0,False,True,,malicious,spamhaus_dbl
8kbet1.pro,2026-07-28,10,2.584962500721156,0.2,0,0.3333333333333333,-9.13171111111111,low,0.4444,2,1.0,True,NOERROR,2,300,0,2,False,False,2,13335,US,False,,,,,0,False,False,,benign,no_adverse_signal
privacy.services,2026-07-28,16,2.807354922057604,0.0,0,0.4,-7.020945454545455,low,0.5714,2,1.0,True,NOERROR,2,41,0,4,False,False,0,,US,False,,,,,3,False,False,,benign,no_adverse_signal
abbringaige.pro,2026-07-28,15,2.7321588913645702,0.0,0,0.8333333333333334,-7.020789473684211,low,0.5455,3,0.6363636363636364,True,NOERROR,2,300,0,2,False,False,2,13335,US,False,,,,,0,False,False,,benign,no_adverse_signal
yadexalloys.com,2026-07-28,15,2.9139770731827523,0.0,0,0.5714285714285714,-7.3098789473684205,low,0.5882,2,0.7272727272727273,True,NOERROR,2,60,2,2,True,False,2,47583,DE,False,"HOSTINGER operations, UAB",4,365,False,1,False,False,False,benign,no_adverse_signal
bracl.com,2026-07-28,9,2.321928094887362,0.0,0,0.25,-6.5043,low,0.7273,2,1.0,True,NOERROR,1,1800,5,2,True,False,0,22612,US,False,NAMECHEAP INC,4,365,True,0,False,False,False,benign,no_adverse_signal
baomanfactory.com,2026-07-28,17,3.180832987205441,0.0,0,0.625,-6.891630434782608,low,0.5385,2,0.7692307692307693,False,NOERROR,0,,0,2,False,False,0,,,,"DNSPod, Inc.",4,365,False,,,False,,benign,no_adverse_signal
jyxhost.com,2026-07-28,11,2.807354922057604,0.0,0,0.16666666666666666,-8.4481,low,0.5333,4,1.0,True,NOERROR,2,300,5,2,True,False,2,13335,US,False,NAMECHEAP INC,3,365,True,0,False,False,False,benign,no_adverse_signal
bernheim.cloud,2026-07-28,14,2.75,0.0,0,0.6,-7.174315384615384,low,0.5333,3,0.875,True,NOERROR,2,300,1,2,False,False,2,13335,US,False,One.com,4,365,False,0,False,False,,benign,no_adverse_signal
theworldrecordguide.com,2026-07-28,23,3.3918926446809317,0.0,0,0.5833333333333334,-6.931445714285714,low,0.5385,4,0.631578947368421,False,NOERROR,0,,0,2,False,False,0,,,,"Cloudflare, Inc.",4,365,True,,,False,,benign,no_adverse_signal
ahaohostudio.com,2026-07-28,16,2.8553885422075336,0.0,0,1.4,-7.035133333333333,low,0.5833,2,0.6666666666666666,True,NOERROR,1,600,0,2,False,False,0,3786,KR,False,"Gabia, Inc.",2569,2922,False,0,False,False,,benign,no_adverse_signal
78jbr.com,2026-07-28,9,2.321928094887362,0.2222222222222222,0,0.0,-11.649271428571428,low,0.4,3,1.0,True,NOERROR,2,300,0,2,False,False,2,13335,US,False,NameMart Pte. Ltd.,4,365,False,0,False,False,,benign,no_adverse_signal
c69-sport.icu,2026-07-28,13,3.169925001442312,0.15384615384615385,1,0.2,-8.518786666666667,low,0.5,2,1.0,False,NOERROR,0,,0,2,False,False,0,,,,"Zhengzhou Century Connect Electronic Technology Development Co., Ltd",4,365,False,,,False,,benign,no_adverse_signal
aisooc.com,2026-07-28,10,2.251629167387823,0.0,0,2.0,-7.192544444444445,low,0.5455,1,0.8333333333333334,False,NOERROR,0,,0,2,False,False,0,,,,Hello Internet Corp,4,365,False,,,False,,benign,no_adverse_signal
koko50002.com,2026-07-28,13,2.197159723424149,0.38461538461538464,0,1.0,-9.507273333333334,low,0.4,1,0.5555555555555556,True,NOERROR,2,300,0,2,False,False,2,13335,US,False,Dominet (HK) Limited,4,365,False,0,False,False,,benign,no_adverse_signal
bass42.co.uk,2026-07-28,12,2.2516291673878226,0.16666666666666666,0,0.3333333333333333,-8.4911,low,0.4444,2,0.8333333333333334,True,NOERROR,2,3600,0,2,False,False,0,16509,US,True,"GoDaddy.com, LLC. [Tag = GODADDY]",5,1096,False,22,False,False,,benign,no_adverse_signal
mmoo1.one,2026-07-28,9,1.5219280948873621,0.1111111111111111,0,1.0,-8.098885714285714,low,0.5,2,0.6,True,NOERROR,2,300,0,2,False,False,2,13335,US,False,Dynadot Inc,4,365,True,0,False,False,,benign,no_adverse_signal
z950.com.br,2026-07-28,11,2.0,0.2727272727272727,0,0.0,-12.46836,low,0.2857,1,1.0,True,NOERROR,2,300,0,2,False,False,2,13335,US,False,,5,365,False,0,False,False,,benign,no_adverse_signal
85199.my,2026-07-28,8,1.9219280948873623,0.625,0,0.0,-10.491957142857142,low,0.25,0,0.8,True,NOERROR,3,600,0,2,False,True,0,140227,HK,False,"NameSilo, LLC",4,365,True,0,False,True,,malicious,spamhaus_dbl
bna-conseil.fr,2026-07-28,14,3.2776134368191165,0.0,1,0.6666666666666666,-7.180684210526316,low,0.5556,2,0.9090909090909091,True,NOERROR,1,3600,3,2,True,False,1,16276,FR,True,OVH,3,1095,False,2,False,False,False,benign,no_adverse_signal
trananhsteel.com,2026-07-28,16,2.918295834054489,0.0,0,0.5,-6.6236,low,0.4762,4,0.6666666666666666,True,NOERROR,4,30,0,2,False,False,8,24940,FI,True,Domain Science Kutatasi Szolgaltato,5,365,True,0,False,False,,benign,no_adverse_signal
atrios-conseil.fr,2026-07-28,17,3.3787834934861767,0.0,1,0.8571428571428571,-6.710944,low,0.5,2,0.7857142857142857,True,NOERROR,1,3600,3,2,True,False,0,16276,FR,True,OVH,3,1095,False,20,False,False,False,benign,no_adverse_signal
onemandeveloper.com,2026-07-28,19,3.106890595608518,0.0,0,0.875,-6.216211111111112,low,0.5,2,0.6666666666666666,True,NOERROR,1,600,2,2,True,False,0,26496,SG,True,"GoDaddy.com, LLC",4,365,False,0,False,False,False,benign,no_adverse_signal
sastavasta.com,2026-07-28,14,1.8464393446710154,0.0,0,0.6666666666666666,-6.342888235294118,low,0.6667,2,0.4,True,NOERROR,2,300,0,2,False,False,2,13335,US,False,NAMECHEAP INC,4,365,True,0,False,False,,benign,no_adverse_signal
slot8888.onl,2026-07-28,12,2.0,0.3333333333333333,0,0.3333333333333333,-8.193946153846154,low,0.4444,2,0.625,True,NOERROR,2,300,0,2,False,False,2,13335,US,False,,,,,0,False,False,,benign,no_adverse_signal
louvretecusa.com,2026-07-28,16,3.2516291673878226,0.0,0,1.0,-7.149985714285714,low,0.5263,2,0.8333333333333334,True,NOERROR,1,21600,0,2,False,False,0,16509,US,True,"TUCOWS.COM, CO.",8042,8400,True,0,False,False,,benign,no_adverse_signal
bettilt154.com,2026-07-28,14,2.8464393446710154,0.21428571428571427,0,0.4,-8.562376470588234,low,0.5,2,0.8,True,NOERROR,1,300,0,2,False,False,0,206834,DE,False,Dynadot Inc,4,365,False,24,False,False,,benign,no_adverse_signal
hrbqijiu.com,2026-07-28,12,2.75,0.0,0,0.6,-10.178192307692306,low,0.4615,4,0.875,True,NOERROR,1,599,0,2,False,False,0,58061,US,False,TuringSign Inc. d/b/a Cosmotown,4,365,False,0,False,False,,benign,no_adverse_signal
fdelab.chat,2026-07-28,11,2.584962500721156,0.0,0,0.5,-7.091055555555556,low,0.6,2,1.0,False,NOERROR,0,,0,2,False,False,0,,,,,,,False,,,False,,benign,no_adverse_signal
kangequzhiboc.com.cn,2026-07-28,20,3.7004397181410926,0.0,0,0.625,-7.995769565217392,low,0.4444,2,1.0,True,NOERROR,1,300,0,2,False,False,0,132839,SC,False,北京新网数码信息技术有限公司,15,365,False,0,False,False,,benign,no_adverse_signal
habrp.co.uk,2026-07-28,11,2.321928094887362,0.0,0,0.25,-7.770242857142857,low,0.5333,3,1.0,True,NOERROR,2,300,0,2,False,False,2,13335,US,False,"Namecheap, Inc. t/a Spaceship [Tag = SPACESHIP]",6,365,False,0,False,False,,benign,no_adverse_signal
partsdesign.jp,2026-07-28,14,3.277613436819116,0.0,0,0.375,-6.642015789473684,low,0.6,4,0.9090909090909091,True,NOERROR,1,3600,1,5,True,False,0,131965,JP,True,,4,370,False,0,False,False,False,benign,no_adverse_signal
goricky.com,2026-07-28,11,2.807354922057604,0.0,0,0.4,-6.711709090909091,low,0.5333,3,1.0,True,NOERROR,2,3600,0,0,True,False,0,14061,US,False,DropCatch.com 1177 LLC,4,365,False,0,False,False,,benign,no_adverse_signal
observatory.build,2026-07-28,17,3.0957952550009344,0.0,0,0.5714285714285714,-6.632094736842105,low,0.6,2,0.8181818181818182,False,NOERROR,0,,0,2,False,False,0,,,,"Cloudflare, Inc.",4,365,True,,,False,,benign,no_adverse_signal
newswave.info,2026-07-28,13,2.5,0.0,0,0.6,-6.973307692307693,medium,0.6154,3,0.75,True,NOERROR,2,300,0,2,False,False,2,13335,US,False,,,,,0,False,False,,benign,no_adverse_signal
gleara.in,2026-07-28,9,2.251629167387823,0.0,0,1.0,-6.086444444444444,low,0.5714,2,0.8333333333333334,True,NOERROR,1,21600,0,4,False,False,0,396982,US,True,Endurance International Group India Private Limited,4,1096,False,36,False,False,,benign,no_adverse_signal
sale-terminal.ru,2026-07-28,16,3.238901256602631,0.0,1,0.7142857142857143,-6.520291304347826,low,0.5833,2,0.7692307692307693,True,NOERROR,1,300,0,2,False,False,0,59692,AE,True,RU-CENTER-RU,5,365,False,5,False,False,,benign,no_adverse_signal
order-data2756473.sbs,2026-07-28,21,3.6168746059562227,0.3333333333333333,1,0.8,-8.891635483870967,low,0.5,2,0.7647058823529411,True,NOERROR,2,300,0,2,False,False,2,13335,US,False,"NameSilo, LLC",3,365,True,0,False,False,,benign,no_adverse_signal
santanagrouprdss.com,2026-07-28,20,3.1556390622295662,0.0,0,0.45454545454545453,-6.7695620689655165,low,0.5833,5,0.625,True,NOERROR,1,300,0,0,False,False,0,58182,US,True,Wix.com Ltd.,373,730,True,0,False,False,,benign,no_adverse_signal
menang1237.com,2026-07-28,14,3.121928094887362,0.2857142857142857,0,0.5,-7.725188235294119,low,0.5,2,0.9,True,NOERROR,2,300,0,2,False,False,2,13335,US,False,Dominet (HK) Limited,4,365,False,0,False,False,,benign,no_adverse_signal
bazicz.co,2026-07-28,9,2.2516291673878226,0.0,0,0.5,-8.251111111111111,low,0.5714,2,0.8333333333333334,True,NOERROR,1,1799,2,2,True,False,0,13335,CA,True,NAMECHEAP INC,7,365,True,0,False,False,False,benign,no_adverse_signal
fromthetopjazzcamps.net,2026-07-28,23,3.616348566075164,0.0,0,0.35714285714285715,-7.805159999999999,low,0.4286,3,0.6842105263157895,True,NOERROR,4,14400,0,4,True,False,0,53831,US,False,Squarespace Domains LLC,3,365,True,29,False,False,,benign,no_adverse_signal
diker-pinbo.com.cn,2026-07-28,18,3.2776134368191165,0.0,1,0.6666666666666666,-7.352331578947369,low,0.5556,2,0.9090909090909091,True,NOERROR,1,599,0,2,False,False,0,58658,BR,False,北京新网数码信息技术有限公司,10,365,False,0,False,False,,benign,no_adverse_signal
at776agen.com,2026-07-28,13,2.725480556997868,0.23076923076923078,0,1.0,-9.546706666666667,low,0.5,1,0.7777777777777778,True,NOERROR,2,300,0,2,False,False,2,13335,US,False,West263 International Limited,4,365,True,0,False,False,,benign,no_adverse_signal
treenergylimited.com,2026-07-28,20,3.125,0.0,0,0.6,-6.774517241379311,low,0.5385,4,0.625,True,NOERROR,2,300,1,2,True,False,2,13335,US,False,Porkbun LLC,4,365,False,0,False,False,False,benign,no_adverse_signal
hoffensink.com,2026-07-28,14,2.9219280948873623,0.0,0,0.42857142857142855,-6.781870588235294,low,0.5882,2,0.8,True,NOERROR,1,14400,1,2,True,False,0,24940,DE,True,"GoDaddy.com, LLC",4,1096,False,96,True,False,True,malicious,spamhaus_zen
wtianrenheyi.com,2026-07-28,16,3.084962500721156,0.0,0,0.7142857142857143,-7.616890476190476,low,0.4706,2,0.75,False,NOERROR,0,,0,2,False,False,0,,,,Realtime Register B.V.,3,365,False,,,False,,benign,no_adverse_signal
screenfulunbreathableness.surf,2026-07-28,30,3.3990795706241745,0.0,0,0.5625,-6.880448936170213,low,0.4737,3,0.48,True,NOERROR,1,3600,0,2,False,False,0,401701,HK,False,"Spaceship, Inc.",4,365,True,0,True,False,,malicious,spamhaus_zen
renoovia.com,2026-07-28,12,2.75,0.0,0,1.6666666666666667,-6.778369230769231,low,0.5714,1,0.875,True,NOERROR,1,14400,1,4,True,False,0,44043,RO,True,PDR Ltd. d/b/a PublicDomainRegistry.com,4,365,False,0,False,False,False,benign,no_adverse_signal
29x4.com,2026-07-28,8,2.0,0.375,0,0.0,-12.42672,low,0.2857,1,1.0,True,NOERROR,2,300,0,2,False,False,2,13335,US,False,Dominet (HK) Limited,4,365,False,0,False,False,,benign,no_adverse_signal
galenseatrading.net,2026-07-28,19,3.1898980954642866,0.0,0,0.6666666666666666,-6.134692592592592,low,0.5385,2,0.6666666666666666,True,NOERROR,1,14400,1,4,True,False,0,24940,DE,True,CNOBIN INFORMATION TECHNOLOGY LIMITED,5,365,False,0,False,False,False,benign,no_adverse_signal
k3p9a2.cyou,2026-07-28,11,2.584962500721156,0.2727272727272727,0,0.5,-12.585188888888888,low,0.4444,1,1.0,True,NOERROR,5,60,0,2,False,True,0,133199,US,False,GLOBAL ASSET DOMAINS INC,4,365,True,0,True,True,,malicious,spamhaus_zen
kotelezo.biz,2026-07-28,12,2.5,0.0,0,1.0,-7.077946153846154,low,0.6667,1,0.75,True,NOERROR,2,300,0,2,False,False,2,13335,US,False,"Cloudflare, Inc.",4,365,True,0,False,False,,benign,no_adverse_signal
fisicoturista.com,2026-07-28,17,3.0269868333592873,0.0,0,0.8571428571428571,-6.47601304347826,low,0.5714,2,0.6923076923076923,True,NOERROR,1,50,0,2,False,False,0,47583,CY,False,"HOSTINGER operations, UAB",4,1096,False,35,False,False,,benign,no_adverse_signal
gabesoph.com.br,2026-07-28,15,3.0,0.0,0,0.6,-7.212030769230769,low,0.5,2,1.0,True,NOERROR,1,14400,1,2,True,False,0,7162,BR,False,,6,365,False,0,False,False,False,benign,no_adverse_signal
7md-lvse.icu,2026-07-28,12,3.0,0.08333333333333333,1,0.2,-9.870615384615384,low,0.5,3,1.0,True,NOERROR,1,599,0,2,False,False,0,132839,ZA,False,"Zhengzhou Century Connect Electronic Technology Development Co., Ltd",4,365,False,0,False,False,,benign,no_adverse_signal
meshek5.com,2026-07-28,11,2.5216406363433186,0.09090909090909091,0,0.5,-7.892854545454545,low,0.5333,2,0.8571428571428571,True,NOERROR,4,14400,1,4,True,False,0,53831,US,False,Squarespace Domains II LLC,4,365,True,12,False,False,False,benign,no_adverse_signal
d75alumni.org,2026-07-28,13,3.169925001442312,0.15384615384615385,0,0.75,-9.629673333333333,low,0.5333,2,1.0,True,NOERROR,2,3600,0,2,False,False,0,16509,US,True,"GoDaddy.com, LLC",4,365,False,26,False,False,,benign,no_adverse_signal
dorojeni.com,2026-07-28,12,2.75,0.0,0,1.0,-7.1342923076923075,low,0.5714,1,0.875,False,NOERROR,0,,0,2,False,False,0,,,,Alibaba Cloud Computing Ltd. d/b/a HiChina (www.net.cn),3,365,False,,,False,,benign,no_adverse_signal
zuqiuyucejingzhunruanjian8.cn,2026-07-28,29,3.5325732575026194,0.034482758620689655,0,0.7857142857142857,-8.615963265306123,low,0.3784,4,0.5384615384615384,True,NOERROR,1,300,0,2,False,False,0,132839,SC,False,北京新网数码信息技术有限公司,6,365,False,0,False,False,,benign,no_adverse_signal
cu888xpih.site,2026-07-28,14,2.6416041678685933,0.21428571428571427,0,0.5,-10.254513333333334,medium,0.4444,2,0.7777777777777778,True,NOERROR,2,300,3,2,True,False,2,13335,US,False,NAMECHEAP INC,4,365,True,0,False,False,False,benign,no_adverse_signal
omegabet.net,2026-07-28,12,2.75,0.0,0,1.0,-6.601038461538462,low,0.5714,1,0.875,True,NOERROR,2,3600,1,2,True,False,0,16509,US,True,DREAMHOST,4,365,True,34,False,False,,benign,no_adverse_signal
zorogarden.shop,2026-07-28,15,2.9219280948873623,0.0,0,0.6666666666666666,-6.706623529411765,low,0.5,2,0.8,True,NOERROR,2,300,5,2,True,False,2,13335,US,False,,,,False,0,False,False,False,benign,no_adverse_signal
velumexult.pro,2026-07-28,14,2.721928094887362,0.0,0,0.6666666666666666,-7.607582352941177,low,0.5,2,0.7,True,NOERROR,2,300,0,2,False,False,2,13335,US,False,,,,,0,False,False,,benign,no_adverse_signal
ind666agen.com,2026-07-28,14,2.6464393446710157,0.21428571428571427,0,0.75,-8.790382352941176,low,0.5,2,0.7,True,NOERROR,2,300,0,2,False,False,2,13335,US,False,NameMart Pte. Ltd.,4,365,False,0,False,False,,benign,no_adverse_signal
ouaib.fr,2026-07-28,8,2.321928094887362,0.0,0,4.0,-7.972614285714286,low,0.5455,1,1.0,True,NOERROR,1,3600,4,2,True,False,0,16276,FR,True,OVH,3,364,False,20,False,False,False,benign,no_adverse_signal
phoenixxservices.com,2026-07-28,20,3.327819531114783,0.0,0,0.6,-7.070779310344828,low,0.625,3,0.6875,False,NXDOMAIN,0,,0,0,False,False,0,,,,,,,,,,False,,benign,no_adverse_signal
yuntg.net,2026-07-28,9,2.321928094887362,0.0,0,0.25,-7.489657142857142,low,0.6,3,1.0,True,NOERROR,1,300,0,2,False,False,0,20473,SG,True,Dynadot Inc,4,365,False,0,False,False,,benign,no_adverse_signal
willowren-melbourne.com,2026-07-28,23,3.3263604079526936,0.0,1,0.6363636363636364,-7.180182857142857,low,0.3871,2,0.5789473684210527,True,NOERROR,1,150,1,2,False,False,0,13335,CA,True,InterNetX GmbH,4,365,True,0,False,False,False,benign,no_adverse_signal
componenthunt.dev,2026-07-28,17,3.0269868333592873,0.0,0,0.4444444444444444,-6.5283999999999995,low,0.5,3,0.6923076923076923,True,NOERROR,2,300,0,2,False,False,2,13335,US,False,,,,False,0,False,False,,benign,no_adverse_signal
portalg6.com.br,2026-07-28,15,3.0,0.06666666666666667,0,0.4,-7.321992307692308,low,0.5714,2,1.0,True,NOERROR,2,60,0,2,False,False,2,47583,DE,False,,4,365,False,1,False,False,,benign,no_adverse_signal
38016878.xyz,2026-07-28,12,2.4056390622295662,0.6666666666666666,0,0.0,-10.2989,high,0.3636,0,0.75,False,NOERROR,0,,0,2,False,False,0,,,,"NameSilo, LLC",4,365,True,,,False,,benign,no_adverse_signal
apis.accountants,2026-07-28,16,2.0,0.0,0,1.0,-6.53396,low,0.6,1,1.0,True,NOERROR,2,300,0,2,False,False,2,13335,US,False,,,,,0,False,False,,benign,no_adverse_signal
auntievigilante.com,2026-07-28,19,3.0565647621309537,0.0,0,1.1428571428571428,-6.753792592592593,low,0.48,2,0.6,True,NOERROR,2,3600,0,2,False,False,0,16509,US,True,"GoDaddy.com, LLC",3,365,False,26,False,False,,benign,no_adverse_signal
hietika.com,2026-07-28,11,2.5216406363433186,0.0,0,1.3333333333333333,-6.919545454545454,low,0.5714,1,0.8571428571428571,True,NOERROR,1,1799,2,2,True,False,0,13335,CA,True,NAMECHEAP INC,4,365,True,0,False,False,False,benign,no_adverse_signal
inkubot.my.id,2026-07-28,13,2.807354922057604,0.0,0,0.75,-7.3048,low,0.6154,2,1.0,True,NOERROR,1,3600,1,4,True,False,0,141995,SG,True,,,,False,0,False,False,False,benign,no_adverse_signal
queue.chat,2026-07-28,10,1.5219280948873621,0.0,0,4.0,-8.142557142857143,low,0.5455,1,0.6,True,NOERROR,1,3600,1,2,True,False,0,133618,US,True,,,,False,0,False,False,False,benign,no_adverse_signal
shopinverona.com,2026-07-28,16,3.2516291673878226,0.0,0,0.7142857142857143,-6.3578238095238095,low,0.6,2,0.8333333333333334,False,NOERROR,0,,3,2,True,False,0,,,,"NameSilo, LLC",3,365,False,,,False,False,benign,no_adverse_signal
arroubgourmet.com,2026-07-28,17,3.0269868333592873,0.0,0,0.8571428571428571,-7.385247826086957,low,0.4615,2,0.6923076923076923,True,NOERROR,1,1799,5,2,True,False,0,16509,US,False,NAMECHEAP INC,4,365,True,0,False,False,False,benign,no_adverse_signal
betamaxpro.store,2026-07-28,16,3.121928094887362,0.0,0,0.6666666666666666,-6.716347058823529,low,0.5,3,0.9,True,NOERROR,4,1118,2,2,False,False,0,36351,US,True,,,,False,0,False,False,False,benign,no_adverse_signal
kampsfit3.com,2026-07-28,13,3.169925001442312,0.07692307692307693,0,0.3333333333333333,-8.08524,low,0.5556,4,1.0,False,NOERROR,0,,0,2,False,False,0,,,,"GoDaddy.com, LLC",3,365,False,,,False,,benign,no_adverse_signal
ashlume.store,2026-07-28,13,2.807354922057604,0.0,0,0.75,-7.434609090909091,low,0.5556,3,1.0,True,NOERROR,2,600,0,2,False,False,0,16509,US,True,,,,False,46,False,False,,benign,no_adverse_signal
super88agen.com,2026-07-28,15,3.095795255000934,0.13333333333333333,0,0.8,-7.989147368421053,low,0.6,1,0.8181818181818182,True,NOERROR,2,300,0,2,False,False,2,13335,US,False,West263 International Limited,4,365,True,0,False,False,,benign,no_adverse_signal
dl3-lvse.icu,2026-07-28,12,2.75,0.08333333333333333,1,0.2,-10.487776923076924,low,0.5,3,0.875,True,NOERROR,1,599,0,2,False,False,0,132839,US,False,"Zhengzhou Century Connect Electronic Technology Development Co., Ltd",4,365,False,0,False,False,,benign,no_adverse_signal
ai-act-uncloaked.training,2026-07-28,25,3.452819531114783,0.0,2,1.0,-7.746482758620689,low,0.5,3,0.75,False,NOERROR,0,,0,2,False,False,0,,,,,,,,,,False,,benign,no_adverse_signal
3w4-lvse.icu,2026-07-28,12,3.0,0.16666666666666666,1,0.25,-11.046907692307693,low,0.5,3,1.0,False,NOERROR,0,,0,2,False,False,0,,,,"Zhengzhou Century Connect Electronic Technology Development Co., Ltd",4,365,False,,,False,,benign,no_adverse_signal
circoparas.center,2026-07-28,17,2.7219280948873625,0.0,0,0.6666666666666666,-6.7517764705882355,low,0.5333,2,0.7,True,NOERROR,2,300,0,2,False,False,2,13335,US,False,,,,,0,False,False,,benign,no_adverse_signal
sube.sh,2026-07-28,7,2.0,0.0,0,1.0,-6.865959999999999,low,0.5714,1,1.0,True,NOERROR,2,300,0,2,False,False,2,13335,US,False,NAMECHEAP INC,4,365,True,0,False,False,,benign,no_adverse_signal
cozycrochet.de,2026-07-28,14,2.845350936622437,0.0,0,0.375,-7.695752631578948,low,0.48,4,0.7272727272727273,True,NOERROR,2,300,0,2,False,False,2,13335,US,False,,,,False,0,False,False,,benign,no_adverse_signal
skillsplustech.com,2026-07-28,18,3.128085278891395,0.0,0,0.2727272727272727,-6.705112000000001,low,0.5,5,0.7142857142857143,True,NOERROR,1,300,0,2,False,False,0,47583,US,False,"Cloudflare, Inc.",4,365,True,44,False,False,,benign,no_adverse_signal
1mo-sport.icu,2026-07-28,13,2.94770277922009,0.07692307692307693,1,0.4,-7.508666666666667,low,0.5882,2,0.8888888888888888,False,NOERROR,0,,0,2,False,False,0,,,,"Zhengzhou Century Connect Electronic Technology Development Co., Ltd",4,365,False,,,False,,benign,no_adverse_signal
elephtvsa.com,2026-07-28,13,2.94770277922009,0.0,0,0.5,-7.932293333333334,low,0.5,5,0.8888888888888888,True,NOERROR,1,1800,5,2,True,False,0,22612,US,False,NAMECHEAP INC,4,365,True,0,False,False,False,benign,no_adverse_signal
northguardconsulting.co.uk,2026-07-28,26,3.584183719779189,0.0,0,0.42857142857142855,-6.898056756756757,low,0.5161,4,0.65,True,NOERROR,1,3600,1,3,True,False,0,8560,GB,False,Fasthosts Internet Ltd [Tag = LIVEDOMAINS],4,365,False,0,False,False,False,benign,no_adverse_signal
bestsixty.com,2026-07-28,13,2.725480556997868,0.0,0,0.2857142857142857,-7.355786666666666,low,0.6154,3,0.7777777777777778,True,NOERROR,1,1800,5,2,True,False,0,22612,US,False,NAMECHEAP INC,4,365,True,0,False,False,False,benign,no_adverse_signal
riveaswimm.com,2026-07-28,14,2.9219280948873623,0.0,0,0.6666666666666666,-7.219705882352941,low,0.48,2,0.8,True,NOERROR,2,3600,1,2,True,False,0,16509,US,True,"GoDaddy.com, LLC",4,1096,False,18,False,False,False,benign,no_adverse_signal
xiuxiu19.buzz,2026-07-28,13,2.25,0.15384615384615385,0,2.0,-10.249776923076922,high,0.5,1,0.625,True,NOERROR,2,300,0,2,False,False,2,13335,US,False,Dynadot Inc,4,365,False,0,False,False,,benign,no_adverse_signal
qy3-lvse.icu,2026-07-28,12,3.0,0.08333333333333333,1,0.2,-10.738207692307693,low,0.5,3,1.0,True,NOERROR,1,599,0,2,False,False,0,132839,US,False,"Zhengzhou Century Connect Electronic Technology Development Co., Ltd",4,365,False,0,False,False,,benign,no_adverse_signal
zb-haixingty.com,2026-07-28,16,3.418295834054489,0.0,1,0.375,-8.289566666666667,low,0.5,4,0.9166666666666666,True,NOERROR,2,30,0,2,True,False,2,14618,US,True,DropCatch.com 714 LLC,4,365,False,0,False,False,,benign,no_adverse_signal
memopira.store,2026-07-28,14,2.75,0.0,0,1.0,-6.986569230769231,low,0.6154,1,0.875,True,NOERROR,1,1799,2,2,True,False,0,13335,CA,True,,,,False,0,False,False,False,benign,no_adverse_signal
mtthrqk3185.cc,2026-07-28,14,3.2776134368191165,0.2857142857142857,0,0.0,-10.648757894736843,low,0.3529,7,0.9090909090909091,False,NXDOMAIN,0,,0,0,False,False,0,,,,,,,False,,,True,,malicious,spamhaus_dbl
434375.xyz,2026-07-28,10,1.9182958340544893,0.6,0,0.0,-10.69271111111111,high,0.2667,0,0.6666666666666666,False,NOERROR,0,,0,2,False,False,0,,,,Dominet (HK) Limited,4,365,False,,,False,,benign,no_adverse_signal
analyse-scrutin.eu,2026-07-28,18,3.506890595608518,0.0,1,0.5555555555555556,-6.976862962962963,low,0.4762,3,0.8,True,NOERROR,1,21600,2,2,False,False,0,16276,FR,True,OVH SAS,,,False,20,False,False,False,benign,no_adverse_signal
unitedfleetut.com,2026-07-28,17,2.8150724101159437,0.0,0,0.8571428571428571,-6.931165217391304,low,0.5,3,0.6153846153846154,True,NOERROR,2,3600,0,2,False,False,0,16509,US,True,"GoDaddy.com, LLC",4,365,False,22,False,False,,benign,no_adverse_signal
numagenenterprises.com,2026-07-28,22,3.239097917988786,0.0,0,0.6363636363636364,-6.4019393939393945,low,0.5161,3,0.6111111111111112,True,NOERROR,2,3600,0,2,False,False,0,16509,US,True,"GoDaddy.com, LLC",4,365,False,18,False,False,,benign,no_adverse_signal
m8861.com,2026-07-28,9,1.9219280948873623,0.4444444444444444,0,0.0,-10.8471,low,0.25,1,0.8,True,NOERROR,2,300,0,2,False,False,2,13335,US,False,NAMECHEAP INC,4,365,True,0,False,False,,benign,no_adverse_signal
klescort-malay.com,2026-07-28,18,3.521640636343319,0.0,1,0.4444444444444444,-6.680596,low,0.56,2,0.8571428571428571,True,NOERROR,2,300,0,2,False,False,2,13335,US,False,NAMECHEAP INC,4,365,True,0,False,False,,benign,no_adverse_signal
multiaxis5d.com,2026-07-28,15,3.277613436819116,0.06666666666666667,0,0.6666666666666666,-8.533657894736843,low,0.4762,2,0.9090909090909091,True,NOERROR,2,300,0,2,False,False,0,16509,US,True,"Spaceship, Inc.",4,365,False,9,False,False,,benign,no_adverse_signal
mfgaoqngguankannba.com.cn,2026-07-28,25,3.016875695766564,0.0,0,0.5,-8.605621212121212,low,0.4138,4,0.5555555555555556,True,NOERROR,1,300,0,2,False,False,0,132839,SC,False,北京新网数码信息技术有限公司,10,365,False,0,False,False,,benign,no_adverse_signal
4463.casino,2026-07-28,11,1.5,0.36363636363636365,0,0.0,-11.43516,low,0.5714,0,0.75,True,NOERROR,1,300,0,2,False,False,0,59692,AE,True,,,,,3,False,False,,benign,no_adverse_signal
pureguardfs.com,2026-07-28,15,3.0957952550009344,0.0,0,0.5714285714285714,-7.453857894736842,low,0.5556,4,0.8181818181818182,True,NOERROR,2,300,0,2,False,False,0,16509,US,True,"Spaceship, Inc.",3,365,False,15,False,False,,benign,no_adverse_signal
plan-q-corse.fr,2026-07-28,15,3.418295834054489,0.0,2,0.42857142857142855,-7.841204761904762,low,0.5,2,0.9166666666666666,True,NOERROR,2,300,3,2,True,False,2,13335,US,False,OVH,2,364,False,0,False,False,False,benign,no_adverse_signal
parcelframe.com,2026-07-28,15,2.9139770731827523,0.0,0,0.5714285714285714,-6.6882631578947365,low,0.5455,3,0.7272727272727273,False,timeout,0,,0,0,False,False,0,,,,"GoDaddy.com, LLC",3,365,False,,,False,,benign,no_adverse_signal
leukodystrophyreveal.beer,2026-07-28,25,3.6841837197791887,0.0,0,0.5384615384615384,-7.5106702702702695,low,0.4615,5,0.7,True,NOERROR,2,300,0,2,False,False,0,16509,US,True,"Spaceship, Inc.",4,365,True,15,False,False,,benign,no_adverse_signal
minimumsteps.com,2026-07-28,16,2.8553885422075336,0.0,0,0.5,-6.984580952380952,low,0.5,3,0.6666666666666666,True,NOERROR,2,300,5,2,True,False,2,13335,US,False,NAMECHEAP INC,4,365,True,0,False,False,False,benign,no_adverse_signal
selenartworks.com,2026-07-28,17,3.238901256602631,0.0,0,0.4444444444444444,-6.599965217391305,low,0.6154,3,0.7692307692307693,True,NOERROR,2,59,2,4,True,False,0,,US,False,Porkbun LLC,4,365,False,0,False,False,False,benign,no_adverse_signal
worldofgl.tv,2026-07-28,12,2.725480556997868,0.0,0,0.2857142857142857,-7.751693333333334,low,0.5882,3,0.7777777777777778,False,NOERROR,0,,0,2,False,False,0,,,,"Cloudflare, Inc.",5,365,True,,,False,,benign,no_adverse_signal
wexgarden.shop,2026-07-28,14,2.94770277922009,0.0,0,0.5,-7.4205266666666665,low,0.6,2,0.8888888888888888,False,NOERROR,0,,1,2,True,False,0,,,,,,,False,,,False,False,benign,no_adverse_signal
ck789zut.site,2026-07-28,13,3.0,0.23076923076923078,0,0.25,-10.899930769230767,medium,0.4286,2,1.0,True,NOERROR,2,300,3,2,True,False,2,13335,US,False,NAMECHEAP INC,4,365,True,0,False,False,False,benign,no_adverse_signal
nahouri.com,2026-07-28,11,2.807354922057604,0.0,0,1.3333333333333333,-6.7862909090909085,low,0.6154,1,1.0,False,NOERROR,0,,0,2,False,False,0,,,,"Cloudflare, Inc.",3,365,True,,,False,,benign,no_adverse_signal
tichofinishcarpenter.com,2026-07-28,24,3.4841837197791885,0.0,0,0.5384615384615384,-6.571013513513513,low,0.4444,3,0.6,True,NOERROR,1,21600,0,2,False,False,0,16509,US,True,"TUCOWS.COM, CO.",373,730,True,0,False,False,,benign,no_adverse_signal
tongqian.de,2026-07-28,11,2.75,0.0,0,0.6,-7.553961538461538,low,0.625,3,0.875,True,NOERROR,1,21600,0,0,False,False,0,14061,DE,False,,,,False,0,False,False,,benign,no_adverse_signal
zv4-lvse.icu,2026-07-28,12,2.75,0.08333333333333333,1,0.2,-10.944661538461538,low,0.5,3,0.875,False,NOERROR,0,,0,2,False,False,0,,,,"Zhengzhou Century Connect Electronic Technology Development Co., Ltd",4,365,False,,,False,,benign,no_adverse_signal
naughtyamreica.com,2026-07-28,18,3.4677201004745006,0.0,0,0.75,-7.6363199999999996,low,0.5,4,0.8571428571428571,True,NOERROR,1,10800,0,2,False,False,0,16509,US,True,Dynadot Inc,4,365,False,24,False,False,,benign,no_adverse_signal
wqcamn290.vip,2026-07-28,13,3.169925001442312,0.23076923076923078,0,0.2,-10.353306666666667,low,0.5714,3,1.0,True,NOERROR,2,60,0,2,False,True,0,13335,SG,False,Dynadot Inc,4,365,True,0,False,True,,malicious,spamhaus_dbl
sledovatel-gorchakova.biz,2026-07-28,25,3.6537567082870006,0.0,1,0.6666666666666666,-7.291507692307693,low,0.4138,3,0.6666666666666666,True,NOERROR,2,300,0,3,False,False,2,13335,US,False,Dynadot Inc,3,,True,0,False,False,,benign,no_adverse_signal
crteamy.site,2026-07-28,12,2.807354922057604,0.0,0,0.4,-7.075345454545455,medium,0.6154,3,1.0,True,NOERROR,1,3600,2,4,False,False,1,211381,NL,True,NAMECHEAP INC,4,365,False,0,False,False,,benign,no_adverse_signal
kellseyandco573.help,2026-07-28,20,3.640223928941851,0.15,0,0.5,-8.285307407407409,low,0.4375,3,0.8666666666666667,False,NXDOMAIN,0,,0,0,False,False,0,,,,"GMO Internet, Inc.",4,365,True,,,False,,benign,no_adverse_signal
mundoferretero.store,2026-07-28,20,2.9852281360342516,0.0,0,0.75,-6.64626,low,0.5,2,0.6428571428571429,False,timeout,0,,0,0,False,False,0,,,,,,,False,,,False,,benign,no_adverse_signal
festivalgila.online,2026-07-28,19,3.084962500721156,0.0,0,0.7142857142857143,-6.9721142857142855,medium,0.4762,2,0.75,False,NOERROR,0,,1,2,True,False,0,,,,NAMECHEAP INC,4,365,True,,,False,,benign,no_adverse_signal
psrg.group,2026-07-28,10,2.0,0.0,0,0.0,-8.83312,low,0.5714,4,1.0,True,NOERROR,1,300,1,2,True,False,0,40034,VG,False,,,,False,20,False,False,False,benign,no_adverse_signal
prestfathe.pro,2026-07-28,14,2.9219280948873623,0.0,0,0.42857142857142855,-6.553305882352941,low,0.5882,3,0.8,True,NOERROR,2,300,0,2,False,False,2,13335,US,False,,,,,0,False,False,,benign,no_adverse_signal
geegan.top,2026-07-28,10,1.9182958340544893,0.0,0,1.0,-6.989666666666667,high,0.5714,1,0.6666666666666666,True,NOERROR,3,3603,5,3,False,False,0,63949,US,True,"NameSilo, LLC",4,365,True,1,False,False,False,benign,no_adverse_signal
siegeinternational.com,2026-07-28,22,3.155221528859512,0.0,0,1.0,-6.332921212121212,low,0.4865,2,0.5555555555555556,True,NOERROR,1,600,1,3,True,False,0,131392,VN,True,"GMO Internet, Inc.",4,365,False,0,False,False,False,benign,no_adverse_signal
report-pilot.co.uk,2026-07-28,18,2.918295834054489,0.0,1,0.5714285714285714,-6.905771428571429,low,0.6364,2,0.6666666666666666,True,NOERROR,2,600,0,2,False,False,0,16509,US,True,123-Reg Limited t/a 123-reg [Tag = 123-REG],7,365,False,14,False,False,,benign,no_adverse_signal
88cob.club,2026-07-28,10,1.9219280948873623,0.2,0,0.5,-8.8643,low,0.4444,1,0.8,True,NOERROR,2,300,0,2,False,False,2,13335,US,False,Dynadot Inc,4,365,True,0,False,False,,benign,no_adverse_signal
allyandmaxnaples.com,2026-07-28,20,3.077819531114783,0.0,0,0.45454545454545453,-7.116951724137931,low,0.5,3,0.625,True,NOERROR,4,60,0,4,True,False,0,16509,US,True,"ENOM, INC.",4,365,True,0,False,False,,benign,no_adverse_signal
hotelfixai.com,2026-07-28,14,3.1219280948873624,0.0,0,1.0,-7.435605882352941,low,0.5,2,0.9,True,NOERROR,2,23,2,4,True,False,0,,US,False,Porkbun LLC,4,365,False,0,False,False,False,benign,no_adverse_signal
qwikplate.fun,2026-07-28,13,3.169925001442312,0.0,0,0.5,-7.6351466666666665,low,0.5714,3,1.0,True,NOERROR,2,1800,0,2,False,False,0,16509,US,False,"HOSTINGER operations, UAB",4,365,False,0,False,False,,benign,no_adverse_signal
tokemurther.space,2026-07-28,17,2.9139770731827523,0.0,0,0.5714285714285714,-6.859947368421053,low,0.5882,3,0.7272727272727273,False,NOERROR,0,,0,2,False,False,0,,,,NAMECHEAP INC,4,365,True,,,False,,benign,no_adverse_signal
sevimli099gob.xyz,2026-07-28,17,3.3927474104487847,0.17647058823529413,0,0.6666666666666666,-9.333460869565217,high,0.4545,2,0.8461538461538461,True,NOERROR,2,53,0,4,False,False,0,,US,False,Porkbun LLC,380,730,False,3,False,False,,benign,no_adverse_signal
oihrbitalextr.garden,2026-07-28,20,3.238901256602631,0.0,0,0.625,-7.509878260869566,low,0.5263,3,0.7692307692307693,False,NOERROR,0,,5,2,True,False,0,,,,Sav.com LLC,4,365,True,,,False,False,benign,no_adverse_signal
hosidrasmo.biz,2026-07-28,14,2.9219280948873623,0.0,0,0.6666666666666666,-6.912176470588236,low,0.5263,2,0.8,False,SERVFAIL,0,,0,0,False,False,0,,,,Dynadot Inc,4,,True,,,False,,benign,no_adverse_signal
4cta.top,2026-07-28,8,2.0,0.125,0,0.5,-9.20112,high,0.5,2,1.0,True,NOERROR,1,600,0,2,False,True,0,8075,JP,False,"Spaceship, Inc.",4,365,True,0,False,True,,malicious,spamhaus_dbl
hydrogeolog24.cz,2026-07-28,16,3.180832987205441,0.125,0,0.5714285714285714,-7.880317391304348,low,0.5217,4,0.7692307692307693,True,NOERROR,1,1800,1,3,True,False,1,39392,CZ,True,REG-GRANSY,5,364,False,0,False,False,False,benign,no_adverse_signal
pacifiersholobaptist.beer,2026-07-28,25,3.5841837197791886,0.0,0,0.6666666666666666,-6.8015513513513515,low,0.4516,3,0.65,True,NOERROR,2,300,0,2,False,False,0,16509,US,True,"Spaceship, Inc.",4,365,True,9,False,False,,benign,no_adverse_signal
proudtrades.ai,2026-07-28,14,3.0957952550009344,0.0,0,0.5714285714285714,-6.461589473684211,low,0.5556,3,0.8181818181818182,True,NOERROR,2,120,0,4,False,False,0,16509,DE,True,"Name.com, Inc.",5,731,True,27,False,False,,benign,no_adverse_signal
escalaeducacional.com,2026-07-28,21,3.1018812234760182,0.0,0,1.125,-6.755496774193548,low,0.48,2,0.5882352941176471,True,NOERROR,2,60,0,2,False,False,2,47583,DE,False,"HOSTINGER operations, UAB",4,1096,False,0,False,False,,benign,no_adverse_signal
edhamilton.music,2026-07-28,16,3.321928094887362,0.0,0,0.6666666666666666,-7.030758823529412,low,0.6667,2,1.0,True,NOERROR,1,300,0,4,False,False,0,47846,DE,False,"Name.com, Inc.",4,365,True,8,False,False,,benign,no_adverse_signal
assante-expertise.fr,2026-07-28,20,3.1018812234760182,0.0,1,0.7777777777777778,-6.679345161290322,low,0.4828,2,0.5882352941176471,True,NOERROR,1,3600,3,2,True,False,0,16276,FR,True,OVH,3,364,False,20,False,False,False,benign,no_adverse_signal
jalvoselect.shop,2026-07-28,16,3.095795255000934,0.0,0,0.5714285714285714,-7.1362421052631575,low,0.6316,2,0.8181818181818182,True,NOERROR,1,21600,3,2,True,False,0,15169,US,True,,,,False,0,True,False,False,malicious,spamhaus_zen
ridikulus.ru,2026-07-28,12,2.725480556997868,0.0,0,0.8,-7.392833333333333,low,0.4615,1,0.7777777777777778,True,NOERROR,1,3600,0,3,False,False,0,48287,RU,False,RU-CENTER-RU,5,365,False,5,False,False,,benign,no_adverse_signal
ottomanichairbreadths.beer,2026-07-28,26,3.5585186130489057,0.0,0,0.6153846153846154,-6.788558974358975,low,0.4667,4,0.6190476190476191,True,NOERROR,1,3600,0,2,False,False,0,396982,HK,True,"Spaceship, Inc.",4,365,True,0,False,False,,benign,no_adverse_signal
kreezy.com,2026-07-28,10,2.2516291673878226,0.0,0,0.5,-7.853244444444444,low,0.5,2,0.8333333333333334,True,NOERROR,2,300,0,2,False,False,0,20473,US,True,Gname 433 Inc,4,365,False,0,False,False,,benign,no_adverse_signal
zenbeautyai.shop,2026-07-28,16,3.0957952550009344,0.0,0,1.2,-7.452257894736843,low,0.5333,2,0.8181818181818182,True,NOERROR,2,300,0,2,False,False,2,13335,US,False,,,,False,0,False,False,,benign,no_adverse_signal
spinjumploop.com,2026-07-28,16,3.0220552088742005,0.0,0,0.5,-7.32894761904762,low,0.4545,3,0.75,True,NOERROR,5,600,2,2,False,False,5,63949,DE,True,Dynadot Inc,4,365,False,0,False,False,False,benign,no_adverse_signal
voomhood.fun,2026-07-28,12,2.0,0.0,0,1.0,-7.55046923076923,low,0.5333,2,0.625,True,NOERROR,2,1800,0,2,False,False,0,16509,US,False,NAMECHEAP INC,3,365,True,0,False,False,,benign,no_adverse_signal
seven-seven.ca,2026-07-28,14,2.1867043459100244,0.0,1,0.6666666666666666,-6.932147368421053,low,0.5,1,0.45454545454545453,True,NOERROR,2,300,0,2,False,False,2,13335,US,False,CENTRALNIC CANADA INC,4,365,True,0,False,False,,benign,no_adverse_signal
fitstorypack.shop,2026-07-28,17,3.418295834054489,0.0,0,0.3333333333333333,-6.689504761904762,low,0.5,3,0.9166666666666666,True,NOERROR,1,300,0,4,False,False,0,13335,DE,True,,,,False,64,False,False,,malicious,abuseipdb
gaigu.cloud,2026-07-28,11,1.9219280948873623,0.0,0,1.5,-7.5602285714285715,low,0.6,1,0.8,False,NOERROR,0,,0,2,False,False,0,,,,Porkbun LLC,4,365,False,,,False,,benign,no_adverse_signal
darkstudio.photo,2026-07-28,16,3.121928094887362,0.0,0,0.6666666666666666,-6.73665294117647,low,0.6364,4,0.9,True,NOERROR,1,3600,3,2,True,False,0,16509,US,False,"OVH, SAS",4,365,True,0,False,False,False,benign,no_adverse_signal
mastacosnj.com,2026-07-28,14,2.9219280948873623,0.0,0,0.42857142857142855,-6.86344705882353,low,0.5714,3,0.8,True,NOERROR,2,3600,0,2,False,False,0,16509,US,True,"GoDaddy.com, LLC",3,365,False,18,False,False,,benign,no_adverse_signal
blue-talk.com,2026-07-28,13,2.94770277922009,0.0,1,0.6,-7.4157866666666665,low,0.5,2,0.8888888888888888,True,NOERROR,2,300,0,2,False,False,2,13335,US,False,"Cloudflare, Inc.",4,365,True,0,False,False,,benign,no_adverse_signal
aviclapc.com,2026-07-28,12,2.5,0.0,0,0.6,-6.942123076923077,low,0.5714,2,0.75,True,NOERROR,2,30,0,2,True,False,2,14618,US,True,DropCatch.com 834 LLC,4,365,False,0,False,False,,benign,no_adverse_signal
ll6ka.com,2026-07-28,9,1.9219280948873623,0.1111111111111111,0,0.3333333333333333,-10.915042857142856,low,0.5,2,0.8,True,NOERROR,2,300,0,2,False,False,2,13335,US,False,NameMart Pte. Ltd.,4,365,False,0,False,False,,benign,no_adverse_signal
mafiya-online.biz,2026-07-28,17,3.238901256602631,0.0,1,1.0,-7.338243478260869,low,0.6667,2,0.7692307692307693,True,NOERROR,2,300,0,3,False,False,2,13335,US,False,Dynadot Inc,3,,True,0,False,False,,benign,no_adverse_signal
mcn.pp.ua,2026-07-28,9,0.0,0.0,0,0.0,,low,,2,0.5,False,NOERROR,0,,0,2,False,False,0,,,,"ТОВ ""АДАМАНТ-ДС"" (adamant-dc-mnt-cunic)",,,False,,,False,,benign,no_adverse_signal
raakeshwaran.com,2026-07-28,16,2.751629167387823,0.0,0,0.7142857142857143,-7.139385714285714,low,0.5,3,0.6666666666666666,True,NOERROR,1,600,3,2,True,False,0,13335,US,False,"GoDaddy.com, LLC",3,365,False,0,False,False,False,benign,no_adverse_signal
vivacestyle.com,2026-07-28,15,3.0957952550009344,0.0,0,0.5714285714285714,-6.838263157894737,low,0.5,4,0.8181818181818182,True,NOERROR,3,3600,1,2,True,False,0,58182,US,True,Wix.com Ltd.,4,365,False,24,False,False,False,benign,no_adverse_signal
gogorummyh.com,2026-07-28,14,2.721928094887362,0.0,0,0.42857142857142855,-7.5761529411764705,low,0.4615,4,0.7,True,NOERROR,2,300,0,2,False,False,2,13335,US,False,Dominet (HK) Limited,4,365,False,0,False,False,,benign,no_adverse_signal
vedamrigh.com,2026-07-28,13,3.169925001442312,0.0,0,0.5,-7.324953333333334,low,0.5455,2,1.0,True,NOERROR,2,300,2,2,True,False,2,13335,US,False,"GoDaddy.com, LLC",4,365,False,0,False,False,False,benign,no_adverse_signal
reilcapdirect.com,2026-07-28,17,3.0850551027564768,0.0,0,0.625,-7.191552173913044,low,0.6154,2,0.6923076923076923,False,NOERROR,0,,6,4,True,False,0,,,,Cloud DNS Ltd,4,365,True,,,False,False,benign,no_adverse_signal
hpbiblia.com.br,2026-07-28,15,2.5,0.0,0,0.6,-7.7474461538461545,low,0.5333,3,0.75,True,NOERROR,1,50,0,2,False,False,0,47583,CY,False,,5,365,False,35,False,False,,benign,no_adverse_signal
sadlnd744.vip,2026-07-28,13,2.725480556997868,0.23076923076923078,0,0.2,-9.924473333333333,low,0.4286,4,0.7777777777777778,False,NXDOMAIN,0,,0,0,False,False,0,,,,,,,False,,,True,,malicious,spamhaus_dbl
goetzmade.com,2026-07-28,13,2.94770277922009,0.0,0,0.8,-7.9081133333333336,low,0.56,3,0.8888888888888888,True,NOERROR,1,3600,2,4,True,False,1,8560,DE,True,IONOS SE,3,365,True,0,False,False,False,benign,no_adverse_signal
fivemeows.store,2026-07-28,15,2.94770277922009,0.0,0,0.8,-7.253213333333333,low,0.5714,2,0.8888888888888888,True,NOERROR,1,21600,0,2,False,False,0,16509,US,True,,,,False,0,False,False,,benign,no_adverse_signal
suministrosbiomedicosgdl.com,2026-07-28,28,3.5535088547976788,0.0,0,0.6,-7.033806666666667,low,0.4706,4,0.5833333333333334,False,NOERROR,0,,3,2,True,False,0,,,,"ENOM, INC.",4,365,True,,,False,False,benign,no_adverse_signal
xccknpy.com,2026-07-28,11,2.5216406363433186,0.0,0,0.0,-9.428372727272727,low,0.5,7,0.8571428571428571,True,NOERROR,7,60,0,2,False,True,0,133199,US,False,"GMO Internet, Inc.",4,365,True,0,False,True,,malicious,spamhaus_dbl
soldgift.store,2026-07-28,14,3.0,0.0,0,0.3333333333333333,-7.639107692307693,low,0.5333,3,1.0,True,NOERROR,2,300,0,2,False,False,2,13335,US,False,,,,False,0,False,False,,benign,no_adverse_signal
marquisaurelia.com,2026-07-28,18,3.039148671903071,0.0,0,1.3333333333333333,-7.0278719999999995,low,0.5,2,0.6428571428571429,True,NOERROR,2,600,0,2,False,False,0,16509,US,True,"GoDaddy.com, LLC",4,365,False,34,False,False,,benign,no_adverse_signal
venom-games.com,2026-07-28,15,3.0957952550009344,0.0,1,0.6666666666666666,-6.9319,low,0.6,1,0.8181818181818182,True,NOERROR,2,3600,0,3,False,False,0,45638,AU,True,Synergy Wholesale Accreditations Pty Ltd,4,365,True,0,False,False,,benign,no_adverse_signal
rosaaurea.com,2026-07-28,13,2.4193819456463714,0.0,0,2.0,-6.894446666666667,low,0.5714,1,0.6666666666666666,True,NOERROR,1,20446,0,2,False,False,0,16509,US,True,"TUCOWS.COM, CO.",3660,4017,True,0,False,False,,benign,no_adverse_signal
belvchic.shop,2026-07-28,13,2.75,0.0,0,0.3333333333333333,-7.744238461538462,low,0.5333,4,0.875,True,NOERROR,1,300,0,2,False,False,0,199242,GE,False,,,,False,0,False,False,,benign,no_adverse_signal
bratya-online.biz,2026-07-28,17,3.3927474104487847,0.0,1,0.7142857142857143,-6.8838608695652175,low,0.7619,2,0.8461538461538461,True,NOERROR,2,300,0,3,False,False,2,13335,US,False,Dynadot Inc,3,,True,0,False,False,,benign,no_adverse_signal
rodelevator.fr,2026-07-28,14,2.9139770731827523,0.0,0,0.8333333333333334,-6.4779,low,0.5714,1,0.7272727272727273,True,NOERROR,1,900,1,2,True,False,0,39729,IT,False,AMEN / Agence des Médias Numériques,3,364,False,0,False,False,False,benign,no_adverse_signal
itsyour.fitness,2026-07-28,15,2.807354922057604,0.0,0,0.75,-7.2103363636363635,low,0.5714,3,1.0,True,NOERROR,2,600,0,2,False,False,0,16509,US,True,,,,,46,False,False,,benign,no_adverse_signal
f1swimsuit.com,2026-07-28,14,2.9219280948873623,0.07142857142857142,0,0.5,-8.832529411764705,low,0.5882,2,0.8,False,NOERROR,0,,0,2,False,False,0,,,,Realtime Register B.V.,4,365,False,,,False,,benign,no_adverse_signal
cragr-srv03.info,2026-07-28,16,3.027169118440619,0.125,1,0.14285714285714285,-8.760805263157895,medium,0.5,3,0.8181818181818182,True,NOERROR,2,300,0,2,False,False,2,13335,US,False,,,,,0,False,True,,malicious,spamhaus_dbl
mh8ea0.com,2026-07-28,10,2.584962500721156,0.2,0,1.0,-12.110444444444445,low,0.5455,2,1.0,False,NOERROR,0,,0,2,False,False,0,,,,Realtime Register B.V.,4,365,False,,,False,,benign,no_adverse_signal
shashaktgyan.org,2026-07-28,16,2.8553885422075336,0.0,0,0.3333333333333333,-7.664671428571428,low,0.5,4,0.6666666666666666,False,NXDOMAIN,0,,0,0,False,False,0,,,,"GMO Internet Group, Inc. d/b/a Onamae.com",4,365,False,,,False,,benign,no_adverse_signal
hotelpuntasal.com,2026-07-28,17,3.238901256602631,0.0,0,0.625,-6.690717391304348,low,0.5,2,0.7692307692307693,True,NOERROR,2,60,0,2,False,False,2,47583,DE,False,"HOSTINGER operations, UAB",3,365,False,0,False,False,,benign,no_adverse_signal
wringersforpassunferreted.garden,2026-07-28,32,3.5092750707107125,0.0,0,0.47058823529411764,-6.904587234042554,low,0.45,3,0.56,True,NOERROR,1,3600,0,2,False,False,0,396982,HK,True,"Spaceship, Inc.",4,365,True,0,False,False,,benign,no_adverse_signal
altus-institute.com,2026-07-28,19,2.973557262275185,0.0,1,0.75,-6.834237037037037,low,0.5,3,0.6,True,NOERROR,1,600,0,2,True,False,1,42585,NL,True,Metaregistrar BV,4,365,False,0,False,False,,benign,no_adverse_signal
tjzxcy.com,2026-07-28,10,2.584962500721156,0.0,0,0.0,-10.746277777777777,low,0.4,6,1.0,False,NOERROR,0,,0,2,False,False,0,,,,"Hefei Juming Network Technology Co., Ltd.",4,365,True,,,False,,benign,no_adverse_signal
fishbone2.com,2026-07-28,13,3.169925001442312,0.07692307692307693,0,0.6,-7.4296066666666665,low,0.5,3,1.0,True,NOERROR,1,600,0,2,False,False,0,43350,NL,False,TLDS LLC. d/b/a SRSPlus,4,365,True,0,False,False,,benign,no_adverse_signal
nivaaorganics.com,2026-07-28,17,3.0269868333592873,0.0,0,0.8571428571428571,-7.313917391304348,low,0.4828,2,0.6923076923076923,True,NOERROR,2,600,0,2,False,False,0,16509,US,True,"GoDaddy.com, LLC",4,365,False,34,False,False,,benign,no_adverse_signal
zendesigned.com,2026-07-28,15,2.663532754804255,0.0,0,0.5714285714285714,-6.639436842105263,low,0.6667,2,0.6363636363636364,True,NOERROR,2,600,0,2,False,False,0,16509,US,True,"GoDaddy.com, LLC",3,365,False,34,False,False,,benign,no_adverse_signal
uzhasy-interneta.biz,2026-07-28,20,3.5,0.0,1,0.6666666666666666,-7.028472413793104,low,0.56,2,0.75,True,NOERROR,2,300,0,3,False,False,2,13335,US,False,Dynadot Inc,3,,True,0,False,False,,benign,no_adverse_signal
mohsinhalalbazar.com,2026-07-28,20,3.25,0.0,0,0.6,-7.393506896551724,low,0.5,2,0.6875,True,NOERROR,1,14400,1,2,True,False,0,138358,BD,False,Purple IT Ltd,4,365,True,0,False,False,False,benign,no_adverse_signal
isencaocbmma.site,2026-07-28,17,3.084962500721156,0.0,0,0.7142857142857143,-7.831566666666666,medium,0.4706,4,0.75,False,NOERROR,0,,0,2,False,False,0,,,,"NameSilo, LLC",4,365,True,,,False,,benign,no_adverse_signal
baitshaon.cc,2026-07-28,12,2.94770277922009,0.0,0,0.8,-7.1124600000000004,low,0.5333,3,0.8888888888888888,True,NOERROR,1,1,0,2,False,True,0,40065,US,False,"NameSilo, LLC",5,365,True,0,False,False,,benign,no_adverse_signal
workwithstaylogic.com,2026-07-28,21,3.6168746059562227,0.0,0,0.4166666666666667,-7.289203225806452,low,0.48,4,0.7647058823529411,True,NOERROR,2,600,0,2,False,False,0,16509,US,True,"GoDaddy.com, LLC",3,365,False,34,False,False,,benign,no_adverse_signal
cetniastrategies.com,2026-07-28,20,3.0306390622295662,0.0,0,0.7777777777777778,-6.604779310344828,low,0.5455,3,0.5625,True,NOERROR,3,3600,1,2,True,False,0,58182,US,True,Wix.com Ltd.,4,1096,True,22,False,False,False,benign,no_adverse_signal
easygovps.lol,2026-07-28,13,2.94770277922009,0.0,0,0.5,-7.912153333333333,low,0.5217,3,0.8888888888888888,True,NOERROR,1,3603,0,3,False,False,0,200019,NL,True,"NameSilo, LLC",3,365,True,0,False,False,,benign,no_adverse_signal
popsocketssstore.com,2026-07-28,20,2.827819531114783,0.0,0,0.45454545454545453,-6.705589655172414,low,0.5185,5,0.5,True,NOERROR,1,600,3,2,True,False,0,13335,CA,True,"Chengdu west dimension digital technology Co., LTD",4,365,True,0,False,False,False,benign,no_adverse_signal
dealers.app,2026-07-28,11,2.5216406363433186,0.0,0,0.75,-5.995136363636363,low,0.6667,2,0.8571428571428571,True,NOERROR,2,600,0,2,False,False,0,16509,US,True,,,,False,34,False,False,,benign,no_adverse_signal
nubemultiservice.com,2026-07-28,20,3.452819531114783,0.0,0,0.7777777777777778,-6.871524137931035,low,0.6207,2,0.75,False,NXDOMAIN,0,,0,0,False,False,0,,,,,,,,,,False,,benign,no_adverse_signal
glavnyy-podozrevaemyy.biz,2026-07-28,25,3.630412660873998,0.0,1,0.42857142857142855,-8.740923076923078,low,0.4,4,0.6666666666666666,True,NOERROR,2,300,0,3,False,False,2,13335,US,False,Dynadot Inc,4,,True,0,False,False,,benign,no_adverse_signal
babacoolbrooklyn.com,2026-07-28,20,2.952819531114783,0.0,0,0.6,-7.300844827586207,low,0.5,4,0.5625,True,NOERROR,1,300,0,2,False,False,0,40034,VG,False,"Entertainment Names, LLC",4,365,False,20,False,False,,benign,no_adverse_signal
h3dkydex.com.br,2026-07-28,15,2.75,0.06666666666666667,0,0.16666666666666666,-9.539115384615384,low,0.5714,4,0.875,True,NOERROR,1,3600,0,2,False,False,0,16509,US,False,,6,365,False,0,False,False,,benign,no_adverse_signal
traveltreak.site,2026-07-28,16,2.7321588913645702,0.0,0,0.5714285714285714,-6.455194736842105,medium,0.5556,3,0.6363636363636364,True,NOERROR,2,300,0,2,False,False,2,13335,US,False,PDR Ltd. d/b/a PublicDomainRegistry.com,3,365,False,0,False,False,,benign,no_adverse_signal
segmentsworld.com,2026-07-28,17,3.3927474104487847,0.0,0,0.3,-7.069078260869565,low,0.5263,4,0.8461538461538461,True,NOERROR,2,3600,0,2,False,False,0,16509,US,True,"GoDaddy.com, LLC",4,365,False,18,False,False,,benign,no_adverse_signal
limitlessyoutribe.com,2026-07-28,21,3.3371753411230776,0.0,0,0.7,-6.985754838709678,low,0.5,3,0.6470588235294118,True,NOERROR,2,600,0,2,False,False,0,16509,US,True,"GoDaddy.com, LLC",4,1096,False,34,False,False,,benign,no_adverse_signal
nanopowerziraat.com,2026-07-28,19,3.189898095464287,0.0,0,0.875,-7.405707407407408,low,0.5,2,0.6666666666666666,True,NOERROR,1,14400,1,2,True,False,0,42807,TR,True,Aerotek Bilisim Sanayi ve Ticaret AS,4,1096,True,0,False,False,False,benign,no_adverse_signal
67game.club,2026-07-28,11,2.584962500721156,0.18181818181818182,0,1.0,-8.470944444444445,low,0.6,1,1.0,True,NOERROR,2,300,0,2,False,False,2,13335,US,False,Dynadot Inc,4,365,True,0,False,False,,benign,no_adverse_signal
authzcore.net,2026-07-28,13,3.169925001442312,0.0,0,0.8,-7.707566666666667,low,0.5882,4,1.0,True,NOERROR,1,50,0,2,False,False,0,47583,CY,False,"HOSTINGER operations, UAB",4,731,False,35,False,False,,benign,no_adverse_signal
the-brooklynstore.com,2026-07-28,21,3.4548223999466066,0.0,1,0.45454545454545453,-7.073667741935484,low,0.4667,6,0.7058823529411765,True,NOERROR,1,3600,0,2,False,False,0,13335,CA,True,"GoDaddy.com, LLC",4,365,False,0,False,False,,benign,no_adverse_signal
baketheory.app,2026-07-28,14,3.121928094887362,0.0,0,0.6666666666666666,-6.866011764705882,low,0.5882,2,0.9,False,NOERROR,0,,0,2,False,False,0,,,,,,,False,,,False,,benign,no_adverse_signal
bank34m.vip,2026-07-28,11,2.807354922057604,0.18181818181818182,0,0.25,-8.954736363636364,low,0.5455,2,1.0,True,NOERROR,2,300,0,2,False,False,0,13335,US,False,Gname.com Pte. Ltd.,4,365,True,0,False,False,,benign,no_adverse_signal
vjdriowe.com,2026-07-28,12,3.0,0.0,0,0.6,-8.622361538461538,low,0.5333,4,1.0,False,NOERROR,0,,0,2,False,False,0,,,,Realtime Register B.V.,4,365,False,,,False,,benign,no_adverse_signal
andgrid.com,2026-07-28,11,2.5216406363433186,0.0,0,0.4,-7.094145454545455,low,0.8571,4,0.8571428571428571,True,NOERROR,1,600,0,2,False,False,0,3786,KR,False,"Gabia, Inc.",377,730,False,0,False,False,,benign,no_adverse_signal
31od2-i0ix9-ajonop.work,2026-07-28,23,3.6835423624332306,0.21739130434782608,2,1.2,-10.75338787878788,low,0.4,1,0.7777777777777778,True,NOERROR,2,600,0,2,False,False,0,16509,US,True,"GoDaddy.com, LLC",4,365,True,46,False,False,,benign,no_adverse_signal
topsnshops.com,2026-07-28,14,2.446439344671015,0.0,0,0.25,-7.185882352941176,low,0.5,5,0.6,True,NOERROR,2,60,2,2,True,False,2,47583,DE,False,"HOSTINGER operations, UAB",3,365,False,2,False,False,False,benign,no_adverse_signal
tinyterminal.store,2026-07-28,18,3.084962500721156,0.0,0,0.5,-6.488995238095238,low,0.6316,3,0.75,True,NOERROR,2,600,0,2,False,False,0,16509,US,True,,,,False,46,False,False,,benign,no_adverse_signal
chrex.com,2026-07-28,9,2.321928094887362,0.0,0,0.25,-7.142685714285713,low,0.5455,3,1.0,True,NOERROR,2,3600,1,2,True,False,0,16509,US,True,Gname 216 Inc,4,365,False,34,False,False,,benign,no_adverse_signal
ivoregoncity.com,2026-07-28,16,3.2516291673878226,0.0,0,0.7142857142857143,-6.803557142857143,low,0.5385,2,0.8333333333333334,True,NOERROR,1,1800,5,2,True,False,0,22612,US,False,NAMECHEAP INC,3,365,True,0,False,False,False,benign,no_adverse_signal
662269.vip,2026-07-28,10,1.4591479170272448,0.6,0,0.0,-11.027044444444444,low,0.2222,0,0.5,True,NOERROR,1,60,0,2,False,False,0,59371,HK,False,Dynadot Inc,4,365,True,0,False,False,,benign,no_adverse_signal
ayvee.org,2026-07-28,9,1.9219280948873623,0.0,0,1.5,-8.0663,low,0.6,2,0.8,True,NOERROR,1,7200,2,2,True,False,0,40034,VG,False,"Network Solutions, LLC",4,365,True,0,False,False,False,benign,no_adverse_signal
peppercorn-rx.com,2026-07-28,17,2.8150724101159437,0.0,1,0.3333333333333333,-7.583386956521739,low,0.4444,2,0.6153846153846154,True,NOERROR,2,600,0,2,False,False,0,16509,US,True,"GoDaddy.com, LLC",4,731,False,34,False,False,,benign,no_adverse_signal
cancuntropicaltransfer.com,2026-07-28,26,3.503997527334847,0.0,0,0.4666666666666667,-6.612251219512196,low,0.4571,3,0.5909090909090909,False,NOERROR,0,,0,2,False,False,0,,,,"Cloudflare, Inc.",4,365,True,,,False,,benign,no_adverse_signal
fly8827.com,2026-07-28,11,2.521640636343318,0.36363636363636365,0,0.0,-10.171245454545454,low,0.4615,3,0.8571428571428571,True,NOERROR,2,300,0,2,False,False,2,13335,US,False,"Gransy, s.r.o.",4,365,False,0,False,False,,benign,no_adverse_signal
m77casino.fit,2026-07-28,13,2.94770277922009,0.15384615384615385,0,0.75,-7.852493333333333,low,0.5263,1,0.8888888888888888,True,NOERROR,2,300,0,2,False,False,2,13335,US,False,Dynadot Inc,4,365,True,0,False,False,,benign,no_adverse_signal
cv999play.com,2026-07-28,13,2.6416041678685933,0.23076923076923078,0,0.2,-9.245033333333334,low,0.5,2,0.7777777777777778,True,NOERROR,2,300,0,2,False,False,2,13335,US,False,DOMAIN ORIENTAL LIMITED,4,365,False,0,False,False,,benign,no_adverse_signal
6apa.top,2026-07-28,8,1.5,0.125,0,2.0,-9.04982,high,0.6,1,0.75,True,NOERROR,1,600,0,2,False,True,0,8075,JP,False,"Spaceship, Inc.",4,365,True,0,False,True,,malicious,spamhaus_dbl
nexusmedicalapp.com,2026-07-28,19,3.5068905956085192,0.0,0,0.6666666666666666,-6.763448148148148,low,0.5,2,0.8,True,NOERROR,4,14400,1,4,True,False,0,53831,US,False,Squarespace Domains II LLC,4,365,True,29,False,False,False,benign,no_adverse_signal
countrysideconstructionltd.com,2026-07-28,30,3.4594911601991534,0.0,0,0.4444444444444444,-6.712189795918367,low,0.45,5,0.46153846153846156,True,NOERROR,1,3600,1,2,True,False,0,23470,US,True,"HOSTINGER operations, UAB",3,365,False,0,False,False,False,benign,no_adverse_signal
thrilledsocial.info,2026-07-28,19,3.3248629576173574,0.0,0,0.5555555555555556,-6.955196,medium,0.5,3,0.7857142857142857,True,NOERROR,2,600,0,2,False,False,0,16509,US,True,,,,,46,False,False,,benign,no_adverse_signal
bradyschulzearchitects.com,2026-07-28,26,3.6978458230844122,0.0,0,0.375,-7.158482926829268,low,0.5294,5,0.6363636363636364,True,NOERROR,4,14400,0,4,True,False,0,53831,US,False,Squarespace Domains LLC,4,1826,True,29,False,False,,benign,no_adverse_signal
8qr-lvse.icu,2026-07-28,12,3.0,0.08333333333333333,1,0.2,-10.163576923076922,low,0.5,3,1.0,True,NOERROR,1,599,0,2,False,False,0,132839,SC,False,"Zhengzhou Century Connect Electronic Technology Development Co., Ltd",4,365,False,0,True,False,,malicious,spamhaus_zen
huanle7388.cc,2026-07-28,13,3.1219280948873624,0.3076923076923077,0,1.0,-9.033764705882351,low,0.5,2,0.9,False,NOERROR,0,,0,2,False,False,0,,,,"NameSilo, LLC",5,365,True,,,False,,benign,no_adverse_signal
selfreliantllc.com,2026-07-28,18,3.09306920777189,0.0,0,0.4,-7.04578,low,0.5,5,0.7142857142857143,False,NOERROR,0,,3,2,True,False,0,,,,Squarespace Domains II LLC,4,365,True,,,False,False,benign,no_adverse_signal
1xs2.com,2026-07-28,8,2.0,0.25,0,0.0,-11.129439999999999,low,0.5,2,1.0,False,SERVFAIL,0,,0,0,False,False,0,,,,NAMECHEAP INC,4,365,True,,,False,,benign,no_adverse_signal
749491.com,2026-07-28,10,1.9182958340544893,0.6,0,0.0,-11.241122222222222,low,0.2222,0,0.6666666666666666,True,NOERROR,1,600,0,2,False,False,0,140869,HK,False,Realtime Register B.V.,4,365,False,0,False,False,,benign,no_adverse_signal
53dkfa.top,2026-07-28,10,2.584962500721156,0.2,0,0.3333333333333333,-10.342066666666666,high,0.4,3,1.0,False,NOERROR,0,,0,2,False,False,0,,,,"Todaynic.com, Inc.",4,365,True,,,True,,malicious,spamhaus_dbl
melbunimare.net,2026-07-28,15,3.0957952550009344,0.0,0,0.8333333333333334,-6.6083,low,0.5263,2,0.8181818181818182,True,NOERROR,2,120,0,4,False,False,0,16509,DE,True,"Name.com, Inc.",4,365,True,22,False,False,,benign,no_adverse_signal
alwaystivi.store,2026-07-28,16,2.9219280948873623,0.0,0,0.6666666666666666,-6.9851,low,0.5714,3,0.8,True,NOERROR,2,300,0,2,False,False,2,13335,US,False,,,,False,0,False,False,,benign,no_adverse_signal
higherpeaklife.com,2026-07-28,18,3.182005814760214,0.0,0,0.75,-7.2388200000000005,low,0.5,2,0.7142857142857143,True,NOERROR,1,1,0,2,False,False,0,134175,HK,False,TuringSign Inc. d/b/a Cosmotown,4,365,False,0,False,False,,benign,no_adverse_signal
medicineandwealth.com,2026-07-28,21,3.3371753411230776,0.0,0,0.7,-6.531535483870967,low,0.4848,3,0.6470588235294118,True,NOERROR,4,14400,0,4,True,False,0,53831,US,False,Squarespace Domains LLC,4,365,True,29,False,False,,benign,no_adverse_signal
0ntft-8ptas-xgfpqj.work,2026-07-28,23,3.5724312513221195,0.08695652173913043,2,0.07692307692307693,-10.612839393939394,low,0.3448,6,0.7222222222222222,True,NOERROR,2,600,0,2,False,False,0,16509,US,True,"GoDaddy.com, LLC",4,365,True,34,False,False,,benign,no_adverse_signal
bdll5780536.pro,2026-07-28,15,3.095795255000934,0.4666666666666667,0,0.0,-11.170773684210525,low,0.4,4,0.8181818181818182,False,NOERROR,0,,0,2,False,False,0,,,,,,,,,,False,,benign,no_adverse_signal
unlistedspace.online,2026-07-28,20,3.3927474104487847,0.0,0,0.625,-6.477995652173913,medium,0.5,3,0.8461538461538461,True,NOERROR,2,600,0,2,False,False,0,13335,US,False,"GoDaddy.com, LLC",4,365,False,0,False,False,,benign,no_adverse_signal
6sc.top,2026-07-28,7,1.584962500721156,0.14285714285714285,0,0.0,-9.7708,high,0.6667,2,1.0,False,NXDOMAIN,0,,0,0,False,False,0,,,,,,,False,,,False,,benign,no_adverse_signal
cix6s.io,2026-07-28,8,2.321928094887362,0.125,0,0.3333333333333333,-10.426814285714286,low,0.6,1,1.0,True,NOERROR,2,300,0,2,False,False,2,13335,US,False,Dynadot Inc,6,365,True,0,False,False,,benign,no_adverse_signal
2i0-lvse.icu,2026-07-28,12,3.0,0.16666666666666666,1,0.6666666666666666,-11.123307692307693,low,0.5,3,1.0,True,NOERROR,1,599,0,2,False,False,0,132839,US,False,"Zhengzhou Century Connect Electronic Technology Development Co., Ltd",4,365,False,0,False,False,,benign,no_adverse_signal
365band.net,2026-07-28,11,2.807354922057604,0.2727272727272727,0,0.3333333333333333,-8.291509090909091,low,0.5,2,1.0,True,NOERROR,2,300,0,2,False,False,2,13335,US,False,Dynadot Inc,5,365,False,0,False,False,,benign,no_adverse_signal
341u8fo.top,2026-07-28,11,2.807354922057604,0.36363636363636365,0,2.0,-11.950190909090908,high,0.4,1,1.0,False,NOERROR,0,,0,2,False,False,0,,,,"Spaceship, Inc.",4,365,True,,,False,,benign,no_adverse_signal
rainierheadwaters.com,2026-07-28,21,3.1307179879273748,0.0,0,0.8888888888888888,-6.625183870967741,low,0.5185,2,0.5882352941176471,False,NOERROR,0,,3,2,True,False,0,,,,"Cloudflare, Inc.",4,365,True,,,False,False,benign,no_adverse_signal
aa4-sport.icu,2026-07-28,13,2.94770277922009,0.07692307692307693,1,0.75,-8.372580000000001,low,0.5714,2,0.8888888888888888,False,NOERROR,0,,0,2,False,False,0,,,,"Zhengzhou Century Connect Electronic Technology Development Co., Ltd",4,365,False,,,False,,benign,no_adverse_signal
pubsheets.com,2026-07-28,13,2.725480556997868,0.0,0,0.5,-7.07946,low,0.5,3,0.7777777777777778,True,NOERROR,2,300,3,2,True,False,2,13335,US,False,"Cloudflare, Inc.",4,365,True,0,False,False,False,benign,no_adverse_signal
ceramictilehawaii.com,2026-07-28,21,3.101881223476018,0.0,0,1.125,-6.964535483870968,low,0.4828,2,0.5882352941176471,True,NOERROR,1,600,0,2,False,False,0,138415,US,False,"GMO Internet, Inc.",4,365,True,0,False,False,,benign,no_adverse_signal
squish.su,2026-07-28,9,2.2516291673878226,0.0,0,0.5,-7.406488888888889,low,0.5,2,0.8333333333333334,True,NOERROR,1,300,2,6,True,False,0,210976,NL,False,BEGET-SU,4,365,False,0,False,False,False,benign,no_adverse_signal
aquadebouchageservice.site,2026-07-28,26,3.5944656369614516,0.0,0,1.1,-6.85585641025641,medium,0.5294,2,0.6666666666666666,True,NOERROR,2,1800,2,2,True,False,0,16509,US,False,"HOSTINGER operations, UAB",38,365,False,0,False,False,False,benign,no_adverse_signal
bearistabuddy.com,2026-07-28,17,3.238901256602631,0.0,0,0.625,-6.777378260869566,low,0.5,3,0.7692307692307693,True,NOERROR,1,1800,5,2,True,False,0,22612,US,False,NAMECHEAP INC,4,1826,True,0,False,False,False,benign,no_adverse_signal
jemira.fashion,2026-07-28,14,2.584962500721156,0.0,0,1.0,-7.198955555555555,low,0.5714,1,1.0,True,NOERROR,2,600,0,2,False,False,0,13335,US,False,"GoDaddy.com, LLC",4,365,True,0,False,False,,benign,no_adverse_signal
qlamo.com,2026-07-28,9,2.321928094887362,0.0,0,0.6666666666666666,-7.7463,low,0.5455,2,1.0,True,NOERROR,1,14400,1,3,True,False,0,28753,DE,True,NAMECHEAP INC,4,365,False,0,False,False,False,benign,no_adverse_signal
actomio.app,2026-07-28,11,2.521640636343318,0.0,0,1.3333333333333333,-6.702081818181818,low,0.6154,2,0.8571428571428571,True,NOERROR,1,900,1,2,False,False,0,15348,CA,False,,,,False,0,False,False,False,benign,no_adverse_signal
jhsalianca.com,2026-07-28,14,2.8464393446710154,0.0,0,0.6666666666666666,-7.141376470588235,low,0.5882,3,0.8,True,NOERROR,1,50,0,2,False,False,0,47583,CY,False,"HOSTINGER operations, UAB",4,365,False,35,False,False,,benign,no_adverse_signal
boldsafestep.wiki,2026-07-28,17,3.2516291673878226,0.0,0,0.5,-6.933357142857143,low,0.5185,3,0.8333333333333334,False,NOERROR,0,,0,2,False,False,0,,,,"Spaceship, Inc.",4,365,True,,,False,,benign,no_adverse_signal
za999.io,2026-07-28,8,1.3709505944546687,0.375,0,1.0,-9.889071428571429,low,0.3333,1,0.6,True,NOERROR,2,300,0,2,False,False,2,13335,US,False,Dynadot Inc,6,365,True,0,False,False,,benign,no_adverse_signal
steadprov.com,2026-07-28,13,3.169925001442312,0.0,0,0.5,-6.687646666666667,low,0.6,3,1.0,True,NOERROR,2,300,2,2,True,False,2,47583,CY,False,"HOSTINGER operations, UAB",4,365,False,0,False,False,False,benign,no_adverse_signal
yugio-duelnye-monstry.biz,2026-07-28,25,3.689703732199547,0.0,2,0.5833333333333334,-7.897135897435897,low,0.4848,5,0.6666666666666666,True,NOERROR,2,300,0,3,False,False,2,13335,US,False,Dynadot Inc,4,,True,0,False,False,,benign,no_adverse_signal
rrabuq.com,2026-07-28,10,2.2516291673878226,0.0,0,0.5,-8.370877777777778,low,0.4444,2,0.8333333333333334,True,NOERROR,2,300,0,2,False,False,2,13335,US,False,"Gransy, s.r.o.",4,365,False,0,False,False,,benign,no_adverse_signal
jingaotex.com,2026-07-28,13,3.169925001442312,0.0,0,0.8,-6.937026666666666,low,0.5714,2,1.0,True,NOERROR,1,600,0,2,False,False,0,54600,US,False,"GMO Internet, Inc.",4,365,True,0,False,False,,benign,no_adverse_signal
dailysolve.app,2026-07-28,14,3.121928094887362,0.0,0,0.6666666666666666,-7.1614941176470595,low,0.5714,3,0.9,True,NOERROR,1,600,0,2,False,False,0,16509,US,False,,,,False,0,False,False,,benign,no_adverse_signal
awrongbajury.shop,2026-07-28,17,3.2516291673878226,0.0,0,0.5,-7.9313190476190485,low,0.4444,3,0.8333333333333334,True,NOERROR,2,300,0,2,False,False,2,13335,US,False,,,,False,0,False,False,,benign,no_adverse_signal
eapplianceservices.com,2026-07-28,22,3.169925001442312,0.0,0,0.8,-6.26269696969697,low,0.7,3,0.5555555555555556,True,NOERROR,4,14400,1,4,True,False,0,53831,US,False,Squarespace Domains II LLC,4,365,True,29,False,False,False,benign,no_adverse_signal
figlandagency.com,2026-07-28,17,3.238901256602631,0.0,0,0.4444444444444444,-6.795673913043478,low,0.5185,3,0.7692307692307693,True,NOERROR,4,14400,5,4,False,False,0,53831,US,False,Squarespace Domains LLC,4,365,True,29,False,False,False,benign,no_adverse_signal
ris-living.com,2026-07-28,14,2.8464393446710154,0.0,1,0.5,-6.789364705882353,low,0.4762,2,0.8,True,NOERROR,2,600,0,2,False,False,0,16509,US,True,"GoDaddy.com, LLC",4,365,False,46,False,False,,benign,no_adverse_signal
ksj-trading.com,2026-07-28,15,3.459431618637298,0.0,1,0.25,-7.5511368421052625,low,0.6364,3,1.0,True,NOERROR,2,120,0,4,False,False,0,16509,DE,True,"HOSTINGER operations, UAB",4,365,False,27,False,False,,benign,no_adverse_signal
fasteddysbagels.com,2026-07-28,19,3.189898095464287,0.0,0,0.36363636363636365,-7.165648148148148,low,0.6154,5,0.6666666666666666,True,NOERROR,2,600,0,2,False,False,0,16509,US,True,"GoDaddy.com, LLC",4,365,False,34,False,False,,benign,no_adverse_signal
moretoninmarshtakeaways.co.uk,2026-07-28,29,3.5670402169265785,0.0,0,0.6428571428571429,-6.892032558139534,low,0.439,4,0.5652173913043478,True,NOERROR,1,50,0,2,False,False,0,47583,CY,False,Realtime Register BV t/a Axidomains [Tag = AXIDOMAINS],4,731,False,35,False,False,,benign,no_adverse_signal
aurathenic227.help,2026-07-28,18,3.3927474104487847,0.16666666666666666,0,1.0,-7.643239130434782,low,0.4762,2,0.8461538461538461,False,NXDOMAIN,0,,0,0,False,False,0,,,,"GMO Internet, Inc.",4,365,True,,,False,,benign,no_adverse_signal
marealtastudio.com,2026-07-28,18,3.3248629576173574,0.0,0,1.0,-6.244952,low,0.6154,2,0.7857142857142857,True,NOERROR,4,14400,1,4,True,False,0,53831,US,False,Squarespace Domains II LLC,4,365,True,40,False,False,False,benign,no_adverse_signal
jinrizuqiuzuixinshidan.cn,2026-07-28,25,3.2312702546075744,0.0,0,0.8333333333333334,-8.293178048780488,low,0.3784,3,0.5454545454545454,True,NOERROR,1,300,0,2,False,False,0,132839,SC,False,北京新网数码信息技术有限公司,6,365,False,0,False,False,,benign,no_adverse_signal
ik38f94.com,2026-07-28,11,2.807354922057604,0.36363636363636365,0,0.5,-11.747518181818181,low,0.3636,1,1.0,False,NOERROR,0,,0,2,False,False,0,,,,Dynadot Inc,4,365,False,,,False,,benign,no_adverse_signal
secordlife.store,2026-07-28,16,3.121928094887362,0.0,0,0.6666666666666666,-6.8122,low,0.5882,3,0.9,False,NXDOMAIN,0,,0,0,False,False,0,,,,,,,False,,,False,,benign,no_adverse_signal
9399slot1.com,2026-07-28,13,2.6416041678685933,0.38461538461538464,0,0.3333333333333333,-9.57266,low,0.4211,2,0.7777777777777778,True,NOERROR,2,300,0,2,False,False,2,13335,US,False,Dominet (HK) Limited,4,365,False,0,False,False,,benign,no_adverse_signal
starzino-casino-login.ink,2026-07-28,25,3.4273334938982645,0.0,2,0.7272727272727273,-6.954720512820513,low,0.4138,2,0.5714285714285714,True,NOERROR,2,300,0,2,False,False,2,13335,US,False,"Spaceship, Inc.",4,365,True,0,False,True,,malicious,spamhaus_dbl
giannobig.dev,2026-07-28,13,2.5032583347756456,0.0,0,0.8,-6.94046,low,0.6667,2,0.6666666666666666,True,NOERROR,1,50,0,2,False,False,0,47583,CY,False,,,,False,35,False,False,,benign,no_adverse_signal
vlyv4-7zr7h-rmneyt.work,2026-07-28,23,3.6143694458867563,0.13043478260869565,2,0.08333333333333333,-10.87559696969697,low,0.3448,4,0.7222222222222222,True,NOERROR,2,600,0,2,False,False,0,16509,US,True,"GoDaddy.com, LLC",4,365,True,46,False,False,,benign,no_adverse_signal
4theunderdog.com,2026-07-28,16,3.2516291673878226,0.0625,0,0.5714285714285714,-7.302871428571429,low,0.5455,2,0.8333333333333334,True,NOERROR,2,10800,2,2,True,False,2,14618,US,True,DropCatch.com 919 LLC,3,365,True,0,False,False,False,benign,no_adverse_signal
oldmedya.com,2026-07-28,12,2.75,0.0,0,0.6,-7.61543076923077,low,0.6154,3,0.875,True,NOERROR,2,300,0,2,True,False,2,13335,US,False,Squarespace Domains II LLC,1102,1461,True,0,False,False,,benign,no_adverse_signal
bluegv.wtf,2026-07-28,10,2.584962500721156,0.0,0,0.5,-8.278566666666666,low,0.5333,2,1.0,True,NOERROR,2,300,0,2,False,False,2,13335,US,False,,,,,0,False,False,,benign,no_adverse_signal
kaitlynholbein.com,2026-07-28,18,3.378783493486176,0.0,0,0.5555555555555556,-7.693736,low,0.4545,5,0.7857142857142857,False,NOERROR,0,,3,2,True,False,0,,,,"Network Solutions, LLC",4,365,False,,,False,False,benign,no_adverse_signal
rozhdennaya-revolyuciey.biz,2026-07-28,27,3.7622673906514943,0.0,1,0.6923076923076923,-8.064869767441861,low,0.3636,3,0.6521739130434783,True,NOERROR,2,300,0,3,False,False,2,13335,US,False,Dynadot Inc,4,,True,0,False,False,,benign,no_adverse_signal
galaxia-dev.world,2026-07-28,17,3.027169118440619,0.0,1,1.0,-7.444210526315789,low,0.5217,1,0.8181818181818182,False,NOERROR,0,,0,2,False,False,0,,,,,,,,,,False,,benign,no_adverse_signal
corekidjavi.com,2026-07-28,15,3.277613436819116,0.0,0,0.8333333333333334,-7.3334,low,0.5,2,0.9090909090909091,True,NOERROR,2,3600,0,2,False,False,0,16509,US,True,"GoDaddy.com, LLC",4,1096,False,0,False,False,,benign,no_adverse_signal
biodiverseyear.com,2026-07-28,18,3.182005814760214,0.0,0,1.0,-6.879048,low,0.64,2,0.7142857142857143,True,NOERROR,1,21600,3,2,True,False,0,43515,NL,True,NAMECHEAP INC,4,365,True,0,False,False,False,benign,no_adverse_signal
unorthodoxlywebworn.surf,2026-07-28,24,3.5110854081804264,0.0,0,0.46153846153846156,-7.63018,low,0.4138,4,0.6842105263157895,True,NOERROR,1,3600,0,2,False,False,0,401701,HK,False,"Spaceship, Inc.",4,365,True,0,True,False,,malicious,spamhaus_zen
mkanel2.de,2026-07-28,10,2.807354922057604,0.1,0,0.5,-7.666272727272727,low,0.6154,2,1.0,True,NOERROR,3,30,0,2,False,False,8,213230,US,True,,,,False,0,False,False,,benign,no_adverse_signal
inasmarketing.se,2026-07-28,16,3.238901256602631,0.0,0,0.625,-6.164734782608696,low,0.6667,2,0.7692307692307693,True,NOERROR,1,3600,4,2,True,False,1,51468,DK,True,One.com,4,365,False,0,False,False,False,benign,no_adverse_signal
udh-sport.icu,2026-07-28,13,3.169925001442312,0.0,1,0.3333333333333333,-7.521086666666666,low,0.625,2,1.0,False,NOERROR,0,,0,2,False,False,0,,,,"Zhengzhou Century Connect Electronic Technology Development Co., Ltd",4,365,False,,,False,,benign,no_adverse_signal
cruisecompanion.net,2026-07-28,19,3.3735572622751855,0.0,0,0.875,-6.590107407407407,low,0.6,2,0.7333333333333333,True,NOERROR,2,300,0,2,False,False,2,13335,US,False,"Cloudflare, Inc.",4,731,True,0,False,False,,benign,no_adverse_signal
light.id.vn,2026-07-28,11,2.321928094887362,0.0,0,0.25,-6.806585714285715,low,0.6,3,1.0,True,NOERROR,1,3600,0,2,False,False,0,45903,VN,True,,,,,0,False,False,,benign,no_adverse_signal
aq999play.com,2026-07-28,13,2.4193819456463714,0.23076923076923078,0,0.5,-9.167533333333333,low,0.4545,2,0.6666666666666666,True,NOERROR,2,300,0,2,False,False,2,13335,US,False,DOMAIN ORIENTAL LIMITED,4,365,False,0,False,False,,benign,no_adverse_signal
y7133596.vip,2026-07-28,12,2.75,0.5833333333333334,0,0.0,-11.691630769230768,low,0.3636,1,0.875,False,NOERROR,0,,0,2,False,False,0,,,,Dynadot Inc,4,365,True,,,True,,malicious,spamhaus_dbl
avellahorsetreats.com,2026-07-28,21,3.057476076289932,0.0,0,0.7,-6.51043870967742,low,0.4848,2,0.5294117647058824,True,NOERROR,1,1799,5,2,True,False,0,13335,CA,True,NAMECHEAP INC,4,365,True,0,False,False,False,benign,no_adverse_signal
qorazaselect.shop,2026-07-28,17,3.2516291673878226,0.0,0,0.7142857142857143,-7.049728571428571,low,0.6,2,0.8333333333333334,True,NOERROR,1,21600,3,2,True,False,0,15169,US,True,,,,False,0,True,False,False,malicious,spamhaus_zen
bos138agen.com,2026-07-28,14,3.321928094887362,0.21428571428571427,0,0.75,-8.761911764705882,low,0.4706,1,1.0,True,NOERROR,2,300,0,2,False,False,2,13335,US,False,West263 International Limited,4,365,True,0,False,False,,benign,no_adverse_signal
a54f8-2ey4u-kfcdho.work,2026-07-28,23,3.8365916681089787,0.21739130434782608,2,0.5714285714285714,-11.333915151515152,low,0.32,5,0.8333333333333334,True,NOERROR,2,600,0,2,False,False,0,16509,US,True,"GoDaddy.com, LLC",4,365,True,46,False,False,,benign,no_adverse_signal
3lllagen.com,2026-07-28,12,2.4056390622295662,0.08333333333333333,0,0.4,-7.527292307692307,low,0.5,3,0.75,True,NOERROR,2,300,0,2,False,False,2,13335,US,False,NameMart Pte. Ltd.,4,365,False,0,False,False,,benign,no_adverse_signal
bluenetlogistics.ca,2026-07-28,19,3.375,0.0,0,0.6,-6.596051724137931,low,0.5,2,0.6875,True,NOERROR,2,3600,1,2,True,False,0,16509,US,True,"Go Daddy Domains Canada, Inc",5,365,True,18,False,False,False,benign,no_adverse_signal
hitcluba.top,2026-07-28,12,3.0,0.0,0,0.6,-7.077453846153846,high,0.6667,3,1.0,True,NOERROR,2,300,0,2,False,False,2,13335,US,False,"Spaceship, Inc.",4,365,True,0,False,False,,benign,no_adverse_signal
fundedhorizon.com,2026-07-28,17,3.238901256602631,0.0,0,0.625,-7.059960869565217,low,0.48,2,0.7692307692307693,False,NOERROR,0,,0,2,False,False,0,,,,"Cloudflare, Inc.",4,365,True,,,False,,benign,no_adverse_signal
jandneil.com,2026-07-28,12,2.75,0.0,0,0.6,-7.015176923076923,low,0.6154,3,0.875,True,NOERROR,4,14400,1,4,True,False,0,53831,US,False,Squarespace Domains II LLC,4,365,True,29,False,False,False,benign,no_adverse_signal
darmstadtpsychotherapie.de,2026-07-28,26,3.5883543471732335,0.0,0,0.4375,-7.050516279069767,low,0.5,7,0.5652173913043478,True,NOERROR,3,900,1,3,True,False,3,24940,DE,True,,,,False,0,False,False,,benign,no_adverse_signal
carasync.com,2026-07-28,12,2.5,0.0,0,0.3333333333333333,-6.718100000000001,low,0.6316,4,0.75,True,NOERROR,1,14400,1,2,True,False,0,30633,US,True,NAMECHEAP INC,4,365,True,0,False,False,False,benign,no_adverse_signal
naughtyameerica.com,2026-07-28,19,3.456564762130954,0.0,0,0.875,-7.069740740740741,low,0.5714,4,0.8,True,NOERROR,1,10800,0,2,False,False,0,16509,US,True,Dynadot Inc,4,365,False,24,False,False,,benign,no_adverse_signal
affradisat.live,2026-07-28,15,2.6464393446710153,0.0,0,0.6666666666666666,-6.906182352941177,low,0.5333,3,0.7,True,NOERROR,2,300,0,2,False,False,2,13335,US,False,,,,False,0,False,False,,benign,no_adverse_signal
lik-mesti.biz,2026-07-28,13,2.94770277922009,0.0,1,0.6,-6.9752,low,0.6364,2,0.8888888888888888,True,NOERROR,2,300,0,3,False,False,2,13335,US,False,Dynadot Inc,3,,True,0,False,False,,benign,no_adverse_signal
starpagopay.com,2026-07-28,15,2.8453509366224368,0.0,0,0.5714285714285714,-6.741357894736843,low,0.5263,2,0.7272727272727273,True,NOERROR,2,3600,2,2,True,False,0,16509,US,True,"GoDaddy.com, LLC",4,365,False,18,False,False,False,benign,no_adverse_signal
teslatoto745.info,2026-07-28,17,3.0220552088742005,0.17647058823529413,0,0.8,-7.961985714285715,medium,0.4545,2,0.75,True,NOERROR,2,300,0,2,False,False,2,13335,US,False,,,,,0,False,False,,benign,no_adverse_signal
isbrevna.ru,2026-07-28,11,3.0,0.0,0,0.6,-7.841853846153845,low,0.5,3,1.0,False,SERVFAIL,0,,0,0,False,False,0,,,,REGRU-RU,5,365,False,,,False,,benign,no_adverse_signal
curtainxai.com,2026-07-28,14,2.9219280948873623,0.0,0,1.0,-7.506011764705882,low,0.5333,2,0.8,False,NOERROR,0,,0,2,False,False,0,,,,Xin Net Technology Corporation,3,365,False,,,False,,benign,no_adverse_signal
gdgjwh.com,2026-07-28,10,2.2516291673878226,0.0,0,0.0,-11.050455555555555,low,0.5455,6,0.8333333333333334,False,NOERROR,0,,0,2,False,False,0,,,,Gname 154 Inc,4,365,False,,,False,,benign,no_adverse_signal
ya-pridu-sama.biz,2026-07-28,17,3.180832987205441,0.0,2,0.8333333333333334,-7.663669565217391,low,0.4444,2,0.7692307692307693,True,NOERROR,2,300,0,3,False,False,2,13335,US,False,Dynadot Inc,3,,True,0,False,False,,benign,no_adverse_signal
intercoreindustries.com,2026-07-28,23,3.181366328891458,0.0,0,0.7272727272727273,-6.18778,low,0.5714,3,0.5263157894736842,True,NOERROR,1,50,2,2,True,False,0,47583,CY,False,"HOSTINGER operations, UAB",4,1096,False,35,False,False,False,benign,no_adverse_signal
bkkbnkotabanjar.com,2026-07-28,19,2.8225797618424915,0.0,0,0.36363636363636365,-8.022448148148149,low,0.4516,6,0.5333333333333333,True,NOERROR,1,1800,5,2,True,False,0,22612,US,False,NAMECHEAP INC,3,365,True,0,False,False,False,benign,no_adverse_signal
eto-angliya-god-1986.biz,2026-07-28,24,3.7841837197791888,0.16666666666666666,3,0.8571428571428571,-8.39819189189189,low,0.4138,3,0.75,True,NOERROR,2,300,0,3,False,False,2,13335,US,False,Dynadot Inc,3,,True,0,False,False,,benign,no_adverse_signal
kwanzaseveredtonus.cfd,2026-07-28,22,3.5724312513221195,0.0,0,0.6363636363636364,-7.2025151515151515,low,0.4516,2,0.7222222222222222,False,NOERROR,0,,0,0,False,False,0,,,,URL SOLUTIONS INC.,4,365,True,,,True,,malicious,spamhaus_dbl
dlcyjd.com,2026-07-28,10,2.2516291673878226,0.0,0,0.0,-10.3193,low,0.5,6,0.8333333333333334,False,timeout,0,,0,0,False,False,0,,,,Xin Net Technology Corporation,5852,6209,False,,,False,,benign,no_adverse_signal
scottisforty.com,2026-07-28,16,2.8553885422075336,0.0,0,0.3333333333333333,-6.905566666666666,low,0.6316,3,0.6666666666666666,False,timeout,0,,0,0,False,False,0,,,,Wix.com Ltd.,373,730,False,,,False,,benign,no_adverse_signal
serdca-pandory.biz,2026-07-28,18,3.3787834934861767,0.0,1,0.4444444444444444,-6.994800000000001,low,0.5,3,0.7857142857142857,True,NOERROR,2,300,0,3,False,False,2,13335,US,False,Dynadot Inc,4,,True,0,False,False,,benign,no_adverse_signal
shopistax.com,2026-07-28,13,2.94770277922009,0.0,0,0.5,-6.559893333333333,low,0.6316,2,0.8888888888888888,True,NOERROR,2,1800,0,2,False,False,0,16509,US,False,"HOSTINGER operations, UAB",4,365,False,0,False,False,,benign,no_adverse_signal
islemson-ucsislem.net,2026-07-28,21,3.146286370662105,0.0,1,0.6,-7.611864516129033,low,0.5185,2,0.5882352941176471,False,NXDOMAIN,0,,0,0,False,False,0,,,,,,,,,,True,,malicious,spamhaus_dbl
vexonpass.com,2026-07-28,13,2.9477027792200903,0.0,0,0.5,-7.321126666666667,low,0.625,2,0.8888888888888888,True,NOERROR,1,1800,0,2,False,False,0,16509,US,False,"GoDaddy.com, LLC",4,365,False,0,False,False,,benign,no_adverse_signal
jta.solutions,2026-07-28,13,1.584962500721156,0.0,0,0.5,-8.559099999999999,low,0.5714,2,1.0,True,NOERROR,2,600,0,2,False,False,0,16509,US,True,,,,,34,False,False,,benign,no_adverse_signal
bet223.tech,2026-07-28,11,2.251629167387823,0.2727272727272727,0,0.5,-8.74061111111111,low,0.4444,1,0.8333333333333334,True,NOERROR,2,300,0,2,False,False,2,13335,US,False,Dynadot Inc,4,365,False,0,False,False,,benign,no_adverse_signal
readysteadybrickit.com,2026-07-28,22,3.3921472236645345,0.0,0,0.5,-6.986254545454545,low,0.5143,4,0.6111111111111112,True,NOERROR,1,600,2,4,True,False,0,9123,RU,False,PDR Ltd. d/b/a PublicDomainRegistry.com,4,365,True,0,False,False,False,benign,no_adverse_signal
registraempresa.com,2026-07-28,19,3.0062389286533895,0.0,0,0.6666666666666666,-6.649292592592593,low,0.75,3,0.6,False,NOERROR,0,,3,2,True,False,0,,,,"Cloudflare, Inc.",4,365,True,,,False,False,benign,no_adverse_signal
richardrockelmann.org,2026-07-28,21,3.454822399946607,0.0,0,0.4166666666666667,-6.655558064516129,low,0.4444,3,0.7058823529411765,True,NOERROR,4,14400,0,4,True,False,0,53831,US,False,Squarespace Domains LLC,4,365,True,29,False,False,,benign,no_adverse_signal
qgsejnts.top,2026-07-28,12,2.75,0.0,0,0.14285714285714285,-9.140876923076924,high,0.5714,4,0.875,True,NOERROR,1,600,0,0,False,True,0,152194,SG,False,"NameSilo, LLC",4,365,True,0,True,True,,malicious,spamhaus_zen
bitusdd.com,2026-07-28,11,2.521640636343318,0.0,0,0.4,-7.519327272727272,low,0.6,3,0.8571428571428571,True,NOERROR,1,300,0,2,False,False,0,139646,HK,False,TuringSign Inc. d/b/a Cosmotown,4,365,False,0,False,False,,benign,no_adverse_signal
vokrug-sveta-za-80-dney-online.biz,2026-07-28,34,4.002910079649727,0.058823529411764705,5,0.6428571428571429,-8.44458947368421,low,0.439,2,0.6333333333333333,True,NOERROR,2,300,0,3,False,False,2,13335,US,False,Dynadot Inc,3,,True,0,False,False,,benign,no_adverse_signal
getmoreorless.shop,2026-07-28,18,2.8731406795131336,0.0,0,0.625,-6.697856521739131,low,0.5455,2,0.6153846153846154,True,NOERROR,1,60,5,2,True,False,0,14061,DE,False,,,,False,0,False,False,False,benign,no_adverse_signal
osobo-vazhnaya-persona.biz,2026-07-28,26,3.4594316186372964,0.0,2,0.8181818181818182,-7.893653658536585,low,0.4211,3,0.5909090909090909,True,NOERROR,2,300,0,3,False,False,2,13335,US,False,Dynadot Inc,3,,True,0,False,False,,benign,no_adverse_signal
dragoncasino7.com,2026-07-28,17,3.238901256602631,0.058823529411764705,0,0.7142857142857143,-6.8138434782608694,low,0.4762,2,0.7692307692307693,False,timeout,0,,0,0,False,False,0,,,,"GMO Internet, Inc.",4,365,True,,,False,,benign,no_adverse_signal
d66agen.com,2026-07-28,11,2.5216406363433186,0.18181818181818182,0,0.6666666666666666,-9.2927,low,0.5714,1,0.8571428571428571,True,NOERROR,2,300,0,2,False,False,2,13335,US,False,West263 International Limited,4,365,True,0,False,False,,benign,no_adverse_signal
premierlawncare4u.com,2026-07-28,21,3.4104172527605203,0.047619047619047616,0,0.7777777777777778,-7.521593548387097,low,0.4444,3,0.7058823529411765,True,NOERROR,4,14400,1,4,True,False,0,53831,US,False,Squarespace Domains II LLC,36,365,True,12,False,False,False,benign,no_adverse_signal
jinrijingcaibisaijieguochaxun.cn,2026-07-28,32,3.4815621344071026,0.0,0,0.9333333333333333,-7.864921818181818,low,0.3077,3,0.4827586206896552,True,NOERROR,1,300,0,2,False,False,0,132839,SC,False,北京新网数码信息技术有限公司,6,365,False,0,False,False,,benign,no_adverse_signal
greyfiles.xyz,2026-07-28,13,2.94770277922009,0.0,0,0.5,-7.166506666666666,high,0.5,2,0.8888888888888888,False,SERVFAIL,0,,0,0,False,False,0,,,,"HOSTINGER operations, UAB",93,365,False,,,False,,benign,no_adverse_signal
clearcanary.com,2026-07-28,15,2.663532754804255,0.0,0,0.5714285714285714,-6.371257894736842,low,0.5556,2,0.6363636363636364,True,NOERROR,1,2662,0,2,False,False,0,14618,US,True,Atom.com Domains LLC,4,365,False,0,False,False,,benign,no_adverse_signal
abisatransport.com,2026-07-28,18,3.039148671903071,0.0,0,0.5555555555555556,-6.316196,low,0.5455,3,0.6428571428571429,True,NOERROR,1,50,0,2,False,False,0,47583,CY,False,"HOSTINGER operations, UAB",4,1096,False,35,False,False,,benign,no_adverse_signal
yayforyoubaby.com,2026-07-28,17,2.6235166412180155,0.0,0,0.625,-7.612926086956521,low,0.4444,2,0.5384615384615384,False,NXDOMAIN,0,,0,0,False,False,0,,,,"GMO Internet, Inc.",4,365,True,,,False,,benign,no_adverse_signal
refined-dating-forum.org,2026-07-28,24,3.6219280948873624,0.0,2,0.6363636363636364,-6.960027027027027,low,0.4667,2,0.65,True,NOERROR,1,150,1,2,False,False,1,8560,DE,True,InterNetX GmbH,4,365,True,0,False,False,False,benign,no_adverse_signal
jwxngs.com,2026-07-28,10,2.584962500721156,0.0,0,0.0,-9.356311111111111,low,0.4615,6,1.0,True,NOERROR,2,300,0,3,False,False,0,2635,US,False,Automattic Inc.,4,365,True,13,False,False,,benign,no_adverse_signal
manuelcidesposito.com,2026-07-28,21,3.6168746059562227,0.0,0,0.8888888888888888,-6.827187096774193,low,0.5,2,0.7647058823529411,True,NOERROR,2,60,2,2,True,False,2,47583,DE,False,"HOSTINGER operations, UAB",4,1096,False,0,False,False,False,benign,no_adverse_signal
cbssports.eu,2026-07-28,12,2.6416041678685933,0.0,0,0.125,-6.914953333333333,low,0.625,5,0.7777777777777778,True,NOERROR,1,900,2,2,True,False,0,48896,PL,True,dhosting.pl Sp. z o.o.,,,False,0,False,False,False,benign,no_adverse_signal
jointwo.lat,2026-07-28,11,2.5216406363433186,0.0,0,0.75,-7.160645454545454,low,0.5333,3,0.8571428571428571,True,NOERROR,1,300,0,2,False,False,0,45839,MY,True,Gname.com Pte. Ltd.,4,365,True,0,True,False,,malicious,spamhaus_zen
brendley.com,2026-07-28,12,2.75,0.0,0,0.3333333333333333,-6.8971,low,0.625,3,0.875,True,NOERROR,2,3600,1,2,True,False,0,16509,US,True,"GoDaddy.com, LLC",3,365,False,18,False,False,False,benign,no_adverse_signal
coco-dak.com,2026-07-28,12,2.5,0.0,1,0.75,-7.701107692307692,low,0.5333,1,0.75,False,NOERROR,0,,0,2,False,False,0,,,,"Ultahost, Inc.",4,365,True,,,True,,malicious,spamhaus_dbl
t9c7.cc,2026-07-28,7,2.0,0.2857142857142857,0,0.0,-12.53168,low,0.4444,1,1.0,True,NOERROR,1,60,5,2,True,False,0,139659,HK,False,NAMECHEAP INC,5,365,True,0,False,False,False,benign,no_adverse_signal
q30-lvse.icu,2026-07-28,12,3.0,0.16666666666666666,1,0.25,-11.016669230769232,low,0.5,3,1.0,True,NOERROR,1,599,0,2,False,False,0,132839,US,False,"Zhengzhou Century Connect Electronic Technology Development Co., Ltd",4,365,False,0,False,False,,benign,no_adverse_signal
imoveisbuzios.com,2026-07-28,17,3.0269868333592873,0.0,0,1.1666666666666667,-7.544156521739131,low,0.48,2,0.6923076923076923,True,NOERROR,1,1800,0,0,False,False,0,58182,US,True,Wix.com Ltd.,373,730,False,0,False,False,,benign,no_adverse_signal
infricosingapore.com,2026-07-28,20,3.327819531114783,0.0,0,0.7777777777777778,-6.36628275862069,low,0.5333,3,0.6875,True,NOERROR,1,21600,1,3,True,False,0,16371,ES,True,"Acens Technologies, S.L.U.",4,365,True,0,False,False,False,benign,no_adverse_signal
lomixar.com,2026-07-28,11,2.807354922057604,0.0,0,0.75,-7.368654545454546,low,0.5714,1,1.0,True,NOERROR,1,300,0,2,False,False,0,45753,HK,False,"GoDaddy.com, LLC",3,365,False,0,False,False,,benign,no_adverse_signal
usecontravi.com,2026-07-28,15,3.459431618637298,0.0,0,0.8333333333333334,-6.123084210526316,low,0.6667,3,1.0,True,NOERROR,2,300,5,2,True,False,2,13335,US,False,"Gransy, s.r.o.",4,365,False,0,False,False,False,benign,no_adverse_signal
crownfield.co,2026-07-28,13,3.321928094887362,0.0,0,0.42857142857142855,-7.458758823529412,low,0.5882,3,1.0,True,NOERROR,1,3600,0,2,False,False,0,14618,US,True,Dynadot Inc,5,365,False,0,False,False,,benign,no_adverse_signal
triad35.com,2026-07-28,11,2.807354922057604,0.18181818181818182,0,0.6666666666666666,-8.389272727272727,low,0.4615,2,1.0,True,NOERROR,2,300,0,3,False,False,0,2635,US,False,Automattic Inc.,4,365,True,0,False,False,,benign,no_adverse_signal
dameiju.com,2026-07-28,11,2.807354922057604,0.0,0,1.3333333333333333,-7.685381818181818,low,0.6154,1,1.0,True,NOERROR,2,300,0,2,False,False,2,13335,US,False,"GMO Internet, Inc.",4,365,True,0,False,False,,benign,no_adverse_signal
suisim.app,2026-07-28,10,1.9182958340544893,0.0,0,1.0,-7.056066666666667,low,0.4615,1,0.6666666666666666,True,NOERROR,3,3603,0,3,False,False,0,63949,US,True,,,,False,13,False,False,,benign,no_adverse_signal
attorniz.net,2026-07-28,12,2.75,0.0,0,0.6,-6.690815384615385,low,0.625,2,0.875,False,NOERROR,0,,0,2,False,False,0,,,,"Cloudflare, Inc.",3,365,True,,,False,,benign,no_adverse_signal
ianadesigns.com,2026-07-28,15,2.7321588913645702,0.0,0,0.8333333333333334,-6.546384210526315,low,0.6316,3,0.6363636363636364,True,NOERROR,1,1800,2,2,True,False,0,22612,US,False,NAMECHEAP INC,4,1826,True,0,False,False,False,benign,no_adverse_signal
shaolinskie-razborki.biz,2026-07-28,24,3.5841837197791886,0.0,1,0.7272727272727273,-7.493448648648649,low,0.4848,3,0.65,True,NOERROR,2,300,0,3,False,False,2,13335,US,False,Dynadot Inc,3,,True,0,False,False,,benign,no_adverse_signal
holiganbet0213.com,2026-07-28,18,3.8073549220576055,0.2222222222222222,0,0.6666666666666666,-8.064411999999999,low,0.4545,2,1.0,True,NOERROR,2,300,0,2,False,False,2,13335,US,False,Dynadot Inc,4,365,False,0,False,False,,benign,no_adverse_signal
5eq-sport.icu,2026-07-28,13,3.169925001442312,0.07692307692307693,1,0.4,-8.708186666666668,low,0.5,2,1.0,True,NOERROR,1,599,0,2,False,False,0,132839,US,False,"Zhengzhou Century Connect Electronic Technology Development Co., Ltd",4,365,False,0,False,False,,benign,no_adverse_signal
rumahreceh.shop,2026-07-28,15,2.7219280948873625,0.0,0,0.6666666666666666,-7.393664705882353,low,0.5,2,0.7,True,NOERROR,2,300,0,2,False,False,2,13335,US,False,,,,False,0,False,False,,benign,no_adverse_signal
mvvgmbh.com,2026-07-28,11,2.2359263506290326,0.0,0,0.0,-11.106390909090909,low,0.4706,7,0.7142857142857143,True,NOERROR,1,3600,2,4,True,False,1,8560,DE,True,IONOS SE,4,365,True,0,False,False,False,benign,no_adverse_signal
authidk19-myicss.site,2026-07-28,21,3.75,0.09523809523809523,1,0.4444444444444444,-8.915500000000002,medium,0.4286,3,0.875,False,NXDOMAIN,0,,0,0,False,False,0,,,,INWX GmbH,3,365,True,,,False,,benign,no_adverse_signal
3countiessoftplayhire.co.uk,2026-07-28,27,3.9161269465882835,0.037037037037037035,0,0.6666666666666666,-7.114941025641026,low,0.5161,4,0.7619047619047619,True,NOERROR,2,600,0,2,False,False,0,16509,US,True,123-Reg Limited t/a 123-reg [Tag = 123-REG],6,1096,False,14,False,False,,benign,no_adverse_signal
gigliollapsi.com,2026-07-28,16,2.625814583693911,0.0,0,0.7142857142857143,-7.201952380952382,low,0.5455,2,0.5833333333333334,True,NOERROR,1,14400,0,2,False,False,0,16509,US,False,"HOSTINGER operations, UAB",3,365,False,0,False,False,,benign,no_adverse_signal
whatmichellemakes.com,2026-07-28,21,3.337175341123077,0.0,0,0.5454545454545454,-6.785570967741935,low,0.4242,2,0.6470588235294118,True,NOERROR,4,14400,1,4,True,False,0,53831,US,False,Squarespace Domains II LLC,4,365,True,40,False,False,False,benign,no_adverse_signal
devontecom.com,2026-07-28,14,2.9219280948873623,0.0,0,0.6666666666666666,-6.3931,low,0.5263,2,0.8,True,NOERROR,4,14400,1,4,True,False,0,53831,US,False,Squarespace Domains II LLC,4,365,True,40,False,False,False,benign,no_adverse_signal
ii8ka.com,2026-07-28,9,1.9219280948873623,0.1111111111111111,0,3.0,-11.828242857142858,low,0.6667,1,0.8,True,NOERROR,2,300,0,2,False,False,2,13335,US,False,NameMart Pte. Ltd.,4,365,False,0,False,False,,benign,no_adverse_signal
emsenseireland.com,2026-07-28,18,2.950212064914747,0.0,0,0.75,-6.524439999999999,low,0.5185,2,0.6428571428571429,True,NOERROR,1,50,0,2,False,False,0,47583,CY,False,"HOSTINGER operations, UAB",295,365,False,35,False,False,,benign,no_adverse_signal
crescentcityimages.com,2026-07-28,22,3.30827083453526,0.0,0,0.5,-6.7327939393939396,low,0.5,3,0.6111111111111112,True,NOERROR,2,28,2,4,True,False,0,,US,False,Porkbun LLC,3,731,False,0,False,False,False,benign,no_adverse_signal
linhaseencantos.com.br,2026-07-28,22,3.189898095464287,0.0,0,0.6666666666666666,-6.475566666666667,low,0.4516,2,0.6666666666666666,True,NOERROR,2,60,2,2,True,False,2,47583,DE,False,,5,365,False,1,False,False,False,benign,no_adverse_signal
lbajje.com,2026-07-28,10,2.251629167387823,0.0,0,0.5,-9.5237,low,0.5455,2,0.8333333333333334,True,NOERROR,2,300,0,2,False,False,2,13335,US,False,Dynadot Inc,4,365,False,0,False,False,,benign,no_adverse_signal
declaraya.lat,2026-07-28,13,2.6416041678685933,0.0,0,0.8,-6.624413333333334,low,0.625,2,0.7777777777777778,True,NOERROR,1,1799,1,2,True,False,0,16509,US,False,NAMECHEAP INC,4,365,True,0,False,False,False,benign,no_adverse_signal
109.pl,2026-07-28,6,1.584962500721156,0.5,0,0.0,-9.850366666666668,low,0.3333,0,1.0,True,NOERROR,1,3600,1,2,True,False,0,24940,DE,True,"First Dropcatchers LLC,",4,365,False,0,False,False,False,benign,no_adverse_signal
assembu.com,2026-07-28,11,2.5216406363433186,0.0,0,0.75,-7.029572727272727,low,0.5455,2,0.8571428571428571,True,NOERROR,2,300,0,2,False,False,2,13335,US,False,"OwnRegistrar, Inc.",4,365,False,0,False,False,,benign,no_adverse_signal
xuhaijun.com,2026-07-28,12,2.75,0.0,0,1.0,-8.631276923076923,low,0.5714,1,0.875,False,timeout,0,,0,0,False,False,0,,,,"Chengdu west dimension digital technology Co., LTD",3,365,True,,,False,,benign,no_adverse_signal
discutefaitsarangousty.garden,2026-07-28,29,3.6292196865240958,0.0,0,0.6923076923076923,-6.875134146341463,low,0.4211,3,0.6363636363636364,True,NOERROR,1,3600,0,2,False,False,0,396982,HK,True,"Spaceship, Inc.",4,365,True,0,False,False,,benign,no_adverse_signal
grimaflowersupply.com,2026-07-28,21,3.734521664779752,0.0,0,0.4166666666666667,-7.121854838709678,low,0.4138,4,0.8235294117647058,True,NOERROR,1,14400,1,3,True,False,0,45638,AU,True,Synergy Wholesale Accreditations Pty Ltd,4,365,True,0,False,False,False,benign,no_adverse_signal
sconwel.com,2026-07-28,11,2.807354922057604,0.0,0,0.4,-6.8306818181818185,low,0.7143,2,1.0,False,NXDOMAIN,0,,0,0,False,False,0,,,,"GMO Internet, Inc.",4,365,True,,,False,,benign,no_adverse_signal
medisoninsurance.com,2026-07-28,20,3.327819531114783,0.0,0,0.7777777777777778,-6.218610344827586,low,0.5161,2,0.6875,True,NOERROR,2,600,0,2,False,False,0,16509,US,True,"GoDaddy.com, LLC",3,365,False,34,False,False,,benign,no_adverse_signal
martzandco.info,2026-07-28,15,3.121928094887362,0.0,0,0.42857142857142855,-7.150423529411765,medium,0.5714,3,0.9,True,NOERROR,1,3600,2,2,False,False,0,16276,FR,True,,,,,20,False,False,False,benign,no_adverse_signal
pchelpcore.online,2026-07-28,17,2.721928094887362,0.0,0,0.42857142857142855,-7.007017647058824,medium,0.5217,3,0.7,True,NOERROR,1,14400,0,2,False,False,0,16509,US,True,"HOSTINGER operations, UAB",3,365,False,0,False,False,,benign,no_adverse_signal
autonomiq.llc,2026-07-28,13,2.94770277922009,0.0,0,1.25,-6.956406666666667,low,0.5333,1,0.8888888888888888,True,NOERROR,1,14400,1,4,True,False,0,16509,US,False,,,,,0,False,False,False,benign,no_adverse_signal
grievingradiometries.beer,2026-07-28,25,3.3464393446710154,0.0,0,0.8181818181818182,-6.529821621621622,low,0.4667,3,0.6,True,NOERROR,1,3600,0,2,False,False,0,401701,HK,False,"Spaceship, Inc.",4,365,True,0,True,False,,malicious,spamhaus_zen
319233xx.cc,2026-07-28,11,2.1556390622295662,0.5454545454545454,0,0.0,-11.149792307692307,low,0.25,2,0.625,False,NOERROR,0,,0,2,False,False,0,,,,"NameSilo, LLC",5,365,True,,,False,,benign,no_adverse_signal
bkkbnkotapalembang.com,2026-07-28,22,3.266332639970623,0.0,0,0.38461538461538464,-7.577215151515151,low,0.4444,6,0.6111111111111112,True,NOERROR,1,1800,5,2,True,False,0,22612,US,False,NAMECHEAP INC,3,365,True,1,False,False,False,benign,no_adverse_signal
333-lvse.icu,2026-07-28,12,2.4056390622295662,0.25,1,0.3333333333333333,-9.921907692307693,low,0.5,3,0.75,False,NOERROR,0,,0,2,False,False,0,,,,"Zhengzhou Century Connect Electronic Technology Development Co., Ltd",4,365,False,,,False,,benign,no_adverse_signal
rstmij481.shop,2026-07-28,14,3.169925001442312,0.21428571428571427,0,0.2,-9.458599999999999,low,0.4211,4,1.0,True,NOERROR,1,600,0,2,False,False,0,55933,CN,True,,,,False,0,True,True,,malicious,spamhaus_zen
xn----dtbfcdsxiirit.xn--p1acf,2026-07-28,29,3.260828171224455,0.034482758620689655,6,0.25,-9.223985714285714,low,0.4138,8,0.5789473684210527,False,NOERROR,0,,0,0,False,False,0,,,,,,,,,,False,,benign,no_adverse_signal
tyzuqujgcznmedp.com.cn,2026-07-28,22,3.640223928941851,0.0,0,0.25,-9.984144444444446,low,0.4,6,0.8666666666666667,True,NOERROR,1,300,0,2,False,False,0,132839,HK,False,北京新网数码信息技术有限公司,7,365,False,0,False,False,,benign,no_adverse_signal
coodigoodiivino.digital,2026-07-28,23,2.466247897312731,0.0,0,1.5,-7.052677777777778,low,0.4615,1,0.4666666666666667,True,NOERROR,2,300,0,2,False,False,2,47583,LT,True,,,,,0,False,False,,benign,no_adverse_signal
glubet.net,2026-07-28,10,2.584962500721156,0.0,0,0.5,-7.0027,low,0.5455,2,1.0,True,NOERROR,2,300,0,2,False,False,2,13335,US,False,Dynadot Inc,5,365,False,0,False,False,,benign,no_adverse_signal
blankshore.us,2026-07-28,13,3.321928094887362,0.0,0,0.42857142857142855,-6.492129411764706,low,0.5217,4,1.0,True,NOERROR,2,300,0,2,False,False,2,13335,US,False,"Cloudflare, Inc.",3,365,False,0,False,False,,benign,no_adverse_signal
viniwfvhvgn8wqtzqpyy.com,2026-07-28,24,3.5841837197791886,0.041666666666666664,0,0.11764705882352941,-10.900043243243243,low,0.3077,8,0.65,True,NOERROR,2,300,0,2,False,False,0,13335,US,False,"GMO Internet, Inc.",4,365,True,0,False,False,,benign,no_adverse_signal
royalgardenmalerba.com,2026-07-28,22,3.239097917988786,0.0,0,0.6363636363636364,-6.918460606060606,low,0.4737,2,0.6111111111111112,True,NOERROR,2,300,0,3,False,False,0,2635,US,False,Automattic Inc.,4,365,True,13,False,False,,benign,no_adverse_signal
pubgtotohomemasuk.shop,2026-07-28,22,3.4548223999466066,0.0,0,0.7,-7.378567741935484,low,0.48,3,0.7058823529411765,True,NOERROR,1,300,0,2,False,False,0,206834,DE,False,,,,False,24,False,False,,benign,no_adverse_signal
400bodas.com,2026-07-28,12,2.75,0.25,0,0.6666666666666666,-8.867823076923077,low,0.4706,1,0.875,True,NOERROR,1,21600,1,3,True,False,0,16371,ES,True,"Acens Technologies, S.L.U.",4,365,True,0,False,False,False,benign,no_adverse_signal
erieguineapigrescue.org,2026-07-28,23,3.070847093622517,0.0,0,1.375,-6.962985714285714,low,0.4286,2,0.5263157894736842,True,NOERROR,2,300,1,2,False,False,2,13335,US,False,NAMECHEAP INC,4,365,True,0,False,False,False,benign,no_adverse_signal
qadis1.de,2026-07-28,9,2.584962500721156,0.1111111111111111,0,0.6666666666666666,-8.022055555555555,low,0.5714,1,1.0,True,NOERROR,1,7200,1,3,True,False,0,24940,DE,True,,,,False,0,False,False,False,benign,no_adverse_signal
lanemediaphoto.com,2026-07-28,18,3.378783493486176,0.0,0,1.0,-6.3772519999999995,low,0.56,2,0.7857142857142857,True,NOERROR,3,3600,0,2,False,False,0,58182,US,True,Wix.com Ltd.,4,1826,True,24,False,False,,benign,no_adverse_signal
incenterinc.org,2026-07-28,15,2.481714572986073,0.0,0,0.5714285714285714,-5.8323368421052635,low,0.5263,2,0.5454545454545454,False,NXDOMAIN,0,,0,0,False,False,0,,,,"GMO Internet Group, Inc. d/b/a Onamae.com",4,365,False,,,False,,benign,no_adverse_signal
78wiin.one,2026-07-28,10,2.251629167387823,0.2,0,1.0,-9.333511111111111,low,0.4615,1,0.8333333333333334,True,NOERROR,2,300,0,2,False,False,2,13335,US,False,Dynadot Inc,4,365,True,0,False,False,,benign,no_adverse_signal
lfghauling.com,2026-07-28,14,2.9219280948873623,0.0,0,0.42857142857142855,-7.776170588235294,low,0.5556,4,0.8,False,NXDOMAIN,0,,0,0,False,False,0,,,,,,,,,,False,,benign,no_adverse_signal
xdslive.com,2026-07-28,11,2.807354922057604,0.0,0,0.4,-7.5889454545454536,low,0.7273,4,1.0,True,NOERROR,3,14400,1,2,True,False,0,63949,US,True,"GMO Internet, Inc.",399,730,False,3,False,False,False,benign,no_adverse_signal
gruposdkdistribuicaonacional.lat,2026-07-28,32,3.753434386188785,0.0,0,0.75,-7.147896226415095,low,0.4444,4,0.5357142857142857,True,NOERROR,1,7207,0,3,False,False,0,,DE,True,"NameSilo, LLC",3,365,True,0,False,False,,benign,no_adverse_signal
0f9yf-qrd8b-tybjgh.work,2026-07-28,23,3.7254805569978675,0.13043478260869565,2,0.0,-11.323039393939395,low,0.3448,6,0.7777777777777778,True,NOERROR,2,600,0,2,False,False,0,16509,US,True,"GoDaddy.com, LLC",4,365,True,46,False,False,,benign,no_adverse_signal
katechezadwazero.pl,2026-07-28,19,3.2806390622295662,0.0,0,0.7777777777777778,-7.241293103448276,low,0.4615,2,0.6875,True,NOERROR,1,21600,1,2,True,False,0,48707,PL,False,Aftermarket.pl Limited,4,365,False,0,False,False,False,benign,no_adverse_signal
exittherabbithole.com,2026-07-28,21,3.1751231351134614,0.0,0,0.7,-6.957664516129032,low,0.4828,3,0.5882352941176471,True,NOERROR,1,3600,0,2,False,False,0,58182,US,True,Wix.com Ltd.,22,365,False,24,False,False,,benign,no_adverse_signal
houseofbale.com,2026-07-28,15,3.0957952550009344,0.0,0,1.2,-7.206547368421052,low,0.5,2,0.8181818181818182,True,NOERROR,2,300,3,2,True,False,2,13335,US,False,"Cloudflare, Inc.",4,365,True,0,False,False,False,benign,no_adverse_signal
teamforge.online,2026-07-28,16,2.94770277922009,0.0,0,0.8,-7.017566666666666,medium,0.6667,2,0.8888888888888888,True,NOERROR,2,300,0,2,False,False,2,13335,US,False,NAMECHEAP INC,4,365,True,0,False,False,,benign,no_adverse_signal
dumblebeedesignz.com,2026-07-28,20,3.25,0.0,0,0.6,-7.293096551724138,low,0.5,3,0.6875,True,NOERROR,1,600,1,2,False,False,0,47846,DE,False,IONOS SE,734,1095,True,0,False,False,False,benign,no_adverse_signal
nascostowear.com,2026-07-28,16,3.0849625007211556,0.0,0,0.7142857142857143,-6.466795238095237,low,0.5,2,0.75,True,NOERROR,2,3600,0,2,False,False,0,16509,US,True,"GoDaddy.com, LLC",3,365,False,18,False,False,,benign,no_adverse_signal
floppermandatedbalsamize.surf,2026-07-28,29,3.7201755214643453,0.0,0,0.6,-6.721193333333334,low,0.4737,2,0.625,True,NOERROR,1,3600,0,2,False,False,0,401696,HK,False,"Spaceship, Inc.",4,365,True,0,False,False,,benign,no_adverse_signal
ryla3-dotec-srgoaz.work,2026-07-28,23,3.7254805569978675,0.043478260869565216,2,0.5,-8.49849393939394,low,0.4118,3,0.7777777777777778,True,NOERROR,2,600,0,2,False,False,0,16509,US,True,"GoDaddy.com, LLC",4,365,True,46,False,False,,benign,no_adverse_signal
frhnakhosa.codes,2026-07-28,16,2.9219280948873623,0.0,0,0.42857142857142855,-8.28844705882353,low,0.5714,4,0.8,False,NOERROR,0,,1,2,True,False,0,,,,,,,,,,False,False,benign,no_adverse_signal
bet-girisim.top,2026-07-28,15,3.027169118440619,0.0,1,0.6666666666666666,-7.177926315789473,high,0.4545,1,0.8181818181818182,False,NXDOMAIN,0,,0,0,False,False,0,,,,"NICENIC INTERNATIONAL GROUP CO., LIMITED",4,365,False,,,True,,malicious,spamhaus_dbl
glossfield.com,2026-07-28,14,2.9219280948873623,0.0,0,0.42857142857142855,-7.319470588235294,low,0.5263,3,0.8,False,NOERROR,0,,0,2,False,False,0,,,,"Cloudflare, Inc.",4,365,True,,,False,,benign,no_adverse_signal
equiprobabilitytragia.surf,2026-07-28,26,3.4992275417233567,0.0,0,0.9090909090909091,-7.064869230769231,low,0.3846,4,0.6190476190476191,True,NOERROR,1,3600,0,2,False,False,0,396982,HK,True,"Spaceship, Inc.",4,365,True,0,False,False,,benign,no_adverse_signal
colla-vita.com,2026-07-28,14,2.9219280948873623,0.0,1,0.8,-7.184747058823529,low,0.5882,2,0.8,True,NOERROR,2,300,0,2,False,False,2,13335,US,False,"GoDaddy.com, LLC",4,365,False,0,False,False,,benign,no_adverse_signal
2r91x.asia,2026-07-28,10,2.321928094887362,0.3,0,0.0,-12.507557142857143,low,0.4444,1,1.0,False,NOERROR,0,,0,2,False,False,0,,,,Alibaba Cloud Computing Ltd. d/b/a HiChina (www.net.cn),4,365,True,,,False,,benign,no_adverse_signal
mdglobalitaly.com,2026-07-28,17,3.180832987205441,0.0,0,0.4444444444444444,-6.876491304347826,low,0.6087,4,0.7692307692307693,True,NOERROR,1,600,0,2,False,False,0,25820,US,True,"GMO Internet, Inc.",4,365,True,0,False,False,,benign,no_adverse_signal
kontrolnoktasi.com,2026-07-28,18,3.039148671903071,0.0,0,0.5555555555555556,-7.096704,low,0.5217,3,0.6428571428571429,True,NOERROR,1,14400,1,2,True,False,0,203248,TR,True,Squarespace Domains II LLC,1,365,True,0,False,False,False,benign,no_adverse_signal
indiabasket.com.sg,2026-07-28,18,3.0957952550009344,0.0,0,0.8333333333333334,-6.53161052631579,low,0.6,2,0.8181818181818182,True,NOERROR,1,14400,1,3,False,False,0,13335,CA,True,Dreamscape Networks International Pte Ltd,5,731,False,0,False,False,False,benign,no_adverse_signal
upstateoutdoorstructures.com,2026-07-28,28,3.0901998765158556,0.0,0,0.7142857142857143,-6.816231111111111,low,0.4118,4,0.4166666666666667,False,NOERROR,0,,5,2,True,False,0,,,,NAMECHEAP INC,3,365,True,,,False,False,benign,no_adverse_signal
tripledthrift.com,2026-07-28,17,3.0269868333592873,0.0,0,0.3,-7.258252173913043,low,0.5263,4,0.6923076923076923,True,NOERROR,4,14400,1,4,True,False,0,53831,US,False,Squarespace Domains II LLC,4,365,True,12,False,False,False,benign,no_adverse_signal
gzbjmygs.com,2026-07-28,12,2.75,0.0,0,0.0,-10.633215384615385,low,0.4615,8,0.875,True,NOERROR,1,599,0,2,False,False,0,58061,US,False,TuringSign Inc. d/b/a Cosmotown,4,365,False,0,False,False,,benign,no_adverse_signal
anugam.com,2026-07-28,10,2.2516291673878226,0.0,0,1.0,-7.282611111111111,low,0.6,1,0.8333333333333334,True,NOERROR,2,3600,1,2,True,False,0,16509,US,True,Gname 032 Inc,4,365,False,55,False,False,,malicious,abuseipdb
roipodcast.fr,2026-07-28,13,3.121928094887362,0.0,0,0.6666666666666666,-7.087664705882354,low,0.6316,2,0.9,True,NOERROR,2,300,0,2,False,False,2,13335,US,False,SCALEWAY,3,364,False,0,False,False,,benign,no_adverse_signal
leiotrichanhayssnakeproof.beer,2026-07-28,30,3.7834651896016465,0.0,0,0.6666666666666666,-7.103627659574468,low,0.4615,4,0.6,True,NOERROR,2,300,0,2,False,False,0,16509,US,True,"Spaceship, Inc.",4,365,True,15,False,False,,benign,no_adverse_signal
waifuprivateparadise.com,2026-07-28,24,3.3841837197791884,0.0,0,1.0,-6.898,low,0.4667,2,0.6,False,NOERROR,0,,0,2,False,False,0,,,,"Cloudflare, Inc.",3,365,True,,,False,,benign,no_adverse_signal
coraspace.shop,2026-07-28,14,2.725480556997868,0.0,0,0.8,-6.283566666666667,low,0.6667,2,0.7777777777777778,True,NOERROR,1,300,0,2,False,False,0,199242,GE,False,,,,False,0,False,False,,benign,no_adverse_signal
puteshestvie-s-dzheysonom.biz,2026-07-28,29,3.683856189774724,0.0,2,0.5333333333333333,-7.59311914893617,low,0.3529,3,0.6,True,NOERROR,2,300,0,3,False,False,2,13335,US,False,Dynadot Inc,3,,True,0,False,False,,benign,no_adverse_signal
thepromiseofsunrise.net,2026-07-28,23,3.4316235658474303,0.0,0,0.7272727272727273,-7.12612,low,0.4706,2,0.631578947368421,True,NOERROR,1,600,0,2,False,False,0,140227,US,False,Gname.com Pte. Ltd.,5,365,True,0,False,False,,benign,no_adverse_signal
mixflowstudio.com,2026-07-28,17,3.3927474104487847,0.0,0,0.625,-7.454465217391304,low,0.64,3,0.8461538461538461,True,NOERROR,2,300,3,2,True,False,2,13335,US,False,Web Commerce Communications Limited dba WebNic.cc,4,365,False,0,False,True,False,malicious,spamhaus_dbl
net-short.com,2026-07-28,13,2.94770277922009,0.0,1,0.3333333333333333,-6.5895600000000005,low,0.5,2,0.8888888888888888,False,NOERROR,0,,0,2,False,False,0,,,,"Cloudflare, Inc.",4,365,True,,,True,,malicious,spamhaus_dbl
9out5fr.cc,2026-07-28,10,2.807354922057604,0.2,0,0.6666666666666666,-11.107454545454546,low,0.5,2,1.0,True,NOERROR,1,60,0,2,False,False,0,219502,NL,False,"NameSilo, LLC",5,365,False,13,True,True,,malicious,spamhaus_zen
modelbasedacquisition.com,2026-07-28,25,3.689703732199547,0.0,0,0.9090909090909091,-6.940207692307692,low,0.5,2,0.6666666666666666,True,NOERROR,2,22,0,4,False,False,0,,US,False,Porkbun LLC,745,1095,False,3,False,False,,benign,no_adverse_signal
five88s.net,2026-07-28,11,2.521640636343318,0.18181818181818182,0,0.6666666666666666,-8.658627272727273,low,0.5455,1,0.8571428571428571,False,NXDOMAIN,0,,0,0,False,False,0,,,,,,,,,,False,,benign,no_adverse_signal
puglivye-koshki.biz,2026-07-28,19,3.6402239289418516,0.0,1,0.5555555555555556,-8.458425925925926,low,0.48,3,0.8666666666666667,True,NOERROR,2,300,0,3,False,False,2,13335,US,False,Dynadot Inc,3,,True,0,False,False,,benign,no_adverse_signal
ad6mof.com,2026-07-28,10,2.584962500721156,0.1,0,0.6666666666666666,-10.373444444444445,low,0.5455,1,1.0,True,NOERROR,2,300,0,2,False,False,2,13335,US,False,"Cloudflare, Inc.",4,365,True,0,False,False,,benign,no_adverse_signal
kebuenaarriaga.de,2026-07-28,17,2.950212064914747,0.0,0,1.3333333333333333,-7.3395600000000005,low,0.48,2,0.6428571428571429,True,NOERROR,4,30,0,2,False,False,8,24940,DE,True,,,,False,0,False,False,,benign,no_adverse_signal
spin88agen.com,2026-07-28,14,2.921928094887362,0.14285714285714285,0,0.6,-8.022070588235295,low,0.6667,2,0.8,True,NOERROR,2,300,0,2,False,False,2,13335,US,False,West263 International Limited,4,365,True,0,False,False,,benign,no_adverse_signal
htya60.app,2026-07-28,10,2.584962500721156,0.2,0,0.3333333333333333,-9.855122222222223,low,0.4444,3,1.0,False,NOERROR,0,,0,2,False,False,0,,,,,,,False,,,False,,benign,no_adverse_signal
kjo-kubet.xyz,2026-07-28,13,2.94770277922009,0.0,1,0.6,-8.60754,high,0.5,2,0.8888888888888888,True,NOERROR,2,300,0,2,False,False,2,13335,US,False,NAMECHEAP INC,4,365,True,0,False,False,,benign,no_adverse_signal
bestyearlabs.shop,2026-07-28,17,2.9182958340544896,0.0,0,0.5,-6.995157142857143,low,0.5714,3,0.6666666666666666,True,NOERROR,1,60,5,2,True,False,0,14061,NL,False,,,,False,0,False,False,False,benign,no_adverse_signal
fulfyls.com,2026-07-28,11,2.2359263506290326,0.0,0,0.16666666666666666,-8.978745454545454,low,0.4615,5,0.7142857142857143,True,NOERROR,1,60,0,0,False,False,0,,,False,BigRock Solutions Ltd.,4,1096,True,0,False,False,,benign,no_adverse_signal
p6w6h.asia,2026-07-28,10,1.9219280948873623,0.2,0,0.0,-13.335571428571429,low,0.5,1,0.8,False,NOERROR,0,,0,2,False,False,0,,,,Alibaba Cloud Computing Ltd. d/b/a HiChina (www.net.cn),4,365,True,,,False,,benign,no_adverse_signal
nauca.shop,2026-07-28,10,1.9219280948873623,0.0,0,1.5,-7.124471428571428,low,0.6667,1,0.8,True,NOERROR,1,900,1,2,True,False,0,39729,IT,True,,,,False,0,False,False,False,benign,no_adverse_signal
wps-buy.com.cn,2026-07-28,14,2.807354922057604,0.0,1,0.2,-8.504218181818182,low,0.4615,3,1.0,True,NOERROR,1,300,0,2,False,False,0,153494,HK,False,Dynadot Inc,4,365,False,0,False,False,,benign,no_adverse_signal
giris2026.art,2026-07-28,13,2.725480556997868,0.3076923076923077,0,0.6666666666666666,-8.432246666666666,low,0.4615,1,0.7777777777777778,False,NXDOMAIN,0,,0,0,False,False,0,,,,Squarespace Domains II LLC,4,365,True,,,False,,benign,no_adverse_signal
radarline.net,2026-07-28,13,2.725480556997868,0.0,0,0.8,-6.116866666666667,low,0.625,2,0.7777777777777778,True,NOERROR,2,3600,1,2,True,False,0,16509,US,True,"GoDaddy.com, LLC",4,365,False,26,False,False,False,benign,no_adverse_signal
reandbomb.com,2026-07-28,13,2.94770277922009,0.0,0,0.5,-6.846426666666667,low,0.6667,3,0.8888888888888888,True,NOERROR,2,120,0,4,False,False,0,16509,DE,True,"Gabia, Inc.",4,365,False,22,False,False,,benign,no_adverse_signal
richard-knott-far-from-lords.com,2026-07-28,32,3.651478922893308,0.0,4,0.3333333333333333,-7.768354716981132,low,0.4,3,0.5357142857142857,True,NOERROR,1,3600,1,3,True,False,0,396982,NL,True,Hosting Concepts B.V. d/b/a Registrar.eu,4,365,True,0,False,False,False,benign,no_adverse_signal
yumynature.in,2026-07-28,13,2.9219280948873623,0.0,0,0.6666666666666666,-7.423323529411765,low,0.75,3,0.8,True,NOERROR,1,3600,1,4,True,False,1,48254,GB,True,"Ascio Technologies, Inc. - Denmark",7,365,False,0,False,False,False,benign,no_adverse_signal
deepsea.love,2026-07-28,12,2.1280852788913944,0.0,0,1.3333333333333333,-6.982081818181817,low,0.6667,2,0.7142857142857143,True,NOERROR,1,300,0,2,True,False,0,22612,GB,True,"Spaceship, Inc.",3,365,False,0,False,False,,benign,no_adverse_signal
garageindianapolis.com,2026-07-28,22,3.2390979179887864,0.0,0,1.0,-6.365860606060606,low,0.5385,2,0.6111111111111112,True,NOERROR,1,300,0,2,False,False,0,60068,US,True,Dynadot Inc,4,365,False,12,False,False,,benign,no_adverse_signal
syairgucci.store,2026-07-28,16,2.9219280948873623,0.0,0,0.6666666666666666,-8.096229411764705,low,0.5,2,0.8,True,NOERROR,1,14400,1,2,True,False,0,19318,US,False,,,,False,20,False,False,False,benign,no_adverse_signal
rsw-sport.icu,2026-07-28,13,2.725480556997868,0.0,1,0.14285714285714285,-7.50248,low,0.5263,3,0.7777777777777778,True,NOERROR,1,599,0,2,False,False,0,132839,SC,False,"Zhengzhou Century Connect Electronic Technology Development Co., Ltd",4,365,False,0,True,False,,malicious,spamhaus_zen
off-pixel.com,2026-07-28,13,2.94770277922009,0.0,1,0.6,-8.45222,low,0.6667,2,0.8888888888888888,False,NOERROR,0,,0,2,False,False,0,,,,"Cloudflare, Inc.",4,365,True,,,False,,benign,no_adverse_signal
energcier.pro,2026-07-28,13,2.4193819456463714,0.0,0,0.8,-7.214306666666667,low,0.5714,3,0.6666666666666666,True,NOERROR,2,300,0,2,False,False,2,13335,US,False,,,,,0,False,False,,benign,no_adverse_signal
232522.shop,2026-07-28,11,1.2516291673878228,0.5454545454545454,0,0.0,-10.568355555555556,low,0.2667,0,0.5,True,NOERROR,1,60,0,2,False,False,0,59371,HK,False,,,,False,0,False,False,,benign,no_adverse_signal
shouzhang.sbs,2026-07-28,13,2.94770277922009,0.0,0,0.5,-7.235086666666666,low,0.5,2,0.8888888888888888,False,NOERROR,0,,0,2,False,False,0,,,,"NameSilo, LLC",4,365,True,,,False,,benign,no_adverse_signal
swyftbudget.com,2026-07-28,15,3.277613436819116,0.0,0,0.2222222222222222,-8.392936842105263,low,0.4706,6,0.9090909090909091,True,NOERROR,2,1800,0,2,False,False,0,16509,US,False,"Name.com, Inc.",4,365,True,0,False,False,,benign,no_adverse_signal
theamericanpickleballassociation.com,2026-07-28,36,3.6914280318460246,0.0,0,0.7777777777777778,-6.460362295081968,low,0.4186,3,0.46875,True,NOERROR,2,600,0,2,False,False,0,16509,US,True,"GoDaddy.com, LLC",3,365,False,46,False,False,,benign,no_adverse_signal
marioypatricia.site,2026-07-28,19,2.9852281360342525,0.0,0,1.0,-6.9426559999999995,medium,0.5217,2,0.6428571428571429,True,NOERROR,2,60,0,2,False,False,2,47583,DE,False,"HOSTINGER operations, UAB",4,365,False,0,False,False,,benign,no_adverse_signal
francescaericcardo.wedding,2026-07-28,26,3.086048612313038,0.0,0,0.6363636363636364,-6.674478787878788,low,0.4324,2,0.5555555555555556,True,NOERROR,1,300,0,2,False,False,0,31898,DE,False,"Cloudflare, Inc.",4,365,True,0,True,False,,malicious,spamhaus_zen
ledaowan.com,2026-07-28,12,2.75,0.0,0,1.0,-7.434638461538461,low,0.5,1,0.875,False,NOERROR,0,,0,2,False,False,0,,,,Dominet (HK) Limited,3,365,False,,,False,,benign,no_adverse_signal
zarco-ai.com,2026-07-28,12,2.75,0.0,1,1.3333333333333333,-7.548669230769231,low,0.5333,2,0.875,True,NOERROR,1,1799,5,2,True,False,0,16509,US,True,NAMECHEAP INC,4,365,True,24,False,False,False,benign,no_adverse_signal
bromotourtravel.net,2026-07-28,19,3.1395722619867223,0.0,0,0.6666666666666666,-6.554955555555556,low,0.5185,3,0.6666666666666666,False,NXDOMAIN,0,,0,0,False,False,0,,,,,,,,,,False,,benign,no_adverse_signal
waffleus.com,2026-07-28,12,2.75,0.0,0,0.6,-7.752315384615385,low,0.5,3,0.875,False,NOERROR,0,,0,4,False,False,0,,,,"GoDaddy.com, LLC",4,365,False,,,False,,benign,no_adverse_signal
britishhire.com,2026-07-28,15,2.663532754804255,0.0,0,0.5714285714285714,-7.120873684210527,low,0.4762,3,0.6363636363636364,True,NOERROR,1,1800,5,2,True,False,0,22612,US,False,NAMECHEAP INC,4,365,True,0,False,False,False,benign,no_adverse_signal
laurenwong-designportfolio.com,2026-07-28,30,3.8252517372886508,0.0,1,0.6666666666666666,-7.139579591836735,low,0.4118,3,0.6153846153846154,True,NOERROR,1,1800,0,0,False,False,0,58182,US,True,Wix.com Ltd.,738,1095,True,0,False,False,,benign,no_adverse_signal
baichuan.baby,2026-07-28,13,2.75,0.0,0,1.0,-7.0358,low,0.6154,2,0.875,True,NOERROR,1,1800,0,2,False,False,0,400619,US,False,"Spaceship, Inc.",4,365,False,0,False,False,,benign,no_adverse_signal
dirtycog.net,2026-07-28,12,3.0,0.0,0,0.3333333333333333,-7.258353846153846,low,0.5333,4,1.0,True,NOERROR,2,300,0,2,False,False,2,13335,US,False,NAMECHEAP INC,5,365,True,0,False,False,,benign,no_adverse_signal
za9ka.com,2026-07-28,9,1.9219280948873623,0.1111111111111111,0,1.0,-11.254800000000001,low,0.6667,1,0.8,True,NOERROR,2,300,0,2,False,False,2,13335,US,False,NameMart Pte. Ltd.,4,365,False,0,False,False,,benign,no_adverse_signal
mukgomasil.com,2026-07-28,14,3.121928094887362,0.0,0,0.6666666666666666,-7.720905882352942,low,0.6667,2,0.9,False,NOERROR,0,,0,2,False,False,0,,,,"Cloudflare, Inc.",4,365,True,,,False,,benign,no_adverse_signal
godotprints.com,2026-07-28,15,3.0957952550009344,0.0,0,0.375,-6.772978947368421,low,0.5833,3,0.8181818181818182,True,NOERROR,5,600,2,2,False,False,5,63949,DE,True,Dynadot Inc,4,365,False,0,False,False,False,benign,no_adverse_signal
signalmonday.com,2026-07-28,16,3.2516291673878226,0.0,0,0.5,-6.775552380952381,low,0.6,2,0.8333333333333334,True,NOERROR,1,21600,0,2,False,False,0,16509,US,True,"TUCOWS.COM, CO.",1104,1461,True,0,False,False,,benign,no_adverse_signal
summarizex.net,2026-07-28,14,3.121928094887362,0.0,0,0.6666666666666666,-7.25724705882353,low,0.5263,2,0.9,False,NXDOMAIN,0,,0,0,False,False,0,,,,"GMO Internet, Inc.",4,365,True,,,False,,benign,no_adverse_signal
organicmimi.cloud,2026-07-28,17,2.8453509366224368,0.0,0,0.8333333333333334,-7.104426315789475,low,0.5263,2,0.7272727272727273,True,NOERROR,1,300,0,2,False,False,0,16509,US,True,"TUCOWS.COM, CO.",373,730,True,0,False,False,,benign,no_adverse_signal
yorvenharbordepot.shop,2026-07-28,22,3.4104172527605203,0.0,0,0.5454545454545454,-6.984909677419354,low,0.5185,2,0.7058823529411765,True,NOERROR,1,21600,3,2,True,False,0,15169,US,True,,,,False,0,False,False,False,benign,no_adverse_signal
wrldexotic.com,2026-07-28,14,3.321928094887362,0.0,0,0.42857142857142855,-7.7463058823529405,low,0.6667,4,1.0,True,NOERROR,1,21600,0,2,False,False,0,16509,US,True,"TUCOWS.COM, CO.",373,730,True,0,False,False,,benign,no_adverse_signal
travelnbookings.com,2026-07-28,19,3.6402239289418516,0.0,0,0.5,-6.845685185185186,low,0.6364,3,0.8666666666666667,True,NOERROR,2,60,2,2,True,False,2,47583,DE,False,"GoDaddy.com, LLC",4,365,False,0,False,False,False,benign,no_adverse_signal
holistischeagenda.com,2026-07-28,21,3.4992275471326932,0.0,0,0.7,-6.326022580645161,low,0.5455,3,0.7058823529411765,True,NOERROR,2,300,0,2,False,False,0,16509,US,True,"Spaceship, Inc.",4,365,False,9,False,False,,benign,no_adverse_signal
mycarte.fr,2026-07-28,10,2.807354922057604,0.0,0,0.4,-6.5838,low,0.6154,3,1.0,True,NOERROR,2,300,0,2,False,False,2,13335,US,False,Hosting Concepts B.V. d/b/a Openprovider,12,364,True,0,False,False,,benign,no_adverse_signal
razaviya.org,2026-07-28,12,2.4056390622295662,0.0,0,1.0,-7.879838461538461,low,0.5,1,0.75,True,NOERROR,1,60,0,0,False,False,0,,,False,Global Domain Group LLC,4,365,False,0,False,False,,benign,no_adverse_signal
bridgeyields.net,2026-07-28,16,3.084962500721156,0.0,0,0.5,-7.641995238095238,low,0.5556,3,0.75,False,NOERROR,0,,0,2,False,False,0,,,,DomainRegistry.com LLC,5,365,False,,,False,,benign,no_adverse_signal
car-acces.com,2026-07-28,13,2.4193819456463714,0.0,1,0.6,-7.204786666666666,low,0.5556,2,0.6666666666666666,False,NOERROR,0,,3,2,True,False,0,,,,"Cloudflare, Inc.",4,365,True,,,False,False,benign,no_adverse_signal
livesdytercepat.online,2026-07-28,22,3.4565647621309536,0.0,0,0.5,-6.927511111111111,medium,0.5,4,0.8,True,NOERROR,4,300,0,2,False,False,0,54113,US,True,NAMECHEAP INC,4,365,True,44,False,False,,benign,no_adverse_signal
fansinthestandz.com,2026-07-28,19,3.189898095464287,0.0,0,0.36363636363636365,-6.271885185185186,low,0.5,3,0.6666666666666666,False,NOERROR,0,,3,2,True,False,0,,,,"Cloudflare, Inc.",4,365,True,,,False,False,benign,no_adverse_signal
sbssecuritas.com,2026-07-28,16,2.9182958340544896,0.0,0,0.5,-6.903476190476191,low,0.5,4,0.75,True,NOERROR,4,14400,1,4,True,False,0,53831,US,False,Squarespace Domains II LLC,4,365,True,12,False,False,False,benign,no_adverse_signal
gold158.com,2026-07-28,11,2.807354922057604,0.2727272727272727,0,0.3333333333333333,-9.147481818181818,low,0.4615,2,1.0,False,NOERROR,0,,0,2,False,False,0,,,,Gname 124 Inc,4,365,False,,,False,,benign,no_adverse_signal
xn--482tmbet-95a.com,2026-07-28,20,3.577819531114783,0.25,3,0.3333333333333333,-10.18723103448276,low,0.3478,3,0.8125,True,NOERROR,2,600,0,2,False,False,0,16509,US,True,"GoDaddy.com, LLC",5,365,False,34,False,False,,benign,no_adverse_signal
pixel138gaxjp.site,2026-07-28,18,3.3927474104487847,0.16666666666666666,0,0.42857142857142855,-9.755560869565217,medium,0.4,3,0.8461538461538461,True,NOERROR,2,300,0,2,False,False,2,13335,US,False,NAMECHEAP INC,4,365,True,0,False,False,,benign,no_adverse_signal
xpa-sport.icu,2026-07-28,13,2.94770277922009,0.0,1,0.3333333333333333,-7.146906666666666,low,0.5,2,0.8888888888888888,False,NOERROR,0,,0,2,False,False,0,,,,"Zhengzhou Century Connect Electronic Technology Development Co., Ltd",4,365,False,,,False,,benign,no_adverse_signal
naturalpureads.online,2026-07-28,21,3.182005814760214,0.0,0,0.75,-6.683948,medium,0.6,2,0.7142857142857143,True,NOERROR,1,50,0,2,False,False,0,47583,CY,False,"HOSTINGER operations, UAB",4,365,False,35,False,False,,benign,no_adverse_signal
carrieroath.com,2026-07-28,15,2.845350936622437,0.0,0,0.8333333333333334,-6.6482947368421055,low,0.5882,2,0.7272727272727273,True,NOERROR,4,14400,5,4,False,False,0,53831,US,False,Squarespace Domains LLC,4,1096,True,29,False,False,False,benign,no_adverse_signal
nocoshopus.com,2026-07-28,14,2.6464393446710153,0.0,0,0.6666666666666666,-6.911288235294117,low,0.5,2,0.7,True,NOERROR,2,300,0,2,False,False,2,13335,US,False,BF Internet Limited,4,365,False,0,False,False,,benign,no_adverse_signal
zapcart.info,2026-07-28,12,2.5216406363433186,0.0,0,0.4,-6.971509090909091,medium,0.6667,2,0.8571428571428571,True,NOERROR,1,21600,0,2,False,False,0,16509,US,True,,,,,0,False,False,,benign,no_adverse_signal
44w-sport.icu,2026-07-28,13,2.94770277922009,0.15384615384615385,1,0.2,-8.584733333333334,low,0.5,2,0.8888888888888888,True,NOERROR,1,599,0,2,False,False,0,132839,ZA,False,"Zhengzhou Century Connect Electronic Technology Development Co., Ltd",4,365,False,0,False,False,,benign,no_adverse_signal
disoblustr.center,2026-07-28,17,3.121928094887362,0.0,0,0.42857142857142855,-6.73870588235294,low,0.5882,3,0.9,True,NOERROR,2,300,0,2,False,False,2,13335,US,False,,,,,0,False,False,,benign,no_adverse_signal
7olw7y.vip,2026-07-28,10,2.2516291673878226,0.2,0,0.3333333333333333,-11.744855555555555,low,0.4444,2,0.8333333333333334,True,NOERROR,2,300,0,2,False,False,2,13335,US,False,Dynadot Inc,4,365,True,0,False,False,,benign,no_adverse_signal
wcnjq23.buzz,2026-07-28,12,2.807354922057604,0.16666666666666666,0,0.0,-11.403563636363636,high,0.5,5,1.0,True,NOERROR,2,300,0,2,False,False,2,13335,US,False,Dynadot Inc,4,365,False,0,False,False,,benign,no_adverse_signal
ngznm-n0vqq-ilvxqa.work,2026-07-28,23,3.4193819456463714,0.043478260869565216,2,0.15384615384615385,-11.370230303030302,low,0.4167,5,0.6666666666666666,True,NOERROR,2,600,0,2,False,False,0,16509,US,True,"GoDaddy.com, LLC",4,365,True,46,False,False,,benign,no_adverse_signal
lobbyshing.center,2026-07-28,17,3.121928094887362,0.0,0,0.25,-7.106470588235294,low,0.5714,5,0.9,True,NOERROR,2,300,0,2,False,False,2,13335,US,False,,,,,0,False,False,,benign,no_adverse_signal
mazeone.se,2026-07-28,10,2.521640636343318,0.0,0,1.3333333333333333,-7.023763636363636,low,0.7692,1,0.8571428571428571,True,NOERROR,1,600,1,2,False,False,0,51468,DK,True,One.com,4,365,False,0,False,False,,benign,no_adverse_signal
inlayar138.net,2026-07-28,14,3.121928094887362,0.21428571428571427,0,0.75,-8.108223529411765,low,0.4444,2,0.9,True,NOERROR,1,300,0,2,False,False,0,206834,DE,False,Dynadot Inc,4,365,False,24,False,False,,benign,no_adverse_signal
encdiserie.fr,2026-07-28,13,2.6464393446710153,0.0,0,1.0,-6.5586,low,0.5385,3,0.7,True,NOERROR,1,3600,3,2,True,False,0,16276,FR,True,OVH,3,364,False,20,False,False,False,benign,no_adverse_signal
fei7xiang.cn,2026-07-28,12,2.94770277922009,0.08333333333333333,0,1.0,-9.131233333333334,low,0.5714,2,0.8888888888888888,True,NOERROR,1,60,0,2,False,True,0,133731,JP,True,厦门市中资源网络服务有限公司,5,365,False,0,True,True,,malicious,spamhaus_zen
authorityiseverything.com,2026-07-28,25,3.5585186130489057,0.0,0,0.6153846153846154,-6.817625641025641,low,0.4286,4,0.6190476190476191,True,NOERROR,4,14400,0,8,False,False,0,53831,US,False,"GoDaddy.com, LLC",4,365,False,29,False,False,,benign,no_adverse_signal
fdastar.com,2026-07-28,11,2.5216406363433186,0.0,0,0.4,-6.5492454545454555,low,0.6154,2,0.8571428571428571,True,NOERROR,1,600,0,2,False,False,0,3786,KR,False,"Gabia, Inc.",377,730,False,0,False,False,,benign,no_adverse_signal
fsadc.com,2026-07-28,9,2.321928094887362,0.0,0,0.25,-7.9945571428571425,low,0.6,2,1.0,True,NOERROR,1,21600,0,2,False,False,0,16509,US,True,"TUCOWS.COM, CO.",2930,3287,True,0,False,False,,benign,no_adverse_signal
katla.biz,2026-07-28,9,1.9219280948873623,0.0,0,0.6666666666666666,-6.990957142857143,low,0.5714,2,0.8,True,NOERROR,2,300,0,3,False,False,2,13335,US,False,Dynadot Inc,4,,True,0,False,False,,benign,no_adverse_signal
hfac.fi,2026-07-28,7,2.0,0.0,0,0.3333333333333333,-7.9054,low,0.5455,2,1.0,True,NOERROR,1,3600,1,2,True,False,0,58003,FI,True,Planeetta Internet Oy,4,365,False,0,False,False,False,benign,no_adverse_signal
katakjpcemerlang.shop,2026-07-28,21,3.452819531114783,0.0,0,0.45454545454545453,-7.426724137931035,low,0.4667,4,0.75,True,NOERROR,2,300,0,2,False,False,2,13335,US,False,,,,False,0,False,False,,benign,no_adverse_signal
105.rest,2026-07-28,8,1.584962500721156,0.375,0,0.0,-9.656833333333333,low,0.3333,0,1.0,False,NOERROR,0,,5,2,True,False,0,,,,NAMECHEAP INC,4,365,True,,,False,False,benign,no_adverse_signal
pragwhim.com,2026-07-28,12,3.0,0.0,0,0.3333333333333333,-7.923230769230769,low,0.5333,3,1.0,True,NOERROR,2,18,2,4,True,False,0,,US,False,Porkbun LLC,4,365,False,0,False,False,False,benign,no_adverse_signal
rodcast.org,2026-07-28,11,2.807354922057604,0.0,0,0.4,-6.716827272727272,low,0.7143,2,1.0,True,NOERROR,1,1800,5,2,True,False,0,22612,US,False,NAMECHEAP INC,4,365,True,1,False,False,False,benign,no_adverse_signal
lysvik.app,2026-07-28,10,2.584962500721156,0.0,0,0.2,-8.165033333333334,low,0.5455,4,1.0,True,NOERROR,2,1800,0,2,False,False,0,16509,US,False,,,,False,0,False,False,,benign,no_adverse_signal
jubbievn.com,2026-07-28,12,2.75,0.0,0,0.6,-8.554907692307692,low,0.5,2,0.875,False,NOERROR,0,,0,2,False,False,0,,,,"NameCheap, Inc.",4,365,False,,,False,,benign,no_adverse_signal
halfcult.com,2026-07-28,12,2.75,0.0,0,0.3333333333333333,-7.849830769230769,low,0.625,3,0.875,True,NOERROR,2,3600,5,2,True,False,0,16509,US,True,"GoDaddy.com, LLC",4,365,False,18,False,False,False,benign,no_adverse_signal
pikablink.com,2026-07-28,13,2.725480556997868,0.0,0,0.5,-6.7688,low,0.625,2,0.7777777777777778,True,NOERROR,3,14400,1,2,True,False,0,63949,US,True,"GMO Internet, Inc.",399,730,False,3,False,False,False,benign,no_adverse_signal
q8qka.com,2026-07-28,9,1.9219280948873623,0.1111111111111111,0,0.3333333333333333,-12.180800000000001,low,0.4444,2,0.8,True,NOERROR,2,300,0,2,False,False,2,13335,US,False,NameMart Pte. Ltd.,4,365,False,0,False,False,,benign,no_adverse_signal
sanative.online,2026-07-28,15,2.75,0.0,0,1.0,-6.040938461538461,medium,0.6154,1,0.875,False,NOERROR,0,,0,2,False,False,0,,,,"GoDaddy.com, LLC",4,365,False,,,False,,benign,no_adverse_signal
xzwfspdjbrmq.bar,2026-07-28,16,3.584962500721156,0.0,0,0.0,-10.54602380952381,low,0.4,12,1.0,True,NOERROR,2,300,0,2,False,False,2,13335,US,False,GoDaddy,3,365,False,0,False,False,,benign,no_adverse_signal
reframemediainc.com,2026-07-28,19,3.0565647621309537,0.0,0,0.875,-6.488618518518519,low,0.5385,2,0.6,True,NOERROR,1,50,0,2,False,False,0,47583,CY,False,"HOSTINGER operations, UAB",4,365,False,35,False,False,,benign,no_adverse_signal
kaalonline.com,2026-07-28,14,2.721928094887362,0.0,0,1.0,-6.38015294117647,low,0.6667,2,0.7,False,timeout,0,,0,0,False,False,0,,,,"OwnRegistrar, Inc.",4,365,False,,,False,,benign,no_adverse_signal
smiqbal.com,2026-07-28,11,2.807354922057604,0.0,0,0.4,-8.581936363636364,low,0.5455,2,1.0,True,NOERROR,2,14,2,4,True,False,0,,US,False,Porkbun LLC,3,365,False,0,False,False,False,benign,no_adverse_signal
214275.cc,2026-07-28,9,2.2516291673878226,0.6666666666666666,0,0.0,-10.9297,low,0.2222,0,0.8333333333333334,True,NOERROR,1,600,0,2,False,True,0,49870,SC,False,Dynadot Inc,4,365,False,0,True,True,,malicious,spamhaus_zen
panel-nangong.com.cn,2026-07-28,20,2.7773627950641693,0.0,1,0.5,-6.8297,low,0.5263,2,0.6153846153846154,False,timeout,0,,0,2,False,False,3,,,,Web Commerce Communications Limited,5,365,False,,,True,,malicious,spamhaus_dbl
itzkaworld.com,2026-07-28,14,3.321928094887362,0.0,0,0.42857142857142855,-8.093994117647059,low,0.5556,3,1.0,True,NOERROR,2,3600,0,2,False,False,0,16509,US,True,"GoDaddy.com, LLC",4,731,False,26,False,False,,benign,no_adverse_signal
y7133658.vip,2026-07-28,12,2.75,0.5833333333333334,0,0.0,-10.62133076923077,low,0.3636,1,0.875,False,NOERROR,0,,0,2,False,False,0,,,,Dynadot Inc,4,365,True,,,True,,malicious,spamhaus_dbl
rr4.top,2026-07-28,7,0.9182958340544896,0.14285714285714285,0,0.0,-10.212766666666665,high,0.4444,2,0.6666666666666666,True,NOERROR,1,600,0,2,False,False,0,152194,SG,False,"NameSilo, LLC",4,365,True,0,True,True,,malicious,spamhaus_zen
jubamedia.com,2026-07-28,13,2.94770277922009,0.0,0,1.25,-6.83342,low,0.7143,1,0.8888888888888888,True,NOERROR,1,300,0,2,False,False,0,206834,DE,False,"Gransy, s.r.o.",3,365,False,24,False,False,,benign,no_adverse_signal
vfx-h.com,2026-07-28,9,2.321928094887362,0.0,1,0.0,-10.848185714285716,low,0.5,3,1.0,True,NOERROR,2,300,1,2,True,False,2,13335,US,False,"GoDaddy.com, LLC",4,365,False,0,False,False,False,benign,no_adverse_signal
yah0000.com,2026-07-28,11,1.664497779200461,0.36363636363636365,0,0.5,-9.484227272727273,low,0.5,1,0.5714285714285714,False,NOERROR,0,,0,2,False,False,0,,,,Global Domain Group LLC,4,365,False,,,False,,benign,no_adverse_signal
adhesion-base.pro,2026-07-28,17,3.238901256602631,0.0,1,1.0,-7.041591304347826,low,0.5455,2,0.7692307692307693,False,NXDOMAIN,0,,0,0,False,False,0,,,,,,,,,,True,,malicious,spamhaus_dbl
wxrs.top,2026-07-28,8,2.0,0.0,0,0.0,-10.75732,high,0.5714,4,1.0,False,NOERROR,0,,0,2,False,False,0,,,,Alibaba Cloud Computing Ltd. d/b/a HiChina (www.net.cn),5,365,True,,,False,,benign,no_adverse_signal
syafiqahaiman.com,2026-07-28,17,2.9312089489103235,0.0,0,0.8571428571428571,-8.031895652173914,low,0.4444,2,0.6923076923076923,True,NOERROR,1,300,0,2,False,False,0,24940,DE,True,"Cloudflare, Inc.",4,365,True,0,False,False,,benign,no_adverse_signal
convertly.app,2026-07-28,13,3.169925001442312,0.0,0,0.2857142857142857,-6.695353333333333,low,0.625,4,1.0,True,NOERROR,2,3600,0,2,False,False,0,16509,US,True,,,,False,0,False,False,,benign,no_adverse_signal
ondomadu.xyz,2026-07-28,12,2.5,0.0,0,1.0,-6.564361538461539,high,0.5714,2,0.75,True,NOERROR,1,14400,0,4,False,False,0,16509,US,False,CV. Rumahweb Indonesia,4,365,False,0,False,False,,benign,no_adverse_signal
zuqiutouzhuyingqiujiqiao.cn,2026-07-28,27,3.2527054819279444,0.0,0,1.1818181818181819,-9.051364444444443,low,0.375,3,0.5,True,NOERROR,1,300,0,2,False,False,0,132839,SC,False,北京新网数码信息技术有限公司,6,365,False,0,False,False,,benign,no_adverse_signal
idf.info.pl,2026-07-28,11,1.584962500721156,0.0,0,0.5,-8.012833333333333,low,0.5714,2,1.0,False,NOERROR,0,,0,5,False,False,0,,,,Hosting Concepts B.V.,5,365,False,,,False,,benign,no_adverse_signal
shareaiwithlove.xyz,2026-07-28,19,3.3735572622751846,0.0,0,0.875,-7.005037037037037,high,0.56,3,0.7333333333333333,False,NOERROR,0,,3,2,True,False,0,,,,Alibaba Cloud Computing Ltd. d/b/a HiChina (www.net.cn),4,365,False,,,False,False,benign,no_adverse_signal
javaslot88agen.com,2026-07-28,18,3.3248629576173574,0.1111111111111111,0,0.7142857142857143,-8.015584,low,0.5263,2,0.7857142857142857,True,NOERROR,2,300,0,2,False,False,2,13335,US,False,West263 International Limited,4,365,True,0,False,False,,benign,no_adverse_signal
henryarchives.com,2026-07-28,17,3.238901256602631,0.0,0,0.4444444444444444,-6.998213043478261,low,0.7,3,0.7692307692307693,True,NOERROR,4,600,0,2,False,False,0,13335,US,False,"GoDaddy.com, LLC",3,365,False,0,False,False,,benign,no_adverse_signal
chatskee.com,2026-07-28,12,2.75,0.0,0,0.6,-6.923969230769231,low,0.5714,3,0.875,True,NOERROR,4,300,0,4,False,False,4,15169,US,True,Squarespace Domains II LLC,4,365,True,0,False,False,,benign,no_adverse_signal
srj1t-4xaw2-hlkexq.work,2026-07-28,23,3.94770277922009,0.13043478260869565,2,0.18181818181818182,-11.24338484848485,low,0.3448,3,0.8888888888888888,True,NOERROR,2,600,0,2,False,False,0,16509,US,True,"GoDaddy.com, LLC",4,365,True,46,False,False,,benign,no_adverse_signal
thelatter123.art,2026-07-28,16,3.0220552088742,0.1875,0,0.5,-7.012604761904762,low,0.5263,2,0.75,True,NOERROR,1,600,0,2,False,False,0,45090,CN,False,"DNSPod, Inc.",4,365,False,0,False,False,,benign,no_adverse_signal
888ttka.com,2026-07-28,11,1.8423709931771088,0.2727272727272727,0,0.3333333333333333,-9.318809090909092,low,0.4615,3,0.5714285714285714,True,NOERROR,2,300,0,2,False,False,2,13335,US,False,NameMart Pte. Ltd.,4,365,False,0,False,False,,benign,no_adverse_signal
salaryrevealed.com,2026-07-28,18,2.8423709931771093,0.0,0,0.75,-6.800116,low,0.48,3,0.5714285714285714,True,NOERROR,2,300,2,2,True,False,2,13335,US,False,"GoDaddy.com, LLC",3,1096,False,0,False,False,False,benign,no_adverse_signal
arsismedical.com,2026-07-28,16,3.0849625007211556,0.0,0,0.7142857142857143,-6.452885714285715,low,0.6364,2,0.75,True,NOERROR,2,3600,1,2,True,False,0,16509,US,True,Adriatic Domains LLC,4,365,True,34,False,False,,benign,no_adverse_signal
sportswearsupplier.net,2026-07-28,22,3.266332639970623,0.0,0,0.5,-6.76100303030303,low,0.4828,4,0.6111111111111112,True,NOERROR,1,300,0,2,False,False,0,206834,DE,False,Dynadot Inc,5,365,False,24,False,False,,benign,no_adverse_signal
farmaceuticossinfronterascolombia.org,2026-07-28,37,3.6801653312174274,0.0,0,0.7368421052631579,-6.624153968253968,low,0.4348,3,0.42424242424242425,True,NOERROR,1,3600,2,4,True,False,1,8560,DE,True,IONOS SE,4,365,False,0,False,False,False,benign,no_adverse_signal
tormora-taqueria.com,2026-07-28,20,3.1556390622295662,0.0,1,1.1428571428571428,-7.185431034482758,low,0.4545,2,0.625,True,NOERROR,2,3600,1,2,True,False,0,16509,US,True,"GoDaddy.com, LLC",3,365,False,26,False,False,False,benign,no_adverse_signal
driveitsidewayz.com,2026-07-28,19,3.32323142879762,0.0,0,0.6666666666666666,-7.138181481481481,low,0.48,2,0.7333333333333333,True,NOERROR,1,21600,0,4,False,False,1,13335,CA,True,"TUCOWS.COM, CO.",3,365,True,0,False,False,,benign,no_adverse_signal
dhlrx.asia,2026-07-28,10,2.321928094887362,0.0,0,0.0,-10.365114285714286,low,0.5,5,1.0,False,NOERROR,0,,0,2,False,False,0,,,,Alibaba Cloud Computing Ltd. d/b/a HiChina (www.net.cn),4,365,True,,,True,,malicious,spamhaus_dbl
mundopeludo.us,2026-07-28,14,2.9139770731827523,0.0,0,0.8333333333333334,-7.101636842105264,low,0.5714,2,0.7272727272727273,True,NOERROR,1,60,0,0,False,False,0,,,False,PDR Ltd. d/b/a PublicDomainRegistry.com,6,365,False,0,False,False,,benign,no_adverse_signal
tulungagung.quest,2026-07-28,17,2.4130884364257574,0.0,0,0.5714285714285714,-7.2527368421052625,low,0.4211,2,0.5454545454545454,True,NOERROR,1,1800,5,2,True,False,0,22612,US,False,NAMECHEAP INC,4,365,True,0,False,False,False,benign,no_adverse_signal
greenecogrants.org,2026-07-28,18,3.039148671903071,0.0,0,0.5555555555555556,-6.382552,low,0.4828,3,0.6428571428571429,False,NOERROR,0,,3,2,True,False,0,,,,Squarespace Domains II LLC,4,365,True,,,False,False,benign,no_adverse_signal
peri-eventspot.de,2026-07-28,17,3.182005814760214,0.0,1,0.625,-6.9112480000000005,low,0.5,4,0.7142857142857143,True,NOERROR,2,300,0,2,False,False,2,13335,US,False,,,,False,0,False,False,,benign,no_adverse_signal
thehempshack.de,2026-07-28,15,3.0220552088742,0.0,0,0.3333333333333333,-7.024490476190476,low,0.4706,4,0.75,True,NOERROR,4,30,0,2,False,False,8,213230,US,True,,,,False,0,False,False,,benign,no_adverse_signal
rihanzaixian.cn,2026-07-28,15,2.6258145836939115,0.0,0,1.0,-7.640695238095238,low,0.4762,2,0.5833333333333334,True,NOERROR,1,599,0,2,False,False,0,132839,HK,False,北京新网数码信息技术有限公司,6,365,False,0,False,False,,benign,no_adverse_signal
grimy-experts.fr,2026-07-28,16,3.3927474104487847,0.0,1,0.3333333333333333,-7.387426086956522,low,0.5217,3,0.8461538461538461,False,NOERROR,0,,1,2,True,False,0,,,,Infomaniak Network SA,3,364,False,,,False,False,benign,no_adverse_signal
basiretli.com,2026-07-28,13,2.94770277922009,0.0,0,0.8,-6.639340000000001,low,0.5556,2,0.8888888888888888,True,NOERROR,1,3600,0,3,False,False,0,197720,TR,True,Turkticaret.net Yazilim Hizmetleri Sanayi ve Ticaret A.S.,4,365,False,0,False,False,,benign,no_adverse_signal
mashallahwalls.com,2026-07-28,18,2.378783493486175,0.0,0,0.4,-6.892416000000001,low,0.5455,3,0.42857142857142855,True,NOERROR,1,21600,0,4,False,False,1,13335,CA,True,"TUCOWS.COM, CO.",4,365,True,0,False,False,,benign,no_adverse_signal
bba88.io,2026-07-28,8,1.5219280948873621,0.25,0,0.5,-9.598657142857144,low,0.5,2,0.6,True,NOERROR,2,300,0,2,False,False,2,13335,US,False,Dynadot Inc,6,365,True,0,False,False,,benign,no_adverse_signal
code99.app,2026-07-28,10,2.2516291673878226,0.2,0,1.0,-8.271522222222222,low,0.5455,1,0.8333333333333334,True,NOERROR,2,300,0,2,False,False,2,13335,US,False,,,,False,0,False,False,,benign,no_adverse_signal
pejuangjituhoki.store,2026-07-28,21,3.5068905956085183,0.0,0,0.875,-8.182203703703705,low,0.4286,3,0.8,True,NOERROR,1,21600,3,2,True,False,0,396982,US,True,,,,False,0,False,False,False,benign,no_adverse_signal
myparenting.app,2026-07-28,15,3.277613436819116,0.0,0,0.375,-6.145647368421053,low,0.5556,3,0.9090909090909091,True,NOERROR,2,300,0,3,False,False,0,2635,US,False,,,,False,0,False,False,,benign,no_adverse_signal
yenisibizde.com,2026-07-28,15,2.845350936622437,0.0,0,0.8333333333333334,-7.57158947368421,low,0.4706,2,0.7272727272727273,False,NOERROR,0,,3,2,True,False,0,,,,"Cloudflare, Inc.",4,365,True,,,False,False,benign,no_adverse_signal
9qak.top,2026-07-28,8,2.0,0.125,0,0.5,-11.25408,high,0.5,1,1.0,True,NOERROR,1,600,0,2,False,True,0,8075,JP,False,"Spaceship, Inc.",4,365,True,0,False,True,,malicious,spamhaus_dbl
respectedinvsc.icu,2026-07-28,18,3.182005814760214,0.0,0,0.4,-6.9194960000000005,low,0.5385,4,0.7142857142857143,True,NOERROR,2,300,0,2,False,False,0,13335,US,False,PDR Ltd. d/b/a PublicDomainRegistry.com,4,365,False,0,False,False,,benign,no_adverse_signal
neuregenex.com,2026-07-28,14,2.321928094887362,0.0,0,1.0,-6.595429411764705,low,0.625,1,0.6,True,NOERROR,2,3600,0,2,False,False,0,16509,US,True,"GoDaddy.com, LLC",3,1096,False,26,False,False,,benign,no_adverse_signal
kwazzlemedia.co.uk,2026-07-28,18,3.084962500721156,0.0,0,0.7142857142857143,-7.3737619047619045,low,0.6957,3,0.75,True,NOERROR,1,14400,1,2,True,False,0,40092,US,True,"Namecheap, Inc. [Tag = NAMECHEAP-INC]",4,365,False,0,False,False,False,benign,no_adverse_signal
lumipu.com,2026-07-28,10,2.2516291673878226,0.0,0,1.0,-7.7425555555555565,low,0.6,1,0.8333333333333334,True,NOERROR,1,1799,5,2,True,False,0,16509,US,False,NAMECHEAP INC,4,365,True,0,False,False,False,benign,no_adverse_signal
bcon.world,2026-07-28,10,2.0,0.0,0,0.3333333333333333,-6.62214,low,0.6667,2,1.0,False,NXDOMAIN,0,,0,0,False,False,0,,,,,,,,,,False,,benign,no_adverse_signal
dyesrs.com,2026-07-28,10,2.251629167387823,0.0,0,0.2,-8.2126,low,0.5455,3,0.8333333333333334,False,NOERROR,0,,0,2,False,False,0,,,,"GMO Internet, Inc.",4,365,True,,,True,,malicious,spamhaus_dbl
contattiassicurativi.com,2026-07-28,24,3.0841837197791886,0.0,0,0.8181818181818182,-6.44152972972973,low,0.4828,2,0.5,True,NOERROR,1,21600,0,2,False,False,0,16509,US,True,"TUCOWS.COM, CO.",2199,2556,True,0,False,False,,benign,no_adverse_signal
tangvisual.com,2026-07-28,14,3.121928094887362,0.0,0,0.6666666666666666,-7.186523529411765,low,0.5714,3,0.9,True,NOERROR,1,3600,0,2,False,False,0,13335,DE,True,"Cloudflare, Inc.",3,365,True,64,False,False,,malicious,abuseipdb
duatoto-co-bz.courses,2026-07-28,21,3.0269868333592873,0.0,2,0.8333333333333334,-8.014065217391304,low,0.4167,2,0.6923076923076923,False,NOERROR,0,,0,2,False,False,0,,,,NAMECHEAP INC,4,365,True,,,False,,benign,no_adverse_signal
ombakkece.store,2026-07-28,15,2.725480556997868,0.0,0,0.8,-7.747306666666666,low,0.5556,2,0.7777777777777778,True,NOERROR,1,10800,0,2,False,False,0,16509,US,True,,,,False,24,False,False,,benign,no_adverse_signal
kruvora.com,2026-07-28,11,2.5216406363433186,0.0,0,0.75,-7.952945454545454,low,0.6667,2,0.8571428571428571,True,NOERROR,2,300,0,2,False,False,2,13335,US,False,"NameSilo, LLC",4,365,True,0,False,False,,benign,no_adverse_signal
christianprintable.site,2026-07-28,23,3.4613201402110083,0.0,0,0.5,-6.497787878787879,medium,0.4848,3,0.6666666666666666,True,NOERROR,1,21600,0,2,False,False,0,16509,US,True,"TUCOWS.COM, CO.",373,730,True,0,False,False,,benign,no_adverse_signal
1xbet-tekadresi.top,2026-07-28,19,3.456564762130953,0.05263157894736842,1,0.625,-7.4056037037037035,high,0.4545,2,0.8,True,NOERROR,2,300,0,2,False,False,2,13335,US,False,"NameSilo, LLC",4,365,True,0,False,False,,benign,no_adverse_signal
jobkorea.store,2026-07-28,14,2.75,0.0,0,1.0,-7.487623076923077,low,0.5882,2,0.875,False,NOERROR,0,,5,2,True,False,0,,,,,,,False,,,True,False,malicious,spamhaus_dbl
yjdf633.vip,2026-07-28,11,2.521640636343318,0.2727272727272727,0,0.0,-11.60319090909091,low,0.4,4,0.8571428571428571,False,NOERROR,0,,0,2,False,False,0,,,,"GoDaddy.com, LLC",4,365,True,,,False,,benign,no_adverse_signal
94f72h62.vip,2026-07-28,12,2.75,0.5,0,0.0,-12.61386923076923,low,0.2353,1,0.875,False,NOERROR,0,,0,4,False,False,0,,,,Dynadot Inc,4,365,True,,,False,,benign,no_adverse_signal
wp888deh.site,2026-07-28,13,2.4056390622295662,0.23076923076923078,0,0.25,-10.081076923076923,medium,0.4,2,0.75,True,NOERROR,2,300,3,2,True,False,2,13335,US,False,NAMECHEAP INC,4,365,True,0,False,False,False,benign,no_adverse_signal
tabliblip.com,2026-07-28,13,2.5032583347756456,0.0,0,0.5,-6.728626666666667,low,0.7059,2,0.6666666666666666,True,NOERROR,2,600,0,2,False,False,0,16509,US,True,"GoDaddy.com, LLC",3,1096,False,34,False,False,,benign,no_adverse_signal
g4oxh.asia,2026-07-28,10,2.321928094887362,0.1,0,0.3333333333333333,-11.239814285714287,low,0.5,2,1.0,False,NOERROR,0,,0,2,False,False,0,,,,Alibaba Cloud Computing Ltd. d/b/a HiChina (www.net.cn),4,365,True,,,False,,benign,no_adverse_signal
willowgammingitems.com,2026-07-28,22,3.3082708345352603,0.0,0,0.5,-6.976696969696969,low,0.4516,2,0.6111111111111112,True,NOERROR,2,120,5,2,True,True,0,20473,US,True,NAMECHEAP INC,4,365,True,0,False,False,False,benign,no_adverse_signal
wearnotestudios.com,2026-07-28,19,3.3735572622751855,0.0,0,0.875,-6.490966666666667,low,0.5185,2,0.7333333333333333,True,NOERROR,4,14400,1,4,True,False,0,53831,US,False,Squarespace Domains II LLC,4,365,True,40,False,False,False,benign,no_adverse_signal
tawsiit.com,2026-07-28,11,2.2359263506290326,0.0,0,0.75,-7.688736363636363,low,0.6154,2,0.7142857142857143,True,NOERROR,2,60,2,2,True,False,2,47583,DE,False,"HOSTINGER operations, UAB",4,365,False,0,False,False,False,benign,no_adverse_signal
akshayvatt.com,2026-07-28,14,2.6464393446710157,0.0,0,0.42857142857142855,-7.675199999999999,low,0.5333,3,0.7,True,NOERROR,2,3600,0,2,False,False,0,16509,US,True,"GoDaddy.com, LLC",4,1096,False,18,False,False,,benign,no_adverse_signal
dlya-tebya-vo-vsem-cvetu-online.biz,2026-07-28,35,3.7811470208191236,0.0,5,0.625,-8.262413559322034,low,0.4103,3,0.5161290322580645,True,NOERROR,2,300,0,3,False,False,2,13335,US,False,Dynadot Inc,3,,True,0,False,False,,benign,no_adverse_signal
softwaredonation.vip,2026-07-28,20,3.327819531114783,0.0,0,0.7777777777777778,-6.418837931034482,low,0.5385,3,0.6875,True,NOERROR,2,300,0,2,False,False,2,13335,US,False,NAMECHEAP INC,4,365,True,0,False,False,,benign,no_adverse_signal
xn--tfrz6a181bcvt.vip,2026-07-28,21,3.734521664779752,0.19047619047619047,2,0.1,-10.758174193548387,low,0.3846,4,0.8235294117647058,False,NOERROR,0,,0,2,False,False,0,,,,Alibaba Cloud Computing Ltd. d/b/a HiChina (www.net.cn),6,365,True,,,False,,benign,no_adverse_signal
8xv1z.xyz,2026-07-28,9,2.321928094887362,0.2222222222222222,0,0.0,-12.7289,high,0.4444,2,1.0,True,NOERROR,2,300,0,2,False,False,2,13335,US,False,Dynadot Inc,4,365,False,0,False,False,,benign,no_adverse_signal
vichorrostavaai.com,2026-07-28,19,3.0565647621309537,0.0,0,0.875,-6.839003703703703,low,0.5,2,0.6,True,NOERROR,2,300,0,2,False,False,2,13335,US,False,Hosting Concepts B.V. d/b/a Registrar.eu,4,365,True,0,False,False,,benign,no_adverse_signal
bacanecuador.com,2026-07-28,16,3.0220552088742,0.0,0,1.0,-6.742861904761905,low,0.48,1,0.75,True,NOERROR,1,900,1,2,True,False,0,13335,CA,True,NOMINALIA INTERNET S.L.,4,365,True,0,False,False,False,benign,no_adverse_signal
parqueen.online,2026-07-28,15,2.75,0.0,0,1.0,-7.446723076923077,medium,0.6667,2,0.875,False,timeout,0,,0,0,False,False,0,,,,"OVH, SAS",4,365,True,,,False,,benign,no_adverse_signal
blusoft.dev,2026-07-28,11,2.807354922057604,0.0,0,0.4,-7.012663636363637,low,0.6667,2,1.0,True,NOERROR,1,14400,0,2,False,False,0,31898,BR,False,,,,False,0,False,False,,benign,no_adverse_signal
2037project.org,2026-07-28,15,3.459431618637298,0.26666666666666666,0,0.4,-8.600573684210525,low,0.6667,2,1.0,True,NOERROR,2,600,0,2,False,False,0,16509,US,True,Mesh Digital Limited,4,365,False,2,False,False,,benign,no_adverse_signal
xn--dura-4xa.com,2026-07-28,16,2.8553885422075336,0.0625,3,0.6,-9.271885714285714,low,0.5263,2,0.6666666666666666,True,NOERROR,4,14400,1,4,True,False,0,53831,US,False,Squarespace Domains II LLC,5,365,False,40,False,False,False,benign,no_adverse_signal
zuqiuzhuanyeyuce.cn,2026-07-28,19,3.125,0.0,0,1.0,-9.079541379310344,low,0.4348,2,0.625,True,NOERROR,1,300,0,2,False,False,0,132839,SC,False,北京新网数码信息技术有限公司,7,365,False,0,False,False,,benign,no_adverse_signal
xx88x.onl,2026-07-28,9,0.9709505944546686,0.2222222222222222,0,0.0,-11.482828571428572,low,0.3077,2,0.4,True,NOERROR,2,300,0,2,False,False,2,13335,US,False,,,,,0,False,False,,benign,no_adverse_signal
xn--632tmbet-95a.com,2026-07-28,20,3.577819531114783,0.25,3,0.3333333333333333,-10.18701724137931,low,0.3478,3,0.8125,True,NOERROR,2,600,0,2,False,False,0,16509,US,True,"GoDaddy.com, LLC",5,365,False,46,False,False,,benign,no_adverse_signal
jgczuquzhibbfzhibtantanyingqu.com.cn,2026-07-28,36,3.693345218892491,0.0,0,0.38095238095238093,-8.86186909090909,low,0.3,5,0.4827586206896552,True,NOERROR,1,300,0,2,False,False,0,132839,HK,False,北京新网数码信息技术有限公司,7,365,False,0,False,False,,benign,no_adverse_signal
yokohama-base.jp,2026-07-28,16,3.180832987205441,0.0,1,1.0,-7.491578260869565,low,0.5926,1,0.7692307692307693,True,NOERROR,2,3600,0,4,False,False,0,13335,US,False,,4,370,True,0,False,False,,benign,no_adverse_signal
songoldenmax.com,2026-07-28,16,3.2516291673878226,0.0,0,0.5,-6.835304761904762,low,0.5556,2,0.8333333333333334,True,NOERROR,1,3600,1,4,False,False,0,45544,VN,True,Nhan Hoa Software Company Ltd.,141,365,False,0,True,False,True,malicious,spamhaus_zen
cbhyisalui.com,2026-07-28,14,3.121928094887362,0.0,0,0.6666666666666666,-8.643382352941176,low,0.5455,4,0.9,True,NOERROR,2,300,0,2,False,False,2,13335,US,False,Realtime Register B.V.,4,365,False,0,False,False,,benign,no_adverse_signal
adamsbravo.com,2026-07-28,14,2.8464393446710154,0.0,0,0.6666666666666666,-7.225676470588235,low,0.625,4,0.8,True,NOERROR,2,600,0,2,False,False,0,16509,US,True,"GoDaddy.com, LLC",3,365,False,46,False,False,,benign,no_adverse_signal
truepathcommerce.com,2026-07-28,20,3.202819531114783,0.0,0,0.6,-6.938472413793104,low,0.5217,3,0.625,True,NOERROR,1,3600,2,2,True,False,0,393398,US,False,"GoDaddy.com, LLC",4,1096,False,0,False,False,False,benign,no_adverse_signal
zf.tn,2026-07-28,5,1.0,0.0,0,0.0,,low,,2,1.0,True,NOERROR,1,300,0,2,False,False,0,395954,US,True,SAFOZI,15,,False,0,False,False,,benign,no_adverse_signal
8zf-lvse.icu,2026-07-28,12,3.0,0.08333333333333333,1,0.2,-10.906969230769231,low,0.5,3,1.0,True,NOERROR,1,599,0,2,False,False,0,132839,SC,False,"Zhengzhou Century Connect Electronic Technology Development Co., Ltd",4,365,False,0,True,False,,malicious,spamhaus_zen
zenithoasishome.com,2026-07-28,19,3.240223928941852,0.0,0,0.875,-6.6800444444444445,low,0.48,2,0.6666666666666666,True,NOERROR,2,60,2,2,True,False,2,47583,DE,False,"HOSTINGER operations, UAB",4,1096,False,2,False,False,False,benign,no_adverse_signal
billsienkiewicz.shop,2026-07-28,20,3.106890595608518,0.0,0,0.6666666666666666,-7.383344444444445,low,0.5,3,0.6666666666666666,True,NOERROR,1,300,0,2,False,False,0,199242,GE,False,,,,False,0,False,False,,benign,no_adverse_signal
gammsign.site,2026-07-28,13,2.5,0.0,0,0.3333333333333333,-7.265876923076923,medium,0.5455,3,0.75,False,NXDOMAIN,0,,0,0,False,False,0,,,,NAMECHEAP INC,4,365,False,,,False,,benign,no_adverse_signal
durrancecyberedge.com,2026-07-28,21,3.101881223476018,0.0,0,0.5454545454545454,-6.96171935483871,low,0.5385,3,0.5882352941176471,True,NOERROR,2,300,2,2,True,False,2,47583,CY,False,"HOSTINGER operations, UAB",3,365,False,0,False,False,False,benign,no_adverse_signal
bdnsfggjegchax.com.cn,2026-07-28,21,3.4677201004745006,0.0,0,0.16666666666666666,-8.859996,low,0.4,8,0.8571428571428571,True,NOERROR,1,300,0,2,False,False,0,132839,HK,False,北京新网数码信息技术有限公司,7,365,False,0,False,False,,benign,no_adverse_signal
parismissionhq.com,2026-07-28,18,3.128085278891395,0.0,0,0.5555555555555556,-6.927568,low,0.48,3,0.7142857142857143,True,NOERROR,2,300,0,2,False,False,2,13335,US,False,"Cloudflare, Inc.",4,365,True,0,False,False,,benign,no_adverse_signal
myinfotrail.com,2026-07-28,15,3.277613436819116,0.0,0,0.5714285714285714,-6.868078947368422,low,0.5833,2,0.9090909090909091,True,NOERROR,1,900,1,2,False,False,0,16509,US,False,"TUCOWS.COM, CO.",4,365,True,0,False,False,False,benign,no_adverse_signal
craveque.com,2026-07-28,12,2.75,0.0,0,1.0,-7.547415384615385,low,0.6154,2,0.875,True,NOERROR,2,300,0,2,False,False,2,13335,US,False,PDR Ltd. d/b/a PublicDomainRegistry.com,3,365,False,0,False,False,,benign,no_adverse_signal
zilarealty.ru,2026-07-28,13,2.9219280948873623,0.0,0,0.6666666666666666,-6.608982352941176,low,0.5882,3,0.8,True,NOERROR,1,21600,0,2,False,False,0,197695,RU,False,REGRU-RU,5,365,False,2,False,False,,benign,no_adverse_signal
nagastudio.nl,2026-07-28,13,3.121928094887362,0.0,0,1.0,-6.5725,low,0.6364,2,0.9,True,NOERROR,4,14400,1,4,True,False,0,53831,US,False,Key-Systems GmbH,4,,False,40,False,False,False,benign,no_adverse_signal
87l-sport.icu,2026-07-28,13,3.169925001442312,0.15384615384615385,1,0.2,-8.474766666666666,low,0.5882,2,1.0,True,NOERROR,1,599,0,2,False,False,0,132839,ZA,False,"Zhengzhou Century Connect Electronic Technology Development Co., Ltd",4,365,False,0,False,False,,benign,no_adverse_signal
sirauioncere.com,2026-07-28,16,3.084962500721156,0.0,0,1.4,-6.9351142857142865,low,0.56,2,0.75,True,NOERROR,1,150,1,2,False,False,1,8560,DE,True,InterNetX GmbH,4,365,True,0,False,False,False,benign,no_adverse_signal
